year,case,par,repjur,crash_dt,crash_tm,accday,accmon,holiday,county,co_char,city,weather,weather2,lightcond,surfcond,surftype,numfatal,nmforms,pforms,vforms,not_tm,arr_tm,hosp_tm,fhevent,hitrun,manncol,milepnt,reljunc,reljuncinter,intersectiontype,funcsystem,landuse,ownership,route,schlbus,spejur,contdev,devfunc,trafid1,trafid2,x,y,wk_zone,vnumber,crashtype,criticalevent,criticaleventcat,spdlim,body,trailer,emerg,hazcargo,leave,mhevent,roadalgn,roadprof,traflane,trafflow,vehmanvr,numoccs,regowner,regstate,spuse,make,model,modelyr,vrf1,vrf2,seqevent1,seqevent2,seqevent3,seqevent4,seqevent5,seqevent6,pnumber,ptype,age,sex,hispanic,race,injury,diedscene,restraint,restraintmisuse,seatpos,takehosp,death_dt,death_tm,cert,cernum_wa,commlic,licendor,licrestrict,liccomp,drivpres,drf1,drf2,drf3,drf4,distract1,distract2,distract3,distract4,distract5,distract6,dricond1,dricond2,dricond3,dricond4,dricond5,dricond6,dzip,licstate,drhgt_in,weight,noncdl,noncdltype,prevdwi,prevoth,prevacc,prevspd,prevsus,driviol1,driviol2,driviol3,driviol4,driviol5,driviol6,spdrel,first_dt,last_dt,airbag,ejection,ejectpath,extricat,injurwrk,methalc,methdrug,nmlocat,strikveh,prf1,prf2,prf3,druginv,alcinvol,drugsts,drugres1,drugres2,drugres3,drugtst1,drugtst2,drugtst3,alcsts,alctst,alcres,nmact1,nmact2,nmact3,nmact4,nmact5,nmact6,nmprior1,nmprior2,nmprior3,nmprior4,nmprior5,nmprior6,nmcond1,nmcond2,nmcond3,nmcond4,nmcond5,nmcond6,nmsafe_helmet,nmsafe_pads,nmsafe_oth,nmprev_ref,nmprev_lgt,nmprev_oth,crashlocation,nmcrashtype,crosswalk,schoolzone,sidewalk,train_inv,wildlife_inv,rotr_fars,intersect_fars,dd_inv,aid_inv,dpd_inv,id_inv,mj_inv,impnm_inv,ainm_inv,dpnm_inv,speed_inv,unlic_inv,unendmc_inv,drowsy_inv,drdist_inv,nmdist_inv,fty_inv,unrestfat_inv,dr1617_inv,dr1820_inv,dr1620_inv,dr2125_inv,dr1625_inv,dr65_inv,dr70_inv,dr75_inv,mc_inv,pv_inv,ht_inv,ped_inv,bike_inv,unrest_fat,mc_fat,unhelmet_mc,pv_fat,ht_fat,ped_fat,bike_fat,dr_alc7,dr_alc8,dr_drug,dr_imp,dr_dist,dr_spd,dr_fty,dr_unlic,dr_alc7only,dr_alc8only,dr_drugonly,dr_drink,nm_imp,nm_alc7,nm_alc8,nm_drug,nm_dist,agegrp1,agegrp2,roadclass,urbrur,dayweek,restuse,vehtype,race_me,intersect,lanedep,oppdir,wrongway,rep_typ,investag,repag_long,rotr,st_rd,cty_rd,city_rd,oth_rd,drug_thc,thc_res,drug_cthc,cthc_res,drug_cann,prevpersemin,prevperse,prevsusoth,drugtst4,drugtst5,drugtst6,drugtst7,drugtst8,drugres4,drugres5,drugres6,drugres7,drugres8,adspresent,adsengaged,adslevel,race1,race2,race3,race4,race5,helmet,helmetmisuse,nmdistract1,nmdistract2,nmdistract3,nmdistract4,nmdistract5,nmdistract6,lab,isedtcase,crf1,crf2,crf3,CoRoadName,CoMP,IntCoRoadName,IntCoMP
2018,308,2709956,12,07/25/2018,18:32,25,7,0,7,Chelan,0,1,0,1,1,2,1,1,1,1,,,,9,0,0,1.7,1,0,1,5,1,2,4,0,0,0,0,CR-ICICLE RD,,-120.6797917,47.565625,0,1,13,83,5,35,20,0,0,1,7,9,1,1,2,1,1,1,1,53,0,6,441,2013,0,0,9,,,,,,1,1,26,2,0,0,0,0,3,0,11,0,,,,,0,0,0,3,1,91,0,0,0,17,,,,,,0,,,,,,98272,53,68,200,6,1,0,1,0,0,,2,,,,,,3,08/15/2016,04/15/2018,20,0,0,0,8,9,2,,,0,0,0,0,0,8,95,,,96,,,8,95,995,,,,,,,,,,,,,,,,,,,,,,,,,,,,,,0,0,0,0,0,0,0,0,0,0,0,0,1,0,0,0,1,0,0,0,0,0,0,0,0,0,0,0,0,1,0,0,1,0,0,,0,0,0,0,0,0,0,0,1,1,0,0,0,0,0,0,,,,,,26-30,26-35,County road,R,Wednesday,Belt Used,PV,Not Fatal,0,0,0,0,County Road,Municipal/City Police,Chelan County Sheriff's Office,0,0,1,0,0,,,,,,0,0,2,,,,,,,,,,,,,,,,,,,,,,,,,,,,,,,,,,,
2017,434,2915831,278,10/08/2017,7:28,8,10,7,63,Spokane,2110,1,0,1,0,0,2,3,1,1,,,,8,0,0,0,1,0,1,96,6,96,6,0,0,0,0,3900 N MARKET,,-117.3655,47.69471111,0,1,98,8,1,0,3,0,0,1,2,8,0,0,0,0,1,1,2,53,0,49,33,2001,0,0,63,8,8,8,19,,1,1,24,2,0,0,0,0,20,0,11,0,,,,,0,0,3,2,1,0,0,0,0,96,,,,,,0,,,,,,99217,53,68,120,1,1,0,0,1,3,5,97,,,,,,0,10/15/2013,03/15/2017,98,0,0,0,8,9,8,,,0,0,0,8,0,2,177,401,417,1,1,1,2,1,0,,,,,,,,,,,,,,,,,,,,,,,,,,,,,,0,0,0,0,0,0,1,1,0,1,0,1,0,1,0,0,0,0,0,0,0,0,0,1,1,0,0,0,0,1,0,1,0,0,0,,0,0,0,0,0,0,1,1,0,0,0,1,0,0,1,0,,,,,,21-25,16-25,City street,,Sunday,Not Used,PV,Not Fatal,0,0,0,0,City Street,,,0,0,0,1,0,,,,,,,,,,,,,,,,,,,,,,,,,,,,,,,,,,,,,,,,,,,
2017,133,3123056,180,04/01/2017,10:23,1,4,0,15,Cowlitz,1190,10,0,1,1,2,1,0,5,2,10:23,10:27,10:41,12,0,6,7.4,8,0,1,3,2,1,3,0,0,0,0,SR-411,,-122.9275139,46.12052778,0,2,79,60,4,35,67,0,0,1,2,12,8,8,4,1,1,4,1,53,0,12,880,2006,0,0,12,,,,,,1,1,29,1,0,0,2,0,3,0,11,0,,,,,0,0,0,3,1,0,0,0,0,0,,,,,,0,,,,,,98604,53,82,245,6,1,0,0,0,0,0,0,,,,,,0,,,20,0,0,0,8,3,2,,,0,0,0,0,0,0,0,0,0,0,0,0,0,0,996,,,,,,,,,,,,,,,,,,,,,,,,,,,,,,0,0,0,0,0,0,0,0,0,0,0,0,0,0,0,0,0,0,1,0,0,0,0,0,0,1,1,1,0,0,1,0,0,0,0,,0,0,0,0,0,0,0,0,0,0,0,0,0,0,0,0,,,,,,26-30,26-35,State route,U,Saturday,Belt Used,MHTRUCK,Not Fatal,0,0,0,0,State Route,Municipal/City Police,Longview Police Department,0,1,0,0,0,,,,,,,,,,,,,,,,,,,,,,,,,,,,,,,,,,,,,,,,,,,
2017,133,3123056,180,04/01/2017,10:23,1,4,0,15,Cowlitz,1190,10,0,1,1,2,1,0,5,2,10:23,10:27,10:41,12,0,6,7.4,8,0,1,3,2,1,3,0,0,0,0,SR-411,,-122.9275139,46.12052778,0,1,78,10,2,15,34,0,0,1,2,12,2,5,2,1,10,1,1,53,0,20,471,2003,0,0,12,,,,,,1,1,82,1,7,1,4,0,3,0,11,5,04/02/2017,5:05,1.19E+11,15753,0,0,3,3,1,38,48,0,0,96,,,,,,0,,,,,,98632,53,72,149,6,1,0,0,0,0,0,0,,,,,,0,,,99,0,0,0,0,9,8,,,0,0,0,8,0,2,1,0,0,1,0,0,2,1,0,,,,,,,,,,,,,,,,,,,,,,,,,,,,,,0,0,0,0,0,0,0,0,0,0,0,0,0,0,0,0,0,0,1,0,0,0,0,0,0,1,1,1,0,0,1,0,0,0,0,,0,0,0,0,0,0,0,0,0,0,1,0,0,0,0,0,,,,,,81+,76+,State route,U,Saturday,Belt Used,PV,White,0,0,0,0,State Route,Municipal/City Police,Longview Police Department,0,1,0,0,0,,,,,,,,,,,,,,,,,,,,,,,,,,,,,,,,,,,,,,,,,,,
2020,554,3267505,34,01/04/2020,1:40,4,1,,51,Pend Oreille,0,5,,3,4,2,1,0,1,1,1:40,1:53,,32,0,0,9999.8,1,0,1,5,1,2,4,0,0,0,0,CR-LECLERC RD S,,-117.0442,48.210775,0,1,7,5,1,55,14,0,0,1,2,1,3,1,2,1,14,1,1,53,0,53,405,2006,0,,68,64,32,1,,,1,1,63,2,7,,4,7,3,0,11,0,01/04/2020,1:40,53000471,471,0,0,0,3,1,87,,,,96,,,,,,98,,,,,,99156,53,71,150,6,1,0,0,0,0,,0,,,,,,4,,,20,0,0,1,0,9,8,,,0,,,8,8,8,95,,,96,,,8,95,995,,,,,,,,,,,,,,,,,,,,,,,,,,,,,,0,0,0,0,0,0,0,0,0,0,0,0,1,0,0,0,0,0,0,0,0,0,0,0,0,0,0,0,0,1,0,0,0,0,0,,1,0,0,0,0,0,0,0,0,1,0,0,0,0,0,0,,,,,,61-65,56-65,County road,R,Saturday,Belt Used,PV,White,0,1,0,0,County Road,County Sheriff,Pend Oreille County Sheriff's Offic,1,0,1,0,0,,,,,,0,0,0,,,,,,,,,,,98,98,98,1,,,,,20,7,,,,,,,,0,0,,,,,,
2019,428,3384575,160,10/15/2019,22:47,15,10,,33,King,1030,1,0,3,1,2,1,0,1,1,,,,33,0,0,9.9,1,0,1,3,2,1,3,0,0,0,0,SR-99,,-122.3052,47.36584444,0,1,1,13,2,45,80,0,0,1,7,1,1,3,6,2,6,1,1,53,0,37,706,1999,0,0,63,33,1,,,,1,1,46,1,7,,4,7,20,7,11,0,10/15/2019,22:47,1.03E+11,45882,0,0,0,2,1,33,0,0,0,96,,,,,,99,,,,,,98445,53,72,217,1,1,0,1,0,0,,0,,,,,,3,06/15/2017,04/15/2019,20,8,0,0,0,9,8,,,0,0,0,8,9,2,1,,,1,,,2,1,0,,,,,,,,,,,,,,,,,,,,,,,,,,,,,,0,0,1,0,0,0,0,0,0,0,0,0,1,1,1,0,0,0,0,0,0,0,0,0,0,0,0,0,1,0,0,0,0,0,1,0,0,0,0,0,0,0,0,0,0,1,0,1,0,0,0,0,,,,,,46-50,46-55,State route,U,Tuesday,,MC,Black,0,1,0,0,State Route,Municipal/City Police,Kent Police Department,1,1,0,0,0,,,,,,0,0,3,,,,,,,,,,,0,0,0,2,,,,,19,0,,,,,,,,,,,,,,,
2017,56,3398254,160,02/11/2017,19:56,11,2,0,33,King,1030,1,0,3,1,2,1,0,4,2,,,,12,0,6,10.6,2,0,2,3,2,1,3,0,0,1,3,SR-99,S 252ND ST,-122.3000028,47.37581944,0,2,68,15,2,45,4,0,0,1,8,12,1,1,7,1,11,3,2,53,0,20,2,2006,0,0,12,,,,,,1,1,39,1,0,0,9,0,98,0,11,9,,,,,0,0,0,3,1,0,0,0,0,0,,,,,,99,,,,,,98031,53,65,180,6,1,0,0,0,0,0,0,,,,,,0,,,98,7,0,0,8,9,8,,,0,0,0,9,9,9,999,0,0,9,0,0,9,99,999,,,,,,,,,,,,,,,,,,,,,,,,,,,,,,0,0,0,1,0,0,0,0,0,0,0,0,0,0,0,0,1,0,0,0,0,0,0,0,0,0,0,0,0,1,0,0,0,0,0,,0,0,0,0,0,0,0,0,0,0,0,0,0,0,0,0,,,,,,36-40,36-45,State route,U,Saturday,Unknown,PV,Not Fatal,1,0,0,0,State Route,Municipal/City Police,Kent Police Department,0,1,0,0,0,,,,,,,,,,,,,,,,,,,,,,,,,,,,,,,,,,,,,,,,,,,
2017,56,3398254,160,02/11/2017,19:56,11,2,0,33,King,1030,1,0,3,1,2,1,0,4,2,,,,12,1,6,10.6,2,0,2,3,2,1,3,0,0,1,3,SR-99,S 252ND ST,-122.3000028,47.37581944,0,1,69,17,2,45,4,0,0,1,5,12,1,1,7,1,1,99,5,53,0,54,35,2009,0,0,12,,,,,,1,1,998,9,0,0,9,0,99,0,11,0,,,,,99,0,9,9,1,39,0,0,0,92,,,,,,99,,,,,,99999,98,,999,9,9,99,99,99,99,99,0,,,,,,0,,,99,0,0,0,8,9,8,,,0,0,0,9,9,0,0,0,0,0,0,0,0,0,996,,,,,,,,,,,,,,,,,,,,,,,,,,,,,,0,0,0,1,0,0,0,0,0,0,0,0,0,0,0,0,1,0,0,0,0,0,0,0,0,0,0,0,0,1,0,0,0,0,0,,0,0,0,0,0,0,0,0,1,0,0,0,0,0,0,0,,,,,,,,State route,U,Saturday,Unknown,PV,Not Fatal,1,0,0,0,State Route,Municipal/City Police,Kent Police Department,0,1,0,0,0,,,,,,,,,,,,,,,,,,,,,,,,,,,,,,,,,,,,,,,,,,,
2017,82,3574458,263,03/11/2017,21:42,11,3,0,33,King,1960,1,0,3,1,1,1,0,1,1,,,,24,0,0,24.5,19,1,1,3,2,1,3,0,0,0,0,SR-99,,-122.3343083,47.59583611,0,1,2,9,1,40,84,0,0,1,2,24,3,2,2,4,15,1,1,53,0,98,709,2009,0,0,63,24,,,,,1,1,21,1,6,98,4,7,19,0,11,0,03/11/2017,21:42,1.96E+11,12406,0,0,0,3,1,0,0,0,0,96,,,,,,99,,,,,,98901,53,75,195,6,1,0,0,0,0,0,0,,,,,,3,,,20,8,0,0,0,9,8,,,0,0,0,8,9,2,605,0,0,1,0,0,2,1,0,,,,,,,,,,,,,,,,,,,,,,,,,,,,,,0,0,0,0,0,0,1,1,1,0,0,0,1,0,0,0,0,0,0,0,0,0,0,1,1,0,0,0,0,0,0,0,0,0,0,,0,0,0,0,0,0,1,1,0,1,0,0,0,0,1,0,,,,,,21-25,16-25,State route,U,Saturday,,OTHMC,Hispanic,0,1,0,0,State Route,Municipal/City Police,Seattle Police Department,1,1,0,0,0,thc,9.7,carboxy-thc,49,,,,,,,,,,,,,,,,,,,,,,,,,,,,,,,,,,,,,,,
2018,186,3575660,263,02/02/2018,0:45,2,2,0,33,King,1960,2,0,3,2,2,1,0,1,1,,,,24,0,0,0,1,0,1,3,2,4,6,0,0,0,0,HOLMAN RD NW,,-122.3693417,47.69803611,0,1,1,9,1,30,4,0,0,1,7,24,1,2,4,1,1,1,1,53,0,34,35,2003,0,0,63,24,69,68,64,24,1,1,57,1,7,2,4,0,20,0,11,5,02/08/2018,23:47,1.96E+11,6788,0,0,0,3,1,0,0,0,0,92,,,,,,9,,,,,,98177,53,75,225,6,1,0,0,1,0,,0,,,,,,0,02/15/2015,02/15/2015,8,0,0,0,0,9,8,,,0,0,0,8,1,2,348,,,1,,,2,1,0.08,,,,,,,,,,,,,,,,,,,,,,,,,,,,,,0,0,1,0,1,1,1,1,0,0,0,0,0,0,0,0,1,0,0,1,0,0,0,0,0,0,0,0,0,1,0,0,0,1,0,,1,0,0,0,0,1,1,1,1,0,0,0,0,0,0,1,,,,,,56-60,56-65,City street,U,Friday,Not Used,PV,Black,0,1,0,0,City Street,Municipal/City Police,Seattle Police Department,1,0,0,1,0,,,,,,0,0,0,,,,,,,,,,,,,,,,,,,,,,,,,,,,,,,,,,,
2018,184,3578846,263,06/13/2018,10:13,13,6,0,33,King,1960,1,0,1,1,2,1,1,1,1,,,,8,0,0,0,3,0,3,3,2,4,6,0,0,2,3,15TH AVE W,W ARMORY,-122.3762139,47.63767222,0,1,13,80,5,30,34,0,0,1,7,8,1,1,5,1,1,1,1,53,0,12,481,1996,0,0,8,,,,,,1,1,47,1,0,0,0,0,3,0,11,0,,,,,0,0,3,2,1,0,0,0,0,98,,,,,,0,,,,,,98103,53,71,160,1,1,0,0,0,0,,97,,,,,,0,02/15/2014,02/15/2014,20,0,0,0,8,9,2,,,0,0,0,0,0,8,95,,,96,,,8,95,995,,,,,,,,,,,,,,,,,,,,,,,,,,,,,,0,0,0,1,0,0,0,0,0,0,0,0,0,1,0,0,1,0,0,0,0,0,0,0,0,0,0,0,0,1,0,1,0,0,0,,0,0,0,0,0,0,0,0,1,0,0,1,0,0,0,0,,,,,,46-50,46-55,City street,U,Wednesday,Belt Used,PV,Not Fatal,1,0,0,0,City Street,Municipal/City Police,Seattle Police Department,0,0,0,1,0,,,,,,0,0,1,,,,,,,,,,,,,,,,,,,,,,,,,,,,,,,,,,,
2017,117,3579208,263,04/12/2017,8:01,12,4,0,33,King,1960,2,0,1,2,1,1,1,3,1,,,,8,0,0,0,1,0,1,3,2,4,6,0,0,0,0,BOREN AVE,E SPRUCE ST,-122.319725,47.603525,0,1,13,80,5,30,20,0,0,1,2,8,1,2,4,1,1,3,2,53,0,37,441,2007,0,0,8,,,,,,1,1,43,2,0,0,0,0,3,0,11,0,,,,,0,0,0,3,1,0,0,0,0,0,,,,,,0,,,,,,98108,53,66,220,6,1,0,0,0,0,0,0,,,,,,0,,,20,0,0,0,8,9,8,,,0,0,0,8,0,0,0,0,0,0,0,0,0,0,996,,,,,,,,,,,,,,,,,,,,,,,,,,,,,,0,0,0,0,0,0,0,0,0,0,0,0,0,0,0,0,0,0,0,0,0,0,0,0,0,0,0,0,0,1,0,1,0,0,0,,0,0,0,0,0,0,0,0,0,0,0,0,0,0,0,0,,,,,,41-45,36-45,City street,U,Wednesday,Belt Used,PV,Not Fatal,0,0,0,0,City Street,Municipal/City Police,Seattle Police Department,0,0,0,1,0,,,,,,,,,,,,,,,,,,,,,,,,,,,,,,,,,,,,,,,,,,,
2019,76,3581458,263,01/31/2019,0:31,31,1,,33,King,1960,1,0,3,1,1,1,1,1,1,,,,8,1,0,0,2,0,2,7,2,4,6,0,0,3,3,4TH AVE,COLUMBIA ST,-122.3316194,47.60468611,0,1,13,80,5,25,19,0,0,1,5,8,1,2,3,4,1,99,9,99,0,99,499,9999,0,0,8,,,,,,1,1,999,8,0,,9,0,99,7,11,8,,,,,99,9,9,9,1,0,0,0,0,92,,,,,,99,,,,,,99999,99,,999,9,9,99,99,99,99,,97,,,,,,0,,,98,0,0,0,8,9,8,,,0,0,0,8,9,0,0,,,0,,,0,0,996,,,,,,,,,,,,,,,,,,,,,,,,,,,,,,0,0,0,1,0,0,0,0,0,1,0,1,0,0,0,0,1,0,0,0,0,0,0,0,0,0,0,0,0,1,0,1,0,0,0,,0,0,0,0,0,0,0,0,1,0,0,0,0,0,0,0,,,,,,,,City street,U,Thursday,Unknown,PV,Not Fatal,0,0,0,0,City Street,Municipal/City Police,Seattle Police Department,0,0,0,1,0,,,,,,99,99,99,,,,,,,,,,,98,98,98,0,,,,,20,7,,,,,,,,,,,,,,,
2017,350,3604498,40,08/15/2017,3:23,15,8,0,63,Spokane,0,1,0,2,1,2,1,0,1,1,3:31,3:34,,1,0,0,0.2,1,0,1,4,2,2,4,0,0,0,0,CR-29TH,,-117.3442361,47.62687222,0,1,98,6,1,35,80,0,0,1,8,1,3,2,2,1,14,1,1,53,0,76,705,2007,0,0,63,1,,,,,1,1,21,1,7,1,4,7,19,0,11,0,08/15/2017,3:23,2.11E+11,35551,0,0,1,3,1,0,0,0,0,96,,,,,,99,,,,,,99202,53,70,190,6,1,0,0,0,1,0,0,,,,,,4,02/15/2017,02/15/2017,20,8,0,0,0,9,8,,,0,0,0,8,9,2,1,0,0,1,0,0,2,1,0.19,,,,,,,,,,,,,,,,,,,,,,,,,,,,,,0,0,0,0,1,1,0,1,0,0,0,0,1,0,0,0,0,0,0,0,0,0,0,1,1,0,0,0,1,0,0,0,0,0,1,0,0,0,0,0,0,1,0,1,0,1,0,0,0,1,0,1,,,,,,21-25,16-25,County road,U,Tuesday,,MC,White,0,1,0,0,County Road,County Sheriff,Spokane County Sheriff's Office,1,0,1,0,0,,,,,,,,,,,,,,,,,,,,,,,,,,,,,,,,,,,,,,,,,,,
2017,181,3630656,6,05/29/2017,23:53,29,5,4,17,Douglas,0,1,0,2,1,2,1,0,1,1,,,,24,0,0,138.6,1,0,1,3,1,1,2,0,0,0,0,US-2,,-120.1303389,47.66018333,0,1,6,12,2,60,80,0,0,1,2,24,2,2,2,1,14,1,1,53,0,72,706,2016,0,0,68,64,24,,,,1,1,44,1,7,1,4,7,19,0,11,0,05/29/2017,23:53,53024318,24318,0,0,0,3,1,0,0,0,0,92,,,,,,99,,,,,,98801,53,70,190,6,1,0,0,0,1,0,0,,,,,,0,11/15/2016,11/15/2016,20,8,0,0,0,9,8,,,0,0,0,8,9,2,1,0,0,1,0,0,2,1,0.17,,,,,,,,,,,,,,,,,,,,,,,,,,,,,,0,0,1,0,1,1,0,1,0,0,0,0,0,0,0,0,1,0,0,0,0,0,0,0,0,0,0,0,1,0,0,0,0,0,1,0,0,0,0,0,0,1,0,1,1,0,0,0,0,1,0,1,,,,,,41-45,36-45,US highway,R,Monday,,MC,White,0,1,0,0,State Route,State Patrol,Washington State Patrol,1,1,0,0,0,,,,,,,,,,,,,,,,,,,,,,,,,,,,,,,,,,,,,,,,,,,
2017,349,3633271,278,08/07/2017,10:00,7,8,0,63,Spokane,2110,1,0,1,1,1,1,1,3,3,,,,12,0,7,278.8,20,1,1,3,2,1,2,0,0,2,3,US-2,3RD AVE,-117.411225,47.65345833,0,1,46,3,1,35,14,0,0,1,2,8,1,4,2,6,15,1,1,53,0,12,402,2013,0,0,12,12,8,,,,1,1,62,1,0,0,0,0,99,0,11,0,,,,,0,0,0,2,1,38,39,0,0,96,,,,,,0,,,,,,99201,53,71,190,1,1,0,2,0,0,1,97,,,,,,0,05/15/2016,02/15/2017,20,0,0,0,8,9,2,,,0,0,0,0,0,0,0,0,0,0,0,0,0,0,996,,,,,,,,,,,,,,,,,,,,,,,,,,,,,,0,0,0,0,0,0,0,0,0,1,0,1,0,1,0,0,0,0,1,0,0,0,0,0,0,0,0,0,0,1,0,1,0,0,0,,0,0,0,0,0,0,0,0,0,0,1,1,0,0,0,0,,,,,,61-65,56-65,US highway,U,Monday,Unknown,PV,Not Fatal,1,0,0,0,State Route,Municipal/City Police,Spokane Police Department,0,1,0,0,0,,,,,,,,,,,,,,,,,,,,,,,,,,,,,,,,,,,,,,,,,,,
2017,349,3633271,278,08/07/2017,10:00,7,8,0,63,Spokane,2110,1,0,1,1,1,1,1,3,3,,,,12,0,7,278.8,20,1,1,3,2,1,2,0,0,2,3,US-2,3RD AVE,-117.411225,47.65345833,0,2,45,61,4,35,5,0,0,1,5,12,1,4,2,6,5,1,1,16,0,55,35,2015,0,0,12,,,,,,1,1,33,2,0,0,1,0,99,0,11,8,,,,,0,0,0,2,1,0,0,0,0,0,,,,,,0,,,,,,99202,53,64,150,1,1,1,0,0,0,1,0,,,,,,0,07/15/2015,09/15/2015,20,0,0,0,8,9,8,,,0,0,0,8,0,0,0,0,0,0,0,0,0,0,996,,,,,,,,,,,,,,,,,,,,,,,,,,,,,,0,0,0,0,0,0,0,0,0,1,0,1,0,1,0,0,0,0,1,0,0,0,0,0,0,0,0,0,0,1,0,1,0,0,0,,0,0,0,0,0,0,0,0,0,0,0,1,0,0,0,0,,,,,,31-35,26-35,US highway,U,Monday,Unknown,PV,Not Fatal,1,0,0,0,State Route,Municipal/City Police,Spokane Police Department,0,1,0,0,0,,,,,,,,,,,,,,,,,,,,,,,,,,,,,,,,,,,,,,,,,,,
2017,349,3633271,278,08/07/2017,10:00,7,8,0,63,Spokane,2110,1,0,1,1,1,1,1,3,3,,,,12,0,7,278.8,20,1,1,3,2,1,2,0,0,2,3,US-2,3RD AVE,-117.411225,47.65345833,0,3,98,60,4,35,14,0,0,1,5,12,1,4,2,6,5,1,1,53,0,12,402,2013,0,0,12,,,,,,1,1,37,2,0,0,1,0,3,0,11,8,,,,,0,0,0,3,1,0,0,0,0,0,,,,,,0,,,,,,99206,53,66,140,6,1,0,0,0,0,0,0,,,,,,0,,,20,0,0,0,8,9,8,,,0,0,0,8,0,0,0,0,0,0,0,0,0,0,996,,,,,,,,,,,,,,,,,,,,,,,,,,,,,,0,0,0,0,0,0,0,0,0,1,0,1,0,1,0,0,0,0,1,0,0,0,0,0,0,0,0,0,0,1,0,1,0,0,0,,0,0,0,0,0,0,0,0,0,0,0,0,0,0,0,0,,,,,,36-40,36-45,US highway,U,Monday,Belt Used,PV,Not Fatal,1,0,0,0,State Route,Municipal/City Police,Spokane Police Department,0,1,0,0,0,,,,,,,,,,,,,,,,,,,,,,,,,,,,,,,,,,,,,,,,,,,
2019,487,3658285,344,12/26/2019,1:39,26,12,,77,Yakima,0,1,0,2,1,2,1,1,1,1,,,,8,1,0,11.5,1,0,1,5,1,2,4,0,3,0,0,CR-BRANCH RD,,-120.6176694,46.40456111,0,1,13,80,5,50,49,0,0,1,5,8,1,1,2,1,1,99,9,99,0,99,999,9999,0,0,8,,,,,,1,1,999,9,0,,9,0,99,7,11,0,,,,,99,9,9,9,1,0,0,0,0,92,,,,,,99,,,,,,99999,99,,999,9,9,99,99,99,99,,97,,,,,,0,,,20,0,0,0,8,9,8,,,0,0,0,8,9,8,95,,,96,,,8,95,995,,,,,,,,,,,,,,,,,,,,,,,,,,,,,,0,0,0,0,0,0,0,0,0,1,1,1,0,0,0,0,1,0,0,0,0,0,0,0,0,0,0,0,0,1,0,1,0,0,0,,0,0,0,0,0,0,0,0,1,0,0,0,0,0,0,0,,,,,,,,County road,R,Thursday,Unknown,PV,Not Fatal,0,0,0,0,County Road,Other Law Enforcement,Yakama Tribal Police Department,0,0,1,0,0,,,,,,99,99,99,,,,,,,,,,,98,98,98,0,,,,,20,7,,,,,,,,,,,,,,,
2017,403,3658374,344,09/21/2017,4:05,21,9,0,77,Yakima,0,1,0,3,1,2,1,0,1,1,,,,1,0,0,0,1,0,1,6,1,2,4,0,3,0,0,CR-SIGNAL PEAK RD,,-120.7328139,46.343875,0,1,98,12,2,50,20,0,0,1,2,1,1,2,2,1,1,1,2,53,0,63,441,2003,0,0,68,64,69,1,,,1,1,32,2,7,3,4,7,20,0,11,0,09/21/2017,4:05,53040844,40844,0,0,3,3,1,0,0,0,0,0,,,,,,2,,,,,,98952,53,61,140,6,8,1,1,0,1,3,0,,,,,,0,09/15/2012,08/15/2017,20,1,9,0,0,9,8,,,0,0,0,8,8,0,0,0,0,0,0,0,0,0,996,,,,,,,,,,,,,,,,,,,,,,,,,,,,,,0,0,0,0,0,0,0,0,0,0,0,0,0,0,0,1,0,0,0,1,0,0,0,0,0,0,0,0,0,1,0,0,0,1,0,,1,0,0,0,0,0,0,0,0,0,0,0,0,0,0,0,,,,,,31-35,26-35,County road,R,Thursday,Not Used,PV,AIAN,0,1,0,0,Other,Other Law Enforcement,Yakama Tribal Police Department,1,0,0,0,1,,,,,,,,,,,,,,,,,,,,,,,,,,,,,,,,,,,,,,,,,,,
2017,447,3658375,344,09/30/2017,15:51,30,9,0,77,Yakima,0,1,0,1,1,4,1,0,1,1,15:49,16:05,16:46,1,0,0,0,1,0,1,7,1,2,4,0,3,0,0,CR-N SHAKER CHURCH RD,,-120.6697667,46.38837222,0,1,6,12,2,50,4,0,0,1,2,1,1,3,2,1,1,1,1,53,0,20,16,2000,0,0,68,64,1,,,,1,1,28,2,7,3,4,0,99,0,11,5,09/30/2017,17:09,2.30E+11,42774,0,0,0,0,1,0,0,0,0,92,,,,,,98,,,,,,98952,53,62,185,0,0,0,0,0,0,0,0,,,,,,0,,,20,9,0,0,0,9,8,,,0,0,0,8,8,2,1,0,0,1,0,0,2,1,0.13,,,,,,,,,,,,,,,,,,,,,,,,,,,,,,0,0,1,0,1,1,0,1,0,0,0,0,0,1,0,0,1,0,0,0,0,0,0,0,0,0,0,0,0,1,0,0,0,0,0,,1,0,0,0,0,1,0,1,1,0,0,1,0,1,0,1,,,,,,26-30,26-35,County road,R,Saturday,Unknown,PV,AIAN,0,0,0,0,Other,Other Law Enforcement,Yakama Tribal Police Department,0,0,0,0,1,,,,,,,,,,,,,,,,,,,,,,,,,,,,,,,,,,,,,,,,,,,