year,case,par,repjur,crash_dt,crash_tm,accday,accmon,holiday,county,co_char,city,weather,weather2,lightcond,surfcond,surftype,numfatal,nmforms,pforms,vforms,not_tm,arr_tm,hosp_tm,fhevent,hitrun,manncol,milepnt,reljunc,reljuncinter,intersectiontype,funcsystem,landuse,ownership,route,schlbus,spejur,contdev,devfunc,trafid1,trafid2,x,y,wk_zone,vnumber,crashtype,criticalevent,criticaleventcat,spdlim,body,trailer,emerg,hazcargo,leave,mhevent,roadalgn,roadprof,traflane,trafflow,vehmanvr,numoccs,regowner,regstate,spuse,make,model,modelyr,vrf1,vrf2,seqevent1,seqevent2,seqevent3,seqevent4,seqevent5,seqevent6,pnumber,ptype,age,sex,hispanic,race,injury,diedscene,restraint,restraintmisuse,seatpos,takehosp,death_dt,death_tm,cert,cernum_wa,commlic,licendor,licrestrict,liccomp,drivpres,drf1,drf2,drf3,drf4,distract1,distract2,distract3,distract4,distract5,distract6,dricond1,dricond2,dricond3,dricond4,dricond5,dricond6,dzip,licstate,drhgt_in,weight,noncdl,noncdltype,prevdwi,prevoth,prevacc,prevspd,prevsus,driviol1,driviol2,driviol3,driviol4,driviol5,driviol6,spdrel,first_dt,last_dt,airbag,ejection,ejectpath,extricat,injurwrk,methalc,methdrug,nmlocat,strikveh,prf1,prf2,prf3,druginv,alcinvol,drugsts,drugres1,drugres2,drugres3,drugtst1,drugtst2,drugtst3,alcsts,alctst,alcres,nmact1,nmact2,nmact3,nmact4,nmact5,nmact6,nmprior1,nmprior2,nmprior3,nmprior4,nmprior5,nmprior6,nmcond1,nmcond2,nmcond3,nmcond4,nmcond5,nmcond6,nmsafe_helmet,nmsafe_pads,nmsafe_oth,nmprev_ref,nmprev_lgt,nmprev_oth,crashlocation,nmcrashtype,crosswalk,schoolzone,sidewalk,train_inv,wildlife_inv,rotr_fars,intersect_fars,dd_inv,aid_inv,dpd_inv,id_inv,mj_inv,impnm_inv,ainm_inv,dpnm_inv,speed_inv,unlic_inv,unendmc_inv,drowsy_inv,drdist_inv,nmdist_inv,fty_inv,unrestfat_inv,dr1617_inv,dr1820_inv,dr1620_inv,dr2125_inv,dr1625_inv,dr65_inv,dr70_inv,dr75_inv,mc_inv,pv_inv,ht_inv,ped_inv,bike_inv,unrest_fat,mc_fat,unhelmet_mc,pv_fat,ht_fat,ped_fat,bike_fat,dr_alc7,dr_alc8,dr_drug,dr_imp,dr_dist,dr_spd,dr_fty,dr_unlic,dr_alc7only,dr_alc8only,dr_drugonly,dr_drink,nm_imp,nm_alc7,nm_alc8,nm_drug,nm_dist,agegrp1,agegrp2,roadclass,urbrur,dayweek,restuse,vehtype,race_me,intersect,lanedep,oppdir,wrongway,rep_typ,investag,repag_long,rotr,st_rd,cty_rd,city_rd,oth_rd,drug_thc,thc_res,drug_cthc,cthc_res,drug_cann,prevpersemin,prevperse,prevsusoth,drugtst4,drugtst5,drugtst6,drugtst7,drugtst8,drugres4,drugres5,drugres6,drugres7,drugres8,adspresent,adsengaged,adslevel,race1,race2,race3,race4,race5,helmet,helmetmisuse,nmdistract1,nmdistract2,nmdistract3,nmdistract4,nmdistract5,nmdistract6,lab,isedtcase,crf1,crf2,crf3,CoRoadName,CoMP,IntCoRoadName,IntCoMP
2017,345,3658418,344,08/22/2017,20:55,22,8,0,77,Yakima,0,1,0,5,1,2,1,1,1,1,20:05,20:12,20:36,8,1,0,0,1,0,1,7,2,4,6,0,3,0,0,N FIR ST,,-120.3114528,46.38800556,0,1,13,80,5,25,99,0,0,1,5,8,1,1,8,1,1,99,9,99,0,99,999,9999,0,0,8,,,,,,1,1,999,9,0,0,9,0,98,0,11,0,,,,,99,9,9,9,1,0,0,0,0,92,,,,,,99,,,,,,99999,99,,999,9,9,99,99,99,99,99,97,,,,,,0,,,98,7,0,0,8,9,8,,,0,0,0,8,9,0,0,0,0,0,0,0,0,0,996,,,,,,,,,,,,,,,,,,,,,,,,,,,,,,0,0,0,0,0,0,0,0,0,1,1,1,0,0,0,0,1,1,0,0,0,0,0,0,0,0,0,0,0,0,0,1,0,0,0,,0,0,0,0,0,0,0,0,1,0,0,0,0,0,0,0,,,,,,,,City street,U,Tuesday,,NR-U,Not Fatal,0,0,0,0,City Street,Other Law Enforcement,Yakama Tribal Police Department,0,0,0,1,0,,,,,,,,,,,,,,,,,,,,,,,,,,,,,,,,,,,,,,,,,,,
2017,413,3658425,344,09/25/2017,13:33,25,9,0,77,Yakima,0,1,0,1,1,2,1,0,2,2,,,,12,0,6,9999.9,2,0,2,5,1,2,4,0,3,0,0,CR-BRANCH RD,MCKINLEY RD,-120.3964556,46.40433333,0,2,88,66,4,50,66,1,0,1,2,12,1,1,2,1,1,1,1,53,0,98,804,1997,0,0,12,,,,,,1,1,62,1,0,0,1,0,3,0,11,0,,,,,3,3,0,3,1,0,0,0,0,0,,,,,,0,,,,,,98944,53,68,230,6,1,0,3,1,0,0,0,,,,,,0,10/15/2012,08/15/2016,20,0,0,0,8,9,8,,,0,0,0,8,0,0,0,0,0,0,0,0,0,0,996,,,,,,,,,,,,,,,,,,,,,,,,,,,,,,0,0,0,1,0,0,0,0,0,0,0,0,0,1,0,0,0,0,0,0,0,0,0,0,0,1,0,0,0,1,1,0,0,0,0,,0,0,0,0,0,0,0,0,0,0,0,0,0,0,0,0,,,,,,61-65,56-65,County road,R,Monday,,MHTRUCK,Not Fatal,1,0,0,0,County Road,Other Law Enforcement,Yakama Tribal Police Department,0,0,1,0,0,,,,,,,,,,,,,,,,,,,,,,,,,,,,,,,,,,,,,,,,,,,
2017,413,3658425,344,09/25/2017,13:33,25,9,0,77,Yakima,0,1,0,1,1,2,1,0,2,2,,,,12,0,6,9999.9,2,0,2,5,1,2,4,0,3,20,3,CR-BRANCH RD,MCKINLEY RD,-120.3964556,46.40433333,0,1,89,17,2,50,6,0,0,1,2,12,1,1,2,1,1,1,1,53,0,22,32,2007,0,0,12,,,,,,1,1,65,1,7,3,4,0,99,0,11,1,10/07/2017,14:50,1.85E+11,43372,0,0,0,2,1,39,0,0,0,96,,,,,,99,,,,,,98948,53,72,175,1,1,0,0,0,0,0,0,,,,,,0,,,20,0,0,0,0,9,8,,,0,0,0,8,9,0,0,0,0,0,0,0,0,0,996,,,,,,,,,,,,,,,,,,,,,,,,,,,,,,0,0,0,1,0,0,0,0,0,0,0,0,0,1,0,0,0,0,0,0,0,0,0,0,0,1,0,0,0,1,1,0,0,0,0,,1,0,0,0,0,0,0,0,0,0,0,1,0,0,0,0,,,,,,61-65,56-65,County road,R,Monday,Unknown,PV,AIAN,1,0,0,0,County Road,Other Law Enforcement,Yakama Tribal Police Department,0,0,1,0,0,,,,,,,,,,,,,,,,,,,,,,,,,,,,,,,,,,,,,,,,,,,
2017,96,3659614,344,03/23/2017,7:20,23,3,0,77,Yakima,0,1,0,1,1,2,1,0,2,1,7:11,7:36,8:51,39,0,0,0,3,0,3,7,1,2,4,0,3,20,3,CR-SIGNAL PEAK,FT SIMCOE RD,-120.7328222,46.34646667,0,1,14,14,2,50,14,0,0,1,2,39,1,1,2,1,1,2,1,53,0,2,404,1995,0,0,71,39,,,,,1,1,28,1,0,0,1,0,99,0,11,8,,,,,0,0,0,2,1,39,0,0,0,96,,,,,,98,,,,,,98951,53,,999,1,1,0,0,0,0,3,37,,,,,,0,03/15/2013,11/15/2014,1,0,0,0,8,9,8,,,0,0,0,8,8,0,0,0,0,0,0,0,0,0,996,,,,,,,,,,,,,,,,,,,,,,,,,,,,,,0,0,0,1,0,0,0,0,0,0,0,0,0,1,0,0,0,0,0,0,0,0,0,0,0,0,0,0,0,1,0,0,0,0,0,,0,0,0,0,0,0,0,0,0,0,0,1,0,0,0,0,,,,,,26-30,26-35,County road,R,Thursday,Unknown,PV,Not Fatal,1,0,0,0,County Road,Other Law Enforcement,Yakama Tribal Police Department,0,0,1,0,0,,,,,,,,,,,,,,,,,,,,,,,,,,,,,,,,,,,,,,,,,,,
2018,58,3659664,344,02/26/2018,16:26,26,2,0,77,Yakima,0,1,0,1,1,4,1,0,1,1,,,,1,0,0,7,1,0,1,7,1,2,4,0,3,0,0,CR-MCDONALD RD,,-120.5048083,46.39018056,0,1,2,6,1,50,4,0,0,1,7,1,1,1,2,1,1,1,2,53,0,37,32,1994,0,0,63,1,,,,,1,1,28,2,7,3,4,7,99,0,11,0,02/26/2018,16:26,53009091,9091,0,0,0,0,1,0,0,0,0,92,,,,,,98,,,,,,98948,53,59,114,0,0,0,0,1,0,,0,,,,,,4,05/15/2013,05/15/2016,20,1,9,0,0,9,8,,,0,0,0,8,8,2,1,,,1,,,2,1,0.074,,,,,,,,,,,,,,,,,,,,,,,,,,,,,,0,0,0,0,1,0,0,0,0,0,0,0,1,1,0,0,1,0,0,0,0,0,0,0,0,0,0,0,0,1,0,0,0,0,0,,1,0,0,0,1,0,0,0,1,1,0,1,1,0,0,1,,,,,,26-30,26-35,County road,R,Monday,Unknown,PV,AIAN,0,1,0,0,County Road,Other Law Enforcement,Yakama Tribal Police Department,1,0,1,0,0,,,,,,0,0,1,,,,,,,,,,,,,,,,,,,,,,,,,,,,,,,,,,,
2017,306,3659694,344,08/03/2017,22:42,3,8,0,77,Yakima,0,1,0,2,1,2,1,1,1,1,,,,8,0,0,1.6,1,0,1,5,1,2,4,0,3,0,0,CR-S WAPATO RD,,-120.4173139,46.41005278,0,1,13,80,5,50,14,0,0,1,5,8,1,1,2,1,1,1,2,53,0,49,403,2004,0,0,8,,,,,,1,1,29,1,0,0,0,0,3,0,11,0,,,,,0,0,0,2,1,0,0,0,0,0,,,,,,0,,,,,,98952,53,73,280,1,1,0,1,0,0,1,0,,,,,,0,11/15/2016,02/15/2017,20,0,0,0,8,9,2,,,0,0,0,0,0,0,0,0,0,0,0,0,0,0,996,,,,,,,,,,,,,,,,,,,,,,,,,,,,,,0,0,0,0,0,0,0,0,0,1,1,1,0,1,0,0,0,0,0,0,0,0,0,0,0,0,0,0,0,1,0,1,0,0,0,,0,0,0,0,0,0,0,0,0,0,0,1,0,0,0,0,,,,,,26-30,26-35,County road,R,Thursday,Belt Used,PV,Not Fatal,0,0,0,0,County Road,Other Law Enforcement,Yakama Tribal Police Department,0,0,1,0,0,,,,,,,,,,,,,,,,,,,,,,,,,,,,,,,,,,,,,,,,,,,
2017,416,3659753,344,10/01/2017,5:22,1,10,0,77,Yakima,0,1,0,2,1,2,1,0,3,2,5:14,5:19,6:08,12,0,6,4.9,2,0,2,5,1,1,3,0,3,0,0,SR-22,N MEYERS RD,-120.2938972,46.35704444,0,2,87,66,4,55,34,0,0,1,2,12,1,1,2,1,1,2,1,53,0,23,481,2001,0,0,12,,,,,,1,1,73,1,0,0,1,0,99,0,11,8,,,,,0,0,3,3,1,0,0,0,0,0,,,,,,0,,,,,,98932,53,73,190,6,1,0,0,0,0,0,0,,,,,,0,,,1,0,0,0,8,9,2,,,0,0,0,0,0,0,0,0,0,0,0,0,0,0,996,,,,,,,,,,,,,,,,,,,,,,,,,,,,,,0,0,0,1,1,0,0,0,0,0,0,0,0,1,0,0,0,0,0,0,0,0,0,0,0,1,1,0,0,0,1,0,0,0,0,,0,0,0,0,0,0,0,0,0,0,0,0,0,0,0,0,,,,,,71-75,66-75,State route,R,Sunday,Unknown,PV,Not Fatal,1,0,0,0,State Route,Other Law Enforcement,Yakama Tribal Police Department,0,1,0,0,0,,,,,,,,,,,,,,,,,,,,,,,,,,,,,,,,,,,,,,,,,,,
2017,416,3659753,344,10/01/2017,5:22,1,10,0,77,Yakima,0,1,0,2,1,2,1,0,3,2,5:14,5:19,6:08,12,0,6,4.9,2,0,2,5,1,1,3,0,3,20,3,SR-22,N MEYERS RD,-120.2938972,46.35704444,0,1,86,17,2,50,67,0,0,1,2,12,1,1,2,1,1,1,1,53,0,7,880,1999,0,0,12,,,,,,1,1,29,1,0,0,1,0,99,0,11,0,,,,,0,0,3,2,1,39,0,0,0,96,,,,,,9,,,,,,98952,53,74,240,1,1,1,0,0,0,1,12,,,,,,0,03/15/2014,05/15/2014,1,0,0,0,8,9,8,,,0,0,0,8,1,0,0,0,0,0,0,0,0,0,996,,,,,,,,,,,,,,,,,,,,,,,,,,,,,,0,0,0,1,1,0,0,0,0,0,0,0,0,1,0,0,0,0,0,0,0,0,0,0,0,1,1,0,0,0,1,0,0,0,0,,0,0,0,0,0,0,0,0,0,0,0,1,0,0,0,1,,,,,,26-30,26-35,State route,R,Sunday,Unknown,MHTRUCK,Not Fatal,1,0,0,0,State Route,Other Law Enforcement,Yakama Tribal Police Department,0,1,0,0,0,,,,,,,,,,,,,,,,,,,,,,,,,,,,,,,,,,,,,,,,,,,
2017,462,3659769,344,10/23/2017,16:15,23,10,0,77,Yakima,0,1,0,1,1,2,1,0,4,2,16:13,16:38,17:17,12,0,6,2.8,2,0,2,5,1,2,4,0,3,20,3,CR-BRANCH RD,CAMPBELL RD,-120.4380611,46.44795,0,1,88,17,2,50,4,0,0,1,2,12,1,1,2,1,1,2,2,53,0,37,32,1995,0,0,12,,,,,,1,1,31,2,0,0,3,0,20,0,11,8,,,,,0,0,0,2,1,39,0,0,0,93,,,,,,99,,,,,,98903,53,66,180,1,1,0,0,0,0,1,97,,,,,,3,05/15/2014,05/15/2014,1,1,9,0,8,9,8,,,0,0,0,8,9,2,417,0,0,1,0,0,2,1,0.05,,,,,,,,,,,,,,,,,,,,,,,,,,,,,,0,0,0,1,1,0,1,1,0,0,0,0,1,1,0,0,1,0,0,0,0,0,0,0,0,0,0,0,0,1,0,0,0,0,0,,0,0,0,0,1,0,1,1,1,1,0,1,0,0,0,1,,,,,,31-35,26-35,County road,R,Monday,Not Used,PV,Not Fatal,1,0,0,0,County Road,Other Law Enforcement,Yakama Tribal Police Department,0,0,1,0,0,,,,,,,,,,,,,,,,,,,,,,,,,,,,,,,,,,,,,,,,,,,
2017,462,3659769,344,10/23/2017,16:15,23,10,0,77,Yakima,0,1,0,1,1,2,1,0,4,2,16:13,16:38,17:17,12,0,6,2.8,2,0,2,5,1,2,4,0,3,0,0,CR-BRANCH RD,CAMPBELL RD,-120.4380611,46.44795,0,2,89,66,4,50,34,0,0,1,2,1,1,1,2,1,1,2,1,53,0,12,481,2008,0,0,12,63,1,,,,1,1,61,1,0,0,3,0,3,0,11,8,,,,,0,0,3,3,1,0,0,0,0,0,,,,,,0,,,,,,98953,53,65,175,6,1,0,0,0,0,0,0,,,,,,0,,,1,0,0,0,8,9,8,,,0,0,0,8,9,0,0,0,0,0,0,0,0,0,996,,,,,,,,,,,,,,,,,,,,,,,,,,,,,,0,0,0,1,1,0,1,1,0,0,0,0,1,1,0,0,1,0,0,0,0,0,0,0,0,0,0,0,0,1,0,0,0,0,0,,0,0,0,0,0,0,0,0,0,0,0,0,0,0,0,0,,,,,,61-65,56-65,County road,R,Monday,Belt Used,PV,Not Fatal,1,0,0,0,County Road,Other Law Enforcement,Yakama Tribal Police Department,0,0,1,0,0,,,,,,,,,,,,,,,,,,,,,,,,,,,,,,,,,,,,,,,,,,,
2018,59,3660706,344,02/27/2018,20:34,27,2,0,77,Yakima,0,98,0,8,98,8,1,1,1,1,,,,8,1,0,5.9,1,0,1,5,1,2,4,0,3,0,0,CR-FORT RD,,-120.4524333,46.37545,0,1,13,11,2,98,99,9,0,1,5,8,8,8,2,1,1,99,9,99,0,99,999,9999,0,0,8,,,,,,1,1,999,8,0,0,0,0,98,0,11,0,,,,,99,9,9,9,1,0,0,0,0,96,,,,,,98,,,,,,99999,98,,999,9,9,99,99,99,99,,97,,,,,,0,,,98,0,0,0,8,9,8,,,0,0,0,8,8,0,0,,,0,,,0,0,996,,,,,,,,,,,,,,,,,,,,,,,,,,,,,,0,0,0,0,0,0,0,0,0,1,0,1,0,0,0,0,0,0,0,0,0,0,0,0,0,0,0,0,0,0,0,1,0,0,0,,0,0,0,0,0,0,0,0,0,0,0,0,0,0,0,0,,,,,,,,County road,R,Tuesday,,NR-U,Not Fatal,0,0,0,0,County Road,Other Law Enforcement,Yakama Tribal Police Department,0,0,1,0,0,,,,,,99,99,99,,,,,,,,,,,,,,,,,,,,,,,,,,,,,,,,,,,
2017,227,3660781,344,06/11/2017,2:35,11,6,0,77,Yakima,0,10,0,2,1,2,2,0,5,2,2:34,3:00,3:43,12,0,2,9,1,0,1,5,1,2,4,0,3,0,0,CR-FT ROAD,,-120.5174389,46.37534167,0,2,51,62,4,55,4,0,0,1,2,12,1,1,2,1,1,4,1,53,0,37,31,1999,0,0,12,,,,,,1,1,34,1,7,3,4,0,3,0,11,4,06/11/2017,3:52,2.59E+11,26286,0,0,0,3,1,0,0,0,0,0,,,,,,0,,,,,,83540,16,66,196,6,1,0,2,0,1,3,0,,,,,,0,02/15/2014,01/15/2016,1,0,0,0,0,9,8,,,0,0,0,8,0,2,401,417,0,1,1,0,2,1,0,,,,,,,,,,,,,,,,,,,,,,,,,,,,,,0,0,0,0,1,0,1,1,0,0,0,0,0,1,0,0,0,0,0,1,0,0,0,0,0,0,0,0,0,1,0,0,0,0,0,,1,0,0,0,0,0,1,1,0,0,0,0,0,0,1,0,,,,,,31-35,26-35,County road,R,Sunday,Belt Used,PV,AIAN,0,1,1,0,County Road,Other Law Enforcement,Yakama Tribal Police Department,0,0,1,0,0,,,,,,,,,,,,,,,,,,,,,,,,,,,,,,,,,,,,,,,,,,,
2017,227,3660781,344,06/11/2017,2:35,11,6,0,77,Yakima,0,10,0,2,1,2,2,0,5,2,2:34,3:00,3:43,12,0,2,9,1,0,1,5,1,2,4,0,3,0,0,CR-FT ROAD,,-120.5174389,46.37534167,0,1,50,10,2,55,4,0,0,1,2,12,1,1,2,1,1,1,2,53,0,7,41,2004,0,0,68,12,,,,,1,1,41,1,0,0,3,0,20,0,11,4,,,,,0,0,3,2,1,28,0,0,0,96,,,,,,9,,,,,,98951,53,68,230,1,1,1,0,0,0,6,97,,,,,,0,07/15/2012,04/15/2016,1,0,0,0,8,9,8,,,0,0,0,8,1,0,0,0,0,0,0,0,0,0,996,,,,,,,,,,,,,,,,,,,,,,,,,,,,,,0,0,0,0,1,0,1,1,0,0,0,0,0,1,0,0,0,0,0,1,0,0,0,0,0,0,0,0,0,1,0,0,0,0,0,,0,0,0,0,0,0,0,0,0,0,0,1,0,0,0,1,,,,,,41-45,36-45,County road,R,Sunday,Not Used,PV,Not Fatal,0,1,1,0,County Road,Other Law Enforcement,Yakama Tribal Police Department,0,0,1,0,0,,,,,,,,,,,,,,,,,,,,,,,,,,,,,,,,,,,,,,,,,,,
2017,264,3660803,344,07/23/2017,15:51,23,7,0,77,Yakima,2300,1,0,1,1,2,3,0,3,1,,,,42,0,0,16,1,0,1,96,6,96,8,0,3,0,0,SIGNAL PEAK RD,,-120.7971778,46.28616389,0,1,6,12,2,98,2,0,0,1,2,42,2,1,2,1,14,3,1,53,0,37,32,1994,0,0,68,64,42,,,,1,1,43,2,7,3,4,7,20,0,11,0,07/23/2017,15:51,53032129,32129,0,0,3,2,1,0,0,0,0,96,,,,,,99,,,,,,98948,53,62,135,1,1,0,0,0,0,2,0,,,,,,0,03/15/2016,03/15/2017,1,0,0,0,0,9,8,,,0,0,0,8,9,2,1,0,0,1,0,0,2,1,0.34,,,,,,,,,,,,,,,,,,,,,,,,,,,,,,0,0,1,0,1,1,0,1,0,0,0,0,0,1,0,0,0,0,0,1,0,0,0,0,0,0,0,0,0,1,0,0,0,1,0,,1,0,0,0,0,1,0,1,0,0,0,1,0,1,0,1,,,,,,41-45,36-45,Other,,Sunday,Not Used,PV,AIAN,0,1,0,0,Other,Other Law Enforcement,Yakama Tribal Police Department,1,0,0,0,1,,,,,,,,,,,,,,,,,,,,,,,,,,,,,,,,,,,,,,,,,,,
2017,533,3661026,344,12/14/2017,3:02,14,12,0,77,Yakima,0,1,0,2,1,2,1,0,2,1,,,,42,0,0,3,1,0,1,5,1,2,4,0,3,0,0,CR-S WAPATO RD,,-120.417775,46.38982778,0,1,1,13,2,50,14,0,0,1,2,1,3,1,2,1,14,2,2,53,0,20,401,2000,0,0,63,42,1,42,,,1,1,18,2,0,0,2,0,99,0,11,8,,,,,0,0,0,0,1,91,0,0,0,93,,,,,,9,,,,,,98948,53,70,297,0,0,0,1,0,0,0,2,12,,,,,0,12/15/2017,12/15/2017,20,0,0,0,8,9,8,,,0,0,0,8,1,0,0,0,0,0,0,0,0,0,996,,,,,,,,,,,,,,,,,,,,,,,,,,,,,,0,0,1,0,1,0,0,0,0,0,0,0,0,1,0,0,1,0,0,1,0,1,1,0,1,0,0,0,0,1,0,0,0,0,0,,0,0,0,0,0,0,0,0,1,0,0,1,0,0,0,1,,,,,,18-20,16-25,County road,R,Thursday,Unknown,PV,Not Fatal,0,1,0,0,County Road,Other Law Enforcement,Yakama Tribal Police Department,1,0,1,0,0,,,,,,,,,,,,,,,,,,,,,,,,,,,,,,,,,,,,,,,,,,,
2017,516,3688140,160,12/08/2017,0:42,8,12,0,33,King,1030,5,0,3,1,2,1,0,3,2,,,,12,0,6,8.7,2,0,2,3,2,1,3,0,0,3,3,SR-181,S 196TH ST,-122.2493722,47.42665,0,1,88,17,2,35,4,0,0,1,2,12,1,1,7,5,1,2,1,16,0,49,32,2001,0,0,12,,,,,,1,1,26,1,7,1,4,7,99,0,11,0,12/08/2017,0:42,1.03E+11,53637,0,0,0,3,1,39,0,0,0,96,,,,,,99,,,,,,83869,16,75,195,6,1,0,6,0,2,0,0,,,,,,0,10/15/2013,11/15/2017,8,0,0,0,0,9,8,,,0,0,0,8,9,2,300,407,605,1,1,1,2,1,0.049,,,,,,,,,,,,,,,,,,,,,,,,,,,,,,0,0,0,1,1,0,1,1,1,0,0,0,0,0,0,0,0,0,0,0,0,0,0,0,0,0,0,0,0,1,1,0,0,0,0,,1,0,0,0,1,0,1,1,0,0,0,0,0,0,0,1,,,,,,26-30,26-35,State route,U,Friday,Unknown,PV,White,1,0,0,0,State Route,Municipal/City Police,Kent Police Department,0,1,0,0,0,thc,5.7,carboxy-thc,11,,,,,,,,,,,,,,,,,,,,,,,,,,,,,,,,,,,,,,,
2017,516,3688140,160,12/08/2017,0:42,8,12,0,33,King,1030,5,0,3,1,2,1,0,3,2,,,,12,0,6,8.7,2,0,2,3,2,1,3,0,0,3,3,SR-181,S 196TH ST,-122.2493722,47.42665,0,2,89,66,4,50,66,1,0,1,8,12,1,2,5,5,1,1,3,53,0,82,881,2003,0,0,12,,,,,,1,1,32,1,0,0,0,0,3,0,11,0,,,,,6,1,0,3,1,0,0,0,0,0,,,,,,0,,,,,,98118,53,67,120,6,1,0,1,0,0,1,0,,,,,,0,09/15/2014,08/15/2015,20,0,0,0,8,9,8,,,0,0,0,8,0,0,0,0,0,0,0,0,0,0,996,,,,,,,,,,,,,,,,,,,,,,,,,,,,,,0,0,0,1,1,0,1,1,1,0,0,0,0,0,0,0,0,0,0,0,0,0,0,0,0,0,0,0,0,1,1,0,0,0,0,,0,0,0,0,0,0,0,0,0,0,0,0,0,0,0,0,,,,,,31-35,26-35,State route,U,Friday,,MHTRUCK,Not Fatal,1,0,0,0,State Route,Municipal/City Police,Kent Police Department,0,1,0,0,0,,,,,,,,,,,,,,,,,,,,,,,,,,,,,,,,,,,,,,,,,,,
2019,160,3690844,12,03/29/2019,10:58,29,3,,37,Kittitas,0,4,0,1,10,5,1,0,1,1,,,,42,0,0,9999.9,3,0,3,99,1,66,8,0,1,0,0,NFD 35,SPUR 176,-120.572688,47.3013505,0,1,6,12,2,25,91,0,0,1,7,42,2,1,8,8,14,1,1,53,0,98,998,1998,0,0,64,42,,,,,1,1,81,1,7,,4,7,20,7,11,0,03/29/2019,10:58,53014858,14858,0,0,0,1,1,0,0,0,0,92,,,,,,1,,,,,,99216,53,71,220,6,1,0,0,0,0,,0,,,,,,0,,,20,2,9,0,0,9,8,,,0,0,0,8,1,2,1,,,1,,,2,1,0,,,,,,,,,,,,,,,,,,,,,,,,,,,,,,0,0,1,1,1,0,0,0,0,0,0,0,0,0,0,0,1,0,0,0,0,0,0,0,0,1,1,1,0,0,0,0,0,0,0,,0,0,0,0,0,0,0,0,1,0,0,0,0,0,0,1,,,,,,81+,76+,Other,R,Friday,,OTHVT,White,0,1,0,0,Other,County Sheriff,Chelan County Sheriff's Office,1,0,0,0,1,,,,,,0,0,0,,,,,,,,,,,0,0,0,1,,,,,19,0,,,,,,,,,,,,,,,
2019,262,3692982,263,07/03/2019,9:22,3,7,,33,King,1960,10,0,1,1,1,1,1,1,1,,,,8,0,0,0,1,0,1,4,2,4,6,0,0,0,0,SW BARTON ST,,-122.3681556,47.52104444,0,1,13,80,5,25,34,0,0,1,7,8,1,1,2,2,1,1,1,53,0,49,471,1979,0,0,8,,,,,,1,1,78,1,0,,0,0,3,0,11,0,,,,,0,0,3,3,1,38,91,0,0,96,,,,,,9,,,,,,98166,53,72,130,6,1,0,0,0,0,,1,11,,,,,0,,,20,0,0,0,8,9,2,,,0,0,0,1,0,8,95,,,96,,,8,95,995,,,,,,,,,,,,,,,,,,,,,,,,,,,,,,0,0,0,0,0,0,0,0,0,0,0,0,0,0,0,0,0,0,1,0,0,0,0,0,0,1,1,1,0,1,0,1,0,0,0,,0,0,0,0,0,0,0,0,0,0,1,0,0,0,0,0,,,,,,76-80,76+,City street,U,Wednesday,Belt Used,PV,Not Fatal,0,0,0,0,City Street,Municipal/City Police,Seattle Police Department,0,0,0,1,0,,,,,,0,0,0,,,,,,,,,,,0,0,0,0,,,,,20,7,,,,,,,,,,,,,,,
2017,172,3694126,263,03/13/2017,19:50,13,3,0,33,King,1960,1,0,3,1,2,1,0,3,3,,,,12,0,1,0,1,0,1,3,2,4,6,0,0,0,0,HOLMAN RD NW,,-122.364775,47.70033889,0,2,25,61,4,35,4,0,0,1,2,12,1,2,5,5,1,1,1,53,0,37,32,1997,0,0,12,63,42,,,,1,1,35,1,7,1,4,0,98,0,11,4,03/14/2017,14:33,1.96E+11,13714,0,0,0,3,1,0,0,0,0,92,,,,,,0,,,,,,98043,53,70,170,6,1,0,2,0,0,1,0,,,,,,0,11/15/2013,06/15/2015,98,0,0,0,0,9,2,,,0,0,0,0,9,2,605,0,0,1,0,0,2,1,0,,,,,,,,,,,,,,,,,,,,,,,,,,,,,,0,0,0,0,0,0,1,1,1,0,0,0,1,0,0,0,1,0,0,0,0,0,0,0,0,0,0,0,0,1,0,0,0,0,0,,1,0,0,0,0,0,1,1,1,0,0,0,0,0,1,0,,,,,,31-35,26-35,City street,U,Monday,Unknown,PV,White,0,1,0,0,City Street,Municipal/City Police,Seattle Police Department,1,0,0,1,0,thc,2.7,carboxy-thc,24,,,,,,,,,,,,,,,,,,,,,,,,,,,,,,,,,,,,,,,
2017,172,3694126,263,03/13/2017,19:50,13,3,0,33,King,1960,1,0,3,1,2,1,0,3,3,,,,12,0,1,0,1,0,1,3,2,4,6,0,0,0,0,HOLMAN RD NW,,-122.364775,47.70033889,0,1,24,12,2,35,14,0,0,1,2,12,1,2,5,5,1,2,2,53,0,35,402,2007,0,0,68,64,69,68,12,63,1,1,59,1,0,0,0,0,98,0,11,0,,,,,0,0,0,3,1,0,0,0,0,6,,,,,,99,,,,,,98335,53,68,190,6,1,0,0,0,0,0,97,,,,,,3,,,98,0,0,0,8,9,2,,,0,0,0,0,9,0,0,0,0,0,0,0,0,0,996,,,,,,,,,,,,,,,,,,,,,,,,,,,,,,0,0,0,0,0,0,1,1,1,0,0,0,1,0,0,0,1,0,0,0,0,0,0,0,0,0,0,0,0,1,0,0,0,0,0,,0,0,0,0,0,0,0,0,1,1,0,0,0,0,0,0,,,,,,56-60,56-65,City street,U,Monday,Unknown,PV,Not Fatal,0,1,0,0,City Street,Municipal/City Police,Seattle Police Department,1,0,0,1,0,,,,,,,,,,,,,,,,,,,,,,,,,,,,,,,,,,,,,,,,,,,