year,case,par,repjur,crash_dt,crash_tm,accday,accmon,holiday,county,co_char,city,weather,weather2,lightcond,surfcond,surftype,numfatal,nmforms,pforms,vforms,not_tm,arr_tm,hosp_tm,fhevent,hitrun,manncol,milepnt,reljunc,reljuncinter,intersectiontype,funcsystem,landuse,ownership,route,schlbus,spejur,contdev,devfunc,trafid1,trafid2,x,y,wk_zone,vnumber,crashtype,criticalevent,criticaleventcat,spdlim,body,trailer,emerg,hazcargo,leave,mhevent,roadalgn,roadprof,traflane,trafflow,vehmanvr,numoccs,regowner,regstate,spuse,make,model,modelyr,vrf1,vrf2,seqevent1,seqevent2,seqevent3,seqevent4,seqevent5,seqevent6,pnumber,ptype,age,sex,hispanic,race,injury,diedscene,restraint,restraintmisuse,seatpos,takehosp,death_dt,death_tm,cert,cernum_wa,commlic,licendor,licrestrict,liccomp,drivpres,drf1,drf2,drf3,drf4,distract1,distract2,distract3,distract4,distract5,distract6,dricond1,dricond2,dricond3,dricond4,dricond5,dricond6,dzip,licstate,drhgt_in,weight,noncdl,noncdltype,prevdwi,prevoth,prevacc,prevspd,prevsus,driviol1,driviol2,driviol3,driviol4,driviol5,driviol6,spdrel,first_dt,last_dt,airbag,ejection,ejectpath,extricat,injurwrk,methalc,methdrug,nmlocat,strikveh,prf1,prf2,prf3,druginv,alcinvol,drugsts,drugres1,drugres2,drugres3,drugtst1,drugtst2,drugtst3,alcsts,alctst,alcres,nmact1,nmact2,nmact3,nmact4,nmact5,nmact6,nmprior1,nmprior2,nmprior3,nmprior4,nmprior5,nmprior6,nmcond1,nmcond2,nmcond3,nmcond4,nmcond5,nmcond6,nmsafe_helmet,nmsafe_pads,nmsafe_oth,nmprev_ref,nmprev_lgt,nmprev_oth,crashlocation,nmcrashtype,crosswalk,schoolzone,sidewalk,train_inv,wildlife_inv,rotr_fars,intersect_fars,dd_inv,aid_inv,dpd_inv,id_inv,mj_inv,impnm_inv,ainm_inv,dpnm_inv,speed_inv,unlic_inv,unendmc_inv,drowsy_inv,drdist_inv,nmdist_inv,fty_inv,unrestfat_inv,dr1617_inv,dr1820_inv,dr1620_inv,dr2125_inv,dr1625_inv,dr65_inv,dr70_inv,dr75_inv,mc_inv,pv_inv,ht_inv,ped_inv,bike_inv,unrest_fat,mc_fat,unhelmet_mc,pv_fat,ht_fat,ped_fat,bike_fat,dr_alc7,dr_alc8,dr_drug,dr_imp,dr_dist,dr_spd,dr_fty,dr_unlic,dr_alc7only,dr_alc8only,dr_drugonly,dr_drink,nm_imp,nm_alc7,nm_alc8,nm_drug,nm_dist,agegrp1,agegrp2,roadclass,urbrur,dayweek,restuse,vehtype,race_me,intersect,lanedep,oppdir,wrongway,rep_typ,investag,repag_long,rotr,st_rd,cty_rd,city_rd,oth_rd,drug_thc,thc_res,drug_cthc,cthc_res,drug_cann,prevpersemin,prevperse,prevsusoth,drugtst4,drugtst5,drugtst6,drugtst7,drugtst8,drugres4,drugres5,drugres6,drugres7,drugres8,adspresent,adsengaged,adslevel,race1,race2,race3,race4,race5,helmet,helmetmisuse,nmdistract1,nmdistract2,nmdistract3,nmdistract4,nmdistract5,nmdistract6,lab,isedtcase,crf1,crf2,crf3,CoRoadName,CoMP,IntCoRoadName,IntCoMP
2019,387,3705992,263,10/21/2019,19:24,21,10,,33,King,1960,2,0,3,2,2,1,1,1,1,,,,8,0,0,31.7,3,0,3,3,2,1,3,0,0,0,0,SR-99,N 98TH ST,-122.3447278,47.70052222,0,1,13,80,5,35,61,0,0,1,5,8,1,1,2,3,1,1,3,53,0,12,881,2008,0,0,8,,,,,,1,1,28,1,0,,0,0,99,7,11,0,,,,,0,0,0,3,1,0,0,0,0,0,,,,,,0,,,,,,98032,53,71,165,6,1,0,0,0,0,,0,,,,,,0,,,20,0,0,0,8,9,2,,,0,0,0,0,0,8,95,,,96,,,8,95,995,,,,,,,,,,,,,,,,,,,,,,,,,,,,,,0,0,0,1,0,0,0,0,0,0,0,0,0,0,0,0,0,0,0,0,0,0,0,0,0,0,0,0,0,0,1,1,0,0,0,,0,0,0,0,0,0,0,0,0,0,0,0,0,0,0,0,,,,,,26-30,26-35,State route,U,Monday,,MHTRUCK,Not Fatal,1,0,0,0,State Route,Municipal/City Police,Seattle Police Department,0,1,0,0,0,,,,,,0,0,0,,,,,,,,,,,98,98,98,0,,,,,20,7,,,,,,,,,,,,,,,
2019,143,3706023,263,03/29/2019,21:17,29,3,,33,King,1960,1,0,3,1,2,1,1,1,1,,,,8,1,0,3.3,3,0,3,3,2,1,3,0,0,3,3,SR-522,NE 127TH ST,-122.2941417,47.72109167,0,1,13,80,5,98,4,0,0,1,5,8,1,1,3,2,1,1,2,53,0,35,43,2000,0,0,8,,,,,,1,1,61,1,0,,0,0,98,7,11,0,,,,,0,0,0,3,1,0,0,0,0,92,,,,,,99,,,,,,98036,53,71,179,6,1,0,0,0,0,,97,,,,,,0,,,98,0,0,0,8,9,8,,,0,0,0,8,9,8,95,,,96,,,8,95,995,,,,,,,,,,,,,,,,,,,,,,,,,,,,,,0,0,0,1,0,0,0,0,0,0,0,0,0,0,0,0,1,0,0,0,0,0,0,0,0,0,0,0,0,1,0,1,0,0,0,,0,0,0,0,0,0,0,0,1,0,0,0,0,0,0,0,,,,,,61-65,56-65,State route,U,Friday,Unknown,PV,Not Fatal,1,0,0,0,State Route,Municipal/City Police,Seattle Police Department,0,1,0,0,0,,,,,,0,0,0,,,,,,,,,,,98,98,98,0,,,,,20,7,,,,,,,,,,,,,,,
2019,368,3709713,339,09/25/2019,20:55,25,9,,63,Spokane,2113,1,0,3,1,2,1,0,1,1,,,,1,0,0,0,1,0,1,7,2,4,6,0,0,0,0,APPLEWAY BLVD,,-117.2690361,47.65484167,0,1,6,12,2,35,80,0,0,1,7,1,2,1,4,1,14,1,2,53,0,53,706,2004,0,0,68,64,1,,,,1,1,24,1,7,,4,0,20,7,11,8,09/25/2019,22:00,2.11E+11,42364,0,0,0,3,1,0,0,0,0,96,,,,,,9,,,,,,99201,53,75,250,6,1,0,0,0,0,,0,,,,,,4,,,20,8,0,0,0,9,8,,,0,0,0,8,1,2,1,,,1,,,2,1,0,,,,,,,,,,,,,,,,,,,,,,,,,,,,,,0,0,1,0,1,0,0,0,0,0,0,0,1,0,0,0,0,0,0,0,0,0,0,1,1,0,0,0,1,0,0,0,0,0,1,0,0,0,0,0,0,0,0,0,0,1,0,0,0,0,0,1,,,,,,21-25,16-25,City street,U,Wednesday,,MC,White,0,1,0,0,City Street,Municipal/City Police,Spokane Valley Police Department,1,0,0,1,0,,,,,,0,0,0,,,,,,,,,,,0,0,0,1,,,,,19,0,,,,,,,,,,,,,,,
2017,287,3722441,297,07/16/2017,0:54,16,7,0,33,King,2310,1,0,3,1,1,1,1,2,1,,,,8,1,0,0,1,0,1,3,2,4,6,0,0,0,0,E MARGINAL WAY S,,-122.2926861,47.51053889,0,1,13,80,5,40,14,0,0,1,2,8,1,1,2,2,1,2,2,53,0,12,401,2006,0,0,8,,,,,,1,1,39,2,0,0,0,0,99,0,11,0,,,,,0,0,0,3,1,0,0,0,0,92,,,,,,9,,,,,,98144,53,68,175,6,1,0,1,1,0,0,7,,,,,,0,12/15/2014,12/15/2014,20,0,0,0,8,9,8,,,0,0,0,8,1,0,0,0,0,0,0,0,0,0,996,,,,,,,,,,,,,,,,,,,,,,,,,,,,,,0,0,0,0,1,0,0,0,0,0,0,0,0,0,0,0,1,1,0,0,0,0,0,0,0,0,0,0,0,1,0,1,0,0,0,,0,0,0,0,0,0,0,0,1,0,0,0,0,0,0,1,,,,,,36-40,36-45,City street,U,Sunday,Unknown,PV,Not Fatal,0,0,0,0,City Street,Municipal/City Police,Tukwila Police Department,0,0,0,1,0,,,,,,,,,,,,,,,,,,,,,,,,,,,,,,,,,,,,,,,,,,,
2017,493,3726113,263,11/06/2017,1:08,6,11,0,33,King,1960,1,0,3,1,1,1,0,1,1,,,,21,0,0,0,3,0,3,4,2,4,6,0,0,20,3,15TH AVE W,W EMERSON ST,-122.3762028,47.65400833,0,1,14,17,2,25,6,0,0,1,5,21,1,1,2,1,1,1,1,53,0,49,47,2005,0,0,71,21,,,,,1,1,25,2,7,1,4,7,20,0,11,0,11/06/2017,1:08,1.96E+11,48798,0,0,3,3,1,0,0,0,0,96,,,,,,99,,,,,,98199,53,70,170,6,1,0,0,0,0,0,0,,,,,,0,,,1,0,0,0,0,9,8,,,0,0,0,8,9,2,402,407,605,1,1,1,2,1,0,,,,,,,,,,,,,,,,,,,,,,,,,,,,,,0,0,0,1,0,0,1,1,1,0,0,0,0,0,0,0,0,0,0,1,0,0,0,1,1,0,0,0,0,1,0,0,0,1,0,,1,0,0,0,0,0,1,1,0,0,0,0,0,0,1,0,,,,,,21-25,16-25,City street,U,Monday,Not Used,PV,White,1,0,0,0,City Street,Municipal/City Police,Seattle Police Department,0,0,0,1,0,thc,1,,,,,,,,,,,,,,,,,,,,,,,,,,,,,,,,,,,,,,,,,
2019,161,3727925,40,04/20/2019,5:43,20,4,,63,Spokane,0,2,0,2,2,2,1,0,1,1,,,,53,0,0,0.8,1,0,1,7,2,2,4,0,0,0,0,CR-S GARDNER RD,,-117.4805444,47.54533333,0,1,1,13,2,45,4,0,0,1,7,42,3,2,2,1,14,1,2,53,0,37,32,1998,0,0,63,53,69,68,64,42,1,1,18,1,7,,4,7,20,7,11,0,04/20/2019,5:43,53018752,18752,0,0,0,3,1,58,0,0,0,93,,,,,,99,,,,,,99001,53,65,165,6,2,0,1,0,0,,0,,,,,,3,09/15/2017,09/15/2017,1,0,0,0,0,9,8,,,0,0,0,8,9,2,605,695,,1,1,,2,1,0.2,,,,,,,,,,,,,,,,,,,,,,,,,,,,,,0,0,1,0,1,1,1,1,1,0,0,0,1,0,0,0,1,0,0,1,0,1,1,0,1,0,0,0,0,1,0,0,0,1,0,,1,0,0,0,0,1,1,1,1,1,0,0,0,0,0,1,,,,,,18-20,16-25,County road,U,Saturday,Not Used,PV,White,0,1,0,0,County Road,County Sheriff,Spokane County Sheriff's Office,1,0,1,0,0,thc,8.2,carboxy-thc,35,,0,0,0,,,,,,,,,,,0,0,0,1,,,,,20,7,,,,,,,,,,,,,,,
2019,480,3736820,263,12/06/2019,14:22,6,12,,33,King,1960,10,0,1,1,1,1,0,1,1,,,,33,0,0,0,1,0,1,7,2,4,6,0,0,0,0,SEAVIEW AVE NW,,-122.4063111,47.67263889,0,1,1,13,2,30,80,0,0,1,2,30,3,1,2,1,14,1,2,53,0,72,706,2014,0,0,63,33,30,31,,,1,1,29,1,7,,4,7,20,7,11,0,12/06/2019,14:22,1.96E+11,54014,0,0,0,2,1,0,0,0,0,96,,,,,,99,,,,,,3869,33,67,210,6,1,0,0,0,0,,0,,,,,,3,,,20,8,0,0,0,9,8,,,0,0,0,8,9,2,1,,,1,,,2,1,0.24,,,,,,,,,,,,,,,,,,,,,,,,,,,,,,0,0,1,0,1,1,0,1,0,0,0,0,1,0,1,0,0,0,0,0,0,0,0,0,0,0,0,0,1,0,0,0,0,0,1,1,0,0,0,0,0,1,0,1,0,1,0,0,0,1,0,1,,,,,,26-30,26-35,City street,U,Friday,,MC,White,0,1,0,0,City Street,Municipal/City Police,Seattle Police Department,1,0,0,1,0,,,,,,0,0,0,,,,,,,,,,,0,0,0,1,,,,,17,7,,,,,,,,,,,,,,,
2017,130,3743459,160,04/22/2017,20:59,22,4,0,33,King,1030,10,0,3,2,2,1,1,1,1,,,,8,0,0,11.3,1,0,1,3,2,1,3,0,0,0,0,SR-99,,-122.2965944,47.386,0,1,13,80,5,45,14,0,0,1,5,8,1,1,3,3,1,1,1,53,0,62,401,2003,0,0,8,,,,,,1,1,60,1,0,0,0,0,3,0,11,0,,,,,0,0,0,3,1,0,0,0,0,0,,,,,,0,,,,,,98003,53,72,185,6,1,0,4,1,7,6,0,,,,,,0,10/15/2012,01/15/2017,20,0,0,0,8,3,2,,,0,0,0,0,0,0,0,0,0,0,0,0,0,0,996,,,,,,,,,,,,,,,,,,,,,,,,,,,,,,0,0,0,0,0,0,0,0,0,1,1,1,0,0,0,0,0,0,0,0,0,0,0,0,0,0,0,0,0,1,0,1,0,0,0,,0,0,0,0,0,0,0,0,0,0,0,0,0,0,0,0,,,,,,56-60,56-65,State route,U,Saturday,Belt Used,PV,Not Fatal,0,0,0,0,State Route,Municipal/City Police,Kent Police Department,0,1,0,0,0,,,,,,,,,,,,,,,,,,,,,,,,,,,,,,,,,,,,,,,,,,,
2017,6,3746306,263,01/05/2017,9:53,5,1,0,33,King,1960,1,0,1,1,2,1,1,5,3,,,,12,0,6,0,2,0,2,4,2,4,6,0,0,2,3,1ST AVE,COLUMBIA SR,-122.334175,47.60174444,0,1,89,17,2,25,34,0,0,1,5,8,9,9,4,2,1,2,3,53,0,20,481,2015,0,0,12,12,8,,,,1,1,24,1,0,0,0,0,3,0,11,0,,,,,0,0,0,3,1,38,39,0,0,96,,,,,,0,,,,,,98065,53,69,144,6,1,0,0,0,2,0,0,,,,,,0,06/15/2015,06/15/2016,20,0,0,0,8,9,2,,,0,0,0,0,0,0,0,0,0,0,0,0,0,0,996,,,,,,,,,,,,,,,,,,,,,,,,,,,,,,0,0,0,1,0,0,0,0,0,0,0,0,0,0,0,0,0,0,1,0,0,0,0,1,1,0,0,0,0,1,0,1,0,0,0,,0,0,0,0,0,0,0,0,0,0,1,0,0,0,0,0,,,,,,21-25,16-25,City street,U,Thursday,Belt Used,PV,Not Fatal,1,0,0,0,City Street,Municipal/City Police,Seattle Police Department,0,0,0,1,0,,,,,,,,,,,,,,,,,,,,,,,,,,,,,,,,,,,,,,,,,,,
2017,6,3746306,263,01/05/2017,9:53,5,1,0,33,King,1960,1,0,1,1,2,1,1,5,3,,,,12,0,6,0,2,0,2,4,2,4,6,0,0,2,3,1ST AVE,COLUMBIA SR,-122.334175,47.60174444,0,2,88,66,4,98,6,0,0,1,2,12,8,8,3,4,4,1,1,53,0,37,32,2010,0,0,12,,,,,,1,1,49,2,0,0,0,0,3,0,11,0,,,,,0,0,3,3,1,0,0,0,0,0,,,,,,0,,,,,,98148,53,72,170,6,1,0,0,0,0,0,0,,,,,,0,,,1,0,0,0,8,9,8,,,0,0,0,8,0,0,0,0,0,0,0,0,0,0,996,,,,,,,,,,,,,,,,,,,,,,,,,,,,,,0,0,0,1,0,0,0,0,0,0,0,0,0,0,0,0,0,0,1,0,0,0,0,1,1,0,0,0,0,1,0,1,0,0,0,,0,0,0,0,0,0,0,0,0,0,0,0,0,0,0,0,,,,,,46-50,46-55,City street,U,Thursday,Belt Used,PV,Not Fatal,1,0,0,0,City Street,Municipal/City Police,Seattle Police Department,0,0,0,1,0,,,,,,,,,,,,,,,,,,,,,,,,,,,,,,,,,,,,,,,,,,,
2017,6,3746306,263,01/05/2017,9:53,5,1,0,33,King,1960,1,0,1,1,2,1,1,5,3,,,,12,0,6,0,2,0,2,4,2,4,6,0,0,2,3,1ST AVE,COLUMBIA SR,-122.334175,47.60174444,0,3,98,66,4,98,4,0,0,1,2,12,8,8,3,4,4,2,2,53,0,58,37,2006,0,0,12,,,,,,1,1,37,1,0,0,0,0,3,0,11,0,,,,,0,0,0,3,1,0,0,0,0,0,,,,,,0,,,,,,98199,53,70,190,6,1,0,0,0,1,0,0,,,,,,0,10/15/2013,10/15/2013,20,0,0,0,8,9,8,,,0,0,0,8,0,0,0,0,0,0,0,0,0,0,996,,,,,,,,,,,,,,,,,,,,,,,,,,,,,,0,0,0,1,0,0,0,0,0,0,0,0,0,0,0,0,0,0,1,0,0,0,0,1,1,0,0,0,0,1,0,1,0,0,0,,0,0,0,0,0,0,0,0,0,0,0,0,0,0,0,0,,,,,,36-40,36-45,City street,U,Thursday,Belt Used,PV,Not Fatal,1,0,0,0,City Street,Municipal/City Police,Seattle Police Department,0,0,0,1,0,,,,,,,,,,,,,,,,,,,,,,,,,,,,,,,,,,,,,,,,,,,
2018,388,3746668,263,10/01/2018,14:31,1,10,0,33,King,1960,10,0,1,2,2,1,0,2,2,,,,12,0,6,0,2,0,3,7,2,4,6,0,0,20,3,THORNDYKE AVE W,THORNDYKE PL W,-122.3872472,47.63951389,0,2,82,15,2,5,4,0,0,1,7,12,1,2,2,1,11,1,2,53,0,7,24,2013,0,0,12,,,,,,1,1,41,1,7,1,4,7,3,0,11,0,10/01/2018,14:31,1.96E+11,43046,0,0,0,3,1,0,0,0,0,96,,,,,,99,,,,,,98103,53,70,190,6,1,0,0,0,0,,0,,,,,,0,,,8,0,0,0,0,9,8,,,0,0,0,8,9,2,1,,,1,,,2,1,0,,,,,,,,,,,,,,,,,,,,,,,,,,,,,,0,0,0,1,1,1,0,1,0,0,0,0,0,0,0,0,0,0,0,0,0,0,0,0,0,0,0,0,0,1,0,0,0,0,0,,1,0,0,0,0,0,0,0,0,0,0,0,0,0,0,0,,,,,,41-45,36-45,City street,U,Monday,Belt Used,PV,White,1,0,0,0,City Street,Municipal/City Police,Seattle Police Department,0,0,0,1,0,,,,,,0,0,0,,,,,,,,,,,,,,,,,,,,,,,,,,,,,,,,,,,
2018,388,3746668,263,10/01/2018,14:31,1,10,0,33,King,1960,10,0,1,2,2,1,0,2,2,,,,12,0,6,0,2,0,3,7,2,4,6,0,0,0,0,THORNDYKE AVE W,THORNDYKE PL W,-122.3872472,47.63951389,0,1,83,66,4,30,34,0,0,1,7,12,1,2,2,2,1,1,1,53,0,20,481,2003,0,0,12,63,40,,,,1,1,31,1,0,0,1,0,3,0,11,8,,,,,0,0,0,3,1,0,0,0,0,96,,,,,,9,,,,,,98146,53,69,160,6,1,0,3,0,1,,97,,,,,,0,03/15/2014,08/15/2017,1,0,0,0,8,9,8,,,0,0,0,8,1,2,1,,,1,,,2,1,0.23,,,,,,,,,,,,,,,,,,,,,,,,,,,,,,0,0,0,1,1,1,0,1,0,0,0,0,0,0,0,0,0,0,0,0,0,0,0,0,0,0,0,0,0,1,0,0,0,0,0,,0,0,0,0,0,1,0,1,0,0,0,0,0,1,0,1,,,,,,31-35,26-35,City street,U,Monday,Belt Used,PV,Not Fatal,1,0,0,0,City Street,Municipal/City Police,Seattle Police Department,0,0,0,1,0,,,,,,0,0,0,,,,,,,,,,,,,,,,,,,,,,,,,,,,,,,,,,,
2017,4,3747633,263,01/01/2017,18:47,1,1,1,33,King,1960,1,0,3,1,1,1,1,1,1,,,,8,1,0,0,3,0,2,4,2,4,6,0,0,0,0,WALLINGFORD AVE N,N 82ND ST,-122.3364222,47.6887,0,1,13,80,5,30,14,0,0,1,2,8,1,1,2,1,1,1,2,53,0,23,401,2000,0,0,8,,,,,,1,1,27,2,0,0,0,0,99,0,11,0,,,,,0,0,3,3,1,0,0,0,0,93,,,,,,9,,,,,,98125,53,61,125,6,1,0,1,1,2,0,97,,,,,,0,03/15/2012,12/15/2016,99,0,0,0,8,9,8,,,0,0,0,8,1,2,605,0,0,1,0,0,2,1,0.14,,,,,,,,,,,,,,,,,,,,,,,,,,,,,,0,0,0,1,1,1,1,1,1,1,0,1,0,0,0,0,1,0,0,0,0,0,0,0,0,0,0,0,0,1,0,1,0,0,0,,0,0,0,0,0,1,1,1,1,0,0,0,0,0,0,1,,,,,,26-30,26-35,City street,U,Sunday,Unknown,PV,Not Fatal,1,0,0,0,City Street,Municipal/City Police,Seattle Police Department,0,0,0,1,0,thc,2,carboxy-thc,53,,,,,,,,,,,,,,,,,,,,,,,,,,,,,,,,,,,,,,,
2017,527,3748033,7,12/06/2017,20:05,6,12,0,33,King,1960,1,0,2,1,2,1,0,2,2,,,,12,0,2,0,2,0,2,7,2,4,6,0,0,0,0,8TH AVE,NW 92ND ST,-122.3203194,47.69581667,0,1,68,15,2,30,3,0,0,1,2,12,1,2,2,1,11,1,1,53,0,54,31,1988,0,0,12,,,,,,1,1,72,1,7,1,4,0,3,0,11,4,12/18/2017,12:40,1.96E+11,55681,0,0,0,3,1,48,0,0,0,96,,,,,,99,,,,,,98117,53,70,190,6,1,0,0,0,0,0,97,,,,,,0,,,20,0,0,0,0,9,8,,,0,0,0,8,9,0,0,0,0,0,0,0,0,0,996,,,,,,,,,,,,,,,,,,,,,,,,,,,,,,0,0,0,1,1,0,0,0,0,0,0,0,0,0,0,0,0,0,0,0,0,0,0,0,0,1,1,0,0,1,0,0,0,0,0,,1,0,0,0,0,0,0,0,0,0,0,0,0,0,0,0,,,,,,71-75,66-75,City street,U,Wednesday,Belt Used,PV,White,1,0,0,0,City Street,Municipal/City Police,Seattle Police Department,0,0,0,1,0,,,,,,,,,,,,,,,,,,,,,,,,,,,,,,,,,,,,,,,,,,,
2017,527,3748033,7,12/06/2017,20:05,6,12,0,33,King,1960,1,0,2,1,2,1,0,2,2,,,,12,0,2,0,2,0,2,7,2,4,6,0,0,0,0,8TH AVE,NW 92ND ST,-122.3203194,47.69581667,0,2,69,62,4,30,14,0,0,1,2,12,1,2,2,1,1,1,1,53,0,48,401,2014,0,0,12,,,,,,1,1,64,2,0,0,1,0,3,0,11,0,,,,,0,0,0,3,1,0,0,0,0,0,,,,,,0,,,,,,98117,53,72,180,6,1,0,0,1,1,0,0,,,,,,0,08/15/2014,09/15/2015,8,0,0,0,8,9,8,,,0,0,0,8,1,0,0,0,0,0,0,0,0,0,996,,,,,,,,,,,,,,,,,,,,,,,,,,,,,,0,0,0,1,1,0,0,0,0,0,0,0,0,0,0,0,0,0,0,0,0,0,0,0,0,1,1,0,0,1,0,0,0,0,0,,0,0,0,0,0,0,0,0,0,0,0,0,0,0,0,1,,,,,,61-65,56-65,City street,U,Wednesday,Belt Used,PV,Not Fatal,1,0,0,0,City Street,Municipal/City Police,Seattle Police Department,0,0,0,1,0,,,,,,,,,,,,,,,,,,,,,,,,,,,,,,,,,,,,,,,,,,,
2019,66,3748144,263,01/18/2019,16:32,18,1,,33,King,1960,10,0,3,2,2,1,0,4,2,,,,12,0,1,31,2,0,2,3,2,1,3,0,0,0,0,SR-99,N 84TH ST,-122.3445972,47.68983889,0,2,25,53,3,30,52,0,0,1,5,12,1,1,3,3,4,3,3,53,3,98,988,2011,0,0,12,,,,,,1,1,60,1,0,,0,0,3,0,11,0,,,,,6,1,0,3,1,0,0,0,0,96,,,,,,0,,,,,,98101,53,71,175,6,1,0,0,0,0,,0,,,,,,0,,,20,0,0,0,8,9,8,,,0,0,0,8,0,8,95,,,96,,,8,95,995,,,,,,,,,,,,,,,,,,,,,,,,,,,,,,0,0,0,1,0,0,0,0,0,0,0,0,1,0,0,0,0,0,0,0,0,0,0,0,0,1,1,1,0,1,0,0,0,0,0,,0,0,0,0,0,0,0,0,0,0,0,0,0,0,0,0,,,,,,56-60,56-65,State route,U,Friday,,BUS,Not Fatal,0,0,0,0,State Route,Municipal/City Police,Seattle Police Department,0,1,0,0,0,,,,,,0,0,0,,,,,,,,,,,98,98,98,0,,,,,20,7,,,,,,,,,,,,,,,
2019,66,3748144,263,01/18/2019,16:32,18,1,,33,King,1960,10,0,3,2,2,1,0,4,2,,,,12,0,1,31,2,0,2,3,2,1,3,0,0,0,0,SR-99,N 84TH ST,-122.3445972,47.68983889,0,1,24,51,3,30,2,0,0,1,7,12,1,1,3,3,1,1,1,53,0,19,3,1969,0,0,12,,,,,,1,1,76,1,7,,4,8,99,7,11,4,01/18/2019,17:07,1.96E+11,3606,0,0,3,3,1,0,0,0,0,96,,,,,,99,,,,,,98133,53,72,180,6,1,0,0,0,0,,0,,,,,,4,,,20,9,0,0,0,9,8,,,0,0,0,8,9,2,1,,,1,,,2,1,0,,,,,,,,,,,,,,,,,,,,,,,,,,,,,,0,0,0,1,0,0,0,0,0,0,0,0,1,0,0,0,0,0,0,0,0,0,0,0,0,1,1,1,0,1,0,0,0,0,0,,1,0,0,0,0,0,0,0,0,1,0,0,0,0,0,0,,,,,,76-80,76+,State route,U,Friday,Unknown,PV,White,0,0,0,0,State Route,Municipal/City Police,Seattle Police Department,0,1,0,0,0,,,,,,0,0,0,,,,,,,,,,,0,0,0,1,,,,,20,7,,,,,,,,,,,,,,,
2021,156,3751020,263,04/10/2021,17:28,10,4,,33,King,1960,1,,1,1,2,1,1,1,1,,,,8,1,0,27.6,1,0,1,2,2,1,3,0,0,0,0,SR-99,,-122.3465056,47.64088333,0,1,1,13,2,25,29,0,0,1,5,8,1,1,2,3,1,99,9,99,0,99,499,9999,0,,63,8,,,,,1,1,999,1,0,,9,0,99,7,11,0,,,,,99,9,9,9,1,0,,,,96,,,,,,98,,,,,,99999,99,,999,9,9,99,99,99,99,,0,,,,,,0,,,99,0,0,0,8,9,8,,,0,,,8,8,0,0,,,0,,,0,0,996,,,,,,,,,,,,,,,,,,,,,,,,,,,,,,0,0,1,0,0,0,0,0,0,0,0,0,0,0,0,0,0,0,0,0,0,0,0,0,0,0,0,0,0,1,0,1,0,0,0,,0,0,0,0,0,0,0,0,0,0,0,0,0,0,0,0,,,,,,,,State route,U,Saturday,Unknown,PV,Not Fatal,0,0,0,0,State Route,Municipal/City Police,Seattle Police Department,0,1,0,0,0,,,,,,99,99,99,,,,,,,,,,,98,98,98,0,,,,,20,,,,,,,,,1,0,,,,,,
2018,293,3751258,263,06/22/2018,0:26,22,6,0,33,King,1960,1,0,3,1,1,1,0,5,4,,,,12,0,6,0,2,0,2,7,2,4,6,0,0,3,3,NW MARKET ST,15TH AVE NW,-122.3762194,47.66867222,0,1,89,17,2,30,34,0,0,1,7,12,1,1,6,1,1,2,2,53,0,41,471,1998,0,0,12,63,30,,,,1,1,49,1,7,1,4,7,99,0,11,0,06/22/2018,0:26,1.96E+11,31282,0,0,0,2,1,39,0,0,0,96,,,,,,99,,,,,,98038,53,69,190,1,1,0,2,2,0,,0,,,,,,0,10/15/2013,08/15/2014,8,0,0,1,0,9,8,,,0,0,0,8,9,2,177,417,,1,1,,2,1,0,,,,,,,,,,,,,,,,,,,,,,,,,,,,,,0,0,0,1,0,0,1,1,0,0,0,0,0,1,0,0,0,0,0,0,0,1,1,1,1,0,0,0,0,1,0,0,0,0,0,,1,0,0,0,0,0,1,1,0,0,0,1,0,0,1,0,,,,,,46-50,46-55,City street,U,Friday,Unknown,PV,White,1,0,0,0,City Street,Municipal/City Police,Seattle Police Department,0,0,0,1,0,,,,,,0,0,0,,,,,,,,,,,,,,,,,,,,,,,,,,,,,,,,,,,
2018,293,3751258,263,06/22/2018,0:26,22,6,0,33,King,1960,1,0,3,1,1,1,0,5,4,,,,12,0,6,0,2,0,2,7,2,4,6,0,0,3,3,NW MARKET ST,15TH AVE NW,-122.3762194,47.66867222,0,4,98,62,4,30,6,0,0,1,5,12,1,1,7,1,5,1,2,53,0,51,43,1998,0,0,12,,,,,,1,1,20,2,0,0,0,0,99,0,11,0,,,,,0,0,0,3,1,0,0,0,0,96,,,,,,0,,,,,,98198,53,63,120,6,1,0,1,1,1,,0,,,,,,0,07/15/2014,01/15/2015,20,0,0,0,8,9,8,,,0,0,0,8,0,8,95,,,96,,,8,95,995,,,,,,,,,,,,,,,,,,,,,,,,,,,,,,0,0,0,1,0,0,1,1,0,0,0,0,0,1,0,0,0,0,0,0,0,1,1,1,1,0,0,0,0,1,0,0,0,0,0,,0,0,0,0,0,0,0,0,0,0,0,0,0,0,0,0,,,,,,18-20,16-25,City street,U,Friday,Unknown,PV,Not Fatal,1,0,0,0,City Street,Municipal/City Police,Seattle Police Department,0,0,0,1,0,,,,,,0,0,0,,,,,,,,,,,,,,,,,,,,,,,,,,,,,,,,,,,