year,case,par,repjur,crash_dt,crash_tm,accday,accmon,holiday,county,co_char,city,weather,weather2,lightcond,surfcond,surftype,numfatal,nmforms,pforms,vforms,not_tm,arr_tm,hosp_tm,fhevent,hitrun,manncol,milepnt,reljunc,reljuncinter,intersectiontype,funcsystem,landuse,ownership,route,schlbus,spejur,contdev,devfunc,trafid1,trafid2,x,y,wk_zone,vnumber,crashtype,criticalevent,criticaleventcat,spdlim,body,trailer,emerg,hazcargo,leave,mhevent,roadalgn,roadprof,traflane,trafflow,vehmanvr,numoccs,regowner,regstate,spuse,make,model,modelyr,vrf1,vrf2,seqevent1,seqevent2,seqevent3,seqevent4,seqevent5,seqevent6,pnumber,ptype,age,sex,hispanic,race,injury,diedscene,restraint,restraintmisuse,seatpos,takehosp,death_dt,death_tm,cert,cernum_wa,commlic,licendor,licrestrict,liccomp,drivpres,drf1,drf2,drf3,drf4,distract1,distract2,distract3,distract4,distract5,distract6,dricond1,dricond2,dricond3,dricond4,dricond5,dricond6,dzip,licstate,drhgt_in,weight,noncdl,noncdltype,prevdwi,prevoth,prevacc,prevspd,prevsus,driviol1,driviol2,driviol3,driviol4,driviol5,driviol6,spdrel,first_dt,last_dt,airbag,ejection,ejectpath,extricat,injurwrk,methalc,methdrug,nmlocat,strikveh,prf1,prf2,prf3,druginv,alcinvol,drugsts,drugres1,drugres2,drugres3,drugtst1,drugtst2,drugtst3,alcsts,alctst,alcres,nmact1,nmact2,nmact3,nmact4,nmact5,nmact6,nmprior1,nmprior2,nmprior3,nmprior4,nmprior5,nmprior6,nmcond1,nmcond2,nmcond3,nmcond4,nmcond5,nmcond6,nmsafe_helmet,nmsafe_pads,nmsafe_oth,nmprev_ref,nmprev_lgt,nmprev_oth,crashlocation,nmcrashtype,crosswalk,schoolzone,sidewalk,train_inv,wildlife_inv,rotr_fars,intersect_fars,dd_inv,aid_inv,dpd_inv,id_inv,mj_inv,impnm_inv,ainm_inv,dpnm_inv,speed_inv,unlic_inv,unendmc_inv,drowsy_inv,drdist_inv,nmdist_inv,fty_inv,unrestfat_inv,dr1617_inv,dr1820_inv,dr1620_inv,dr2125_inv,dr1625_inv,dr65_inv,dr70_inv,dr75_inv,mc_inv,pv_inv,ht_inv,ped_inv,bike_inv,unrest_fat,mc_fat,unhelmet_mc,pv_fat,ht_fat,ped_fat,bike_fat,dr_alc7,dr_alc8,dr_drug,dr_imp,dr_dist,dr_spd,dr_fty,dr_unlic,dr_alc7only,dr_alc8only,dr_drugonly,dr_drink,nm_imp,nm_alc7,nm_alc8,nm_drug,nm_dist,agegrp1,agegrp2,roadclass,urbrur,dayweek,restuse,vehtype,race_me,intersect,lanedep,oppdir,wrongway,rep_typ,investag,repag_long,rotr,st_rd,cty_rd,city_rd,oth_rd,drug_thc,thc_res,drug_cthc,cthc_res,drug_cann,prevpersemin,prevperse,prevsusoth,drugtst4,drugtst5,drugtst6,drugtst7,drugtst8,drugres4,drugres5,drugres6,drugres7,drugres8,adspresent,adsengaged,adslevel,race1,race2,race3,race4,race5,helmet,helmetmisuse,nmdistract1,nmdistract2,nmdistract3,nmdistract4,nmdistract5,nmdistract6,lab,isedtcase,crf1,crf2,crf3,CoRoadName,CoMP,IntCoRoadName,IntCoMP
2018,293,3751258,263,06/22/2018,0:26,22,6,0,33,King,1960,1,0,3,1,1,1,0,5,4,,,,12,0,6,0,2,0,2,7,2,4,6,0,0,3,3,NW MARKET ST,15TH AVE NW,-122.3762194,47.66867222,0,3,98,66,4,30,4,0,0,1,7,12,1,1,7,1,1,1,1,53,0,55,33,2015,0,0,12,12,,,,,1,1,34,2,0,0,1,0,99,0,11,0,,,,,0,0,3,3,1,0,0,0,0,96,,,,,,0,,,,,,98199,53,61,140,6,1,0,0,0,0,,0,,,,,,0,,,1,0,0,0,8,9,8,,,0,0,0,8,0,8,95,,,96,,,8,95,995,,,,,,,,,,,,,,,,,,,,,,,,,,,,,,0,0,0,1,0,0,1,1,0,0,0,0,0,1,0,0,0,0,0,0,0,1,1,1,1,0,0,0,0,1,0,0,0,0,0,,0,0,0,0,0,0,0,0,0,0,0,0,0,0,0,0,,,,,,31-35,26-35,City street,U,Friday,Unknown,PV,Not Fatal,1,0,0,0,City Street,Municipal/City Police,Seattle Police Department,0,0,0,1,0,,,,,,0,0,0,,,,,,,,,,,,,,,,,,,,,,,,,,,,,,,,,,,
2018,293,3751258,263,06/22/2018,0:26,22,6,0,33,King,1960,1,0,3,1,1,1,0,5,4,,,,12,0,6,0,2,0,2,7,2,4,6,0,0,3,3,NW MARKET ST,15TH AVE NW,-122.3762194,47.66867222,0,2,88,66,4,30,14,0,0,1,7,12,1,1,7,1,1,1,2,53,0,49,402,2016,0,0,12,12,,,,,1,1,21,1,0,0,1,0,99,0,11,4,,,,,0,0,0,3,1,0,0,0,0,96,,,,,,0,,,,,,99224,53,72,190,6,1,0,0,0,2,,0,,,,,,0,09/15/2014,11/15/2014,8,0,0,0,8,9,8,,,0,0,0,8,0,8,95,,,96,,,8,95,995,,,,,,,,,,,,,,,,,,,,,,,,,,,,,,0,0,0,1,0,0,1,1,0,0,0,0,0,1,0,0,0,0,0,0,0,1,1,1,1,0,0,0,0,1,0,0,0,0,0,,0,0,0,0,0,0,0,0,0,0,0,0,0,0,0,0,,,,,,21-25,16-25,City street,U,Friday,Unknown,PV,Not Fatal,1,0,0,0,City Street,Municipal/City Police,Seattle Police Department,0,0,0,1,0,,,,,,0,0,0,,,,,,,,,,,,,,,,,,,,,,,,,,,,,,,,,,,
2019,505,3751331,263,08/14/2019,22:06,14,8,,33,King,1960,1,0,3,1,2,1,1,1,1,,,,8,1,0,31.1,1,0,1,3,2,1,3,0,0,0,0,SR-99,,-122.3446278,47.69111667,0,1,13,80,5,35,14,0,0,1,3,8,1,1,2,2,1,1,1,53,0,41,403,2014,0,0,8,,,,,,1,1,41,1,0,,0,0,99,7,11,0,,,,,0,0,3,3,1,0,0,0,0,96,,,,,,99,,,,,,98028,53,71,300,6,1,0,0,0,0,,97,,,,,,0,,,20,0,0,0,8,9,2,,,0,0,0,1,9,8,95,,,96,,,8,95,995,,,,,,,,,,,,,,,,,,,,,,,,,,,,,,0,0,0,0,0,0,0,0,0,1,0,1,0,0,0,0,0,0,0,0,0,0,0,0,0,0,0,0,0,1,0,1,0,0,0,,0,0,0,0,0,0,0,0,0,0,0,0,0,0,0,0,,,,,,41-45,36-45,State route,U,Wednesday,Unknown,PV,Not Fatal,0,0,0,0,State Route,Municipal/City Police,Seattle Police Department,0,1,0,0,0,,,,,,0,0,0,,,,,,,,,,,98,98,98,0,,,,,20,7,,,,,,,,,,,,,,,
2018,361,3751710,263,09/30/2018,5:26,30,9,0,33,King,1960,1,0,3,1,2,1,0,2,4,,,,12,0,6,30.5,2,0,2,3,2,1,3,0,0,3,3,SR-99,WINORE AVE N,-122.3446,47.68274167,0,1,69,17,2,30,4,0,0,1,2,12,1,2,2,2,1,1,1,53,0,59,32,1996,0,0,12,,,,,,1,1,29,1,0,0,1,0,99,0,11,5,,,,,0,0,0,0,1,39,0,0,0,96,,,,,,9,,,,,,98106,53,69,205,0,0,0,1,0,0,,97,,,,,,3,11/15/2014,11/15/2014,99,0,0,0,8,9,8,,,0,0,0,8,1,2,695,605,,1,1,,2,1,0.032,,,,,,,,,,,,,,,,,,,,,,,,,,,,,,0,0,0,1,1,1,1,1,1,0,0,0,1,1,0,0,0,0,0,0,0,0,0,0,0,0,0,0,0,1,0,0,0,0,0,,0,0,0,0,1,0,1,1,0,1,0,1,0,0,0,1,,,,,,26-30,26-35,State route,U,Sunday,Unknown,PV,Not Fatal,1,0,0,0,State Route,Municipal/City Police,Seattle Police Department,0,1,0,0,0,thc,3.6,carboxy-thc,17,,0,0,0,,,,,,,,,,,,,,,,,,,,,,,,,,,,,,,,,,,
2018,361,3751710,263,09/30/2018,5:26,30,9,0,33,King,1960,1,0,3,1,2,1,0,2,4,,,,12,0,6,30.5,2,0,2,3,2,1,3,0,0,3,3,SR-99,WINORE AVE N,-122.3446,47.68274167,0,2,68,54,3,30,4,0,0,1,2,12,1,2,2,2,11,1,1,53,0,55,33,2013,0,0,12,14,14,,,,1,1,46,1,7,1,4,7,99,0,11,0,09/30/2018,5:26,1.96E+11,42893,0,0,0,3,1,0,0,0,0,96,,,,,,0,,,,,,98106,53,77,220,6,1,0,0,0,0,,0,,,,,,0,,,8,0,0,0,0,9,8,,,0,0,0,8,9,2,1,,,1,,,2,1,0.23,,,,,,,,,,,,,,,,,,,,,,,,,,,,,,0,0,0,1,1,1,1,1,1,0,0,0,1,1,0,0,0,0,0,0,0,0,0,0,0,0,0,0,0,1,0,0,0,0,0,,1,0,0,0,0,1,0,1,0,0,0,0,0,1,0,1,,,,,,46-50,46-55,State route,U,Sunday,Unknown,PV,White,1,0,0,0,State Route,Municipal/City Police,Seattle Police Department,0,1,0,0,0,,,,,,0,0,0,,,,,,,,,,,,,,,,,,,,,,,,,,,,,,,,,,,
2017,183,3751757,40,05/17/2017,,17,5,,63,Spokane,0,1,0,1,1,2,1,0,1,1,6:44,7:02,,1,0,0,7.2,1,0,1,5,1,2,4,0,0,0,0,CR-ROCK LAKE RD,,-117.5895556,47.34524722,0,1,6,12,2,55,14,0,0,1,2,1,3,1,2,1,14,1,2,53,0,12,402,2006,0,0,63,69,68,64,1,30,1,1,19,2,7,1,4,0,3,0,11,5,05/17/2017,11:16,2.11E+11,23691,0,0,3,3,1,0,0,0,0,93,,,,,,99,,,,,,99206,53,70,155,6,1,0,0,0,0,0,0,,,,,,3,,,20,0,0,0,0,9,8,,,0,0,0,8,9,2,1,0,0,1,0,0,2,1,0,,,,,,,,,,,,,,,,,,,,,,,,,,,,,,0,0,1,0,0,0,0,0,0,0,0,0,1,0,0,0,1,0,0,0,0,1,1,0,1,0,0,0,0,1,0,0,0,0,0,,1,0,0,0,0,0,0,0,1,1,0,0,0,0,0,0,,,,,,18-20,16-25,County road,R,Wednesday,Belt Used,PV,White,0,1,0,0,County Road,County Sheriff,Spokane County Sheriff's Office,1,0,1,0,0,,,,,,,,,,,,,,,,,,,,,,,,,,,,,,,,,,,,,,,,,,,
2017,333,3752234,160,08/17/2017,20:28,17,8,0,33,King,1030,1,0,5,1,2,1,0,2,2,,,,12,0,2,0,1,0,1,4,2,4,6,0,0,0,0,MILITARY RD S,,-122.2917722,47.36603889,0,2,51,62,4,98,21,0,0,1,2,12,3,2,2,1,14,1,1,53,0,20,461,1990,0,0,12,,,,,,1,1,22,1,0,0,3,0,99,0,11,8,,,,,0,0,0,3,1,0,0,0,0,0,,,,,,0,,,,,,98003,53,70,150,6,1,0,0,0,1,0,0,,,,,,0,04/15/2016,04/15/2016,99,0,0,0,8,9,8,,,0,0,0,8,9,0,0,0,0,0,0,0,0,0,996,,,,,,,,,,,,,,,,,,,,,,,,,,,,,,0,0,0,0,1,1,0,1,0,0,0,0,1,0,0,0,0,0,0,0,0,0,0,1,1,0,0,0,0,1,0,0,0,0,0,,0,0,0,0,0,0,0,0,0,0,0,0,0,0,0,0,,,,,,21-25,16-25,City street,U,Thursday,Unknown,PV,Not Fatal,0,1,1,0,City Street,Municipal/City Police,Kent Police Department,0,0,0,1,0,,,,,,,,,,,,,,,,,,,,,,,,,,,,,,,,,,,,,,,,,,,
2017,333,3752234,160,08/17/2017,20:28,17,8,0,33,King,1030,1,0,5,1,2,1,0,2,2,,,,12,0,2,0,1,0,1,4,2,4,6,0,0,0,0,MILITARY RD S,,-122.2917722,47.36603889,0,1,50,10,2,98,2,0,0,1,2,12,2,1,2,1,14,1,1,53,0,12,3,2000,0,0,12,,,,,,1,1,49,1,7,1,4,7,99,0,11,0,08/17/2017,20:28,1.03E+11,36150,0,0,0,3,1,51,0,0,0,96,,,,,,99,,,,,,98354,53,71,135,6,1,1,1,0,0,1,0,,,,,,3,03/15/2015,08/15/2015,8,0,0,0,0,9,8,,,0,0,0,8,9,2,1,0,0,1,0,0,2,1,0.22,,,,,,,,,,,,,,,,,,,,,,,,,,,,,,0,0,0,0,1,1,0,1,0,0,0,0,1,0,0,0,0,0,0,0,0,0,0,1,1,0,0,0,0,1,0,0,0,0,0,,1,0,0,0,0,1,0,1,0,1,0,0,0,1,0,1,,,,,,46-50,46-55,City street,U,Thursday,Unknown,PV,White,0,1,1,0,City Street,Municipal/City Police,Kent Police Department,0,0,0,1,0,,,,,,,,,,,,,,,,,,,,,,,,,,,,,,,,,,,,,,,,,,,
2019,276,3752584,263,07/15/2019,8:46,15,7,,33,King,1960,10,0,1,1,1,1,1,1,1,,,,8,0,0,0,1,0,1,4,2,4,6,0,0,0,0,SW ADMIRAL WY,,-122.4054083,47.57709167,0,1,13,80,5,30,34,0,0,1,7,8,1,2,3,5,1,1,2,53,0,12,471,2000,0,0,8,,,,,,1,1,54,1,0,,0,0,3,0,11,0,,,,,0,0,0,3,1,0,0,0,0,96,,,,,,0,,,,,,96075,6,69,170,6,1,0,0,0,0,,0,,,,,,0,,,20,0,0,0,8,9,8,,,0,0,0,8,0,2,1,,,1,,,2,1,0.18,,,,,,,,,,,,,,,,,,,,,,,,,,,,,,0,0,0,0,1,1,0,1,0,0,0,0,0,0,0,0,0,0,0,0,0,0,0,0,0,0,0,0,0,1,0,1,0,0,0,,0,0,0,0,0,1,0,1,0,0,0,0,0,1,0,1,,,,,,51-55,46-55,City street,U,Monday,Belt Used,PV,Not Fatal,0,0,0,0,City Street,Municipal/City Police,Seattle Police Department,0,0,0,1,0,,,,,,0,0,0,,,,,,,,,,,98,98,98,0,,,,,20,7,,,,,,,,,,,,,,,
2019,516,3752636,263,04/20/2019,19:06,20,4,,33,King,1960,1,0,1,1,2,1,0,2,2,,,,12,0,6,0,2,0,3,3,2,4,6,0,0,20,3,35TH AVE,SW HUDSON ST,-122.3762806,47.55740278,0,1,82,15,2,30,14,0,0,1,7,12,1,1,2,1,11,1,1,53,0,48,401,2009,0,0,12,,,,,,1,1,98,1,7,,4,0,99,7,11,5,04/25/2019,21:35,1.96E+11,19088,0,0,3,3,1,38,0,0,0,96,,,,,,99,,,,,,98136,53,68,140,6,1,0,1,1,0,,0,,,,,,0,07/15/2018,07/15/2018,1,0,0,1,0,9,8,,,0,0,0,8,9,2,1,,,1,,,2,1,0,,,,,,,,,,,,,,,,,,,,,,,,,,,,,,0,0,0,1,0,0,0,0,0,0,0,0,0,0,0,0,0,0,1,0,0,0,0,0,0,1,1,1,0,1,0,0,0,0,0,,1,0,0,0,0,0,0,0,0,0,1,0,0,0,0,0,,,,,,81+,76+,City street,U,Saturday,Unknown,PV,White,1,0,0,0,City Street,Municipal/City Police,Seattle Police Department,0,0,0,1,0,,,,,,0,0,0,,,,,,,,,,,98,98,98,1,,,,,20,7,,,,,,,,,,,,,,,
2019,516,3752636,263,04/20/2019,19:06,20,4,,33,King,1960,1,0,1,1,2,1,0,2,2,,,,12,0,6,0,2,0,3,3,2,4,6,0,0,0,0,35TH AVE,SW HUDSON ST,-122.3762806,47.55740278,0,2,83,67,4,30,15,0,0,1,7,12,1,1,4,1,1,1,1,53,0,2,422,2018,0,0,12,,,,,,1,1,45,1,0,,2,0,99,7,11,0,,,,,0,0,0,3,1,0,0,0,0,96,,,,,,0,,,,,,98136,53,69,165,6,1,0,0,1,0,,0,,,,,,0,04/15/2018,04/15/2018,1,0,0,0,8,9,2,,,0,0,0,0,0,8,95,,,96,,,8,95,995,,,,,,,,,,,,,,,,,,,,,,,,,,,,,,0,0,0,1,0,0,0,0,0,0,0,0,0,0,0,0,0,0,1,0,0,0,0,0,0,1,1,1,0,1,0,0,0,0,0,,0,0,0,0,0,0,0,0,0,0,0,0,0,0,0,0,,,,,,41-45,36-45,City street,U,Saturday,Unknown,PV,Not Fatal,1,0,0,0,City Street,Municipal/City Police,Seattle Police Department,0,0,0,1,0,,,,,,0,0,0,,,,,,,,,,,98,98,98,0,,,,,20,7,,,,,,,,,,,,,,,
2017,446,3753162,263,09/15/2017,17:59,15,9,0,33,King,1960,1,0,1,1,1,1,0,1,1,,,,10,0,0,0,6,0,1,3,2,4,6,0,0,65,3,M L KING JR WAY,S MYRTLE,-122.2821944,47.53890278,0,1,98,98,7,30,4,0,0,1,2,10,1,1,2,3,11,1,1,53,0,49,32,1999,0,0,10,,,,,,1,1,42,1,7,48,4,0,99,0,11,4,10/10/2017,23:20,1.96E+11,45065,0,0,0,3,1,0,0,0,0,6,,,,,,99,,,,,,98144,53,66,170,6,1,0,0,1,0,0,0,,,,,,0,06/15/2017,06/15/2017,99,0,0,1,0,9,8,,,0,0,0,8,9,2,348,402,0,1,1,0,2,1,0,,,,,,,,,,,,,,,,,,,,,,,,,,,,,,1,0,0,0,0,0,1,1,0,0,0,0,0,0,0,0,1,0,0,0,0,0,0,0,0,0,0,0,0,1,0,0,0,0,0,,1,0,0,0,0,0,1,1,1,0,0,0,0,0,1,0,,,,,,41-45,36-45,City street,U,Friday,Unknown,PV,API,1,0,0,0,City Street,Municipal/City Police,Seattle Police Department,0,0,0,1,0,,,,,,,,,,,,,,,,,,,,,,,,,,,,,,,,,,,,,,,,,,,
2019,114,3753164,263,02/25/2019,16:26,25,2,,33,King,1960,1,0,1,1,1,1,1,1,1,,,,9,1,0,0,1,0,1,3,2,4,6,0,0,0,0,RAINER AVE S,,-122.2687556,47.519875,0,1,13,83,5,98,4,0,0,1,5,9,4,1,5,5,14,99,9,99,0,99,399,9999,0,0,9,,,,,,1,1,999,9,0,,9,0,98,7,11,8,,,,,99,9,9,9,1,0,0,0,0,96,,,,,,99,,,,,,99999,99,,999,9,9,99,99,99,99,,97,,,,,,0,,,98,0,0,0,8,9,8,,,0,0,0,8,9,0,0,,,0,,,0,0,996,,,,,,,,,,,,,,,,,,,,,,,,,,,,,,0,0,0,0,0,0,0,0,0,0,0,0,0,0,0,0,0,0,0,0,0,0,0,0,0,0,0,0,0,1,0,0,1,0,0,,0,0,0,0,0,0,0,0,0,0,0,0,0,0,0,0,,,,,,,,City street,U,Monday,Unknown,PV,Not Fatal,0,0,0,0,City Street,Municipal/City Police,Seattle Police Department,0,0,0,1,0,,,,,,99,99,99,,,,,,,,,,,98,98,98,0,,,,,20,7,,,,,,,,,,,,,,,
2017,432,3753424,263,10/12/2017,20:39,12,10,0,33,King,1960,10,0,3,2,1,1,1,1,1,,,,8,0,0,0,3,0,2,7,2,4,6,0,0,2,3,WESTLAKE AVE,BLANCHARD ST,-122.3383472,47.617775,0,1,13,80,5,25,52,0,0,1,5,8,1,1,2,2,10,1,3,53,3,98,988,2010,0,0,8,,,,,,1,1,68,2,0,0,0,0,3,0,11,0,,,,,6,1,0,3,1,0,0,0,0,96,,,,,,0,,,,,,98033,53,64,170,6,1,0,0,0,0,0,0,,,,,,0,,,20,0,0,0,8,3,8,,,0,0,0,8,0,0,0,0,0,0,0,0,0,0,996,,,,,,,,,,,,,,,,,,,,,,,,,,,,,,0,0,0,1,0,0,0,0,0,0,0,0,0,0,0,0,0,1,0,0,0,0,0,0,0,1,0,0,0,0,0,1,0,0,0,,0,0,0,0,0,0,0,0,0,0,0,0,0,0,0,0,,,,,,66-70,66-75,City street,U,Thursday,,BUS,Not Fatal,1,0,0,0,City Street,Municipal/City Police,Seattle Police Department,0,0,0,1,0,,,,,,,,,,,,,,,,,,,,,,,,,,,,,,,,,,,,,,,,,,,
2017,37,3753857,263,01/13/2017,15:07,13,1,0,33,King,1960,1,0,1,1,2,1,1,1,1,,,,9,0,0,0,1,0,1,4,2,4,6,0,0,0,0,S GRAHAM ST,,-122.2861917,47.54603611,0,1,13,83,5,98,14,0,0,1,2,9,1,1,2,1,1,1,1,53,0,49,402,2012,0,0,9,,,,,,1,1,59,1,0,0,0,0,3,0,11,0,,,,,0,0,3,3,1,0,0,0,0,96,,,,,,98,,,,,,98108,53,64,130,6,1,0,0,0,0,0,0,,,,,,0,,,20,0,0,0,8,9,8,,,0,0,0,8,8,0,0,0,0,0,0,0,0,0,996,,,,,,,,,,,,,,,,,,,,,,,,,,,,,,0,0,0,0,0,0,0,0,0,1,0,1,0,0,0,0,0,0,0,0,0,0,0,0,0,0,0,0,0,1,0,0,1,0,0,,0,0,0,0,0,0,0,0,0,0,0,0,0,0,0,0,,,,,,56-60,56-65,City street,U,Friday,Belt Used,PV,Not Fatal,0,0,0,0,City Street,Municipal/City Police,Seattle Police Department,0,0,0,1,0,,,,,,,,,,,,,,,,,,,,,,,,,,,,,,,,,,,,,,,,,,,
2019,478,3754063,263,11/29/2019,13:04,29,11,,33,King,1960,1,0,1,1,2,2,4,1,1,,,,31,1,0,28.5,1,0,1,2,2,1,3,0,0,0,0,SR-99,,-122.3472361,47.65415556,0,1,1,13,2,30,4,0,0,1,7,8,1,1,3,3,6,1,3,53,0,35,43,2019,0,0,63,31,30,1,8,8,1,1,23,2,0,,0,0,99,7,11,0,,,,,0,0,3,3,1,33,0,0,0,96,,,,,,99,,,,,,98036,53,64,130,6,1,0,0,0,0,,97,,,,,,3,,,8,0,0,0,8,9,8,,,0,0,0,8,9,2,695,605,,1,1,,2,1,0,,,,,,,,,,,,,,,,,,,,,,,,,,,,,,0,0,1,0,0,0,1,1,1,0,0,0,1,0,0,0,0,0,0,0,0,0,0,1,1,0,0,0,0,1,0,1,0,0,0,,0,0,0,0,0,0,1,1,0,1,0,0,0,0,1,0,,,,,,21-25,16-25,State route,U,Friday,Unknown,PV,Not Fatal,0,1,0,0,State Route,Municipal/City Police,Seattle Police Department,1,1,0,0,0,thc,1.9,carboxy-thc,13,,0,0,0,,,,,,,,,,,98,98,98,0,,,,,20,7,,,,,,,,,,,,,,,
2018,28,3754152,263,01/14/2018,4:30,14,1,2,33,King,1960,1,0,3,1,2,1,1,1,1,,,,9,0,0,0,1,0,1,4,2,4,6,0,0,0,0,SEAVIEW AVE NW,,-122.4046611,47.68018889,0,1,13,83,5,30,6,0,0,1,5,9,1,1,5,5,1,1,2,53,0,30,42,2016,0,0,9,,,,,,1,1,17,1,0,0,0,0,99,0,11,0,,,,,0,0,3,3,1,10,0,0,0,96,,,,,,0,,,,,,98117,53,71,130,6,2,0,0,0,0,,0,,,,,,0,,,20,0,0,0,8,3,2,,,0,0,0,0,0,8,95,,,96,,,8,95,995,,,,,,,,,,,,,,,,,,,,,,,,,,,,,,0,0,0,0,0,0,0,0,0,1,0,1,0,0,0,0,0,0,0,0,1,0,1,0,1,0,0,0,0,1,0,0,1,0,0,,0,0,0,0,0,0,0,0,0,0,0,0,0,0,0,0,,,,,,16-17,16-25,City street,U,Sunday,Unknown,PV,Not Fatal,0,0,0,0,City Street,Municipal/City Police,Seattle Police Department,0,0,0,1,0,,,,,,0,0,0,,,,,,,,,,,,,,,,,,,,,,,,,,,,,,,,,,,
2018,120,3754330,263,04/30/2018,23:36,30,4,0,33,King,1960,1,0,3,1,2,1,1,2,2,,,,8,1,0,1.9,1,0,1,3,2,1,3,0,0,0,0,SR-513,40TH AVE NE,-122.28505,47.66282778,0,1,13,80,5,35,99,0,0,1,5,8,1,1,5,1,1,99,9,99,0,99,999,9999,0,0,8,,,,,,1,1,39,8,0,0,0,0,98,0,11,0,,,,,0,0,0,3,1,0,0,0,0,96,,,,,,99,,,,,,98198,53,69,172,6,1,0,0,2,1,,97,,,,,,0,09/15/2014,10/15/2016,98,0,0,0,8,9,8,,,0,0,0,8,9,8,95,,,96,,,8,95,995,,,,,,,,,,,,,,,,,,,,,,,,,,,,,,0,0,0,0,0,0,0,0,0,1,1,1,0,0,0,0,0,0,0,0,0,0,0,0,0,0,0,0,0,1,0,1,0,0,0,,0,0,0,0,0,0,0,0,0,0,0,0,0,0,0,0,,,,,,36-40,36-45,State route,U,Monday,,NR-U,Not Fatal,0,0,0,0,State Route,Municipal/City Police,Seattle Police Department,0,1,0,0,0,,,,,,0,0,0,,,,,,,,,,,,,,,,,,,,,,,,,,,,,,,,,,,
2018,120,3754330,263,04/30/2018,23:36,30,4,0,33,King,1960,1,0,3,1,2,1,1,2,2,,,,8,1,0,1.9,1,0,1,3,2,1,3,0,0,0,0,SR-513,40TH AVE NE,-122.28505,47.66282778,0,2,98,80,5,35,98,0,0,1,5,8,1,1,5,1,1,99,9,99,0,97,997,9998,0,0,8,,,,,,1,1,998,9,0,0,0,0,98,0,11,0,,,,,99,9,9,9,1,0,0,0,0,96,,,,,,99,,,,,,99999,99,,999,9,9,99,99,99,99,,97,,,,,,9,,,98,0,0,0,8,9,8,,,0,0,0,8,9,8,95,,,96,,,8,95,995,,,,,,,,,,,,,,,,,,,,,,,,,,,,,,0,0,0,0,0,0,0,0,0,1,1,1,0,0,0,0,0,0,0,0,0,0,0,0,0,0,0,0,0,1,0,1,0,0,0,,0,0,0,0,0,0,0,0,0,0,0,0,0,0,0,0,,,,,,,,State route,U,Monday,Unknown,NR-U,Not Fatal,0,0,0,0,State Route,Municipal/City Police,Seattle Police Department,0,1,0,0,0,,,,,,99,99,99,,,,,,,,,,,,,,,,,,,,,,,,,,,,,,,,,,,
2018,55,3754437,263,02/18/2018,17:15,18,2,3,33,King,1960,6,0,5,1,1,1,1,1,1,,,,8,0,0,33.4,1,0,1,3,2,1,3,0,0,0,0,SR-99,,-122.3449806,47.72318889,0,1,13,80,5,35,52,0,0,1,5,8,1,2,6,1,8,13,3,53,3,98,988,2013,0,0,8,,,,,,1,1,49,1,0,0,0,0,3,0,11,0,,,,,6,1,3,3,1,0,0,0,0,96,,,,,,0,,,,,,98146,53,65,150,6,1,0,0,0,0,,0,,,,,,0,,,20,0,0,0,8,9,2,,,0,0,0,0,0,8,95,,,96,,,8,95,995,,,,,,,,,,,,,,,,,,,,,,,,,,,,,,0,0,0,0,0,0,0,0,0,0,0,0,0,0,0,0,0,0,0,0,0,0,0,0,0,0,0,0,0,0,0,1,0,0,0,,0,0,0,0,0,0,0,0,0,0,0,0,0,0,0,0,,,,,,46-50,46-55,State route,U,Sunday,,BUS,Not Fatal,0,0,0,0,State Route,Municipal/City Police,Seattle Police Department,0,1,0,0,0,,,,,,0,0,0,,,,,,,,,,,,,,,,,,,,,,,,,,,,,,,,,,,
2017,332,3755962,263,08/26/2017,,26,8,,33,King,1960,1,0,9,1,2,1,0,1,1,,,,33,0,0,0,3,0,2,3,2,4,6,0,0,0,0,S ALASKA ST,S COLUMBIAN WAY,-122.2970111,47.56161111,0,1,7,9,1,98,80,0,0,1,2,30,2,2,2,1,14,1,1,53,0,53,705,2001,0,0,68,64,33,30,42,,1,1,30,1,7,1,4,7,5,0,11,0,08/26/2017,6:45,1.96E+11,37861,0,0,0,3,1,0,0,0,0,92,,,,,,99,,,,,,94611,6,71,150,6,1,0,0,0,0,0,0,,,,,,0,,,20,8,0,0,0,9,8,,,0,0,0,8,9,2,402,407,996,1,1,1,2,1,0.19,,,,,,,,,,,,,,,,,,,,,,,,,,,,,,0,0,0,1,1,1,1,1,0,0,0,0,0,0,0,0,1,0,0,0,0,0,0,0,0,0,0,0,1,0,0,0,0,0,1,0,0,0,0,0,0,1,1,1,1,0,0,0,0,0,0,1,,,,,,26-30,26-35,City street,U,Saturday,,MC,White,0,1,0,0,City Street,Municipal/City Police,Seattle Police Department,1,0,0,1,0,,,,,,,,,,,,,,,,,,,,,,,,,,,,,,,,,,,,,,,,,,,
2017,543,3756384,263,12/07/2017,15:10,7,12,0,33,King,1960,1,0,1,1,1,1,1,1,1,,,,8,0,0,0,3,0,3,4,2,4,6,0,0,3,3,E MARGINAL WAY S,S ATLANTIC ST,-122.3363306,47.59268056,0,1,13,80,5,98,66,1,0,1,5,8,1,1,2,1,10,1,3,41,0,87,884,2006,0,0,8,,,,,,1,1,56,1,0,0,0,0,3,0,11,0,,,,,6,3,0,3,1,0,0,0,0,1,,,,,,0,,,,,,97322,41,71,200,6,1,0,2,0,2,2,0,,,,,,0,04/15/2013,09/15/2016,20,0,0,0,8,9,2,,,0,0,0,0,0,0,0,0,0,0,0,0,0,0,996,,,,,,,,,,,,,,,,,,,,,,,,,,,,,,0,0,0,1,0,0,0,0,0,0,0,0,0,0,0,0,1,1,0,0,0,0,0,0,0,0,0,0,0,0,1,1,0,0,0,,0,0,0,0,0,0,0,0,1,0,0,0,0,0,0,0,,,,,,56-60,56-65,City street,U,Thursday,,MHTRUCK,Not Fatal,1,0,0,0,City Street,Municipal/City Police,Seattle Police Department,0,0,0,1,0,,,,,,,,,,,,,,,,,,,,,,,,,,,,,,,,,,,,,,,,,,,