year,case,par,repjur,crash_dt,crash_tm,accday,accmon,holiday,county,co_char,city,weather,weather2,lightcond,surfcond,surftype,numfatal,nmforms,pforms,vforms,not_tm,arr_tm,hosp_tm,fhevent,hitrun,manncol,milepnt,reljunc,reljuncinter,intersectiontype,funcsystem,landuse,ownership,route,schlbus,spejur,contdev,devfunc,trafid1,trafid2,x,y,wk_zone,vnumber,crashtype,criticalevent,criticaleventcat,spdlim,body,trailer,emerg,hazcargo,leave,mhevent,roadalgn,roadprof,traflane,trafflow,vehmanvr,numoccs,regowner,regstate,spuse,make,model,modelyr,vrf1,vrf2,seqevent1,seqevent2,seqevent3,seqevent4,seqevent5,seqevent6,pnumber,ptype,age,sex,hispanic,race,injury,diedscene,restraint,restraintmisuse,seatpos,takehosp,death_dt,death_tm,cert,cernum_wa,commlic,licendor,licrestrict,liccomp,drivpres,drf1,drf2,drf3,drf4,distract1,distract2,distract3,distract4,distract5,distract6,dricond1,dricond2,dricond3,dricond4,dricond5,dricond6,dzip,licstate,drhgt_in,weight,noncdl,noncdltype,prevdwi,prevoth,prevacc,prevspd,prevsus,driviol1,driviol2,driviol3,driviol4,driviol5,driviol6,spdrel,first_dt,last_dt,airbag,ejection,ejectpath,extricat,injurwrk,methalc,methdrug,nmlocat,strikveh,prf1,prf2,prf3,druginv,alcinvol,drugsts,drugres1,drugres2,drugres3,drugtst1,drugtst2,drugtst3,alcsts,alctst,alcres,nmact1,nmact2,nmact3,nmact4,nmact5,nmact6,nmprior1,nmprior2,nmprior3,nmprior4,nmprior5,nmprior6,nmcond1,nmcond2,nmcond3,nmcond4,nmcond5,nmcond6,nmsafe_helmet,nmsafe_pads,nmsafe_oth,nmprev_ref,nmprev_lgt,nmprev_oth,crashlocation,nmcrashtype,crosswalk,schoolzone,sidewalk,train_inv,wildlife_inv,rotr_fars,intersect_fars,dd_inv,aid_inv,dpd_inv,id_inv,mj_inv,impnm_inv,ainm_inv,dpnm_inv,speed_inv,unlic_inv,unendmc_inv,drowsy_inv,drdist_inv,nmdist_inv,fty_inv,unrestfat_inv,dr1617_inv,dr1820_inv,dr1620_inv,dr2125_inv,dr1625_inv,dr65_inv,dr70_inv,dr75_inv,mc_inv,pv_inv,ht_inv,ped_inv,bike_inv,unrest_fat,mc_fat,unhelmet_mc,pv_fat,ht_fat,ped_fat,bike_fat,dr_alc7,dr_alc8,dr_drug,dr_imp,dr_dist,dr_spd,dr_fty,dr_unlic,dr_alc7only,dr_alc8only,dr_drugonly,dr_drink,nm_imp,nm_alc7,nm_alc8,nm_drug,nm_dist,agegrp1,agegrp2,roadclass,urbrur,dayweek,restuse,vehtype,race_me,intersect,lanedep,oppdir,wrongway,rep_typ,investag,repag_long,rotr,st_rd,cty_rd,city_rd,oth_rd,drug_thc,thc_res,drug_cthc,cthc_res,drug_cann,prevpersemin,prevperse,prevsusoth,drugtst4,drugtst5,drugtst6,drugtst7,drugtst8,drugres4,drugres5,drugres6,drugres7,drugres8,adspresent,adsengaged,adslevel,race1,race2,race3,race4,race5,helmet,helmetmisuse,nmdistract1,nmdistract2,nmdistract3,nmdistract4,nmdistract5,nmdistract6,lab,isedtcase,crf1,crf2,crf3,CoRoadName,CoMP,IntCoRoadName,IntCoMP
2018,235,3756469,263,05/01/2018,13:56,1,5,0,33,King,1960,1,0,1,1,2,1,1,1,1,14:22,14:30,14:54,8,0,0,0,3,0,2,4,2,4,6,0,0,2,3,1ST AVE,PINE ST,-122.3409444,47.6098,0,1,13,15,2,98,34,0,0,1,3,8,1,1,2,1,11,1,1,53,0,20,481,2007,0,0,8,,,,,,1,1,85,1,0,0,1,0,99,0,11,5,,,,,0,0,3,2,1,10,0,0,0,96,,,,,,0,,,,,,98926,53,74,220,1,1,0,0,0,0,,97,,,,,,0,,,20,0,0,0,8,3,2,,,0,0,0,0,0,8,95,,,96,,,8,95,995,,,,,,,,,,,,,,,,,,,,,,,,,,,,,,0,0,0,1,0,0,0,0,0,1,0,1,0,1,0,0,0,0,0,0,0,0,0,0,0,1,1,1,0,1,0,1,0,0,0,,0,0,0,0,0,0,0,0,0,0,0,1,0,0,0,0,,,,,,81+,76+,City street,U,Tuesday,Unknown,PV,Not Fatal,1,0,0,0,City Street,Municipal/City Police,Seattle Police Department,0,0,0,1,0,,,,,,0,0,0,,,,,,,,,,,,,,,,,,,,,,,,,,,,,,,,,,,
2017,132,3759251,38,04/21/2017,2:59,21,4,0,59,Skamania,0,10,0,2,2,2,1,0,1,1,,,,42,0,0,7.5,1,0,1,5,1,2,4,0,0,0,0,CR-COOK UNDERWOOD RD,,-121.618725,45.72933056,0,1,7,10,2,50,6,0,0,1,2,42,2,1,2,1,14,1,2,41,0,48,34,1998,0,0,68,64,42,,,,1,1,26,1,7,1,4,7,99,0,11,0,04/21/2017,3:21,53018779,18779,0,0,0,3,1,0,0,0,0,96,,,,,,9,,,,,,98605,53,69,140,6,1,0,2,1,0,0,0,,,,,,3,06/15/2013,04/15/2015,1,2,8,0,0,9,8,,,0,0,0,8,1,2,605,0,0,1,0,0,2,1,0.18,,,,,,,,,,,,,,,,,,,,,,,,,,,,,,0,0,0,0,1,1,1,1,1,0,0,0,1,0,0,0,0,0,0,0,0,0,0,0,0,0,0,0,0,1,0,0,0,0,0,,1,0,0,0,0,1,1,1,0,1,0,0,0,0,0,1,,,,,,26-30,26-35,County road,R,Friday,Unknown,PV,White,0,1,0,0,County Road,County Sheriff,Skamania County Sheriff's Office,1,0,1,0,0,thc,1.7,carboxy-thc,12,,,,,,,,,,,,,,,,,,,,,,,,,,,,,,,,,,,,,,,
2017,48,3762437,263,02/02/2017,16:30,2,2,0,33,King,1960,1,0,1,1,2,1,1,1,1,,,,8,0,0,32.2,3,0,2,3,2,1,3,0,0,0,0,SR-99,N NORTHGATE WY,-122.3446972,47.70492222,0,1,13,80,5,35,21,0,0,1,2,8,1,1,6,2,15,1,1,53,0,23,461,1999,0,0,8,,,,,,1,1,52,1,0,0,0,0,3,0,11,0,,,,,6,0,0,3,1,0,0,0,0,0,,,,,,0,,,,,,98043,53,74,195,6,1,0,3,0,2,1,0,,,,,,0,07/15/2012,07/15/2016,20,0,0,0,8,3,2,,,0,0,0,0,0,0,0,0,0,0,0,0,0,0,996,,,,,,,,,,,,,,,,,,,,,,,,,,,,,,0,0,0,1,0,0,0,0,0,0,0,0,0,0,0,0,0,0,0,0,0,0,0,0,0,0,0,0,0,1,0,1,0,0,0,,0,0,0,0,0,0,0,0,0,0,0,0,0,0,0,0,,,,,,51-55,46-55,State route,U,Thursday,Belt Used,PV,Not Fatal,0,0,0,0,State Route,Municipal/City Police,Seattle Police Department,0,1,0,0,0,,,,,,,,,,,,,,,,,,,,,,,,,,,,,,,,,,,,,,,,,,,
2017,49,3762593,263,02/04/2017,15:20,4,2,0,33,King,1960,2,0,1,2,2,1,1,1,1,,,,8,0,0,0,3,0,2,4,2,4,6,0,0,2,3,NE 65 ST,20 AVE NE,-122.3065444,47.67579722,0,1,13,80,5,30,34,0,0,1,5,8,1,3,2,1,11,1,1,53,0,7,482,2003,0,0,8,,,,,,1,1,45,1,0,0,0,0,3,0,11,0,,,,,0,0,3,3,1,0,0,0,0,96,,,,,,0,,,,,,98144,53,64,160,6,1,0,1,0,1,0,0,,,,,,9,05/15/2012,04/15/2015,2,0,0,0,8,3,2,,,0,0,0,0,0,0,0,0,0,0,0,0,0,0,996,,,,,,,,,,,,,,,,,,,,,,,,,,,,,,0,0,0,1,0,0,0,0,0,0,0,0,0,0,0,0,0,0,0,0,0,0,0,0,0,0,0,0,0,0,0,1,0,0,0,,0,0,0,0,0,0,0,0,0,0,0,0,0,0,0,0,,,,,,41-45,36-45,City street,U,Saturday,Belt Used,PV,Not Fatal,1,0,0,0,City Street,Municipal/City Police,Seattle Police Department,0,0,0,1,0,,,,,,,,,,,,,,,,,,,,,,,,,,,,,,,,,,,,,,,,,,,
2017,501,3762650,263,12/03/2017,0:16,3,12,0,33,King,1960,2,0,3,2,1,1,2,1,1,,,,8,0,0,0,1,0,1,3,2,4,6,0,0,0,0,RAINER AVE S,,-122.2687806,47.51985833,0,1,13,80,5,98,4,0,0,1,2,8,3,1,2,1,14,1,3,53,0,48,38,2004,0,0,8,8,,,,,1,1,27,1,0,0,0,0,3,0,11,0,,,,,0,0,0,3,1,0,0,0,0,92,,,,,,99,,,,,,98198,53,71,205,6,1,0,0,0,0,0,0,,,,,,0,,,98,7,0,0,8,9,8,,,0,0,0,8,9,2,1,0,0,1,0,0,2,1,0,,,,,,,,,,,,,,,,,,,,,,,,,,,,,,0,0,0,0,0,0,0,0,0,1,1,0,0,0,0,0,1,0,0,0,0,0,0,0,0,0,0,0,0,1,0,1,0,0,0,,0,0,0,0,0,0,0,0,1,0,0,0,0,0,0,0,,,,,,26-30,26-35,City street,U,Sunday,Belt Used,PV,Not Fatal,0,0,0,0,City Street,Municipal/City Police,Seattle Police Department,0,0,0,1,0,,,,,,,,,,,,,,,,,,,,,,,,,,,,,,,,,,,,,,,,,,,
2019,498,3762692,263,12/16/2019,14:19,16,12,,33,King,1960,10,0,1,1,2,1,0,2,2,,,,14,1,0,0,3,0,2,7,2,4,6,0,0,3,3,NE 125TH ST,35TH AVE NE,-122.2905889,47.71924722,0,1,11,6,1,98,4,0,0,1,7,14,1,2,2,1,1,2,5,53,0,48,34,1995,0,0,14,,,,,,1,1,28,2,0,,0,0,99,7,11,0,,,,,0,0,0,2,1,39,0,0,0,96,,,,,,99,,,,,,98338,53,66,185,1,1,0,0,2,1,,1,,,,,,4,09/15/2015,08/15/2016,8,0,0,0,8,9,8,,,0,0,0,8,9,8,95,,,96,,,8,95,995,,,,,,,,,,,,,,,,,,,,,,,,,,,,,,0,0,0,1,0,0,0,0,0,0,0,0,1,1,0,0,0,0,0,0,0,0,0,0,0,0,0,0,0,1,1,0,0,0,0,,0,0,0,0,0,0,0,0,0,1,0,1,0,0,0,0,,,,,,26-30,26-35,City street,U,Monday,Unknown,PV,Not Fatal,1,0,0,0,City Street,Municipal/City Police,Seattle Police Department,0,0,0,1,0,,,,,,0,0,2,,,,,,,,,,,0,0,0,0,,,,,20,7,,,,,,,,,,,,,,,
2017,448,3764453,263,07/10/2017,1:03,10,7,0,33,King,1960,2,0,3,2,1,1,1,1,1,,,,8,0,0,0,1,0,1,4,2,4,6,0,0,0,0,RENTON AVE S,,-122.2665444,47.51478889,0,1,13,80,5,35,2,0,0,1,2,8,1,1,2,1,1,1,4,53,0,37,31,1997,0,0,8,,,,,,1,1,33,2,0,0,0,0,3,0,11,0,,,,,0,0,0,3,1,0,0,0,0,1,,,,,,98,,,,,,98146,53,59,110,6,1,0,3,3,0,3,0,,,,,,0,08/15/2014,02/15/2017,20,0,0,0,8,9,8,,,0,0,0,8,8,0,0,0,0,0,0,0,0,0,996,,,,,,,,,,,,,,,,,,,,,,,,,,,,,,0,0,0,0,0,0,0,0,0,1,1,0,0,0,0,0,1,1,0,0,0,0,0,0,0,0,0,0,0,1,0,1,0,0,0,,0,0,0,0,0,0,0,0,1,0,0,0,0,0,0,0,,,,,,31-35,26-35,City street,U,Monday,Belt Used,PV,Not Fatal,0,0,0,0,City Street,Municipal/City Police,Seattle Police Department,0,0,0,1,0,,,,,,,,,,,,,,,,,,,,,,,,,,,,,,,,,,,,,,,,,,,
2017,297,3764477,263,07/26/2017,8:40,26,7,0,33,King,1960,1,0,1,1,2,1,1,1,1,,,,8,0,0,0,3,0,2,3,2,4,6,0,0,2,3,RAINER AVE S,S WALDEN ST,-122.2940472,47.57290278,0,1,13,80,5,30,4,0,0,1,5,8,1,1,2,1,10,1,1,53,0,13,1,2004,0,0,8,,,,,,1,1,35,1,0,0,0,0,99,0,11,0,,,,,0,0,0,3,1,0,0,0,0,92,,,,,,99,,,,,,98144,53,65,170,6,1,0,1,0,0,1,97,,,,,,0,08/15/2013,06/15/2017,20,0,0,0,8,9,8,,,0,0,0,8,9,0,0,0,0,0,0,0,0,0,996,,,,,,,,,,,,,,,,,,,,,,,,,,,,,,0,0,0,1,0,0,0,0,0,0,0,0,0,0,0,0,1,0,0,0,0,0,0,0,0,0,0,0,0,1,0,1,0,0,0,,0,0,0,0,0,0,0,0,1,0,0,0,0,0,0,0,,,,,,31-35,26-35,City street,U,Wednesday,Unknown,PV,Not Fatal,1,0,0,0,City Street,Municipal/City Police,Seattle Police Department,0,0,0,1,0,,,,,,,,,,,,,,,,,,,,,,,,,,,,,,,,,,,,,,,,,,,
2017,300,3764489,263,08/04/2017,5:28,4,8,0,33,King,1960,1,0,4,1,1,1,0,2,2,,,,12,0,7,0,1,0,1,3,2,4,6,0,0,0,0,1ST AVE S,S FIDALGO ST,-122.3341694,47.55038889,0,1,46,11,2,35,4,0,0,1,2,12,1,1,5,1,15,1,1,53,0,37,32,1985,0,0,12,,,,,,1,1,29,1,0,0,0,0,99,0,11,0,,,,,0,0,0,0,1,38,0,0,0,96,,,,,,0,,,,,,98106,53,72,310,0,0,0,0,0,0,0,97,,,,,,0,,,20,0,0,0,8,9,2,,,0,0,0,0,0,0,0,0,0,0,0,0,0,0,996,,,,,,,,,,,,,,,,,,,,,,,,,,,,,,0,0,0,0,0,0,1,1,0,0,0,0,0,1,0,0,0,0,1,0,0,0,0,0,0,0,0,0,1,1,0,0,0,0,0,,0,0,0,0,0,0,0,0,0,0,1,1,0,0,0,0,,,,,,26-30,26-35,City street,U,Friday,Unknown,PV,Not Fatal,0,0,0,0,City Street,Municipal/City Police,Seattle Police Department,0,0,0,1,0,,,,,,,,,,,,,,,,,,,,,,,,,,,,,,,,,,,,,,,,,,,
2017,300,3764489,263,08/04/2017,5:28,4,8,0,33,King,1960,1,0,4,1,1,1,0,2,2,,,,12,0,7,0,1,0,1,3,2,4,6,0,0,0,0,1ST AVE S,S FIDALGO ST,-122.3341694,47.55038889,0,2,45,61,4,35,80,0,0,1,2,42,1,1,5,1,1,1,2,53,0,73,705,2004,0,0,12,63,42,,,,1,1,44,1,7,1,4,7,19,0,11,0,08/04/2017,5:28,1.96E+11,34508,0,0,0,3,1,0,0,0,0,0,,,,,,99,,,,,,98271,53,72,265,6,1,0,1,1,0,0,0,,,,,,0,10/15/2015,10/15/2015,20,8,0,0,0,9,2,,,0,0,0,0,9,2,423,0,0,1,0,0,2,1,0,,,,,,,,,,,,,,,,,,,,,,,,,,,,,,0,0,0,0,0,0,1,1,0,0,0,0,0,1,0,0,0,0,1,0,0,0,0,0,0,0,0,0,1,1,0,0,0,0,1,0,0,0,0,0,0,0,1,1,0,0,0,0,0,0,1,0,,,,,,41-45,36-45,City street,U,Friday,,MC,White,0,0,0,0,City Street,Municipal/City Police,Seattle Police Department,0,0,0,1,0,,,,,,,,,,,,,,,,,,,,,,,,,,,,,,,,,,,,,,,,,,,
2017,499,3764567,263,11/21/2017,5:42,21,11,0,33,King,1960,2,0,3,2,2,1,1,2,2,,,,9,1,0,0,1,0,1,3,2,4,6,0,0,0,0,1ST AVE S,,-122.3341917,47.57011667,0,1,13,83,5,35,99,0,0,1,5,9,1,1,4,1,1,99,9,99,0,99,999,9999,0,0,9,14,,,,,1,1,999,8,0,0,0,0,98,0,11,0,,,,,99,9,9,9,1,99,99,99,99,96,,,,,,99,,,,,,99999,99,,999,9,9,99,99,99,99,99,97,,,,,,3,,,98,0,0,0,8,9,8,,,0,0,0,8,9,0,0,0,0,0,0,0,0,0,996,,,,,,,,,,,,,,,,,,,,,,,,,,,,,,0,0,0,0,0,0,0,0,0,0,0,0,1,0,0,0,0,0,0,0,0,0,0,0,0,0,0,0,0,1,0,0,1,0,0,,0,0,0,0,0,0,0,0,0,1,0,0,0,0,0,0,,,,,,,,City street,U,Tuesday,,NR-U,Not Fatal,1,0,0,0,City Street,Municipal/City Police,Seattle Police Department,0,0,0,1,0,,,,,,,,,,,,,,,,,,,,,,,,,,,,,,,,,,,,,,,,,,,
2018,54,3766279,16,02/10/2018,22:06,10,2,0,15,Cowlitz,0,1,0,2,1,2,1,0,1,1,,,,42,0,0,0.1,1,0,1,7,1,2,4,0,0,0,0,CR-BULAND DR,,-122.9048,46.26774722,0,1,7,6,1,25,34,0,0,1,7,42,3,2,2,1,14,1,1,53,0,20,481,2001,0,0,68,64,42,1,,,1,1,39,1,7,1,4,7,20,0,11,0,02/10/2018,22:06,28053008134,8134,0,0,0,3,1,0,0,0,0,96,,,,,,99,,,,,,98611,53,75,235,6,1,0,0,0,0,,0,,,,,,3,,,20,0,0,0,0,9,8,,,0,0,0,8,9,2,605,695,,1,1,,2,1,0.1,,,,,,,,,,,,,,,,,,,,,,,,,,,,,,0,0,0,0,1,1,1,1,1,0,0,0,1,0,0,0,0,0,0,1,0,0,0,0,0,0,0,0,0,1,0,0,0,1,0,,1,0,0,0,0,1,1,1,0,1,0,0,0,0,0,1,,,,,,36-40,36-45,County road,R,Saturday,Not Used,PV,White,0,1,0,0,County Road,County Sheriff,Cowlitz County Sheriff's Office,1,0,1,0,0,thc,21,carboxy-thc,32,,0,0,0,,,,,,,,,,,,,,,,,,,,,,,,,,,,,,,,,,,
2017,189,3766555,75,05/16/2017,10:31,16,5,0,11,Clark,240,10,0,1,1,2,1,0,2,1,,,,10,0,0,0,6,0,1,96,6,96,8,0,0,65,3,SW VIOLA ST,,-122.4582833,45.58060833,0,1,98,98,7,98,5,0,0,1,3,10,3,2,8,8,14,2,1,41,0,35,50,2014,0,0,10,,,,,,1,1,34,2,1,1,4,7,3,0,11,0,05/16/2017,10:31,24053022480,22480,0,0,0,3,1,38,0,0,0,93,,,,,,0,,,,,,98684,53,65,165,6,1,0,0,0,0,0,0,,,,,,0,,,8,0,0,0,0,9,8,,,0,0,0,8,0,2,1,0,0,1,0,0,2,1,0,,,,,,,,,,,,,,,,,,,,,,,,,,,,,,1,0,0,0,0,0,0,0,0,0,0,0,0,0,0,0,1,0,1,0,0,0,0,0,0,0,0,0,0,1,0,0,0,0,0,,1,0,0,0,0,0,0,0,1,0,1,0,0,0,0,0,,,,,,31-35,26-35,Other,,Tuesday,Belt Used,PV,Hispanic,1,0,0,0,City Street,Municipal/City Police,Camas Police Department,0,0,0,1,0,,,,,,,,,,,,,,,,,,,,,,,,,,,,,,,,,,,,,,,,,,,
2018,497,3767141,263,12/31/2018,17:54,31,12,0,33,King,1960,1,0,2,1,2,1,1,1,1,,,,8,0,0,0,3,0,3,3,2,4,6,0,0,2,3,N 85TH ST,PALATINE AVE N,-122.3566417,47.69059444,0,1,13,80,5,25,4,0,0,1,7,8,1,1,2,1,11,1,1,53,0,20,37,2014,0,0,8,,,,,,1,1,74,1,0,0,0,0,3,0,11,0,,,,,0,0,3,3,1,0,0,0,0,92,,,,,,0,,,,,,98043,53,71,200,6,1,0,0,0,0,,97,,,,,,0,,,20,0,0,0,8,9,8,,,0,0,0,8,0,8,95,,,96,,,8,95,995,,,,,,,,,,,,,,,,,,,,,,,,,,,,,,0,0,0,1,0,0,0,0,0,0,0,0,0,0,0,0,1,0,0,0,0,0,0,0,0,1,1,0,0,1,0,1,0,0,0,,0,0,0,0,0,0,0,0,1,0,0,0,0,0,0,0,,,,,,71-75,66-75,City street,U,Monday,Belt Used,PV,Not Fatal,1,0,0,0,City Street,Municipal/City Police,Seattle Police Department,0,0,0,1,0,,,,,,0,0,0,,,,,,,,,,,,,,,,,,,,,,,,,,,,,,,,,,,
2019,223,3767144,263,06/10/2019,17:13,10,6,,33,King,1960,1,0,1,1,2,1,0,3,3,,,,12,0,6,0,2,0,2,4,2,4,6,0,0,3,3,35TH AVE,NE 75TH ST,-122.2904972,47.68303889,0,1,68,15,2,30,34,0,0,1,8,12,1,1,2,1,11,1,1,53,0,7,482,2004,0,0,12,,,,,,1,1,87,1,0,,0,0,3,0,11,0,,,,,0,0,0,3,1,0,0,0,0,92,,,,,,98,,,,,,98115,53,74,160,6,1,0,1,1,0,,97,,,,,,0,08/15/2016,08/15/2016,20,0,0,0,8,9,8,,,0,0,0,8,8,8,95,,,96,,,8,95,995,,,,,,,,,,,,,,,,,,,,,,,,,,,,,,0,0,0,1,0,0,0,0,0,0,0,0,0,0,1,0,1,0,0,0,0,0,0,1,1,1,1,1,1,1,0,0,0,0,0,,0,0,0,0,0,0,0,0,1,0,0,0,0,0,0,0,,,,,,81+,76+,City street,U,Monday,Belt Used,PV,Not Fatal,1,0,0,0,City Street,Municipal/City Police,Seattle Police Department,0,0,0,1,0,,,,,,0,0,0,,,,,,,,,,,98,98,98,0,,,,,20,7,,,,,,,,,,,,,,,
2019,223,3767144,263,06/10/2019,17:13,10,6,,33,King,1960,1,0,1,1,2,1,0,3,3,,,,12,0,6,0,2,0,2,4,2,4,6,0,0,3,3,35TH AVE,NE 75TH ST,-122.2904972,47.68303889,0,2,69,62,4,30,80,0,0,1,8,12,1,1,2,1,1,1,1,53,0,53,704,2005,0,0,12,12,,,,,1,1,22,1,7,,4,0,20,7,11,4,06/11/2019,15:00,1.96E+11,26980,0,0,0,2,1,0,0,0,0,92,,,,,,0,,,,,,98115,53,74,195,6,1,0,0,1,0,,0,,,,,,0,03/15/2015,03/15/2015,20,8,0,0,0,9,8,,,0,0,0,8,8,2,1,,,1,,,2,1,0,,,,,,,,,,,,,,,,,,,,,,,,,,,,,,0,0,0,1,0,0,0,0,0,0,0,0,0,0,1,0,1,0,0,0,0,0,0,1,1,1,1,1,1,1,0,0,0,0,1,0,0,0,0,0,0,0,0,0,1,0,0,0,0,0,0,0,,,,,,21-25,16-25,City street,U,Monday,,MC,White,1,0,0,0,City Street,Municipal/City Police,Seattle Police Department,0,0,0,1,0,,,,,,0,0,0,,,,,,,,,,,0,0,0,1,,,,,5,0,,,,,,,,,,,,,,,
2019,223,3767144,263,06/10/2019,17:13,10,6,,33,King,1960,1,0,1,1,2,1,0,3,3,,,,12,0,6,0,2,0,2,4,2,4,6,0,0,3,3,35TH AVE,NE 75TH ST,-122.2904972,47.68303889,0,3,98,98,7,30,14,0,0,1,5,12,8,8,3,1,5,1,1,53,0,49,403,2012,0,0,12,,,,,,1,1,35,2,0,,0,0,3,0,11,0,,,,,0,0,0,3,1,0,0,0,0,0,,,,,,0,,,,,,98115,53,69,145,6,1,0,0,0,0,,0,,,,,,0,,,20,0,0,0,8,9,8,,,0,0,0,8,8,8,95,,,96,,,8,95,995,,,,,,,,,,,,,,,,,,,,,,,,,,,,,,0,0,0,1,0,0,0,0,0,0,0,0,0,0,1,0,1,0,0,0,0,0,0,1,1,1,1,1,1,1,0,0,0,0,0,,0,0,0,0,0,0,0,0,0,0,0,0,0,0,0,0,,,,,,31-35,26-35,City street,U,Monday,Belt Used,PV,Not Fatal,1,0,0,0,City Street,Municipal/City Police,Seattle Police Department,0,0,0,1,0,,,,,,0,0,0,,,,,,,,,,,98,98,98,0,,,,,20,7,,,,,,,,,,,,,,,
2017,177,3769457,263,05/21/2017,19:15,21,5,0,33,King,1960,1,0,1,1,1,1,0,1,2,,,,14,0,0,32.4,1,0,1,3,2,1,3,0,0,0,0,SR-99,,-122.344725,47.70743056,0,1,1,13,2,35,84,0,0,1,2,14,1,1,5,5,1,1,1,53,0,76,703,2008,0,0,63,14,,,,,1,1,56,1,7,7,4,0,19,0,11,5,05/21/2017,20:20,1.96E+11,24205,0,0,0,3,1,0,0,0,0,96,,,,,,2,,,,,,98121,53,66,185,6,1,0,0,0,0,0,0,,,,,,0,,,20,8,0,0,0,9,8,,,0,0,0,8,0,2,167,300,605,1,1,1,2,1,0,,,,,,,,,,,,,,,,,,,,,,,,,,,,,,0,0,1,0,0,0,1,1,1,0,0,0,0,0,0,1,0,0,0,0,0,0,0,0,0,0,0,0,0,0,0,0,0,0,0,,0,0,0,0,0,0,1,1,0,0,0,0,0,0,1,0,,,,,,56-60,56-65,State route,U,Sunday,,OTHMC,API,0,1,0,0,State Route,Municipal/City Police,Seattle Police Department,1,1,0,0,0,thc,7.9,carboxy-thc,25,,,,,,,,,,,,,,,,,,,,,,,,,,,,,,,,,,,,,,,
2017,126,3789307,263,04/25/2017,5:56,25,4,0,33,King,1960,1,0,1,1,2,1,1,1,1,,,,8,0,0,0,3,0,7,4,2,4,6,0,0,2,3,WESTERN AVE,LENORA ST,-122.3447444,47.61117222,0,1,13,80,5,25,34,0,0,1,2,8,1,1,2,1,11,1,1,53,0,12,481,2007,0,0,8,,,,,,1,1,55,1,0,0,0,0,3,0,11,0,,,,,0,0,0,3,1,38,0,0,0,93,,,,,,0,,,,,,98258,53,72,245,6,1,0,2,0,1,0,97,,,,,,0,05/15/2012,12/15/2014,20,0,0,0,8,3,8,,,0,0,0,8,1,0,0,0,0,0,0,0,0,0,996,,,,,,,,,,,,,,,,,,,,,,,,,,,,,,0,0,0,1,1,0,0,0,0,1,0,1,0,0,0,0,1,0,1,0,0,0,0,0,0,0,0,0,0,0,0,1,0,0,0,,0,0,0,0,0,0,0,0,1,0,1,0,0,0,0,1,,,,,,51-55,46-55,City street,U,Tuesday,Belt Used,PV,Not Fatal,1,0,0,0,City Street,Municipal/City Police,Seattle Police Department,0,0,0,1,0,,,,,,,,,,,,,,,,,,,,,,,,,,,,,,,,,,,,,,,,,,,
2018,206,3789538,12,06/07/2018,6:19,7,6,0,7,Chelan,0,1,0,4,1,5,1,0,1,1,6:47,7:18,7:34,1,0,0,18,1,0,1,7,1,2,4,0,0,0,0,CR-COLOCKUM RD,,-120.1019222,47.32656111,0,1,98,6,1,98,83,0,0,1,5,1,1,1,8,8,1,1,2,53,0,76,703,2008,0,0,1,,,,,,1,1,18,1,1,1,4,0,17,0,11,1,06/11/2018,6:10,2.46E+11,26146,0,0,0,2,1,0,0,0,0,96,,,,,,99,,,,,,98801,53,68,140,1,1,0,2,0,0,,0,,,,,,4,02/15/2017,02/15/2017,20,8,0,0,0,9,8,,,0,0,0,8,9,2,402,605,695,1,1,1,2,1,0.072,,,,,,,,,,,,,,,,,,,,,,,,,,,,,,0,0,0,0,1,0,1,1,1,0,0,0,1,1,1,0,0,0,0,0,0,1,1,0,1,0,0,0,1,0,0,0,0,0,1,1,0,0,0,0,1,0,1,1,0,1,0,1,0,0,0,1,,,,,,18-20,16-25,County road,R,Thursday,,MC,Hispanic,0,0,0,0,County Road,County Sheriff,Chelan County Sheriff's Office,0,0,1,0,0,thc,3.1,carboxy-thc,34,,0,0,0,,,,,,,,,,,,,,,,,,,,,,,,,,,,,,,,,,,
2018,289,3789562,12,06/17/2018,2:49,17,6,0,7,Chelan,0,1,0,2,1,2,1,1,1,1,2:44,2:54,,8,1,0,0.3,1,0,1,5,2,2,6,0,0,0,0,CR-MANSON BLVD,,-120.1675806,47.88556944,0,1,13,80,5,25,4,0,0,1,7,8,2,2,2,1,14,1,2,53,0,20,37,2004,0,0,8,,,,,,1,1,21,1,0,0,0,0,99,0,11,0,,,,,0,0,0,3,1,38,0,0,0,17,,,,,,99,,,,,,98831,53,68,188,6,1,0,0,1,3,,7,,,,,,0,09/15/2015,11/15/2017,20,0,0,0,8,9,8,,,0,0,0,8,1,8,95,,,96,,,8,95,995,,,,,,,,,,,,,,,,,,,,,,,,,,,,,,0,0,0,0,1,0,0,0,0,0,0,0,0,0,0,0,1,0,1,0,0,0,0,1,1,0,0,0,0,1,0,1,0,0,0,,0,0,0,0,0,0,0,0,1,0,1,0,0,0,0,1,,,,,,21-25,16-25,City street,U,Sunday,Unknown,PV,Not Fatal,0,0,0,0,County Road,County Sheriff,Chelan County Sheriff's Office,0,0,1,0,0,,,,,,0,0,1,,,,,,,,,,,,,,,,,,,,,,,,,,,,,,,,,,,