year,case,par,repjur,crash_dt,crash_tm,accday,accmon,holiday,county,co_char,city,weather,weather2,lightcond,surfcond,surftype,numfatal,nmforms,pforms,vforms,not_tm,arr_tm,hosp_tm,fhevent,hitrun,manncol,milepnt,reljunc,reljuncinter,intersectiontype,funcsystem,landuse,ownership,route,schlbus,spejur,contdev,devfunc,trafid1,trafid2,x,y,wk_zone,vnumber,crashtype,criticalevent,criticaleventcat,spdlim,body,trailer,emerg,hazcargo,leave,mhevent,roadalgn,roadprof,traflane,trafflow,vehmanvr,numoccs,regowner,regstate,spuse,make,model,modelyr,vrf1,vrf2,seqevent1,seqevent2,seqevent3,seqevent4,seqevent5,seqevent6,pnumber,ptype,age,sex,hispanic,race,injury,diedscene,restraint,restraintmisuse,seatpos,takehosp,death_dt,death_tm,cert,cernum_wa,commlic,licendor,licrestrict,liccomp,drivpres,drf1,drf2,drf3,drf4,distract1,distract2,distract3,distract4,distract5,distract6,dricond1,dricond2,dricond3,dricond4,dricond5,dricond6,dzip,licstate,drhgt_in,weight,noncdl,noncdltype,prevdwi,prevoth,prevacc,prevspd,prevsus,driviol1,driviol2,driviol3,driviol4,driviol5,driviol6,spdrel,first_dt,last_dt,airbag,ejection,ejectpath,extricat,injurwrk,methalc,methdrug,nmlocat,strikveh,prf1,prf2,prf3,druginv,alcinvol,drugsts,drugres1,drugres2,drugres3,drugtst1,drugtst2,drugtst3,alcsts,alctst,alcres,nmact1,nmact2,nmact3,nmact4,nmact5,nmact6,nmprior1,nmprior2,nmprior3,nmprior4,nmprior5,nmprior6,nmcond1,nmcond2,nmcond3,nmcond4,nmcond5,nmcond6,nmsafe_helmet,nmsafe_pads,nmsafe_oth,nmprev_ref,nmprev_lgt,nmprev_oth,crashlocation,nmcrashtype,crosswalk,schoolzone,sidewalk,train_inv,wildlife_inv,rotr_fars,intersect_fars,dd_inv,aid_inv,dpd_inv,id_inv,mj_inv,impnm_inv,ainm_inv,dpnm_inv,speed_inv,unlic_inv,unendmc_inv,drowsy_inv,drdist_inv,nmdist_inv,fty_inv,unrestfat_inv,dr1617_inv,dr1820_inv,dr1620_inv,dr2125_inv,dr1625_inv,dr65_inv,dr70_inv,dr75_inv,mc_inv,pv_inv,ht_inv,ped_inv,bike_inv,unrest_fat,mc_fat,unhelmet_mc,pv_fat,ht_fat,ped_fat,bike_fat,dr_alc7,dr_alc8,dr_drug,dr_imp,dr_dist,dr_spd,dr_fty,dr_unlic,dr_alc7only,dr_alc8only,dr_drugonly,dr_drink,nm_imp,nm_alc7,nm_alc8,nm_drug,nm_dist,agegrp1,agegrp2,roadclass,urbrur,dayweek,restuse,vehtype,race_me,intersect,lanedep,oppdir,wrongway,rep_typ,investag,repag_long,rotr,st_rd,cty_rd,city_rd,oth_rd,drug_thc,thc_res,drug_cthc,cthc_res,drug_cann,prevpersemin,prevperse,prevsusoth,drugtst4,drugtst5,drugtst6,drugtst7,drugtst8,drugres4,drugres5,drugres6,drugres7,drugres8,adspresent,adsengaged,adslevel,race1,race2,race3,race4,race5,helmet,helmetmisuse,nmdistract1,nmdistract2,nmdistract3,nmdistract4,nmdistract5,nmdistract6,lab,isedtcase,crf1,crf2,crf3,CoRoadName,CoMP,IntCoRoadName,IntCoMP
2017,216,3790610,40,06/11/2017,12:44,11,6,0,63,Spokane,0,1,0,1,1,2,1,0,1,1,,,,30,0,0,1.8,1,0,1,6,1,2,4,0,0,0,0,CR-W RUTER PKWY,,-117.5084667,47.77288333,0,1,7,6,1,45,80,0,0,1,2,30,1,1,2,1,1,1,2,53,0,53,705,2008,0,0,68,64,30,,,,1,1,25,1,7,1,4,7,19,0,11,0,06/11/2017,13:00,2.11E+11,26576,0,0,3,2,1,0,0,0,0,96,,,,,,99,,,,,,99611,2,69,185,6,1,1,0,0,0,1,0,,,,,,3,08/15/2015,09/15/2016,20,8,0,0,0,9,8,,,0,0,0,8,9,2,1,0,0,1,0,0,2,1,0,,,,,,,,,,,,,,,,,,,,,,,,,,,,,,0,0,0,0,0,0,0,0,0,0,0,0,1,0,1,0,0,0,0,0,0,0,0,1,1,0,0,0,1,0,0,0,0,0,1,0,0,0,0,0,0,0,0,0,0,1,0,0,0,0,0,0,,,,,,21-25,16-25,County road,R,Sunday,,MC,White,0,1,0,0,County Road,County Sheriff,Spokane County Sheriff's Office,1,0,1,0,0,,,,,,,,,,,,,,,,,,,,,,,,,,,,,,,,,,,,,,,,,,,
2019,314,3795706,263,08/13/2019,21:20,13,8,,33,King,1960,1,0,3,1,2,1,1,1,1,,,,8,0,0,31,1,0,1,3,2,1,3,0,0,0,0,SR-99,,-122.34455,47.69048333,0,1,13,80,5,30,20,0,0,1,7,8,1,1,2,2,1,1,2,53,0,20,441,1996,0,0,8,,,,,,1,1,41,1,0,,0,0,99,7,11,0,,,,,0,0,0,3,1,0,0,0,0,96,,,,,,0,,,,,,98146,53,62,148,6,1,0,0,0,0,,0,,,,,,0,,,20,0,0,0,8,9,8,,,0,0,0,8,0,8,95,,,96,,,8,95,995,,,,,,,,,,,,,,,,,,,,,,,,,,,,,,0,0,0,0,0,0,0,0,0,1,1,1,0,0,0,0,0,0,0,0,0,0,0,0,0,0,0,0,0,1,0,1,0,0,0,,0,0,0,0,0,0,0,0,0,0,0,0,0,0,0,0,,,,,,41-45,36-45,State route,U,Tuesday,Unknown,PV,Not Fatal,0,0,0,0,State Route,Municipal/City Police,Seattle Police Department,0,1,0,0,0,,,,,,0,0,0,,,,,,,,,,,0,0,0,0,,,,,20,7,,,,,,,,,,,,,,,
2018,495,3795979,263,12/12/2018,22:07,12,12,0,33,King,1960,2,0,3,2,2,1,1,1,1,,,,8,0,0,0,1,0,1,3,2,4,6,0,0,0,0,15TH AVE W,W WHEELER ST,-122.3762,47.63920833,0,1,13,80,5,30,14,0,0,1,7,8,1,2,5,5,1,1,2,53,0,49,404,2008,0,0,8,,,,,,1,1,23,1,0,0,0,0,3,0,11,0,,,,,0,0,0,3,1,0,0,0,0,92,,,,,,0,,,,,,98040,53,70,180,6,1,0,0,0,2,,0,,,,,,0,04/15/2018,08/15/2018,20,0,0,0,8,9,8,,,0,0,0,8,0,8,95,,,96,,,8,95,995,,,,,,,,,,,,,,,,,,,,,,,,,,,,,,0,0,0,0,0,0,0,0,0,1,1,1,0,0,0,0,1,0,0,0,0,0,0,1,1,0,0,0,0,1,0,1,0,0,0,,0,0,0,0,0,0,0,0,1,0,0,0,0,0,0,0,,,,,,21-25,16-25,City street,U,Wednesday,Belt Used,PV,Not Fatal,0,0,0,0,City Street,Municipal/City Police,Seattle Police Department,0,0,0,1,0,thc,888,carboxy-thc,12,,0,0,0,,,,,,,,,,,,,,,,,,,,,,,,,,,,,,,,,,,
2019,357,3796019,263,10/08/2019,7:05,8,10,,33,King,1960,1,0,4,1,1,1,0,3,2,,,,12,0,6,0,2,0,3,7,2,4,6,0,0,0,0,AIRPORT WAY S,S HINDS ST,-122.3216472,47.57351944,0,1,64,10,2,30,14,0,0,1,2,12,2,1,5,2,14,2,5,53,0,42,402,2011,0,0,68,12,,,,,1,1,24,1,7,,4,7,99,7,11,0,10/08/2019,7:06,1.96E+11,46088,0,0,0,0,1,28,0,0,0,96,,,,,,99,,,,,,98124,53,,999,0,0,99,99,99,99,,0,,,,,,3,,,1,1,9,0,0,9,8,,,0,0,0,8,9,2,401,417,,1,1,,2,1,0,,,,,,,,,,,,,,,,,,,,,,,,,,,,,,0,0,0,1,0,0,1,1,0,0,0,0,1,1,0,0,0,0,0,0,0,0,0,1,1,0,0,0,0,1,1,0,0,0,0,,1,0,0,0,0,0,1,1,0,1,0,1,0,0,1,0,,,,,,21-25,16-25,City street,U,Tuesday,Unknown,PV,AIAN,0,1,1,0,City Street,Municipal/City Police,Seattle Police Department,0,0,0,1,0,,,,,,99,99,99,,,,,,,,,,,98,98,98,3,,,,,20,7,,,,,,,,,,,,,,,
2019,357,3796019,263,10/08/2019,7:05,8,10,,33,King,1960,1,0,4,1,1,1,0,3,2,,,,12,0,6,0,2,0,3,7,2,4,6,0,0,0,0,AIRPORT WAY S,S HINDS ST,-122.3216472,47.57351944,0,2,65,62,4,30,66,1,0,1,2,12,2,1,5,1,14,1,3,37,0,82,881,2020,0,0,12,,,,,,1,1,57,1,0,,1,0,3,0,11,8,,,,,6,1,0,3,1,0,0,0,0,96,,,,,,0,,,,,,98391,53,72,214,6,1,0,0,0,0,,0,,,,,,0,,,20,0,0,0,8,9,8,,,0,0,0,8,0,8,95,,,96,,,8,95,995,,,,,,,,,,,,,,,,,,,,,,,,,,,,,,0,0,0,1,0,0,1,1,0,0,0,0,1,1,0,0,0,0,0,0,0,0,0,1,1,0,0,0,0,1,1,0,0,0,0,,0,0,0,0,0,0,0,0,0,0,0,0,0,0,0,0,,,,,,56-60,56-65,City street,U,Tuesday,,MHTRUCK,Not Fatal,0,1,1,0,City Street,Municipal/City Police,Seattle Police Department,0,0,0,1,0,,,,,,0,0,0,,,,,,,,,,,98,98,98,0,,,,,20,7,,,,,,,,,,,,,,,
2019,520,3805935,263,06/25/2019,20:26,25,6,,33,King,1960,1,0,1,1,2,1,0,2,2,,,,12,0,6,0,2,0,2,4,2,4,6,0,0,3,3,M L KING JR WAY S,S MCCLELLAN ST,-122.2962139,47.57833611,0,2,69,62,4,98,84,0,0,1,7,12,1,1,2,1,1,1,1,53,0,37,702,1981,0,0,12,,,,,,1,1,36,1,7,,4,0,20,7,11,8,06/27/2019,21:17,1.96E+11,29232,0,0,3,3,1,0,0,0,0,0,,,,,,99,,,,,,98105,53,70,170,6,1,0,0,0,0,,0,,,,,,0,,,20,8,0,0,0,9,8,,,0,0,0,8,9,2,1,,,1,,,2,1,0,,,,,,,,,,,,,,,,,,,,,,,,,,,,,,0,0,0,1,1,0,0,0,0,0,0,0,0,0,0,0,0,0,0,0,0,0,0,0,0,0,0,0,1,1,0,0,0,0,1,0,0,0,0,0,0,0,0,0,0,0,0,0,0,0,0,0,,,,,,36-40,36-45,City street,U,Tuesday,,OTHMC,White,1,0,0,0,City Street,Municipal/City Police,Seattle Police Department,0,0,0,1,0,,,,,,0,0,0,,,,,,,,,,,0,0,0,1,,,,,19,0,,,,,,,,,,,,,,,
2019,520,3805935,263,06/25/2019,20:26,25,6,,33,King,1960,1,0,1,1,2,1,0,2,2,,,,12,0,6,0,2,0,2,4,2,4,6,0,0,3,3,M L KING JR WAY S,S MCCLELLAN ST,-122.2962139,47.57833611,0,1,68,15,2,98,14,0,0,1,7,12,1,1,2,1,11,1,2,53,0,41,403,2013,0,0,12,,,,,,1,1,47,2,0,,0,0,98,7,11,0,,,,,0,0,0,3,1,0,0,0,0,96,,,,,,0,,,,,,98118,53,67,165,6,1,0,0,2,0,,97,,,,,,0,04/15/2016,06/15/2019,98,7,0,0,8,9,8,,,0,0,0,8,1,8,95,,,96,,,8,95,995,,,,,,,,,,,,,,,,,,,,,,,,,,,,,,0,0,0,1,1,0,0,0,0,0,0,0,0,0,0,0,0,0,0,0,0,0,0,0,0,0,0,0,1,1,0,0,0,0,0,,0,0,0,0,0,0,0,0,0,0,0,0,0,0,0,1,,,,,,46-50,46-55,City street,U,Tuesday,Unknown,PV,Not Fatal,1,0,0,0,City Street,Municipal/City Police,Seattle Police Department,0,0,0,1,0,,,,,,0,0,0,,,,,,,,,,,98,98,98,0,,,,,20,7,,,,,,,,,,,,,,,
2019,489,3806728,263,09/03/2019,17:43,3,9,,33,King,1960,1,0,1,1,1,1,1,1,1,,,,9,0,0,0,2,0,2,7,2,4,6,0,0,20,3,ALASKAN WAY VIA,S SPOKANE ST,-122.3393333,47.57141389,0,1,13,83,5,20,34,0,0,1,5,9,1,1,1,4,4,1,2,53,0,20,481,2009,0,0,9,,,,,,1,1,62,1,0,,0,0,3,0,11,0,,,,,0,0,0,3,1,10,0,0,0,96,,,,,,98,,,,,,98109,53,70,180,6,1,0,0,1,2,,0,,,,,,0,12/15/2014,08/15/2015,20,0,0,0,8,9,8,,,0,0,0,8,8,8,95,,,96,,,8,95,995,,,,,,,,,,,,,,,,,,,,,,,,,,,,,,0,0,0,1,0,0,0,0,0,0,0,0,0,0,0,0,0,0,0,0,0,0,0,0,0,0,0,0,0,1,0,0,1,0,0,,0,0,0,0,0,0,0,0,0,0,0,0,0,0,0,0,,,,,,61-65,56-65,City street,U,Tuesday,Belt Used,PV,Not Fatal,1,0,0,0,City Street,Municipal/City Police,Seattle Police Department,0,0,0,1,0,,,,,,0,0,1,,,,,,,,,,,98,98,98,0,,,,,20,7,,,,,,,,,,,,,,,
2019,524,3810169,7,12/25/2019,11:52,25,12,,33,King,1960,1,0,1,1,2,1,0,3,1,,,,42,0,0,0,1,0,1,3,2,4,6,0,0,0,0,15 AVE NW,,-122.3767694,47.67630556,0,1,6,12,2,35,6,0,0,1,7,42,1,1,5,5,1,3,1,16,0,48,34,2000,0,0,68,64,42,,,,1,1,71,1,0,,0,0,99,7,11,0,,,,,0,0,0,3,1,0,0,0,0,0,,,,,,2,,,,,,98271,53,68,185,6,1,0,0,0,1,,0,,,,,,0,10/15/2019,10/15/2019,99,0,0,0,8,9,8,,,0,0,0,8,0,8,95,,,96,,,8,95,995,,,,,,,,,,,,,,,,,,,,,,,,,,,,,,0,0,1,0,0,0,0,0,0,0,0,0,0,0,0,1,0,0,0,0,0,0,0,0,0,1,1,0,0,1,0,0,0,0,0,,0,0,0,0,0,0,0,0,0,0,0,0,0,0,0,0,,,,,,71-75,66-75,City street,U,Wednesday,Unknown,PV,Not Fatal,0,1,0,0,City Street,Municipal/City Police,Seattle Police Department,1,0,0,1,0,,,,,,0,0,0,,,,,,,,,,,98,98,98,0,,,,,20,7,,,,,,,,,,,,,,,
2019,106,3810331,263,02/22/2019,19:13,22,2,,33,King,1960,10,0,3,1,2,1,1,3,2,,,,8,0,0,1.1,1,0,1,3,2,1,3,0,0,0,0,SR-522,,-122.3076083,47.69070833,0,2,98,80,5,35,4,0,0,1,3,8,1,1,2,2,1,1,2,53,0,41,35,1998,0,0,8,,,,,,1,1,54,2,0,,1,0,99,7,11,8,,,,,0,0,0,3,1,0,0,0,0,96,,,,,,0,,,,,,98121,53,61,125,6,1,0,1,1,0,,0,,,,,,0,11/15/2017,11/15/2017,20,0,0,0,8,9,2,,,0,0,0,0,0,8,95,,,96,,,8,95,995,,,,,,,,,,,,,,,,,,,,,,,,,,,,,,0,0,0,0,0,0,0,0,0,1,1,0,0,0,0,0,0,1,0,0,0,0,0,0,0,1,1,1,0,1,0,1,0,0,0,,0,0,0,0,0,0,0,0,0,0,0,0,0,0,0,0,,,,,,51-55,46-55,State route,U,Friday,Unknown,PV,Not Fatal,0,0,0,0,State Route,Municipal/City Police,Seattle Police Department,0,1,0,0,0,,,,,,0,0,0,,,,,,,,,,,0,0,0,0,,,,,20,7,,,,,,,,,,,,,,,
2019,106,3810331,263,02/22/2019,19:13,22,2,,33,King,1960,10,0,3,1,2,1,1,3,2,,,,8,0,0,1.1,1,0,1,3,2,1,3,0,0,0,0,SR-522,,-122.3076083,47.69070833,0,1,13,80,5,35,2,0,0,1,3,8,1,1,2,2,1,2,1,53,0,58,31,1991,0,0,8,,,,,,1,1,75,1,0,,1,0,99,7,11,8,,,,,0,0,0,3,1,0,0,0,0,96,,,,,,0,,,,,,98125,53,72,174,6,1,0,0,0,0,,0,,,,,,0,,,20,0,0,0,8,9,2,,,0,0,0,0,0,8,95,,,96,,,8,95,995,,,,,,,,,,,,,,,,,,,,,,,,,,,,,,0,0,0,0,0,0,0,0,0,1,1,0,0,0,0,0,0,1,0,0,0,0,0,0,0,1,1,1,0,1,0,1,0,0,0,,0,0,0,0,0,0,0,0,0,0,0,0,0,0,0,0,,,,,,71-75,66-75,State route,U,Friday,Unknown,PV,Not Fatal,0,0,0,0,State Route,Municipal/City Police,Seattle Police Department,0,1,0,0,0,,,,,,0,0,0,,,,,,,,,,,0,0,0,0,,,,,20,7,,,,,,,,,,,,,,,
2019,203,3811559,263,05/14/2019,16:49,14,5,,33,King,1960,1,0,1,1,2,1,2,2,1,,,,8,0,0,27.9,1,0,1,3,2,1,3,0,0,0,0,SR-99,,-122.3471167,47.64283611,0,1,2,3,1,35,5,0,0,1,7,8,1,1,2,1,1,2,1,53,0,49,46,2013,0,0,63,8,8,30,,,1,1,53,1,0,,0,0,2,0,11,0,,,,,0,0,0,3,1,0,0,0,0,96,,,,,,99,,,,,,98023,53,68,200,6,1,0,0,0,0,,0,,,,,,0,,,7,0,0,0,8,9,8,,,0,0,0,8,9,2,1,,,1,,,2,1,0,,,,,,,,,,,,,,,,,,,,,,,,,,,,,,0,0,0,0,0,0,0,0,0,0,0,0,0,0,0,0,0,0,0,1,0,0,0,0,0,0,0,0,0,1,0,1,0,0,0,,0,0,0,0,0,0,0,0,0,0,0,0,0,0,0,0,,,,,,51-55,46-55,State route,U,Tuesday,Belt Used,PV,Not Fatal,0,0,0,0,State Route,Municipal/City Police,Seattle Police Department,0,1,0,0,0,,,,,,0,0,0,,,,,,,,,,,98,98,98,0,,,,,20,7,,,,,,,,,,,,,,,
2017,525,3818457,7,12/14/2017,16:50,14,12,0,33,King,1960,1,0,3,1,1,1,1,1,1,,,,8,0,0,0,3,0,3,7,2,4,6,0,0,0,0,S CHARLESTOWN ST,34TH AVE S,-122.2899583,47.56975278,0,1,13,80,5,25,2,0,0,1,5,8,1,1,2,1,1,1,1,53,0,54,37,1999,0,0,8,,,,,,1,1,22,1,0,0,0,0,99,0,11,0,,,,,0,0,0,2,1,0,0,0,0,92,,,,,,0,,,,,,98144,53,67,200,1,1,0,1,0,2,0,0,,,,,,0,08/15/2016,06/15/2017,20,0,0,0,8,9,2,,,0,0,0,0,0,0,0,0,0,0,0,0,0,0,996,,,,,,,,,,,,,,,,,,,,,,,,,,,,,,0,0,0,1,0,0,0,0,0,1,0,1,0,1,0,0,1,1,0,0,0,0,0,1,1,0,0,0,0,1,0,1,0,0,0,,0,0,0,0,0,0,0,0,1,0,0,1,0,0,0,0,,,,,,21-25,16-25,City street,U,Thursday,Unknown,PV,Not Fatal,1,0,0,0,City Street,Municipal/City Police,Seattle Police Department,0,0,0,1,0,,,,,,,,,,,,,,,,,,,,,,,,,,,,,,,,,,,,,,,,,,,
2019,479,3824332,263,11/27/2019,18:59,27,11,,33,King,1960,1,0,3,1,1,1,1,2,1,,,,8,0,0,0,1,0,1,7,2,4,6,0,0,0,0,42ND AVE SW,,-122.3854917,47.55998889,0,1,13,80,5,30,34,0,0,1,5,8,1,1,2,1,1,2,2,53,0,49,472,2003,0,0,8,,,,,,1,1,77,2,0,,0,0,1,0,11,0,,,,,0,0,3,3,1,0,0,0,0,0,,,,,,0,,,,,,98116,53,65,160,6,1,0,0,0,0,,0,,,,,,0,,,20,0,0,0,8,9,8,,,0,0,0,8,0,8,95,,,96,,,8,95,995,,,,,,,,,,,,,,,,,,,,,,,,,,,,,,0,0,0,0,0,0,0,0,0,1,0,1,0,0,0,0,0,0,0,0,0,0,0,0,0,1,1,1,0,1,0,1,0,0,0,,0,0,0,0,0,0,0,0,0,0,0,0,0,0,0,0,,,,,,76-80,76+,City street,U,Wednesday,Belt Used,PV,Not Fatal,0,0,0,0,City Street,Municipal/City Police,Seattle Police Department,0,0,0,1,0,,,,,,0,0,0,,,,,,,,,,,98,98,98,0,,,,,20,7,,,,,,,,,,,,,,,
2020,380,3834597,263,09/19/2020,15:37,19,9,,33,King,1960,1,,1,1,2,1,1,1,1,15:38,15:44,16:02,8,0,0,0,1,0,1,7,2,4,6,0,0,0,0,28TH AVE S,,-122.2968806,47.542825,0,1,13,80,5,25,4,0,0,1,5,8,1,2,2,1,1,1,1,53,0,6,51,2018,0,,8,,,,,,1,1,29,1,0,,0,0,99,7,11,0,,,,,0,0,3,3,1,0,,,,92,,,,,,98,,,,,,98837,53,71,140,6,1,0,0,0,3,,0,,,,,,0,11/15/2015,12/15/2019,20,0,0,0,8,9,8,,,0,,,8,8,8,95,,,96,,,8,95,995,,,,,,,,,,,,,,,,,,,,,,,,,,,,,,0,0,0,0,0,0,0,0,0,1,1,1,0,0,0,0,1,1,0,0,0,0,0,0,0,0,0,0,0,1,0,1,0,0,0,,0,0,0,0,0,0,0,0,1,0,0,0,0,0,0,0,,,,,,26-30,26-35,City street,U,Saturday,Unknown,PV,Not Fatal,0,0,0,0,City Street,Municipal/City Police,Seattle Police Department,0,0,0,1,0,,,,,,0,0,0,,,,,,,,,,,98,98,98,0,,,,,20,7,,,,,,,,1,0,,,,,,
2020,295,3834601,263,08/11/2020,1:10,11,8,,33,King,1960,98,,3,1,2,1,0,1,1,,,,30,0,0,0,3,0,3,4,2,4,6,0,0,20,3,RENTON AVE S,S Prentice St,-122.2567278,47.50838056,0,1,1,13,2,25,6,0,0,1,2,30,1,4,2,1,11,1,1,53,0,6,52,2004,0,,63,30,,,,,1,1,27,2,7,,4,0,99,7,11,5,08/11/2020,5:29,1.96E+11,38327,0,0,0,2,1,0,,,,92,,,,,,98,,,,,,98144,53,66,185,1,1,0,2,2,1,,0,,,,,,0,11/15/2016,01/15/2018,1,0,0,0,0,9,8,,,0,,,8,8,2,348,522,996,1,1,1,2,1,0.188,,,,,,,,,,,,,,,,,,,,,,,,,,,,,,0,0,1,1,1,1,1,1,0,0,0,0,0,1,0,0,1,0,0,0,0,0,0,0,0,0,0,0,0,1,0,0,0,0,0,,1,0,0,0,0,1,1,1,1,0,0,1,0,0,0,1,,,,,,26-30,26-35,City street,U,Tuesday,Unknown,PV,Black,1,0,0,0,City Street,Municipal/City Police,Seattle Police Department,0,0,0,1,0,,,,,,0,0,4,,,,,,,,,,,98,98,98,2,,,,,20,7,,,,,,,,1,0,,,,,,
2021,582,3834662,263,01/30/2021,17:47,30,1,,33,King,1960,2,,3,2,1,1,0,1,1,,,,30,0,0,0,1,0,1,7,2,4,6,0,0,0,0,16TH AVE SW,,-122.3546667,47.57956667,0,1,1,9,1,25,2,0,0,1,2,30,1,1,2,1,1,1,1,53,0,12,3,2007,0,,63,30,,,,,1,1,56,1,7,,4,8,20,7,11,5,01/30/2021,18:07,1.96E+11,5043,6,0,0,3,1,0,,,,92,,,,,,98,,,,,,98372,53,73,250,6,1,0,3,1,2,,0,,,,,,0,01/15/2017,02/15/2021,20,0,0,0,0,9,8,,,0,,,9,9,2,128,177,401,1,1,1,2,1,0,,,,,,,,,,,,,,,,,,,,,,,,,,,,,,0,0,1,0,0,0,1,1,0,0,0,0,0,0,0,0,1,0,0,1,0,0,0,0,0,0,0,0,0,1,0,0,0,1,0,,1,0,0,0,0,0,1,1,1,0,0,0,0,0,1,0,,,,,,56-60,56-65,City street,U,Saturday,Not Used,PV,White,0,1,0,0,City Street,Municipal/City Police,Seattle Police Department,1,0,0,1,0,,,,,,0,0,3,1,,,,,417,,,,,98,98,98,1,,,,,20,,,,,,,,,1,0,,,,,,
2020,376,3834802,263,09/13/2020,18:40,13,9,,33,King,1960,5,,5,1,1,1,0,3,3,,,,12,0,2,20.9,2,0,4,3,2,1,3,0,0,3,3,SR-99,SR-509,-122.3337167,47.54733056,0,1,84,17,2,45,2,0,0,1,2,12,1,1,2,2,1,1,2,40,0,37,32,2012,0,,12,,,,,,1,1,33,1,7,,4,7,20,7,11,0,09/13/2020,18:40,1.96E+11,43461,0,0,0,3,1,39,,,,96,,,,,,98,,,,,,73114,40,72,190,6,1,0,0,0,1,,0,,,,,,3,07/15/2016,07/15/2016,8,0,0,0,0,9,8,,,0,,,8,8,2,695,605,,1,1,,2,1,0.244,,,,,,,,,,,,,,,,,,,,,,,,,,,,,,0,0,0,1,1,1,1,1,1,0,0,0,1,0,0,0,0,0,0,1,0,0,0,0,0,0,0,0,0,1,0,0,0,1,0,,1,0,0,0,0,1,1,1,0,1,0,0,0,0,0,1,,,,,,31-35,26-35,State route,U,Sunday,Not Used,PV,White,1,0,0,0,State Route,Municipal/City Police,Seattle Police Department,0,1,0,0,0,thc,4.2,carboxy-thc,16,,0,0,0,,,,,,,,,,,98,98,98,1,,,,,20,7,,,,,,,nms,1,0,,,,,,
2020,376,3834802,263,09/13/2020,18:40,13,9,,33,King,1960,5,,5,1,1,1,0,3,3,,,,12,0,2,20.9,2,0,4,3,2,1,3,0,0,3,3,SR-99,SR-509,-122.3337167,47.54733056,0,2,84,66,4,45,6,0,0,1,2,12,1,1,3,1,11,1,1,53,0,20,23,2007,0,,12,12,,,,,1,1,56,2,0,,3,0,3,0,11,5,,,,,0,0,3,3,1,0,,,,96,,,,,,98,,,,,,98168,53,67,135,6,1,0,0,0,0,,0,,,,,,0,,,8,0,0,1,8,9,8,,,0,,,8,8,8,95,,,96,,,8,95,995,,,,,,,,,,,,,,,,,,,,,,,,,,,,,,0,0,0,1,1,1,1,1,1,0,0,0,1,0,0,0,0,0,0,1,0,0,0,0,0,0,0,0,0,1,0,0,0,0,0,,0,0,0,0,0,0,0,0,0,0,0,0,0,0,0,0,,,,,,56-60,56-65,State route,U,Sunday,Belt Used,PV,Not Fatal,1,0,0,0,State Route,Municipal/City Police,Seattle Police Department,0,1,0,0,0,,,,,,0,0,0,,,,,,,,,,,98,98,98,0,,,,,20,7,,,,,,,,1,0,,,,,,
2020,376,3834802,263,09/13/2020,18:40,13,9,,33,King,1960,5,,5,1,1,1,0,3,3,,,,12,0,2,20.9,2,0,4,3,2,1,3,0,0,3,3,SR-99,SR-509,-122.3337167,47.54733056,0,3,98,98,7,45,2,0,0,1,5,12,1,1,2,2,5,1,2,53,0,37,32,2006,0,,12,,,,,,1,1,64,1,0,,0,0,3,0,11,0,,,,,0,0,0,3,1,0,,,,96,,,,,,98,,,,,,98188,53,61,145,6,1,0,0,0,0,,0,,,,,,0,,,20,0,0,0,8,9,8,,,0,,,8,8,8,95,,,96,,,8,95,995,,,,,,,,,,,,,,,,,,,,,,,,,,,,,,0,0,0,1,1,1,1,1,1,0,0,0,1,0,0,0,0,0,0,1,0,0,0,0,0,0,0,0,0,1,0,0,0,0,0,,0,0,0,0,0,0,0,0,0,0,0,0,0,0,0,0,,,,,,61-65,56-65,State route,U,Sunday,Belt Used,PV,Not Fatal,1,0,0,0,State Route,Municipal/City Police,Seattle Police Department,0,1,0,0,0,,,,,,0,0,0,,,,,,,,,,,98,98,98,0,,,,,20,7,,,,,,,,1,0,,,,,,
2021,296,3835736,263,03/31/2021,11:59,31,3,,33,King,1960,1,,1,1,1,1,1,1,1,,,,9,0,0,0,2,0,2,5,2,4,6,0,0,20,3,WABASH AVE S,S Cloverdale Pl,-122.2675861,47.52771389,0,1,13,83,5,20,4,0,0,1,5,9,1,1,2,1,4,1,1,53,0,49,40,1996,0,,9,,,,,,1,1,24,1,0,,0,0,99,7,11,0,,,,,0,0,0,3,1,10,38,39,,0,,,,,,98,,,,,,98118,53,67,123,6,1,0,0,0,0,,37,,,,,,0,,,20,0,0,0,8,9,8,,,0,,,8,8,0,0,,,0,,,0,0,996,,,,,,,,,,,,,,,,,,,,,,,,,,,,,,0,0,0,1,0,0,0,0,0,0,0,0,0,0,0,0,0,0,1,0,0,0,0,1,1,0,0,0,0,1,0,0,1,0,0,,0,0,0,0,0,0,0,0,0,0,1,0,0,0,0,0,,,,,,21-25,16-25,City street,U,Wednesday,Unknown,PV,Not Fatal,1,0,0,0,City Street,Municipal/City Police,Seattle Police Department,0,0,0,1,0,,,,,,0,0,0,,,,,,,,,,,0,0,0,0,,,,,20,,,,,,,,,1,0,,,,,,