year,case,par,repjur,crash_dt,crash_tm,accday,accmon,holiday,county,co_char,city,weather,weather2,lightcond,surfcond,surftype,numfatal,nmforms,pforms,vforms,not_tm,arr_tm,hosp_tm,fhevent,hitrun,manncol,milepnt,reljunc,reljuncinter,intersectiontype,funcsystem,landuse,ownership,route,schlbus,spejur,contdev,devfunc,trafid1,trafid2,x,y,wk_zone,vnumber,crashtype,criticalevent,criticaleventcat,spdlim,body,trailer,emerg,hazcargo,leave,mhevent,roadalgn,roadprof,traflane,trafflow,vehmanvr,numoccs,regowner,regstate,spuse,make,model,modelyr,vrf1,vrf2,seqevent1,seqevent2,seqevent3,seqevent4,seqevent5,seqevent6,pnumber,ptype,age,sex,hispanic,race,injury,diedscene,restraint,restraintmisuse,seatpos,takehosp,death_dt,death_tm,cert,cernum_wa,commlic,licendor,licrestrict,liccomp,drivpres,drf1,drf2,drf3,drf4,distract1,distract2,distract3,distract4,distract5,distract6,dricond1,dricond2,dricond3,dricond4,dricond5,dricond6,dzip,licstate,drhgt_in,weight,noncdl,noncdltype,prevdwi,prevoth,prevacc,prevspd,prevsus,driviol1,driviol2,driviol3,driviol4,driviol5,driviol6,spdrel,first_dt,last_dt,airbag,ejection,ejectpath,extricat,injurwrk,methalc,methdrug,nmlocat,strikveh,prf1,prf2,prf3,druginv,alcinvol,drugsts,drugres1,drugres2,drugres3,drugtst1,drugtst2,drugtst3,alcsts,alctst,alcres,nmact1,nmact2,nmact3,nmact4,nmact5,nmact6,nmprior1,nmprior2,nmprior3,nmprior4,nmprior5,nmprior6,nmcond1,nmcond2,nmcond3,nmcond4,nmcond5,nmcond6,nmsafe_helmet,nmsafe_pads,nmsafe_oth,nmprev_ref,nmprev_lgt,nmprev_oth,crashlocation,nmcrashtype,crosswalk,schoolzone,sidewalk,train_inv,wildlife_inv,rotr_fars,intersect_fars,dd_inv,aid_inv,dpd_inv,id_inv,mj_inv,impnm_inv,ainm_inv,dpnm_inv,speed_inv,unlic_inv,unendmc_inv,drowsy_inv,drdist_inv,nmdist_inv,fty_inv,unrestfat_inv,dr1617_inv,dr1820_inv,dr1620_inv,dr2125_inv,dr1625_inv,dr65_inv,dr70_inv,dr75_inv,mc_inv,pv_inv,ht_inv,ped_inv,bike_inv,unrest_fat,mc_fat,unhelmet_mc,pv_fat,ht_fat,ped_fat,bike_fat,dr_alc7,dr_alc8,dr_drug,dr_imp,dr_dist,dr_spd,dr_fty,dr_unlic,dr_alc7only,dr_alc8only,dr_drugonly,dr_drink,nm_imp,nm_alc7,nm_alc8,nm_drug,nm_dist,agegrp1,agegrp2,roadclass,urbrur,dayweek,restuse,vehtype,race_me,intersect,lanedep,oppdir,wrongway,rep_typ,investag,repag_long,rotr,st_rd,cty_rd,city_rd,oth_rd,drug_thc,thc_res,drug_cthc,cthc_res,drug_cann,prevpersemin,prevperse,prevsusoth,drugtst4,drugtst5,drugtst6,drugtst7,drugtst8,drugres4,drugres5,drugres6,drugres7,drugres8,adspresent,adsengaged,adslevel,race1,race2,race3,race4,race5,helmet,helmetmisuse,nmdistract1,nmdistract2,nmdistract3,nmdistract4,nmdistract5,nmdistract6,lab,isedtcase,crf1,crf2,crf3,CoRoadName,CoMP,IntCoRoadName,IntCoMP
2021,568,3835763,263,11/01/2021,15:36,1,11,,33,King,1960,2,,1,2,1,1,1,1,1,,,,8,0,0,,3,0,2,3,2,4,6,0,0,3,3,MARTIN LUTHER KING JR WAY S,S Thistle St,-122.2802056,47.527875,0,1,13,80,5,35,20,0,0,1,5,8,1,1,2,3,1,1,2,53,0,7,442,2007,0,,8,,,,,,1,1,22,1,0,,0,0,99,7,11,0,,,,,0,0,0,3,1,0,,,,92,,,,,,98,,,,,,98144,53,72,165,6,1,0,0,0,0,,0,,,,,,0,,,20,0,0,0,8,9,8,,,0,,,8,8,9,999,,,99,,,8,95,995,,,,,,,,,,,,,,,,,,,,,,,,,,,,,,0,0,0,1,0,0,0,0,0,0,0,0,0,0,0,0,1,1,0,0,0,0,0,1,1,0,0,0,0,1,0,1,0,0,0,,0,0,0,0,0,0,0,0,1,0,0,0,0,0,0,0,,,,,,21-25,16-25,City street,U,Monday,Unknown,PV,Not Fatal,1,0,0,0,City Street,Municipal/City Police,Seattle Police Department,0,0,0,1,0,,,,,,0,0,0,,,,,,,,,,,98,98,98,0,,,,,20,,,,,,,,,1,0,,,,,,
2021,129,3835780,263,04/11/2021,18:59,11,4,,33,King,1960,1,,1,1,2,1,1,1,1,,,,9,1,0,0,1,0,1,5,2,4,6,0,0,0,0,SEWARD PARK AVE S,,-122.2638694,47.544625,0,1,13,10,2,25,8,0,0,1,5,9,1,4,2,1,1,99,9,99,0,35,399,9999,0,,68,9,,,,,1,1,999,9,0,,9,0,99,7,11,0,,,,,99,9,9,9,1,0,,,,92,,,,,,98,,,,,,99999,99,,999,9,9,99,99,99,99,,97,,,,,,0,,,99,9,0,0,8,9,8,,,0,,,8,8,0,0,,,0,,,0,0,996,,,,,,,,,,,,,,,,,,,,,,,,,,,,,,0,0,0,0,0,0,0,0,0,0,0,0,0,0,0,0,1,0,0,0,0,0,0,0,0,0,0,0,0,1,0,0,1,0,0,,0,0,0,0,0,0,0,0,1,0,0,0,0,0,0,0,,,,,,,,City street,U,Sunday,Unknown,PV,Not Fatal,0,0,0,0,City Street,Municipal/City Police,Seattle Police Department,0,0,0,1,0,,,,,,99,99,99,,,,,,,,,,,98,98,98,0,,,,,20,,,,,,,,,1,0,,,,,,
2021,187,3835781,263,05/28/2021,21:07,28,5,,33,King,1960,1,,3,1,1,1,0,1,1,,,,25,0,0,0,5,0,1,2,2,4,6,0,0,0,0,W SEATTLE BRG E,,-122.3279028,47.57078611,0,1,6,12,2,60,80,0,0,1,2,25,2,2,2,6,14,1,2,53,0,73,706,2015,0,,64,25,69,25,,,1,1,31,1,7,,4,7,20,7,11,0,05/28/2021,21:07,1.96E+11,26085,3,0,0,2,1,48,,,,96,,,,,,98,,,,,,98444,53,74,230,6,1,0,3,1,0,,0,,,,,,0,02/15/2016,08/15/2021,20,8,0,0,0,9,8,,,0,,,8,8,2,695,605,,1,1,,2,1,0.079,,,,,,,,,,,,,,,,,,,,,,,,,,,,,,0,0,1,0,1,0,1,1,1,0,0,0,0,0,1,0,0,0,0,0,0,0,0,0,0,0,0,0,1,0,0,0,0,0,1,0,0,0,0,0,1,0,1,1,0,0,0,0,0,0,0,1,,,,,,31-35,26-35,City street,U,Friday,,MC,White,0,1,0,0,City Street,Municipal/City Police,Seattle Police Department,1,0,0,1,0,thc,50,carboxy-thc,320,,0,0,4,,,,,,,,,,,0,0,0,1,,,,,5,,,,,,,,nms,1,0,,,,,,
2021,314,3835802,263,07/14/2021,11:10,14,7,,33,King,1960,1,,1,1,1,1,1,1,1,,,,8,1,0,0,1,0,1,7,2,4,6,0,0,0,0,37TH AVE S,,-122.2859333,47.51528611,0,1,13,80,5,20,61,0,0,1,5,8,1,2,8,1,1,1,3,53,0,38,882,2012,0,,8,,,,,,1,1,45,1,0,,0,0,99,7,11,0,,,,,0,0,0,3,1,0,,,,96,,,,,,98,,,,,,98375,53,69,250,6,1,0,0,0,0,,0,,,,,,0,,,20,0,0,0,8,9,8,,,0,,,8,8,8,95,,,96,,,8,95,995,,,,,,,,,,,,,,,,,,,,,,,,,,,,,,0,0,0,0,0,0,0,0,0,0,0,0,0,0,0,0,0,1,0,0,0,0,0,0,0,0,0,0,0,0,1,1,0,0,0,,0,0,0,0,0,0,0,0,0,0,0,0,0,0,0,0,,,,,,41-45,36-45,City street,U,Wednesday,,MHTRUCK,Not Fatal,0,0,0,0,City Street,Municipal/City Police,Seattle Police Department,0,0,0,1,0,,,,,,0,0,0,,,,,,,,,,,98,98,98,0,,,,,20,,,,,,,,,1,0,,,,,,
2021,518,3835913,263,09/24/2021,2:21,24,9,,33,King,1960,1,,3,1,1,1,0,2,3,,,,30,0,0,0,1,0,1,3,2,4,6,0,0,0,0,15TH AVE W,,-122.3761444,47.63304444,0,1,6,8,1,25,15,0,0,1,2,30,2,1,4,1,14,2,2,6,0,12,422,2004,0,,68,64,30,59,38,30,1,1,34,2,6,,4,7,3,0,11,0,09/24/2021,2:21,1.96E+11,49084,0,0,0,0,1,0,,,,92,,,,,,1,,,,,,98043,53,60,135,0,0,0,0,0,0,,0,,,,,,0,,,20,0,0,0,0,9,8,,,0,,,8,8,2,402,407,996,1,1,1,2,1,0.186,,,,,,,,,,,,,,,,,,,,,,,,,,,,,,0,0,1,0,1,1,1,1,0,0,0,0,0,1,0,0,1,0,0,0,0,0,0,0,0,0,0,0,0,1,0,0,0,0,0,,1,0,0,0,0,1,1,1,1,0,0,1,0,0,0,1,,,,,,31-35,26-35,City street,U,Friday,Belt Used,PV,Hispanic,0,1,0,0,City Street,Municipal/City Police,Seattle Police Department,1,0,0,1,0,,,,,,0,0,0,,,,,,,,,,,98,98,98,298,,,,,20,,,,,,,,,1,0,,,,,,
2021,381,3835994,263,08/08/2021,3:07,8,8,,33,King,1960,10,,3,2,2,1,0,1,1,,,,25,0,0,26.2,5,1,1,2,2,1,3,0,0,0,0,SR-99,,-122.3456944,47.62213056,0,1,7,12,2,98,3,0,0,1,2,25,2,2,1,6,14,1,2,53,0,10,37,1997,0,,64,25,,,,,1,1,34,1,7,,4,7,99,7,11,0,08/08/2021,3:07,1.96E+11,39056,6,0,0,3,1,0,,,,92,,,,,,98,,,,,,98109,53,70,170,6,1,0,0,1,1,,0,,,,,,0,07/15/2019,07/15/2019,1,0,0,0,0,9,8,,,0,,,8,8,0,0,,,0,,,0,0,996,,,,,,,,,,,,,,,,,,,,,,,,,,,,,,0,0,0,0,0,0,0,0,0,0,0,0,0,0,0,0,1,0,0,0,0,0,0,0,0,0,0,0,0,1,0,0,0,0,0,,1,0,0,0,0,0,0,0,1,0,0,0,0,0,0,0,,,,,,31-35,26-35,State route,U,Sunday,Unknown,PV,API,0,1,0,0,State Route,Municipal/City Police,Seattle Police Department,1,1,0,0,0,,,,,,0,0,0,,,,,,,,,,,0,0,0,7,,,,,20,,,,,,,,,1,0,,,,,,
2021,114,3836207,263,03/30/2021,20:20,30,3,,33,King,1960,1,,3,1,1,1,1,1,1,,,,8,0,0,3.6,1,0,1,3,2,1,3,0,0,97,8,SR-522,,-122.2924278,47.72523611,0,1,13,80,5,35,14,0,0,1,5,8,1,4,5,5,1,1,1,53,0,37,402,2016,0,,8,,,,,,1,1,38,2,0,,0,0,3,0,11,0,,,,,0,0,3,3,1,10,,,,0,,,,,,98,,,,,,98177,53,72,195,6,1,0,0,0,0,,0,,,,,,0,,,20,0,0,0,8,9,8,,,0,,,8,8,8,95,,,96,,,8,95,995,,,,,,,,,,,,,,,,,,,,,,,,,,,,,,0,0,0,0,0,0,0,0,0,1,0,1,0,0,0,0,0,0,0,0,0,0,0,0,0,0,0,0,0,1,0,1,0,0,0,,0,0,0,0,0,0,0,0,0,0,0,0,0,0,0,0,,,,,,36-40,36-45,State route,U,Tuesday,Belt Used,PV,Not Fatal,0,0,0,0,State Route,Municipal/City Police,Seattle Police Department,0,1,0,0,0,,,,,,0,0,0,,,,,,,,,,,98,98,98,0,,,,,20,,,,,,,,,1,0,,,,,,
2020,111,3836302,263,04/01/2020,20:15,1,4,,33,King,1960,1,,3,1,2,1,1,1,1,,,,8,1,0,33.2,3,0,2,3,2,1,3,0,0,3,3,SR-99,N 125TH ST,-122.3449417,47.71958611,0,1,13,80,5,40,4,0,0,1,5,8,1,1,4,1,1,1,1,53,0,49,32,2014,0,,8,,,,,,1,1,21,1,0,,0,0,99,7,11,0,,,,,0,0,0,3,1,0,,,,96,,,,,,9,,,,,,98037,53,70,207,6,1,0,0,0,1,,97,,,,,,3,06/15/2017,06/15/2017,99,0,0,0,8,9,8,,,0,,,8,1,2,1,,,1,,,2,1,0.1,,,,,,,,,,,,,,,,,,,,,,,,,,,,,,0,0,0,1,1,1,0,1,0,1,0,1,1,0,0,0,0,0,0,0,0,0,0,1,1,0,0,0,0,1,0,1,0,0,0,,0,0,0,0,0,1,0,1,0,1,0,0,0,1,0,1,,,,,,21-25,16-25,State route,U,Wednesday,Unknown,PV,Not Fatal,1,0,0,0,State Route,Municipal/City Police,Seattle Police Department,0,1,0,0,0,,,,,,0,0,0,,,,,,,,,,,98,98,98,0,,,,,20,7,,,,,,,,1,0,,,,,,
2020,405,3836479,263,10/02/2020,19:59,2,10,,33,King,1960,1,,3,1,1,1,1,1,1,,,,8,1,0,0,1,0,1,3,2,4,6,0,0,0,0,RAINIER AVE S,,-122.2959889,47.57548611,0,1,13,80,5,25,4,0,0,1,5,8,1,1,4,1,1,1,1,53,0,6,51,2010,0,,8,,,,,,1,1,32,1,0,,9,0,99,7,11,0,,,,,0,0,0,3,1,38,,,,0,,,,,,1,,,,,,98144,53,67,195,6,1,0,0,0,0,,97,,,,,,3,,,99,9,0,0,8,9,8,,,0,,,8,8,8,95,,,96,,,8,95,995,,,,,,,,,,,,,,,,,,,,,,,,,,,,,,0,0,0,0,0,0,0,0,0,1,0,1,1,0,0,0,0,0,1,0,0,0,0,0,0,0,0,0,0,1,0,1,0,0,0,,0,0,0,0,0,0,0,0,0,1,1,0,0,0,0,0,,,,,,31-35,26-35,City street,U,Friday,Unknown,PV,Not Fatal,0,0,0,0,City Street,Municipal/City Police,Seattle Police Department,0,0,0,1,0,,,,,,0,0,0,,,,,,,,,,,98,98,98,0,,,,,20,7,,,,,,,,1,0,,,,,,
2020,121,3837845,263,04/25/2020,20:17,25,4,,33,King,1960,1,,1,1,2,2,0,2,1,20:20,20:27,,30,0,0,0,3,0,3,3,2,4,6,0,0,0,0,AIRPORT WAY S,S Hinds St,-122.3216417,47.57351667,0,1,6,12,2,30,2,0,0,1,2,30,2,1,5,5,14,2,1,53,0,12,3,2006,0,,68,64,30,,,,1,1,57,1,7,,4,7,99,7,11,0,04/25/2020,20:17,1.96E+11,19844,0,0,0,3,1,0,,,,96,,,,,,98,,,,,,98168,53,70,200,6,1,1,0,0,0,,0,,,,,,3,05/15/2015,05/15/2019,99,0,0,0,0,9,8,,,0,,,8,8,2,321,,,1,,,2,1,0.188,,,,,,,,,,,,,,,,,,,,,,,,,,,,,,0,0,1,1,1,1,1,1,0,0,0,0,1,0,0,0,0,0,0,0,0,0,0,0,0,0,0,0,0,1,0,0,0,0,0,,1,0,0,0,0,1,1,1,0,1,0,0,0,0,0,1,,,,,,56-60,56-65,City street,U,Saturday,Unknown,PV,White,0,1,0,0,City Street,Municipal/City Police,Seattle Police Department,1,0,0,1,0,,,,,,0,1,0,,,,,,,,,,,98,98,98,1,,,,,20,7,,,,,,,,1,0,,,,,,
2020,534,3837909,263,04/16/2020,21:15,16,4,,33,King,1960,1,,3,1,2,1,1,1,1,21:16,21:32,21:43,8,0,0,0,3,0,2,3,2,4,6,0,0,3,3,RAINIER AVE S,MARTIN LUTHER KING JR WAY S,-122.2966056,47.57633056,0,1,13,80,5,25,21,0,0,1,5,8,1,1,6,1,1,1,1,53,0,20,461,1990,0,,8,,,,,,1,1,61,1,0,,0,0,3,0,11,0,,,,,0,0,0,3,1,0,,,,96,,,,,,0,,,,,,98122,53,73,260,6,1,0,1,0,0,,0,,,,,,0,03/15/2019,03/15/2019,20,0,0,0,8,9,8,,,0,,,8,8,0,0,,,0,,,0,0,996,,,,,,,,,,,,,,,,,,,,,,,,,,,,,,0,0,0,1,0,0,0,0,0,1,1,1,0,0,0,0,0,0,0,0,0,0,0,0,0,0,0,0,0,1,0,1,0,0,0,,0,0,0,0,0,0,0,0,0,0,0,0,0,0,0,0,,,,,,61-65,56-65,City street,U,Thursday,Belt Used,PV,Not Fatal,1,0,0,0,City Street,Municipal/City Police,Seattle Police Department,0,0,0,1,0,,,,,,0,0,0,,,,,,,,,,,0,0,0,0,,,,,20,7,,,,,,,,1,0,,,,,,
2020,535,3838326,263,05/03/2020,0:52,3,5,,33,King,1960,1,,3,1,1,1,1,1,1,0:58,1:08,1:22,8,1,0,0,3,0,4,5,2,4,6,0,0,0,0,14TH AVE S,GOLG DR S,-122.3148556,47.59300556,0,1,13,80,5,25,9,0,0,1,5,8,1,1,1,4,10,99,9,99,0,99,399,9999,0,,8,,,,,,1,1,998,8,0,,9,0,99,7,11,8,,,,,99,9,9,9,1,0,,,,92,,,,,,98,,,,,,99998,98,,999,9,9,99,99,99,99,,97,,,,,,0,,,98,0,0,0,8,9,8,,,0,,,8,8,0,0,,,0,,,0,0,996,,,,,,,,,,,,,,,,,,,,,,,,,,,,,,0,0,0,1,0,0,0,0,0,1,0,1,0,0,0,0,1,0,0,0,0,0,0,0,0,0,0,0,0,1,0,1,0,0,0,,0,0,0,0,0,0,0,0,1,0,0,0,0,0,0,0,,,,,,,,City street,U,Sunday,Unknown,PV,Not Fatal,0,0,0,0,City Street,Municipal/City Police,Seattle Police Department,0,0,0,1,0,,,,,,99,99,99,,,,,,,,,,,98,98,98,0,,,,,20,7,,,,,,,,1,0,,,,,,
2020,515,3840261,344,12/22/2020,21:30,22,12,,77,Yakima,0,1,,2,1,2,1,0,1,1,21:38,21:44,22:10,1,0,0,0.8,1,0,1,5,1,2,4,0,3,0,0,CR-CURTIS ST,,-120.7289278,46.37631667,0,1,7,12,2,35,14,0,0,1,2,1,2,2,2,1,14,1,2,41,0,12,401,2003,0,,68,64,1,,,,1,1,49,1,7,,4,0,99,7,11,5,12/22/2020,23:21,2.59E+11,60574,0,0,0,0,1,0,,,,96,,,,,,9,,,,,,98952,53,68,156,0,0,0,0,0,0,,0,,,,,,3,06/15/2017,06/15/2017,20,0,0,0,0,3,2,,,0,,,8,1,2,522,695,605,1,1,1,2,1,0.156,,,,,,,,,,,,,,,,,,,,,,,,,,,,,,0,0,0,0,1,1,1,1,1,0,0,0,1,1,0,0,0,0,0,0,0,0,0,0,0,0,0,0,0,1,0,0,0,0,0,,1,0,0,0,0,1,1,1,0,1,0,1,0,0,0,1,,,,,,46-50,46-55,County road,R,Tuesday,Unknown,PV,AIAN,0,1,0,0,County Road,Other Law Enforcement,Yakama Tribal Police Department,1,0,1,0,0,thc,9.6,carboxy-thc,19,,0,0,1,,,,,,,,,,,98,98,98,3,,,,,20,7,,,,,,,nms,1,0,,,CURTIS ST.,0.75,,
2020,513,3840330,344,01/14/2020,3:53,14,1,,77,Yakima,0,4,,2,10,2,1,0,4,1,3:53,4:12,4:53,1,0,0,5,1,0,1,6,1,2,4,0,3,0,0,CR-MCDONALD RD,,-120.4606222,46.39014444,0,1,7,6,1,35,4,0,0,1,2,1,1,1,8,1,1,4,2,53,0,7,20,2004,0,,68,64,1,,,,1,1,20,2,7,,4,7,20,7,11,0,01/14/2020,3:53,53001535,1535,0,0,0,0,1,0,,,,96,,,,,,9,,,,,,98920,53,,999,0,0,0,0,0,0,,0,,,,,,4,,,20,1,9,0,0,9,8,,,0,,,8,1,2,1,,,1,,,2,1,0.084,,,,,,,,,,,,,,,,,,,,,,,,,,,,,,0,0,0,0,1,1,0,1,0,0,0,0,1,1,0,0,0,0,0,1,0,1,1,0,1,0,0,0,0,1,0,0,0,1,0,,1,0,0,0,0,1,0,1,0,1,0,1,0,1,0,1,,,,,,18-20,16-25,County road,R,Tuesday,Not Used,PV,AIAN,0,1,0,0,County Road,Other Law Enforcement,Yakama Tribal Police Department,1,0,1,0,0,,,,,,0,0,0,,,,,,,,,,,98,98,98,3,,,,,20,7,,,,,,,,1,0,,,MCDONALD RD.,4.95,,
2020,191,3841215,278,05/11/2020,6:39,11,5,,63,Spokane,0,1,,1,1,2,1,0,3,3,6:42,6:51,7:28,12,0,2,2.7,1,0,1,5,1,2,4,0,0,0,0,CR-N ARGONNE RD,,-117.2865806,47.72478333,0,3,98,62,4,45,34,0,0,1,2,12,1,1,2,1,1,1,1,16,0,23,481,1988,0,,12,,,,,,1,1,33,1,0,,0,0,3,0,11,0,,,,,0,0,0,0,1,0,,,,96,,,,,,0,,,,,,83854,16,69,210,0,0,0,0,0,0,,0,,,,,,0,,,20,0,0,0,8,9,8,,,0,,,8,8,8,95,,,96,,,8,95,995,,,,,,,,,,,,,,,,,,,,,,,,,,,,,,0,0,0,0,0,0,1,1,0,0,0,0,0,1,0,0,0,0,0,0,0,0,0,0,0,0,0,0,0,1,0,0,0,0,0,,0,0,0,0,0,0,0,0,0,0,0,1,0,0,0,0,,,,,,31-35,26-35,County road,R,Monday,Belt Used,PV,Not Fatal,0,1,1,0,County Road,County Sheriff,Spokane County Sheriff's Office,0,0,1,0,0,,,,,,0,0,0,,,,,,,,,,,0,0,0,0,,,,,20,7,,,,,,,,1,0,,,ARGONNE RD,2.7,,
2020,191,3841215,278,05/11/2020,6:39,11,5,,63,Spokane,0,1,,1,1,2,1,0,3,3,6:42,6:51,7:28,12,0,2,2.7,1,0,1,5,1,2,4,0,0,0,0,CR-N ARGONNE RD,,-117.2865806,47.72478333,0,1,50,10,2,45,34,0,0,1,2,12,1,1,2,1,6,1,2,53,0,12,481,2003,0,,68,12,12,1,,,1,1,29,1,0,,3,0,99,7,11,5,,,,,0,0,0,2,1,33,,,,96,,,,,,98,,,,,,99016,53,70,190,1,1,0,0,0,1,,97,,,,,,0,11/15/2016,11/15/2016,20,0,0,0,8,9,8,,,0,,,8,8,2,401,417,,1,1,,2,1,0,,,,,,,,,,,,,,,,,,,,,,,,,,,,,,0,0,0,0,0,0,1,1,0,0,0,0,0,1,0,0,0,0,0,0,0,0,0,0,0,0,0,0,0,1,0,0,0,0,0,,0,0,0,0,0,0,1,1,0,0,0,1,0,0,1,0,,,,,,26-30,26-35,County road,R,Monday,Unknown,PV,Not Fatal,0,1,1,0,County Road,County Sheriff,Spokane County Sheriff's Office,0,0,1,0,0,,,,,,0,0,1,,,,,,,,,,,98,98,98,0,,,,,20,7,,,,,,,,1,0,,,ARGONNE RD,2.7,,
2020,191,3841215,278,05/11/2020,6:39,11,5,,63,Spokane,0,1,,1,1,2,1,0,3,3,6:42,6:51,7:28,12,0,2,2.7,1,0,1,5,1,2,4,0,0,0,0,CR-N ARGONNE RD,,-117.2865806,47.72478333,0,2,51,62,4,45,4,0,0,1,2,12,1,1,2,1,1,1,2,53,0,37,31,1991,0,,12,,,,,,1,1,44,1,7,,4,7,3,0,11,0,05/11/2020,6:39,53023135,23135,0,0,0,3,1,0,,,,96,,,,,,0,,,,,,99212,53,69,200,6,1,0,1,1,0,,0,,,,,,0,02/15/2020,02/15/2020,20,0,0,0,0,9,8,,,0,,,8,8,2,124,996,,1,1,,2,1,0,,,,,,,,,,,,,,,,,,,,,,,,,,,,,,0,0,0,0,0,0,1,1,0,0,0,0,0,1,0,0,0,0,0,0,0,0,0,0,0,0,0,0,0,1,0,0,0,0,0,,1,0,0,0,0,0,1,1,0,0,0,0,0,0,1,0,,,,,,41-45,36-45,County road,R,Monday,Belt Used,PV,White,0,1,1,0,County Road,County Sheriff,Spokane County Sheriff's Office,0,0,1,0,0,,,,,,0,0,0,,,,,,,,,,,0,0,0,1,,,,,20,7,,,,,,,,1,0,,,ARGONNE RD,2.7,,
2020,533,3841241,40,01/23/2020,12:17,23,1,,63,Spokane,0,2,,1,2,2,1,0,1,1,,,,42,0,0,1.4,3,0,3,6,1,2,4,0,0,0,0,CR-S BALTIMORE RD,S FREYA,-117.3582972,47.55608889,0,1,6,12,2,45,4,0,0,1,2,42,1,2,2,1,1,1,1,53,0,22,18,2005,0,,68,64,42,,,,1,1,19,1,7,,4,7,20,7,11,0,01/23/2020,12:17,53003596,3596,0,0,0,3,1,0,,,,92,,,,,,98,,,,,,99223,53,68,125,6,2,0,0,0,1,,0,,,,,,0,04/15/2018,04/15/2018,1,2,9,0,0,9,8,,,0,,,8,8,8,95,,,96,,,8,95,995,,,,,,,,,,,,,,,,,,,,,,,,,,,,,,0,0,1,1,0,0,0,0,0,0,0,0,0,0,0,0,1,0,0,1,0,1,1,0,1,0,0,0,0,1,0,0,0,1,0,,1,0,0,0,0,0,0,0,1,0,0,0,0,0,0,0,,,,,,18-20,16-25,County road,R,Thursday,Not Used,PV,White,0,1,0,0,County Road,County Sheriff,Spokane County Sheriff's Office,1,0,1,0,0,,,,,,0,0,0,,,,,,,,,,,98,98,98,1,,,,,20,7,,,,,,,,1,0,,,BALTIMORE RD,1.35,,
2020,254,3842285,12,07/16/2020,5:28,16,7,,7,Chelan,0,1,,9,1,5,1,0,1,1,,,,1,0,0,9999.8,1,0,1,7,1,98,8,0,0,0,0,BISPING CANYON RD,,-120.3380389,47.76382778,0,1,1,13,2,98,14,0,0,1,2,1,2,2,8,8,14,1,1,53,0,20,401,1992,0,,63,1,,,,,1,1,77,1,7,,4,7,20,7,11,0,07/16/2020,5:28,53033021,33021,0,0,0,3,1,0,,,,92,,,,,,98,,,,,,98822,53,69,175,6,1,0,0,0,0,,0,,,,,,0,,,20,0,0,0,0,9,8,,,0,,,8,8,0,0,,,0,,,0,0,996,,,,,,,,,,,,,,,,,,,,,,,,,,,,,,0,0,1,0,0,0,0,0,0,0,0,0,0,0,0,0,1,0,0,1,0,0,0,0,0,1,1,1,0,1,0,0,0,1,0,,1,0,0,0,0,0,0,0,1,0,0,0,0,0,0,0,,,,,,76-80,76+,Other,R,Thursday,Not Used,PV,White,0,1,0,0,Other,County Sheriff,Chelan County Sheriff's Office,1,0,0,0,1,,,,,,0,0,0,,,,,,,,,,,0,0,0,1,,,,,20,7,,,,,,,,1,0,,,,,,
2020,51,3847626,263,01/07/2020,15:50,7,1,,33,King,1960,2,,1,2,2,1,1,1,1,15:52,15:55,16:23,8,0,0,0,3,0,2,4,2,4,6,0,0,0,0,S HOLGATE ST,8th Ave S,-122.3235167,47.58611667,0,1,13,81,5,98,4,0,0,1,8,8,1,2,4,1,1,1,2,53,0,49,32,2015,0,,8,,,,,,1,1,41,2,0,,0,0,3,0,11,0,,,,,0,0,3,3,1,0,,,,96,,,,,,0,,,,,,98108,53,60,135,6,1,0,0,0,0,,0,,,,,,0,,,20,0,0,0,8,3,8,,,0,,,8,8,0,0,,,0,,,8,95,995,,,,,,,,,,,,,,,,,,,,,,,,,,,,,,0,0,0,1,0,0,0,0,0,1,0,1,0,0,0,0,0,0,0,0,0,0,0,0,0,0,0,0,0,1,0,1,0,0,0,,0,0,0,0,0,0,0,0,0,0,0,0,0,0,0,0,,,,,,41-45,36-45,City street,U,Tuesday,Belt Used,PV,Not Fatal,1,0,0,0,City Street,Municipal/City Police,Seattle Police Department,0,0,0,1,0,,,,,,0,0,0,,,,,,,,,,,98,98,98,0,,,,,20,7,,,,,,,,1,0,,,,,,