year,case,par,repjur,crash_dt,crash_tm,accday,accmon,holiday,county,co_char,city,weather,weather2,lightcond,surfcond,surftype,numfatal,nmforms,pforms,vforms,not_tm,arr_tm,hosp_tm,fhevent,hitrun,manncol,milepnt,reljunc,reljuncinter,intersectiontype,funcsystem,landuse,ownership,route,schlbus,spejur,contdev,devfunc,trafid1,trafid2,x,y,wk_zone,vnumber,crashtype,criticalevent,criticaleventcat,spdlim,body,trailer,emerg,hazcargo,leave,mhevent,roadalgn,roadprof,traflane,trafflow,vehmanvr,numoccs,regowner,regstate,spuse,make,model,modelyr,vrf1,vrf2,seqevent1,seqevent2,seqevent3,seqevent4,seqevent5,seqevent6,pnumber,ptype,age,sex,hispanic,race,injury,diedscene,restraint,restraintmisuse,seatpos,takehosp,death_dt,death_tm,cert,cernum_wa,commlic,licendor,licrestrict,liccomp,drivpres,drf1,drf2,drf3,drf4,distract1,distract2,distract3,distract4,distract5,distract6,dricond1,dricond2,dricond3,dricond4,dricond5,dricond6,dzip,licstate,drhgt_in,weight,noncdl,noncdltype,prevdwi,prevoth,prevacc,prevspd,prevsus,driviol1,driviol2,driviol3,driviol4,driviol5,driviol6,spdrel,first_dt,last_dt,airbag,ejection,ejectpath,extricat,injurwrk,methalc,methdrug,nmlocat,strikveh,prf1,prf2,prf3,druginv,alcinvol,drugsts,drugres1,drugres2,drugres3,drugtst1,drugtst2,drugtst3,alcsts,alctst,alcres,nmact1,nmact2,nmact3,nmact4,nmact5,nmact6,nmprior1,nmprior2,nmprior3,nmprior4,nmprior5,nmprior6,nmcond1,nmcond2,nmcond3,nmcond4,nmcond5,nmcond6,nmsafe_helmet,nmsafe_pads,nmsafe_oth,nmprev_ref,nmprev_lgt,nmprev_oth,crashlocation,nmcrashtype,crosswalk,schoolzone,sidewalk,train_inv,wildlife_inv,rotr_fars,intersect_fars,dd_inv,aid_inv,dpd_inv,id_inv,mj_inv,impnm_inv,ainm_inv,dpnm_inv,speed_inv,unlic_inv,unendmc_inv,drowsy_inv,drdist_inv,nmdist_inv,fty_inv,unrestfat_inv,dr1617_inv,dr1820_inv,dr1620_inv,dr2125_inv,dr1625_inv,dr65_inv,dr70_inv,dr75_inv,mc_inv,pv_inv,ht_inv,ped_inv,bike_inv,unrest_fat,mc_fat,unhelmet_mc,pv_fat,ht_fat,ped_fat,bike_fat,dr_alc7,dr_alc8,dr_drug,dr_imp,dr_dist,dr_spd,dr_fty,dr_unlic,dr_alc7only,dr_alc8only,dr_drugonly,dr_drink,nm_imp,nm_alc7,nm_alc8,nm_drug,nm_dist,agegrp1,agegrp2,roadclass,urbrur,dayweek,restuse,vehtype,race_me,intersect,lanedep,oppdir,wrongway,rep_typ,investag,repag_long,rotr,st_rd,cty_rd,city_rd,oth_rd,drug_thc,thc_res,drug_cthc,cthc_res,drug_cann,prevpersemin,prevperse,prevsusoth,drugtst4,drugtst5,drugtst6,drugtst7,drugtst8,drugres4,drugres5,drugres6,drugres7,drugres8,adspresent,adsengaged,adslevel,race1,race2,race3,race4,race5,helmet,helmetmisuse,nmdistract1,nmdistract2,nmdistract3,nmdistract4,nmdistract5,nmdistract6,lab,isedtcase,crf1,crf2,crf3,CoRoadName,CoMP,IntCoRoadName,IntCoMP
2020,552,3847800,263,07/26/2020,16:40,26,7,,33,King,1960,1,,1,1,2,1,0,4,2,16:41,16:51,17:10,14,0,0,0,1,0,1,7,2,4,6,0,0,0,0,30TH AVE,,-122.2937861,47.61865556,0,1,11,11,2,98,61,0,0,1,8,14,1,2,8,1,1,1,3,53,0,38,883,2016,0,,14,,,,,,1,1,32,1,0,,0,0,99,7,11,0,,,,,0,0,0,3,1,0,,,,96,,,,,,98,,,,,,98444,53,62,130,6,1,0,0,0,0,,97,,,,,,0,,,99,0,0,0,8,9,8,,,0,,,8,8,8,95,,,96,,,8,95,995,,,,,,,,,,,,,,,,,,,,,,,,,,,,,,0,0,0,0,0,0,0,0,0,0,0,0,0,0,0,0,0,0,0,0,0,0,0,0,0,0,0,0,0,1,1,0,0,0,0,,0,0,0,0,0,0,0,0,0,0,0,0,0,0,0,0,,,,,,31-35,26-35,City street,U,Sunday,,MHTRUCK,Not Fatal,0,1,0,0,City Street,Municipal/City Police,Seattle Police Department,1,0,0,1,0,,,,,,0,0,0,,,,,,,,,,,98,98,98,0,,,,,20,7,,,,,,,,0,0,,,,,,
2020,571,3847936,,10/02/2020,22:33,2,10,,33,King,1960,1,,6,1,2,1,1,1,1,,,,8,1,0,0,3,0,2,3,2,4,6,0,0,3,3,1ST AVE,HOLGATE ST,-122.334025,47.58606667,0,1,13,80,5,25,15,0,0,1,5,8,1,1,5,1,11,99,9,99,0,3,421,9999,0,,8,,,,,,1,1,999,9,0,,9,0,98,7,11,0,,,,,99,9,9,9,1,0,,,,96,,,,,,98,,,,,,99999,99,,999,9,9,99,99,99,99,,97,,,,,,0,,,20,0,0,0,8,9,8,,,0,,,8,8,0,0,,,0,,,0,0,996,,,,,,,,,,,,,,,,,,,,,,,,,,,,,,0,0,0,1,0,0,0,0,0,0,0,0,0,0,0,0,0,0,0,0,0,0,0,0,0,0,0,0,0,1,0,1,0,0,0,,0,0,0,0,0,0,0,0,0,0,0,0,0,0,0,0,,,,,,,,City street,U,Friday,Unknown,PV,Not Fatal,0,0,0,0,City Street,,,0,0,0,1,0,,,,,,99,99,99,,,,,,,,,,,98,98,98,0,,,,,20,7,,,,,,,,0,0,,,,,,
2021,588,3848049,263,01/01/2021,1:00,1,1,,33,King,1960,2,,3,2,2,1,1,1,1,,,,8,1,0,0.2,1,0,1,3,2,1,3,0,0,0,0,SR-513,,-122.3045722,47.64669722,0,1,13,80,5,25,14,0,0,1,2,8,1,1,4,1,1,1,2,53,0,42,405,2017,0,,8,,,,,,1,1,18,1,0,,0,0,99,7,11,0,,,,,0,0,0,3,1,0,,,,96,,,,,,9,,,,,,98112,53,75,155,6,1,0,0,0,0,,97,,,,,,0,,,99,0,0,0,8,9,8,,,0,,,8,1,2,1,,,1,,,2,1,0.16,,,,,,,,,,,,,,,,,,,,,,,,,,,,,,0,0,0,0,1,1,0,1,0,1,1,1,0,0,0,0,0,0,0,0,0,1,1,0,1,0,0,0,0,1,0,1,0,0,0,,0,0,0,0,0,1,0,1,0,0,0,0,0,1,0,1,,,,,,18-20,16-25,State route,U,Friday,Unknown,PV,Not Fatal,0,0,0,0,State Route,Municipal/City Police,Seattle Police Department,0,1,0,0,0,,,,,,0,0,0,,,,,,,,,,,98,98,98,0,,,,,20,,,,,,,,,1,0,,,,,,
2021,69,3848252,263,02/24/2021,9:15,24,2,,33,King,1960,10,,1,1,1,1,1,1,2,,,,8,0,0,0,1,0,1,4,2,4,6,0,0,0,0,10TH AVE E,,-122.3200917,47.63695556,0,1,13,8,1,25,14,0,0,1,2,8,1,2,2,2,1,1,1,53,0,49,402,2013,0,,8,14,63,30,,,1,1,66,2,0,,3,0,3,0,11,5,,,,,0,0,3,3,1,0,,,,96,,,,,,1,,,,,,98102,53,63,145,6,1,0,0,0,0,,0,,,,,,0,,,1,0,0,0,8,9,8,,,0,,,0,0,8,95,,,96,,,8,95,995,,,,,,,,,,,,,,,,,,,,,,,,,,,,,,0,0,0,0,0,0,0,0,0,1,0,1,0,0,0,0,0,0,0,0,0,0,0,0,0,1,0,0,0,1,0,1,0,0,0,,0,0,0,0,0,0,0,0,0,0,0,0,0,0,0,0,,,,,,66-70,66-75,City street,U,Wednesday,Belt Used,PV,Not Fatal,0,0,0,0,City Street,Municipal/City Police,Seattle Police Department,0,0,0,1,0,,,,,,0,0,0,,,,,,,,,,,98,98,98,0,,,,,20,,,,,,,,,1,0,,,,,,
2020,255,3852084,263,07/18/2020,2:29,18,7,,33,King,1960,10,,3,1,2,1,0,1,4,,,,33,0,0,0,3,0,2,3,2,4,6,0,0,3,3,15TH AVE W,W GARFIELD ST,-122.3762222,47.63346667,0,1,6,12,2,30,2,0,0,1,2,2,2,1,6,2,11,1,1,49,0,32,52,2014,0,,68,64,33,24,1,2,1,1,34,1,7,,4,7,99,7,11,0,07/18/2020,2:29,1.96E+11,34509,0,0,0,3,1,0,,,,96,,,,,,98,,,,,,84096,49,67,180,6,1,0,0,98,2,,0,,,,,,3,08/15/2015,11/15/2016,99,0,0,0,0,9,8,,,0,,,8,8,2,1,,,1,,,2,1,0.258,,,,,,,,,,,,,,,,,,,,,,,,,,,,,,0,0,1,1,1,1,0,1,0,0,0,0,1,0,0,0,0,0,0,0,0,0,0,0,0,0,0,0,0,1,0,0,0,0,0,,1,0,0,0,0,1,0,1,0,1,0,0,0,1,0,1,,,,,,31-35,26-35,City street,U,Saturday,Unknown,PV,White,1,0,0,0,City Street,Municipal/City Police,Seattle Police Department,0,0,0,1,0,,,,,,0,0,0,,,,,,,,,,,98,98,98,1,,,,,20,7,,,,,,,,1,14,,,,,,
2020,404,3854580,263,05/20/2020,8:49,20,5,,33,King,1960,10,,1,1,1,1,0,2,2,,,,12,1,6,0,2,0,3,3,2,4,6,0,0,20,3,15TH AVE NE,NE 130th St,-122.3126583,47.72304167,0,1,82,15,2,98,4,0,0,1,2,12,1,2,2,4,11,1,2,53,0,64,32,2000,0,,12,,,,,,1,1,26,1,0,,2,0,99,7,11,0,,,,,0,0,3,2,1,38,,,,96,,,,,,9,,,,,,98258,53,68,150,1,1,0,1,2,0,,1,7,,,,,0,08/15/2016,11/15/2017,20,0,0,0,8,3,2,,,0,,,1,8,2,401,417,,1,1,,2,1,0,,,,,,,,,,,,,,,,,,,,,,,,,,,,,,0,0,0,1,1,0,1,1,1,0,0,0,0,1,0,0,0,0,1,0,0,0,0,0,0,0,0,0,1,1,0,0,0,0,0,,0,0,0,0,0,0,1,1,0,0,1,1,0,0,1,0,,,,,,26-30,26-35,City street,U,Wednesday,Unknown,PV,Not Fatal,1,0,0,0,City Street,Municipal/City Police,Seattle Police Department,0,0,0,1,0,,,,,,0,0,2,,,,,,,,,,,98,98,98,0,,,,,20,7,,,,,,,,1,0,,,,,,
2020,404,3854580,263,05/20/2020,8:49,20,5,,33,King,1960,10,,1,1,1,1,0,2,2,,,,12,0,6,0,2,0,3,3,2,4,6,0,0,0,0,15TH AVE NE,NE 130th St,-122.3126583,47.72304167,0,2,83,67,4,98,80,0,0,1,2,12,1,2,2,1,1,1,1,53,0,73,706,2014,0,,12,,,,,,1,1,61,1,7,,4,0,20,7,11,5,05/20/2020,9:44,1.96E+11,24028,0,0,0,3,1,0,,,,96,,,,,,0,,,,,,98258,53,73,250,6,1,0,0,1,0,,0,,,,,,0,10/15/2017,10/15/2017,20,8,0,0,0,9,8,,,0,,,8,8,2,695,605,,1,1,,2,1,0.069,,,,,,,,,,,,,,,,,,,,,,,,,,,,,,0,0,0,1,1,0,1,1,1,0,0,0,0,1,0,0,0,0,1,0,0,0,0,0,0,0,0,0,1,1,0,0,0,0,1,1,0,0,0,0,1,0,1,1,0,0,0,0,0,0,0,1,,,,,,61-65,56-65,City street,U,Wednesday,,MC,White,1,0,0,0,City Street,Municipal/City Police,Seattle Police Department,0,0,0,1,0,thc,11,carboxy-thc,62,,0,0,0,,,,,,,,,,,0,0,0,1,,,,,17,7,,,,,,,,1,0,,,,,,
2020,522,3854898,263,09/27/2020,17:47,27,9,,33,King,1960,1,,1,1,1,1,1,1,1,17:48,17:52,18:21,9,0,0,0,2,0,3,3,2,4,6,0,0,0,0,12TH AVE NE,NE 73RD ST,-122.3153306,47.68155833,0,1,13,83,5,98,4,0,0,1,5,9,1,2,2,4,1,1,1,53,0,47,35,2006,0,,9,,,,,,1,1,24,1,0,,0,0,3,0,11,0,,,,,0,0,0,3,1,0,,,,96,,,,,,9,,,,,,98155,53,69,172,6,1,0,0,0,1,,11,,,,,,0,04/15/2018,04/15/2018,20,0,0,0,8,9,8,,,0,,,8,1,8,95,,,96,,,2,98,997,,,,,,,,,,,,,,,,,,,,,,,,,,,,,,0,0,0,1,1,0,0,0,0,1,0,1,0,0,0,0,0,1,0,0,0,0,0,1,1,0,0,0,0,1,0,0,1,0,0,,0,0,0,0,0,0,0,0,0,0,0,0,0,0,0,1,,,,,,21-25,16-25,City street,U,Sunday,Belt Used,PV,Not Fatal,0,0,0,0,City Street,Municipal/City Police,Seattle Police Department,0,0,0,1,0,,,,,,0,0,1,,,,,,,,,,,98,98,98,0,,,,,20,7,,,,,,,,1,0,,,,,,
2020,525,3854920,263,07/12/2020,20:00,12,7,,33,King,1960,10,,5,1,1,1,1,2,2,,,,12,1,6,33.2,2,0,2,3,2,1,3,0,0,0,0,SR-99,N 128TH,-122.3449639,47.72229167,0,1,88,17,2,25,34,0,0,1,2,12,1,1,8,1,1,1,0,53,0,12,481,2005,0,,12,,,,,,1,1,24,2,0,,0,0,98,7,11,0,,,,,0,0,0,0,1,91,,,,96,,,,,,9,,,,,,98103,53,64,125,0,0,0,1,0,0,,2,7,,,,,0,06/15/2016,06/15/2016,99,9,0,0,8,3,2,,,0,,,1,8,2,401,417,,1,1,,2,1,0,,,,,,,,,,,,,,,,,,,,,,,,,,,,,,0,0,0,1,0,0,1,1,0,1,0,1,0,1,0,0,0,0,0,0,0,0,0,1,1,0,0,0,0,1,0,1,0,0,0,,0,0,0,0,0,0,1,1,0,0,0,1,0,0,1,0,,,,,,21-25,16-25,State route,U,Sunday,Unknown,PV,Not Fatal,1,0,0,0,State Route,Municipal/City Police,Seattle Police Department,0,1,0,0,0,,,,,,0,0,0,,,,,,,,,,,98,98,98,0,,,,,20,7,,,,,,,,1,0,,,,,,
2020,525,3854920,263,07/12/2020,20:00,12,7,,33,King,1960,10,,5,1,1,1,1,2,2,,,,12,0,6,33.2,2,0,2,3,2,1,3,0,0,0,0,SR-99,N 128TH,-122.3449639,47.72229167,0,2,89,66,4,40,2,0,0,1,2,8,1,1,5,5,1,1,2,53,0,7,28,2019,0,,12,63,8,,,,1,1,28,2,0,,0,0,99,7,11,0,,,,,0,0,0,3,1,0,,,,96,,,,,,0,,,,,,98108,53,61,160,6,1,0,0,1,6,,0,,,,,,0,11/15/2016,11/15/2018,99,9,0,0,8,9,8,,,0,,,8,8,8,95,,,96,,,8,95,995,,,,,,,,,,,,,,,,,,,,,,,,,,,,,,0,0,0,1,0,0,1,1,0,1,0,1,0,1,0,0,0,0,0,0,0,0,0,1,1,0,0,0,0,1,0,1,0,0,0,,0,0,0,0,0,0,0,0,0,0,0,0,0,0,0,0,,,,,,26-30,26-35,State route,U,Sunday,Unknown,PV,Not Fatal,1,0,0,0,State Route,Municipal/City Police,Seattle Police Department,0,1,0,0,0,,,,,,0,0,3,,,,,,,,,,,98,98,98,0,,,,,20,7,,,,,,,,1,0,,,,,,
2020,74,3856804,263,01/18/2020,2:58,18,1,,33,King,1960,2,,3,2,1,1,0,3,2,,,,12,0,2,0,2,0,2,3,2,4,6,0,0,3,3,RAINIER AVE S,S MASSACHUSETTS ST,-122.3058306,47.58842222,0,2,51,62,4,30,4,0,0,1,2,12,1,1,4,1,1,1,1,53,0,49,40,1998,0,,12,,,,,,1,1,47,1,0,,1,0,3,0,11,5,,,,,0,0,0,3,1,0,,,,96,,,,,,0,,,,,,98108,53,68,170,6,1,0,1,2,0,,0,,,,,,0,11/15/2016,07/15/2016,8,0,0,0,8,9,8,,,0,,,8,8,8,95,,,96,,,8,95,995,,,,,,,,,,,,,,,,,,,,,,,,,,,,,,0,0,0,1,1,1,1,1,1,0,0,0,0,0,0,0,0,0,0,0,0,0,0,1,1,0,0,0,0,1,0,0,0,0,0,,0,0,0,0,0,0,0,0,0,0,0,0,0,0,0,0,,,,,,46-50,46-55,City street,U,Saturday,Belt Used,PV,Not Fatal,0,1,1,0,City Street,Municipal/City Police,Seattle Police Department,0,0,0,1,0,,,,,,0,0,0,,,,,,,,,,,0,0,0,0,,,,,20,7,,,,,,,,1,0,,,,,,
2020,74,3856804,263,01/18/2020,2:58,18,1,,33,King,1960,2,,3,2,1,1,0,3,2,,,,12,0,2,0,2,0,2,3,2,4,6,0,0,3,3,RAINIER AVE S,S MASSACHUSETTS ST,-122.3058306,47.58842222,0,1,50,10,2,30,4,0,0,1,2,12,1,1,4,1,1,2,2,53,0,49,40,1996,0,,12,,,,,,1,1,23,1,7,,4,7,3,0,11,0,01/18/2020,2:58,1.96E+11,2903,0,0,3,3,1,28,,,,96,,,,,,0,,,,,,98118,53,77,230,6,1,0,0,1,0,,0,,,,,,0,11/15/2018,11/15/2018,8,0,0,0,0,9,1,,,0,,,1,8,2,695,605,,1,1,,2,1,0.169,,,,,,,,,,,,,,,,,,,,,,,,,,,,,,0,0,0,1,1,1,1,1,1,0,0,0,0,0,0,0,0,0,0,0,0,0,0,1,1,0,0,0,0,1,0,0,0,0,0,,1,0,0,0,0,1,1,1,0,0,0,0,0,0,0,1,,,,,,21-25,16-25,City street,U,Saturday,Belt Used,PV,API,0,1,1,0,City Street,Municipal/City Police,Seattle Police Department,0,0,0,1,0,thc,11,carboxy-thc,27,,0,0,0,,,,,,,,,,,0,0,0,38,,,,,20,7,,,,,,,nms,1,0,,,,,,
2020,574,3856869,263,11/28/2020,17:49,28,11,,33,King,1960,10,,3,1,1,1,1,1,1,,,,8,1,0,0,3,0,2,4,2,4,6,0,0,3,3,MARTIN LUTHER KING JR WAY S,S Massachusetts St,-122.2980806,47.58831667,0,1,13,80,5,25,14,0,0,1,5,8,1,2,3,1,1,99,9,99,0,99,499,9999,0,,8,,,,,,1,1,999,9,0,,9,0,99,7,11,0,,,,,99,9,9,9,1,0,,,,96,,,,,,98,,,,,,99999,99,,999,9,9,99,99,99,99,,0,,,,,,0,,,99,0,0,0,8,9,8,,,0,,,8,8,0,0,,,0,,,0,0,996,,,,,,,,,,,,,,,,,,,,,,,,,,,,,,0,0,0,1,0,0,0,0,0,0,0,0,0,0,0,0,0,1,0,0,0,0,0,0,0,0,0,0,0,1,0,1,0,0,0,,0,0,0,0,0,0,0,0,0,0,0,0,0,0,0,0,,,,,,,,City street,U,Saturday,Unknown,PV,Not Fatal,1,0,0,0,City Street,Municipal/City Police,Seattle Police Department,0,0,0,1,0,,,,,,99,99,99,,,,,,,,,,,98,98,98,0,,,,,20,7,,,,,,,,1,0,,,,,,
2021,584,3857333,263,06/03/2021,2:52,3,6,,33,King,1960,1,,2,1,1,1,1,1,1,,,,8,0,0,0,1,0,1,3,2,4,6,0,0,0,0,AIRPORT WAY S,,-122.2884444,47.51405278,0,1,13,80,5,45,14,0,0,1,2,8,1,1,4,1,1,1,1,53,0,35,403,2017,0,,8,,,,,,1,1,61,2,0,,0,0,3,0,11,0,,,,,0,0,0,3,1,10,,,,0,,,,,,98,,,,,,98198,53,67,220,6,1,0,0,0,0,,0,,,,,,0,,,20,0,0,0,8,9,2,,,0,,,8,8,0,0,,,0,,,0,0,996,,,,,,,,,,,,,,,,,,,,,,,,,,,,,,0,0,0,0,0,0,0,0,0,1,0,1,0,0,0,0,0,1,0,0,0,0,0,0,0,0,0,0,0,1,0,1,0,0,0,,0,0,0,0,0,0,0,0,0,0,0,0,0,0,0,0,,,,,,61-65,56-65,City street,U,Thursday,Belt Used,PV,Not Fatal,0,0,0,0,City Street,Municipal/City Police,Seattle Police Department,0,0,0,1,0,,,,,,0,0,0,,,,,,,,,,,98,98,98,0,,,,,20,,,,,,,,,1,0,,,,,,
2021,208,3857337,263,06/06/2021,22:39,6,6,,33,King,1960,2,,3,2,2,1,1,2,2,,,,8,0,0,0,3,0,2,3,2,4,6,0,0,3,3,MARTIN LUTHER KING JR WAY S,S Edmunds St,-122.2918694,47.55867778,0,2,13,80,5,25,5,0,0,1,5,8,1,1,2,3,1,1,2,53,0,49,46,2015,0,,8,,,,,,1,1,49,2,0,,0,0,3,0,11,0,,,,,0,0,0,3,1,0,,,,96,,,,,,98,,,,,,98105,53,62,155,6,1,0,0,0,0,,0,,,,,,0,05/15/2019,05/15/2019,20,0,0,0,8,9,8,,,0,,,8,8,8,95,,,96,,,8,95,995,,,,,,,,,,,,,,,,,,,,,,,,,,,,,,0,0,0,1,0,0,0,0,0,1,0,1,0,0,0,0,1,0,0,0,0,0,0,0,0,0,0,0,0,1,0,1,0,0,0,,0,0,0,0,0,0,0,0,0,0,0,0,0,0,0,0,,,,,,46-50,46-55,City street,U,Sunday,Belt Used,PV,Not Fatal,1,0,0,0,City Street,Municipal/City Police,Seattle Police Department,0,0,0,1,0,,,,,,0,0,1,,,,,,,,,,,98,98,98,0,,,,,20,,,,,,,,,1,0,,,,,,
2021,208,3857337,263,06/06/2021,22:39,6,6,,33,King,1960,2,,3,2,2,1,1,2,2,,,,8,1,0,0,3,0,2,3,2,4,6,0,0,3,3,MARTIN LUTHER KING JR WAY S,S Edmunds St,-122.2918694,47.55867778,0,1,98,80,5,25,16,0,0,1,5,8,1,1,2,3,1,99,9,99,0,19,431,9999,0,,8,,,,,,1,1,999,9,0,,9,0,99,7,11,0,,,,,99,9,9,9,1,0,,,,92,,,,,,98,,,,,,99999,99,,999,9,9,99,99,99,99,,97,,,,,,0,,,99,0,0,0,8,9,8,,,0,,,8,8,0,0,,,0,,,0,0,996,,,,,,,,,,,,,,,,,,,,,,,,,,,,,,0,0,0,1,0,0,0,0,0,1,0,1,0,0,0,0,1,0,0,0,0,0,0,0,0,0,0,0,0,1,0,1,0,0,0,,0,0,0,0,0,0,0,0,1,0,0,0,0,0,0,0,,,,,,,,City street,U,Sunday,Unknown,PV,Not Fatal,1,0,0,0,City Street,Municipal/City Police,Seattle Police Department,0,0,0,1,0,,,,,,99,99,99,,,,,,,,,,,98,98,98,0,,,,,20,,,,,,,,,1,0,,,,,,
2020,208,3868801,41,05/27/2020,11:28,27,5,,65,Stevens,0,1,,1,1,2,1,0,2,1,,,,35,0,0,0.7,1,0,1,5,1,2,4,0,0,0,0,CR-CEDONIA ADDY RD,,-118.1564917,48.15393056,0,1,6,12,2,50,14,0,0,1,2,1,2,3,2,1,14,2,2,53,0,63,401,2002,0,,68,64,35,1,,,1,1,23,2,7,,4,7,20,7,11,0,05/27/2020,11:28,53024863,24863,0,0,0,0,1,0,,,,0,,,,,,2,,,,,,99129,53,62,135,0,0,0,1,0,1,,0,,,,,,0,02/15/2016,04/15/2019,1,1,2,0,0,9,8,,,0,,,8,8,2,401,417,695,1,1,1,2,1,0,,,,,,,,,,,,,,,,,,,,,,,,,,,,,,0,0,1,0,0,0,1,1,1,0,0,0,0,1,0,1,0,0,0,1,0,0,0,1,1,0,0,0,0,1,0,0,0,1,0,,1,0,0,0,0,0,1,1,0,0,0,1,0,0,1,0,,,,,,21-25,16-25,County road,R,Wednesday,Not Used,PV,White,0,1,0,0,County Road,County Sheriff,Stevens County Sheriff's Office,1,0,1,0,0,thc,13,carboxy-thc,110,,0,0,1,1,,,,,605,,,,,98,98,98,1,,,,,20,7,,,,,,,nms,1,0,,,CEDONIA-ADDY,0.73,,
2020,570,3874481,67,08/24/2020,0:38,24,8,,35,Kitsap,180,1,,2,1,2,1,0,1,1,0:42,0:50,,21,0,0,0,1,0,1,5,2,4,6,0,0,0,0,W BELFAIR VALLEY RD,,-122.7560083,47.52465556,0,1,6,12,2,98,80,0,0,1,2,21,2,1,2,1,14,1,1,53,0,73,706,2009,0,,68,64,21,,,,1,1,28,1,7,,4,7,20,7,11,0,08/24/2020,0:38,18053038974,38974,0,0,0,3,1,0,,,,96,,,,,,98,,,,,,98110,53,72,220,6,1,0,0,0,0,,0,,,,,,4,,,20,8,0,0,0,9,8,,,0,,,8,8,8,95,,,96,,,8,95,995,,,,,,,,,,,,,,,,,,,,,,,,,,,,,,0,0,1,0,0,0,0,0,0,0,0,0,1,0,0,0,0,0,0,0,0,0,0,0,0,0,0,0,1,0,0,0,0,0,1,0,0,0,0,0,0,0,0,0,0,1,0,0,0,0,0,0,,,,,,26-30,26-35,City street,U,Monday,,MC,White,0,1,0,0,City Street,Municipal/City Police,Bremerton Police Department,1,0,0,1,0,,,,,,0,0,0,,,,,,,,,,,0,0,0,1,,,,,5,0,,,,,,,,0,18,,,,,,
2020,373,3876377,263,09/11/2020,2:56,11,9,,33,King,1960,1,,3,1,2,2,0,4,2,2:58,3:17,3:26,12,0,6,0,2,0,2,3,2,4,6,0,0,3,3,MARTIN LUTHER KING JR WAY S,S HOLLY ST,-122.2839556,47.54247778,0,1,69,17,2,35,14,0,0,1,2,12,1,1,3,3,1,2,5,53,0,35,401,1993,0,,12,,,,,,1,1,18,1,0,,1,0,99,7,11,5,,,,,0,0,0,0,1,8,23,39,91,96,,,,,,9,,,,,,98104,53,,999,0,0,0,0,0,0,,1,2,,,,,0,,,1,0,0,0,8,3,8,,,0,,,1,8,2,401,417,,1,1,,2,1,0,,,,,,,,,,,,,,,,,,,,,,,,,,,,,,0,0,0,1,0,0,1,1,0,0,0,0,0,1,0,0,0,0,0,0,0,1,1,0,1,0,0,0,0,1,0,0,0,0,0,,0,0,0,0,0,0,1,1,0,0,0,1,0,0,1,0,,,,,,18-20,16-25,City street,U,Friday,Unknown,PV,Not Fatal,1,0,0,0,City Street,Municipal/City Police,Seattle Police Department,0,0,0,1,0,,,,,,0,0,0,,,,,,,,,,,0,0,0,0,,,,,20,7,,,,,,,,1,0,,,,,,
2020,373,3876377,263,09/11/2020,2:56,11,9,,33,King,1960,1,,3,1,2,2,0,4,2,2:58,3:17,3:26,12,0,6,0,2,0,2,3,2,4,6,0,0,3,3,MARTIN LUTHER KING JR WAY S,S HOLLY ST,-122.2839556,47.54247778,0,2,68,63,4,35,4,0,0,1,2,12,1,1,3,3,11,2,5,53,0,49,40,1998,0,,12,,,,,,1,1,56,1,7,,4,0,99,7,11,5,09/11/2020,4:43,1.96E+11,42409,0,0,0,3,1,0,,,,96,,,,,,98,,,,,,98118,53,64,132,6,1,0,0,0,0,,0,,,,,,0,,,1,0,0,0,0,9,8,,,0,,,8,8,2,1,,,1,,,2,1,0,,,,,,,,,,,,,,,,,,,,,,,,,,,,,,0,0,0,1,0,0,1,1,0,0,0,0,0,1,0,0,0,0,0,0,0,1,1,0,1,0,0,0,0,1,0,0,0,0,0,,1,0,0,0,0,0,0,0,0,0,0,0,0,0,0,0,,,,,,56-60,56-65,City street,U,Friday,Unknown,PV,API,1,0,0,0,City Street,Municipal/City Police,Seattle Police Department,0,0,0,1,0,,,,,,0,0,0,,,,,,,,,,,0,0,0,48,,,,,20,7,,,,,,,,1,0,,,,,,
2020,391,3876403,263,08/29/2020,12:18,29,8,,33,King,1960,10,,1,1,1,1,0,4,5,,,,12,0,7,0,1,0,1,3,2,4,6,0,0,0,0,AIRPORT WAY S,,-122.3179639,47.55030556,0,2,45,61,4,98,15,0,0,1,5,12,1,1,2,1,1,2,3,39,0,42,422,2020,0,,12,,,,,,1,1,44,1,0,,0,0,3,0,11,0,,,,,0,0,0,3,1,0,,,,96,,,,,,98,,,,,,37811,47,70,175,6,1,0,1,0,0,,0,,,,,,0,03/15/2019,03/15/2019,20,0,0,0,8,9,8,,,0,,,8,8,8,95,,,96,,,8,95,995,,,,,,,,,,,,,,,,,,,,,,,,,,,,,,0,0,0,0,0,0,0,0,0,0,0,0,0,0,0,0,0,0,0,0,0,0,0,0,0,0,0,0,0,1,0,0,0,0,0,,0,0,0,0,0,0,0,0,0,0,0,0,0,0,0,0,,,,,,41-45,36-45,City street,U,Saturday,Belt Used,PV,Not Fatal,0,0,0,0,City Street,Municipal/City Police,Seattle Police Department,0,0,0,1,0,,,,,,0,0,0,,,,,,,,,,,98,98,98,0,,,,,20,7,,,,,,,,1,0,,,,,,