year,case,par,repjur,crash_dt,crash_tm,accday,accmon,holiday,county,co_char,city,weather,weather2,lightcond,surfcond,surftype,numfatal,nmforms,pforms,vforms,not_tm,arr_tm,hosp_tm,fhevent,hitrun,manncol,milepnt,reljunc,reljuncinter,intersectiontype,funcsystem,landuse,ownership,route,schlbus,spejur,contdev,devfunc,trafid1,trafid2,x,y,wk_zone,vnumber,crashtype,criticalevent,criticaleventcat,spdlim,body,trailer,emerg,hazcargo,leave,mhevent,roadalgn,roadprof,traflane,trafflow,vehmanvr,numoccs,regowner,regstate,spuse,make,model,modelyr,vrf1,vrf2,seqevent1,seqevent2,seqevent3,seqevent4,seqevent5,seqevent6,pnumber,ptype,age,sex,hispanic,race,injury,diedscene,restraint,restraintmisuse,seatpos,takehosp,death_dt,death_tm,cert,cernum_wa,commlic,licendor,licrestrict,liccomp,drivpres,drf1,drf2,drf3,drf4,distract1,distract2,distract3,distract4,distract5,distract6,dricond1,dricond2,dricond3,dricond4,dricond5,dricond6,dzip,licstate,drhgt_in,weight,noncdl,noncdltype,prevdwi,prevoth,prevacc,prevspd,prevsus,driviol1,driviol2,driviol3,driviol4,driviol5,driviol6,spdrel,first_dt,last_dt,airbag,ejection,ejectpath,extricat,injurwrk,methalc,methdrug,nmlocat,strikveh,prf1,prf2,prf3,druginv,alcinvol,drugsts,drugres1,drugres2,drugres3,drugtst1,drugtst2,drugtst3,alcsts,alctst,alcres,nmact1,nmact2,nmact3,nmact4,nmact5,nmact6,nmprior1,nmprior2,nmprior3,nmprior4,nmprior5,nmprior6,nmcond1,nmcond2,nmcond3,nmcond4,nmcond5,nmcond6,nmsafe_helmet,nmsafe_pads,nmsafe_oth,nmprev_ref,nmprev_lgt,nmprev_oth,crashlocation,nmcrashtype,crosswalk,schoolzone,sidewalk,train_inv,wildlife_inv,rotr_fars,intersect_fars,dd_inv,aid_inv,dpd_inv,id_inv,mj_inv,impnm_inv,ainm_inv,dpnm_inv,speed_inv,unlic_inv,unendmc_inv,drowsy_inv,drdist_inv,nmdist_inv,fty_inv,unrestfat_inv,dr1617_inv,dr1820_inv,dr1620_inv,dr2125_inv,dr1625_inv,dr65_inv,dr70_inv,dr75_inv,mc_inv,pv_inv,ht_inv,ped_inv,bike_inv,unrest_fat,mc_fat,unhelmet_mc,pv_fat,ht_fat,ped_fat,bike_fat,dr_alc7,dr_alc8,dr_drug,dr_imp,dr_dist,dr_spd,dr_fty,dr_unlic,dr_alc7only,dr_alc8only,dr_drugonly,dr_drink,nm_imp,nm_alc7,nm_alc8,nm_drug,nm_dist,agegrp1,agegrp2,roadclass,urbrur,dayweek,restuse,vehtype,race_me,intersect,lanedep,oppdir,wrongway,rep_typ,investag,repag_long,rotr,st_rd,cty_rd,city_rd,oth_rd,drug_thc,thc_res,drug_cthc,cthc_res,drug_cann,prevpersemin,prevperse,prevsusoth,drugtst4,drugtst5,drugtst6,drugtst7,drugtst8,drugres4,drugres5,drugres6,drugres7,drugres8,adspresent,adsengaged,adslevel,race1,race2,race3,race4,race5,helmet,helmetmisuse,nmdistract1,nmdistract2,nmdistract3,nmdistract4,nmdistract5,nmdistract6,lab,isedtcase,crf1,crf2,crf3,CoRoadName,CoMP,IntCoRoadName,IntCoMP
2020,391,3876403,263,08/29/2020,12:18,29,8,,33,King,1960,10,,1,1,1,1,0,4,5,,,,12,0,7,0,1,0,1,3,2,4,6,0,0,0,0,AIRPORT WAY S,,-122.3179639,47.55030556,0,1,46,8,1,98,14,0,0,1,2,14,1,1,2,1,6,1,3,53,0,12,401,2015,0,,68,12,68,14,63,19,1,1,56,1,0,,3,0,3,0,11,5,,,,,0,0,0,3,1,16,,,,0,,,,,,1,,,,,,98003,53,72,210,6,1,0,0,1,0,,0,,,,,,0,08/15/2016,08/15/2016,8,0,0,0,8,3,8,,,0,,,8,8,8,95,,,96,,,8,95,995,,,,,,,,,,,,,,,,,,,,,,,,,,,,,,0,0,0,0,0,0,0,0,0,0,0,0,0,0,0,0,0,0,0,0,0,0,0,0,0,0,0,0,0,1,0,0,0,0,0,,0,0,0,0,0,0,0,0,0,0,0,0,0,0,0,0,,,,,,56-60,56-65,City street,U,Saturday,Belt Used,PV,Not Fatal,0,0,0,0,City Street,Municipal/City Police,Seattle Police Department,0,0,0,1,0,,,,,,0,0,0,,,,,,,,,,,98,98,98,0,,,,,20,7,,,,,,,,1,0,,,,,,
2021,493,3876530,263,09/09/2021,23:51,9,9,,33,King,1960,1,,3,1,2,1,1,1,1,,,,8,1,0,29.1,2,0,3,2,2,1,3,0,0,0,0,SR-99,N 46TH ST,-122.3472583,47.66219444,0,1,13,80,5,40,34,0,0,1,2,8,1,8,2,3,1,1,2,53,0,7,472,2002,0,,8,,,,,,1,1,38,1,0,,0,0,99,7,11,0,,,,,0,0,3,2,1,0,,,,92,,,,,,9,,,,,,98133,53,68,190,2,1,0,2,0,1,,1,5,7,12,,,3,08/15/2021,07/15/2021,20,0,0,0,8,3,2,,,0,,,8,1,8,95,,,96,,,2,98,997,,,,,,,,,,,,,,,,,,,,,,,,,,,,,,0,0,0,1,1,0,0,0,0,1,1,1,1,1,0,0,1,0,0,0,0,0,0,0,0,0,0,0,0,1,0,1,0,0,0,,0,0,0,0,0,0,0,0,1,1,0,1,0,0,0,1,,,,,,36-40,36-45,State route,U,Thursday,Unknown,PV,Not Fatal,0,0,0,0,State Route,Municipal/City Police,Seattle Police Department,0,1,0,0,0,,,,,,0,0,1,,,,,,,,,,,98,98,98,0,,,,,20,,,,,,,,,1,0,,,,,,
2021,569,3876758,263,11/03/2021,22:52,3,11,,33,King,1960,2,,3,2,2,1,0,1,1,,,,30,0,0,0,1,0,1,4,2,4,6,0,0,0,0,15TH AVE S,,-122.3134222,47.58666111,0,1,1,11,2,25,14,0,0,1,2,30,3,1,2,1,14,1,1,53,0,49,498,2021,0,,63,30,69,68,64,42,1,1,54,1,7,,4,8,3,0,11,4,11/03/2021,23:30,1.96E+11,58305,0,0,0,3,1,0,,,,96,,,,,,0,,,,,,98108,53,67,140,6,1,0,1,2,0,,0,,,,,,0,12/15/2020,08/15/2020,8,0,0,0,0,9,8,,,0,,,8,8,2,1,,,1,,,2,1,0.174,,,,,,,,,,,,,,,,,,,,,,,,,,,,,,0,0,1,0,1,1,0,1,0,0,0,0,0,0,0,0,0,0,0,0,0,0,0,0,0,0,0,0,0,1,0,0,0,0,0,,1,0,0,0,0,1,0,1,0,0,0,0,0,1,0,1,,,,,,51-55,46-55,City street,U,Wednesday,Belt Used,PV,API,0,1,0,0,City Street,Municipal/City Police,Seattle Police Department,1,0,0,1,0,,,,,,0,0,0,,,,,,,,,,,98,98,98,4,,,,,20,,,,,,,,,1,0,,,,,,
2020,448,3876903,263,10/31/2020,19:45,31,10,,33,King,1960,1,,3,1,2,1,1,1,1,19:46,19:51,20:22,8,0,0,0,3,0,2,3,2,4,6,0,0,3,3,RAINIER AVE S,S ALASKA ST,-122.2870778,47.56079167,0,1,13,80,5,25,14,0,0,1,5,8,1,1,5,1,1,1,1,41,0,48,403,2016,0,,8,,,,,,1,1,28,1,0,,0,0,3,0,11,0,,,,,0,0,3,3,1,0,,,,96,,,,,,98,,,,,,97211,41,67,150,6,1,0,0,0,0,,0,,,,,,0,,,20,0,0,0,8,5,8,,,0,,,0,0,8,95,,,96,,,8,95,995,,,,,,,,,,,,,,,,,,,,,,,,,,,,,,0,0,0,1,0,0,0,0,0,1,1,0,0,0,0,0,0,1,0,0,0,0,0,0,0,0,0,0,0,1,0,1,0,0,0,,0,0,0,0,0,0,0,0,0,0,0,0,0,0,0,0,,,,,,26-30,26-35,City street,U,Saturday,Belt Used,PV,Not Fatal,0,0,0,0,City Street,Municipal/City Police,Seattle Police Department,0,0,0,1,0,,,,,,0,0,0,,,,,,,,,,,98,98,98,0,,,,,20,7,,,,,,,,1,0,,,,,,
2021,44,3881326,263,01/24/2021,2:30,24,1,,33,King,1960,10,,3,2,2,1,0,2,1,,,,20,0,0,0,19,1,1,3,2,4,6,0,0,0,0,4TH AVE S,,-122.3290028,47.58879167,0,1,6,60,4,30,34,0,0,1,2,20,1,1,2,3,1,2,3,4,0,7,482,2020,0,,64,20,,,,,1,1,29,1,0,,1,0,99,7,11,0,,,,,0,0,0,2,1,58,,,,96,,,,,,0,,,,,,98023,53,68,147,1,1,0,3,1,4,,97,,,,,,0,01/15/2017,01/15/2020,8,0,0,0,8,5,3,,,0,,,0,0,0,0,,,0,,,0,0,996,,,,,,,,,,,,,,,,,,,,,,,,,,,,,,0,0,1,0,0,0,0,0,0,0,0,0,0,1,0,0,0,0,0,0,0,0,0,0,0,0,0,0,0,1,0,0,0,0,0,,0,0,0,0,0,0,0,0,0,0,0,1,0,0,0,0,,,,,,26-30,26-35,City street,U,Sunday,Unknown,PV,Not Fatal,0,1,0,0,State Route,Municipal/City Police,Seattle Police Department,1,1,0,0,0,,,,,,0,0,2,,,,,,,,,,,98,98,98,0,,,,,20,,,,,,,,,1,0,,,,,,
2021,96,3881451,263,03/24/2021,16:49,24,3,,33,King,1960,2,,1,2,2,1,1,1,1,,,,9,0,0,0,2,0,2,7,2,4,6,0,0,3,3,CORSON AVE S,S Michigan St,-122.3214806,47.54750556,0,1,13,83,5,25,66,1,0,1,5,9,1,1,4,1,10,1,3,53,0,84,881,2020,0,,9,,,,,,1,1,64,1,0,,0,0,3,0,11,0,,,,,6,1,3,3,1,0,,,,96,,,,,,98,,,,,,98292,53,68,170,6,1,0,1,0,1,,0,,,,,,0,10/15/2019,05/15/2019,20,0,0,0,8,9,8,,,0,,,8,8,0,0,,,0,,,0,0,996,,,,,,,,,,,,,,,,,,,,,,,,,,,,,,0,0,0,1,0,0,0,0,0,1,0,1,0,0,0,0,0,1,0,0,0,0,0,0,0,0,0,0,0,0,1,0,1,0,0,,0,0,0,0,0,0,0,0,0,0,0,0,0,0,0,0,,,,,,61-65,56-65,City street,U,Wednesday,,MHTRUCK,Not Fatal,1,0,0,0,City Street,Municipal/City Police,Seattle Police Department,0,0,0,1,0,,,,,,0,0,0,,,,,,,,,,,98,98,98,0,,,,,20,,,,,,,,,1,0,,,,,,
2021,583,3881736,263,04/02/2021,15:22,2,4,,33,King,1960,1,,1,1,2,1,0,2,2,,,,12,0,6,0,1,0,1,4,2,4,6,0,0,0,0,BEACH DR SW,,-122.4063639,47.56311389,0,1,48,53,3,25,4,0,0,1,2,12,2,1,2,1,8,1,1,53,0,54,35,2000,0,,12,,,,,,1,1,47,1,0,,0,0,3,0,11,0,,,,,0,0,0,3,1,10,38,,,0,,,,,,98,,,,,,98126,53,68,200,6,1,0,1,0,0,,97,,,,,,0,05/15/2018,05/15/2018,20,0,0,0,8,9,8,,,0,,,8,8,8,95,,,96,,,8,95,995,,,,,,,,,,,,,,,,,,,,,,,,,,,,,,0,0,0,0,1,0,0,0,0,0,0,0,0,0,0,0,0,0,1,0,0,0,0,0,0,0,0,0,1,1,0,0,0,0,0,,0,0,0,0,0,0,0,0,0,0,1,0,0,0,0,0,,,,,,46-50,46-55,City street,U,Friday,Belt Used,PV,Not Fatal,0,0,0,0,City Street,Municipal/City Police,Seattle Police Department,0,0,0,1,0,,,,,,0,0,0,,,,,,,,,,,98,98,98,0,,,,,20,,,,,,,,,1,0,,,,,,
2021,583,3881736,263,04/02/2021,15:22,2,4,,33,King,1960,1,,1,1,2,1,0,2,2,,,,12,0,6,0,1,0,1,4,2,4,6,0,0,0,0,BEACH DR SW,,-122.4063639,47.56311389,0,2,48,64,4,25,84,0,0,1,2,12,2,1,2,1,14,1,1,53,0,98,703,2019,0,,12,,,,,,1,1,61,1,7,,4,7,20,7,11,0,04/02/2021,15:49,1.96E+11,16309,0,0,0,3,1,0,,,,96,,,,,,98,,,,,,98136,53,70,180,6,1,0,0,1,0,,0,,,,,,0,04/15/2018,04/15/2018,20,8,0,0,0,9,8,,,0,,,8,8,2,1,,,1,,,2,1,0.061,,,,,,,,,,,,,,,,,,,,,,,,,,,,,,0,0,0,0,1,0,0,0,0,0,0,0,0,0,0,0,0,0,1,0,0,0,0,0,0,0,0,0,1,1,0,0,0,0,1,0,0,0,0,0,1,0,0,0,0,0,0,0,1,0,0,1,,,,,,61-65,56-65,City street,U,Friday,,OTHMC,White,0,0,0,0,City Street,Municipal/City Police,Seattle Police Department,0,0,0,1,0,,,,,,0,0,0,,,,,,,,,,,0,0,0,1,,,,,5,,,,,,,,,1,0,,,,,,
2020,450,3888029,263,11/04/2020,17:49,4,11,,33,King,1960,2,,3,2,2,1,1,1,1,17:50,17:58,,8,0,0,33.7,3,0,2,3,2,1,3,0,0,0,0,SR-099,N 137TH ST,-122.3450556,47.72873056,0,1,13,80,5,40,4,0,0,1,5,8,1,1,5,5,1,1,1,4,0,55,33,2005,0,,8,,,,,,1,1,24,2,0,,0,0,3,0,11,0,,,,,0,0,3,3,1,0,,,,96,,,,,,0,,,,,,85213,4,62,142,6,1,0,0,0,0,,97,,,,,,4,,,20,0,0,0,8,3,2,,,0,,,8,8,0,0,,,0,,,0,0,996,,,,,,,,,,,,,,,,,,,,,,,,,,,,,,0,0,0,1,0,0,0,0,0,1,0,1,1,0,0,0,0,0,0,0,0,0,0,1,1,0,0,0,0,1,0,1,0,0,0,,0,0,0,0,0,0,0,0,0,1,0,0,0,0,0,0,,,,,,21-25,16-25,State route,U,Wednesday,Belt Used,PV,Not Fatal,0,0,0,0,State Route,Municipal/City Police,Seattle Police Department,0,1,0,0,0,,,,,,0,0,0,,,,,,,,,,,98,98,98,0,,,,,20,7,,,,,,,,1,0,,,,,,
2020,550,3888076,263,10/20/2020,22:41,20,10,,33,King,1960,10,,3,98,8,1,1,1,1,,,,15,1,0,0,1,0,1,7,2,4,6,0,0,0,0,NE 127TH ST,,-122.2961083,47.72110278,0,1,13,83,5,98,98,0,0,1,5,15,1,1,2,1,1,99,9,91,0,97,997,9998,0,,15,,,,,,1,1,998,8,0,,9,0,98,7,11,8,,,,,99,9,9,9,1,0,,,,96,,,,,,98,,,,,,99998,98,,999,9,9,99,99,99,99,,97,,,,,,0,,,20,0,0,0,8,9,8,,,0,,,8,8,0,0,,,0,,,0,0,996,,,,,,,,,,,,,,,,,,,,,,,,,,,,,,0,0,0,0,0,0,0,0,0,1,1,1,0,0,0,0,0,1,0,0,0,0,0,0,0,0,0,0,0,0,0,1,0,0,0,,0,0,0,0,0,0,0,0,0,0,0,0,0,0,0,0,,,,,,,,City street,U,Tuesday,,NR-U,Not Fatal,0,0,0,0,City Street,Municipal/City Police,Seattle Police Department,0,0,0,1,0,,,,,,99,99,99,,,,,,,,,,,98,98,98,0,,,,,20,7,,,,,,,,1,0,,,,,,
2021,382,3888998,263,08/10/2021,13:44,10,8,,33,King,1960,1,,1,1,1,1,1,2,1,,,,8,0,0,0,1,0,1,5,2,4,6,0,0,0,0,CALIFORNIA AVE SW,,-122.3868639,47.55904722,0,1,13,80,5,25,34,0,0,1,5,8,1,1,3,1,15,2,1,53,0,12,481,2012,0,,8,,,,,,1,1,78,1,0,,0,0,3,0,11,0,,,,,0,0,0,3,1,0,,,,96,,,,,,98,,,,,,98312,53,73,250,6,1,0,0,1,0,,0,,,,,,0,07/15/2019,07/15/2019,20,0,0,0,8,9,8,,,0,,,8,8,8,95,,,96,,,8,95,995,,,,,,,,,,,,,,,,,,,,,,,,,,,,,,0,0,0,0,0,0,0,0,0,0,0,0,0,0,0,0,0,0,0,0,0,0,0,0,0,1,1,1,0,1,0,1,0,0,0,,0,0,0,0,0,0,0,0,0,0,0,0,0,0,0,0,,,,,,76-80,76+,City street,U,Tuesday,Belt Used,PV,Not Fatal,1,0,0,0,City Street,Municipal/City Police,Seattle Police Department,0,0,0,1,0,,,,,,0,0,0,,,,,,,,,,,98,98,98,0,,,,,20,,,,,,,,,1,0,,,,,,
2021,205,3889576,344,04/29/2021,15:58,29,4,,77,Yakima,0,1,,1,1,2,1,0,4,2,,,,12,0,2,50.9,1,0,1,3,1,1,2,0,3,97,8,US-97,,-120.4096056,46.25663889,0,1,50,10,2,65,6,0,0,1,2,12,1,2,3,1,1,1,1,53,0,6,52,2001,0,,68,12,,,,,1,1,20,1,7,,4,7,99,7,11,0,04/29/2021,15:58,53021651,21651,0,0,0,3,1,28,,,,92,,,,,,98,,,,,,98673,53,71,179,6,2,0,0,0,0,,0,,,,,,0,,,20,0,0,0,0,9,8,,,0,,,8,8,2,1,,,1,,,2,1,0,,,,,,,,,,,,,,,,,,,,,,,,,,,,,,0,0,0,0,0,0,0,0,0,0,0,0,0,1,0,0,1,0,0,0,0,1,1,0,1,0,0,0,0,1,0,0,0,0,0,,1,0,0,0,0,0,0,0,1,0,0,0,0,0,0,0,,,,,,18-20,16-25,US highway,R,Thursday,Unknown,PV,AIAN,0,1,1,0,State Route,Other Law Enforcement,Yakama Tribal Police Department,0,1,0,0,0,,,,,,0,0,0,,,,,,,,,,,98,98,98,3,,,,,20,,,,,,,,,1,0,,,,,,
2021,205,3889576,344,04/29/2021,15:58,29,4,,77,Yakima,0,1,,1,1,2,1,0,4,2,,,,12,0,2,50.9,1,0,1,3,1,1,2,0,3,97,8,US-97,,-120.4096056,46.25663889,0,2,51,62,4,65,14,0,0,1,2,12,1,2,3,1,1,3,1,53,0,2,404,2011,0,,12,,,,,,1,1,29,2,0,,3,0,3,0,11,5,,,,,0,0,0,0,1,0,,,,96,,,,,,98,,,,,,98951,53,66,175,0,0,0,0,0,0,,97,,,,,,0,,,1,7,0,0,8,9,8,,,0,,,8,8,8,95,,,96,,,8,95,995,,,,,,,,,,,,,,,,,,,,,,,,,,,,,,0,0,0,0,0,0,0,0,0,0,0,0,0,1,0,0,1,0,0,0,0,1,1,0,1,0,0,0,0,1,0,0,0,0,0,,0,0,0,0,0,0,0,0,0,0,0,1,0,0,0,0,,,,,,26-30,26-35,US highway,R,Thursday,Belt Used,PV,Not Fatal,0,1,1,0,State Route,Other Law Enforcement,Yakama Tribal Police Department,0,1,0,0,0,,,,,,0,0,0,,,,,,,,,,,98,98,98,0,,,,,20,,,,,,,,,1,0,,,,,,
2021,115,3889701,344,01/26/2021,5:54,26,1,,77,Yakima,0,4,,2,1,2,1,1,1,1,,,,8,0,0,,1,0,1,5,1,2,4,0,3,0,0,CR-LATERAL A RD,,-120.4798972,46.39628611,0,1,13,80,5,55,61,0,0,1,5,8,1,1,2,1,6,1,9,99,0,12,881,2019,0,,8,,,,,,1,1,53,1,0,,0,0,2,0,11,0,,,,,6,0,0,3,1,33,,,,96,,,,,,0,,,,,,98951,53,68,212,6,1,0,0,0,0,,53,,,,,,0,,,20,0,0,0,8,9,8,,,0,,,8,8,0,0,,,0,,,2,98,0,,,,,,,,,,,,,,,,,,,,,,,,,,,,,,0,0,0,0,0,0,0,0,0,1,1,1,0,0,0,0,0,0,0,0,0,0,0,0,0,0,0,0,0,0,1,1,0,0,0,,0,0,0,0,0,0,0,0,0,0,0,0,0,0,0,0,,,,,,51-55,46-55,County road,R,Tuesday,,MHTRUCK,Not Fatal,0,0,0,0,County Road,Other Law Enforcement,Yakama Tribal Police Department,0,0,1,0,0,,,,,,0,0,0,,,,,,,,,,,98,98,98,0,,,,,20,,,,,,,,,0,0,,,LATERAL A RD.,9.26,NULL,
2021,587,3889810,344,12/19/2021,19:37,19,12,,77,Yakima,2300,10,,3,2,2,1,1,2,1,,,,8,0,0,3.3,1,0,1,4,2,1,3,0,3,0,0,SR-022,,-120.3195194,46.37003333,0,1,13,80,5,55,6,0,0,1,5,8,1,1,3,1,1,2,1,53,0,35,51,2018,0,,8,,,,,,1,1,43,2,0,,0,0,3,0,11,0,,,,,0,0,0,3,1,0,,,,96,,,,,,0,,,,,,99320,53,65,145,6,1,0,0,3,0,,0,,,,,,0,07/15/2018,09/15/2019,20,0,0,0,8,9,8,,,0,,,8,8,8,95,,,96,,,8,95,995,,,,,,,,,,,,,,,,,,,,,,,,,,,,,,0,0,0,0,0,0,0,0,0,0,0,0,0,0,0,0,0,0,0,0,0,0,0,0,0,0,0,0,0,1,0,1,0,0,0,,0,0,0,0,0,0,0,0,0,0,0,0,0,0,0,0,,,,,,41-45,36-45,State route,U,Sunday,Belt Used,PV,Not Fatal,0,0,0,0,State Route,Other Law Enforcement,Yakama Tribal Police Department,0,1,0,0,0,,,,,,0,0,0,,,,,,,,,,,98,98,98,0,,,,,20,,,,,,,,,1,0,,,,,,
2021,330,3889826,344,08/20/2021,20:27,20,8,,77,Yakima,0,1,,2,1,2,2,0,2,1,,,,1,0,0,57.7,1,0,1,3,1,1,2,0,3,0,0,US-97,,-120.3206333,46.32196944,0,1,2,13,2,60,4,0,0,1,2,1,3,1,2,1,14,2,2,41,0,20,22,2006,0,,63,1,,,,,1,1,73,1,7,,4,0,3,0,11,0,08/21/2021,3:37,2.59E+11,40650,0,0,0,0,1,58,,,,96,,,,,,9,,,,,,97761,41,69,160,0,0,0,0,0,0,,0,,,,,,0,06/15/2019,06/15/2020,20,0,0,0,0,9,8,,,0,,,8,1,2,695,605,,1,1,,2,1,0.231,,,,,,,,,,,,,,,,,,,,,,,,,,,,,,0,0,0,0,1,1,1,1,1,0,0,0,0,1,0,0,0,0,0,1,0,0,0,0,0,1,1,0,0,1,0,0,0,0,0,,1,0,0,0,0,1,1,1,0,0,0,1,0,0,0,1,,,,,,71-75,66-75,US highway,R,Friday,Belt Used,PV,AIAN,0,1,0,0,State Route,Other Law Enforcement,Yakama Tribal Police Department,1,1,0,0,0,thc,13,carboxy-thc,31,,0,1,5,,,,,,,,,,,98,98,98,3,,,,,20,,,,,,,,nms,1,0,,,,,,
2021,597,3889903,344,12/27/2021,23:02,27,12,,77,Yakima,0,10,,2,1,1,1,0,2,1,,,,1,0,0,,1,0,1,6,1,2,4,0,3,0,0,CR-PROGRESSIVE RD,,-120.4599222,46.41921667,0,1,1,13,2,50,4,0,0,1,2,1,1,1,2,1,1,2,2,53,0,63,32,2016,0,,63,1,,,,,1,1,36,2,7,,4,0,99,7,11,5,12/31/2021,19:20,2.30E+11,67181,0,0,0,3,1,0,,,,15,,,,,,9,,,,,,98951,53,64,270,6,1,0,0,0,0,,0,,,,,,0,,,20,0,0,0,0,9,8,,,0,,,8,1,0,0,,,0,,,0,0,996,,,,,,,,,,,,,,,,,,,,,,,,,,,,,,0,0,1,0,1,0,0,0,0,0,0,0,0,0,0,0,1,0,0,0,0,0,0,0,0,0,0,0,0,1,0,0,0,0,0,,1,0,0,0,0,0,0,0,1,0,0,0,0,0,0,1,,,,,,36-40,36-45,County road,R,Monday,Unknown,PV,AIAN,0,1,0,0,County Road,Other Law Enforcement,Yakama Tribal Police Department,1,0,1,0,0,,,,,,0,0,0,,,,,,,,,,,98,98,98,3,,,,,20,,,,,,,,,1,0,,,,,,
2021,623,3890344,263,06/15/2021,16:04,15,6,,33,King,1960,1,,1,1,2,1,0,1,1,,,,33,0,0,0,1,0,1,4,2,4,6,0,0,0,0,MARTIN LUTHER KING JR WAY S,,-122.2976833,47.59518056,0,1,6,8,1,25,14,0,0,1,2,39,1,2,3,5,1,1,1,53,0,35,404,2020,0,,68,64,33,39,,,1,1,91,1,7,,4,0,3,0,11,5,07/03/2021,7:41,1.96E+11,34064,0,0,0,2,1,0,,,,92,,,,,,1,,,,,,98101,53,71,180,1,1,0,0,0,0,,97,,,,,,0,,,8,0,0,0,0,9,8,,,0,,,8,8,0,0,,,0,,,0,0,996,,,,,,,,,,,,,,,,,,,,,,,,,,,,,,0,0,1,0,0,0,0,0,0,0,0,0,0,1,0,0,1,0,0,0,0,0,0,0,0,1,1,1,0,1,0,0,0,0,0,,1,0,0,0,0,0,0,0,1,0,0,1,0,0,0,0,,,,,,81+,76+,City street,U,Tuesday,Belt Used,PV,Black,0,1,0,0,City Street,Municipal/City Police,Seattle Police Department,1,0,0,1,0,,,,,,0,0,0,,,,,,,,,,,98,98,98,2,,,,,20,,,,,,,,,1,0,,,,,,
2021,595,3890588,263,10/21/2021,19:00,21,10,,33,King,1960,2,,3,2,1,1,1,1,1,,,,8,0,0,0,3,0,2,3,2,4,6,0,0,3,3,4TH AVE S,S Lander St,-122.3290944,47.57980278,0,1,13,80,5,25,5,0,0,1,5,8,1,1,5,1,1,1,1,53,0,49,46,2014,0,,8,,,,,,1,1,55,1,0,,0,0,3,0,11,0,,,,,0,0,0,3,1,0,,,,96,,,,,,98,,,,,,98168,53,67,180,6,1,0,0,3,1,,0,,,,,,0,01/15/2019,08/15/2020,20,0,0,0,8,9,8,,,0,,,8,8,8,95,,,96,,,8,95,995,,,,,,,,,,,,,,,,,,,,,,,,,,,,,,0,0,0,1,0,0,0,0,0,1,0,1,0,0,0,0,0,0,0,0,0,0,0,0,0,0,0,0,0,1,0,1,0,0,0,,0,0,0,0,0,0,0,0,0,0,0,0,0,0,0,0,,,,,,51-55,46-55,City street,U,Thursday,Belt Used,PV,Not Fatal,1,0,0,0,City Street,Municipal/City Police,Seattle Police Department,0,0,0,1,0,,,,,,0,0,0,,,,,,,,,,,98,98,98,0,,,,,20,,,,,,,,,1,0,,,,,,
2021,563,3893620,263,10/20/2021,3:19,20,10,,33,King,1960,10,,6,1,2,1,1,1,1,,,,8,1,0,30.6,1,0,1,3,2,1,3,0,0,0,0,SR-99,,-122.3444139,47.68420278,0,1,13,80,5,30,8,0,0,1,5,8,1,1,3,2,1,99,9,99,0,99,399,9999,0,,8,,,,,,1,1,999,9,0,,9,0,99,7,11,0,,,,,99,9,9,9,1,0,,,,96,,,,,,98,,,,,,99999,99,,999,9,9,99,99,99,99,,97,,,,,,0,,,98,7,0,0,8,9,8,,,0,,,8,8,0,0,,,0,,,0,0,996,,,,,,,,,,,,,,,,,,,,,,,,,,,,,,0,0,0,0,0,0,0,0,0,1,0,1,0,0,0,0,0,0,0,0,0,0,0,0,0,0,0,0,0,1,0,1,0,0,0,,0,0,0,0,0,0,0,0,0,0,0,0,0,0,0,0,,,,,,,,State route,U,Wednesday,Unknown,PV,Not Fatal,0,0,0,0,State Route,Municipal/City Police,Seattle Police Department,0,1,0,0,0,,,,,,99,99,99,,,,,,,,,,,98,98,98,0,,,,,20,,,,,,,,,1,0,,,,,,
2021,586,3894008,263,11/13/2021,21:48,13,11,,33,King,1960,2,,3,2,2,1,1,2,1,,,,8,0,0,3.5,1,0,1,5,2,1,3,0,0,0,0,SR-522,,-122.2928472,47.72396944,0,1,13,80,5,35,4,0,0,1,5,8,1,1,2,3,1,2,2,53,0,54,35,2004,0,,8,,,,,,1,1,16,2,0,,0,0,3,0,11,0,,,,,0,0,3,3,1,0,,,,96,,,,,,0,,,,,,98155,53,64,138,6,2,0,0,1,0,,0,,,,,,0,10/15/2021,10/15/2021,20,0,0,0,8,9,8,,,0,,,8,8,8,95,,,96,,,8,95,995,,,,,,,,,,,,,,,,,,,,,,,,,,,,,,0,0,0,0,0,0,0,0,0,0,0,0,0,0,0,0,0,0,0,0,1,0,1,0,1,0,0,0,0,1,0,1,0,0,0,,0,0,0,0,0,0,0,0,0,0,0,0,0,0,0,0,,,,,,16-17,16-25,State route,U,Saturday,Belt Used,PV,Not Fatal,0,0,0,0,State Route,Municipal/City Police,Seattle Police Department,0,1,0,0,0,,,,,,0,0,0,,,,,,,,,,,98,98,98,0,,,,,20,,,,,,,,,1,0,,,,,,