year,case,par,repjur,crash_dt,crash_tm,accday,accmon,holiday,county,co_char,city,weather,weather2,lightcond,surfcond,surftype,numfatal,nmforms,pforms,vforms,not_tm,arr_tm,hosp_tm,fhevent,hitrun,manncol,milepnt,reljunc,reljuncinter,intersectiontype,funcsystem,landuse,ownership,route,schlbus,spejur,contdev,devfunc,trafid1,trafid2,x,y,wk_zone,vnumber,crashtype,criticalevent,criticaleventcat,spdlim,body,trailer,emerg,hazcargo,leave,mhevent,roadalgn,roadprof,traflane,trafflow,vehmanvr,numoccs,regowner,regstate,spuse,make,model,modelyr,vrf1,vrf2,seqevent1,seqevent2,seqevent3,seqevent4,seqevent5,seqevent6,pnumber,ptype,age,sex,hispanic,race,injury,diedscene,restraint,restraintmisuse,seatpos,takehosp,death_dt,death_tm,cert,cernum_wa,commlic,licendor,licrestrict,liccomp,drivpres,drf1,drf2,drf3,drf4,distract1,distract2,distract3,distract4,distract5,distract6,dricond1,dricond2,dricond3,dricond4,dricond5,dricond6,dzip,licstate,drhgt_in,weight,noncdl,noncdltype,prevdwi,prevoth,prevacc,prevspd,prevsus,driviol1,driviol2,driviol3,driviol4,driviol5,driviol6,spdrel,first_dt,last_dt,airbag,ejection,ejectpath,extricat,injurwrk,methalc,methdrug,nmlocat,strikveh,prf1,prf2,prf3,druginv,alcinvol,drugsts,drugres1,drugres2,drugres3,drugtst1,drugtst2,drugtst3,alcsts,alctst,alcres,nmact1,nmact2,nmact3,nmact4,nmact5,nmact6,nmprior1,nmprior2,nmprior3,nmprior4,nmprior5,nmprior6,nmcond1,nmcond2,nmcond3,nmcond4,nmcond5,nmcond6,nmsafe_helmet,nmsafe_pads,nmsafe_oth,nmprev_ref,nmprev_lgt,nmprev_oth,crashlocation,nmcrashtype,crosswalk,schoolzone,sidewalk,train_inv,wildlife_inv,rotr_fars,intersect_fars,dd_inv,aid_inv,dpd_inv,id_inv,mj_inv,impnm_inv,ainm_inv,dpnm_inv,speed_inv,unlic_inv,unendmc_inv,drowsy_inv,drdist_inv,nmdist_inv,fty_inv,unrestfat_inv,dr1617_inv,dr1820_inv,dr1620_inv,dr2125_inv,dr1625_inv,dr65_inv,dr70_inv,dr75_inv,mc_inv,pv_inv,ht_inv,ped_inv,bike_inv,unrest_fat,mc_fat,unhelmet_mc,pv_fat,ht_fat,ped_fat,bike_fat,dr_alc7,dr_alc8,dr_drug,dr_imp,dr_dist,dr_spd,dr_fty,dr_unlic,dr_alc7only,dr_alc8only,dr_drugonly,dr_drink,nm_imp,nm_alc7,nm_alc8,nm_drug,nm_dist,agegrp1,agegrp2,roadclass,urbrur,dayweek,restuse,vehtype,race_me,intersect,lanedep,oppdir,wrongway,rep_typ,investag,repag_long,rotr,st_rd,cty_rd,city_rd,oth_rd,drug_thc,thc_res,drug_cthc,cthc_res,drug_cann,prevpersemin,prevperse,prevsusoth,drugtst4,drugtst5,drugtst6,drugtst7,drugtst8,drugres4,drugres5,drugres6,drugres7,drugres8,adspresent,adsengaged,adslevel,race1,race2,race3,race4,race5,helmet,helmetmisuse,nmdistract1,nmdistract2,nmdistract3,nmdistract4,nmdistract5,nmdistract6,lab,isedtcase,crf1,crf2,crf3,CoRoadName,CoMP,IntCoRoadName,IntCoMP
2021,495,3895552,263,09/15/2021,0:16,15,9,,33,King,1960,10,,3,1,2,1,1,2,1,,,,8,0,0,0,1,0,1,3,2,4,6,0,0,0,0,4TH AVE S,,-122.3290944,47.58007778,0,1,13,80,5,30,3,0,0,1,2,8,1,1,2,2,1,2,2,53,0,30,47,2014,0,,8,,,,,,1,1,41,1,0,,0,0,1,0,11,0,,,,,0,0,0,3,1,0,,,,96,,,,,,9,,,,,,98178,53,67,150,6,1,0,0,0,0,,97,,,,,,0,,,20,0,0,0,8,9,8,,,0,,,8,1,8,95,,,96,,,2,98,997,,,,,,,,,,,,,,,,,,,,,,,,,,,,,,0,0,0,0,1,0,0,0,0,1,1,1,0,0,0,0,0,0,0,0,0,0,0,0,0,0,0,0,0,1,0,1,0,0,0,,0,0,0,0,0,0,0,0,0,0,0,0,0,0,0,1,,,,,,41-45,36-45,City street,U,Wednesday,Belt Used,PV,Not Fatal,0,0,0,0,City Street,Municipal/City Police,Seattle Police Department,0,0,0,1,0,,,,,,0,0,0,,,,,,,,,,,98,98,98,0,,,,,20,,,,,,,,,1,0,,,,,,
2021,552,3895585,263,10/08/2021,21:26,8,10,,33,King,1960,1,,3,1,2,1,1,1,1,,,,15,0,0,0,1,0,1,3,2,4,6,0,0,0,0,AIRPORT WAY S,,-122.3232806,47.55953889,0,1,13,83,5,30,4,0,0,1,2,15,1,1,4,1,1,1,1,53,0,12,23,2012,0,,68,15,,,,,1,1,28,1,0,,0,0,99,7,11,0,,,,,0,0,0,3,1,0,,,,96,,,,,,98,,,,,,98444,53,75,220,6,1,0,0,0,0,,0,,,,,,0,,,20,0,0,0,8,9,2,,,0,,,8,0,8,95,,,96,,,8,95,995,,,,,,,,,,,,,,,,,,,,,,,,,,,,,,0,0,0,0,0,0,0,0,0,1,1,1,0,0,0,0,0,0,0,0,0,0,0,0,0,0,0,0,0,1,0,1,0,0,0,,0,0,0,0,0,0,0,0,0,0,0,0,0,0,0,0,,,,,,26-30,26-35,City street,U,Friday,Unknown,PV,Not Fatal,0,0,0,0,City Street,Municipal/City Police,Seattle Police Department,0,0,0,1,0,,,,,,0,0,0,,,,,,,,,,,98,98,98,0,,,,,20,,,,,,,,,1,0,,,,,,
2021,577,3895594,263,10/21/2021,14:31,21,10,,33,King,1960,10,,1,0,0,1,1,1,1,,,,8,0,0,0,8,0,1,7,2,4,6,0,0,0,0,37AVE S,,-122.2859667,47.53095833,0,1,98,98,7,0,34,1,0,1,5,8,0,0,0,0,11,1,1,53,0,23,481,2019,0,,8,,,,,,1,1,51,1,0,,0,0,99,7,11,0,,,,,6,0,0,3,1,0,,,,96,,,,,,98,,,,,,98118,53,67,160,6,1,0,0,1,0,,0,,,,,,0,07/15/2017,07/15/2017,20,0,0,0,8,9,8,,,0,,,8,8,8,95,,,96,,,8,95,995,,,,,,,,,,,,,,,,,,,,,,,,,,,,,,0,0,0,0,0,0,0,0,0,0,0,0,0,0,0,0,0,0,0,0,0,0,0,0,0,0,0,0,0,1,0,1,0,0,0,,0,0,0,0,0,0,0,0,0,0,0,0,0,0,0,0,,,,,,51-55,46-55,City street,U,Thursday,Unknown,PV,Not Fatal,0,0,0,0,City Street,Municipal/City Police,Seattle Police Department,0,0,0,1,0,,,,,,0,0,0,,,,,,,,,,,98,98,98,0,,,,,20,,,,,,,,,0,0,,,,,,
2021,566,3897805,263,10/25/2021,1:54,25,10,,33,King,1960,10,,3,1,2,1,2,1,1,,,,8,1,0,0,3,0,3,3,2,4,6,0,0,0,0,CORLISS WAY N,NE 80TH ST,-122.3270556,47.68680833,0,1,13,80,5,25,34,0,0,1,5,8,3,2,1,4,14,99,9,53,0,12,481,2018,0,,8,8,,,,,1,1,999,9,0,,9,0,98,7,11,0,,,,,99,9,9,9,1,0,,,,92,,,,,,98,,,,,,99999,99,,999,9,9,99,99,99,99,,97,,,,,,0,,,98,0,0,0,8,9,8,,,0,,,8,8,0,0,,,0,,,0,0,996,,,,,,,,,,,,,,,,,,,,,,,,,,,,,,0,0,0,1,0,0,0,0,0,1,0,1,0,0,0,0,1,0,0,0,0,0,0,0,0,0,0,0,0,1,0,1,0,0,0,,0,0,0,0,0,0,0,0,1,0,0,0,0,0,0,0,,,,,,,,City street,U,Monday,Unknown,PV,Not Fatal,1,0,0,0,State Route,Municipal/City Police,Seattle Police Department,0,1,0,0,0,,,,,,99,99,99,,,,,,,,,,,98,98,98,0,,,,,20,,,,,,,,,1,0,,,,,,
2021,585,3903526,12,09/19/2021,3:54,19,9,,7,Chelan,0,1,,2,1,2,1,0,2,2,,,,14,0,0,,1,0,1,7,1,2,4,0,0,0,0,CR-DIXIE LN,,-120.1942278,47.36610833,0,1,6,50,3,35,4,0,0,1,2,14,1,1,2,1,1,1,1,53,0,59,35,2001,0,,64,14,,,,,1,1,23,1,7,,4,7,99,7,11,0,09/19/2021,3:54,53047738,47738,0,0,3,3,1,0,,,,96,,,,,,98,,,,,,98802,53,72,197,6,1,0,0,0,0,,0,,,,,,3,,,1,0,0,0,0,9,8,,,0,,,8,8,2,1,,,1,,,2,1,0.177,,,,,,,,,,,,,,,,,,,,,,,,,,,,,,0,0,1,0,1,1,0,1,0,0,0,0,1,0,0,0,0,0,0,0,0,0,0,1,1,0,0,0,0,1,0,0,0,0,0,,1,0,0,0,0,1,0,1,0,1,0,0,0,1,0,1,,,,,,21-25,16-25,County road,R,Sunday,Unknown,PV,White,0,0,0,0,County Road,Municipal/City Police,Chelan County Sheriff's Office,0,0,1,0,0,,,,,,0,0,0,,,,,,,,,,,98,98,98,1,,,,,20,,,,,,,,,1,0,,,,,,
2021,185,3906102,263,05/28/2021,12:46,28,5,,33,King,1960,1,,1,1,2,1,0,1,1,,,,41,0,0,0,1,0,1,5,2,4,6,0,0,0,0,MILITARY RD S,,-122.2949,47.5346,0,1,7,6,1,98,80,0,0,1,2,24,2,2,2,1,6,1,5,53,0,53,705,2006,0,,64,41,24,,,,1,1,30,1,7,,4,0,20,7,11,5,05/28/2021,14:23,1.96E+11,27380,0,0,3,2,1,33,,,,96,,,,,,98,,,,,,98118,53,71,170,1,1,1,0,0,0,,0,,,,,,0,05/15/2017,09/15/2018,20,8,0,0,0,9,8,,,0,,,8,8,2,695,605,401,1,1,1,2,1,0,,,,,,,,,,,,,,,,,,,,,,,,,,,,,,0,0,0,0,0,0,1,1,1,0,0,0,0,1,1,0,0,0,0,0,0,0,0,0,0,0,0,0,1,0,0,0,0,0,1,0,0,0,0,0,0,0,1,1,0,0,0,1,0,0,1,0,,,,,,26-30,26-35,City street,U,Friday,,MC,White,0,1,0,0,City Street,Municipal/City Police,Seattle Police Department,1,0,0,1,0,thc,1.4,carboxy-thc,7.9,,0,0,4,1,,,,,417,,,,,0,0,0,1,,,,,19,,,,,,,,nms,1,0,,,,,,
2021,321,3906392,263,07/23/2021,22:46,23,7,,33,King,1960,1,,3,1,1,1,0,2,2,,,,12,0,1,34,3,0,3,3,2,1,3,0,0,3,3,SR-99,ROOSEVELT WAY N,-122.3450861,47.73357778,0,1,20,50,3,35,4,0,0,1,2,12,1,1,5,5,1,1,1,53,0,37,32,1995,0,,12,,,,,,1,1,21,1,7,,4,7,3,0,11,0,07/23/2021,22:46,1.96E+11,36246,0,0,3,3,1,0,,,,96,,,,,,98,,,,,,98133,53,66,140,6,1,0,0,0,0,,0,,,,,,0,,,1,0,0,0,0,9,8,,,0,,,8,8,2,1,,,1,,,2,1,0,,,,,,,,,,,,,,,,,,,,,,,,,,,,,,0,0,0,1,0,0,1,1,1,0,0,0,0,0,0,0,0,0,0,0,0,0,0,1,1,0,0,0,0,1,1,0,0,0,0,,1,0,0,0,0,0,0,0,0,0,0,0,0,0,0,0,,,,,,21-25,16-25,State route,U,Friday,Belt Used,PV,White,1,0,0,0,State Route,Municipal/City Police,Seattle Police Department,0,1,0,0,0,,,,,,0,0,0,,,,,,,,,,,0,0,0,1,,,,,20,,,,,,,,,1,0,,,,,,
2021,321,3906392,263,07/23/2021,22:46,23,7,,33,King,1960,1,,3,1,1,1,0,2,2,,,,12,0,1,34,3,0,3,3,2,1,3,0,0,3,3,SR-99,ROOSEVELT WAY N,-122.3450861,47.73357778,0,2,21,53,3,35,66,2,0,1,5,12,1,1,5,5,5,1,3,41,0,82,881,2021,0,,12,,,,,,1,1,38,1,0,,0,0,3,0,11,0,,,,,6,3,0,3,1,0,,,,96,,,,,,98,,,,,,98372,53,75,215,6,1,0,0,0,0,,0,,,,,,0,,,20,0,0,0,8,9,8,,,0,,,8,8,2,605,,,1,,,2,1,0,,,,,,,,,,,,,,,,,,,,,,,,,,,,,,0,0,0,1,0,0,1,1,1,0,0,0,0,0,0,0,0,0,0,0,0,0,0,1,1,0,0,0,0,1,1,0,0,0,0,,0,0,0,0,0,0,1,1,0,0,0,0,0,0,1,0,,,,,,36-40,36-45,State route,U,Friday,,MHTRUCK,Not Fatal,1,0,0,0,State Route,Municipal/City Police,Seattle Police Department,0,1,0,0,0,,,,,,0,0,0,,,,,,,,,,,98,98,98,0,,,,,20,,,,,,,,,1,0,,,,,,
2021,625,3907086,263,07/28/2021,12:00,28,7,,33,King,1960,1,,1,1,1,1,1,1,1,,,,8,0,0,0,3,0,2,4,2,4,6,0,0,3,3,LENORA ST,5th Ave,-122.3405222,47.61447222,0,1,13,80,5,25,61,0,0,1,5,8,1,1,3,4,11,1,3,53,0,12,881,2006,0,,8,,,,,,1,1,29,1,0,,0,0,3,0,11,0,,,,,0,0,3,3,1,38,,,,92,,,,,,98,,,,,,98290,53,68,145,6,1,0,1,0,0,,2,,,,,,0,05/15/2017,05/15/2017,20,0,0,0,8,9,2,,,0,,,8,8,0,0,,,0,,,0,0,996,,,,,,,,,,,,,,,,,,,,,,,,,,,,,,0,0,0,1,0,0,0,0,0,0,0,0,0,0,0,0,1,0,1,0,0,0,0,0,0,0,0,0,0,0,1,1,0,0,0,,0,0,0,0,0,0,0,0,1,0,1,0,0,0,0,0,,,,,,26-30,26-35,City street,U,Wednesday,,MHTRUCK,Not Fatal,1,0,0,0,City Street,Municipal/City Police,Seattle Police Department,0,0,0,1,0,,,,,,0,0,0,,,,,,,,,,,98,98,98,0,,,,,20,,,,,,,,,1,0,,,,,,
2017,176,000TECH,8,01/01/2017,18:51,1,1,1,9,Clallam,0,4,0,1,3,2,2,0,5,1,19:31,19:52,20:09,7,0,0,203.5,1,0,1,3,1,1,2,0,0,0,0,US-101,,-123.8656194,48.051025,0,1,0,8,1,35,14,0,0,1,2,7,1,1,2,1,1,5,2,53,0,52,401,1995,0,0,7,,,,,,1,1,51,1,0,0,3,0,3,0,11,5,,,,,0,0,0,3,1,0,0,0,0,96,,,,,,98,,,,,,98003,53,65,180,6,1,0,0,0,0,0,0,,,,,,0,,,98,0,0,0,8,9,8,,,0,0,0,8,8,0,0,0,0,0,0,0,0,0,996,,,,,,,,,,,,,,,,,,,,,,,,,,,,,,0,0,0,0,0,0,0,0,0,0,0,0,0,0,0,0,0,0,0,0,0,0,0,0,0,0,0,0,0,1,0,0,0,0,0,,0,0,0,0,0,0,0,0,0,0,0,0,0,0,0,0,,,,,,51-55,46-55,US highway,R,Sunday,Belt Used,PV,Not Fatal,0,0,0,0,State Route,,,0,1,0,0,0,,,,,,,,,,,,,,,,,,,,,,,,,,,,,,,,,,,,,,,,,,,
2020,551,000TECH,158,06/03/2020,22:31,3,6,,15,Cowlitz,1010,1,,2,1,2,1,0,2,1,22:31,22:47,23:03,30,0,0,0,1,0,1,4,2,4,6,0,0,0,0,PACIFIC AVE,,-122.7434472,45.90651111,0,1,1,13,2,35,4,0,0,1,2,30,3,1,2,1,14,2,1,53,0,37,31,1998,0,,63,30,,,,,1,1,35,2,0,,3,0,3,0,11,1,,,,,0,0,0,3,1,91,,,,96,,,,,,9,,,,,,98632,53,65,160,6,1,0,0,0,0,,1,,,,,,3,,,20,0,0,0,8,1,1,,,0,,,1,1,2,605,996,,1,1,,2,1,0.084,,,,,,,,,,,,,,,,,,,,,,,,,,,,,,0,0,1,0,1,1,1,1,1,0,0,0,1,0,0,0,0,0,0,0,0,0,0,0,0,0,0,0,0,1,0,0,0,0,0,,0,0,0,0,0,1,1,1,0,1,0,0,0,0,0,1,,,,,,31-35,26-35,City street,U,Wednesday,Belt Used,PV,Not Fatal,0,0,0,0,City Street,,,0,0,0,1,0,thc,2.7,carboxy-thc,7.2,,0,0,0,,,,,,,,,,,0,0,0,0,,,,,20,7,,,,,,,,0,0,,,,,,
2017,544,00Media,,12/18/2017,5:00,18,12,0,77,Yakima,2507,98,0,6,98,8,1,1,1,1,,,,8,1,0,0,1,0,1,7,2,4,6,0,3,0,0,COBURN LOOP,,-120.7458667,46.38436389,0,1,13,80,5,98,99,0,0,1,5,8,8,8,9,9,1,99,9,99,0,99,999,9999,0,0,8,,,,,,1,1,999,9,0,0,0,0,99,0,11,0,,,,,99,9,9,9,1,0,0,0,0,96,,,,,,99,,,,,,99999,99,,999,9,9,99,99,99,99,99,0,,,,,,9,,,99,0,0,0,8,9,8,,,0,0,0,8,8,0,0,0,0,0,0,0,0,0,996,,,,,,,,,,,,,,,,,,,,,,,,,,,,,,0,0,0,0,0,0,0,0,0,1,1,1,0,0,0,0,0,0,0,0,0,0,0,0,0,0,0,0,0,0,0,1,0,0,0,,0,0,0,0,0,0,0,0,0,0,0,0,0,0,0,0,,,,,,,,City street,U,Monday,,NR-U,Not Fatal,0,0,0,0,City Street,,,0,0,0,1,0,,,,,,,,,,,,,,,,,,,,,,,,,,,,,,,,,,,,,,,,,,,
2018,487,0MEDIA1,345,08/01/2018,14:40,1,8,0,65,Stevens,0,98,0,1,98,8,2,0,3,1,,,,1,0,0,0,1,0,1,5,2,2,4,0,3,0,0,CR-FORT WELLPINIT RD,,-117.8247194,47.91577222,0,1,99,99,9,98,14,0,0,1,8,1,8,8,2,1,99,3,1,53,0,20,403,2004,0,0,63,1,42,,,,1,1,29,2,7,3,4,7,20,0,11,0,08/01/2018,14:40,75753033865,33865,0,0,3,2,1,0,0,0,0,96,,,,,,99,,,,,,99040,53,63,150,1,1,0,0,0,0,,0,,,,,,0,,,98,1,9,0,0,9,8,,,0,0,0,8,9,2,401,417,,1,1,,2,1,0.27,,,,,,,,,,,,,,,,,,,,,,,,,,,,,,0,0,0,0,1,1,1,1,0,0,0,0,0,1,0,0,0,0,0,1,0,0,0,0,0,0,0,0,0,1,0,0,0,1,0,,1,0,0,0,0,1,1,1,0,0,0,1,0,0,0,1,,,,,,26-30,26-35,County road,U,Wednesday,Not Used,PV,AIAN,0,0,0,0,County Road,,,0,0,1,0,0,,,,,,0,0,0,,,,,,,,,,,,,,,,,,,,,,,,,,,,,,,,,,,
2021,575,0PM0709,199,07/09/2021,12:40,9,7,,53,Pierce,1350,98,,8,98,2,1,0,2,2,,,,12,0,6,2.1,8,0,1,3,1,32,3,0,0,0,0,SR-99,,-122.3362833,47.25754722,0,1,83,72,4,45,4,0,0,1,2,12,1,1,5,5,6,1,2,53,0,51,47,2001,0,,12,,,,,,1,1,22,1,0,,3,0,98,7,11,5,,,,,0,0,3,3,1,33,,,,96,,,,,,9,,,,,,2863,44,66,140,6,1,0,1,1,0,,1,,,,,,3,09/15/2019,09/15/2019,9,0,0,0,8,5,3,,,0,,,1,1,2,189,695,605,1,1,1,2,1,0,,,,,,,,,,,,,,,,,,,,,,,,,,,,,,0,0,0,0,1,0,1,1,1,0,0,0,1,0,0,0,0,0,0,0,0,0,0,1,1,1,0,0,0,1,0,0,0,0,0,,0,0,0,0,0,0,1,1,0,1,0,0,0,0,1,1,,,,,,21-25,16-25,State route,R,Friday,Unknown,PV,Not Fatal,0,0,0,0,State Route,,,0,1,0,0,0,thc,2.8,carboxy-thc,62,,0,0,0,,,,,,,,,,,98,98,98,0,,,,,20,,,,,,,,,0,0,,,,,,
2021,575,0PM0709,199,07/09/2021,12:40,9,7,,53,Pierce,1350,98,,8,0,0,1,0,2,2,,,,12,0,6,2.1,8,0,1,3,1,32,3,0,0,0,0,SR-99,,-122.3362833,47.25754722,0,2,82,66,4,0,4,0,0,1,2,12,0,0,0,0,11,1,1,53,0,42,42,2009,0,,12,,,,,,1,1,68,1,7,,4,7,98,7,11,0,07/09/2021,13:08,1.35E+11,33549,0,0,0,3,1,0,,,,96,,,,,,98,,,,,,98001,53,72,210,6,1,0,0,0,0,,0,,,,,,0,,,9,0,0,0,0,9,8,,,0,,,8,8,2,605,,,1,,,2,1,0,,,,,,,,,,,,,,,,,,,,,,,,,,,,,,0,0,0,0,1,0,1,1,1,0,0,0,1,0,0,0,0,0,0,0,0,0,0,1,1,1,0,0,0,1,0,0,0,0,0,,1,0,0,0,0,0,1,1,0,0,0,0,0,0,1,0,,,,,,66-70,66-75,State route,R,Friday,Unknown,PV,White,0,0,0,0,State Route,,,0,1,0,0,0,thc,1.5,,,,0,0,0,,,,,,,,,,,98,98,98,1,,,,,20,,,,,,,,nms,0,0,,,,,,
2017,457,0Tech &,1,10/17/2017,5:43,17,10,0,77,Yakima,0,10,0,6,1,8,1,1,2,2,,,,8,0,0,9999.9,1,0,1,5,1,2,4,0,0,0,0,CR-S WAPATO RD,,-120.417775,46.37571111,0,2,98,80,5,98,4,0,0,1,5,8,1,9,2,1,1,1,2,53,0,12,37,2006,0,0,8,,,,,,1,1,44,1,0,0,0,0,3,0,11,0,,,,,0,0,0,3,1,0,0,0,0,0,,,,,,0,,,,,,98948,53,70,234,6,1,0,2,0,0,0,0,,,,,,0,03/15/2013,03/15/2016,20,0,0,0,8,3,2,,,0,0,0,0,0,0,0,0,0,0,0,0,0,0,996,,,,,,,,,,,,,,,,,,,,,,,,,,,,,,0,0,0,0,0,0,0,0,0,0,0,0,0,0,0,0,0,0,0,0,0,0,0,0,0,0,0,0,0,1,0,1,0,0,0,,0,0,0,0,0,0,0,0,0,0,0,0,0,0,0,0,,,,,,41-45,36-45,County road,R,Tuesday,Belt Used,PV,Not Fatal,0,0,0,0,County Road,,,0,0,1,0,0,,,,,,,,,,,,,,,,,,,,,,,,,,,,,,,,,,,,,,,,,,,
2017,457,0Tech &,1,10/17/2017,5:43,17,10,0,77,Yakima,0,10,0,6,1,8,1,1,2,2,,,,8,1,0,9999.9,1,0,1,5,1,2,4,0,0,0,0,CR-S WAPATO RD,,-120.417775,46.37571111,0,1,13,80,5,98,79,9,0,1,5,8,1,8,2,1,99,99,9,99,0,99,999,9999,0,0,8,,,,,,1,1,999,9,0,0,0,0,98,0,11,0,,,,,99,9,9,9,1,0,0,0,0,96,,,,,,99,,,,,,99999,99,,999,9,9,99,99,99,99,99,0,,,,,,0,,,98,0,0,0,8,9,8,,,0,0,0,8,8,0,0,0,0,0,0,0,0,0,996,,,,,,,,,,,,,,,,,,,,,,,,,,,,,,0,0,0,0,0,0,0,0,0,0,0,0,0,0,0,0,0,0,0,0,0,0,0,0,0,0,0,0,0,1,0,1,0,0,0,,0,0,0,0,0,0,0,0,0,0,0,0,0,0,0,0,,,,,,,,County road,R,Tuesday,Unknown,PV,Not Fatal,0,0,0,0,County Road,,,0,0,1,0,0,,,,,,,,,,,,,,,,,,,,,,,,,,,,,,,,,,,,,,,,,,,
2017,550,17-0332,8,10/31/2017,6:16,31,10,0,9,Clallam,0,98,0,8,98,2,1,0,1,1,,,,1,0,0,230,1,0,1,3,1,1,2,0,0,0,0,US-101,,-123.7661861,48.07688611,0,1,98,6,1,35,66,1,0,1,2,24,2,8,2,1,14,1,9,99,0,85,881,2004,0,0,68,1,24,,,,1,1,44,1,7,1,4,7,20,0,11,0,10/31/2017,6:16,53047403,47403,6,1,0,3,1,0,0,0,0,96,,,,,,99,,,,,,98362,53,71,230,6,1,0,0,0,0,0,0,,,,,,4,,,98,1,9,0,1,9,8,,,0,0,0,8,9,2,1,0,0,1,0,0,2,1,0,,,,,,,,,,,,,,,,,,,,,,,,,,,,,,0,0,0,0,0,0,0,0,0,0,0,0,1,0,0,0,0,0,0,0,0,0,0,0,0,0,0,0,0,0,1,0,0,0,0,,0,1,0,0,0,0,0,0,0,1,0,0,0,0,0,0,,,,,,41-45,36-45,US highway,R,Tuesday,,MHTRUCK,White,0,0,0,0,State Route,,,0,1,0,0,0,,,,,,,,,,,,,,,,,,,,,,,,,,,,,,,,,,,,,,,,,,,
2018,117,Coroner,,04/06/2018,21:07,6,4,0,65,Stevens,0,98,0,6,98,8,1,0,1,1,,,,24,0,0,7,1,0,1,99,9,99,9,0,3,0,0,RESERVATION RD,,-117.8109694,47.9353,0,1,1,13,2,98,49,0,0,1,8,24,8,8,8,8,99,1,9,99,0,99,999,9999,0,0,63,24,,,,,1,1,43,1,7,3,4,7,20,0,11,0,04/06/2018,21:07,53016052,16052,0,0,0,3,1,0,0,0,0,96,,,,,,9,,,,,,99040,53,71,220,6,1,0,0,0,0,,0,,,,,,9,,,20,1,9,0,0,9,8,,,0,0,0,8,1,8,95,,,96,,,8,95,995,,,,,,,,,,,,,,,,,,,,,,,,,,,,,,0,0,1,0,1,0,0,0,0,0,0,0,0,0,0,0,0,0,0,1,0,0,0,0,0,0,0,0,0,1,0,0,0,1,0,,1,0,0,0,0,0,0,0,0,0,0,0,0,0,0,1,,,,,,41-45,36-45,Unknown,Unk,Friday,Not Used,PV,AIAN,0,0,0,0,Other,,,0,0,0,0,1,,,,,,0,0,0,,,,,,,,,,,,,,,,,,,,,,,,,,,,,,,,,,,
2017,362,DC & Ob,,02/05/2017,2:31,5,2,0,53,Pierce,2230,98,0,8,98,8,1,1,1,1,,,,8,1,0,0,98,0,98,3,2,4,6,0,0,98,8,PORTLAND AVE,E 29TH ST,-122.4101444,47.237675,0,1,13,99,9,98,99,0,0,1,5,8,8,8,8,8,99,99,9,99,0,99,999,9999,0,0,8,,,,,,1,1,999,8,0,0,0,0,98,0,11,0,,,,,99,9,9,9,1,0,0,0,0,99,,,,,,99,,,,,,99999,98,,999,9,9,99,99,99,99,99,0,,,,,,9,,,98,0,0,0,8,9,8,,,0,0,0,8,8,0,0,0,0,0,0,0,0,0,996,,,,,,,,,,,,,,,,,,,,,,,,,,,,,,0,0,0,0,0,0,0,0,0,0,0,0,0,0,0,0,0,0,0,0,0,0,0,0,0,0,0,0,0,0,0,1,0,0,0,,0,0,0,0,0,0,0,0,0,0,0,0,0,0,0,0,,,,,,,,City street,U,Sunday,,NR-U,Not Fatal,0,0,0,0,City Street,,,0,0,0,1,0,,,,,,,,,,,,,,,,,,,,,,,,,,,,,,,,,,,,,,,,,,,
2017,2,E627989,26,01/02/2017,17:14,2,1,1,35,Kitsap,0,1,0,2,1,2,1,0,1,1,,,,24,0,0,2,1,0,1,5,1,2,4,0,0,0,0,CR-SE BURLEY OLALLA RD,,-122.583225,47.43134167,0,1,1,13,2,40,34,0,0,1,5,42,3,6,2,1,14,1,1,53,0,12,471,2003,0,0,63,69,68,64,68,63,1,1,74,1,7,1,4,7,20,0,11,0,01/02/2017,17:14,1.71E+11,519,0,0,0,3,1,0,0,0,0,92,,,,,,99,,,,,,98465,53,70,185,6,1,0,0,0,0,0,0,,,,,,0,,,1,0,0,1,0,9,8,,,0,0,0,8,9,2,1,0,0,1,0,0,2,1,0.19,,,,,,,,,,,,,,,,,,,,,,,,,,,,,,0,0,1,0,1,1,0,1,0,0,0,0,0,0,0,0,1,0,0,0,0,0,0,0,0,1,1,0,0,0,0,0,0,1,0,,0,0,0,0,0,1,0,1,1,0,0,0,0,1,0,1,,,,,,71-75,66-75,County road,R,Monday,Not Used,PV,White,0,1,0,0,County Road,County Sheriff,Kitsap County Sheriff's Office,1,0,1,0,0,,,,,,,,,,,,,,,,,,,,,,,,,,,,,,,,,,,,,,,,,,,
2017,5,E628691,4,01/01/2017,3:50,1,1,1,63,Spokane,2110,4,0,3,3,2,1,1,2,1,,,,9,0,0,272.4,1,0,1,3,2,1,2,0,0,0,0,US-2,,-117.5334722,47.643175,0,1,13,11,2,55,14,0,0,1,2,9,1,1,5,5,1,2,1,53,0,49,401,2004,0,0,63,9,,,,,1,1,27,2,0,0,0,0,3,0,11,0,,,,,0,0,3,3,1,87,91,0,0,93,,,,,,9,,,,,,99021,53,65,130,6,1,0,4,1,0,2,1,,,,,,0,11/15/2014,03/15/2016,20,0,0,0,8,1,1,,,0,0,0,1,1,2,402,0,0,1,0,0,2,1,0.051,,,,,,,,,,,,,,,,,,,,,,,,,,,,,,0,0,0,0,1,0,1,1,0,1,0,1,0,0,0,0,1,0,0,0,0,0,0,0,0,0,0,0,0,1,0,0,1,0,0,,0,0,0,0,1,0,1,1,1,0,0,0,0,0,0,1,,,,,,26-30,26-35,US highway,U,Sunday,Belt Used,PV,Not Fatal,0,0,0,0,State Route,State Patrol,Washington State Patrol,0,1,0,0,0,,,,,,,,,,,,,,,,,,,,,,,,,,,,,,,,,,,,,,,,,,,