year,case,par,repjur,crash_dt,crash_tm,accday,accmon,holiday,county,co_char,city,weather,weather2,lightcond,surfcond,surftype,numfatal,nmforms,pforms,vforms,not_tm,arr_tm,hosp_tm,fhevent,hitrun,manncol,milepnt,reljunc,reljuncinter,intersectiontype,funcsystem,landuse,ownership,route,schlbus,spejur,contdev,devfunc,trafid1,trafid2,x,y,wk_zone,vnumber,crashtype,criticalevent,criticaleventcat,spdlim,body,trailer,emerg,hazcargo,leave,mhevent,roadalgn,roadprof,traflane,trafflow,vehmanvr,numoccs,regowner,regstate,spuse,make,model,modelyr,vrf1,vrf2,seqevent1,seqevent2,seqevent3,seqevent4,seqevent5,seqevent6,pnumber,ptype,age,sex,hispanic,race,injury,diedscene,restraint,restraintmisuse,seatpos,takehosp,death_dt,death_tm,cert,cernum_wa,commlic,licendor,licrestrict,liccomp,drivpres,drf1,drf2,drf3,drf4,distract1,distract2,distract3,distract4,distract5,distract6,dricond1,dricond2,dricond3,dricond4,dricond5,dricond6,dzip,licstate,drhgt_in,weight,noncdl,noncdltype,prevdwi,prevoth,prevacc,prevspd,prevsus,driviol1,driviol2,driviol3,driviol4,driviol5,driviol6,spdrel,first_dt,last_dt,airbag,ejection,ejectpath,extricat,injurwrk,methalc,methdrug,nmlocat,strikveh,prf1,prf2,prf3,druginv,alcinvol,drugsts,drugres1,drugres2,drugres3,drugtst1,drugtst2,drugtst3,alcsts,alctst,alcres,nmact1,nmact2,nmact3,nmact4,nmact5,nmact6,nmprior1,nmprior2,nmprior3,nmprior4,nmprior5,nmprior6,nmcond1,nmcond2,nmcond3,nmcond4,nmcond5,nmcond6,nmsafe_helmet,nmsafe_pads,nmsafe_oth,nmprev_ref,nmprev_lgt,nmprev_oth,crashlocation,nmcrashtype,crosswalk,schoolzone,sidewalk,train_inv,wildlife_inv,rotr_fars,intersect_fars,dd_inv,aid_inv,dpd_inv,id_inv,mj_inv,impnm_inv,ainm_inv,dpnm_inv,speed_inv,unlic_inv,unendmc_inv,drowsy_inv,drdist_inv,nmdist_inv,fty_inv,unrestfat_inv,dr1617_inv,dr1820_inv,dr1620_inv,dr2125_inv,dr1625_inv,dr65_inv,dr70_inv,dr75_inv,mc_inv,pv_inv,ht_inv,ped_inv,bike_inv,unrest_fat,mc_fat,unhelmet_mc,pv_fat,ht_fat,ped_fat,bike_fat,dr_alc7,dr_alc8,dr_drug,dr_imp,dr_dist,dr_spd,dr_fty,dr_unlic,dr_alc7only,dr_alc8only,dr_drugonly,dr_drink,nm_imp,nm_alc7,nm_alc8,nm_drug,nm_dist,agegrp1,agegrp2,roadclass,urbrur,dayweek,restuse,vehtype,race_me,intersect,lanedep,oppdir,wrongway,rep_typ,investag,repag_long,rotr,st_rd,cty_rd,city_rd,oth_rd,drug_thc,thc_res,drug_cthc,cthc_res,drug_cann,prevpersemin,prevperse,prevsusoth,drugtst4,drugtst5,drugtst6,drugtst7,drugtst8,drugres4,drugres5,drugres6,drugres7,drugres8,adspresent,adsengaged,adslevel,race1,race2,race3,race4,race5,helmet,helmetmisuse,nmdistract1,nmdistract2,nmdistract3,nmdistract4,nmdistract5,nmdistract6,lab,isedtcase,crf1,crf2,crf3,CoRoadName,CoMP,IntCoRoadName,IntCoMP
2017,1,E628946,2,01/01/2017,2:12,1,1,1,61,Snohomish,0,3,0,2,4,2,1,0,2,1,,,,1,0,0,199.2,1,0,1,1,2,1,1,0,0,0,0,I-5,,-122.1756167,48.02354722,0,1,2,6,1,60,34,0,0,1,2,3,1,1,3,3,1,2,2,53,0,7,482,2001,0,0,63,1,3,,,,1,1,26,1,1,1,4,7,3,0,11,0,01/01/2017,2:41,1.28E+11,35,0,0,0,0,1,87,0,0,0,96,,,,,,9,,,,,,98204,53,71,260,0,0,0,0,0,0,0,0,,,,,,4,,,20,0,0,0,0,1,8,,,0,0,0,8,1,2,417,0,0,1,0,0,2,1,0.056,,,,,,,,,,,,,,,,,,,,,,,,,,,,,,0,0,0,0,1,0,1,1,0,0,0,0,1,1,0,0,0,0,0,0,0,0,0,0,0,0,0,0,0,0,0,0,0,0,0,,0,0,0,0,1,0,1,1,0,1,0,1,0,0,0,1,,,,,,26-30,26-35,Interstate,U,Sunday,Belt Used,PV,Hispanic,0,1,0,0,State Route,State Patrol,Washington State Patrol,1,1,0,0,0,,,,,,,,,,,,,,,,,,,,,,,,,,,,,,,,,,,,,,,,,,,
2017,7,E629178,5,01/06/2017,18:48,6,1,0,41,Lewis,300,1,0,2,1,2,1,1,2,1,18:50,18:53,,8,0,0,82,1,0,1,1,2,1,1,0,0,0,0,I-5,,-122.9751333,46.70995833,0,1,13,80,5,60,14,0,0,1,2,8,1,1,2,3,1,2,1,53,0,24,401,2006,0,0,8,,,,,,1,1,19,2,0,0,0,0,3,0,11,0,,,,,0,0,0,3,1,0,0,0,0,0,,,,,,0,,,,,,98632,53,62,110,6,1,0,0,0,1,0,0,,,,,,0,05/15/2014,05/15/2014,20,0,0,0,8,9,8,,,0,0,0,8,0,0,0,0,0,0,0,0,0,0,996,,,,,,,,,,,,,,,,,,,,,,,,,,,,,,0,0,0,0,0,0,0,0,0,1,0,1,0,0,0,0,0,0,0,0,0,1,1,0,1,0,0,0,0,1,0,1,0,0,0,,0,0,0,0,0,0,0,0,0,0,0,0,0,0,0,0,,,,,,18-20,16-25,Interstate,U,Friday,Belt Used,PV,Not Fatal,0,0,0,0,State Route,State Patrol,Washington State Patrol,0,1,0,0,0,,,,,,,,,,,,,,,,,,,,,,,,,,,,,,,,,,,,,,,,,,,
2017,8,E629981,6,01/07/2017,14:12,7,1,0,37,Kittitas,0,4,0,1,3,1,1,0,8,3,,,,12,0,1,77.4,1,0,1,1,1,1,1,0,0,0,0,I-90,,-121.0397611,47.18249167,0,1,28,52,3,70,14,0,0,1,2,12,3,1,2,3,2,5,2,53,0,12,401,1996,0,0,12,63,25,1,12,,1,1,21,1,0,0,3,0,3,0,11,5,,,,,0,0,0,3,1,0,0,0,0,96,,,,,,0,,,,,,98311,53,76,200,6,1,0,0,1,0,0,23,,,,,,4,06/15/2012,06/15/2012,20,0,0,0,8,9,8,,,0,0,0,8,0,2,1,0,0,1,0,0,2,1,0,,,,,,,,,,,,,,,,,,,,,,,,,,,,,,0,0,0,0,0,0,0,0,0,0,0,0,1,0,0,0,0,0,0,0,0,0,0,1,1,0,0,0,0,1,0,0,0,0,0,,0,0,0,0,0,0,0,0,0,1,0,0,0,0,0,0,,,,,,21-25,16-25,Interstate,R,Saturday,Belt Used,PV,Not Fatal,0,0,0,0,State Route,State Patrol,Washington State Patrol,0,1,0,0,0,,,,,,,,,,,,,,,,,,,,,,,,,,,,,,,,,,,,,,,,,,,
2017,8,E629981,6,01/07/2017,14:12,7,1,0,37,Kittitas,0,4,0,1,3,1,1,0,8,3,,,,12,0,1,77.4,1,0,1,1,1,1,1,0,0,0,0,I-90,,-121.0397611,47.18249167,0,3,29,53,3,70,4,0,0,1,2,12,3,1,2,3,2,1,2,53,0,6,18,2015,0,0,12,12,,,,,1,1,42,2,0,0,3,0,3,0,11,8,,,,,0,0,0,3,1,0,0,0,0,0,,,,,,0,,,,,,98922,53,62,120,6,1,0,0,0,1,0,0,,,,,,0,05/15/2014,05/15/2014,20,0,0,0,8,9,8,,,0,0,0,8,0,0,0,0,0,0,0,0,0,0,996,,,,,,,,,,,,,,,,,,,,,,,,,,,,,,0,0,0,0,0,0,0,0,0,0,0,0,1,0,0,0,0,0,0,0,0,0,0,1,1,0,0,0,0,1,0,0,0,0,0,,0,0,0,0,0,0,0,0,0,0,0,0,0,0,0,0,,,,,,41-45,36-45,Interstate,R,Saturday,Belt Used,PV,Not Fatal,0,0,0,0,State Route,State Patrol,Washington State Patrol,0,1,0,0,0,,,,,,,,,,,,,,,,,,,,,,,,,,,,,,,,,,,,,,,,,,,
2017,8,E629981,6,01/07/2017,14:12,7,1,0,37,Kittitas,0,4,0,1,3,1,1,0,8,3,,,,12,0,1,77.4,1,0,1,1,1,1,1,0,0,0,0,I-90,,-121.0397611,47.18249167,0,2,98,50,3,70,34,1,0,1,2,12,3,1,2,3,2,2,1,53,0,23,481,2009,0,0,12,12,63,25,64,48,1,1,24,1,0,0,2,0,3,0,11,0,,,,,6,0,0,3,1,0,0,0,0,96,,,,,,0,,,,,,98934,53,68,160,6,1,0,1,0,3,0,0,,,,,,4,08/15/2013,01/15/2015,1,0,0,0,8,9,8,,,0,0,0,8,0,2,1,0,0,1,0,0,2,1,0,,,,,,,,,,,,,,,,,,,,,,,,,,,,,,0,0,0,0,0,0,0,0,0,0,0,0,1,0,0,0,0,0,0,0,0,0,0,1,1,0,0,0,0,1,0,0,0,0,0,,0,0,0,0,0,0,0,0,0,1,0,0,0,0,0,0,,,,,,21-25,16-25,Interstate,R,Saturday,Belt Used,PV,Not Fatal,0,0,0,0,State Route,State Patrol,Washington State Patrol,0,1,0,0,0,,,,,,,,,,,,,,,,,,,,,,,,,,,,,,,,,,,,,,,,,,,
2017,11,E630209,40,01/07/2017,9:39,7,1,0,63,Spokane,0,1,0,1,4,2,2,0,2,1,,,,10,0,0,2.7,6,0,1,5,1,2,4,0,0,65,3,CR-S BROOKS RD,,-117.6902167,47.625875,0,1,15,17,2,45,34,0,0,1,2,10,1,1,2,1,1,2,2,53,0,7,482,2002,0,0,10,,,,,,1,1,45,2,1,1,4,7,99,0,11,0,01/07/2017,9:39,53001035,1035,0,0,0,3,1,39,0,0,0,96,,,,,,99,,,,,,99011,53,64,145,6,1,0,0,0,1,0,0,,,,,,0,09/15/2014,09/15/2014,20,0,0,0,0,9,8,,,0,0,0,8,9,2,1,0,0,1,0,0,2,1,0,,,,,,,,,,,,,,,,,,,,,,,,,,,,,,1,0,0,0,0,0,0,0,0,0,0,0,0,0,0,0,0,0,0,0,0,0,0,0,0,0,0,0,0,0,0,0,0,0,0,,0,0,0,0,0,0,0,0,0,0,0,0,0,0,0,0,,,,,,41-45,36-45,County road,R,Saturday,Unknown,PV,Hispanic,1,0,0,0,County Road,County Sheriff,Spokane County Sheriff's Office,0,0,1,0,0,,,,,,,,,,,,,,,,,,,,,,,,,,,,,,,,,,,,,,,,,,,
2017,13,E630362,42,01/09/2017,6:51,9,1,0,67,Thurston,0,1,0,2,4,2,1,0,2,1,,,,38,0,0,1.1,1,0,1,5,1,2,4,0,3,0,0,CR-RESERVATION RD,,-122.6971917,47.02611111,0,1,2,6,1,50,21,0,0,1,5,1,1,1,2,1,6,2,1,53,0,12,461,2002,0,0,68,68,63,38,1,,1,1,32,1,0,0,3,0,3,0,11,1,,,,,0,0,3,2,1,0,0,0,0,96,,,,,,0,,,,,,98597,53,62,120,1,1,1,0,0,1,2,97,,,,,,4,06/15/2016,12/15/2016,20,0,0,0,8,9,8,,,0,0,0,8,0,0,0,0,0,0,0,0,0,0,996,,,,,,,,,,,,,,,,,,,,,,,,,,,,,,0,0,0,0,0,0,0,0,0,0,0,0,1,1,0,0,0,0,0,0,0,0,0,0,0,0,0,0,0,1,0,0,0,0,0,,0,0,0,0,0,0,0,0,0,1,0,1,0,0,0,0,,,,,,31-35,26-35,County road,R,Monday,Belt Used,PV,Not Fatal,0,1,0,0,County Road,County Sheriff,Thurston County Sheriff's Office,1,0,1,0,0,,,,,,,,,,,,,,,,,,,,,,,,,,,,,,,,,,,,,,,,,,,
2017,14,E631092,83,01/06/2017,6:01,6,1,0,41,Lewis,310,1,0,2,1,2,1,1,1,1,6:03,6:19,,8,0,0,0,3,0,2,3,2,4,6,0,0,0,0,S MARKET BLVD,4TH ST,-122.96055,46.65916389,0,1,13,80,5,25,6,0,0,1,2,8,1,1,3,5,1,1,2,53,0,53,33,2006,0,0,8,,,,,,1,1,22,2,0,0,0,0,3,0,11,0,,,,,0,0,0,3,1,0,0,0,0,93,,,,,,0,,,,,,98532,53,63,180,6,1,0,0,0,1,0,97,,,,,,0,12/15/2014,12/15/2014,20,0,0,0,8,3,2,,,0,0,0,0,0,0,0,0,0,0,0,0,0,0,996,,,,,,,,,,,,,,,,,,,,,,,,,,,,,,0,0,0,1,0,0,0,0,0,0,0,0,0,0,0,0,1,0,0,0,0,0,0,1,1,0,0,0,0,1,0,1,0,0,0,,0,0,0,0,0,0,0,0,1,0,0,0,0,0,0,0,,,,,,21-25,16-25,City street,U,Friday,Belt Used,PV,Not Fatal,1,0,0,0,City Street,Municipal/City Police,Chehalis Police Department,0,0,0,1,0,,,,,,,,,,,,,,,,,,,,,,,,,,,,,,,,,,,,,,,,,,,
2017,12,E631317,7,01/11/2017,2:05,11,1,0,33,King,1960,1,0,3,1,1,1,0,4,2,2:07,2:28,2:53,12,0,2,161.5,1,0,1,1,2,1,1,0,0,0,0,I-5,,-122.3091917,47.54683611,0,1,50,54,3,60,15,0,0,1,2,12,1,1,5,3,1,1,2,53,0,12,422,1998,0,0,12,,,,,,1,1,46,2,7,1,4,7,3,0,11,0,01/11/2017,2:05,1.96E+11,2599,0,0,0,2,1,51,0,0,0,96,,,,,,9,,,,,,97401,41,63,120,1,1,0,0,0,0,2,0,,,,,,0,03/15/2012,03/15/2012,1,0,0,0,0,9,8,,,0,0,0,8,1,2,1,0,0,1,0,0,2,1,0.21,,,,,,,,,,,,,,,,,,,,,,,,,,,,,,0,0,0,0,1,1,0,1,0,0,0,0,0,1,0,0,0,0,0,0,0,0,0,0,0,0,0,0,0,1,1,0,0,0,0,,1,0,0,0,0,1,0,1,0,0,0,1,0,1,0,1,,,,,,46-50,46-55,Interstate,U,Wednesday,Belt Used,PV,White,0,0,0,1,State Route,State Patrol,Washington State Patrol,0,1,0,0,0,,,,,,,,,,,,,,,,,,,,,,,,,,,,,,,,,,,,,,,,,,,
2017,12,E631317,7,01/11/2017,2:05,11,1,0,33,King,1960,1,0,3,1,1,1,0,4,2,2:07,2:28,2:53,12,0,2,161.5,1,0,1,1,2,1,1,0,0,0,0,I-5,,-122.3091917,47.54683611,0,2,51,54,3,60,61,0,0,1,2,12,1,1,5,3,1,3,3,53,6,20,870,2013,0,0,12,,,,,,1,1,29,1,0,0,2,0,3,0,11,4,,,,,0,0,0,3,1,0,0,0,0,0,,,,,,0,,,,,,98117,53,68,200,6,1,0,0,2,1,0,0,,,,,,0,04/15/2012,04/15/2014,1,0,0,0,8,9,8,,,0,0,0,8,0,0,0,0,0,0,0,0,0,0,996,,,,,,,,,,,,,,,,,,,,,,,,,,,,,,0,0,0,0,1,1,0,1,0,0,0,0,0,1,0,0,0,0,0,0,0,0,0,0,0,0,0,0,0,1,1,0,0,0,0,,0,0,0,0,0,0,0,0,0,0,0,0,0,0,0,0,,,,,,26-30,26-35,Interstate,U,Wednesday,,MHTRUCK,Not Fatal,0,0,0,1,State Route,State Patrol,Washington State Patrol,0,1,0,0,0,,,,,,,,,,,,,,,,,,,,,,,,,,,,,,,,,,,,,,,,,,,
2017,166,E631361,290,01/12/2017,15:20,12,1,0,53,Pierce,2230,1,0,1,1,2,1,0,1,1,15:21,15:52,16:10,33,0,0,0,3,0,2,3,2,4,6,0,0,0,0,N 21ST ST,FERDINAND,-122.5023278,47.26735278,0,1,6,12,2,30,4,0,0,1,5,1,1,2,2,3,1,1,1,53,0,49,32,2003,0,0,64,33,25,1,,,1,1,84,2,7,58,4,0,3,0,11,5,01/19/2017,0:55,2.23E+11,3210,0,0,3,3,1,0,0,0,0,93,,,,,,0,,,,,,98407,53,61,130,6,1,0,0,0,0,0,0,,,,,,0,,,1,0,0,0,0,9,8,,,0,0,0,8,0,0,0,0,0,0,0,0,0,0,996,,,,,,,,,,,,,,,,,,,,,,,,,,,,,,0,0,1,1,0,0,0,0,0,0,0,0,0,0,0,0,1,0,0,0,0,0,0,0,0,1,1,1,0,1,0,0,0,0,0,,1,0,0,0,0,0,0,0,1,0,0,0,0,0,0,0,,,,,,81+,76+,City street,U,Thursday,Belt Used,PV,API,0,1,0,0,City Street,Municipal/City Police,Tacoma Police Department,1,0,0,1,0,,,,,,,,,,,,,,,,,,,,,,,,,,,,,,,,,,,,,,,,,,,
2017,15,E631425,35,01/11/2017,20:23,11,1,0,53,Pierce,0,1,0,3,1,2,1,0,1,1,,,,1,0,0,6.2,1,0,1,3,2,2,4,0,0,0,0,CR-CANYON RD E,104TH ST E,-122.3571611,47.16114167,0,1,98,51,3,35,34,0,0,1,2,1,1,1,4,1,1,1,1,53,0,12,481,1989,0,0,68,68,1,,,,1,1,24,1,7,1,4,7,20,0,11,0,01/11/2017,20:23,53002017,2017,0,0,3,2,1,28,0,0,0,96,,,,,,9,,,,,,98373,53,65,155,1,1,2,7,2,3,9,0,,,,,,3,02/15/2012,09/15/2016,20,2,9,0,0,1,8,,,0,0,0,8,1,2,1,0,0,1,0,0,2,1,0.38,,,,,,,,,,,,,,,,,,,,,,,,,,,,,,0,0,0,0,1,1,0,1,0,0,0,0,1,1,0,0,0,0,0,0,0,0,0,1,1,0,0,0,0,0,0,0,0,1,0,,0,0,0,0,0,1,0,1,0,1,0,1,0,1,0,1,,,,,,21-25,16-25,County road,U,Wednesday,Not Used,PV,White,1,0,0,0,County Road,County Sheriff,Law Enforcement Support Agency,0,0,1,0,0,,,,,,,,,,,,,,,,,,,,,,,,,,,,,,,,,,,,,,,,,,,
2017,35,E631434,305,01/11/2017,17:00,11,1,0,11,Clark,2370,4,0,3,4,2,1,2,1,1,,,,8,1,0,0,2,0,3,4,2,4,6,0,0,2,3,SE 10TH ST,SE NANCY RD,-122.5551722,45.61434167,0,1,13,16,2,98,99,0,0,1,5,8,1,2,4,1,10,99,9,99,0,99,999,9999,0,0,8,8,,,,,1,1,999,9,0,0,0,0,99,0,11,0,,,,,99,9,9,9,1,87,0,0,0,96,,,,,,99,,,,,,99999,99,,999,9,9,99,99,99,99,99,97,,,,,,4,,,99,0,0,0,8,9,8,,,0,0,0,8,9,9,999,0,0,9,0,0,9,99,999,,,,,,,,,,,,,,,,,,,,,,,,,,,,,,0,0,0,1,0,0,0,0,0,0,0,0,1,0,0,0,0,0,0,0,0,0,0,0,0,0,0,0,0,0,0,1,0,0,0,,0,0,0,0,0,0,0,0,0,1,0,0,0,0,0,0,,,,,,,,City street,U,Wednesday,,NR-U,Not Fatal,1,0,0,0,City Street,Municipal/City Police,Vancouver Police Department,0,0,0,1,0,,,,,,,,,,,,,,,,,,,,,,,,,,,,,,,,,,,,,,,,,,,
2017,18,E631960,2,01/13/2017,18:40,13,1,2,73,Whatcom,150,1,0,3,1,2,1,0,8,3,,,,12,0,1,0.3,3,0,2,3,2,1,3,0,0,0,0,SR-543,BOBLETT ST,-122.7349472,48.99055,0,1,20,50,3,45,66,1,0,1,2,12,1,1,4,1,1,2,9,95,0,51,881,2016,0,0,12,,,,,,1,1,32,1,0,0,0,0,3,0,11,0,,,,,99,9,9,9,1,0,0,0,0,96,,,,,,0,,,,,,0,95,,999,9,9,99,99,99,99,99,97,,,,,,4,,,20,0,0,0,8,9,8,,,0,0,0,8,0,2,1,0,0,1,0,0,2,1,0,,,,,,,,,,,,,,,,,,,,,,,,,,,,,,0,0,0,1,0,0,1,1,0,0,0,0,1,0,0,0,0,0,0,0,0,0,0,0,0,0,0,0,0,1,1,0,0,0,0,,0,0,0,0,0,0,0,0,0,1,0,0,0,0,0,0,,,,,,31-35,26-35,State route,U,Friday,,MHTRUCK,Not Fatal,1,0,0,0,State Route,State Patrol,Washington State Patrol,0,1,0,0,0,,,,,,,,,,,,,,,,,,,,,,,,,,,,,,,,,,,,,,,,,,,
2017,18,E631960,2,01/13/2017,18:40,13,1,2,73,Whatcom,150,1,0,3,1,2,1,0,8,3,,,,12,0,1,0.3,3,0,2,3,2,1,3,0,0,3,3,SR-543,BOBLETT ST,-122.7349472,48.99055,0,2,21,50,3,45,34,0,0,1,2,12,1,1,5,1,5,1,9,95,0,49,472,2003,0,0,12,12,,,,,1,1,40,1,7,7,4,0,3,0,11,4,01/18/2017,1:40,11053002855,2855,99,9,9,9,1,0,0,0,0,0,,,,,,0,,,,,,0,95,,999,9,9,99,99,99,99,99,0,,,,,,0,,,1,0,0,0,0,9,8,,,0,0,0,8,9,2,522,996,0,1,1,0,2,1,0,,,,,,,,,,,,,,,,,,,,,,,,,,,,,,0,0,0,1,0,0,1,1,0,0,0,0,1,0,0,0,0,0,0,0,0,0,0,0,0,0,0,0,0,1,1,0,0,0,0,,0,0,0,0,0,0,1,1,0,0,0,0,0,0,1,0,,,,,,36-40,36-45,State route,U,Friday,Belt Used,PV,API,1,0,0,0,State Route,State Patrol,Washington State Patrol,0,1,0,0,0,,,,,,,,,,,,,,,,,,,,,,,,,,,,,,,,,,,,,,,,,,,
2017,18,E631960,2,01/13/2017,18:40,13,1,2,73,Whatcom,150,1,0,3,1,2,1,0,8,3,,,,12,0,1,0.3,3,0,2,3,2,1,3,0,0,3,3,SR-543,BOBLETT ST,-122.7349472,48.99055,0,3,98,50,3,45,15,0,0,1,2,12,1,1,5,1,5,5,3,53,0,20,421,2008,0,0,12,,,,,,1,1,34,1,0,0,1,0,3,0,11,4,,,,,0,0,0,3,1,0,0,0,0,0,,,,,,0,,,,,,98248,53,72,200,6,1,0,0,0,0,0,0,,,,,,0,,,20,0,0,0,8,9,8,,,0,0,0,8,0,0,0,0,0,0,0,0,0,0,996,,,,,,,,,,,,,,,,,,,,,,,,,,,,,,0,0,0,1,0,0,1,1,0,0,0,0,1,0,0,0,0,0,0,0,0,0,0,0,0,0,0,0,0,1,1,0,0,0,0,,0,0,0,0,0,0,0,0,0,0,0,0,0,0,0,0,,,,,,31-35,26-35,State route,U,Friday,Belt Used,PV,Not Fatal,1,0,0,0,State Route,State Patrol,Washington State Patrol,0,1,0,0,0,,,,,,,,,,,,,,,,,,,,,,,,,,,,,,,,,,,,,,,,,,,
2017,10,E632128,8,01/08/2017,19:05,8,1,0,45,Mason,0,2,0,2,2,2,1,0,2,2,,,,12,0,2,15.3,1,0,1,3,1,1,3,0,0,0,0,SR-3,,-122.9179833,47.31120556,0,2,51,62,4,55,2,0,0,1,2,12,4,1,2,1,14,1,1,53,0,24,2,2000,0,0,12,,,,,,1,1,18,2,7,1,4,7,99,0,11,0,01/08/2017,19:05,53001160,1160,0,0,0,3,1,0,0,0,0,0,,,,,,9,,,,,,98541,53,68,135,6,1,0,1,0,0,0,0,,,,,,0,07/15/2015,07/15/2015,1,0,0,0,0,1,1,,,0,0,0,1,0,2,402,605,0,1,1,0,2,1,0,,,,,,,,,,,,,,,,,,,,,,,,,,,,,,0,0,0,0,0,0,1,1,1,0,0,0,0,0,0,0,0,0,0,0,0,1,1,1,1,0,0,0,0,1,0,0,0,0,0,,1,0,0,0,0,0,1,1,0,0,0,0,0,0,1,0,,,,,,18-20,16-25,State route,R,Sunday,Unknown,PV,White,0,1,1,0,State Route,State Patrol,Washington State Patrol,0,1,0,0,0,thc,9.3,carboxy-thc,18,,,,,,,,,,,,,,,,,,,,,,,,,,,,,,,,,,,,,,,
2017,10,E632128,8,01/08/2017,19:05,8,1,0,45,Mason,0,2,0,2,2,2,1,0,2,2,,,,12,0,2,15.3,1,0,1,3,1,1,3,0,0,0,0,SR-3,,-122.9179833,47.31120556,0,1,50,10,2,55,34,0,0,1,2,12,4,1,2,1,6,1,1,51,0,7,482,2005,0,0,68,12,,,,,1,1,23,1,0,0,1,0,3,0,11,6,,,,,0,0,0,3,1,28,0,0,0,96,,,,,,0,,,,,,98584,53,74,160,6,1,0,0,0,1,0,97,,,,,,0,07/15/2013,07/15/2013,1,0,0,0,8,9,8,,,0,0,0,8,0,2,1,0,0,1,0,0,2,1,0,,,,,,,,,,,,,,,,,,,,,,,,,,,,,,0,0,0,0,0,0,1,1,1,0,0,0,0,0,0,0,0,0,0,0,0,1,1,1,1,0,0,0,0,1,0,0,0,0,0,,0,0,0,0,0,0,0,0,0,0,0,0,0,0,0,0,,,,,,21-25,16-25,State route,R,Sunday,Belt Used,PV,Not Fatal,0,1,1,0,State Route,State Patrol,Washington State Patrol,0,1,0,0,0,,,,,,,,,,,,,,,,,,,,,,,,,,,,,,,,,,,,,,,,,,,
2017,9,E632204,4,01/08/2017,16:39,8,1,0,1,Adams,0,3,0,2,4,2,1,0,2,2,16:35,17:11,18:33,12,0,2,69.9,1,0,1,3,1,1,3,0,0,0,0,SR-26,,-118.576325,46.79465,0,2,51,62,4,65,14,0,0,1,2,12,1,1,2,1,1,1,1,53,0,12,401,2016,0,0,12,,,,,,1,1,60,1,0,0,0,0,3,0,11,0,,,,,0,0,3,3,1,0,0,0,0,0,,,,,,0,,,,,,98012,53,68,170,6,1,0,0,0,1,0,0,,,,,,0,04/15/2015,04/15/2015,8,0,0,0,8,3,2,,,0,0,0,0,0,0,0,0,0,0,0,0,0,0,996,,,,,,,,,,,,,,,,,,,,,,,,,,,,,,0,0,0,0,0,0,0,0,0,0,0,0,0,0,0,0,0,0,0,0,0,1,1,0,1,0,0,0,0,1,0,0,0,0,0,,0,0,0,0,0,0,0,0,0,0,0,0,0,0,0,0,,,,,,56-60,56-65,State route,R,Sunday,Belt Used,PV,Not Fatal,0,1,1,0,State Route,State Patrol,Washington State Patrol,0,1,0,0,0,,,,,,,,,,,,,,,,,,,,,,,,,,,,,,,,,,,,,,,,,,,
2017,9,E632204,4,01/08/2017,16:39,8,1,0,1,Adams,0,3,0,2,4,2,1,0,2,2,16:35,17:11,18:33,12,0,2,69.9,1,0,1,3,1,1,3,0,0,0,0,SR-26,,-118.576325,46.79465,0,1,50,10,2,65,4,0,0,1,2,12,1,1,2,1,1,1,2,53,0,54,35,2003,0,0,68,12,,,,,1,1,20,2,7,1,4,0,3,0,11,4,01/08/2017,18:39,1.87E+11,2201,0,0,0,3,1,28,0,0,0,96,,,,,,0,,,,,,98296,53,71,175,6,1,0,0,0,0,0,0,,,,,,0,,,8,0,0,0,0,9,8,,,0,0,0,8,0,2,1,0,0,1,0,0,2,1,0,,,,,,,,,,,,,,,,,,,,,,,,,,,,,,0,0,0,0,0,0,0,0,0,0,0,0,0,0,0,0,0,0,0,0,0,1,1,0,1,0,0,0,0,1,0,0,0,0,0,,1,0,0,0,0,0,0,0,0,0,0,0,0,0,0,0,,,,,,18-20,16-25,State route,R,Sunday,Belt Used,PV,White,0,1,1,0,State Route,State Patrol,Washington State Patrol,0,1,0,0,0,,,,,,,,,,,,,,,,,,,,,,,,,,,,,,,,,,,,,,,,,,,
2017,16,E632347,6,01/14/2017,3:40,14,1,2,37,Kittitas,0,1,0,2,1,2,1,0,3,2,,,,12,0,1,101.5,1,0,1,1,1,1,1,0,0,0,0,I-90,,-120.6309167,47.04091111,0,2,25,53,3,60,66,1,0,1,5,12,2,1,2,3,14,2,3,18,0,82,881,2004,0,0,12,,,,,,1,1,49,1,0,0,0,0,3,0,11,0,,,,,6,3,0,3,1,0,0,0,0,0,,,,,,0,,,,,,85215,4,73,210,6,1,0,0,0,0,0,0,,,,,,0,,,20,0,0,0,8,3,2,,,0,0,0,0,0,0,0,0,0,0,0,0,0,0,996,,,,,,,,,,,,,,,,,,,,,,,,,,,,,,0,0,0,0,1,1,0,1,0,0,0,0,0,0,0,0,0,0,0,1,0,0,0,1,1,0,0,0,0,1,1,0,0,0,0,,0,0,0,0,0,0,0,0,0,0,0,0,0,0,0,0,,,,,,46-50,46-55,Interstate,R,Saturday,,MHTRUCK,Not Fatal,0,0,0,0,State Route,State Patrol,Washington State Patrol,0,1,0,0,0,,,,,,,,,,,,,,,,,,,,,,,,,,,,,,,,,,,,,,,,,,,
2017,16,E632347,6,01/14/2017,3:40,14,1,2,37,Kittitas,0,1,0,2,1,2,1,0,3,2,,,,12,0,1,101.5,1,0,1,1,1,1,1,0,0,0,0,I-90,,-120.6309167,47.04091111,0,1,24,51,3,70,4,0,0,1,2,12,2,1,2,3,14,1,2,53,0,48,38,2004,0,0,12,63,24,,,,1,1,21,2,7,1,4,7,20,0,11,0,01/14/2017,3:40,53003090,3090,0,0,0,3,1,26,0,0,0,96,,,,,,9,,,,,,98922,53,66,114,6,1,0,0,2,5,0,0,,,,,,0,08/15/2012,03/15/2016,1,0,0,0,0,1,8,,,0,0,0,8,1,2,1,0,0,1,0,0,2,1,0.11,,,,,,,,,,,,,,,,,,,,,,,,,,,,,,0,0,0,0,1,1,0,1,0,0,0,0,0,0,0,0,0,0,0,1,0,0,0,1,1,0,0,0,0,1,1,0,0,1,0,,1,0,0,0,0,1,0,1,0,0,0,0,0,1,0,1,,,,,,21-25,16-25,Interstate,R,Saturday,Not Used,PV,White,0,0,0,0,State Route,State Patrol,Washington State Patrol,0,1,0,0,0,,,,,,,,,,,,,,,,,,,,,,,,,,,,,,,,,,,,,,,,,,,