year,case,par,repjur,crash_dt,crash_tm,accday,accmon,holiday,county,co_char,city,weather,weather2,lightcond,surfcond,surftype,numfatal,nmforms,pforms,vforms,not_tm,arr_tm,hosp_tm,fhevent,hitrun,manncol,milepnt,reljunc,reljuncinter,intersectiontype,funcsystem,landuse,ownership,route,schlbus,spejur,contdev,devfunc,trafid1,trafid2,x,y,wk_zone,vnumber,crashtype,criticalevent,criticaleventcat,spdlim,body,trailer,emerg,hazcargo,leave,mhevent,roadalgn,roadprof,traflane,trafflow,vehmanvr,numoccs,regowner,regstate,spuse,make,model,modelyr,vrf1,vrf2,seqevent1,seqevent2,seqevent3,seqevent4,seqevent5,seqevent6,pnumber,ptype,age,sex,hispanic,race,injury,diedscene,restraint,restraintmisuse,seatpos,takehosp,death_dt,death_tm,cert,cernum_wa,commlic,licendor,licrestrict,liccomp,drivpres,drf1,drf2,drf3,drf4,distract1,distract2,distract3,distract4,distract5,distract6,dricond1,dricond2,dricond3,dricond4,dricond5,dricond6,dzip,licstate,drhgt_in,weight,noncdl,noncdltype,prevdwi,prevoth,prevacc,prevspd,prevsus,driviol1,driviol2,driviol3,driviol4,driviol5,driviol6,spdrel,first_dt,last_dt,airbag,ejection,ejectpath,extricat,injurwrk,methalc,methdrug,nmlocat,strikveh,prf1,prf2,prf3,druginv,alcinvol,drugsts,drugres1,drugres2,drugres3,drugtst1,drugtst2,drugtst3,alcsts,alctst,alcres,nmact1,nmact2,nmact3,nmact4,nmact5,nmact6,nmprior1,nmprior2,nmprior3,nmprior4,nmprior5,nmprior6,nmcond1,nmcond2,nmcond3,nmcond4,nmcond5,nmcond6,nmsafe_helmet,nmsafe_pads,nmsafe_oth,nmprev_ref,nmprev_lgt,nmprev_oth,crashlocation,nmcrashtype,crosswalk,schoolzone,sidewalk,train_inv,wildlife_inv,rotr_fars,intersect_fars,dd_inv,aid_inv,dpd_inv,id_inv,mj_inv,impnm_inv,ainm_inv,dpnm_inv,speed_inv,unlic_inv,unendmc_inv,drowsy_inv,drdist_inv,nmdist_inv,fty_inv,unrestfat_inv,dr1617_inv,dr1820_inv,dr1620_inv,dr2125_inv,dr1625_inv,dr65_inv,dr70_inv,dr75_inv,mc_inv,pv_inv,ht_inv,ped_inv,bike_inv,unrest_fat,mc_fat,unhelmet_mc,pv_fat,ht_fat,ped_fat,bike_fat,dr_alc7,dr_alc8,dr_drug,dr_imp,dr_dist,dr_spd,dr_fty,dr_unlic,dr_alc7only,dr_alc8only,dr_drugonly,dr_drink,nm_imp,nm_alc7,nm_alc8,nm_drug,nm_dist,agegrp1,agegrp2,roadclass,urbrur,dayweek,restuse,vehtype,race_me,intersect,lanedep,oppdir,wrongway,rep_typ,investag,repag_long,rotr,st_rd,cty_rd,city_rd,oth_rd,drug_thc,thc_res,drug_cthc,cthc_res,drug_cann,prevpersemin,prevperse,prevsusoth,drugtst4,drugtst5,drugtst6,drugtst7,drugtst8,drugres4,drugres5,drugres6,drugres7,drugres8,adspresent,adsengaged,adslevel,race1,race2,race3,race4,race5,helmet,helmetmisuse,nmdistract1,nmdistract2,nmdistract3,nmdistract4,nmdistract5,nmdistract6,lab,isedtcase,crf1,crf2,crf3,CoRoadName,CoMP,IntCoRoadName,IntCoMP
2017,29,E636762,122,01/25/2017,6:52,25,1,0,61,Snohomish,690,1,0,3,1,2,1,1,1,1,,,,8,0,0,0,1,0,1,3,2,4,6,0,0,0,0,SEAWAY BLVD,,-122.2673083,47.93705833,0,1,1,13,2,98,6,0,0,1,5,8,1,2,2,1,1,1,1,53,0,6,52,2002,0,0,63,8,40,,,,1,1,55,2,0,0,0,0,3,0,11,0,,,,,0,0,3,3,1,0,0,0,0,92,,,,,,99,,,,,,98020,53,65,250,6,1,0,0,0,0,0,0,,,,,,0,,,20,0,0,0,8,9,8,,,0,0,0,8,9,0,0,0,0,0,0,0,0,0,996,,,,,,,,,,,,,,,,,,,,,,,,,,,,,,0,0,1,0,0,0,0,0,0,1,0,1,0,0,0,0,1,0,0,0,0,0,0,0,0,0,0,0,0,1,0,1,0,0,0,,0,0,0,0,0,0,0,0,1,0,0,0,0,0,0,0,,,,,,51-55,46-55,City street,U,Wednesday,Belt Used,PV,Not Fatal,0,0,0,0,City Street,Municipal/City Police,Everett Police Department,0,0,0,1,0,,,,,,,,,,,,,,,,,,,,,,,,,,,,,,,,,,,,,,,,,,,
2017,28,E636871,1,01/22/2017,14:46,22,1,0,5,Benton,2475,1,0,1,1,2,1,0,2,2,,,,12,0,6,5.1,2,0,2,5,2,1,3,0,0,0,0,SR-224,KEENE RD,-119.3892361,46.28617222,0,2,88,66,4,55,34,1,0,1,2,12,8,8,5,1,1,1,1,53,0,12,481,1999,0,0,12,,,,,,1,1,52,2,0,0,1,0,3,0,11,4,,,,,0,0,0,3,1,0,0,0,0,0,,,,,,0,,,,,,98849,53,67,160,6,1,0,0,0,0,0,0,,,,,,0,,,20,0,0,0,8,9,8,,,0,0,0,8,0,2,1,0,0,1,0,0,2,1,0,,,,,,,,,,,,,,,,,,,,,,,,,,,,,,0,0,0,1,0,0,0,0,0,0,0,0,0,0,0,0,0,0,1,0,0,0,0,0,0,0,0,0,0,1,0,0,0,0,0,,0,0,0,0,0,0,0,0,0,0,0,0,0,0,0,0,,,,,,51-55,46-55,State route,U,Sunday,Belt Used,PV,Not Fatal,1,0,0,0,State Route,State Patrol,Washington State Patrol,0,1,0,0,0,,,,,,,,,,,,,,,,,,,,,,,,,,,,,,,,,,,,,,,,,,,
2017,28,E636871,1,01/22/2017,14:46,22,1,0,5,Benton,2475,1,0,1,1,2,1,0,2,2,,,,12,0,6,5.1,2,0,2,5,2,1,3,0,0,20,3,SR-224,KEENE RD,-119.3892361,46.28617222,0,1,89,17,2,45,4,0,0,1,2,12,1,1,2,1,1,1,2,53,0,49,40,2003,0,0,12,,,,,,1,1,28,1,7,1,4,7,3,0,11,0,01/22/2017,14:46,53003474,3474,0,0,3,3,1,38,0,0,0,96,,,,,,0,,,,,,99337,53,72,150,6,1,0,1,2,1,0,0,,,,,,0,05/15/2014,12/15/2016,20,0,0,0,0,9,8,,,0,0,0,8,0,2,1,0,0,1,0,0,2,1,0,,,,,,,,,,,,,,,,,,,,,,,,,,,,,,0,0,0,1,0,0,0,0,0,0,0,0,0,0,0,0,0,0,1,0,0,0,0,0,0,0,0,0,0,1,0,0,0,0,0,,1,0,0,0,0,0,0,0,0,0,1,0,0,0,0,0,,,,,,26-30,26-35,State route,U,Sunday,Belt Used,PV,White,1,0,0,0,State Route,State Patrol,Washington State Patrol,0,1,0,0,0,,,,,,,,,,,,,,,,,,,,,,,,,,,,,,,,,,,,,,,,,,,
2017,27,E636880,4,01/22/2017,21:27,22,1,0,63,Spokane,2113,4,0,3,2,2,1,1,1,1,21:23,21:31,22:05,8,0,0,9.9,1,0,1,3,2,1,3,0,0,0,0,SR-290,,-117.2082833,47.69494167,0,1,13,11,2,50,34,0,0,1,5,8,1,1,5,5,1,1,1,53,0,7,472,2000,0,0,63,8,,,,,1,1,21,1,0,0,0,0,3,0,11,0,,,,,0,0,0,3,1,0,0,0,0,13,,,,,,0,,,,,,99027,53,73,190,6,1,0,6,0,6,0,69,,,,,,0,09/15/2013,11/15/2016,20,0,0,0,8,9,8,,,0,0,0,8,0,0,0,0,0,0,0,0,0,0,996,,,,,,,,,,,,,,,,,,,,,,,,,,,,,,0,0,0,0,0,0,0,0,0,1,1,1,0,0,0,0,1,0,0,0,0,0,0,1,1,0,0,0,0,0,0,1,0,0,0,,0,0,0,0,0,0,0,0,1,0,0,0,0,0,0,0,,,,,,21-25,16-25,State route,U,Sunday,Belt Used,PV,Not Fatal,0,0,0,0,State Route,State Patrol,Washington State Patrol,0,1,0,0,0,,,,,,,,,,,,,,,,,,,,,,,,,,,,,,,,,,,,,,,,,,,
2017,32,E636978,35,01/30/2017,12:38,30,1,0,53,Pierce,0,1,0,1,2,1,1,0,1,1,12:38,12:58,,1,0,0,2.1,1,0,1,4,1,2,4,0,0,0,0,CR-ALDER CUTOFF RD E,,-122.2512889,46.83513889,0,1,5,13,2,45,4,0,0,1,2,1,1,1,2,2,1,1,2,53,0,49,32,1989,0,0,63,1,,,,,1,1,53,2,7,1,4,7,99,0,11,0,01/30/2017,12:38,58053005431,5431,0,0,3,3,1,0,0,0,0,96,,,,,,9,,,,,,98304,53,65,125,6,1,0,0,0,0,0,0,,,,,,0,,,20,0,0,0,0,9,8,,,0,0,0,1,1,2,605,0,0,1,0,0,2,1,0.29,,,,,,,,,,,,,,,,,,,,,,,,,,,,,,0,0,1,0,1,1,1,1,1,0,0,0,0,0,0,0,0,0,0,0,0,0,0,0,0,0,0,0,0,1,0,0,0,0,0,,1,0,0,0,0,1,1,1,0,0,0,0,0,0,0,1,,,,,,51-55,46-55,County road,R,Monday,Unknown,PV,White,0,1,0,0,County Road,County Sheriff,Law Enforcement Support Agency,1,0,1,0,0,thc,3.3,,,,,,,,,,,,,,,,,,,,,,,,,,,,,,,,,,,,,,,,,
2017,34,E637343,1,01/24/2017,23:20,24,1,0,77,Yakima,0,5,0,2,1,1,1,0,2,2,23:28,23:48,0:23,12,0,2,48,1,0,1,1,1,1,1,0,0,0,0,I-82,,-120.3454889,46.43440556,0,2,52,54,3,70,4,0,0,1,2,12,3,1,2,2,14,1,1,53,0,6,43,2004,0,0,12,,,,,,1,1,22,1,1,98,4,0,3,0,11,4,01/25/2017,15:10,1.96E+11,4373,0,0,0,3,1,0,0,0,0,0,,,,,,0,,,,,,98901,53,70,125,6,1,0,0,1,1,0,0,,,,,,0,12/15/2012,07/15/2015,1,0,0,0,0,9,8,,,0,0,0,8,0,2,1,0,0,1,0,0,2,1,0,,,,,,,,,,,,,,,,,,,,,,,,,,,,,,0,0,0,0,1,1,1,1,1,0,0,0,0,0,0,0,0,0,0,0,0,0,0,1,1,0,0,0,0,1,0,0,0,0,0,,1,0,0,0,0,0,0,0,0,0,0,0,0,0,0,0,,,,,,21-25,16-25,Interstate,R,Tuesday,Belt Used,PV,Hispanic,0,0,0,1,State Route,State Patrol,Washington State Patrol,0,1,0,0,0,,,,,,,,,,,,,,,,,,,,,,,,,,,,,,,,,,,,,,,,,,,
2017,34,E637343,1,01/24/2017,23:20,24,1,0,77,Yakima,0,5,0,2,1,1,1,0,2,2,23:28,23:48,0:23,12,0,2,48,1,0,1,1,1,1,1,0,0,0,0,I-82,,-120.3454889,46.43440556,0,1,52,54,3,98,4,0,0,1,2,12,2,1,2,2,14,1,2,53,0,55,36,2013,0,0,12,,,,,,1,1,27,1,0,0,3,0,3,0,11,8,,,,,0,0,0,3,1,51,0,0,0,96,,,,,,9,,,,,,98935,53,70,150,6,1,0,1,0,2,1,1,,,,,,0,11/15/2013,11/15/2015,1,0,0,0,8,1,8,,,0,0,0,8,1,2,605,0,0,1,0,0,2,1,0.18,,,,,,,,,,,,,,,,,,,,,,,,,,,,,,0,0,0,0,1,1,1,1,1,0,0,0,0,0,0,0,0,0,0,0,0,0,0,1,1,0,0,0,0,1,0,0,0,0,0,,0,0,0,0,0,1,1,1,0,0,0,0,0,0,0,1,,,,,,26-30,26-35,Interstate,R,Tuesday,Belt Used,PV,Not Fatal,0,0,0,1,State Route,State Patrol,Washington State Patrol,0,1,0,0,0,thc,6.2,carboxy-thc,18,,,,,,,,,,,,,,,,,,,,,,,,,,,,,,,,,,,,,,,
2017,36,E637961,5,01/23/2017,20:10,23,1,0,15,Cowlitz,0,1,0,2,1,2,1,0,2,2,20:08,20:42,21:06,12,0,2,8.4,1,0,1,4,1,1,3,0,0,0,0,SR-504,,-122.7753028,46.31885,1,1,50,10,2,55,3,0,0,1,2,12,2,1,2,1,14,1,1,53,0,37,31,1998,0,0,68,12,,,,,1,1,42,1,7,1,4,7,20,0,11,0,01/23/2017,20:10,53005573,5573,6,0,3,3,1,28,0,0,0,96,,,,,,9,,,,,,98611,53,73,230,6,1,0,0,0,0,0,0,,,,,,0,,,1,0,0,0,0,1,8,,,0,0,0,8,1,2,155,996,996,1,1,1,2,1,0.13,,,,,,,,,,,,,,,,,,,,,,,,,,,,,,0,0,0,0,1,1,1,1,0,0,0,0,0,0,0,0,0,0,0,1,0,1,1,0,1,0,0,0,0,1,0,0,0,1,0,,1,0,0,0,0,1,1,1,0,0,0,0,0,0,0,1,,,,,,41-45,36-45,State route,R,Monday,Not Used,PV,White,0,1,1,0,State Route,State Patrol,Washington State Patrol,0,1,0,0,0,,,,,,,,,,,,,,,,,,,,,,,,,,,,,,,,,,,,,,,,,,,
2017,36,E637961,5,01/23/2017,20:10,23,1,0,15,Cowlitz,0,1,0,2,1,2,1,0,2,2,20:08,20:42,21:06,12,0,2,8.4,1,0,1,4,1,1,3,0,0,0,0,SR-504,,-122.7753028,46.31885,1,2,51,62,4,55,2,0,0,1,2,12,3,1,2,1,14,1,2,53,0,22,16,2002,0,0,12,,,,,,1,1,18,1,0,0,1,0,3,0,11,8,,,,,0,0,0,3,1,0,0,0,0,0,,,,,,0,,,,,,98645,53,67,130,6,1,0,0,0,2,0,0,,,,,,0,12/15/2015,05/15/2016,1,0,0,0,8,9,8,,,0,0,0,8,0,0,0,0,0,0,0,0,0,0,996,,,,,,,,,,,,,,,,,,,,,,,,,,,,,,0,0,0,0,1,1,1,1,0,0,0,0,0,0,0,0,0,0,0,1,0,1,1,0,1,0,0,0,0,1,0,0,0,0,0,,0,0,0,0,0,0,0,0,0,0,0,0,0,0,0,0,,,,,,18-20,16-25,State route,R,Monday,Belt Used,PV,Not Fatal,0,1,1,0,State Route,State Patrol,Washington State Patrol,0,1,0,0,0,,,,,,,,,,,,,,,,,,,,,,,,,,,,,,,,,,,,,,,,,,,
2017,31,E638169,8,01/27/2017,10:11,27,1,0,35,Kitsap,0,1,0,1,1,2,1,0,2,2,,,,12,0,6,29.3,8,0,1,3,2,1,3,0,0,0,0,SR-3,,-122.7846,47.48164444,0,1,82,15,2,55,4,0,0,1,2,12,1,1,2,1,11,1,1,53,0,13,13,2011,0,0,12,,,,,,1,1,64,2,0,0,1,0,3,0,11,6,,,,,0,0,3,3,1,38,0,0,0,96,,,,,,0,,,,,,98312,53,59,115,6,1,0,0,0,0,0,39,,,,,,0,,,1,0,0,0,8,3,2,,,0,0,0,0,0,0,0,0,0,0,0,0,0,0,996,,,,,,,,,,,,,,,,,,,,,,,,,,,,,,0,0,0,0,0,0,0,0,0,0,0,0,0,0,0,0,0,0,1,0,0,0,0,0,0,0,0,0,0,1,0,0,0,0,0,,0,0,0,0,0,0,0,0,0,0,1,0,0,0,0,0,,,,,,61-65,56-65,State route,U,Friday,Belt Used,PV,Not Fatal,0,0,0,0,State Route,State Patrol,Washington State Patrol,0,1,0,0,0,,,,,,,,,,,,,,,,,,,,,,,,,,,,,,,,,,,,,,,,,,,
2017,31,E638169,8,01/27/2017,10:11,27,1,0,35,Kitsap,0,1,0,1,1,2,1,0,2,2,,,,12,0,6,29.3,8,0,1,3,2,1,3,0,0,0,0,SR-3,,-122.7846,47.48164444,0,2,83,72,4,55,3,0,0,1,2,12,1,1,2,1,1,1,1,53,0,37,31,1991,0,0,12,,,,,,1,1,63,1,99,99,4,7,3,0,11,0,01/27/2017,10:11,53005725,5725,0,0,3,3,1,0,0,0,0,0,,,,,,0,,,,,,98312,53,74,375,6,1,0,0,1,0,0,0,,,,,,0,10/15/2016,10/15/2016,20,0,0,0,0,9,8,,,0,0,0,8,0,2,1,0,0,1,0,0,2,1,0,,,,,,,,,,,,,,,,,,,,,,,,,,,,,,0,0,0,0,0,0,0,0,0,0,0,0,0,0,0,0,0,0,1,0,0,0,0,0,0,0,0,0,0,1,0,0,0,0,0,,1,0,0,0,0,0,0,0,0,0,0,0,0,0,0,0,,,,,,61-65,56-65,State route,U,Friday,Belt Used,PV,Oth/Unk,0,0,0,0,State Route,State Patrol,Washington State Patrol,0,1,0,0,0,,,,,,,,,,,,,,,,,,,,,,,,,,,,,,,,,,,,,,,,,,,
2017,45,E638895,4,02/03/2017,9:50,3,2,0,75,Whitman,0,4,0,1,4,1,1,0,2,2,,,,12,0,6,57.8,1,0,1,3,1,1,2,0,0,0,0,US-195,,-117.3797389,47.16836944,0,2,66,62,4,60,63,1,0,1,2,12,3,1,2,1,14,1,9,99,0,98,804,2014,0,0,12,,,,,,1,1,57,1,0,0,0,0,3,0,11,0,,,,,6,1,3,3,1,0,0,0,0,0,,,,,,0,,,,,,83544,16,72,210,6,1,0,0,0,0,0,0,,,,,,0,,,20,0,0,0,8,9,8,,,0,0,0,8,0,0,0,0,0,0,0,0,0,0,996,,,,,,,,,,,,,,,,,,,,,,,,,,,,,,0,0,0,0,0,0,0,0,0,0,0,0,1,0,0,0,0,0,0,0,0,1,1,0,1,0,0,0,0,0,1,0,0,0,0,,0,0,0,0,0,0,0,0,0,0,0,0,0,0,0,0,,,,,,56-60,56-65,US highway,R,Friday,,MHTRUCK,Not Fatal,0,1,1,0,State Route,State Patrol,Washington State Patrol,0,1,0,0,0,,,,,,,,,,,,,,,,,,,,,,,,,,,,,,,,,,,,,,,,,,,
2017,45,E638895,4,02/03/2017,9:50,3,2,0,75,Whitman,0,4,0,1,4,1,1,0,2,2,,,,12,0,6,57.8,1,0,1,3,1,1,2,0,0,0,0,US-195,,-117.3797389,47.16836944,0,1,66,6,1,60,34,0,0,1,2,12,2,1,2,1,14,1,2,53,0,12,471,1996,0,0,68,12,,,,,1,1,20,1,7,1,4,7,3,0,11,0,02/03/2017,9:50,53006172,6172,0,0,3,3,1,28,87,0,0,96,,,,,,99,,,,,,99223,53,69,150,6,1,0,0,1,1,0,0,,,,,,4,03/15/2013,12/15/2014,1,0,0,0,0,9,8,,,0,0,0,8,0,2,1,0,0,1,0,0,2,1,0,,,,,,,,,,,,,,,,,,,,,,,,,,,,,,0,0,0,0,0,0,0,0,0,0,0,0,1,0,0,0,0,0,0,0,0,1,1,0,1,0,0,0,0,0,1,0,0,0,0,,0,0,0,0,0,0,0,0,0,1,0,0,0,0,0,0,,,,,,18-20,16-25,US highway,R,Friday,Belt Used,PV,White,0,1,1,0,State Route,State Patrol,Washington State Patrol,0,1,0,0,0,,,,,,,,,,,,,,,,,,,,,,,,,,,,,,,,,,,,,,,,,,,
2017,39,E638933,337,01/29/2017,19:14,29,1,0,73,Whatcom,110,1,0,3,1,2,1,1,2,1,,,,8,0,0,21,16,0,1,3,2,1,3,0,0,4,3,SR-11,,-122.4810861,48.71466667,0,1,13,80,5,35,4,0,0,1,2,8,1,1,3,5,1,2,1,53,0,35,47,2010,0,0,8,,,,,,1,1,22,2,0,0,0,0,3,0,11,0,,,,,0,0,0,3,1,0,0,0,0,93,,,,,,98,,,,,,98611,53,67,130,6,1,0,0,0,7,0,0,,,,,,9,05/15/2013,01/15/2017,20,0,0,0,8,3,2,,,0,0,0,0,0,0,0,0,0,0,0,0,0,0,996,,,,,,,,,,,,,,,,,,,,,,,,,,,,,,0,0,0,0,0,0,0,0,0,1,0,1,0,0,0,0,1,0,0,0,0,0,0,1,1,0,0,0,0,1,0,1,0,0,0,,0,0,0,0,0,0,0,0,1,0,0,0,0,0,0,0,,,,,,21-25,16-25,State route,U,Sunday,Belt Used,PV,Not Fatal,0,0,0,0,State Route,Municipal/City Police,Bellingham Police Department,0,1,0,0,0,,,,,,,,,,,,,,,,,,,,,,,,,,,,,,,,,,,,,,,,,,,
2017,46,E639471,14,02/06/2017,2:16,6,2,0,11,Clark,0,1,0,2,2,2,1,0,1,1,,,,38,0,0,1.5,1,0,1,7,1,2,4,0,0,0,0,CR-NE 144TH ST,,-122.5237694,45.72639167,0,1,10,99,9,50,4,0,0,1,2,42,1,4,2,1,1,1,1,53,0,52,46,2004,0,0,68,64,38,42,,,1,1,27,1,7,1,4,7,2,0,11,0,02/06/2017,2:16,2.37E+11,6663,0,0,3,2,1,0,0,0,0,96,,,,,,99,,,,,,98606,53,72,155,1,1,1,0,0,1,4,0,,,,,,9,07/15/2015,10/15/2015,1,0,0,0,0,9,8,,,0,0,0,9,9,2,1,0,0,1,0,0,2,1,0.26,,,,,,,,,,,,,,,,,,,,,,,,,,,,,,0,0,1,0,1,1,0,1,0,0,0,0,0,1,0,0,0,0,0,0,0,0,0,0,0,0,0,0,0,1,0,0,0,0,0,,1,0,0,0,0,1,0,1,0,0,0,1,0,1,0,1,,,,,,26-30,26-35,County road,R,Monday,Belt Used,PV,White,0,1,0,0,County Road,County Sheriff,Clark County Sheriff's Office,1,0,1,0,0,,,,,,,,,,,,,,,,,,,,,,,,,,,,,,,,,,,,,,,,,,,
2017,43,E639820,1,02/01/2017,5:45,1,2,0,5,Benton,0,5,0,2,4,2,2,0,4,2,,,,12,0,6,172.8,1,0,1,4,1,1,3,0,0,0,0,SR-14,,-119.4869472,45.94555833,0,2,66,62,4,55,66,1,0,1,2,12,1,2,2,1,1,1,3,53,0,85,881,2014,0,0,12,,,,,,1,1,37,1,0,0,1,0,3,0,11,0,,,,,6,1,0,3,1,0,0,0,0,0,,,,,,0,,,,,,98948,53,72,210,6,1,0,0,0,0,0,0,,,,,,0,,,20,0,0,0,8,9,8,,,0,0,0,8,0,0,0,0,0,0,0,0,0,0,996,,,,,,,,,,,,,,,,,,,,,,,,,,,,,,0,0,0,0,0,0,0,0,0,0,0,0,1,1,0,0,0,0,0,0,0,0,0,0,0,0,0,0,0,1,1,0,0,0,0,,0,0,0,0,0,0,0,0,0,0,0,0,0,0,0,0,,,,,,36-40,36-45,State route,R,Wednesday,,MHTRUCK,Not Fatal,0,1,1,0,State Route,State Patrol,Washington State Patrol Headquarter,0,1,0,0,0,,,,,,,,,,,,,,,,,,,,,,,,,,,,,,,,,,,,,,,,,,,
2017,43,E639820,1,02/01/2017,5:45,1,2,0,5,Benton,0,5,0,2,4,2,2,0,4,2,,,,12,0,6,172.8,1,0,1,4,1,1,3,0,0,0,0,SR-14,,-119.4869472,45.94555833,0,1,66,6,1,55,20,0,0,1,2,12,1,2,2,1,6,3,2,41,0,6,442,2000,0,0,68,68,68,12,,,1,1,48,1,0,0,3,0,3,0,11,4,,,,,0,0,0,0,1,28,87,0,0,96,,,,,,0,,,,,,99301,53,66,170,0,0,0,0,0,0,0,23,,,,,,4,,,8,0,0,0,8,9,8,,,0,0,0,8,0,0,0,0,0,0,0,0,0,0,996,,,,,,,,,,,,,,,,,,,,,,,,,,,,,,0,0,0,0,0,0,0,0,0,0,0,0,1,1,0,0,0,0,0,0,0,0,0,0,0,0,0,0,0,1,1,0,0,0,0,,0,0,0,0,0,0,0,0,0,1,0,1,0,0,0,0,,,,,,46-50,46-55,State route,R,Wednesday,Belt Used,PV,Not Fatal,0,1,1,0,State Route,State Patrol,Washington State Patrol Headquarter,0,1,0,0,0,,,,,,,,,,,,,,,,,,,,,,,,,,,,,,,,,,,,,,,,,,,
2017,51,E640687,7,02/08/2017,5:26,8,2,0,33,King,0,10,0,3,2,2,1,0,1,1,,,,24,0,0,0.6,5,1,1,1,1,1,1,0,0,0,0,I-5 RAMP R114450,,-122.2977722,47.31626667,0,1,6,6,1,98,14,0,0,1,2,3,2,2,3,6,14,1,1,53,0,37,401,1995,0,0,64,24,1,3,,,1,1,24,1,7,2,4,7,3,0,11,0,02/08/2017,6:24,73553008086,8086,0,0,0,3,1,0,0,0,0,96,,,,,,9,,,,,,98908,53,71,195,6,1,0,0,0,0,0,0,,,,,,5,,,99,0,0,1,0,1,8,,,0,0,0,9,1,2,605,996,0,1,1,0,2,1,0.085,,,,,,,,,,,,,,,,,,,,,,,,,,,,,,0,0,1,0,1,1,1,1,1,0,0,0,1,0,0,0,0,0,0,0,0,0,0,1,1,0,0,0,0,1,0,0,0,0,0,,1,0,0,0,0,1,1,1,0,1,0,0,0,0,0,1,,,,,,21-25,16-25,Interstate,R,Wednesday,Belt Used,PV,Black,0,1,0,0,State Route,State Patrol,Washington State Patrol Headquarter,1,1,0,0,0,thc,8.6,carboxy-thc,41,,,,,,,,,,,,,,,,,,,,,,,,,,,,,,,,,,,,,,,
2017,53,E641243,278,02/11/2017,19:09,11,2,0,63,Spokane,2110,1,0,3,2,2,1,1,1,1,,,,8,0,0,281.1,3,0,2,3,2,1,2,0,0,0,0,US-2,E EUCLID AVE,-117.4110806,47.68619444,0,1,13,80,5,30,34,0,0,1,5,8,1,2,8,2,1,1,1,53,0,20,481,1991,0,0,8,,,,,,1,1,74,1,0,0,0,0,3,0,11,0,,,,,0,0,3,3,1,0,0,0,0,92,,,,,,0,,,,,,99218,53,73,175,6,1,0,0,1,0,0,0,,,,,,0,01/15/2013,01/15/2013,20,0,0,0,8,9,8,,,0,0,0,8,0,2,1,0,0,1,0,0,2,1,0,,,,,,,,,,,,,,,,,,,,,,,,,,,,,,0,0,0,1,0,0,0,0,0,1,1,1,0,0,0,0,1,1,0,0,0,0,0,0,0,1,1,0,0,0,0,1,0,0,0,,0,0,0,0,0,0,0,0,1,0,0,0,0,0,0,0,,,,,,71-75,66-75,US highway,U,Saturday,Belt Used,PV,Not Fatal,1,0,0,0,State Route,Municipal/City Police,Spokane Police Department,0,1,0,0,0,,,,,,,,,,,,,,,,,,,,,,,,,,,,,,,,,,,,,,,,,,,
2017,168,E641274,67,02/11/2017,20:20,11,2,0,35,Kitsap,180,1,0,3,2,2,1,0,1,1,,,,39,0,0,0,1,0,1,4,2,4,6,0,0,0,0,KITSAY WA,,-122.6946778,47.57798611,0,1,2,6,1,35,3,0,0,1,5,39,1,1,4,1,1,1,1,53,0,49,34,1991,0,0,63,39,,,,,1,1,21,1,7,1,4,0,3,0,11,1,02/19/2017,23:50,1.96E+11,8893,0,0,0,3,1,0,0,0,0,96,,,,,,99,,,,,,98311,53,68,145,6,1,0,0,0,2,0,0,,,,,,4,08/15/2015,10/15/2015,1,0,0,0,0,9,8,,,0,0,0,8,9,2,348,522,605,1,1,1,2,1,0,,,,,,,,,,,,,,,,,,,,,,,,,,,,,,0,0,0,0,0,0,1,1,1,0,0,0,1,0,0,0,0,0,0,0,0,0,0,1,1,0,0,0,0,1,0,0,0,0,0,,1,0,0,0,0,0,1,1,0,1,0,0,0,0,1,0,,,,,,21-25,16-25,City street,U,Saturday,Belt Used,PV,White,0,1,0,0,City Street,Municipal/City Police,Bremerton Police Department,1,0,0,1,0,thc,3.6,carboxy-thc,20,,,,,,,,,,,,,,,,,,,,,,,,,,,,,,,,,,,,,,,
2017,50,E641865,25,02/04/2017,3:42,4,2,0,33,King,229,2,0,3,2,2,1,1,1,1,,,,8,1,0,0,1,0,1,3,2,4,6,0,0,0,0,1ST AVE S,,-122.3338361,47.49139444,0,1,13,12,2,35,9,0,0,1,5,8,1,1,4,1,1,99,9,99,0,99,399,9999,0,0,68,64,8,,,,1,1,999,9,0,0,0,0,99,0,11,0,,,,,99,9,9,9,1,0,0,0,0,99,,,,,,99,,,,,,99999,99,,999,9,9,99,99,99,99,99,99,,,,,,9,,,99,0,0,0,8,9,8,,,0,0,0,8,9,0,0,0,0,0,0,0,0,0,996,,,,,,,,,,,,,,,,,,,,,,,,,,,,,,0,0,0,0,0,0,0,0,0,0,0,0,0,0,0,0,0,0,0,0,0,0,0,0,0,0,0,0,0,1,0,1,0,0,0,,0,0,0,0,0,0,0,0,0,0,0,0,0,0,0,0,,,,,,,,City street,U,Saturday,Unknown,PV,Not Fatal,0,0,0,0,City Street,County Sheriff,King County Police,0,0,0,1,0,,,,,,,,,,,,,,,,,,,,,,,,,,,,,,,,,,,,,,,,,,,
2017,42,E642159,2,02/03/2017,15:17,3,2,0,61,Snohomish,0,2,0,1,2,2,2,0,9,3,15:17,15:27,16:20,12,0,1,183.9,1,0,1,1,2,1,1,0,0,0,0,I-5,,-122.25735,47.8495,0,3,98,53,3,60,4,0,0,1,3,12,1,1,4,3,2,2,1,53,0,6,51,2006,0,0,12,64,25,,,,1,1,52,2,0,0,1,0,3,0,11,8,,,,,0,0,3,3,1,0,0,0,0,0,,,,,,0,,,,,,98023,53,65,200,6,1,0,0,0,0,0,0,,,,,,0,,,20,0,0,0,8,9,8,,,0,0,0,8,0,8,95,0,0,6,0,0,8,95,995,,,,,,,,,,,,,,,,,,,,,,,,,,,,,,0,0,0,0,0,0,1,1,0,0,0,0,1,0,0,0,0,0,0,0,0,0,0,0,0,0,0,0,0,1,0,0,0,0,0,,0,0,0,0,0,0,0,0,0,0,0,0,0,0,0,0,,,,,,51-55,46-55,Interstate,U,Friday,Belt Used,PV,Not Fatal,0,0,0,0,State Route,State Patrol,Washington State Patrol Headquarter,0,1,0,0,0,,,,,,,,,,,,,,,,,,,,,,,,,,,,,,,,,,,,,,,,,,,