year,case,par,repjur,crash_dt,crash_tm,accday,accmon,holiday,county,co_char,city,weather,weather2,lightcond,surfcond,surftype,numfatal,nmforms,pforms,vforms,not_tm,arr_tm,hosp_tm,fhevent,hitrun,manncol,milepnt,reljunc,reljuncinter,intersectiontype,funcsystem,landuse,ownership,route,schlbus,spejur,contdev,devfunc,trafid1,trafid2,x,y,wk_zone,vnumber,crashtype,criticalevent,criticaleventcat,spdlim,body,trailer,emerg,hazcargo,leave,mhevent,roadalgn,roadprof,traflane,trafflow,vehmanvr,numoccs,regowner,regstate,spuse,make,model,modelyr,vrf1,vrf2,seqevent1,seqevent2,seqevent3,seqevent4,seqevent5,seqevent6,pnumber,ptype,age,sex,hispanic,race,injury,diedscene,restraint,restraintmisuse,seatpos,takehosp,death_dt,death_tm,cert,cernum_wa,commlic,licendor,licrestrict,liccomp,drivpres,drf1,drf2,drf3,drf4,distract1,distract2,distract3,distract4,distract5,distract6,dricond1,dricond2,dricond3,dricond4,dricond5,dricond6,dzip,licstate,drhgt_in,weight,noncdl,noncdltype,prevdwi,prevoth,prevacc,prevspd,prevsus,driviol1,driviol2,driviol3,driviol4,driviol5,driviol6,spdrel,first_dt,last_dt,airbag,ejection,ejectpath,extricat,injurwrk,methalc,methdrug,nmlocat,strikveh,prf1,prf2,prf3,druginv,alcinvol,drugsts,drugres1,drugres2,drugres3,drugtst1,drugtst2,drugtst3,alcsts,alctst,alcres,nmact1,nmact2,nmact3,nmact4,nmact5,nmact6,nmprior1,nmprior2,nmprior3,nmprior4,nmprior5,nmprior6,nmcond1,nmcond2,nmcond3,nmcond4,nmcond5,nmcond6,nmsafe_helmet,nmsafe_pads,nmsafe_oth,nmprev_ref,nmprev_lgt,nmprev_oth,crashlocation,nmcrashtype,crosswalk,schoolzone,sidewalk,train_inv,wildlife_inv,rotr_fars,intersect_fars,dd_inv,aid_inv,dpd_inv,id_inv,mj_inv,impnm_inv,ainm_inv,dpnm_inv,speed_inv,unlic_inv,unendmc_inv,drowsy_inv,drdist_inv,nmdist_inv,fty_inv,unrestfat_inv,dr1617_inv,dr1820_inv,dr1620_inv,dr2125_inv,dr1625_inv,dr65_inv,dr70_inv,dr75_inv,mc_inv,pv_inv,ht_inv,ped_inv,bike_inv,unrest_fat,mc_fat,unhelmet_mc,pv_fat,ht_fat,ped_fat,bike_fat,dr_alc7,dr_alc8,dr_drug,dr_imp,dr_dist,dr_spd,dr_fty,dr_unlic,dr_alc7only,dr_alc8only,dr_drugonly,dr_drink,nm_imp,nm_alc7,nm_alc8,nm_drug,nm_dist,agegrp1,agegrp2,roadclass,urbrur,dayweek,restuse,vehtype,race_me,intersect,lanedep,oppdir,wrongway,rep_typ,investag,repag_long,rotr,st_rd,cty_rd,city_rd,oth_rd,drug_thc,thc_res,drug_cthc,cthc_res,drug_cann,prevpersemin,prevperse,prevsusoth,drugtst4,drugtst5,drugtst6,drugtst7,drugtst8,drugres4,drugres5,drugres6,drugres7,drugres8,adspresent,adsengaged,adslevel,race1,race2,race3,race4,race5,helmet,helmetmisuse,nmdistract1,nmdistract2,nmdistract3,nmdistract4,nmdistract5,nmdistract6,lab,isedtcase,crf1,crf2,crf3,CoRoadName,CoMP,IntCoRoadName,IntCoMP
2017,42,E642159,2,02/03/2017,15:17,3,2,0,61,Snohomish,0,2,0,1,2,2,2,0,9,3,15:17,15:27,16:20,12,0,1,183.9,1,0,1,1,2,1,1,0,0,0,0,I-5,,-122.25735,47.8495,0,1,24,51,3,60,34,0,0,1,2,12,1,1,4,3,1,1,3,53,0,12,481,2001,0,0,12,,,,,,1,1,51,1,0,0,1,0,3,0,11,0,,,,,0,0,0,3,1,91,0,0,0,96,,,,,,0,,,,,,98258,53,72,230,6,1,0,1,1,0,0,1,,,,,,4,09/15/2014,09/15/2014,1,0,0,0,8,3,1,,,0,0,0,1,0,2,401,417,0,1,1,0,2,1,0,,,,,,,,,,,,,,,,,,,,,,,,,,,,,,0,0,0,0,0,0,1,1,0,0,0,0,1,0,0,0,0,0,0,0,0,0,0,0,0,0,0,0,0,1,0,0,0,0,0,,0,0,0,0,0,0,1,1,0,1,0,0,0,0,1,0,,,,,,51-55,46-55,Interstate,U,Friday,Belt Used,PV,Not Fatal,0,0,0,0,State Route,State Patrol,Washington State Patrol Headquarter,0,1,0,0,0,,,,,,,,,,,,,,,,,,,,,,,,,,,,,,,,,,,,,,,,,,,
2017,42,E642159,2,02/03/2017,15:17,3,2,0,61,Snohomish,0,2,0,1,2,2,2,0,9,3,15:17,15:27,16:20,12,0,1,183.9,1,0,1,1,2,1,1,0,0,0,0,I-5,,-122.25735,47.8495,0,2,25,53,3,60,20,0,0,1,2,12,1,1,4,3,1,6,2,53,0,35,443,2000,0,0,12,12,,,,,1,1,43,1,0,0,1,0,3,0,11,5,,,,,0,0,0,3,1,0,0,0,0,0,,,,,,0,,,,,,98270,53,72,300,6,1,0,0,0,0,0,0,,,,,,0,,,8,0,0,0,8,9,8,,,0,0,0,8,0,0,0,0,0,0,0,0,0,0,996,,,,,,,,,,,,,,,,,,,,,,,,,,,,,,0,0,0,0,0,0,1,1,0,0,0,0,1,0,0,0,0,0,0,0,0,0,0,0,0,0,0,0,0,1,0,0,0,0,0,,0,0,0,0,0,0,0,0,0,0,0,0,0,0,0,0,,,,,,41-45,36-45,Interstate,U,Friday,Belt Used,PV,Not Fatal,0,0,0,0,State Route,State Patrol,Washington State Patrol Headquarter,0,1,0,0,0,,,,,,,,,,,,,,,,,,,,,,,,,,,,,,,,,,,,,,,,,,,
2017,55,E642403,1,02/13/2017,15:53,13,2,0,21,Franklin,0,1,0,1,1,2,1,0,1,1,,,,1,0,0,51.3,1,0,1,2,1,1,2,0,0,0,0,US-395,,-119.0050944,46.54839722,0,1,98,12,2,70,14,0,0,1,2,1,1,1,4,2,1,1,1,53,0,12,401,1996,0,0,64,69,65,63,1,,1,1,63,1,1,1,4,0,3,0,11,4,02/13/2017,18:43,64553007935,7935,0,0,0,3,1,58,0,0,0,92,,,,,,0,,,,,,99357,53,62,165,6,1,0,1,1,1,1,0,,,,,,0,08/15/2015,05/15/2016,20,0,0,0,0,9,8,,,0,0,0,8,0,2,996,996,0,1,1,0,2,1,0,,,,,,,,,,,,,,,,,,,,,,,,,,,,,,0,0,0,0,0,0,1,1,0,0,0,0,0,0,0,0,1,0,0,0,0,0,0,0,0,0,0,0,0,1,0,0,0,0,0,,1,0,0,0,0,0,1,1,1,0,0,0,0,0,1,0,,,,,,61-65,56-65,US highway,R,Monday,Belt Used,PV,Hispanic,0,1,0,0,State Route,State Patrol,Washington State Patrol Headquarter,1,1,0,0,0,,,,,,,,,,,,,,,,,,,,,,,,,,,,,,,,,,,,,,,,,,,
2017,44,E643131,1,02/01/2017,19:32,1,2,0,77,Yakima,0,1,0,3,1,2,1,0,2,2,19:31,19:41,20:00,12,0,6,195.8,2,0,2,3,2,1,2,0,0,20,3,US-12,MAPLEWAY RD,-120.6203528,46.66056667,0,1,87,17,2,35,90,0,0,1,2,12,1,1,2,1,1,1,2,53,0,53,734,2008,0,0,12,,,,,,1,1,18,1,7,1,4,0,17,0,11,5,02/01/2017,20:02,2.59E+11,6273,0,0,3,3,1,38,0,0,0,93,,,,,,9,,,,,,98908,53,69,190,6,1,1,2,1,1,1,0,,,,,,0,01/15/2015,01/15/2017,20,1,9,0,0,9,1,,,0,0,0,1,0,2,605,0,0,1,0,0,2,1,0,,,,,,,,,,,,,,,,,,,,,,,,,,,,,,0,0,0,1,0,0,1,1,1,0,0,0,0,0,0,0,1,0,1,0,0,1,1,0,1,0,0,0,0,1,0,0,0,0,0,,0,0,0,0,0,0,1,1,1,0,1,0,0,0,1,0,,,,,,18-20,16-25,US highway,U,Wednesday,,OTHVT,White,0,0,0,0,State Route,State Patrol,Washington State Patrol,0,1,0,0,0,thc,28,carboxy-thc,90,,,,,,,,,,,,,,,,,,,,,,,,,,,,,,,,,,,,,,,
2017,44,E643131,1,02/01/2017,19:32,1,2,0,77,Yakima,0,1,0,3,1,2,1,0,2,2,19:31,19:41,20:00,12,0,6,195.8,2,0,2,3,2,1,2,0,0,0,0,US-12,MAPLEWAY RD,-120.6203528,46.66056667,0,2,86,66,4,60,14,0,0,1,2,12,1,1,4,2,1,1,1,53,0,55,401,2013,0,0,12,,,,,,1,1,46,2,0,0,2,0,3,0,11,5,,,,,6,0,3,3,1,0,0,0,0,0,,,,,,0,,,,,,98937,53,69,130,6,1,0,0,0,0,0,0,,,,,,0,,,8,0,0,0,8,9,2,,,0,0,0,0,0,2,155,996,996,1,1,1,2,1,0,,,,,,,,,,,,,,,,,,,,,,,,,,,,,,0,0,0,1,0,0,1,1,1,0,0,0,0,0,0,0,1,0,1,0,0,1,1,0,1,0,0,0,0,1,0,0,0,0,0,,0,0,0,0,0,0,1,1,0,0,0,0,0,0,1,0,,,,,,46-50,46-55,US highway,U,Wednesday,Belt Used,PV,Not Fatal,0,0,0,0,State Route,State Patrol,Washington State Patrol,0,1,0,0,0,,,,,,,,,,,,,,,,,,,,,,,,,,,,,,,,,,,,,,,,,,,
2017,57,E643387,3,02/14/2017,17:20,14,2,0,53,Pierce,0,10,0,5,1,2,1,0,4,3,,,,24,0,0,1.8,3,0,3,3,2,1,3,0,3,0,0,SR-167,GRATZER RD E,-122.3788639,47.23043056,0,3,98,62,4,50,6,0,0,1,2,12,1,1,5,5,1,1,1,53,0,2,1,2007,0,0,12,,,,,,1,1,57,2,0,0,3,0,3,0,11,4,,,,,0,0,0,2,1,0,0,0,0,0,,,,,,0,,,,,,98092,53,73,170,1,1,0,0,0,1,0,0,,,,,,0,11/15/2016,11/15/2016,1,0,0,0,8,9,8,,,0,0,0,8,0,0,0,0,0,0,0,0,0,0,996,,,,,,,,,,,,,,,,,,,,,,,,,,,,,,0,0,0,1,0,0,1,1,0,0,0,0,0,1,0,0,0,0,0,0,0,0,0,0,0,0,0,0,0,1,0,0,0,0,0,,0,0,0,0,0,0,0,0,0,0,0,1,0,0,0,0,,,,,,56-60,56-65,State route,U,Tuesday,Belt Used,PV,Not Fatal,0,1,0,0,State Route,State Patrol,Washington State Patrol Headquarter,1,1,0,0,0,,,,,,,,,,,,,,,,,,,,,,,,,,,,,,,,,,,,,,,,,,,
2017,57,E643387,3,02/14/2017,17:20,14,2,0,53,Pierce,0,10,0,5,1,2,1,0,4,3,,,,24,0,0,1.8,3,0,3,3,2,1,3,0,3,0,0,SR-167,GRATZER RD E,-122.3788639,47.23043056,0,2,98,62,4,50,34,0,0,1,2,12,1,1,5,5,1,1,1,53,0,20,481,2011,0,0,12,12,,,,,1,1,57,1,0,0,0,0,3,0,11,0,,,,,0,0,0,3,1,0,0,0,0,0,,,,,,0,,,,,,98335,53,72,225,6,1,0,0,0,0,0,0,,,,,,0,,,20,0,0,0,8,9,8,,,0,0,0,8,0,0,0,0,0,0,0,0,0,0,996,,,,,,,,,,,,,,,,,,,,,,,,,,,,,,0,0,0,1,0,0,1,1,0,0,0,0,0,1,0,0,0,0,0,0,0,0,0,0,0,0,0,0,0,1,0,0,0,0,0,,0,0,0,0,0,0,0,0,0,0,0,0,0,0,0,0,,,,,,56-60,56-65,State route,U,Tuesday,Belt Used,PV,Not Fatal,0,1,0,0,State Route,State Patrol,Washington State Patrol Headquarter,1,1,0,0,0,,,,,,,,,,,,,,,,,,,,,,,,,,,,,,,,,,,,,,,,,,,
2017,57,E643387,3,02/14/2017,17:20,14,2,0,53,Pierce,0,10,0,5,1,2,1,0,4,3,,,,24,0,0,1.8,3,0,3,3,2,1,3,0,3,0,0,SR-167,GRATZER RD E,-122.3788639,47.23043056,0,1,2,67,4,50,4,0,0,1,2,12,1,1,5,5,1,2,2,53,0,49,40,1993,0,0,68,68,63,24,69,68,1,1,45,1,7,1,4,7,3,0,11,0,02/14/2017,17:31,2.23E+11,7915,0,0,0,3,1,0,0,0,0,0,,,,,,0,,,,,,98374,53,71,200,6,1,0,0,0,2,1,0,,,,,,0,08/15/2014,05/15/2016,1,0,0,0,0,9,8,,,0,0,0,8,9,2,996,0,0,1,0,0,2,1,0,,,,,,,,,,,,,,,,,,,,,,,,,,,,,,0,0,0,1,0,0,1,1,0,0,0,0,0,1,0,0,0,0,0,0,0,0,0,0,0,0,0,0,0,1,0,0,0,0,0,,1,0,0,0,0,0,1,1,0,0,0,0,0,0,1,0,,,,,,41-45,36-45,State route,U,Tuesday,Belt Used,PV,White,0,1,0,0,State Route,State Patrol,Washington State Patrol Headquarter,1,1,0,0,0,,,,,,,,,,,,,,,,,,,,,,,,,,,,,,,,,,,,,,,,,,,
2017,59,E643606,8,02/16/2017,16:51,16,2,0,9,Clallam,0,5,0,1,2,2,1,1,4,1,16:58,17:12,,8,0,0,234.7,1,0,1,3,1,1,2,0,0,0,0,US-101,,-123.6625778,48.07295556,0,1,13,80,5,60,6,0,0,1,2,8,1,1,2,1,1,4,2,53,0,20,24,2009,0,0,8,,,,,,1,1,26,2,0,0,0,0,3,0,11,0,,,,,0,0,0,3,1,0,0,0,0,0,,,,,,98,,,,,,98357,53,65,119,6,1,0,0,0,1,0,0,,,,,,0,02/15/2012,02/15/2012,20,0,0,0,8,9,8,,,0,0,0,8,8,8,95,0,0,6,0,0,8,95,995,,,,,,,,,,,,,,,,,,,,,,,,,,,,,,0,0,0,0,0,0,0,0,0,0,0,0,0,0,0,0,0,0,0,0,0,0,0,0,0,0,0,0,0,1,0,1,0,0,0,,0,0,0,0,0,0,0,0,0,0,0,0,0,0,0,0,,,,,,26-30,26-35,US highway,R,Thursday,Belt Used,PV,Not Fatal,0,0,0,0,State Route,State Patrol,Washington State Patrol Headquarter,0,1,0,0,0,,,,,,,,,,,,,,,,,,,,,,,,,,,,,,,,,,,,,,,,,,,
2017,47,E643622,5,02/06/2017,18:56,6,2,0,15,Cowlitz,0,4,0,2,3,2,1,0,2,2,18:57,19:20,19:43,12,0,6,3.5,1,0,1,4,1,1,3,0,0,0,0,SR-504,,-122.8613972,46.29784722,0,1,66,6,1,55,40,0,0,1,2,12,1,2,3,2,6,1,1,53,0,49,472,2001,0,0,68,12,,,,,1,1,62,1,7,1,4,7,3,0,11,0,02/06/2017,18:56,53006855,6855,0,0,0,3,1,28,87,0,0,96,,,,,,99,,,,,,98649,53,75,242,6,1,0,0,0,0,0,0,,,,,,4,,,8,2,9,0,0,9,8,,,0,0,0,8,9,2,1,0,0,1,0,0,2,1,0,,,,,,,,,,,,,,,,,,,,,,,,,,,,,,0,0,0,0,0,0,0,0,0,0,0,0,1,0,0,0,0,0,0,0,0,0,0,0,0,0,0,0,0,1,1,0,0,0,0,,1,0,0,0,0,0,0,0,0,1,0,0,0,0,0,0,,,,,,61-65,56-65,State route,R,Monday,Belt Used,PV,White,0,1,1,0,State Route,State Patrol,Washington State Patrol Headquarter,0,1,0,0,0,,,,,,,,,,,,,,,,,,,,,,,,,,,,,,,,,,,,,,,,,,,
2017,47,E643622,5,02/06/2017,18:56,6,2,0,15,Cowlitz,0,4,0,2,3,2,1,0,2,2,18:57,19:20,19:43,12,0,6,3.5,1,0,1,4,1,1,3,0,0,0,0,SR-504,,-122.8613972,46.29784722,0,2,66,62,4,55,63,0,0,1,2,12,1,2,3,2,1,1,3,53,0,87,884,2012,0,0,12,,,,,,1,1,45,1,0,0,1,0,3,0,11,4,,,,,6,1,0,3,1,0,0,0,0,0,,,,,,0,,,,,,98683,53,74,225,6,1,0,0,0,0,0,0,,,,,,0,,,20,0,0,0,8,3,2,,,0,0,0,0,0,0,0,0,0,0,0,0,0,0,996,,,,,,,,,,,,,,,,,,,,,,,,,,,,,,0,0,0,0,0,0,0,0,0,0,0,0,1,0,0,0,0,0,0,0,0,0,0,0,0,0,0,0,0,1,1,0,0,0,0,,0,0,0,0,0,0,0,0,0,0,0,0,0,0,0,0,,,,,,41-45,36-45,State route,R,Monday,,MHTRUCK,Not Fatal,0,1,1,0,State Route,State Patrol,Washington State Patrol Headquarter,0,1,0,0,0,,,,,,,,,,,,,,,,,,,,,,,,,,,,,,,,,,,,,,,,,,,
2017,63,E643918,40,02/15/2017,13:21,15,2,0,63,Spokane,2113,2,0,1,2,2,1,0,2,2,13:24,13:29,14:00,12,0,2,0,1,0,1,3,2,4,6,0,0,0,0,E 32ND,,-117.2292806,47.62786667,0,1,50,10,2,35,2,0,0,1,2,12,1,1,2,1,1,1,2,16,0,37,33,1987,0,0,68,12,,,,,1,1,27,1,7,1,4,0,99,0,11,4,02/21/2017,23:00,2.11E+11,9114,0,0,0,2,1,28,0,0,0,96,,,,,,99,,,,,,83815,16,67,140,1,1,3,3,98,0,2,0,,,,,,0,02/15/2013,02/15/2017,20,0,0,0,0,9,8,,,0,0,0,8,9,2,996,0,0,1,0,0,2,1,0,,,,,,,,,,,,,,,,,,,,,,,,,,,,,,0,0,0,0,0,0,1,1,0,0,0,0,0,1,0,0,0,0,0,0,0,0,0,0,0,1,0,0,0,1,0,0,0,0,0,,1,0,0,0,0,0,1,1,0,0,0,1,0,0,1,0,,,,,,26-30,26-35,City street,U,Wednesday,Unknown,PV,White,0,1,1,0,City Street,County Sheriff,Spokane County Sheriff's Office,0,0,0,1,0,,,,,,,,,,,,,,,,,,,,,,,,,,,,,,,,,,,,,,,,,,,
2017,63,E643918,40,02/15/2017,13:21,15,2,0,63,Spokane,2113,2,0,1,2,2,1,0,2,2,13:24,13:29,14:00,12,0,2,0,1,0,1,3,2,4,6,0,0,0,0,E 32ND,,-117.2292806,47.62786667,0,2,51,62,4,35,14,0,0,1,2,12,1,1,2,1,1,1,1,53,0,37,402,2005,0,0,12,,,,,,1,1,67,2,0,0,1,0,3,0,11,8,,,,,0,0,3,3,1,0,0,0,0,0,,,,,,0,,,,,,99206,53,63,150,6,1,0,0,0,0,0,0,,,,,,0,,,8,0,0,0,8,9,8,,,0,0,0,8,0,2,1,0,0,1,0,0,2,1,0,,,,,,,,,,,,,,,,,,,,,,,,,,,,,,0,0,0,0,0,0,1,1,0,0,0,0,0,1,0,0,0,0,0,0,0,0,0,0,0,1,0,0,0,1,0,0,0,0,0,,0,0,0,0,0,0,0,0,0,0,0,0,0,0,0,0,,,,,,66-70,66-75,City street,U,Wednesday,Belt Used,PV,Not Fatal,0,1,1,0,City Street,County Sheriff,Spokane County Sheriff's Office,0,0,0,1,0,,,,,,,,,,,,,,,,,,,,,,,,,,,,,,,,,,,,,,,,,,,
2017,72,E644231,47,02/17/2017,18:35,17,2,3,27,Grays Harbor,10,1,0,3,1,2,1,1,1,1,,,,8,0,0,0,3,0,4,7,2,4,6,0,0,3,3,H ST S,MARKET ST,-123.8163611,46.97621667,0,1,13,80,5,25,34,0,0,1,5,8,1,1,2,1,11,1,1,53,0,7,472,2000,0,0,8,,,,,,1,1,60,1,0,0,0,0,3,0,11,0,,,,,0,0,3,3,1,0,0,0,0,0,,,,,,0,,,,,,98550,53,73,245,6,1,0,0,0,0,0,0,,,,,,0,,,20,0,0,0,8,9,8,,,0,0,0,8,0,0,0,0,0,0,0,0,0,0,996,,,,,,,,,,,,,,,,,,,,,,,,,,,,,,0,0,0,1,0,0,0,0,0,0,0,0,0,0,0,0,0,0,0,0,0,0,0,0,0,0,0,0,0,0,0,1,0,0,0,,0,0,0,0,0,0,0,0,0,0,0,0,0,0,0,0,,,,,,56-60,56-65,City street,U,Friday,Belt Used,PV,Not Fatal,1,0,0,0,City Street,Municipal/City Police,Aberdeen Police Department,0,0,0,1,0,,,,,,,,,,,,,,,,,,,,,,,,,,,,,,,,,,,,,,,,,,,
2017,60,E644403,2,02/16/2017,10:14,16,2,0,61,Snohomish,0,1,0,1,1,2,1,0,2,2,10:14,10:22,10:39,12,0,1,196.4,1,0,1,1,2,1,1,0,0,0,0,I-5,,-122.1744472,48.01188056,0,1,24,11,2,60,4,0,0,1,2,12,1,1,3,3,15,1,2,53,0,37,31,2010,0,0,64,69,12,,,,1,1,26,1,7,1,4,0,20,0,11,4,02/17/2017,22:45,1.96E+11,8848,0,0,0,3,1,0,0,0,0,96,,,,,,99,,,,,,98008,53,68,165,6,1,0,0,0,0,0,0,,,,,,4,,,1,0,0,0,0,9,8,,,0,0,0,8,9,2,1,0,0,1,0,0,2,1,0,,,,,,,,,,,,,,,,,,,,,,,,,,,,,,0,0,0,0,0,0,0,0,0,0,0,0,1,0,0,0,0,0,0,1,0,0,0,0,0,0,0,0,0,1,1,0,0,1,0,,1,0,0,0,0,0,0,0,0,1,0,0,0,0,0,0,,,,,,26-30,26-35,Interstate,U,Thursday,Not Used,PV,White,0,0,0,0,State Route,State Patrol,Washington State Patrol Headquarter,0,1,0,0,0,,,,,,,,,,,,,,,,,,,,,,,,,,,,,,,,,,,,,,,,,,,
2017,60,E644403,2,02/16/2017,10:14,16,2,0,61,Snohomish,0,1,0,1,1,2,1,0,2,2,10:14,10:22,10:39,12,0,1,196.4,1,0,1,1,2,1,1,0,0,0,0,I-5,,-122.1744472,48.01188056,0,2,25,61,4,60,66,1,0,1,5,12,1,1,3,3,1,1,1,53,0,87,884,1998,0,0,12,,,,,,1,1,42,1,0,0,0,0,3,0,11,0,,,,,6,1,0,3,1,0,0,0,0,0,,,,,,0,,,,,,98273,53,74,240,6,1,0,1,0,0,0,0,,,,,,0,02/15/2013,02/15/2013,20,0,0,0,8,9,8,,,0,0,0,8,0,0,0,0,0,0,0,0,0,0,996,,,,,,,,,,,,,,,,,,,,,,,,,,,,,,0,0,0,0,0,0,0,0,0,0,0,0,1,0,0,0,0,0,0,1,0,0,0,0,0,0,0,0,0,1,1,0,0,0,0,,0,0,0,0,0,0,0,0,0,0,0,0,0,0,0,0,,,,,,41-45,36-45,Interstate,U,Thursday,,MHTRUCK,Not Fatal,0,0,0,0,State Route,State Patrol,Washington State Patrol Headquarter,0,1,0,0,0,,,,,,,,,,,,,,,,,,,,,,,,,,,,,,,,,,,,,,,,,,,
2017,66,E644437,2,02/17/2017,14:58,17,2,0,73,Whatcom,0,1,0,1,1,2,1,0,7,2,,,,12,0,6,5.2,4,0,1,3,1,1,3,0,0,0,0,SR-539,,-122.4859,48.857525,0,1,82,53,3,50,14,0,0,1,5,12,1,1,5,1,11,6,2,53,0,7,402,2001,0,0,12,,,,,,1,1,30,2,0,0,0,0,3,0,11,0,,,,,0,0,0,3,1,38,0,0,0,93,,,,,,0,,,,,,98247,53,60,126,6,1,0,0,1,0,0,0,,,,,,0,11/15/2016,11/15/2016,1,0,0,0,8,9,8,,,0,0,0,8,0,0,0,0,0,0,0,0,0,0,996,,,,,,,,,,,,,,,,,,,,,,,,,,,,,,0,0,0,0,0,0,0,0,0,0,0,0,0,0,0,0,1,0,1,0,0,0,0,0,0,1,0,0,1,1,0,0,0,0,0,,0,0,0,0,0,0,0,0,1,0,1,0,0,0,0,0,,,,,,26-30,26-35,State route,R,Friday,Belt Used,PV,Not Fatal,0,0,0,0,State Route,State Patrol,Washington State Patrol Headquarter,0,1,0,0,0,,,,,,,,,,,,,,,,,,,,,,,,,,,,,,,,,,,,,,,,,,,
2017,66,E644437,2,02/17/2017,14:58,17,2,0,73,Whatcom,0,1,0,1,1,2,1,0,7,2,,,,12,0,6,5.2,4,0,1,3,1,1,3,0,0,0,0,SR-539,,-122.4859,48.857525,0,2,83,65,4,50,80,0,0,1,2,12,1,1,5,1,1,1,1,53,0,37,705,2005,0,0,12,,,,,,1,1,68,1,7,1,4,7,19,0,11,0,02/17/2017,14:58,53008632,8632,0,0,3,3,1,0,0,0,0,0,,,,,,99,,,,,,98264,53,73,230,6,1,0,0,0,1,0,0,,,,,,0,11/15/2013,11/15/2013,20,8,0,0,0,9,1,,,0,0,0,0,9,2,1,0,0,1,0,0,2,1,0,,,,,,,,,,,,,,,,,,,,,,,,,,,,,,0,0,0,0,0,0,0,0,0,0,0,0,0,0,0,0,1,0,1,0,0,0,0,0,0,1,0,0,1,1,0,0,0,0,1,0,0,0,0,0,0,0,0,0,0,0,0,0,0,0,0,0,,,,,,66-70,66-75,State route,R,Friday,,MC,White,0,0,0,0,State Route,State Patrol,Washington State Patrol Headquarter,0,1,0,0,0,,,,,,,,,,,,,,,,,,,,,,,,,,,,,,,,,,,,,,,,,,,
2017,61,E644607,7,02/17/2017,16:28,17,2,0,33,King,2310,1,0,5,1,2,1,1,1,1,,,,8,0,0,0.1,20,0,1,1,2,1,1,0,0,98,3,I-5 RAMP Q115518,,-122.262475,47.46461667,0,1,13,80,5,60,15,0,0,1,5,8,1,1,2,6,1,1,1,53,0,23,421,2003,0,0,8,,,,,,1,1,69,1,0,0,0,0,3,0,11,0,,,,,0,0,0,3,1,38,0,0,0,96,,,,,,0,,,,,,98118,53,75,217,6,1,0,0,0,0,0,46,,,,,,0,,,20,0,0,0,8,9,8,,,0,0,0,8,0,0,0,0,0,0,0,0,0,0,996,,,,,,,,,,,,,,,,,,,,,,,,,,,,,,0,0,0,0,0,0,0,0,0,0,0,0,0,0,0,0,0,0,1,0,0,0,0,0,0,1,0,0,0,1,0,1,0,0,0,,0,0,0,0,0,0,0,0,0,0,1,0,0,0,0,0,,,,,,66-70,66-75,Interstate,U,Friday,Belt Used,PV,Not Fatal,0,0,0,0,State Route,State Patrol,Washington State Patrol Headquarter,0,1,0,0,0,,,,,,,,,,,,,,,,,,,,,,,,,,,,,,,,,,,,,,,,,,,
2017,54,E644790,7,02/12/2017,20:23,12,2,0,33,King,109,1,0,3,1,2,1,0,2,1,,,,33,0,0,0,1,0,1,5,2,4,6,0,0,0,0,LAKE HILLS BLVD,,-122.1339861,47.60322778,0,1,6,8,1,30,80,0,0,1,2,42,3,2,2,1,6,2,1,53,0,71,706,2016,0,0,68,68,64,33,42,,1,1,53,1,7,1,4,7,5,0,11,0,02/12/2017,20:23,10953011014,11014,0,0,0,3,1,0,0,0,0,96,,,,,,99,,,,,,98059,53,72,280,6,1,0,0,0,3,0,0,,,,,,0,05/15/2013,08/15/2015,20,8,0,0,0,9,8,,,0,0,0,8,9,2,1,0,0,1,0,0,2,1,0,,,,,,,,,,,,,,,,,,,,,,,,,,,,,,0,0,1,0,0,0,0,0,0,0,0,0,0,0,0,0,0,0,0,0,0,0,0,0,0,0,0,0,1,0,0,0,0,0,1,0,0,0,0,0,0,0,0,0,0,0,0,0,0,0,0,0,,,,,,51-55,46-55,City street,U,Sunday,,MC,White,0,1,0,0,City Street,Municipal/City Police,Bellevue Police Department,1,0,0,1,0,,,,,,,,,,,,,,,,,,,,,,,,,,,,,,,,,,,,,,,,,,,
2017,62,E645035,47,02/14/2017,16:56,14,2,0,27,Grays Harbor,10,1,0,1,1,2,1,0,1,1,,,,43,0,0,0.1,3,0,2,4,2,1,3,0,0,3,3,SR-105 SPUR BOONE,W SCOTT ST,-123.8023694,46.96966944,0,1,6,12,2,30,2,0,0,1,2,30,1,1,2,1,1,1,1,53,0,55,37,2001,0,0,68,64,43,30,,,1,1,53,1,7,1,4,7,20,0,11,0,02/14/2017,16:56,1053008177,8177,0,0,0,0,1,0,0,0,0,96,,,,,,99,,,,,,98520,53,70,190,0,0,0,0,0,0,0,0,,,,,,4,,,8,0,0,0,0,9,8,,,0,0,0,8,9,2,1,0,0,1,0,0,2,1,0.022,,,,,,,,,,,,,,,,,,,,,,,,,,,,,,0,0,1,1,1,0,0,0,0,0,0,0,1,1,0,0,0,0,0,1,0,0,0,0,0,0,0,0,0,1,0,0,0,1,0,,1,0,0,0,1,0,0,0,0,1,0,1,1,0,0,1,,,,,,51-55,46-55,State route,U,Tuesday,Not Used,PV,White,0,1,0,0,State Route,Municipal/City Police,Aberdeen Police Department,1,1,0,0,0,,,,,,,,,,,,,,,,,,,,,,,,,,,,,,,,,,,,,,,,,,,