year,case,par,repjur,crash_dt,crash_tm,accday,accmon,holiday,county,co_char,city,weather,weather2,lightcond,surfcond,surftype,numfatal,nmforms,pforms,vforms,not_tm,arr_tm,hosp_tm,fhevent,hitrun,manncol,milepnt,reljunc,reljuncinter,intersectiontype,funcsystem,landuse,ownership,route,schlbus,spejur,contdev,devfunc,trafid1,trafid2,x,y,wk_zone,vnumber,crashtype,criticalevent,criticaleventcat,spdlim,body,trailer,emerg,hazcargo,leave,mhevent,roadalgn,roadprof,traflane,trafflow,vehmanvr,numoccs,regowner,regstate,spuse,make,model,modelyr,vrf1,vrf2,seqevent1,seqevent2,seqevent3,seqevent4,seqevent5,seqevent6,pnumber,ptype,age,sex,hispanic,race,injury,diedscene,restraint,restraintmisuse,seatpos,takehosp,death_dt,death_tm,cert,cernum_wa,commlic,licendor,licrestrict,liccomp,drivpres,drf1,drf2,drf3,drf4,distract1,distract2,distract3,distract4,distract5,distract6,dricond1,dricond2,dricond3,dricond4,dricond5,dricond6,dzip,licstate,drhgt_in,weight,noncdl,noncdltype,prevdwi,prevoth,prevacc,prevspd,prevsus,driviol1,driviol2,driviol3,driviol4,driviol5,driviol6,spdrel,first_dt,last_dt,airbag,ejection,ejectpath,extricat,injurwrk,methalc,methdrug,nmlocat,strikveh,prf1,prf2,prf3,druginv,alcinvol,drugsts,drugres1,drugres2,drugres3,drugtst1,drugtst2,drugtst3,alcsts,alctst,alcres,nmact1,nmact2,nmact3,nmact4,nmact5,nmact6,nmprior1,nmprior2,nmprior3,nmprior4,nmprior5,nmprior6,nmcond1,nmcond2,nmcond3,nmcond4,nmcond5,nmcond6,nmsafe_helmet,nmsafe_pads,nmsafe_oth,nmprev_ref,nmprev_lgt,nmprev_oth,crashlocation,nmcrashtype,crosswalk,schoolzone,sidewalk,train_inv,wildlife_inv,rotr_fars,intersect_fars,dd_inv,aid_inv,dpd_inv,id_inv,mj_inv,impnm_inv,ainm_inv,dpnm_inv,speed_inv,unlic_inv,unendmc_inv,drowsy_inv,drdist_inv,nmdist_inv,fty_inv,unrestfat_inv,dr1617_inv,dr1820_inv,dr1620_inv,dr2125_inv,dr1625_inv,dr65_inv,dr70_inv,dr75_inv,mc_inv,pv_inv,ht_inv,ped_inv,bike_inv,unrest_fat,mc_fat,unhelmet_mc,pv_fat,ht_fat,ped_fat,bike_fat,dr_alc7,dr_alc8,dr_drug,dr_imp,dr_dist,dr_spd,dr_fty,dr_unlic,dr_alc7only,dr_alc8only,dr_drugonly,dr_drink,nm_imp,nm_alc7,nm_alc8,nm_drug,nm_dist,agegrp1,agegrp2,roadclass,urbrur,dayweek,restuse,vehtype,race_me,intersect,lanedep,oppdir,wrongway,rep_typ,investag,repag_long,rotr,st_rd,cty_rd,city_rd,oth_rd,drug_thc,thc_res,drug_cthc,cthc_res,drug_cann,prevpersemin,prevperse,prevsusoth,drugtst4,drugtst5,drugtst6,drugtst7,drugtst8,drugres4,drugres5,drugres6,drugres7,drugres8,adspresent,adsengaged,adslevel,race1,race2,race3,race4,race5,helmet,helmetmisuse,nmdistract1,nmdistract2,nmdistract3,nmdistract4,nmdistract5,nmdistract6,lab,isedtcase,crf1,crf2,crf3,CoRoadName,CoMP,IntCoRoadName,IntCoMP
2017,169,E645038,315,02/17/2017,17:19,17,2,0,7,Chelan,2460,10,0,1,8,2,1,0,1,1,,,,30,0,0,0,1,0,1,4,2,4,6,0,0,0,0,N WESTERN AVE,,-120.3462306,47.44208611,0,1,1,8,1,35,20,0,0,1,5,30,1,1,2,1,1,1,1,53,0,20,441,1986,0,0,63,69,63,30,,,1,1,55,1,7,1,4,0,3,0,11,5,02/18/2017,16:15,2.46E+11,9275,0,0,0,3,1,0,0,0,0,0,,,,,,1,,,,,,98801,53,67,160,6,1,0,1,1,0,1,0,,,,,,0,10/15/2016,11/15/2016,20,0,0,0,0,9,8,,,0,0,0,8,9,0,0,0,0,0,0,0,0,0,996,,,,,,,,,,,,,,,,,,,,,,,,,,,,,,0,0,1,0,0,0,0,0,0,0,0,0,0,0,0,0,0,0,0,0,0,0,0,0,0,0,0,0,0,1,0,0,0,0,0,,1,0,0,0,0,0,0,0,0,0,0,0,0,0,0,0,,,,,,51-55,46-55,City street,U,Friday,Belt Used,PV,White,0,1,0,0,City Street,Municipal/City Police,Wenatchee Police Department,1,0,0,1,0,,,,,,,,,,,,,,,,,,,,,,,,,,,,,,,,,,,,,,,,,,,
2017,58,E645429,21,02/15/2017,15:31,15,2,0,25,Grant,0,2,0,1,2,7,1,0,3,2,,,,12,0,6,6.9,2,0,2,5,1,2,4,0,0,20,3,CR-RD 3 NE,RD Q NE,-119.1292167,47.13011389,0,1,89,17,2,50,4,0,0,1,2,12,1,1,2,1,1,1,1,53,0,20,37,2011,0,0,12,,,,,,1,1,75,1,7,1,4,7,20,0,11,0,02/15/2017,15:31,53008078,8078,0,0,0,3,1,39,0,0,0,93,,,,,,0,,,,,,98857,53,71,200,6,1,0,4,1,8,0,0,,,,,,0,04/15/2012,11/15/2016,8,0,0,0,0,9,8,,,0,0,0,8,0,2,996,0,0,1,0,0,2,1,0,,,,,,,,,,,,,,,,,,,,,,,,,,,,,,0,0,0,1,0,0,1,1,0,0,0,0,0,0,0,0,1,0,0,1,0,0,0,0,0,1,1,1,0,1,1,0,0,1,0,,1,0,0,0,0,0,1,1,1,0,0,0,0,0,1,0,,,,,,71-75,66-75,County road,R,Wednesday,Not Used,PV,White,1,0,0,0,County Road,County Sheriff,Grant County Sheriff's Office,0,0,1,0,0,,,,,,,,,,,,,,,,,,,,,,,,,,,,,,,,,,,,,,,,,,,
2017,58,E645429,21,02/15/2017,15:31,15,2,0,25,Grant,0,2,0,1,2,2,1,0,3,2,,,,12,0,6,6.9,2,0,2,5,1,2,4,0,0,0,0,CR-RD 3 NE,RD Q NE,-119.1292167,47.13011389,0,2,88,66,4,55,67,0,0,1,2,12,1,1,2,1,1,2,1,53,0,20,880,2006,0,0,12,,,,,,1,1,60,1,0,0,3,0,20,0,11,5,,,,,0,0,0,3,1,0,0,0,0,0,,,,,,0,,,,,,98857,53,73,328,6,1,0,0,0,0,0,0,,,,,,0,,,1,0,0,0,8,9,8,,,0,0,0,8,0,0,0,0,0,0,0,0,0,0,996,,,,,,,,,,,,,,,,,,,,,,,,,,,,,,0,0,0,1,0,0,1,1,0,0,0,0,0,0,0,0,1,0,0,1,0,0,0,0,0,1,1,1,0,1,1,0,0,0,0,,0,0,0,0,0,0,0,0,0,0,0,0,0,0,0,0,,,,,,56-60,56-65,County road,R,Wednesday,Not Used,MHTRUCK,Not Fatal,1,0,0,0,County Road,County Sheriff,Grant County Sheriff's Office,0,0,1,0,0,,,,,,,,,,,,,,,,,,,,,,,,,,,,,,,,,,,,,,,,,,,
2017,64,E645622,42,02/22/2017,7:16,22,2,0,67,Thurston,0,1,0,4,2,2,1,0,3,2,,,,12,0,6,6.4,2,0,2,3,2,2,4,0,0,20,3,CR-YELM HWY SE,CANTERWOOD DR SE,-122.7898639,46.98894167,0,1,82,15,2,50,4,0,0,1,2,12,1,1,2,2,11,2,2,53,0,30,40,2000,0,0,12,,,,,,1,1,18,1,0,0,0,0,3,0,11,0,,,,,0,0,0,3,1,48,0,0,0,96,,,,,,0,,,,,,98513,53,66,140,6,1,0,0,0,0,0,97,,,,,,0,,,1,0,0,0,8,9,8,,,0,0,0,8,0,0,0,0,0,0,0,0,0,0,996,,,,,,,,,,,,,,,,,,,,,,,,,,,,,,0,0,0,1,0,0,0,0,0,0,0,0,0,0,0,0,0,0,0,1,0,1,1,0,1,1,0,0,0,1,0,0,0,0,0,,0,0,0,0,0,0,0,0,0,0,0,0,0,0,0,0,,,,,,18-20,16-25,County road,U,Wednesday,Belt Used,PV,Not Fatal,1,0,0,0,County Road,County Sheriff,Thurston County Sheriff's Office,0,0,1,0,0,,,,,,,,,,,,,,,,,,,,,,,,,,,,,,,,,,,,,,,,,,,
2017,64,E645622,42,02/22/2017,7:16,22,2,0,67,Thurston,0,1,0,4,2,2,1,0,3,2,,,,12,0,6,6.4,2,0,2,3,2,2,4,0,0,0,0,CR-YELM HWY SE,CANTERWOOD DR SE,-122.7898639,46.98894167,0,2,83,67,4,50,4,0,0,1,2,12,1,1,3,1,1,1,2,53,0,35,47,2005,0,0,12,,,,,,1,1,69,2,7,1,4,7,20,0,11,0,02/22/2017,7:16,1.10E+11,9487,0,0,3,3,1,0,0,0,0,0,,,,,,0,,,,,,98513,53,68,200,6,1,0,1,0,2,1,0,,,,,,0,06/15/2012,07/15/2013,20,0,0,0,0,9,8,,,0,0,0,8,9,2,1,0,0,1,0,0,2,1,0,,,,,,,,,,,,,,,,,,,,,,,,,,,,,,0,0,0,1,0,0,0,0,0,0,0,0,0,0,0,0,0,0,0,1,0,1,1,0,1,1,0,0,0,1,0,0,0,1,0,,1,0,0,0,0,0,0,0,0,0,0,0,0,0,0,0,,,,,,66-70,66-75,County road,U,Wednesday,Not Used,PV,White,1,0,0,0,County Road,County Sheriff,Thurston County Sheriff's Office,0,0,1,0,0,,,,,,,,,,,,,,,,,,,,,,,,,,,,,,,,,,,,,,,,,,,
2017,65,E645754,122,02/24/2017,20:11,24,2,0,61,Snohomish,690,10,0,3,1,2,1,0,3,1,20:11,20:23,20:54,39,1,0,0,1,0,1,5,2,4,6,0,0,0,0,HARDESON RD,,-122.2445639,47.928425,0,1,7,6,1,35,4,0,0,1,2,39,3,1,3,5,14,3,2,53,0,35,47,2014,0,0,68,64,39,,,,1,1,30,1,0,0,1,0,3,0,11,4,,,,,0,0,0,2,1,0,0,0,0,96,,,,,,99,,,,,,98036,53,68,185,1,1,0,1,0,1,3,97,,,,,,3,03/15/2015,01/15/2017,1,0,0,0,8,9,8,,,0,0,0,8,9,0,0,0,0,0,0,0,0,0,996,,,,,,,,,,,,,,,,,,,,,,,,,,,,,,0,0,0,0,0,0,0,0,0,0,0,0,1,1,0,0,0,0,0,1,0,0,0,0,0,0,0,0,0,1,0,0,0,0,0,,0,0,0,0,0,0,0,0,0,1,0,1,0,0,0,0,,,,,,26-30,26-35,City street,U,Friday,Belt Used,PV,Not Fatal,0,1,0,0,City Street,Municipal/City Police,Everett Police Department,1,0,0,1,0,,,,,,,,,,,,,,,,,,,,,,,,,,,,,,,,,,,,,,,,,,,
2017,170,E645790,129,02/17/2017,18:54,17,2,3,53,Pierce,747,1,0,3,1,2,1,0,3,2,18:55,18:58,19:31,12,0,1,0,2,0,2,4,2,4,6,0,0,3,3,PACIFIC HWY E,PORT OF TACOMA RD E,-122.3856361,47.24315833,0,1,20,50,3,35,80,0,0,1,5,12,1,1,5,1,1,1,1,53,0,37,705,1998,0,0,12,,,,,,1,1,55,1,7,1,4,0,19,0,11,4,03/04/2017,9:04,2.23E+11,12145,0,0,0,3,1,0,0,0,0,93,,,,,,0,,,,,,98372,53,73,225,6,1,0,0,0,0,0,0,,,,,,0,,,20,8,0,0,0,9,8,,,0,0,0,8,0,0,0,0,0,0,0,0,0,0,996,,,,,,,,,,,,,,,,,,,,,,,,,,,,,,0,0,0,1,0,0,0,0,0,0,0,0,0,0,0,0,1,0,0,0,0,0,0,0,0,0,0,0,1,1,0,0,0,0,1,0,0,0,0,0,0,0,0,0,1,0,0,0,0,0,0,0,,,,,,51-55,46-55,City street,U,Friday,,MC,White,1,0,0,0,City Street,Municipal/City Police,Fife Police Department,0,0,0,1,0,,,,,,,,,,,,,,,,,,,,,,,,,,,,,,,,,,,,,,,,,,,
2017,170,E645790,129,02/17/2017,18:54,17,2,3,53,Pierce,747,1,0,3,1,2,1,0,3,2,18:55,18:58,19:31,12,0,1,0,2,0,2,4,2,4,6,0,0,3,3,PACIFIC HWY E,PORT OF TACOMA RD E,-122.3856361,47.24315833,0,2,21,53,3,35,2,0,0,1,5,12,1,1,5,1,5,2,2,53,0,37,31,2003,0,0,12,,,,,,1,1,35,1,0,0,0,0,3,0,11,0,,,,,0,0,0,3,1,0,0,0,0,0,,,,,,0,,,,,,98584,53,68,185,6,1,0,0,0,1,0,0,,,,,,0,04/15/2013,04/15/2013,20,0,0,0,8,9,8,,,0,0,0,8,0,0,0,0,0,0,0,0,0,0,996,,,,,,,,,,,,,,,,,,,,,,,,,,,,,,0,0,0,1,0,0,0,0,0,0,0,0,0,0,0,0,1,0,0,0,0,0,0,0,0,0,0,0,1,1,0,0,0,0,0,,0,0,0,0,0,0,0,0,0,0,0,0,0,0,0,0,,,,,,31-35,26-35,City street,U,Friday,Belt Used,PV,Not Fatal,1,0,0,0,City Street,Municipal/City Police,Fife Police Department,0,0,0,1,0,,,,,,,,,,,,,,,,,,,,,,,,,,,,,,,,,,,,,,,,,,,
2017,67,E645821,14,02/25/2017,23:25,25,2,0,11,Clark,0,1,0,2,1,2,1,1,1,1,,,,8,1,0,0.9,1,0,1,4,2,2,4,0,0,0,0,CR-NE MINNEHAHA ST,,-122.6472139,45.667675,0,1,13,80,5,40,14,0,0,1,5,8,1,1,5,1,1,1,1,53,0,35,401,1998,0,0,8,,,,,,1,1,35,2,0,0,0,0,99,0,11,0,,,,,0,0,3,2,1,0,0,0,0,96,,,,,,1,,,,,,98661,53,64,110,1,1,0,3,1,0,2,0,,,,,,9,02/15/2014,09/15/2016,99,0,0,0,8,9,8,,,0,0,0,8,1,0,0,0,0,0,0,0,0,0,996,,,,,,,,,,,,,,,,,,,,,,,,,,,,,,0,0,0,0,1,0,0,0,0,1,1,1,0,1,0,0,0,1,0,0,0,0,0,0,0,0,0,0,0,1,0,1,0,0,0,,0,0,0,0,0,0,0,0,0,0,0,1,0,0,0,1,,,,,,31-35,26-35,County road,U,Saturday,Unknown,PV,Not Fatal,0,0,0,0,County Road,County Sheriff,Clark County Sheriff's Office,0,0,1,0,0,,,,,,,,,,,,,,,,,,,,,,,,,,,,,,,,,,,,,,,,,,,
2017,68,E646985,4,02/24/2017,17:33,24,2,0,63,Spokane,2113,10,0,5,1,2,1,0,1,1,,,,43,0,0,287.6,1,0,1,1,2,1,1,0,0,0,0,I-90,,-117.2393056,47.67416111,0,1,1,13,2,60,34,0,0,1,2,43,1,1,3,3,1,1,1,49,0,7,482,2016,0,0,63,43,67,21,,,1,1,64,1,7,1,4,7,3,0,11,0,02/24/2017,17:33,2.11E+11,9651,0,0,0,2,1,0,0,0,0,96,,,,,,9,,,,,,84092,49,73,231,1,1,1,1,98,1,0,0,,,,,,0,01/15/2013,02/15/2017,8,0,0,0,0,1,8,,,0,0,0,8,1,2,996,0,0,1,0,0,2,1,0.15,,,,,,,,,,,,,,,,,,,,,,,,,,,,,,0,0,1,0,1,1,1,1,0,0,0,0,0,1,0,0,0,0,0,0,0,0,0,0,0,0,0,0,0,0,0,0,0,0,0,,0,0,0,0,0,1,1,1,0,0,0,1,0,0,0,1,,,,,,61-65,56-65,Interstate,U,Friday,Belt Used,PV,White,0,1,0,0,State Route,State Patrol,Washington State Patrol Headquarter,1,1,0,0,0,,,,,,,,,,,,,,,,,,,,,,,,,,,,,,,,,,,,,,,,,,,
2017,70,E647382,25,02/24/2017,18:30,24,2,0,33,King,229,10,0,3,1,1,1,1,1,1,,,,8,1,0,0,1,0,1,4,2,4,6,0,0,0,0,S 152ND ST,,-122.3282333,47.46689722,0,1,13,80,5,25,9,0,0,1,5,8,1,1,2,1,1,99,9,99,0,99,399,9999,0,0,8,,,,,,1,1,999,9,0,0,9,0,99,0,11,0,,,,,99,9,9,9,1,0,0,0,0,96,,,,,,99,,,,,,99999,99,,999,9,9,99,99,99,99,99,97,,,,,,9,,,99,0,0,0,8,9,8,,,0,0,0,8,9,0,0,0,0,0,0,0,0,0,996,,,,,,,,,,,,,,,,,,,,,,,,,,,,,,0,0,0,0,0,0,0,0,0,0,0,0,0,0,0,0,0,0,0,0,0,0,0,0,0,0,0,0,0,1,0,1,0,0,0,,0,0,0,0,0,0,0,0,0,0,0,0,0,0,0,0,,,,,,,,City street,U,Friday,Unknown,PV,Not Fatal,0,0,0,0,City Street,County Sheriff,King County Police,0,0,0,1,0,,,,,,,,,,,,,,,,,,,,,,,,,,,,,,,,,,,,,,,,,,,
2017,76,E647658,242,03/01/2017,16:46,1,3,0,53,Pierce,1770,1,0,1,1,2,1,0,4,3,,,,12,0,6,0,2,0,2,4,2,4,6,0,0,0,0,4TH ST NW,5TH AVE NW,-122.2984111,47.19540278,0,2,69,62,4,30,4,0,0,1,2,12,1,1,2,1,1,2,1,53,0,6,51,2008,0,0,12,12,,,,,1,1,71,2,0,0,3,0,3,0,11,5,,,,,0,0,0,3,1,0,0,0,0,0,,,,,,0,,,,,,98371,53,63,260,6,1,0,0,0,0,0,0,,,,,,0,,,8,0,0,0,8,9,8,,,0,0,0,8,0,0,0,0,0,0,0,0,0,0,996,,,,,,,,,,,,,,,,,,,,,,,,,,,,,,0,0,0,1,0,0,0,0,0,0,0,0,0,0,0,0,1,0,1,0,0,0,0,1,1,1,1,0,0,1,0,0,0,0,0,,0,0,0,0,0,0,0,0,0,0,0,0,0,0,0,0,,,,,,71-75,66-75,City street,U,Wednesday,Belt Used,PV,Not Fatal,1,0,0,0,City Street,Municipal/City Police,Puyallup Police Department,0,0,0,1,0,,,,,,,,,,,,,,,,,,,,,,,,,,,,,,,,,,,,,,,,,,,
2017,76,E647658,242,03/01/2017,16:46,1,3,0,53,Pierce,1770,1,0,1,1,2,1,0,4,3,,,,12,0,6,0,2,0,2,4,2,4,6,0,0,20,3,4TH ST NW,5TH AVE NW,-122.2984111,47.19540278,0,3,98,66,4,25,4,0,0,1,5,12,8,8,2,1,5,1,1,53,0,30,40,2012,0,0,12,,,,,,1,1,38,2,0,0,0,0,3,0,11,0,,,,,0,0,0,3,1,0,0,0,0,0,,,,,,0,,,,,,98371,53,64,180,6,1,0,1,0,0,0,0,,,,,,0,12/15/2013,12/15/2013,20,0,0,0,8,9,8,,,0,0,0,8,0,0,0,0,0,0,0,0,0,0,996,,,,,,,,,,,,,,,,,,,,,,,,,,,,,,0,0,0,1,0,0,0,0,0,0,0,0,0,0,0,0,1,0,1,0,0,0,0,1,1,1,1,0,0,1,0,0,0,0,0,,0,0,0,0,0,0,0,0,0,0,0,0,0,0,0,0,,,,,,36-40,36-45,City street,U,Wednesday,Belt Used,PV,Not Fatal,1,0,0,0,City Street,Municipal/City Police,Puyallup Police Department,0,0,0,1,0,,,,,,,,,,,,,,,,,,,,,,,,,,,,,,,,,,,,,,,,,,,
2017,76,E647658,242,03/01/2017,16:46,1,3,0,53,Pierce,1770,1,0,1,1,2,1,0,4,3,,,,12,0,6,0,2,0,2,4,2,4,6,0,0,0,0,4TH ST NW,5TH AVE NW,-122.2984111,47.19540278,0,1,68,15,2,30,34,0,0,1,2,12,1,1,2,1,11,1,2,53,0,12,481,1999,0,0,68,12,,,,,1,1,25,1,0,0,0,0,3,0,11,0,,,,,0,0,0,3,1,38,0,0,0,1,,,,,,0,,,,,,98390,53,74,280,6,1,0,0,0,0,0,97,,,,,,0,,,1,0,0,0,8,9,8,,,0,0,0,8,0,0,0,0,0,0,0,0,0,0,996,,,,,,,,,,,,,,,,,,,,,,,,,,,,,,0,0,0,1,0,0,0,0,0,0,0,0,0,0,0,0,1,0,1,0,0,0,0,1,1,1,1,0,0,1,0,0,0,0,0,,0,0,0,0,0,0,0,0,1,0,1,0,0,0,0,0,,,,,,21-25,16-25,City street,U,Wednesday,Belt Used,PV,Not Fatal,1,0,0,0,City Street,Municipal/City Police,Puyallup Police Department,0,0,0,1,0,,,,,,,,,,,,,,,,,,,,,,,,,,,,,,,,,,,,,,,,,,,
2017,41,E648561,3,01/09/2017,11:34,9,1,0,53,Pierce,0,1,0,1,1,2,1,0,3,2,,,,12,0,1,0.7,1,0,1,7,2,2,4,0,0,0,0,CR-113TH ST S,,-122.4350528,47.13638889,0,1,20,50,3,25,14,0,0,1,5,12,1,1,2,1,1,1,2,53,0,49,401,1995,0,0,12,,,,,,1,1,30,2,0,0,0,0,3,0,11,0,,,,,0,0,0,3,1,0,0,0,0,93,,,,,,0,,,,,,98424,53,66,125,6,1,0,1,0,0,1,97,,,,,,0,02/15/2015,07/15/2016,20,0,0,0,8,9,8,,,0,0,0,8,0,0,0,0,0,0,0,0,0,0,996,,,,,,,,,,,,,,,,,,,,,,,,,,,,,,0,0,0,0,0,0,0,0,0,0,0,0,0,0,0,0,1,0,0,0,0,0,0,0,0,0,0,0,0,1,0,0,0,0,0,,0,0,0,0,0,0,0,0,1,0,0,0,0,0,0,0,,,,,,26-30,26-35,County road,U,Monday,Belt Used,PV,Not Fatal,0,0,0,0,County Road,County Sheriff,Law Enforcement Support Agency,0,0,1,0,0,,,,,,,,,,,,,,,,,,,,,,,,,,,,,,,,,,,,,,,,,,,
2017,41,E648561,3,01/09/2017,11:34,9,1,0,53,Pierce,0,1,0,1,1,2,1,0,3,2,,,,12,0,1,0.7,1,0,1,7,2,2,4,0,0,0,0,CR-113TH ST S,,-122.4350528,47.13638889,0,2,21,80,5,25,4,0,0,1,5,12,1,1,2,1,5,2,1,53,0,63,38,2015,0,0,12,,,,,,1,1,41,2,0,0,0,0,3,0,11,0,,,,,0,0,0,3,1,0,0,0,0,0,,,,,,0,,,,,,98444,53,65,210,6,1,0,0,2,0,0,0,,,,,,0,12/15/2012,08/15/2016,20,0,0,0,8,9,8,,,0,0,0,8,0,0,0,0,0,0,0,0,0,0,996,,,,,,,,,,,,,,,,,,,,,,,,,,,,,,0,0,0,0,0,0,0,0,0,0,0,0,0,0,0,0,1,0,0,0,0,0,0,0,0,0,0,0,0,1,0,0,0,0,0,,0,0,0,0,0,0,0,0,0,0,0,0,0,0,0,0,,,,,,41-45,36-45,County road,U,Monday,Belt Used,PV,Not Fatal,0,0,0,0,County Road,County Sheriff,Law Enforcement Support Agency,0,0,1,0,0,,,,,,,,,,,,,,,,,,,,,,,,,,,,,,,,,,,,,,,,,,,
2017,75,E648586,35,03/04/2017,22:55,4,3,0,53,Pierce,0,10,0,3,2,2,1,0,2,2,,,,12,0,6,7,8,0,1,3,2,2,4,0,0,0,0,CR-112TH ST S,,-122.4397083,47.15543611,0,1,68,15,2,35,15,0,0,1,2,12,1,1,3,5,11,1,1,53,0,20,421,2005,0,0,12,,,,,,1,1,53,2,0,0,0,0,20,0,11,0,,,,,0,0,0,3,1,38,0,0,0,96,,,,,,0,,,,,,98444,53,63,155,6,1,0,0,0,0,0,2,,,,,,0,,,20,0,0,0,8,9,8,,,0,0,0,8,0,0,0,0,0,0,0,0,0,0,996,,,,,,,,,,,,,,,,,,,,,,,,,,,,,,0,0,0,0,1,1,1,1,1,0,0,0,0,0,0,0,0,0,1,0,0,0,0,0,0,0,0,0,1,1,0,0,0,0,0,,0,0,0,0,0,0,0,0,0,0,1,0,0,0,0,0,,,,,,51-55,46-55,County road,U,Saturday,Not Used,PV,Not Fatal,1,0,0,0,County Road,County Sheriff,Law Enforcement Support Agency,0,0,1,0,0,,,,,,,,,,,,,,,,,,,,,,,,,,,,,,,,,,,,,,,,,,,
2017,75,E648586,35,03/04/2017,22:55,4,3,0,53,Pierce,0,10,0,3,2,2,1,0,2,2,,,,12,0,6,7,8,0,1,3,2,2,4,0,0,0,0,CR-112TH ST S,,-122.4397083,47.15543611,0,2,69,62,4,35,80,0,0,1,2,12,1,1,3,5,1,1,1,53,0,53,705,2001,0,0,12,,,,,,1,1,38,1,1,1,4,0,19,0,11,4,03/05/2017,1:50,2.23E+11,11302,0,0,3,3,1,0,0,0,0,0,,,,,,0,,,,,,98445,53,66,186,6,1,0,0,0,1,0,0,,,,,,0,06/15/2016,06/15/2016,20,8,0,0,0,9,8,,,0,0,0,8,0,2,605,0,0,1,0,0,2,1,0.091,,,,,,,,,,,,,,,,,,,,,,,,,,,,,,0,0,0,0,1,1,1,1,1,0,0,0,0,0,0,0,0,0,1,0,0,0,0,0,0,0,0,0,1,1,0,0,0,0,1,0,0,0,0,0,0,1,1,1,0,0,0,0,0,0,0,1,,,,,,36-40,36-45,County road,U,Saturday,,MC,Hispanic,1,0,0,0,County Road,County Sheriff,Law Enforcement Support Agency,0,0,1,0,0,thc,12,carboxy-thc,110,,,,,,,,,,,,,,,,,,,,,,,,,,,,,,,,,,,,,,,
2017,73,E649147,2,03/02/2017,3:40,2,3,0,57,Skagit,0,2,0,3,2,1,1,0,1,1,,,,35,0,0,234.9,1,0,1,1,1,1,1,0,0,0,0,I-5,,-122.3390833,48.50706667,0,1,6,12,2,70,14,0,0,1,3,35,1,2,2,2,1,1,1,53,0,37,402,1998,0,0,64,35,,,,,1,1,27,1,7,1,4,7,3,0,11,0,03/02/2017,3:40,53010669,10669,0,0,0,3,1,0,0,0,0,99,,,,,,9,,,,,,98223,53,69,170,6,1,0,4,1,0,1,0,,,,,,9,06/15/2014,10/15/2016,1,0,0,0,0,1,1,,,0,0,0,1,1,2,515,513,0,1,1,0,2,1,0.18,,,,,,,,,,,,,,,,,,,,,,,,,,,,,,0,0,1,0,1,1,1,1,0,0,0,0,0,0,0,0,0,0,0,0,0,0,0,0,0,0,0,0,0,1,0,0,0,0,0,,1,0,0,0,0,1,1,1,0,0,0,0,0,0,0,1,,,,,,26-30,26-35,Interstate,R,Thursday,Belt Used,PV,White,0,1,0,0,State Route,State Patrol,Washington State Patrol Headquarter,1,1,0,0,0,,,,,,,,,,,,,,,,,,,,,,,,,,,,,,,,,,,,,,,,,,,
2017,69,E649217,163,02/27/2017,1:19,27,2,0,33,King,1050,1,0,3,1,2,1,0,1,1,,,,42,0,0,0,1,0,1,3,2,4,6,0,0,0,0,NE 124TH ST,,-122.15745,47.711625,0,1,2,6,1,35,4,0,0,1,2,30,2,2,5,5,14,1,1,53,0,51,47,2002,0,0,63,42,30,40,,,1,1,20,1,7,1,4,7,3,0,11,0,02/27/2017,1:19,1.05E+11,12010,0,0,0,3,1,0,0,0,0,96,,,,,,99,,,,,,98034,53,71,145,6,1,0,0,0,0,0,0,,,,,,4,,,8,0,0,0,0,9,8,,,0,0,0,8,9,2,605,0,0,1,0,0,2,1,0,,,,,,,,,,,,,,,,,,,,,,,,,,,,,,0,0,0,0,0,0,1,1,1,0,0,0,1,0,0,0,0,0,0,0,0,1,1,0,1,0,0,0,0,1,0,0,0,0,0,,1,0,0,0,0,0,1,1,0,1,0,0,0,0,1,0,,,,,,18-20,16-25,City street,U,Monday,Belt Used,PV,White,0,1,0,0,City Street,Municipal/City Police,Kirkland Police Department,1,0,0,1,0,thc,1.3,,,,,,,,,,,,,,,,,,,,,,,,,,,,,,,,,,,,,,,,,
2017,74,E649502,1,03/05/2017,17:45,5,3,0,21,Franklin,1660,1,0,1,1,2,1,0,1,1,,,,1,0,0,0.5,5,1,1,1,2,1,1,0,0,0,0,I-182 RAMP S101140,,-119.1352944,46.25178611,0,1,98,12,2,98,80,0,0,1,2,1,2,1,1,6,6,1,1,53,0,72,706,2014,0,0,64,1,,,,,1,1,40,1,7,1,4,7,16,0,11,0,03/05/2017,17:50,1.66E+11,11210,6,0,3,3,1,0,0,0,0,99,,,,,,9,,,,,,99352,53,67,200,6,1,0,0,0,4,0,0,,,,,,9,07/15/2013,09/15/2016,20,8,0,0,0,1,8,,,0,0,0,8,1,0,0,0,0,0,0,0,2,1,0.22,,,,,,,,,,,,,,,,,,,,,,,,,,,,,,0,0,0,0,1,1,0,1,0,0,0,0,0,0,0,0,0,0,0,0,0,0,0,0,0,0,0,0,1,0,0,0,0,0,1,1,0,0,0,0,0,1,0,1,0,0,0,0,0,1,0,1,,,,,,36-40,36-45,Interstate,U,Sunday,,MC,White,1,0,0,0,State Route,State Patrol,Washington State Patrol Headquarter,0,1,0,0,0,,,,,,,,,,,,,,,,,,,,,,,,,,,,,,,,,,,,,,,,,,,