year,case,par,repjur,crash_dt,crash_tm,accday,accmon,holiday,county,co_char,city,weather,weather2,lightcond,surfcond,surftype,numfatal,nmforms,pforms,vforms,not_tm,arr_tm,hosp_tm,fhevent,hitrun,manncol,milepnt,reljunc,reljuncinter,intersectiontype,funcsystem,landuse,ownership,route,schlbus,spejur,contdev,devfunc,trafid1,trafid2,x,y,wk_zone,vnumber,crashtype,criticalevent,criticaleventcat,spdlim,body,trailer,emerg,hazcargo,leave,mhevent,roadalgn,roadprof,traflane,trafflow,vehmanvr,numoccs,regowner,regstate,spuse,make,model,modelyr,vrf1,vrf2,seqevent1,seqevent2,seqevent3,seqevent4,seqevent5,seqevent6,pnumber,ptype,age,sex,hispanic,race,injury,diedscene,restraint,restraintmisuse,seatpos,takehosp,death_dt,death_tm,cert,cernum_wa,commlic,licendor,licrestrict,liccomp,drivpres,drf1,drf2,drf3,drf4,distract1,distract2,distract3,distract4,distract5,distract6,dricond1,dricond2,dricond3,dricond4,dricond5,dricond6,dzip,licstate,drhgt_in,weight,noncdl,noncdltype,prevdwi,prevoth,prevacc,prevspd,prevsus,driviol1,driviol2,driviol3,driviol4,driviol5,driviol6,spdrel,first_dt,last_dt,airbag,ejection,ejectpath,extricat,injurwrk,methalc,methdrug,nmlocat,strikveh,prf1,prf2,prf3,druginv,alcinvol,drugsts,drugres1,drugres2,drugres3,drugtst1,drugtst2,drugtst3,alcsts,alctst,alcres,nmact1,nmact2,nmact3,nmact4,nmact5,nmact6,nmprior1,nmprior2,nmprior3,nmprior4,nmprior5,nmprior6,nmcond1,nmcond2,nmcond3,nmcond4,nmcond5,nmcond6,nmsafe_helmet,nmsafe_pads,nmsafe_oth,nmprev_ref,nmprev_lgt,nmprev_oth,crashlocation,nmcrashtype,crosswalk,schoolzone,sidewalk,train_inv,wildlife_inv,rotr_fars,intersect_fars,dd_inv,aid_inv,dpd_inv,id_inv,mj_inv,impnm_inv,ainm_inv,dpnm_inv,speed_inv,unlic_inv,unendmc_inv,drowsy_inv,drdist_inv,nmdist_inv,fty_inv,unrestfat_inv,dr1617_inv,dr1820_inv,dr1620_inv,dr2125_inv,dr1625_inv,dr65_inv,dr70_inv,dr75_inv,mc_inv,pv_inv,ht_inv,ped_inv,bike_inv,unrest_fat,mc_fat,unhelmet_mc,pv_fat,ht_fat,ped_fat,bike_fat,dr_alc7,dr_alc8,dr_drug,dr_imp,dr_dist,dr_spd,dr_fty,dr_unlic,dr_alc7only,dr_alc8only,dr_drugonly,dr_drink,nm_imp,nm_alc7,nm_alc8,nm_drug,nm_dist,agegrp1,agegrp2,roadclass,urbrur,dayweek,restuse,vehtype,race_me,intersect,lanedep,oppdir,wrongway,rep_typ,investag,repag_long,rotr,st_rd,cty_rd,city_rd,oth_rd,drug_thc,thc_res,drug_cthc,cthc_res,drug_cann,prevpersemin,prevperse,prevsusoth,drugtst4,drugtst5,drugtst6,drugtst7,drugtst8,drugres4,drugres5,drugres6,drugres7,drugres8,adspresent,adsengaged,adslevel,race1,race2,race3,race4,race5,helmet,helmetmisuse,nmdistract1,nmdistract2,nmdistract3,nmdistract4,nmdistract5,nmdistract6,lab,isedtcase,crf1,crf2,crf3,CoRoadName,CoMP,IntCoRoadName,IntCoMP
2017,171,E656405,278,03/29/2017,11:30,29,3,0,63,Spokane,2110,2,0,1,2,2,1,0,3,2,11:31,11:39,12:13,12,0,6,0,2,0,3,3,2,4,6,0,0,3,3,NEVADA,LYONS,-117.3953389,47.71858889,0,1,68,15,2,30,20,0,0,1,2,12,1,1,2,1,11,1,1,53,0,6,441,2001,0,0,12,,,,,,1,1,89,2,7,1,4,0,99,0,11,5,04/06/2017,12:25,2.11E+11,16475,0,0,3,3,1,38,39,0,0,96,,,,,,0,,,,,,99208,53,66,180,6,1,0,0,0,0,0,35,,,,,,0,,,1,0,0,0,0,9,8,,,0,0,0,8,0,2,1,0,0,1,0,0,2,1,0,,,,,,,,,,,,,,,,,,,,,,,,,,,,,,0,0,0,1,0,0,0,0,0,0,0,0,0,0,0,0,0,0,1,0,0,0,0,0,0,1,1,1,0,1,0,0,0,0,0,,1,0,0,0,0,0,0,0,0,0,1,0,0,0,0,0,,,,,,81+,76+,City street,U,Wednesday,Unknown,PV,White,1,0,0,0,City Street,Municipal/City Police,Spokane Police Department,0,0,0,1,0,,,,,,,,,,,,,,,,,,,,,,,,,,,,,,,,,,,,,,,,,,,
2017,102,E656882,339,03/29/2017,19:04,29,3,0,63,Spokane,2113,1,0,5,1,2,1,0,4,2,19:08,19:11,19:46,12,0,6,0,2,0,2,3,2,4,6,0,0,3,3,E SPRAGUE AVE,N PARK RD,-117.3041528,47.65685833,0,2,89,17,2,35,14,0,0,1,2,30,1,1,2,1,1,2,1,16,0,48,401,2010,0,0,12,68,64,30,,,1,1,76,1,0,0,1,0,3,0,11,0,,,,,0,0,3,3,1,39,0,0,0,96,,,,,,0,,,,,,83873,16,68,155,6,1,0,0,0,0,0,97,,,,,,0,,,2,0,0,0,8,9,8,,,0,0,0,8,0,0,0,0,0,0,0,0,0,0,996,,,,,,,,,,,,,,,,,,,,,,,,,,,,,,0,0,0,1,0,0,0,0,0,0,0,0,0,0,0,0,0,0,0,0,0,0,0,0,0,1,1,1,0,1,0,0,0,0,0,,0,0,0,0,0,0,0,0,0,0,0,0,0,0,0,0,,,,,,76-80,76+,City street,U,Wednesday,Belt Used,PV,Not Fatal,1,0,0,0,City Street,Municipal/City Police,Spokane Valley Police Department,0,0,0,1,0,,,,,,,,,,,,,,,,,,,,,,,,,,,,,,,,,,,,,,,,,,,
2017,102,E656882,339,03/29/2017,19:04,29,3,0,63,Spokane,2113,1,0,5,1,2,1,0,4,2,19:08,19:11,19:46,12,0,6,0,2,0,2,3,2,4,6,0,0,3,3,E SPRAGUE AVE,N PARK RD,-117.3041528,47.65685833,0,1,88,66,4,35,4,0,0,1,2,12,1,1,2,1,4,2,1,53,0,49,40,1996,0,0,12,,,,,,1,1,27,1,0,0,0,0,3,0,11,0,,,,,0,0,3,3,1,0,0,0,0,0,,,,,,0,,,,,,99206,53,69,150,6,1,0,0,0,0,0,0,,,,,,0,,,20,0,0,0,8,9,8,,,0,0,0,8,0,0,0,0,0,0,0,0,0,0,996,,,,,,,,,,,,,,,,,,,,,,,,,,,,,,0,0,0,1,0,0,0,0,0,0,0,0,0,0,0,0,0,0,0,0,0,0,0,0,0,1,1,1,0,1,0,0,0,0,0,,0,0,0,0,0,0,0,0,0,0,0,0,0,0,0,0,,,,,,26-30,26-35,City street,U,Wednesday,Belt Used,PV,Not Fatal,1,0,0,0,City Street,Municipal/City Police,Spokane Valley Police Department,0,0,0,1,0,,,,,,,,,,,,,,,,,,,,,,,,,,,,,,,,,,,,,,,,,,,
2017,97,E656985,7,03/17/2017,23:16,17,3,0,33,King,1958,2,0,2,2,2,1,0,10,3,,,,12,0,7,150.1,1,0,1,1,2,1,1,0,0,0,0,I-5,,-122.2916222,47.39523611,0,3,98,90,6,60,4,0,0,1,2,54,4,2,5,3,14,2,2,53,0,30,40,2000,0,0,54,1,,,,,1,1,18,2,0,0,1,0,99,0,11,4,,,,,0,0,0,3,1,0,0,0,0,92,,,,,,0,,,,,,98001,53,68,133,6,1,0,0,1,0,0,0,,,,,,0,11/15/2014,11/15/2014,20,0,0,0,8,9,8,,,0,0,0,8,0,0,0,0,0,0,0,0,0,0,996,,,,,,,,,,,,,,,,,,,,,,,,,,,,,,0,0,0,0,1,0,1,1,1,0,0,0,0,1,0,0,1,0,0,0,0,1,1,0,1,0,0,0,0,1,0,0,0,0,0,,0,0,0,0,0,0,0,0,1,0,0,0,0,0,0,0,,,,,,18-20,16-25,Interstate,U,Friday,Unknown,PV,Not Fatal,0,0,0,0,State Route,State Patrol,Washington State Patrol Headquarter,0,1,0,0,0,,,,,,,,,,,,,,,,,,,,,,,,,,,,,,,,,,,,,,,,,,,
2017,97,E656985,7,03/17/2017,23:16,17,3,0,33,King,1958,2,0,2,2,2,1,0,10,3,,,,12,0,7,150.1,1,0,1,1,2,1,1,0,0,0,0,I-5,,-122.2916222,47.39523611,0,1,46,11,2,60,4,0,0,1,2,1,4,2,5,3,15,4,2,53,0,18,3,2002,0,0,12,64,24,1,73,54,1,1,27,1,0,0,1,0,99,0,11,8,,,,,0,0,0,0,1,0,0,0,0,92,,,,,,99,,,,,,98031,53,69,185,0,0,0,0,0,0,0,97,,,,,,0,,,99,0,0,0,8,9,8,,,0,0,0,8,1,2,605,0,0,1,0,0,2,1,0.06,,,,,,,,,,,,,,,,,,,,,,,,,,,,,,0,0,0,0,1,0,1,1,1,0,0,0,0,1,0,0,1,0,0,0,0,1,1,0,1,0,0,0,0,1,0,0,0,0,0,,0,0,0,0,1,0,1,1,1,0,0,1,0,0,0,1,,,,,,26-30,26-35,Interstate,U,Friday,Unknown,PV,Not Fatal,0,0,0,0,State Route,State Patrol,Washington State Patrol Headquarter,0,1,0,0,0,thc,1.1,carboxy-thc,8.8,,,,,,,,,,,,,,,,,,,,,,,,,,,,,,,,,,,,,,,
2017,97,E656985,7,03/17/2017,23:16,17,3,0,33,King,1958,2,0,2,2,2,1,0,10,3,,,,12,0,7,150.1,1,0,1,1,2,1,1,0,0,0,0,I-5,,-122.2916222,47.39523611,0,2,45,61,4,60,5,0,0,1,5,12,4,2,5,3,14,4,1,53,0,41,51,2011,0,0,12,,,,,,1,1,44,2,0,0,0,0,3,0,11,0,,,,,0,0,0,3,1,0,0,0,0,0,,,,,,0,,,,,,98466,53,66,160,6,1,0,0,0,0,0,0,,,,,,0,,,20,0,0,0,8,9,8,,,0,0,0,8,0,0,0,0,0,0,0,0,0,0,996,,,,,,,,,,,,,,,,,,,,,,,,,,,,,,0,0,0,0,1,0,1,1,1,0,0,0,0,1,0,0,1,0,0,0,0,1,1,0,1,0,0,0,0,1,0,0,0,0,0,,0,0,0,0,0,0,0,0,0,0,0,0,0,0,0,0,,,,,,41-45,36-45,Interstate,U,Friday,Belt Used,PV,Not Fatal,0,0,0,0,State Route,State Patrol,Washington State Patrol Headquarter,0,1,0,0,0,,,,,,,,,,,,,,,,,,,,,,,,,,,,,,,,,,,,,,,,,,,
2017,90,E657038,5,03/22/2017,4:57,22,3,0,15,Cowlitz,0,10,0,2,2,2,1,1,1,1,,,,8,0,0,34.2,1,0,1,1,1,1,1,0,0,0,0,I-5,,-122.8683306,46.06836667,0,1,13,80,5,70,5,0,0,1,2,8,1,1,3,3,1,1,1,53,0,20,28,2012,0,0,8,64,25,,,,1,1,43,2,0,0,0,0,3,0,11,0,,,,,0,0,3,3,1,0,0,0,0,0,,,,,,0,,,,,,98626,53,62,180,6,1,0,1,1,1,0,0,,,,,,0,07/15/2012,08/15/2013,8,0,0,0,8,9,8,,,0,0,0,8,0,0,0,0,0,0,0,0,0,0,996,,,,,,,,,,,,,,,,,,,,,,,,,,,,,,0,0,0,0,0,0,0,0,0,1,0,1,0,0,0,0,0,0,0,0,0,0,0,0,0,0,0,0,0,1,0,1,0,0,0,,0,0,0,0,0,0,0,0,0,0,0,0,0,0,0,0,,,,,,41-45,36-45,Interstate,R,Wednesday,Belt Used,PV,Not Fatal,0,0,0,0,State Route,State Patrol,Washington State Patrol Headquarter,0,1,0,0,0,,,,,,,,,,,,,,,,,,,,,,,,,,,,,,,,,,,,,,,,,,,
2017,86,E657194,2,03/18/2017,15:10,18,3,0,61,Snohomish,0,2,0,1,2,2,1,0,4,3,14:58,15:05,15:42,12,0,2,4.5,1,0,1,3,2,1,2,0,0,0,0,US-2,,-122.1144444,47.95451389,0,1,52,10,2,60,5,0,0,1,2,12,1,2,3,1,1,1,1,53,0,63,32,2006,0,0,68,12,,,,,1,1,78,2,7,7,4,7,3,0,11,0,03/18/2017,15:10,53013497,13497,0,0,0,3,1,28,0,0,0,92,,,,,,99,,,,,,98043,53,58,95,6,1,0,0,1,0,0,0,,,,,,0,07/15/2013,07/15/2013,1,0,0,0,0,9,8,,,0,0,0,8,9,2,1,0,0,1,0,0,2,1,0,,,,,,,,,,,,,,,,,,,,,,,,,,,,,,0,0,0,0,0,0,0,0,0,0,0,0,0,0,0,0,1,0,0,0,0,0,0,0,0,1,1,1,0,1,0,0,0,0,0,,1,0,0,0,0,0,0,0,1,0,0,0,0,0,0,0,,,,,,76-80,76+,US highway,U,Saturday,Belt Used,PV,API,0,0,0,1,State Route,State Patrol,Washington State Patrol Headquarter,0,1,0,0,0,,,,,,,,,,,,,,,,,,,,,,,,,,,,,,,,,,,,,,,,,,,
2017,86,E657194,2,03/18/2017,15:10,18,3,0,61,Snohomish,0,2,0,1,2,2,1,0,4,3,14:58,15:05,15:42,12,0,2,4.5,1,0,1,3,2,1,2,0,0,0,0,US-2,,-122.1144444,47.95451389,0,2,52,54,3,60,4,0,0,1,2,12,1,2,3,1,1,1,1,53,0,53,33,2003,0,0,12,12,,,,,1,1,31,1,0,0,3,0,3,0,11,3,,,,,0,0,0,3,1,0,0,0,0,0,,,,,,0,,,,,,98105,53,70,200,6,1,0,1,0,0,0,0,,,,,,0,03/15/2016,03/15/2016,1,0,0,0,8,9,8,,,0,0,0,8,0,0,0,0,0,0,0,0,0,0,996,,,,,,,,,,,,,,,,,,,,,,,,,,,,,,0,0,0,0,0,0,0,0,0,0,0,0,0,0,0,0,1,0,0,0,0,0,0,0,0,1,1,1,0,1,0,0,0,0,0,,0,0,0,0,0,0,0,0,0,0,0,0,0,0,0,0,,,,,,31-35,26-35,US highway,U,Saturday,Belt Used,PV,Not Fatal,0,0,0,1,State Route,State Patrol,Washington State Patrol Headquarter,0,1,0,0,0,,,,,,,,,,,,,,,,,,,,,,,,,,,,,,,,,,,,,,,,,,,
2017,86,E657194,2,03/18/2017,15:10,18,3,0,61,Snohomish,0,2,0,1,2,2,1,0,4,3,14:58,15:05,15:42,12,0,2,4.5,1,0,1,3,2,1,2,0,0,0,0,US-2,,-122.1144444,47.95451389,0,3,98,50,3,60,20,0,0,1,2,12,1,2,3,1,1,2,1,53,0,7,442,2015,0,0,12,,,,,,1,1,35,2,0,0,0,0,3,0,11,0,,,,,6,0,1,3,1,0,0,0,0,0,,,,,,0,,,,,,98258,53,67,195,6,1,0,2,1,0,0,0,,,,,,0,08/15/2012,08/15/2012,20,0,0,0,8,9,8,,,0,0,0,8,0,0,0,0,0,0,0,0,0,0,996,,,,,,,,,,,,,,,,,,,,,,,,,,,,,,0,0,0,0,0,0,0,0,0,0,0,0,0,0,0,0,1,0,0,0,0,0,0,0,0,1,1,1,0,1,0,0,0,0,0,,0,0,0,0,0,0,0,0,0,0,0,0,0,0,0,0,,,,,,31-35,26-35,US highway,U,Saturday,Belt Used,PV,Not Fatal,0,0,0,1,State Route,State Patrol,Washington State Patrol Headquarter,0,1,0,0,0,,,,,,,,,,,,,,,,,,,,,,,,,,,,,,,,,,,,,,,,,,,
2017,93,E657949,1,03/27/2017,11:49,27,3,0,77,Yakima,0,1,0,1,1,2,1,1,1,1,11:44,11:47,12:05,15,0,0,3.3,1,0,1,4,2,1,3,0,0,0,0,SR-823,,-120.520025,46.66756944,0,1,13,83,5,40,16,0,0,1,5,15,1,1,4,1,1,1,1,53,0,20,431,2003,0,0,15,,,,,,1,1,60,2,0,0,0,0,3,0,11,0,,,,,0,0,3,3,1,0,0,0,0,13,,,,,,99,,,,,,98942,53,64,172,6,1,0,0,0,0,0,0,,,,,,0,,,20,0,0,0,8,9,8,,,0,0,0,8,9,2,996,0,0,1,0,0,2,1,0,,,,,,,,,,,,,,,,,,,,,,,,,,,,,,0,0,0,0,0,0,1,1,0,1,0,1,0,0,0,0,1,0,0,0,0,0,0,0,0,0,0,0,0,1,0,1,0,0,0,,0,0,0,0,0,0,1,1,1,0,0,0,0,0,1,0,,,,,,56-60,56-65,State route,U,Monday,Belt Used,PV,Not Fatal,0,0,0,0,State Route,State Patrol,Washington State Patrol Headquarter,0,1,0,0,0,,,,,,,,,,,,,,,,,,,,,,,,,,,,,,,,,,,,,,,,,,,
2017,92,E658130,25,03/25/2017,9:10,25,3,0,33,King,229,1,0,1,1,2,1,0,2,2,,,,12,0,2,0,1,0,1,3,2,4,6,0,0,0,0,ALBAUM BLVD SW,,-122.3500278,47.48798889,0,2,51,62,4,35,62,0,0,1,2,12,3,2,5,5,14,1,3,53,0,12,881,2006,0,0,12,,,,,,1,1,43,1,0,0,0,0,3,0,11,0,,,,,0,0,0,3,1,0,0,0,0,0,,,,,,0,,,,,,98118,53,63,210,6,1,0,3,3,0,0,0,,,,,,0,01/15/2013,03/15/2016,20,0,0,0,8,9,8,,,0,0,0,8,0,0,0,0,0,0,0,0,0,0,996,,,,,,,,,,,,,,,,,,,,,,,,,,,,,,0,0,0,0,1,0,1,1,1,0,0,0,1,1,0,0,0,0,0,0,0,1,1,0,1,0,0,0,0,1,1,0,0,0,0,,0,0,0,0,0,0,0,0,0,0,0,0,0,0,0,0,,,,,,41-45,36-45,City street,U,Saturday,,MHTRUCK,Not Fatal,0,1,1,0,City Street,County Sheriff,King County Police,0,0,0,1,0,,,,,,,,,,,,,,,,,,,,,,,,,,,,,,,,,,,,,,,,,,,
2017,92,E658130,25,03/25/2017,9:10,25,3,0,33,King,229,1,0,1,1,2,1,0,2,2,,,,12,0,2,0,1,0,1,3,2,4,6,0,0,0,0,ALBAUM BLVD SW,,-122.3500278,47.48798889,0,1,50,10,2,35,4,0,0,1,2,12,2,2,5,5,6,1,2,53,0,41,35,1995,0,0,68,12,,,,,1,1,19,1,1,98,4,7,3,0,11,0,03/25/2017,9:10,22953015787,15787,0,0,0,0,1,28,0,0,0,96,,,,,,99,,,,,,98168,53,67,200,0,0,0,1,0,1,0,0,,,,,,3,12/15/2016,02/15/2017,8,0,0,0,0,9,8,,,0,0,0,8,9,2,401,417,605,1,1,1,2,1,0.068,,,,,,,,,,,,,,,,,,,,,,,,,,,,,,0,0,0,0,1,0,1,1,1,0,0,0,1,1,0,0,0,0,0,0,0,1,1,0,1,0,0,0,0,1,1,0,0,0,0,,1,0,0,0,1,0,1,1,0,1,0,1,0,0,0,1,,,,,,18-20,16-25,City street,U,Saturday,Belt Used,PV,Hispanic,0,1,1,0,City Street,County Sheriff,King County Police,0,0,0,1,0,thc,11,carboxy-thc,49,,,,,,,,,,,,,,,,,,,,,,,,,,,,,,,,,,,,,,,
2017,94,E658363,5,03/27/2017,21:02,27,3,0,41,Lewis,0,2,0,2,2,2,1,0,1,1,21:20,21:51,23:05,24,0,0,88.9,1,0,1,3,1,1,2,0,0,0,0,US-12,,-122.4403028,46.54231944,0,1,1,13,2,55,80,0,0,1,2,24,3,1,2,1,14,1,2,53,0,72,706,2001,0,0,63,24,,,,,1,1,56,1,7,1,4,0,16,0,11,1,03/27/2017,23:17,2.37E+11,15243,6,0,0,3,1,0,0,0,0,96,,,,,,9,,,,,,98360,53,72,240,6,1,0,1,0,1,0,0,,,,,,0,11/15/2012,07/15/2013,20,8,0,0,0,1,8,,,0,0,0,8,1,2,1,0,0,1,0,0,2,1,0.16,,,,,,,,,,,,,,,,,,,,,,,,,,,,,,0,0,1,0,1,1,0,1,0,0,0,0,0,0,0,0,0,0,0,0,0,0,0,0,0,0,0,0,1,0,0,0,0,0,1,1,0,0,0,0,0,1,0,1,0,0,0,0,0,1,0,1,,,,,,56-60,56-65,US highway,R,Monday,,MC,White,0,1,0,0,State Route,State Patrol,Washington State Patrol Headquarter,1,1,0,0,0,,,,,,,,,,,,,,,,,,,,,,,,,,,,,,,,,,,,,,,,,,,
2017,95,E658391,4,03/28/2017,15:56,28,3,0,63,Spokane,0,2,0,1,2,2,1,0,4,2,15:23,15:36,16:26,12,0,6,185.8,2,0,2,3,1,1,2,0,0,20,3,US-395,W DAHL RD,-117.4965444,47.96049167,0,1,88,17,2,45,34,0,0,1,2,12,1,1,2,1,1,1,2,53,0,7,482,1997,0,0,12,,,,,,1,1,16,1,0,0,0,0,3,0,11,0,,,,,0,0,1,3,1,38,39,0,0,96,,,,,,0,,,,,,99006,53,73,132,6,2,0,0,0,1,1,37,,,,,,0,07/15/2016,10/15/2016,1,0,0,0,8,9,8,,,0,0,0,8,0,0,0,0,0,0,0,0,0,0,996,,,,,,,,,,,,,,,,,,,,,,,,,,,,,,0,0,0,1,0,0,0,0,0,0,0,0,0,0,0,0,0,0,1,0,1,0,1,0,1,0,0,0,0,1,0,0,0,0,0,,0,0,0,0,0,0,0,0,0,0,1,0,0,0,0,0,,,,,,16-17,16-25,US highway,R,Tuesday,Belt Used,PV,Not Fatal,1,0,0,0,State Route,State Patrol,Washington State Patrol Headquarter,0,1,0,0,0,,,,,,,,,,,,,,,,,,,,,,,,,,,,,,,,,,,,,,,,,,,
2017,95,E658391,4,03/28/2017,15:56,28,3,0,63,Spokane,0,2,0,1,2,2,1,0,4,2,15:23,15:36,16:26,12,0,6,185.8,2,0,2,3,1,1,2,0,0,0,0,US-395,W DAHL RD,-117.4965444,47.96049167,0,2,89,66,4,60,5,0,0,1,2,12,8,8,3,1,1,3,1,53,0,63,33,2005,0,0,12,,,,,,1,1,43,2,7,1,4,7,3,0,11,0,03/28/2017,15:56,53015340,15340,0,0,0,3,1,0,0,0,0,0,,,,,,0,,,,,,99148,53,69,150,6,1,0,0,1,1,0,0,,,,,,0,08/15/2014,09/15/2016,1,0,0,0,0,9,8,,,0,0,0,8,0,2,1,0,0,1,0,0,2,1,0,,,,,,,,,,,,,,,,,,,,,,,,,,,,,,0,0,0,1,0,0,0,0,0,0,0,0,0,0,0,0,0,0,1,0,1,0,1,0,1,0,0,0,0,1,0,0,0,0,0,,1,0,0,0,0,0,0,0,0,0,0,0,0,0,0,0,,,,,,41-45,36-45,US highway,R,Tuesday,Belt Used,PV,White,1,0,0,0,State Route,State Patrol,Washington State Patrol Headquarter,0,1,0,0,0,,,,,,,,,,,,,,,,,,,,,,,,,,,,,,,,,,,,,,,,,,,
2017,98,E658576,282,03/17/2017,6:44,17,3,0,61,Snohomish,2140,1,0,3,1,2,1,1,1,1,,,,8,0,0,5.3,3,0,2,4,2,1,3,0,0,3,3,SR-532,PIONEER HWY,-122.3442667,48.23989444,0,1,13,80,5,45,34,0,0,1,5,8,1,2,5,1,1,1,1,53,0,20,481,1979,0,0,8,,,,,,1,1,73,1,0,0,0,0,3,0,11,0,,,,,0,0,3,3,1,0,0,0,0,1,,,,,,0,,,,,,98292,53,70,230,6,1,0,0,0,0,0,0,,,,,,0,,,20,0,0,0,8,9,8,,,0,0,0,8,0,0,0,0,0,0,0,0,0,0,996,,,,,,,,,,,,,,,,,,,,,,,,,,,,,,0,0,0,1,0,0,0,0,0,1,0,1,0,0,0,0,1,0,0,0,0,0,0,0,0,1,1,0,0,0,0,1,0,0,0,,0,0,0,0,0,0,0,0,1,0,0,0,0,0,0,0,,,,,,71-75,66-75,State route,U,Friday,Belt Used,PV,Not Fatal,0,0,0,0,State Route,Municipal/City Police,Stanwood Police Department,0,1,0,0,0,,,,,,,,,,,,,,,,,,,,,,,,,,,,,,,,,,,,,,,,,,,
2017,173,E659247,25,04/04/2017,12:04,4,4,0,33,King,0,10,0,1,1,2,1,0,1,4,,,,14,0,0,0.2,1,0,1,7,2,2,4,0,0,0,0,CR-108TH SW,,-122.3355583,47.50675833,0,1,11,11,2,25,14,0,0,1,2,14,1,1,2,1,1,1,1,53,0,63,401,2016,0,0,63,14,14,14,,,1,1,72,1,7,1,4,0,20,0,11,4,04/26/2017,14:34,1.96E+11,20055,0,0,3,3,1,0,0,0,0,96,,,,,,1,,,,,,98146,53,72,240,6,1,0,0,0,0,0,0,,,,,,0,,,1,0,0,0,0,9,8,,,0,0,0,8,0,0,0,0,0,0,0,0,0,0,996,,,,,,,,,,,,,,,,,,,,,,,,,,,,,,0,0,0,0,0,0,0,0,0,0,0,0,0,0,0,0,0,0,0,1,0,0,0,0,0,1,1,0,0,1,0,0,0,1,0,,1,0,0,0,0,0,0,0,0,0,0,0,0,0,0,0,,,,,,71-75,66-75,County road,U,Tuesday,Not Used,PV,White,0,1,0,0,County Road,County Sheriff,King County Police,1,0,1,0,0,,,,,,,,,,,,,,,,,,,,,,,,,,,,,,,,,,,,,,,,,,,
2017,91,E659377,8,03/26/2017,20:41,26,3,0,27,Grays Harbor,0,10,0,3,2,2,1,0,3,2,,,,12,0,2,67.9,1,0,1,3,1,1,2,0,0,0,0,US-101,,-123.7469278,46.80131111,0,2,52,54,3,55,2,0,0,1,2,12,3,2,2,1,14,1,2,53,0,49,38,1992,0,0,12,,,,,,1,1,18,2,4,1,4,0,3,0,11,0,03/26/2017,20:58,53014445,14445,0,0,0,3,1,0,0,0,0,0,,,,,,0,,,,,,98577,53,64,180,6,1,0,0,0,0,0,0,,,,,,0,,,20,0,0,0,0,9,8,,,0,0,0,8,0,2,1,0,0,1,0,0,2,1,0,,,,,,,,,,,,,,,,,,,,,,,,,,,,,,0,0,0,0,0,0,0,0,0,0,0,0,0,0,0,0,0,0,0,0,0,1,1,0,1,0,0,0,0,1,0,0,0,0,0,,1,0,0,0,0,0,0,0,0,0,0,0,0,0,0,0,,,,,,18-20,16-25,US highway,R,Sunday,Belt Used,PV,Hispanic,0,1,1,0,State Route,State Patrol,Washington State Patrol Headquarter,0,1,0,0,0,,,,,,,,,,,,,,,,,,,,,,,,,,,,,,,,,,,,,,,,,,,
2017,91,E659377,8,03/26/2017,20:41,26,3,0,27,Grays Harbor,0,10,0,3,2,2,1,0,3,2,,,,12,0,2,67.9,1,0,1,3,1,1,2,0,0,0,0,US-101,,-123.7469278,46.80131111,0,1,52,10,2,55,34,0,0,1,2,12,2,2,2,1,6,2,1,53,0,35,471,1996,0,0,68,12,,,,,1,1,32,1,0,0,1,0,20,0,11,5,,,,,0,0,0,3,1,28,0,0,0,96,,,,,,0,,,,,,98586,53,64,160,6,1,2,1,0,2,0,1,,,,,,0,08/15/2012,04/15/2013,1,0,0,0,8,9,8,,,0,0,0,8,0,2,1,0,0,1,0,0,2,1,0,,,,,,,,,,,,,,,,,,,,,,,,,,,,,,0,0,0,0,0,0,0,0,0,0,0,0,0,0,0,0,0,0,0,0,0,1,1,0,1,0,0,0,0,1,0,0,0,0,0,,0,0,0,0,0,0,0,0,0,0,0,0,0,0,0,0,,,,,,31-35,26-35,US highway,R,Sunday,Not Used,PV,Not Fatal,0,1,1,0,State Route,State Patrol,Washington State Patrol Headquarter,0,1,0,0,0,,,,,,,,,,,,,,,,,,,,,,,,,,,,,,,,,,,,,,,,,,,
2017,103,E659803,7,04/09/2017,9:46,9,4,0,33,King,0,10,0,1,1,2,1,0,1,1,,,,24,0,0,7.3,1,0,1,2,2,1,3,0,0,0,0,SR-18,,-122.1758889,47.30374444,0,1,6,9,1,60,80,0,0,1,2,24,1,2,4,3,1,1,1,53,0,73,705,2013,0,0,64,24,,,,,1,1,22,1,7,1,4,7,5,0,11,0,04/09/2017,9:46,53017101,17101,0,0,0,3,1,0,0,0,0,96,,,,,,99,,,,,,98042,53,73,180,6,1,0,0,0,2,0,0,,,,,,4,09/15/2013,02/15/2014,20,8,0,0,0,9,8,,,0,0,0,8,9,2,1,0,0,1,0,0,2,1,0,,,,,,,,,,,,,,,,,,,,,,,,,,,,,,0,0,1,0,0,0,0,0,0,0,0,0,1,0,0,0,0,0,0,0,0,0,0,1,1,0,0,0,1,0,0,0,0,0,1,0,0,0,0,0,0,0,0,0,0,1,0,0,0,0,0,0,,,,,,21-25,16-25,State route,U,Sunday,,MC,White,0,1,0,0,State Route,State Patrol,Washington State Patrol Headquarter,1,1,0,0,0,,,,,,,,,,,,,,,,,,,,,,,,,,,,,,,,,,,,,,,,,,,