year,case,par,repjur,crash_dt,crash_tm,accday,accmon,holiday,county,co_char,city,weather,weather2,lightcond,surfcond,surftype,numfatal,nmforms,pforms,vforms,not_tm,arr_tm,hosp_tm,fhevent,hitrun,manncol,milepnt,reljunc,reljuncinter,intersectiontype,funcsystem,landuse,ownership,route,schlbus,spejur,contdev,devfunc,trafid1,trafid2,x,y,wk_zone,vnumber,crashtype,criticalevent,criticaleventcat,spdlim,body,trailer,emerg,hazcargo,leave,mhevent,roadalgn,roadprof,traflane,trafflow,vehmanvr,numoccs,regowner,regstate,spuse,make,model,modelyr,vrf1,vrf2,seqevent1,seqevent2,seqevent3,seqevent4,seqevent5,seqevent6,pnumber,ptype,age,sex,hispanic,race,injury,diedscene,restraint,restraintmisuse,seatpos,takehosp,death_dt,death_tm,cert,cernum_wa,commlic,licendor,licrestrict,liccomp,drivpres,drf1,drf2,drf3,drf4,distract1,distract2,distract3,distract4,distract5,distract6,dricond1,dricond2,dricond3,dricond4,dricond5,dricond6,dzip,licstate,drhgt_in,weight,noncdl,noncdltype,prevdwi,prevoth,prevacc,prevspd,prevsus,driviol1,driviol2,driviol3,driviol4,driviol5,driviol6,spdrel,first_dt,last_dt,airbag,ejection,ejectpath,extricat,injurwrk,methalc,methdrug,nmlocat,strikveh,prf1,prf2,prf3,druginv,alcinvol,drugsts,drugres1,drugres2,drugres3,drugtst1,drugtst2,drugtst3,alcsts,alctst,alcres,nmact1,nmact2,nmact3,nmact4,nmact5,nmact6,nmprior1,nmprior2,nmprior3,nmprior4,nmprior5,nmprior6,nmcond1,nmcond2,nmcond3,nmcond4,nmcond5,nmcond6,nmsafe_helmet,nmsafe_pads,nmsafe_oth,nmprev_ref,nmprev_lgt,nmprev_oth,crashlocation,nmcrashtype,crosswalk,schoolzone,sidewalk,train_inv,wildlife_inv,rotr_fars,intersect_fars,dd_inv,aid_inv,dpd_inv,id_inv,mj_inv,impnm_inv,ainm_inv,dpnm_inv,speed_inv,unlic_inv,unendmc_inv,drowsy_inv,drdist_inv,nmdist_inv,fty_inv,unrestfat_inv,dr1617_inv,dr1820_inv,dr1620_inv,dr2125_inv,dr1625_inv,dr65_inv,dr70_inv,dr75_inv,mc_inv,pv_inv,ht_inv,ped_inv,bike_inv,unrest_fat,mc_fat,unhelmet_mc,pv_fat,ht_fat,ped_fat,bike_fat,dr_alc7,dr_alc8,dr_drug,dr_imp,dr_dist,dr_spd,dr_fty,dr_unlic,dr_alc7only,dr_alc8only,dr_drugonly,dr_drink,nm_imp,nm_alc7,nm_alc8,nm_drug,nm_dist,agegrp1,agegrp2,roadclass,urbrur,dayweek,restuse,vehtype,race_me,intersect,lanedep,oppdir,wrongway,rep_typ,investag,repag_long,rotr,st_rd,cty_rd,city_rd,oth_rd,drug_thc,thc_res,drug_cthc,cthc_res,drug_cann,prevpersemin,prevperse,prevsusoth,drugtst4,drugtst5,drugtst6,drugtst7,drugtst8,drugres4,drugres5,drugres6,drugres7,drugres8,adspresent,adsengaged,adslevel,race1,race2,race3,race4,race5,helmet,helmetmisuse,nmdistract1,nmdistract2,nmdistract3,nmdistract4,nmdistract5,nmdistract6,lab,isedtcase,crf1,crf2,crf3,CoRoadName,CoMP,IntCoRoadName,IntCoMP
2017,99,E659938,5,03/30/2017,21:12,30,3,0,41,Lewis,0,1,0,2,1,2,1,0,2,1,21:09,21:18,21:52,1,0,0,3.3,1,0,1,5,1,1,3,0,0,0,0,SR-508,,-122.8228806,46.57561944,0,1,2,13,2,55,34,0,0,1,2,1,1,1,2,1,1,2,1,53,0,12,481,1999,0,0,63,69,68,64,67,1,1,1,53,1,7,1,4,7,3,0,11,0,03/30/2017,21:12,1.45E+11,16901,0,0,3,3,1,58,0,0,0,96,,,,,,9,,,,,,98516,53,67,170,6,1,0,0,0,1,0,0,,,,,,0,02/15/2015,02/15/2015,20,0,0,0,0,1,8,,,0,0,0,8,1,2,996,996,0,1,1,0,2,1,0.18,,,,,,,,,,,,,,,,,,,,,,,,,,,,,,0,0,0,0,1,1,1,1,0,0,0,0,0,0,0,0,0,0,0,0,0,0,0,0,0,0,0,0,0,0,0,0,0,0,0,,0,0,0,0,0,1,1,1,0,0,0,0,0,0,0,1,,,,,,51-55,46-55,State route,R,Thursday,Belt Used,PV,White,0,1,0,0,State Route,State Patrol,Washington State Patrol Headquarter,1,1,0,0,0,,,,,,,,,,,,,,,,,,,,,,,,,,,,,,,,,,,,,,,,,,,
2017,112,E660182,8,04/06/2017,4:57,6,4,0,35,Kitsap,0,2,0,2,2,2,1,0,1,1,,,,42,0,0,16.4,1,0,1,3,1,1,3,0,0,0,0,SR-16,,-122.6250472,47.40931944,0,1,1,13,2,60,14,0,0,1,2,42,4,1,2,3,14,1,1,53,0,7,402,2000,0,0,63,42,42,,,,1,1,39,2,7,1,4,0,3,0,11,4,04/16/2017,12:45,2.23E+11,18034,0,0,0,3,1,0,0,0,0,96,,,,,,99,,,,,,98528,53,61,130,6,1,0,1,2,2,1,0,,,,,,0,09/15/2014,03/15/2017,8,0,0,0,0,9,8,,,0,0,0,8,9,0,0,0,0,0,0,0,0,0,996,,,,,,,,,,,,,,,,,,,,,,,,,,,,,,0,0,1,0,0,0,0,0,0,0,0,0,0,0,0,0,0,0,0,0,0,0,0,0,0,0,0,0,0,1,0,0,0,0,0,,1,0,0,0,0,0,0,0,0,0,0,0,0,0,0,0,,,,,,36-40,36-45,State route,R,Thursday,Belt Used,PV,White,0,1,0,0,State Route,State Patrol,Washington State Patrol Headquarter,1,1,0,0,0,,,,,,,,,,,,,,,,,,,,,,,,,,,,,,,,,,,,,,,,,,,
2017,106,E660527,2,04/09/2017,18:50,9,4,0,73,Whatcom,0,10,0,1,1,2,1,0,1,1,,,,42,0,0,0.7,1,0,1,6,1,2,4,0,3,0,0,CR-LUMMI VIEW DR,,-122.6546917,48.72053889,0,1,6,12,2,35,3,0,0,1,2,42,3,2,2,1,14,1,2,41,0,52,37,2001,0,0,68,64,42,,,,1,1,23,1,1,1,4,7,3,0,11,0,04/09/2017,18:50,53017076,17076,0,0,0,0,1,0,0,0,0,96,,,,,,99,,,,,,98248,53,67,125,0,0,0,0,0,0,0,0,,,,,,4,,,8,0,0,0,0,1,8,,,0,0,0,8,1,2,1,0,0,1,0,0,2,1,0.15,,,,,,,,,,,,,,,,,,,,,,,,,,,,,,0,0,1,0,1,1,0,1,0,0,0,0,1,1,0,0,0,0,0,0,0,0,0,1,1,0,0,0,0,1,0,0,0,0,0,,1,0,0,0,0,1,0,1,0,1,0,1,0,1,0,1,,,,,,21-25,16-25,County road,R,Sunday,Belt Used,PV,Hispanic,0,1,0,0,County Road,State Patrol,Washington State Patrol Headquarter,1,0,1,0,0,,,,,,,,,,,,,,,,,,,,,,,,,,,,,,,,,,,,,,,,,,,
2017,107,E660629,4,04/11/2017,21:35,11,4,0,65,Stevens,0,1,0,2,1,2,1,0,3,2,,,,12,0,1,212.7,1,0,1,3,1,1,2,0,0,0,0,US-395,,-117.7198667,48.28613889,0,2,25,53,3,25,6,0,0,1,2,12,1,1,2,1,1,2,1,53,0,48,45,2006,0,0,12,,,,,,1,1,63,2,0,0,0,0,3,0,11,0,,,,,0,0,0,3,1,0,0,0,0,0,,,,,,0,,,,,,99006,53,61,135,6,1,0,0,0,1,0,0,,,,,,0,12/15/2014,12/15/2014,20,0,0,0,8,9,8,,,0,0,0,8,0,0,0,0,0,0,0,0,0,0,996,,,,,,,,,,,,,,,,,,,,,,,,,,,,,,0,0,0,0,1,1,1,1,1,0,0,0,0,0,0,0,1,0,1,0,0,0,0,1,1,0,0,0,1,1,0,0,0,0,0,,0,0,0,0,0,0,0,0,0,0,0,0,0,0,0,0,,,,,,61-65,56-65,US highway,R,Tuesday,Belt Used,PV,Not Fatal,0,0,0,0,State Route,State Patrol,Washington State Patrol Headquarter,0,1,0,0,0,,,,,,,,,,,,,,,,,,,,,,,,,,,,,,,,,,,,,,,,,,,
2017,107,E660629,4,04/11/2017,21:35,11,4,0,65,Stevens,0,1,0,2,1,2,1,0,3,2,,,,12,0,1,212.7,1,0,1,3,1,1,2,0,0,0,0,US-395,,-117.7198667,48.28613889,0,1,24,51,3,25,80,0,0,1,2,12,1,1,2,1,1,1,1,53,0,76,705,2009,0,0,12,,,,,,1,1,24,1,7,1,4,7,5,0,11,0,04/11/2017,23:40,34053017139,17139,0,0,0,3,1,38,0,0,0,92,,,,,,9,,,,,,99223,53,71,160,6,1,0,0,1,2,0,0,,,,,,0,07/15/2016,02/15/2017,20,8,0,0,0,9,8,,,0,0,0,1,1,2,605,0,0,1,0,0,2,1,0.1,,,,,,,,,,,,,,,,,,,,,,,,,,,,,,0,0,0,0,1,1,1,1,1,0,0,0,0,0,0,0,1,0,1,0,0,0,0,1,1,0,0,0,1,1,0,0,0,0,1,0,0,0,0,0,0,1,1,1,1,0,1,0,0,0,0,1,,,,,,21-25,16-25,US highway,R,Tuesday,,MC,White,0,0,0,0,State Route,State Patrol,Washington State Patrol Headquarter,0,1,0,0,0,thc,64,carboxy-thc,180,,,,,,,,,,,,,,,,,,,,,,,,,,,,,,,,,,,,,,,
2017,111,E660637,250,04/06/2017,14:02,6,4,0,5,Benton,1850,1,0,1,1,2,1,0,3,3,,,,12,0,1,0,1,0,1,3,2,4,6,0,0,0,0,GEORGE WASHINGTON WAY,,-119.2737222,46.27807222,0,1,24,50,3,35,2,0,0,1,2,12,1,1,5,5,1,1,1,53,0,49,45,2001,0,0,12,,,,,,1,1,31,1,0,0,0,0,3,0,11,0,,,,,0,0,0,3,1,26,0,0,0,93,,,,,,99,,,,,,99352,53,70,150,6,1,0,0,0,1,1,97,,,,,,0,05/15/2012,09/15/2012,20,0,0,0,8,9,8,,,0,0,0,8,9,2,189,605,0,1,1,0,2,1,0,,,,,,,,,,,,,,,,,,,,,,,,,,,,,,0,0,0,0,0,0,1,1,1,0,0,0,0,0,0,0,1,0,0,0,0,0,0,0,0,0,0,0,1,1,0,0,0,0,0,,0,0,0,0,0,0,1,1,1,0,0,0,0,0,1,0,,,,,,31-35,26-35,City street,U,Thursday,Belt Used,PV,Not Fatal,1,0,0,0,City Street,Municipal/City Police,Richland Police Department,0,0,0,1,0,thc,27,carboxy-thc,100,,,,,,,,,,,,,,,,,,,,,,,,,,,,,,,,,,,,,,,
2017,111,E660637,250,04/06/2017,14:02,6,4,0,5,Benton,1850,1,0,1,1,2,1,0,3,3,,,,12,0,1,0,1,0,1,3,2,4,6,0,0,0,0,GEORGE WASHINGTON WAY,,-119.2737222,46.27807222,0,2,25,53,3,35,80,0,0,1,2,12,1,1,5,5,2,1,1,53,0,37,705,2006,0,0,12,12,,,,,1,1,34,1,1,1,4,0,16,0,11,5,04/06/2017,14:31,1.85E+11,16363,0,0,0,3,1,0,0,0,0,0,,,,,,99,,,,,,99352,53,67,175,6,1,0,0,0,1,0,0,,,,,,0,04/15/2017,04/15/2017,20,8,0,0,0,9,8,,,0,0,0,8,9,2,605,0,0,1,0,0,2,1,0,,,,,,,,,,,,,,,,,,,,,,,,,,,,,,0,0,0,0,0,0,1,1,1,0,0,0,0,0,0,0,1,0,0,0,0,0,0,0,0,0,0,0,1,1,0,0,0,0,1,1,0,0,0,0,0,0,1,1,0,0,0,0,0,0,1,0,,,,,,31-35,26-35,City street,U,Thursday,,MC,Hispanic,1,0,0,0,City Street,Municipal/City Police,Richland Police Department,0,0,0,1,0,thc,100,carboxy-thc,120,,,,,,,,,,,,,,,,,,,,,,,,,,,,,,,,,,,,,,,
2017,111,E660637,250,04/06/2017,14:02,6,4,0,5,Benton,1850,1,0,1,1,2,1,0,3,3,,,,12,0,1,0,1,0,1,3,2,4,6,0,0,0,0,GEORGE WASHINGTON WAY,,-119.2737222,46.27807222,0,3,98,80,5,35,21,0,0,1,5,12,1,1,5,5,2,1,3,53,0,42,461,2012,0,0,12,,,,,,1,1,52,1,0,0,0,0,3,0,11,0,,,,,6,1,0,3,1,0,0,0,0,0,,,,,,0,,,,,,99354,53,71,220,6,1,0,0,1,0,0,0,,,,,,0,05/15/2015,05/15/2015,20,0,0,0,8,9,8,,,0,0,0,8,0,0,0,0,0,0,0,0,0,0,996,,,,,,,,,,,,,,,,,,,,,,,,,,,,,,0,0,0,0,0,0,1,1,1,0,0,0,0,0,0,0,1,0,0,0,0,0,0,0,0,0,0,0,1,1,0,0,0,0,0,,0,0,0,0,0,0,0,0,0,0,0,0,0,0,0,0,,,,,,51-55,46-55,City street,U,Thursday,Belt Used,PV,Not Fatal,1,0,0,0,City Street,Municipal/City Police,Richland Police Department,0,0,0,1,0,,,,,,,,,,,,,,,,,,,,,,,,,,,,,,,,,,,,,,,,,,,
2017,101,E661229,2,04/07/2017,0:01,7,4,0,73,Whatcom,0,1,0,2,1,1,2,0,2,1,,,,42,0,0,2.5,1,0,1,7,2,2,4,0,0,0,0,CR-OLD GUIDE RD,,-122.4968556,48.89171667,0,1,6,12,2,35,4,0,0,1,2,42,1,1,2,1,1,2,1,53,0,49,40,2000,0,0,68,64,42,,,,1,1,21,1,1,98,4,7,20,0,11,0,04/07/2017,0:18,53016919,16919,0,0,1,3,1,0,0,0,0,99,,,,,,9,,,,,,98264,53,65,148,6,1,1,4,0,0,1,0,,,,,,3,02/15/2015,01/15/2016,1,0,0,0,0,1,8,,,0,0,0,8,1,2,1,0,0,1,0,0,2,1,0.28,,,,,,,,,,,,,,,,,,,,,,,,,,,,,,0,0,1,0,1,1,0,1,0,0,0,0,1,0,0,0,0,0,0,1,0,0,0,1,1,0,0,0,0,1,0,0,0,1,0,,1,0,0,0,0,1,0,1,0,1,0,0,0,1,0,1,,,,,,21-25,16-25,County road,U,Friday,Not Used,PV,Hispanic,0,1,0,0,County Road,State Patrol,Washington State Patrol Headquarter,1,0,1,0,0,,,,,,,,,,,,,,,,,,,,,,,,,,,,,,,,,,,,,,,,,,,
2017,175,E661438,160,04/14/2017,3:53,14,4,0,33,King,1030,1,0,3,1,2,1,0,2,2,,,,12,0,6,2.1,2,0,2,3,2,1,3,0,0,0,0,SR-181,S 216TH ST,-122.2494167,47.40851944,0,1,86,17,2,50,6,0,0,1,5,12,1,1,8,5,1,1,1,53,0,32,42,2006,0,0,12,2,,,,,1,1,20,1,0,0,0,0,99,0,11,0,,,,,0,0,0,3,1,0,0,0,0,96,,,,,,0,,,,,,98032,53,72,186,6,1,0,1,2,0,0,97,,,,,,3,10/15/2014,08/15/2015,99,0,0,0,8,9,8,,,0,0,0,8,0,0,0,0,0,0,0,0,0,0,996,,,,,,,,,,,,,,,,,,,,,,,,,,,,,,0,0,0,1,0,0,1,1,0,0,0,0,1,0,0,0,0,0,0,1,0,1,1,0,1,0,0,0,0,1,0,0,0,0,0,,0,0,0,0,0,0,0,0,0,1,0,0,0,0,0,0,,,,,,18-20,16-25,State route,U,Friday,Unknown,PV,Not Fatal,1,0,0,0,State Route,Municipal/City Police,Kent Police Department,0,1,0,0,0,,,,,,,,,,,,,,,,,,,,,,,,,,,,,,,,,,,,,,,,,,,
2017,175,E661438,160,04/14/2017,3:53,14,4,0,33,King,1030,1,0,3,1,2,1,0,2,2,,,,12,0,6,2.1,2,0,2,3,2,1,3,0,0,20,3,SR-181,S 216TH ST,-122.2494167,47.40851944,0,2,87,66,4,25,14,0,0,1,5,1,8,8,2,1,3,1,1,53,0,37,401,1998,0,0,12,68,64,1,,,1,1,42,1,7,98,4,0,20,0,11,5,04/17/2017,9:37,1.96E+11,18256,0,0,0,3,1,0,0,0,0,0,,,,,,0,,,,,,98444,53,64,150,6,1,0,1,0,0,1,0,,,,,,0,05/15/2012,01/15/2013,1,0,0,0,0,9,8,,,0,0,0,8,9,2,996,0,0,1,0,0,2,1,0,,,,,,,,,,,,,,,,,,,,,,,,,,,,,,0,0,0,1,0,0,1,1,0,0,0,0,1,0,0,0,0,0,0,1,0,1,1,0,1,0,0,0,0,1,0,0,0,1,0,,1,0,0,0,0,0,1,1,0,0,0,0,0,0,1,0,,,,,,41-45,36-45,State route,U,Friday,Not Used,PV,Oth/Unk,1,0,0,0,State Route,Municipal/City Police,Kent Police Department,0,1,0,0,0,,,,,,,,,,,,,,,,,,,,,,,,,,,,,,,,,,,,,,,,,,,
2017,109,E661945,8,04/13/2017,12:45,13,4,0,9,Clallam,0,2,0,1,2,2,1,0,1,1,,,,1,0,0,205.1,1,0,1,3,1,1,2,0,0,0,0,US-101,,-124.2441528,48.06712222,0,1,1,11,2,60,34,0,0,1,2,31,1,1,2,1,1,1,2,53,0,49,471,1987,0,0,63,1,31,,,,1,1,48,1,7,1,4,7,3,0,11,0,04/13/2017,15:30,53018844,18844,0,0,3,2,1,0,0,0,0,96,,,,,,9,,,,,,98382,53,74,220,1,1,1,3,0,1,1,0,,,,,,0,10/15/2012,08/15/2013,1,0,0,0,0,1,1,,,0,0,0,1,1,2,177,417,0,1,1,0,2,1,0.064,,,,,,,,,,,,,,,,,,,,,,,,,,,,,,0,0,1,0,1,0,1,1,0,0,0,0,0,1,0,0,0,0,0,0,0,0,0,0,0,0,0,0,0,0,0,0,0,0,0,,0,0,0,0,1,0,1,1,0,0,0,1,0,0,0,1,,,,,,46-50,46-55,US highway,R,Thursday,Belt Used,PV,White,0,1,0,0,State Route,State Patrol,Washington State Patrol Headquarter,1,1,0,0,0,,,,,,,,,,,,,,,,,,,,,,,,,,,,,,,,,,,,,,,,,,,
2017,363,E661997,42,04/16/2017,11:13,16,4,0,67,Thurston,0,1,0,1,1,2,1,0,3,2,11:21,12:00,12:36,12,0,2,0,1,0,1,5,2,2,4,0,0,0,0,CR-JOHNSON POINT RD NE,,-122.8227889,47.09072778,0,1,50,10,2,40,4,0,0,1,2,12,1,2,2,1,15,1,2,53,0,24,1,1999,0,0,68,12,,,,,1,1,20,2,7,1,4,0,20,0,11,4,04/26/2017,22:00,1.96E+11,20059,0,0,0,3,1,28,0,0,0,96,,,,,,0,,,,,,98501,53,63,125,6,1,0,0,0,0,0,0,,,,,,4,,,20,0,0,0,0,9,8,,,0,0,0,8,0,0,0,0,0,0,0,0,0,0,996,,,,,,,,,,,,,,,,,,,,,,,,,,,,,,0,0,0,0,0,0,0,0,0,0,0,0,1,0,0,0,0,0,0,1,0,1,1,0,1,1,1,0,0,1,0,0,0,1,0,,1,0,0,0,0,0,0,0,0,1,0,0,0,0,0,0,,,,,,18-20,16-25,County road,U,Sunday,Not Used,PV,White,0,1,1,0,County Road,County Sheriff,Thurston County Sheriff's Office,0,0,1,0,0,,,,,,,,,,,,,,,,,,,,,,,,,,,,,,,,,,,,,,,,,,,
2017,363,E661997,42,04/16/2017,11:13,16,4,0,67,Thurston,0,1,0,1,1,2,1,0,3,2,11:21,12:00,12:36,12,0,2,0,1,0,1,5,2,2,4,0,0,0,0,CR-JOHNSON POINT RD NE,,-122.8227889,47.09072778,0,2,51,62,4,40,14,0,0,1,2,12,3,2,2,1,14,2,1,53,0,49,403,2006,0,0,12,,,,,,1,1,73,1,0,0,3,0,3,0,11,8,,,,,0,0,3,3,1,0,0,0,0,0,,,,,,0,,,,,,98516,53,70,170,6,1,0,0,0,1,0,0,,,,,,0,01/15/2014,01/15/2014,1,0,0,0,8,9,8,,,0,0,0,8,0,0,0,0,0,0,0,0,0,0,996,,,,,,,,,,,,,,,,,,,,,,,,,,,,,,0,0,0,0,0,0,0,0,0,0,0,0,1,0,0,0,0,0,0,1,0,1,1,0,1,1,1,0,0,1,0,0,0,0,0,,0,0,0,0,0,0,0,0,0,0,0,0,0,0,0,0,,,,,,71-75,66-75,County road,U,Sunday,Belt Used,PV,Not Fatal,0,1,1,0,County Road,County Sheriff,Thurston County Sheriff's Office,0,0,1,0,0,,,,,,,,,,,,,,,,,,,,,,,,,,,,,,,,,,,,,,,,,,,
2017,113,E662427,290,04/16/2017,23:07,16,4,0,53,Pierce,2230,1,0,3,1,2,1,2,1,1,,,,8,0,0,0,2,0,2,3,2,4,6,0,0,0,0,E 72ND ST,E I ST,-122.4191167,47.19174444,0,1,13,80,5,35,14,0,0,1,2,8,1,1,5,5,1,1,1,53,0,48,402,2006,0,0,8,8,,,,,1,1,66,2,0,0,0,0,3,0,11,0,,,,,0,0,0,3,1,0,0,0,0,93,,,,,,0,,,,,,98445,53,67,190,6,1,0,1,2,0,0,0,,,,,,0,08/15/2012,11/15/2013,20,0,0,0,8,9,8,,,0,0,0,8,0,0,0,0,0,0,0,0,0,0,996,,,,,,,,,,,,,,,,,,,,,,,,,,,,,,0,0,0,1,0,0,0,0,0,1,1,0,0,0,0,0,1,1,0,0,0,0,0,0,0,1,0,0,0,1,0,1,0,0,0,,0,0,0,0,0,0,0,0,1,0,0,0,0,0,0,0,,,,,,66-70,66-75,City street,U,Sunday,Belt Used,PV,Not Fatal,1,0,0,0,City Street,Municipal/City Police,Tacoma Police Department,0,0,0,1,0,,,,,,,,,,,,,,,,,,,,,,,,,,,,,,,,,,,,,,,,,,,
2017,110,E663323,3,04/14/2017,20:45,14,4,0,53,Pierce,0,2,0,2,2,2,1,1,1,1,20:45,21:02,22:03,8,0,0,31.4,1,0,1,4,2,1,3,0,0,0,0,SR-507,,-122.5546028,46.93726944,0,1,13,80,5,35,14,0,0,1,5,8,1,1,4,1,1,1,1,53,0,35,401,1995,0,0,8,,,,,,1,1,63,2,0,0,0,0,3,0,11,0,,,,,0,0,3,3,1,23,0,0,0,96,,,,,,0,,,,,,98105,53,65,270,6,1,0,2,1,0,0,97,,,,,,0,08/15/2014,11/15/2016,20,0,0,0,8,9,8,,,0,0,0,8,0,0,0,0,0,0,0,0,0,0,996,,,,,,,,,,,,,,,,,,,,,,,,,,,,,,0,0,0,0,0,0,0,0,0,1,0,1,0,0,0,0,0,0,0,0,0,0,0,0,0,0,0,0,0,1,0,1,0,0,0,,0,0,0,0,0,0,0,0,0,0,0,0,0,0,0,0,,,,,,61-65,56-65,State route,U,Friday,Belt Used,PV,Not Fatal,0,0,0,0,State Route,State Patrol,Washington State Patrol Headquarter,0,1,0,0,0,,,,,,,,,,,,,,,,,,,,,,,,,,,,,,,,,,,,,,,,,,,
2017,114,E663461,2,04/17/2017,15:36,17,4,0,73,Whatcom,740,10,0,1,1,2,1,0,1,1,15:30,15:38,,42,0,0,0,1,0,1,7,2,4,6,0,0,0,0,MONUMENTAL DR,,-122.6304083,48.85998333,0,1,6,12,2,25,80,0,0,1,2,30,1,1,2,1,1,1,2,53,0,37,705,2007,0,0,64,42,30,,,,1,1,18,1,7,1,4,7,19,0,11,0,04/17/2017,15:36,74053018084,18084,0,0,0,3,1,0,0,0,0,96,,,,,,99,,,,,,98248,53,69,155,6,1,0,0,0,0,0,0,,,,,,4,,,20,8,0,0,0,9,8,,,0,0,0,8,9,2,1,0,0,1,0,0,2,1,0,,,,,,,,,,,,,,,,,,,,,,,,,,,,,,0,0,1,0,0,0,0,0,0,0,0,0,1,0,0,0,0,0,0,0,0,1,1,0,1,0,0,0,1,0,0,0,0,0,1,0,0,0,0,0,0,0,0,0,0,1,0,0,0,0,0,0,,,,,,18-20,16-25,City street,U,Monday,,MC,White,0,1,0,0,City Street,State Patrol,Washington State Patrol Headquarter,1,0,0,1,0,,,,,,,,,,,,,,,,,,,,,,,,,,,,,,,,,,,,,,,,,,,
2017,115,E663918,53,04/14/2017,15:02,14,4,0,61,Snohomish,80,1,0,1,1,2,1,0,3,3,15:01,15:06,15:31,12,0,6,0,2,0,2,4,2,4,6,0,0,20,3,204TH ST NE,77TH AVE NE,-122.1263389,48.18082222,0,3,98,66,4,25,66,1,0,1,2,12,1,1,2,1,5,1,3,53,0,85,881,1997,0,0,12,,,,,,1,1,50,1,0,0,0,0,3,0,11,0,,,,,6,1,0,3,1,0,0,0,0,0,,,,,,0,,,,,,83401,16,71,185,6,1,0,0,0,0,0,0,,,,,,0,,,20,0,0,0,8,9,8,,,0,0,0,8,0,0,0,0,0,0,0,0,0,0,996,,,,,,,,,,,,,,,,,,,,,,,,,,,,,,0,0,0,1,0,0,0,0,0,0,0,0,0,0,0,0,0,0,1,1,0,0,0,0,0,1,1,1,0,1,1,0,0,0,0,,0,0,0,0,0,0,0,0,0,0,0,0,0,0,0,0,,,,,,46-50,46-55,City street,U,Friday,,MHTRUCK,Not Fatal,1,0,0,0,City Street,Municipal/City Police,Arlington Police Department,0,0,0,1,0,,,,,,,,,,,,,,,,,,,,,,,,,,,,,,,,,,,,,,,,,,,
2017,115,E663918,53,04/14/2017,15:02,14,4,0,61,Snohomish,80,1,0,1,1,2,1,0,3,3,15:01,15:06,15:31,12,0,6,0,2,0,2,4,2,4,6,0,0,20,3,204TH ST NE,77TH AVE NE,-122.1263389,48.18082222,0,1,89,17,2,25,14,0,0,1,2,12,1,1,5,1,1,1,1,53,0,55,401,2007,0,0,12,12,,,,,1,1,86,1,7,1,4,0,20,0,11,4,04/14/2017,20:41,1.96E+11,17715,0,0,3,3,1,38,0,0,0,96,,,,,,99,,,,,,98223,53,65,180,6,1,0,0,0,1,0,0,,,,,,0,10/15/2012,10/15/2012,8,0,0,0,0,9,8,,,0,0,0,8,9,2,1,0,0,1,0,0,2,1,0,,,,,,,,,,,,,,,,,,,,,,,,,,,,,,0,0,0,1,0,0,0,0,0,0,0,0,0,0,0,0,0,0,1,1,0,0,0,0,0,1,1,1,0,1,1,0,0,1,0,,1,0,0,0,0,0,0,0,0,0,1,0,0,0,0,0,,,,,,81+,76+,City street,U,Friday,Not Used,PV,White,1,0,0,0,City Street,Municipal/City Police,Arlington Police Department,0,0,0,1,0,,,,,,,,,,,,,,,,,,,,,,,,,,,,,,,,,,,,,,,,,,,
2017,115,E663918,53,04/14/2017,15:02,14,4,0,61,Snohomish,80,1,0,1,1,2,1,0,3,3,15:01,15:06,15:31,12,0,6,0,2,0,2,4,2,4,6,0,0,0,0,204TH ST NE,77TH AVE NE,-122.1263389,48.18082222,0,2,88,66,4,25,4,0,0,1,2,12,1,1,2,1,1,1,1,53,0,48,34,1997,0,0,12,,,,,,1,1,29,2,0,0,2,0,3,0,11,8,,,,,0,0,0,3,1,0,0,0,0,0,,,,,,0,,,,,,98223,53,67,200,6,1,0,0,0,1,2,0,,,,,,0,07/15/2012,12/15/2016,1,0,0,0,8,9,8,,,0,0,0,8,9,0,0,0,0,0,0,0,0,0,996,,,,,,,,,,,,,,,,,,,,,,,,,,,,,,0,0,0,1,0,0,0,0,0,0,0,0,0,0,0,0,0,0,1,1,0,0,0,0,0,1,1,1,0,1,1,0,0,0,0,,0,0,0,0,0,0,0,0,0,0,0,0,0,0,0,0,,,,,,26-30,26-35,City street,U,Friday,Belt Used,PV,Not Fatal,1,0,0,0,City Street,Municipal/City Police,Arlington Police Department,0,0,0,1,0,,,,,,,,,,,,,,,,,,,,,,,,,,,,,,,,,,,,,,,,,,,
2017,105,E664237,2,04/08/2017,16:25,8,4,0,73,Whatcom,0,1,0,1,1,1,1,1,1,1,,,,8,0,0,258,1,0,1,1,2,1,1,0,0,0,0,I-5,,-122.5206861,48.79055278,0,1,13,80,5,60,4,0,0,1,5,8,1,1,2,3,1,1,1,53,0,63,34,2003,0,0,8,,,,,,1,1,25,2,0,0,0,0,3,0,11,0,,,,,0,0,0,3,1,0,0,0,0,96,,,,,,0,,,,,,98229,53,61,135,6,1,0,0,1,4,0,97,,,,,,3,09/15/2013,09/15/2015,20,0,0,0,8,9,8,,,0,0,0,8,0,0,0,0,0,0,0,0,0,0,996,,,,,,,,,,,,,,,,,,,,,,,,,,,,,,0,0,0,0,0,0,0,0,0,0,0,0,1,0,0,0,0,0,0,0,0,0,0,1,1,0,0,0,0,1,0,1,0,0,0,,0,0,0,0,0,0,0,0,0,1,0,0,0,0,0,0,,,,,,21-25,16-25,Interstate,U,Saturday,Belt Used,PV,Not Fatal,0,0,0,0,State Route,State Patrol,Washington State Patrol Headquarter,0,1,0,0,0,,,,,,,,,,,,,,,,,,,,,,,,,,,,,,,,,,,,,,,,,,,