year,case,par,repjur,crash_dt,crash_tm,accday,accmon,holiday,county,co_char,city,weather,weather2,lightcond,surfcond,surftype,numfatal,nmforms,pforms,vforms,not_tm,arr_tm,hosp_tm,fhevent,hitrun,manncol,milepnt,reljunc,reljuncinter,intersectiontype,funcsystem,landuse,ownership,route,schlbus,spejur,contdev,devfunc,trafid1,trafid2,x,y,wk_zone,vnumber,crashtype,criticalevent,criticaleventcat,spdlim,body,trailer,emerg,hazcargo,leave,mhevent,roadalgn,roadprof,traflane,trafflow,vehmanvr,numoccs,regowner,regstate,spuse,make,model,modelyr,vrf1,vrf2,seqevent1,seqevent2,seqevent3,seqevent4,seqevent5,seqevent6,pnumber,ptype,age,sex,hispanic,race,injury,diedscene,restraint,restraintmisuse,seatpos,takehosp,death_dt,death_tm,cert,cernum_wa,commlic,licendor,licrestrict,liccomp,drivpres,drf1,drf2,drf3,drf4,distract1,distract2,distract3,distract4,distract5,distract6,dricond1,dricond2,dricond3,dricond4,dricond5,dricond6,dzip,licstate,drhgt_in,weight,noncdl,noncdltype,prevdwi,prevoth,prevacc,prevspd,prevsus,driviol1,driviol2,driviol3,driviol4,driviol5,driviol6,spdrel,first_dt,last_dt,airbag,ejection,ejectpath,extricat,injurwrk,methalc,methdrug,nmlocat,strikveh,prf1,prf2,prf3,druginv,alcinvol,drugsts,drugres1,drugres2,drugres3,drugtst1,drugtst2,drugtst3,alcsts,alctst,alcres,nmact1,nmact2,nmact3,nmact4,nmact5,nmact6,nmprior1,nmprior2,nmprior3,nmprior4,nmprior5,nmprior6,nmcond1,nmcond2,nmcond3,nmcond4,nmcond5,nmcond6,nmsafe_helmet,nmsafe_pads,nmsafe_oth,nmprev_ref,nmprev_lgt,nmprev_oth,crashlocation,nmcrashtype,crosswalk,schoolzone,sidewalk,train_inv,wildlife_inv,rotr_fars,intersect_fars,dd_inv,aid_inv,dpd_inv,id_inv,mj_inv,impnm_inv,ainm_inv,dpnm_inv,speed_inv,unlic_inv,unendmc_inv,drowsy_inv,drdist_inv,nmdist_inv,fty_inv,unrestfat_inv,dr1617_inv,dr1820_inv,dr1620_inv,dr2125_inv,dr1625_inv,dr65_inv,dr70_inv,dr75_inv,mc_inv,pv_inv,ht_inv,ped_inv,bike_inv,unrest_fat,mc_fat,unhelmet_mc,pv_fat,ht_fat,ped_fat,bike_fat,dr_alc7,dr_alc8,dr_drug,dr_imp,dr_dist,dr_spd,dr_fty,dr_unlic,dr_alc7only,dr_alc8only,dr_drugonly,dr_drink,nm_imp,nm_alc7,nm_alc8,nm_drug,nm_dist,agegrp1,agegrp2,roadclass,urbrur,dayweek,restuse,vehtype,race_me,intersect,lanedep,oppdir,wrongway,rep_typ,investag,repag_long,rotr,st_rd,cty_rd,city_rd,oth_rd,drug_thc,thc_res,drug_cthc,cthc_res,drug_cann,prevpersemin,prevperse,prevsusoth,drugtst4,drugtst5,drugtst6,drugtst7,drugtst8,drugres4,drugres5,drugres6,drugres7,drugres8,adspresent,adsengaged,adslevel,race1,race2,race3,race4,race5,helmet,helmetmisuse,nmdistract1,nmdistract2,nmdistract3,nmdistract4,nmdistract5,nmdistract6,lab,isedtcase,crf1,crf2,crf3,CoRoadName,CoMP,IntCoRoadName,IntCoMP
2017,134,E668067,42,05/02/2017,6:04,2,5,0,67,Thurston,0,2,0,4,2,2,1,0,2,2,,,,12,0,6,12.9,1,0,1,5,1,2,4,0,0,0,0,CR-OLD HIGHWAY 99,,-122.8443306,46.87245556,0,2,65,54,3,50,4,0,0,1,2,12,1,2,2,1,1,1,1,53,0,49,32,2014,0,0,12,,,,,,1,1,60,1,7,1,4,7,3,0,11,0,05/02/2017,6:25,53020662,20662,0,0,3,3,1,0,0,0,0,0,,,,,,99,,,,,,98589,53,67,180,6,1,0,0,0,0,0,0,,,,,,0,,,8,0,0,0,0,9,8,,,0,0,0,8,9,2,1,0,0,1,0,0,2,1,0,,,,,,,,,,,,,,,,,,,,,,,,,,,,,,0,0,0,0,0,0,0,0,0,0,0,0,0,0,0,0,0,0,0,0,0,0,0,0,0,0,0,0,0,1,1,0,0,0,0,,1,0,0,0,0,0,0,0,0,0,0,0,0,0,0,0,,,,,,56-60,56-65,County road,R,Tuesday,Belt Used,PV,White,0,1,1,0,County Road,County Sheriff,Thurston County Sheriff's Office,0,0,1,0,0,,,,,,,,,,,,,,,,,,,,,,,,,,,,,,,,,,,,,,,,,,,
2017,136,E668467,7,04/08/2017,7:23,8,4,0,33,King,0,10,0,1,1,1,1,0,1,1,,,,52,0,0,31.6,1,0,1,1,2,1,1,0,0,0,0,I-90,,-121.7475111,47.47323333,0,1,6,11,2,70,34,0,0,1,2,1,1,1,3,3,1,1,1,4,0,7,482,2016,0,0,64,52,1,42,,,1,1,73,1,7,1,4,7,3,0,11,0,04/08/2017,7:23,1.50E+11,16997,0,0,3,3,1,0,0,0,0,96,,,,,,99,,,,,,85730,4,76,210,6,1,0,0,0,0,0,0,,,,,,3,,,8,0,0,0,0,9,8,,,0,0,0,8,9,2,1,0,0,1,0,0,2,1,0,,,,,,,,,,,,,,,,,,,,,,,,,,,,,,0,0,1,0,0,0,0,0,0,0,0,0,1,0,0,0,0,0,0,0,0,0,0,0,0,1,1,0,0,0,0,0,0,0,0,,0,0,0,0,0,0,0,0,0,1,0,0,0,0,0,0,,,,,,71-75,66-75,Interstate,U,Saturday,Belt Used,PV,White,0,1,0,0,State Route,State Patrol,Washington State Patrol Headquarter,1,1,0,0,0,,,,,,,,,,,,,,,,,,,,,,,,,,,,,,,,,,,,,,,,,,,
2017,131,E668849,8,04/26/2017,0:50,26,4,0,35,Kitsap,0,10,0,3,2,2,1,0,1,1,,,,43,0,0,4,1,0,1,3,2,1,3,0,0,0,0,SR-303,,-122.6289083,47.62356111,0,1,5,13,2,40,20,0,0,1,2,1,1,2,4,3,1,1,1,53,0,7,442,2001,0,0,63,43,69,63,1,,1,1,37,2,7,2,4,7,3,0,11,0,04/26/2017,0:50,53021124,21124,0,0,0,3,1,0,0,0,0,96,,,,,,9,,,,,,98311,53,65,205,6,1,0,1,1,0,0,0,,,,,,0,03/15/2014,03/15/2014,1,0,0,0,0,1,8,,,0,0,0,8,1,2,1,0,0,1,0,0,2,1,0.21,,,,,,,,,,,,,,,,,,,,,,,,,,,,,,0,0,1,0,1,1,0,1,0,0,0,0,0,0,0,0,0,0,0,0,0,0,0,0,0,0,0,0,0,1,0,0,0,0,0,,1,0,0,0,0,1,0,1,0,0,0,0,0,1,0,1,,,,,,36-40,36-45,State route,U,Wednesday,Belt Used,PV,Black,0,1,0,0,State Route,State Patrol,Washington State Patrol Headquarter,1,1,0,0,0,,,,,,,,,,,,,,,,,,,,,,,,,,,,,,,,,,,,,,,,,,,
2017,135,E669124,4,05/05/2017,7:39,5,5,0,1,Adams,0,10,0,1,2,2,1,0,2,2,7:37,7:50,,12,0,6,73.8,1,0,1,5,1,1,3,0,0,0,0,SR-24,,-119.1877556,46.73806667,0,1,98,54,3,60,2,0,0,1,2,12,1,2,3,1,12,1,1,53,0,12,3,1997,0,0,12,,,,,,1,1,58,2,7,1,4,7,3,0,11,0,05/05/2017,7:48,53020782,20782,0,0,3,3,1,38,48,0,0,99,,,,,,99,,,,,,99344,53,69,140,6,1,0,0,0,0,0,0,,,,,,0,,,8,0,0,0,0,9,8,,,0,0,0,8,9,2,367,996,0,1,1,0,2,1,0,,,,,,,,,,,,,,,,,,,,,,,,,,,,,,0,0,0,0,0,0,1,1,0,0,0,0,0,0,0,0,0,0,1,0,0,0,0,0,0,0,0,0,0,1,0,0,0,0,0,,1,0,0,0,0,0,1,1,0,0,1,0,0,0,1,0,,,,,,56-60,56-65,State route,R,Friday,Belt Used,PV,White,0,0,0,0,State Route,State Patrol,Washington State Patrol Headquarter,0,1,0,0,0,,,,,,,,,,,,,,,,,,,,,,,,,,,,,,,,,,,,,,,,,,,
2017,135,E669124,4,05/05/2017,7:39,5,5,0,1,Adams,0,10,0,1,2,2,1,0,2,2,7:37,7:50,,12,0,6,73.8,1,0,1,5,1,1,3,0,0,0,0,SR-24,,-119.1877556,46.73806667,0,2,98,54,3,60,34,0,0,1,2,12,1,2,3,1,1,1,2,53,0,12,481,1997,0,0,12,,,,,,1,1,28,1,0,0,0,0,3,0,11,0,,,,,0,0,0,3,1,0,0,0,0,0,,,,,,0,,,,,,99344,53,68,190,6,1,0,0,0,0,0,0,,,,,,0,,,20,0,0,0,8,9,8,,,0,0,0,8,0,0,0,0,0,0,0,0,0,0,996,,,,,,,,,,,,,,,,,,,,,,,,,,,,,,0,0,0,0,0,0,1,1,0,0,0,0,0,0,0,0,0,0,1,0,0,0,0,0,0,0,0,0,0,1,0,0,0,0,0,,0,0,0,0,0,0,0,0,0,0,0,0,0,0,0,0,,,,,,26-30,26-35,State route,R,Friday,Belt Used,PV,Not Fatal,0,0,0,0,State Route,State Patrol,Washington State Patrol Headquarter,0,1,0,0,0,,,,,,,,,,,,,,,,,,,,,,,,,,,,,,,,,,,,,,,,,,,
2017,142,E669260,35,05/06/2017,18:28,6,5,0,53,Pierce,0,1,0,1,1,2,1,0,1,1,18:24,18:31,,42,0,0,0.4,3,0,3,6,1,2,4,0,0,0,0,CR-PATTERSON RD E,213TH AVE CT E,-122.1509556,47.08992778,0,1,6,12,2,35,14,0,0,1,2,42,3,2,2,1,14,1,1,53,0,12,401,1995,0,0,68,64,42,,,,1,1,58,1,7,1,4,7,20,0,11,0,05/06/2017,19:22,1.62E+11,20964,0,0,0,3,1,0,0,0,0,96,,,,,,99,,,,,,98360,53,72,245,6,1,0,0,0,0,0,0,,,,,,4,,,20,0,0,0,0,9,8,,,0,0,0,8,9,2,1,0,0,1,0,0,2,1,0.26,,,,,,,,,,,,,,,,,,,,,,,,,,,,,,0,0,1,1,1,1,0,1,0,0,0,0,1,0,0,0,0,0,0,1,0,0,0,0,0,0,0,0,0,1,0,0,0,1,0,,1,0,0,0,0,1,0,1,0,1,0,0,0,1,0,1,,,,,,56-60,56-65,County road,R,Saturday,Not Used,PV,White,0,1,0,0,County Road,County Sheriff,Law Enforcement Support Agency,1,0,1,0,0,,,,,,,,,,,,,,,,,,,,,,,,,,,,,,,,,,,,,,,,,,,
2017,139,E669280,2,05/05/2017,22:07,5,5,0,57,Skagit,0,10,0,2,2,2,1,0,3,2,22:09,22:17,22:40,12,0,2,1.6,1,0,1,4,2,1,3,0,0,0,0,SR-536,,-122.3990806,48.44282222,0,1,50,10,2,45,34,0,0,1,2,12,1,1,2,1,1,1,1,53,0,12,471,1999,0,0,68,12,,,,,1,1,30,1,0,0,3,0,3,0,11,4,,,,,0,0,3,3,1,28,0,0,0,96,,,,,,9,,,,,,98284,53,72,220,6,1,1,1,0,0,9,97,,,,,,0,10/15/2012,03/15/2015,20,0,0,0,8,9,8,,,0,0,0,8,1,2,695,0,0,1,0,0,2,1,0.25,,,,,,,,,,,,,,,,,,,,,,,,,,,,,,0,0,0,0,1,1,1,1,1,0,0,0,0,0,0,0,0,0,0,1,0,0,0,1,1,0,0,0,0,1,0,0,0,0,0,,0,0,0,0,0,1,1,1,0,0,0,0,0,0,0,1,,,,,,26-30,26-35,State route,U,Friday,Belt Used,PV,Not Fatal,0,1,1,0,State Route,State Patrol,Washington State Patrol Headquarter,0,1,0,0,0,,,carboxy-thc,888,,,,,,,,,,,,,,,,,,,,,,,,,,,,,,,,,,,,,,,
2017,139,E669280,2,05/05/2017,22:07,5,5,0,57,Skagit,0,10,0,2,2,2,1,0,3,2,22:09,22:17,22:40,12,0,2,1.6,1,0,1,4,2,1,3,0,0,0,0,SR-536,,-122.3990806,48.44282222,0,2,51,62,4,45,4,0,0,1,2,12,1,1,2,1,1,2,2,53,0,30,40,2014,0,0,12,,,,,,1,1,23,1,7,1,4,7,20,0,11,0,05/05/2017,22:07,1.41E+11,20971,0,0,0,3,1,0,0,0,0,0,,,,,,9,,,,,,98611,53,68,160,6,1,0,0,0,0,0,0,,,,,,0,,,8,0,0,0,0,1,8,,,0,0,0,8,1,2,1,0,0,1,0,0,2,1,0.13,,,,,,,,,,,,,,,,,,,,,,,,,,,,,,0,0,0,0,1,1,1,1,1,0,0,0,0,0,0,0,0,0,0,1,0,0,0,1,1,0,0,0,0,1,0,0,0,1,0,,1,0,0,0,0,1,0,1,0,0,0,0,0,1,0,1,,,,,,21-25,16-25,State route,U,Friday,Not Used,PV,White,0,1,1,0,State Route,State Patrol,Washington State Patrol Headquarter,0,1,0,0,0,,,,,,,,,,,,,,,,,,,,,,,,,,,,,,,,,,,,,,,,,,,
2017,138,E670168,4,05/05/2017,15:29,5,5,0,51,Pend Oreille,0,2,0,1,2,2,1,0,5,2,15:41,16:02,16:25,12,0,6,321.1,1,0,1,3,1,1,2,0,0,0,0,US-2,,-117.130175,48.14783056,0,1,98,52,3,60,4,0,0,1,2,12,1,2,2,1,1,4,1,53,0,37,32,1994,0,0,68,12,64,53,,,1,1,18,1,0,0,2,0,3,0,11,5,,,,,0,0,3,3,1,28,0,0,0,93,,,,,,0,,,,,,99156,53,67,132,6,1,0,1,1,1,1,69,,,,,,0,07/15/2012,03/15/2017,1,0,0,0,8,9,8,,,0,0,0,8,0,2,1,0,0,1,0,0,2,1,0,,,,,,,,,,,,,,,,,,,,,,,,,,,,,,0,0,0,0,0,0,0,0,0,0,0,0,0,0,0,0,1,0,0,1,0,1,1,0,1,0,0,0,0,1,1,0,0,0,0,,0,0,0,0,0,0,0,0,1,0,0,0,0,0,0,0,,,,,,18-20,16-25,US highway,R,Friday,Belt Used,PV,Not Fatal,0,1,1,0,State Route,State Patrol,Washington State Patrol Headquarter,0,1,0,0,0,,,,,,,,,,,,,,,,,,,,,,,,,,,,,,,,,,,,,,,,,,,
2017,138,E670168,4,05/05/2017,15:29,5,5,0,51,Pend Oreille,0,2,0,1,2,2,1,0,5,2,15:41,16:02,16:25,12,0,6,321.1,1,0,1,3,1,1,2,0,0,0,0,US-2,,-117.130175,48.14783056,0,2,98,62,4,60,63,1,0,1,2,12,1,2,2,1,1,1,1,53,0,85,881,2007,0,0,12,,,,,,1,1,45,1,0,0,0,0,3,0,11,0,,,,,6,1,0,3,1,0,0,0,0,0,,,,,,0,,,,,,99181,53,75,235,6,1,0,1,0,2,0,0,,,,,,0,07/15/2012,03/15/2017,20,0,0,0,8,9,8,,,0,0,0,8,0,0,0,0,0,0,0,0,0,0,996,,,,,,,,,,,,,,,,,,,,,,,,,,,,,,0,0,0,0,0,0,0,0,0,0,0,0,0,0,0,0,1,0,0,1,0,1,1,0,1,0,0,0,0,1,1,0,0,0,0,,0,0,0,0,0,0,0,0,0,0,0,0,0,0,0,0,,,,,,41-45,36-45,US highway,R,Friday,,MHTRUCK,Not Fatal,0,1,1,0,State Route,State Patrol,Washington State Patrol Headquarter,0,1,0,0,0,,,,,,,,,,,,,,,,,,,,,,,,,,,,,,,,,,,,,,,,,,,
2017,120,E670177,21,04/25/2017,15:11,25,4,0,25,Grant,0,1,0,1,1,2,1,0,1,1,,,,17,0,0,3.5,1,0,1,7,1,2,4,0,0,0,0,CR-RD 22 NE,,-119.1333806,47.423025,0,1,6,12,2,40,34,0,0,1,2,1,2,3,2,1,14,1,1,53,0,20,481,2007,0,0,68,64,67,17,1,,1,1,34,1,7,1,4,7,20,0,11,0,04/25/2017,15:11,53019216,19216,0,0,0,3,1,0,0,0,0,92,,,,,,99,,,,,,98860,53,70,220,6,1,0,0,0,0,1,0,,,,,,3,03/15/2013,03/15/2013,1,1,9,0,0,9,8,,,0,0,0,8,9,2,1,0,0,1,0,0,2,1,0,,,,,,,,,,,,,,,,,,,,,,,,,,,,,,0,0,1,0,0,0,0,0,0,0,0,0,1,0,0,0,1,0,0,0,0,0,0,0,0,0,0,0,0,0,0,0,0,1,0,,0,0,0,0,0,0,0,0,1,1,0,0,0,0,0,0,,,,,,31-35,26-35,County road,R,Tuesday,Not Used,PV,White,0,1,0,0,County Road,County Sheriff,Grant County Sheriff's Office,1,0,1,0,0,,,,,,,,,,,,,,,,,,,,,,,,,,,,,,,,,,,,,,,,,,,
2017,364,E670920,35,05/13/2017,4:18,13,5,0,53,Pierce,0,10,0,3,2,2,1,1,1,1,,,,8,1,0,0.7,1,0,1,5,2,2,4,0,0,0,0,CR-168TH ST E,,-122.4280222,47.10442222,0,1,13,80,5,35,99,0,0,1,5,8,1,1,2,1,1,99,9,99,0,99,999,9999,0,0,8,,,,,,1,1,999,9,0,0,0,0,99,0,11,0,,,,,99,9,9,9,1,0,0,0,0,93,,,,,,99,,,,,,99999,99,,999,9,9,99,99,99,99,99,0,,,,,,0,,,99,0,0,0,8,9,8,,,0,0,0,8,9,0,0,0,0,0,0,0,0,0,996,,,,,,,,,,,,,,,,,,,,,,,,,,,,,,0,0,0,0,0,0,0,0,0,0,0,0,0,0,0,0,1,1,0,0,0,0,0,0,0,0,0,0,0,0,0,1,0,0,0,,0,0,0,0,0,0,0,0,1,0,0,0,0,0,0,0,,,,,,,,County road,U,Saturday,,NR-U,Not Fatal,0,0,0,0,County Road,County Sheriff,Law Enforcement Support Agency,0,0,1,0,0,,,,,,,,,,,,,,,,,,,,,,,,,,,,,,,,,,,,,,,,,,,
2017,147,E671087,31,05/04/2017,16:30,4,5,0,45,Mason,0,2,0,1,2,7,1,0,1,1,,,,30,0,0,6.8,1,0,1,5,1,2,4,0,0,0,0,CR-E MASON LAKE RD,,-122.975825,47.30976667,0,1,1,9,1,45,4,0,0,1,2,30,3,1,2,1,14,1,1,53,0,52,46,2006,0,0,68,64,69,68,63,30,1,1,20,2,7,3,4,7,3,0,11,0,05/04/2017,16:30,53021076,21076,0,0,0,3,1,0,0,0,0,92,,,,,,99,,,,,,98584,53,68,150,6,1,0,0,0,1,0,0,,,,,,0,07/15/2016,07/15/2016,1,0,0,0,0,9,8,,,0,0,0,8,9,2,605,0,0,1,0,0,2,1,0.035,,,,,,,,,,,,,,,,,,,,,,,,,,,,,,0,0,1,0,1,0,1,1,1,0,0,0,0,0,0,0,1,0,0,0,0,1,1,0,1,0,0,0,0,1,0,0,0,0,0,,1,0,0,0,1,0,1,1,1,0,0,0,0,0,0,1,,,,,,18-20,16-25,County road,R,Thursday,Belt Used,PV,AIAN,0,1,0,0,County Road,County Sheriff,Mason County Sheriff's Office,1,0,1,0,0,thc,27,carboxy-thc,39,,,,,,,,,,,,,,,,,,,,,,,,,,,,,,,,,,,,,,,
2017,149,E671245,42,05/13/2017,22:38,13,5,0,67,Thurston,0,10,0,1,1,2,1,1,1,1,,,,8,0,0,0.4,1,0,1,5,2,2,4,0,0,0,0,CR-OLD HIGHWAY 9,,-123.0173139,46.78709722,0,1,13,80,5,50,4,0,0,1,2,8,1,1,2,1,1,1,1,53,0,30,40,2016,0,0,8,,,,,,1,1,21,2,0,0,0,0,3,0,11,0,,,,,0,0,0,3,1,0,0,0,0,0,,,,,,0,,,,,,98579,53,66,135,6,1,0,0,0,0,0,0,,,,,,0,,,20,0,0,0,8,9,8,,,0,0,0,8,0,0,0,0,0,0,0,0,0,0,996,,,,,,,,,,,,,,,,,,,,,,,,,,,,,,0,0,0,0,0,0,0,0,0,1,1,1,0,0,0,0,0,0,0,0,0,0,0,1,1,0,0,0,0,1,0,1,0,0,0,,0,0,0,0,0,0,0,0,0,0,0,0,0,0,0,0,,,,,,21-25,16-25,County road,U,Saturday,Belt Used,PV,Not Fatal,0,0,0,0,County Road,County Sheriff,Thurston County Sheriff's Office,0,0,1,0,0,,,,,,,,,,,,,,,,,,,,,,,,,,,,,,,,,,,,,,,,,,,
2017,137,E671342,1,05/05/2017,21:50,5,5,0,77,Yakima,0,1,0,2,1,2,1,1,1,1,21:57,22:03,,8,0,0,72.9,1,0,1,3,2,1,2,0,3,0,0,US-97,,-120.4645944,46.50026944,0,1,13,80,5,55,66,1,0,1,5,8,1,1,4,2,1,1,3,53,0,51,881,2016,0,0,8,,,,,,1,1,55,1,0,0,0,0,3,0,11,0,,,,,6,1,0,3,1,0,0,0,0,0,,,,,,0,,,,,,98682,53,67,205,6,1,0,0,0,0,0,0,,,,,,0,,,20,0,0,0,8,9,2,,,0,0,0,0,0,2,1,0,0,1,0,0,2,1,0,,,,,,,,,,,,,,,,,,,,,,,,,,,,,,0,0,0,0,0,0,0,0,0,1,1,0,0,0,0,0,0,1,0,0,0,0,0,0,0,0,0,0,0,0,1,1,0,0,0,,0,0,0,0,0,0,0,0,0,0,0,0,0,0,0,0,,,,,,51-55,46-55,US highway,U,Friday,,MHTRUCK,Not Fatal,0,0,0,0,State Route,State Patrol,Washington State Patrol Headquarter,0,1,0,0,0,,,,,,,,,,,,,,,,,,,,,,,,,,,,,,,,,,,,,,,,,,,
2017,150,E671874,173,05/17/2017,0:20,17,5,0,53,Pierce,1124,10,0,3,2,2,1,0,2,1,,,,30,0,0,0,3,0,3,4,2,4,6,0,0,0,0,108TH ST SW,DOUGLAS DR SW,-122.5090806,47.15948056,0,1,1,13,2,25,34,0,0,1,2,30,1,1,2,1,1,2,2,53,0,49,471,1994,0,0,63,30,59,59,,,1,1,21,1,0,0,1,0,99,0,11,8,,,,,0,0,0,3,1,0,0,0,0,92,,,,,,99,,,,,,98513,53,71,200,6,1,0,0,0,0,0,0,,,,,,3,,,99,0,0,0,8,9,8,,,0,0,0,8,9,2,1,0,0,1,0,0,2,1,0.16,,,,,,,,,,,,,,,,,,,,,,,,,,,,,,0,0,1,1,1,1,0,1,0,0,0,0,1,0,0,0,1,0,0,0,0,0,0,1,1,0,0,0,0,0,0,0,0,0,0,,0,0,0,0,0,1,0,1,1,1,0,0,0,1,0,1,,,,,,21-25,16-25,City street,U,Wednesday,Unknown,PV,Not Fatal,0,1,0,0,City Street,Municipal/City Police,Lakewood Police Department,1,0,0,1,0,,,,,,,,,,,,,,,,,,,,,,,,,,,,,,,,,,,,,,,,,,,
2017,157,E672155,2,05/14/2017,10:30,14,5,0,73,Whatcom,0,1,0,1,1,2,3,0,4,3,10:25,10:38,,12,0,8,15.6,1,0,1,4,1,1,3,0,0,0,0,SR-542,,-122.1883472,48.82231111,0,2,65,62,4,55,4,0,0,1,2,1,2,1,2,1,14,1,2,53,0,49,51,2012,0,0,12,63,1,,,,1,1,24,2,0,0,2,0,3,0,11,8,,,,,0,0,3,3,1,0,0,0,0,0,,,,,,0,,,,,,98225,53,65,260,6,1,0,0,0,0,0,0,,,,,,0,,,8,0,0,0,8,9,8,,,0,0,0,8,0,0,0,0,0,0,0,0,0,0,996,,,,,,,,,,,,,,,,,,,,,,,,,,,,,,0,0,0,0,0,0,1,1,1,0,0,0,0,0,0,0,1,0,0,0,0,0,0,1,1,1,1,0,0,1,0,0,0,0,0,,0,0,0,0,0,0,0,0,0,0,0,0,0,0,0,0,,,,,,21-25,16-25,State route,R,Sunday,Belt Used,PV,Not Fatal,0,1,1,0,State Route,State Patrol,Washington State Patrol Headquarter,0,1,0,0,0,,,,,,,,,,,,,,,,,,,,,,,,,,,,,,,,,,,,,,,,,,,
2017,157,E672155,2,05/14/2017,10:30,14,5,0,73,Whatcom,0,1,0,1,1,2,3,0,4,3,10:25,10:38,,12,0,8,15.6,1,0,1,4,1,1,3,0,0,0,0,SR-542,,-122.1883472,48.82231111,0,3,98,62,4,55,6,0,0,1,2,12,2,1,2,1,14,2,2,53,0,48,34,1998,0,0,12,,,,,,1,1,25,1,7,1,4,7,3,0,11,0,05/14/2017,10:30,53022543,22543,0,0,0,3,1,0,0,0,0,0,,,,,,0,,,,,,98248,53,72,180,6,1,0,0,0,2,0,0,,,,,,0,06/15/2012,01/15/2014,1,0,0,0,0,9,8,,,0,0,0,8,0,2,605,0,0,1,0,0,2,1,0,,,,,,,,,,,,,,,,,,,,,,,,,,,,,,0,0,0,0,0,0,1,1,1,0,0,0,0,0,0,0,1,0,0,0,0,0,0,1,1,1,1,0,0,1,0,0,0,0,0,,1,0,0,0,0,0,1,1,0,0,0,0,0,0,1,0,,,,,,21-25,16-25,State route,R,Sunday,Belt Used,PV,White,0,1,1,0,State Route,State Patrol,Washington State Patrol Headquarter,0,1,0,0,0,thc,2.7,carboxy-thc,36,,,,,,,,,,,,,,,,,,,,,,,,,,,,,,,,,,,,,,,
2017,157,E672155,2,05/14/2017,10:30,14,5,0,73,Whatcom,0,1,0,1,1,2,3,0,4,3,10:25,10:38,,12,0,8,15.6,1,0,1,4,1,1,3,0,0,0,0,SR-542,,-122.1883472,48.82231111,0,1,64,10,2,55,16,0,0,1,2,12,3,1,2,1,14,1,1,53,0,20,431,1994,0,0,68,12,12,,,,1,1,71,1,7,1,4,0,3,0,11,4,05/16/2017,15:38,11053022727,22727,0,0,0,3,1,28,91,0,0,92,,,,,,9,,,,,,98266,53,70,135,6,1,0,1,1,1,2,1,,,,,,0,07/15/2012,03/15/2014,20,0,0,0,0,9,1,,,0,0,0,1,9,2,167,605,695,1,1,1,0,0,996,,,,,,,,,,,,,,,,,,,,,,,,,,,,,,0,0,0,0,0,0,1,1,1,0,0,0,0,0,0,0,1,0,0,0,0,0,0,1,1,1,1,0,0,1,0,0,0,0,0,,1,0,0,0,0,0,1,1,1,0,0,0,0,0,0,0,,,,,,71-75,66-75,State route,R,Sunday,Belt Used,PV,White,0,1,1,0,State Route,State Patrol,Washington State Patrol Headquarter,0,1,0,0,0,,,,,,,,,,,,,,,,,,,,,,,,,,,,,,,,,,,,,,,,,,,
2017,145,E672920,3,05/15/2017,1:10,15,5,0,53,Pierce,1124,1,0,3,1,2,1,0,2,2,,,,12,0,1,124.5,1,0,1,1,2,1,1,0,0,0,0,I-5,,-122.5351028,47.13171389,0,2,20,52,3,60,66,1,0,1,2,12,1,1,4,3,1,1,3,53,0,82,881,2005,0,0,12,63,24,,,,1,1,58,1,0,0,0,0,3,0,11,0,,,,,6,1,0,3,1,0,0,0,0,0,,,,,,0,,,,,,98387,53,72,180,6,1,0,1,0,1,0,0,,,,,,0,12/15/2012,02/15/2013,20,0,0,0,8,3,2,,,0,0,0,0,0,2,1,0,0,1,0,0,2,1,0,,,,,,,,,,,,,,,,,,,,,,,,,,,,,,0,0,0,0,1,1,0,1,0,0,0,0,0,0,0,0,0,0,0,0,0,0,0,0,0,0,0,0,0,1,1,0,0,0,0,,0,0,0,0,0,0,0,0,0,0,0,0,0,0,0,0,,,,,,56-60,56-65,Interstate,U,Monday,,MHTRUCK,Not Fatal,0,0,0,0,State Route,State Patrol,Washington State Patrol Headquarter,0,1,0,0,0,,,,,,,,,,,,,,,,,,,,,,,,,,,,,,,,,,,,,,,,,,,
2017,145,E672920,3,05/15/2017,1:10,15,5,0,53,Pierce,1124,1,0,3,1,2,1,0,2,2,,,,12,0,1,124.5,1,0,1,1,2,1,1,0,0,0,0,I-5,,-122.5351028,47.13171389,0,1,21,18,2,60,4,0,0,1,2,12,1,1,4,3,7,1,2,53,0,49,40,2000,0,0,12,63,24,,,,1,1,27,1,4,98,4,7,3,0,11,0,05/15/2017,1:10,1.12E+11,23317,0,0,0,3,1,0,0,0,0,96,,,,,,9,,,,,,98499,53,60,135,6,1,1,0,0,0,0,0,,,,,,0,10/15/2014,10/15/2014,20,0,0,0,0,1,8,,,0,0,0,8,1,2,1,0,0,1,0,0,2,1,0.18,,,,,,,,,,,,,,,,,,,,,,,,,,,,,,0,0,0,0,1,1,0,1,0,0,0,0,0,0,0,0,0,0,0,0,0,0,0,0,0,0,0,0,0,1,1,0,0,0,0,,1,0,0,0,0,1,0,1,0,0,0,0,0,1,0,1,,,,,,26-30,26-35,Interstate,U,Monday,Belt Used,PV,Hispanic,0,0,0,0,State Route,State Patrol,Washington State Patrol Headquarter,0,1,0,0,0,,,,,,,,,,,,,,,,,,,,,,,,,,,,,,,,,,,,,,,,,,,