year,case,par,repjur,crash_dt,crash_tm,accday,accmon,holiday,county,co_char,city,weather,weather2,lightcond,surfcond,surftype,numfatal,nmforms,pforms,vforms,not_tm,arr_tm,hosp_tm,fhevent,hitrun,manncol,milepnt,reljunc,reljuncinter,intersectiontype,funcsystem,landuse,ownership,route,schlbus,spejur,contdev,devfunc,trafid1,trafid2,x,y,wk_zone,vnumber,crashtype,criticalevent,criticaleventcat,spdlim,body,trailer,emerg,hazcargo,leave,mhevent,roadalgn,roadprof,traflane,trafflow,vehmanvr,numoccs,regowner,regstate,spuse,make,model,modelyr,vrf1,vrf2,seqevent1,seqevent2,seqevent3,seqevent4,seqevent5,seqevent6,pnumber,ptype,age,sex,hispanic,race,injury,diedscene,restraint,restraintmisuse,seatpos,takehosp,death_dt,death_tm,cert,cernum_wa,commlic,licendor,licrestrict,liccomp,drivpres,drf1,drf2,drf3,drf4,distract1,distract2,distract3,distract4,distract5,distract6,dricond1,dricond2,dricond3,dricond4,dricond5,dricond6,dzip,licstate,drhgt_in,weight,noncdl,noncdltype,prevdwi,prevoth,prevacc,prevspd,prevsus,driviol1,driviol2,driviol3,driviol4,driviol5,driviol6,spdrel,first_dt,last_dt,airbag,ejection,ejectpath,extricat,injurwrk,methalc,methdrug,nmlocat,strikveh,prf1,prf2,prf3,druginv,alcinvol,drugsts,drugres1,drugres2,drugres3,drugtst1,drugtst2,drugtst3,alcsts,alctst,alcres,nmact1,nmact2,nmact3,nmact4,nmact5,nmact6,nmprior1,nmprior2,nmprior3,nmprior4,nmprior5,nmprior6,nmcond1,nmcond2,nmcond3,nmcond4,nmcond5,nmcond6,nmsafe_helmet,nmsafe_pads,nmsafe_oth,nmprev_ref,nmprev_lgt,nmprev_oth,crashlocation,nmcrashtype,crosswalk,schoolzone,sidewalk,train_inv,wildlife_inv,rotr_fars,intersect_fars,dd_inv,aid_inv,dpd_inv,id_inv,mj_inv,impnm_inv,ainm_inv,dpnm_inv,speed_inv,unlic_inv,unendmc_inv,drowsy_inv,drdist_inv,nmdist_inv,fty_inv,unrestfat_inv,dr1617_inv,dr1820_inv,dr1620_inv,dr2125_inv,dr1625_inv,dr65_inv,dr70_inv,dr75_inv,mc_inv,pv_inv,ht_inv,ped_inv,bike_inv,unrest_fat,mc_fat,unhelmet_mc,pv_fat,ht_fat,ped_fat,bike_fat,dr_alc7,dr_alc8,dr_drug,dr_imp,dr_dist,dr_spd,dr_fty,dr_unlic,dr_alc7only,dr_alc8only,dr_drugonly,dr_drink,nm_imp,nm_alc7,nm_alc8,nm_drug,nm_dist,agegrp1,agegrp2,roadclass,urbrur,dayweek,restuse,vehtype,race_me,intersect,lanedep,oppdir,wrongway,rep_typ,investag,repag_long,rotr,st_rd,cty_rd,city_rd,oth_rd,drug_thc,thc_res,drug_cthc,cthc_res,drug_cann,prevpersemin,prevperse,prevsusoth,drugtst4,drugtst5,drugtst6,drugtst7,drugtst8,drugres4,drugres5,drugres6,drugres7,drugres8,adspresent,adsengaged,adslevel,race1,race2,race3,race4,race5,helmet,helmetmisuse,nmdistract1,nmdistract2,nmdistract3,nmdistract4,nmdistract5,nmdistract6,lab,isedtcase,crf1,crf2,crf3,CoRoadName,CoMP,IntCoRoadName,IntCoMP
2017,144,E672966,5,05/14/2017,2:40,14,5,0,11,Clark,2370,2,0,3,2,2,1,0,1,1,,,,24,0,0,4.9,1,0,1,2,2,1,3,0,0,0,0,SR-14,,-122.5518389,45.6038,0,1,1,13,2,60,34,0,0,1,2,1,1,1,4,3,1,1,1,53,0,49,472,2007,0,0,63,24,1,2,,,1,1,45,1,7,1,4,7,99,0,11,0,05/14/2017,2:40,2.37E+11,22051,6,0,0,3,1,0,0,0,0,96,,,,,,9,,,,,,98683,53,73,198,6,1,0,0,0,1,0,0,,,,,,0,03/15/2016,03/15/2016,8,0,0,0,0,1,8,,,0,0,0,8,1,2,996,0,0,1,0,0,2,1,0.18,,,,,,,,,,,,,,,,,,,,,,,,,,,,,,0,0,1,0,1,1,1,1,0,0,0,0,0,0,0,0,0,0,0,0,0,0,0,0,0,0,0,0,0,0,0,0,0,0,0,,0,0,0,0,0,1,1,1,0,0,0,0,0,0,0,1,,,,,,41-45,36-45,State route,U,Sunday,Unknown,PV,White,0,1,0,0,State Route,State Patrol,Washington State Patrol Headquarter,1,1,0,0,0,,,,,,,,,,,,,,,,,,,,,,,,,,,,,,,,,,,,,,,,,,,
2017,143,E673190,2,05/12/2017,17:22,12,5,0,57,Skagit,0,10,0,1,1,2,1,0,2,2,17:21,17:31,,12,0,2,236.6,1,0,1,1,1,1,1,0,0,0,0,I-5,,-122.3499083,48.55785278,0,2,51,62,4,70,63,0,0,1,2,2,1,1,4,2,1,1,3,53,0,12,881,2000,0,0,12,63,24,2,,,1,1,36,1,0,0,0,0,3,0,11,0,,,,,6,1,0,3,1,0,0,0,0,0,,,,,,0,,,,,,98226,53,67,180,6,1,0,0,0,2,1,0,,,,,,0,10/15/2012,07/15/2016,1,0,0,0,8,9,8,,,0,0,0,8,0,0,0,0,0,0,0,0,0,0,996,,,,,,,,,,,,,,,,,,,,,,,,,,,,,,0,0,0,0,0,0,0,0,0,0,0,0,0,0,0,0,0,0,0,0,0,0,0,0,0,1,1,1,0,1,1,0,0,0,0,,0,0,0,0,0,0,0,0,0,0,0,0,0,0,0,0,,,,,,36-40,36-45,Interstate,R,Friday,,MHTRUCK,Not Fatal,0,1,1,0,State Route,State Patrol,Washington State Patrol Headquarter,0,1,0,0,0,,,,,,,,,,,,,,,,,,,,,,,,,,,,,,,,,,,,,,,,,,,
2017,143,E673190,2,05/12/2017,17:22,12,5,0,57,Skagit,0,10,0,1,1,2,1,0,2,2,17:21,17:31,,12,0,2,236.6,1,0,1,1,1,1,1,0,0,0,0,I-5,,-122.3499083,48.55785278,0,1,50,10,2,70,6,0,0,1,2,12,1,1,4,2,1,1,1,53,0,30,40,2002,0,0,65,12,,,,,1,1,86,1,7,1,4,7,3,0,11,0,05/12/2017,17:22,53021660,21660,0,0,0,3,1,28,0,0,0,96,,,,,,1,,,,,,98273,53,66,160,6,1,0,0,0,0,0,0,,,,,,0,,,20,0,0,0,0,9,8,,,0,0,0,8,0,2,1,0,0,1,0,0,2,1,0,,,,,,,,,,,,,,,,,,,,,,,,,,,,,,0,0,0,0,0,0,0,0,0,0,0,0,0,0,0,0,0,0,0,0,0,0,0,0,0,1,1,1,0,1,1,0,0,0,0,,1,0,0,0,0,0,0,0,0,0,0,0,0,0,0,0,,,,,,81+,76+,Interstate,R,Friday,Belt Used,PV,White,0,1,1,0,State Route,State Patrol,Washington State Patrol Headquarter,0,1,0,0,0,,,,,,,,,,,,,,,,,,,,,,,,,,,,,,,,,,,,,,,,,,,
2017,156,E673343,6,05/21/2017,12:01,21,5,0,25,Grant,0,1,0,1,1,2,1,0,1,1,,,,57,0,0,159.4,1,0,1,1,1,1,1,0,0,0,0,I-90,,-119.4849333,47.10414444,0,1,98,9,1,70,34,0,0,1,2,1,1,1,2,3,1,1,1,53,0,7,482,2004,0,0,64,57,31,57,69,68,1,1,77,1,7,1,4,7,3,0,11,0,05/21/2017,12:01,53023219,23219,0,0,0,3,1,0,0,0,0,92,,,,,,99,,,,,,98382,53,75,275,6,1,0,1,0,0,0,0,,,,,,0,09/15/2014,09/15/2014,20,0,0,0,0,9,8,,,0,0,0,8,9,2,1,0,0,1,0,0,2,1,0,,,,,,,,,,,,,,,,,,,,,,,,,,,,,,0,0,0,0,0,0,0,0,0,0,0,0,0,0,0,0,1,0,0,0,0,0,0,0,0,1,1,1,0,0,0,0,0,0,0,,0,0,0,0,0,0,0,0,1,0,0,0,0,0,0,0,,,,,,76-80,76+,Interstate,R,Sunday,Belt Used,PV,White,0,1,0,0,State Route,State Patrol,Washington State Patrol Headquarter,1,1,0,0,0,,,,,,,,,,,,,,,,,,,,,,,,,,,,,,,,,,,,,,,,,,,
2017,158,E673372,40,05/22/2017,8:35,22,5,0,63,Spokane,0,1,0,1,1,2,1,1,1,1,9:05,9:25,,9,0,0,1,1,0,1,5,1,2,4,0,0,0,0,CR-DISHMAN MICA,,-117.2471389,47.60701944,0,1,13,13,2,45,20,0,0,1,5,9,1,1,2,1,1,1,2,53,0,6,441,2002,0,0,63,9,,,,,1,1,23,1,0,0,0,0,3,0,11,0,,,,,0,0,0,3,1,0,0,0,0,0,,,,,,2,,,,,,99023,53,72,187,6,1,0,1,0,0,0,97,,,,,,0,05/15/2012,05/15/2012,20,0,0,0,8,9,8,,,0,0,0,8,0,0,0,0,0,0,0,0,0,0,996,,,,,,,,,,,,,,,,,,,,,,,,,,,,,,0,0,0,0,0,0,0,0,0,0,0,0,0,0,0,1,0,0,0,0,0,0,0,1,1,0,0,0,0,1,0,0,1,0,0,,0,0,0,0,0,0,0,0,0,0,0,0,0,0,0,0,,,,,,21-25,16-25,County road,R,Monday,Belt Used,PV,Not Fatal,0,0,0,0,County Road,County Sheriff,Spokane County Sheriff's Office,0,0,1,0,0,,,,,,,,,,,,,,,,,,,,,,,,,,,,,,,,,,,,,,,,,,,
2017,159,E673801,14,05/22/2017,21:00,22,5,0,11,Clark,0,1,0,5,1,2,1,0,1,1,21:00,21:06,,38,0,0,13.5,3,0,3,4,1,1,3,0,0,20,3,SR-503,NE ROCK CREEK RD,-122.5219472,45.85685,0,1,14,14,2,50,80,0,0,1,5,38,8,8,2,1,99,1,1,53,0,72,706,2017,0,0,71,38,,,,,1,1,54,1,7,1,4,7,29,0,11,0,05/22/2017,21:00,53023393,23393,0,0,0,3,1,0,0,0,0,92,,,,,,99,,,,,,98564,53,72,200,6,1,0,0,0,1,0,0,,,,,,0,09/15/2016,09/15/2016,20,8,0,0,0,9,8,,,0,0,0,8,9,2,1,0,0,1,0,0,2,1,0.2,,,,,,,,,,,,,,,,,,,,,,,,,,,,,,0,0,0,1,1,1,0,1,0,0,0,0,0,0,0,0,1,0,0,0,0,0,0,0,0,0,0,0,1,0,0,0,0,0,1,0,0,0,0,0,0,1,0,1,1,0,0,0,0,1,0,1,,,,,,51-55,46-55,State route,R,Monday,,MC,White,1,0,0,0,State Route,County Sheriff,Clark County Sheriff's Office,0,1,0,0,0,,,,,,,,,,,,,,,,,,,,,,,,,,,,,,,,,,,,,,,,,,,
2017,192,E673996,67,05/22/2017,7:32,22,5,0,35,Kitsap,180,1,0,1,1,2,1,0,1,3,,,,14,0,0,0,1,0,1,7,2,4,6,0,0,0,0,BAY VISTA BLVD,,-122.6787139,47.56607222,0,1,6,12,2,98,4,0,0,1,5,14,1,2,2,1,1,1,1,53,0,49,40,1998,0,0,68,64,14,14,,,1,1,90,1,7,1,4,0,3,0,11,5,06/01/2017,18:47,2.23E+11,17712,0,0,3,3,1,0,0,0,0,96,,,,,,0,,,,,,98312,53,69,168,6,1,0,0,1,0,0,0,,,,,,0,10/15/2012,10/15/2012,20,0,0,0,0,9,8,,,0,0,0,8,0,0,0,0,0,0,0,0,0,0,996,,,,,,,,,,,,,,,,,,,,,,,,,,,,,,0,0,1,0,0,0,0,0,0,0,0,0,0,0,0,0,0,0,0,0,0,0,0,0,0,1,1,1,0,1,0,0,0,0,0,,1,0,0,0,0,0,0,0,0,0,0,0,0,0,0,0,,,,,,81+,76+,City street,U,Monday,Belt Used,PV,White,0,1,0,0,City Street,Municipal/City Police,Bremerton Police Department,1,0,0,1,0,,,,,,,,,,,,,,,,,,,,,,,,,,,,,,,,,,,,,,,,,,,
2017,160,E674040,35,05/23/2017,16:08,23,5,0,53,Pierce,0,1,0,1,1,2,1,0,4,3,16:08,16:27,17:23,12,1,1,0.6,1,0,1,5,1,2,4,0,0,0,0,CR-WRIGHT BLISS RD KPN,,-122.7642917,47.37764167,0,1,24,51,3,40,4,0,0,1,2,12,1,2,2,1,1,1,1,53,0,35,43,2012,0,0,12,68,12,,,,1,1,49,1,0,0,0,0,99,0,11,0,,,,,0,0,3,3,1,0,0,0,0,96,,,,,,9,,,,,,98329,53,71,200,6,1,0,0,0,1,0,97,,,,,,3,08/15/2016,08/15/2016,99,0,0,0,8,1,8,,,0,0,0,8,1,2,695,0,0,1,0,0,2,1,0.086,,,,,,,,,,,,,,,,,,,,,,,,,,,,,,0,0,0,0,1,1,1,1,1,0,0,0,1,1,0,0,0,0,0,0,0,0,0,0,0,1,0,0,0,1,0,0,0,0,0,,0,0,0,0,0,1,1,1,0,1,0,0,0,0,0,1,,,,,,46-50,46-55,County road,R,Tuesday,Unknown,PV,Not Fatal,0,0,0,0,County Road,County Sheriff,Law Enforcement Support Agency,0,0,1,0,0,,,carboxy-thc,14,,,,,,,,,,,,,,,,,,,,,,,,,,,,,,,,,,,,,,,
2017,160,E674040,35,05/23/2017,16:08,23,5,0,53,Pierce,0,1,0,1,1,2,1,0,4,3,16:08,16:27,17:23,12,0,1,0.6,1,0,1,5,1,2,4,0,0,0,0,CR-WRIGHT BLISS RD KPN,,-122.7642917,47.37764167,0,2,25,53,3,40,95,0,0,1,2,12,1,2,2,1,1,2,0,53,0,98,998,9999,0,0,12,,,,,,1,1,65,1,7,1,4,7,20,0,11,0,05/23/2017,16:08,80053024604,24604,0,0,0,0,1,0,0,0,0,0,,,,,,9,,,,,,98329,53,70,200,0,0,0,0,0,0,0,0,,,,,,0,,,20,1,9,0,0,1,8,,,0,0,0,8,1,2,605,0,0,1,0,0,2,1,0.031,,,,,,,,,,,,,,,,,,,,,,,,,,,,,,0,0,0,0,1,1,1,1,1,0,0,0,1,1,0,0,0,0,0,0,0,0,0,0,0,1,0,0,0,1,0,0,0,0,0,,0,0,0,0,1,0,1,1,0,0,0,1,0,0,0,1,,,,,,61-65,56-65,County road,R,Tuesday,,OTHVT,White,0,0,0,0,County Road,County Sheriff,Law Enforcement Support Agency,0,0,1,0,0,thc,12,carboxy-thc,16,,,,,,,,,,,,,,,,,,,,,,,,,,,,,,,,,,,,,,,
2017,160,E674040,35,05/23/2017,16:08,23,5,0,53,Pierce,0,1,0,1,1,2,1,0,4,3,16:08,16:27,17:23,12,0,1,0.6,1,0,1,5,1,2,4,0,0,0,0,CR-WRIGHT BLISS RD KPN,,-122.7642917,47.37764167,0,3,98,62,4,40,4,0,0,1,2,12,1,2,2,1,1,1,1,53,0,20,2,2013,0,0,12,,,,,,1,1,68,2,0,0,1,0,3,0,11,8,,,,,0,0,0,3,1,0,0,0,0,0,,,,,,0,,,,,,98349,53,66,180,6,1,0,0,0,0,0,0,,,,,,0,,,8,0,0,0,8,9,8,,,0,0,0,8,0,0,0,0,0,0,0,0,0,0,996,,,,,,,,,,,,,,,,,,,,,,,,,,,,,,0,0,0,0,1,1,1,1,1,0,0,0,1,1,0,0,0,0,0,0,0,0,0,0,0,1,0,0,0,1,0,0,0,0,0,,0,0,0,0,0,0,0,0,0,0,0,0,0,0,0,0,,,,,,66-70,66-75,County road,R,Tuesday,Belt Used,PV,Not Fatal,0,0,0,0,County Road,County Sheriff,Law Enforcement Support Agency,0,0,1,0,0,,,,,,,,,,,,,,,,,,,,,,,,,,,,,,,,,,,,,,,,,,,
2017,141,E674098,35,05/11/2017,11:15,11,5,0,53,Pierce,2230,2,0,1,6,2,1,0,4,4,11:12,11:22,11:34,12,0,1,129.6,1,0,1,1,2,1,1,0,0,0,0,I-5,,-122.4644944,47.18220278,0,3,98,98,7,60,5,0,0,1,2,12,1,1,4,3,5,1,1,40,0,41,51,2012,0,0,12,12,,,,,1,1,33,1,0,0,1,0,3,0,11,8,,,,,0,0,0,3,1,0,0,0,0,0,,,,,,0,,,,,,73505,40,70,220,6,1,0,0,0,0,0,0,,,,,,0,,,20,0,0,0,8,9,8,,,0,0,0,8,0,0,0,0,0,0,0,0,0,0,996,,,,,,,,,,,,,,,,,,,,,,,,,,,,,,0,0,0,0,0,0,0,0,0,0,0,0,1,0,0,0,0,0,0,0,0,0,0,1,1,1,0,0,0,1,1,0,0,0,0,,0,0,0,0,0,0,0,0,0,0,0,0,0,0,0,0,,,,,,31-35,26-35,Interstate,U,Thursday,Belt Used,PV,Not Fatal,0,0,0,0,State Route,State Patrol,Washington State Patrol Headquarter,0,1,0,0,0,,,,,,,,,,,,,,,,,,,,,,,,,,,,,,,,,,,,,,,,,,,
2017,141,E674098,35,05/11/2017,11:15,11,5,0,53,Pierce,2230,2,0,1,6,2,1,0,4,4,11:12,11:22,11:34,12,0,1,129.6,1,0,1,1,2,1,1,0,0,0,0,I-5,,-122.4644944,47.18220278,0,2,21,53,3,60,61,0,0,1,2,12,1,1,4,3,5,1,3,53,0,12,881,2015,0,0,12,12,,,,,1,1,22,1,0,0,1,0,3,0,11,8,,,,,0,0,0,3,1,0,0,0,0,0,,,,,,0,,,,,,98499,53,81,250,6,1,0,0,0,1,0,0,,,,,,0,12/15/2015,12/15/2015,20,0,0,0,8,9,8,,,0,0,0,8,0,0,0,0,0,0,0,0,0,0,996,,,,,,,,,,,,,,,,,,,,,,,,,,,,,,0,0,0,0,0,0,0,0,0,0,0,0,1,0,0,0,0,0,0,0,0,0,0,1,1,1,0,0,0,1,1,0,0,0,0,,0,0,0,0,0,0,0,0,0,0,0,0,0,0,0,0,,,,,,21-25,16-25,Interstate,U,Thursday,,MHTRUCK,Not Fatal,0,0,0,0,State Route,State Patrol,Washington State Patrol Headquarter,0,1,0,0,0,,,,,,,,,,,,,,,,,,,,,,,,,,,,,,,,,,,,,,,,,,,
2017,141,E674098,35,05/11/2017,11:15,11,5,0,53,Pierce,2230,2,0,1,6,2,1,0,4,4,11:12,11:22,11:34,12,0,1,129.6,1,0,1,1,2,1,1,0,0,0,0,I-5,,-122.4644944,47.18220278,0,4,98,98,7,60,14,0,0,1,2,12,1,1,4,3,5,1,1,53,0,55,401,2013,0,0,12,,,,,,1,1,67,2,0,0,1,0,3,0,11,8,,,,,0,0,3,3,1,0,0,0,0,0,,,,,,0,,,,,,98512,53,68,140,6,1,0,2,1,0,0,0,,,,,,0,11/15/2015,01/15/2016,20,0,0,0,8,9,8,,,0,0,0,8,0,0,0,0,0,0,0,0,0,0,996,,,,,,,,,,,,,,,,,,,,,,,,,,,,,,0,0,0,0,0,0,0,0,0,0,0,0,1,0,0,0,0,0,0,0,0,0,0,1,1,1,0,0,0,1,1,0,0,0,0,,0,0,0,0,0,0,0,0,0,0,0,0,0,0,0,0,,,,,,66-70,66-75,Interstate,U,Thursday,Belt Used,PV,Not Fatal,0,0,0,0,State Route,State Patrol,Washington State Patrol Headquarter,0,1,0,0,0,,,,,,,,,,,,,,,,,,,,,,,,,,,,,,,,,,,,,,,,,,,
2017,141,E674098,35,05/11/2017,11:15,11,5,0,53,Pierce,2230,2,0,1,6,2,1,0,4,4,11:12,11:22,11:34,12,0,1,129.6,1,0,1,1,2,1,1,0,0,0,0,I-5,,-122.4644944,47.18220278,0,1,20,50,3,60,66,1,0,1,2,30,1,1,4,3,1,1,3,18,0,51,881,2017,0,0,12,64,25,30,,,1,1,46,1,7,1,4,7,3,0,11,0,05/11/2017,11:15,1.12E+11,22557,6,1,0,3,1,26,0,0,0,96,,,,,,99,,,,,,98632,53,75,280,6,1,0,0,0,1,0,0,,,,,,4,04/15/2016,04/15/2016,20,0,0,0,1,9,8,,,0,0,0,8,9,2,1,0,0,1,0,0,2,1,0,,,,,,,,,,,,,,,,,,,,,,,,,,,,,,0,0,0,0,0,0,0,0,0,0,0,0,1,0,0,0,0,0,0,0,0,0,0,1,1,1,0,0,0,1,1,0,0,0,0,,0,1,0,0,0,0,0,0,0,1,0,0,0,0,0,0,,,,,,46-50,46-55,Interstate,U,Thursday,,MHTRUCK,White,0,0,0,0,State Route,State Patrol,Washington State Patrol Headquarter,0,1,0,0,0,,,,,,,,,,,,,,,,,,,,,,,,,,,,,,,,,,,,,,,,,,,
2017,154,E674423,4,05/15/2017,13:55,15,5,0,1,Adams,0,1,0,1,1,2,1,0,1,1,13:55,14:06,,30,0,0,15.5,1,0,1,2,1,1,3,0,0,0,0,SR-17,,-119.1329417,46.87115833,0,1,6,12,2,60,66,2,0,1,2,2,1,1,2,1,1,1,2,53,0,84,881,2010,0,0,68,64,62,30,38,42,1,1,58,1,4,1,4,7,99,0,11,0,05/15/2017,13:57,53023192,23192,6,1,0,3,1,0,0,0,0,92,,,,,,99,,,,,,98846,53,74,190,6,1,0,2,3,2,0,0,,,,,,0,04/15/2014,11/15/2016,99,0,0,0,9,9,8,,,0,0,0,8,9,2,1,0,0,1,0,0,2,1,0,,,,,,,,,,,,,,,,,,,,,,,,,,,,,,0,0,1,0,0,0,0,0,0,0,0,0,0,0,0,0,1,0,0,0,0,0,0,0,0,0,0,0,0,0,1,0,0,0,0,,0,1,0,0,0,0,0,0,1,0,0,0,0,0,0,0,,,,,,56-60,56-65,State route,R,Monday,,MHTRUCK,Hispanic,0,1,0,0,State Route,State Patrol,Washington State Patrol Headquarter,1,1,0,0,0,,,,,,,,,,,,,,,,,,,,,,,,,,,,,,,,,,,,,,,,,,,
2017,161,E674804,25,05/20/2017,3:00,20,5,0,33,King,1958,1,0,3,1,2,1,1,1,1,,,,8,0,0,0,1,0,1,5,2,4,6,0,0,0,0,S 144TH ST,,-122.2936972,47.474325,0,1,13,80,5,30,4,0,0,1,2,8,1,3,2,1,1,1,2,53,0,7,24,2007,0,0,8,,,,,,1,1,42,1,0,0,0,0,3,0,11,0,,,,,0,0,0,3,1,0,0,0,0,0,,,,,,0,,,,,,98168,53,71,230,6,1,0,0,0,0,0,0,,,,,,0,,,20,0,0,0,8,9,8,,,0,0,0,0,0,0,0,0,0,0,0,0,0,0,996,,,,,,,,,,,,,,,,,,,,,,,,,,,,,,0,0,0,0,0,0,0,0,0,1,1,0,0,0,0,0,0,0,0,0,0,0,0,0,0,0,0,0,0,1,0,1,0,0,0,,0,0,0,0,0,0,0,0,0,0,0,0,0,0,0,0,,,,,,41-45,36-45,City street,U,Saturday,Belt Used,PV,Not Fatal,0,0,0,0,City Street,County Sheriff,King County Police,0,0,0,1,0,,,,,,,,,,,,,,,,,,,,,,,,,,,,,,,,,,,,,,,,,,,
2017,163,E674810,42,05/17/2017,23:18,17,5,0,67,Thurston,0,1,0,2,1,2,1,0,2,2,,,,12,0,2,1,1,0,1,5,2,2,4,0,0,0,0,CR-OLD HWY 99 SW,,-123.0089722,46.77752778,0,2,51,62,4,40,4,0,0,1,2,12,1,1,2,1,1,1,2,53,0,63,33,2003,0,0,12,,,,,,1,1,18,2,7,1,4,7,20,0,11,0,05/17/2017,23:18,53023282,23282,0,0,3,3,1,0,0,0,0,0,,,,,,0,,,,,,98531,53,62,160,6,1,0,0,0,0,0,0,,,,,,0,,,8,0,0,0,0,9,8,,,0,0,0,8,0,2,996,996,0,1,1,0,2,1,0,,,,,,,,,,,,,,,,,,,,,,,,,,,,,,0,0,0,0,0,0,1,1,0,0,0,0,0,0,0,0,0,0,0,1,0,1,1,1,1,0,0,0,0,1,0,0,0,1,0,,1,0,0,0,0,0,1,1,0,0,0,0,0,0,1,0,,,,,,18-20,16-25,County road,U,Wednesday,Not Used,PV,White,0,0,0,1,County Road,County Sheriff,Thurston County Sheriff's Office,0,0,1,0,0,,,,,,,,,,,,,,,,,,,,,,,,,,,,,,,,,,,,,,,,,,,
2017,163,E674810,42,05/17/2017,23:18,17,5,0,67,Thurston,0,1,0,2,1,2,1,0,2,2,,,,12,0,2,1,1,0,1,5,2,2,4,0,0,0,0,CR-OLD HWY 99 SW,,-123.0089722,46.77752778,0,1,50,10,2,98,4,0,0,1,2,12,1,1,2,1,1,1,2,53,0,12,37,2007,0,0,12,,,,,,1,1,25,1,0,0,3,0,3,0,11,8,,,,,0,0,3,3,1,51,0,0,0,96,,,,,,9,,,,,,98579,53,70,180,6,1,0,0,1,2,0,97,,,,,,0,08/15/2012,05/15/2016,1,0,0,0,8,9,8,,,0,0,0,1,0,8,95,0,0,6,0,0,0,0,996,,,,,,,,,,,,,,,,,,,,,,,,,,,,,,0,0,0,0,0,0,1,1,0,0,0,0,0,0,0,0,0,0,0,1,0,1,1,1,1,0,0,0,0,1,0,0,0,0,0,,0,0,0,0,0,0,0,0,0,0,0,0,0,0,0,0,,,,,,21-25,16-25,County road,U,Wednesday,Belt Used,PV,Not Fatal,0,0,0,1,County Road,County Sheriff,Thurston County Sheriff's Office,0,0,1,0,0,,,,,,,,,,,,,,,,,,,,,,,,,,,,,,,,,,,,,,,,,,,
2017,164,E675079,159,05/16/2017,15:03,16,5,0,5,Benton,1020,1,0,1,1,2,1,0,2,2,,,,12,0,6,0,2,0,2,4,2,4,6,0,0,3,3,W 27TH AVE,S ELY ST,-119.1590167,46.18389722,0,1,86,54,3,35,4,0,0,1,2,12,1,1,4,1,1,1,1,53,0,12,37,2010,0,0,12,,,,,,1,1,92,1,7,1,4,0,3,0,11,5,05/18/2017,5:21,1.02E+11,22583,0,0,3,3,1,39,0,0,0,96,,,,,,0,,,,,,99337,53,70,184,6,1,0,0,0,0,0,31,,,,,,0,,,8,0,0,0,0,9,8,,,0,0,0,8,0,0,0,0,0,0,0,0,0,0,996,,,,,,,,,,,,,,,,,,,,,,,,,,,,,,0,0,0,1,0,0,0,0,0,0,0,0,0,0,0,0,0,0,0,0,0,0,0,0,0,1,1,1,0,1,0,0,0,0,0,,1,0,0,0,0,0,0,0,0,0,0,0,0,0,0,0,,,,,,81+,76+,City street,U,Tuesday,Belt Used,PV,White,1,0,0,0,City Street,Municipal/City Police,Kennewick Police Department,0,0,0,1,0,,,,,,,,,,,,,,,,,,,,,,,,,,,,,,,,,,,,,,,,,,,
2017,164,E675079,159,05/16/2017,15:03,16,5,0,5,Benton,1020,1,0,1,1,2,1,0,2,2,,,,12,0,6,0,2,0,2,4,2,4,6,0,0,3,3,W 27TH AVE,S ELY ST,-119.1590167,46.18389722,0,2,87,54,3,35,15,0,0,1,2,12,1,1,4,1,1,1,1,53,0,20,421,2011,0,0,12,,,,,,1,1,49,1,0,0,1,0,3,0,11,0,,,,,0,0,0,3,1,0,0,0,0,0,,,,,,0,,,,,,99337,53,71,180,6,1,0,0,0,0,0,0,,,,,,0,,,8,0,0,0,8,9,8,,,0,0,0,8,0,0,0,0,0,0,0,0,0,0,996,,,,,,,,,,,,,,,,,,,,,,,,,,,,,,0,0,0,1,0,0,0,0,0,0,0,0,0,0,0,0,0,0,0,0,0,0,0,0,0,1,1,1,0,1,0,0,0,0,0,,0,0,0,0,0,0,0,0,0,0,0,0,0,0,0,0,,,,,,46-50,46-55,City street,U,Tuesday,Belt Used,PV,Not Fatal,1,0,0,0,City Street,Municipal/City Police,Kennewick Police Department,0,0,0,1,0,,,,,,,,,,,,,,,,,,,,,,,,,,,,,,,,,,,,,,,,,,,
2017,165,E676481,14,05/31/2017,5:14,31,5,0,11,Clark,0,10,0,4,1,2,1,0,1,1,,,,38,0,0,9.8,1,0,1,5,1,2,4,0,0,0,0,CR-NE CEDAR CREEK RD,,-122.5611972,45.93163056,0,1,6,12,2,50,4,0,0,1,2,1,1,2,2,1,1,1,5,41,0,37,32,1991,0,0,68,64,38,31,1,,1,1,38,1,7,1,4,7,20,0,11,0,05/31/2017,5:30,53024750,24750,0,0,0,2,1,0,0,0,0,96,,,,,,99,,,,,,98674,53,71,235,1,1,0,4,1,4,2,0,,,,,,0,04/15/2014,02/15/2017,20,1,9,0,0,9,8,,,0,0,0,8,9,2,401,417,0,1,1,0,2,1,0,,,,,,,,,,,,,,,,,,,,,,,,,,,,,,0,0,1,0,0,0,1,1,0,0,0,0,0,1,0,0,0,0,0,1,0,0,0,0,0,0,0,0,0,1,0,0,0,1,0,,1,0,0,0,0,0,1,1,0,0,0,1,0,0,1,0,,,,,,36-40,36-45,County road,R,Wednesday,Not Used,PV,White,0,1,0,0,County Road,County Sheriff,Clark County Sheriff's Office,1,0,1,0,0,,,,,,,,,,,,,,,,,,,,,,,,,,,,,,,,,,,,,,,,,,,