year,case,par,repjur,crash_dt,crash_tm,accday,accmon,holiday,county,co_char,city,weather,weather2,lightcond,surfcond,surftype,numfatal,nmforms,pforms,vforms,not_tm,arr_tm,hosp_tm,fhevent,hitrun,manncol,milepnt,reljunc,reljuncinter,intersectiontype,funcsystem,landuse,ownership,route,schlbus,spejur,contdev,devfunc,trafid1,trafid2,x,y,wk_zone,vnumber,crashtype,criticalevent,criticaleventcat,spdlim,body,trailer,emerg,hazcargo,leave,mhevent,roadalgn,roadprof,traflane,trafflow,vehmanvr,numoccs,regowner,regstate,spuse,make,model,modelyr,vrf1,vrf2,seqevent1,seqevent2,seqevent3,seqevent4,seqevent5,seqevent6,pnumber,ptype,age,sex,hispanic,race,injury,diedscene,restraint,restraintmisuse,seatpos,takehosp,death_dt,death_tm,cert,cernum_wa,commlic,licendor,licrestrict,liccomp,drivpres,drf1,drf2,drf3,drf4,distract1,distract2,distract3,distract4,distract5,distract6,dricond1,dricond2,dricond3,dricond4,dricond5,dricond6,dzip,licstate,drhgt_in,weight,noncdl,noncdltype,prevdwi,prevoth,prevacc,prevspd,prevsus,driviol1,driviol2,driviol3,driviol4,driviol5,driviol6,spdrel,first_dt,last_dt,airbag,ejection,ejectpath,extricat,injurwrk,methalc,methdrug,nmlocat,strikveh,prf1,prf2,prf3,druginv,alcinvol,drugsts,drugres1,drugres2,drugres3,drugtst1,drugtst2,drugtst3,alcsts,alctst,alcres,nmact1,nmact2,nmact3,nmact4,nmact5,nmact6,nmprior1,nmprior2,nmprior3,nmprior4,nmprior5,nmprior6,nmcond1,nmcond2,nmcond3,nmcond4,nmcond5,nmcond6,nmsafe_helmet,nmsafe_pads,nmsafe_oth,nmprev_ref,nmprev_lgt,nmprev_oth,crashlocation,nmcrashtype,crosswalk,schoolzone,sidewalk,train_inv,wildlife_inv,rotr_fars,intersect_fars,dd_inv,aid_inv,dpd_inv,id_inv,mj_inv,impnm_inv,ainm_inv,dpnm_inv,speed_inv,unlic_inv,unendmc_inv,drowsy_inv,drdist_inv,nmdist_inv,fty_inv,unrestfat_inv,dr1617_inv,dr1820_inv,dr1620_inv,dr2125_inv,dr1625_inv,dr65_inv,dr70_inv,dr75_inv,mc_inv,pv_inv,ht_inv,ped_inv,bike_inv,unrest_fat,mc_fat,unhelmet_mc,pv_fat,ht_fat,ped_fat,bike_fat,dr_alc7,dr_alc8,dr_drug,dr_imp,dr_dist,dr_spd,dr_fty,dr_unlic,dr_alc7only,dr_alc8only,dr_drugonly,dr_drink,nm_imp,nm_alc7,nm_alc8,nm_drug,nm_dist,agegrp1,agegrp2,roadclass,urbrur,dayweek,restuse,vehtype,race_me,intersect,lanedep,oppdir,wrongway,rep_typ,investag,repag_long,rotr,st_rd,cty_rd,city_rd,oth_rd,drug_thc,thc_res,drug_cthc,cthc_res,drug_cann,prevpersemin,prevperse,prevsusoth,drugtst4,drugtst5,drugtst6,drugtst7,drugtst8,drugres4,drugres5,drugres6,drugres7,drugres8,adspresent,adsengaged,adslevel,race1,race2,race3,race4,race5,helmet,helmetmisuse,nmdistract1,nmdistract2,nmdistract3,nmdistract4,nmdistract5,nmdistract6,lab,isedtcase,crf1,crf2,crf3,CoRoadName,CoMP,IntCoRoadName,IntCoMP
2017,148,E676815,4,05/29/2017,4:50,29,5,4,1,Adams,0,1,0,4,1,2,1,0,2,1,,,,1,0,0,78.6,1,0,1,3,1,1,2,0,0,0,0,US-395,,-118.3661167,47.11668333,0,1,7,9,1,70,14,0,0,1,2,1,1,1,2,2,1,2,2,16,0,20,403,2005,0,0,64,69,68,64,1,,1,1,18,1,0,0,0,0,3,0,11,0,,,,,0,0,3,3,1,58,0,0,0,0,,,,,,2,,,,,,83455,16,68,999,6,1,0,0,0,0,0,1,,,,,,3,,,20,0,0,0,8,9,2,,,0,0,0,0,0,0,0,0,0,0,0,0,0,0,996,,,,,,,,,,,,,,,,,,,,,,,,,,,,,,0,0,0,0,0,0,0,0,0,0,0,0,1,0,0,1,0,0,0,1,0,1,1,0,1,0,0,0,0,1,0,0,0,0,0,,0,0,0,0,0,0,0,0,0,1,0,0,0,0,0,0,,,,,,18-20,16-25,US highway,R,Monday,Belt Used,PV,Not Fatal,0,1,0,0,State Route,State Patrol,Washington State Patrol Headquarter,1,1,0,0,0,,,,,,,,,,,,,,,,,,,,,,,,,,,,,,,,,,,,,,,,,,,
2017,184,E677398,2,05/13/2017,21:30,13,5,0,73,Whatcom,0,99,0,9,99,2,1,1,1,1,,,,8,1,0,2.5,1,0,1,5,1,2,4,0,0,0,0,CR-BIRCH BAY LINDEN RD,,-122.6933,48.93562778,0,1,13,13,2,50,34,0,0,1,5,8,1,1,2,1,1,1,2,53,0,7,482,2004,0,0,63,8,,,,,1,1,37,1,0,0,0,0,99,0,11,0,,,,,0,0,0,2,1,0,0,0,0,92,,,,,,99,,,,,,98264,53,72,175,1,1,0,2,0,1,5,97,,,,,,0,01/15/2016,02/15/2017,99,0,0,0,8,9,8,,,0,0,0,8,9,0,0,0,0,0,0,0,0,0,996,,,,,,,,,,,,,,,,,,,,,,,,,,,,,,0,0,0,0,0,0,0,0,0,1,0,1,0,1,0,0,1,0,0,0,0,0,0,0,0,0,0,0,0,0,0,1,0,0,0,,0,0,0,0,0,0,0,0,1,0,0,1,0,0,0,0,,,,,,36-40,36-45,County road,R,Saturday,Unknown,PV,Not Fatal,0,0,0,0,County Road,State Patrol,Washington State Patrol Headquarter,0,0,1,0,0,,,,,,,,,,,,,,,,,,,,,,,,,,,,,,,,,,,,,,,,,,,
2017,185,E677443,34,05/20/2017,13:52,20,5,0,51,Pend Oreille,0,1,0,1,8,4,1,0,1,1,,,,42,0,0,1.8,1,0,1,7,1,2,4,0,0,0,0,CR-LEHIGH HILL RD,,-117.3923806,48.81153056,0,1,6,12,2,98,90,0,0,1,2,42,2,2,2,1,14,1,1,53,0,98,734,2014,0,0,64,42,,,,,1,1,51,1,7,1,4,7,19,0,11,0,05/20/2017,13:52,53023223,23223,0,0,0,2,1,0,0,0,0,96,,,,,,99,,,,,,99217,53,70,250,6,1,0,0,0,0,0,0,,,,,,4,,,20,0,0,0,0,9,8,,,0,0,0,8,1,2,605,0,0,1,0,0,2,1,0.24,,,,,,,,,,,,,,,,,,,,,,,,,,,,,,0,0,1,0,1,1,1,1,1,0,0,0,1,0,0,0,0,0,0,0,0,0,0,0,0,0,0,0,0,0,0,0,0,0,0,,0,0,0,0,0,1,1,1,0,1,0,0,0,0,0,1,,,,,,51-55,46-55,County road,R,Saturday,,OTHVT,White,0,1,0,0,County Road,County Sheriff,Pend Oreille County Sheriff's Offic,1,0,1,0,0,thc,45,carboxy-thc,81,,,,,,,,,,,,,,,,,,,,,,,,,,,,,,,,,,,,,,,
2017,180,E677481,2,05/29/2017,14:57,29,5,4,73,Whatcom,1210,1,0,1,1,2,1,0,2,2,,,,12,0,6,3.5,2,0,5,3,2,1,3,0,0,21,3,SR-546,NORTHWOOD RD,-122.407525,48.96405833,0,2,87,66,4,55,66,1,0,1,5,12,3,1,1,4,14,1,1,95,0,87,884,2013,0,0,12,,,,,,1,1,53,1,0,0,0,0,3,0,11,0,,,,,99,9,9,9,1,0,0,0,0,0,,,,,,0,,,,,,0,95,,999,9,9,99,99,99,99,99,0,,,,,,0,,,20,0,0,0,8,9,2,,,0,0,0,0,0,2,1,0,0,1,0,0,2,1,0,,,,,,,,,,,,,,,,,,,,,,,,,,,,,,0,0,0,1,1,1,1,1,0,0,0,0,1,0,0,0,0,0,1,0,0,0,0,0,0,0,0,0,0,0,1,0,0,0,0,,0,0,0,0,0,0,0,0,0,0,0,0,0,0,0,0,,,,,,51-55,46-55,State route,U,Monday,,MHTRUCK,Not Fatal,1,0,0,0,State Route,State Patrol,Washington State Patrol Headquarter,0,1,0,0,0,,,,,,,,,,,,,,,,,,,,,,,,,,,,,,,,,,,,,,,,,,,
2017,180,E677481,2,05/29/2017,14:57,29,5,4,73,Whatcom,1210,1,0,1,1,2,1,0,2,2,,,,12,0,6,3.5,2,0,5,3,2,1,3,0,0,21,3,SR-546,NORTHWOOD RD,-122.407525,48.96405833,0,1,86,17,2,50,34,0,0,1,2,12,1,1,2,1,1,1,2,41,0,20,481,1996,0,0,12,,,,,,1,1,37,1,7,1,4,7,20,0,11,0,05/29/2017,14:57,53024435,24435,0,0,0,3,1,38,0,0,0,96,,,,,,9,,,,,,98248,53,71,151,6,8,0,1,1,1,0,0,,,,,,3,06/15/2012,02/15/2016,20,0,0,0,0,1,8,,,0,0,0,8,1,2,996,996,0,1,1,0,2,1,0.25,,,,,,,,,,,,,,,,,,,,,,,,,,,,,,0,0,0,1,1,1,1,1,0,0,0,0,1,0,0,0,0,0,1,0,0,0,0,0,0,0,0,0,0,0,1,0,0,1,0,,0,0,0,0,0,1,1,1,0,1,1,0,0,0,0,1,,,,,,36-40,36-45,State route,U,Monday,Not Used,PV,White,1,0,0,0,State Route,State Patrol,Washington State Patrol Headquarter,0,1,0,0,0,,,,,,,,,,,,,,,,,,,,,,,,,,,,,,,,,,,,,,,,,,,
2017,186,E677561,35,05/31/2017,19:50,31,5,0,53,Pierce,0,1,0,1,1,2,1,0,2,1,,,,1,0,0,2,3,0,2,3,2,2,4,0,0,0,0,CR-152ND ST E,27TH AVE E,-122.3931611,47.11859444,0,1,2,8,1,35,80,0,0,1,2,1,1,1,2,1,1,2,2,51,0,76,706,2010,0,0,63,1,,,,,1,1,49,1,0,0,0,0,19,0,11,0,,,,,0,0,0,2,1,91,0,0,0,96,,,,,,0,,,,,,98387,53,71,235,6,1,0,1,0,1,0,2,,,,,,4,01/15/2016,10/15/2016,20,8,0,0,8,9,8,,,0,0,0,8,0,0,0,0,0,0,0,0,0,0,996,,,,,,,,,,,,,,,,,,,,,,,,,,,,,,0,0,0,1,0,0,0,0,0,0,0,0,1,0,1,0,0,0,0,0,0,0,0,0,0,0,0,0,1,0,0,0,0,0,0,0,0,0,0,0,0,0,0,0,0,1,0,0,0,0,0,0,,,,,,46-50,46-55,County road,U,Wednesday,,MC,Not Fatal,1,0,0,0,County Road,County Sheriff,Law Enforcement Support Agency,0,0,1,0,0,,,,,,,,,,,,,,,,,,,,,,,,,,,,,,,,,,,,,,,,,,,
2017,187,E677587,155,05/28/2017,1:10,28,5,4,33,King,980,1,0,2,1,2,1,1,1,2,,,,8,1,0,0,1,0,1,7,2,4,6,0,0,0,0,SE 53RD ST,,-122.0321639,47.55469444,0,1,13,80,5,25,99,0,0,1,5,8,1,2,2,1,1,99,9,99,0,99,999,9999,0,0,8,14,,,,,1,1,999,9,0,0,0,0,99,0,11,0,,,,,99,9,9,9,1,0,0,0,0,93,,,,,,99,,,,,,99999,99,,999,9,9,99,99,99,99,99,97,,,,,,0,,,99,0,0,0,8,9,8,,,0,0,0,8,9,0,0,0,0,0,0,0,0,0,996,,,,,,,,,,,,,,,,,,,,,,,,,,,,,,0,0,0,0,0,0,0,0,0,1,1,1,0,0,0,0,1,0,0,0,0,0,0,0,0,0,0,0,0,0,0,1,0,0,0,,0,0,0,0,0,0,0,0,1,0,0,0,0,0,0,0,,,,,,,,City street,U,Sunday,,NR-U,Not Fatal,0,0,0,0,City Street,Municipal/City Police,Issaquah Police Department,0,0,0,1,0,,,,,,,,,,,,,,,,,,,,,,,,,,,,,,,,,,,,,,,,,,,
2017,193,E677673,26,06/03/2017,8:59,3,6,0,35,Kitsap,0,1,0,1,1,2,1,0,1,1,,,,42,0,0,0.5,1,0,1,5,1,2,4,0,3,0,0,CR-COLUMBIA ST NE,,-122.5690806,47.73680833,0,1,6,12,2,35,34,0,0,1,2,42,2,2,2,1,14,1,1,53,0,20,471,1996,0,0,63,69,68,64,42,,1,1,46,1,7,1,4,7,3,0,11,0,06/03/2017,8:59,53025377,25377,0,0,0,3,1,0,0,0,0,96,,,,,,99,,,,,,98392,53,69,185,6,1,0,0,2,1,0,0,,,,,,4,05/15/2016,04/15/2017,20,0,0,0,0,9,8,,,0,0,0,8,9,2,1,0,0,1,0,0,2,1,0,,,,,,,,,,,,,,,,,,,,,,,,,,,,,,0,0,1,0,0,0,0,0,0,0,0,0,1,0,0,0,0,0,0,0,0,0,0,0,0,0,0,0,0,0,0,0,0,0,0,,0,0,0,0,0,0,0,0,0,1,0,0,0,0,0,0,,,,,,46-50,46-55,County road,R,Saturday,Belt Used,PV,White,0,1,0,0,County Road,County Sheriff,Kitsap County Sheriff's Office,1,0,1,0,0,,,,,,,,,,,,,,,,,,,,,,,,,,,,,,,,,,,,,,,,,,,
2017,151,E678121,5,06/02/2017,0:00,2,6,0,15,Cowlitz,0,1,0,2,1,2,1,0,1,1,,,,1,0,0,0.2,20,1,1,1,1,1,1,0,0,0,0,I-5 RAMP P102740,,-122.8229861,45.97968611,0,1,98,10,2,70,14,0,0,1,2,1,1,2,1,6,1,1,1,53,0,49,401,2005,0,0,64,1,69,63,59,,1,1,36,2,2,1,4,7,3,0,11,0,06/02/2017,0:02,53025936,25936,0,0,0,3,1,0,0,0,0,96,,,,,,99,,,,,,98674,53,66,150,6,1,0,1,1,0,1,0,,,,,,5,09/15/2014,09/15/2014,8,0,0,0,0,9,8,,,0,0,0,8,1,2,605,0,0,1,0,0,2,1,0.27,,,,,,,,,,,,,,,,,,,,,,,,,,,,,,0,0,0,0,1,1,1,1,1,0,0,0,1,0,0,0,0,0,0,0,0,0,0,0,0,0,0,0,0,1,0,0,0,0,0,,1,0,0,0,0,1,1,1,0,1,0,0,0,0,0,1,,,,,,36-40,36-45,Interstate,R,Friday,Belt Used,PV,Hispanic,0,1,0,0,State Route,State Patrol,Washington State Patrol Headquarter,1,1,0,0,0,thc,8.6,carboxy-thc,57,,,,,,,,,,,,,,,,,,,,,,,,,,,,,,,,,,,,,,,
2017,152,E678394,5,06/01/2017,3:00,1,6,0,11,Clark,240,2,0,2,2,2,1,0,1,1,,,,41,0,0,11.6,1,0,1,2,2,1,3,0,0,0,0,SR-14,,-122.4452667,45.57856111,0,1,98,13,2,60,5,0,0,1,5,25,2,1,2,3,14,1,1,53,0,63,32,2003,0,0,68,63,41,69,68,64,1,1,24,1,7,1,4,7,3,0,11,0,06/01/2017,3:00,24053025313,25313,0,0,0,3,1,0,0,0,0,96,,,,,,0,,,,,,98661,53,72,190,6,1,0,1,0,0,0,0,,,,,,5,11/15/2014,11/15/2014,20,1,9,0,0,1,8,,,0,0,0,8,1,2,1,0,0,1,0,0,2,1,0.023,,,,,,,,,,,,,,,,,,,,,,,,,,,,,,0,0,0,0,1,0,0,0,0,0,0,0,1,0,0,0,0,0,0,0,0,0,0,1,1,0,0,0,0,1,0,0,0,0,0,,1,0,0,0,1,0,0,0,0,1,0,0,1,0,0,1,,,,,,21-25,16-25,State route,U,Thursday,Belt Used,PV,White,0,1,0,0,State Route,State Patrol,Washington State Patrol Headquarter,1,1,0,0,0,,,,,,,,,,,,,,,,,,,,,,,,,,,,,,,,,,,,,,,,,,,
2017,188,E678568,305,05/23/2017,23:57,23,5,0,11,Clark,2370,10,0,3,1,1,1,1,1,1,23:57,23:59,0:15,8,0,0,0,3,0,2,3,2,4,6,0,0,0,0,SE MILL PLAIN BLVD,SE PARK CREST BLVD,-122.5225639,45.61754444,0,1,13,80,5,40,4,0,0,1,2,8,1,1,8,1,1,1,2,53,0,49,32,1998,0,0,8,,,,,,1,1,25,2,0,0,0,0,3,0,11,0,,,,,0,0,3,3,1,0,0,0,0,0,,,,,,0,,,,,,98563,53,63,175,6,1,0,0,0,0,0,0,,,,,,0,,,20,0,0,0,8,9,8,,,0,0,0,8,0,0,0,0,0,0,0,0,0,0,996,,,,,,,,,,,,,,,,,,,,,,,,,,,,,,0,0,0,1,0,0,0,0,0,1,1,0,0,0,0,0,0,0,0,0,0,0,0,1,1,0,0,0,0,1,0,1,0,0,0,,0,0,0,0,0,0,0,0,0,0,0,0,0,0,0,0,,,,,,21-25,16-25,City street,U,Tuesday,Belt Used,PV,Not Fatal,1,0,0,0,City Street,Municipal/City Police,Vancouver Police Department,0,0,0,1,0,,,,,,,,,,,,,,,,,,,,,,,,,,,,,,,,,,,,,,,,,,,
2017,194,E678581,1,06/05/2017,16:03,5,6,0,21,Franklin,0,1,0,1,1,2,2,0,3,2,,,,12,0,2,11.2,1,0,1,3,1,1,3,0,0,0,0,SR-17,,-119.0203028,46.71949167,0,2,51,62,4,60,67,0,0,1,2,12,1,1,2,1,1,1,2,16,0,7,880,2017,0,0,12,,,,,,1,1,50,1,0,0,1,0,3,0,11,8,,,,,0,0,0,3,1,0,0,0,0,0,,,,,,0,,,,,,83714,16,71,210,6,1,0,0,0,0,0,0,,,,,,0,,,1,0,0,0,8,9,8,,,0,0,0,8,0,0,0,0,0,0,0,0,0,0,996,,,,,,,,,,,,,,,,,,,,,,,,,,,,,,0,0,0,0,0,0,0,0,0,0,0,0,0,0,0,0,0,0,0,1,1,0,1,0,1,0,0,0,0,1,1,0,0,0,0,,0,0,0,0,0,0,0,0,0,0,0,0,0,0,0,0,,,,,,46-50,46-55,State route,R,Monday,Belt Used,MHTRUCK,Not Fatal,0,1,1,0,State Route,State Patrol,Washington State Patrol Headquarter,0,1,0,0,0,,,,,,,,,,,,,,,,,,,,,,,,,,,,,,,,,,,,,,,,,,,
2017,194,E678581,1,06/05/2017,16:03,5,6,0,21,Franklin,0,1,0,1,1,2,2,0,3,2,,,,12,0,2,11.2,1,0,1,3,1,1,3,0,0,0,0,SR-17,,-119.0203028,46.71949167,0,1,50,10,2,60,4,0,0,1,2,12,1,1,2,1,6,2,2,53,0,12,37,2005,0,0,68,12,,,,,1,1,17,1,1,1,4,7,20,0,11,0,06/05/2017,16:03,53025644,25644,0,0,0,3,1,28,35,0,0,96,,,,,,0,,,,,,98837,53,65,125,6,2,0,1,0,0,0,0,,,,,,0,05/15/2016,05/15/2016,1,0,0,0,0,9,8,,,0,0,0,8,0,0,0,0,0,0,0,0,0,0,996,,,,,,,,,,,,,,,,,,,,,,,,,,,,,,0,0,0,0,0,0,0,0,0,0,0,0,0,0,0,0,0,0,0,1,1,0,1,0,1,0,0,0,0,1,1,0,0,1,0,,1,0,0,0,0,0,0,0,0,0,0,0,0,0,0,0,,,,,,16-17,16-25,State route,R,Monday,Not Used,PV,Hispanic,0,1,1,0,State Route,State Patrol,Washington State Patrol Headquarter,0,1,0,0,0,,,,,,,,,,,,,,,,,,,,,,,,,,,,,,,,,,,,,,,,,,,
2017,162,E679491,4,05/24/2017,15:15,24,5,0,1,Adams,0,1,0,1,1,2,1,0,2,2,15:16,15:24,15:46,12,0,6,46.8,2,0,2,3,1,1,3,0,0,0,0,SR-26,BOOKER RD,-119.0481917,46.79954167,0,2,88,54,3,60,4,0,0,1,2,12,1,1,2,1,1,1,2,53,0,20,25,2014,0,0,12,,,,,,1,1,32,2,0,0,3,0,3,0,11,5,,,,,0,0,3,3,1,0,0,0,0,0,,,,,,99,,,,,,98208,53,69,145,6,1,0,0,0,0,0,0,,,,,,0,,,8,0,0,0,8,9,8,,,0,0,0,8,9,0,0,0,0,0,0,0,0,0,996,,,,,,,,,,,,,,,,,,,,,,,,,,,,,,0,0,0,1,0,0,0,0,0,0,0,0,0,0,0,0,1,0,0,0,1,0,1,0,1,0,0,0,0,1,0,0,0,0,0,,0,0,0,0,0,0,0,0,0,0,0,0,0,0,0,0,,,,,,31-35,26-35,State route,R,Wednesday,Belt Used,PV,Not Fatal,1,0,0,0,State Route,State Patrol,Washington State Patrol Headquarter,0,1,0,0,0,,,,,,,,,,,,,,,,,,,,,,,,,,,,,,,,,,,,,,,,,,,
2017,162,E679491,4,05/24/2017,15:15,24,5,0,1,Adams,0,1,0,1,1,2,1,0,2,2,15:16,15:24,15:46,12,0,6,46.8,2,0,2,3,1,1,3,0,0,20,3,SR-26,BOOKER RD,-119.0481917,46.79954167,0,1,89,54,3,55,2,0,0,1,2,12,1,1,2,1,1,1,2,53,0,20,22,2006,0,0,12,,,,,,1,1,17,1,7,1,4,7,3,0,11,0,05/24/2017,15:15,53023862,23862,0,0,1,3,1,39,0,0,0,93,,,,,,99,,,,,,98857,53,70,150,6,2,0,0,0,0,0,37,,,,,,0,,,20,0,0,0,0,9,8,,,0,0,0,8,9,0,0,0,0,0,0,0,0,0,996,,,,,,,,,,,,,,,,,,,,,,,,,,,,,,0,0,0,1,0,0,0,0,0,0,0,0,0,0,0,0,1,0,0,0,1,0,1,0,1,0,0,0,0,1,0,0,0,0,0,,1,0,0,0,0,0,0,0,1,0,0,0,0,0,0,0,,,,,,16-17,16-25,State route,R,Wednesday,Belt Used,PV,White,1,0,0,0,State Route,State Patrol,Washington State Patrol Headquarter,0,1,0,0,0,,,,,,,,,,,,,,,,,,,,,,,,,,,,,,,,,,,,,,,,,,,
2017,191,E679497,6,06/02/2017,4:52,2,6,0,25,Grant,0,1,0,4,1,2,1,0,1,1,,,,1,0,0,69.1,1,0,1,4,1,1,3,0,0,0,0,SR-17,,-119.4862417,47.40138333,0,1,98,12,2,60,16,0,0,1,2,1,2,1,2,1,14,1,1,53,0,23,431,2001,0,0,68,64,69,68,63,1,1,1,62,1,7,1,4,7,20,0,11,0,06/02/2017,4:52,2.05E+11,24942,3,0,3,3,1,0,0,0,0,96,,,,,,9,,,,,,99115,53,72,180,6,1,0,1,1,1,0,0,,,,,,0,02/15/2013,09/15/2013,20,1,9,0,0,9,1,,,0,0,0,1,9,2,189,996,996,1,1,1,2,1,0,,,,,,,,,,,,,,,,,,,,,,,,,,,,,,0,0,0,0,0,0,1,1,0,0,0,0,0,0,0,0,0,0,0,1,0,0,0,0,0,0,0,0,0,1,0,0,0,1,0,,1,0,0,0,0,0,1,1,0,0,0,0,0,0,1,0,,,,,,61-65,56-65,State route,R,Friday,Not Used,PV,White,0,1,0,0,State Route,State Patrol,Washington State Patrol Headquarter,1,1,0,0,0,,,,,,,,,,,,,,,,,,,,,,,,,,,,,,,,,,,,,,,,,,,
2017,196,E680052,3,06/04/2017,13:38,4,6,0,53,Pierce,0,10,0,1,1,2,1,0,1,1,13:38,13:47,14:35,24,0,0,16.6,1,0,1,4,2,1,3,0,0,0,0,SR-162,,-122.0722861,47.14238611,0,1,6,12,2,50,80,0,0,1,5,24,3,2,2,1,14,1,1,53,0,98,706,2016,0,0,68,64,24,,,,1,1,25,1,7,1,4,0,19,0,11,5,06/04/2017,15:01,2.02E+11,25453,0,0,0,3,1,0,0,0,0,96,,,,,,99,,,,,,98446,53,71,176,6,1,0,0,0,0,0,0,,,,,,4,,,20,8,0,0,0,9,8,,,0,0,0,8,9,2,522,0,0,1,0,0,2,1,0,,,,,,,,,,,,,,,,,,,,,,,,,,,,,,0,0,1,0,0,0,1,1,0,0,0,0,1,0,0,0,0,0,0,0,0,0,0,1,1,0,0,0,1,0,0,0,0,0,1,0,0,0,0,0,0,0,1,1,0,1,0,0,0,0,1,0,,,,,,21-25,16-25,State route,U,Sunday,,MC,White,0,1,0,0,State Route,State Patrol,Washington State Patrol Headquarter,1,1,0,0,0,,,,,,,,,,,,,,,,,,,,,,,,,,,,,,,,,,,,,,,,,,,
2017,153,E680077,8,05/15/2017,8:42,15,5,0,45,Mason,0,10,0,1,2,2,1,0,4,3,8:46,9:24,10:06,12,0,1,7.4,1,0,1,3,1,1,3,0,0,0,0,SR-3,,-123.0280528,47.25756944,0,2,25,53,3,50,34,0,0,1,2,12,1,2,2,1,1,1,2,53,0,35,481,2009,0,0,12,,,,,,1,1,34,2,0,0,1,0,3,0,11,8,,,,,0,0,0,3,1,0,0,0,0,0,,,,,,0,,,,,,98407,53,66,135,6,1,0,0,1,0,0,0,,,,,,0,01/15/2015,01/15/2015,20,0,0,0,8,9,8,,,0,0,0,8,0,0,0,0,0,0,0,0,0,0,996,,,,,,,,,,,,,,,,,,,,,,,,,,,,,,0,0,0,0,0,0,1,1,0,0,0,0,0,0,0,0,1,0,0,0,0,0,0,0,0,0,0,0,0,0,0,0,0,0,0,,0,0,0,0,0,0,0,0,0,0,0,0,0,0,0,0,,,,,,31-35,26-35,State route,R,Monday,Belt Used,PV,Not Fatal,0,0,0,0,State Route,State Patrol,Washington State Patrol Headquarter,0,1,0,0,0,,,,,,,,,,,,,,,,,,,,,,,,,,,,,,,,,,,,,,,,,,,
2017,153,E680077,8,05/15/2017,8:42,15,5,0,45,Mason,0,10,0,1,2,2,1,0,4,3,8:46,9:24,10:06,12,0,1,7.4,1,0,1,3,1,1,3,0,0,0,0,SR-3,,-123.0280528,47.25756944,0,3,98,54,3,50,34,0,0,1,2,12,1,2,2,1,1,1,1,53,0,20,481,2000,0,0,12,,,,,,1,1,37,1,0,0,3,0,3,0,11,8,,,,,0,0,1,3,1,0,0,0,0,0,,,,,,0,,,,,,98584,53,63,130,6,1,0,1,1,2,0,0,,,,,,0,02/15/2016,10/15/2016,3,0,0,0,8,9,8,,,0,0,0,8,0,0,0,0,0,0,0,0,0,0,996,,,,,,,,,,,,,,,,,,,,,,,,,,,,,,0,0,0,0,0,0,1,1,0,0,0,0,0,0,0,0,1,0,0,0,0,0,0,0,0,0,0,0,0,0,0,0,0,0,0,,0,0,0,0,0,0,0,0,0,0,0,0,0,0,0,0,,,,,,36-40,36-45,State route,R,Monday,Belt Used,PV,Not Fatal,0,0,0,0,State Route,State Patrol,Washington State Patrol Headquarter,0,1,0,0,0,,,,,,,,,,,,,,,,,,,,,,,,,,,,,,,,,,,,,,,,,,,
2017,153,E680077,8,05/15/2017,8:42,15,5,0,45,Mason,0,10,0,1,2,2,1,0,4,3,8:46,9:24,10:06,12,0,1,7.4,1,0,1,3,1,1,3,0,0,0,0,SR-3,,-123.0280528,47.25756944,0,1,24,9,1,50,34,0,0,1,2,12,1,2,2,1,1,2,1,53,0,20,481,1995,0,0,12,68,12,,,,1,1,58,1,7,1,4,7,3,0,11,0,05/15/2017,8:42,53022584,22584,0,0,3,3,1,0,0,0,0,92,,,,,,99,,,,,,98588,53,72,245,6,1,0,2,0,2,0,0,,,,,,0,12/15/2012,04/15/2017,1,0,0,0,0,9,8,,,0,0,0,8,9,2,177,189,401,1,1,1,2,1,0,,,,,,,,,,,,,,,,,,,,,,,,,,,,,,0,0,0,0,0,0,1,1,0,0,0,0,0,0,0,0,1,0,0,0,0,0,0,0,0,0,0,0,0,0,0,0,0,0,0,,0,0,0,0,0,0,1,1,1,0,0,0,0,0,1,0,,,,,,56-60,56-65,State route,R,Monday,Belt Used,PV,White,0,0,0,0,State Route,State Patrol,Washington State Patrol Headquarter,0,1,0,0,0,,,,,,,,,,,,,,,,,,,,,,,,,,,,,,,,,,,,,,,,,,,
2017,190,E680244,13,05/25/2017,20:40,25,5,0,9,Clallam,0,1,0,1,1,5,1,0,5,1,20:43,21:10,21:51,42,0,0,2.2,1,0,1,96,6,96,8,0,0,0,0,WOODS DR,,-123.0116167,47.99281944,0,1,7,12,2,98,4,0,0,1,2,42,2,2,8,1,14,5,2,53,0,35,43,2005,0,0,64,67,42,,,,1,1,15,1,0,0,2,0,99,0,11,8,,,,,0,0,0,0,1,0,0,0,0,96,,,,,,0,,,,,,98382,53,,999,0,0,99,99,99,99,99,97,,,,,,0,,,1,0,0,0,8,9,8,,,0,0,0,8,0,0,0,0,0,0,0,0,0,0,996,,,,,,,,,,,,,,,,,,,,,,,,,,,,,,0,0,0,0,0,0,0,0,0,0,0,0,0,1,0,0,0,0,0,0,0,0,0,0,0,0,0,0,0,1,0,0,0,0,0,,0,0,0,0,0,0,0,0,0,0,0,1,0,0,0,0,,,,,,10ÔÂ15ÈÕ,0-15,Other,,Thursday,Unknown,PV,Not Fatal,0,1,0,0,Other,County Sheriff,Clallam County Sheriff's Office,1,0,0,0,1,,,,,,,,,,,,,,,,,,,,,,,,,,,,,,,,,,,,,,,,,,,