year,case,par,repjur,crash_dt,crash_tm,accday,accmon,holiday,county,co_char,city,weather,weather2,lightcond,surfcond,surftype,numfatal,nmforms,pforms,vforms,not_tm,arr_tm,hosp_tm,fhevent,hitrun,manncol,milepnt,reljunc,reljuncinter,intersectiontype,funcsystem,landuse,ownership,route,schlbus,spejur,contdev,devfunc,trafid1,trafid2,x,y,wk_zone,vnumber,crashtype,criticalevent,criticaleventcat,spdlim,body,trailer,emerg,hazcargo,leave,mhevent,roadalgn,roadprof,traflane,trafflow,vehmanvr,numoccs,regowner,regstate,spuse,make,model,modelyr,vrf1,vrf2,seqevent1,seqevent2,seqevent3,seqevent4,seqevent5,seqevent6,pnumber,ptype,age,sex,hispanic,race,injury,diedscene,restraint,restraintmisuse,seatpos,takehosp,death_dt,death_tm,cert,cernum_wa,commlic,licendor,licrestrict,liccomp,drivpres,drf1,drf2,drf3,drf4,distract1,distract2,distract3,distract4,distract5,distract6,dricond1,dricond2,dricond3,dricond4,dricond5,dricond6,dzip,licstate,drhgt_in,weight,noncdl,noncdltype,prevdwi,prevoth,prevacc,prevspd,prevsus,driviol1,driviol2,driviol3,driviol4,driviol5,driviol6,spdrel,first_dt,last_dt,airbag,ejection,ejectpath,extricat,injurwrk,methalc,methdrug,nmlocat,strikveh,prf1,prf2,prf3,druginv,alcinvol,drugsts,drugres1,drugres2,drugres3,drugtst1,drugtst2,drugtst3,alcsts,alctst,alcres,nmact1,nmact2,nmact3,nmact4,nmact5,nmact6,nmprior1,nmprior2,nmprior3,nmprior4,nmprior5,nmprior6,nmcond1,nmcond2,nmcond3,nmcond4,nmcond5,nmcond6,nmsafe_helmet,nmsafe_pads,nmsafe_oth,nmprev_ref,nmprev_lgt,nmprev_oth,crashlocation,nmcrashtype,crosswalk,schoolzone,sidewalk,train_inv,wildlife_inv,rotr_fars,intersect_fars,dd_inv,aid_inv,dpd_inv,id_inv,mj_inv,impnm_inv,ainm_inv,dpnm_inv,speed_inv,unlic_inv,unendmc_inv,drowsy_inv,drdist_inv,nmdist_inv,fty_inv,unrestfat_inv,dr1617_inv,dr1820_inv,dr1620_inv,dr2125_inv,dr1625_inv,dr65_inv,dr70_inv,dr75_inv,mc_inv,pv_inv,ht_inv,ped_inv,bike_inv,unrest_fat,mc_fat,unhelmet_mc,pv_fat,ht_fat,ped_fat,bike_fat,dr_alc7,dr_alc8,dr_drug,dr_imp,dr_dist,dr_spd,dr_fty,dr_unlic,dr_alc7only,dr_alc8only,dr_drugonly,dr_drink,nm_imp,nm_alc7,nm_alc8,nm_drug,nm_dist,agegrp1,agegrp2,roadclass,urbrur,dayweek,restuse,vehtype,race_me,intersect,lanedep,oppdir,wrongway,rep_typ,investag,repag_long,rotr,st_rd,cty_rd,city_rd,oth_rd,drug_thc,thc_res,drug_cthc,cthc_res,drug_cann,prevpersemin,prevperse,prevsusoth,drugtst4,drugtst5,drugtst6,drugtst7,drugtst8,drugres4,drugres5,drugres6,drugres7,drugres8,adspresent,adsengaged,adslevel,race1,race2,race3,race4,race5,helmet,helmetmisuse,nmdistract1,nmdistract2,nmdistract3,nmdistract4,nmdistract5,nmdistract6,lab,isedtcase,crf1,crf2,crf3,CoRoadName,CoMP,IntCoRoadName,IntCoMP
2017,178,E680633,6,05/25/2017,4:36,25,5,0,25,Grant,0,1,0,2,1,2,3,0,12,2,4:36,5:06,6:19,12,0,6,6.3,2,0,2,5,1,2,4,0,0,20,3,CR-ADAM RD S,FRENCHMAN HILLS RD W,-119.7605083,46.98635278,0,1,88,17,2,50,15,0,0,1,2,12,1,2,2,1,1,1,1,53,0,35,421,2005,0,0,12,,,,,,1,1,51,2,0,0,1,0,3,0,11,8,,,,,99,9,9,9,1,38,39,0,0,93,,,,,,0,,,,,,98848,96,,999,9,9,99,99,99,99,99,37,,,,,,0,,,8,0,0,0,8,9,8,,,0,0,0,8,0,0,0,0,0,0,0,0,0,0,996,,,,,,,,,,,,,,,,,,,,,,,,,,,,,,0,0,0,1,0,0,0,0,0,0,0,0,0,0,0,0,1,0,1,1,0,0,0,0,0,0,0,0,0,1,0,0,0,0,0,,0,0,0,0,0,0,0,0,1,0,1,0,0,0,0,0,,,,,,51-55,46-55,County road,R,Thursday,Belt Used,PV,Not Fatal,1,0,0,0,County Road,County Sheriff,Grant County Sheriff's Office,0,0,1,0,0,,,,,,,,,,,,,,,,,,,,,,,,,,,,,,,,,,,,,,,,,,,
2017,178,E680633,6,05/25/2017,4:36,25,5,0,25,Grant,0,1,0,2,1,2,3,0,12,2,4:36,5:06,6:19,12,0,6,6.3,2,0,2,5,1,2,4,0,0,0,0,CR-ADAM RD S,FRENCHMAN HILLS RD W,-119.7605083,46.98635278,0,2,89,66,4,60,21,0,0,1,2,1,1,1,2,1,1,11,1,53,0,20,461,2001,0,0,12,63,1,,,,1,1,42,1,0,0,3,0,3,0,11,8,,,,,0,0,0,3,1,0,0,0,0,0,,,,,,0,,,,,,99344,53,68,200,6,1,0,0,0,2,0,0,,,,,,0,04/15/2013,11/15/2015,1,0,0,0,8,9,8,,,0,0,0,8,0,0,0,0,0,0,0,0,0,0,996,,,,,,,,,,,,,,,,,,,,,,,,,,,,,,0,0,0,1,0,0,0,0,0,0,0,0,0,0,0,0,1,0,1,1,0,0,0,0,0,0,0,0,0,1,0,0,0,0,0,,0,0,0,0,0,0,0,0,0,0,0,0,0,0,0,0,,,,,,41-45,36-45,County road,R,Thursday,Belt Used,PV,Not Fatal,1,0,0,0,County Road,County Sheriff,Grant County Sheriff's Office,0,0,1,0,0,,,,,,,,,,,,,,,,,,,,,,,,,,,,,,,,,,,,,,,,,,,
2017,182,E680679,2,05/29/2017,20:20,29,5,4,29,Island,0,1,0,1,1,2,1,0,4,2,,,,12,0,2,1.9,1,0,1,6,1,2,4,0,0,0,0,CR-BAILEY RD,,-122.4046056,47.93839444,0,1,50,10,2,35,3,0,0,1,2,12,2,1,2,1,6,3,2,53,0,37,31,1996,0,0,68,12,,,,,1,1,30,1,0,0,2,0,3,0,11,8,,,,,0,0,0,2,1,27,0,0,0,96,,,,,,9,,,,,,98236,53,74,232,1,1,1,3,1,2,3,1,,,,,,3,06/15/2012,08/15/2016,1,0,0,0,8,9,8,,,0,0,0,8,1,2,605,0,0,1,0,0,2,1,0.12,,,,,,,,,,,,,,,,,,,,,,,,,,,,,,0,0,0,0,1,1,1,1,1,0,0,0,1,1,0,0,0,0,0,0,0,0,0,0,0,1,0,0,0,1,0,0,0,0,0,,0,0,0,0,0,1,1,1,0,1,0,1,0,0,0,1,,,,,,26-30,26-35,County road,R,Monday,Belt Used,PV,Not Fatal,0,1,1,0,County Road,State Patrol,Washington State Patrol Headquarter,0,0,1,0,0,thc,7,carboxy-thc,40,,,,,,,,,,,,,,,,,,,,,,,,,,,,,,,,,,,,,,,
2017,182,E680679,2,05/29/2017,20:20,29,5,4,29,Island,0,1,0,1,1,2,1,0,4,2,,,,12,0,2,1.9,1,0,1,6,1,2,4,0,0,0,0,CR-BAILEY RD,,-122.4046056,47.93839444,0,2,51,54,3,35,84,0,0,1,5,12,3,1,2,1,14,1,1,53,0,98,703,2009,0,0,12,,,,,,1,1,69,2,7,1,4,7,19,0,11,0,05/29/2017,20:20,53024603,24603,6,1,3,3,1,0,0,0,0,0,,,,,,0,,,,,,98258,53,65,135,6,1,0,0,1,0,0,0,,,,,,0,11/15/2012,11/15/2012,20,8,0,0,0,9,8,,,0,0,0,8,0,0,0,0,0,0,0,0,0,0,996,,,,,,,,,,,,,,,,,,,,,,,,,,,,,,0,0,0,0,1,1,1,1,1,0,0,0,1,1,0,0,0,0,0,0,0,0,0,0,0,1,0,0,0,1,0,0,0,0,0,,0,0,0,0,0,0,0,0,0,0,0,0,0,0,0,0,,,,,,66-70,66-75,County road,R,Monday,,OTHMC,White,0,1,1,0,County Road,State Patrol,Washington State Patrol Headquarter,0,0,1,0,0,,,,,,,,,,,,,,,,,,,,,,,,,,,,,,,,,,,,,,,,,,,
2017,155,E680840,7,05/15/2017,18:59,15,5,0,33,King,1640,1,0,1,2,2,1,0,4,4,,,,12,0,1,0.3,20,0,1,3,2,1,3,0,0,1,3,SR-167 RAMP R101262,,-122.2598056,47.27323889,0,4,98,53,3,98,3,0,0,1,2,12,1,2,1,6,5,1,5,53,0,36,38,2017,0,0,12,,,,,,1,1,34,1,0,0,0,0,3,0,11,0,,,,,0,0,0,3,1,0,0,0,0,0,,,,,,0,,,,,,98007,53,71,200,6,1,0,0,0,0,0,0,,,,,,0,,,20,0,0,0,8,9,8,,,0,0,0,8,0,0,0,0,0,0,0,0,0,0,996,,,,,,,,,,,,,,,,,,,,,,,,,,,,,,0,0,0,0,0,0,1,1,1,0,0,0,1,1,0,0,1,0,0,0,0,0,0,0,0,0,0,0,0,1,1,0,0,0,0,,0,0,0,0,0,0,0,0,0,0,0,0,0,0,0,0,,,,,,31-35,26-35,State route,U,Monday,Belt Used,PV,Not Fatal,1,0,0,0,State Route,State Patrol,Washington State Patrol Headquarter,0,1,0,0,0,,,,,,,,,,,,,,,,,,,,,,,,,,,,,,,,,,,,,,,,,,,
2017,155,E680840,7,05/15/2017,18:59,15,5,0,33,King,1640,1,0,1,2,2,1,0,4,4,,,,12,0,1,0.3,20,0,1,3,2,1,3,0,0,0,0,SR-167 RAMP R101262,,-122.2598056,47.27323889,0,3,98,98,7,98,2,0,0,1,2,12,1,2,1,6,2,1,2,53,0,30,398,1998,0,0,12,,,,,,1,1,26,2,0,0,1,0,3,0,11,0,,,,,0,0,0,2,1,0,0,0,0,0,,,,,,0,,,,,,98031,53,62,130,1,1,0,0,0,0,2,0,,,,,,0,10/15/2015,05/15/2016,20,0,0,0,8,9,8,,,0,0,0,8,0,0,0,0,0,0,0,0,0,0,996,,,,,,,,,,,,,,,,,,,,,,,,,,,,,,0,0,0,0,0,0,1,1,1,0,0,0,1,1,0,0,1,0,0,0,0,0,0,0,0,0,0,0,0,1,1,0,0,0,0,,0,0,0,0,0,0,0,0,0,0,0,1,0,0,0,0,,,,,,26-30,26-35,State route,U,Monday,Belt Used,PV,Not Fatal,1,0,0,0,State Route,State Patrol,Washington State Patrol Headquarter,0,1,0,0,0,,,,,,,,,,,,,,,,,,,,,,,,,,,,,,,,,,,,,,,,,,,
2017,155,E680840,7,05/15/2017,18:59,15,5,0,33,King,1640,1,0,1,2,2,1,0,4,4,,,,12,0,1,0.3,20,0,1,3,2,1,3,0,0,0,0,SR-167 RAMP R101262,,-122.2598056,47.27323889,0,2,29,53,3,98,5,0,0,1,2,12,1,2,1,6,2,1,2,53,0,20,28,2013,0,0,12,12,12,,,,1,1,33,1,7,1,4,7,3,0,11,0,05/15/2017,18:59,1.64E+11,22965,0,0,0,3,1,0,0,0,0,0,,,,,,9,,,,,,98391,53,69,148,6,1,0,1,1,6,4,0,,,,,,0,09/15/2013,06/15/2015,1,0,0,0,0,9,1,,,0,0,0,1,9,2,605,0,0,1,0,0,2,10,0,,,,,,,,,,,,,,,,,,,,,,,,,,,,,,0,0,0,0,0,0,1,1,1,0,0,0,1,1,0,0,1,0,0,0,0,0,0,0,0,0,0,0,0,1,1,0,0,0,0,,1,0,0,0,0,0,1,1,0,0,0,0,0,0,1,0,,,,,,31-35,26-35,State route,U,Monday,Belt Used,PV,White,1,0,0,0,State Route,State Patrol,Washington State Patrol Headquarter,0,1,0,0,0,thc,5,carboxy-thc,16,,,,,,,,,,,,,,,,,,,,,,,,,,,,,,,,,,,,,,,
2017,155,E680840,7,05/15/2017,18:59,15,5,0,33,King,1640,1,0,1,2,2,1,0,4,4,,,,12,0,1,0.3,20,0,1,3,2,1,3,0,0,3,3,SR-167 RAMP R101262,,-122.2598056,47.27323889,0,1,28,52,3,98,66,1,0,1,2,12,1,2,1,6,1,1,1,53,0,82,881,2001,0,0,12,64,59,,,,1,1,62,1,0,0,0,0,3,0,11,0,,,,,6,1,0,3,1,0,0,0,0,93,,,,,,99,,,,,,98661,53,67,170,6,1,0,1,0,0,0,23,,,,,,4,09/15/2016,09/15/2016,20,0,0,0,8,9,2,,,0,0,0,0,9,2,1,0,0,1,0,0,2,1,0,,,,,,,,,,,,,,,,,,,,,,,,,,,,,,0,0,0,0,0,0,1,1,1,0,0,0,1,1,0,0,1,0,0,0,0,0,0,0,0,0,0,0,0,1,1,0,0,0,0,,0,0,0,0,0,0,0,0,1,1,0,0,0,0,0,0,,,,,,61-65,56-65,State route,U,Monday,,MHTRUCK,Not Fatal,1,0,0,0,State Route,State Patrol,Washington State Patrol Headquarter,0,1,0,0,0,,,,,,,,,,,,,,,,,,,,,,,,,,,,,,,,,,,,,,,,,,,
2017,198,E681707,6,06/12/2017,6:40,12,6,0,47,Okanogan,1600,1,0,1,1,2,1,0,2,2,,,,12,0,2,277.5,1,0,1,3,2,1,2,0,0,98,3,US-97,,-119.5061611,48.41894444,0,2,51,62,4,50,34,1,0,1,2,12,1,1,2,1,1,1,1,53,0,23,472,2008,0,0,12,,,,,,1,1,76,1,0,0,2,0,3,0,11,8,,,,,0,0,0,3,1,0,0,0,0,0,,,,,,0,,,,,,98368,53,67,170,6,1,0,0,0,0,0,0,,,,,,0,,,1,0,0,0,8,9,8,,,0,0,0,8,0,0,0,0,0,0,0,0,0,0,996,,,,,,,,,,,,,,,,,,,,,,,,,,,,,,0,0,0,0,0,0,0,0,0,0,0,0,0,0,0,0,0,0,0,1,0,0,0,0,0,1,1,1,0,1,0,0,0,0,0,,0,0,0,0,0,0,0,0,0,0,0,0,0,0,0,0,,,,,,76-80,76+,US highway,U,Monday,Belt Used,PV,Not Fatal,0,1,1,0,State Route,State Patrol,Washington State Patrol Headquarter,0,1,0,0,0,,,,,,,,,,,,,,,,,,,,,,,,,,,,,,,,,,,,,,,,,,,
2017,198,E681707,6,06/12/2017,6:40,12,6,0,47,Okanogan,1600,1,0,1,1,2,1,0,2,2,,,,12,0,2,277.5,1,0,1,3,2,1,2,0,0,0,0,US-97,,-119.5061611,48.41894444,0,1,50,10,2,50,6,0,0,1,2,12,1,1,2,1,1,1,1,53,0,48,31,1987,0,0,68,12,,,,,1,1,57,1,7,1,4,0,20,0,11,0,06/12/2017,7:35,1.60E+11,26815,0,0,0,3,1,0,0,0,0,96,,,,,,99,,,,,,98841,53,73,200,6,1,0,0,0,0,0,0,,,,,,0,,,20,0,0,0,0,9,8,,,0,0,0,8,9,2,1,0,0,1,0,0,2,1,0,,,,,,,,,,,,,,,,,,,,,,,,,,,,,,0,0,0,0,0,0,0,0,0,0,0,0,0,0,0,0,0,0,0,1,0,0,0,0,0,1,1,1,0,1,0,0,0,1,0,,1,0,0,0,0,0,0,0,0,0,0,0,0,0,0,0,,,,,,56-60,56-65,US highway,U,Monday,Not Used,PV,White,0,1,1,0,State Route,State Patrol,Washington State Patrol Headquarter,0,1,0,0,0,,,,,,,,,,,,,,,,,,,,,,,,,,,,,,,,,,,,,,,,,,,
2017,195,E681956,7,06/07/2017,20:40,7,6,0,33,King,1960,1,0,1,1,1,1,1,1,1,,,,9,0,0,0.1,20,1,1,1,2,1,1,0,0,0,0,I-5 RAMP P116421,,-122.3201944,47.58765833,0,1,13,83,5,98,4,0,0,1,5,9,1,1,1,6,1,1,1,53,0,12,23,2014,0,0,9,,,,,,1,1,24,1,0,0,0,0,3,0,11,0,,,,,0,0,0,3,1,0,0,0,0,0,,,,,,0,,,,,,98146,53,77,300,6,1,0,2,0,2,2,0,,,,,,0,05/15/2014,08/15/2016,20,0,0,0,8,9,8,,,0,0,0,8,0,0,0,0,0,0,0,0,0,0,996,,,,,,,,,,,,,,,,,,,,,,,,,,,,,,0,0,0,0,0,0,0,0,0,1,0,1,0,0,0,0,0,0,0,0,0,0,0,1,1,0,0,0,0,1,0,0,1,0,0,,0,0,0,0,0,0,0,0,0,0,0,0,0,0,0,0,,,,,,21-25,16-25,Interstate,U,Wednesday,Belt Used,PV,Not Fatal,0,0,0,0,State Route,State Patrol,Washington State Patrol Headquarter,0,1,0,0,0,,,,,,,,,,,,,,,,,,,,,,,,,,,,,,,,,,,,,,,,,,,
2017,197,E681995,5,06/10/2017,1:06,10,6,0,59,Skamania,0,10,0,2,8,2,1,1,1,1,,,,15,0,0,28.5,1,0,1,3,1,1,3,0,0,0,0,SR-14,,-122.1322194,45.59545833,0,1,13,83,5,55,34,0,0,1,2,15,1,1,2,1,1,1,1,53,0,12,481,2015,0,0,15,,,,,,1,1,75,1,0,0,0,0,3,0,11,0,,,,,0,0,3,3,1,0,0,0,0,0,,,,,,0,,,,,,98671,53,72,237,6,1,0,0,0,0,0,0,,,,,,0,,,20,0,0,0,8,9,8,,,0,0,0,0,0,8,95,0,0,6,0,0,8,95,995,,,,,,,,,,,,,,,,,,,,,,,,,,,,,,0,0,0,0,0,0,0,0,0,1,0,1,0,0,0,0,0,0,0,0,0,0,0,0,0,1,1,1,0,0,0,1,0,0,0,,0,0,0,0,0,0,0,0,0,0,0,0,0,0,0,0,,,,,,71-75,66-75,State route,R,Saturday,Belt Used,PV,Not Fatal,0,0,0,0,State Route,State Patrol,Washington State Patrol Headquarter,0,1,0,0,0,,,,,,,,,,,,,,,,,,,,,,,,,,,,,,,,,,,,,,,,,,,
2017,201,E682134,42,06/17/2017,2:20,17,6,0,67,Thurston,0,1,0,2,1,2,1,0,1,1,,,,42,0,0,6.6,1,0,1,5,2,2,4,0,0,0,0,CR-CARPENTER RD NE,,-122.801925,47.08325,0,1,1,13,2,50,3,0,0,1,2,42,1,4,2,1,1,1,2,53,0,55,42,2013,0,0,68,63,42,1,,,1,1,17,1,7,1,4,7,3,0,11,0,06/17/2017,2:20,53027541,27541,0,0,0,3,1,0,0,0,0,99,,,,,,99,,,,,,98503,53,70,140,6,2,0,0,0,0,0,0,,,,,,5,,,8,0,0,0,0,9,8,,,0,0,0,8,9,2,1,0,0,1,0,0,2,1,0.24,,,,,,,,,,,,,,,,,,,,,,,,,,,,,,0,0,1,0,1,1,0,1,0,0,0,0,1,0,0,0,0,0,0,0,1,0,1,0,1,0,0,0,0,1,0,0,0,0,0,,1,0,0,0,0,1,0,1,0,1,0,0,0,1,0,1,,,,,,16-17,16-25,County road,U,Saturday,Belt Used,PV,White,0,1,0,0,County Road,County Sheriff,Thurston County Sheriff's Office,1,0,1,0,0,,,,,,,,,,,,,,,,,,,,,,,,,,,,,,,,,,,,,,,,,,,
2017,199,E683693,4,06/13/2017,21:52,13,6,0,63,Spokane,0,1,0,2,1,2,1,0,1,1,,,,59,0,0,0.5,5,1,1,1,2,1,1,0,0,0,0,I-90 RAMP R127825,,-117.4795056,47.63475833,0,1,6,12,2,55,80,0,0,1,2,59,2,2,1,6,14,1,1,6,0,73,706,2005,0,0,64,59,24,,,,1,1,49,1,7,1,4,7,19,0,11,0,06/13/2017,22:00,53026676,26676,0,0,3,3,1,0,0,0,0,92,,,,,,0,,,,,,99206,53,70,220,6,1,0,2,0,5,0,0,,,,,,0,07/15/2012,09/15/2016,20,8,0,0,0,9,8,,,0,0,0,8,0,2,1,0,0,1,0,0,2,1,0,,,,,,,,,,,,,,,,,,,,,,,,,,,,,,0,0,1,0,0,0,0,0,0,0,0,0,0,0,0,0,1,0,0,0,0,0,0,0,0,0,0,0,1,0,0,0,0,0,1,0,0,0,0,0,0,0,0,0,1,0,0,0,0,0,0,0,,,,,,46-50,46-55,Interstate,U,Tuesday,,MC,White,0,1,0,0,State Route,State Patrol,Washington State Patrol Headquarter,1,1,0,0,0,,,,,,,,,,,,,,,,,,,,,,,,,,,,,,,,,,,,,,,,,,,
2017,209,E683703,3,06/16/2017,22:57,16,6,0,53,Pierce,2230,1,0,3,1,2,1,0,4,2,,,,14,0,0,0.1,1,0,1,1,2,1,1,0,0,0,0,I-5 RAMP Q113002,,-122.4622139,47.19157222,1,1,11,13,2,60,4,0,0,1,2,14,2,2,2,3,14,1,2,53,0,12,13,2001,0,0,63,14,,,,,1,1,30,1,7,2,4,0,20,0,11,8,06/17/2017,0:04,2.23E+11,28062,0,0,0,2,1,0,0,0,0,92,,,,,,99,,,,,,98409,53,75,180,1,1,0,2,0,0,4,0,,,,,,0,01/15/2013,06/15/2017,8,0,0,0,0,9,8,,,0,0,0,8,9,0,0,0,0,0,0,0,0,0,996,,,,,,,,,,,,,,,,,,,,,,,,,,,,,,0,0,0,0,0,0,0,0,0,0,0,0,0,1,0,0,1,0,0,1,0,0,0,0,0,0,0,0,0,1,1,0,0,1,0,,1,0,0,0,0,0,0,0,1,0,0,1,0,0,0,0,,,,,,26-30,26-35,Interstate,U,Friday,Not Used,PV,Black,0,1,0,0,State Route,State Patrol,Washington State Patrol Headquarter,1,1,0,0,0,,,,,,,,,,,,,,,,,,,,,,,,,,,,,,,,,,,,,,,,,,,
2017,208,E683774,39,06/19/2017,15:03,19,6,0,61,Snohomish,0,1,0,1,1,2,1,0,1,2,,,,42,0,0,0.1,1,0,1,5,2,2,4,0,0,0,0,CR-ADMIRALTY WAY,121ST ST SW,-122.2519472,47.88837778,0,1,2,6,1,35,80,0,0,1,2,42,1,1,2,1,1,1,2,53,0,73,705,2006,0,0,63,42,14,,,,1,1,25,1,7,2,4,7,19,0,11,0,06/19/2017,15:03,69053027723,27723,0,0,0,3,1,0,0,0,0,96,,,,,,99,,,,,,98275,53,69,160,6,1,0,0,1,0,0,0,,,,,,4,03/15/2017,03/15/2017,20,8,0,0,0,9,8,,,0,0,0,8,9,2,605,0,0,1,0,0,2,1,0,,,,,,,,,,,,,,,,,,,,,,,,,,,,,,0,0,0,0,0,0,1,1,1,0,0,0,1,0,0,0,0,0,0,0,0,0,0,1,1,0,0,0,1,1,0,0,0,0,1,0,0,0,0,0,0,0,1,1,0,1,0,0,0,0,1,0,,,,,,21-25,16-25,County road,U,Monday,,MC,Black,0,1,0,0,County Road,County Sheriff,Snohomish County Sheriff's Office,1,0,1,0,0,thc,19,carboxy-thc,13,,,,,,,,,,,,,,,,,,,,,,,,,,,,,,,,,,,,,,,
2017,179,E683891,1,05/27/2017,22:13,27,5,4,77,Yakima,0,1,0,2,1,2,1,0,1,1,,,,24,0,0,2.6,1,0,1,5,1,2,4,0,0,0,0,CR-NILE RD,,-120.9342306,46.81926111,0,1,2,13,2,35,80,0,0,1,5,24,3,1,2,1,14,1,9,99,0,37,703,2007,0,0,63,24,,,,,1,1,49,1,7,1,4,7,19,0,11,0,05/27/2017,22:13,1.44E+11,24101,0,0,0,2,1,0,0,0,0,96,,,,,,9,,,,,,98368,53,71,185,6,1,0,1,0,2,0,0,,,,,,0,07/15/2013,01/15/2014,20,8,0,0,0,1,8,,,0,0,0,8,1,2,1,0,0,1,0,0,2,1,0.24,,,,,,,,,,,,,,,,,,,,,,,,,,,,,,0,0,0,0,1,1,0,1,0,0,0,0,0,0,1,0,0,0,0,0,0,0,0,0,0,0,0,0,1,0,0,0,0,0,1,0,0,0,0,0,0,1,0,1,0,0,0,0,0,1,0,1,,,,,,46-50,46-55,County road,R,Saturday,,MC,White,0,1,0,0,County Road,State Patrol,Washington State Patrol Headquarter,1,0,1,0,0,,,,,,,,,,,,,,,,,,,,,,,,,,,,,,,,,,,,,,,,,,,
2017,211,E683961,55,06/21/2017,21:56,21,6,0,33,King,100,1,0,3,1,2,1,0,2,2,,,,12,0,6,0,8,0,1,5,2,4,6,0,0,0,0,A ST E,,-122.2289,47.27058056,0,1,68,15,2,35,4,0,0,1,5,12,1,1,5,5,11,1,1,53,0,7,20,2000,0,0,12,,,,,,1,1,25,1,0,0,0,0,3,0,11,0,,,,,0,0,0,3,1,48,0,0,0,1,,,,,,0,,,,,,98002,53,74,154,6,1,1,0,2,1,1,97,,,,,,0,02/15/2014,04/15/2017,20,0,0,0,8,9,8,,,0,0,0,8,0,0,0,0,0,0,0,0,0,0,996,,,,,,,,,,,,,,,,,,,,,,,,,,,,,,0,0,0,0,1,1,0,1,0,0,0,0,0,0,0,0,1,0,0,0,0,0,0,1,1,0,0,0,1,1,0,0,0,0,0,,0,0,0,0,0,0,0,0,1,0,0,0,0,0,0,0,,,,,,21-25,16-25,City street,U,Wednesday,Belt Used,PV,Not Fatal,0,0,0,0,City Street,Municipal/City Police,Auburn Police Department,0,0,0,1,0,,,,,,,,,,,,,,,,,,,,,,,,,,,,,,,,,,,,,,,,,,,
2017,211,E683961,55,06/21/2017,21:56,21,6,0,33,King,100,1,0,3,1,2,1,0,2,2,,,,12,0,6,0,8,0,1,5,2,4,6,0,0,0,0,A ST E,,-122.2289,47.27058056,0,2,69,62,4,35,80,0,0,1,5,12,1,1,5,5,1,1,1,53,0,53,706,2011,0,0,12,,,,,,1,1,62,1,7,1,4,0,19,0,11,4,06/21/2017,23:20,96053028405,28405,0,0,0,3,1,0,0,0,0,0,,,,,,0,,,,,,98002,53,70,175,6,1,0,1,1,1,0,0,,,,,,0,09/15/2014,01/15/2016,20,8,0,0,0,9,8,,,0,0,0,8,0,2,1,0,0,1,0,0,2,1,0.11,,,,,,,,,,,,,,,,,,,,,,,,,,,,,,0,0,0,0,1,1,0,1,0,0,0,0,0,0,0,0,1,0,0,0,0,0,0,1,1,0,0,0,1,1,0,0,0,0,1,0,0,0,0,0,0,1,0,1,0,0,0,0,0,1,0,1,,,,,,61-65,56-65,City street,U,Wednesday,,MC,White,0,0,0,0,City Street,Municipal/City Police,Auburn Police Department,0,0,0,1,0,,,,,,,,,,,,,,,,,,,,,,,,,,,,,,,,,,,,,,,,,,,
2017,202,E684232,1,06/17/2017,7:15,17,6,0,21,Franklin,0,1,0,1,1,2,1,0,3,3,,,,12,0,8,1.7,1,0,1,3,1,1,3,0,0,0,0,SR-17,,-119.0018306,46.58564722,0,3,98,62,4,60,15,0,0,1,2,12,3,2,2,1,14,1,1,53,0,23,421,2008,0,0,12,,,,,,1,1,39,1,0,0,3,0,3,0,11,4,,,,,0,0,0,3,1,0,0,0,0,0,,,,,,0,,,,,,98813,53,67,180,6,1,1,1,0,2,1,0,,,,,,0,07/15/2012,04/15/2015,8,0,0,0,8,9,8,,,0,0,0,8,0,0,0,0,0,0,0,0,0,0,996,,,,,,,,,,,,,,,,,,,,,,,,,,,,,,0,0,0,0,1,1,0,1,0,0,0,0,1,0,0,0,0,0,0,0,0,0,0,1,1,0,0,0,0,1,0,0,0,0,0,,0,0,0,0,0,0,0,0,0,0,0,0,0,0,0,0,,,,,,36-40,36-45,State route,R,Saturday,Belt Used,PV,Not Fatal,0,1,1,0,State Route,State Patrol,Washington State Patrol Headquarter,0,1,0,0,0,,,,,,,,,,,,,,,,,,,,,,,,,,,,,,,,,,,,,,,,,,,
2017,202,E684232,1,06/17/2017,7:15,17,6,0,21,Franklin,0,1,0,1,1,2,1,0,3,3,,,,12,0,8,1.7,1,0,1,3,1,1,3,0,0,0,0,SR-17,,-119.0018306,46.58564722,0,1,64,10,2,60,4,0,0,1,2,12,2,2,2,1,14,1,1,53,0,54,39,2013,0,0,68,12,12,,,,1,1,24,2,1,1,4,7,3,0,11,0,06/17/2017,7:15,1.31E+11,27171,0,0,0,3,1,28,0,0,0,96,,,,,,9,,,,,,98857,53,66,140,6,1,0,0,0,4,2,0,,,,,,4,08/15/2013,03/15/2016,8,0,0,0,0,1,8,,,0,0,0,8,1,2,1,0,0,1,0,0,2,1,0.2,,,,,,,,,,,,,,,,,,,,,,,,,,,,,,0,0,0,0,1,1,0,1,0,0,0,0,1,0,0,0,0,0,0,0,0,0,0,1,1,0,0,0,0,1,0,0,0,0,0,,1,0,0,0,0,1,0,1,0,1,0,0,0,1,0,1,,,,,,21-25,16-25,State route,R,Saturday,Belt Used,PV,Hispanic,0,1,1,0,State Route,State Patrol,Washington State Patrol Headquarter,0,1,0,0,0,,,,,,,,,,,,,,,,,,,,,,,,,,,,,,,,,,,,,,,,,,,