year,case,par,repjur,crash_dt,crash_tm,accday,accmon,holiday,county,co_char,city,weather,weather2,lightcond,surfcond,surftype,numfatal,nmforms,pforms,vforms,not_tm,arr_tm,hosp_tm,fhevent,hitrun,manncol,milepnt,reljunc,reljuncinter,intersectiontype,funcsystem,landuse,ownership,route,schlbus,spejur,contdev,devfunc,trafid1,trafid2,x,y,wk_zone,vnumber,crashtype,criticalevent,criticaleventcat,spdlim,body,trailer,emerg,hazcargo,leave,mhevent,roadalgn,roadprof,traflane,trafflow,vehmanvr,numoccs,regowner,regstate,spuse,make,model,modelyr,vrf1,vrf2,seqevent1,seqevent2,seqevent3,seqevent4,seqevent5,seqevent6,pnumber,ptype,age,sex,hispanic,race,injury,diedscene,restraint,restraintmisuse,seatpos,takehosp,death_dt,death_tm,cert,cernum_wa,commlic,licendor,licrestrict,liccomp,drivpres,drf1,drf2,drf3,drf4,distract1,distract2,distract3,distract4,distract5,distract6,dricond1,dricond2,dricond3,dricond4,dricond5,dricond6,dzip,licstate,drhgt_in,weight,noncdl,noncdltype,prevdwi,prevoth,prevacc,prevspd,prevsus,driviol1,driviol2,driviol3,driviol4,driviol5,driviol6,spdrel,first_dt,last_dt,airbag,ejection,ejectpath,extricat,injurwrk,methalc,methdrug,nmlocat,strikveh,prf1,prf2,prf3,druginv,alcinvol,drugsts,drugres1,drugres2,drugres3,drugtst1,drugtst2,drugtst3,alcsts,alctst,alcres,nmact1,nmact2,nmact3,nmact4,nmact5,nmact6,nmprior1,nmprior2,nmprior3,nmprior4,nmprior5,nmprior6,nmcond1,nmcond2,nmcond3,nmcond4,nmcond5,nmcond6,nmsafe_helmet,nmsafe_pads,nmsafe_oth,nmprev_ref,nmprev_lgt,nmprev_oth,crashlocation,nmcrashtype,crosswalk,schoolzone,sidewalk,train_inv,wildlife_inv,rotr_fars,intersect_fars,dd_inv,aid_inv,dpd_inv,id_inv,mj_inv,impnm_inv,ainm_inv,dpnm_inv,speed_inv,unlic_inv,unendmc_inv,drowsy_inv,drdist_inv,nmdist_inv,fty_inv,unrestfat_inv,dr1617_inv,dr1820_inv,dr1620_inv,dr2125_inv,dr1625_inv,dr65_inv,dr70_inv,dr75_inv,mc_inv,pv_inv,ht_inv,ped_inv,bike_inv,unrest_fat,mc_fat,unhelmet_mc,pv_fat,ht_fat,ped_fat,bike_fat,dr_alc7,dr_alc8,dr_drug,dr_imp,dr_dist,dr_spd,dr_fty,dr_unlic,dr_alc7only,dr_alc8only,dr_drugonly,dr_drink,nm_imp,nm_alc7,nm_alc8,nm_drug,nm_dist,agegrp1,agegrp2,roadclass,urbrur,dayweek,restuse,vehtype,race_me,intersect,lanedep,oppdir,wrongway,rep_typ,investag,repag_long,rotr,st_rd,cty_rd,city_rd,oth_rd,drug_thc,thc_res,drug_cthc,cthc_res,drug_cann,prevpersemin,prevperse,prevsusoth,drugtst4,drugtst5,drugtst6,drugtst7,drugtst8,drugres4,drugres5,drugres6,drugres7,drugres8,adspresent,adsengaged,adslevel,race1,race2,race3,race4,race5,helmet,helmetmisuse,nmdistract1,nmdistract2,nmdistract3,nmdistract4,nmdistract5,nmdistract6,lab,isedtcase,crf1,crf2,crf3,CoRoadName,CoMP,IntCoRoadName,IntCoMP
2017,202,E684232,1,06/17/2017,7:15,17,6,0,21,Franklin,0,1,0,1,1,2,1,0,3,3,,,,12,0,8,1.7,1,0,1,3,1,1,3,0,0,0,0,SR-17,,-119.0018306,46.58564722,0,2,65,62,4,60,4,0,0,1,2,12,3,2,2,1,14,1,1,53,0,37,32,2004,0,0,12,63,25,2,,,1,1,63,1,0,0,2,0,3,0,11,4,,,,,0,0,3,3,1,0,0,0,0,0,,,,,,0,,,,,,99336,53,71,225,6,1,0,0,1,0,0,0,,,,,,0,11/15/2014,11/15/2014,8,0,0,0,8,9,8,,,0,0,0,8,0,0,0,0,0,0,0,0,0,0,996,,,,,,,,,,,,,,,,,,,,,,,,,,,,,,0,0,0,0,1,1,0,1,0,0,0,0,1,0,0,0,0,0,0,0,0,0,0,1,1,0,0,0,0,1,0,0,0,0,0,,0,0,0,0,0,0,0,0,0,0,0,0,0,0,0,0,,,,,,61-65,56-65,State route,R,Saturday,Belt Used,PV,Not Fatal,0,1,1,0,State Route,State Patrol,Washington State Patrol Headquarter,0,1,0,0,0,,,,,,,,,,,,,,,,,,,,,,,,,,,,,,,,,,,,,,,,,,,
2017,207,E684437,7,06/20/2017,23:18,20,6,0,33,King,0,1,0,2,1,1,1,1,3,3,,,,14,0,0,22.5,1,0,1,1,1,1,1,0,0,0,0,I-90,,-121.9086361,47.51063611,0,1,11,13,2,70,34,0,0,1,2,8,1,2,3,2,1,1,1,53,0,35,472,2005,0,0,63,14,8,14,,,1,1,42,1,0,0,0,0,99,0,11,0,,,,,0,0,0,3,1,91,0,0,0,96,,,,,,9,,,,,,98155,53,72,165,6,1,0,1,2,1,0,1,,,,,,0,08/15/2014,08/15/2016,20,0,0,0,8,9,8,,,0,0,0,8,1,0,0,0,0,0,0,0,0,0,996,,,,,,,,,,,,,,,,,,,,,,,,,,,,,,0,0,0,0,1,0,0,0,0,0,0,0,0,0,0,0,0,0,0,0,0,0,0,0,0,0,0,0,0,1,0,1,0,0,0,,0,0,0,0,0,0,0,0,0,0,0,0,0,0,0,1,,,,,,41-45,36-45,Interstate,R,Tuesday,Unknown,PV,Not Fatal,0,1,0,0,State Route,State Patrol,Washington State Patrol Headquarter,1,1,0,0,0,,,,,,,,,,,,,,,,,,,,,,,,,,,,,,,,,,,,,,,,,,,
2017,206,E685188,55,06/19/2017,17:32,19,6,0,33,King,100,1,0,1,1,2,1,0,5,5,17:48,17:53,18:17,12,0,1,0,3,0,2,3,2,1,3,0,0,3,3,SR-167 RAMP LX01577,15TH ST NW,-122.2558361,47.29561944,0,5,20,50,3,35,6,0,0,1,2,1,1,2,2,1,1,1,1,53,0,48,45,2015,0,0,12,12,1,12,12,,1,1,47,2,0,0,1,0,3,0,11,8,,,,,0,0,3,3,1,0,0,0,0,96,,,,,,99,,,,,,98002,53,68,180,6,1,0,0,0,0,0,97,,,,,,4,,,8,0,0,0,8,9,8,,,0,0,0,8,9,0,0,0,0,0,0,0,0,0,996,,,,,,,,,,,,,,,,,,,,,,,,,,,,,,0,0,0,1,0,0,1,1,1,0,0,0,1,0,0,0,0,0,0,0,0,0,0,0,0,0,0,0,1,1,0,0,0,0,0,,0,0,0,0,0,0,0,0,0,1,0,0,0,0,0,0,,,,,,46-50,46-55,State route,U,Monday,Belt Used,PV,Not Fatal,1,0,0,0,State Route,Municipal/City Police,Auburn Police Department,0,1,0,0,0,,,,,,,,,,,,,,,,,,,,,,,,,,,,,,,,,,,,,,,,,,,
2017,206,E685188,55,06/19/2017,17:32,19,6,0,33,King,100,1,0,1,1,2,1,0,5,5,17:48,17:53,18:17,12,0,1,0,3,0,2,3,2,1,3,0,0,3,3,SR-167 RAMP LX01577,15TH ST NW,-122.2558361,47.29561944,0,2,98,53,3,35,14,0,0,1,5,12,1,2,2,1,5,1,3,53,0,12,401,2015,0,0,12,,,,,,1,1,55,2,0,0,0,0,3,0,11,0,,,,,0,0,0,3,1,0,0,0,0,0,,,,,,0,,,,,,98022,53,65,135,6,1,0,1,1,0,0,0,,,,,,0,06/15/2015,06/15/2015,20,0,0,0,8,9,8,,,0,0,0,8,0,0,0,0,0,0,0,0,0,0,996,,,,,,,,,,,,,,,,,,,,,,,,,,,,,,0,0,0,1,0,0,1,1,1,0,0,0,1,0,0,0,0,0,0,0,0,0,0,0,0,0,0,0,1,1,0,0,0,0,0,,0,0,0,0,0,0,0,0,0,0,0,0,0,0,0,0,,,,,,51-55,46-55,State route,U,Monday,Belt Used,PV,Not Fatal,1,0,0,0,State Route,Municipal/City Police,Auburn Police Department,0,1,0,0,0,,,,,,,,,,,,,,,,,,,,,,,,,,,,,,,,,,,,,,,,,,,
2017,206,E685188,55,06/19/2017,17:32,19,6,0,33,King,100,1,0,1,1,2,1,0,5,5,17:48,17:53,18:17,12,0,1,0,3,0,2,3,2,1,3,0,0,3,3,SR-167 RAMP LX01577,15TH ST NW,-122.2558361,47.29561944,0,4,21,53,3,35,80,0,0,1,2,12,1,2,2,1,5,1,1,53,0,72,706,2014,0,0,12,,,,,,1,1,36,1,7,1,4,7,19,0,11,0,06/19/2017,17:32,10053028116,28116,0,0,0,3,1,0,0,0,0,0,,,,,,0,,,,,,98038,53,72,180,6,1,0,0,0,0,0,0,,,,,,0,,,20,8,0,0,0,9,8,,,0,0,0,8,0,2,605,0,0,1,0,0,2,1,0,,,,,,,,,,,,,,,,,,,,,,,,,,,,,,0,0,0,1,0,0,1,1,1,0,0,0,1,0,0,0,0,0,0,0,0,0,0,0,0,0,0,0,1,1,0,0,0,0,1,0,0,0,0,0,0,0,1,1,0,0,0,0,0,0,1,0,,,,,,36-40,36-45,State route,U,Monday,,MC,White,1,0,0,0,State Route,Municipal/City Police,Auburn Police Department,0,1,0,0,0,thc,1.6,carboxy-thc,8,,,,,,,,,,,,,,,,,,,,,,,,,,,,,,,,,,,,,,,
2017,206,E685188,55,06/19/2017,17:32,19,6,0,33,King,100,1,0,1,1,2,1,0,5,5,17:48,17:53,18:17,12,0,1,0,3,0,2,3,2,1,3,0,0,3,3,SR-167 RAMP LX01577,15TH ST NW,-122.2558361,47.29561944,0,3,98,53,3,35,4,0,0,1,5,12,1,2,2,1,5,1,1,53,0,49,40,2012,0,0,12,,,,,,1,1,47,2,0,0,0,0,3,0,11,0,,,,,0,0,0,3,1,0,0,0,0,0,,,,,,0,,,,,,98092,53,60,110,6,1,0,0,0,0,0,0,,,,,,0,,,20,0,0,0,8,9,8,,,0,0,0,8,0,0,0,0,0,0,0,0,0,0,996,,,,,,,,,,,,,,,,,,,,,,,,,,,,,,0,0,0,1,0,0,1,1,1,0,0,0,1,0,0,0,0,0,0,0,0,0,0,0,0,0,0,0,1,1,0,0,0,0,0,,0,0,0,0,0,0,0,0,0,0,0,0,0,0,0,0,,,,,,46-50,46-55,State route,U,Monday,Belt Used,PV,Not Fatal,1,0,0,0,State Route,Municipal/City Police,Auburn Police Department,0,1,0,0,0,,,,,,,,,,,,,,,,,,,,,,,,,,,,,,,,,,,,,,,,,,,
2017,206,E685188,55,06/19/2017,17:32,19,6,0,33,King,100,1,0,1,1,2,1,0,5,5,17:48,17:53,18:17,12,0,1,0,3,0,2,3,2,1,3,0,0,3,3,SR-167 RAMP LX01577,15TH ST NW,-122.2558361,47.29561944,0,1,98,53,3,35,4,0,0,1,2,12,1,2,2,1,5,1,3,53,0,20,22,2008,0,0,12,,,,,,1,1,33,1,0,0,1,0,3,0,11,8,,,,,0,0,0,3,1,0,0,0,0,0,,,,,,0,,,,,,98367,53,75,325,6,1,0,0,0,1,0,0,,,,,,0,06/15/2012,06/15/2012,20,0,0,0,8,9,8,,,0,0,0,8,0,0,0,0,0,0,0,0,0,0,996,,,,,,,,,,,,,,,,,,,,,,,,,,,,,,0,0,0,1,0,0,1,1,1,0,0,0,1,0,0,0,0,0,0,0,0,0,0,0,0,0,0,0,1,1,0,0,0,0,0,,0,0,0,0,0,0,0,0,0,0,0,0,0,0,0,0,,,,,,31-35,26-35,State route,U,Monday,Belt Used,PV,Not Fatal,1,0,0,0,State Route,Municipal/City Police,Auburn Police Department,0,1,0,0,0,,,,,,,,,,,,,,,,,,,,,,,,,,,,,,,,,,,,,,,,,,,
2017,212,E685220,5,06/25/2017,19:00,25,6,0,41,Lewis,0,1,0,1,1,2,1,0,1,1,19:04,19:13,19:26,24,0,0,2,1,0,1,4,1,1,3,0,0,0,0,SR-7,,-122.2570583,46.57463889,0,1,1,13,2,55,80,0,0,1,2,24,3,2,2,1,14,1,1,53,0,76,706,2013,0,0,63,24,,,,,1,1,53,1,7,1,4,0,5,0,11,5,06/25/2017,19:30,1.38E+11,28472,0,0,3,3,1,0,0,0,0,96,,,,,,99,,,,,,98855,53,73,220,6,1,0,0,0,0,0,0,,,,,,0,,,20,8,0,0,0,9,8,,,0,0,0,8,9,2,1,0,0,1,0,0,2,1,0,,,,,,,,,,,,,,,,,,,,,,,,,,,,,,0,0,1,0,0,0,0,0,0,0,0,0,0,0,0,0,0,0,0,0,0,0,0,0,0,0,0,0,1,0,0,0,0,0,1,0,0,0,0,0,0,0,0,0,0,0,0,0,0,0,0,0,,,,,,51-55,46-55,State route,R,Sunday,,MC,White,0,1,0,0,State Route,State Patrol,Washington State Patrol Headquarter,1,1,0,0,0,,,,,,,,,,,,,,,,,,,,,,,,,,,,,,,,,,,,,,,,,,,
2017,200,E685421,4,06/14/2017,17:53,14,6,0,75,Whitman,0,10,0,1,1,2,1,0,3,2,18:01,18:35,19:34,12,0,2,118.9,1,0,1,3,1,1,3,0,0,0,0,SR-26,,-117.673025,46.81265278,0,1,50,10,2,65,4,0,0,1,2,12,1,1,2,1,17,1,9,99,0,49,40,1995,0,0,63,69,68,12,,,1,1,64,1,7,2,4,7,3,0,11,0,06/14/2017,18:10,53026753,26753,0,0,3,3,1,28,58,0,0,96,,,,,,9,,,,,,83843,16,67,120,6,1,0,0,0,0,0,0,,,,,,0,,,8,0,0,0,0,9,1,,,0,0,0,1,0,2,605,998,0,1,1,0,2,1,0,,,,,,,,,,,,,,,,,,,,,,,,,,,,,,0,0,0,0,0,0,1,1,1,0,0,0,0,0,0,0,0,0,0,0,0,0,0,0,0,0,0,0,0,1,0,0,0,0,0,,1,0,0,0,0,0,1,1,0,0,0,0,0,0,1,0,,,,,,61-65,56-65,State route,R,Wednesday,Belt Used,PV,Black,0,1,1,0,State Route,State Patrol,Washington State Patrol Headquarter,0,1,0,0,0,thc,48,carboxy-thc,29,,,,,,,,,,,,,,,,,,,,,,,,,,,,,,,,,,,,,,,
2017,200,E685421,4,06/14/2017,17:53,14,6,0,75,Whitman,0,10,0,1,1,2,1,0,3,2,18:01,18:35,19:34,12,0,2,118.9,1,0,1,3,1,1,3,0,0,0,0,SR-26,,-117.673025,46.81265278,0,2,51,62,4,65,4,0,0,1,2,12,1,1,2,1,1,2,2,53,0,20,2,2009,0,0,12,,,,,,1,1,32,2,0,0,3,0,3,0,11,8,,,,,0,0,0,3,1,0,0,0,0,96,,,,,,0,,,,,,98273,53,67,155,6,1,0,0,0,0,0,0,,,,,,0,,,8,0,0,0,8,9,8,,,0,0,0,8,8,0,0,0,0,0,0,0,0,0,996,,,,,,,,,,,,,,,,,,,,,,,,,,,,,,0,0,0,0,0,0,1,1,1,0,0,0,0,0,0,0,0,0,0,0,0,0,0,0,0,0,0,0,0,1,0,0,0,0,0,,0,0,0,0,0,0,0,0,0,0,0,0,0,0,0,0,,,,,,31-35,26-35,State route,R,Wednesday,Belt Used,PV,Not Fatal,0,1,1,0,State Route,State Patrol,Washington State Patrol Headquarter,0,1,0,0,0,,,,,,,,,,,,,,,,,,,,,,,,,,,,,,,,,,,,,,,,,,,
2017,226,E685649,21,06/16/2017,14:49,16,6,0,25,Grant,0,1,0,1,1,7,1,0,2,1,14:49,15:00,16:07,1,0,0,2.6,1,0,1,7,1,2,4,0,0,0,0,CR-RD 27 SW,,-119.7825611,46.69358056,0,1,1,13,2,50,14,0,0,1,2,1,1,1,2,1,1,2,2,53,0,20,401,1999,0,0,63,69,63,1,,,1,1,19,1,0,0,2,0,3,0,11,8,,,,,0,0,0,0,1,29,0,0,0,17,,,,,,0,,,,,,99349,53,,999,0,0,99,99,99,99,99,69,,,,,,0,,,20,0,0,0,8,9,8,,,0,0,0,8,0,0,0,0,0,0,0,0,0,0,996,,,,,,,,,,,,,,,,,,,,,,,,,,,,,,0,0,1,0,0,0,0,0,0,0,0,0,0,1,0,0,1,0,0,1,0,1,1,0,1,0,0,0,0,1,0,0,0,0,0,,0,0,0,0,0,0,0,0,1,0,0,1,0,0,0,0,,,,,,18-20,16-25,County road,R,Friday,Belt Used,PV,Not Fatal,0,1,0,0,County Road,County Sheriff,Grant County Sheriff's Office,1,0,1,0,0,,,,,,,,,,,,,,,,,,,,,,,,,,,,,,,,,,,,,,,,,,,
2017,204,E685651,21,06/17/2017,16:17,17,6,0,25,Grant,0,1,0,1,1,7,1,0,1,1,,,,1,0,0,0,1,0,1,7,1,2,4,0,0,0,0,CR-24 SW,,-119.9383194,46.73750278,0,1,7,13,2,50,34,0,0,1,2,1,1,1,2,1,1,1,2,53,0,20,481,2004,0,0,63,69,68,64,1,17,1,1,28,1,99,1,4,7,3,0,11,0,06/17/2017,16:17,1.29E+11,27480,0,0,0,3,1,58,0,0,0,96,,,,,,9,,,,,,99349,53,69,180,6,1,0,0,0,0,0,0,,,,,,3,,,99,0,0,0,0,9,8,,,0,0,0,8,1,2,1,0,0,1,0,0,2,1,0.11,,,,,,,,,,,,,,,,,,,,,,,,,,,,,,0,0,0,0,1,1,0,1,0,0,0,0,1,0,0,0,0,0,0,0,0,0,0,0,0,0,0,0,0,0,0,0,0,0,0,,0,0,0,0,0,1,0,1,0,1,0,0,0,1,0,1,,,,,,26-30,26-35,County road,R,Saturday,Belt Used,PV,White,0,1,0,0,County Road,County Sheriff,Grant County Sheriff's Office,1,0,1,0,0,,,,,,,,,,,,,,,,,,,,,,,,,,,,,,,,,,,,,,,,,,,
2017,217,E686046,13,06/12/2017,16:35,12,6,0,9,Clallam,0,1,0,1,1,2,1,0,1,1,,,,41,0,0,0.4,1,0,1,6,1,2,4,0,0,0,0,CR-LOST MOUNTAIN RD,,-123.1645111,48.03962778,0,1,7,12,2,45,2,0,0,1,2,42,2,2,2,1,14,1,2,53,0,20,9,1995,0,0,68,64,41,67,42,,1,1,64,1,7,1,4,7,20,0,11,0,06/12/2017,16:35,53029109,29109,0,0,0,2,1,0,0,0,0,92,,,,,,99,,,,,,98382,53,73,180,1,1,0,0,0,0,1,0,,,,,,0,03/15/2017,03/15/2017,1,2,3,0,0,9,8,,,0,0,0,8,9,2,177,321,338,1,1,1,2,4,0.028,,,,,,,,,,,,,,,,,,,,,,,,,,,,,,0,0,0,0,1,0,1,1,0,0,0,0,0,1,0,0,1,0,0,1,0,0,0,0,0,0,0,0,0,1,0,0,0,1,0,,1,0,0,0,1,0,1,1,1,0,0,1,0,0,0,1,,,,,,61-65,56-65,County road,R,Monday,Not Used,PV,White,0,1,0,0,County Road,County Sheriff,Clallam County Sheriff's Office,1,0,1,0,0,,,carboxy-thc,5.6,,,,,,,,,,,,,,,,,,,,,,,,,,,,,,,,,,,,,,,
2017,228,E686545,290,06/26/2017,3:17,26,6,0,53,Pierce,2230,1,0,3,1,2,1,0,4,1,3:18,3:33,4:19,59,0,0,0,3,0,3,5,2,4,6,0,0,0,0,TACOMA AVE N,N 9TH ST,-122.4594944,47.26821389,0,1,2,6,1,30,6,0,0,1,5,30,1,2,2,1,1,4,1,53,0,48,34,2002,0,0,63,59,30,,,,1,1,25,1,7,1,4,0,3,0,11,5,06/30/2017,18:15,2.23E+11,29085,0,0,3,3,1,0,0,0,0,92,,,,,,99,,,,,,28411,37,71,999,6,1,0,2,1,0,2,97,,,,,,4,10/15/2012,12/15/2014,1,0,0,9,0,9,8,,,0,0,0,8,9,2,522,605,0,1,1,0,2,1,0.053,,,,,,,,,,,,,,,,,,,,,,,,,,,,,,0,0,0,1,1,0,1,1,1,0,0,0,1,0,0,0,1,0,0,0,0,0,0,1,1,0,0,0,0,1,0,0,0,0,0,,1,0,0,0,1,0,1,1,1,1,0,0,0,0,0,1,,,,,,21-25,16-25,City street,U,Monday,Belt Used,PV,White,0,1,0,0,City Street,Municipal/City Police,Tacoma Police Department,1,0,0,1,0,thc,3.9,carboxy-thc,18,,,,,,,,,,,,,,,,,,,,,,,,,,,,,,,,,,,,,,,
2017,205,E686753,4,06/18/2017,4:00,18,6,0,1,Adams,0,1,0,2,1,2,1,0,4,2,4:01,4:30,4:55,12,0,2,65.9,1,0,1,5,1,1,3,0,0,0,0,SR-24,,-119.3504111,46.73781111,0,1,50,10,2,60,4,0,0,1,2,12,1,1,2,1,1,1,2,53,0,18,20,1993,0,0,68,12,,,,,1,1,18,1,0,0,3,0,3,0,11,5,,,,,0,0,3,3,1,28,0,0,0,96,,,,,,9,,,,,,99344,53,69,160,6,1,1,0,0,0,1,0,,,,,,0,12/15/2016,02/15/2017,20,0,0,0,8,9,8,,,0,0,0,8,1,0,0,0,0,0,0,0,0,0,996,,,,,,,,,,,,,,,,,,,,,,,,,,,,,,0,0,0,0,1,0,0,0,0,0,0,0,0,0,0,0,0,0,0,0,0,1,1,0,1,0,0,0,0,1,0,0,0,0,0,,0,0,0,0,0,0,0,0,0,0,0,0,0,0,0,1,,,,,,18-20,16-25,State route,R,Sunday,Belt Used,PV,Not Fatal,0,1,1,0,State Route,State Patrol,Washington State Patrol Headquarter,0,1,0,0,0,,,,,,,,,,,,,,,,,,,,,,,,,,,,,,,,,,,,,,,,,,,
2017,205,E686753,4,06/18/2017,4:00,18,6,0,1,Adams,0,1,0,2,1,2,1,0,4,2,4:01,4:30,4:55,12,0,2,65.9,1,0,1,5,1,1,3,0,0,0,0,SR-24,,-119.3504111,46.73781111,0,2,51,62,4,60,20,0,0,1,2,12,1,1,2,1,1,3,1,53,0,37,441,2006,0,0,12,,,,,,1,1,42,1,0,0,1,0,3,0,11,5,,,,,0,0,0,3,1,0,0,0,0,0,,,,,,0,,,,,,99344,53,75,205,6,1,0,0,0,0,0,0,,,,,,0,,,8,0,0,0,8,9,8,,,0,0,0,8,0,0,0,0,0,0,0,0,0,0,996,,,,,,,,,,,,,,,,,,,,,,,,,,,,,,0,0,0,0,1,0,0,0,0,0,0,0,0,0,0,0,0,0,0,0,0,1,1,0,1,0,0,0,0,1,0,0,0,0,0,,0,0,0,0,0,0,0,0,0,0,0,0,0,0,0,0,,,,,,41-45,36-45,State route,R,Sunday,Belt Used,PV,Not Fatal,0,1,1,0,State Route,State Patrol,Washington State Patrol Headquarter,0,1,0,0,0,,,,,,,,,,,,,,,,,,,,,,,,,,,,,,,,,,,,,,,,,,,
2017,218,E687092,6,06/30/2017,22:21,30,6,5,37,Kittitas,0,1,0,2,1,2,2,0,5,1,22:47,23:13,23:46,24,0,0,127,1,0,1,1,1,1,1,0,0,0,0,I-90,,-120.1418472,46.94136389,0,1,98,3,1,70,14,0,0,1,2,1,1,2,2,3,1,5,1,53,0,52,401,2002,0,0,61,64,24,1,,,1,1,47,1,7,18,4,7,3,0,11,0,06/30/2017,22:21,53029200,29200,0,0,3,3,1,80,0,0,0,96,,,,,,0,,,,,,98053,53,71,164,6,1,0,0,1,0,0,0,,,,,,0,07/15/2012,07/15/2012,20,0,0,0,0,9,8,,,0,0,0,8,0,2,1,0,0,1,0,0,2,1,0,,,,,,,,,,,,,,,,,,,,,,,,,,,,,,0,0,0,0,0,0,0,0,0,0,0,0,0,0,0,0,0,0,0,1,0,0,0,0,0,0,0,0,0,1,0,0,0,0,0,,1,0,0,0,0,0,0,0,0,0,0,0,0,0,0,0,,,,,,46-50,46-55,Interstate,R,Friday,Belt Used,PV,API,0,1,0,0,State Route,State Patrol,Washington State Patrol Headquarter,1,1,0,0,0,,,,,,,,,,,,,,,,,,,,,,,,,,,,,,,,,,,,,,,,,,,
2017,229,E687349,8,07/01/2017,14:00,1,7,5,45,Mason,0,1,0,1,1,2,1,0,3,1,14:03,14:20,15:18,42,0,0,9.5,1,0,1,4,1,1,3,0,0,0,0,SR-108,,-123.1331583,47.10972778,0,1,1,13,2,50,34,0,0,1,2,42,1,1,2,1,1,3,2,53,0,20,481,2002,0,0,63,42,,,,,1,1,25,1,0,0,5,0,99,0,11,0,,,,,0,0,3,2,1,91,0,0,0,96,,,,,,9,,,,,,98582,53,70,195,2,1,2,8,1,1,1,1,,,,,,3,11/15/2015,04/15/2016,1,0,0,0,8,9,8,,,0,0,0,8,1,0,0,0,0,0,0,0,0,0,996,,,,,,,,,,,,,,,,,,,,,,,,,,,,,,0,0,1,0,1,0,0,0,0,0,0,0,1,1,0,0,0,0,0,0,0,0,0,1,1,0,0,0,0,0,0,0,0,0,0,,0,0,0,0,0,0,0,0,0,1,0,1,0,0,0,1,,,,,,21-25,16-25,State route,R,Saturday,Unknown,PV,Not Fatal,0,1,0,0,State Route,State Patrol,Washington State Patrol Headquarter,1,1,0,0,0,,,,,,,,,,,,,,,,,,,,,,,,,,,,,,,,,,,,,,,,,,,
2017,230,E687419,184,07/03/2017,2:11,3,7,5,61,Snohomish,1215,1,0,3,1,2,1,0,1,1,,,,39,0,0,41.6,1,0,1,3,2,1,3,0,0,0,0,SR-99,,-122.3039417,47.83411111,0,1,6,12,2,45,4,0,0,1,2,39,1,1,7,5,1,1,1,53,0,41,35,2001,0,0,68,64,39,,,,1,1,52,1,6,98,4,7,3,0,11,0,07/03/2017,2:11,1.22E+11,29834,0,0,0,0,1,0,0,0,0,96,,,,,,99,,,,,,98205,53,65,200,0,0,0,0,0,0,0,0,,,,,,0,,,8,0,0,0,0,9,8,,,0,0,0,8,9,2,1,0,0,1,0,0,2,1,0.2,,,,,,,,,,,,,,,,,,,,,,,,,,,,,,0,0,1,0,1,1,0,1,0,0,0,0,0,1,0,0,0,0,0,0,0,0,0,0,0,0,0,0,0,1,0,0,0,0,0,,1,0,0,0,0,1,0,1,0,0,0,1,0,1,0,1,,,,,,51-55,46-55,State route,U,Monday,Belt Used,PV,Hispanic,0,0,0,0,State Route,Municipal/City Police,Lynnwood Police Department,0,1,0,0,0,,,,,,,,,,,,,,,,,,,,,,,,,,,,,,,,,,,,,,,,,,,
2017,219,E687465,127,06/30/2017,17:01,30,6,0,33,King,735,1,0,1,1,2,1,1,1,1,,,,8,0,0,0,8,0,1,4,2,4,6,0,0,0,0,S 288TH ST,,-122.3019611,47.34340556,0,1,13,80,5,98,34,0,0,1,5,8,1,2,5,1,10,1,1,53,0,7,482,2014,0,0,8,,,,,,1,1,53,1,0,0,0,0,3,0,11,0,,,,,0,0,0,3,1,0,0,0,0,96,,,,,,0,,,,,,98001,53,74,230,6,1,0,0,0,0,0,0,,,,,,0,,,20,0,0,0,8,9,8,,,0,0,0,8,0,0,0,0,0,0,0,0,0,0,996,,,,,,,,,,,,,,,,,,,,,,,,,,,,,,0,0,0,0,0,0,0,0,0,1,1,0,0,0,0,0,0,0,0,0,0,0,0,0,0,0,0,0,0,0,0,1,0,0,0,,0,0,0,0,0,0,0,0,0,0,0,0,0,0,0,0,,,,,,51-55,46-55,City street,U,Friday,Belt Used,PV,Not Fatal,0,0,0,0,City Street,Municipal/City Police,Federal Way Dept of Public Safety,0,0,0,1,0,,,,,,,,,,,,,,,,,,,,,,,,,,,,,,,,,,,,,,,,,,,
2017,231,E687652,8,07/02/2017,16:53,2,7,5,35,Kitsap,0,1,0,1,1,2,1,1,1,1,,,,9,0,0,0.3,3,1,2,4,2,1,3,0,0,0,0,SR-3 LX04848,SR-308,-122.6856278,47.70120556,0,1,13,83,5,40,4,0,0,1,5,9,1,2,4,1,1,1,2,53,0,55,33,2014,0,0,9,,,,,,1,1,21,1,0,0,0,0,3,0,11,0,,,,,0,0,3,3,1,0,0,0,0,0,,,,,,0,,,,,,84015,49,71,165,6,1,0,1,98,0,0,0,,,,,,0,03/15/2014,03/15/2014,20,0,0,0,8,9,2,,,0,0,0,0,0,0,0,0,0,0,0,0,0,0,996,,,,,,,,,,,,,,,,,,,,,,,,,,,,,,0,0,0,1,0,0,0,0,0,0,0,0,0,0,0,0,0,0,0,0,0,0,0,1,1,0,0,0,0,1,0,0,1,0,0,,0,0,0,0,0,0,0,0,0,0,0,0,0,0,0,0,,,,,,21-25,16-25,State route,U,Sunday,Belt Used,PV,Not Fatal,1,0,0,0,State Route,State Patrol,Washington State Patrol Headquarter,0,1,0,0,0,,,,,,,,,,,,,,,,,,,,,,,,,,,,,,,,,,,,,,,,,,,