year,case,par,repjur,crash_dt,crash_tm,accday,accmon,holiday,county,co_char,city,weather,weather2,lightcond,surfcond,surftype,numfatal,nmforms,pforms,vforms,not_tm,arr_tm,hosp_tm,fhevent,hitrun,manncol,milepnt,reljunc,reljuncinter,intersectiontype,funcsystem,landuse,ownership,route,schlbus,spejur,contdev,devfunc,trafid1,trafid2,x,y,wk_zone,vnumber,crashtype,criticalevent,criticaleventcat,spdlim,body,trailer,emerg,hazcargo,leave,mhevent,roadalgn,roadprof,traflane,trafflow,vehmanvr,numoccs,regowner,regstate,spuse,make,model,modelyr,vrf1,vrf2,seqevent1,seqevent2,seqevent3,seqevent4,seqevent5,seqevent6,pnumber,ptype,age,sex,hispanic,race,injury,diedscene,restraint,restraintmisuse,seatpos,takehosp,death_dt,death_tm,cert,cernum_wa,commlic,licendor,licrestrict,liccomp,drivpres,drf1,drf2,drf3,drf4,distract1,distract2,distract3,distract4,distract5,distract6,dricond1,dricond2,dricond3,dricond4,dricond5,dricond6,dzip,licstate,drhgt_in,weight,noncdl,noncdltype,prevdwi,prevoth,prevacc,prevspd,prevsus,driviol1,driviol2,driviol3,driviol4,driviol5,driviol6,spdrel,first_dt,last_dt,airbag,ejection,ejectpath,extricat,injurwrk,methalc,methdrug,nmlocat,strikveh,prf1,prf2,prf3,druginv,alcinvol,drugsts,drugres1,drugres2,drugres3,drugtst1,drugtst2,drugtst3,alcsts,alctst,alcres,nmact1,nmact2,nmact3,nmact4,nmact5,nmact6,nmprior1,nmprior2,nmprior3,nmprior4,nmprior5,nmprior6,nmcond1,nmcond2,nmcond3,nmcond4,nmcond5,nmcond6,nmsafe_helmet,nmsafe_pads,nmsafe_oth,nmprev_ref,nmprev_lgt,nmprev_oth,crashlocation,nmcrashtype,crosswalk,schoolzone,sidewalk,train_inv,wildlife_inv,rotr_fars,intersect_fars,dd_inv,aid_inv,dpd_inv,id_inv,mj_inv,impnm_inv,ainm_inv,dpnm_inv,speed_inv,unlic_inv,unendmc_inv,drowsy_inv,drdist_inv,nmdist_inv,fty_inv,unrestfat_inv,dr1617_inv,dr1820_inv,dr1620_inv,dr2125_inv,dr1625_inv,dr65_inv,dr70_inv,dr75_inv,mc_inv,pv_inv,ht_inv,ped_inv,bike_inv,unrest_fat,mc_fat,unhelmet_mc,pv_fat,ht_fat,ped_fat,bike_fat,dr_alc7,dr_alc8,dr_drug,dr_imp,dr_dist,dr_spd,dr_fty,dr_unlic,dr_alc7only,dr_alc8only,dr_drugonly,dr_drink,nm_imp,nm_alc7,nm_alc8,nm_drug,nm_dist,agegrp1,agegrp2,roadclass,urbrur,dayweek,restuse,vehtype,race_me,intersect,lanedep,oppdir,wrongway,rep_typ,investag,repag_long,rotr,st_rd,cty_rd,city_rd,oth_rd,drug_thc,thc_res,drug_cthc,cthc_res,drug_cann,prevpersemin,prevperse,prevsusoth,drugtst4,drugtst5,drugtst6,drugtst7,drugtst8,drugres4,drugres5,drugres6,drugres7,drugres8,adspresent,adsengaged,adslevel,race1,race2,race3,race4,race5,helmet,helmetmisuse,nmdistract1,nmdistract2,nmdistract3,nmdistract4,nmdistract5,nmdistract6,lab,isedtcase,crf1,crf2,crf3,CoRoadName,CoMP,IntCoRoadName,IntCoMP
2017,232,E687665,3,07/02/2017,23:46,2,7,5,67,Thurston,0,1,0,2,1,2,1,0,3,2,,,,12,0,1,86,1,0,1,1,1,1,1,0,0,0,0,I-5,,-122.9994639,46.77634444,0,2,27,53,3,70,4,0,0,1,2,12,1,1,3,3,15,2,1,41,0,48,34,1993,0,0,12,,,,,,1,1,80,2,7,1,4,7,3,0,11,0,07/02/2017,23:46,53029547,29547,0,0,0,3,1,0,0,0,0,0,,,,,,0,,,,,,97006,41,70,175,6,1,0,3,0,0,0,0,,,,,,0,09/15/2013,10/15/2013,20,0,0,0,0,9,8,,,0,0,0,8,0,2,1,0,0,1,0,0,2,1,0,,,,,,,,,,,,,,,,,,,,,,,,,,,,,,0,0,0,0,0,0,0,0,0,0,0,0,0,0,0,0,0,0,0,0,0,0,0,0,0,1,1,1,0,1,1,0,0,0,0,,1,0,0,0,0,0,0,0,0,0,0,0,0,0,0,0,,,,,,76-80,76+,Interstate,R,Sunday,Belt Used,PV,White,0,0,0,0,State Route,State Patrol,Washington State Patrol Headquarter,0,1,0,0,0,,,,,,,,,,,,,,,,,,,,,,,,,,,,,,,,,,,,,,,,,,,
2017,232,E687665,3,07/02/2017,23:46,2,7,5,67,Thurston,0,1,0,2,1,2,1,0,3,2,,,,12,0,1,86,1,0,1,1,1,1,1,0,0,0,0,I-5,,-122.9994639,46.77634444,0,1,24,52,3,70,66,2,0,1,2,12,1,1,3,3,1,1,3,53,0,87,884,2017,0,0,12,,,,,,1,1,36,1,0,0,0,0,3,0,11,0,,,,,6,1,0,3,1,91,0,0,0,96,,,,,,9,,,,,,98597,53,74,185,6,1,0,0,2,0,0,1,,,,,,0,05/15/2016,08/15/2016,20,0,0,0,8,9,2,,,0,0,0,0,0,0,0,0,0,0,0,0,0,0,996,,,,,,,,,,,,,,,,,,,,,,,,,,,,,,0,0,0,0,0,0,0,0,0,0,0,0,0,0,0,0,0,0,0,0,0,0,0,0,0,1,1,1,0,1,1,0,0,0,0,,0,0,0,0,0,0,0,0,0,0,0,0,0,0,0,0,,,,,,36-40,36-45,Interstate,R,Sunday,,MHTRUCK,Not Fatal,0,0,0,0,State Route,State Patrol,Washington State Patrol Headquarter,0,1,0,0,0,,,,,,,,,,,,,,,,,,,,,,,,,,,,,,,,,,,,,,,,,,,
2017,390,E688002,44,06/30/2017,2:44,30,6,0,71,Walla Walla,0,1,0,2,1,2,1,0,1,1,1:47,2:02,2:32,35,0,0,8.7,1,0,1,5,1,2,4,0,0,0,0,CR-LOWER WAITSBURG RD,,-118.320075,46.14616111,0,1,1,13,2,50,4,0,0,1,5,1,4,1,2,1,14,1,1,53,0,12,16,2008,0,0,63,35,67,1,,,1,1,30,1,1,98,4,0,99,0,11,5,07/05/2017,16:20,2.39E+11,30588,0,0,0,3,1,0,0,0,0,96,,,,,,9,,,,,,99362,53,66,155,6,1,0,0,1,3,3,0,,,,,,3,07/15/2013,11/15/2016,20,1,9,0,0,9,8,,,0,0,0,8,1,2,605,695,0,1,1,0,2,1,0.17,,,,,,,,,,,,,,,,,,,,,,,,,,,,,,0,0,1,0,1,1,1,1,1,0,0,0,1,0,0,0,0,0,0,0,0,0,0,0,0,0,0,0,0,1,0,0,0,0,0,,1,0,0,0,0,1,1,1,0,1,0,0,0,0,0,1,,,,,,26-30,26-35,County road,R,Friday,Unknown,PV,Hispanic,0,1,0,0,County Road,County Sheriff,Walla Walla County Sheriff's Office,1,0,1,0,0,thc,1.1,carboxy-thc,11,,,,,,,,,,,,,,,,,,,,,,,,,,,,,,,,,,,,,,,
2017,221,E688194,25,06/25/2017,18:28,25,6,0,33,King,254,1,0,1,1,2,1,0,1,1,,,,59,0,0,5.5,1,0,1,4,2,1,3,0,0,0,0,SR-203,,-121.9159194,47.641025,0,1,7,12,2,30,34,0,0,1,2,42,1,1,2,1,1,1,3,53,0,12,471,2000,0,0,68,64,59,42,,,1,1,47,1,1,1,4,7,20,0,11,0,06/25/2017,18:28,25453028966,28966,0,0,0,3,1,0,0,0,0,96,,,,,,99,,,,,,98014,53,72,150,6,1,0,1,0,0,0,0,,,,,,3,01/15/2013,01/15/2013,20,0,0,0,0,9,8,,,0,0,0,8,1,2,1,0,0,1,0,0,2,1,0.3,,,,,,,,,,,,,,,,,,,,,,,,,,,,,,0,0,0,0,1,1,0,1,0,0,0,0,1,0,0,0,0,0,0,0,0,0,0,0,0,0,0,0,0,0,0,0,0,1,0,,0,0,0,0,0,1,0,1,0,1,0,0,0,1,0,1,,,,,,46-50,46-55,State route,U,Sunday,Not Used,PV,Hispanic,0,1,0,0,State Route,County Sheriff,King County Police,1,1,0,0,0,,,,,,,,,,,,,,,,,,,,,,,,,,,,,,,,,,,,,,,,,,,
2017,215,E688196,7,06/27/2017,14:32,27,6,0,33,King,0,1,0,1,1,2,1,0,4,1,,,,32,0,0,5.3,1,0,1,6,1,2,4,0,0,0,0,CR-KELLY RD NE,,-121.9085194,47.73242778,0,1,1,13,2,45,6,0,0,1,2,32,1,1,2,1,1,4,2,53,0,12,17,1994,0,0,63,32,,,,,1,1,42,2,0,0,3,0,20,0,11,5,,,,,0,0,3,3,1,0,0,0,0,10,,,,,,99,,,,,,98019,53,64,135,6,1,0,0,1,1,4,97,,,,,,0,08/15/2012,05/15/2017,20,9,0,0,8,9,8,,,0,0,0,8,9,0,0,0,0,0,0,0,0,0,996,,,,,,,,,,,,,,,,,,,,,,,,,,,,,,0,0,1,0,0,0,0,0,0,0,0,0,0,0,0,0,1,0,0,1,0,0,0,0,0,0,0,0,0,1,0,0,0,0,0,,0,0,0,0,0,0,0,0,1,0,0,0,0,0,0,0,,,,,,41-45,36-45,County road,R,Tuesday,Not Used,PV,Not Fatal,0,1,0,0,County Road,County Sheriff,King County Police,1,0,1,0,0,,,,,,,,,,,,,,,,,,,,,,,,,,,,,,,,,,,,,,,,,,,
2017,286,E688347,200,07/04/2017,19:25,4,7,5,61,Snohomish,1360,1,0,1,1,1,1,0,3,2,,,,12,0,6,13,2,0,2,3,2,1,2,0,0,3,3,US-2,ROOSEVELT RD,-122.0078833,47.87246389,0,1,68,10,2,55,14,0,0,1,5,12,1,1,5,1,11,1,1,53,0,20,401,1994,0,0,12,,,,,,1,1,54,2,0,0,3,0,99,0,11,8,,,,,0,0,3,3,1,38,39,0,0,96,,,,,,99,,,,,,88310,35,65,155,6,1,0,0,98,0,0,9,,,,,,0,,,20,0,0,0,8,9,8,,,0,0,0,8,1,2,316,605,996,1,1,1,2,1,0.21,,,,,,,,,,,,,,,,,,,,,,,,,,,,,,0,0,0,1,1,1,1,1,1,0,0,0,0,0,0,0,0,0,1,0,0,0,0,0,0,0,0,0,0,1,0,0,0,0,0,,0,0,0,0,0,1,1,1,0,0,1,0,0,0,0,1,,,,,,51-55,46-55,US highway,U,Tuesday,Unknown,PV,Not Fatal,1,0,0,0,State Route,Municipal/City Police,Monroe Police Department,0,1,0,0,0,thc,15,carboxy-thc,35,,,,,,,,,,,,,,,,,,,,,,,,,,,,,,,,,,,,,,,
2017,286,E688347,200,07/04/2017,19:25,4,7,5,61,Snohomish,1360,1,0,1,1,1,1,0,3,2,,,,12,0,6,13,2,0,2,3,2,1,2,0,0,3,3,US-2,ROOSEVELT RD,-122.0078833,47.87246389,0,2,69,62,4,55,4,0,0,1,5,12,1,1,5,1,1,2,2,53,0,20,37,2006,0,0,12,,,,,,1,1,64,1,0,0,2,0,3,0,11,8,,,,,6,0,3,3,1,0,0,0,0,0,,,,,,0,,,,,,98270,53,68,228,6,1,0,0,0,0,0,0,,,,,,0,,,8,0,0,0,8,9,8,,,0,0,0,8,0,0,0,0,0,0,0,0,0,0,996,,,,,,,,,,,,,,,,,,,,,,,,,,,,,,0,0,0,1,1,1,1,1,1,0,0,0,0,0,0,0,0,0,1,0,0,0,0,0,0,0,0,0,0,1,0,0,0,0,0,,0,0,0,0,0,0,0,0,0,0,0,0,0,0,0,0,,,,,,61-65,56-65,US highway,U,Tuesday,Belt Used,PV,Not Fatal,1,0,0,0,State Route,Municipal/City Police,Monroe Police Department,0,1,0,0,0,,,,,,,,,,,,,,,,,,,,,,,,,,,,,,,,,,,,,,,,,,,
2017,220,E688425,1,06/30/2017,21:49,30,6,5,77,Yakima,0,1,0,2,1,2,1,1,1,1,,,,8,0,0,4,1,0,1,5,1,2,4,0,0,0,0,CR-GLADE RD,,-120.0007861,46.18526389,0,1,13,80,5,50,55,0,0,1,5,8,1,3,2,1,1,1,1,53,0,98,870,1995,0,0,8,,,,,,1,1,54,1,0,0,0,0,3,0,11,0,,,,,0,0,0,3,1,0,0,0,0,0,,,,,,0,,,,,,98942,53,72,200,6,1,0,0,0,0,0,0,,,,,,0,,,20,0,0,0,8,9,8,,,0,0,0,8,0,0,0,0,0,0,0,0,0,0,996,,,,,,,,,,,,,,,,,,,,,,,,,,,,,,0,0,0,0,0,0,0,0,0,1,1,0,0,0,0,0,0,0,0,0,0,0,0,0,0,0,0,0,0,0,0,1,0,0,0,,0,0,0,0,0,0,0,0,0,0,0,0,0,0,0,0,,,,,,51-55,46-55,County road,R,Friday,,BUS,Not Fatal,0,0,0,0,County Road,State Patrol,Washington State Patrol Headquarter,0,0,1,0,0,,,,,,,,,,,,,,,,,,,,,,,,,,,,,,,,,,,,,,,,,,,
2017,214,E688516,1,06/25/2017,7:22,25,6,0,77,Yakima,0,1,0,1,1,2,1,0,2,2,7:23,7:35,,12,0,6,2.1,4,0,1,3,1,1,3,0,0,3,3,SR-24,BIRCHFIELD RD,-120.4679111,46.58484722,0,2,76,66,4,55,34,0,0,1,2,12,1,1,2,1,11,1,1,53,0,20,481,2009,0,0,12,,,,,,1,1,40,1,0,0,1,0,20,0,11,4,,,,,0,0,0,3,1,0,0,0,0,0,,,,,,0,,,,,,98901,53,67,155,6,1,0,0,0,0,0,0,,,,,,0,,,20,0,0,0,8,9,8,,,0,0,0,8,0,0,0,0,0,0,0,0,0,0,996,,,,,,,,,,,,,,,,,,,,,,,,,,,,,,0,0,0,0,1,1,0,1,0,0,0,0,1,1,0,0,0,0,0,1,0,0,0,0,0,0,0,0,0,1,0,0,0,0,0,,0,0,0,0,0,0,0,0,0,0,0,0,0,0,0,0,,,,,,36-40,36-45,State route,R,Sunday,Not Used,PV,Not Fatal,1,0,0,0,State Route,State Patrol,Washington State Patrol Headquarter,0,1,0,0,0,,,,,,,,,,,,,,,,,,,,,,,,,,,,,,,,,,,,,,,,,,,
2017,214,E688516,1,06/25/2017,7:22,25,6,0,77,Yakima,0,1,0,1,1,2,1,0,2,2,7:23,7:35,,12,0,6,2.1,4,0,1,3,1,1,3,0,0,3,3,SR-24,BIRCHFIELD RD,-120.4679111,46.58484722,0,1,77,17,2,55,4,0,0,1,2,12,1,1,5,1,1,1,1,53,0,37,32,2014,0,0,12,,,,,,1,1,39,2,7,3,4,7,20,0,11,0,06/25/2017,7:41,2.59E+11,28161,0,0,3,2,1,39,0,0,0,96,,,,,,9,,,,,,98902,53,60,115,1,1,3,0,0,1,4,0,,,,,,3,11/15/2015,10/15/2016,8,0,0,0,0,1,8,,,0,0,0,8,1,2,1,0,0,1,0,0,2,1,0.26,,,,,,,,,,,,,,,,,,,,,,,,,,,,,,0,0,0,0,1,1,0,1,0,0,0,0,1,1,0,0,0,0,0,1,0,0,0,0,0,0,0,0,0,1,0,0,0,1,0,,1,0,0,0,0,1,0,1,0,1,0,1,0,1,0,1,,,,,,36-40,36-45,State route,R,Sunday,Not Used,PV,AIAN,1,0,0,0,State Route,State Patrol,Washington State Patrol Headquarter,0,1,0,0,0,,,,,,,,,,,,,,,,,,,,,,,,,,,,,,,,,,,,,,,,,,,
2017,246,E688682,42,07/04/2017,8:04,4,7,5,67,Thurston,0,1,0,1,1,2,1,0,5,4,8:07,8:35,10:07,12,0,2,7.3,1,0,1,4,2,2,4,0,0,0,0,CR-OLD HWY 99,,-122.9401111,46.83217778,0,4,98,98,7,50,34,0,0,1,5,54,1,1,2,1,1,2,2,53,0,20,481,2010,0,0,54,,,,,,1,1,21,1,0,0,0,0,3,0,11,0,,,,,0,0,0,3,1,0,0,0,0,0,,,,,,0,,,,,,98501,53,71,165,6,1,0,0,0,0,0,0,,,,,,0,,,20,0,0,0,8,9,8,,,0,0,0,8,0,0,0,0,0,0,0,0,0,0,996,,,,,,,,,,,,,,,,,,,,,,,,,,,,,,0,0,0,0,0,0,1,1,0,0,0,0,0,0,0,0,0,0,0,1,0,0,0,1,1,0,0,0,0,1,1,0,0,0,0,,0,0,0,0,0,0,0,0,0,0,0,0,0,0,0,0,,,,,,21-25,16-25,County road,U,Tuesday,Belt Used,PV,Not Fatal,0,1,1,0,County Road,County Sheriff,Thurston County Sheriff's Office,0,0,1,0,0,,,,,,,,,,,,,,,,,,,,,,,,,,,,,,,,,,,,,,,,,,,
2017,246,E688682,42,07/04/2017,8:04,4,7,5,67,Thurston,0,1,0,1,1,2,1,0,5,4,8:07,8:35,10:07,12,0,2,7.3,1,0,1,4,2,2,4,0,0,0,0,CR-OLD HWY 99,,-122.9401111,46.83217778,0,2,51,62,4,50,67,0,0,1,2,12,1,1,2,1,1,1,1,53,0,20,880,2007,0,0,12,,,,,,1,1,60,1,0,0,3,0,3,0,11,1,,,,,0,0,3,3,1,0,0,0,0,0,,,,,,0,,,,,,98576,53,67,145,6,1,0,0,1,0,0,0,,,,,,0,02/15/2017,02/15/2017,1,0,0,0,8,9,8,,,0,0,0,8,0,0,0,0,0,0,0,0,0,0,996,,,,,,,,,,,,,,,,,,,,,,,,,,,,,,0,0,0,0,0,0,1,1,0,0,0,0,0,0,0,0,0,0,0,1,0,0,0,1,1,0,0,0,0,1,1,0,0,0,0,,0,0,0,0,0,0,0,0,0,0,0,0,0,0,0,0,,,,,,56-60,56-65,County road,U,Tuesday,Belt Used,MHTRUCK,Not Fatal,0,1,1,0,County Road,County Sheriff,Thurston County Sheriff's Office,0,0,1,0,0,,,,,,,,,,,,,,,,,,,,,,,,,,,,,,,,,,,,,,,,,,,
2017,246,E688682,42,07/04/2017,8:04,4,7,5,67,Thurston,0,1,0,1,1,2,1,0,5,4,8:07,8:35,10:07,12,0,2,7.3,1,0,1,4,2,2,4,0,0,0,0,CR-OLD HWY 99,,-122.9401111,46.83217778,0,3,98,98,7,50,6,0,0,1,5,54,1,1,2,1,1,1,1,53,0,6,52,2005,0,0,54,,,,,,1,1,21,2,0,0,0,0,3,0,11,0,,,,,0,0,0,3,1,0,0,0,0,0,,,,,,0,,,,,,98576,53,69,180,6,1,0,0,2,1,0,0,,,,,,0,07/15/2014,03/15/2017,20,0,0,0,8,9,8,,,0,0,0,8,0,0,0,0,0,0,0,0,0,0,996,,,,,,,,,,,,,,,,,,,,,,,,,,,,,,0,0,0,0,0,0,1,1,0,0,0,0,0,0,0,0,0,0,0,1,0,0,0,1,1,0,0,0,0,1,1,0,0,0,0,,0,0,0,0,0,0,0,0,0,0,0,0,0,0,0,0,,,,,,21-25,16-25,County road,U,Tuesday,Belt Used,PV,Not Fatal,0,1,1,0,County Road,County Sheriff,Thurston County Sheriff's Office,0,0,1,0,0,,,,,,,,,,,,,,,,,,,,,,,,,,,,,,,,,,,,,,,,,,,
2017,246,E688682,42,07/04/2017,8:04,4,7,5,67,Thurston,0,1,0,1,1,2,1,0,5,4,8:07,8:35,10:07,12,0,2,7.3,1,0,1,4,2,2,4,0,0,0,0,CR-OLD HWY 99,,-122.9401111,46.83217778,0,1,50,10,2,50,15,0,0,1,2,12,1,1,2,1,1,1,1,53,0,54,421,2004,0,0,68,12,60,54,54,,1,1,37,1,7,1,4,7,20,0,11,0,07/04/2017,8:26,53030334,30334,0,0,3,3,1,28,0,0,0,96,,,,,,99,,,,,,98589,53,73,175,6,1,0,0,0,0,1,0,,,,,,0,09/15/2012,09/15/2012,8,0,0,0,0,9,8,,,0,0,0,8,9,2,128,401,417,1,1,1,2,1,0,,,,,,,,,,,,,,,,,,,,,,,,,,,,,,0,0,0,0,0,0,1,1,0,0,0,0,0,0,0,0,0,0,0,1,0,0,0,1,1,0,0,0,0,1,1,0,0,1,0,,1,0,0,0,0,0,1,1,0,0,0,0,0,0,1,0,,,,,,36-40,36-45,County road,U,Tuesday,Not Used,PV,White,0,1,1,0,County Road,County Sheriff,Thurston County Sheriff's Office,0,0,1,0,0,,,,,,,,,,,,,,,,,,,,,,,,,,,,,,,,,,,,,,,,,,,
2017,235,E688738,2,07/04/2017,0:02,4,7,5,61,Snohomish,0,1,0,2,1,2,1,0,1,1,,,,52,0,0,34.3,1,0,1,3,1,1,2,0,0,0,0,US-2,,-121.5625194,47.80901111,0,1,1,13,2,60,4,0,0,1,2,2,3,1,2,1,14,1,1,53,0,22,20,2001,0,0,63,52,2,,,,1,1,63,1,7,1,4,7,99,0,11,0,07/04/2017,0:02,53030557,30557,8,0,0,3,1,0,0,0,0,96,,,,,,9,,,,,,98251,53,74,250,6,1,0,0,1,2,0,0,,,,,,4,07/15/2013,08/15/2014,99,0,0,0,0,1,8,,,0,0,0,8,1,2,1,0,0,1,0,0,2,1,0.19,,,,,,,,,,,,,,,,,,,,,,,,,,,,,,0,0,1,0,1,1,0,1,0,0,0,0,1,0,0,0,0,0,0,0,0,0,0,0,0,0,0,0,0,1,0,0,0,0,0,,1,0,0,0,0,1,0,1,0,1,0,0,0,1,0,1,,,,,,61-65,56-65,US highway,R,Tuesday,Unknown,PV,White,0,1,0,0,State Route,State Patrol,Washington State Patrol Headquarter,1,1,0,0,0,,,,,,,,,,,,,,,,,,,,,,,,,,,,,,,,,,,,,,,,,,,
2017,247,E688750,4,07/03/2017,2:57,3,7,5,63,Spokane,0,1,0,2,1,2,2,0,3,1,,,,42,0,0,81.7,1,0,1,5,1,1,3,0,0,0,0,SR-27,,-117.2238389,47.57366667,0,1,1,13,2,55,20,0,0,1,2,42,3,2,2,1,14,3,1,53,0,49,442,2004,0,0,63,42,2,,,,1,1,21,1,0,0,3,0,20,0,11,8,,,,,0,0,0,3,1,91,0,0,0,96,,,,,,9,,,,,,99212,53,70,155,6,1,0,1,0,0,0,1,,,,,,3,01/15/2015,01/15/2015,99,1,9,0,8,9,8,,,0,0,0,8,1,0,0,0,0,0,0,0,2,98,997,,,,,,,,,,,,,,,,,,,,,,,,,,,,,,0,0,1,0,1,0,0,0,0,0,0,0,1,0,0,0,0,0,0,0,0,0,0,1,1,0,0,0,0,1,0,0,0,0,0,,0,0,0,0,0,0,0,0,0,1,0,0,0,0,0,1,,,,,,21-25,16-25,State route,R,Monday,Not Used,PV,Not Fatal,0,1,0,0,State Route,State Patrol,Washington State Patrol Headquarter,1,1,0,0,0,,,,,,,,,,,,,,,,,,,,,,,,,,,,,,,,,,,,,,,,,,,
2017,223,E688983,25,06/30/2017,18:40,30,6,5,33,King,0,1,0,1,1,2,1,0,4,2,,,,12,0,7,0.2,3,0,4,3,2,2,4,0,0,0,0,CR-RAINER AVE S,S 105TH ST,-122.2348556,47.50832222,0,2,98,61,4,35,14,0,0,1,2,12,1,1,3,3,10,3,1,53,0,24,401,2006,0,0,12,,,,,,1,1,31,1,0,0,0,0,3,0,11,0,,,,,0,0,3,3,1,0,0,0,0,0,,,,,,0,,,,,,98118,53,73,270,6,1,0,0,0,0,0,0,,,,,,0,,,20,0,0,0,8,9,8,,,0,0,0,8,0,0,0,0,0,0,0,0,0,0,996,,,,,,,,,,,,,,,,,,,,,,,,,,,,,,0,0,0,1,0,0,0,0,0,0,0,0,0,0,0,0,0,0,0,0,0,0,0,0,0,0,0,0,1,1,0,0,0,0,0,,0,0,0,0,0,0,0,0,0,0,0,0,0,0,0,0,,,,,,31-35,26-35,County road,U,Friday,Belt Used,PV,Not Fatal,1,0,0,0,County Road,County Sheriff,King County Police,0,0,1,0,0,,,,,,,,,,,,,,,,,,,,,,,,,,,,,,,,,,,,,,,,,,,
2017,223,E688983,25,06/30/2017,18:40,30,6,5,33,King,0,1,0,1,1,2,1,0,4,2,,,,12,0,7,0.2,3,0,4,3,2,2,4,0,0,0,0,CR-RAINER AVE S,S 105TH ST,-122.2348556,47.50832222,0,1,98,11,2,35,80,0,0,1,2,19,1,1,3,3,6,1,1,53,0,72,706,2006,0,0,63,69,12,63,19,,1,1,52,1,7,2,4,7,19,0,11,0,06/30/2017,18:40,1.96E+11,29653,0,0,3,3,1,34,0,0,0,96,,,,,,99,,,,,,98387,53,73,225,6,1,0,0,0,0,0,0,,,,,,0,,,20,8,0,0,0,9,8,,,0,0,0,8,9,2,1,0,0,1,0,0,2,1,0,,,,,,,,,,,,,,,,,,,,,,,,,,,,,,0,0,0,1,0,0,0,0,0,0,0,0,0,0,0,0,0,0,0,0,0,0,0,0,0,0,0,0,1,1,0,0,0,0,1,0,0,0,0,0,0,0,0,0,0,0,0,0,0,0,0,0,,,,,,51-55,46-55,County road,U,Friday,,MC,Black,1,0,0,0,County Road,County Sheriff,King County Police,0,0,1,0,0,,,,,,,,,,,,,,,,,,,,,,,,,,,,,,,,,,,,,,,,,,,
2017,288,E688984,189,07/06/2017,4:33,6,7,0,61,Snohomish,1280,1,0,4,1,1,1,1,1,1,,,,8,1,0,0.1,3,1,2,3,2,1,3,0,0,1,3,SR-528,4TH ST,-122.1835806,48.05188611,0,1,13,80,5,25,98,0,0,1,5,8,1,1,1,6,99,99,9,99,0,97,997,9998,0,0,8,,,,,,1,1,998,8,0,0,0,0,99,0,11,0,,,,,99,9,9,9,1,0,0,0,0,96,,,,,,99,,,,,,99999,98,,999,9,9,99,99,99,99,99,97,,,,,,9,,,99,0,0,0,8,9,8,,,0,0,0,8,9,0,0,0,0,0,0,0,0,0,996,,,,,,,,,,,,,,,,,,,,,,,,,,,,,,0,0,0,1,0,0,0,0,0,1,0,1,0,0,0,0,0,0,0,0,0,0,0,0,0,0,0,0,0,0,0,1,0,0,0,,0,0,0,0,0,0,0,0,0,0,0,0,0,0,0,0,,,,,,,,State route,U,Thursday,Unknown,NR-U,Not Fatal,1,0,0,0,State Route,Municipal/City Police,Marysville Police Department,0,1,0,0,0,,,,,,,,,,,,,,,,,,,,,,,,,,,,,,,,,,,,,,,,,,,
2017,224,E689120,129,06/29/2017,9:38,29,6,0,53,Pierce,747,1,0,1,1,2,1,0,5,5,9:42,9:52,10:25,12,1,6,0,2,0,2,3,2,4,6,0,3,3,3,PACIFIC HWY E,ALEXANDER AVE E,-122.3728639,47.24311944,0,1,83,17,2,35,4,0,0,1,2,12,1,1,5,1,1,1,2,53,0,6,18,2012,0,0,12,60,54,,,,1,1,43,1,0,0,2,0,3,0,11,8,,,,,0,0,0,2,1,37,39,91,0,96,,,,,,99,,,,,,98042,53,68,200,1,1,0,0,0,0,0,1,,,,,,3,,,8,0,0,0,8,9,8,,,0,0,0,8,9,0,0,0,0,0,0,0,0,0,996,,,,,,,,,,,,,,,,,,,,,,,,,,,,,,0,0,0,1,0,0,1,1,0,0,0,0,1,1,0,0,0,0,0,0,0,0,0,0,0,1,0,0,0,1,0,0,0,0,0,,0,0,0,0,0,0,0,0,0,1,0,1,0,0,0,0,,,,,,41-45,36-45,City street,U,Thursday,Belt Used,PV,Not Fatal,1,0,0,0,City Street,Municipal/City Police,Fife Police Department,0,0,0,1,0,,,,,,,,,,,,,,,,,,,,,,,,,,,,,,,,,,,,,,,,,,,
2017,224,E689120,129,06/29/2017,9:38,29,6,0,53,Pierce,747,1,0,1,1,2,1,0,5,5,9:42,9:52,10:25,12,0,6,0,2,0,2,3,2,4,6,0,3,3,3,PACIFIC HWY E,ALEXANDER AVE E,-122.3728639,47.24311944,0,5,98,98,7,35,14,0,0,1,2,54,1,1,5,1,5,1,1,53,0,59,403,2013,0,0,54,,,,,,1,1,67,1,0,0,0,0,3,0,11,0,,,,,0,0,0,3,1,0,0,0,0,0,,,,,,0,,,,,,98338,53,74,250,6,1,0,0,0,0,0,0,,,,,,0,,,20,0,0,0,8,9,8,,,0,0,0,8,0,0,0,0,0,0,0,0,0,0,996,,,,,,,,,,,,,,,,,,,,,,,,,,,,,,0,0,0,1,0,0,1,1,0,0,0,0,1,1,0,0,0,0,0,0,0,0,0,0,0,1,0,0,0,1,0,0,0,0,0,,0,0,0,0,0,0,0,0,0,0,0,0,0,0,0,0,,,,,,66-70,66-75,City street,U,Thursday,Belt Used,PV,Not Fatal,1,0,0,0,City Street,Municipal/City Police,Fife Police Department,0,0,0,1,0,,,,,,,,,,,,,,,,,,,,,,,,,,,,,,,,,,,,,,,,,,,