year,case,par,repjur,crash_dt,crash_tm,accday,accmon,holiday,county,co_char,city,weather,weather2,lightcond,surfcond,surftype,numfatal,nmforms,pforms,vforms,not_tm,arr_tm,hosp_tm,fhevent,hitrun,manncol,milepnt,reljunc,reljuncinter,intersectiontype,funcsystem,landuse,ownership,route,schlbus,spejur,contdev,devfunc,trafid1,trafid2,x,y,wk_zone,vnumber,crashtype,criticalevent,criticaleventcat,spdlim,body,trailer,emerg,hazcargo,leave,mhevent,roadalgn,roadprof,traflane,trafflow,vehmanvr,numoccs,regowner,regstate,spuse,make,model,modelyr,vrf1,vrf2,seqevent1,seqevent2,seqevent3,seqevent4,seqevent5,seqevent6,pnumber,ptype,age,sex,hispanic,race,injury,diedscene,restraint,restraintmisuse,seatpos,takehosp,death_dt,death_tm,cert,cernum_wa,commlic,licendor,licrestrict,liccomp,drivpres,drf1,drf2,drf3,drf4,distract1,distract2,distract3,distract4,distract5,distract6,dricond1,dricond2,dricond3,dricond4,dricond5,dricond6,dzip,licstate,drhgt_in,weight,noncdl,noncdltype,prevdwi,prevoth,prevacc,prevspd,prevsus,driviol1,driviol2,driviol3,driviol4,driviol5,driviol6,spdrel,first_dt,last_dt,airbag,ejection,ejectpath,extricat,injurwrk,methalc,methdrug,nmlocat,strikveh,prf1,prf2,prf3,druginv,alcinvol,drugsts,drugres1,drugres2,drugres3,drugtst1,drugtst2,drugtst3,alcsts,alctst,alcres,nmact1,nmact2,nmact3,nmact4,nmact5,nmact6,nmprior1,nmprior2,nmprior3,nmprior4,nmprior5,nmprior6,nmcond1,nmcond2,nmcond3,nmcond4,nmcond5,nmcond6,nmsafe_helmet,nmsafe_pads,nmsafe_oth,nmprev_ref,nmprev_lgt,nmprev_oth,crashlocation,nmcrashtype,crosswalk,schoolzone,sidewalk,train_inv,wildlife_inv,rotr_fars,intersect_fars,dd_inv,aid_inv,dpd_inv,id_inv,mj_inv,impnm_inv,ainm_inv,dpnm_inv,speed_inv,unlic_inv,unendmc_inv,drowsy_inv,drdist_inv,nmdist_inv,fty_inv,unrestfat_inv,dr1617_inv,dr1820_inv,dr1620_inv,dr2125_inv,dr1625_inv,dr65_inv,dr70_inv,dr75_inv,mc_inv,pv_inv,ht_inv,ped_inv,bike_inv,unrest_fat,mc_fat,unhelmet_mc,pv_fat,ht_fat,ped_fat,bike_fat,dr_alc7,dr_alc8,dr_drug,dr_imp,dr_dist,dr_spd,dr_fty,dr_unlic,dr_alc7only,dr_alc8only,dr_drugonly,dr_drink,nm_imp,nm_alc7,nm_alc8,nm_drug,nm_dist,agegrp1,agegrp2,roadclass,urbrur,dayweek,restuse,vehtype,race_me,intersect,lanedep,oppdir,wrongway,rep_typ,investag,repag_long,rotr,st_rd,cty_rd,city_rd,oth_rd,drug_thc,thc_res,drug_cthc,cthc_res,drug_cann,prevpersemin,prevperse,prevsusoth,drugtst4,drugtst5,drugtst6,drugtst7,drugtst8,drugres4,drugres5,drugres6,drugres7,drugres8,adspresent,adsengaged,adslevel,race1,race2,race3,race4,race5,helmet,helmetmisuse,nmdistract1,nmdistract2,nmdistract3,nmdistract4,nmdistract5,nmdistract6,lab,isedtcase,crf1,crf2,crf3,CoRoadName,CoMP,IntCoRoadName,IntCoMP
2017,224,E689120,129,06/29/2017,9:38,29,6,0,53,Pierce,747,1,0,1,1,2,1,0,5,5,9:42,9:52,10:25,12,0,6,0,2,0,2,3,2,4,6,0,3,3,3,PACIFIC HWY E,ALEXANDER AVE E,-122.3728639,47.24311944,0,3,98,98,7,35,6,0,0,1,2,12,1,1,5,1,1,1,1,53,0,63,37,2016,0,0,12,,,,,,1,1,60,1,0,0,2,0,3,0,11,8,,,,,6,0,3,3,1,0,0,0,0,0,,,,,,0,,,,,,98354,53,69,180,6,1,0,0,0,0,1,0,,,,,,0,05/15/2015,05/15/2015,8,0,0,0,8,9,8,,,0,0,0,8,0,0,0,0,0,0,0,0,0,0,996,,,,,,,,,,,,,,,,,,,,,,,,,,,,,,0,0,0,1,0,0,1,1,0,0,0,0,1,1,0,0,0,0,0,0,0,0,0,0,0,1,0,0,0,1,0,0,0,0,0,,0,0,0,0,0,0,0,0,0,0,0,0,0,0,0,0,,,,,,56-60,56-65,City street,U,Thursday,Belt Used,PV,Not Fatal,1,0,0,0,City Street,Municipal/City Police,Fife Police Department,0,0,0,1,0,,,,,,,,,,,,,,,,,,,,,,,,,,,,,,,,,,,,,,,,,,,
2017,224,E689120,129,06/29/2017,9:38,29,6,0,53,Pierce,747,1,0,1,1,2,1,0,5,5,9:42,9:52,10:25,12,0,6,0,2,0,2,3,2,4,6,0,3,3,3,PACIFIC HWY E,ALEXANDER AVE E,-122.3728639,47.24311944,0,2,82,66,4,25,4,0,0,1,2,12,1,1,3,1,11,1,1,53,0,35,39,2014,0,0,12,12,12,,,,1,1,53,2,7,1,4,7,3,0,11,0,06/29/2017,9:38,74753029555,29555,0,0,3,3,1,0,0,0,0,0,,,,,,0,,,,,,98392,53,66,145,6,1,0,0,0,0,0,0,,,,,,0,,,8,0,0,0,0,9,8,,,0,0,0,8,0,2,401,0,0,1,0,0,2,1,0,,,,,,,,,,,,,,,,,,,,,,,,,,,,,,0,0,0,1,0,0,1,1,0,0,0,0,1,1,0,0,0,0,0,0,0,0,0,0,0,1,0,0,0,1,0,0,0,0,0,,1,0,0,0,0,0,1,1,0,0,0,0,0,0,1,0,,,,,,51-55,46-55,City street,U,Thursday,Belt Used,PV,White,1,0,0,0,City Street,Municipal/City Police,Fife Police Department,0,0,0,1,0,,,,,,,,,,,,,,,,,,,,,,,,,,,,,,,,,,,,,,,,,,,
2017,224,E689120,129,06/29/2017,9:38,29,6,0,53,Pierce,747,1,0,1,1,2,1,0,5,5,9:42,9:52,10:25,12,0,6,0,2,0,2,3,2,4,6,0,3,3,3,PACIFIC HWY E,ALEXANDER AVE E,-122.3728639,47.24311944,0,4,98,98,7,35,4,0,0,1,5,12,1,1,5,1,5,1,1,53,0,12,23,2015,0,0,12,,,,,,1,1,38,2,0,0,1,0,3,0,11,8,,,,,0,0,0,3,1,0,0,0,0,0,,,,,,0,,,,,,98404,53,67,205,6,1,0,1,1,1,0,0,,,,,,0,04/15/2015,05/15/2015,20,0,0,0,8,9,8,,,0,0,0,8,8,0,0,0,0,0,0,0,0,0,996,,,,,,,,,,,,,,,,,,,,,,,,,,,,,,0,0,0,1,0,0,1,1,0,0,0,0,1,1,0,0,0,0,0,0,0,0,0,0,0,1,0,0,0,1,0,0,0,0,0,,0,0,0,0,0,0,0,0,0,0,0,0,0,0,0,0,,,,,,36-40,36-45,City street,U,Thursday,Belt Used,PV,Not Fatal,1,0,0,0,City Street,Municipal/City Police,Fife Police Department,0,0,0,1,0,,,,,,,,,,,,,,,,,,,,,,,,,,,,,,,,,,,,,,,,,,,
2017,249,E689336,129,07/07/2017,2:11,7,7,0,53,Pierce,747,1,0,2,1,2,1,1,2,2,,,,8,0,0,0,1,0,1,3,2,4,6,0,3,0,0,PACIFIC HWY E,,-122.3955944,47.24321944,0,2,13,80,5,35,4,0,0,1,2,8,1,1,5,5,1,1,3,53,0,12,16,2010,0,0,8,,,,,,1,1,38,1,0,0,0,0,3,0,11,0,,,,,0,0,0,3,1,0,0,0,0,92,,,,,,0,,,,,,98333,53,66,165,6,1,0,0,0,0,0,97,,,,,,0,,,20,0,0,0,8,9,8,,,0,0,0,8,0,0,0,0,0,0,0,0,0,0,996,,,,,,,,,,,,,,,,,,,,,,,,,,,,,,0,0,0,0,0,0,0,0,0,1,0,1,1,0,0,0,1,0,0,0,0,1,1,0,1,0,0,0,0,1,0,1,0,0,0,,0,0,0,0,0,0,0,0,1,0,0,0,0,0,0,0,,,,,,36-40,36-45,City street,U,Friday,Belt Used,PV,Not Fatal,0,0,0,0,City Street,Municipal/City Police,Fife Police Department,0,0,0,1,0,,,,,,,,,,,,,,,,,,,,,,,,,,,,,,,,,,,,,,,,,,,
2017,249,E689336,129,07/07/2017,2:11,7,7,0,53,Pierce,747,1,0,2,1,2,1,1,2,2,,,,8,0,0,0,1,0,1,3,2,4,6,0,3,0,0,PACIFIC HWY E,,-122.3955944,47.24321944,0,1,98,80,5,35,2,0,0,1,2,8,1,1,5,5,15,1,2,53,0,34,34,2007,0,0,8,,,,,,1,1,18,1,0,0,0,0,3,0,11,0,,,,,0,0,3,3,1,0,0,0,0,96,,,,,,0,,,,,,98444,53,65,123,6,1,0,1,1,0,0,0,,,,,,4,05/15/2016,05/15/2016,1,0,0,0,8,9,8,,,0,0,0,8,0,0,0,0,0,0,0,0,0,0,996,,,,,,,,,,,,,,,,,,,,,,,,,,,,,,0,0,0,0,0,0,0,0,0,1,0,1,1,0,0,0,1,0,0,0,0,1,1,0,1,0,0,0,0,1,0,1,0,0,0,,0,0,0,0,0,0,0,0,0,1,0,0,0,0,0,0,,,,,,18-20,16-25,City street,U,Friday,Belt Used,PV,Not Fatal,0,0,0,0,City Street,Municipal/City Police,Fife Police Department,0,0,0,1,0,,,,,,,,,,,,,,,,,,,,,,,,,,,,,,,,,,,,,,,,,,,
2017,233,E689355,5,07/01/2017,23:54,1,7,5,11,Clark,1860,1,0,2,1,2,1,1,4,1,,,,8,0,0,14.2,1,0,1,1,1,1,1,0,0,0,0,I-5,,-122.6857833,45.81591389,0,1,13,80,5,70,34,0,0,1,2,8,1,1,3,3,1,4,1,41,0,23,481,2015,0,0,8,,,,,,1,1,29,1,0,0,0,0,3,0,11,0,,,,,0,0,0,3,1,0,0,0,0,0,,,,,,0,,,,,,97071,41,71,180,6,1,0,0,0,1,0,0,,,,,,0,08/15/2014,08/15/2014,1,0,0,0,8,9,2,,,0,0,0,0,0,0,0,0,0,0,0,0,0,0,996,,,,,,,,,,,,,,,,,,,,,,,,,,,,,,0,0,0,0,0,0,0,0,0,1,1,0,0,0,0,0,0,0,0,0,0,0,0,0,0,0,0,0,0,0,0,1,0,0,0,,0,0,0,0,0,0,0,0,0,0,0,0,0,0,0,0,,,,,,26-30,26-35,Interstate,R,Saturday,Belt Used,PV,Not Fatal,0,0,0,0,State Route,State Patrol,Washington State Patrol Headquarter,0,1,0,0,0,,,,,,,,,,,,,,,,,,,,,,,,,,,,,,,,,,,,,,,,,,,
2017,237,E689811,2,07/04/2017,12:52,4,7,5,57,Skagit,0,1,0,1,1,2,1,0,1,1,12:49,13:03,13:27,11,0,0,1.2,1,0,1,7,1,2,4,0,0,0,0,CR-MUD LAKE,,-122.2584222,48.458325,0,1,13,87,6,35,80,0,0,1,5,11,1,1,2,1,1,1,1,53,0,37,703,2009,0,0,11,,,,,,1,1,76,1,7,1,4,0,5,0,11,5,07/04/2017,14:43,1.41E+11,29317,0,0,3,3,1,0,0,0,0,96,,,,,,0,,,,,,98235,53,72,215,6,1,0,0,1,0,0,0,,,,,,0,07/15/2013,07/15/2013,20,8,0,0,0,9,8,,,0,0,0,8,0,2,1,0,0,1,0,0,2,1,0,,,,,,,,,,,,,,,,,,,,,,,,,,,,,,0,1,0,0,0,0,0,0,0,0,0,0,0,0,0,0,0,0,0,0,0,0,0,0,0,1,1,1,1,0,0,0,0,0,1,0,0,0,0,0,0,0,0,0,0,0,0,0,0,0,0,0,,,,,,76-80,76+,County road,R,Tuesday,,MC,White,0,0,0,0,County Road,State Patrol,Washington State Patrol Headquarter,0,0,1,0,0,,,,,,,,,,,,,,,,,,,,,,,,,,,,,,,,,,,,,,,,,,,
2017,234,E689913,7,07/03/2017,16:39,3,7,5,33,King,1960,1,0,1,1,1,1,0,2,2,,,,12,0,1,163.5,1,0,1,1,2,1,1,0,0,0,0,I-5,,-122.3200472,47.57328056,0,1,28,52,3,60,80,0,0,1,2,12,1,1,5,3,2,1,2,53,0,76,705,2015,0,0,12,,,,,,1,1,45,1,7,1,4,7,5,0,11,0,07/03/2017,16:39,1.96E+11,29593,0,0,0,3,1,0,0,0,0,96,,,,,,99,,,,,,98006,53,67,180,6,1,0,0,0,2,0,0,,,,,,4,12/15/2013,06/15/2016,20,8,0,0,0,9,8,,,0,0,0,8,0,2,1,0,0,1,0,0,2,1,0,,,,,,,,,,,,,,,,,,,,,,,,,,,,,,0,0,0,0,0,0,0,0,0,0,0,0,1,0,0,0,0,0,0,0,0,0,0,0,0,0,0,0,1,1,0,0,0,0,1,0,0,0,0,0,0,0,0,0,0,1,0,0,0,0,0,0,,,,,,41-45,36-45,Interstate,U,Monday,,MC,White,0,0,0,0,State Route,State Patrol,Washington State Patrol Headquarter,0,1,0,0,0,,,,,,,,,,,,,,,,,,,,,,,,,,,,,,,,,,,,,,,,,,,
2017,234,E689913,7,07/03/2017,16:39,3,7,5,33,King,1960,1,0,1,1,1,1,0,2,2,,,,12,0,1,163.5,1,0,1,1,2,1,1,0,0,0,0,I-5,,-122.3200472,47.57328056,0,2,29,53,3,60,20,0,0,1,2,12,1,1,5,3,2,1,1,53,0,49,442,2001,0,0,12,,,,,,1,1,47,2,0,0,0,0,3,0,11,0,,,,,0,0,0,3,1,0,0,0,0,0,,,,,,0,,,,,,98116,53,63,128,6,1,0,1,0,1,0,0,,,,,,0,12/15/2012,04/15/2015,20,0,0,0,8,9,8,,,0,0,0,8,0,0,0,0,0,0,0,0,0,0,996,,,,,,,,,,,,,,,,,,,,,,,,,,,,,,0,0,0,0,0,0,0,0,0,0,0,0,1,0,0,0,0,0,0,0,0,0,0,0,0,0,0,0,1,1,0,0,0,0,0,,0,0,0,0,0,0,0,0,0,0,0,0,0,0,0,0,,,,,,46-50,46-55,Interstate,U,Monday,Belt Used,PV,Not Fatal,0,0,0,0,State Route,State Patrol,Washington State Patrol Headquarter,0,1,0,0,0,,,,,,,,,,,,,,,,,,,,,,,,,,,,,,,,,,,,,,,,,,,
2017,250,E690033,8,07/05/2017,16:43,5,7,0,27,Grays Harbor,0,1,0,1,1,2,1,0,3,3,,,,12,0,6,16.4,2,0,2,3,2,1,2,0,0,20,3,US-12,FOURTH ST,-123.4816333,46.99955556,0,1,87,17,2,35,1,0,0,1,2,12,1,1,3,1,1,1,2,41,0,14,398,1991,0,0,12,68,12,,,,1,1,93,1,7,1,4,0,3,0,11,8,07/06/2017,17:20,1.96E+11,30528,6,0,3,3,1,39,0,0,0,96,,,,,,0,,,,,,97739,41,71,165,6,1,0,0,0,0,0,46,,,,,,0,,,20,0,0,0,0,9,8,,,0,0,0,8,0,2,1,0,0,1,0,0,2,1,0,,,,,,,,,,,,,,,,,,,,,,,,,,,,,,0,0,0,1,0,0,0,0,0,0,0,0,0,0,0,0,0,0,0,0,0,0,0,0,0,1,1,1,0,1,0,0,0,0,0,,1,0,0,0,0,0,0,0,0,0,0,0,0,0,0,0,,,,,,81+,76+,US highway,U,Wednesday,Belt Used,PV,White,1,0,0,0,State Route,State Patrol,Washington State Patrol Headquarter,0,1,0,0,0,,,,,,,,,,,,,,,,,,,,,,,,,,,,,,,,,,,,,,,,,,,
2017,250,E690033,8,07/05/2017,16:43,5,7,0,27,Grays Harbor,0,1,0,1,1,2,1,0,3,3,,,,12,0,6,16.4,2,0,2,3,2,1,2,0,0,20,3,US-12,FOURTH ST,-123.4816333,46.99955556,0,3,98,62,4,35,34,0,0,1,5,12,1,1,3,1,5,1,1,53,0,7,482,2006,0,0,12,,,,,,1,1,67,1,0,0,0,0,3,0,11,0,,,,,0,0,0,3,1,0,0,0,0,0,,,,,,0,,,,,,98547,53,73,230,6,1,0,1,0,0,0,0,,,,,,0,05/15/2015,05/15/2015,20,0,0,0,8,9,8,,,0,0,0,8,0,0,0,0,0,0,0,0,0,0,996,,,,,,,,,,,,,,,,,,,,,,,,,,,,,,0,0,0,1,0,0,0,0,0,0,0,0,0,0,0,0,0,0,0,0,0,0,0,0,0,1,1,1,0,1,0,0,0,0,0,,0,0,0,0,0,0,0,0,0,0,0,0,0,0,0,0,,,,,,66-70,66-75,US highway,U,Wednesday,Belt Used,PV,Not Fatal,1,0,0,0,State Route,State Patrol,Washington State Patrol Headquarter,0,1,0,0,0,,,,,,,,,,,,,,,,,,,,,,,,,,,,,,,,,,,,,,,,,,,
2017,250,E690033,8,07/05/2017,16:43,5,7,0,27,Grays Harbor,0,1,0,1,1,2,1,0,3,3,,,,12,0,6,16.4,2,0,2,3,2,1,2,0,0,0,0,US-12,FOURTH ST,-123.4816333,46.99955556,0,2,86,66,4,60,34,0,0,1,2,12,1,1,2,3,1,1,1,53,0,12,471,2002,0,0,12,,,,,,1,1,51,1,0,0,1,0,3,0,11,5,,,,,0,0,3,3,1,0,0,0,0,0,,,,,,0,,,,,,98550,53,73,235,6,1,0,0,0,0,0,0,,,,,,0,,,20,0,0,0,8,9,8,,,0,0,0,8,0,0,0,0,0,0,0,0,0,0,996,,,,,,,,,,,,,,,,,,,,,,,,,,,,,,0,0,0,1,0,0,0,0,0,0,0,0,0,0,0,0,0,0,0,0,0,0,0,0,0,1,1,1,0,1,0,0,0,0,0,,0,0,0,0,0,0,0,0,0,0,0,0,0,0,0,0,,,,,,51-55,46-55,US highway,U,Wednesday,Belt Used,PV,Not Fatal,1,0,0,0,State Route,State Patrol,Washington State Patrol Headquarter,0,1,0,0,0,,,,,,,,,,,,,,,,,,,,,,,,,,,,,,,,,,,,,,,,,,,
2017,222,E690034,6,06/30/2017,16:26,30,6,0,25,Grant,0,1,0,1,1,2,1,0,3,2,,,,12,0,2,83.2,1,0,1,4,1,1,3,0,0,0,0,SR-17,,-119.4334639,47.57365556,0,1,50,3,1,60,34,0,0,1,2,12,1,1,3,2,1,2,2,53,0,12,481,2000,0,0,61,68,12,,,,1,1,36,1,0,0,1,0,3,0,11,5,,,,,0,0,3,3,1,80,0,0,0,0,,,,,,0,,,,,,98223,53,72,250,6,1,0,0,0,1,0,89,,,,,,0,01/15/2014,01/15/2014,8,0,0,0,8,9,8,,,0,0,0,8,0,0,0,0,0,0,0,0,0,0,996,,,,,,,,,,,,,,,,,,,,,,,,,,,,,,0,0,0,0,0,0,0,0,0,0,0,0,0,0,0,0,0,0,0,0,0,0,0,0,0,0,0,0,0,1,0,0,0,0,0,,0,0,0,0,0,0,0,0,0,0,0,0,0,0,0,0,,,,,,36-40,36-45,State route,R,Friday,Belt Used,PV,Not Fatal,0,1,1,0,State Route,State Patrol,Washington State Patrol Headquarter,0,1,0,0,0,,,,,,,,,,,,,,,,,,,,,,,,,,,,,,,,,,,,,,,,,,,
2017,222,E690034,6,06/30/2017,16:26,30,6,0,25,Grant,0,1,0,1,1,2,1,0,3,2,,,,12,0,2,83.2,1,0,1,4,1,1,3,0,0,0,0,SR-17,,-119.4334639,47.57365556,0,2,51,62,4,60,4,0,0,1,2,12,1,1,3,2,1,1,3,4,0,20,2,2010,0,0,12,,,,,,1,1,55,2,7,2,4,7,3,0,11,0,06/30/2017,16:26,53029621,29621,0,0,3,3,1,0,0,0,0,0,,,,,,0,,,,,,98952,94,63,215,6,1,0,1,0,1,0,0,,,,,,0,01/15/2013,04/15/2014,8,0,0,0,1,9,8,,,0,0,0,8,9,2,1,0,0,1,0,0,2,1,0,,,,,,,,,,,,,,,,,,,,,,,,,,,,,,0,0,0,0,0,0,0,0,0,0,0,0,0,0,0,0,0,0,0,0,0,0,0,0,0,0,0,0,0,1,0,0,0,0,0,,1,0,0,0,0,0,0,0,0,0,0,0,0,0,0,0,,,,,,51-55,46-55,State route,R,Friday,Belt Used,PV,Black,0,1,1,0,State Route,State Patrol,Washington State Patrol Headquarter,0,1,0,0,0,,,,,,,,,,,,,,,,,,,,,,,,,,,,,,,,,,,,,,,,,,,
2017,239,E690047,3,07/07/2017,18:32,7,7,0,67,Thurston,0,1,0,1,1,2,1,0,1,1,,,,1,0,0,7.4,1,0,1,5,1,1,3,0,0,0,0,SR-507,,-122.9165333,46.77861111,0,1,98,9,1,35,80,0,0,1,2,1,1,1,2,1,1,1,1,53,0,72,706,2002,0,0,1,,,,,,1,1,38,1,7,1,4,7,5,0,11,0,07/10/2017,15:54,1.96E+11,30481,0,0,0,3,1,0,0,0,0,96,,,,,,99,,,,,,98589,53,70,170,6,1,0,0,1,0,0,0,,,,,,4,07/15/2016,07/15/2016,20,8,0,0,0,9,8,,,0,0,0,8,9,2,348,605,0,1,1,0,2,1,0,,,,,,,,,,,,,,,,,,,,,,,,,,,,,,0,0,0,0,0,0,1,1,1,0,0,0,1,0,0,0,0,0,0,0,0,0,0,0,0,0,0,0,1,0,0,0,0,0,1,0,0,0,0,0,0,0,1,1,0,1,0,0,0,0,1,0,,,,,,36-40,36-45,State route,R,Friday,,MC,White,0,0,0,0,State Route,State Patrol,Washington State Patrol Headquarter,0,1,0,0,0,thc,14,carboxy-thc,77,,,,,,,,,,,,,,,,,,,,,,,,,,,,,,,,,,,,,,,
2017,242,E690054,39,07/06/2017,6:00,6,7,0,61,Snohomish,0,1,0,4,1,2,1,0,2,2,,,,12,0,6,3.4,1,0,1,7,1,2,4,0,0,0,0,CR-268TH ST NW,,-122.2572944,48.23893333,0,2,92,20,2,98,34,0,0,1,5,12,1,2,2,1,13,1,2,53,0,12,481,1983,0,0,12,,,,,,1,1,42,1,0,0,0,0,3,0,11,0,,,,,0,0,0,2,1,0,0,0,0,96,,,,,,0,,,,,,98223,53,70,175,1,1,0,10,1,1,1,0,,,,,,0,02/15/2013,05/15/2016,20,0,0,0,8,9,8,,,0,0,0,8,0,8,95,0,0,6,0,0,8,95,995,,,,,,,,,,,,,,,,,,,,,,,,,,,,,,0,0,0,0,0,0,0,0,0,0,0,0,1,1,1,0,0,0,0,0,0,0,0,0,0,0,0,0,1,0,0,0,0,0,0,,0,0,0,0,0,0,0,0,0,0,0,1,0,0,0,0,,,,,,41-45,36-45,County road,R,Thursday,Belt Used,PV,Not Fatal,0,0,0,0,County Road,County Sheriff,Snohomish County Sheriff's Office,0,0,1,0,0,,,,,,,,,,,,,,,,,,,,,,,,,,,,,,,,,,,,,,,,,,,
2017,242,E690054,39,07/06/2017,6:00,6,7,0,61,Snohomish,0,1,0,4,1,2,1,0,2,2,,,,12,0,6,3.4,1,0,1,7,1,2,4,0,0,0,0,CR-268TH ST NW,,-122.2572944,48.23893333,0,1,93,56,3,98,80,0,0,1,5,12,1,2,2,1,1,1,1,53,0,72,706,2015,0,0,12,,,,,,1,1,31,1,7,1,4,7,5,0,11,0,07/06/2017,6:00,53029863,29863,0,0,0,2,1,0,0,0,0,96,,,,,,99,,,,,,98292,53,67,280,3,1,0,5,1,2,0,0,,,,,,3,12/15/2013,10/15/2016,20,8,0,0,0,9,8,,,0,0,0,8,9,2,1,0,0,1,0,0,2,1,0,,,,,,,,,,,,,,,,,,,,,,,,,,,,,,0,0,0,0,0,0,0,0,0,0,0,0,1,1,1,0,0,0,0,0,0,0,0,0,0,0,0,0,1,0,0,0,0,0,1,0,0,0,0,0,0,0,0,0,0,1,0,1,0,0,0,0,,,,,,31-35,26-35,County road,R,Thursday,,MC,White,0,0,0,0,County Road,County Sheriff,Snohomish County Sheriff's Office,0,0,1,0,0,,,,,,,,,,,,,,,,,,,,,,,,,,,,,,,,,,,,,,,,,,,
2017,238,E690227,6,07/06/2017,11:21,6,7,0,47,Okanogan,0,1,0,1,1,2,2,0,3,2,,,,12,0,2,8.8,1,0,1,4,1,1,3,0,0,0,0,SR-153,,-120.0128444,48.10285833,0,1,50,10,2,55,62,0,0,1,2,12,3,2,2,1,14,2,3,53,0,84,881,2009,0,0,68,12,,,,,1,1,25,1,7,2,4,7,3,0,11,0,07/06/2017,11:21,53030243,30243,6,1,0,3,1,28,0,0,0,93,,,,,,0,,,,,,98953,53,71,165,6,1,0,0,1,0,0,0,,,,,,0,07/15/2017,07/15/2017,20,0,0,0,1,9,8,,,0,0,0,8,0,2,1,0,0,1,0,0,2,1,0,,,,,,,,,,,,,,,,,,,,,,,,,,,,,,0,0,0,0,0,0,0,0,0,0,0,0,0,0,0,0,1,0,0,0,0,0,0,1,1,0,0,0,0,0,1,0,0,0,0,,0,1,0,0,0,0,0,0,1,0,0,0,0,0,0,0,,,,,,21-25,16-25,State route,R,Thursday,,MHTRUCK,Black,0,1,1,0,State Route,State Patrol,Washington State Patrol Headquarter,0,1,0,0,0,,,,,,,,,,,,,,,,,,,,,,,,,,,,,,,,,,,,,,,,,,,
2017,238,E690227,6,07/06/2017,11:21,6,7,0,47,Okanogan,0,1,0,1,1,2,2,0,3,2,,,,12,0,2,8.8,1,0,1,4,1,1,3,0,0,0,0,SR-153,,-120.0128444,48.10285833,0,2,51,62,4,55,66,1,0,1,2,12,2,2,2,1,14,1,3,16,0,85,881,2009,0,0,12,,,,,,1,1,60,1,7,1,4,7,3,0,11,0,07/06/2017,11:21,53029416,29416,6,1,3,3,1,0,0,0,0,0,,,,,,0,,,,,,99403,53,72,190,6,1,0,0,0,0,0,0,,,,,,0,,,20,0,0,0,1,9,8,,,0,0,0,8,0,2,1,0,0,1,0,0,2,1,0,,,,,,,,,,,,,,,,,,,,,,,,,,,,,,0,0,0,0,0,0,0,0,0,0,0,0,0,0,0,0,1,0,0,0,0,0,0,1,1,0,0,0,0,0,1,0,0,0,0,,0,1,0,0,0,0,0,0,0,0,0,0,0,0,0,0,,,,,,56-60,56-65,State route,R,Thursday,,MHTRUCK,White,0,1,1,0,State Route,State Patrol,Washington State Patrol Headquarter,0,1,0,0,0,,,,,,,,,,,,,,,,,,,,,,,,,,,,,,,,,,,,,,,,,,,
2017,282,E690507,55,07/08/2017,14:20,8,7,0,33,King,100,1,0,1,1,2,1,1,3,1,,,,15,0,0,0,3,0,3,5,2,4,6,0,0,3,3,R ST NE,8TH ST NE,-122.2082,47.31545,0,1,13,83,5,30,34,0,0,1,5,15,1,1,4,1,11,3,2,53,0,23,472,2016,0,0,15,,,,,,1,1,38,2,0,0,0,0,3,0,11,0,,,,,0,0,0,3,1,91,0,0,0,17,,,,,,0,,,,,,98002,53,66,125,6,1,0,0,1,2,0,2,,,,,,0,10/15/2012,01/15/2015,20,0,0,0,8,9,8,,,0,0,0,8,0,0,0,0,0,0,0,0,0,0,996,,,,,,,,,,,,,,,,,,,,,,,,,,,,,,0,0,0,1,0,0,0,0,0,0,0,0,0,0,0,0,1,0,0,0,0,0,0,0,0,0,0,0,0,0,0,1,0,0,0,,0,0,0,0,0,0,0,0,1,0,0,0,0,0,0,0,,,,,,36-40,36-45,City street,U,Saturday,Belt Used,PV,Not Fatal,1,0,0,0,City Street,Municipal/City Police,Auburn Police Department,0,0,0,1,0,,,,,,,,,,,,,,,,,,,,,,,,,,,,,,,,,,,,,,,,,,,
2017,240,E690560,160,07/11/2017,3:39,11,7,0,33,King,1030,1,0,3,1,2,1,0,1,1,,,,18,0,0,0,1,0,1,7,2,4,6,0,0,0,0,145 AVE SE,,-122.1481722,47.35547222,0,1,12,90,6,25,80,0,0,1,2,18,1,1,2,1,1,1,1,53,0,73,705,2007,0,0,18,,,,,,1,1,26,1,7,1,4,7,19,0,11,0,07/11/2017,3:39,1.03E+11,30400,0,0,3,3,1,0,0,0,0,0,,,,,,9,,,,,,98042,53,68,240,6,1,0,2,0,2,0,0,,,,,,4,01/15/2013,05/15/2017,20,8,0,0,0,9,8,,,0,0,0,8,1,2,1,0,0,1,0,0,2,1,0.18,,,,,,,,,,,,,,,,,,,,,,,,,,,,,,0,0,0,0,1,1,0,1,0,0,0,0,1,0,0,0,0,0,0,0,0,0,0,0,0,0,0,0,1,0,0,0,0,0,1,0,0,0,0,0,0,1,0,1,0,1,0,0,0,1,0,1,,,,,,26-30,26-35,City street,U,Tuesday,,MC,White,0,1,0,0,City Street,Municipal/City Police,Kent Police Department,1,0,0,1,0,,,,,,,,,,,,,,,,,,,,,,,,,,,,,,,,,,,,,,,,,,,