year,case,par,repjur,crash_dt,crash_tm,accday,accmon,holiday,county,co_char,city,weather,weather2,lightcond,surfcond,surftype,numfatal,nmforms,pforms,vforms,not_tm,arr_tm,hosp_tm,fhevent,hitrun,manncol,milepnt,reljunc,reljuncinter,intersectiontype,funcsystem,landuse,ownership,route,schlbus,spejur,contdev,devfunc,trafid1,trafid2,x,y,wk_zone,vnumber,crashtype,criticalevent,criticaleventcat,spdlim,body,trailer,emerg,hazcargo,leave,mhevent,roadalgn,roadprof,traflane,trafflow,vehmanvr,numoccs,regowner,regstate,spuse,make,model,modelyr,vrf1,vrf2,seqevent1,seqevent2,seqevent3,seqevent4,seqevent5,seqevent6,pnumber,ptype,age,sex,hispanic,race,injury,diedscene,restraint,restraintmisuse,seatpos,takehosp,death_dt,death_tm,cert,cernum_wa,commlic,licendor,licrestrict,liccomp,drivpres,drf1,drf2,drf3,drf4,distract1,distract2,distract3,distract4,distract5,distract6,dricond1,dricond2,dricond3,dricond4,dricond5,dricond6,dzip,licstate,drhgt_in,weight,noncdl,noncdltype,prevdwi,prevoth,prevacc,prevspd,prevsus,driviol1,driviol2,driviol3,driviol4,driviol5,driviol6,spdrel,first_dt,last_dt,airbag,ejection,ejectpath,extricat,injurwrk,methalc,methdrug,nmlocat,strikveh,prf1,prf2,prf3,druginv,alcinvol,drugsts,drugres1,drugres2,drugres3,drugtst1,drugtst2,drugtst3,alcsts,alctst,alcres,nmact1,nmact2,nmact3,nmact4,nmact5,nmact6,nmprior1,nmprior2,nmprior3,nmprior4,nmprior5,nmprior6,nmcond1,nmcond2,nmcond3,nmcond4,nmcond5,nmcond6,nmsafe_helmet,nmsafe_pads,nmsafe_oth,nmprev_ref,nmprev_lgt,nmprev_oth,crashlocation,nmcrashtype,crosswalk,schoolzone,sidewalk,train_inv,wildlife_inv,rotr_fars,intersect_fars,dd_inv,aid_inv,dpd_inv,id_inv,mj_inv,impnm_inv,ainm_inv,dpnm_inv,speed_inv,unlic_inv,unendmc_inv,drowsy_inv,drdist_inv,nmdist_inv,fty_inv,unrestfat_inv,dr1617_inv,dr1820_inv,dr1620_inv,dr2125_inv,dr1625_inv,dr65_inv,dr70_inv,dr75_inv,mc_inv,pv_inv,ht_inv,ped_inv,bike_inv,unrest_fat,mc_fat,unhelmet_mc,pv_fat,ht_fat,ped_fat,bike_fat,dr_alc7,dr_alc8,dr_drug,dr_imp,dr_dist,dr_spd,dr_fty,dr_unlic,dr_alc7only,dr_alc8only,dr_drugonly,dr_drink,nm_imp,nm_alc7,nm_alc8,nm_drug,nm_dist,agegrp1,agegrp2,roadclass,urbrur,dayweek,restuse,vehtype,race_me,intersect,lanedep,oppdir,wrongway,rep_typ,investag,repag_long,rotr,st_rd,cty_rd,city_rd,oth_rd,drug_thc,thc_res,drug_cthc,cthc_res,drug_cann,prevpersemin,prevperse,prevsusoth,drugtst4,drugtst5,drugtst6,drugtst7,drugtst8,drugres4,drugres5,drugres6,drugres7,drugres8,adspresent,adsengaged,adslevel,race1,race2,race3,race4,race5,helmet,helmetmisuse,nmdistract1,nmdistract2,nmdistract3,nmdistract4,nmdistract5,nmdistract6,lab,isedtcase,crf1,crf2,crf3,CoRoadName,CoMP,IntCoRoadName,IntCoMP
2017,236,E690706,7,07/04/2017,7:25,4,7,5,33,King,1960,1,0,1,1,1,1,0,2,2,,,,25,0,0,0.2,5,1,1,1,2,1,1,0,0,0,0,I-5 RAMP R116473,,-122.3195083,47.59439444,0,2,98,98,7,60,5,0,0,1,2,12,8,8,4,3,1,1,2,53,0,7,25,2008,0,0,12,,,,,,1,1,47,1,0,0,0,0,3,0,11,0,,,,,0,0,0,3,1,0,0,0,0,0,,,,,,0,,,,,,98056,53,71,170,6,1,0,0,0,0,0,0,,,,,,0,,,20,0,0,0,8,9,8,,,0,0,0,8,0,0,0,0,0,0,0,0,0,0,996,,,,,,,,,,,,,,,,,,,,,,,,,,,,,,0,0,1,0,0,0,1,1,1,0,0,0,1,0,0,0,0,0,0,0,0,0,0,0,0,0,0,0,1,1,0,0,0,0,0,,0,0,0,0,0,0,0,0,0,0,0,0,0,0,0,0,,,,,,46-50,46-55,Interstate,U,Tuesday,Belt Used,PV,Not Fatal,0,1,0,0,State Route,State Patrol,Washington State Patrol Headquarter,1,1,0,0,0,,,,,,,,,,,,,,,,,,,,,,,,,,,,,,,,,,,,,,,,,,,
2017,236,E690706,7,07/04/2017,7:25,4,7,5,33,King,1960,1,0,1,1,1,1,0,2,2,,,,25,0,0,0.2,5,1,1,1,2,1,1,0,0,0,0,I-5 RAMP R116473,,-122.3195083,47.59439444,0,1,1,13,2,40,80,0,0,1,2,12,3,2,2,4,14,1,2,53,0,72,706,1988,0,0,63,25,1,12,,,1,1,29,1,7,1,4,7,5,0,11,0,07/04/2017,7:25,1.96E+11,29594,0,0,3,3,1,0,0,0,0,96,,,,,,9,,,,,,98272,53,71,135,6,1,0,2,2,7,4,0,,,,,,4,01/15/2013,03/15/2017,20,8,0,0,0,9,1,,,0,0,0,1,9,2,605,0,0,1,0,0,2,1,0,,,,,,,,,,,,,,,,,,,,,,,,,,,,,,0,0,1,0,0,0,1,1,1,0,0,0,1,0,0,0,0,0,0,0,0,0,0,0,0,0,0,0,1,1,0,0,0,0,1,0,0,0,0,0,0,0,1,1,0,1,0,0,0,0,1,0,,,,,,26-30,26-35,Interstate,U,Tuesday,,MC,White,0,1,0,0,State Route,State Patrol,Washington State Patrol Headquarter,1,1,0,0,0,thc,6.9,carboxy-thc,21,,,,,,,,,,,,,,,,,,,,,,,,,,,,,,,,,,,,,,,
2017,251,E690820,1,07/07/2017,15:55,7,7,0,77,Yakima,0,1,0,1,1,2,1,0,6,3,,,,12,0,8,9999.9,1,0,1,6,1,2,4,0,0,0,0,CR-OUTLOOK RD,,-120.0626639,46.33113889,0,3,98,62,4,50,34,0,0,1,2,12,1,1,2,1,1,4,1,53,0,20,481,2003,0,0,12,,,,,,1,1,19,2,0,0,2,0,3,0,11,4,,,,,0,0,0,3,1,0,0,0,0,0,,,,,,0,,,,,,98932,53,67,190,6,7,0,0,0,0,0,0,,,,,,0,,,1,0,0,0,8,9,8,,,0,0,0,8,0,0,0,0,0,0,0,0,0,0,996,,,,,,,,,,,,,,,,,,,,,,,,,,,,,,0,0,0,0,1,1,1,1,0,0,0,0,0,0,0,0,0,0,0,0,0,1,1,0,1,0,0,0,0,1,0,0,0,0,0,,0,0,0,0,0,0,0,0,0,0,0,0,0,0,0,0,,,,,,18-20,16-25,County road,R,Friday,Belt Used,PV,Not Fatal,0,0,0,0,County Road,State Patrol,Washington State Patrol Headquarter,0,0,1,0,0,,,,,,,,,,,,,,,,,,,,,,,,,,,,,,,,,,,,,,,,,,,
2017,251,E690820,1,07/07/2017,15:55,7,7,0,77,Yakima,0,1,0,1,1,2,1,0,6,3,,,,12,0,8,9999.9,1,0,1,6,1,2,4,0,0,0,0,CR-OUTLOOK RD,,-120.0626639,46.33113889,0,2,65,62,4,50,4,0,0,1,5,12,1,1,2,1,1,1,1,53,0,35,47,2009,0,0,12,,,,,,1,1,43,2,0,0,0,0,3,0,11,0,,,,,0,0,3,3,1,0,0,0,0,0,,,,,,0,,,,,,98938,53,63,107,6,1,0,0,0,0,0,0,,,,,,0,,,20,0,0,0,8,9,8,,,0,0,0,8,0,0,0,0,0,0,0,0,0,0,996,,,,,,,,,,,,,,,,,,,,,,,,,,,,,,0,0,0,0,1,1,1,1,0,0,0,0,0,0,0,0,0,0,0,0,0,1,1,0,1,0,0,0,0,1,0,0,0,0,0,,0,0,0,0,0,0,0,0,0,0,0,0,0,0,0,0,,,,,,41-45,36-45,County road,R,Friday,Belt Used,PV,Not Fatal,0,0,0,0,County Road,State Patrol,Washington State Patrol Headquarter,0,0,1,0,0,,,,,,,,,,,,,,,,,,,,,,,,,,,,,,,,,,,,,,,,,,,
2017,251,E690820,1,07/07/2017,15:55,7,7,0,77,Yakima,0,1,0,1,1,2,1,0,6,3,,,,12,0,8,9999.9,1,0,1,6,1,2,4,0,0,0,0,CR-OUTLOOK RD,,-120.0626639,46.33113889,0,1,64,10,2,50,4,0,0,1,2,12,1,1,2,1,1,1,1,53,0,63,34,2003,0,0,68,12,12,,,,1,1,60,1,1,98,4,7,3,0,11,0,07/07/2017,15:55,53029950,29950,0,0,3,3,1,28,0,0,0,96,,,,,,9,,,,,,98944,53,65,140,6,1,1,2,0,0,2,0,,,,,,0,10/15/2012,03/15/2014,1,0,0,0,0,1,8,,,0,0,0,8,1,2,402,0,0,1,0,0,2,1,0.25,,,,,,,,,,,,,,,,,,,,,,,,,,,,,,0,0,0,0,1,1,1,1,0,0,0,0,0,0,0,0,0,0,0,0,0,1,1,0,1,0,0,0,0,1,0,0,0,0,0,,1,0,0,0,0,1,1,1,0,0,0,0,0,0,0,1,,,,,,56-60,56-65,County road,R,Friday,Belt Used,PV,Hispanic,0,0,0,0,County Road,State Patrol,Washington State Patrol Headquarter,0,0,1,0,0,,,,,,,,,,,,,,,,,,,,,,,,,,,,,,,,,,,,,,,,,,,
2017,244,E691853,2,07/10/2017,16:50,10,7,0,73,Whatcom,0,1,0,1,1,2,1,0,1,1,,,,18,0,0,86.7,1,0,1,5,1,1,3,0,0,0,0,SR-9,,-122.309775,48.88116667,0,1,15,10,2,50,14,0,0,1,2,18,1,1,2,1,1,1,1,95,0,2,403,2015,0,0,68,18,63,42,,,1,1,51,1,7,1,4,7,3,0,11,0,07/10/2017,16:50,53036136,36136,99,9,9,9,1,0,0,0,0,96,,,,,,9,,,,,,0,95,,999,9,9,99,99,99,99,99,0,,,,,,4,,,20,0,0,0,0,1,8,,,0,0,0,8,1,2,1,0,0,1,0,0,2,1,0.28,,,,,,,,,,,,,,,,,,,,,,,,,,,,,,0,0,0,0,1,1,0,1,0,0,0,0,1,0,0,0,0,0,0,0,0,0,0,0,0,0,0,0,0,1,0,0,0,0,0,,1,0,0,0,0,1,0,1,0,1,0,0,0,1,0,1,,,,,,51-55,46-55,State route,R,Monday,Belt Used,PV,White,0,1,1,0,State Route,State Patrol,Washington State Patrol Headquarter,0,1,0,0,0,,,,,,,,,,,,,,,,,,,,,,,,,,,,,,,,,,,,,,,,,,,
2017,245,E691997,1,07/17/2017,4:00,17,7,0,71,Walla Walla,0,1,0,2,1,2,1,0,6,1,4:13,4:39,5:02,1,0,0,18.5,1,0,1,4,1,1,3,0,0,0,0,SR-124,,-118.6780889,46.29716667,0,1,98,13,2,65,20,0,0,1,2,1,1,1,2,1,1,6,1,53,0,6,441,2005,0,0,63,69,1,,,,1,1,35,2,0,0,0,0,3,0,11,0,,,,,0,0,0,3,1,36,0,0,0,96,,,,,,2,,,,,,99362,53,60,140,6,1,0,0,0,1,0,2,76,,,,,0,04/15/2014,04/15/2014,20,0,0,0,8,9,8,,,0,0,0,8,0,8,95,0,0,6,0,0,8,95,995,,,,,,,,,,,,,,,,,,,,,,,,,,,,,,0,0,0,0,0,0,0,0,0,0,0,0,0,0,0,1,0,0,0,1,0,0,0,0,0,0,0,0,0,1,0,0,0,0,0,,0,0,0,0,0,0,0,0,0,0,0,0,0,0,0,0,,,,,,31-35,26-35,State route,R,Monday,Belt Used,PV,Not Fatal,0,0,0,0,State Route,State Patrol,Washington State Patrol Headquarter,0,1,0,0,0,,,,,,,,,,,,,,,,,,,,,,,,,,,,,,,,,,,,,,,,,,,
2017,252,E692354,35,07/14/2017,11:18,14,7,0,53,Pierce,0,1,0,1,1,2,1,0,3,2,,,,12,0,1,122.7,1,0,1,1,2,1,1,0,0,0,0,I-5,,-122.5574056,47.11813333,0,2,29,53,3,60,3,0,0,1,5,12,1,2,3,3,2,2,1,53,0,69,54,2011,0,0,12,,,,,,1,1,45,2,0,0,0,0,3,0,11,0,,,,,0,0,3,3,1,0,0,0,0,0,,,,,,0,,,,,,98502,53,67,118,6,1,0,0,0,0,0,0,,,,,,0,,,20,0,0,0,8,9,8,,,0,0,0,8,0,0,0,0,0,0,0,0,0,0,996,,,,,,,,,,,,,,,,,,,,,,,,,,,,,,0,0,0,0,0,0,1,1,0,0,0,0,1,0,0,0,1,0,0,0,0,0,0,1,1,0,0,0,1,1,0,0,0,0,0,,0,0,0,0,0,0,0,0,0,0,0,0,0,0,0,0,,,,,,41-45,36-45,Interstate,U,Friday,Belt Used,PV,Not Fatal,0,0,0,0,State Route,State Patrol,Washington State Patrol Headquarter,0,1,0,0,0,,,,,,,,,,,,,,,,,,,,,,,,,,,,,,,,,,,,,,,,,,,
2017,252,E692354,35,07/14/2017,11:18,14,7,0,53,Pierce,0,1,0,1,1,2,1,0,3,2,,,,12,0,1,122.7,1,0,1,1,2,1,1,0,0,0,0,I-5,,-122.5574056,47.11813333,0,1,28,52,3,60,80,0,0,1,2,12,1,2,3,3,1,1,1,53,0,98,706,2006,0,0,12,,,,,,1,1,22,1,7,1,4,7,5,0,11,0,07/14/2017,11:30,53031421,31421,0,0,0,3,1,26,0,0,0,93,,,,,,0,,,,,,98520,53,68,170,6,1,0,1,1,1,0,0,,,,,,4,08/15/2013,09/15/2016,20,8,0,0,0,9,8,,,0,0,0,8,0,2,996,0,0,1,0,0,2,1,0,,,,,,,,,,,,,,,,,,,,,,,,,,,,,,0,0,0,0,0,0,1,1,0,0,0,0,1,0,0,0,1,0,0,0,0,0,0,1,1,0,0,0,1,1,0,0,0,0,1,0,0,0,0,0,0,0,1,1,1,1,0,0,0,0,1,0,,,,,,21-25,16-25,Interstate,U,Friday,,MC,White,0,0,0,0,State Route,State Patrol,Washington State Patrol Headquarter,0,1,0,0,0,,,,,,,,,,,,,,,,,,,,,,,,,,,,,,,,,,,,,,,,,,,
2017,253,E692481,197,07/15/2017,23:00,15,7,0,61,Snohomish,1338,1,0,3,1,2,1,0,2,2,,,,42,0,0,0,1,0,1,5,2,4,6,0,0,0,0,VILLAGE GREEN DR,,-122.2087861,47.86709444,0,1,7,9,1,25,4,0,0,1,2,12,3,2,2,1,14,1,2,53,0,20,2,2004,0,0,68,64,42,1,12,,1,1,24,1,7,2,4,7,20,0,11,0,07/15/2017,23:14,1.34E+11,32084,0,0,3,2,1,0,0,0,0,96,,,,,,99,,,,,,98290,53,72,180,1,1,1,4,1,1,8,0,,,,,,9,03/15/2013,11/15/2016,99,1,9,0,0,9,8,,,0,0,0,8,1,2,177,996,996,1,1,1,2,1,0,,,,,,,,,,,,,,,,,,,,,,,,,,,,,,0,0,0,0,1,0,1,1,0,0,0,0,0,1,0,0,0,0,0,1,0,0,0,1,1,0,0,0,0,1,0,0,0,1,0,,1,0,0,0,0,0,1,1,0,0,0,1,0,0,1,1,,,,,,21-25,16-25,City street,U,Saturday,Not Used,PV,Black,0,1,0,0,City Street,Municipal/City Police,Mill Creek Police Department,1,0,0,1,0,,,,,,,,,,,,,,,,,,,,,,,,,,,,,,,,,,,,,,,,,,,
2017,253,E692481,197,07/15/2017,23:00,15,7,0,61,Snohomish,1338,1,0,3,1,2,1,0,2,2,,,,42,0,0,0,1,0,1,5,2,4,6,0,0,0,0,VILLAGE GREEN DR,,-122.2087861,47.86709444,0,2,98,80,5,25,14,0,0,1,5,12,3,2,2,1,14,1,3,53,0,12,401,2015,0,0,12,,,,,,1,1,45,1,0,0,0,0,3,0,11,0,,,,,0,0,0,3,1,16,0,0,0,96,,,,,,0,,,,,,98926,53,74,225,6,1,0,0,0,0,0,0,,,,,,0,,,20,0,0,0,8,9,8,,,0,0,0,8,0,0,0,0,0,0,0,0,0,0,996,,,,,,,,,,,,,,,,,,,,,,,,,,,,,,0,0,0,0,1,0,1,1,0,0,0,0,0,1,0,0,0,0,0,1,0,0,0,1,1,0,0,0,0,1,0,0,0,0,0,,0,0,0,0,0,0,0,0,0,0,0,0,0,0,0,0,,,,,,41-45,36-45,City street,U,Saturday,Belt Used,PV,Not Fatal,0,1,0,0,City Street,Municipal/City Police,Mill Creek Police Department,1,0,0,1,0,,,,,,,,,,,,,,,,,,,,,,,,,,,,,,,,,,,,,,,,,,,
2017,248,E692509,305,07/09/2017,1:38,9,7,0,11,Clark,2370,1,0,3,1,2,1,1,1,1,,,,8,0,0,0,1,0,1,7,2,4,6,0,0,0,0,E FOURTH PLAIN ST,,-122.6250444,45.63881944,0,1,13,80,5,30,2,0,0,1,5,8,1,1,5,1,1,1,2,53,0,37,31,2004,0,0,8,,,,,,1,1,29,1,0,0,0,0,3,0,11,0,,,,,0,0,0,0,1,0,0,0,0,0,,,,,,0,,,,,,98665,53,67,150,0,0,0,0,0,0,0,0,,,,,,0,,,20,0,0,0,8,9,8,,,0,0,0,8,0,0,0,0,0,0,0,0,0,0,996,,,,,,,,,,,,,,,,,,,,,,,,,,,,,,0,0,0,0,0,0,0,0,0,1,1,0,0,1,0,0,0,0,0,0,0,0,0,0,0,0,0,0,0,1,0,1,0,0,0,,0,0,0,0,0,0,0,0,0,0,0,1,0,0,0,0,,,,,,26-30,26-35,City street,U,Sunday,Belt Used,PV,Not Fatal,0,0,0,0,City Street,Municipal/City Police,Vancouver Police Department,0,0,0,1,0,,,,,,,,,,,,,,,,,,,,,,,,,,,,,,,,,,,,,,,,,,,
2017,254,E693189,7,07/17/2017,9:46,17,7,0,33,King,0,1,0,1,1,2,1,1,1,1,,,,9,0,0,9.4,1,0,1,3,2,1,3,0,0,0,0,SR-169,,-122.0121306,47.33398611,0,1,13,83,5,50,61,0,0,1,5,9,3,2,2,1,14,1,1,53,0,12,881,2004,0,0,9,,,,,,1,1,29,1,0,0,0,0,3,0,11,0,,,,,0,0,0,3,1,0,0,0,0,0,,,,,,0,,,,,,98092,53,67,130,6,1,0,0,1,1,0,0,,,,,,0,12/15/2016,12/15/2016,20,0,0,0,8,9,8,,,0,0,0,8,0,0,0,0,0,0,0,0,0,0,996,,,,,,,,,,,,,,,,,,,,,,,,,,,,,,0,0,0,0,0,0,0,0,0,0,0,0,0,0,0,0,0,0,0,0,0,0,0,0,0,0,0,0,0,0,1,0,1,0,0,,0,0,0,0,0,0,0,0,0,0,0,0,0,0,0,0,,,,,,26-30,26-35,State route,U,Monday,,MHTRUCK,Not Fatal,0,0,0,0,State Route,State Patrol,Washington State Patrol Headquarter,0,1,0,0,0,,,,,,,,,,,,,,,,,,,,,,,,,,,,,,,,,,,,,,,,,,,
2017,213,E693720,2,06/21/2017,3:17,21,6,0,57,Skagit,50,1,0,3,1,2,1,1,1,1,,,,8,0,0,51.9,3,0,2,3,2,1,3,0,0,2,3,SR-20,COMMERCIAL AVE,-122.6126361,48.51261389,0,1,13,80,5,25,66,1,0,1,5,8,1,1,4,1,11,1,3,53,0,82,881,2005,0,0,8,,,,,,1,1,51,1,0,0,0,0,3,0,11,0,,,,,6,1,0,3,1,0,0,0,0,0,,,,,,0,,,,,,98274,53,73,240,6,1,0,1,0,0,0,0,,,,,,0,05/15/2015,05/15/2015,20,0,0,0,8,9,2,,,0,0,0,0,0,0,0,0,0,0,0,0,0,0,996,,,,,,,,,,,,,,,,,,,,,,,,,,,,,,0,0,0,1,0,0,0,0,0,1,0,1,0,0,0,0,0,0,0,0,0,0,0,0,0,0,0,0,0,0,1,1,0,0,0,,0,0,0,0,0,0,0,0,0,0,0,0,0,0,0,0,,,,,,51-55,46-55,State route,U,Wednesday,,MHTRUCK,Not Fatal,1,0,0,0,State Route,State Patrol,Washington State Patrol Headquarter,0,1,0,0,0,,,,,,,,,,,,,,,,,,,,,,,,,,,,,,,,,,,,,,,,,,,
2017,279,E693779,5,07/15/2017,18:44,15,7,0,41,Lewis,0,1,0,1,1,2,1,0,1,1,18:43,18:49,19:37,10,0,0,46.1,6,0,1,4,1,1,3,0,0,65,3,SR-6,,-123.0709694,46.62698889,0,1,98,17,2,55,34,0,0,1,2,10,1,1,2,1,1,1,1,53,0,20,481,2003,0,0,10,,,,,,1,1,82,1,7,1,4,0,3,0,11,8,07/28/2017,1:40,1.96E+11,33055,0,0,0,3,1,39,0,0,0,1,,,,,,0,,,,,,98538,53,72,210,6,1,0,1,0,1,0,36,,,,,,0,08/15/2014,03/15/2015,8,0,0,0,0,9,8,,,0,0,0,8,0,2,348,0,0,1,0,0,2,1,0,,,,,,,,,,,,,,,,,,,,,,,,,,,,,,1,0,0,0,0,0,1,1,0,0,0,0,0,0,0,0,1,0,0,0,0,0,0,0,0,1,1,1,0,0,0,0,0,0,0,,0,0,0,0,0,0,1,1,1,0,0,0,0,0,1,0,,,,,,81+,76+,State route,R,Saturday,Belt Used,PV,White,1,0,0,0,State Route,State Patrol,Washington State Patrol Headquarter,0,1,0,0,0,,,,,,,,,,,,,,,,,,,,,,,,,,,,,,,,,,,,,,,,,,,
2017,258,E693783,5,07/15/2017,23:10,15,7,0,41,Lewis,310,1,0,2,1,2,1,0,3,2,23:11,23:17,23:44,12,0,2,77.6,1,0,1,1,2,1,1,0,0,0,0,I-5,,-122.9747667,46.65437222,0,2,51,54,3,60,6,0,0,1,2,12,1,1,2,3,1,2,1,41,0,20,24,2011,0,0,12,,,,,,1,1,24,2,0,0,3,0,3,0,11,4,,,,,0,0,0,3,1,0,0,0,0,0,,,,,,0,,,,,,97015,41,65,240,6,1,0,0,0,0,0,0,,,,,,0,,,8,0,0,0,8,9,8,,,0,0,0,8,0,0,0,0,0,0,0,0,0,0,996,,,,,,,,,,,,,,,,,,,,,,,,,,,,,,0,0,0,0,1,1,0,1,0,0,0,0,0,1,0,0,0,0,0,0,0,0,0,1,1,0,0,0,0,1,0,0,0,0,0,,0,0,0,0,0,0,0,0,0,0,0,0,0,0,0,0,,,,,,21-25,16-25,Interstate,U,Saturday,Belt Used,PV,Not Fatal,0,0,0,1,State Route,State Patrol,Washington State Patrol Headquarter,0,1,0,0,0,,,,,,,,,,,,,,,,,,,,,,,,,,,,,,,,,,,,,,,,,,,
2017,258,E693783,5,07/15/2017,23:10,15,7,0,41,Lewis,310,1,0,2,1,2,1,0,3,2,23:11,23:17,23:44,12,0,2,77.6,1,0,1,1,2,1,1,0,0,0,0,I-5,,-122.9747667,46.65437222,0,1,50,10,2,60,3,0,0,1,2,12,1,1,2,3,1,1,1,53,0,55,36,2003,0,0,12,,,,,,1,1,23,1,7,1,4,7,3,0,11,0,07/15/2017,23:15,31053032460,32460,0,0,3,2,1,51,0,0,0,96,,,,,,9,,,,,,98539,53,73,180,1,1,1,10,3,10,10,0,,,,,,0,09/15/2013,05/15/2017,8,0,0,0,0,1,8,,,0,0,0,8,1,2,1,0,0,1,0,0,2,1,0.22,,,,,,,,,,,,,,,,,,,,,,,,,,,,,,0,0,0,0,1,1,0,1,0,0,0,0,0,1,0,0,0,0,0,0,0,0,0,1,1,0,0,0,0,1,0,0,0,0,0,,1,0,0,0,0,1,0,1,0,0,0,1,0,1,0,1,,,,,,21-25,16-25,Interstate,U,Saturday,Belt Used,PV,White,0,0,0,1,State Route,State Patrol,Washington State Patrol Headquarter,0,1,0,0,0,,,,,,,,,,,,,,,,,,,,,,,,,,,,,,,,,,,,,,,,,,,
2017,260,E694162,45,07/12/2017,15:00,12,7,0,73,Whatcom,2200,1,0,1,1,4,1,0,1,1,,,,1,0,0,5,1,0,1,96,6,96,8,0,0,0,0,NF - 3065,,-121.6627306,48.94349444,0,1,2,13,2,98,34,0,0,1,5,1,3,2,8,8,14,1,1,53,0,7,482,1999,0,0,63,1,42,,,,1,1,79,1,7,1,4,7,99,0,11,0,07/12/2017,15:00,53031754,31754,0,0,0,3,1,0,0,0,0,93,,,,,,99,,,,,,98226,53,71,185,6,1,0,0,0,2,0,0,,,,,,0,02/15/2014,06/15/2014,99,2,9,0,0,9,8,,,0,0,0,8,9,2,128,996,0,1,1,0,2,1,0,,,,,,,,,,,,,,,,,,,,,,,,,,,,,,0,0,0,0,0,0,1,1,0,0,0,0,0,0,0,0,1,0,0,0,0,0,0,0,0,1,1,1,0,0,0,0,0,0,0,,0,0,0,0,0,0,1,1,1,0,0,0,0,0,1,0,,,,,,76-80,76+,Other,,Wednesday,Unknown,PV,White,0,1,0,0,Other,County Sheriff,Whatcom County Sheriff's Office,1,0,0,0,1,,,,,,,,,,,,,,,,,,,,,,,,,,,,,,,,,,,,,,,,,,,
2017,241,E694233,1,07/12/2017,22:30,12,7,0,77,Yakima,0,1,0,2,1,2,1,0,1,1,,,,17,0,0,0.6,1,0,1,6,1,2,4,0,0,0,0,CR-WEIKEL RD,,-120.6668611,46.64584444,0,1,6,12,2,50,80,0,0,1,2,17,2,1,2,1,14,1,1,53,0,76,706,2008,0,0,68,64,17,1,,,1,1,37,1,7,1,4,7,5,0,11,0,07/12/2017,22:30,53031303,31303,0,0,3,3,1,0,0,0,0,96,,,,,,99,,,,,,98908,53,72,175,6,1,0,0,0,0,0,0,,,,,,4,,,20,8,0,0,0,1,8,,,0,0,0,8,1,2,1,0,0,1,0,0,2,1,0.036,,,,,,,,,,,,,,,,,,,,,,,,,,,,,,0,0,1,0,1,0,0,0,0,0,0,0,1,0,0,0,0,0,0,0,0,0,0,0,0,0,0,0,1,0,0,0,0,0,1,0,0,0,0,0,1,0,0,0,0,1,0,0,1,0,0,1,,,,,,36-40,36-45,County road,R,Wednesday,,MC,White,0,1,0,0,County Road,State Patrol,Washington State Patrol Headquarter,1,0,1,0,0,,,,,,,,,,,,,,,,,,,,,,,,,,,,,,,,,,,,,,,,,,,
2017,295,E694387,55,07/21/2017,12:51,21,7,0,33,King,100,1,0,1,1,2,1,0,3,2,13:05,13:11,13:41,12,0,6,0,2,0,3,5,2,4,6,0,0,20,3,A ST SE,12TH ST SE,-122.2289389,47.29718889,0,1,82,15,2,30,4,0,0,1,2,12,1,1,2,1,11,1,1,53,0,20,25,2011,0,0,12,,,,,,1,1,87,1,7,1,4,0,3,0,11,5,08/04/2017,17:11,1.96E+11,34649,0,0,3,3,1,38,48,0,0,96,,,,,,0,,,,,,98002,53,69,180,6,1,0,0,0,0,0,48,,,,,,0,,,8,0,0,0,0,9,8,,,0,0,0,8,0,0,0,0,0,0,0,0,0,0,996,,,,,,,,,,,,,,,,,,,,,,,,,,,,,,0,0,0,1,0,0,0,0,0,0,0,0,0,0,0,0,0,0,1,0,0,0,0,0,0,1,1,1,0,1,0,0,0,0,0,,1,0,0,0,0,0,0,0,0,0,1,0,0,0,0,0,,,,,,81+,76+,City street,U,Friday,Belt Used,PV,White,1,0,0,0,City Street,Municipal/City Police,Auburn Police Department,0,0,0,1,0,,,,,,,,,,,,,,,,,,,,,,,,,,,,,,,,,,,,,,,,,,,
2017,295,E694387,55,07/21/2017,12:51,21,7,0,33,King,100,1,0,1,1,2,1,0,3,2,13:05,13:11,13:41,12,0,6,0,2,0,3,5,2,4,6,0,0,0,0,A ST SE,12TH ST SE,-122.2289389,47.29718889,0,2,83,67,4,40,34,0,0,1,2,12,1,1,2,1,1,2,2,53,0,20,481,2016,0,0,12,,,,,,1,1,35,2,0,0,2,0,3,0,11,5,,,,,0,0,0,3,1,0,0,0,0,0,,,,,,0,,,,,,98002,53,61,124,6,1,0,3,0,2,0,0,,,,,,0,03/15/2013,12/15/2015,8,0,0,0,8,9,8,,,0,0,0,8,0,0,0,0,0,0,0,0,0,0,996,,,,,,,,,,,,,,,,,,,,,,,,,,,,,,0,0,0,1,0,0,0,0,0,0,0,0,0,0,0,0,0,0,1,0,0,0,0,0,0,1,1,1,0,1,0,0,0,0,0,,0,0,0,0,0,0,0,0,0,0,0,0,0,0,0,0,,,,,,31-35,26-35,City street,U,Friday,Belt Used,PV,Not Fatal,1,0,0,0,City Street,Municipal/City Police,Auburn Police Department,0,0,0,1,0,,,,,,,,,,,,,,,,,,,,,,,,,,,,,,,,,,,,,,,,,,,