year,case,par,repjur,crash_dt,crash_tm,accday,accmon,holiday,county,co_char,city,weather,weather2,lightcond,surfcond,surftype,numfatal,nmforms,pforms,vforms,not_tm,arr_tm,hosp_tm,fhevent,hitrun,manncol,milepnt,reljunc,reljuncinter,intersectiontype,funcsystem,landuse,ownership,route,schlbus,spejur,contdev,devfunc,trafid1,trafid2,x,y,wk_zone,vnumber,crashtype,criticalevent,criticaleventcat,spdlim,body,trailer,emerg,hazcargo,leave,mhevent,roadalgn,roadprof,traflane,trafflow,vehmanvr,numoccs,regowner,regstate,spuse,make,model,modelyr,vrf1,vrf2,seqevent1,seqevent2,seqevent3,seqevent4,seqevent5,seqevent6,pnumber,ptype,age,sex,hispanic,race,injury,diedscene,restraint,restraintmisuse,seatpos,takehosp,death_dt,death_tm,cert,cernum_wa,commlic,licendor,licrestrict,liccomp,drivpres,drf1,drf2,drf3,drf4,distract1,distract2,distract3,distract4,distract5,distract6,dricond1,dricond2,dricond3,dricond4,dricond5,dricond6,dzip,licstate,drhgt_in,weight,noncdl,noncdltype,prevdwi,prevoth,prevacc,prevspd,prevsus,driviol1,driviol2,driviol3,driviol4,driviol5,driviol6,spdrel,first_dt,last_dt,airbag,ejection,ejectpath,extricat,injurwrk,methalc,methdrug,nmlocat,strikveh,prf1,prf2,prf3,druginv,alcinvol,drugsts,drugres1,drugres2,drugres3,drugtst1,drugtst2,drugtst3,alcsts,alctst,alcres,nmact1,nmact2,nmact3,nmact4,nmact5,nmact6,nmprior1,nmprior2,nmprior3,nmprior4,nmprior5,nmprior6,nmcond1,nmcond2,nmcond3,nmcond4,nmcond5,nmcond6,nmsafe_helmet,nmsafe_pads,nmsafe_oth,nmprev_ref,nmprev_lgt,nmprev_oth,crashlocation,nmcrashtype,crosswalk,schoolzone,sidewalk,train_inv,wildlife_inv,rotr_fars,intersect_fars,dd_inv,aid_inv,dpd_inv,id_inv,mj_inv,impnm_inv,ainm_inv,dpnm_inv,speed_inv,unlic_inv,unendmc_inv,drowsy_inv,drdist_inv,nmdist_inv,fty_inv,unrestfat_inv,dr1617_inv,dr1820_inv,dr1620_inv,dr2125_inv,dr1625_inv,dr65_inv,dr70_inv,dr75_inv,mc_inv,pv_inv,ht_inv,ped_inv,bike_inv,unrest_fat,mc_fat,unhelmet_mc,pv_fat,ht_fat,ped_fat,bike_fat,dr_alc7,dr_alc8,dr_drug,dr_imp,dr_dist,dr_spd,dr_fty,dr_unlic,dr_alc7only,dr_alc8only,dr_drugonly,dr_drink,nm_imp,nm_alc7,nm_alc8,nm_drug,nm_dist,agegrp1,agegrp2,roadclass,urbrur,dayweek,restuse,vehtype,race_me,intersect,lanedep,oppdir,wrongway,rep_typ,investag,repag_long,rotr,st_rd,cty_rd,city_rd,oth_rd,drug_thc,thc_res,drug_cthc,cthc_res,drug_cann,prevpersemin,prevperse,prevsusoth,drugtst4,drugtst5,drugtst6,drugtst7,drugtst8,drugres4,drugres5,drugres6,drugres7,drugres8,adspresent,adsengaged,adslevel,race1,race2,race3,race4,race5,helmet,helmetmisuse,nmdistract1,nmdistract2,nmdistract3,nmdistract4,nmdistract5,nmdistract6,lab,isedtcase,crf1,crf2,crf3,CoRoadName,CoMP,IntCoRoadName,IntCoMP
2017,261,E694418,40,07/14/2017,18:44,14,7,0,63,Spokane,0,1,0,1,1,4,1,0,1,1,18:48,19:08,,1,0,0,1.5,1,0,1,7,1,2,4,0,0,0,0,CR-S GRAHAM RD,,-117.67245,47.48518889,0,1,1,13,2,35,14,0,0,1,2,1,4,2,2,1,14,1,1,53,0,2,404,2000,0,0,63,1,,,,,1,1,49,2,7,1,4,7,20,0,11,0,07/14/2017,19:50,33053031401,31401,0,0,0,0,1,0,0,0,0,92,,,,,,99,,,,,,99021,53,66,135,0,0,0,0,1,0,0,0,,,,,,4,03/15/2017,03/15/2017,20,1,9,0,0,9,8,,,0,0,0,8,9,2,401,417,0,1,1,0,2,1,0.053,,,,,,,,,,,,,,,,,,,,,,,,,,,,,,0,0,1,0,1,0,1,1,0,0,0,0,1,1,0,0,1,0,0,1,0,0,0,0,0,0,0,0,0,1,0,0,0,1,0,,1,0,0,0,1,0,1,1,1,1,0,1,0,0,0,1,,,,,,46-50,46-55,County road,R,Friday,Not Used,PV,White,0,1,0,0,County Road,County Sheriff,Spokane County Sheriff's Office,1,0,1,0,0,,,,,,,,,,,,,,,,,,,,,,,,,,,,,,,,,,,,,,,,,,,
2017,262,E694798,39,07/23/2017,13:12,23,7,0,61,Snohomish,0,1,0,1,1,2,1,0,6,2,,,,12,0,6,0.6,8,0,1,5,2,2,4,0,0,0,0,CR-SPRINGHETTI RD,,-122.0989528,47.88074444,0,1,98,10,2,35,80,0,0,1,2,12,1,1,2,1,6,1,1,4,0,53,706,2014,0,0,68,12,,,,,1,1,33,1,7,1,4,7,5,0,11,0,07/23/2017,13:12,53032528,32528,0,0,0,3,1,35,38,0,0,96,,,,,,99,,,,,,98028,53,76,240,6,1,0,0,0,0,0,0,,,,,,4,,,20,8,0,0,0,9,8,,,0,0,0,8,9,2,605,0,0,1,0,0,2,1,0,,,,,,,,,,,,,,,,,,,,,,,,,,,,,,0,0,0,0,0,0,1,1,1,0,0,0,1,0,0,0,0,0,1,0,0,0,0,0,0,0,0,0,1,1,0,0,0,0,1,0,0,0,0,0,0,0,1,1,0,1,1,0,0,0,1,0,,,,,,31-35,26-35,County road,U,Sunday,,MC,White,0,0,0,0,County Road,County Sheriff,Snohomish County Sheriff's Office,0,0,1,0,0,thc,44,carboxy-thc,180,,,,,,,,,,,,,,,,,,,,,,,,,,,,,,,,,,,,,,,
2017,262,E694798,39,07/23/2017,13:12,23,7,0,61,Snohomish,0,1,0,1,1,2,1,0,6,2,,,,12,0,6,0.6,8,0,1,5,2,2,4,0,0,0,0,CR-SPRINGHETTI RD,,-122.0989528,47.88074444,0,2,98,60,4,35,20,0,0,1,5,12,1,1,2,1,11,5,2,53,0,49,442,1998,0,0,12,,,,,,1,1,44,2,0,0,1,0,3,0,11,8,,,,,0,0,0,3,1,0,0,0,0,0,,,,,,0,,,,,,98258,53,66,160,6,1,0,0,0,0,0,0,,,,,,0,,,20,0,0,0,8,9,8,,,0,0,0,8,0,0,0,0,0,0,0,0,0,0,996,,,,,,,,,,,,,,,,,,,,,,,,,,,,,,0,0,0,0,0,0,1,1,1,0,0,0,1,0,0,0,0,0,1,0,0,0,0,0,0,0,0,0,1,1,0,0,0,0,0,,0,0,0,0,0,0,0,0,0,0,0,0,0,0,0,0,,,,,,41-45,36-45,County road,U,Sunday,Belt Used,PV,Not Fatal,0,0,0,0,County Road,County Sheriff,Snohomish County Sheriff's Office,0,0,1,0,0,,,,,,,,,,,,,,,,,,,,,,,,,,,,,,,,,,,,,,,,,,,
2017,263,E695061,248,07/24/2017,8:30,24,7,0,33,King,1830,1,0,1,1,2,2,0,2,1,,,,1,0,0,0,3,0,3,7,2,4,6,0,0,0,0,ROYAL HILLS DR SE,HARRINGTON PL SE,-122.1811306,47.47008611,0,1,1,13,2,25,34,0,0,1,2,1,2,2,4,1,14,2,1,53,0,7,482,2014,0,0,63,1,,,,,1,1,20,1,7,18,4,7,99,0,11,0,07/24/2017,8:30,1.83E+11,32493,0,0,3,2,1,0,0,0,0,96,,,,,,99,,,,,,98055,53,68,135,1,1,1,1,0,1,2,0,,,,,,4,07/15/2015,03/15/2017,8,0,0,0,0,9,8,,,0,0,0,8,9,2,402,0,0,1,0,0,2,1,0.17,,,,,,,,,,,,,,,,,,,,,,,,,,,,,,0,0,1,1,1,1,1,1,0,0,0,0,1,1,0,0,0,0,0,0,0,1,1,0,1,0,0,0,0,0,0,0,0,0,0,,0,0,0,0,0,1,1,1,0,1,0,1,0,0,0,1,,,,,,18-20,16-25,City street,U,Monday,Unknown,PV,API,0,1,0,0,City Street,Municipal/City Police,Renton Police Department,1,0,0,1,0,,,,,,,,,,,,,,,,,,,,,,,,,,,,,,,,,,,,,,,,,,,
2017,265,E695441,40,07/26/2017,16:22,26,7,0,63,Spokane,0,1,0,1,1,2,1,0,1,1,16:30,16:48,,42,0,0,2.8,1,0,1,6,1,2,4,0,0,0,0,CR-N MUZZY RD,,-117.0990889,47.80086944,0,1,7,6,1,35,14,0,0,1,2,42,2,2,2,1,14,1,1,53,0,12,401,1995,0,0,68,64,42,,,,1,1,35,1,7,1,4,7,20,0,11,0,07/26/2017,16:54,53032817,32817,0,0,0,3,1,0,0,0,0,96,,,,,,99,,,,,,99208,53,70,165,6,1,0,0,0,0,0,0,,,,,,4,,,8,0,0,0,0,9,8,,,0,0,0,8,9,2,417,0,0,1,0,0,2,1,0,,,,,,,,,,,,,,,,,,,,,,,,,,,,,,0,0,0,0,0,0,1,1,0,0,0,0,1,0,0,0,0,0,0,1,0,0,0,0,0,0,0,0,0,1,0,0,0,1,0,,1,0,0,0,0,0,1,1,0,1,0,0,0,0,1,0,,,,,,31-35,26-35,County road,R,Wednesday,Not Used,PV,White,0,1,0,0,County Road,County Sheriff,Spokane County Sheriff's Office,1,0,1,0,0,,,,,,,,,,,,,,,,,,,,,,,,,,,,,,,,,,,,,,,,,,,
2017,259,E695733,2,07/15/2017,13:27,15,7,0,61,Snohomish,2030,1,0,1,1,2,1,0,3,2,13:24,13:31,,1,0,0,9.5,1,0,1,3,2,1,3,0,0,0,0,SR-9,,-122.1086833,47.91425278,0,2,98,62,4,55,6,0,0,1,2,12,1,2,2,1,1,2,1,53,0,49,47,2007,0,0,12,,,,,,1,1,48,1,0,0,2,0,3,0,11,4,,,,,0,0,0,3,1,0,0,0,0,0,,,,,,0,,,,,,98021,53,70,200,6,1,0,0,0,0,0,0,,,,,,0,,,8,0,0,0,8,9,8,,,0,0,0,8,0,0,0,0,0,0,0,0,0,0,996,,,,,,,,,,,,,,,,,,,,,,,,,,,,,,0,0,0,0,0,0,1,1,1,0,0,0,0,1,1,0,1,0,0,0,0,0,0,0,0,0,0,0,1,1,0,0,0,0,0,,0,0,0,0,0,0,0,0,0,0,0,0,0,0,0,0,,,,,,46-50,46-55,State route,U,Saturday,Belt Used,PV,Not Fatal,0,0,0,0,State Route,State Patrol,Washington State Patrol Headquarter,0,1,0,0,0,,,,,,,,,,,,,,,,,,,,,,,,,,,,,,,,,,,,,,,,,,,
2017,259,E695733,2,07/15/2017,13:27,15,7,0,61,Snohomish,2030,1,0,1,1,2,1,0,3,2,13:24,13:31,,1,0,0,9.5,1,0,1,3,2,1,3,0,0,0,0,SR-9,,-122.1086833,47.91425278,0,1,98,6,1,55,80,0,0,1,2,12,1,2,2,1,1,1,2,41,0,73,706,2005,0,0,68,1,12,,,,1,1,48,1,7,1,4,7,5,0,11,0,07/15/2017,13:38,2.03E+11,31329,0,0,0,0,1,26,28,0,0,92,,,,,,99,,,,,,98626,53,65,160,0,0,0,0,0,0,0,0,,,,,,0,,,20,8,0,0,0,9,8,,,0,0,0,8,9,2,605,0,0,1,0,0,2,1,0,,,,,,,,,,,,,,,,,,,,,,,,,,,,,,0,0,0,0,0,0,1,1,1,0,0,0,0,1,1,0,1,0,0,0,0,0,0,0,0,0,0,0,1,1,0,0,0,0,1,0,0,0,0,0,0,0,1,1,1,0,0,1,0,0,1,0,,,,,,46-50,46-55,State route,U,Saturday,,MC,White,0,0,0,0,State Route,State Patrol,Washington State Patrol Headquarter,0,1,0,0,0,thc,19,carboxy-thc,130,,,,,,,,,,,,,,,,,,,,,,,,,,,,,,,,,,,,,,,
2017,269,E695748,35,07/21/2017,20:28,21,7,0,53,Pierce,0,1,0,2,1,2,1,0,1,1,,,,42,0,0,8.5,1,0,1,5,1,2,4,0,0,0,0,CR-KEY PENINSULA HWY,,-122.7620972,47.23209444,0,1,6,12,2,45,4,0,0,1,2,30,2,1,2,1,14,1,2,53,0,20,37,2010,0,0,68,64,42,30,,,1,1,37,2,7,1,4,0,20,0,11,4,07/26/2017,9:25,2.23E+11,32588,0,0,3,2,1,0,0,0,0,96,,,,,,9,,,,,,98329,53,63,110,1,1,0,1,0,0,1,0,,,,,,3,04/15/2016,07/15/2016,20,0,0,0,0,9,1,,,0,0,0,1,0,2,417,0,0,1,0,0,2,1,0,,,,,,,,,,,,,,,,,,,,,,,,,,,,,,0,0,1,0,0,0,1,1,0,0,0,0,1,1,0,0,0,0,0,1,0,0,0,0,0,0,0,0,0,1,0,0,0,1,0,,1,0,0,0,0,0,1,1,0,1,0,1,0,0,1,0,,,,,,36-40,36-45,County road,R,Friday,Not Used,PV,White,0,1,0,0,County Road,County Sheriff,Law Enforcement Support Agency,1,0,1,0,0,,,,,,,,,,,,,,,,,,,,,,,,,,,,,,,,,,,,,,,,,,,
2017,267,E695839,35,07/26/2017,17:35,26,7,0,53,Pierce,0,1,0,1,1,2,1,0,2,2,,,,12,0,6,0.9,2,0,3,4,2,2,4,0,0,0,0,CR-GEM HEIGHTS,176RD ST CT E,-122.3048694,47.09855833,0,1,83,67,4,35,80,0,0,1,2,12,1,1,2,1,1,1,2,53,0,73,705,2002,0,0,12,,,,,,1,1,31,1,7,1,4,0,19,0,11,4,07/26/2017,18:18,1.77E+11,33182,0,0,0,2,1,0,0,0,0,96,,,,,,99,,,,,,98374,53,70,186,1,1,0,1,0,0,1,0,,,,,,3,01/15/2017,05/15/2017,20,8,0,0,0,9,8,,,0,0,0,8,9,2,401,417,0,1,1,0,2,1,0,,,,,,,,,,,,,,,,,,,,,,,,,,,,,,0,0,0,1,0,0,1,1,0,0,0,0,1,1,1,0,0,0,1,0,0,0,0,0,0,0,0,0,1,1,0,0,0,0,1,0,0,0,0,0,0,0,1,1,0,1,0,1,0,0,1,0,,,,,,31-35,26-35,County road,U,Wednesday,,MC,White,1,0,0,0,County Road,County Sheriff,Law Enforcement Support Agency,0,0,1,0,0,,,,,,,,,,,,,,,,,,,,,,,,,,,,,,,,,,,,,,,,,,,
2017,267,E695839,35,07/26/2017,17:35,26,7,0,53,Pierce,0,1,0,1,1,2,1,0,2,2,,,,12,0,6,0.9,2,0,3,4,2,2,4,0,0,20,3,CR-GEM HEIGHTS,176RD ST CT E,-122.3048694,47.09855833,0,2,82,15,2,35,6,0,0,1,2,12,1,1,2,1,11,1,2,53,0,7,27,2014,0,0,12,,,,,,1,1,31,2,0,0,0,0,3,0,11,0,,,,,0,0,0,3,1,38,0,0,0,96,,,,,,0,,,,,,98387,53,67,155,6,1,0,0,1,0,0,97,,,,,,0,10/15/2012,10/15/2012,20,0,0,0,8,9,8,,,0,0,0,8,0,0,0,0,0,0,0,0,0,0,996,,,,,,,,,,,,,,,,,,,,,,,,,,,,,,0,0,0,1,0,0,1,1,0,0,0,0,1,1,1,0,0,0,1,0,0,0,0,0,0,0,0,0,1,1,0,0,0,0,0,,0,0,0,0,0,0,0,0,0,0,1,0,0,0,0,0,,,,,,31-35,26-35,County road,U,Wednesday,Belt Used,PV,Not Fatal,1,0,0,0,County Road,County Sheriff,Law Enforcement Support Agency,0,0,1,0,0,,,,,,,,,,,,,,,,,,,,,,,,,,,,,,,,,,,,,,,,,,,
2017,296,E695985,7,07/25/2017,14:39,25,7,0,33,King,735,1,0,1,1,2,1,0,2,1,,,,42,0,0,0.2,5,1,1,1,2,1,1,0,0,0,0,I-5 RAMP R114234,,-122.3064083,47.29195556,0,1,6,12,2,98,14,0,0,1,2,42,2,2,1,6,14,2,1,53,0,2,404,2006,0,0,64,42,,,,,1,1,63,1,7,1,4,0,3,0,11,8,08/17/2017,1:10,2.34E+11,35911,0,0,3,3,1,0,0,0,0,12,,,,,,0,,,,,,98014,53,68,195,6,1,0,1,1,0,0,23,,,,,,4,12/15/2014,12/15/2014,1,0,0,0,0,9,8,,,0,0,0,8,0,0,0,0,0,0,0,0,0,0,996,,,,,,,,,,,,,,,,,,,,,,,,,,,,,,0,0,1,0,0,0,0,0,0,0,0,0,1,0,0,0,1,0,0,0,0,0,0,0,0,0,0,0,0,1,0,0,0,0,0,,1,0,0,0,0,0,0,0,1,1,0,0,0,0,0,0,,,,,,61-65,56-65,Interstate,U,Tuesday,Belt Used,PV,White,0,1,0,0,State Route,State Patrol,Washington State Patrol Headquarter,1,1,0,0,0,,,,,,,,,,,,,,,,,,,,,,,,,,,,,,,,,,,,,,,,,,,
2017,270,E696023,8,07/28/2017,7:30,28,7,0,9,Clallam,0,1,0,1,1,2,1,0,2,2,,,,12,0,6,54.6,2,0,2,5,1,1,3,0,0,0,0,SR-112,THOMPSON RD,-123.6669611,48.11908889,0,2,88,66,4,55,66,1,0,1,5,12,1,1,2,1,1,1,3,53,0,87,884,1990,0,0,12,,,,,,1,1,60,1,0,0,0,0,3,0,11,0,,,,,6,1,0,3,1,0,0,0,0,0,,,,,,0,,,,,,98362,53,69,180,6,1,0,0,0,0,0,0,,,,,,0,,,20,0,0,0,8,9,8,,,0,0,0,8,0,0,0,0,0,0,0,0,0,0,996,,,,,,,,,,,,,,,,,,,,,,,,,,,,,,0,0,0,1,0,0,0,0,0,0,0,0,0,0,0,0,0,0,1,0,0,0,0,0,0,0,0,0,0,1,1,0,0,0,0,,0,0,0,0,0,0,0,0,0,0,0,0,0,0,0,0,,,,,,56-60,56-65,State route,R,Friday,,MHTRUCK,Not Fatal,1,0,0,0,State Route,State Patrol,Washington State Patrol Headquarter,0,1,0,0,0,,,,,,,,,,,,,,,,,,,,,,,,,,,,,,,,,,,,,,,,,,,
2017,270,E696023,8,07/28/2017,7:30,28,7,0,9,Clallam,0,1,0,1,1,2,1,0,2,2,,,,12,0,6,54.6,2,0,2,5,1,1,3,0,0,20,3,SR-112,THOMPSON RD,-123.6669611,48.11908889,0,1,89,17,2,25,40,0,0,1,2,12,1,1,2,1,4,1,1,53,0,49,472,1997,0,0,12,,,,,,1,1,57,1,7,1,4,7,3,0,11,0,07/28/2017,8:05,53032893,32893,0,0,0,3,1,38,0,0,0,96,,,,,,99,,,,,,98363,53,71,160,6,1,0,0,0,0,0,0,,,,,,0,,,1,0,0,0,0,9,8,,,0,0,0,8,9,2,1,0,0,1,0,0,2,1,0,,,,,,,,,,,,,,,,,,,,,,,,,,,,,,0,0,0,1,0,0,0,0,0,0,0,0,0,0,0,0,0,0,1,0,0,0,0,0,0,0,0,0,0,1,1,0,0,0,0,,1,0,0,0,0,0,0,0,0,0,1,0,0,0,0,0,,,,,,56-60,56-65,State route,R,Friday,Belt Used,PV,White,1,0,0,0,State Route,State Patrol,Washington State Patrol Headquarter,0,1,0,0,0,,,,,,,,,,,,,,,,,,,,,,,,,,,,,,,,,,,,,,,,,,,
2017,271,E696171,7,07/28/2017,1:15,28,7,0,33,King,0,1,0,3,1,2,1,0,2,1,,,,38,0,0,11.3,1,0,1,3,2,1,3,0,0,0,0,SR-900,,-122.1107361,47.49726111,0,1,1,13,2,40,4,0,0,1,2,1,3,2,2,1,14,2,1,53,0,34,34,2006,0,0,63,38,1,2,,,1,1,55,1,7,1,4,7,3,0,11,0,07/28/2017,1:15,1.83E+11,35475,0,0,0,3,1,0,0,0,0,96,,,,,,9,,,,,,98027,53,76,250,6,1,0,2,0,1,0,0,,,,,,4,10/15/2016,01/15/2017,99,0,0,0,0,1,1,,,0,0,0,1,1,2,402,996,0,1,1,0,2,1,0.13,,,,,,,,,,,,,,,,,,,,,,,,,,,,,,0,0,1,0,1,1,1,1,0,0,0,0,1,0,0,0,0,0,0,0,0,0,0,0,0,0,0,0,0,1,0,0,0,0,0,,1,0,0,0,0,1,1,1,0,1,0,0,0,0,0,1,,,,,,51-55,46-55,State route,U,Friday,Belt Used,PV,White,0,1,0,0,State Route,State Patrol,Washington State Patrol Headquarter,1,1,0,0,0,,,,,,,,,,,,,,,,,,,,,,,,,,,,,,,,,,,,,,,,,,,
2017,256,E696354,7,07/17/2017,3:36,17,7,0,33,King,1050,1,0,3,1,2,1,0,2,1,,,,24,0,0,18.1,1,0,1,1,2,1,1,0,0,0,0,I-405,,-122.1846806,47.67779444,0,1,2,9,1,60,4,0,0,1,2,24,1,1,5,3,1,2,1,53,0,34,34,2004,0,0,63,24,,,,,1,1,18,1,0,0,0,0,99,0,11,0,,,,,0,0,0,3,1,0,0,0,0,96,,,,,,99,,,,,,98019,53,72,155,6,1,0,0,0,0,0,97,,,,,,0,,,20,0,0,0,8,9,8,,,0,0,0,8,9,0,0,0,0,0,0,0,0,0,996,,,,,,,,,,,,,,,,,,,,,,,,,,,,,,0,0,0,0,0,0,0,0,0,0,0,0,0,0,0,0,0,0,0,1,0,1,1,0,1,0,0,0,0,1,0,0,0,0,0,,0,0,0,0,0,0,0,0,0,0,0,0,0,0,0,0,,,,,,18-20,16-25,Interstate,U,Monday,Unknown,PV,Not Fatal,0,1,0,0,State Route,State Patrol,Washington State Patrol Headquarter,1,1,0,0,0,,,,,,,,,,,,,,,,,,,,,,,,,,,,,,,,,,,,,,,,,,,
2017,272,E696362,5,07/23/2017,20:25,23,7,0,41,Lewis,0,1,0,5,1,2,2,0,2,1,20:21,21:44,,42,0,0,81.4,1,0,1,3,1,1,2,0,0,0,0,US-12,,-122.5779333,46.51337778,0,1,1,13,2,55,14,0,0,1,2,3,3,2,2,1,14,2,1,53,0,32,401,2013,0,0,63,42,3,,,,1,1,44,1,7,1,4,7,99,0,11,0,07/23/2017,20:25,53032464,32464,0,0,0,3,1,0,0,0,0,96,,,,,,9,,,,,,98502,53,71,150,6,1,0,0,0,2,1,0,,,,,,4,09/15/2013,01/15/2016,99,0,0,0,0,1,1,,,0,0,0,1,1,2,128,177,605,1,1,1,2,1,0.026,,,,,,,,,,,,,,,,,,,,,,,,,,,,,,0,0,1,0,1,0,1,1,1,0,0,0,1,0,0,0,0,0,0,0,0,0,0,0,0,0,0,0,0,1,0,0,0,0,0,,1,0,0,0,1,0,1,1,0,1,0,0,0,0,0,1,,,,,,41-45,36-45,US highway,R,Sunday,Unknown,PV,White,0,1,0,0,State Route,State Patrol,Washington State Patrol Headquarter,1,1,0,0,0,thc,4.6,carboxy-thc,19,,,,,,,,,,,,,,,,,,,,,,,,,,,,,,,,,,,,,,,
2017,268,E696573,173,07/29/2017,12:30,29,7,0,53,Pierce,1124,1,0,1,1,2,1,0,2,2,,,,12,0,6,0,2,0,3,3,2,4,6,0,0,3,3,S TACOMA WAY,STELLACOOM BLVD SW,-122.4838167,47.17665,0,2,82,66,4,35,5,0,0,1,5,12,1,2,6,1,11,1,1,53,0,37,39,2007,0,0,12,,,,,,1,1,22,2,0,0,1,0,3,0,11,8,,,,,0,0,3,3,1,0,0,0,0,0,,,,,,0,,,,,,98409,53,62,190,6,1,0,0,0,0,0,0,,,,,,0,,,2,0,0,0,8,9,8,,,0,0,0,8,0,0,0,0,0,0,0,0,0,0,996,,,,,,,,,,,,,,,,,,,,,,,,,,,,,,0,0,0,1,0,0,1,1,1,0,0,0,1,1,1,0,0,0,0,0,0,0,0,1,1,0,0,0,1,1,0,0,0,0,0,,0,0,0,0,0,0,0,0,0,0,0,0,0,0,0,0,,,,,,21-25,16-25,City street,U,Saturday,Belt Used,PV,Not Fatal,1,0,0,0,City Street,Municipal/City Police,Lakewood Police Department,0,0,0,1,0,,,,,,,,,,,,,,,,,,,,,,,,,,,,,,,,,,,,,,,,,,,
2017,268,E696573,173,07/29/2017,12:30,29,7,0,53,Pierce,1124,1,0,1,1,2,1,0,2,2,,,,12,0,6,0,2,0,3,3,2,4,6,0,0,3,3,S TACOMA WAY,STELLACOOM BLVD SW,-122.4838167,47.17665,0,1,83,17,2,35,80,0,0,1,2,12,1,2,5,1,1,1,2,53,0,76,705,2002,0,0,12,,,,,,1,1,42,1,7,1,4,0,19,0,11,4,07/29/2017,13:31,1.12E+11,33302,0,0,0,2,1,37,0,0,0,96,,,,,,99,,,,,,98446,53,64,160,1,1,0,0,0,0,0,0,,,,,,3,,,20,8,0,0,0,9,8,,,0,0,0,8,9,2,401,417,605,1,1,1,2,1,0,,,,,,,,,,,,,,,,,,,,,,,,,,,,,,0,0,0,1,0,0,1,1,1,0,0,0,1,1,1,0,0,0,0,0,0,0,0,1,1,0,0,0,1,1,0,0,0,0,1,0,0,0,0,0,0,0,1,1,0,1,0,1,0,0,1,0,,,,,,41-45,36-45,City street,U,Saturday,,MC,White,1,0,0,0,City Street,Municipal/City Police,Lakewood Police Department,0,0,0,1,0,thc,11,carboxy-thc,20,,,,,,,,,,,,,,,,,,,,,,,,,,,,,,,,,,,,,,,
2017,281,E697117,278,07/31/2017,17:17,31,7,0,63,Spokane,2110,1,0,1,1,2,1,0,2,2,17:19,17:24,17:54,12,0,6,0,2,0,2,3,2,4,6,0,0,0,0,E LINCOLN RD,N DAKOTA ST,-117.4005778,47.72944722,0,1,98,17,2,30,80,0,0,1,5,12,1,1,4,1,6,1,2,53,0,53,705,2000,0,0,12,,,,,,1,1,32,1,7,1,4,0,19,0,11,4,07/31/2017,21:12,2.11E+11,33405,0,0,3,2,1,33,0,0,0,96,,,,,,99,,,,,,99208,53,71,185,1,1,0,2,0,1,3,0,,,,,,3,05/15/2013,07/15/2017,20,8,0,0,0,9,8,,,0,0,0,8,9,2,177,417,605,1,1,1,2,1,0,,,,,,,,,,,,,,,,,,,,,,,,,,,,,,0,0,0,1,0,0,1,1,1,0,0,0,1,1,1,0,0,0,0,0,0,0,0,0,0,0,0,0,1,1,0,0,0,0,1,0,0,0,0,0,0,0,1,1,0,1,0,1,0,0,1,0,,,,,,31-35,26-35,City street,U,Monday,,MC,White,1,0,0,0,City Street,Municipal/City Police,Spokane Police Department,0,0,0,1,0,thc,1.8,carboxy-thc,10,,,,,,,,,,,,,,,,,,,,,,,,,,,,,,,,,,,,,,,
2017,281,E697117,278,07/31/2017,17:17,31,7,0,63,Spokane,2110,1,0,1,1,2,1,0,2,2,17:19,17:24,17:54,12,0,6,0,2,0,2,3,2,4,6,0,0,0,0,E LINCOLN RD,N DAKOTA ST,-117.4005778,47.72944722,0,2,98,60,4,30,4,0,0,1,5,12,1,1,4,1,11,1,2,53,0,49,40,2016,0,0,12,,,,,,1,1,51,2,0,0,1,0,3,0,11,8,,,,,0,0,0,3,1,0,0,0,0,0,,,,,,0,,,,,,99208,53,65,160,6,1,0,0,1,0,0,0,,,,,,0,06/15/2013,06/15/2013,8,0,0,0,8,9,8,,,0,0,0,8,0,0,0,0,0,0,0,0,0,0,996,,,,,,,,,,,,,,,,,,,,,,,,,,,,,,0,0,0,1,0,0,1,1,1,0,0,0,1,1,1,0,0,0,0,0,0,0,0,0,0,0,0,0,1,1,0,0,0,0,0,,0,0,0,0,0,0,0,0,0,0,0,0,0,0,0,0,,,,,,51-55,46-55,City street,U,Monday,Belt Used,PV,Not Fatal,1,0,0,0,City Street,Municipal/City Police,Spokane Police Department,0,0,0,1,0,,,,,,,,,,,,,,,,,,,,,,,,,,,,,,,,,,,,,,,,,,,
2017,266,E697132,25,07/27/2017,19:13,27,7,0,33,King,0,1,0,1,1,2,1,0,1,1,,,,1,0,0,3.5,1,0,1,5,1,2,4,0,0,0,0,CR-244TH AVE SE,,-122.0162222,47.22753056,0,1,7,6,1,35,4,0,0,1,5,1,1,1,2,1,1,1,1,53,0,30,40,1994,0,0,68,64,1,,,,1,1,35,1,7,3,4,7,20,0,11,0,07/27/2017,19:13,67053032970,32970,0,0,0,3,1,0,0,0,0,96,,,,,,99,,,,,,98022,53,69,170,6,1,0,1,0,3,5,0,,,,,,3,01/15/2014,05/15/2017,20,1,9,0,0,9,8,,,0,0,0,8,1,2,417,0,0,1,0,0,2,1,0.34,,,,,,,,,,,,,,,,,,,,,,,,,,,,,,0,0,0,0,1,1,1,1,0,0,0,0,1,0,0,0,0,0,0,1,0,0,0,0,0,0,0,0,0,1,0,0,0,1,0,,1,0,0,0,0,1,1,1,0,1,0,0,0,0,0,1,,,,,,31-35,26-35,County road,R,Thursday,Not Used,PV,AIAN,0,1,0,0,County Road,County Sheriff,King County Police,1,0,1,0,0,,,,,,,,,,,,,,,,,,,,,,,,,,,,,,,,,,,,,,,,,,,