year,case,par,repjur,crash_dt,crash_tm,accday,accmon,holiday,county,co_char,city,weather,weather2,lightcond,surfcond,surftype,numfatal,nmforms,pforms,vforms,not_tm,arr_tm,hosp_tm,fhevent,hitrun,manncol,milepnt,reljunc,reljuncinter,intersectiontype,funcsystem,landuse,ownership,route,schlbus,spejur,contdev,devfunc,trafid1,trafid2,x,y,wk_zone,vnumber,crashtype,criticalevent,criticaleventcat,spdlim,body,trailer,emerg,hazcargo,leave,mhevent,roadalgn,roadprof,traflane,trafflow,vehmanvr,numoccs,regowner,regstate,spuse,make,model,modelyr,vrf1,vrf2,seqevent1,seqevent2,seqevent3,seqevent4,seqevent5,seqevent6,pnumber,ptype,age,sex,hispanic,race,injury,diedscene,restraint,restraintmisuse,seatpos,takehosp,death_dt,death_tm,cert,cernum_wa,commlic,licendor,licrestrict,liccomp,drivpres,drf1,drf2,drf3,drf4,distract1,distract2,distract3,distract4,distract5,distract6,dricond1,dricond2,dricond3,dricond4,dricond5,dricond6,dzip,licstate,drhgt_in,weight,noncdl,noncdltype,prevdwi,prevoth,prevacc,prevspd,prevsus,driviol1,driviol2,driviol3,driviol4,driviol5,driviol6,spdrel,first_dt,last_dt,airbag,ejection,ejectpath,extricat,injurwrk,methalc,methdrug,nmlocat,strikveh,prf1,prf2,prf3,druginv,alcinvol,drugsts,drugres1,drugres2,drugres3,drugtst1,drugtst2,drugtst3,alcsts,alctst,alcres,nmact1,nmact2,nmact3,nmact4,nmact5,nmact6,nmprior1,nmprior2,nmprior3,nmprior4,nmprior5,nmprior6,nmcond1,nmcond2,nmcond3,nmcond4,nmcond5,nmcond6,nmsafe_helmet,nmsafe_pads,nmsafe_oth,nmprev_ref,nmprev_lgt,nmprev_oth,crashlocation,nmcrashtype,crosswalk,schoolzone,sidewalk,train_inv,wildlife_inv,rotr_fars,intersect_fars,dd_inv,aid_inv,dpd_inv,id_inv,mj_inv,impnm_inv,ainm_inv,dpnm_inv,speed_inv,unlic_inv,unendmc_inv,drowsy_inv,drdist_inv,nmdist_inv,fty_inv,unrestfat_inv,dr1617_inv,dr1820_inv,dr1620_inv,dr2125_inv,dr1625_inv,dr65_inv,dr70_inv,dr75_inv,mc_inv,pv_inv,ht_inv,ped_inv,bike_inv,unrest_fat,mc_fat,unhelmet_mc,pv_fat,ht_fat,ped_fat,bike_fat,dr_alc7,dr_alc8,dr_drug,dr_imp,dr_dist,dr_spd,dr_fty,dr_unlic,dr_alc7only,dr_alc8only,dr_drugonly,dr_drink,nm_imp,nm_alc7,nm_alc8,nm_drug,nm_dist,agegrp1,agegrp2,roadclass,urbrur,dayweek,restuse,vehtype,race_me,intersect,lanedep,oppdir,wrongway,rep_typ,investag,repag_long,rotr,st_rd,cty_rd,city_rd,oth_rd,drug_thc,thc_res,drug_cthc,cthc_res,drug_cann,prevpersemin,prevperse,prevsusoth,drugtst4,drugtst5,drugtst6,drugtst7,drugtst8,drugres4,drugres5,drugres6,drugres7,drugres8,adspresent,adsengaged,adslevel,race1,race2,race3,race4,race5,helmet,helmetmisuse,nmdistract1,nmdistract2,nmdistract3,nmdistract4,nmdistract5,nmdistract6,lab,isedtcase,crf1,crf2,crf3,CoRoadName,CoMP,IntCoRoadName,IntCoMP
2017,274,E697493,39,07/26/2017,4:05,26,7,0,61,Snohomish,0,1,0,3,1,2,3,0,4,2,,,,14,0,0,0.3,1,0,1,4,2,2,4,0,0,0,0,CR-ALDERDALE MALL PKWY,,-122.2711083,47.84503611,0,1,11,13,2,40,14,0,0,1,2,14,1,2,6,5,1,4,2,53,0,63,402,2006,0,0,63,14,,,,,1,1,16,1,7,1,4,7,3,0,11,0,07/26/2017,4:05,1.22E+11,34717,0,0,0,3,1,0,0,0,0,96,,,,,,99,,,,,,98208,53,73,165,6,2,0,0,0,0,0,0,,,,,,0,,,20,0,0,0,0,9,8,,,0,0,0,8,9,2,605,0,0,1,0,0,2,1,0,,,,,,,,,,,,,,,,,,,,,,,,,,,,,,0,0,0,0,0,0,1,1,1,0,0,0,0,0,0,0,0,0,0,0,1,0,1,0,1,0,0,0,0,1,1,0,0,0,0,,1,0,0,0,0,0,1,1,0,0,0,0,0,0,1,0,,,,,,16-17,16-25,County road,U,Wednesday,Belt Used,PV,White,0,1,0,0,County Road,County Sheriff,Snohomish County Sheriff's Office,1,0,1,0,0,thc,6.8,carboxy-thc,29,,,,,,,,,,,,,,,,,,,,,,,,,,,,,,,,,,,,,,,
2017,348,E697573,180,08/02/2017,8:54,2,8,0,15,Cowlitz,1190,1,0,1,1,1,1,1,1,1,,,,15,0,0,0.8,3,0,3,4,2,1,3,0,0,2,3,SR-411,HUDSON ST,-122.9228056,46.13477222,0,1,13,83,5,35,4,0,0,1,5,15,1,1,3,1,11,1,2,53,0,49,32,1993,0,0,15,,,,,,1,1,18,1,0,0,0,0,3,0,11,0,,,,,0,0,0,3,1,38,0,0,0,1,,,,,,0,,,,,,98635,53,67,130,6,1,0,0,0,0,0,76,,,,,,0,,,20,0,0,0,8,9,8,,,0,0,0,8,0,0,0,0,0,0,0,0,0,0,996,,,,,,,,,,,,,,,,,,,,,,,,,,,,,,0,0,0,1,0,0,0,0,0,0,0,0,0,0,0,0,1,0,1,0,0,1,1,0,1,0,0,0,0,1,0,1,0,0,0,,0,0,0,0,0,0,0,0,1,0,1,0,0,0,0,0,,,,,,18-20,16-25,State route,U,Wednesday,Belt Used,PV,Not Fatal,1,0,0,0,State Route,Municipal/City Police,Longview Police Department,0,1,0,0,0,,,,,,,,,,,,,,,,,,,,,,,,,,,,,,,,,,,,,,,,,,,
2017,291,E697630,6,08/01/2017,16:22,1,8,0,37,Kittitas,0,1,0,1,1,1,1,0,3,2,,,,12,0,8,13.5,1,0,1,1,1,1,1,0,0,0,0,I-82,,-120.3924278,46.85513333,0,1,66,60,4,70,4,0,0,1,2,1,1,2,2,3,6,1,2,53,0,35,47,1995,0,0,64,69,12,1,,,1,1,24,1,7,1,4,7,20,0,11,0,08/01/2017,17:37,53034325,34325,0,0,0,3,1,33,0,0,0,96,,,,,,9,,,,,,98901,53,65,200,6,1,0,1,0,0,1,0,,,,,,0,02/15/2013,06/15/2013,20,1,9,0,0,1,8,,,0,0,0,8,1,2,401,417,0,1,1,0,2,1,0.15,,,,,,,,,,,,,,,,,,,,,,,,,,,,,,0,0,0,0,1,1,1,1,0,0,0,0,0,0,0,0,0,0,0,1,0,0,0,1,1,0,0,0,0,1,0,0,0,1,0,,1,0,0,0,0,1,1,1,0,0,0,0,0,0,0,1,,,,,,21-25,16-25,Interstate,R,Tuesday,Not Used,PV,White,0,0,0,0,State Route,State Patrol,Washington State Patrol Headquarter,0,1,0,0,0,,,,,,,,,,,,,,,,,,,,,,,,,,,,,,,,,,,,,,,,,,,
2017,291,E697630,6,08/01/2017,16:22,1,8,0,37,Kittitas,0,1,0,1,1,1,1,0,3,2,,,,12,0,8,13.5,1,0,1,1,1,1,1,0,0,0,0,I-82,,-120.3924278,46.85513333,0,2,66,98,7,70,34,1,0,1,2,12,1,2,2,3,1,2,1,53,0,7,482,2005,0,0,12,,,,,,1,1,45,2,0,0,0,0,3,0,11,0,,,,,0,0,3,3,1,0,0,0,0,0,,,,,,0,,,,,,98903,53,70,200,6,1,0,0,0,0,0,0,,,,,,0,,,20,0,0,0,8,9,8,,,0,0,0,8,0,0,0,0,0,0,0,0,0,0,996,,,,,,,,,,,,,,,,,,,,,,,,,,,,,,0,0,0,0,1,1,1,1,0,0,0,0,0,0,0,0,0,0,0,1,0,0,0,1,1,0,0,0,0,1,0,0,0,0,0,,0,0,0,0,0,0,0,0,0,0,0,0,0,0,0,0,,,,,,41-45,36-45,Interstate,R,Tuesday,Belt Used,PV,Not Fatal,0,0,0,0,State Route,State Patrol,Washington State Patrol Headquarter,0,1,0,0,0,,,,,,,,,,,,,,,,,,,,,,,,,,,,,,,,,,,,,,,,,,,
2017,273,E697690,6,07/29/2017,0:41,29,7,0,47,Okanogan,0,1,0,2,1,2,1,0,2,1,,,,24,0,0,46.9,1,0,1,4,1,1,3,0,3,0,0,SR-155,,-119.0245083,48.21256111,0,1,7,13,2,60,34,0,0,1,2,2,1,2,2,1,1,2,1,53,0,7,482,1998,0,0,63,69,68,64,24,2,1,1,39,1,7,3,4,7,20,0,11,0,07/29/2017,0:41,53033031,33031,0,0,0,3,1,58,0,0,0,9,,,,,,99,,,,,,98683,53,75,220,6,1,0,0,0,0,0,0,,,,,,0,,,99,1,9,0,0,9,8,,,0,0,0,8,9,0,0,0,0,0,0,0,0,0,996,,,,,,,,,,,,,,,,,,,,,,,,,,,,,,0,0,0,0,0,0,0,0,0,0,0,0,0,0,0,0,1,0,0,0,0,0,0,0,0,0,0,0,0,0,0,0,0,1,0,,0,0,0,0,0,0,0,0,1,0,0,0,0,0,0,0,,,,,,36-40,36-45,State route,R,Saturday,Not Used,PV,AIAN,0,1,0,0,State Route,State Patrol,Washington State Patrol Headquarter,1,1,0,0,0,,,,,,,,,,,,,,,,,,,,,,,,,,,,,,,,,,,,,,,,,,,
2017,275,E697697,5,07/25/2017,15:17,25,7,0,11,Clark,2370,1,0,1,1,2,1,0,5,4,,,,12,0,7,3.5,1,0,1,1,2,1,1,0,0,0,0,I-205,,-122.5720417,45.65851111,0,1,47,10,2,60,80,0,0,1,2,12,1,1,3,3,6,1,1,41,0,72,706,1993,0,0,12,12,,,,,1,1,60,1,7,1,4,7,5,0,11,0,07/25/2017,15:17,2.37E+11,33515,0,0,0,3,1,35,0,0,0,96,,,,,,99,,,,,,97303,41,67,200,6,1,0,0,0,1,0,0,,,,,,4,05/15/2016,05/15/2016,20,8,0,0,0,9,8,,,0,0,0,8,9,2,401,417,0,1,1,0,2,1,0,,,,,,,,,,,,,,,,,,,,,,,,,,,,,,0,0,0,0,0,0,1,1,0,0,0,0,1,0,0,0,0,0,0,0,0,0,0,1,1,1,0,0,1,1,0,0,0,0,1,0,0,0,0,0,0,0,1,1,0,1,0,0,0,0,1,0,,,,,,56-60,56-65,Interstate,U,Tuesday,,MC,White,0,0,0,0,State Route,State Patrol,Washington State Patrol Headquarter,0,1,0,0,0,,,,,,,,,,,,,,,,,,,,,,,,,,,,,,,,,,,,,,,,,,,
2017,275,E697697,5,07/25/2017,15:17,25,7,0,11,Clark,2370,1,0,1,1,2,1,0,5,4,,,,12,0,7,3.5,1,0,1,1,2,1,1,0,0,0,0,I-205,,-122.5720417,45.65851111,0,4,98,98,7,60,4,0,0,1,5,12,1,1,3,3,5,1,1,53,0,13,1,2007,0,0,12,,,,,,1,1,67,1,0,0,0,0,3,0,11,0,,,,,0,0,0,3,1,0,0,0,0,0,,,,,,0,,,,,,98604,53,67,160,6,1,0,0,0,1,0,0,,,,,,0,03/15/2014,03/15/2014,20,0,0,0,8,9,8,,,0,0,0,8,8,0,0,0,0,0,0,0,0,0,996,,,,,,,,,,,,,,,,,,,,,,,,,,,,,,0,0,0,0,0,0,1,1,0,0,0,0,1,0,0,0,0,0,0,0,0,0,0,1,1,1,0,0,1,1,0,0,0,0,0,,0,0,0,0,0,0,0,0,0,0,0,0,0,0,0,0,,,,,,66-70,66-75,Interstate,U,Tuesday,Belt Used,PV,Not Fatal,0,0,0,0,State Route,State Patrol,Washington State Patrol Headquarter,0,1,0,0,0,,,,,,,,,,,,,,,,,,,,,,,,,,,,,,,,,,,,,,,,,,,
2017,275,E697697,5,07/25/2017,15:17,25,7,0,11,Clark,2370,1,0,1,1,2,1,0,5,4,,,,12,0,7,3.5,1,0,1,1,2,1,1,0,0,0,0,I-205,,-122.5720417,45.65851111,0,3,98,60,4,60,14,0,0,1,2,12,1,1,3,3,5,2,1,53,0,2,405,2007,0,0,12,12,12,,,,1,1,66,1,0,0,1,0,3,0,11,0,,,,,0,0,0,3,1,0,0,0,0,0,,,,,,0,,,,,,98620,53,69,160,6,1,0,0,0,0,0,0,,,,,,0,,,20,0,0,0,8,9,8,,,0,0,0,8,0,0,0,0,0,0,0,0,0,0,996,,,,,,,,,,,,,,,,,,,,,,,,,,,,,,0,0,0,0,0,0,1,1,0,0,0,0,1,0,0,0,0,0,0,0,0,0,0,1,1,1,0,0,1,1,0,0,0,0,0,,0,0,0,0,0,0,0,0,0,0,0,0,0,0,0,0,,,,,,66-70,66-75,Interstate,U,Tuesday,Belt Used,PV,Not Fatal,0,0,0,0,State Route,State Patrol,Washington State Patrol Headquarter,0,1,0,0,0,,,,,,,,,,,,,,,,,,,,,,,,,,,,,,,,,,,,,,,,,,,
2017,275,E697697,5,07/25/2017,15:17,25,7,0,11,Clark,2370,1,0,1,1,2,1,0,5,4,,,,12,0,7,3.5,1,0,1,1,2,1,1,0,0,0,0,I-205,,-122.5720417,45.65851111,0,2,45,60,4,60,34,0,0,1,2,12,1,1,3,3,1,1,2,53,0,7,482,2004,0,0,12,12,,,,,1,1,23,1,0,0,0,0,3,0,11,0,,,,,0,0,3,3,1,0,0,0,0,0,,,,,,0,,,,,,98685,53,69,120,6,1,0,0,0,0,0,0,,,,,,0,,,20,0,0,0,8,9,8,,,0,0,0,8,0,0,0,0,0,0,0,0,0,0,996,,,,,,,,,,,,,,,,,,,,,,,,,,,,,,0,0,0,0,0,0,1,1,0,0,0,0,1,0,0,0,0,0,0,0,0,0,0,1,1,1,0,0,1,1,0,0,0,0,0,,0,0,0,0,0,0,0,0,0,0,0,0,0,0,0,0,,,,,,21-25,16-25,Interstate,U,Tuesday,Belt Used,PV,Not Fatal,0,0,0,0,State Route,State Patrol,Washington State Patrol Headquarter,0,1,0,0,0,,,,,,,,,,,,,,,,,,,,,,,,,,,,,,,,,,,,,,,,,,,
2017,292,E697700,5,08/01/2017,9:28,1,8,0,11,Clark,0,1,0,1,1,2,1,0,5,4,9:25,9:28,10:25,12,0,8,10.9,1,0,1,4,1,1,3,0,0,0,0,SR-500,,-122.4898556,45.672,0,1,64,10,2,50,15,0,0,1,2,12,3,1,2,1,14,1,2,53,0,19,421,2004,0,0,68,12,12,,,,1,1,53,2,0,0,3,0,3,0,11,4,,,,,0,0,0,3,1,28,0,0,0,96,,,,,,9,,,,,,98607,53,67,130,6,1,0,0,0,1,0,97,,,,,,0,11/15/2015,11/15/2015,1,0,0,0,8,9,2,,,0,0,0,1,0,2,189,300,996,1,1,1,2,1,0,,,,,,,,,,,,,,,,,,,,,,,,,,,,,,0,0,0,0,0,0,1,1,0,0,0,0,0,0,0,0,0,0,0,0,0,0,0,0,0,1,0,0,0,1,0,0,0,0,0,,0,0,0,0,0,0,1,1,0,0,0,0,0,0,1,0,,,,,,51-55,46-55,State route,R,Tuesday,Belt Used,PV,Not Fatal,0,1,1,0,State Route,State Patrol,Washington State Patrol Headquarter,0,1,0,0,0,,,,,,,,,,,,,,,,,,,,,,,,,,,,,,,,,,,,,,,,,,,
2017,292,E697700,5,08/01/2017,9:28,1,8,0,11,Clark,0,1,0,1,1,2,1,0,5,4,9:25,9:28,10:25,12,0,8,10.9,1,0,1,4,1,1,3,0,0,0,0,SR-500,,-122.4898556,45.672,0,3,98,62,4,50,6,0,0,1,2,12,2,1,2,1,14,1,1,53,0,22,32,2005,0,0,63,12,,,,,1,1,68,2,7,1,4,0,3,0,11,4,08/01/2017,10:17,2.37E+11,33488,0,0,0,3,1,0,0,0,0,0,,,,,,0,,,,,,98662,53,62,135,6,1,0,0,0,0,0,0,,,,,,0,,,8,0,0,0,0,9,8,,,0,0,0,8,0,2,996,996,996,1,1,1,2,1,0,,,,,,,,,,,,,,,,,,,,,,,,,,,,,,0,0,0,0,0,0,1,1,0,0,0,0,0,0,0,0,0,0,0,0,0,0,0,0,0,1,0,0,0,1,0,0,0,0,0,,1,0,0,0,0,0,1,1,0,0,0,0,0,0,1,0,,,,,,66-70,66-75,State route,R,Tuesday,Belt Used,PV,White,0,1,1,0,State Route,State Patrol,Washington State Patrol Headquarter,0,1,0,0,0,,,,,,,,,,,,,,,,,,,,,,,,,,,,,,,,,,,,,,,,,,,
2017,292,E697700,5,08/01/2017,9:28,1,8,0,11,Clark,0,1,0,1,1,2,1,0,5,4,9:25,9:28,10:25,12,0,8,10.9,1,0,1,4,1,1,3,0,0,0,0,SR-500,,-122.4898556,45.672,0,2,65,62,4,50,34,0,0,1,2,12,2,1,2,1,14,2,2,53,0,12,481,2004,0,0,12,63,69,68,12,,1,1,38,2,0,0,1,0,3,0,11,0,,,,,0,0,0,3,1,0,0,0,0,0,,,,,,0,,,,,,98663,53,65,150,6,1,0,0,1,0,0,0,,,,,,0,07/15/2016,07/15/2016,1,0,0,0,8,9,8,,,0,0,0,8,8,0,0,0,0,0,0,0,0,0,996,,,,,,,,,,,,,,,,,,,,,,,,,,,,,,0,0,0,0,0,0,1,1,0,0,0,0,0,0,0,0,0,0,0,0,0,0,0,0,0,1,0,0,0,1,0,0,0,0,0,,0,0,0,0,0,0,0,0,0,0,0,0,0,0,0,0,,,,,,36-40,36-45,State route,R,Tuesday,Belt Used,PV,Not Fatal,0,1,1,0,State Route,State Patrol,Washington State Patrol Headquarter,0,1,0,0,0,,,,,,,,,,,,,,,,,,,,,,,,,,,,,,,,,,,,,,,,,,,
2017,292,E697700,5,08/01/2017,9:28,1,8,0,11,Clark,0,1,0,1,1,2,1,0,5,4,9:25,9:28,10:25,12,0,8,10.9,1,0,1,4,1,1,3,0,0,0,0,SR-500,,-122.4898556,45.672,0,4,98,62,4,50,4,0,0,1,2,12,3,1,2,1,14,1,1,53,0,30,40,2011,0,0,12,,,,,,1,1,44,1,0,0,1,0,3,0,11,4,,,,,0,0,0,3,1,0,0,0,0,0,,,,,,0,,,,,,98671,53,73,220,6,1,0,0,0,0,0,0,,,,,,0,,,1,0,0,0,8,9,8,,,0,0,0,8,0,0,0,0,0,0,0,0,0,0,996,,,,,,,,,,,,,,,,,,,,,,,,,,,,,,0,0,0,0,0,0,1,1,0,0,0,0,0,0,0,0,0,0,0,0,0,0,0,0,0,1,0,0,0,1,0,0,0,0,0,,0,0,0,0,0,0,0,0,0,0,0,0,0,0,0,0,,,,,,41-45,36-45,State route,R,Tuesday,Belt Used,PV,Not Fatal,0,1,1,0,State Route,State Patrol,Washington State Patrol Headquarter,0,1,0,0,0,,,,,,,,,,,,,,,,,,,,,,,,,,,,,,,,,,,,,,,,,,,
2017,293,E697740,2,08/02/2017,18:16,2,8,0,73,Whatcom,0,1,0,1,1,1,1,0,1,1,,,,38,0,0,0.7,1,0,1,7,1,2,4,0,0,0,0,CR-NOON RD,,-122.3989139,48.81286389,0,1,2,6,1,35,34,0,0,1,2,1,1,1,2,1,1,1,2,53,0,23,481,1999,0,0,68,68,63,38,1,,1,1,30,1,7,1,4,7,20,0,11,0,08/02/2017,18:22,53034392,34392,0,0,0,3,1,58,0,0,0,96,,,,,,99,,,,,,98230,53,69,170,6,1,0,0,0,0,1,0,,,,,,4,06/15/2013,06/15/2013,20,1,9,0,0,9,1,,,0,0,0,1,0,2,605,0,0,1,0,0,2,1,0,,,,,,,,,,,,,,,,,,,,,,,,,,,,,,0,0,0,0,0,0,1,1,1,0,0,0,1,0,0,0,0,0,0,0,0,0,0,0,0,0,0,0,0,0,0,0,0,1,0,,0,0,0,0,0,0,1,1,0,1,0,0,0,0,1,0,,,,,,26-30,26-35,County road,R,Wednesday,Not Used,PV,White,0,1,0,0,County Road,State Patrol,Washington State Patrol Headquarter,1,0,1,0,0,thc,5,carboxy-thc,10,,,,,,,,,,,,,,,,,,,,,,,,,,,,,,,,,,,,,,,
2017,276,E697769,82,07/27/2017,20:26,27,7,0,41,Lewis,300,1,0,1,1,2,1,1,1,1,,,,8,0,0,0,3,0,2,3,2,4,6,0,0,0,0,W MAIN ST,IRON ST,-122.9575667,46.71689722,0,1,13,80,5,25,6,0,0,1,5,8,1,1,2,1,1,1,1,53,0,35,43,1984,0,0,8,,,,,,1,1,69,1,0,0,0,0,3,0,11,0,,,,,0,0,0,3,1,0,0,0,0,1,,,,,,0,,,,,,98531,53,69,160,6,1,0,1,0,0,0,0,,,,,,0,04/15/2014,04/15/2014,20,0,0,0,8,9,8,,,0,0,0,8,0,0,0,0,0,0,0,0,0,0,996,,,,,,,,,,,,,,,,,,,,,,,,,,,,,,0,0,0,1,0,0,0,0,0,0,0,0,0,0,0,0,1,0,0,0,0,0,0,0,0,1,0,0,0,1,0,1,0,0,0,,0,0,0,0,0,0,0,0,1,0,0,0,0,0,0,0,,,,,,66-70,66-75,City street,U,Thursday,Belt Used,PV,Not Fatal,1,0,0,0,City Street,Municipal/City Police,Centralia Police Department,0,0,0,1,0,,,,,,,,,,,,,,,,,,,,,,,,,,,,,,,,,,,,,,,,,,,
2017,278,E697816,2,07/31/2017,15:38,31,7,0,73,Whatcom,110,1,0,1,1,1,1,0,1,1,,,,1,0,0,250.5,1,0,1,1,2,1,1,0,0,0,0,I-5,,-122.4747222,48.71324722,0,1,98,12,2,60,40,0,0,1,2,1,2,1,2,3,14,1,1,53,0,49,472,1996,0,0,64,69,1,,,,1,1,42,1,7,1,4,0,99,0,11,1,08/03/2017,1:45,1.96E+11,34680,0,0,3,3,1,0,0,0,0,0,,,,,,1,,,,,,98273,53,72,250,6,1,0,0,0,0,0,0,,,,,,0,,,1,0,0,0,0,9,8,,,0,0,0,8,0,2,1,0,0,1,0,0,2,1,0,,,,,,,,,,,,,,,,,,,,,,,,,,,,,,0,0,0,0,0,0,0,0,0,0,0,0,0,0,0,0,0,0,0,0,0,0,0,0,0,0,0,0,0,1,0,0,0,0,0,,1,0,0,0,0,0,0,0,0,0,0,0,0,0,0,0,,,,,,41-45,36-45,Interstate,U,Monday,Unknown,PV,White,0,0,0,0,State Route,State Patrol,Washington State Patrol Headquarter,0,1,0,0,0,,,,,,,,,,,,,,,,,,,,,,,,,,,,,,,,,,,,,,,,,,,
2017,280,E697830,14,07/30/2017,19:59,30,7,0,11,Clark,240,1,0,1,1,2,1,0,2,2,,,,12,0,6,0,2,0,2,4,2,4,6,0,0,20,3,NW BRADY RD,NW 16TH AVE,-122.4527167,45.59065278,0,2,89,66,4,35,4,0,0,1,2,12,1,1,2,1,3,1,2,53,0,63,34,2009,0,0,12,,,,,,1,1,18,2,0,0,1,0,3,0,11,0,,,,,0,0,3,3,1,0,0,0,0,0,,,,,,0,,,,,,98607,53,70,140,6,1,0,0,0,0,0,0,,,,,,0,,,20,0,0,0,8,9,8,,,0,0,0,8,0,0,0,0,0,0,0,0,0,0,996,,,,,,,,,,,,,,,,,,,,,,,,,,,,,,0,0,0,1,0,0,0,0,0,0,0,0,1,0,0,0,0,0,0,0,0,1,1,0,1,0,0,0,1,1,0,0,0,0,0,,0,0,0,0,0,0,0,0,0,0,0,0,0,0,0,0,,,,,,18-20,16-25,City street,U,Sunday,Belt Used,PV,Not Fatal,1,0,0,0,City Street,Municipal/City Police,Camas Police Department,0,0,0,1,0,,,,,,,,,,,,,,,,,,,,,,,,,,,,,,,,,,,,,,,,,,,
2017,280,E697830,14,07/30/2017,19:59,30,7,0,11,Clark,240,1,0,1,1,2,1,0,2,2,,,,12,0,6,0,2,0,2,4,2,4,6,0,0,20,3,NW BRADY RD,NW 16TH AVE,-122.4527167,45.59065278,0,1,88,17,2,35,80,0,0,1,2,12,1,1,2,1,1,1,1,53,0,73,705,2008,0,0,12,,,,,,1,1,28,1,7,99,4,0,19,0,11,5,07/31/2017,2:15,24053033426,33426,0,0,0,3,1,39,0,0,0,96,,,,,,99,,,,,,98664,53,71,180,6,1,0,1,2,1,2,0,,,,,,4,08/15/2012,07/15/2016,20,8,0,0,0,9,8,,,0,0,0,8,9,0,0,0,0,0,0,0,0,0,996,,,,,,,,,,,,,,,,,,,,,,,,,,,,,,0,0,0,1,0,0,0,0,0,0,0,0,1,0,0,0,0,0,0,0,0,1,1,0,1,0,0,0,1,1,0,0,0,0,1,0,0,0,0,0,0,0,0,0,0,1,0,0,0,0,0,0,,,,,,26-30,26-35,City street,U,Sunday,,MC,Oth/Unk,1,0,0,0,City Street,Municipal/City Police,Camas Police Department,0,0,0,1,0,,,,,,,,,,,,,,,,,,,,,,,,,,,,,,,,,,,,,,,,,,,
2017,277,E698122,19,07/30/2017,19:25,30,7,0,21,Franklin,0,1,0,1,1,1,1,0,2,2,,,,12,0,1,0.1,1,0,1,7,1,2,4,0,0,0,0,CR-MCCLENNY RD,,-118.7829917,46.37083611,0,1,20,50,3,50,20,0,0,1,5,12,2,1,2,1,14,1,1,53,0,6,441,2001,0,0,12,,,,,,1,1,30,1,0,0,1,0,3,0,11,8,,,,,0,0,0,0,1,0,0,0,0,93,,,,,,0,,,,,,99301,53,,999,0,0,99,99,99,99,99,72,,,,,,0,,,1,0,0,0,8,9,8,,,0,0,0,8,0,0,0,0,0,0,0,0,0,0,996,,,,,,,,,,,,,,,,,,,,,,,,,,,,,,0,0,0,0,0,0,1,1,0,0,0,0,0,1,0,0,1,0,0,0,0,0,0,0,0,1,1,0,0,1,0,0,0,0,0,,0,0,0,0,0,0,0,0,1,0,0,1,0,0,0,0,,,,,,26-30,26-35,County road,R,Sunday,Belt Used,PV,Not Fatal,0,0,0,0,County Road,County Sheriff,Franklin County Sheriff's Office,0,0,1,0,0,,,,,,,,,,,,,,,,,,,,,,,,,,,,,,,,,,,,,,,,,,,
2017,277,E698122,19,07/30/2017,19:25,30,7,0,21,Franklin,0,1,0,1,1,1,1,0,2,2,,,,12,0,1,0.1,1,0,1,7,1,2,4,0,0,0,0,CR-MCCLENNY RD,,-118.7829917,46.37083611,0,2,21,53,3,50,90,0,0,1,5,12,2,1,2,1,5,1,0,53,0,76,734,2016,0,0,12,,,,,,1,1,74,1,7,1,4,7,17,0,11,0,07/30/2017,19:25,53033527,33527,0,0,0,1,1,0,0,0,0,92,,,,,,99,,,,,,99301,53,71,265,6,1,0,0,0,0,0,0,,,,,,0,,,20,0,0,0,0,9,8,,,0,0,0,8,9,2,996,996,0,1,1,0,2,1,0,,,,,,,,,,,,,,,,,,,,,,,,,,,,,,0,0,0,0,0,0,1,1,0,0,0,0,0,1,0,0,1,0,0,0,0,0,0,0,0,1,1,0,0,1,0,0,0,0,0,,0,0,0,0,0,0,1,1,1,0,0,0,0,0,1,0,,,,,,71-75,66-75,County road,R,Sunday,,OTHVT,White,0,0,0,0,County Road,County Sheriff,Franklin County Sheriff's Office,0,0,1,0,0,,,,,,,,,,,,,,,,,,,,,,,,,,,,,,,,,,,,,,,,,,,
2017,310,E698484,278,08/04/2017,21:07,4,8,0,63,Spokane,2110,1,0,3,1,2,1,1,3,1,,,,9,0,0,0,2,0,3,7,2,4,6,0,0,0,0,S FRETA ST,E 12TH ST,-117.3576944,47.64457222,0,1,13,15,2,30,20,0,0,1,5,9,1,2,2,1,11,3,2,53,0,7,442,1998,0,0,9,,,,,,1,1,20,1,0,0,0,0,3,0,11,0,,,,,0,0,0,2,1,38,48,0,0,93,,,,,,0,,,,,,99212,53,74,180,1,1,0,1,0,0,1,97,,,,,,0,08/15/2015,06/15/2016,20,0,0,0,8,9,8,,,0,0,0,8,0,0,0,0,0,0,0,0,0,0,996,,,,,,,,,,,,,,,,,,,,,,,,,,,,,,0,0,0,1,0,0,0,0,0,1,0,1,0,1,0,0,1,0,1,0,0,1,1,0,1,0,0,0,0,1,0,0,1,0,0,,0,0,0,0,0,0,0,0,1,0,1,1,0,0,0,0,,,,,,18-20,16-25,City street,U,Friday,Belt Used,PV,Not Fatal,1,0,0,0,City Street,Municipal/City Police,Spokane Police Department,0,0,0,1,0,,,,,,,,,,,,,,,,,,,,,,,,,,,,,,,,,,,,,,,,,,,