year,case,par,repjur,crash_dt,crash_tm,accday,accmon,holiday,county,co_char,city,weather,weather2,lightcond,surfcond,surftype,numfatal,nmforms,pforms,vforms,not_tm,arr_tm,hosp_tm,fhevent,hitrun,manncol,milepnt,reljunc,reljuncinter,intersectiontype,funcsystem,landuse,ownership,route,schlbus,spejur,contdev,devfunc,trafid1,trafid2,x,y,wk_zone,vnumber,crashtype,criticalevent,criticaleventcat,spdlim,body,trailer,emerg,hazcargo,leave,mhevent,roadalgn,roadprof,traflane,trafflow,vehmanvr,numoccs,regowner,regstate,spuse,make,model,modelyr,vrf1,vrf2,seqevent1,seqevent2,seqevent3,seqevent4,seqevent5,seqevent6,pnumber,ptype,age,sex,hispanic,race,injury,diedscene,restraint,restraintmisuse,seatpos,takehosp,death_dt,death_tm,cert,cernum_wa,commlic,licendor,licrestrict,liccomp,drivpres,drf1,drf2,drf3,drf4,distract1,distract2,distract3,distract4,distract5,distract6,dricond1,dricond2,dricond3,dricond4,dricond5,dricond6,dzip,licstate,drhgt_in,weight,noncdl,noncdltype,prevdwi,prevoth,prevacc,prevspd,prevsus,driviol1,driviol2,driviol3,driviol4,driviol5,driviol6,spdrel,first_dt,last_dt,airbag,ejection,ejectpath,extricat,injurwrk,methalc,methdrug,nmlocat,strikveh,prf1,prf2,prf3,druginv,alcinvol,drugsts,drugres1,drugres2,drugres3,drugtst1,drugtst2,drugtst3,alcsts,alctst,alcres,nmact1,nmact2,nmact3,nmact4,nmact5,nmact6,nmprior1,nmprior2,nmprior3,nmprior4,nmprior5,nmprior6,nmcond1,nmcond2,nmcond3,nmcond4,nmcond5,nmcond6,nmsafe_helmet,nmsafe_pads,nmsafe_oth,nmprev_ref,nmprev_lgt,nmprev_oth,crashlocation,nmcrashtype,crosswalk,schoolzone,sidewalk,train_inv,wildlife_inv,rotr_fars,intersect_fars,dd_inv,aid_inv,dpd_inv,id_inv,mj_inv,impnm_inv,ainm_inv,dpnm_inv,speed_inv,unlic_inv,unendmc_inv,drowsy_inv,drdist_inv,nmdist_inv,fty_inv,unrestfat_inv,dr1617_inv,dr1820_inv,dr1620_inv,dr2125_inv,dr1625_inv,dr65_inv,dr70_inv,dr75_inv,mc_inv,pv_inv,ht_inv,ped_inv,bike_inv,unrest_fat,mc_fat,unhelmet_mc,pv_fat,ht_fat,ped_fat,bike_fat,dr_alc7,dr_alc8,dr_drug,dr_imp,dr_dist,dr_spd,dr_fty,dr_unlic,dr_alc7only,dr_alc8only,dr_drugonly,dr_drink,nm_imp,nm_alc7,nm_alc8,nm_drug,nm_dist,agegrp1,agegrp2,roadclass,urbrur,dayweek,restuse,vehtype,race_me,intersect,lanedep,oppdir,wrongway,rep_typ,investag,repag_long,rotr,st_rd,cty_rd,city_rd,oth_rd,drug_thc,thc_res,drug_cthc,cthc_res,drug_cann,prevpersemin,prevperse,prevsusoth,drugtst4,drugtst5,drugtst6,drugtst7,drugtst8,drugres4,drugres5,drugres6,drugres7,drugres8,adspresent,adsengaged,adslevel,race1,race2,race3,race4,race5,helmet,helmetmisuse,nmdistract1,nmdistract2,nmdistract3,nmdistract4,nmdistract5,nmdistract6,lab,isedtcase,crf1,crf2,crf3,CoRoadName,CoMP,IntCoRoadName,IntCoMP
2017,294,E698792,40,08/04/2017,9:43,4,8,0,63,Spokane,2113,1,0,1,1,2,1,0,1,3,9:43,9:46,,14,0,0,0,1,0,1,4,2,4,6,0,0,0,0,S ADAMS RD,,-117.2074417,47.63654444,0,1,11,13,2,25,15,0,0,1,2,14,1,1,2,1,1,1,1,53,0,19,421,2002,0,0,63,14,14,,,,1,1,76,2,7,1,4,7,3,0,11,0,08/04/2017,10:09,2.11E+11,34396,0,0,3,3,1,0,0,0,0,0,,,,,,2,,,,,,99037,53,66,149,6,1,0,0,0,0,0,0,,,,,,0,,,8,0,0,0,0,9,8,,,0,0,0,8,9,2,387,996,996,1,1,1,2,1,0,,,,,,,,,,,,,,,,,,,,,,,,,,,,,,0,0,0,0,0,0,1,1,0,0,0,0,0,0,0,1,0,0,0,0,0,0,0,0,0,1,1,1,0,1,1,0,0,0,0,,1,0,0,0,0,0,1,1,0,0,0,0,0,0,1,0,,,,,,76-80,76+,City street,U,Friday,Belt Used,PV,White,0,1,0,0,City Street,County Sheriff,Spokane County Sheriff's Office,1,0,0,1,0,,,,,,,,,,,,,,,,,,,,,,,,,,,,,,,,,,,,,,,,,,,
2017,298,E699342,4,08/02/2017,13:15,2,8,0,19,Ferry,0,1,0,1,1,2,1,0,2,2,,,,12,0,6,313,1,0,1,4,1,1,3,0,0,0,0,SR-20,,-118.5766333,48.61314167,0,1,64,9,1,50,80,0,0,1,2,12,2,2,2,1,14,1,1,32,0,72,706,1991,0,0,68,12,,,,,1,1,65,1,7,1,4,7,29,0,11,0,08/02/2017,13:15,53034100,34100,0,0,0,3,1,28,0,0,0,96,,,,,,99,,,,,,89027,32,74,250,6,1,0,1,0,0,0,0,,,,,,0,04/15/2014,04/15/2014,20,8,0,0,0,9,8,,,0,0,0,8,9,2,996,996,0,1,1,0,2,1,0,,,,,,,,,,,,,,,,,,,,,,,,,,,,,,0,0,0,0,0,0,1,1,0,0,0,0,0,0,0,0,0,0,0,0,0,0,0,0,0,1,0,0,1,0,1,0,0,0,1,0,0,0,0,0,0,0,1,1,0,0,0,0,0,0,1,0,,,,,,61-65,56-65,State route,R,Wednesday,,MC,White,0,0,0,1,State Route,State Patrol,Washington State Patrol Headquarter,0,1,0,0,0,,,,,,,,,,,,,,,,,,,,,,,,,,,,,,,,,,,,,,,,,,,
2017,298,E699342,4,08/02/2017,13:15,2,8,0,19,Ferry,0,1,0,1,1,2,1,0,2,2,,,,12,0,6,313,1,0,1,4,1,1,3,0,0,0,0,SR-20,,-118.5766333,48.61314167,0,2,65,62,4,50,66,0,0,1,2,12,3,2,2,1,14,1,3,53,0,87,884,2001,0,0,12,,,,,,1,1,51,1,0,0,0,0,3,0,11,0,,,,,6,3,0,3,1,0,0,0,0,0,,,,,,0,,,,,,98841,53,69,213,6,1,0,1,0,2,1,0,,,,,,0,10/15/2012,04/15/2017,20,0,0,0,8,9,8,,,0,0,0,8,0,0,0,0,0,0,0,0,0,0,996,,,,,,,,,,,,,,,,,,,,,,,,,,,,,,0,0,0,0,0,0,1,1,0,0,0,0,0,0,0,0,0,0,0,0,0,0,0,0,0,1,0,0,1,0,1,0,0,0,0,,0,0,0,0,0,0,0,0,0,0,0,0,0,0,0,0,,,,,,51-55,46-55,State route,R,Wednesday,,MHTRUCK,Not Fatal,0,0,0,1,State Route,State Patrol,Washington State Patrol Headquarter,0,1,0,0,0,,,,,,,,,,,,,,,,,,,,,,,,,,,,,,,,,,,,,,,,,,,
2017,343,E699408,40,08/08/2017,7:23,8,8,0,63,Spokane,0,1,0,1,1,1,1,0,2,2,7:33,7:49,7:58,12,0,6,0.5,2,0,4,3,2,1,2,0,0,3,3,US-395 LX16569S,CR-E FARWELL RD,-117.3704778,47.77285556,0,1,79,17,2,35,80,0,0,1,2,12,1,4,2,2,1,1,2,16,0,53,705,2001,0,0,12,,,,,,1,1,24,1,7,1,4,0,19,0,11,8,08/09/2017,14:29,2.11E+11,35572,0,0,0,2,1,0,0,0,0,96,,,,,,99,,,,,,99157,53,70,160,1,1,0,4,0,3,3,0,,,,,,3,11/15/2014,07/15/2017,20,8,0,0,0,9,8,,,0,0,0,8,9,2,605,695,0,1,1,0,2,1,0,,,,,,,,,,,,,,,,,,,,,,,,,,,,,,0,0,0,1,0,0,1,1,1,0,0,0,1,1,1,0,0,0,1,0,0,0,0,1,1,0,0,0,1,1,0,0,0,0,1,0,0,0,0,0,0,0,1,1,0,1,0,1,0,0,1,0,,,,,,21-25,16-25,US highway,U,Tuesday,,MC,White,1,0,0,0,State Route,County Sheriff,Spokane County Sheriff's Office,0,1,0,0,0,thc,4.3,carboxy-thc,18,,,,,,,,,,,,,,,,,,,,,,,,,,,,,,,,,,,,,,,
2017,343,E699408,40,08/08/2017,7:23,8,8,0,63,Spokane,0,1,0,1,1,1,1,0,2,2,7:33,7:49,7:58,12,0,6,0.5,2,0,4,3,2,1,2,0,0,21,3,US-395 LX16569S,CR-E FARWELL RD,-117.3704778,47.77285556,0,2,78,16,2,35,1,0,0,1,2,12,2,8,1,6,10,1,1,53,0,12,3,2000,0,0,12,,,,,,1,1,56,1,0,0,3,0,99,0,11,8,,,,,0,0,0,3,1,38,39,0,0,96,,,,,,99,,,,,,99207,53,71,185,6,1,0,0,0,0,0,97,,,,,,0,,,20,0,0,0,8,9,8,,,0,0,0,8,9,0,0,0,0,0,0,0,0,0,996,,,,,,,,,,,,,,,,,,,,,,,,,,,,,,0,0,0,1,0,0,1,1,1,0,0,0,1,1,1,0,0,0,1,0,0,0,0,1,1,0,0,0,1,1,0,0,0,0,0,,0,0,0,0,0,0,0,0,0,0,1,0,0,0,0,0,,,,,,56-60,56-65,US highway,U,Tuesday,Unknown,PV,Not Fatal,1,0,0,0,State Route,County Sheriff,Spokane County Sheriff's Office,0,1,0,0,0,,,,,,,,,,,,,,,,,,,,,,,,,,,,,,,,,,,,,,,,,,,
2017,299,E699986,42,08/09/2017,17:06,9,8,0,67,Thurston,0,1,0,1,1,2,1,0,2,2,,,,12,0,2,4,1,0,1,5,1,2,4,0,0,0,0,CR-MCDUFF RD SE,,-122.8629667,46.86506667,0,1,50,10,2,50,34,0,0,1,2,12,2,2,2,1,14,1,1,53,0,12,481,2003,0,0,68,12,,,,,1,1,57,1,0,0,1,0,3,0,11,8,,,,,0,0,0,3,1,28,0,0,0,96,,,,,,9,,,,,,98589,53,70,225,6,1,0,0,0,0,0,1,,,,,,0,,,1,0,0,0,8,9,8,,,0,0,0,8,1,2,605,0,0,1,0,0,2,1,0.1,,,,,,,,,,,,,,,,,,,,,,,,,,,,,,0,0,0,0,1,1,1,1,1,0,0,0,0,0,0,0,0,0,0,0,0,0,0,0,0,1,0,0,0,1,0,0,0,0,0,,0,0,0,0,0,1,1,1,0,0,0,0,0,0,0,1,,,,,,56-60,56-65,County road,R,Wednesday,Belt Used,PV,Not Fatal,0,1,1,0,County Road,County Sheriff,Thurston County Sheriff's Office,0,0,1,0,0,thc,7.8,carboxy-thc,51,,,,,,,,,,,,,,,,,,,,,,,,,,,,,,,,,,,,,,,
2017,299,E699986,42,08/09/2017,17:06,9,8,0,67,Thurston,0,1,0,1,1,2,1,0,2,2,,,,12,0,2,4,1,0,1,5,1,2,4,0,0,0,0,CR-MCDUFF RD SE,,-122.8629667,46.86506667,0,2,51,62,4,50,3,0,0,1,2,12,3,2,2,1,14,1,1,53,0,12,37,2007,0,0,12,,,,,,1,1,66,1,7,1,4,7,3,0,11,0,08/09/2017,17:06,2.25E+11,35985,0,0,0,3,1,0,0,0,0,0,,,,,,0,,,,,,98589,53,74,250,6,1,0,0,0,0,0,0,,,,,,0,,,8,0,0,0,0,9,8,,,0,0,0,8,9,2,1,0,0,1,0,0,2,1,0,,,,,,,,,,,,,,,,,,,,,,,,,,,,,,0,0,0,0,1,1,1,1,1,0,0,0,0,0,0,0,0,0,0,0,0,0,0,0,0,1,0,0,0,1,0,0,0,0,0,,1,0,0,0,0,0,0,0,0,0,0,0,0,0,0,0,,,,,,66-70,66-75,County road,R,Wednesday,Belt Used,PV,White,0,1,1,0,County Road,County Sheriff,Thurston County Sheriff's Office,0,0,1,0,0,,,,,,,,,,,,,,,,,,,,,,,,,,,,,,,,,,,,,,,,,,,
2017,301,E700076,243,08/01/2017,8:15,1,8,0,25,Grant,1780,1,0,1,1,2,1,0,2,2,8:16,8:21,8:38,12,0,6,33.8,2,0,2,4,2,1,3,0,0,3,3,SR-28,SR-281,-119.8533806,47.23343889,0,2,82,66,4,35,34,0,0,1,2,12,1,1,8,1,11,1,1,53,0,20,481,2016,0,0,12,,,,,,1,1,75,1,0,0,1,0,3,0,11,5,,,,,0,0,3,3,1,0,0,0,0,0,,,,,,0,,,,,,98445,53,70,200,6,1,0,0,0,0,0,0,,,,,,0,,,2,0,0,0,8,9,8,,,0,0,0,8,0,0,0,0,0,0,0,0,0,0,996,,,,,,,,,,,,,,,,,,,,,,,,,,,,,,0,0,0,1,0,0,0,0,0,0,0,0,0,0,0,0,0,0,0,1,0,0,0,0,0,1,1,1,0,1,0,0,0,0,0,,0,0,0,0,0,0,0,0,0,0,0,0,0,0,0,0,,,,,,71-75,66-75,State route,U,Tuesday,Belt Used,PV,Not Fatal,1,0,0,0,State Route,Municipal/City Police,Quincy Police Department,0,1,0,0,0,,,,,,,,,,,,,,,,,,,,,,,,,,,,,,,,,,,,,,,,,,,
2017,301,E700076,243,08/01/2017,8:15,1,8,0,25,Grant,1780,1,0,1,1,2,1,0,2,2,8:16,8:21,8:38,12,0,6,33.8,2,0,2,4,2,1,3,0,0,3,3,SR-28,SR-281,-119.8533806,47.23343889,0,1,83,17,2,35,20,0,0,1,2,12,1,1,8,1,1,1,1,53,0,37,441,2001,0,0,12,,,,,,1,1,88,1,7,1,4,0,20,0,11,5,08/03/2017,1:45,2.46E+11,34177,0,0,3,3,1,39,0,0,0,0,,,,,,1,,,,,,98848,53,75,205,6,1,0,0,0,0,0,35,,,,,,0,,,1,0,0,0,0,9,8,,,0,0,0,8,0,0,0,0,0,0,0,0,0,0,996,,,,,,,,,,,,,,,,,,,,,,,,,,,,,,0,0,0,1,0,0,0,0,0,0,0,0,0,0,0,0,0,0,0,1,0,0,0,0,0,1,1,1,0,1,0,0,0,1,0,,1,0,0,0,0,0,0,0,0,0,0,0,0,0,0,0,,,,,,81+,76+,State route,U,Tuesday,Not Used,PV,White,1,0,0,0,State Route,Municipal/City Police,Quincy Police Department,0,1,0,0,0,,,,,,,,,,,,,,,,,,,,,,,,,,,,,,,,,,,,,,,,,,,
2017,255,E700188,1,07/18/2017,5:55,18,7,0,77,Yakima,2590,1,0,4,1,2,1,0,2,2,5:55,6:04,6:28,12,0,2,201.5,1,0,1,3,2,1,2,0,0,0,0,US-12,,-120.5257444,46.62561667,0,2,51,62,4,60,4,0,0,1,2,12,1,1,2,2,1,1,1,16,0,48,34,2015,0,0,12,,,,,,1,1,72,1,0,0,3,0,3,0,11,5,,,,,0,0,0,3,1,0,0,0,0,0,,,,,,0,,,,,,83836,16,72,210,6,1,0,0,0,0,0,0,,,,,,0,,,8,0,0,0,8,9,8,,,0,0,0,0,0,0,0,0,0,0,0,0,2,1,0,,,,,,,,,,,,,,,,,,,,,,,,,,,,,,0,0,0,0,0,0,1,1,0,0,0,0,0,0,0,0,0,0,0,1,0,0,0,0,0,1,1,0,0,1,0,0,0,0,0,,0,0,0,0,0,0,0,0,0,0,0,0,0,0,0,0,,,,,,71-75,66-75,US highway,U,Tuesday,Belt Used,PV,Not Fatal,0,1,1,0,State Route,State Patrol,Washington State Patrol Headquarter,0,1,0,0,0,,,,,,,,,,,,,,,,,,,,,,,,,,,,,,,,,,,,,,,,,,,
2017,255,E700188,1,07/18/2017,5:55,18,7,0,77,Yakima,2590,1,0,4,1,2,1,0,2,2,5:55,6:04,6:28,12,0,2,201.5,1,0,1,3,2,1,2,0,0,0,0,US-12,,-120.5257444,46.62561667,0,1,50,12,2,60,4,0,0,1,2,12,1,1,2,2,1,1,2,53,0,49,32,2009,0,0,64,65,12,,,,1,1,40,2,6,98,4,0,20,0,11,5,07/22/2017,8:00,2.59E+11,32265,0,0,0,3,1,28,0,0,0,96,,,,,,99,,,,,,98901,53,62,180,6,1,0,0,1,0,0,0,,,,,,0,01/15/2017,01/15/2017,8,1,9,0,0,9,8,,,0,0,0,8,0,2,996,0,0,1,0,0,2,1,0,,,,,,,,,,,,,,,,,,,,,,,,,,,,,,0,0,0,0,0,0,1,1,0,0,0,0,0,0,0,0,0,0,0,1,0,0,0,0,0,1,1,0,0,1,0,0,0,1,0,,1,0,0,0,0,0,1,1,0,0,0,0,0,0,1,0,,,,,,36-40,36-45,US highway,U,Tuesday,Not Used,PV,Hispanic,0,1,1,0,State Route,State Patrol,Washington State Patrol Headquarter,0,1,0,0,0,,,,,,,,,,,,,,,,,,,,,,,,,,,,,,,,,,,,,,,,,,,
2017,307,E700409,2,08/09/2017,14:23,9,8,0,61,Snohomish,0,1,0,1,1,2,1,0,3,3,,,,12,0,1,203.9,1,0,1,1,2,1,1,0,0,0,0,I-5,,-122.1851667,48.12236111,0,1,24,51,3,60,4,0,0,1,2,12,1,1,3,3,1,1,2,6,0,32,43,2010,0,0,12,63,69,12,,,1,1,40,1,7,78,4,0,3,0,11,4,08/11/2017,14:35,69053036439,36439,0,0,0,2,1,26,58,0,0,96,,,,,,9,,,,,,90057,6,69,170,1,1,0,1,0,0,1,15,,,,,,0,12/15/2014,12/15/2015,2,0,0,0,0,9,1,,,0,0,0,1,0,2,401,417,0,1,1,0,2,1,0,,,,,,,,,,,,,,,,,,,,,,,,,,,,,,0,0,0,0,0,0,1,1,0,0,0,0,0,1,0,0,0,0,0,0,0,0,0,0,0,0,0,0,0,1,1,0,0,0,0,,1,0,0,0,0,0,1,1,0,0,0,1,0,0,1,0,,,,,,36-40,36-45,Interstate,U,Wednesday,Belt Used,PV,API,0,0,0,0,State Route,State Patrol,Washington State Patrol Headquarter,0,1,0,0,0,,,,,,,,,,,,,,,,,,,,,,,,,,,,,,,,,,,,,,,,,,,
2017,307,E700409,2,08/09/2017,14:23,9,8,0,61,Snohomish,0,1,0,1,1,2,1,0,3,3,,,,12,0,1,203.9,1,0,1,1,2,1,1,0,0,0,0,I-5,,-122.1851667,48.12236111,0,2,25,53,3,60,66,1,0,1,5,12,1,1,3,3,1,1,3,53,0,85,881,2005,0,0,12,,,,,,1,1,32,1,0,0,0,0,3,0,11,0,,,,,6,1,1,3,1,0,0,0,0,0,,,,,,0,,,,,,98247,53,77,230,6,1,0,1,0,0,0,0,,,,,,0,12/15/2013,12/15/2013,20,0,0,0,8,9,8,,,0,0,0,8,0,0,0,0,0,0,0,0,0,0,996,,,,,,,,,,,,,,,,,,,,,,,,,,,,,,0,0,0,0,0,0,1,1,0,0,0,0,0,1,0,0,0,0,0,0,0,0,0,0,0,0,0,0,0,1,1,0,0,0,0,,0,0,0,0,0,0,0,0,0,0,0,0,0,0,0,0,,,,,,31-35,26-35,Interstate,U,Wednesday,,MHTRUCK,Not Fatal,0,0,0,0,State Route,State Patrol,Washington State Patrol Headquarter,0,1,0,0,0,,,,,,,,,,,,,,,,,,,,,,,,,,,,,,,,,,,,,,,,,,,
2017,307,E700409,2,08/09/2017,14:23,9,8,0,61,Snohomish,0,1,0,1,1,2,1,0,3,3,,,,12,0,1,203.9,1,0,1,1,2,1,1,0,0,0,0,I-5,,-122.1851667,48.12236111,0,3,98,60,4,60,66,1,0,1,2,12,1,1,3,3,1,1,9,99,0,87,884,2012,0,0,12,,,,,,1,1,38,1,0,0,0,0,3,0,11,0,,,,,6,1,0,3,1,0,0,0,0,0,,,,,,0,,,,,,98270,53,75,220,6,1,0,2,5,2,0,0,,,,,,0,02/15/2013,04/15/2017,20,0,0,0,8,9,8,,,0,0,0,8,0,0,0,0,0,0,0,0,0,0,996,,,,,,,,,,,,,,,,,,,,,,,,,,,,,,0,0,0,0,0,0,1,1,0,0,0,0,0,1,0,0,0,0,0,0,0,0,0,0,0,0,0,0,0,1,1,0,0,0,0,,0,0,0,0,0,0,0,0,0,0,0,0,0,0,0,0,,,,,,36-40,36-45,Interstate,U,Wednesday,,MHTRUCK,Not Fatal,0,0,0,0,State Route,State Patrol,Washington State Patrol Headquarter,0,1,0,0,0,,,,,,,,,,,,,,,,,,,,,,,,,,,,,,,,,,,,,,,,,,,
2017,315,E700452,1,08/09/2017,14:03,9,8,0,77,Yakima,2590,1,0,1,1,1,1,0,1,1,13:59,14:07,14:18,25,0,0,0.4,5,1,1,1,2,1,1,0,0,0,0,I-82 RAMP R203175,,-120.5110194,46.62489722,0,1,6,12,2,98,80,0,0,1,2,25,2,6,1,6,14,1,1,53,0,72,706,2008,0,0,64,25,,,,,1,1,93,1,7,1,4,0,5,0,11,8,08/19/2017,8:25,2.59E+11,35945,0,0,3,3,1,0,0,0,0,96,,,,,,0,,,,,,98932,53,67,200,6,1,0,0,0,0,0,0,,,,,,4,,,20,8,0,0,0,9,8,,,0,0,0,8,0,0,0,0,0,0,0,0,0,0,996,,,,,,,,,,,,,,,,,,,,,,,,,,,,,,0,0,1,0,0,0,0,0,0,0,0,0,1,0,0,0,0,0,0,0,0,0,0,0,0,1,1,1,1,0,0,0,0,0,1,0,0,0,0,0,0,0,0,0,0,1,0,0,0,0,0,0,,,,,,81+,76+,Interstate,U,Wednesday,,MC,White,0,1,0,0,State Route,State Patrol,Washington State Patrol Headquarter,1,1,0,0,0,,,,,,,,,,,,,,,,,,,,,,,,,,,,,,,,,,,,,,,,,,,
2017,305,E700463,2,08/10/2017,10:17,10,8,0,73,Whatcom,0,1,0,1,1,2,1,0,2,2,10:17,10:29,11:15,12,0,2,7.9,2,0,2,5,1,2,4,0,0,4,3,CR-BIRCH BAY LINDEN RD,N ENTERPRISE RD,-122.5743889,48.9353,0,2,51,62,4,50,14,0,0,1,2,12,1,1,2,1,5,1,2,53,0,20,402,2003,0,0,12,,,,,,1,1,72,2,0,0,2,0,3,0,11,5,,,,,0,0,3,3,1,0,0,0,0,0,,,,,,0,,,,,,98248,53,63,190,6,1,0,0,0,0,0,0,,,,,,0,,,8,0,0,0,8,9,8,,,0,0,0,8,0,0,0,0,0,0,0,0,0,0,996,,,,,,,,,,,,,,,,,,,,,,,,,,,,,,0,0,0,1,0,0,1,1,0,0,0,0,0,0,0,0,1,0,0,0,0,0,0,0,0,1,1,1,0,1,0,0,0,0,0,,0,0,0,0,0,0,0,0,0,0,0,0,0,0,0,0,,,,,,71-75,66-75,County road,R,Thursday,Belt Used,PV,Not Fatal,1,0,0,0,County Road,County Sheriff,Whatcom County Sheriff's Office,0,0,1,0,0,,,,,,,,,,,,,,,,,,,,,,,,,,,,,,,,,,,,,,,,,,,
2017,305,E700463,2,08/10/2017,10:17,10,8,0,73,Whatcom,0,1,0,1,1,2,1,0,2,2,10:17,10:29,11:15,12,0,2,7.9,2,0,2,5,1,2,4,0,0,4,3,CR-BIRCH BAY LINDEN RD,N ENTERPRISE RD,-122.5743889,48.9353,0,1,50,51,3,50,5,0,0,1,2,12,1,1,2,1,1,1,1,53,0,37,39,2007,0,0,68,12,,,,,1,1,88,2,7,1,4,0,3,0,11,5,08/10/2017,18:44,74053035206,35206,0,0,0,3,1,28,39,0,0,93,,,,,,0,,,,,,98382,53,64,150,6,1,0,0,0,0,0,32,,,,,,0,,,8,0,0,0,0,9,8,,,0,0,0,8,0,2,522,996,0,1,1,0,2,1,0,,,,,,,,,,,,,,,,,,,,,,,,,,,,,,0,0,0,1,0,0,1,1,0,0,0,0,0,0,0,0,1,0,0,0,0,0,0,0,0,1,1,1,0,1,0,0,0,0,0,,1,0,0,0,0,0,1,1,1,0,0,0,0,0,1,0,,,,,,81+,76+,County road,R,Thursday,Belt Used,PV,White,1,0,0,0,County Road,County Sheriff,Whatcom County Sheriff's Office,0,0,1,0,0,,,,,,,,,,,,,,,,,,,,,,,,,,,,,,,,,,,,,,,,,,,
2017,302,E700637,155,08/13/2017,1:07,13,8,0,33,King,980,10,0,3,2,2,1,0,1,1,,,,42,0,0,0,1,0,1,4,2,4,6,0,0,0,0,NW GILMAN BLVD,,-122.0464361,47.54299444,0,1,6,12,2,35,6,0,0,1,5,42,1,1,4,2,1,1,1,53,0,48,34,2003,0,0,64,42,,,,,1,1,25,1,7,1,4,7,99,0,11,0,08/13/2017,1:07,98053035477,35477,0,0,0,3,1,0,0,0,0,96,,,,,,99,,,,,,98029,53,70,160,6,1,0,0,0,0,0,0,,,,,,4,,,8,0,0,0,0,9,8,,,0,0,0,8,9,0,0,0,0,0,0,0,0,0,996,,,,,,,,,,,,,,,,,,,,,,,,,,,,,,0,0,1,0,0,0,0,0,0,0,0,0,1,0,0,0,0,0,0,0,0,0,0,1,1,0,0,0,0,1,0,0,0,0,0,,1,0,0,0,0,0,0,0,0,1,0,0,0,0,0,0,,,,,,21-25,16-25,City street,U,Sunday,Unknown,PV,White,0,1,0,0,City Street,Municipal/City Police,Issaquah Police Department,1,0,0,1,0,,,,,,,,,,,,,,,,,,,,,,,,,,,,,,,,,,,,,,,,,,,
2017,257,E701014,6,07/16/2017,19:40,16,7,0,47,Okanogan,0,1,0,1,1,2,1,1,1,1,,,,8,0,0,7.5,1,0,1,7,1,2,4,0,0,0,0,CR-OMAK-RIVERSIDE E RD,,-119.48085,48.48501111,0,1,13,80,5,50,39,0,0,1,2,8,1,4,2,1,1,1,1,53,0,12,481,1986,0,0,68,8,,,,,1,1,35,1,0,0,0,0,3,0,11,0,,,,,0,0,3,3,1,91,0,0,0,96,,,,,,9,,,,,,98841,53,69,170,6,1,1,0,0,0,1,1,,,,,,0,09/15/2012,05/15/2013,20,0,0,0,8,9,8,,,0,0,0,8,1,0,0,0,0,0,0,0,0,0,996,,,,,,,,,,,,,,,,,,,,,,,,,,,,,,0,0,0,0,1,0,0,0,0,1,1,1,0,0,0,0,0,0,0,0,0,0,0,0,0,0,0,0,0,1,0,1,0,0,0,,0,0,0,0,0,0,0,0,0,0,0,0,0,0,0,1,,,,,,31-35,26-35,County road,R,Sunday,Belt Used,PV,Not Fatal,0,0,0,0,County Road,State Patrol,Washington State Patrol Headquarter,0,0,1,0,0,,,,,,,,,,,,,,,,,,,,,,,,,,,,,,,,,,,,,,,,,,,
2017,303,E701231,3,08/13/2017,13:58,13,8,0,67,Thurston,0,1,0,1,1,2,1,1,1,1,,,,9,0,0,30.7,1,0,1,4,2,1,3,0,0,0,0,SR-507,,-122.5691694,46.93229167,0,1,13,11,2,45,34,0,0,1,2,9,1,2,2,1,1,1,2,53,0,7,472,1998,0,0,63,9,,,,,1,1,56,1,0,0,0,0,3,0,11,0,,,,,0,0,0,2,1,91,0,0,0,93,,,,,,0,,,,,,98338,53,71,255,1,1,0,3,2,1,6,2,,,,,,0,10/15/2012,09/15/2016,20,0,0,0,8,9,2,,,0,0,0,0,0,0,0,0,0,0,0,0,0,0,996,,,,,,,,,,,,,,,,,,,,,,,,,,,,,,0,0,0,0,0,0,0,0,0,0,0,0,0,1,0,0,1,0,0,0,0,0,0,0,0,0,0,0,0,0,0,0,1,0,0,,0,0,0,0,0,0,0,0,1,0,0,1,0,0,0,0,,,,,,56-60,56-65,State route,U,Sunday,Belt Used,PV,Not Fatal,0,0,0,0,State Route,State Patrol,Washington State Patrol Headquarter,0,1,0,0,0,,,,,,,,,,,,,,,,,,,,,,,,,,,,,,,,,,,,,,,,,,,
2017,351,E702002,337,08/16/2017,9:59,16,8,0,73,Whatcom,110,10,0,1,1,2,1,0,1,1,,,,31,0,0,0,3,0,6,4,2,4,6,0,0,0,0,BOULEVARD ST,N FOREST ST,-122.4851056,48.74330556,0,1,6,8,1,25,29,0,0,1,2,42,2,1,2,1,10,1,2,53,0,12,461,1988,0,0,64,31,42,,,,1,1,94,1,7,1,4,0,99,0,11,4,09/02/2017,15:30,11053038978,38978,0,0,3,3,1,0,0,0,0,0,,,,,,1,,,,,,98225,53,66,145,6,1,0,0,0,0,0,0,,,,,,0,,,20,0,0,0,0,9,8,,,0,0,0,8,9,0,0,0,0,0,0,0,0,0,996,,,,,,,,,,,,,,,,,,,,,,,,,,,,,,0,0,1,1,0,0,0,0,0,0,0,0,0,0,0,0,0,0,0,0,0,0,0,0,0,1,1,1,0,1,0,0,0,0,0,,1,0,0,0,0,0,0,0,0,0,0,0,0,0,0,0,,,,,,81+,76+,City street,U,Wednesday,Unknown,PV,White,1,0,0,0,City Street,Municipal/City Police,Bellingham Police Department,0,0,0,1,0,,,,,,,,,,,,,,,,,,,,,,,,,,,,,,,,,,,,,,,,,,,