year,case,par,repjur,crash_dt,crash_tm,accday,accmon,holiday,county,co_char,city,weather,weather2,lightcond,surfcond,surftype,numfatal,nmforms,pforms,vforms,not_tm,arr_tm,hosp_tm,fhevent,hitrun,manncol,milepnt,reljunc,reljuncinter,intersectiontype,funcsystem,landuse,ownership,route,schlbus,spejur,contdev,devfunc,trafid1,trafid2,x,y,wk_zone,vnumber,crashtype,criticalevent,criticaleventcat,spdlim,body,trailer,emerg,hazcargo,leave,mhevent,roadalgn,roadprof,traflane,trafflow,vehmanvr,numoccs,regowner,regstate,spuse,make,model,modelyr,vrf1,vrf2,seqevent1,seqevent2,seqevent3,seqevent4,seqevent5,seqevent6,pnumber,ptype,age,sex,hispanic,race,injury,diedscene,restraint,restraintmisuse,seatpos,takehosp,death_dt,death_tm,cert,cernum_wa,commlic,licendor,licrestrict,liccomp,drivpres,drf1,drf2,drf3,drf4,distract1,distract2,distract3,distract4,distract5,distract6,dricond1,dricond2,dricond3,dricond4,dricond5,dricond6,dzip,licstate,drhgt_in,weight,noncdl,noncdltype,prevdwi,prevoth,prevacc,prevspd,prevsus,driviol1,driviol2,driviol3,driviol4,driviol5,driviol6,spdrel,first_dt,last_dt,airbag,ejection,ejectpath,extricat,injurwrk,methalc,methdrug,nmlocat,strikveh,prf1,prf2,prf3,druginv,alcinvol,drugsts,drugres1,drugres2,drugres3,drugtst1,drugtst2,drugtst3,alcsts,alctst,alcres,nmact1,nmact2,nmact3,nmact4,nmact5,nmact6,nmprior1,nmprior2,nmprior3,nmprior4,nmprior5,nmprior6,nmcond1,nmcond2,nmcond3,nmcond4,nmcond5,nmcond6,nmsafe_helmet,nmsafe_pads,nmsafe_oth,nmprev_ref,nmprev_lgt,nmprev_oth,crashlocation,nmcrashtype,crosswalk,schoolzone,sidewalk,train_inv,wildlife_inv,rotr_fars,intersect_fars,dd_inv,aid_inv,dpd_inv,id_inv,mj_inv,impnm_inv,ainm_inv,dpnm_inv,speed_inv,unlic_inv,unendmc_inv,drowsy_inv,drdist_inv,nmdist_inv,fty_inv,unrestfat_inv,dr1617_inv,dr1820_inv,dr1620_inv,dr2125_inv,dr1625_inv,dr65_inv,dr70_inv,dr75_inv,mc_inv,pv_inv,ht_inv,ped_inv,bike_inv,unrest_fat,mc_fat,unhelmet_mc,pv_fat,ht_fat,ped_fat,bike_fat,dr_alc7,dr_alc8,dr_drug,dr_imp,dr_dist,dr_spd,dr_fty,dr_unlic,dr_alc7only,dr_alc8only,dr_drugonly,dr_drink,nm_imp,nm_alc7,nm_alc8,nm_drug,nm_dist,agegrp1,agegrp2,roadclass,urbrur,dayweek,restuse,vehtype,race_me,intersect,lanedep,oppdir,wrongway,rep_typ,investag,repag_long,rotr,st_rd,cty_rd,city_rd,oth_rd,drug_thc,thc_res,drug_cthc,cthc_res,drug_cann,prevpersemin,prevperse,prevsusoth,drugtst4,drugtst5,drugtst6,drugtst7,drugtst8,drugres4,drugres5,drugres6,drugres7,drugres8,adspresent,adsengaged,adslevel,race1,race2,race3,race4,race5,helmet,helmetmisuse,nmdistract1,nmdistract2,nmdistract3,nmdistract4,nmdistract5,nmdistract6,lab,isedtcase,crf1,crf2,crf3,CoRoadName,CoMP,IntCoRoadName,IntCoMP
2017,347,E702148,278,08/16/2017,15:38,16,8,0,63,Spokane,2110,1,0,1,0,0,1,2,1,1,15:41,16:01,16:25,8,0,0,0,8,0,1,96,6,96,8,0,0,20,3,N ATLANTIC LANE,,-117.4130944,47.72731389,0,1,13,80,5,0,6,0,0,1,2,8,0,0,0,0,3,1,2,53,0,6,54,2004,0,0,8,8,,,,,1,1,43,2,0,0,0,0,3,0,11,0,,,,,0,0,0,3,1,0,0,0,0,93,,,,,,0,,,,,,99026,53,71,160,6,1,0,0,0,0,0,97,,,,,,0,,,20,0,0,0,8,9,8,,,0,0,0,8,0,0,0,0,0,0,0,0,0,0,996,,,,,,,,,,,,,,,,,,,,,,,,,,,,,,0,0,0,0,0,0,0,0,0,0,0,0,0,0,0,0,1,0,0,0,0,0,0,0,0,0,0,0,0,1,0,1,0,0,0,,0,0,0,0,0,0,0,0,1,0,0,0,0,0,0,0,,,,,,41-45,36-45,Other,,Wednesday,Belt Used,PV,Not Fatal,1,0,0,0,City Street,Municipal/City Police,Spokane Police Department,0,0,0,1,0,,,,,,,,,,,,,,,,,,,,,,,,,,,,,,,,,,,,,,,,,,,
2017,304,E702879,2,08/07/2017,12:36,7,8,0,57,Skagit,0,1,0,1,1,2,1,0,3,2,,,,12,0,6,145.5,1,0,1,4,1,1,3,0,0,0,0,SR-20,,-120.8589944,48.65395278,0,1,98,10,2,50,80,0,0,1,2,12,2,2,2,1,14,1,1,95,0,72,706,2016,0,0,68,12,,,,,1,1,62,2,7,1,4,7,5,0,11,0,08/07/2017,12:36,53034502,34502,99,9,9,9,1,0,0,0,0,96,,,,,,0,,,,,,0,95,,999,9,9,99,99,99,99,99,0,,,,,,4,,,20,8,0,0,0,9,8,,,0,0,0,8,0,2,1,0,0,1,0,0,2,1,0,,,,,,,,,,,,,,,,,,,,,,,,,,,,,,0,0,0,0,0,0,0,0,0,0,0,0,1,0,0,0,0,0,0,0,0,0,0,0,0,1,1,1,1,1,0,0,0,0,1,0,0,0,0,0,0,0,0,0,0,1,0,0,0,0,0,0,,,,,,61-65,56-65,State route,R,Monday,,MC,White,0,1,1,0,State Route,State Patrol,Washington State Patrol Headquarter,0,1,0,0,0,,,,,,,,,,,,,,,,,,,,,,,,,,,,,,,,,,,,,,,,,,,
2017,304,E702879,2,08/07/2017,12:36,7,8,0,57,Skagit,0,1,0,1,1,2,1,0,3,2,,,,12,0,6,145.5,1,0,1,4,1,1,3,0,0,0,0,SR-20,,-120.8589944,48.65395278,0,2,98,63,4,50,4,0,0,1,2,12,3,2,2,1,14,2,1,30,0,49,43,2013,0,0,12,,,,,,1,1,81,1,0,0,1,0,3,0,11,0,,,,,0,0,0,3,1,0,0,0,0,0,,,,,,0,,,,,,59930,30,,999,6,1,0,0,98,0,0,0,,,,,,0,,,8,0,0,0,8,9,8,,,0,0,0,8,0,0,0,0,0,0,0,0,0,0,996,,,,,,,,,,,,,,,,,,,,,,,,,,,,,,0,0,0,0,0,0,0,0,0,0,0,0,1,0,0,0,0,0,0,0,0,0,0,0,0,1,1,1,1,1,0,0,0,0,0,,0,0,0,0,0,0,0,0,0,0,0,0,0,0,0,0,,,,,,81+,76+,State route,R,Monday,Belt Used,PV,Not Fatal,0,1,1,0,State Route,State Patrol,Washington State Patrol Headquarter,0,1,0,0,0,,,,,,,,,,,,,,,,,,,,,,,,,,,,,,,,,,,,,,,,,,,
2017,313,E702924,42,08/16/2017,14:45,16,8,0,67,Thurston,0,1,0,1,1,2,1,0,6,3,,,,12,0,6,2.3,2,0,3,5,2,2,4,0,0,0,0,CR-OLD HWY 99 SW,SARGENT RD SW,-123.0120583,46.797825,0,3,98,90,6,35,34,0,0,1,5,54,1,1,2,1,1,2,2,53,0,20,481,1999,0,0,54,,,,,,1,1,25,2,0,0,0,0,3,0,11,0,,,,,0,0,3,3,1,0,0,0,0,0,,,,,,0,,,,,,98570,53,63,210,6,1,0,0,0,0,0,0,,,,,,0,,,20,0,0,0,8,9,8,,,0,0,0,8,0,0,0,0,0,0,0,0,0,0,996,,,,,,,,,,,,,,,,,,,,,,,,,,,,,,0,0,0,1,0,0,0,0,0,0,0,0,0,0,0,0,1,0,0,0,0,1,1,1,1,0,0,0,0,1,1,0,0,0,0,,0,0,0,0,0,0,0,0,0,0,0,0,0,0,0,0,,,,,,21-25,16-25,County road,U,Wednesday,Belt Used,PV,Not Fatal,1,0,0,0,County Road,County Sheriff,Thurston County Sheriff's Office,0,0,1,0,0,,,,,,,,,,,,,,,,,,,,,,,,,,,,,,,,,,,,,,,,,,,
2017,313,E702924,42,08/16/2017,14:45,16,8,0,67,Thurston,0,1,0,1,1,2,1,0,6,3,,,,12,0,6,2.3,2,0,3,5,2,2,4,0,0,20,3,CR-OLD HWY 99 SW,SARGENT RD SW,-123.0120583,46.797825,0,1,82,15,2,35,4,0,0,1,2,12,1,1,2,1,11,1,1,53,0,49,40,2007,0,0,12,60,54,,,,1,1,18,2,7,78,4,7,3,0,11,0,08/16/2017,14:51,53035896,35896,0,0,0,3,1,0,0,0,0,92,,,,,,99,,,,,,98579,53,62,120,6,1,0,0,1,1,0,0,,,,,,0,06/15/2016,01/15/2017,8,0,0,0,0,9,8,,,0,0,0,8,9,2,1,0,0,1,0,0,2,1,0,,,,,,,,,,,,,,,,,,,,,,,,,,,,,,0,0,0,1,0,0,0,0,0,0,0,0,0,0,0,0,1,0,0,0,0,1,1,1,1,0,0,0,0,1,1,0,0,0,0,,1,0,0,0,0,0,0,0,1,0,0,0,0,0,0,0,,,,,,18-20,16-25,County road,U,Wednesday,Belt Used,PV,API,1,0,0,0,County Road,County Sheriff,Thurston County Sheriff's Office,0,0,1,0,0,,,,,,,,,,,,,,,,,,,,,,,,,,,,,,,,,,,,,,,,,,,
2017,313,E702924,42,08/16/2017,14:45,16,8,0,67,Thurston,0,1,0,1,1,2,1,0,6,3,,,,12,0,6,2.3,2,0,3,5,2,2,4,0,0,0,0,CR-OLD HWY 99 SW,SARGENT RD SW,-123.0120583,46.797825,0,2,83,67,4,35,63,0,0,1,5,12,1,1,2,1,1,3,3,53,0,51,881,2011,0,0,12,,,,,,1,1,53,1,0,0,0,0,3,0,11,0,,,,,6,1,0,3,1,0,0,0,0,0,,,,,,0,,,,,,98579,53,70,235,6,1,0,1,0,0,0,0,,,,,,0,05/15/2015,05/15/2015,20,0,0,0,8,9,8,,,0,0,0,8,0,0,0,0,0,0,0,0,0,0,996,,,,,,,,,,,,,,,,,,,,,,,,,,,,,,0,0,0,1,0,0,0,0,0,0,0,0,0,0,0,0,1,0,0,0,0,1,1,1,1,0,0,0,0,1,1,0,0,0,0,,0,0,0,0,0,0,0,0,0,0,0,0,0,0,0,0,,,,,,51-55,46-55,County road,U,Wednesday,,MHTRUCK,Not Fatal,1,0,0,0,County Road,County Sheriff,Thurston County Sheriff's Office,0,0,1,0,0,,,,,,,,,,,,,,,,,,,,,,,,,,,,,,,,,,,,,,,,,,,
2017,308,E703191,4,08/11/2017,21:30,11,8,0,43,Lincoln,0,1,0,2,1,2,1,0,2,2,21:55,22:28,,12,0,8,217,1,0,1,3,1,1,2,0,0,0,0,US-2,,-118.63475,47.75784722,0,2,65,62,4,60,66,1,0,1,2,12,3,1,2,1,14,1,3,19,0,82,881,2006,0,0,12,,,,,,1,1,67,1,0,0,0,0,3,0,11,0,,,,,6,3,3,3,1,0,0,0,0,0,,,,,,0,,,,,,68128,31,72,250,6,1,0,0,0,0,0,0,,,,,,0,,,20,0,0,0,8,9,8,,,0,0,0,8,0,2,1,0,0,1,0,0,2,1,0,,,,,,,,,,,,,,,,,,,,,,,,,,,,,,0,0,0,0,0,0,0,0,0,0,0,0,0,0,0,0,0,0,0,0,0,0,0,1,1,1,0,0,0,0,1,0,0,0,0,,0,0,0,0,0,0,0,0,0,0,0,0,0,0,0,0,,,,,,66-70,66-75,US highway,R,Friday,,MHTRUCK,Not Fatal,0,1,1,0,State Route,State Patrol,Washington State Patrol Headquarter,0,1,0,0,0,,,,,,,,,,,,,,,,,,,,,,,,,,,,,,,,,,,,,,,,,,,
2017,308,E703191,4,08/11/2017,21:30,11,8,0,43,Lincoln,0,1,0,2,1,2,1,0,2,2,21:55,22:28,,12,0,8,217,1,0,1,3,1,1,2,0,0,0,0,US-2,,-118.63475,47.75784722,0,1,64,10,2,98,34,0,0,1,2,12,2,1,2,1,14,1,2,53,0,12,473,2002,0,0,68,12,63,1,,,1,1,24,1,7,1,4,7,20,0,11,0,08/11/2017,21:30,53035277,35277,0,0,0,3,1,28,0,0,0,96,,,,,,0,,,,,,99185,53,70,155,6,1,0,2,1,0,1,0,,,,,,0,01/15/2013,03/15/2016,1,2,9,0,0,9,8,,,0,0,0,8,0,2,1,0,0,1,0,0,2,1,0,,,,,,,,,,,,,,,,,,,,,,,,,,,,,,0,0,0,0,0,0,0,0,0,0,0,0,0,0,0,0,0,0,0,0,0,0,0,1,1,1,0,0,0,0,1,0,0,1,0,,0,0,0,0,0,0,0,0,0,0,0,0,0,0,0,0,,,,,,21-25,16-25,US highway,R,Friday,Not Used,PV,White,0,1,1,0,State Route,State Patrol,Washington State Patrol Headquarter,0,1,0,0,0,,,,,,,,,,,,,,,,,,,,,,,,,,,,,,,,,,,,,,,,,,,
2017,316,E703741,6,08/21/2017,12:26,21,8,0,25,Grant,0,1,0,1,1,2,1,0,1,1,,,,39,0,0,81.1,1,0,1,4,1,1,3,0,0,0,0,SR-17,,-119.4592167,47.557475,0,1,2,6,1,60,82,0,0,1,2,39,2,1,2,1,6,1,1,53,0,72,706,2011,0,0,63,39,,,,,1,1,78,1,7,1,4,7,5,0,11,0,08/21/2017,12:26,53036342,36342,0,0,0,3,1,33,0,0,0,96,,,,,,0,,,,,,99115,53,68,220,6,1,0,0,0,0,0,0,,,,,,4,,,20,8,0,0,0,9,8,,,0,0,0,8,0,2,128,155,0,1,1,0,2,1,0,,,,,,,,,,,,,,,,,,,,,,,,,,,,,,0,0,0,0,0,0,1,1,0,0,0,0,1,0,0,0,0,0,0,0,0,0,0,0,0,1,1,1,1,0,0,0,0,0,1,0,0,0,0,0,0,0,1,1,0,1,0,0,0,0,1,0,,,,,,76-80,76+,State route,R,Monday,,MC,White,0,1,0,0,State Route,State Patrol,Washington State Patrol Headquarter,1,1,0,0,0,,,,,,,,,,,,,,,,,,,,,,,,,,,,,,,,,,,,,,,,,,,
2017,311,E703810,6,08/17/2017,13:15,17,8,0,47,Okanogan,1600,1,0,1,1,2,1,0,2,2,13:28,13:48,15:30,12,0,6,277.4,2,0,4,3,2,1,2,0,0,3,3,US-97,ENGH RD,-119.508675,48.41676944,0,2,69,62,4,50,66,1,0,1,2,12,1,1,4,1,1,1,3,53,0,85,881,2006,0,0,12,,,,,,1,1,57,1,0,0,0,0,3,0,11,0,,,,,6,1,3,3,1,0,0,0,0,0,,,,,,0,,,,,,98840,53,68,230,6,1,0,0,0,0,0,0,,,,,,0,,,20,0,0,0,8,9,8,,,0,0,0,8,0,0,0,0,0,0,0,0,0,0,996,,,,,,,,,,,,,,,,,,,,,,,,,,,,,,0,0,0,1,0,0,0,0,0,0,0,0,0,0,0,0,0,0,0,0,0,0,0,0,0,1,1,1,0,1,1,0,0,0,0,,0,0,0,0,0,0,0,0,0,0,0,0,0,0,0,0,,,,,,56-60,56-65,US highway,U,Thursday,,MHTRUCK,Not Fatal,1,0,0,0,State Route,State Patrol,Washington State Patrol Headquarter,0,1,0,0,0,,,,,,,,,,,,,,,,,,,,,,,,,,,,,,,,,,,,,,,,,,,
2017,311,E703810,6,08/17/2017,13:15,17,8,0,47,Okanogan,1600,1,0,1,1,2,1,0,2,2,13:28,13:48,15:30,12,0,6,277.4,2,0,4,3,2,1,2,0,0,3,3,US-97,ENGH RD,-119.508675,48.41676944,0,1,68,15,2,50,4,0,0,1,2,12,1,1,4,1,11,1,1,53,0,37,32,2004,0,0,12,,,,,,1,1,79,2,7,1,4,0,99,0,11,4,08/17/2017,15:56,2.11E+11,36325,0,0,3,3,1,39,0,0,0,96,,,,,,99,,,,,,98902,53,62,174,6,1,0,0,0,0,0,0,,,,,,0,,,8,0,0,0,0,9,8,,,0,0,0,8,9,2,1,0,0,1,0,0,2,1,0,,,,,,,,,,,,,,,,,,,,,,,,,,,,,,0,0,0,1,0,0,0,0,0,0,0,0,0,0,0,0,0,0,0,0,0,0,0,0,0,1,1,1,0,1,1,0,0,0,0,,1,0,0,0,0,0,0,0,0,0,0,0,0,0,0,0,,,,,,76-80,76+,US highway,U,Thursday,Unknown,PV,White,1,0,0,0,State Route,State Patrol,Washington State Patrol Headquarter,0,1,0,0,0,,,,,,,,,,,,,,,,,,,,,,,,,,,,,,,,,,,,,,,,,,,
2017,318,E703950,122,08/21/2017,18:59,21,8,0,61,Snohomish,690,1,0,1,1,2,1,1,2,1,18:58,19:07,19:33,8,0,0,7.6,1,0,1,3,2,1,3,0,0,2,3,SR-527,,-122.2048444,47.89566389,0,1,13,80,5,98,4,0,0,1,2,8,1,1,2,1,1,2,4,53,0,41,35,2003,0,0,8,,,,,,1,1,19,1,0,0,0,0,3,0,11,0,,,,,0,0,0,3,1,38,0,0,0,1,,,,,,0,,,,,,98208,53,75,182,6,1,0,0,0,0,0,97,,,,,,0,,,20,0,0,0,8,9,8,,,0,0,0,8,0,2,1,0,0,1,0,0,2,1,0,,,,,,,,,,,,,,,,,,,,,,,,,,,,,,0,0,0,0,0,0,0,0,0,1,0,1,0,0,0,0,1,0,1,0,0,1,1,0,1,0,0,0,0,1,0,1,0,0,0,,0,0,0,0,0,0,0,0,1,0,1,0,0,0,0,0,,,,,,18-20,16-25,State route,U,Monday,Belt Used,PV,Not Fatal,0,0,0,0,State Route,Municipal/City Police,Everett Police Department,0,1,0,0,0,,,carboxy-thc,5,,,,,,,,,,,,,,,,,,,,,,,,,,,,,,,,,,,,,,,
2017,317,E704024,180,08/18/2017,15:37,18,8,0,15,Cowlitz,1190,1,0,1,1,2,1,2,1,1,15:40,15:41,15:43,8,0,0,0,1,0,1,5,2,4,6,0,0,0,0,7TH AVE,DELAWARE ST,-122.9293417,46.12872222,0,1,13,80,5,35,4,0,0,1,5,8,1,1,2,1,1,1,1,53,0,63,34,2013,0,0,8,8,,,,,1,1,21,2,0,0,0,0,99,0,11,0,,,,,0,0,0,3,1,0,0,0,0,17,,,,,,99,,,,,,98632,53,65,118,6,1,0,0,0,2,1,97,,,,,,0,02/15/2014,08/15/2015,20,0,0,0,8,9,8,,,0,0,0,8,9,0,0,0,0,0,0,0,0,0,996,,,,,,,,,,,,,,,,,,,,,,,,,,,,,,0,0,0,0,0,0,0,0,0,0,0,0,0,0,0,0,1,0,0,0,0,0,0,1,1,0,0,0,0,1,0,1,0,0,0,,0,0,0,0,0,0,0,0,1,0,0,0,0,0,0,0,,,,,,21-25,16-25,City street,U,Friday,Unknown,PV,Not Fatal,1,0,0,0,City Street,Municipal/City Police,Longview Police Department,0,0,0,1,0,,,,,,,,,,,,,,,,,,,,,,,,,,,,,,,,,,,,,,,,,,,
2017,323,E704148,160,08/23/2017,6:48,23,8,0,33,King,1030,1,0,1,1,2,1,0,5,4,,,,12,0,7,11.3,3,0,2,3,2,1,3,0,0,3,3,SR-99,S 240 ST,-122.2964528,47.38647222,0,4,98,61,4,45,14,0,0,1,5,12,1,1,3,1,1,1,2,53,0,35,402,2001,0,0,12,,,,,,1,1,30,2,0,0,0,0,3,0,11,0,,,,,0,0,0,3,1,0,0,0,0,0,,,,,,0,,,,,,98001,53,62,160,6,1,0,0,0,0,0,0,,,,,,0,,,20,0,0,0,8,9,8,,,0,0,0,8,0,0,0,0,0,0,0,0,0,0,996,,,,,,,,,,,,,,,,,,,,,,,,,,,,,,0,0,0,1,0,0,0,0,0,0,0,0,0,0,0,0,0,0,0,0,0,0,0,0,0,0,0,0,1,1,0,0,0,0,0,,0,0,0,0,0,0,0,0,0,0,0,0,0,0,0,0,,,,,,26-30,26-35,State route,U,Wednesday,Belt Used,PV,Not Fatal,0,0,0,0,State Route,Municipal/City Police,Kent Police Department,0,1,0,0,0,,,,,,,,,,,,,,,,,,,,,,,,,,,,,,,,,,,,,,,,,,,
2017,323,E704148,160,08/23/2017,6:48,23,8,0,33,King,1030,1,0,1,1,2,1,0,5,4,,,,12,0,7,11.3,3,0,2,3,2,1,3,0,0,3,3,SR-99,S 240 ST,-122.2964528,47.38647222,0,1,46,11,2,45,6,0,0,1,2,12,1,1,3,1,15,2,1,53,0,20,23,2011,0,0,12,,,,,,1,1,61,1,0,0,0,0,3,0,11,0,,,,,0,0,0,3,1,91,0,0,0,96,,,,,,0,,,,,,98168,53,72,215,6,1,0,0,0,1,0,2,,,,,,0,05/15/2017,05/15/2017,20,0,0,0,8,1,1,,,0,0,0,0,0,2,1,0,0,1,0,0,2,1,0,,,,,,,,,,,,,,,,,,,,,,,,,,,,,,0,0,0,1,0,0,0,0,0,0,0,0,0,0,0,0,0,0,0,0,0,0,0,0,0,0,0,0,1,1,0,0,0,0,0,,0,0,0,0,0,0,0,0,0,0,0,0,0,0,0,0,,,,,,61-65,56-65,State route,U,Wednesday,Belt Used,PV,Not Fatal,0,0,0,0,State Route,Municipal/City Police,Kent Police Department,0,1,0,0,0,,,,,,,,,,,,,,,,,,,,,,,,,,,,,,,,,,,,,,,,,,,
2017,323,E704148,160,08/23/2017,6:48,23,8,0,33,King,1030,1,0,1,1,2,1,0,5,4,,,,12,0,7,11.3,3,0,2,3,2,1,3,0,0,3,3,SR-99,S 240 ST,-122.2964528,47.38647222,0,2,45,61,4,45,80,0,0,1,2,12,1,1,3,1,1,1,1,53,0,76,706,2009,0,0,12,12,12,,,,1,1,64,2,7,1,4,7,19,0,11,0,08/23/2017,7:15,1.03E+11,37977,0,0,3,3,1,0,0,0,0,0,,,,,,0,,,,,,98198,53,70,160,6,1,0,0,0,0,0,0,,,,,,0,,,20,8,0,0,0,9,8,,,0,0,0,8,0,2,1,0,0,1,0,0,2,1,0,,,,,,,,,,,,,,,,,,,,,,,,,,,,,,0,0,0,1,0,0,0,0,0,0,0,0,0,0,0,0,0,0,0,0,0,0,0,0,0,0,0,0,1,1,0,0,0,0,1,0,0,0,0,0,0,0,0,0,0,0,0,0,0,0,0,0,,,,,,61-65,56-65,State route,U,Wednesday,,MC,White,0,0,0,0,State Route,Municipal/City Police,Kent Police Department,0,1,0,0,0,,,,,,,,,,,,,,,,,,,,,,,,,,,,,,,,,,,,,,,,,,,
2017,323,E704148,160,08/23/2017,6:48,23,8,0,33,King,1030,1,0,1,1,2,1,0,5,4,,,,12,0,7,11.3,3,0,2,3,2,1,3,0,0,3,3,SR-99,S 240 ST,-122.2964528,47.38647222,0,3,98,61,4,45,5,0,0,1,5,12,1,1,3,1,1,1,1,53,0,63,38,2015,0,0,12,,,,,,1,1,39,2,0,0,0,0,3,0,11,0,,,,,0,0,3,3,1,0,0,0,0,0,,,,,,0,,,,,,98311,53,64,150,6,1,0,0,0,1,0,0,,,,,,0,11/15/2015,11/15/2015,20,0,0,0,8,9,8,,,0,0,0,8,0,0,0,0,0,0,0,0,0,0,996,,,,,,,,,,,,,,,,,,,,,,,,,,,,,,0,0,0,1,0,0,0,0,0,0,0,0,0,0,0,0,0,0,0,0,0,0,0,0,0,0,0,0,1,1,0,0,0,0,0,,0,0,0,0,0,0,0,0,0,0,0,0,0,0,0,0,,,,,,36-40,36-45,State route,U,Wednesday,Belt Used,PV,Not Fatal,0,0,0,0,State Route,Municipal/City Police,Kent Police Department,0,1,0,0,0,,,,,,,,,,,,,,,,,,,,,,,,,,,,,,,,,,,,,,,,,,,
2017,321,E704187,20,08/21/2017,2:30,21,8,0,23,Garfield,0,1,0,2,1,2,1,0,1,1,6:10,6:41,,38,0,0,18.4,1,0,1,5,1,2,4,0,0,0,0,CR-KRBY MAYVIEW RD,,-117.4431389,46.60196944,0,1,6,6,1,50,34,0,0,1,2,1,2,2,2,1,14,1,1,53,0,20,481,2003,0,0,68,64,38,1,,,1,1,24,1,7,1,4,7,20,0,11,0,08/21/2017,2:30,53036458,36458,0,0,0,3,1,0,0,0,0,96,,,,,,99,,,,,,99019,53,71,150,6,1,0,2,0,2,0,0,,,,,,3,10/15/2012,11/15/2016,20,1,9,0,0,9,8,,,0,0,0,8,9,0,0,0,0,0,0,0,0,0,996,,,,,,,,,,,,,,,,,,,,,,,,,,,,,,0,0,1,0,0,0,0,0,0,0,0,0,1,0,0,0,0,0,0,0,0,0,0,1,1,0,0,0,0,0,0,0,0,1,0,,0,0,0,0,0,0,0,0,0,1,0,0,0,0,0,0,,,,,,21-25,16-25,County road,R,Monday,Not Used,PV,White,0,1,0,0,County Road,County Sheriff,Garfield County Sheriff's Office,1,0,1,0,0,,,,,,,,,,,,,,,,,,,,,,,,,,,,,,,,,,,,,,,,,,,
2017,322,E704312,21,08/05/2017,20:30,5,8,0,25,Grant,0,1,0,5,1,2,1,0,1,1,,,,34,0,0,1.1,1,0,1,6,1,2,4,0,0,0,0,CR-RD Q SE,,-119.1255556,47.43608333,0,1,7,13,2,50,2,0,0,1,2,1,3,2,2,1,14,1,2,53,0,7,28,2016,0,0,63,69,68,64,34,1,1,1,47,1,7,1,4,7,20,0,11,0,08/05/2017,20:30,2.53E+11,34618,6,0,0,3,1,58,0,0,0,96,,,,,,9,,,,,,98860,53,71,270,6,1,0,0,0,1,1,0,,,,,,3,08/15/2013,10/15/2013,8,2,9,0,0,9,8,,,0,0,0,8,1,2,1,0,0,1,0,0,2,1,0.16,,,,,,,,,,,,,,,,,,,,,,,,,,,,,,0,0,0,0,1,1,0,1,0,0,0,0,1,0,0,0,0,0,0,1,0,0,0,0,0,0,0,0,0,1,0,0,0,1,0,,1,0,0,0,0,1,0,1,0,1,0,0,0,1,0,1,,,,,,46-50,46-55,County road,R,Saturday,Not Used,PV,White,0,1,0,0,County Road,County Sheriff,Grant County Sheriff's Office,1,0,1,0,0,,,,,,,,,,,,,,,,,,,,,,,,,,,,,,,,,,,,,,,,,,,
2017,309,E704326,1,08/12/2017,15:45,12,8,0,5,Benton,0,1,0,1,1,2,1,0,3,2,,,,12,0,11,17.3,1,0,1,4,1,1,3,0,0,0,0,SR-221,,-119.6014694,46.18498056,0,1,98,13,2,65,2,0,0,1,2,12,3,1,2,1,14,1,1,53,0,20,16,2004,0,0,63,69,68,12,2,,1,1,30,1,7,1,4,7,3,0,11,0,08/12/2017,15:45,53035019,35019,0,0,0,3,1,0,0,0,0,96,,,,,,9,,,,,,98901,53,75,185,6,1,0,0,0,1,0,0,,,,,,0,12/15/2016,12/15/2016,99,0,0,0,0,1,8,,,0,0,0,8,1,2,605,0,0,1,0,0,2,1,0.23,,,,,,,,,,,,,,,,,,,,,,,,,,,,,,0,0,0,0,1,1,1,1,1,0,0,0,0,0,0,0,0,0,0,0,0,0,0,0,0,0,0,0,0,1,0,0,0,0,0,,1,0,0,0,0,1,1,1,0,0,0,0,0,0,0,1,,,,,,26-30,26-35,State route,R,Saturday,Belt Used,PV,White,0,1,1,0,State Route,State Patrol,Washington State Patrol Headquarter,0,1,0,0,0,thc,3.1,carboxy-thc,29,,,,,,,,,,,,,,,,,,,,,,,,,,,,,,,,,,,,,,,
2017,309,E704326,1,08/12/2017,15:45,12,8,0,5,Benton,0,1,0,1,1,2,1,0,3,2,,,,12,0,11,17.3,1,0,1,4,1,1,3,0,0,0,0,SR-221,,-119.6014694,46.18498056,0,2,98,62,4,65,3,0,0,1,2,2,2,1,2,1,14,2,1,53,0,12,37,2000,0,0,12,2,,,,,1,1,47,1,0,0,2,0,3,0,11,4,,,,,0,0,0,3,1,0,0,0,0,0,,,,,,0,,,,,,98944,53,64,180,6,1,0,1,1,1,0,0,,,,,,0,12/15/2012,06/15/2017,99,0,0,0,8,9,8,,,0,0,0,8,0,0,0,0,0,0,0,0,0,0,996,,,,,,,,,,,,,,,,,,,,,,,,,,,,,,0,0,0,0,1,1,1,1,1,0,0,0,0,0,0,0,0,0,0,0,0,0,0,0,0,0,0,0,0,1,0,0,0,0,0,,0,0,0,0,0,0,0,0,0,0,0,0,0,0,0,0,,,,,,46-50,46-55,State route,R,Saturday,Belt Used,PV,Not Fatal,0,1,1,0,State Route,State Patrol,Washington State Patrol Headquarter,0,1,0,0,0,,,,,,,,,,,,,,,,,,,,,,,,,,,,,,,,,,,,,,,,,,,