year,case,par,repjur,crash_dt,crash_tm,accday,accmon,holiday,county,co_char,city,weather,weather2,lightcond,surfcond,surftype,numfatal,nmforms,pforms,vforms,not_tm,arr_tm,hosp_tm,fhevent,hitrun,manncol,milepnt,reljunc,reljuncinter,intersectiontype,funcsystem,landuse,ownership,route,schlbus,spejur,contdev,devfunc,trafid1,trafid2,x,y,wk_zone,vnumber,crashtype,criticalevent,criticaleventcat,spdlim,body,trailer,emerg,hazcargo,leave,mhevent,roadalgn,roadprof,traflane,trafflow,vehmanvr,numoccs,regowner,regstate,spuse,make,model,modelyr,vrf1,vrf2,seqevent1,seqevent2,seqevent3,seqevent4,seqevent5,seqevent6,pnumber,ptype,age,sex,hispanic,race,injury,diedscene,restraint,restraintmisuse,seatpos,takehosp,death_dt,death_tm,cert,cernum_wa,commlic,licendor,licrestrict,liccomp,drivpres,drf1,drf2,drf3,drf4,distract1,distract2,distract3,distract4,distract5,distract6,dricond1,dricond2,dricond3,dricond4,dricond5,dricond6,dzip,licstate,drhgt_in,weight,noncdl,noncdltype,prevdwi,prevoth,prevacc,prevspd,prevsus,driviol1,driviol2,driviol3,driviol4,driviol5,driviol6,spdrel,first_dt,last_dt,airbag,ejection,ejectpath,extricat,injurwrk,methalc,methdrug,nmlocat,strikveh,prf1,prf2,prf3,druginv,alcinvol,drugsts,drugres1,drugres2,drugres3,drugtst1,drugtst2,drugtst3,alcsts,alctst,alcres,nmact1,nmact2,nmact3,nmact4,nmact5,nmact6,nmprior1,nmprior2,nmprior3,nmprior4,nmprior5,nmprior6,nmcond1,nmcond2,nmcond3,nmcond4,nmcond5,nmcond6,nmsafe_helmet,nmsafe_pads,nmsafe_oth,nmprev_ref,nmprev_lgt,nmprev_oth,crashlocation,nmcrashtype,crosswalk,schoolzone,sidewalk,train_inv,wildlife_inv,rotr_fars,intersect_fars,dd_inv,aid_inv,dpd_inv,id_inv,mj_inv,impnm_inv,ainm_inv,dpnm_inv,speed_inv,unlic_inv,unendmc_inv,drowsy_inv,drdist_inv,nmdist_inv,fty_inv,unrestfat_inv,dr1617_inv,dr1820_inv,dr1620_inv,dr2125_inv,dr1625_inv,dr65_inv,dr70_inv,dr75_inv,mc_inv,pv_inv,ht_inv,ped_inv,bike_inv,unrest_fat,mc_fat,unhelmet_mc,pv_fat,ht_fat,ped_fat,bike_fat,dr_alc7,dr_alc8,dr_drug,dr_imp,dr_dist,dr_spd,dr_fty,dr_unlic,dr_alc7only,dr_alc8only,dr_drugonly,dr_drink,nm_imp,nm_alc7,nm_alc8,nm_drug,nm_dist,agegrp1,agegrp2,roadclass,urbrur,dayweek,restuse,vehtype,race_me,intersect,lanedep,oppdir,wrongway,rep_typ,investag,repag_long,rotr,st_rd,cty_rd,city_rd,oth_rd,drug_thc,thc_res,drug_cthc,cthc_res,drug_cann,prevpersemin,prevperse,prevsusoth,drugtst4,drugtst5,drugtst6,drugtst7,drugtst8,drugres4,drugres5,drugres6,drugres7,drugres8,adspresent,adsengaged,adslevel,race1,race2,race3,race4,race5,helmet,helmetmisuse,nmdistract1,nmdistract2,nmdistract3,nmdistract4,nmdistract5,nmdistract6,lab,isedtcase,crf1,crf2,crf3,CoRoadName,CoMP,IntCoRoadName,IntCoMP
2017,336,E706403,290,08/29/2017,15:00,29,8,0,53,Pierce,2230,1,0,1,1,2,1,0,3,3,,,,12,0,2,0,1,0,1,4,2,4,6,0,0,0,0,CENTER ST,,-122.4981583,47.234375,0,1,50,10,2,35,4,0,0,1,5,12,2,3,2,1,14,1,1,53,0,55,35,2005,0,0,68,12,,,,,1,1,44,1,7,1,4,7,20,0,11,0,08/29/2017,15:00,2.23E+11,37659,0,0,0,2,1,28,0,0,0,92,,,,,,99,,,,,,98466,53,73,165,1,1,0,0,1,1,2,0,,,,,,0,10/15/2016,06/15/2017,1,0,0,0,0,9,8,,,0,0,0,8,9,2,401,417,0,1,1,0,2,1,0,,,,,,,,,,,,,,,,,,,,,,,,,,,,,,0,0,0,0,0,0,1,1,0,0,0,0,0,1,0,0,1,0,0,1,0,0,0,0,0,1,1,0,0,1,0,0,0,1,0,,1,0,0,0,0,0,1,1,1,0,0,1,0,0,1,0,,,,,,41-45,36-45,City street,U,Tuesday,Not Used,PV,White,0,1,1,0,City Street,Municipal/City Police,Tacoma Police Department,0,0,0,1,0,,,,,,,,,,,,,,,,,,,,,,,,,,,,,,,,,,,,,,,,,,,
2017,337,E706633,1,08/24/2017,16:12,24,8,0,21,Franklin,1660,1,0,1,1,2,1,0,5,3,,,,12,0,1,13.8,1,0,1,1,2,1,1,0,0,0,0,I-82,,-119.0943083,46.24978333,0,1,28,52,3,60,4,0,0,1,2,12,1,1,2,3,1,3,1,6,0,7,24,2010,0,0,12,12,,,,,1,1,41,2,0,0,1,0,3,0,11,0,,,,,0,0,3,3,1,91,0,0,0,93,,,,,,0,,,,,,95901,6,68,180,6,1,0,0,1,0,0,2,,,,,,0,10/15/2016,10/15/2016,20,0,0,0,8,9,2,,,0,0,0,0,0,0,0,0,0,0,0,0,0,0,996,,,,,,,,,,,,,,,,,,,,,,,,,,,,,,0,0,0,0,0,0,0,0,0,0,0,0,0,0,0,0,1,0,0,0,0,0,0,1,1,0,0,0,0,1,1,0,0,0,0,,0,0,0,0,0,0,0,0,1,0,0,0,0,0,0,0,,,,,,41-45,36-45,Interstate,U,Thursday,Belt Used,PV,Not Fatal,0,0,0,0,State Route,State Patrol,Washington State Patrol Headquarter,0,1,0,0,0,,,,,,,,,,,,,,,,,,,,,,,,,,,,,,,,,,,,,,,,,,,
2017,337,E706633,1,08/24/2017,16:12,24,8,0,21,Franklin,1660,1,0,1,1,2,1,0,5,3,,,,12,0,1,13.8,1,0,1,1,2,1,1,0,0,0,0,I-82,,-119.0943083,46.24978333,0,2,29,53,3,60,20,0,0,1,5,12,1,1,2,3,2,1,2,53,0,41,441,2001,0,0,12,,,,,,1,1,25,2,0,0,0,0,3,0,11,0,,,,,0,0,3,3,1,0,0,0,0,0,,,,,,0,,,,,,98944,53,67,125,6,1,0,0,0,0,0,0,,,,,,0,,,20,0,0,0,8,9,8,,,0,0,0,8,0,0,0,0,0,0,0,0,0,0,996,,,,,,,,,,,,,,,,,,,,,,,,,,,,,,0,0,0,0,0,0,0,0,0,0,0,0,0,0,0,0,1,0,0,0,0,0,0,1,1,0,0,0,0,1,1,0,0,0,0,,0,0,0,0,0,0,0,0,0,0,0,0,0,0,0,0,,,,,,21-25,16-25,Interstate,U,Thursday,Belt Used,PV,Not Fatal,0,0,0,0,State Route,State Patrol,Washington State Patrol Headquarter,0,1,0,0,0,,,,,,,,,,,,,,,,,,,,,,,,,,,,,,,,,,,,,,,,,,,
2017,337,E706633,1,08/24/2017,16:12,24,8,0,21,Franklin,1660,1,0,1,1,2,1,0,5,3,,,,12,0,1,13.8,1,0,1,1,2,1,1,0,0,0,0,I-82,,-119.0943083,46.24978333,0,3,98,60,4,60,66,2,0,1,5,12,1,1,2,3,1,1,3,53,0,85,881,2007,0,0,12,,,,,,1,1,25,1,0,0,0,0,3,0,11,0,,,,,6,1,3,3,1,0,0,0,0,0,,,,,,0,,,,,,99301,53,65,150,6,1,0,1,1,3,0,0,,,,,,0,07/15/2015,01/15/2017,20,0,0,0,8,9,8,,,0,0,0,8,0,0,0,0,0,0,0,0,0,0,996,,,,,,,,,,,,,,,,,,,,,,,,,,,,,,0,0,0,0,0,0,0,0,0,0,0,0,0,0,0,0,1,0,0,0,0,0,0,1,1,0,0,0,0,1,1,0,0,0,0,,0,0,0,0,0,0,0,0,0,0,0,0,0,0,0,0,,,,,,21-25,16-25,Interstate,U,Thursday,,MHTRUCK,Not Fatal,0,0,0,0,State Route,State Patrol,Washington State Patrol Headquarter,0,1,0,0,0,,,,,,,,,,,,,,,,,,,,,,,,,,,,,,,,,,,,,,,,,,,
2017,331,E706887,2,08/26/2017,20:02,26,8,0,57,Skagit,0,1,0,5,1,2,1,0,1,1,19:56,20:15,,31,0,0,5.7,1,0,1,6,1,2,4,0,0,0,0,CR-PRAIRIE RD,,-122.2594722,48.583325,0,1,1,13,2,50,80,0,0,1,2,31,1,2,2,1,1,1,1,53,0,76,706,2003,0,0,63,31,38,35,,,1,1,28,1,7,1,4,7,5,0,11,0,08/26/2017,20:02,53037237,37237,0,0,1,3,1,0,0,0,0,96,,,,,,99,,,,,,98284,53,69,195,6,1,0,0,0,0,0,0,,,,,,3,,,20,8,0,0,0,1,8,,,0,0,0,8,1,2,1,0,0,1,0,0,2,1,0.26,,,,,,,,,,,,,,,,,,,,,,,,,,,,,,0,0,1,0,1,1,0,1,0,0,0,0,1,0,0,0,0,0,0,0,0,0,0,0,0,0,0,0,1,0,0,0,0,0,1,0,0,0,0,0,0,1,0,1,0,1,0,0,0,1,0,1,,,,,,26-30,26-35,County road,R,Saturday,,MC,White,0,1,0,0,County Road,State Patrol,Washington State Patrol Headquarter,1,0,1,0,0,,,,,,,,,,,,,,,,,,,,,,,,,,,,,,,,,,,,,,,,,,,
2017,341,E707000,7,08/30/2017,18:02,30,8,0,33,King,0,1,0,1,1,1,1,0,3,2,,,,12,0,6,1.1,1,0,1,3,2,1,3,0,0,0,0,SR-900,,-122.26755,47.494775,0,2,98,60,4,55,4,0,0,1,2,12,1,2,4,1,1,1,1,53,0,22,18,2003,0,0,12,,,,,,1,1,22,1,0,0,1,0,3,0,11,4,,,,,0,0,0,3,1,0,0,0,0,0,,,,,,0,,,,,,98104,53,72,160,6,1,0,2,1,1,1,0,,,,,,0,05/15/2015,09/15/2016,8,0,0,0,8,9,8,,,0,0,0,8,0,0,0,0,0,0,0,0,0,0,996,,,,,,,,,,,,,,,,,,,,,,,,,,,,,,0,0,0,0,0,0,1,1,0,0,0,0,0,0,0,0,0,0,0,0,0,0,0,1,1,0,0,0,0,1,0,0,0,0,0,,0,0,0,0,0,0,0,0,0,0,0,0,0,0,0,0,,,,,,21-25,16-25,State route,U,Wednesday,Belt Used,PV,Not Fatal,0,0,0,0,State Route,State Patrol,Washington State Patrol Headquarter,0,1,0,0,0,,,,,,,,,,,,,,,,,,,,,,,,,,,,,,,,,,,,,,,,,,,
2017,341,E707000,7,08/30/2017,18:02,30,8,0,33,King,0,1,0,1,1,1,1,0,3,2,,,,12,0,6,1.1,1,0,1,3,2,1,3,0,0,0,0,SR-900,,-122.26755,47.494775,0,1,98,60,4,55,4,0,0,1,2,12,1,2,4,1,12,2,3,53,0,49,40,2001,0,0,12,,,,,,1,1,49,1,7,1,4,7,99,0,11,0,08/30/2017,18:02,2.31E+11,40558,0,0,0,3,1,0,0,0,0,96,,,,,,99,,,,,,98155,53,70,190,6,1,0,0,0,0,0,0,,,,,,0,,,20,0,0,0,0,9,8,,,0,0,0,8,9,2,401,407,417,1,1,1,2,1,0,,,,,,,,,,,,,,,,,,,,,,,,,,,,,,0,0,0,0,0,0,1,1,0,0,0,0,0,0,0,0,0,0,0,0,0,0,0,1,1,0,0,0,0,1,0,0,0,0,0,,1,0,0,0,0,0,1,1,0,0,0,0,0,0,1,0,,,,,,46-50,46-55,State route,U,Wednesday,Unknown,PV,White,0,0,0,0,State Route,State Patrol,Washington State Patrol Headquarter,0,1,0,0,0,,,,,,,,,,,,,,,,,,,,,,,,,,,,,,,,,,,,,,,,,,,
2017,338,E707219,25,08/30/2017,22:12,30,8,0,33,King,0,1,0,2,1,2,1,0,3,1,22:35,22:58,23:12,42,0,0,2.4,3,0,10,5,1,2,4,0,0,40,3,CR-SW BANK RD,THORSON RD SW,-122.49985,47.44716944,0,1,1,13,2,35,6,0,0,1,5,42,3,2,2,1,14,3,2,53,0,32,47,2004,0,0,63,42,42,,,,1,1,26,1,0,0,1,0,99,0,11,4,,,,,0,0,0,3,1,0,0,0,0,96,,,,,,9,,,,,,98070,53,68,155,6,1,0,0,0,4,0,97,,,,,,4,05/15/2013,04/15/2014,8,0,0,0,8,2,8,,,0,0,0,8,1,2,1,0,0,1,0,0,2,1,0.099,,,,,,,,,,,,,,,,,,,,,,,,,,,,,,0,0,1,1,1,1,0,1,0,0,0,0,1,0,0,0,0,0,0,0,0,0,0,0,0,0,0,0,0,1,0,0,0,0,0,,0,0,0,0,0,1,0,1,0,1,0,0,0,1,0,1,,,,,,26-30,26-35,County road,R,Wednesday,Unknown,PV,Not Fatal,0,1,0,0,County Road,County Sheriff,King County Police,1,0,1,0,0,,,,,,,,,,,,,,,,,,,,,,,,,,,,,,,,,,,,,,,,,,,
2017,342,E707263,46,08/20/2017,0:24,20,8,0,75,Whitman,0,1,0,2,1,2,1,0,2,1,,,,5,0,0,23.6,1,0,1,5,1,2,4,0,0,0,0,CR-WAWAWAI RD,,-117.2481361,46.54096944,0,1,0,98,7,98,34,0,0,1,5,5,1,1,2,1,1,2,1,53,0,7,482,1999,0,0,5,,,,,,1,1,43,2,0,0,0,0,3,0,11,0,,,,,0,0,0,3,1,0,0,0,0,0,,,,,,0,,,,,,99403,53,63,125,6,1,0,0,0,0,0,0,,,,,,0,,,20,0,0,0,8,9,8,,,0,0,0,8,0,0,0,0,0,0,0,0,0,0,996,,,,,,,,,,,,,,,,,,,,,,,,,,,,,,0,0,0,0,0,0,0,0,0,0,0,0,0,0,0,0,0,0,0,0,0,0,0,0,0,0,0,0,0,0,0,0,0,0,0,,0,0,0,0,0,0,0,0,0,0,0,0,0,0,0,0,,,,,,41-45,36-45,County road,R,Sunday,Belt Used,PV,Not Fatal,0,0,0,0,County Road,County Sheriff,Whitman County Sheriff's Office,0,0,1,0,0,,,,,,,,,,,,,,,,,,,,,,,,,,,,,,,,,,,,,,,,,,,
2017,352,E707748,206,09/01/2017,23:33,1,9,6,61,Snohomish,1407,1,0,3,1,2,1,0,2,1,23:33,23:42,0:11,42,0,0,0,1,0,1,5,2,4,6,0,0,0,0,48TH AVE W,,-122.2976833,47.79785833,0,1,1,13,2,25,2,0,0,1,2,42,1,1,2,1,1,2,1,53,0,35,48,2010,0,0,63,42,2,,,,1,1,26,1,0,0,1,0,99,0,11,8,,,,,0,0,0,3,1,91,0,0,0,6,,,,,,9,,,,,,98026,53,73,220,6,1,0,3,1,5,2,1,,,,,,4,09/15/2012,09/15/2016,99,0,0,0,8,5,8,,,0,0,0,8,1,2,605,0,0,1,0,0,2,1,0.049,,,,,,,,,,,,,,,,,,,,,,,,,,,,,,0,0,1,0,1,0,1,1,1,0,0,0,1,0,0,0,1,0,0,0,0,0,0,0,0,0,0,0,0,1,0,0,0,0,0,,0,0,0,0,1,0,1,1,1,1,0,0,0,0,0,1,,,,,,26-30,26-35,City street,U,Friday,Unknown,PV,Not Fatal,0,1,0,0,City Street,Municipal/City Police,Mountlake Terrace Police Department,1,0,0,1,0,thc,4.7,carboxy-thc,34,,,,,,,,,,,,,,,,,,,,,,,,,,,,,,,,,,,,,,,
2017,353,E708415,4,09/02/2017,0:06,2,9,6,1,Adams,0,1,0,2,1,2,1,0,1,1,0:13,0:27,,1,0,0,226.3,1,0,1,1,1,1,1,0,0,0,0,I-90,,-118.2966028,47.16491111,0,1,98,1,1,70,34,0,0,1,2,1,1,1,2,3,1,1,1,30,0,20,481,2001,0,0,61,64,69,1,,,1,1,57,1,7,1,4,7,3,0,11,0,09/02/2017,0:06,53068719,68719,0,0,0,3,1,80,0,0,0,96,,,,,,99,,,,,,59923,30,,999,6,1,0,0,98,0,0,0,,,,,,0,,,20,0,0,0,0,9,8,,,0,0,0,8,9,0,0,0,0,0,0,0,0,0,996,,,,,,,,,,,,,,,,,,,,,,,,,,,,,,0,0,0,0,0,0,0,0,0,0,0,0,0,0,0,0,0,0,0,0,0,0,0,0,0,0,0,0,0,0,0,0,0,0,0,,0,0,0,0,0,0,0,0,0,0,0,0,0,0,0,0,,,,,,56-60,56-65,Interstate,R,Saturday,Belt Used,PV,White,0,0,0,0,State Route,State Patrol,Washington State Patrol Headquarter,0,1,0,0,0,,,,,,,,,,,,,,,,,,,,,,,,,,,,,,,,,,,,,,,,,,,
2017,354,E708471,122,09/02/2017,20:27,2,9,6,61,Snohomish,690,1,0,2,1,2,1,1,1,1,20:27,20:35,21:11,8,0,0,0,1,0,1,3,2,4,6,0,0,0,0,AIRPORT RD,,-122.2594667,47.89083056,0,1,13,80,5,45,3,0,0,1,5,8,1,1,2,1,1,1,2,53,0,37,31,1988,0,0,8,,,,,,1,1,32,1,0,0,0,0,3,0,11,0,,,,,0,0,0,3,1,0,0,0,0,0,,,,,,0,,,,,,98208,53,69,195,6,1,0,0,0,0,0,0,,,,,,0,,,20,0,0,0,8,9,8,,,0,0,0,8,0,0,0,0,0,0,0,0,0,0,996,,,,,,,,,,,,,,,,,,,,,,,,,,,,,,0,0,0,0,0,0,0,0,0,1,1,1,0,0,0,0,0,0,0,0,0,0,0,0,0,0,0,0,0,1,0,1,0,0,0,,0,0,0,0,0,0,0,0,0,0,0,0,0,0,0,0,,,,,,31-35,26-35,City street,U,Saturday,Belt Used,PV,Not Fatal,0,0,0,0,City Street,Municipal/City Police,Everett Police Department,0,0,0,1,0,,,,,,,,,,,,,,,,,,,,,,,,,,,,,,,,,,,,,,,,,,,
2017,344,E708509,3,08/06/2017,18:29,6,8,0,53,Pierce,0,1,0,1,1,2,1,0,5,2,18:26,18:46,19:20,12,0,2,14.8,1,0,1,3,2,1,3,0,0,0,0,SR-302,,-122.6523167,47.37719167,0,2,51,62,4,40,14,0,0,1,5,12,2,2,2,1,14,2,1,53,0,20,401,2002,0,0,12,,,,,,1,1,23,2,0,0,2,0,3,0,11,8,,,,,0,0,0,3,1,0,0,0,0,0,,,,,,0,,,,,,98366,53,64,230,6,1,0,0,0,0,0,0,,,,,,0,,,1,0,0,0,8,9,8,,,0,0,0,8,0,0,0,0,0,0,0,0,0,0,996,,,,,,,,,,,,,,,,,,,,,,,,,,,,,,0,0,0,0,1,1,1,1,1,0,0,0,0,0,0,0,0,0,0,0,0,1,1,1,1,0,0,0,0,1,0,0,0,0,0,,0,0,0,0,0,0,0,0,0,0,0,0,0,0,0,0,,,,,,21-25,16-25,State route,U,Sunday,Belt Used,PV,Not Fatal,0,1,1,0,State Route,State Patrol,Washington State Patrol Headquarter,0,1,0,0,0,,,,,,,,,,,,,,,,,,,,,,,,,,,,,,,,,,,,,,,,,,,
2017,344,E708509,3,08/06/2017,18:29,6,8,0,53,Pierce,0,1,0,1,1,2,1,0,5,2,18:26,18:46,19:20,12,0,2,14.8,1,0,1,3,2,1,3,0,0,0,0,SR-302,,-122.6523167,47.37719167,0,1,50,10,2,40,2,0,0,1,2,12,3,2,2,1,14,3,2,53,0,37,31,2003,0,0,68,12,,,,,1,1,19,2,0,0,2,0,3,0,11,8,,,,,0,0,0,3,1,28,91,0,0,96,,,,,,9,,,,,,98406,53,65,136,6,1,0,0,0,0,0,1,,,,,,0,,,1,0,0,0,8,9,8,,,0,0,0,8,1,2,402,605,0,1,1,0,2,1,0.12,,,,,,,,,,,,,,,,,,,,,,,,,,,,,,0,0,0,0,1,1,1,1,1,0,0,0,0,0,0,0,0,0,0,0,0,1,1,1,1,0,0,0,0,1,0,0,0,0,0,,0,0,0,0,0,1,1,1,0,0,0,0,0,0,0,1,,,,,,18-20,16-25,State route,U,Sunday,Belt Used,PV,Not Fatal,0,1,1,0,State Route,State Patrol,Washington State Patrol Headquarter,0,1,0,0,0,thc,8.8,carboxy-thc,48,,,,,,,,,,,,,,,,,,,,,,,,,,,,,,,,,,,,,,,
2017,335,E708617,3,08/30/2017,2:27,30,8,0,53,Pierce,0,1,0,3,1,2,1,0,2,2,2:27,2:34,,14,0,0,2.1,5,1,1,3,2,1,3,0,0,0,0,SR-512,SR-7,-122.4397139,47.15817222,0,1,6,12,2,60,3,0,0,1,2,14,1,1,1,6,1,1,1,53,0,30,42,2003,0,0,64,14,,,,,1,1,30,2,7,1,4,7,3,0,11,0,08/30/2017,2:27,2.23E+11,38026,0,0,0,3,1,0,0,0,0,96,,,,,,9,,,,,,98374,53,61,120,6,1,0,1,2,0,0,0,,,,,,0,01/15/2015,12/15/2016,1,0,0,0,0,1,8,,,0,0,0,8,1,2,1,0,0,1,0,0,2,1,0.2,,,,,,,,,,,,,,,,,,,,,,,,,,,,,,0,0,1,0,1,1,0,1,0,0,0,0,0,0,0,0,0,0,0,0,0,0,0,0,0,0,0,0,0,1,1,0,0,0,0,,1,0,0,0,0,1,0,1,0,0,0,0,0,1,0,1,,,,,,26-30,26-35,State route,U,Wednesday,Belt Used,PV,White,0,1,0,0,State Route,State Patrol,Washington State Patrol Headquarter,1,1,0,0,0,,,,,,,,,,,,,,,,,,,,,,,,,,,,,,,,,,,,,,,,,,,
2017,376,E708623,194,09/01/2017,6:45,1,9,0,33,King,1305,1,0,1,1,2,1,0,3,2,6:53,7:04,7:15,12,0,1,0,3,0,2,5,2,4,6,0,0,20,3,SE 24TH ST,W MERCER WAY,-122.2480889,47.58918333,0,2,21,53,3,25,1,0,0,1,2,12,1,2,2,1,5,1,2,6,0,22,16,1999,0,0,12,63,42,,,,1,1,21,1,7,1,4,7,3,0,11,0,09/01/2017,6:45,1.31E+11,38119,0,0,0,3,1,0,0,0,0,0,,,,,,0,,,,,,94513,6,68,150,6,1,0,0,0,0,0,0,,,,,,0,,,20,0,0,0,0,9,8,,,0,0,0,8,0,2,1,0,0,1,0,0,2,1,0,,,,,,,,,,,,,,,,,,,,,,,,,,,,,,0,0,0,1,1,1,0,1,0,0,0,0,1,0,0,0,0,0,0,0,0,1,1,1,1,0,0,0,0,1,0,0,0,0,0,,1,0,0,0,0,0,0,0,0,0,0,0,0,0,0,0,,,,,,21-25,16-25,City street,U,Friday,Belt Used,PV,White,1,0,0,0,City Street,Municipal/City Police,Mercer Island Police Department,0,0,0,1,0,,,,,,,,,,,,,,,,,,,,,,,,,,,,,,,,,,,,,,,,,,,
2017,376,E708623,194,09/01/2017,6:45,1,9,0,33,King,1305,1,0,1,1,2,1,0,3,2,6:53,7:04,7:15,12,0,1,0,3,0,2,5,2,4,6,0,0,20,3,SE 24TH ST,W MERCER WAY,-122.2480889,47.58918333,0,1,20,50,3,25,4,0,0,1,2,12,1,2,2,1,1,2,2,53,0,42,42,2013,0,0,12,,,,,,1,1,20,1,0,0,1,0,3,0,11,8,,,,,0,0,0,3,1,91,0,0,0,96,,,,,,9,,,,,,98029,53,66,150,6,1,0,0,0,0,0,1,,,,,,4,,,1,0,0,0,8,9,8,,,0,0,0,8,1,2,1,0,0,1,0,0,2,1,0.094,,,,,,,,,,,,,,,,,,,,,,,,,,,,,,0,0,0,1,1,1,0,1,0,0,0,0,1,0,0,0,0,0,0,0,0,1,1,1,1,0,0,0,0,1,0,0,0,0,0,,0,0,0,0,0,1,0,1,0,1,0,0,0,1,0,1,,,,,,18-20,16-25,City street,U,Friday,Belt Used,PV,Not Fatal,1,0,0,0,City Street,Municipal/City Police,Mercer Island Police Department,0,0,0,1,0,,,,,,,,,,,,,,,,,,,,,,,,,,,,,,,,,,,,,,,,,,,
2017,355,E708997,14,09/06/2017,16:50,6,9,0,11,Clark,0,1,0,1,1,2,1,0,1,1,16:50,17:00,17:17,39,0,0,1.2,3,0,2,4,2,2,4,0,0,0,0,CR-NE UNION RD,155TH ST,-122.6514222,45.73275278,0,1,2,13,2,40,3,0,0,1,5,39,1,1,2,1,1,1,2,53,0,12,13,1993,0,0,64,69,63,39,,,1,1,38,1,7,1,4,0,3,0,11,5,09/08/2017,17:17,2.37E+11,38693,0,0,0,3,1,0,0,0,0,96,,,,,,99,,,,,,98684,53,62,110,6,1,0,0,0,0,0,0,,,,,,0,,,20,0,0,0,0,9,8,,,0,0,0,8,9,2,401,417,605,1,1,1,2,1,0,,,,,,,,,,,,,,,,,,,,,,,,,,,,,,0,0,0,1,0,0,1,1,1,0,0,0,0,0,0,0,0,0,0,0,0,0,0,0,0,0,0,0,0,1,0,0,0,0,0,,1,0,0,0,0,0,1,1,0,0,0,0,0,0,1,0,,,,,,36-40,36-45,County road,U,Wednesday,Belt Used,PV,White,0,1,0,0,County Road,County Sheriff,Clark County Sheriff's Office,1,0,1,0,0,thc,4.8,carboxy-thc,12,,,,,,,,,,,,,,,,,,,,,,,,,,,,,,,,,,,,,,,
2017,356,E709789,7,09/08/2017,16:15,8,9,0,33,King,100,10,0,1,1,2,1,0,2,1,15:34,16:25,,21,0,0,17.1,1,0,1,3,2,1,3,0,0,0,0,SR-167,,-122.2567556,47.29559444,0,1,2,13,2,60,4,0,0,1,2,21,4,4,3,3,14,2,1,53,0,30,40,2011,0,0,63,21,,,,,1,1,35,2,7,1,4,7,20,0,11,0,09/08/2017,16:15,10053039508,39508,0,0,3,2,1,0,0,0,0,0,,,,,,2,9,,,,,99202,53,74,145,1,1,0,2,1,3,4,0,,,,,,0,03/15/2014,06/15/2017,1,0,0,0,0,1,8,,,0,0,0,1,1,2,304,321,351,1,1,1,2,1,0.072,,,,,,,,,,,,,,,,,,,,,,,,,,,,,,0,0,0,0,1,0,1,1,0,0,0,0,0,1,0,1,0,0,0,1,0,0,0,0,0,0,0,0,0,1,0,0,0,1,0,,1,0,0,0,1,0,1,1,0,0,0,1,0,0,0,1,,,,,,31-35,26-35,State route,U,Friday,Not Used,PV,White,0,1,0,0,State Route,State Patrol,Washington State Patrol Headquarter,1,1,0,0,0,,,,,,,,,,,,,,,,,,,,,,,,,,,,,,,,,,,,,,,,,,,
2017,329,E709896,8,08/25/2017,22:52,25,8,0,27,Grays Harbor,0,1,0,2,1,2,1,1,2,1,,,,8,0,0,13.9,1,0,1,3,2,1,2,0,0,0,0,US-12,,-123.5375389,46.98810833,0,1,13,80,5,60,15,0,0,1,5,8,1,1,2,3,1,2,3,53,0,62,423,2016,0,0,8,,,,,,1,1,55,2,0,0,0,0,3,0,11,0,,,,,0,0,0,3,1,0,0,0,0,0,,,,,,0,,,,,,98520,53,70,180,6,1,0,0,0,0,0,0,,,,,,0,,,20,0,0,0,8,9,2,,,0,0,0,0,0,0,0,0,0,0,0,0,0,0,996,,,,,,,,,,,,,,,,,,,,,,,,,,,,,,0,0,0,0,0,0,0,0,0,1,1,1,0,0,0,0,0,0,0,0,0,0,0,0,0,0,0,0,0,1,0,1,0,0,0,,0,0,0,0,0,0,0,0,0,0,0,0,0,0,0,0,,,,,,51-55,46-55,US highway,U,Friday,Belt Used,PV,Not Fatal,0,0,0,0,State Route,State Patrol,Washington State Patrol Headquarter,0,1,0,0,0,,,,,,,,,,,,,,,,,,,,,,,,,,,,,,,,,,,,,,,,,,,
2017,357,E709917,248,09/09/2017,2:30,9,9,0,33,King,1830,1,0,3,1,1,1,0,1,1,,,,38,0,0,0,1,0,1,5,2,4,6,0,0,0,0,E VALLEY RD,,-122.2186028,47.44252222,0,1,1,13,2,35,1,0,0,1,5,1,3,1,2,1,14,1,1,53,0,69,31,2006,0,0,63,38,30,1,,,1,1,57,1,7,2,4,7,99,0,11,0,09/09/2017,2:53,1.83E+11,39838,0,0,0,3,1,0,0,0,0,96,,,,,,99,,,,,,98118,53,70,195,6,1,0,0,0,0,0,0,,,,,,3,,,8,1,9,0,0,9,8,,,0,0,0,8,9,2,605,0,0,1,0,0,2,1,0.12,,,,,,,,,,,,,,,,,,,,,,,,,,,,,,0,0,1,0,1,1,1,1,1,0,0,0,1,0,0,0,0,0,0,0,0,0,0,0,0,0,0,0,0,1,0,0,0,0,0,,1,0,0,0,0,1,1,1,0,1,0,0,0,0,0,1,,,,,,56-60,56-65,City street,U,Saturday,Unknown,PV,Black,0,1,0,0,City Street,Municipal/City Police,Renton Police Department,1,0,0,1,0,thc,5.9,carboxy-thc,8.1,,,,,,,,,,,,,,,,,,,,,,,,,,,,,,,,,,,,,,,