year,case,par,repjur,crash_dt,crash_tm,accday,accmon,holiday,county,co_char,city,weather,weather2,lightcond,surfcond,surftype,numfatal,nmforms,pforms,vforms,not_tm,arr_tm,hosp_tm,fhevent,hitrun,manncol,milepnt,reljunc,reljuncinter,intersectiontype,funcsystem,landuse,ownership,route,schlbus,spejur,contdev,devfunc,trafid1,trafid2,x,y,wk_zone,vnumber,crashtype,criticalevent,criticaleventcat,spdlim,body,trailer,emerg,hazcargo,leave,mhevent,roadalgn,roadprof,traflane,trafflow,vehmanvr,numoccs,regowner,regstate,spuse,make,model,modelyr,vrf1,vrf2,seqevent1,seqevent2,seqevent3,seqevent4,seqevent5,seqevent6,pnumber,ptype,age,sex,hispanic,race,injury,diedscene,restraint,restraintmisuse,seatpos,takehosp,death_dt,death_tm,cert,cernum_wa,commlic,licendor,licrestrict,liccomp,drivpres,drf1,drf2,drf3,drf4,distract1,distract2,distract3,distract4,distract5,distract6,dricond1,dricond2,dricond3,dricond4,dricond5,dricond6,dzip,licstate,drhgt_in,weight,noncdl,noncdltype,prevdwi,prevoth,prevacc,prevspd,prevsus,driviol1,driviol2,driviol3,driviol4,driviol5,driviol6,spdrel,first_dt,last_dt,airbag,ejection,ejectpath,extricat,injurwrk,methalc,methdrug,nmlocat,strikveh,prf1,prf2,prf3,druginv,alcinvol,drugsts,drugres1,drugres2,drugres3,drugtst1,drugtst2,drugtst3,alcsts,alctst,alcres,nmact1,nmact2,nmact3,nmact4,nmact5,nmact6,nmprior1,nmprior2,nmprior3,nmprior4,nmprior5,nmprior6,nmcond1,nmcond2,nmcond3,nmcond4,nmcond5,nmcond6,nmsafe_helmet,nmsafe_pads,nmsafe_oth,nmprev_ref,nmprev_lgt,nmprev_oth,crashlocation,nmcrashtype,crosswalk,schoolzone,sidewalk,train_inv,wildlife_inv,rotr_fars,intersect_fars,dd_inv,aid_inv,dpd_inv,id_inv,mj_inv,impnm_inv,ainm_inv,dpnm_inv,speed_inv,unlic_inv,unendmc_inv,drowsy_inv,drdist_inv,nmdist_inv,fty_inv,unrestfat_inv,dr1617_inv,dr1820_inv,dr1620_inv,dr2125_inv,dr1625_inv,dr65_inv,dr70_inv,dr75_inv,mc_inv,pv_inv,ht_inv,ped_inv,bike_inv,unrest_fat,mc_fat,unhelmet_mc,pv_fat,ht_fat,ped_fat,bike_fat,dr_alc7,dr_alc8,dr_drug,dr_imp,dr_dist,dr_spd,dr_fty,dr_unlic,dr_alc7only,dr_alc8only,dr_drugonly,dr_drink,nm_imp,nm_alc7,nm_alc8,nm_drug,nm_dist,agegrp1,agegrp2,roadclass,urbrur,dayweek,restuse,vehtype,race_me,intersect,lanedep,oppdir,wrongway,rep_typ,investag,repag_long,rotr,st_rd,cty_rd,city_rd,oth_rd,drug_thc,thc_res,drug_cthc,cthc_res,drug_cann,prevpersemin,prevperse,prevsusoth,drugtst4,drugtst5,drugtst6,drugtst7,drugtst8,drugres4,drugres5,drugres6,drugres7,drugres8,adspresent,adsengaged,adslevel,race1,race2,race3,race4,race5,helmet,helmetmisuse,nmdistract1,nmdistract2,nmdistract3,nmdistract4,nmdistract5,nmdistract6,lab,isedtcase,crf1,crf2,crf3,CoRoadName,CoMP,IntCoRoadName,IntCoMP
2017,358,E710024,3,09/09/2017,23:00,9,9,0,53,Pierce,0,2,0,2,2,2,1,1,1,1,,,,8,0,0,44.9,1,0,1,3,1,1,3,0,0,0,0,SR-7,,-122.4008389,47.05613611,0,1,13,80,5,50,4,0,0,1,5,8,1,1,5,5,1,1,1,53,0,20,2,2012,0,0,8,,,,,,1,1,57,2,0,0,0,0,3,0,11,0,,,,,0,0,0,3,1,0,0,0,0,1,,,,,,0,,,,,,98371,53,67,125,6,1,0,1,0,0,0,0,,,,,,0,06/15/2013,06/15/2013,20,0,0,0,8,9,8,,,0,0,0,8,0,0,0,0,0,0,0,0,0,0,996,,,,,,,,,,,,,,,,,,,,,,,,,,,,,,0,0,0,0,0,0,0,0,0,1,0,1,0,0,0,0,1,0,0,0,0,0,0,0,0,0,0,0,0,1,0,1,0,0,0,,0,0,0,0,0,0,0,0,1,0,0,0,0,0,0,0,,,,,,56-60,56-65,State route,R,Saturday,Belt Used,PV,Not Fatal,0,0,0,0,State Route,State Patrol,Washington State Patrol Headquarter,0,1,0,0,0,,,,,,,,,,,,,,,,,,,,,,,,,,,,,,,,,,,,,,,,,,,
2017,389,E710103,146,09/10/2017,20:09,10,9,0,77,Yakima,0,1,0,2,1,2,1,0,2,2,19:38,19:51,21:23,12,0,6,4.3,8,0,1,5,1,2,4,0,3,0,0,CR-W WAPATO RD,,-120.5200528,46.44836667,0,2,98,53,3,55,34,0,0,1,5,12,1,1,2,1,11,1,3,53,0,20,481,2007,0,0,12,,,,,,1,1,51,2,0,0,0,0,3,0,11,0,,,,,0,0,0,3,1,0,0,0,0,0,,,,,,0,,,,,,98901,53,59,155,6,1,0,0,0,0,0,0,,,,,,0,,,20,0,0,0,8,9,8,,,0,0,0,8,0,0,0,0,0,0,0,0,0,0,996,,,,,,,,,,,,,,,,,,,,,,,,,,,,,,0,0,0,0,0,0,0,0,0,0,0,0,0,0,1,0,0,0,0,0,0,0,0,0,0,0,0,0,1,0,0,0,0,0,0,,0,0,0,0,0,0,0,0,0,0,0,0,0,0,0,0,,,,,,51-55,46-55,County road,R,Sunday,Belt Used,PV,Not Fatal,0,0,0,0,County Road,County Sheriff,Yakima County Sheriff's Office,0,0,1,0,0,,,,,,,,,,,,,,,,,,,,,,,,,,,,,,,,,,,,,,,,,,,
2017,389,E710103,146,09/10/2017,20:09,10,9,0,77,Yakima,0,1,0,2,1,2,1,0,2,2,19:38,19:51,21:23,12,0,6,4.3,8,0,1,5,1,2,4,0,3,0,0,CR-W WAPATO RD,,-120.5200528,46.44836667,0,1,98,10,2,55,80,0,0,1,2,12,1,1,2,1,6,1,1,53,0,76,705,1984,0,0,12,,,,,,1,1,51,1,7,1,4,0,19,0,11,1,09/18/2017,20:06,1.96E+11,40951,0,0,0,2,1,33,0,0,0,96,,,,,,99,,,,,,98942,53,68,200,6,1,0,1,1,0,0,0,,,,,,0,05/15/2017,05/15/2017,20,8,0,0,0,9,8,,,0,0,0,8,9,0,0,0,0,0,0,0,0,0,996,,,,,,,,,,,,,,,,,,,,,,,,,,,,,,0,0,0,0,0,0,0,0,0,0,0,0,0,0,1,0,0,0,0,0,0,0,0,0,0,0,0,0,1,0,0,0,0,0,1,0,0,0,0,0,0,0,0,0,0,0,0,0,0,0,0,0,,,,,,51-55,46-55,County road,R,Sunday,,MC,White,0,0,0,0,County Road,County Sheriff,Yakima County Sheriff's Office,0,0,1,0,0,,,,,,,,,,,,,,,,,,,,,,,,,,,,,,,,,,,,,,,,,,,
2017,359,E710133,40,09/07/2017,22:52,7,9,0,63,Spokane,0,5,0,2,1,2,1,0,2,2,22:37,22:49,,12,0,2,0.2,1,0,1,3,2,2,4,0,0,0,0,CR-APPLEWAY AVE,,-117.0454056,47.69778056,0,2,51,62,4,35,4,0,0,1,2,12,3,2,2,1,14,1,1,16,0,30,40,2015,0,0,12,,,,,,1,1,20,2,0,0,0,0,3,0,11,0,,,,,0,0,0,3,1,0,0,0,0,0,,,,,,0,,,,,,83854,16,63,120,6,1,0,0,0,0,0,0,,,,,,0,,,8,0,0,0,8,9,2,,,0,0,0,0,0,2,1,0,0,1,0,0,2,1,0,,,,,,,,,,,,,,,,,,,,,,,,,,,,,,0,0,0,0,1,1,1,1,1,0,0,0,1,0,0,0,0,0,0,0,0,1,1,0,1,0,0,0,1,1,0,0,0,0,0,,0,0,0,0,0,0,0,0,0,0,0,0,0,0,0,0,,,,,,18-20,16-25,County road,U,Thursday,Belt Used,PV,Not Fatal,0,1,1,0,County Road,County Sheriff,Spokane County Sheriff's Office,0,0,1,0,0,,,,,,,,,,,,,,,,,,,,,,,,,,,,,,,,,,,,,,,,,,,
2017,359,E710133,40,09/07/2017,22:52,7,9,0,63,Spokane,0,5,0,2,1,2,1,0,2,2,22:37,22:49,,12,0,2,0.2,1,0,1,3,2,2,4,0,0,0,0,CR-APPLEWAY AVE,,-117.0454056,47.69778056,0,1,50,10,2,35,80,0,0,1,2,12,2,2,2,1,6,1,1,53,0,72,706,1995,0,0,68,12,,,,,1,1,35,2,7,1,4,7,19,0,11,0,09/07/2017,22:52,53039372,39372,0,0,0,3,1,28,0,0,0,96,,,,,,99,,,,,,99005,53,67,135,6,1,0,0,0,0,0,0,,,,,,3,,,20,8,0,0,0,9,8,,,0,0,0,8,9,2,605,0,0,1,0,0,2,1,0.26,,,,,,,,,,,,,,,,,,,,,,,,,,,,,,0,0,0,0,1,1,1,1,1,0,0,0,1,0,0,0,0,0,0,0,0,1,1,0,1,0,0,0,1,1,0,0,0,0,1,0,0,0,0,0,0,1,1,1,0,1,0,0,0,0,0,1,,,,,,31-35,26-35,County road,U,Thursday,,MC,White,0,1,1,0,County Road,County Sheriff,Spokane County Sheriff's Office,0,0,1,0,0,thc,14,carboxy-thc,14,,,,,,,,,,,,,,,,,,,,,,,,,,,,,,,,,,,,,,,
2017,360,E710179,169,09/10/2017,20:17,10,9,0,67,Thurston,1102,1,0,3,1,2,1,1,3,1,,,,8,0,0,0,1,0,1,3,2,4,6,0,0,0,0,COLLEGE ST SE,AVERY LN SE,-122.8231722,46.99884722,0,1,13,80,5,35,15,0,0,1,5,8,1,1,8,1,1,3,2,53,0,20,421,2007,0,0,8,,,,,,1,1,33,2,0,0,0,0,3,0,11,0,,,,,0,0,0,3,1,0,0,0,0,92,,,,,,0,,,,,,98501,53,68,130,6,1,0,0,0,0,0,0,,,,,,0,,,20,0,0,0,8,9,2,,,0,0,0,0,0,0,0,0,0,0,0,0,0,0,996,,,,,,,,,,,,,,,,,,,,,,,,,,,,,,0,0,0,0,0,0,0,0,0,0,0,0,0,0,0,0,1,1,0,0,0,0,0,0,0,0,0,0,0,1,0,1,0,0,0,,0,0,0,0,0,0,0,0,1,0,0,0,0,0,0,0,,,,,,31-35,26-35,City street,U,Sunday,Belt Used,PV,Not Fatal,1,0,0,0,City Street,Municipal/City Police,Lacey Police Department,0,0,0,1,0,,,,,,,,,,,,,,,,,,,,,,,,,,,,,,,,,,,,,,,,,,,
2017,346,E710424,32,08/14/2017,18:30,14,8,0,47,Okanogan,0,1,0,1,1,2,1,0,1,1,,,,42,0,0,9.3,1,0,1,6,1,2,4,0,0,0,0,CR-TWISP-CARLTON RD,,-120.1094056,48.35009167,0,1,1,13,2,50,80,0,0,1,2,3,3,1,2,1,14,1,2,53,0,37,706,2003,0,0,63,42,1,3,,,1,1,42,1,7,1,4,7,19,0,11,0,08/14/2017,19:09,2.33E+11,35853,0,0,0,3,1,0,0,0,0,0,,,,,,99,,,,,,85207,4,70,150,6,1,0,0,0,0,0,0,,,,,,0,,,20,8,0,0,0,9,8,,,0,0,0,8,9,2,1,0,0,1,0,0,2,1,0.17,,,,,,,,,,,,,,,,,,,,,,,,,,,,,,0,0,1,0,1,1,0,1,0,0,0,0,0,0,0,0,0,0,0,0,0,0,0,0,0,0,0,0,1,0,0,0,0,0,1,0,0,0,0,0,0,1,0,1,0,0,0,0,0,1,0,1,,,,,,41-45,36-45,County road,R,Monday,,MC,White,0,1,0,0,County Road,County Sheriff,Okanogan County Sheriff's Office,1,0,1,0,0,,,,,,,,,,,,,,,,,,,,,,,,,,,,,,,,,,,,,,,,,,,
2017,366,E710609,40,09/12/2017,4:21,12,9,0,63,Spokane,0,1,0,2,1,2,1,0,1,1,,,,11,0,0,9.1,1,0,1,5,1,2,4,0,0,0,0,CR-W COULEE HITE RD,,-117.7313528,47.74487778,0,1,13,87,6,98,80,0,0,1,2,11,1,1,2,1,1,1,1,53,0,72,706,2013,0,0,11,,,,,,1,1,64,1,7,1,4,7,19,0,11,0,09/12/2017,4:21,53039813,39813,0,0,0,3,1,0,0,0,0,96,,,,,,99,,,,,,99224,53,69,185,6,1,0,3,1,2,0,0,,,,,,0,03/15/2013,07/15/2014,20,8,0,0,0,9,8,,,0,0,0,8,9,2,1,0,0,1,0,0,2,1,0,,,,,,,,,,,,,,,,,,,,,,,,,,,,,,0,1,0,0,0,0,0,0,0,0,0,0,0,0,0,0,0,0,0,0,0,0,0,0,0,0,0,0,1,0,0,0,0,0,1,0,0,0,0,0,0,0,0,0,0,0,0,0,0,0,0,0,,,,,,61-65,56-65,County road,R,Tuesday,,MC,White,0,0,0,0,County Road,County Sheriff,Spokane County Sheriff's Office,0,0,1,0,0,,,,,,,,,,,,,,,,,,,,,,,,,,,,,,,,,,,,,,,,,,,
2017,203,E710630,35,05/28/2017,16:10,28,5,4,53,Pierce,0,1,0,1,1,2,1,0,1,1,,,,38,0,0,8,1,0,1,3,2,2,4,0,0,0,0,CR-112TH ST S,,-122.4573583,47.15562778,0,1,6,12,2,35,62,0,0,1,2,42,1,1,5,5,1,1,3,53,0,23,881,1995,0,0,68,64,38,42,,,1,1,40,1,7,38,4,7,20,0,11,0,05/28/2017,16:27,2.23E+11,24437,0,0,0,2,1,0,0,0,0,96,,,,,,9,,,,,,98444,53,72,200,1,1,0,0,0,0,0,0,,,,,,0,,,20,0,0,0,0,1,8,,,0,0,0,8,1,2,401,417,605,1,1,1,2,1,0.031,,,,,,,,,,,,,,,,,,,,,,,,,,,,,,0,0,1,0,1,0,1,1,1,0,0,0,0,1,0,0,0,0,0,0,0,0,0,0,0,0,0,0,0,0,1,0,0,0,0,,0,1,0,0,1,0,1,1,0,0,0,1,0,0,0,1,,,,,,36-40,36-45,County road,U,Sunday,,MHTRUCK,API,0,1,0,0,County Road,County Sheriff,Law Enforcement Support Agency,1,0,1,0,0,thc,3,carboxy-thc,11,,,,,,,,,,,,,,,,,,,,,,,,,,,,,,,,,,,,,,,
2017,367,E710735,3,09/05/2017,11:38,5,9,0,53,Pierce,2230,1,0,1,1,1,1,0,1,1,,,,43,0,0,58,5,1,1,3,2,1,3,0,0,0,0,SR-7,,-122.4307361,47.23245556,0,1,7,12,2,60,80,0,0,1,2,43,2,2,2,6,14,1,1,53,0,72,706,2017,0,0,64,43,,,,,1,1,60,1,7,1,4,7,19,0,11,0,09/05/2017,11:38,2.23E+11,39425,0,0,0,3,1,0,0,0,0,92,,,,,,99,,,,,,98404,53,74,200,6,1,0,2,5,2,0,0,,,,,,0,12/15/2013,02/15/2017,20,8,0,0,0,9,8,,,0,0,0,8,9,2,189,407,605,1,1,1,2,1,0,,,,,,,,,,,,,,,,,,,,,,,,,,,,,,0,0,0,0,0,0,1,1,1,0,0,0,0,0,0,0,1,0,0,0,0,0,0,0,0,0,0,0,1,0,0,0,0,0,1,0,0,0,0,0,0,0,1,1,1,0,0,0,0,0,1,0,,,,,,56-60,56-65,State route,U,Tuesday,,MC,White,0,1,0,0,State Route,State Patrol,Washington State Patrol Headquarter,1,1,0,0,0,thc,2.8,,,,,,,,,,,,,,,,,,,,,,,,,,,,,,,,,,,,,,,,,
2017,401,E711056,1,09/03/2017,0:20,3,9,6,77,Yakima,0,1,0,2,1,2,1,1,3,1,,,,8,0,0,60.5,1,0,1,3,1,1,2,0,3,0,0,US-97,,-120.3204806,46.33223889,0,1,13,80,5,55,2,0,0,1,5,8,1,1,2,1,1,3,1,53,0,22,19,2007,0,0,8,,,,,,1,1,23,2,0,0,0,0,3,0,11,0,,,,,0,0,3,3,1,0,0,0,0,0,,,,,,0,,,,,,98948,53,61,127,6,1,0,0,0,0,0,0,,,,,,0,,,20,0,0,0,8,9,8,,,0,0,0,8,0,8,95,0,0,6,0,0,8,95,995,,,,,,,,,,,,,,,,,,,,,,,,,,,,,,0,0,0,0,0,0,0,0,0,1,0,1,0,0,0,0,0,0,0,0,0,0,0,1,1,0,0,0,0,1,0,1,0,0,0,,0,0,0,0,0,0,0,0,0,0,0,0,0,0,0,0,,,,,,21-25,16-25,US highway,R,Sunday,Belt Used,PV,Not Fatal,0,0,0,0,State Route,State Patrol,Washington State Patrol Headquarter,0,1,0,0,0,,,,,,,,,,,,,,,,,,,,,,,,,,,,,,,,,,,,,,,,,,,
2017,361,E711100,14,09/09/2017,18:31,9,9,0,11,Clark,0,1,0,5,1,2,1,0,2,2,,,,12,0,2,0.4,1,0,1,5,2,2,4,0,0,0,0,CR-NE 39TH ST,,-122.4976278,45.65028889,0,2,51,62,4,98,2,0,0,1,2,12,1,1,2,1,1,1,2,53,0,12,3,2006,0,0,12,,,,,,1,1,20,1,0,0,0,0,3,0,11,0,,,,,0,0,0,3,1,0,0,0,0,1,,,,,,0,,,,,,98663,53,71,150,6,1,0,0,0,0,0,0,,,,,,0,,,1,0,0,0,8,9,8,,,0,0,0,8,0,0,0,0,0,0,0,0,0,0,996,,,,,,,,,,,,,,,,,,,,,,,,,,,,,,0,0,0,0,0,0,1,1,1,0,0,0,0,0,0,0,1,0,0,1,0,1,1,1,1,0,0,0,0,1,0,0,0,0,0,,0,0,0,0,0,0,0,0,1,0,0,0,0,0,0,0,,,,,,18-20,16-25,County road,U,Saturday,Belt Used,PV,Not Fatal,0,1,1,0,County Road,County Sheriff,Clark County Sheriff's Office,0,0,1,0,0,,,,,,,,,,,,,,,,,,,,,,,,,,,,,,,,,,,,,,,,,,,
2017,361,E711100,14,09/09/2017,18:31,9,9,0,11,Clark,0,1,0,5,1,2,1,0,2,2,,,,12,0,2,0.4,1,0,1,5,2,2,4,0,0,0,0,CR-NE 39TH ST,,-122.4976278,45.65028889,0,1,50,10,2,98,4,0,0,1,2,12,1,1,2,1,15,1,1,53,0,63,38,2015,0,0,68,12,,,,,1,1,25,1,1,1,4,7,20,0,11,0,09/09/2017,18:31,2.37E+11,39319,0,0,0,3,1,28,0,0,0,92,,,,,,99,,,,,,98685,53,70,240,6,1,0,0,0,1,0,0,,,,,,0,11/15/2015,11/15/2015,1,0,0,0,0,9,8,,,0,0,0,8,9,2,605,0,0,1,0,0,2,1,0,,,,,,,,,,,,,,,,,,,,,,,,,,,,,,0,0,0,0,0,0,1,1,1,0,0,0,0,0,0,0,1,0,0,1,0,1,1,1,1,0,0,0,0,1,0,0,0,1,0,,1,0,0,0,0,0,1,1,1,0,0,0,0,0,1,0,,,,,,21-25,16-25,County road,U,Saturday,Not Used,PV,Hispanic,0,1,1,0,County Road,County Sheriff,Clark County Sheriff's Office,0,0,1,0,0,thc,2.9,carboxy-thc,34,,,,,,,,,,,,,,,,,,,,,,,,,,,,,,,,,,,,,,,
2017,340,E711224,3,08/31/2017,16:14,31,8,0,53,Pierce,1124,1,0,1,1,2,1,0,8,6,,,,12,0,1,0.5,17,1,1,3,2,1,3,0,0,0,0,SR-512,,-122.4679194,47.16010556,0,6,98,60,4,60,80,0,0,1,5,1,1,1,4,3,1,1,2,53,0,76,706,2007,0,0,1,,,,,,1,1,39,1,7,1,4,7,5,0,11,0,08/31/2017,16:14,2.23E+11,39063,6,0,0,3,1,0,0,0,0,0,,,,,,99,,,,,,98375,53,71,270,6,1,0,0,0,0,0,0,,,,,,0,,,20,8,0,0,0,9,8,,,0,0,0,8,9,2,1,0,0,1,0,0,2,10,0,,,,,,,,,,,,,,,,,,,,,,,,,,,,,,0,0,0,0,0,0,0,0,0,0,0,0,1,1,0,0,1,0,0,0,0,0,0,0,0,0,0,0,1,1,1,0,0,0,1,0,0,0,0,0,0,0,0,0,0,0,0,0,0,0,0,0,,,,,,36-40,36-45,State route,U,Thursday,,MC,White,0,0,0,0,State Route,State Patrol,Washington State Patrol Headquarter,0,1,0,0,0,,,,,,,,,,,,,,,,,,,,,,,,,,,,,,,,,,,,,,,,,,,
2017,340,E711224,3,08/31/2017,16:14,31,8,0,53,Pierce,1124,1,0,1,1,2,1,0,8,6,,,,12,0,1,0.5,17,1,1,3,2,1,3,0,0,0,0,SR-512,,-122.4679194,47.16010556,0,1,20,50,3,60,66,1,0,1,2,12,1,1,4,3,15,1,1,41,0,85,881,2006,0,0,12,12,,,,,1,1,42,1,0,0,0,0,3,0,11,0,,,,,6,1,0,3,1,0,0,0,0,12,,,,,,0,,,,,,98390,53,72,360,6,1,0,2,0,0,0,97,,,,,,3,12/15/2012,02/15/2013,20,0,0,0,8,9,8,,,0,0,0,8,0,2,1,0,0,1,0,0,2,1,0,,,,,,,,,,,,,,,,,,,,,,,,,,,,,,0,0,0,0,0,0,0,0,0,0,0,0,1,1,0,0,1,0,0,0,0,0,0,0,0,0,0,0,1,1,1,0,0,0,0,,0,0,0,0,0,0,0,0,1,1,0,0,0,0,0,0,,,,,,41-45,36-45,State route,U,Thursday,,MHTRUCK,Not Fatal,0,0,0,0,State Route,State Patrol,Washington State Patrol Headquarter,0,1,0,0,0,,,,,,,,,,,,,,,,,,,,,,,,,,,,,,,,,,,,,,,,,,,
2017,340,E711224,3,08/31/2017,16:14,31,8,0,53,Pierce,1124,1,0,1,1,2,1,0,8,6,,,,12,0,1,0.5,17,1,1,3,2,1,3,0,0,0,0,SR-512,,-122.4679194,47.16010556,0,2,21,53,3,60,6,0,0,1,2,12,1,1,4,3,5,3,1,53,0,41,54,2011,0,0,12,12,,,,,1,1,30,2,0,0,3,0,3,0,11,4,,,,,0,0,0,3,1,0,0,0,0,0,,,,,,0,,,,,,98466,53,69,165,6,1,0,0,0,0,0,0,,,,,,0,,,1,0,0,0,8,9,8,,,0,0,0,8,0,0,0,0,0,0,0,0,0,0,996,,,,,,,,,,,,,,,,,,,,,,,,,,,,,,0,0,0,0,0,0,0,0,0,0,0,0,1,1,0,0,1,0,0,0,0,0,0,0,0,0,0,0,1,1,1,0,0,0,0,,0,0,0,0,0,0,0,0,0,0,0,0,0,0,0,0,,,,,,26-30,26-35,State route,U,Thursday,Belt Used,PV,Not Fatal,0,0,0,0,State Route,State Patrol,Washington State Patrol Headquarter,0,1,0,0,0,,,,,,,,,,,,,,,,,,,,,,,,,,,,,,,,,,,,,,,,,,,
2017,340,E711224,3,08/31/2017,16:14,31,8,0,53,Pierce,1124,1,0,1,1,2,1,0,8,6,,,,12,0,1,0.5,17,1,1,3,2,1,3,0,0,0,0,SR-512,,-122.4679194,47.16010556,0,3,98,53,3,60,67,1,0,1,2,12,1,1,4,3,5,1,1,53,0,7,880,2004,0,0,12,12,,,,,1,1,26,1,0,0,0,0,3,0,11,0,,,,,0,0,0,3,1,0,0,0,0,0,,,,,,0,,,,,,98513,53,74,243,6,1,0,0,0,4,0,0,,,,,,0,07/15/2013,10/15/2016,20,0,0,0,8,9,8,,,0,0,0,8,0,2,1,0,0,1,0,0,2,1,0,,,,,,,,,,,,,,,,,,,,,,,,,,,,,,0,0,0,0,0,0,0,0,0,0,0,0,1,1,0,0,1,0,0,0,0,0,0,0,0,0,0,0,1,1,1,0,0,0,0,,0,0,0,0,0,0,0,0,0,0,0,0,0,0,0,0,,,,,,26-30,26-35,State route,U,Thursday,Belt Used,MHTRUCK,Not Fatal,0,0,0,0,State Route,State Patrol,Washington State Patrol Headquarter,0,1,0,0,0,,,,,,,,,,,,,,,,,,,,,,,,,,,,,,,,,,,,,,,,,,,
2017,340,E711224,3,08/31/2017,16:14,31,8,0,53,Pierce,1124,1,0,1,1,2,1,0,8,6,,,,12,0,1,0.5,17,1,1,3,2,1,3,0,0,0,0,SR-512,,-122.4679194,47.16010556,0,4,98,98,7,60,4,0,0,1,2,12,1,1,4,3,5,1,1,53,0,7,24,2007,0,0,12,12,,,,,1,1,30,2,0,0,0,0,3,0,11,0,,,,,0,0,0,2,1,0,0,0,0,0,,,,,,0,,,,,,98580,53,62,145,1,1,1,1,3,1,5,97,,,,,,0,12/15/2012,03/15/2017,20,0,0,0,8,9,8,,,0,0,0,8,0,0,0,0,0,0,0,0,0,0,996,,,,,,,,,,,,,,,,,,,,,,,,,,,,,,0,0,0,0,0,0,0,0,0,0,0,0,1,1,0,0,1,0,0,0,0,0,0,0,0,0,0,0,1,1,1,0,0,0,0,,0,0,0,0,0,0,0,0,0,0,0,1,0,0,0,0,,,,,,26-30,26-35,State route,U,Thursday,Belt Used,PV,Not Fatal,0,0,0,0,State Route,State Patrol,Washington State Patrol Headquarter,0,1,0,0,0,,,,,,,,,,,,,,,,,,,,,,,,,,,,,,,,,,,,,,,,,,,
2017,340,E711224,3,08/31/2017,16:14,31,8,0,53,Pierce,1124,1,0,1,1,2,1,0,8,6,,,,12,0,1,0.5,17,1,1,3,2,1,3,0,0,0,0,SR-512,,-122.4679194,47.16010556,0,5,98,98,7,60,34,0,0,1,5,12,1,1,4,3,5,1,1,53,0,12,481,2017,0,0,12,12,,,,,1,1,60,1,0,0,0,0,3,0,11,0,,,,,6,0,0,3,1,0,0,0,0,0,,,,,,0,,,,,,98597,53,68,225,6,1,0,0,0,0,0,97,,,,,,0,,,20,0,0,0,8,9,8,,,0,0,0,8,0,0,0,0,0,0,0,0,0,0,996,,,,,,,,,,,,,,,,,,,,,,,,,,,,,,0,0,0,0,0,0,0,0,0,0,0,0,1,1,0,0,1,0,0,0,0,0,0,0,0,0,0,0,1,1,1,0,0,0,0,,0,0,0,0,0,0,0,0,0,0,0,0,0,0,0,0,,,,,,56-60,56-65,State route,U,Thursday,Belt Used,PV,Not Fatal,0,0,0,0,State Route,State Patrol,Washington State Patrol Headquarter,0,1,0,0,0,,,,,,,,,,,,,,,,,,,,,,,,,,,,,,,,,,,,,,,,,,,
2017,334,E711265,7,08/29/2017,15:08,29,8,0,33,King,1958,1,0,1,1,2,1,0,2,1,,,,1,0,0,0.1,5,1,1,3,2,1,3,0,0,0,0,SR-509 RAMP R502435B,,-122.3213139,47.437425,0,1,6,12,2,98,61,0,0,1,2,1,3,2,1,6,14,2,3,53,0,52,882,2012,0,0,64,1,,,,,1,1,22,1,0,0,1,0,3,0,11,4,,,,,0,0,0,8,1,91,0,0,0,0,,,,,,9,,,,,,98198,53,72,213,6,1,0,1,0,1,0,1,,,,,,4,01/15/2016,05/15/2017,20,0,0,0,8,9,8,,,0,0,0,8,1,2,605,0,0,1,0,0,2,1,0.12,,,,,,,,,,,,,,,,,,,,,,,,,,,,,,0,0,1,0,1,1,1,1,1,0,0,0,1,0,0,0,0,0,0,0,0,0,0,1,1,0,0,0,0,0,1,0,0,0,0,,0,0,0,0,0,1,1,1,0,1,0,0,0,0,0,1,,,,,,21-25,16-25,State route,U,Tuesday,,MHTRUCK,Not Fatal,0,1,0,0,State Route,State Patrol,Washington State Patrol Headquarter,1,1,0,0,0,thc,1,carboxy-thc,13,,,,,,,,,,,,,,,,,,,,,,,,,,,,,,,,,,,,,,,
2017,405,E711489,146,09/13/2017,11:29,13,9,0,77,Yakima,2300,1,0,1,1,4,1,0,1,1,15:10,15:38,16:15,34,0,0,9999.9,1,0,1,7,1,2,4,0,3,0,0,CR-E BRANCH RD,,-120.3389667,46.40422222,0,1,98,6,1,35,34,0,0,1,2,1,1,1,2,1,1,1,2,53,0,12,471,2002,0,0,63,34,35,1,,,1,1,53,1,7,3,4,0,3,0,11,8,09/14/2017,21:00,1.44E+11,40087,5,0,0,2,1,0,0,0,0,96,,,,,,0,,,,,,98951,53,66,220,1,1,0,1,1,0,3,0,,,,,,4,03/15/2013,12/15/2013,20,0,0,1,0,9,8,,,0,0,0,8,0,2,401,417,0,1,1,0,2,1,0,,,,,,,,,,,,,,,,,,,,,,,,,,,,,,0,0,0,0,0,0,1,1,0,0,0,0,1,1,0,0,0,0,0,0,0,0,0,0,0,0,0,0,0,0,0,0,0,0,0,,0,0,0,0,0,0,1,1,0,1,0,1,0,0,1,0,,,,,,51-55,46-55,County road,R,Wednesday,Belt Used,PV,AIAN,0,1,0,0,County Road,County Sheriff,Yakima County Sheriff's Office,1,0,1,0,0,,,,,,,,,,,,,,,,,,,,,,,,,,,,,,,,,,,,,,,,,,,
2017,372,E711580,14,09/13/2017,18:48,13,9,0,11,Clark,0,1,0,5,1,2,1,0,2,2,,,,12,0,6,6.1,2,0,2,5,2,2,4,0,0,3,3,CR-NE 119TH ST,NE 152ND AVE,-122.5163694,45.70831111,0,2,89,66,4,98,80,0,0,1,2,12,1,1,2,1,1,1,1,53,0,72,706,2005,0,0,12,,,,,,1,1,51,1,7,1,4,0,19,0,11,4,09/15/2017,0:29,53040995,40995,0,0,0,3,1,0,0,0,0,0,,,,,,0,,,,,,98601,53,67,230,6,1,0,0,0,2,0,0,,,,,,0,01/15/2014,09/15/2014,20,8,0,0,0,9,8,,,0,0,0,8,9,2,695,0,0,1,0,0,2,1,0,,,,,,,,,,,,,,,,,,,,,,,,,,,,,,0,0,0,1,0,0,1,1,1,0,0,0,0,0,0,0,0,0,0,0,0,0,0,0,0,0,0,0,1,1,0,0,0,0,1,0,0,0,0,0,0,0,1,1,0,0,0,0,0,0,1,0,,,,,,51-55,46-55,County road,U,Wednesday,,MC,White,1,0,0,0,County Road,County Sheriff,Clark County Sheriff's Office,0,0,1,0,0,,,,,,,,,,,,,,,,,,,,,,,,,,,,,,,,,,,,,,,,,,,