year,case,par,repjur,crash_dt,crash_tm,accday,accmon,holiday,county,co_char,city,weather,weather2,lightcond,surfcond,surftype,numfatal,nmforms,pforms,vforms,not_tm,arr_tm,hosp_tm,fhevent,hitrun,manncol,milepnt,reljunc,reljuncinter,intersectiontype,funcsystem,landuse,ownership,route,schlbus,spejur,contdev,devfunc,trafid1,trafid2,x,y,wk_zone,vnumber,crashtype,criticalevent,criticaleventcat,spdlim,body,trailer,emerg,hazcargo,leave,mhevent,roadalgn,roadprof,traflane,trafflow,vehmanvr,numoccs,regowner,regstate,spuse,make,model,modelyr,vrf1,vrf2,seqevent1,seqevent2,seqevent3,seqevent4,seqevent5,seqevent6,pnumber,ptype,age,sex,hispanic,race,injury,diedscene,restraint,restraintmisuse,seatpos,takehosp,death_dt,death_tm,cert,cernum_wa,commlic,licendor,licrestrict,liccomp,drivpres,drf1,drf2,drf3,drf4,distract1,distract2,distract3,distract4,distract5,distract6,dricond1,dricond2,dricond3,dricond4,dricond5,dricond6,dzip,licstate,drhgt_in,weight,noncdl,noncdltype,prevdwi,prevoth,prevacc,prevspd,prevsus,driviol1,driviol2,driviol3,driviol4,driviol5,driviol6,spdrel,first_dt,last_dt,airbag,ejection,ejectpath,extricat,injurwrk,methalc,methdrug,nmlocat,strikveh,prf1,prf2,prf3,druginv,alcinvol,drugsts,drugres1,drugres2,drugres3,drugtst1,drugtst2,drugtst3,alcsts,alctst,alcres,nmact1,nmact2,nmact3,nmact4,nmact5,nmact6,nmprior1,nmprior2,nmprior3,nmprior4,nmprior5,nmprior6,nmcond1,nmcond2,nmcond3,nmcond4,nmcond5,nmcond6,nmsafe_helmet,nmsafe_pads,nmsafe_oth,nmprev_ref,nmprev_lgt,nmprev_oth,crashlocation,nmcrashtype,crosswalk,schoolzone,sidewalk,train_inv,wildlife_inv,rotr_fars,intersect_fars,dd_inv,aid_inv,dpd_inv,id_inv,mj_inv,impnm_inv,ainm_inv,dpnm_inv,speed_inv,unlic_inv,unendmc_inv,drowsy_inv,drdist_inv,nmdist_inv,fty_inv,unrestfat_inv,dr1617_inv,dr1820_inv,dr1620_inv,dr2125_inv,dr1625_inv,dr65_inv,dr70_inv,dr75_inv,mc_inv,pv_inv,ht_inv,ped_inv,bike_inv,unrest_fat,mc_fat,unhelmet_mc,pv_fat,ht_fat,ped_fat,bike_fat,dr_alc7,dr_alc8,dr_drug,dr_imp,dr_dist,dr_spd,dr_fty,dr_unlic,dr_alc7only,dr_alc8only,dr_drugonly,dr_drink,nm_imp,nm_alc7,nm_alc8,nm_drug,nm_dist,agegrp1,agegrp2,roadclass,urbrur,dayweek,restuse,vehtype,race_me,intersect,lanedep,oppdir,wrongway,rep_typ,investag,repag_long,rotr,st_rd,cty_rd,city_rd,oth_rd,drug_thc,thc_res,drug_cthc,cthc_res,drug_cann,prevpersemin,prevperse,prevsusoth,drugtst4,drugtst5,drugtst6,drugtst7,drugtst8,drugres4,drugres5,drugres6,drugres7,drugres8,adspresent,adsengaged,adslevel,race1,race2,race3,race4,race5,helmet,helmetmisuse,nmdistract1,nmdistract2,nmdistract3,nmdistract4,nmdistract5,nmdistract6,lab,isedtcase,crf1,crf2,crf3,CoRoadName,CoMP,IntCoRoadName,IntCoMP
2017,372,E711580,14,09/13/2017,18:48,13,9,0,11,Clark,0,1,0,5,1,2,1,0,2,2,,,,12,0,6,6.1,2,0,2,5,2,2,4,0,0,3,3,CR-NE 119TH ST,NE 152ND AVE,-122.5163694,45.70831111,0,1,88,17,2,50,14,0,0,1,2,12,1,1,2,1,1,1,1,53,0,48,401,2017,0,0,12,,,,,,1,1,26,1,0,0,0,0,3,0,11,0,,,,,0,0,3,3,1,39,0,0,0,96,,,,,,0,,,,,,98604,53,73,130,6,1,0,0,0,2,0,97,,,,,,0,08/15/2015,11/15/2015,8,0,0,0,8,9,8,,,0,0,0,8,0,2,1,0,0,1,0,0,2,1,0,,,,,,,,,,,,,,,,,,,,,,,,,,,,,,0,0,0,1,0,0,1,1,1,0,0,0,0,0,0,0,0,0,0,0,0,0,0,0,0,0,0,0,1,1,0,0,0,0,0,,0,0,0,0,0,0,0,0,0,0,0,0,0,0,0,0,,,,,,26-30,26-35,County road,U,Wednesday,Belt Used,PV,Not Fatal,1,0,0,0,County Road,County Sheriff,Clark County Sheriff's Office,0,0,1,0,0,,,carboxy-thc,5.7,,,,,,,,,,,,,,,,,,,,,,,,,,,,,,,,,,,,,,,
2017,369,E712429,41,09/03/2017,2:00,3,9,6,65,Stevens,0,1,0,2,1,4,1,0,3,1,,,,1,0,0,4,1,0,1,6,1,2,4,0,0,0,0,CR-DEER CREEK RD,,-117.8304833,48.12877778,0,1,2,6,1,35,15,0,0,1,5,1,3,1,2,1,14,3,2,53,0,20,421,2005,0,0,63,1,42,,,,1,1,33,1,7,1,4,7,20,0,11,0,09/03/2017,2:00,53038265,38265,0,0,0,3,1,0,0,0,0,6,,,,,,9,,,,,,99354,53,75,215,6,1,0,1,0,3,1,0,,,,,,4,10/15/2013,12/15/2015,20,2,2,0,0,9,8,,,0,0,0,8,1,2,605,0,0,1,0,0,2,1,0.18,,,,,,,,,,,,,,,,,,,,,,,,,,,,,,0,0,0,0,1,1,1,1,1,0,0,0,1,0,0,0,1,0,0,1,0,0,0,0,0,0,0,0,0,1,0,0,0,1,0,,1,0,0,0,0,1,1,1,1,1,0,0,0,0,0,1,,,,,,31-35,26-35,County road,R,Sunday,Not Used,PV,White,0,1,0,0,County Road,County Sheriff,Stevens County Sheriff's Office,1,0,1,0,0,thc,36,carboxy-thc,130,,,,,,,,,,,,,,,,,,,,,,,,,,,,,,,,,,,,,,,
2017,330,E712811,2,08/26/2017,10:24,26,8,0,61,Snohomish,0,1,0,1,1,2,1,0,1,1,,,,1,0,0,2.8,1,0,1,3,2,1,2,0,0,0,0,US-2,,-122.1362583,47.97395833,0,1,98,8,1,55,80,0,0,1,2,1,1,1,2,1,1,1,1,53,0,76,706,2000,0,0,1,,,,,,1,1,69,1,7,1,4,0,5,0,11,4,08/26/2017,11:12,69053038740,38740,0,0,0,3,1,0,0,0,0,92,,,,,,99,,,,,,98290,53,70,280,6,1,0,0,0,0,0,0,,,,,,0,,,20,8,0,0,0,9,8,,,0,0,0,8,9,2,1,0,0,1,0,0,2,1,0,,,,,,,,,,,,,,,,,,,,,,,,,,,,,,0,0,0,0,0,0,0,0,0,0,0,0,0,0,0,0,1,0,0,0,0,0,0,0,0,1,0,0,1,0,0,0,0,0,1,0,0,0,0,0,0,0,0,0,1,0,0,0,0,0,0,0,,,,,,66-70,66-75,US highway,U,Saturday,,MC,White,0,0,0,0,State Route,State Patrol,Washington State Patrol Headquarter,0,1,0,0,0,,,,,,,,,,,,,,,,,,,,,,,,,,,,,,,,,,,,,,,,,,,
2017,370,E712928,22,09/18/2017,7:38,18,9,0,27,Grays Harbor,0,1,0,1,1,7,1,0,1,1,,,,1,0,0,10.1,1,0,1,5,1,2,4,0,0,0,0,CR-S BANK RD,,-123.3272833,46.93439722,0,1,98,12,2,45,3,0,0,1,2,1,1,1,2,1,1,1,1,53,0,12,37,2001,0,0,68,64,69,1,,,1,1,32,1,7,1,4,7,20,0,11,0,09/18/2017,7:38,53040390,40390,0,0,0,3,1,0,0,0,0,93,,,,,,0,,,,,,98531,53,72,148,6,1,0,0,0,2,0,0,,,,,,4,05/15/2016,07/15/2017,1,1,9,0,1,9,8,,,0,0,0,8,0,2,605,996,0,1,1,0,2,1,0,,,,,,,,,,,,,,,,,,,,,,,,,,,,,,0,0,0,0,0,0,1,1,1,0,0,0,1,0,0,0,1,0,0,1,0,0,0,0,0,0,0,0,0,1,0,0,0,1,0,,1,0,0,0,0,0,1,1,1,1,0,0,0,0,1,0,,,,,,31-35,26-35,County road,R,Monday,Not Used,PV,White,0,1,0,0,County Road,County Sheriff,Grays Harbor County Sheriff's Offic,1,0,1,0,0,thc,6.9,carboxy-thc,10,,,,,,,,,,,,,,,,,,,,,,,,,,,,,,,,,,,,,,,
2017,283,E712979,180,07/06/2017,22:19,6,7,0,15,Cowlitz,1190,1,0,3,1,1,1,1,2,1,,,,8,0,0,0,1,0,1,3,2,4,6,0,0,0,0,15TH AVE,,-122.9411417,46.12711944,0,1,13,80,5,98,6,0,0,1,5,8,8,8,6,1,1,2,1,53,0,20,23,2006,0,0,8,,,,,,1,1,70,2,0,0,0,0,3,0,11,0,,,,,0,0,0,3,1,0,0,0,0,0,,,,,,0,,,,,,98632,53,62,235,6,1,0,0,0,0,0,0,,,,,,0,,,20,0,0,0,8,9,8,,,0,0,0,8,0,0,0,0,0,0,0,0,0,0,996,,,,,,,,,,,,,,,,,,,,,,,,,,,,,,0,0,0,0,0,0,0,0,0,1,0,1,0,0,0,0,0,0,0,0,0,0,0,0,0,1,1,0,0,1,0,1,0,0,0,,0,0,0,0,0,0,0,0,0,0,0,0,0,0,0,0,,,,,,66-70,66-75,City street,U,Thursday,Belt Used,PV,Not Fatal,0,0,0,0,City Street,Municipal/City Police,Longview Police Department,0,0,0,1,0,,,,,,,,,,,,,,,,,,,,,,,,,,,,,,,,,,,,,,,,,,,
2017,374,E713128,290,09/19/2017,2:42,19,9,0,53,Pierce,2230,1,0,3,2,2,1,0,1,1,,,,10,0,0,0,6,0,1,4,2,4,6,0,0,65,3,E MILWAUKEE WAY,,-122.4057083,47.25605,0,1,98,17,2,40,2,0,0,1,2,10,1,1,2,1,1,1,1,53,0,54,37,1999,0,0,10,,,,,,1,1,28,1,7,2,4,7,20,0,11,0,09/19/2017,2:42,2.23E+11,41009,0,0,3,3,1,0,0,0,0,6,,,,,,99,,,,,,98387,53,67,160,6,1,0,1,0,0,0,0,,,,,,0,09/15/2015,09/15/2015,7,0,0,0,0,9,8,,,0,0,0,8,9,2,605,0,0,1,0,0,2,1,0,,,,,,,,,,,,,,,,,,,,,,,,,,,,,,1,0,0,0,0,0,1,1,1,0,0,0,0,0,0,0,1,0,0,1,0,0,0,0,0,0,0,0,0,1,0,0,0,1,0,,1,0,0,0,0,0,1,1,1,0,0,0,0,0,1,0,,,,,,26-30,26-35,City street,U,Tuesday,Not Used,PV,Black,1,0,0,0,City Street,Municipal/City Police,Tacoma Police Department,0,0,0,1,0,thc,2.6,carboxy-thc,8.4,,,,,,,,,,,,,,,,,,,,,,,,,,,,,,,,,,,,,,,
2017,371,E713158,42,09/09/2017,20:28,9,9,0,67,Thurston,0,10,0,2,2,2,1,0,1,1,,,,1,0,0,11.1,1,0,1,7,1,2,4,0,0,0,0,CR-BALD HILL RD SE,,-122.4800306,46.81732778,0,1,2,13,2,50,34,0,0,1,2,1,3,1,2,1,14,1,2,53,0,49,471,1994,0,0,63,1,,,,,1,1,34,1,1,3,4,7,20,0,11,0,09/09/2017,20:28,53040384,40384,0,0,3,3,1,0,0,0,0,92,,,,,,99,,,,,,98580,53,70,170,6,1,0,1,0,1,3,0,,,,,,0,03/15/2013,08/15/2017,99,2,9,0,0,9,8,,,0,0,0,8,9,2,605,0,0,1,0,0,2,1,0.23,,,,,,,,,,,,,,,,,,,,,,,,,,,,,,0,0,0,0,1,1,1,1,1,0,0,0,0,0,0,0,1,0,0,0,0,0,0,0,0,0,0,0,0,0,0,0,0,1,0,,0,0,0,0,0,1,1,1,1,0,0,0,0,0,0,1,,,,,,31-35,26-35,County road,R,Saturday,Not Used,PV,Hispanic,0,1,0,0,County Road,County Sheriff,Thurston County Sheriff's Office,1,0,1,0,0,thc,6.2,carboxy-thc,12,,,,,,,,,,,,,,,,,,,,,,,,,,,,,,,,,,,,,,,
2017,339,E713422,3,08/30/2017,21:25,30,8,0,53,Pierce,2230,1,0,3,1,1,1,1,4,2,,,,8,0,0,133.6,1,0,1,1,2,1,1,0,0,0,0,I-5,,-122.4392861,47.232075,0,1,13,80,5,60,34,0,0,1,2,8,1,1,3,3,1,2,1,53,0,12,481,2002,0,0,8,14,,,,,1,1,25,1,0,0,0,0,99,0,11,0,,,,,0,0,0,2,1,0,0,0,0,92,,,,,,0,,,,,,98002,53,72,170,3,1,0,1,1,6,3,72,,,,,,0,12/15/2013,07/15/2017,1,0,0,0,8,9,8,,,0,0,0,8,0,0,0,0,0,0,0,0,0,0,996,,,,,,,,,,,,,,,,,,,,,,,,,,,,,,0,0,0,0,0,0,0,0,0,1,1,0,0,1,0,0,1,0,0,0,0,0,0,1,1,0,0,0,0,1,0,1,0,0,0,,0,0,0,0,0,0,0,0,1,0,0,1,0,0,0,0,,,,,,21-25,16-25,Interstate,U,Wednesday,Unknown,PV,Not Fatal,0,0,0,0,State Route,State Patrol,Washington State Patrol Headquarter,0,1,0,0,0,,,,,,,,,,,,,,,,,,,,,,,,,,,,,,,,,,,,,,,,,,,
2017,387,E713668,2,09/19/2017,18:28,19,9,0,61,Snohomish,1280,2,0,1,2,2,1,0,1,1,,,,38,0,0,0.1,5,1,1,1,2,1,1,0,0,0,0,I-5 RAMP Q119958,,-122.1838028,48.05285278,0,1,2,13,2,60,34,0,0,1,2,42,3,2,1,6,14,1,1,53,0,12,481,2004,0,0,63,38,42,,,,1,1,50,2,7,1,4,0,3,0,11,4,09/23/2017,13:35,69053041527,41527,0,0,3,3,1,0,0,0,0,96,,,,,,9,,,,,,98223,53,66,160,6,1,0,0,0,0,0,0,,,,,,0,,,8,0,0,0,0,1,8,,,0,0,0,8,1,2,1,0,0,1,0,0,2,1,0.16,,,,,,,,,,,,,,,,,,,,,,,,,,,,,,0,0,0,0,1,1,0,1,0,0,0,0,0,0,0,0,0,0,0,0,0,0,0,0,0,0,0,0,0,0,0,0,0,0,0,,0,0,0,0,0,1,0,1,0,0,0,0,0,1,0,1,,,,,,46-50,46-55,Interstate,U,Tuesday,Belt Used,PV,White,0,1,0,0,State Route,State Patrol,Washington State Patrol Headquarter,1,1,0,0,0,,,,,,,,,,,,,,,,,,,,,,,,,,,,,,,,,,,,,,,,,,,
2017,375,E714175,1,09/09/2017,4:30,9,9,0,77,Yakima,2400,1,0,2,0,0,1,0,1,1,,,,3,0,0,9999.9,1,0,1,96,6,96,4,0,0,0,0,CR-BURKE RD,,-120.4364056,46.49627778,0,1,0,9,1,0,4,0,0,1,2,3,0,0,0,0,99,1,1,53,0,6,51,2007,0,0,68,64,3,,,,1,1,43,2,1,1,4,0,99,0,11,4,09/09/2017,7:55,2.59E+11,39788,0,0,0,3,1,0,0,0,0,96,,,,,,99,,,,,,98903,53,61,160,6,1,0,0,0,0,0,0,,,,,,0,,,99,0,0,0,0,9,8,,,0,0,0,8,9,0,0,0,0,0,0,0,2,1,0.068,,,,,,,,,,,,,,,,,,,,,,,,,,,,,,0,0,0,0,1,0,0,0,0,0,0,0,0,0,0,0,0,0,0,0,0,0,0,0,0,0,0,0,0,1,0,0,0,0,0,,1,0,0,0,1,0,0,0,0,0,0,0,1,0,0,1,,,,,,41-45,36-45,County road,,Saturday,Unknown,PV,Hispanic,0,0,0,0,County Road,,,0,0,1,0,0,,,,,,,,,,,,,,,,,,,,,,,,,,,,,,,,,,,,,,,,,,,
2017,381,E714634,155,09/22/2017,11:22,22,9,0,33,King,980,1,0,1,1,2,1,1,1,1,,,,9,0,0,0,2,0,2,3,2,4,6,0,0,3,3,SE 56TH ST,E LK SAMMANISH PKWY SE,-122.0437361,47.55193889,0,1,13,83,5,35,14,0,0,1,5,9,1,1,6,1,10,1,1,53,0,49,402,2013,0,0,9,,,,,,1,1,89,2,0,0,0,0,99,0,11,0,,,,,0,0,0,3,1,38,0,0,0,96,,,,,,0,,,,,,98029,53,66,120,6,1,0,0,0,0,0,97,,,,,,0,,,20,0,0,0,8,3,8,,,0,0,0,8,0,0,0,0,0,0,0,0,0,0,996,,,,,,,,,,,,,,,,,,,,,,,,,,,,,,0,0,0,1,0,0,0,0,0,0,0,0,0,0,0,0,0,0,1,0,0,0,0,0,0,1,1,1,0,1,0,0,1,0,0,,0,0,0,0,0,0,0,0,0,0,1,0,0,0,0,0,,,,,,81+,76+,City street,U,Friday,Unknown,PV,Not Fatal,1,0,0,0,City Street,Municipal/City Police,Issaquah Police Department,0,0,0,1,0,,,,,,,,,,,,,,,,,,,,,,,,,,,,,,,,,,,,,,,,,,,
2017,284,E714882,11,07/30/2017,12:00,30,7,0,5,Benton,0,1,0,1,1,2,1,0,1,1,,,,1,0,0,0,1,0,1,5,1,2,4,0,0,0,0,CR-SELLARDS RD,,-119.8508361,46.12608889,0,1,98,13,2,50,80,0,0,1,2,1,3,1,2,1,14,1,1,53,0,72,706,2013,0,0,63,69,1,,,,1,1,65,1,7,1,4,7,19,0,11,0,07/30/2017,12:00,53033844,33844,0,0,3,2,1,58,0,0,0,96,,,,,,9,,,,,,99352,53,69,185,1,1,1,0,0,0,1,0,,,,,,0,12/15/2014,12/15/2014,20,8,0,0,0,9,8,,,0,0,0,8,1,2,605,0,0,1,0,0,2,1,0.22,,,,,,,,,,,,,,,,,,,,,,,,,,,,,,0,0,0,0,1,1,1,1,1,0,0,0,0,1,1,0,0,0,0,0,0,0,0,0,0,1,0,0,1,0,0,0,0,0,1,0,0,0,0,0,0,1,1,1,0,0,0,1,0,0,0,1,,,,,,61-65,56-65,County road,R,Sunday,,MC,White,0,0,0,0,County Road,County Sheriff,Benton County Sheriff's Office,0,0,1,0,0,thc,22,carboxy-thc,27,,,,,,,,,,,,,,,,,,,,,,,,,,,,,,,,,,,,,,,
2017,382,E715263,5,09/22/2017,10:40,22,9,0,41,Lewis,0,1,0,1,1,2,1,0,1,1,,,,35,0,0,27.2,1,0,1,4,1,1,3,0,0,0,0,SR-6,,-123.3126944,46.55978889,0,1,1,13,2,55,34,1,0,1,2,35,1,1,2,1,1,1,1,53,0,12,471,2006,0,0,63,35,42,,,,1,1,68,1,7,1,4,7,3,0,11,0,09/22/2017,11:09,1.68E+11,42314,0,0,3,3,1,0,0,0,0,96,,,,,,0,,,,,,98531,53,72,220,6,1,0,0,0,0,0,0,,,,,,0,,,1,0,0,0,0,9,8,,,0,0,0,8,9,2,1,0,0,1,0,0,2,1,0,,,,,,,,,,,,,,,,,,,,,,,,,,,,,,0,0,1,0,0,0,0,0,0,0,0,0,0,0,0,0,0,0,0,0,0,0,0,0,0,1,0,0,0,0,0,0,0,0,0,,0,0,0,0,0,0,0,0,0,0,0,0,0,0,0,0,,,,,,66-70,66-75,State route,R,Friday,Belt Used,PV,White,0,1,0,0,State Route,State Patrol,Washington State Patrol Headquarter,1,1,0,0,0,,,,,,,,,,,,,,,,,,,,,,,,,,,,,,,,,,,,,,,,,,,
2017,377,E715290,4,09/18/2017,12:39,18,9,0,63,Spokane,2113,10,0,1,2,2,1,0,3,3,,,,12,0,8,7.5,1,0,1,3,2,1,3,0,0,0,0,SR-290,,-117.25745,47.68616111,0,3,98,62,4,50,66,1,0,1,2,12,1,1,5,5,1,1,3,53,0,85,881,1995,0,0,12,,,,,,1,1,61,1,0,0,0,0,3,0,11,0,,,,,6,1,3,3,1,0,0,0,0,0,,,,,,0,,,,,,83865,16,70,155,6,1,0,0,0,0,0,0,,,,,,0,,,20,0,0,0,8,9,2,,,0,0,0,0,0,0,0,0,0,0,0,0,0,0,996,,,,,,,,,,,,,,,,,,,,,,,,,,,,,,0,0,0,0,0,0,0,0,0,0,0,0,0,0,0,0,0,0,0,0,0,0,0,0,0,0,0,0,0,1,1,0,0,0,0,,0,0,0,0,0,0,0,0,0,0,0,0,0,0,0,0,,,,,,61-65,56-65,State route,U,Monday,,MHTRUCK,Not Fatal,1,0,0,0,State Route,State Patrol,Washington State Patrol Headquarter,0,1,0,0,0,,,,,,,,,,,,,,,,,,,,,,,,,,,,,,,,,,,,,,,,,,,
2017,377,E715290,4,09/18/2017,12:39,18,9,0,63,Spokane,2113,10,0,1,2,2,1,0,3,3,,,,12,0,8,7.5,1,0,1,3,2,1,3,0,0,0,0,SR-290,,-117.25745,47.68616111,0,1,64,10,2,50,4,0,0,1,2,12,1,1,5,5,1,1,1,53,0,12,37,2007,0,0,68,12,12,,,,1,1,51,2,7,1,4,0,3,0,11,4,09/18/2017,16:40,2.11E+11,40485,0,0,3,3,1,28,0,0,0,96,,,,,,0,,,,,,99216,53,66,120,6,1,0,0,0,0,0,0,,,,,,0,,,20,0,0,0,0,9,8,,,0,0,0,8,0,2,1,0,0,1,0,0,2,1,0,,,,,,,,,,,,,,,,,,,,,,,,,,,,,,0,0,0,0,0,0,0,0,0,0,0,0,0,0,0,0,0,0,0,0,0,0,0,0,0,0,0,0,0,1,1,0,0,0,0,,1,0,0,0,0,0,0,0,0,0,0,0,0,0,0,0,,,,,,51-55,46-55,State route,U,Monday,Belt Used,PV,White,1,0,0,0,State Route,State Patrol,Washington State Patrol Headquarter,0,1,0,0,0,,,,,,,,,,,,,,,,,,,,,,,,,,,,,,,,,,,,,,,,,,,
2017,377,E715290,4,09/18/2017,12:39,18,9,0,63,Spokane,2113,10,0,1,2,2,1,0,3,3,,,,12,0,8,7.5,1,0,1,3,2,1,3,0,0,0,0,SR-290,,-117.25745,47.68616111,0,2,65,62,4,50,14,0,0,1,5,12,1,1,5,5,4,1,1,53,0,2,404,1997,0,0,12,,,,,,1,1,30,1,0,0,0,0,3,0,11,0,,,,,0,0,0,3,1,0,0,0,0,0,,,,,,0,,,,,,99218,53,71,140,6,1,0,0,0,0,0,0,,,,,,0,,,20,0,0,0,8,9,8,,,0,0,0,8,0,0,0,0,0,0,0,0,0,0,996,,,,,,,,,,,,,,,,,,,,,,,,,,,,,,0,0,0,0,0,0,0,0,0,0,0,0,0,0,0,0,0,0,0,0,0,0,0,0,0,0,0,0,0,1,1,0,0,0,0,,0,0,0,0,0,0,0,0,0,0,0,0,0,0,0,0,,,,,,26-30,26-35,State route,U,Monday,Belt Used,PV,Not Fatal,1,0,0,0,State Route,State Patrol,Washington State Patrol Headquarter,0,1,0,0,0,,,,,,,,,,,,,,,,,,,,,,,,,,,,,,,,,,,,,,,,,,,
2017,365,E715833,8,09/09/2017,1:58,9,9,0,35,Kitsap,1730,10,0,2,1,2,1,0,3,2,,,,12,0,2,10.7,1,0,1,3,2,1,3,0,0,0,0,SR-305,,-122.6333556,47.72409722,0,2,51,62,4,40,34,0,0,1,2,12,3,1,2,1,14,1,1,53,0,12,481,2013,0,0,12,,,,,,1,1,59,1,0,0,1,0,3,0,11,5,,,,,0,0,3,3,1,0,0,0,0,96,,,,,,9,,,,,,98405,53,75,245,6,1,0,0,0,0,0,0,,,,,,0,,,8,0,0,0,8,1,8,,,0,0,0,8,1,2,605,0,0,1,0,0,2,1,0.13,,,,,,,,,,,,,,,,,,,,,,,,,,,,,,0,0,0,0,1,1,1,1,1,0,0,0,0,1,0,0,0,0,0,1,0,0,0,0,0,0,0,0,0,1,0,0,0,0,0,,0,0,0,0,0,1,1,1,0,0,0,0,0,0,0,1,,,,,,56-60,56-65,State route,U,Saturday,Belt Used,PV,Not Fatal,0,1,1,0,State Route,State Patrol,Washington State Patrol Headquarter,0,1,0,0,0,thc,7.3,carboxy-thc,28,,,,,,,,,,,,,,,,,,,,,,,,,,,,,,,,,,,,,,,
2017,365,E715833,8,09/09/2017,1:58,9,9,0,35,Kitsap,1730,10,0,2,1,1,1,0,3,2,,,,12,0,2,10.7,1,0,1,3,2,1,3,0,0,0,0,SR-305,,-122.6333556,47.72409722,0,1,50,10,2,40,14,0,0,1,2,12,1,1,2,1,1,2,1,53,0,49,401,1990,0,0,68,12,1,,,,1,1,30,1,7,1,4,7,20,0,11,0,09/09/2017,1:58,1.73E+11,40412,0,0,0,2,1,28,0,0,0,96,,,,,,9,,,,,,98499,53,69,200,1,1,0,0,0,0,0,0,,,,,,0,,,20,0,0,0,0,1,8,,,0,0,0,8,1,2,605,0,0,1,0,0,2,1,0.18,,,,,,,,,,,,,,,,,,,,,,,,,,,,,,0,0,0,0,1,1,1,1,1,0,0,0,0,1,0,0,0,0,0,1,0,0,0,0,0,0,0,0,0,1,0,0,0,1,0,,1,0,0,0,0,1,1,1,0,0,0,1,0,0,0,1,,,,,,26-30,26-35,State route,U,Saturday,Not Used,PV,White,0,1,1,0,State Route,State Patrol,Washington State Patrol Headquarter,0,1,0,0,0,thc,6.1,carboxy-thc,35,,,,,,,,,,,,,,,,,,,,,,,,,,,,,,,,,,,,,,,
2017,383,E715997,278,09/26/2017,11:26,26,9,0,63,Spokane,2110,1,0,1,0,0,1,0,2,2,11:13,11:17,,12,0,6,0,8,0,1,5,2,4,6,0,0,20,3,E HOLLAND  AVE,N NORTHPOINT ACCESS,-117.4026083,47.74395278,0,1,82,15,2,0,4,0,0,1,5,12,0,0,0,0,11,1,1,3,0,18,2,1999,0,0,12,,,,,,1,1,74,1,0,0,0,0,3,0,11,0,,,,,0,0,3,3,1,38,0,0,0,96,,,,,,0,,,,,,99217,53,70,195,6,1,0,0,0,0,0,46,,,,,,0,,,1,0,0,0,8,9,8,,,0,0,0,8,0,2,1,0,0,1,0,0,2,1,0,,,,,,,,,,,,,,,,,,,,,,,,,,,,,,0,0,0,0,0,0,0,0,0,0,0,0,0,0,1,0,0,0,1,0,0,1,1,0,1,1,1,0,1,1,0,0,0,0,0,,0,0,0,0,0,0,0,0,0,0,1,0,0,0,0,0,,,,,,71-75,66-75,City street,U,Tuesday,Belt Used,PV,Not Fatal,1,0,0,0,City Street,Municipal/City Police,Spokane Police Department,0,0,0,1,0,,,,,,,,,,,,,,,,,,,,,,,,,,,,,,,,,,,,,,,,,,,
2017,383,E715997,278,09/26/2017,11:26,26,9,0,63,Spokane,2110,1,0,1,1,2,1,0,2,2,11:13,11:17,,12,0,6,0,8,0,1,5,2,4,6,0,0,0,0,E HOLLAND  AVE,N NORTHPOINT ACCESS,-117.4026083,47.74395278,0,2,83,67,4,30,80,0,0,1,5,12,1,1,4,1,1,1,2,16,0,76,709,1985,0,0,12,,,,,,1,1,19,1,7,1,4,7,19,0,11,0,09/26/2017,11:56,2.11E+11,41976,0,0,0,2,1,0,0,0,0,0,,,,,,0,,,,,,99218,53,74,170,6,1,0,1,0,0,0,0,,,,,,0,08/15/2015,08/15/2015,20,8,0,0,0,9,8,,,0,0,0,8,9,2,1,0,0,1,0,0,2,1,0,,,,,,,,,,,,,,,,,,,,,,,,,,,,,,0,0,0,0,0,0,0,0,0,0,0,0,0,0,1,0,0,0,1,0,0,1,1,0,1,1,1,0,1,1,0,0,0,0,1,0,0,0,0,0,0,0,0,0,0,0,0,0,0,0,0,0,,,,,,18-20,16-25,City street,U,Tuesday,,MC,White,1,0,0,0,City Street,Municipal/City Police,Spokane Police Department,0,0,0,1,0,,,,,,,,,,,,,,,,,,,,,,,,,,,,,,,,,,,,,,,,,,,