year,case,par,repjur,crash_dt,crash_tm,accday,accmon,holiday,county,co_char,city,weather,weather2,lightcond,surfcond,surftype,numfatal,nmforms,pforms,vforms,not_tm,arr_tm,hosp_tm,fhevent,hitrun,manncol,milepnt,reljunc,reljuncinter,intersectiontype,funcsystem,landuse,ownership,route,schlbus,spejur,contdev,devfunc,trafid1,trafid2,x,y,wk_zone,vnumber,crashtype,criticalevent,criticaleventcat,spdlim,body,trailer,emerg,hazcargo,leave,mhevent,roadalgn,roadprof,traflane,trafflow,vehmanvr,numoccs,regowner,regstate,spuse,make,model,modelyr,vrf1,vrf2,seqevent1,seqevent2,seqevent3,seqevent4,seqevent5,seqevent6,pnumber,ptype,age,sex,hispanic,race,injury,diedscene,restraint,restraintmisuse,seatpos,takehosp,death_dt,death_tm,cert,cernum_wa,commlic,licendor,licrestrict,liccomp,drivpres,drf1,drf2,drf3,drf4,distract1,distract2,distract3,distract4,distract5,distract6,dricond1,dricond2,dricond3,dricond4,dricond5,dricond6,dzip,licstate,drhgt_in,weight,noncdl,noncdltype,prevdwi,prevoth,prevacc,prevspd,prevsus,driviol1,driviol2,driviol3,driviol4,driviol5,driviol6,spdrel,first_dt,last_dt,airbag,ejection,ejectpath,extricat,injurwrk,methalc,methdrug,nmlocat,strikveh,prf1,prf2,prf3,druginv,alcinvol,drugsts,drugres1,drugres2,drugres3,drugtst1,drugtst2,drugtst3,alcsts,alctst,alcres,nmact1,nmact2,nmact3,nmact4,nmact5,nmact6,nmprior1,nmprior2,nmprior3,nmprior4,nmprior5,nmprior6,nmcond1,nmcond2,nmcond3,nmcond4,nmcond5,nmcond6,nmsafe_helmet,nmsafe_pads,nmsafe_oth,nmprev_ref,nmprev_lgt,nmprev_oth,crashlocation,nmcrashtype,crosswalk,schoolzone,sidewalk,train_inv,wildlife_inv,rotr_fars,intersect_fars,dd_inv,aid_inv,dpd_inv,id_inv,mj_inv,impnm_inv,ainm_inv,dpnm_inv,speed_inv,unlic_inv,unendmc_inv,drowsy_inv,drdist_inv,nmdist_inv,fty_inv,unrestfat_inv,dr1617_inv,dr1820_inv,dr1620_inv,dr2125_inv,dr1625_inv,dr65_inv,dr70_inv,dr75_inv,mc_inv,pv_inv,ht_inv,ped_inv,bike_inv,unrest_fat,mc_fat,unhelmet_mc,pv_fat,ht_fat,ped_fat,bike_fat,dr_alc7,dr_alc8,dr_drug,dr_imp,dr_dist,dr_spd,dr_fty,dr_unlic,dr_alc7only,dr_alc8only,dr_drugonly,dr_drink,nm_imp,nm_alc7,nm_alc8,nm_drug,nm_dist,agegrp1,agegrp2,roadclass,urbrur,dayweek,restuse,vehtype,race_me,intersect,lanedep,oppdir,wrongway,rep_typ,investag,repag_long,rotr,st_rd,cty_rd,city_rd,oth_rd,drug_thc,thc_res,drug_cthc,cthc_res,drug_cann,prevpersemin,prevperse,prevsusoth,drugtst4,drugtst5,drugtst6,drugtst7,drugtst8,drugres4,drugres5,drugres6,drugres7,drugres8,adspresent,adsengaged,adslevel,race1,race2,race3,race4,race5,helmet,helmetmisuse,nmdistract1,nmdistract2,nmdistract3,nmdistract4,nmdistract5,nmdistract6,lab,isedtcase,crf1,crf2,crf3,CoRoadName,CoMP,IntCoRoadName,IntCoMP
2017,379,E716020,4,09/18/2017,21:24,18,9,0,63,Spokane,2110,1,0,3,1,2,1,0,2,2,,,,12,0,1,281.9,1,0,1,1,2,1,1,0,0,0,0,I-90,,-117.370875,47.65403056,1,2,21,53,3,60,66,1,0,1,5,12,1,1,8,3,5,1,3,17,0,51,881,2018,0,0,12,,,,,,1,1,48,1,0,0,0,0,3,0,11,0,,,,,6,1,0,3,1,0,0,0,0,0,,,,,,0,,,,,,60089,17,73,185,6,1,0,2,0,0,0,0,,,,,,0,07/15/2014,03/15/2016,20,0,0,0,8,9,8,,,0,0,0,8,0,0,0,0,0,0,0,0,0,0,996,,,,,,,,,,,,,,,,,,,,,,,,,,,,,,0,0,0,0,0,0,0,0,0,0,0,0,0,0,0,0,1,0,0,0,0,0,0,1,1,0,0,0,0,1,1,0,0,0,0,,0,0,0,0,0,0,0,0,0,0,0,0,0,0,0,0,,,,,,46-50,46-55,Interstate,U,Monday,,MHTRUCK,Not Fatal,0,0,0,0,State Route,State Patrol,Washington State Patrol Headquarter,0,1,0,0,0,,,,,,,,,,,,,,,,,,,,,,,,,,,,,,,,,,,,,,,,,,,
2017,379,E716020,4,09/18/2017,21:24,18,9,0,63,Spokane,2110,1,0,3,1,2,1,0,2,2,,,,12,0,1,281.9,1,0,1,1,2,1,1,0,0,0,0,I-90,,-117.370875,47.65403056,1,1,20,50,3,60,4,0,0,1,2,12,1,1,8,3,1,1,3,5,0,49,40,1996,0,0,12,,,,,,1,1,24,2,7,1,4,7,3,0,11,0,09/18/2017,21:24,2.11E+11,40780,0,0,3,3,1,0,0,0,0,93,,,,,,0,,,,,,99223,53,70,140,6,1,0,0,0,0,0,0,,,,,,0,,,1,0,0,0,0,9,8,,,0,0,0,8,0,2,1,0,0,1,0,0,2,1,0,,,,,,,,,,,,,,,,,,,,,,,,,,,,,,0,0,0,0,0,0,0,0,0,0,0,0,0,0,0,0,1,0,0,0,0,0,0,1,1,0,0,0,0,1,1,0,0,0,0,,1,0,0,0,0,0,0,0,1,0,0,0,0,0,0,0,,,,,,21-25,16-25,Interstate,U,Monday,Belt Used,PV,White,0,0,0,0,State Route,State Patrol,Washington State Patrol Headquarter,0,1,0,0,0,,,,,,,,,,,,,,,,,,,,,,,,,,,,,,,,,,,,,,,,,,,
2017,384,E716082,1,09/26/2017,16:03,26,9,0,5,Benton,0,1,0,1,1,2,1,0,3,2,16:11,16:34,17:15,12,0,2,22.2,1,0,1,4,1,1,3,0,0,0,0,SR-221,,-119.6983028,46.18734444,0,1,50,10,2,55,2,0,0,1,2,12,2,1,2,1,14,1,1,53,0,35,32,1997,0,0,68,12,,,,,1,1,41,1,1,98,4,7,3,0,11,0,09/26/2017,16:30,1.75E+11,42317,0,0,0,3,1,28,0,0,0,96,,,,,,9,,,,,,99350,53,73,245,6,1,0,3,2,8,0,0,,,,,,0,09/15/2012,06/15/2017,8,0,0,0,0,9,1,,,0,0,0,1,9,2,605,0,0,1,0,0,2,1,0,,,,,,,,,,,,,,,,,,,,,,,,,,,,,,0,0,0,0,0,0,1,1,1,0,0,0,0,0,0,0,0,0,0,0,0,0,0,0,0,1,0,0,0,1,0,0,0,0,0,,1,0,0,0,0,0,1,1,0,0,0,0,0,0,1,0,,,,,,41-45,36-45,State route,R,Tuesday,Belt Used,PV,Hispanic,0,1,1,0,State Route,State Patrol,Washington State Patrol Headquarter,0,1,0,0,0,thc,11,carboxy-thc,41,,,,,,,,,,,,,,,,,,,,,,,,,,,,,,,,,,,,,,,
2017,384,E716082,1,09/26/2017,16:03,26,9,0,5,Benton,0,1,0,1,1,2,1,0,3,2,16:11,16:34,17:15,12,0,2,22.2,1,0,1,4,1,1,3,0,0,0,0,SR-221,,-119.6983028,46.18734444,0,2,51,62,4,55,4,0,0,1,2,12,3,1,2,2,14,2,1,53,0,49,40,2015,0,0,12,,,,,,1,1,65,1,0,0,3,0,3,0,11,4,,,,,0,0,0,3,1,0,0,0,0,0,,,,,,0,,,,,,99350,53,72,200,6,1,0,0,0,0,0,0,,,,,,0,,,8,0,0,0,8,9,8,,,0,0,0,8,0,0,0,0,0,0,0,0,0,0,996,,,,,,,,,,,,,,,,,,,,,,,,,,,,,,0,0,0,0,0,0,1,1,1,0,0,0,0,0,0,0,0,0,0,0,0,0,0,0,0,1,0,0,0,1,0,0,0,0,0,,0,0,0,0,0,0,0,0,0,0,0,0,0,0,0,0,,,,,,61-65,56-65,State route,R,Tuesday,Belt Used,PV,Not Fatal,0,1,1,0,State Route,State Patrol,Washington State Patrol Headquarter,0,1,0,0,0,,,,,,,,,,,,,,,,,,,,,,,,,,,,,,,,,,,,,,,,,,,
2017,385,E716150,4,09/23/2017,22:29,23,9,0,75,Whitman,0,10,0,2,1,2,2,0,3,2,22:34,22:53,23:33,12,0,2,61.4,1,0,1,3,1,1,2,0,0,0,0,US-395,,-117.3560972,47.217375,0,1,50,10,2,60,14,0,0,1,2,12,1,2,2,1,1,1,1,53,0,20,401,2002,0,0,68,12,,,,,1,1,36,1,7,1,4,7,3,0,11,0,09/23/2017,22:29,1.91E+11,41856,0,0,0,3,1,28,0,0,0,96,,,,,,9,,,,,,99022,53,68,160,6,1,0,0,0,0,1,0,,,,,,0,02/15/2014,02/15/2014,1,0,0,0,0,1,8,,,0,0,0,8,1,2,1,0,0,1,0,0,2,1,0.14,,,,,,,,,,,,,,,,,,,,,,,,,,,,,,0,0,0,0,1,1,1,1,0,0,0,0,0,0,0,0,0,0,0,0,0,0,0,0,0,0,0,0,0,1,0,0,0,0,0,,1,0,0,0,0,1,0,1,0,0,0,0,0,1,0,1,,,,,,36-40,36-45,US highway,R,Saturday,Belt Used,PV,White,0,1,1,0,State Route,State Patrol,Washington State Patrol Headquarter,0,1,0,0,0,,,,,,,,,,,,,,,,,,,,,,,,,,,,,,,,,,,,,,,,,,,
2017,385,E716150,4,09/23/2017,22:29,23,9,0,75,Whitman,0,10,0,2,1,2,2,0,3,2,22:34,22:53,23:33,12,0,2,61.4,1,0,1,3,1,1,2,0,0,0,0,US-395,,-117.3560972,47.217375,0,2,51,62,4,60,15,0,0,1,2,12,1,2,2,1,1,2,1,53,0,20,421,2011,0,0,12,,,,,,1,1,37,2,0,0,3,0,3,0,11,4,,,,,0,0,3,3,1,28,0,0,0,96,,,,,,0,,,,,,99130,53,65,170,6,1,1,0,0,0,1,0,,,,,,0,01/15/2014,06/15/2014,8,0,0,0,8,9,8,,,0,0,0,8,0,2,401,0,0,1,0,0,2,1,0,,,,,,,,,,,,,,,,,,,,,,,,,,,,,,0,0,0,0,1,1,1,1,0,0,0,0,0,0,0,0,0,0,0,0,0,0,0,0,0,0,0,0,0,1,0,0,0,0,0,,0,0,0,0,0,0,1,1,0,0,0,0,0,0,1,0,,,,,,36-40,36-45,US highway,R,Saturday,Belt Used,PV,Not Fatal,0,1,1,0,State Route,State Patrol,Washington State Patrol Headquarter,0,1,0,0,0,,,,,,,,,,,,,,,,,,,,,,,,,,,,,,,,,,,,,,,,,,,
2017,391,E716276,127,09/26/2017,20:14,26,9,0,33,King,735,1,0,2,1,2,1,0,2,2,,,,12,0,1,3,1,0,1,3,2,1,3,0,0,0,0,SR-99,,-122.3313167,47.27029722,0,2,25,53,3,50,61,0,0,1,5,12,1,2,4,1,1,1,3,53,0,12,881,1999,0,0,12,,,,,,1,1,40,1,0,0,0,0,3,0,11,0,,,,,0,0,0,3,1,0,0,0,0,0,,,,,,0,,,,,,98310,53,69,195,6,1,0,1,0,1,2,0,,,,,,0,10/15/2013,08/15/2016,20,0,0,0,8,9,8,,,0,0,0,8,0,0,0,0,0,0,0,0,0,0,996,,,,,,,,,,,,,,,,,,,,,,,,,,,,,,0,0,0,0,0,0,1,1,1,0,0,0,1,0,1,0,0,0,0,0,0,0,0,0,0,0,0,0,1,0,1,0,0,0,0,,0,0,0,0,0,0,0,0,0,0,0,0,0,0,0,0,,,,,,36-40,36-45,State route,U,Tuesday,,MHTRUCK,Not Fatal,0,0,0,0,State Route,Municipal/City Police,Federal Way Dept of Public Safety,0,1,0,0,0,,,,,,,,,,,,,,,,,,,,,,,,,,,,,,,,,,,,,,,,,,,
2017,391,E716276,127,09/26/2017,20:14,26,9,0,33,King,735,1,0,2,1,2,1,0,2,2,,,,12,0,1,3,1,0,1,3,2,1,3,0,0,0,0,SR-99,,-122.3313167,47.27029722,0,1,24,51,3,50,80,0,0,1,2,12,1,2,4,1,1,1,1,53,0,73,706,1998,0,0,12,,,,,,1,1,46,1,7,1,4,7,19,0,11,0,09/26/2017,20:14,73553042233,42233,0,0,0,2,1,0,0,0,0,96,,,,,,99,,,,,,98499,53,69,185,6,1,0,0,0,0,0,0,,,,,,4,,,20,8,0,0,0,9,8,,,0,0,0,8,9,2,401,417,605,1,1,1,2,1,0,,,,,,,,,,,,,,,,,,,,,,,,,,,,,,0,0,0,0,0,0,1,1,1,0,0,0,1,0,1,0,0,0,0,0,0,0,0,0,0,0,0,0,1,0,1,0,0,0,1,0,0,0,0,0,0,0,1,1,0,1,0,0,0,0,1,0,,,,,,46-50,46-55,State route,U,Tuesday,,MC,White,0,0,0,0,State Route,Municipal/City Police,Federal Way Dept of Public Safety,0,1,0,0,0,thc,888,carboxy-thc,888,,,,,,,,,,,,,,,,,,,,,,,,,,,,,,,,,,,,,,,
2017,380,E716406,1,09/20/2017,21:26,20,9,0,77,Yakima,0,1,0,2,1,2,1,0,1,1,,,,24,0,0,87.9,1,0,1,5,1,1,3,0,0,0,0,SR-410,,-121.0657111,46.94341944,0,1,2,9,1,55,29,0,0,1,2,1,3,2,2,1,14,1,2,53,0,12,461,2017,0,0,63,24,69,68,64,39,1,1,58,2,7,1,4,7,99,0,11,0,09/20/2017,21:26,53041202,41202,0,0,0,3,1,0,0,0,0,96,,,,,,9,,,,,,98105,53,66,125,6,1,0,0,0,1,1,0,,,,,,0,09/15/2016,10/15/2016,20,0,0,0,0,1,8,,,0,0,0,8,1,2,605,0,0,1,0,0,2,1,0.16,,,,,,,,,,,,,,,,,,,,,,,,,,,,,,0,0,0,0,1,1,1,1,1,0,0,0,0,0,0,0,0,0,0,0,0,0,0,0,0,0,0,0,0,1,0,0,0,0,0,,1,0,0,0,0,1,1,1,0,0,0,0,0,0,0,1,,,,,,56-60,56-65,State route,R,Wednesday,Unknown,PV,White,0,1,0,0,State Route,State Patrol,Washington State Patrol Headquarter,1,1,0,0,0,thc,888,carboxy-thc,888,,,,,,,,,,,,,,,,,,,,,,,,,,,,,,,,,,,,,,,
2017,392,E716663,2,09/27/2017,15:40,27,9,0,73,Whatcom,0,1,0,1,1,1,1,0,1,1,,,,24,0,0,248.9,1,0,1,1,1,1,1,0,0,0,0,I-5,,-122.4508,48.69391944,0,1,6,12,2,60,80,0,0,1,2,24,2,1,2,3,14,1,2,53,0,37,706,1998,0,0,64,24,,,,,1,1,36,1,7,1,4,7,5,0,11,0,09/27/2017,15:40,11053042789,42789,0,0,3,2,1,0,0,0,0,96,,,,,,99,,,,,,98264,53,71,165,1,1,0,0,0,0,3,0,,,,,,4,09/15/2014,05/15/2017,20,8,0,0,0,9,8,,,0,0,0,8,9,2,605,0,0,1,0,0,2,1,0,,,,,,,,,,,,,,,,,,,,,,,,,,,,,,0,0,1,0,0,0,1,1,1,0,0,0,1,1,1,0,0,0,0,0,0,0,0,0,0,0,0,0,1,0,0,0,0,0,1,0,0,0,0,0,0,0,1,1,0,1,0,1,0,0,1,0,,,,,,36-40,36-45,Interstate,R,Wednesday,,MC,White,0,1,0,0,State Route,State Patrol,Washington State Patrol Headquarter,1,1,0,0,0,thc,9,carboxy-thc,37,,,,,,,,,,,,,,,,,,,,,,,,,,,,,,,,,,,,,,,
2017,388,E716666,1,09/26/2017,5:30,26,9,0,37,Kittitas,0,1,0,2,1,2,1,0,1,2,,,,12,0,6,121.7,1,0,1,1,1,1,1,0,0,0,0,I-90,,-120.0852389,46.94292778,0,2,98,90,6,70,14,0,0,1,2,12,2,2,2,2,14,1,2,53,0,41,402,2004,0,0,12,65,64,38,,,1,1,20,2,7,1,4,7,3,0,11,0,09/26/2017,7:12,53042207,42207,0,0,0,3,1,0,0,0,0,0,,,,,,0,,,,,,98208,53,73,195,6,1,0,0,1,1,0,0,,,,,,0,10/15/2014,03/15/2017,20,0,0,0,0,9,8,,,0,0,0,8,1,2,1,0,0,1,0,0,2,1,0,,,,,,,,,,,,,,,,,,,,,,,,,,,,,,0,0,0,0,1,0,0,0,0,0,0,0,0,0,0,0,0,0,0,0,0,1,1,0,1,0,0,0,0,1,0,0,0,0,0,,1,0,0,0,0,0,0,0,0,0,0,0,0,0,0,1,,,,,,18-20,16-25,Interstate,R,Tuesday,Belt Used,PV,White,0,1,0,0,State Route,State Patrol,Washington State Patrol Headquarter,1,1,0,0,0,,,,,,,,,,,,,,,,,,,,,,,,,,,,,,,,,,,,,,,,,,,
2017,407,E716718,42,09/27/2017,13:24,27,9,0,67,Thurston,2320,1,0,1,1,2,1,0,1,1,13:33,14:20,14:57,35,0,0,9999.9,1,0,1,7,2,2,4,0,0,0,0,CR-CASE RD SW,,-122.9204361,46.95276111,0,1,6,12,2,50,34,0,0,1,5,35,3,1,2,1,14,1,1,53,0,20,471,2002,0,0,68,64,35,,,,1,1,81,1,7,97,4,0,3,0,11,8,09/27/2017,15:16,92053042012,42012,6,0,3,3,1,0,0,0,0,96,,,,,,0,,,,,,98579,53,65,221,6,1,0,0,0,0,0,0,,,,,,0,,,8,0,0,0,0,9,8,,,0,0,0,8,0,8,95,0,0,6,0,0,8,95,995,,,,,,,,,,,,,,,,,,,,,,,,,,,,,,0,0,1,0,0,0,0,0,0,0,0,0,0,0,0,0,0,0,0,0,0,0,0,0,0,1,1,1,0,0,0,0,0,0,0,,0,0,0,0,0,0,0,0,0,0,0,0,0,0,0,0,,,,,,81+,76+,County road,U,Wednesday,Belt Used,PV,Multiracial,0,1,0,0,County Road,County Sheriff,Thurston County Sheriff's Office,1,0,1,0,0,,,,,,,,,,,,,,,,,,,,,,,,,,,,,,,,,,,,,,,,,,,
2017,393,E716733,305,09/20/2017,18:41,20,9,0,11,Clark,2370,2,0,1,2,1,1,0,2,1,,,,42,0,0,0,3,0,3,3,2,4,6,0,0,0,0,SE 164TH AVE,SE 4TH ST,-122.5042833,45.61931389,0,1,2,6,1,40,2,0,0,1,2,42,1,1,8,3,6,2,2,53,0,34,34,2006,0,0,63,42,,,,,1,1,17,1,7,1,4,7,3,0,11,0,09/20/2017,18:41,2.37E+11,41131,0,0,3,3,1,0,0,0,0,96,,,,,,99,,,,,,98662,53,74,210,6,2,0,0,0,2,0,0,,,,,,3,04/15/2017,08/15/2017,1,0,0,0,0,9,8,,,0,0,0,8,9,2,1,0,0,1,0,0,2,1,0,,,,,,,,,,,,,,,,,,,,,,,,,,,,,,0,0,0,1,0,0,0,0,0,0,0,0,1,0,0,0,0,0,0,0,1,0,1,0,1,0,0,0,0,1,0,0,0,0,0,,1,0,0,0,0,0,0,0,0,1,0,0,0,0,0,0,,,,,,16-17,16-25,City street,U,Wednesday,Belt Used,PV,White,0,1,0,0,City Street,Municipal/City Police,Vancouver Police Department,1,0,0,1,0,,,,,,,,,,,,,,,,,,,,,,,,,,,,,,,,,,,,,,,,,,,
2017,373,E717141,5,09/16/2017,22:28,16,9,0,11,Clark,0,1,0,2,1,2,1,1,2,1,,,,8,0,0,15.7,1,0,1,1,1,1,1,0,0,0,0,I-5,,-122.6960722,45.837075,0,1,13,80,5,70,15,0,0,1,5,8,1,1,3,3,1,2,2,53,0,42,421,2012,0,0,8,,,,,,1,1,53,1,0,0,0,0,3,0,11,0,,,,,0,0,0,3,1,0,0,0,0,0,,,,,,0,,,,,,97124,41,70,300,6,1,0,1,0,1,0,0,,,,,,0,01/15/2013,12/15/2013,20,0,0,0,8,9,2,,,0,0,0,0,0,2,1,0,0,1,0,0,2,1,0,,,,,,,,,,,,,,,,,,,,,,,,,,,,,,0,0,0,0,0,0,0,0,0,1,1,0,0,0,0,0,0,0,0,0,0,0,0,0,0,0,0,0,0,1,0,1,0,0,0,,0,0,0,0,0,0,0,0,0,0,0,0,0,0,0,0,,,,,,51-55,46-55,Interstate,R,Saturday,Belt Used,PV,Not Fatal,0,0,0,0,State Route,State Patrol,Washington State Patrol Headquarter,0,1,0,0,0,,,,,,,,,,,,,,,,,,,,,,,,,,,,,,,,,,,,,,,,,,,
2017,400,E717543,2,09/24/2017,6:08,24,9,0,73,Whatcom,0,1,0,2,1,2,1,0,2,2,,,,24,0,0,273.9,1,0,1,1,1,1,1,0,0,0,0,I-5,,-122.7192694,48.97178333,0,1,7,12,2,70,4,0,0,1,2,1,1,1,2,3,1,1,2,53,0,34,34,2004,0,0,64,24,1,54,2,,1,1,19,2,4,98,4,7,99,0,11,0,09/24/2017,6:08,15053042192,42192,0,0,0,0,1,0,0,0,0,96,,,,,,9,,,,,,98226,53,60,110,0,0,0,0,0,0,0,0,,,,,,4,,,99,0,0,0,0,1,8,,,0,0,0,8,1,2,1,0,0,1,0,0,2,1,0.16,,,,,,,,,,,,,,,,,,,,,,,,,,,,,,0,0,0,0,1,1,0,1,0,0,0,0,1,1,0,0,0,0,0,0,0,1,1,0,1,0,0,0,0,1,0,0,0,0,0,,1,0,0,0,0,1,0,1,0,1,0,1,0,1,0,1,,,,,,18-20,16-25,Interstate,R,Sunday,Unknown,PV,Hispanic,0,1,0,0,State Route,State Patrol,Washington State Patrol Headquarter,1,1,0,0,0,,,,,,,,,,,,,,,,,,,,,,,,,,,,,,,,,,,,,,,,,,,
2017,400,E717543,2,09/24/2017,6:08,24,9,0,73,Whatcom,0,1,0,2,1,2,1,0,2,2,,,,24,0,0,273.9,1,0,1,1,1,1,1,0,0,0,0,I-5,,-122.7192694,48.97178333,0,2,98,98,7,70,6,0,0,1,5,54,1,1,2,3,1,1,1,53,0,49,46,2016,0,0,54,,,,,,1,1,54,2,0,0,0,0,3,0,11,0,,,,,0,0,3,3,1,0,0,0,0,0,,,,,,0,,,,,,98230,53,72,200,6,1,0,0,0,0,0,0,,,,,,0,,,20,0,0,0,8,9,8,,,0,0,0,8,0,0,0,0,0,0,0,0,0,0,996,,,,,,,,,,,,,,,,,,,,,,,,,,,,,,0,0,0,0,1,1,0,1,0,0,0,0,1,1,0,0,0,0,0,0,0,1,1,0,1,0,0,0,0,1,0,0,0,0,0,,0,0,0,0,0,0,0,0,0,0,0,0,0,0,0,0,,,,,,51-55,46-55,Interstate,R,Sunday,Belt Used,PV,Not Fatal,0,1,0,0,State Route,State Patrol,Washington State Patrol Headquarter,1,1,0,0,0,,,,,,,,,,,,,,,,,,,,,,,,,,,,,,,,,,,,,,,,,,,
2017,444,E717650,46,09/19/2017,9:20,19,9,0,75,Whitman,2240,2,0,1,2,2,1,0,1,1,,,,3,0,0,0.5,1,0,1,5,2,2,4,0,0,0,0,CR-FARMINGTON,,-117.0682056,47.21916667,0,1,0,12,2,98,14,0,0,1,2,3,2,4,2,1,14,1,1,53,0,2,407,2014,0,0,68,64,3,,,,1,1,80,1,7,1,4,7,3,0,11,0,09/19/2017,9:20,2.24E+11,41407,0,0,0,3,1,0,0,0,0,0,,,,,,2,,,,,,99130,53,74,212,6,1,0,0,0,0,0,0,,,,,,0,,,8,0,0,1,0,9,8,,,0,0,0,8,9,2,996,996,0,1,1,0,2,1,0.026,,,,,,,,,,,,,,,,,,,,,,,,,,,,,,0,0,0,0,1,0,1,1,0,0,0,0,0,0,0,1,0,0,0,0,0,0,0,0,0,1,1,1,0,1,0,0,0,0,0,,1,0,0,0,1,0,1,1,0,0,0,0,0,0,0,1,,,,,,76-80,76+,County road,U,Tuesday,Belt Used,PV,White,0,1,0,0,City Street,County Sheriff,Whitman County Sheriff's Office,1,0,0,1,0,,,,,,,,,,,,,,,,,,,,,,,,,,,,,,,,,,,,,,,,,,,
2017,396,E717843,35,09/30/2017,5:12,30,9,0,53,Pierce,0,10,0,2,2,1,1,0,2,1,5:13,5:38,,1,0,0,0.1,1,0,1,5,1,2,4,0,0,0,0,CR-FAIRFAX FOREST RESERVE RD,,-122.039325,47.03336667,0,1,98,13,2,30,14,0,0,1,2,1,3,2,2,1,14,2,2,53,0,2,404,1995,0,0,63,69,1,,,,1,1,20,1,7,1,4,7,20,0,11,0,09/30/2017,5:12,25053042737,42737,0,0,0,3,1,0,0,0,0,92,,,,,,9,,,,,,98038,53,68,130,6,1,0,0,0,3,0,12,,,,,,0,03/15/2016,01/15/2017,20,1,9,0,0,1,8,,,0,0,0,8,1,2,1,0,0,1,0,0,2,1,0.18,,,,,,,,,,,,,,,,,,,,,,,,,,,,,,0,0,0,0,1,1,0,1,0,0,0,0,0,0,0,0,1,0,0,1,0,1,1,0,1,0,0,0,0,1,0,0,0,1,0,,1,0,0,0,0,1,0,1,1,0,0,0,0,1,0,1,,,,,,18-20,16-25,County road,R,Saturday,Not Used,PV,White,0,0,0,0,County Road,County Sheriff,Law Enforcement Support Agency,0,0,1,0,0,,,,,,,,,,,,,,,,,,,,,,,,,,,,,,,,,,,,,,,,,,,
2017,402,E718360,223,09/14/2017,18:05,14,9,0,47,Okanogan,1600,1,0,1,1,2,1,1,2,1,,,,8,0,0,5.2,1,0,1,4,2,1,3,0,0,0,0,SR-215,,-119.5284111,48.41249167,0,1,13,80,5,25,4,0,0,1,5,8,1,1,3,5,1,2,2,53,0,13,15,2010,0,0,8,,,,,,1,1,24,1,0,0,0,0,3,0,11,0,,,,,0,0,0,3,1,0,0,0,0,93,,,,,,0,,,,,,98841,53,68,190,6,1,0,1,0,3,2,0,,,,,,0,08/15/2014,07/15/2017,20,0,0,0,8,2,8,,,0,0,0,8,0,0,0,0,0,0,0,0,2,10,0,,,,,,,,,,,,,,,,,,,,,,,,,,,,,,0,0,0,0,0,0,0,0,0,1,0,1,0,0,0,0,1,1,0,0,0,0,0,1,1,0,0,0,0,1,0,1,0,0,0,,0,0,0,0,0,0,0,0,1,0,0,0,0,0,0,0,,,,,,21-25,16-25,State route,U,Thursday,Belt Used,PV,Not Fatal,0,0,0,0,State Route,Municipal/City Police,Omak Police Department,0,1,0,0,0,,,,,,,,,,,,,,,,,,,,,,,,,,,,,,,,,,,,,,,,,,,
2017,386,E718363,6,09/25/2017,21:37,25,9,0,25,Grant,0,1,0,2,1,2,1,0,2,2,21:32,21:41,,12,0,2,10.9,1,0,1,4,1,1,3,0,0,0,0,SR-243,,-119.9166417,46.71251111,0,2,51,62,4,55,66,1,0,1,2,2,3,1,2,1,14,1,1,53,0,84,884,1997,0,0,12,68,2,,,,1,1,48,1,0,0,0,0,3,0,11,0,,,,,6,3,0,3,1,0,0,0,0,0,,,,,,0,,,,,,98944,53,68,250,6,1,0,3,1,0,0,0,,,,,,0,06/15/2013,09/15/2017,99,0,0,0,8,9,8,,,0,0,0,8,0,0,0,0,0,0,0,0,0,0,996,,,,,,,,,,,,,,,,,,,,,,,,,,,,,,0,0,0,0,1,1,0,1,0,0,0,0,0,0,0,0,0,0,0,0,0,0,0,0,0,0,0,0,0,1,1,0,0,0,0,,0,0,0,0,0,0,0,0,0,0,0,0,0,0,0,0,,,,,,46-50,46-55,State route,R,Monday,,MHTRUCK,Not Fatal,0,1,1,0,State Route,State Patrol,Washington State Patrol Headquarter,0,1,0,0,0,,,,,,,,,,,,,,,,,,,,,,,,,,,,,,,,,,,,,,,,,,,
2017,386,E718363,6,09/25/2017,21:37,25,9,0,25,Grant,0,1,0,2,1,2,1,0,2,2,21:32,21:41,,12,0,2,10.9,1,0,1,4,1,1,3,0,0,0,0,SR-243,,-119.9166417,46.71251111,0,1,50,10,2,98,4,0,0,1,2,12,2,1,2,1,14,1,4,53,0,49,40,1999,0,0,68,12,63,1,64,,1,1,31,1,1,1,4,7,99,0,11,0,09/25/2017,21:37,53041670,41670,0,0,0,3,1,28,0,0,0,96,,,,,,9,,,,,,99321,53,66,162,6,1,0,0,0,2,0,0,,,,,,0,10/15/2014,06/15/2015,8,0,0,0,0,1,8,,,0,0,0,8,1,2,1,0,0,1,0,0,2,1,0.24,,,,,,,,,,,,,,,,,,,,,,,,,,,,,,0,0,0,0,1,1,0,1,0,0,0,0,0,0,0,0,0,0,0,0,0,0,0,0,0,0,0,0,0,1,1,0,0,0,0,,1,0,0,0,0,1,0,1,0,0,0,0,0,1,0,1,,,,,,31-35,26-35,State route,R,Monday,Unknown,PV,Hispanic,0,1,1,0,State Route,State Patrol,Washington State Patrol Headquarter,0,1,0,0,0,,,,,,,,,,,,,,,,,,,,,,,,,,,,,,,,,,,,,,,,,,,