year,case,par,repjur,crash_dt,crash_tm,accday,accmon,holiday,county,co_char,city,weather,weather2,lightcond,surfcond,surftype,numfatal,nmforms,pforms,vforms,not_tm,arr_tm,hosp_tm,fhevent,hitrun,manncol,milepnt,reljunc,reljuncinter,intersectiontype,funcsystem,landuse,ownership,route,schlbus,spejur,contdev,devfunc,trafid1,trafid2,x,y,wk_zone,vnumber,crashtype,criticalevent,criticaleventcat,spdlim,body,trailer,emerg,hazcargo,leave,mhevent,roadalgn,roadprof,traflane,trafflow,vehmanvr,numoccs,regowner,regstate,spuse,make,model,modelyr,vrf1,vrf2,seqevent1,seqevent2,seqevent3,seqevent4,seqevent5,seqevent6,pnumber,ptype,age,sex,hispanic,race,injury,diedscene,restraint,restraintmisuse,seatpos,takehosp,death_dt,death_tm,cert,cernum_wa,commlic,licendor,licrestrict,liccomp,drivpres,drf1,drf2,drf3,drf4,distract1,distract2,distract3,distract4,distract5,distract6,dricond1,dricond2,dricond3,dricond4,dricond5,dricond6,dzip,licstate,drhgt_in,weight,noncdl,noncdltype,prevdwi,prevoth,prevacc,prevspd,prevsus,driviol1,driviol2,driviol3,driviol4,driviol5,driviol6,spdrel,first_dt,last_dt,airbag,ejection,ejectpath,extricat,injurwrk,methalc,methdrug,nmlocat,strikveh,prf1,prf2,prf3,druginv,alcinvol,drugsts,drugres1,drugres2,drugres3,drugtst1,drugtst2,drugtst3,alcsts,alctst,alcres,nmact1,nmact2,nmact3,nmact4,nmact5,nmact6,nmprior1,nmprior2,nmprior3,nmprior4,nmprior5,nmprior6,nmcond1,nmcond2,nmcond3,nmcond4,nmcond5,nmcond6,nmsafe_helmet,nmsafe_pads,nmsafe_oth,nmprev_ref,nmprev_lgt,nmprev_oth,crashlocation,nmcrashtype,crosswalk,schoolzone,sidewalk,train_inv,wildlife_inv,rotr_fars,intersect_fars,dd_inv,aid_inv,dpd_inv,id_inv,mj_inv,impnm_inv,ainm_inv,dpnm_inv,speed_inv,unlic_inv,unendmc_inv,drowsy_inv,drdist_inv,nmdist_inv,fty_inv,unrestfat_inv,dr1617_inv,dr1820_inv,dr1620_inv,dr2125_inv,dr1625_inv,dr65_inv,dr70_inv,dr75_inv,mc_inv,pv_inv,ht_inv,ped_inv,bike_inv,unrest_fat,mc_fat,unhelmet_mc,pv_fat,ht_fat,ped_fat,bike_fat,dr_alc7,dr_alc8,dr_drug,dr_imp,dr_dist,dr_spd,dr_fty,dr_unlic,dr_alc7only,dr_alc8only,dr_drugonly,dr_drink,nm_imp,nm_alc7,nm_alc8,nm_drug,nm_dist,agegrp1,agegrp2,roadclass,urbrur,dayweek,restuse,vehtype,race_me,intersect,lanedep,oppdir,wrongway,rep_typ,investag,repag_long,rotr,st_rd,cty_rd,city_rd,oth_rd,drug_thc,thc_res,drug_cthc,cthc_res,drug_cann,prevpersemin,prevperse,prevsusoth,drugtst4,drugtst5,drugtst6,drugtst7,drugtst8,drugres4,drugres5,drugres6,drugres7,drugres8,adspresent,adsengaged,adslevel,race1,race2,race3,race4,race5,helmet,helmetmisuse,nmdistract1,nmdistract2,nmdistract3,nmdistract4,nmdistract5,nmdistract6,lab,isedtcase,crf1,crf2,crf3,CoRoadName,CoMP,IntCoRoadName,IntCoMP
2017,397,E718526,127,09/27/2017,23:47,27,9,0,33,King,735,1,0,3,1,2,1,0,1,3,,,,38,0,0,0,1,0,1,4,2,4,6,0,0,0,0,SW 320TH ST,,-122.3725028,47.31513611,0,1,1,13,2,35,34,0,0,1,2,1,3,2,2,1,14,1,1,53,0,20,481,2007,0,0,63,38,42,1,14,14,1,1,66,1,7,1,4,7,20,0,11,0,09/27/2017,23:59,73553042999,42999,0,0,0,3,1,0,0,0,0,96,,,,,,99,,,,,,98106,53,70,200,6,1,0,0,1,0,1,0,,,,,,3,09/15/2013,11/15/2016,20,1,9,0,0,9,8,,,0,0,0,8,9,2,605,996,0,1,1,0,2,1,0.22,,,,,,,,,,,,,,,,,,,,,,,,,,,,,,0,0,1,0,1,1,1,1,1,0,0,0,1,0,0,0,0,0,0,0,0,0,0,0,0,1,0,0,0,1,0,0,0,1,0,,0,0,0,0,0,1,1,1,0,1,0,0,0,0,0,1,,,,,,66-70,66-75,City street,U,Wednesday,Not Used,PV,White,0,1,0,0,City Street,Municipal/City Police,Federal Way Dept of Public Safety,1,0,0,1,0,thc,21,carboxy-thc,32,,,,,,,,,,,,,,,,,,,,,,,,,,,,,,,,,,,,,,,
2017,285,E718658,7,07/16/2017,3:38,16,7,0,33,King,1030,1,0,3,1,1,1,0,1,1,,,,42,0,0,147,1,0,1,1,2,1,1,0,0,0,0,I-5,,-122.2964583,47.35935556,0,1,1,13,2,60,4,0,0,1,5,42,1,3,5,3,1,1,1,53,0,55,33,2010,0,0,63,42,,,,,1,1,23,1,7,2,4,7,99,0,11,0,07/16/2017,3:53,1.03E+11,31902,0,0,0,3,1,0,0,0,0,96,,,,,,99,,,,,,77433,48,,999,6,1,0,0,0,0,0,0,,,,,,0,,,99,0,0,0,0,9,8,,,0,0,0,8,9,2,605,0,0,1,0,0,2,1,0.16,,,,,,,,,,,,,,,,,,,,,,,,,,,,,,0,0,1,0,1,1,1,1,1,0,0,0,0,0,0,0,0,0,0,0,0,0,0,1,1,0,0,0,0,1,0,0,0,0,0,,1,0,0,0,0,1,1,1,0,0,0,0,0,0,0,1,,,,,,21-25,16-25,Interstate,U,Sunday,Unknown,PV,Black,0,1,0,0,State Route,State Patrol,Washington State Patrol Headquarter,1,1,0,0,0,thc,4,,,,,,,,,,,,,,,,,,,,,,,,,,,,,,,,,,,,,,,,,
2017,410,E718794,39,10/01/2017,1:15,1,10,0,61,Snohomish,0,2,0,2,2,2,1,0,2,1,,,,42,0,0,10.7,1,0,1,5,1,2,4,0,0,0,0,CR-MOUNTAIN LOOP HWY,,-121.7870889,48.09483889,0,1,2,6,1,35,14,0,0,1,2,1,1,1,2,1,1,2,1,53,0,49,401,1990,0,0,63,42,1,42,,,1,1,22,1,7,1,4,7,20,0,11,0,10/01/2017,1:15,86053043083,43083,0,0,0,3,1,0,0,0,0,96,,,,,,9,,,,,,98258,53,67,175,6,1,0,3,1,1,0,0,,,,,,4,04/15/2015,12/15/2015,20,1,9,0,0,9,8,,,0,0,0,8,1,2,605,0,0,1,0,0,2,1,0.12,,,,,,,,,,,,,,,,,,,,,,,,,,,,,,0,0,0,0,1,1,1,1,1,0,0,0,1,0,0,0,0,0,0,1,0,0,0,1,1,0,0,0,0,1,0,0,0,1,0,,1,0,0,0,0,1,1,1,0,1,0,0,0,0,0,1,,,,,,21-25,16-25,County road,R,Sunday,Not Used,PV,White,0,1,0,0,County Road,County Sheriff,Snohomish County Sheriff's Office,1,0,1,0,0,thc,34,carboxy-thc,91,,,,,,,,,,,,,,,,,,,,,,,,,,,,,,,,,,,,,,,
2017,378,E718835,6,09/18/2017,15:10,18,9,0,37,Kittitas,0,1,0,1,1,1,1,0,6,3,15:11,15:40,,12,0,1,80.8,1,0,1,1,1,1,1,0,0,0,0,I-90,,-120.9712583,47.19186667,0,1,29,53,3,70,3,0,0,1,2,12,1,1,2,3,2,2,2,6,0,69,54,2015,0,0,12,12,,,,,1,1,28,2,0,0,2,0,3,0,11,5,,,,,0,0,0,3,1,0,0,0,0,0,,,,,,0,,,,,,92571,6,61,135,6,1,0,1,0,0,0,0,,,,,,0,05/15/2017,05/15/2017,20,0,0,0,8,9,8,,,0,0,0,8,0,0,0,0,0,0,0,0,0,0,996,,,,,,,,,,,,,,,,,,,,,,,,,,,,,,0,0,0,0,0,0,0,0,0,0,0,0,0,0,0,0,1,0,0,0,0,1,1,0,1,0,0,0,0,1,1,0,0,0,0,,0,0,0,0,0,0,0,0,0,0,0,0,0,0,0,0,,,,,,26-30,26-35,Interstate,R,Monday,Belt Used,PV,Not Fatal,0,0,0,0,State Route,State Patrol,Washington State Patrol Headquarter,0,1,0,0,0,,,,,,,,,,,,,,,,,,,,,,,,,,,,,,,,,,,,,,,,,,,
2017,378,E718835,6,09/18/2017,15:10,18,9,0,37,Kittitas,0,1,0,1,1,1,1,0,6,3,15:11,15:40,,12,0,1,80.8,1,0,1,1,1,1,1,0,0,0,0,I-90,,-120.9712583,47.19186667,0,3,98,50,3,70,66,1,0,1,2,12,1,1,2,3,1,2,1,53,0,82,881,2012,0,0,12,12,,,,,1,1,48,1,0,0,0,0,99,0,11,0,,,,,6,3,3,3,1,0,0,0,0,93,,,,,,0,,,,,,98023,53,67,160,6,1,0,1,0,1,0,0,,,,,,0,06/15/2013,08/15/2015,20,0,0,0,8,9,8,,,0,0,0,8,0,2,1,0,0,1,0,0,2,1,0,,,,,,,,,,,,,,,,,,,,,,,,,,,,,,0,0,0,0,0,0,0,0,0,0,0,0,0,0,0,0,1,0,0,0,0,1,1,0,1,0,0,0,0,1,1,0,0,0,0,,0,0,0,0,0,0,0,0,1,0,0,0,0,0,0,0,,,,,,46-50,46-55,Interstate,R,Monday,,MHTRUCK,Not Fatal,0,0,0,0,State Route,State Patrol,Washington State Patrol Headquarter,0,1,0,0,0,,,,,,,,,,,,,,,,,,,,,,,,,,,,,,,,,,,,,,,,,,,
2017,378,E718835,6,09/18/2017,15:10,18,9,0,37,Kittitas,0,1,0,1,1,1,1,0,6,3,15:11,15:40,,12,0,1,80.8,1,0,1,1,1,1,1,0,0,0,0,I-90,,-120.9712583,47.19186667,0,2,28,50,3,70,4,0,0,1,5,12,1,1,2,3,1,2,2,53,0,49,32,2003,0,0,12,12,,,,,1,1,18,1,0,0,0,0,99,0,11,0,,,,,0,0,0,3,1,0,0,0,0,96,,,,,,0,,,,,,98848,53,66,170,6,1,0,0,0,0,0,0,,,,,,0,,,20,0,0,0,8,9,8,,,0,0,0,8,0,0,0,0,0,0,0,0,0,0,996,,,,,,,,,,,,,,,,,,,,,,,,,,,,,,0,0,0,0,0,0,0,0,0,0,0,0,0,0,0,0,1,0,0,0,0,1,1,0,1,0,0,0,0,1,1,0,0,0,0,,0,0,0,0,0,0,0,0,0,0,0,0,0,0,0,0,,,,,,18-20,16-25,Interstate,R,Monday,Unknown,PV,Not Fatal,0,0,0,0,State Route,State Patrol,Washington State Patrol Headquarter,0,1,0,0,0,,,,,,,,,,,,,,,,,,,,,,,,,,,,,,,,,,,,,,,,,,,
2017,395,E719219,8,09/27/2017,10:13,27,9,0,35,Kitsap,0,1,0,1,1,2,1,0,2,2,,,,12,0,2,56.6,1,0,1,3,1,1,3,0,0,0,0,SR-3,,-122.6457667,47.81325,0,1,50,10,2,55,2,0,0,1,2,12,1,2,2,1,6,1,1,53,0,37,32,2008,0,0,68,12,,,,,1,1,58,1,0,0,1,0,3,0,11,4,,,,,0,0,0,3,1,28,33,0,0,96,,,,,,9,,,,,,98383,53,70,160,6,1,0,0,0,1,0,1,,,,,,0,01/15/2013,01/15/2013,8,0,0,0,8,9,2,,,0,0,0,1,9,2,300,605,996,1,1,1,2,1,0,,,,,,,,,,,,,,,,,,,,,,,,,,,,,,0,0,0,0,0,0,1,1,1,0,0,0,0,0,0,0,0,0,0,0,0,0,0,0,0,1,1,1,1,1,0,0,0,0,0,,0,0,0,0,0,0,1,1,0,0,0,0,0,0,1,0,,,,,,56-60,56-65,State route,R,Wednesday,Belt Used,PV,Not Fatal,0,1,1,0,State Route,State Patrol,Washington State Patrol Headquarter,0,1,0,0,0,thc,3.3,carboxy-thc,18,,,,,,,,,,,,,,,,,,,,,,,,,,,,,,,,,,,,,,,
2017,395,E719219,8,09/27/2017,10:13,27,9,0,35,Kitsap,0,1,0,1,1,2,1,0,2,2,,,,12,0,2,56.6,1,0,1,3,1,1,3,0,0,0,0,SR-3,,-122.6457667,47.81325,0,2,51,62,4,55,80,0,0,1,2,12,1,2,2,1,1,1,1,53,0,34,706,2003,0,0,12,,,,,,1,1,76,1,7,1,4,7,5,0,11,0,09/27/2017,10:13,1.73E+11,42252,0,0,0,3,1,0,0,0,0,0,,,,,,0,,,,,,98597,53,70,230,6,1,0,0,0,0,0,0,,,,,,0,,,20,8,0,0,0,9,8,,,0,0,0,8,9,2,1,0,0,1,0,0,2,1,0,,,,,,,,,,,,,,,,,,,,,,,,,,,,,,0,0,0,0,0,0,1,1,1,0,0,0,0,0,0,0,0,0,0,0,0,0,0,0,0,1,1,1,1,1,0,0,0,0,1,0,0,0,0,0,0,0,0,0,0,0,0,0,0,0,0,0,,,,,,76-80,76+,State route,R,Wednesday,,MC,White,0,1,1,0,State Route,State Patrol,Washington State Patrol Headquarter,0,1,0,0,0,,,,,,,,,,,,,,,,,,,,,,,,,,,,,,,,,,,,,,,,,,,
2017,406,E719375,8,09/30/2017,21:35,30,9,0,27,Grays Harbor,0,2,0,2,2,2,1,0,6,2,,,,12,0,2,3.6,1,0,1,4,1,1,3,0,0,0,0,SR-109,,-123.9594083,46.98282778,0,2,51,62,4,40,4,0,0,1,2,12,3,2,2,1,14,4,2,53,0,7,20,2002,0,0,12,,,,,,1,1,29,1,0,0,3,0,3,0,11,5,,,,,0,0,3,3,1,0,0,0,0,0,,,,,,0,,,,,,98520,53,70,180,6,1,0,1,0,0,0,0,,,,,,0,07/15/2014,07/15/2014,1,0,0,0,8,9,8,,,0,0,0,8,0,0,0,0,0,0,0,0,0,0,996,,,,,,,,,,,,,,,,,,,,,,,,,,,,,,0,0,0,0,1,1,1,1,1,0,0,0,1,0,0,0,0,0,0,0,0,0,0,0,0,0,0,0,0,1,0,0,0,0,0,,0,0,0,0,0,0,0,0,0,0,0,0,0,0,0,0,,,,,,26-30,26-35,State route,R,Saturday,Belt Used,PV,Not Fatal,0,1,1,0,State Route,State Patrol,Washington State Patrol Headquarter,0,1,0,0,0,,,,,,,,,,,,,,,,,,,,,,,,,,,,,,,,,,,,,,,,,,,
2017,406,E719375,8,09/30/2017,21:35,30,9,0,27,Grays Harbor,0,2,0,2,2,2,1,0,6,2,,,,12,0,2,3.6,1,0,1,4,1,1,3,0,0,0,0,SR-109,,-123.9594083,46.98282778,0,1,50,10,2,40,4,0,0,1,2,12,2,2,2,1,6,2,1,53,0,34,35,1998,0,0,68,12,63,1,,,1,1,30,1,0,0,0,0,3,0,11,0,,,,,0,0,0,3,1,28,0,0,0,96,,,,,,9,,,,,,98528,53,76,290,6,1,0,0,1,6,0,97,,,,,,4,04/15/2014,09/15/2015,1,0,0,0,8,9,2,,,0,0,0,1,1,2,695,0,0,1,0,0,2,1,0.11,,,,,,,,,,,,,,,,,,,,,,,,,,,,,,0,0,0,0,1,1,1,1,1,0,0,0,1,0,0,0,0,0,0,0,0,0,0,0,0,0,0,0,0,1,0,0,0,0,0,,0,0,0,0,0,1,1,1,0,1,0,0,0,0,0,1,,,,,,26-30,26-35,State route,R,Saturday,Belt Used,PV,Not Fatal,0,1,1,0,State Route,State Patrol,Washington State Patrol Headquarter,0,1,0,0,0,,,carboxy-thc,11,,,,,,,,,,,,,,,,,,,,,,,,,,,,,,,,,,,,,,,
2017,411,E719488,25,10/03/2017,10:54,3,10,0,33,King,0,1,0,1,1,1,1,0,1,1,,,,42,0,0,5,1,0,1,6,1,2,4,0,0,0,0,CR-SE KENT KANGLEY RD,,-121.9173917,47.35793056,0,1,2,9,1,45,4,0,0,1,2,42,1,2,2,1,1,1,2,53,0,37,31,2003,0,0,68,63,42,,,,1,1,51,2,7,1,4,7,20,0,11,0,10/03/2017,10:54,53044255,44255,0,0,0,2,1,0,0,0,0,96,,,,,,99,,,,,,98038,53,66,164,1,1,0,0,0,2,1,0,,,,,,4,09/15/2015,09/15/2015,20,1,9,0,0,9,8,,,0,0,0,8,9,2,401,417,0,1,1,0,2,1,0,,,,,,,,,,,,,,,,,,,,,,,,,,,,,,0,0,0,0,0,0,1,1,0,0,0,0,1,1,0,0,0,0,0,1,0,0,0,0,0,0,0,0,0,1,0,0,0,1,0,,1,0,0,0,0,0,1,1,0,1,0,1,0,0,1,0,,,,,,51-55,46-55,County road,R,Tuesday,Not Used,PV,White,0,1,0,0,County Road,County Sheriff,King County Police,1,0,1,0,0,,,,,,,,,,,,,,,,,,,,,,,,,,,,,,,,,,,,,,,,,,,
2017,415,E720099,7,10/06/2017,20:18,6,10,0,33,King,1960,10,0,3,1,1,1,0,1,1,,,,24,0,0,1.8,1,0,1,1,2,1,1,0,0,0,0,I-5 RL005EXP,,-122.3281167,47.62278889,0,1,7,6,1,60,80,0,0,1,2,24,2,1,4,3,14,1,1,53,0,76,705,1981,0,0,64,24,,,,,1,1,22,1,7,1,4,7,5,0,11,0,10/06/2017,20:18,1.96E+11,43656,0,0,0,2,1,0,0,0,0,96,,,,,,9,,,,,,98103,53,70,150,6,1,0,3,1,2,0,0,,,,,,4,06/15/2014,06/15/2017,20,8,0,0,0,9,8,,,0,0,0,8,1,2,605,0,0,1,0,0,2,1,0.038,,,,,,,,,,,,,,,,,,,,,,,,,,,,,,0,0,0,0,1,0,1,1,1,0,0,0,1,0,1,0,0,0,0,0,0,0,0,1,1,0,0,0,1,0,0,0,0,0,1,0,0,0,0,0,1,0,1,1,0,1,0,0,0,0,0,1,,,,,,21-25,16-25,Interstate,U,Friday,,MC,White,0,1,0,0,State Route,State Patrol,Washington State Patrol Headquarter,1,1,0,0,0,thc,44,carboxy-thc,20,,,,,,,,,,,,,,,,,,,,,,,,,,,,,,,,,,,,,,,
2017,425,E720304,173,10/07/2017,17:24,7,10,0,53,Pierce,1124,1,0,1,0,0,1,1,1,1,,,,8,0,0,9999.9,8,0,1,7,2,2,4,0,0,0,0,CR-GRANGE ST W,,-122.5162944,47.18605278,0,1,13,80,5,0,4,0,0,1,5,8,0,0,0,0,10,1,1,53,0,55,33,2016,0,0,8,,,,,,1,1,70,2,0,0,0,0,3,0,11,0,,,,,0,0,0,3,1,0,0,0,0,0,,,,,,0,,,,,,98499,53,67,220,6,1,0,0,0,0,0,0,,,,,,0,,,20,0,0,0,8,9,8,,,0,0,0,8,0,0,0,0,0,0,0,0,0,0,996,,,,,,,,,,,,,,,,,,,,,,,,,,,,,,0,0,0,0,0,0,0,0,0,1,1,1,0,0,0,0,0,0,0,0,0,0,0,0,0,1,1,0,0,1,0,1,0,0,0,,0,0,0,0,0,0,0,0,0,0,0,0,0,0,0,0,,,,,,66-70,66-75,County road,U,Saturday,Belt Used,PV,Not Fatal,0,0,0,0,City Street,Municipal/City Police,Lakewood Police Department,0,0,0,1,0,,,,,,,,,,,,,,,,,,,,,,,,,,,,,,,,,,,,,,,,,,,
2017,414,E720718,346,09/29/2017,12:46,29,9,0,63,Spokane,1165,1,0,1,1,2,1,1,1,1,,,,15,0,0,0,1,0,1,4,2,2,4,0,0,0,0,CR-N LIBERTY LAKE RD,,-117.1051417,47.66861389,0,1,13,83,5,35,15,0,0,1,5,15,1,1,5,5,1,1,1,53,0,49,422,2010,0,0,15,,,,,,1,1,74,1,0,0,0,0,3,0,11,0,,,,,0,0,3,3,1,0,0,0,0,0,,,,,,0,,,,,,99019,53,70,195,6,1,0,0,0,0,0,0,,,,,,0,,,20,0,0,0,8,9,8,,,0,0,0,8,0,2,1,0,0,1,0,0,2,1,0,,,,,,,,,,,,,,,,,,,,,,,,,,,,,,0,0,0,0,0,0,0,0,0,0,0,0,0,0,0,0,0,1,0,0,0,0,0,0,0,1,1,0,0,1,0,1,0,0,0,,0,0,0,0,0,0,0,0,0,0,0,0,0,0,0,0,,,,,,71-75,66-75,County road,U,Friday,Belt Used,PV,Not Fatal,0,0,0,0,City Street,Municipal/City Police,LIBERTY LAKE POLICE DEPT,0,0,0,1,0,,,,,,,,,,,,,,,,,,,,,,,,,,,,,,,,,,,,,,,,,,,
2017,461,E720750,266,10/06/2017,13:23,6,10,0,77,Yakima,1980,1,0,1,1,2,1,1,1,1,,,,8,0,0,0,3,0,2,4,2,4,6,0,0,2,3,N 1ST ST,FREMONT AVE,-120.5305417,46.65595556,0,1,13,80,5,25,15,0,0,1,5,8,1,1,3,3,10,1,1,53,0,13,421,1998,0,0,8,,,,,,1,1,86,1,0,0,0,0,3,0,11,0,,,,,0,0,3,3,1,38,0,0,0,96,,,,,,99,,,,,,98901,53,64,185,6,1,0,0,0,0,0,46,,,,,,0,,,20,0,0,0,8,9,8,,,0,0,0,8,0,0,0,0,0,0,0,0,0,0,996,,,,,,,,,,,,,,,,,,,,,,,,,,,,,,0,0,0,1,0,0,0,0,0,0,0,0,0,0,0,0,0,0,1,0,0,0,0,0,0,1,1,1,0,1,0,1,0,0,0,,0,0,0,0,0,0,0,0,0,0,1,0,0,0,0,0,,,,,,81+,76+,City street,U,Friday,Belt Used,PV,Not Fatal,1,0,0,0,City Street,Municipal/City Police,Selah Police Department,0,0,0,1,0,,,,,,,,,,,,,,,,,,,,,,,,,,,,,,,,,,,,,,,,,,,
2017,441,E720789,278,10/09/2017,19:25,9,10,7,63,Spokane,2110,1,0,3,1,2,1,1,1,1,,,,8,0,0,0,3,0,2,3,2,4,6,0,0,0,0,FRANCIS AVE,CINCINNATI ST,-117.3980194,47.71507222,0,1,13,80,5,30,4,0,0,1,5,8,1,1,5,1,1,1,2,18,0,19,18,2008,0,0,8,,,,,,1,1,67,1,0,0,0,0,3,0,11,0,,,,,0,0,3,3,1,38,0,0,0,93,,,,,,9,,,,,,99217,53,67,180,6,1,0,1,1,1,0,9,,,,,,0,02/15/2014,10/15/2014,20,0,0,0,8,9,8,,,0,0,0,1,9,8,95,0,0,6,0,0,8,95,995,,,,,,,,,,,,,,,,,,,,,,,,,,,,,,0,0,0,1,0,0,0,0,0,0,0,0,0,0,0,0,1,0,1,0,0,0,0,0,0,1,0,0,0,1,0,1,0,0,0,,0,0,0,0,0,0,0,0,1,0,1,0,0,0,0,0,,,,,,66-70,66-75,City street,U,Monday,Belt Used,PV,Not Fatal,1,0,0,0,City Street,Municipal/City Police,Spokane Police Department,0,0,0,1,0,,,,,,,,,,,,,,,,,,,,,,,,,,,,,,,,,,,,,,,,,,,
2017,417,E720823,35,10/05/2017,17:20,5,10,0,53,Pierce,0,1,0,1,1,2,1,1,1,1,,,,8,0,0,0.1,1,0,1,4,1,2,4,0,0,0,0,CR-KEY PENINSULA HWY N,,-122.7438222,47.34257778,0,1,13,13,2,35,6,0,0,1,5,8,2,1,2,1,14,1,1,53,0,7,27,2012,0,0,63,8,,,,,1,1,61,2,0,0,0,0,3,0,11,0,,,,,0,0,0,3,1,0,0,0,0,93,,,,,,0,,,,,,98380,53,64,140,6,1,0,0,0,2,0,97,,,,,,0,05/15/2013,03/15/2014,20,0,0,0,8,9,8,,,0,0,0,8,0,0,0,0,0,0,0,0,0,0,996,,,,,,,,,,,,,,,,,,,,,,,,,,,,,,0,0,0,0,0,0,0,0,0,1,0,1,0,0,0,0,1,0,0,0,0,0,0,0,0,0,0,0,0,1,0,1,0,0,0,,0,0,0,0,0,0,0,0,1,0,0,0,0,0,0,0,,,,,,61-65,56-65,County road,R,Thursday,Belt Used,PV,Not Fatal,0,0,0,0,County Road,County Sheriff,Law Enforcement Support Agency,0,0,1,0,0,,,,,,,,,,,,,,,,,,,,,,,,,,,,,,,,,,,,,,,,,,,
2017,419,E721081,26,10/08/2017,11:05,8,10,7,35,Kitsap,0,1,0,1,1,2,1,0,3,2,,,,12,0,6,2.2,2,0,2,7,1,2,4,0,0,20,3,CR-SE PRUCE RD,WILLOW RD SE,-122.6366111,47.41430556,0,1,87,17,2,30,4,0,0,1,5,12,1,1,2,1,1,2,2,53,0,37,31,1999,0,0,12,68,64,1,,,1,1,18,2,0,0,3,0,3,0,11,4,,,,,0,0,0,3,1,39,0,0,0,93,,,,,,0,,,,,,98335,53,71,150,6,1,0,0,0,0,0,97,,,,,,0,,,1,0,0,0,8,9,8,,,0,0,0,8,0,2,695,0,0,1,0,0,2,1,0,,,,,,,,,,,,,,,,,,,,,,,,,,,,,,0,0,0,1,0,0,1,1,1,0,0,0,0,0,0,0,1,0,0,1,0,1,1,0,1,0,0,0,0,1,0,0,0,0,0,,0,0,0,0,0,0,1,1,1,0,0,0,0,0,1,0,,,,,,18-20,16-25,County road,R,Sunday,Belt Used,PV,Not Fatal,1,0,0,0,County Road,County Sheriff,Kitsap County Sheriff's Office,0,0,1,0,0,,,carboxy-thc,8.4,,,,,,,,,,,,,,,,,,,,,,,,,,,,,,,,,,,,,,,
2017,419,E721081,26,10/08/2017,11:05,8,10,7,35,Kitsap,0,1,0,1,1,2,1,0,3,2,,,,12,0,6,2.2,2,0,2,7,1,2,4,0,0,0,0,CR-SE PRUCE RD,WILLOW RD SE,-122.6366111,47.41430556,0,2,86,66,4,35,34,0,0,1,5,12,1,1,2,1,1,1,1,53,0,12,481,2008,0,0,12,63,1,,,,1,1,43,1,0,0,1,0,3,0,11,4,,,,,0,0,2,2,1,74,0,0,0,0,,,,,,0,,,,,,98367,53,67,180,6,1,0,0,0,0,0,0,,,,,,0,,,1,0,0,0,8,9,8,,,0,0,0,8,0,0,0,0,0,0,0,0,0,0,996,,,,,,,,,,,,,,,,,,,,,,,,,,,,,,0,0,0,1,0,0,1,1,1,0,0,0,0,0,0,0,1,0,0,1,0,1,1,0,1,0,0,0,0,1,0,0,0,0,0,,0,0,0,0,0,0,0,0,0,0,0,0,0,0,0,0,,,,,,41-45,36-45,County road,R,Sunday,Belt Used,PV,Not Fatal,1,0,0,0,County Road,County Sheriff,Kitsap County Sheriff's Office,0,0,1,0,0,,,,,,,,,,,,,,,,,,,,,,,,,,,,,,,,,,,,,,,,,,,
2017,399,E721086,2,09/23/2017,14:31,23,9,0,61,Snohomish,0,1,0,1,1,2,1,1,1,1,,,,9,0,0,0.1,1,0,1,3,2,1,3,0,0,0,0,SR-204,,-122.1376917,47.97909722,0,1,13,83,5,55,15,0,0,1,5,9,1,2,2,1,1,1,2,53,0,12,422,2004,0,0,9,,,,,,1,1,18,2,0,0,0,0,3,0,11,0,,,,,0,0,3,3,1,0,0,0,0,0,,,,,,0,,,,,,98053,53,68,120,6,1,0,0,0,0,0,0,,,,,,0,,,20,0,0,0,8,9,2,,,0,0,0,0,0,0,0,0,0,0,0,0,0,0,996,,,,,,,,,,,,,,,,,,,,,,,,,,,,,,0,0,0,0,0,0,0,0,0,1,0,1,0,0,0,0,0,0,0,0,0,1,1,0,1,0,0,0,0,1,0,0,1,0,0,,0,0,0,0,0,0,0,0,0,0,0,0,0,0,0,0,,,,,,18-20,16-25,State route,U,Saturday,Belt Used,PV,Not Fatal,0,0,0,0,State Route,State Patrol,Washington State Patrol Headquarter,0,1,0,0,0,,,,,,,,,,,,,,,,,,,,,,,,,,,,,,,,,,,,,,,,,,,
2017,420,E721288,4,10/08/2017,23:00,8,10,7,75,Whitman,0,1,0,2,1,2,1,1,3,1,,,,8,0,0,30.7,1,0,1,5,1,1,3,0,0,0,0,SR-27,,-117.1540111,47.05610833,0,1,13,80,5,55,34,0,0,1,5,8,2,2,2,1,14,3,1,41,0,7,482,2003,0,0,8,,,,,,1,1,53,1,0,0,0,0,3,0,11,0,,,,,0,0,0,3,1,0,0,0,0,0,,,,,,0,,,,,,97360,41,68,250,6,1,0,0,0,0,0,0,,,,,,0,,,20,0,0,0,8,9,8,,,0,0,0,8,0,0,0,0,0,0,0,0,0,0,996,,,,,,,,,,,,,,,,,,,,,,,,,,,,,,0,0,0,0,0,0,0,0,0,0,0,0,0,0,0,0,0,0,0,0,0,0,0,0,0,0,0,0,0,0,0,1,0,0,0,,0,0,0,0,0,0,0,0,0,0,0,0,0,0,0,0,,,,,,51-55,46-55,State route,R,Sunday,Belt Used,PV,Not Fatal,0,0,0,0,State Route,State Patrol,Washington State Patrol Headquarter,0,1,0,0,0,,,,,,,,,,,,,,,,,,,,,,,,,,,,,,,,,,,,,,,,,,,