year,case,par,repjur,crash_dt,crash_tm,accday,accmon,holiday,county,co_char,city,weather,weather2,lightcond,surfcond,surftype,numfatal,nmforms,pforms,vforms,not_tm,arr_tm,hosp_tm,fhevent,hitrun,manncol,milepnt,reljunc,reljuncinter,intersectiontype,funcsystem,landuse,ownership,route,schlbus,spejur,contdev,devfunc,trafid1,trafid2,x,y,wk_zone,vnumber,crashtype,criticalevent,criticaleventcat,spdlim,body,trailer,emerg,hazcargo,leave,mhevent,roadalgn,roadprof,traflane,trafflow,vehmanvr,numoccs,regowner,regstate,spuse,make,model,modelyr,vrf1,vrf2,seqevent1,seqevent2,seqevent3,seqevent4,seqevent5,seqevent6,pnumber,ptype,age,sex,hispanic,race,injury,diedscene,restraint,restraintmisuse,seatpos,takehosp,death_dt,death_tm,cert,cernum_wa,commlic,licendor,licrestrict,liccomp,drivpres,drf1,drf2,drf3,drf4,distract1,distract2,distract3,distract4,distract5,distract6,dricond1,dricond2,dricond3,dricond4,dricond5,dricond6,dzip,licstate,drhgt_in,weight,noncdl,noncdltype,prevdwi,prevoth,prevacc,prevspd,prevsus,driviol1,driviol2,driviol3,driviol4,driviol5,driviol6,spdrel,first_dt,last_dt,airbag,ejection,ejectpath,extricat,injurwrk,methalc,methdrug,nmlocat,strikveh,prf1,prf2,prf3,druginv,alcinvol,drugsts,drugres1,drugres2,drugres3,drugtst1,drugtst2,drugtst3,alcsts,alctst,alcres,nmact1,nmact2,nmact3,nmact4,nmact5,nmact6,nmprior1,nmprior2,nmprior3,nmprior4,nmprior5,nmprior6,nmcond1,nmcond2,nmcond3,nmcond4,nmcond5,nmcond6,nmsafe_helmet,nmsafe_pads,nmsafe_oth,nmprev_ref,nmprev_lgt,nmprev_oth,crashlocation,nmcrashtype,crosswalk,schoolzone,sidewalk,train_inv,wildlife_inv,rotr_fars,intersect_fars,dd_inv,aid_inv,dpd_inv,id_inv,mj_inv,impnm_inv,ainm_inv,dpnm_inv,speed_inv,unlic_inv,unendmc_inv,drowsy_inv,drdist_inv,nmdist_inv,fty_inv,unrestfat_inv,dr1617_inv,dr1820_inv,dr1620_inv,dr2125_inv,dr1625_inv,dr65_inv,dr70_inv,dr75_inv,mc_inv,pv_inv,ht_inv,ped_inv,bike_inv,unrest_fat,mc_fat,unhelmet_mc,pv_fat,ht_fat,ped_fat,bike_fat,dr_alc7,dr_alc8,dr_drug,dr_imp,dr_dist,dr_spd,dr_fty,dr_unlic,dr_alc7only,dr_alc8only,dr_drugonly,dr_drink,nm_imp,nm_alc7,nm_alc8,nm_drug,nm_dist,agegrp1,agegrp2,roadclass,urbrur,dayweek,restuse,vehtype,race_me,intersect,lanedep,oppdir,wrongway,rep_typ,investag,repag_long,rotr,st_rd,cty_rd,city_rd,oth_rd,drug_thc,thc_res,drug_cthc,cthc_res,drug_cann,prevpersemin,prevperse,prevsusoth,drugtst4,drugtst5,drugtst6,drugtst7,drugtst8,drugres4,drugres5,drugres6,drugres7,drugres8,adspresent,adsengaged,adslevel,race1,race2,race3,race4,race5,helmet,helmetmisuse,nmdistract1,nmdistract2,nmdistract3,nmdistract4,nmdistract5,nmdistract6,lab,isedtcase,crf1,crf2,crf3,CoRoadName,CoMP,IntCoRoadName,IntCoMP
2017,394,E721335,14,09/27/2017,0:15,27,9,0,11,Clark,0,1,0,2,1,2,1,1,1,1,0:14,0:15,,9,0,0,0.3,2,0,3,4,2,2,4,0,0,0,0,CR-NE 67TH ST,NE 122ND AVE,-122.5474111,45.67766111,0,1,13,83,5,40,4,0,0,1,5,9,1,1,2,1,1,1,2,53,0,49,40,2012,0,0,9,,,,,,1,1,24,2,0,0,0,0,3,0,11,0,,,,,0,0,0,3,1,0,0,0,0,6,,,,,,99,,,,,,98682,53,62,130,6,1,0,0,0,2,0,97,,,,,,0,10/15/2013,07/15/2014,20,0,0,0,8,9,8,,,0,0,0,8,9,2,1,0,0,1,0,0,2,1,0,,,,,,,,,,,,,,,,,,,,,,,,,,,,,,0,0,0,1,0,0,0,0,0,1,1,1,0,0,0,0,1,0,0,0,0,0,0,1,1,0,0,0,0,1,0,0,1,0,0,,0,0,0,0,0,0,0,0,1,0,0,0,0,0,0,0,,,,,,21-25,16-25,County road,U,Wednesday,Belt Used,PV,Not Fatal,1,0,0,0,County Road,County Sheriff,Clark County Sheriff's Office,0,0,1,0,0,,,,,,,,,,,,,,,,,,,,,,,,,,,,,,,,,,,,,,,,,,,
2017,398,E721337,31,09/28/2017,19:30,28,9,0,45,Mason,0,1,0,2,1,2,1,0,2,1,,,,16,0,0,1.4,1,0,1,6,1,2,4,0,0,0,0,CR-E NORTH BAY RD,,-122.8303222,47.40468889,0,1,0,98,7,50,1,0,0,1,2,16,3,1,2,1,14,2,1,53,0,45,31,2005,0,0,16,,,,,,1,1,54,1,7,78,4,7,3,0,11,0,09/28/2017,19:30,53042775,42775,0,0,3,3,1,0,0,0,0,0,,,,,,0,,,,,,98394,53,73,225,6,1,0,0,0,0,0,0,,,,,,0,,,20,0,0,0,0,9,8,,,0,0,0,8,0,2,1,0,0,1,0,0,2,1,0.025,,,,,,,,,,,,,,,,,,,,,,,,,,,,,,0,0,0,0,1,0,0,0,0,0,0,0,0,0,0,0,0,0,0,0,0,0,0,0,0,0,0,0,0,1,0,0,0,0,0,,1,0,0,0,1,0,0,0,0,0,0,0,1,0,0,1,,,,,,51-55,46-55,County road,R,Thursday,Belt Used,PV,API,0,0,0,0,County Road,County Sheriff,Mason County Sheriff's Office,0,0,1,0,0,,,,,,,,,,,,,,,,,,,,,,,,,,,,,,,,,,,,,,,,,,,
2017,404,E721370,1,09/30/2017,15:01,30,9,0,23,Garfield,0,1,0,1,1,2,1,0,4,3,15:05,15:18,16:12,12,0,2,417.9,1,0,1,3,1,1,2,0,0,0,0,US-12,,-117.282325,46.41823889,0,2,51,62,4,60,80,0,0,1,2,12,3,2,2,1,14,1,1,53,0,72,706,2013,0,0,12,,,,,,1,1,69,1,7,1,4,7,5,0,11,0,09/30/2017,15:01,53043415,43415,0,0,3,3,1,0,0,0,0,0,,,,,,0,,,,,,99022,53,72,230,6,1,0,1,1,0,0,0,,,,,,0,07/15/2015,07/15/2015,20,8,0,0,0,9,8,,,0,0,0,8,0,2,1,0,0,1,0,0,2,1,0,,,,,,,,,,,,,,,,,,,,,,,,,,,,,,0,0,0,0,0,0,0,0,0,0,0,0,0,0,0,0,1,0,0,0,0,0,0,0,0,1,0,0,1,1,0,0,0,0,1,0,0,0,0,0,0,0,0,0,0,0,0,0,0,0,0,0,,,,,,66-70,66-75,US highway,R,Saturday,,MC,White,0,1,1,0,State Route,State Patrol,Washington State Patrol Headquarter,0,1,0,0,0,,,,,,,,,,,,,,,,,,,,,,,,,,,,,,,,,,,,,,,,,,,
2017,404,E721370,1,09/30/2017,15:01,30,9,0,23,Garfield,0,1,0,1,1,2,1,0,4,3,15:05,15:18,16:12,12,0,2,417.9,1,0,1,3,1,1,2,0,0,0,0,US-12,,-117.282325,46.41823889,0,3,98,62,4,60,80,0,0,1,2,12,3,2,2,1,14,1,2,53,0,72,706,2005,0,0,12,,,,,,1,1,58,2,0,0,3,0,5,0,11,4,,,,,0,0,3,3,1,0,0,0,0,0,,,,,,0,,,,,,99022,53,67,170,6,1,0,0,1,0,0,0,,,,,,0,10/15/2015,10/15/2015,20,8,0,0,8,9,8,,,0,0,0,8,0,0,0,0,0,0,0,0,0,0,996,,,,,,,,,,,,,,,,,,,,,,,,,,,,,,0,0,0,0,0,0,0,0,0,0,0,0,0,0,0,0,1,0,0,0,0,0,0,0,0,1,0,0,1,1,0,0,0,0,0,0,0,0,0,0,0,0,0,0,0,0,0,0,0,0,0,0,,,,,,56-60,56-65,US highway,R,Saturday,,MC,Not Fatal,0,1,1,0,State Route,State Patrol,Washington State Patrol Headquarter,0,1,0,0,0,,,,,,,,,,,,,,,,,,,,,,,,,,,,,,,,,,,,,,,,,,,
2017,404,E721370,1,09/30/2017,15:01,30,9,0,23,Garfield,0,1,0,1,1,2,1,0,4,3,15:05,15:18,16:12,12,0,2,417.9,1,0,1,3,1,1,2,0,0,0,0,US-12,,-117.282325,46.41823889,0,1,50,10,2,60,4,0,0,1,2,12,2,2,2,1,14,2,1,53,0,20,37,2013,0,0,68,12,12,,,,1,1,42,1,0,0,2,0,3,0,11,4,,,,,0,0,3,3,1,28,0,0,0,92,,,,,,0,,,,,,99347,53,71,320,6,1,0,2,1,4,0,97,,,,,,0,01/15/2014,08/15/2017,8,0,0,0,8,9,8,,,0,0,0,8,0,2,1,0,0,1,0,0,2,1,0,,,,,,,,,,,,,,,,,,,,,,,,,,,,,,0,0,0,0,0,0,0,0,0,0,0,0,0,0,0,0,1,0,0,0,0,0,0,0,0,1,0,0,1,1,0,0,0,0,0,,0,0,0,0,0,0,0,0,1,0,0,0,0,0,0,0,,,,,,41-45,36-45,US highway,R,Saturday,Belt Used,PV,Not Fatal,0,1,1,0,State Route,State Patrol,Washington State Patrol Headquarter,0,1,0,0,0,,,,,,,,,,,,,,,,,,,,,,,,,,,,,,,,,,,,,,,,,,,
2017,409,E721588,25,09/23/2017,6:53,23,9,0,33,King,229,1,0,4,1,2,1,1,1,1,,,,8,0,0,9999.9,3,0,2,3,2,4,6,0,0,20,3,1 AVE S,S 138 STREET,-122.3337222,47.47946389,0,1,13,80,5,35,4,0,0,1,5,8,1,1,5,1,1,1,1,53,0,49,40,2011,0,0,8,,,,,,1,1,54,2,0,0,0,0,3,0,11,0,,,,,0,0,0,3,1,0,0,0,0,0,,,,,,0,,,,,,98168,53,72,187,6,1,0,0,1,0,0,0,,,,,,0,07/15/2014,07/15/2014,20,0,0,0,8,9,8,,,0,0,0,8,0,8,95,0,0,6,0,0,8,95,995,,,,,,,,,,,,,,,,,,,,,,,,,,,,,,0,0,0,1,0,0,0,0,0,1,0,1,0,0,0,0,0,0,0,0,0,0,0,0,0,0,0,0,0,1,0,1,0,0,0,,0,0,0,0,0,0,0,0,0,0,0,0,0,0,0,0,,,,,,51-55,46-55,City street,U,Saturday,Belt Used,PV,Not Fatal,1,0,0,0,City Street,County Sheriff,King County Police,0,0,0,1,0,,,,,,,,,,,,,,,,,,,,,,,,,,,,,,,,,,,,,,,,,,,
2017,418,E721634,1,10/07/2017,2:43,7,10,0,77,Yakima,0,1,0,2,1,2,1,0,2,2,,,,12,0,2,12.9,1,0,1,5,1,1,3,0,3,0,0,SR-22,,-120.1670278,46.28166667,0,1,50,10,2,60,4,0,0,1,2,12,1,1,2,1,1,1,1,53,0,63,33,2006,0,0,68,12,,,,,1,1,20,1,1,1,4,7,3,0,11,0,10/07/2017,2:43,53043265,43265,0,0,0,3,1,28,0,0,0,0,,,,,,2,9,,,,,98935,53,71,210,6,1,0,0,0,0,0,0,,,,,,0,,,20,0,0,0,0,1,8,,,0,0,0,8,1,2,1,0,0,1,0,0,2,1,0.084,,,,,,,,,,,,,,,,,,,,,,,,,,,,,,0,0,0,0,1,1,0,1,0,0,0,0,0,0,0,1,0,0,0,0,0,1,1,0,1,0,0,0,0,1,1,0,0,0,0,,1,0,0,0,0,1,0,1,0,0,0,0,0,1,0,1,,,,,,18-20,16-25,State route,R,Saturday,Belt Used,PV,Hispanic,0,1,1,0,State Route,State Patrol,Washington State Patrol Headquarter,0,1,0,0,0,,,,,,,,,,,,,,,,,,,,,,,,,,,,,,,,,,,,,,,,,,,
2017,418,E721634,1,10/07/2017,2:43,7,10,0,77,Yakima,0,1,0,2,1,2,1,0,2,2,,,,12,0,2,12.9,1,0,1,5,1,1,3,0,3,0,0,SR-22,,-120.1670278,46.28166667,0,2,51,62,4,60,61,0,0,1,2,12,1,1,2,1,1,1,3,53,0,12,881,1999,0,0,12,,,,,,1,1,27,1,0,0,1,0,3,0,11,6,,,,,0,0,0,3,1,0,0,0,0,0,,,,,,0,,,,,,98944,53,73,175,6,1,0,0,0,0,0,0,,,,,,0,,,1,0,0,0,8,9,8,,,0,0,0,8,0,0,0,0,0,0,0,0,0,0,996,,,,,,,,,,,,,,,,,,,,,,,,,,,,,,0,0,0,0,1,1,0,1,0,0,0,0,0,0,0,1,0,0,0,0,0,1,1,0,1,0,0,0,0,1,1,0,0,0,0,,0,0,0,0,0,0,0,0,0,0,0,0,0,0,0,0,,,,,,26-30,26-35,State route,R,Saturday,,MHTRUCK,Not Fatal,0,1,1,0,State Route,State Patrol,Washington State Patrol Headquarter,0,1,0,0,0,,,,,,,,,,,,,,,,,,,,,,,,,,,,,,,,,,,,,,,,,,,
2017,421,E721775,40,10/11/2017,8:42,11,10,0,63,Spokane,2110,1,0,1,1,2,1,0,1,1,,,,32,0,0,0,3,0,3,4,2,4,6,0,0,20,3,E 8TH AVE,S HAVANA ST,-117.3470694,47.65006944,0,1,1,13,2,35,1,0,0,1,5,39,1,1,2,1,1,1,1,53,0,6,43,2002,0,0,63,32,39,,,,1,1,64,1,7,1,4,7,3,0,11,0,10/11/2017,8:51,2.11E+11,44131,0,0,3,3,1,0,0,0,0,99,,,,,,99,,,,,,99220,53,74,190,6,1,0,0,0,0,0,0,,,,,,0,,,8,0,0,0,0,9,8,,,0,0,0,8,9,0,0,0,0,0,0,0,0,0,996,,,,,,,,,,,,,,,,,,,,,,,,,,,,,,0,0,1,1,0,0,0,0,0,0,0,0,0,0,0,0,0,0,0,0,0,0,0,0,0,0,0,0,0,1,0,0,0,0,0,,1,0,0,0,0,0,0,0,0,0,0,0,0,0,0,0,,,,,,61-65,56-65,City street,U,Wednesday,Belt Used,PV,White,0,1,0,0,City Street,County Sheriff,Spokane County Sheriff's Office,1,0,0,1,0,,,,,,,,,,,,,,,,,,,,,,,,,,,,,,,,,,,,,,,,,,,
2017,426,E722375,5,10/09/2017,20:43,9,10,7,11,Clark,0,10,0,3,1,2,1,0,2,2,,,,12,0,2,7.1,1,0,1,1,2,1,1,0,0,0,0,I-5,,-122.6546583,45.71771111,0,1,50,54,3,60,14,0,0,1,2,12,1,2,3,3,1,1,1,53,0,12,402,2011,0,0,12,,,,,,1,1,43,1,7,1,4,7,3,0,11,0,10/09/2017,20:43,2.37E+11,43936,0,0,0,3,1,51,0,0,0,96,,,,,,9,,,,,,98665,53,74,190,6,1,0,0,0,0,0,0,,,,,,0,,,1,0,0,0,0,9,1,,,0,0,0,1,9,2,395,0,0,1,0,0,2,1,0,,,,,,,,,,,,,,,,,,,,,,,,,,,,,,0,0,0,0,0,0,1,1,0,0,0,0,0,0,0,0,0,0,0,0,1,0,1,0,1,0,0,0,0,1,0,0,0,0,0,,1,0,0,0,0,0,1,1,0,0,0,0,0,0,1,0,,,,,,41-45,36-45,Interstate,U,Monday,Belt Used,PV,White,0,0,0,1,State Route,State Patrol,Washington State Patrol Headquarter,0,1,0,0,0,,,,,,,,,,,,,,,,,,,,,,,,,,,,,,,,,,,,,,,,,,,
2017,426,E722375,5,10/09/2017,20:43,9,10,7,11,Clark,0,10,0,3,1,2,1,0,2,2,,,,12,0,2,7.1,1,0,1,1,2,1,1,0,0,0,0,I-5,,-122.6546583,45.71771111,0,2,51,54,3,60,4,0,0,1,2,12,1,2,3,3,15,1,2,53,0,30,40,2000,0,0,12,,,,,,1,1,17,2,0,0,3,0,3,0,11,8,,,,,0,0,1,3,1,0,0,0,0,0,,,,,,0,,,,,,98674,53,66,175,6,2,0,0,1,0,0,0,,,,,,0,06/15/2017,06/15/2017,1,0,0,0,8,9,8,,,0,0,0,8,0,0,0,0,0,0,0,0,0,0,996,,,,,,,,,,,,,,,,,,,,,,,,,,,,,,0,0,0,0,0,0,1,1,0,0,0,0,0,0,0,0,0,0,0,0,1,0,1,0,1,0,0,0,0,1,0,0,0,0,0,,0,0,0,0,0,0,0,0,0,0,0,0,0,0,0,0,,,,,,16-17,16-25,Interstate,U,Monday,Belt Used,PV,Not Fatal,0,0,0,1,State Route,State Patrol,Washington State Patrol Headquarter,0,1,0,0,0,,,,,,,,,,,,,,,,,,,,,,,,,,,,,,,,,,,,,,,,,,,
2017,428,E723014,1,10/13/2017,6:25,13,10,0,77,Yakima,0,1,0,4,1,2,1,0,3,2,6:28,6:44,7:21,12,0,6,69.8,2,0,2,3,1,1,2,0,3,0,0,US-97,JONES RD,-120.4351167,46.46251111,0,2,69,62,4,55,34,1,0,1,2,12,1,1,5,1,1,2,2,53,0,23,481,2002,0,0,12,,,,,,1,1,23,1,0,0,2,0,3,0,11,8,,,,,0,0,0,3,1,0,0,0,0,0,,,,,,0,,,,,,98532,53,73,220,6,1,0,0,0,3,1,0,,,,,,0,01/15/2013,11/15/2015,1,0,0,0,8,9,8,,,0,0,0,8,0,0,0,0,0,0,0,0,0,0,996,,,,,,,,,,,,,,,,,,,,,,,,,,,,,,0,0,0,1,0,0,0,0,0,0,0,0,0,0,0,0,0,0,1,1,0,0,0,1,1,0,0,0,0,1,0,0,0,0,0,,0,0,0,0,0,0,0,0,0,0,0,0,0,0,0,0,,,,,,21-25,16-25,US highway,R,Friday,Belt Used,PV,Not Fatal,1,0,0,0,State Route,State Patrol,Washington State Patrol Headquarter,0,1,0,0,0,,,,,,,,,,,,,,,,,,,,,,,,,,,,,,,,,,,,,,,,,,,
2017,428,E723014,1,10/13/2017,6:25,13,10,0,77,Yakima,0,1,0,4,1,2,1,0,3,2,6:28,6:44,7:21,12,0,6,69.8,2,0,2,3,1,1,2,0,3,21,3,US-97,JONES RD,-120.4351167,46.46251111,0,1,68,15,2,55,14,0,0,1,2,12,1,1,5,1,11,1,1,53,0,2,404,1995,0,0,12,,,,,,1,1,23,1,6,98,4,0,20,0,11,4,10/13/2017,7:26,2.40E+11,44357,6,0,0,3,1,38,48,0,0,96,,,,,,99,,,,,,98951,53,72,280,6,1,0,0,0,0,0,0,,,,,,0,,,1,1,9,0,0,9,8,,,0,0,0,8,9,2,1,0,0,1,0,0,2,1,0,,,,,,,,,,,,,,,,,,,,,,,,,,,,,,0,0,0,1,0,0,0,0,0,0,0,0,0,0,0,0,0,0,1,1,0,0,0,1,1,0,0,0,0,1,0,0,0,1,0,,1,0,0,0,0,0,0,0,0,0,1,0,0,0,0,0,,,,,,21-25,16-25,US highway,R,Friday,Not Used,PV,Hispanic,1,0,0,0,State Route,State Patrol,Washington State Patrol Headquarter,0,1,0,0,0,,,,,,,,,,,,,,,,,,,,,,,,,,,,,,,,,,,,,,,,,,,
2017,431,E723885,232,10/09/2017,19:04,9,10,7,9,Clallam,1700,1,0,2,1,2,1,1,1,1,,,,8,0,0,0,3,0,2,5,2,4,6,0,0,0,0,S PEABODY ST,E 2ND ST,-123.4288833,48.11589167,0,1,13,80,5,30,4,0,0,1,5,8,1,1,2,1,1,1,1,53,0,49,32,2008,0,0,8,,,,,,1,1,29,1,0,0,0,0,99,0,11,0,,,,,0,0,0,3,1,0,0,0,0,0,,,,,,0,,,,,,99040,53,66,160,6,1,0,0,0,0,0,0,,,,,,0,,,20,0,0,0,8,2,8,,,0,0,0,8,0,0,0,0,0,0,0,0,2,10,0,,,,,,,,,,,,,,,,,,,,,,,,,,,,,,0,0,0,1,0,0,0,0,0,0,0,0,0,0,0,0,0,1,0,0,0,0,0,0,0,0,0,0,0,1,0,1,0,0,0,,0,0,0,0,0,0,0,0,0,0,0,0,0,0,0,0,,,,,,26-30,26-35,City street,U,Monday,Unknown,PV,Not Fatal,1,0,0,0,City Street,Municipal/City Police,Port Angeles Police Department,0,0,0,1,0,,,,,,,,,,,,,,,,,,,,,,,,,,,,,,,,,,,,,,,,,,,
2017,430,E725274,1,10/13/2017,19:27,13,10,0,21,Franklin,0,1,0,2,1,2,1,0,3,2,,,,12,0,6,3.1,2,0,2,5,1,1,3,0,0,0,0,SR-260,WAREHOUSE LANE,-118.9422722,46.66363056,0,2,89,66,4,55,66,1,0,1,5,12,1,1,2,1,1,1,3,53,0,85,881,2002,0,0,12,,,,,,1,1,49,1,0,0,0,0,3,0,11,0,,,,,6,3,0,3,1,0,0,0,0,0,,,,,,0,,,,,,98837,53,66,165,6,7,0,4,0,3,0,0,,,,,,0,11/15/2012,08/15/2017,20,0,0,0,8,9,8,,,0,0,0,8,0,0,0,0,0,0,0,0,0,0,996,,,,,,,,,,,,,,,,,,,,,,,,,,,,,,0,0,0,1,0,0,0,0,0,0,0,0,0,0,0,0,0,0,1,0,0,0,0,0,0,0,0,0,0,1,1,0,0,0,0,,0,0,0,0,0,0,0,0,0,0,0,0,0,0,0,0,,,,,,46-50,46-55,State route,R,Friday,,MHTRUCK,Not Fatal,1,0,0,0,State Route,State Patrol,Washington State Patrol Headquarter,0,1,0,0,0,,,,,,,,,,,,,,,,,,,,,,,,,,,,,,,,,,,,,,,,,,,
2017,430,E725274,1,10/13/2017,19:27,13,10,0,21,Franklin,0,1,0,2,1,2,1,0,3,2,,,,12,0,6,3.1,2,0,2,5,1,1,3,0,0,20,3,SR-260,WAREHOUSE LANE,-118.9422722,46.66363056,0,1,88,17,2,50,4,0,0,1,2,12,1,1,2,1,1,2,1,53,0,35,47,2008,0,0,12,,,,,,1,1,34,2,0,0,3,0,3,0,11,4,,,,,0,0,0,3,1,38,39,0,0,96,,,,,,0,,,,,,99326,53,66,170,6,1,0,0,0,0,0,2,,,,,,0,,,8,0,0,0,8,9,8,,,0,0,0,8,0,0,0,0,0,0,0,0,0,0,996,,,,,,,,,,,,,,,,,,,,,,,,,,,,,,0,0,0,1,0,0,0,0,0,0,0,0,0,0,0,0,0,0,1,0,0,0,0,0,0,0,0,0,0,1,1,0,0,0,0,,0,0,0,0,0,0,0,0,0,0,1,0,0,0,0,0,,,,,,31-35,26-35,State route,R,Friday,Belt Used,PV,Not Fatal,1,0,0,0,State Route,State Patrol,Washington State Patrol Headquarter,0,1,0,0,0,,,,,,,,,,,,,,,,,,,,,,,,,,,,,,,,,,,,,,,,,,,
2017,423,E725861,7,10/07/2017,11:44,7,10,0,33,King,1958,1,0,1,1,2,1,0,4,1,,,,52,0,0,152.3,1,0,1,1,2,1,1,0,0,0,0,I-5,,-122.2719972,47.43059722,0,1,7,9,1,60,5,0,0,1,2,1,3,2,5,2,14,4,2,53,0,7,25,2007,0,0,64,52,35,1,24,,1,1,24,1,7,2,4,7,20,0,11,0,10/07/2017,12:00,1.96E+11,43299,0,0,0,3,1,0,0,0,0,96,,,,,,9,,,,,,98118,53,72,141,6,1,0,2,1,0,0,0,,,,,,0,10/15/2015,10/15/2015,8,0,0,0,0,9,8,,,0,0,0,1,9,2,605,0,0,1,0,0,2,1,0,,,,,,,,,,,,,,,,,,,,,,,,,,,,,,0,0,0,0,0,0,1,1,1,0,0,0,0,0,0,0,0,0,0,1,0,0,0,1,1,0,0,0,0,1,0,0,0,1,0,,1,0,0,0,0,0,1,1,0,0,0,0,0,0,1,0,,,,,,21-25,16-25,Interstate,U,Saturday,Not Used,PV,Black,0,1,0,0,State Route,State Patrol,Washington State Patrol Headquarter,1,1,0,0,0,thc,6.2,carboxy-thc,37,,,,,,,,,,,,,,,,,,,,,,,,,,,,,,,,,,,,,,,
2017,412,E726244,7,09/29/2017,22:48,29,9,0,33,King,2310,10,0,3,1,2,1,0,6,2,,,,24,0,0,1.6,1,0,1,3,2,1,3,0,0,0,0,SR-599,,-122.2827972,47.49543889,0,2,98,50,3,60,15,0,0,1,5,12,2,8,2,3,14,5,1,53,0,19,421,2007,0,0,12,,,,,,1,1,23,1,0,0,0,0,3,0,11,0,,,,,0,0,0,3,1,0,0,0,0,0,,,,,,0,,,,,,98003,53,69,170,6,1,0,0,0,0,0,0,,,,,,0,,,20,0,0,0,8,9,8,,,0,0,0,8,0,0,0,0,0,0,0,0,0,0,996,,,,,,,,,,,,,,,,,,,,,,,,,,,,,,0,0,0,0,1,1,1,1,0,0,0,0,0,0,0,0,0,0,0,0,0,0,0,1,1,0,0,0,1,1,0,0,0,0,0,,0,0,0,0,0,0,0,0,0,0,0,0,0,0,0,0,,,,,,21-25,16-25,State route,U,Friday,Belt Used,PV,Not Fatal,0,1,0,0,State Route,State Patrol,Washington State Patrol Headquarter,1,1,0,0,0,,,,,,,,,,,,,,,,,,,,,,,,,,,,,,,,,,,,,,,,,,,
2017,412,E726244,7,09/29/2017,22:48,29,9,0,33,King,2310,10,0,3,1,2,1,0,6,2,,,,24,0,0,1.6,1,0,1,3,2,1,3,0,0,0,0,SR-599,,-122.2827972,47.49543889,0,1,7,10,2,60,80,0,0,1,2,24,2,8,2,3,14,1,1,53,0,53,706,2005,0,0,64,24,69,58,12,,1,1,35,1,7,1,4,7,5,0,11,0,09/29/2017,23:20,2.31E+11,42642,0,0,3,3,1,0,0,0,0,96,,,,,,9,,,,,,98034,53,72,165,6,1,1,2,0,0,2,0,,,,,,0,09/15/2015,05/15/2017,20,8,0,0,0,1,8,,,0,0,0,8,1,2,996,0,0,1,0,0,2,1,0.15,,,,,,,,,,,,,,,,,,,,,,,,,,,,,,0,0,0,0,1,1,1,1,0,0,0,0,0,0,0,0,0,0,0,0,0,0,0,1,1,0,0,0,1,1,0,0,0,0,1,0,0,0,0,0,0,1,1,1,0,0,0,0,0,0,0,1,,,,,,31-35,26-35,State route,U,Friday,,MC,White,0,1,0,0,State Route,State Patrol,Washington State Patrol Headquarter,1,1,0,0,0,,,,,,,,,,,,,,,,,,,,,,,,,,,,,,,,,,,,,,,,,,,
2017,422,E726850,14,10/18/2017,0:08,18,10,0,11,Clark,0,1,0,2,1,2,1,0,1,1,,,,32,0,0,4.1,1,0,1,4,1,2,4,0,0,0,0,CR-NE 182ND ST,,-122.4868222,45.71916111,0,1,1,13,2,98,4,0,0,1,2,32,1,1,2,1,1,1,1,53,0,20,25,2012,0,0,63,32,2,,,,1,1,46,8,7,2,4,0,3,0,11,5,10/18/2017,22:59,2.37E+11,45607,0,0,3,3,1,0,0,0,0,92,,,,,,9,,,,,,98606,53,73,168,6,1,0,0,0,0,0,0,,,,,,4,,,8,0,0,1,0,9,8,,,0,0,0,8,1,2,1,0,0,1,0,0,2,1,0,,,,,,,,,,,,,,,,,,,,,,,,,,,,,,0,0,1,0,1,0,0,0,0,0,0,0,1,0,0,0,1,0,0,0,0,0,0,0,0,0,0,0,0,1,0,0,0,0,0,,1,0,0,0,0,0,0,0,1,1,0,0,0,0,0,1,,,,,,46-50,46-55,County road,R,Wednesday,Belt Used,PV,Black,0,1,0,0,County Road,County Sheriff,Clark County Sheriff's Office,1,0,1,0,0,,,,,,,,,,,,,,,,,,,,,,,,,,,,,,,,,,,,,,,,,,,
2017,433,E726894,146,10/23/2017,14:10,23,10,0,77,Yakima,0,1,0,1,1,2,1,0,1,1,,,,1,0,0,0.6,1,0,1,6,1,2,4,0,0,0,0,CR-SLI RD,,-119.9670556,46.36066111,0,1,1,13,2,50,66,1,0,2,2,1,1,2,2,1,1,1,3,53,0,85,881,2015,0,0,63,1,,,,,1,1,26,1,7,1,4,7,20,0,11,0,10/23/2017,14:10,2.22E+11,46113,5,2,3,2,1,0,0,0,0,93,,,,,,99,,,,,,98264,53,71,280,6,1,1,8,1,3,3,0,,,,,,0,04/15/2013,09/15/2017,20,0,0,0,1,9,8,,,0,0,0,8,9,2,401,417,0,1,1,0,2,1,0.1,,,,,,,,,,,,,,,,,,,,,,,,,,,,,,0,0,1,0,1,1,1,1,0,0,0,0,0,0,0,0,1,0,0,0,0,0,0,0,0,0,0,0,0,0,1,0,0,0,0,,0,1,0,0,0,1,1,1,1,0,0,0,0,0,0,1,,,,,,26-30,26-35,County road,R,Monday,,MHTRUCK,White,0,1,0,0,County Road,County Sheriff,Yakima County Sheriff's Office,1,0,1,0,0,,,,,,,,,,,,,,,,,,,,,,,,,,,,,,,,,,,,,,,,,,,
2017,438,E727404,4,10/26/2017,8:56,26,10,0,63,Spokane,2113,1,0,1,1,2,1,0,2,2,8:57,9:01,9:44,12,0,6,89.6,2,0,2,3,2,1,3,0,0,20,3,SR-27,E GRACE AVE,-117.2397167,47.68389722,0,1,87,17,2,25,15,0,0,1,2,12,1,2,2,1,1,1,1,53,0,12,422,1997,0,0,12,,,,,,1,1,40,2,0,0,2,0,3,0,11,0,,,,,0,0,3,3,1,38,0,0,0,96,,,,,,9,,,,,,99206,53,66,130,6,1,0,0,0,0,0,1,,,,,,0,,,20,0,0,0,8,9,8,,,0,0,0,8,1,2,1,0,0,1,0,0,2,1,0.15,,,,,,,,,,,,,,,,,,,,,,,,,,,,,,0,0,0,1,1,1,1,1,1,0,0,0,0,0,0,0,0,0,1,0,0,0,0,0,0,0,0,0,1,1,0,0,0,0,0,,0,0,0,0,0,1,0,1,0,0,1,0,0,1,0,1,,,,,,36-40,36-45,State route,U,Thursday,Belt Used,PV,Not Fatal,1,0,0,0,State Route,State Patrol,Washington State Patrol Headquarter,0,1,0,0,0,,,,,,,,,,,,,,,,,,,,,,,,,,,,,,,,,,,,,,,,,,,