year,case,par,repjur,crash_dt,crash_tm,accday,accmon,holiday,county,co_char,city,weather,weather2,lightcond,surfcond,surftype,numfatal,nmforms,pforms,vforms,not_tm,arr_tm,hosp_tm,fhevent,hitrun,manncol,milepnt,reljunc,reljuncinter,intersectiontype,funcsystem,landuse,ownership,route,schlbus,spejur,contdev,devfunc,trafid1,trafid2,x,y,wk_zone,vnumber,crashtype,criticalevent,criticaleventcat,spdlim,body,trailer,emerg,hazcargo,leave,mhevent,roadalgn,roadprof,traflane,trafflow,vehmanvr,numoccs,regowner,regstate,spuse,make,model,modelyr,vrf1,vrf2,seqevent1,seqevent2,seqevent3,seqevent4,seqevent5,seqevent6,pnumber,ptype,age,sex,hispanic,race,injury,diedscene,restraint,restraintmisuse,seatpos,takehosp,death_dt,death_tm,cert,cernum_wa,commlic,licendor,licrestrict,liccomp,drivpres,drf1,drf2,drf3,drf4,distract1,distract2,distract3,distract4,distract5,distract6,dricond1,dricond2,dricond3,dricond4,dricond5,dricond6,dzip,licstate,drhgt_in,weight,noncdl,noncdltype,prevdwi,prevoth,prevacc,prevspd,prevsus,driviol1,driviol2,driviol3,driviol4,driviol5,driviol6,spdrel,first_dt,last_dt,airbag,ejection,ejectpath,extricat,injurwrk,methalc,methdrug,nmlocat,strikveh,prf1,prf2,prf3,druginv,alcinvol,drugsts,drugres1,drugres2,drugres3,drugtst1,drugtst2,drugtst3,alcsts,alctst,alcres,nmact1,nmact2,nmact3,nmact4,nmact5,nmact6,nmprior1,nmprior2,nmprior3,nmprior4,nmprior5,nmprior6,nmcond1,nmcond2,nmcond3,nmcond4,nmcond5,nmcond6,nmsafe_helmet,nmsafe_pads,nmsafe_oth,nmprev_ref,nmprev_lgt,nmprev_oth,crashlocation,nmcrashtype,crosswalk,schoolzone,sidewalk,train_inv,wildlife_inv,rotr_fars,intersect_fars,dd_inv,aid_inv,dpd_inv,id_inv,mj_inv,impnm_inv,ainm_inv,dpnm_inv,speed_inv,unlic_inv,unendmc_inv,drowsy_inv,drdist_inv,nmdist_inv,fty_inv,unrestfat_inv,dr1617_inv,dr1820_inv,dr1620_inv,dr2125_inv,dr1625_inv,dr65_inv,dr70_inv,dr75_inv,mc_inv,pv_inv,ht_inv,ped_inv,bike_inv,unrest_fat,mc_fat,unhelmet_mc,pv_fat,ht_fat,ped_fat,bike_fat,dr_alc7,dr_alc8,dr_drug,dr_imp,dr_dist,dr_spd,dr_fty,dr_unlic,dr_alc7only,dr_alc8only,dr_drugonly,dr_drink,nm_imp,nm_alc7,nm_alc8,nm_drug,nm_dist,agegrp1,agegrp2,roadclass,urbrur,dayweek,restuse,vehtype,race_me,intersect,lanedep,oppdir,wrongway,rep_typ,investag,repag_long,rotr,st_rd,cty_rd,city_rd,oth_rd,drug_thc,thc_res,drug_cthc,cthc_res,drug_cann,prevpersemin,prevperse,prevsusoth,drugtst4,drugtst5,drugtst6,drugtst7,drugtst8,drugres4,drugres5,drugres6,drugres7,drugres8,adspresent,adsengaged,adslevel,race1,race2,race3,race4,race5,helmet,helmetmisuse,nmdistract1,nmdistract2,nmdistract3,nmdistract4,nmdistract5,nmdistract6,lab,isedtcase,crf1,crf2,crf3,CoRoadName,CoMP,IntCoRoadName,IntCoMP
2017,438,E727404,4,10/26/2017,8:56,26,10,0,63,Spokane,2113,1,0,1,1,2,1,0,2,2,8:57,9:01,9:44,12,0,6,89.6,2,0,2,3,2,1,3,0,0,0,0,SR-27,E GRACE AVE,-117.2397167,47.68389722,0,2,86,66,4,35,80,0,0,1,2,12,1,2,4,1,1,1,1,53,0,50,706,2017,0,0,12,,,,,,1,1,35,2,7,1,4,0,5,0,11,5,10/26/2017,9:49,2.11E+11,46853,0,0,0,3,1,0,0,0,0,0,,,,,,0,,,,,,99206,53,68,250,6,1,0,0,0,2,0,0,,,,,,0,07/15/2013,03/15/2016,20,8,0,0,0,9,8,,,0,0,0,8,9,2,605,0,0,1,0,0,2,1,0,,,,,,,,,,,,,,,,,,,,,,,,,,,,,,0,0,0,1,1,1,1,1,1,0,0,0,0,0,0,0,0,0,1,0,0,0,0,0,0,0,0,0,1,1,0,0,0,0,1,0,0,0,0,0,0,0,1,1,0,0,0,0,0,0,1,0,,,,,,31-35,26-35,State route,U,Thursday,,MC,White,1,0,0,0,State Route,State Patrol,Washington State Patrol Headquarter,0,1,0,0,0,thc,1.1,carboxy-thc,9.8,,,,,,,,,,,,,,,,,,,,,,,,,,,,,,,,,,,,,,,
2017,439,E728122,172,10/26/2017,6:57,26,10,0,61,Snohomish,1120,10,0,3,1,2,1,0,7,3,,,,12,0,6,0,2,0,3,4,2,4,6,0,0,3,3,20TH ST SE,91ST AVE SE,-122.1089111,47.97799722,0,2,69,60,4,35,34,0,0,1,2,12,1,2,4,1,1,3,2,53,0,20,481,2011,0,0,12,68,12,,,,1,1,38,1,0,0,0,0,3,0,11,0,,,,,0,0,0,3,1,0,0,0,0,1,,,,,,0,,,,,,98258,53,64,180,6,1,0,1,0,0,0,0,,,,,,0,02/15/2015,02/15/2015,1,0,0,0,8,9,8,,,0,0,0,8,0,0,0,0,0,0,0,0,0,0,996,,,,,,,,,,,,,,,,,,,,,,,,,,,,,,0,0,0,1,0,0,1,1,0,0,0,0,0,0,0,0,1,0,1,0,0,0,0,0,0,0,0,0,0,1,0,0,0,0,0,,0,0,0,0,0,0,0,0,1,0,0,0,0,0,0,0,,,,,,36-40,36-45,City street,U,Thursday,Belt Used,PV,Not Fatal,1,0,0,0,City Street,Municipal/City Police,Lake Stevens Police Department,0,0,0,1,0,,,,,,,,,,,,,,,,,,,,,,,,,,,,,,,,,,,,,,,,,,,
2017,439,E728122,172,10/26/2017,6:57,26,10,0,61,Snohomish,1120,10,0,3,1,2,1,0,7,3,,,,12,0,6,0,2,0,3,4,2,4,6,0,0,3,3,20TH ST SE,91ST AVE SE,-122.1089111,47.97799722,0,3,98,66,4,35,4,0,0,1,2,12,1,2,3,1,5,1,1,53,0,12,23,2016,0,0,12,12,,,,,1,1,42,2,0,0,0,0,3,0,11,0,,,,,0,0,0,3,1,0,0,0,0,0,,,,,,0,,,,,,98258,53,65,245,6,1,0,1,0,1,0,0,,,,,,0,06/15/2014,03/15/2015,20,0,0,0,8,9,8,,,0,0,0,8,0,0,0,0,0,0,0,0,0,0,996,,,,,,,,,,,,,,,,,,,,,,,,,,,,,,0,0,0,1,0,0,1,1,0,0,0,0,0,0,0,0,1,0,1,0,0,0,0,0,0,0,0,0,0,1,0,0,0,0,0,,0,0,0,0,0,0,0,0,0,0,0,0,0,0,0,0,,,,,,41-45,36-45,City street,U,Thursday,Belt Used,PV,Not Fatal,1,0,0,0,City Street,Municipal/City Police,Lake Stevens Police Department,0,0,0,1,0,,,,,,,,,,,,,,,,,,,,,,,,,,,,,,,,,,,,,,,,,,,
2017,439,E728122,172,10/26/2017,6:57,26,10,0,61,Snohomish,1120,10,0,3,1,2,1,0,7,3,,,,12,0,6,0,2,0,3,4,2,4,6,0,0,3,3,20TH ST SE,91ST AVE SE,-122.1089111,47.97799722,0,1,68,15,2,35,2,0,0,1,2,12,1,2,4,1,11,3,1,53,0,12,3,2000,0,0,12,68,12,,,,1,1,50,1,0,0,1,0,99,0,11,8,,,,,0,0,0,3,1,38,0,0,0,96,,,,,,9,,,,,,98271,53,72,190,6,1,0,0,1,0,0,1,12,,,,,0,09/15/2014,09/15/2014,1,0,0,0,8,9,2,,,0,0,0,1,9,2,401,417,0,1,1,0,2,1,0,,,,,,,,,,,,,,,,,,,,,,,,,,,,,,0,0,0,1,0,0,1,1,0,0,0,0,0,0,0,0,1,0,1,0,0,0,0,0,0,0,0,0,0,1,0,0,0,0,0,,0,0,0,0,0,0,1,1,0,0,1,0,0,0,1,0,,,,,,46-50,46-55,City street,U,Thursday,Unknown,PV,Not Fatal,1,0,0,0,City Street,Municipal/City Police,Lake Stevens Police Department,0,0,0,1,0,,,,,,,,,,,,,,,,,,,,,,,,,,,,,,,,,,,,,,,,,,,
2017,440,E728240,42,10/28/2017,22:17,28,10,0,67,Thurston,0,1,0,3,1,2,1,0,2,2,,,,12,0,6,27.5,2,0,3,5,1,2,4,0,0,0,0,CR-148TH AVE SE,SOLBERG RD SE,-122.6237278,46.87232222,0,1,68,15,2,50,34,0,0,1,2,12,1,1,2,1,11,1,1,53,0,7,482,2005,0,0,12,,,,,,1,1,32,1,0,0,0,0,3,0,11,0,,,,,0,0,0,3,1,91,0,0,0,96,,,,,,9,,,,,,98597,53,69,180,6,1,0,0,0,0,0,1,,,,,,0,,,20,0,0,0,8,9,8,,,0,0,0,8,1,2,605,0,0,1,0,0,2,1,0.17,,,,,,,,,,,,,,,,,,,,,,,,,,,,,,0,0,0,1,1,1,1,1,1,0,0,0,0,0,1,0,1,0,0,0,0,0,0,0,0,0,0,0,1,0,0,0,0,0,0,,0,0,0,0,0,1,1,1,0,0,0,0,0,0,0,1,,,,,,31-35,26-35,County road,R,Saturday,Belt Used,PV,Not Fatal,1,0,0,0,County Road,County Sheriff,Thurston County Sheriff's Office,0,0,1,0,0,thc,6.8,carboxy-thc,42,,,,,,,,,,,,,,,,,,,,,,,,,,,,,,,,,,,,,,,
2017,440,E728240,42,10/28/2017,22:17,28,10,0,67,Thurston,0,1,0,3,1,2,1,0,2,2,,,,12,0,6,27.5,2,0,3,5,1,2,4,0,0,0,0,CR-148TH AVE SE,SOLBERG RD SE,-122.6237278,46.87232222,0,2,69,62,4,50,80,0,0,1,2,12,1,1,2,1,1,1,1,53,0,53,706,1999,0,0,12,,,,,,1,1,34,1,6,1,4,7,19,0,11,0,10/28/2017,22:17,53047240,47240,0,0,0,2,1,0,0,0,0,92,,,,,,0,,,,,,98597,53,76,185,6,1,0,0,0,0,0,0,,,,,,0,,,20,8,0,0,0,9,8,,,0,0,0,8,9,2,401,417,0,1,1,0,2,1,0,,,,,,,,,,,,,,,,,,,,,,,,,,,,,,0,0,0,1,1,1,1,1,1,0,0,0,0,0,1,0,1,0,0,0,0,0,0,0,0,0,0,0,1,0,0,0,0,0,1,0,0,0,0,0,0,0,1,1,1,0,0,0,0,0,1,0,,,,,,31-35,26-35,County road,R,Saturday,,MC,Hispanic,1,0,0,0,County Road,County Sheriff,Thurston County Sheriff's Office,0,0,1,0,0,,,,,,,,,,,,,,,,,,,,,,,,,,,,,,,,,,,,,,,,,,,
2017,458,E728291,28,10/21/2017,9:33,21,10,0,39,Klickitat,0,1,0,1,2,2,1,0,1,1,,,,42,0,0,2,1,0,1,6,1,2,4,0,0,0,0,CR-WOODLAND LP,,-120.7295167,45.86418056,0,1,1,13,2,40,34,0,0,1,2,42,2,2,2,1,14,1,2,53,0,12,481,1995,0,0,68,63,42,,,,1,1,37,1,7,3,4,0,3,0,11,5,11/13/2017,9:45,1.65E+11,,0,0,0,0,1,0,0,0,0,92,,,,,,99,,,,,,97408,41,70,220,0,0,0,0,0,0,2,0,,,,,,4,02/15/2016,03/15/2017,20,0,0,1,0,9,8,,,0,0,0,8,9,0,0,0,0,0,0,0,0,0,996,,,,,,,,,,,,,,,,,,,,,,,,,,,,,,0,0,1,0,0,0,0,0,0,0,0,0,1,1,0,0,1,0,0,0,0,0,0,0,0,0,0,0,0,0,0,0,0,0,0,,0,0,0,0,0,0,0,0,1,1,0,1,0,0,0,0,,,,,,36-40,36-45,County road,R,Saturday,Belt Used,PV,AIAN,0,1,0,0,County Road,County Sheriff,Klickitat County Sheriff's Office,1,0,1,0,0,,,,,,,,,,,,,,,,,,,,,,,,,,,,,,,,,,,,,,,,,,,
2017,437,E728532,122,10/28/2017,21:33,28,10,0,61,Snohomish,690,1,0,2,1,2,1,1,1,1,,,,8,0,0,0,3,0,2,3,2,4,6,0,0,3,3,W MUKILTEO BLVD,DOGWOOD DR,-122.2313111,47.95666944,0,1,13,80,5,35,15,0,0,1,5,8,1,2,4,1,1,1,1,53,0,13,421,2004,0,0,8,,,,,,1,1,47,1,0,0,0,0,3,0,11,0,,,,,0,0,3,3,1,0,0,0,0,0,,,,,,0,,,,,,98203,53,72,154,6,1,0,0,1,1,0,0,,,,,,0,02/15/2016,10/15/2016,20,0,0,0,8,9,8,,,0,0,0,8,0,8,95,0,0,6,0,0,8,95,995,,,,,,,,,,,,,,,,,,,,,,,,,,,,,,0,0,0,1,0,0,0,0,0,0,0,0,0,0,0,0,0,0,0,0,0,0,0,0,0,0,0,0,0,1,0,1,0,0,0,,0,0,0,0,0,0,0,0,0,0,0,0,0,0,0,0,,,,,,46-50,46-55,City street,U,Saturday,Belt Used,PV,Not Fatal,1,0,0,0,City Street,Municipal/City Police,Everett Police Department,0,0,0,1,0,,,,,,,,,,,,,,,,,,,,,,,,,,,,,,,,,,,,,,,,,,,
2017,427,E728730,59,10/22/2017,20:46,22,10,0,33,King,109,2,0,3,2,2,1,0,1,1,,,,33,0,0,9999.9,1,0,1,3,2,4,5,0,0,0,0,148TH AVE NE,,-122.1431333,47.61938056,0,1,1,11,2,35,5,0,0,1,2,42,1,1,4,1,1,1,1,53,0,41,51,2010,0,0,63,33,42,,,,1,1,19,1,1,98,4,7,20,0,11,0,10/22/2017,21:10,10953045898,45898,0,0,0,0,1,0,0,0,0,96,,,,,,9,,,,,,97303,41,68,140,0,0,0,0,0,0,1,0,,,,,,4,05/15/2017,05/15/2017,20,2,9,0,0,9,8,,,0,0,0,8,1,2,605,0,0,1,0,0,2,1,0.18,,,,,,,,,,,,,,,,,,,,,,,,,,,,,,0,0,1,0,1,1,1,1,1,0,0,0,1,1,0,0,0,0,0,1,0,1,1,0,1,0,0,0,0,1,0,0,0,1,0,,1,0,0,0,0,1,1,1,0,1,0,1,0,0,0,1,,,,,,18-20,16-25,City street,U,Sunday,Not Used,PV,Hispanic,0,1,0,0,City Street,Municipal/City Police,Bellevue Police Department,1,0,0,1,0,thc,39,carboxy-thc,42,,,,,,,,,,,,,,,,,,,,,,,,,,,,,,,,,,,,,,,
2017,442,E728776,35,10/28/2017,18:42,28,10,0,53,Pierce,0,5,0,3,1,2,1,0,3,2,,,,12,0,8,2,2,0,2,4,1,2,4,0,0,0,0,CR-304TH ST E,WEBSTER RD E,-122.3155806,46.98018056,0,1,69,54,3,45,16,0,0,1,2,1,1,3,2,1,1,1,2,53,0,20,431,1994,0,0,12,63,1,,,,1,1,33,1,7,1,4,0,20,0,11,4,10/28/2017,20:30,2.23E+11,46908,0,0,0,3,1,0,0,0,0,96,,,,,,9,,,,,,98580,53,67,150,6,1,0,1,0,2,0,0,,,,,,3,12/15/2014,07/15/2016,20,1,9,0,0,1,8,,,0,0,0,8,1,2,348,605,0,1,1,0,2,1,0.12,,,,,,,,,,,,,,,,,,,,,,,,,,,,,,0,0,0,1,1,1,1,1,1,0,0,0,1,0,0,0,0,0,0,1,0,0,0,0,0,0,0,0,0,1,0,0,0,1,0,,1,0,0,0,0,1,1,1,0,1,0,0,0,0,0,1,,,,,,31-35,26-35,County road,R,Saturday,Not Used,PV,White,1,0,0,0,County Road,County Sheriff,Law Enforcement Support Agency,0,0,1,0,0,thc,2.5,,,,,,,,,,,,,,,,,,,,,,,,,,,,,,,,,,,,,,,,,
2017,442,E728776,35,10/28/2017,18:42,28,10,0,53,Pierce,0,5,0,3,1,2,1,0,3,2,,,,12,0,8,2,2,0,2,4,1,2,4,0,0,0,0,CR-304TH ST E,WEBSTER RD E,-122.3155806,46.98018056,0,2,68,54,3,45,14,0,0,1,5,12,1,3,2,1,11,2,1,53,0,2,403,2008,0,0,12,,,,,,1,1,54,2,0,0,0,0,3,0,11,0,,,,,0,0,3,3,1,0,0,0,0,0,,,,,,0,,,,,,98597,53,64,163,6,1,0,0,0,1,0,0,,,,,,0,05/15/2014,05/15/2014,20,0,0,0,8,9,8,,,0,0,0,8,0,0,0,0,0,0,0,0,0,0,996,,,,,,,,,,,,,,,,,,,,,,,,,,,,,,0,0,0,1,1,1,1,1,1,0,0,0,1,0,0,0,0,0,0,1,0,0,0,0,0,0,0,0,0,1,0,0,0,0,0,,0,0,0,0,0,0,0,0,0,0,0,0,0,0,0,0,,,,,,51-55,46-55,County road,R,Saturday,Belt Used,PV,Not Fatal,1,0,0,0,County Road,County Sheriff,Law Enforcement Support Agency,0,0,1,0,0,,,,,,,,,,,,,,,,,,,,,,,,,,,,,,,,,,,,,,,,,,,
2017,449,E728921,11,10/25/2017,6:14,25,10,0,5,Benton,0,1,0,2,1,2,1,0,2,2,,,,12,0,2,3.3,1,0,1,5,1,2,4,0,0,0,0,CR-WEBBER CANYON RD,,-119.4362722,46.21983056,0,2,51,62,4,50,52,0,0,1,2,12,4,2,8,1,14,15,3,53,0,94,983,1997,0,0,12,,,,,,1,1,50,1,0,0,0,0,3,0,11,0,,,,,6,1,0,3,1,0,0,0,0,0,,,,,,0,,,,,,99301,53,67,240,6,1,0,0,0,0,0,0,,,,,,0,,,20,0,0,0,8,9,8,,,0,0,0,8,0,0,0,0,0,0,0,0,0,0,996,,,,,,,,,,,,,,,,,,,,,,,,,,,,,,0,0,0,0,0,0,0,0,0,0,0,0,0,0,0,0,0,0,0,0,0,0,0,0,0,0,0,0,0,0,0,0,0,0,0,,0,0,0,0,0,0,0,0,0,0,0,0,0,0,0,0,,,,,,46-50,46-55,County road,R,Wednesday,,BUS,Not Fatal,0,1,1,0,County Road,County Sheriff,Benton County Sheriff's Office,0,0,1,0,0,,,,,,,,,,,,,,,,,,,,,,,,,,,,,,,,,,,,,,,,,,,
2017,449,E728921,11,10/25/2017,6:14,25,10,0,5,Benton,0,1,0,2,1,2,1,0,2,2,,,,12,0,2,3.3,1,0,1,5,1,2,4,0,0,0,0,CR-WEBBER CANYON RD,,-119.4362722,46.21983056,0,1,50,10,2,50,34,0,0,1,2,12,4,2,8,1,6,1,1,53,0,49,471,1989,0,0,68,12,,,,,1,1,56,2,1,1,4,7,3,0,11,0,10/25/2017,6:14,12053046198,46198,6,0,0,3,1,33,0,0,0,96,,,,,,99,,,,,,99321,53,68,250,6,1,0,0,0,1,0,0,,,,,,0,03/15/2016,03/15/2016,20,0,0,0,0,9,8,,,0,0,0,8,9,2,1,0,0,1,0,0,2,1,0,,,,,,,,,,,,,,,,,,,,,,,,,,,,,,0,0,0,0,0,0,0,0,0,0,0,0,0,0,0,0,0,0,0,0,0,0,0,0,0,0,0,0,0,0,0,0,0,0,0,,0,0,0,0,0,0,0,0,0,0,0,0,0,0,0,0,,,,,,56-60,56-65,County road,R,Wednesday,Belt Used,PV,Hispanic,0,1,1,0,County Road,County Sheriff,Benton County Sheriff's Office,0,0,1,0,0,,,,,,,,,,,,,,,,,,,,,,,,,,,,,,,,,,,,,,,,,,,
2017,452,E728968,25,10/21/2017,14:51,21,10,0,33,King,229,2,0,1,2,2,1,0,3,3,,,,12,0,6,0,2,0,2,3,2,4,6,0,0,3,3,AMBAUM BLVD SW,SW 128TH ST,-122.3500139,47.48843611,0,1,78,16,2,35,71,0,0,1,5,12,1,1,2,1,10,1,3,53,0,98,808,2007,0,0,12,,,,,,1,1,32,1,0,0,0,0,3,0,11,0,,,,,0,0,0,3,1,38,0,0,0,96,,,,,,0,,,,,,98146,53,66,140,6,1,0,0,0,0,0,97,,,,,,0,,,20,0,0,0,8,9,8,,,0,0,0,8,0,0,0,0,0,0,0,0,0,0,996,,,,,,,,,,,,,,,,,,,,,,,,,,,,,,0,0,0,1,0,0,1,1,0,0,0,0,0,0,0,0,0,0,1,1,0,0,0,0,0,0,0,0,0,1,1,0,0,0,0,,0,0,0,0,0,0,0,0,0,0,1,0,0,0,0,0,,,,,,31-35,26-35,City street,U,Saturday,,MHTRUCK,Not Fatal,1,0,0,0,City Street,County Sheriff,King County Police,0,0,0,1,0,,,,,,,,,,,,,,,,,,,,,,,,,,,,,,,,,,,,,,,,,,,
2017,452,E728968,25,10/21/2017,14:51,21,10,0,33,King,229,2,0,1,2,2,1,0,3,3,,,,12,0,6,0,2,0,2,3,2,4,6,0,0,3,3,AMBAUM BLVD SW,SW 128TH ST,-122.3500139,47.48843611,0,2,79,65,4,35,20,0,0,1,5,12,1,1,2,1,1,1,1,53,0,12,442,2002,0,0,12,68,12,,,,1,1,33,2,7,1,4,7,20,0,11,0,10/21/2017,14:59,22953047338,47338,0,0,0,3,1,0,0,0,0,0,,,,,,99,,,,,,98148,53,68,200,6,1,0,2,3,1,3,0,,,,,,0,01/15/2013,07/15/2017,1,2,9,0,0,9,8,,,0,0,0,8,9,2,167,300,996,1,1,1,2,1,0,,,,,,,,,,,,,,,,,,,,,,,,,,,,,,0,0,0,1,0,0,1,1,0,0,0,0,0,0,0,0,0,0,1,1,0,0,0,0,0,0,0,0,0,1,1,0,0,1,0,,1,0,0,0,0,0,1,1,0,0,0,0,0,0,1,0,,,,,,31-35,26-35,City street,U,Saturday,Not Used,PV,White,1,0,0,0,City Street,County Sheriff,King County Police,0,0,0,1,0,,,,,,,,,,,,,,,,,,,,,,,,,,,,,,,,,,,,,,,,,,,
2017,452,E728968,25,10/21/2017,14:51,21,10,0,33,King,229,2,0,1,2,2,1,0,3,3,,,,12,0,6,0,2,0,2,3,2,4,6,0,0,3,3,AMBAUM BLVD SW,SW 128TH ST,-122.3500139,47.48843611,0,3,98,62,4,35,52,0,0,1,5,12,1,1,2,1,5,1,3,53,3,98,988,2004,0,0,12,,,,,,1,1,37,1,0,0,0,0,3,0,11,0,,,,,6,1,0,3,1,0,0,0,0,0,,,,,,0,,,,,,98188,53,64,154,6,1,0,0,1,1,0,0,,,,,,0,07/15/2014,01/15/2016,20,0,0,0,8,9,8,,,0,0,0,8,0,0,0,0,0,0,0,0,0,0,996,,,,,,,,,,,,,,,,,,,,,,,,,,,,,,0,0,0,1,0,0,1,1,0,0,0,0,0,0,0,0,0,0,1,1,0,0,0,0,0,0,0,0,0,1,1,0,0,0,0,,0,0,0,0,0,0,0,0,0,0,0,0,0,0,0,0,,,,,,36-40,36-45,City street,U,Saturday,,BUS,Not Fatal,1,0,0,0,City Street,County Sheriff,King County Police,0,0,0,1,0,,,,,,,,,,,,,,,,,,,,,,,,,,,,,,,,,,,,,,,,,,,
2017,451,E729623,330,10/28/2017,18:56,28,10,0,77,Yakima,2590,1,0,3,1,2,1,1,1,1,18:56,19:02,19:14,8,1,0,0,3,0,2,5,2,4,6,0,0,0,0,S 6TH ST,E SPRUCE ST,-120.4965306,46.60022222,0,1,13,80,5,30,9,0,0,1,5,8,1,1,4,1,1,99,9,99,0,99,399,9999,0,0,8,,,,,,1,1,999,9,0,0,0,0,99,0,11,0,,,,,99,9,9,9,1,0,0,0,0,99,,,,,,99,,,,,,99999,99,,999,9,9,99,99,99,99,99,0,,,,,,9,,,99,9,0,0,8,9,8,,,0,0,0,9,9,0,0,0,0,0,0,0,0,0,996,,,,,,,,,,,,,,,,,,,,,,,,,,,,,,0,0,0,1,0,0,0,0,0,1,0,1,0,0,0,0,0,0,0,0,0,0,0,0,0,0,0,0,0,1,0,1,0,0,0,,0,0,0,0,0,0,0,0,0,0,0,0,0,0,0,0,,,,,,,,City street,U,Saturday,Unknown,PV,Not Fatal,0,0,0,0,City Street,Municipal/City Police,Yakima Police Department,0,0,0,1,0,,,,,,,,,,,,,,,,,,,,,,,,,,,,,,,,,,,,,,,,,,,
2017,436,E729964,1,10/25/2017,17:00,25,10,0,37,Kittitas,0,1,0,1,1,2,1,0,3,1,17:00,17:59,,52,0,0,95.3,1,0,1,5,1,1,3,0,0,0,0,SR-10,,-120.7410167,47.12473333,0,1,1,13,2,55,2,0,0,1,2,1,3,2,3,1,14,3,2,53,0,12,3,2001,0,0,63,52,1,,,,1,1,19,1,0,0,2,0,3,0,11,0,,,,,0,0,3,3,1,91,0,0,0,96,,,,,,0,,,,,,98926,53,68,165,6,1,0,0,0,0,0,2,,,,,,0,,,20,0,0,0,8,9,8,,,0,0,0,8,0,2,605,0,0,1,0,0,2,1,0,,,,,,,,,,,,,,,,,,,,,,,,,,,,,,0,0,1,0,0,0,1,1,1,0,0,0,0,0,0,0,0,0,0,1,0,1,1,0,1,0,0,0,0,1,0,0,0,0,0,,0,0,0,0,0,0,1,1,0,0,0,0,0,0,1,0,,,,,,18-20,16-25,State route,R,Wednesday,Belt Used,PV,Not Fatal,0,1,0,0,State Route,State Patrol,Washington State Patrol Headquarter,1,1,0,0,0,thc,1.2,carboxy-thc,17,,,,,,,,,,,,,,,,,,,,,,,,,,,,,,,,,,,,,,,
2017,460,E731150,32,10/14/2017,14:00,14,10,0,47,Okanogan,0,10,0,1,11,4,1,0,2,1,14:31,15:24,16:41,1,0,0,0.5,1,0,1,96,6,96,8,0,0,0,0,US FS RD 33,,-119.0244861,48.81276111,0,1,2,13,2,98,90,0,0,1,5,1,3,8,8,8,14,2,2,53,0,98,739,9999,0,0,63,1,,,,,1,1,16,2,1,1,4,0,19,0,11,1,10/14/2017,16:42,53045056,45056,0,0,0,1,1,0,0,0,0,96,,,,,,99,,,,,,98823,53,67,140,6,7,0,0,0,0,0,0,,,,,,4,,,20,1,9,0,0,9,8,,,0,0,0,8,9,2,1,0,0,1,0,0,2,1,0,,,,,,,,,,,,,,,,,,,,,,,,,,,,,,0,0,0,0,0,0,0,0,0,0,0,0,1,0,0,0,0,0,0,0,1,0,1,0,1,0,0,0,0,0,0,0,0,0,0,,0,0,0,0,0,0,0,0,0,1,0,0,0,0,0,0,,,,,,16-17,16-25,Other,,Saturday,,OTHVT,Hispanic,0,1,0,0,Other,County Sheriff,Okanogan County Sheriff's Office,1,0,0,0,1,,,,,,,,,,,,,,,,,,,,,,,,,,,,,,,,,,,,,,,,,,,
2017,454,E731602,13,10/18/2017,15:48,18,10,0,9,Clallam,0,2,0,1,2,2,1,0,2,2,15:49,15:58,16:51,12,0,6,3.2,2,0,10,5,1,2,4,0,0,0,0,CR-KITCHEN DICK RD,LOTZGESELL RD,-123.1999889,48.13047222,0,1,80,10,2,20,67,0,0,1,2,12,2,1,2,1,10,1,3,53,0,12,880,2006,0,0,68,12,,,,,1,1,50,1,0,0,1,0,99,0,11,8,,,,,0,0,0,3,1,91,0,0,0,96,,,,,,9,,,,,,98363,53,74,205,6,1,0,0,0,1,0,1,,,,,,0,12/15/2016,12/15/2016,1,0,0,0,8,9,8,,,0,0,0,8,1,2,1,0,0,1,0,0,2,1,0.27,,,,,,,,,,,,,,,,,,,,,,,,,,,,,,0,0,0,1,1,1,0,1,0,0,0,0,0,0,0,0,0,0,0,0,0,0,0,0,0,0,0,0,0,1,1,0,0,0,0,,0,0,0,0,0,1,0,1,0,0,0,0,0,1,0,1,,,,,,46-50,46-55,County road,R,Wednesday,Unknown,MHTRUCK,Not Fatal,0,1,1,0,County Road,County Sheriff,Clallam County Sheriff's Office,0,0,1,0,0,,,,,,,,,,,,,,,,,,,,,,,,,,,,,,,,,,,,,,,,,,,