year,case,par,repjur,crash_dt,crash_tm,accday,accmon,holiday,county,co_char,city,weather,weather2,lightcond,surfcond,surftype,numfatal,nmforms,pforms,vforms,not_tm,arr_tm,hosp_tm,fhevent,hitrun,manncol,milepnt,reljunc,reljuncinter,intersectiontype,funcsystem,landuse,ownership,route,schlbus,spejur,contdev,devfunc,trafid1,trafid2,x,y,wk_zone,vnumber,crashtype,criticalevent,criticaleventcat,spdlim,body,trailer,emerg,hazcargo,leave,mhevent,roadalgn,roadprof,traflane,trafflow,vehmanvr,numoccs,regowner,regstate,spuse,make,model,modelyr,vrf1,vrf2,seqevent1,seqevent2,seqevent3,seqevent4,seqevent5,seqevent6,pnumber,ptype,age,sex,hispanic,race,injury,diedscene,restraint,restraintmisuse,seatpos,takehosp,death_dt,death_tm,cert,cernum_wa,commlic,licendor,licrestrict,liccomp,drivpres,drf1,drf2,drf3,drf4,distract1,distract2,distract3,distract4,distract5,distract6,dricond1,dricond2,dricond3,dricond4,dricond5,dricond6,dzip,licstate,drhgt_in,weight,noncdl,noncdltype,prevdwi,prevoth,prevacc,prevspd,prevsus,driviol1,driviol2,driviol3,driviol4,driviol5,driviol6,spdrel,first_dt,last_dt,airbag,ejection,ejectpath,extricat,injurwrk,methalc,methdrug,nmlocat,strikveh,prf1,prf2,prf3,druginv,alcinvol,drugsts,drugres1,drugres2,drugres3,drugtst1,drugtst2,drugtst3,alcsts,alctst,alcres,nmact1,nmact2,nmact3,nmact4,nmact5,nmact6,nmprior1,nmprior2,nmprior3,nmprior4,nmprior5,nmprior6,nmcond1,nmcond2,nmcond3,nmcond4,nmcond5,nmcond6,nmsafe_helmet,nmsafe_pads,nmsafe_oth,nmprev_ref,nmprev_lgt,nmprev_oth,crashlocation,nmcrashtype,crosswalk,schoolzone,sidewalk,train_inv,wildlife_inv,rotr_fars,intersect_fars,dd_inv,aid_inv,dpd_inv,id_inv,mj_inv,impnm_inv,ainm_inv,dpnm_inv,speed_inv,unlic_inv,unendmc_inv,drowsy_inv,drdist_inv,nmdist_inv,fty_inv,unrestfat_inv,dr1617_inv,dr1820_inv,dr1620_inv,dr2125_inv,dr1625_inv,dr65_inv,dr70_inv,dr75_inv,mc_inv,pv_inv,ht_inv,ped_inv,bike_inv,unrest_fat,mc_fat,unhelmet_mc,pv_fat,ht_fat,ped_fat,bike_fat,dr_alc7,dr_alc8,dr_drug,dr_imp,dr_dist,dr_spd,dr_fty,dr_unlic,dr_alc7only,dr_alc8only,dr_drugonly,dr_drink,nm_imp,nm_alc7,nm_alc8,nm_drug,nm_dist,agegrp1,agegrp2,roadclass,urbrur,dayweek,restuse,vehtype,race_me,intersect,lanedep,oppdir,wrongway,rep_typ,investag,repag_long,rotr,st_rd,cty_rd,city_rd,oth_rd,drug_thc,thc_res,drug_cthc,cthc_res,drug_cann,prevpersemin,prevperse,prevsusoth,drugtst4,drugtst5,drugtst6,drugtst7,drugtst8,drugres4,drugres5,drugres6,drugres7,drugres8,adspresent,adsengaged,adslevel,race1,race2,race3,race4,race5,helmet,helmetmisuse,nmdistract1,nmdistract2,nmdistract3,nmdistract4,nmdistract5,nmdistract6,lab,isedtcase,crf1,crf2,crf3,CoRoadName,CoMP,IntCoRoadName,IntCoMP
2017,454,E731602,13,10/18/2017,15:48,18,10,0,9,Clallam,0,2,0,1,2,2,1,0,2,2,15:49,15:58,16:51,12,0,6,3.2,2,0,10,5,1,2,4,0,0,0,0,CR-KITCHEN DICK RD,LOTZGESELL RD,-123.1999889,48.13047222,0,2,81,62,4,20,20,0,0,1,2,12,3,1,2,1,14,1,1,53,0,12,442,2000,0,0,12,63,35,,,,1,1,61,1,7,1,4,0,99,0,11,5,10/18/2017,17:30,1.70E+11,45563,0,0,0,3,1,0,0,0,0,0,,,,,,0,,,,,,98382,53,74,168,6,1,0,0,0,0,0,0,,,,,,0,,,1,0,0,1,0,9,8,,,0,0,0,8,9,2,1,0,0,1,0,0,2,1,0,,,,,,,,,,,,,,,,,,,,,,,,,,,,,,0,0,0,1,1,1,0,1,0,0,0,0,0,0,0,0,0,0,0,0,0,0,0,0,0,0,0,0,0,1,1,0,0,0,0,,1,0,0,0,0,0,0,0,0,0,0,0,0,0,0,0,,,,,,61-65,56-65,County road,R,Wednesday,Unknown,PV,White,0,1,1,0,County Road,County Sheriff,Clallam County Sheriff's Office,0,0,1,0,0,,,,,,,,,,,,,,,,,,,,,,,,,,,,,,,,,,,,,,,,,,,
2017,445,E731604,13,10/16/2017,8:49,16,10,0,9,Clallam,0,1,0,1,1,2,1,0,1,1,8:50,9:00,9:40,42,0,0,2.5,1,0,1,7,1,2,4,0,0,0,0,CR-RIVER RD,,-123.1438278,48.043075,0,1,1,13,2,35,34,0,0,1,2,42,1,1,2,4,1,1,1,53,0,20,481,1989,0,0,63,42,,,,,1,1,78,1,7,1,4,0,99,0,11,5,10/18/2017,22:20,53045367,45367,0,0,0,3,1,0,0,0,0,92,,,,,,0,,,,,,98382,53,74,182,6,1,0,0,0,0,0,0,,,,,,9,,,20,0,0,0,0,9,8,,,0,0,0,9,9,2,1,0,0,1,0,0,2,1,0,,,,,,,,,,,,,,,,,,,,,,,,,,,,,,0,0,1,0,0,0,0,0,0,0,0,0,0,0,0,0,1,0,0,0,0,0,0,0,0,1,1,1,0,0,0,0,0,0,0,,0,0,0,0,0,0,0,0,1,0,0,0,0,0,0,0,,,,,,76-80,76+,County road,R,Monday,Unknown,PV,White,0,1,0,0,County Road,County Sheriff,Clallam County Sheriff's Office,1,0,1,0,0,,,,,,,,,,,,,,,,,,,,,,,,,,,,,,,,,,,,,,,,,,,
2017,463,E731718,127,11/02/2017,23:58,2,11,0,33,King,735,99,0,3,2,2,1,1,1,1,,,,8,1,0,0,1,0,1,4,2,4,6,0,0,0,0,1 WAY S,,-122.3340139,47.30516944,0,1,13,80,5,98,99,0,0,1,5,8,1,2,5,1,1,99,9,99,0,99,999,9999,0,0,8,,,,,,1,1,999,9,0,0,0,0,99,0,11,0,,,,,99,9,9,9,1,0,0,0,0,99,,,,,,99,,,,,,99999,99,,999,9,9,99,99,99,99,99,0,,,,,,9,,,99,0,0,0,8,9,8,,,0,0,0,9,9,0,0,0,0,0,0,0,0,0,996,,,,,,,,,,,,,,,,,,,,,,,,,,,,,,0,0,0,0,0,0,0,0,0,1,1,1,0,0,0,0,0,0,0,0,0,0,0,0,0,0,0,0,0,0,0,1,0,0,0,,0,0,0,0,0,0,0,0,0,0,0,0,0,0,0,0,,,,,,,,City street,U,Thursday,,NR-U,Not Fatal,0,0,0,0,City Street,Municipal/City Police,Federal Way Dept of Public Safety,0,0,0,1,0,,,,,,,,,,,,,,,,,,,,,,,,,,,,,,,,,,,,,,,,,,,
2017,498,E731942,305,11/03/2017,21:39,3,11,0,11,Clark,2370,1,0,3,1,2,1,1,1,1,,,,8,0,0,0,1,0,1,3,2,4,6,0,0,0,0,MAIN ST,E 37TH ST,-122.6680972,45.64800556,0,1,13,80,5,98,20,0,0,1,5,8,8,8,4,1,1,1,1,53,0,35,443,1997,0,0,8,,,,,,1,1,76,1,0,0,0,0,3,0,11,0,,,,,0,0,0,3,1,0,0,0,0,1,,,,,,0,,,,,,98663,53,71,215,6,1,0,0,0,0,0,0,,,,,,0,,,20,0,0,0,8,9,8,,,0,0,0,8,0,0,0,0,0,0,0,0,0,0,996,,,,,,,,,,,,,,,,,,,,,,,,,,,,,,0,0,0,0,0,0,0,0,0,0,0,0,0,0,0,0,1,0,0,0,0,0,0,0,0,1,1,1,0,1,0,1,0,0,0,,0,0,0,0,0,0,0,0,1,0,0,0,0,0,0,0,,,,,,76-80,76+,City street,U,Friday,Belt Used,PV,Not Fatal,1,0,0,0,City Street,Municipal/City Police,Vancouver Police Department,0,0,0,1,0,,,,,,,,,,,,,,,,,,,,,,,,,,,,,,,,,,,,,,,,,,,
2017,435,E732107,2,10/23/2017,23:50,23,10,0,61,Snohomish,0,1,0,3,1,2,1,0,2,2,,,,12,0,7,43.5,1,0,1,3,2,1,3,0,0,0,0,SR-99,,-122.2882528,47.85743333,0,2,47,60,4,45,4,0,0,1,2,30,1,1,7,5,15,1,2,53,0,37,32,1991,0,0,12,63,30,,,,1,1,52,1,0,0,0,0,3,0,11,0,,,,,0,0,0,3,1,0,0,0,0,0,,,,,,0,,,,,,98023,53,64,165,6,1,0,0,0,0,0,0,,,,,,0,,,20,0,0,0,8,9,8,,,0,0,0,8,0,0,0,0,0,0,0,0,0,0,996,,,,,,,,,,,,,,,,,,,,,,,,,,,,,,0,0,0,0,1,1,1,1,1,0,0,0,1,1,0,0,0,0,0,0,0,0,0,0,0,0,0,0,0,1,0,0,0,0,0,,0,0,0,0,0,0,0,0,0,0,0,0,0,0,0,0,,,,,,51-55,46-55,State route,U,Monday,Belt Used,PV,Not Fatal,0,0,0,0,State Route,State Patrol,Washington State Patrol Headquarter,0,1,0,0,0,,,,,,,,,,,,,,,,,,,,,,,,,,,,,,,,,,,,,,,,,,,
2017,435,E732107,2,10/23/2017,23:50,23,10,0,61,Snohomish,0,1,0,3,1,2,1,0,2,2,,,,12,0,7,43.5,1,0,1,3,2,1,3,0,0,0,0,SR-99,,-122.2882528,47.85743333,0,1,46,61,4,45,14,0,0,1,2,30,1,1,7,5,15,1,2,53,0,20,404,2011,0,0,12,63,30,,,,1,1,29,1,7,1,4,7,99,0,11,0,10/23/2017,23:50,1.22E+11,46626,0,0,0,2,1,0,0,0,0,96,,,,,,9,,,,,,98036,53,68,190,1,1,0,1,0,0,0,0,,,,,,3,01/15/2013,01/15/2013,8,0,0,0,0,1,8,,,0,0,0,8,1,2,605,0,0,1,0,0,2,1,0.24,,,,,,,,,,,,,,,,,,,,,,,,,,,,,,0,0,0,0,1,1,1,1,1,0,0,0,1,1,0,0,0,0,0,0,0,0,0,0,0,0,0,0,0,1,0,0,0,0,0,,1,0,0,0,0,1,1,1,0,1,0,1,0,0,0,1,,,,,,26-30,26-35,State route,U,Monday,Unknown,PV,White,0,0,0,0,State Route,State Patrol,Washington State Patrol Headquarter,0,1,0,0,0,thc,32,carboxy-thc,29,,,,,,,,,,,,,,,,,,,,,,,,,,,,,,,,,,,,,,,
2017,467,E732281,7,11/01/2017,9:16,1,11,0,33,King,0,2,0,1,2,2,1,0,4,3,8:52,9:05,9:58,12,0,1,3.6,2,0,2,3,1,1,3,0,0,0,0,SR-169,SE 383RD ST,-121.9882861,47.25589444,0,1,20,50,3,50,14,0,0,1,2,12,1,1,2,1,1,1,1,53,0,48,401,2007,0,0,12,,,,,,1,1,66,2,0,0,0,0,3,0,11,0,,,,,0,0,3,3,1,0,0,0,0,93,,,,,,0,,,,,,98022,53,62,130,6,1,0,0,0,0,0,97,,,,,,4,,,20,0,0,0,8,9,8,,,0,0,0,8,0,2,1,0,0,1,0,0,2,1,0,,,,,,,,,,,,,,,,,,,,,,,,,,,,,,0,0,0,1,0,0,0,0,0,0,0,0,1,0,0,0,1,0,0,0,0,0,0,0,0,1,0,0,0,1,1,0,0,0,0,,0,0,0,0,0,0,0,0,1,1,0,0,0,0,0,0,,,,,,66-70,66-75,State route,R,Wednesday,Belt Used,PV,Not Fatal,1,0,0,0,State Route,State Patrol,Washington State Patrol Headquarter,0,1,0,0,0,,,,,,,,,,,,,,,,,,,,,,,,,,,,,,,,,,,,,,,,,,,
2017,467,E732281,7,11/01/2017,9:16,1,11,0,33,King,0,2,0,1,2,2,1,0,4,3,8:52,9:05,9:58,12,0,1,3.6,2,0,2,3,1,1,3,0,0,0,0,SR-169,SE 383RD ST,-121.9882861,47.25589444,0,2,21,53,3,50,5,0,0,1,2,12,1,1,2,1,5,2,1,53,0,37,39,2009,0,0,12,68,12,12,,,1,1,26,2,0,0,1,0,20,0,11,5,,,,,0,0,0,3,1,0,0,0,0,0,,,,,,0,,,,,,98022,53,61,120,6,1,0,6,4,4,0,0,,,,,,0,04/15/2014,08/15/2017,20,0,0,0,8,9,8,,,0,0,0,8,0,0,0,0,0,0,0,0,0,0,996,,,,,,,,,,,,,,,,,,,,,,,,,,,,,,0,0,0,1,0,0,0,0,0,0,0,0,1,0,0,0,1,0,0,0,0,0,0,0,0,1,0,0,0,1,1,0,0,0,0,,0,0,0,0,0,0,0,0,0,0,0,0,0,0,0,0,,,,,,26-30,26-35,State route,R,Wednesday,Not Used,PV,Not Fatal,1,0,0,0,State Route,State Patrol,Washington State Patrol Headquarter,0,1,0,0,0,,,,,,,,,,,,,,,,,,,,,,,,,,,,,,,,,,,,,,,,,,,
2017,467,E732281,7,11/01/2017,9:16,1,11,0,33,King,0,2,0,1,2,2,1,0,4,3,8:52,9:05,9:58,12,0,1,3.6,2,0,2,3,1,1,3,0,0,0,0,SR-169,SE 383RD ST,-121.9882861,47.25589444,0,3,98,62,4,50,66,1,0,1,5,12,1,1,2,1,1,1,3,53,0,87,884,2003,0,0,12,12,,,,,1,1,54,1,0,0,0,0,3,0,11,0,,,,,6,1,3,3,1,0,0,0,0,0,,,,,,0,,,,,,98383,53,71,205,6,1,0,0,0,0,0,0,,,,,,0,,,20,0,0,0,8,9,8,,,0,0,0,8,0,0,0,0,0,0,0,0,0,0,996,,,,,,,,,,,,,,,,,,,,,,,,,,,,,,0,0,0,1,0,0,0,0,0,0,0,0,1,0,0,0,1,0,0,0,0,0,0,0,0,1,0,0,0,1,1,0,0,0,0,,0,0,0,0,0,0,0,0,0,0,0,0,0,0,0,0,,,,,,51-55,46-55,State route,R,Wednesday,,MHTRUCK,Not Fatal,1,0,0,0,State Route,State Patrol,Washington State Patrol Headquarter,0,1,0,0,0,,,,,,,,,,,,,,,,,,,,,,,,,,,,,,,,,,,,,,,,,,,
2017,455,E732289,16,10/27/2017,9:26,27,10,0,15,Cowlitz,0,1,0,1,1,4,2,0,2,1,,,,10,0,0,0,6,0,1,7,2,4,6,0,0,65,3,HORSESHOE BEND ESTATE,PLEASANT HILL RD,-122.8886528,46.23833889,0,1,98,98,7,10,4,0,0,1,2,10,1,1,8,1,3,2,2,53,0,49,43,1996,0,0,10,,,,,,1,1,29,1,6,3,4,7,20,0,11,0,10/27/2017,9:26,28053046833,46833,0,0,0,0,1,38,0,0,0,93,,,,,,99,,,,,,98404,53,74,275,0,0,0,0,0,0,7,0,,,,,,0,05/15/2013,07/15/2017,20,0,0,0,0,9,8,,,0,0,0,8,9,2,401,417,0,1,1,0,2,1,0,,,,,,,,,,,,,,,,,,,,,,,,,,,,,,1,0,0,0,0,0,1,1,0,0,0,0,0,1,0,0,1,0,1,1,0,0,0,0,0,0,0,0,0,1,0,0,0,1,0,,1,0,0,0,0,0,1,1,1,0,1,1,0,0,1,0,,,,,,26-30,26-35,City street,U,Friday,Not Used,PV,Hispanic,1,0,0,0,Other,County Sheriff,Cowlitz County Sheriff's Office,0,0,0,0,1,,,,,,,,,,,,,,,,,,,,,,,,,,,,,,,,,,,,,,,,,,,
2017,470,E732624,348,11/03/2017,18:15,3,11,0,33,King,1018,10,0,3,1,2,1,1,1,1,,,,8,0,0,0,1,0,1,4,2,4,6,0,0,0,0,80TH AVE NE,,-122.2336611,47.75667778,0,1,13,80,5,35,6,0,0,1,5,8,1,1,2,1,1,1,3,53,0,63,36,2008,0,0,8,,,,,,1,1,58,1,0,0,0,0,3,0,11,0,,,,,0,0,0,3,1,0,0,0,0,0,,,,,,0,,,,,,98028,53,67,155,6,1,0,2,1,1,0,0,,,,,,0,12/15/2012,12/15/2014,20,0,0,0,8,9,2,,,0,0,0,0,0,0,0,0,0,0,0,0,0,0,996,,,,,,,,,,,,,,,,,,,,,,,,,,,,,,0,0,0,0,0,0,0,0,0,1,0,1,0,0,0,0,0,0,0,0,0,0,0,0,0,0,0,0,0,1,0,1,0,0,0,,0,0,0,0,0,0,0,0,0,0,0,0,0,0,0,0,,,,,,56-60,56-65,City street,U,Friday,Belt Used,PV,Not Fatal,1,0,0,0,City Street,Municipal/City Police,Kenmore Police Dept,0,0,0,1,0,,,,,,,,,,,,,,,,,,,,,,,,,,,,,,,,,,,,,,,,,,,
2017,424,E732654,21,10/20/2017,15:12,20,10,0,25,Grant,0,1,0,1,1,2,1,0,2,2,15:12,15:33,15:53,12,0,6,2,2,0,2,6,1,2,4,0,0,0,0,CR-RD 9 NW,CR-RD K NW,-119.7251556,47.22006111,0,2,89,66,4,55,4,0,0,1,2,12,1,1,2,1,1,1,1,53,0,37,32,2009,0,0,12,,,,,,1,1,61,1,7,1,4,7,3,0,11,0,10/20/2017,15:12,1.78E+11,45475,0,0,0,3,1,0,0,0,0,0,,,,,,0,,,,,,98823,53,68,200,6,1,0,0,0,0,0,0,,,,,,0,,,8,0,0,0,0,9,8,,,0,0,0,8,0,2,1,0,0,1,0,0,2,1,0,,,,,,,,,,,,,,,,,,,,,,,,,,,,,,0,0,0,1,1,0,0,0,0,0,0,0,0,0,0,0,1,0,0,0,0,0,0,0,0,0,0,0,0,1,0,0,0,0,0,,1,0,0,0,0,0,0,0,0,0,0,0,0,0,0,0,,,,,,61-65,56-65,County road,R,Friday,Belt Used,PV,White,1,0,0,0,County Road,County Sheriff,Grant County Sheriff's Office,0,0,1,0,0,,,,,,,,,,,,,,,,,,,,,,,,,,,,,,,,,,,,,,,,,,,
2017,424,E732654,21,10/20/2017,15:12,20,10,0,25,Grant,0,1,0,1,1,2,1,0,2,2,15:12,15:33,15:53,12,0,6,2,2,0,2,6,1,2,4,0,0,20,3,CR-RD 9 NW,CR-RD K NW,-119.7251556,47.22006111,0,1,88,54,3,50,4,0,0,1,2,12,1,1,2,1,1,1,2,53,0,20,37,1998,0,0,12,,,,,,1,1,32,1,0,0,3,0,3,0,11,8,,,,,0,0,0,3,1,0,0,0,0,5,93,,,,,9,,,,,,99357,53,66,160,6,1,0,3,0,3,0,0,,,,,,0,11/15/2016,10/15/2017,99,0,0,0,8,9,8,,,0,0,0,8,1,8,95,0,0,6,0,0,2,95,997,,,,,,,,,,,,,,,,,,,,,,,,,,,,,,0,0,0,1,1,0,0,0,0,0,0,0,0,0,0,0,1,0,0,0,0,0,0,0,0,0,0,0,0,1,0,0,0,0,0,,0,0,0,0,0,0,0,0,1,0,0,0,0,0,0,1,,,,,,31-35,26-35,County road,R,Friday,Belt Used,PV,Not Fatal,1,0,0,0,County Road,County Sheriff,Grant County Sheriff's Office,0,0,1,0,0,,,,,,,,,,,,,,,,,,,,,,,,,,,,,,,,,,,,,,,,,,,
2017,472,E733004,4,11/01/2017,8:50,1,11,0,65,Stevens,0,3,0,1,2,2,1,0,2,2,9:32,10:12,11:12,12,0,6,243.9,2,0,2,3,1,1,2,0,0,0,0,US-395,SR-25,-118.07495,48.60632222,0,1,86,17,2,40,34,0,0,1,2,12,3,2,3,1,14,1,1,53,0,12,471,2009,0,0,12,,,,,,1,1,84,1,7,1,4,0,3,0,11,1,11/07/2017,13:00,2.11E+11,50776,0,0,0,3,1,0,0,0,0,93,,,,,,0,,,,,,99118,53,68,185,6,1,0,0,0,0,0,0,,,,,,0,,,1,0,0,0,0,9,8,,,0,0,0,8,0,0,0,0,0,0,0,0,0,0,996,,,,,,,,,,,,,,,,,,,,,,,,,,,,,,0,0,0,1,0,0,0,0,0,0,0,0,0,0,0,0,1,0,0,0,0,0,0,0,0,1,1,1,0,0,1,0,0,0,0,,0,0,0,0,0,0,0,0,1,0,0,0,0,0,0,0,,,,,,81+,76+,US highway,R,Wednesday,Belt Used,PV,White,1,0,0,0,State Route,State Patrol,Washington State Patrol Headquarter,0,1,0,0,0,,,,,,,,,,,,,,,,,,,,,,,,,,,,,,,,,,,,,,,,,,,
2017,472,E733004,4,11/01/2017,8:50,1,11,0,65,Stevens,0,3,0,1,2,2,1,0,2,2,9:32,10:12,11:12,12,0,6,243.9,2,0,2,3,1,1,2,0,0,20,3,US-395,SR-25,-118.07495,48.60632222,0,2,87,66,4,55,66,2,0,1,5,12,8,8,2,1,3,1,3,53,0,85,881,2013,0,0,12,,,,,,1,1,61,1,0,0,0,0,3,0,11,0,,,,,6,1,0,3,1,0,0,0,0,0,,,,,,0,,,,,,99344,53,70,185,6,1,0,1,1,0,0,0,,,,,,0,08/15/2013,04/15/2016,20,0,0,0,8,9,8,,,0,0,0,8,0,0,0,0,0,0,0,0,0,0,996,,,,,,,,,,,,,,,,,,,,,,,,,,,,,,0,0,0,1,0,0,0,0,0,0,0,0,0,0,0,0,1,0,0,0,0,0,0,0,0,1,1,1,0,0,1,0,0,0,0,,0,0,0,0,0,0,0,0,0,0,0,0,0,0,0,0,,,,,,61-65,56-65,US highway,R,Wednesday,,MHTRUCK,Not Fatal,1,0,0,0,State Route,State Patrol,Washington State Patrol Headquarter,0,1,0,0,0,,,,,,,,,,,,,,,,,,,,,,,,,,,,,,,,,,,,,,,,,,,
2017,459,E733425,26,10/31/2017,8:00,31,10,0,35,Kitsap,0,99,0,9,99,2,1,0,1,1,,,,18,0,0,0.9,1,0,1,7,1,2,4,0,0,0,0,CR-FAGERUD RD SE,,-122.5834917,47.425375,0,1,6,12,2,35,4,0,0,1,2,18,2,1,2,1,14,1,1,53,0,20,25,2014,0,0,68,64,18,,,,1,1,89,2,7,1,4,7,3,0,11,0,10/31/2017,8:00,53047708,47708,0,0,1,3,1,0,0,0,0,92,,,,,,99,,,,,,98359,53,62,122,6,1,0,0,0,0,0,0,,,,,,0,,,1,0,0,1,0,9,8,,,0,0,0,8,9,2,1,0,0,1,0,0,2,1,0,,,,,,,,,,,,,,,,,,,,,,,,,,,,,,0,0,1,0,0,0,0,0,0,0,0,0,0,0,0,0,1,0,0,0,0,0,0,0,0,1,1,1,0,1,0,0,0,0,0,,1,0,0,0,0,0,0,0,1,0,0,0,0,0,0,0,,,,,,81+,76+,County road,R,Tuesday,Belt Used,PV,White,0,1,0,0,County Road,County Sheriff,Kitsap County Sheriff's Office,1,0,1,0,0,,,,,,,,,,,,,,,,,,,,,,,,,,,,,,,,,,,,,,,,,,,
2017,489,E733845,28,11/07/2017,10:33,7,11,0,39,Klickitat,0,1,0,1,1,2,1,0,1,1,10:33,10:51,,1,0,0,7,1,0,1,5,1,2,4,0,0,0,0,CR-CENTERVILLE HWY,,-121.1769472,45.71808889,0,1,1,13,2,50,90,0,0,1,5,1,1,1,2,1,1,1,0,53,0,99,739,2004,0,0,63,1,,,,,1,1,80,1,7,1,4,0,17,0,11,1,11/19/2017,0:01,1.65E+11,31586,0,0,0,1,1,0,0,0,0,96,,,,,,0,,,,,,97058,41,61,260,6,1,0,0,0,0,0,0,,,,,,0,,,20,1,9,0,0,9,8,,,0,0,0,8,0,0,0,0,0,0,0,0,0,0,996,,,,,,,,,,,,,,,,,,,,,,,,,,,,,,0,0,1,0,0,0,0,0,0,0,0,0,0,0,0,0,0,0,0,0,0,0,0,0,0,1,1,1,0,0,0,0,0,0,0,,0,0,0,0,0,0,0,0,0,0,0,0,0,0,0,0,,,,,,76-80,76+,County road,R,Tuesday,,OTHVT,White,0,1,0,0,County Road,County Sheriff,Klickitat County Sheriff's Office,1,0,1,0,0,,,,,,,,,,,,,,,,,,,,,,,,,,,,,,,,,,,,,,,,,,,
2017,473,E733846,278,11/11/2017,10:40,11,11,0,63,Spokane,2110,1,0,1,1,2,1,1,2,1,10:46,10:50,10:59,8,0,0,0,1,0,1,4,2,4,6,0,0,0,0,S HOWARD ST,,-117.4210556,47.65633333,0,1,13,9,1,25,4,0,0,1,2,8,1,1,2,1,9,2,1,53,0,55,35,2008,0,0,8,63,19,,,,1,1,34,2,0,0,0,0,20,0,11,0,,,,,0,0,0,3,1,0,0,0,0,12,,,,,,0,,,,,,99204,53,65,120,6,2,0,0,0,0,0,97,,,,,,0,,,20,0,0,0,8,9,2,,,0,0,0,0,0,0,0,0,0,0,0,0,0,0,996,,,,,,,,,,,,,,,,,,,,,,,,,,,,,,0,0,0,0,0,0,0,0,0,1,1,0,0,0,0,0,1,1,0,0,0,0,0,0,0,0,0,0,0,1,0,1,0,0,0,,0,0,0,0,0,0,0,0,1,0,0,0,0,0,0,0,,,,,,31-35,26-35,City street,U,Saturday,Not Used,PV,Not Fatal,0,0,0,0,City Street,Municipal/City Police,Spokane Police Department,0,0,0,1,0,,,,,,,,,,,,,,,,,,,,,,,,,,,,,,,,,,,,,,,,,,,
2017,475,E733876,26,11/09/2017,11:34,9,11,0,35,Kitsap,0,2,0,1,2,2,1,0,2,2,,,,24,0,0,0.3,1,0,1,4,2,2,4,0,0,0,0,CR-BROWNSVILLE HWY NE,,-122.6310028,47.64835556,0,1,7,12,2,35,2,0,0,1,2,12,2,1,2,1,14,1,2,51,0,34,39,1997,0,0,68,64,24,69,12,,1,1,18,1,7,1,4,7,20,0,11,0,11/09/2017,11:34,53048568,48568,0,0,3,3,1,28,0,0,0,6,,,,,,99,,,,,,22031,51,66,130,6,1,0,0,0,0,0,0,,,,,,0,,,1,0,0,0,0,9,8,,,0,0,0,8,9,2,387,0,0,1,0,0,2,1,0,,,,,,,,,,,,,,,,,,,,,,,,,,,,,,0,0,0,0,0,0,1,1,0,0,0,0,0,0,0,0,1,0,0,1,0,1,1,1,1,0,0,0,0,1,0,0,0,1,0,,1,0,0,0,0,0,1,1,1,0,0,0,0,0,1,0,,,,,,18-20,16-25,County road,U,Thursday,Not Used,PV,White,0,1,0,0,County Road,County Sheriff,Kitsap County Sheriff's Office,1,0,1,0,0,,,,,,,,,,,,,,,,,,,,,,,,,,,,,,,,,,,,,,,,,,,
2017,475,E733876,26,11/09/2017,11:34,9,11,0,35,Kitsap,0,2,0,1,2,2,1,0,2,2,,,,24,0,0,0.3,1,0,1,4,2,2,4,0,0,0,0,CR-BROWNSVILLE HWY NE,,-122.6310028,47.64835556,0,2,98,62,4,35,2,0,0,1,2,12,3,1,2,1,14,1,1,53,0,58,37,2005,0,0,12,,,,,,1,1,22,1,0,0,1,0,20,0,11,8,,,,,0,0,0,3,1,0,0,0,0,0,,,,,,0,,,,,,98311,53,68,180,6,1,0,0,0,3,0,0,,,,,,0,06/15/2014,12/15/2016,8,0,0,0,8,9,8,,,0,0,0,8,0,0,0,0,0,0,0,0,0,0,996,,,,,,,,,,,,,,,,,,,,,,,,,,,,,,0,0,0,0,0,0,1,1,0,0,0,0,0,0,0,0,1,0,0,1,0,1,1,1,1,0,0,0,0,1,0,0,0,0,0,,0,0,0,0,0,0,0,0,0,0,0,0,0,0,0,0,,,,,,21-25,16-25,County road,U,Thursday,Not Used,PV,Not Fatal,0,1,0,0,County Road,County Sheriff,Kitsap County Sheriff's Office,1,0,1,0,0,,,,,,,,,,,,,,,,,,,,,,,,,,,,,,,,,,,,,,,,,,,
2017,443,E733974,1,10/29/2017,5:21,29,10,0,5,Benton,0,5,0,2,1,1,1,1,3,3,,,,12,0,7,94.7,1,0,1,1,1,1,1,0,0,0,0,I-82,,-119.5010444,46.25681667,0,2,98,50,3,70,4,0,0,1,2,8,1,1,2,2,1,2,1,53,0,35,43,2001,0,0,12,8,,,,,1,1,45,1,0,0,0,0,3,0,11,0,,,,,0,0,0,3,1,0,0,0,0,96,,,,,,0,,,,,,98930,53,67,190,6,1,0,0,1,0,0,0,,,,,,4,11/15/2016,11/15/2016,1,0,0,0,8,9,8,,,0,0,0,8,0,0,0,0,0,0,0,0,0,0,996,,,,,,,,,,,,,,,,,,,,,,,,,,,,,,0,0,0,0,0,0,0,0,0,1,1,0,1,0,0,0,0,0,0,0,0,0,0,0,0,0,0,0,0,1,0,1,0,0,0,,0,0,0,0,0,0,0,0,0,1,0,0,0,0,0,0,,,,,,41-45,36-45,Interstate,R,Sunday,Belt Used,PV,Not Fatal,0,0,0,0,State Route,State Patrol,Washington State Patrol Headquarter,0,1,0,0,0,,,,,,,,,,,,,,,,,,,,,,,,,,,,,,,,,,,,,,,,,,,