year,case,par,repjur,crash_dt,crash_tm,accday,accmon,holiday,county,co_char,city,weather,weather2,lightcond,surfcond,surftype,numfatal,nmforms,pforms,vforms,not_tm,arr_tm,hosp_tm,fhevent,hitrun,manncol,milepnt,reljunc,reljuncinter,intersectiontype,funcsystem,landuse,ownership,route,schlbus,spejur,contdev,devfunc,trafid1,trafid2,x,y,wk_zone,vnumber,crashtype,criticalevent,criticaleventcat,spdlim,body,trailer,emerg,hazcargo,leave,mhevent,roadalgn,roadprof,traflane,trafflow,vehmanvr,numoccs,regowner,regstate,spuse,make,model,modelyr,vrf1,vrf2,seqevent1,seqevent2,seqevent3,seqevent4,seqevent5,seqevent6,pnumber,ptype,age,sex,hispanic,race,injury,diedscene,restraint,restraintmisuse,seatpos,takehosp,death_dt,death_tm,cert,cernum_wa,commlic,licendor,licrestrict,liccomp,drivpres,drf1,drf2,drf3,drf4,distract1,distract2,distract3,distract4,distract5,distract6,dricond1,dricond2,dricond3,dricond4,dricond5,dricond6,dzip,licstate,drhgt_in,weight,noncdl,noncdltype,prevdwi,prevoth,prevacc,prevspd,prevsus,driviol1,driviol2,driviol3,driviol4,driviol5,driviol6,spdrel,first_dt,last_dt,airbag,ejection,ejectpath,extricat,injurwrk,methalc,methdrug,nmlocat,strikveh,prf1,prf2,prf3,druginv,alcinvol,drugsts,drugres1,drugres2,drugres3,drugtst1,drugtst2,drugtst3,alcsts,alctst,alcres,nmact1,nmact2,nmact3,nmact4,nmact5,nmact6,nmprior1,nmprior2,nmprior3,nmprior4,nmprior5,nmprior6,nmcond1,nmcond2,nmcond3,nmcond4,nmcond5,nmcond6,nmsafe_helmet,nmsafe_pads,nmsafe_oth,nmprev_ref,nmprev_lgt,nmprev_oth,crashlocation,nmcrashtype,crosswalk,schoolzone,sidewalk,train_inv,wildlife_inv,rotr_fars,intersect_fars,dd_inv,aid_inv,dpd_inv,id_inv,mj_inv,impnm_inv,ainm_inv,dpnm_inv,speed_inv,unlic_inv,unendmc_inv,drowsy_inv,drdist_inv,nmdist_inv,fty_inv,unrestfat_inv,dr1617_inv,dr1820_inv,dr1620_inv,dr2125_inv,dr1625_inv,dr65_inv,dr70_inv,dr75_inv,mc_inv,pv_inv,ht_inv,ped_inv,bike_inv,unrest_fat,mc_fat,unhelmet_mc,pv_fat,ht_fat,ped_fat,bike_fat,dr_alc7,dr_alc8,dr_drug,dr_imp,dr_dist,dr_spd,dr_fty,dr_unlic,dr_alc7only,dr_alc8only,dr_drugonly,dr_drink,nm_imp,nm_alc7,nm_alc8,nm_drug,nm_dist,agegrp1,agegrp2,roadclass,urbrur,dayweek,restuse,vehtype,race_me,intersect,lanedep,oppdir,wrongway,rep_typ,investag,repag_long,rotr,st_rd,cty_rd,city_rd,oth_rd,drug_thc,thc_res,drug_cthc,cthc_res,drug_cann,prevpersemin,prevperse,prevsusoth,drugtst4,drugtst5,drugtst6,drugtst7,drugtst8,drugres4,drugres5,drugres6,drugres7,drugres8,adspresent,adsengaged,adslevel,race1,race2,race3,race4,race5,helmet,helmetmisuse,nmdistract1,nmdistract2,nmdistract3,nmdistract4,nmdistract5,nmdistract6,lab,isedtcase,crf1,crf2,crf3,CoRoadName,CoMP,IntCoRoadName,IntCoMP
2017,443,E733974,1,10/29/2017,5:21,29,10,0,5,Benton,0,5,0,2,1,1,1,1,3,3,,,,12,0,7,94.7,1,0,1,1,1,1,1,0,0,0,0,I-82,,-119.5010444,46.25681667,0,1,98,50,3,70,4,0,0,1,2,12,1,1,2,2,1,1,9,99,0,37,32,1998,0,0,12,,,,,,1,1,47,1,0,0,0,0,3,0,11,0,,,,,0,0,0,3,1,0,0,0,0,96,,,,,,0,,,,,,99350,53,68,175,6,1,0,0,0,0,0,0,,,,,,4,,,20,0,0,0,8,9,8,,,0,0,0,8,0,0,0,0,0,0,0,0,0,0,996,,,,,,,,,,,,,,,,,,,,,,,,,,,,,,0,0,0,0,0,0,0,0,0,1,1,0,1,0,0,0,0,0,0,0,0,0,0,0,0,0,0,0,0,1,0,1,0,0,0,,0,0,0,0,0,0,0,0,0,1,0,0,0,0,0,0,,,,,,46-50,46-55,Interstate,R,Sunday,Belt Used,PV,Not Fatal,0,0,0,0,State Route,State Patrol,Washington State Patrol Headquarter,0,1,0,0,0,,,,,,,,,,,,,,,,,,,,,,,,,,,,,,,,,,,,,,,,,,,
2017,453,E733975,1,10/29/2017,5:21,29,10,0,5,Benton,0,5,0,2,1,1,1,0,2,1,,,,1,0,0,95.3,1,0,1,1,1,1,1,0,0,0,0,I-82,,-119.50115,46.25717222,0,1,6,12,2,70,14,0,0,1,2,1,1,1,2,2,1,2,2,53,0,35,401,1997,0,0,64,1,,,,,1,1,20,2,0,0,1,0,3,0,11,8,,,,,0,0,3,3,1,0,0,0,0,96,,,,,,9,,,,,,99301,53,65,150,6,1,0,1,1,0,0,0,,,,,,4,01/15/2016,01/15/2016,20,0,0,0,8,9,8,,,0,0,0,8,1,8,95,0,0,6,0,0,2,95,0.11,,,,,,,,,,,,,,,,,,,,,,,,,,,,,,0,0,1,0,1,1,0,1,0,0,0,0,1,0,0,0,0,0,0,0,0,1,1,0,1,0,0,0,0,1,0,0,0,0,0,,0,0,0,0,0,1,0,1,0,1,0,0,0,1,0,1,,,,,,18-20,16-25,Interstate,R,Sunday,Belt Used,PV,Not Fatal,0,0,0,0,State Route,State Patrol,Washington State Patrol Headquarter,0,1,0,0,0,,,,,,,,,,,,,,,,,,,,,,,,,,,,,,,,,,,,,,,,,,,
2017,450,E734038,2,10/30/2017,19:32,30,10,0,29,Island,0,1,0,2,1,2,1,0,1,1,,,,30,0,0,2.2,1,0,1,7,1,2,4,0,0,0,0,CR-163 S EBEY ROAD,,-122.6957083,48.20213889,0,1,6,10,2,35,5,0,0,1,2,30,3,2,2,1,14,1,1,53,0,12,37,2005,0,0,68,64,30,1,,,1,1,33,1,7,1,4,7,20,0,11,0,10/30/2017,19:32,47053047236,47236,0,0,0,3,1,0,0,0,0,96,,,,,,9,,,,,,98239,53,65,130,6,1,0,0,0,0,0,0,,,,,,4,,,1,0,0,0,0,9,8,,,0,0,0,8,1,2,1,0,0,1,0,0,2,1,0.16,,,,,,,,,,,,,,,,,,,,,,,,,,,,,,0,0,1,0,1,1,0,1,0,0,0,0,1,0,0,0,0,0,0,1,0,0,0,0,0,0,0,0,0,1,0,0,0,1,0,,1,0,0,0,0,1,0,1,0,1,0,0,0,1,0,1,,,,,,31-35,26-35,County road,R,Monday,Not Used,PV,White,0,1,0,0,County Road,State Patrol,Washington State Patrol Headquarter,1,0,1,0,0,,,,,,,,,,,,,,,,,,,,,,,,,,,,,,,,,,,,,,,,,,,
2017,468,E734043,278,11/11/2017,20:35,11,11,0,63,Spokane,2110,1,0,3,1,2,1,1,1,1,,,,8,1,0,0,3,0,3,5,2,4,6,0,0,0,0,E HOLLAND AVE,N COLTON ST,-117.406125,47.74394167,0,1,13,80,5,30,99,0,0,1,5,8,1,1,5,1,1,99,9,99,0,99,999,9999,0,0,8,,,,,,1,1,999,9,0,0,0,0,99,0,11,0,,,,,99,9,9,9,1,0,0,0,0,99,,,,,,99,,,,,,99999,99,,999,9,9,99,99,99,99,99,0,,,,,,0,,,99,0,0,0,8,9,8,,,0,0,0,9,9,0,0,0,0,0,0,0,0,0,996,,,,,,,,,,,,,,,,,,,,,,,,,,,,,,0,0,0,1,0,0,0,0,0,1,0,1,0,0,0,0,0,0,0,0,0,0,0,0,0,0,0,0,0,0,0,1,0,0,0,,0,0,0,0,0,0,0,0,0,0,0,0,0,0,0,0,,,,,,,,City street,U,Saturday,,NR-U,Not Fatal,1,0,0,0,City Street,Municipal/City Police,Spokane Police Department,0,0,0,1,0,,,,,,,,,,,,,,,,,,,,,,,,,,,,,,,,,,,,,,,,,,,
2017,488,E734122,7,11/05/2017,3:10,5,11,0,33,King,2005,2,0,2,2,1,1,1,1,2,,,,8,0,0,176.8,1,0,1,1,2,1,1,0,0,0,0,I-5,,-122.3239806,47.76307778,0,1,13,13,2,60,14,0,0,1,2,8,1,1,5,3,1,1,1,53,0,37,403,2003,0,0,63,8,14,,,,1,1,45,1,0,0,0,0,3,0,11,0,,,,,0,0,3,3,1,0,0,0,0,93,,,,,,99,,,,,,98109,53,69,175,6,1,0,1,0,0,1,97,,,,,,0,04/15/2013,07/15/2013,1,0,0,0,8,9,8,,,0,0,0,8,9,0,0,0,0,0,0,0,0,0,996,,,,,,,,,,,,,,,,,,,,,,,,,,,,,,0,0,0,0,0,0,0,0,0,0,0,0,0,0,0,0,1,0,0,0,0,0,0,0,0,0,0,0,0,1,0,1,0,0,0,,0,0,0,0,0,0,0,0,1,0,0,0,0,0,0,0,,,,,,41-45,36-45,Interstate,U,Sunday,Belt Used,PV,Not Fatal,0,0,0,0,State Route,State Patrol,Washington State Patrol Headquarter,0,1,0,0,0,,,,,,,,,,,,,,,,,,,,,,,,,,,,,,,,,,,,,,,,,,,
2017,465,E734615,8,11/05/2017,16:53,5,11,0,45,Mason,0,10,0,5,2,2,1,0,2,2,,,,12,0,2,0.6,1,0,1,3,2,1,3,0,0,0,0,SR-3,,-123.0992722,47.187775,0,2,51,62,4,40,4,0,0,1,2,12,3,2,2,1,14,1,1,53,0,22,16,2001,0,0,12,,,,,,1,1,57,2,7,1,4,7,3,0,11,0,11/05/2017,16:54,2.00E+11,47757,0,0,0,0,1,0,0,0,0,0,,,,,,0,,,,,,98367,53,63,140,0,0,0,0,0,0,0,0,,,,,,0,,,1,0,0,0,0,9,8,,,0,0,0,8,9,2,401,417,0,1,1,0,2,1,0,,,,,,,,,,,,,,,,,,,,,,,,,,,,,,0,0,0,0,1,1,1,1,0,0,0,0,0,1,0,0,0,0,0,0,0,0,0,0,0,0,0,0,0,1,0,0,0,0,0,,1,0,0,0,0,0,1,1,0,0,0,1,0,0,1,0,,,,,,56-60,56-65,State route,U,Sunday,Belt Used,PV,White,0,1,1,0,State Route,State Patrol,Washington State Patrol Headquarter,0,1,0,0,0,,,,,,,,,,,,,,,,,,,,,,,,,,,,,,,,,,,,,,,,,,,
2017,465,E734615,8,11/05/2017,16:53,5,11,0,45,Mason,0,10,0,5,2,2,1,0,2,2,,,,12,0,2,0.6,1,0,1,3,2,1,3,0,0,0,0,SR-3,,-123.0992722,47.187775,0,1,50,10,2,40,4,0,0,1,2,12,2,2,2,1,14,1,1,53,0,63,38,2017,0,0,63,12,,,,,1,1,55,1,0,0,3,0,3,0,11,5,,,,,0,0,0,3,1,28,0,0,0,96,,,,,,9,,,,,,98584,53,70,180,6,1,0,0,0,1,0,97,,,,,,0,03/15/2013,03/15/2013,8,0,0,0,8,9,8,,,0,0,0,8,1,2,1,0,0,1,0,0,2,1,0.38,,,,,,,,,,,,,,,,,,,,,,,,,,,,,,0,0,0,0,1,1,1,1,0,0,0,0,0,1,0,0,0,0,0,0,0,0,0,0,0,0,0,0,0,1,0,0,0,0,0,,0,0,0,0,0,1,0,1,0,0,0,0,0,1,0,1,,,,,,51-55,46-55,State route,U,Sunday,Belt Used,PV,Not Fatal,0,1,1,0,State Route,State Patrol,Washington State Patrol Headquarter,0,1,0,0,0,,,,,,,,,,,,,,,,,,,,,,,,,,,,,,,,,,,,,,,,,,,
2017,471,E735207,3,11/09/2017,18:12,9,11,0,53,Pierce,0,2,0,3,2,2,1,1,1,1,18:10,18:14,,8,0,0,52,1,0,1,3,2,1,3,0,0,0,0,SR-7,,-122.4342111,47.16280556,0,1,13,80,5,35,14,0,0,1,5,8,1,1,5,5,1,1,1,53,0,2,404,1999,0,0,8,,,,,,1,1,49,1,0,0,0,0,3,0,11,0,,,,,0,0,3,2,1,0,0,0,0,0,,,,,,0,,,,,,98405,53,69,245,3,1,0,2,5,2,1,99,,,,,,0,02/15/2014,04/15/2017,20,0,0,0,8,9,8,,,0,0,0,8,0,9,999,0,0,9,0,0,9,99,999,,,,,,,,,,,,,,,,,,,,,,,,,,,,,,0,0,0,0,0,0,0,0,0,1,0,1,0,1,0,0,0,0,0,0,0,0,0,0,0,0,0,0,0,1,0,1,0,0,0,,0,0,0,0,0,0,0,0,0,0,0,1,0,0,0,0,,,,,,46-50,46-55,State route,U,Thursday,Belt Used,PV,Not Fatal,0,0,0,0,State Route,State Patrol,Washington State Patrol Headquarter,0,1,0,0,0,,,,,,,,,,,,,,,,,,,,,,,,,,,,,,,,,,,,,,,,,,,
2017,474,E735479,297,11/15/2017,2:19,15,11,0,33,King,2310,2,0,3,2,2,1,0,2,1,,,,25,0,0,0,19,1,1,3,2,4,6,0,0,3,3,INTERURBAN AVE SOUTH,SOUTHCENTER BLVD,-122.24615,47.46441667,0,1,98,10,2,35,3,0,0,1,2,50,1,1,6,3,1,2,2,53,0,36,38,2013,0,0,64,25,50,,,,1,1,22,1,7,78,4,7,3,0,11,0,11/15/2017,2:19,2.31E+11,49914,0,0,0,3,1,0,0,0,0,96,,,,,,9,,,,,,98030,53,64,135,6,1,0,0,0,0,0,0,,,,,,3,,,8,0,0,1,0,9,8,,,0,0,0,8,1,2,1,0,0,1,0,0,2,1,0.24,,,,,,,,,,,,,,,,,,,,,,,,,,,,,,0,0,0,0,1,1,0,1,0,0,0,0,1,0,0,0,0,0,0,0,0,0,0,1,1,0,0,0,0,1,0,0,0,0,0,,1,0,0,0,0,1,0,1,0,1,0,0,0,1,0,1,,,,,,21-25,16-25,City street,U,Wednesday,Belt Used,PV,API,0,1,0,0,State Route,Municipal/City Police,Tukwila Police Department,1,1,0,0,0,,,,,,,,,,,,,,,,,,,,,,,,,,,,,,,,,,,,,,,,,,,
2017,479,E735918,7,11/13/2017,18:06,13,11,0,33,King,0,6,0,3,2,2,1,0,3,1,,,,7,0,0,0.1,1,0,1,7,2,2,4,0,0,0,0,CR-SE 179TH ST,,-122.1281667,47.44146111,0,1,0,98,7,25,14,0,0,1,2,7,1,1,2,1,1,3,1,53,0,59,401,2001,0,0,7,,,,,,1,1,34,2,7,2,4,7,3,0,11,0,11/13/2017,18:06,1.83E+11,50261,0,0,3,3,1,0,0,0,0,0,,,,,,99,,,,,,98058,53,67,140,6,1,0,0,0,1,0,0,,,,,,0,08/15/2016,08/15/2016,20,0,0,1,0,9,8,,,0,0,0,8,9,2,1,0,0,1,0,0,2,1,0,,,,,,,,,,,,,,,,,,,,,,,,,,,,,,0,0,0,0,0,0,0,0,0,0,0,0,0,0,0,0,0,0,0,0,0,0,0,0,0,0,0,0,0,1,0,0,0,0,0,,1,0,0,0,0,0,0,0,0,0,0,0,0,0,0,0,,,,,,31-35,26-35,County road,U,Monday,Belt Used,PV,Black,0,0,0,0,County Road,County Sheriff,King County Police,0,0,1,0,0,,,,,,,,,,,,,,,,,,,,,,,,,,,,,,,,,,,,,,,,,,,
2017,480,E735956,229,11/15/2017,19:05,15,11,0,21,Franklin,1660,2,0,3,2,5,1,0,1,1,,,,38,0,0,0,1,0,1,7,2,4,6,0,0,0,0,BOULDER DR,,-119.179875,46.27871389,0,1,7,12,2,25,34,0,0,1,2,19,1,1,2,1,1,1,1,53,0,7,482,2005,0,0,68,64,38,19,,,1,1,47,1,7,1,4,7,99,0,11,0,11/15/2017,19:05,1.66E+11,49520,0,0,0,3,1,0,0,0,0,0,,,,,,99,,,,,,99301,53,70,225,6,1,0,0,0,1,0,0,,,,,,0,07/15/2017,07/15/2017,1,0,0,0,0,9,8,,,0,0,0,8,9,2,1,0,0,1,0,0,2,1,0,,,,,,,,,,,,,,,,,,,,,,,,,,,,,,0,0,0,0,0,0,0,0,0,0,0,0,0,0,0,0,0,0,0,0,0,0,0,0,0,0,0,0,0,0,0,0,0,0,0,,0,0,0,0,0,0,0,0,0,0,0,0,0,0,0,0,,,,,,46-50,46-55,City street,U,Wednesday,Unknown,PV,White,0,1,0,0,City Street,Municipal/City Police,Pasco Police Department,1,0,0,1,0,,,,,,,,,,,,,,,,,,,,,,,,,,,,,,,,,,,,,,,,,,,
2017,481,E736595,11,11/05/2017,19:36,5,11,0,5,Benton,0,2,0,2,2,2,1,1,1,1,,,,8,0,0,0,1,0,1,4,2,2,4,0,0,0,0,CR-COLUMBIA PARK TRAIL,,-119.2865944,46.25012778,0,1,13,80,5,40,34,0,0,1,2,8,1,2,2,8,1,1,1,53,0,7,482,2005,0,0,8,,,,,,1,1,61,1,0,0,0,0,3,0,11,0,,,,,0,0,0,3,1,0,0,0,0,0,,,,,,0,,,,,,99352,53,72,250,6,1,0,0,0,0,0,0,,,,,,0,,,20,0,0,0,8,3,8,,,0,0,0,8,0,8,95,0,0,6,0,0,8,95,995,,,,,,,,,,,,,,,,,,,,,,,,,,,,,,0,0,0,0,0,0,0,0,0,0,0,0,0,0,0,0,0,0,0,0,0,0,0,0,0,0,0,0,0,0,0,1,0,0,0,,0,0,0,0,0,0,0,0,0,0,0,0,0,0,0,0,,,,,,61-65,56-65,County road,U,Sunday,Belt Used,PV,Not Fatal,0,0,0,0,County Road,County Sheriff,Benton County Sheriff's Office,0,0,1,0,0,,,,,,,,,,,,,,,,,,,,,,,,,,,,,,,,,,,,,,,,,,,
2017,476,E737847,2,11/12/2017,23:40,12,11,0,61,Snohomish,690,1,0,2,2,1,1,1,5,5,23:38,0:05,,12,0,1,194.6,1,0,1,1,2,1,1,0,0,0,0,I-5,,-122.1831556,47.98883333,0,1,24,51,3,60,66,1,0,1,2,12,1,2,3,3,15,1,3,95,0,82,881,2015,0,0,12,8,14,14,12,,1,1,68,1,0,0,0,0,3,0,11,0,,,,,99,9,9,9,1,0,0,0,0,93,,,,,,0,,,,,,0,95,,999,9,9,99,99,99,99,99,97,,,,,,0,,,20,0,0,0,8,9,2,,,0,0,0,0,0,0,0,0,0,0,0,0,0,0,996,,,,,,,,,,,,,,,,,,,,,,,,,,,,,,0,0,0,0,1,1,1,1,1,0,0,0,0,0,0,0,1,0,0,1,0,0,0,0,0,1,0,0,0,1,1,1,0,0,0,,0,0,0,0,0,0,0,0,1,0,0,0,0,0,0,0,,,,,,66-70,66-75,Interstate,U,Sunday,,MHTRUCK,Not Fatal,0,0,0,0,State Route,State Patrol,Washington State Patrol Headquarter,0,1,0,0,0,,,,,,,,,,,,,,,,,,,,,,,,,,,,,,,,,,,,,,,,,,,
2017,476,E737847,2,11/12/2017,23:40,12,11,0,61,Snohomish,690,1,0,2,2,1,1,1,5,5,23:38,0:05,,12,0,1,194.6,1,0,1,1,2,1,1,0,0,0,0,I-5,,-122.1831556,47.98883333,0,5,98,53,3,60,9,0,0,1,2,12,1,2,3,3,1,3,9,99,0,49,40,1998,0,0,12,,,,,,1,1,58,2,0,0,2,0,3,0,11,4,,,,,0,0,3,3,1,0,0,0,0,0,,,,,,0,,,,,,98133,53,62,150,6,1,0,0,0,0,0,0,,,,,,0,,,20,0,0,0,8,9,8,,,0,0,0,8,0,0,0,0,0,0,0,0,0,0,996,,,,,,,,,,,,,,,,,,,,,,,,,,,,,,0,0,0,0,1,1,1,1,1,0,0,0,0,0,0,0,1,0,0,1,0,0,0,0,0,1,0,0,0,1,1,1,0,0,0,,0,0,0,0,0,0,0,0,0,0,0,0,0,0,0,0,,,,,,56-60,56-65,Interstate,U,Sunday,Belt Used,PV,Not Fatal,0,0,0,0,State Route,State Patrol,Washington State Patrol Headquarter,0,1,0,0,0,,,,,,,,,,,,,,,,,,,,,,,,,,,,,,,,,,,,,,,,,,,
2017,476,E737847,2,11/12/2017,23:40,12,11,0,61,Snohomish,690,1,0,2,2,1,1,1,5,5,23:38,0:05,,12,0,1,194.6,1,0,1,1,2,1,1,0,0,0,0,I-5,,-122.1831556,47.98883333,0,2,25,53,3,60,4,0,0,1,2,12,1,2,3,3,1,1,1,53,0,58,37,2007,0,0,12,,,,,,1,1,57,2,7,1,4,7,20,0,11,0,11/12/2017,23:40,69053049497,49497,0,0,0,3,1,0,0,0,0,96,,,,,,9,,,,,,98203,53,66,120,6,1,0,0,0,0,0,0,,,,,,0,,,1,1,9,0,0,1,8,,,0,0,0,8,1,2,605,0,0,1,0,0,2,1,0.14,,,,,,,,,,,,,,,,,,,,,,,,,,,,,,0,0,0,0,1,1,1,1,1,0,0,0,0,0,0,0,1,0,0,1,0,0,0,0,0,1,0,0,0,1,1,1,0,1,0,,1,0,0,0,0,1,1,1,0,0,0,0,0,0,0,1,,,,,,56-60,56-65,Interstate,U,Sunday,Not Used,PV,White,0,0,0,0,State Route,State Patrol,Washington State Patrol Headquarter,0,1,0,0,0,thc,33,carboxy-thc,96,,,,,,,,,,,,,,,,,,,,,,,,,,,,,,,,,,,,,,,
2017,478,E738191,22,11/21/2017,21:45,21,11,0,27,Grays Harbor,0,2,0,2,2,2,1,0,1,1,,,,30,0,0,7.7,1,0,1,5,1,2,4,0,0,0,0,CR-OCEAN BEACH RD,,-124.0440167,47.07201667,0,1,7,9,1,50,4,0,0,1,2,30,1,1,2,1,1,1,2,53,0,48,38,2002,0,0,68,64,30,,,,1,1,29,2,7,4,4,7,3,0,11,0,11/21/2017,21:45,53050944,50944,0,0,0,3,1,0,0,0,0,96,,,,,,99,,,,,,98520,53,59,145,6,1,0,0,0,0,0,0,,,,,,0,,,20,0,0,0,0,9,8,,,0,0,0,8,9,2,167,605,0,1,1,0,2,1,0,,,,,,,,,,,,,,,,,,,,,,,,,,,,,,0,0,0,0,0,0,1,1,1,0,0,0,0,0,0,0,0,0,0,0,0,0,0,0,0,0,0,0,0,1,0,0,0,0,0,,1,0,0,0,0,0,1,1,0,0,0,0,0,0,1,0,,,,,,26-30,26-35,County road,R,Tuesday,Belt Used,PV,API,0,1,0,0,County Road,County Sheriff,Grays Harbor County Sheriff's Offic,1,0,1,0,0,thc,16,carboxy-thc,120,,,,,,,,,,,,,,,,,,,,,,,,,,,,,,,,,,,,,,,
2017,469,E738290,2,11/05/2017,14:45,5,11,0,61,Snohomish,0,10,0,1,2,2,1,0,7,3,14:43,15:11,15:42,12,0,1,22.2,8,0,1,4,1,1,3,0,0,0,0,SR-203,,-121.9702806,47.82906389,0,3,98,62,4,55,5,0,0,1,2,12,1,1,2,1,1,4,2,53,0,37,39,2008,0,0,12,,,,,,1,1,19,1,0,0,3,0,3,0,11,4,,,,,0,0,0,3,1,0,0,0,0,0,,,,,,0,,,,,,98027,53,70,185,6,1,0,0,0,1,0,0,,,,,,0,12/15/2016,12/15/2016,8,0,0,0,8,9,8,,,0,0,0,8,0,0,0,0,0,0,0,0,0,0,996,,,,,,,,,,,,,,,,,,,,,,,,,,,,,,0,0,0,0,0,0,0,0,0,0,0,0,1,0,0,0,1,0,0,0,0,1,1,0,1,1,1,1,0,1,1,0,0,0,0,,0,0,0,0,0,0,0,0,0,0,0,0,0,0,0,0,,,,,,18-20,16-25,State route,R,Sunday,Belt Used,PV,Not Fatal,0,0,0,0,State Route,State Patrol,Washington State Patrol Headquarter,0,1,0,0,0,,,,,,,,,,,,,,,,,,,,,,,,,,,,,,,,,,,,,,,,,,,
2017,469,E738290,2,11/05/2017,14:45,5,11,0,61,Snohomish,0,10,0,1,2,2,1,0,7,3,14:43,15:11,15:42,12,0,1,22.2,8,0,1,4,1,1,3,0,0,0,0,SR-203,,-121.9702806,47.82906389,0,1,20,50,3,55,61,0,0,1,2,12,1,1,2,1,1,1,3,53,0,7,881,2001,0,0,12,,,,,,1,1,48,1,0,0,0,0,3,0,11,0,,,,,6,9,0,3,1,0,0,0,0,12,,,,,,0,,,,,,98248,53,71,235,6,1,1,0,0,0,1,97,,,,,,4,04/15/2013,07/15/2013,20,0,0,0,8,9,8,,,0,0,0,8,0,2,1,0,0,1,0,0,2,1,0,,,,,,,,,,,,,,,,,,,,,,,,,,,,,,0,0,0,0,0,0,0,0,0,0,0,0,1,0,0,0,1,0,0,0,0,1,1,0,1,1,1,1,0,1,1,0,0,0,0,,0,0,0,0,0,0,0,0,1,1,0,0,0,0,0,0,,,,,,46-50,46-55,State route,R,Sunday,,MHTRUCK,Not Fatal,0,0,0,0,State Route,State Patrol,Washington State Patrol Headquarter,0,1,0,0,0,,,,,,,,,,,,,,,,,,,,,,,,,,,,,,,,,,,,,,,,,,,
2017,469,E738290,2,11/05/2017,14:45,5,11,0,61,Snohomish,0,10,0,1,2,2,1,0,7,3,14:43,15:11,15:42,12,0,1,22.2,8,0,1,4,1,1,3,0,0,0,0,SR-203,,-121.9702806,47.82906389,0,2,21,53,3,55,14,0,0,1,2,12,1,1,2,1,5,2,1,53,0,49,499,1981,0,0,12,68,12,,,,1,1,79,1,7,1,4,0,3,0,11,4,11/05/2017,15:36,53048118,48118,6,0,3,3,1,0,0,0,0,0,,,,,,0,,,,,,98272,53,70,190,6,1,0,1,0,0,0,0,,,,,,0,12/15/2012,12/15/2012,20,0,0,0,0,9,8,,,0,0,0,8,0,2,1,0,0,1,0,0,2,1,0,,,,,,,,,,,,,,,,,,,,,,,,,,,,,,0,0,0,0,0,0,0,0,0,0,0,0,1,0,0,0,1,0,0,0,0,1,1,0,1,1,1,1,0,1,1,0,0,0,0,,1,0,0,0,0,0,0,0,0,0,0,0,0,0,0,0,,,,,,76-80,76+,State route,R,Sunday,Belt Used,PV,White,0,0,0,0,State Route,State Patrol,Washington State Patrol Headquarter,0,1,0,0,0,,,,,,,,,,,,,,,,,,,,,,,,,,,,,,,,,,,,,,,,,,,
2017,477,E738307,6,11/14/2017,12:57,14,11,0,37,Kittitas,0,10,0,1,1,2,1,0,2,2,12:59,13:07,,24,0,0,105.9,1,0,1,1,2,1,1,0,0,0,0,I-90,,-120.5699528,46.98904722,0,2,98,62,4,60,66,1,0,1,5,12,1,1,2,3,1,1,2,6,0,82,881,2012,0,0,12,,,,,,1,1,47,1,0,0,0,0,3,0,11,0,,,,,6,3,0,3,1,0,0,0,0,0,,,,,,0,,,,,,95948,6,74,200,6,1,0,0,1,3,0,0,,,,,,0,09/15/2014,09/15/2017,20,0,0,0,8,9,8,,,0,0,0,8,0,0,0,0,0,0,0,0,0,0,996,,,,,,,,,,,,,,,,,,,,,,,,,,,,,,0,0,0,0,0,0,1,1,0,0,0,0,0,0,0,0,0,0,0,0,0,0,0,0,0,0,0,0,0,1,1,0,0,0,0,,0,0,0,0,0,0,0,0,0,0,0,0,0,0,0,0,,,,,,46-50,46-55,Interstate,U,Tuesday,,MHTRUCK,Not Fatal,0,1,0,0,State Route,State Patrol,Washington State Patrol Headquarter,1,1,0,0,0,,,,,,,,,,,,,,,,,,,,,,,,,,,,,,,,,,,,,,,,,,,
2017,477,E738307,6,11/14/2017,12:57,14,11,0,37,Kittitas,0,10,0,1,1,2,1,0,2,2,12:59,13:07,,24,0,0,105.9,1,0,1,1,2,1,1,0,0,0,0,I-90,,-120.5699528,46.98904722,0,1,7,12,2,70,14,0,0,1,2,1,1,1,2,3,1,1,1,53,0,42,403,2014,0,0,64,24,67,35,1,12,1,1,54,2,7,1,4,7,3,0,11,0,11/14/2017,13:30,62053049466,49466,0,0,0,3,1,0,0,0,0,96,,,,,,9,,,,,,98902,53,65,125,6,1,0,0,0,1,0,0,,,,,,0,12/15/2016,12/15/2016,8,0,0,0,0,1,1,,,0,0,0,1,0,2,996,996,0,1,1,0,2,1,0,,,,,,,,,,,,,,,,,,,,,,,,,,,,,,0,0,0,0,0,0,1,1,0,0,0,0,0,0,0,0,0,0,0,0,0,0,0,0,0,0,0,0,0,1,1,0,0,0,0,,1,0,0,0,0,0,1,1,0,0,0,0,0,0,1,0,,,,,,51-55,46-55,Interstate,U,Tuesday,Belt Used,PV,White,0,1,0,0,State Route,State Patrol,Washington State Patrol Headquarter,1,1,0,0,0,,,,,,,,,,,,,,,,,,,,,,,,,,,,,,,,,,,,,,,,,,,
2017,494,E738643,159,11/14/2017,19:17,14,11,0,5,Benton,1020,10,0,3,1,2,1,1,2,2,,,,8,0,0,0,1,0,1,3,2,4,6,0,0,0,0,COLUMBIA DR,,-119.131675,46.21685556,0,1,13,80,5,35,66,1,0,1,5,8,1,1,8,5,1,1,3,6,0,84,881,2006,0,0,8,,,,,,1,1,59,1,0,0,0,0,3,0,11,0,,,,,6,1,3,3,1,0,0,0,0,0,,,,,,0,,,,,,99301,53,68,180,6,1,0,1,0,0,0,0,,,,,,0,08/15/2014,08/15/2014,20,0,0,0,8,9,2,,,0,0,0,0,0,0,0,0,0,0,0,0,0,0,996,,,,,,,,,,,,,,,,,,,,,,,,,,,,,,0,0,0,0,0,0,0,0,0,0,0,0,0,0,0,0,0,1,0,0,0,0,0,0,0,0,0,0,0,1,1,1,0,0,0,,0,0,0,0,0,0,0,0,0,0,0,0,0,0,0,0,,,,,,56-60,56-65,City street,U,Tuesday,,MHTRUCK,Not Fatal,0,0,0,0,City Street,Municipal/City Police,Kennewick Police Department,0,0,0,1,0,,,,,,,,,,,,,,,,,,,,,,,,,,,,,,,,,,,,,,,,,,,