year,case,par,repjur,crash_dt,crash_tm,accday,accmon,holiday,county,co_char,city,weather,weather2,lightcond,surfcond,surftype,numfatal,nmforms,pforms,vforms,not_tm,arr_tm,hosp_tm,fhevent,hitrun,manncol,milepnt,reljunc,reljuncinter,intersectiontype,funcsystem,landuse,ownership,route,schlbus,spejur,contdev,devfunc,trafid1,trafid2,x,y,wk_zone,vnumber,crashtype,criticalevent,criticaleventcat,spdlim,body,trailer,emerg,hazcargo,leave,mhevent,roadalgn,roadprof,traflane,trafflow,vehmanvr,numoccs,regowner,regstate,spuse,make,model,modelyr,vrf1,vrf2,seqevent1,seqevent2,seqevent3,seqevent4,seqevent5,seqevent6,pnumber,ptype,age,sex,hispanic,race,injury,diedscene,restraint,restraintmisuse,seatpos,takehosp,death_dt,death_tm,cert,cernum_wa,commlic,licendor,licrestrict,liccomp,drivpres,drf1,drf2,drf3,drf4,distract1,distract2,distract3,distract4,distract5,distract6,dricond1,dricond2,dricond3,dricond4,dricond5,dricond6,dzip,licstate,drhgt_in,weight,noncdl,noncdltype,prevdwi,prevoth,prevacc,prevspd,prevsus,driviol1,driviol2,driviol3,driviol4,driviol5,driviol6,spdrel,first_dt,last_dt,airbag,ejection,ejectpath,extricat,injurwrk,methalc,methdrug,nmlocat,strikveh,prf1,prf2,prf3,druginv,alcinvol,drugsts,drugres1,drugres2,drugres3,drugtst1,drugtst2,drugtst3,alcsts,alctst,alcres,nmact1,nmact2,nmact3,nmact4,nmact5,nmact6,nmprior1,nmprior2,nmprior3,nmprior4,nmprior5,nmprior6,nmcond1,nmcond2,nmcond3,nmcond4,nmcond5,nmcond6,nmsafe_helmet,nmsafe_pads,nmsafe_oth,nmprev_ref,nmprev_lgt,nmprev_oth,crashlocation,nmcrashtype,crosswalk,schoolzone,sidewalk,train_inv,wildlife_inv,rotr_fars,intersect_fars,dd_inv,aid_inv,dpd_inv,id_inv,mj_inv,impnm_inv,ainm_inv,dpnm_inv,speed_inv,unlic_inv,unendmc_inv,drowsy_inv,drdist_inv,nmdist_inv,fty_inv,unrestfat_inv,dr1617_inv,dr1820_inv,dr1620_inv,dr2125_inv,dr1625_inv,dr65_inv,dr70_inv,dr75_inv,mc_inv,pv_inv,ht_inv,ped_inv,bike_inv,unrest_fat,mc_fat,unhelmet_mc,pv_fat,ht_fat,ped_fat,bike_fat,dr_alc7,dr_alc8,dr_drug,dr_imp,dr_dist,dr_spd,dr_fty,dr_unlic,dr_alc7only,dr_alc8only,dr_drugonly,dr_drink,nm_imp,nm_alc7,nm_alc8,nm_drug,nm_dist,agegrp1,agegrp2,roadclass,urbrur,dayweek,restuse,vehtype,race_me,intersect,lanedep,oppdir,wrongway,rep_typ,investag,repag_long,rotr,st_rd,cty_rd,city_rd,oth_rd,drug_thc,thc_res,drug_cthc,cthc_res,drug_cann,prevpersemin,prevperse,prevsusoth,drugtst4,drugtst5,drugtst6,drugtst7,drugtst8,drugres4,drugres5,drugres6,drugres7,drugres8,adspresent,adsengaged,adslevel,race1,race2,race3,race4,race5,helmet,helmetmisuse,nmdistract1,nmdistract2,nmdistract3,nmdistract4,nmdistract5,nmdistract6,lab,isedtcase,crf1,crf2,crf3,CoRoadName,CoMP,IntCoRoadName,IntCoMP
2017,494,E738643,159,11/14/2017,19:17,14,11,0,5,Benton,1020,10,0,3,1,2,1,1,2,2,,,,8,0,0,0,1,0,1,3,2,4,6,0,0,0,0,COLUMBIA DR,,-119.131675,46.21685556,0,2,98,80,5,35,14,0,0,1,5,8,1,1,8,5,1,1,1,53,0,55,401,2017,0,0,8,,,,,,1,1,26,2,0,0,0,0,3,0,11,0,,,,,0,0,3,3,1,0,0,0,0,0,,,,,,0,,,,,,99301,53,66,124,6,1,0,3,0,4,2,0,,,,,,0,06/15/2013,08/15/2016,20,0,0,0,8,9,8,,,0,0,0,8,0,0,0,0,0,0,0,0,0,0,996,,,,,,,,,,,,,,,,,,,,,,,,,,,,,,0,0,0,0,0,0,0,0,0,0,0,0,0,0,0,0,0,1,0,0,0,0,0,0,0,0,0,0,0,1,1,1,0,0,0,,0,0,0,0,0,0,0,0,0,0,0,0,0,0,0,0,,,,,,26-30,26-35,City street,U,Tuesday,Belt Used,PV,Not Fatal,0,0,0,0,City Street,Municipal/City Police,Kennewick Police Department,0,0,0,1,0,,,,,,,,,,,,,,,,,,,,,,,,,,,,,,,,,,,,,,,,,,,
2017,492,E739087,55,11/23/2017,23:17,23,11,8,33,King,100,2,0,2,2,2,1,0,5,2,23:37,23:50,0:37,12,0,2,0,1,0,1,5,2,4,6,0,0,0,0,112TH AVE SE,,-122.1922889,47.34348056,0,1,50,10,2,35,4,0,0,1,2,12,1,2,2,1,1,3,2,53,0,55,33,2002,0,0,68,12,,,,,1,1,18,2,0,0,2,0,20,0,11,4,,,,,0,0,0,3,1,28,0,0,0,96,,,,,,0,,,,,,98030,53,66,190,6,1,0,0,0,0,0,69,,,,,,0,,,8,0,0,0,8,9,8,,,0,0,0,8,0,0,0,0,0,0,0,0,0,0,996,,,,,,,,,,,,,,,,,,,,,,,,,,,,,,0,0,0,0,0,0,0,0,0,0,0,0,0,0,0,0,0,0,0,0,0,1,1,0,1,0,0,0,0,1,0,0,0,0,0,,0,0,0,0,0,0,0,0,0,0,0,0,0,0,0,0,,,,,,18-20,16-25,City street,U,Thursday,Not Used,PV,Not Fatal,0,1,1,0,City Street,Municipal/City Police,Auburn Police Department,0,0,0,1,0,,,,,,,,,,,,,,,,,,,,,,,,,,,,,,,,,,,,,,,,,,,
2017,492,E739087,55,11/23/2017,23:17,23,11,8,33,King,100,2,0,2,2,2,1,0,5,2,23:37,23:50,0:37,12,0,2,0,1,0,1,5,2,4,6,0,0,0,0,112TH AVE SE,,-122.1922889,47.34348056,0,2,51,62,4,35,4,0,0,1,2,12,1,2,2,1,1,2,2,53,0,6,43,2010,0,0,12,,,,,,1,1,18,2,0,0,2,0,3,0,11,4,,,,,0,0,0,3,1,0,0,0,0,0,,,,,,0,,,,,,98030,53,66,245,6,1,0,0,0,0,0,0,,,,,,0,,,1,0,0,0,8,9,8,,,0,0,0,8,0,0,0,0,0,0,0,0,0,0,996,,,,,,,,,,,,,,,,,,,,,,,,,,,,,,0,0,0,0,0,0,0,0,0,0,0,0,0,0,0,0,0,0,0,0,0,1,1,0,1,0,0,0,0,1,0,0,0,0,0,,0,0,0,0,0,0,0,0,0,0,0,0,0,0,0,0,,,,,,18-20,16-25,City street,U,Thursday,Belt Used,PV,Not Fatal,0,1,1,0,City Street,Municipal/City Police,Auburn Police Department,0,0,0,1,0,,,,,,,,,,,,,,,,,,,,,,,,,,,,,,,,,,,,,,,,,,,
2017,486,E739914,53,11/15/2017,17:45,15,11,0,61,Snohomish,80,2,0,3,2,2,1,0,3,5,,,,12,0,1,0,3,0,2,4,2,4,6,0,0,0,0,SMOKEY POINT BLVD,188TH ST NE,-122.1856306,48.16699722,0,2,21,53,3,40,14,0,0,1,2,12,1,1,2,1,5,1,1,53,0,49,401,2017,0,0,12,,,,,,1,1,23,2,0,0,1,0,3,0,11,8,,,,,0,0,3,3,1,0,0,0,0,0,,,,,,0,,,,,,98223,53,70,180,6,1,0,0,0,0,0,0,,,,,,0,,,20,0,0,0,8,9,8,,,0,0,0,8,0,0,0,0,0,0,0,0,0,0,996,,,,,,,,,,,,,,,,,,,,,,,,,,,,,,0,0,0,1,1,1,0,1,0,0,0,0,0,0,0,0,1,0,0,0,0,0,0,1,1,0,0,0,0,1,0,0,0,0,0,,0,0,0,0,0,0,0,0,0,0,0,0,0,0,0,0,,,,,,21-25,16-25,City street,U,Wednesday,Belt Used,PV,Not Fatal,1,0,0,0,City Street,Municipal/City Police,Arlington Police Department,0,0,0,1,0,,,,,,,,,,,,,,,,,,,,,,,,,,,,,,,,,,,,,,,,,,,
2017,486,E739914,53,11/15/2017,17:45,15,11,0,61,Snohomish,80,2,0,3,2,2,1,0,3,5,,,,12,0,1,0,3,0,2,4,2,4,6,0,0,0,0,SMOKEY POINT BLVD,188TH ST NE,-122.1856306,48.16699722,0,3,98,62,4,40,34,0,0,1,2,12,1,1,2,1,1,1,1,53,0,7,482,1998,0,0,12,68,67,14,,,1,1,50,2,0,0,1,0,3,0,11,8,,,,,0,0,3,3,1,0,0,0,0,0,,,,,,0,,,,,,98223,53,65,165,6,1,0,0,0,0,0,0,,,,,,0,,,8,0,0,0,8,9,8,,,0,0,0,8,0,0,0,0,0,0,0,0,0,0,996,,,,,,,,,,,,,,,,,,,,,,,,,,,,,,0,0,0,1,1,1,0,1,0,0,0,0,0,0,0,0,1,0,0,0,0,0,0,1,1,0,0,0,0,1,0,0,0,0,0,,0,0,0,0,0,0,0,0,0,0,0,0,0,0,0,0,,,,,,46-50,46-55,City street,U,Wednesday,Belt Used,PV,Not Fatal,1,0,0,0,City Street,Municipal/City Police,Arlington Police Department,0,0,0,1,0,,,,,,,,,,,,,,,,,,,,,,,,,,,,,,,,,,,,,,,,,,,
2017,486,E739914,53,11/15/2017,17:45,15,11,0,61,Snohomish,80,2,0,3,2,2,1,0,3,5,,,,12,0,1,0,3,0,2,4,2,4,6,0,0,0,0,SMOKEY POINT BLVD,188TH ST NE,-122.1856306,48.16699722,0,1,20,50,3,40,14,0,0,1,2,12,1,1,2,1,1,1,2,53,0,37,402,2013,0,0,12,68,12,63,14,,1,1,62,2,7,1,4,0,3,0,11,8,11/15/2017,20:37,8053049578,49578,0,0,0,3,1,0,0,0,0,93,,,,,,9,,,,,,98271,53,71,190,6,1,0,0,1,0,0,0,,,,,,0,02/15/2015,02/15/2015,8,0,0,0,0,9,8,,,0,0,0,8,1,2,1,0,0,1,0,0,2,1,0.24,,,,,,,,,,,,,,,,,,,,,,,,,,,,,,0,0,0,1,1,1,0,1,0,0,0,0,0,0,0,0,1,0,0,0,0,0,0,1,1,0,0,0,0,1,0,0,0,0,0,,1,0,0,0,0,1,0,1,1,0,0,0,0,1,0,1,,,,,,61-65,56-65,City street,U,Wednesday,Belt Used,PV,White,1,0,0,0,City Street,Municipal/City Police,Arlington Police Department,0,0,0,1,0,,,,,,,,,,,,,,,,,,,,,,,,,,,,,,,,,,,,,,,,,,,
2017,484,E740061,5,11/21/2017,16:16,21,11,0,15,Cowlitz,0,2,0,1,2,2,1,0,5,3,16:39,16:39,,12,0,6,2.3,1,0,1,4,1,1,3,0,0,0,0,SR-504,,-122.8675528,46.30405,0,2,66,62,4,55,16,0,0,1,2,12,2,1,2,1,14,2,1,53,0,20,431,1990,0,0,12,12,,,,,1,1,53,2,0,0,1,0,3,0,11,6,,,,,0,0,0,3,1,0,0,0,0,0,,,,,,0,,,,,,98632,53,66,200,6,1,0,0,0,0,0,0,,,,,,0,,,20,0,0,0,8,9,8,,,0,0,0,8,0,0,0,0,0,0,0,0,0,0,996,,,,,,,,,,,,,,,,,,,,,,,,,,,,,,0,0,0,0,0,0,1,1,1,0,0,0,1,0,0,0,0,0,0,0,0,0,0,1,1,1,0,0,0,1,0,0,0,0,0,,0,0,0,0,0,0,0,0,0,0,0,0,0,0,0,0,,,,,,51-55,46-55,State route,R,Tuesday,Belt Used,PV,Not Fatal,0,1,1,0,State Route,State Patrol,Washington State Patrol Headquarter,0,1,0,0,0,,,,,,,,,,,,,,,,,,,,,,,,,,,,,,,,,,,,,,,,,,,
2017,484,E740061,5,11/21/2017,16:16,21,11,0,15,Cowlitz,0,2,0,1,2,2,1,0,5,3,16:39,16:39,,12,0,6,2.3,1,0,1,4,1,1,3,0,0,0,0,SR-504,,-122.8675528,46.30405,0,1,66,6,1,55,4,0,0,1,2,12,3,1,2,1,14,1,2,53,0,12,16,1996,0,0,68,12,,,,,1,1,24,1,7,1,4,7,99,0,11,0,11/21/2017,16:16,28053050840,50840,0,0,3,3,1,28,0,0,0,96,,,,,,9,,,,,,98645,53,69,135,6,1,0,0,0,0,0,0,,,,,,4,,,8,0,0,0,0,9,1,,,0,0,0,1,9,2,605,0,0,1,0,0,2,1,0,,,,,,,,,,,,,,,,,,,,,,,,,,,,,,0,0,0,0,0,0,1,1,1,0,0,0,1,0,0,0,0,0,0,0,0,0,0,1,1,1,0,0,0,1,0,0,0,0,0,,1,0,0,0,0,0,1,1,0,1,0,0,0,0,1,0,,,,,,21-25,16-25,State route,R,Tuesday,Unknown,PV,White,0,1,1,0,State Route,State Patrol,Washington State Patrol Headquarter,0,1,0,0,0,thc,9,carboxy-thc,47,,,,,,,,,,,,,,,,,,,,,,,,,,,,,,,,,,,,,,,
2017,484,E740061,5,11/21/2017,16:16,21,11,0,15,Cowlitz,0,2,0,1,2,2,1,0,5,3,16:39,16:39,,12,0,6,2.3,1,0,1,4,1,1,3,0,0,0,0,SR-504,,-122.8675528,46.30405,0,3,98,98,7,55,34,0,0,1,2,12,2,1,2,1,14,2,1,53,0,7,482,2016,0,0,12,,,,,,1,1,66,1,0,0,0,0,3,0,11,0,,,,,0,0,3,3,1,0,0,0,0,0,,,,,,0,,,,,,98649,53,74,250,6,1,0,0,0,1,0,0,,,,,,0,08/15/2016,08/15/2016,20,0,0,0,8,9,8,,,0,0,0,8,0,0,0,0,0,0,0,0,0,0,996,,,,,,,,,,,,,,,,,,,,,,,,,,,,,,0,0,0,0,0,0,1,1,1,0,0,0,1,0,0,0,0,0,0,0,0,0,0,1,1,1,0,0,0,1,0,0,0,0,0,,0,0,0,0,0,0,0,0,0,0,0,0,0,0,0,0,,,,,,66-70,66-75,State route,R,Tuesday,Belt Used,PV,Not Fatal,0,1,1,0,State Route,State Patrol,Washington State Patrol Headquarter,0,1,0,0,0,,,,,,,,,,,,,,,,,,,,,,,,,,,,,,,,,,,,,,,,,,,
2017,487,E740343,25,11/22/2017,17:22,22,11,0,33,King,1495,10,0,3,8,2,1,1,1,1,,,,8,0,0,23.1,1,0,1,3,2,1,3,0,0,0,0,SR-509,,-122.3342556,47.44287222,0,1,13,80,5,35,2,0,0,1,5,8,1,1,5,5,1,1,1,53,0,34,34,1985,0,0,8,,,,,,1,1,21,2,0,0,0,0,3,0,11,0,,,,,0,0,0,3,1,0,0,0,0,96,,,,,,9,,,,,,98198,53,65,150,6,1,0,0,1,0,0,97,,,,,,0,07/15/2016,07/15/2016,20,0,0,0,8,9,8,,,0,0,0,8,1,2,605,0,0,1,0,0,2,1,0.027,,,,,,,,,,,,,,,,,,,,,,,,,,,,,,0,0,0,0,1,0,1,1,1,0,0,0,0,0,0,0,0,0,0,0,0,0,0,1,1,0,0,0,0,1,0,1,0,0,0,,0,0,0,0,1,0,1,1,0,0,0,0,0,0,0,1,,,,,,21-25,16-25,State route,U,Wednesday,Belt Used,PV,Not Fatal,1,0,0,0,State Route,County Sheriff,King County Police,0,1,0,0,0,thc,1.3,carboxy-thc,8.5,,,,,,,,,,,,,,,,,,,,,,,,,,,,,,,,,,,,,,,
2017,482,E740769,2,11/22/2017,18:59,22,11,8,57,Skagit,230,10,0,2,1,2,1,1,1,1,,,,8,1,0,0.2,20,1,1,1,2,1,1,0,0,0,0,I-5 RAMP Q122935,,-122.3355611,48.45479444,0,1,13,80,5,98,34,0,0,1,5,8,2,1,1,6,14,1,9,53,0,7,482,2014,0,0,8,,,,,,1,1,23,1,0,0,0,0,99,0,11,0,,,,,0,0,0,2,1,0,0,0,0,93,,,,,,99,,,,,,98284,53,71,130,1,1,1,0,1,0,2,97,,,,,,0,08/15/2016,12/15/2016,99,0,0,0,8,9,8,,,0,0,0,8,9,0,0,0,0,0,0,0,0,0,996,,,,,,,,,,,,,,,,,,,,,,,,,,,,,,0,0,0,0,0,0,0,0,0,0,0,0,0,1,0,0,1,0,0,0,0,0,0,1,1,0,0,0,0,0,0,1,0,0,0,,0,0,0,0,0,0,0,0,1,0,0,1,0,0,0,0,,,,,,21-25,16-25,Interstate,U,Wednesday,Unknown,PV,Not Fatal,0,0,0,0,State Route,State Patrol,Washington State Patrol Headquarter,0,1,0,0,0,,,,,,,,,,,,,,,,,,,,,,,,,,,,,,,,,,,,,,,,,,,
2017,491,E741248,14,11/22/2017,18:10,22,11,8,11,Clark,0,10,0,3,2,2,1,0,5,2,18:13,18:37,18:46,12,0,6,0,2,0,2,5,2,2,4,0,0,3,3,CR-152ND AVE,NE 119TH ST,-122.5163778,45.70829722,0,1,68,15,2,50,4,0,0,1,5,12,1,1,2,1,11,1,2,53,0,59,31,1999,0,0,12,,,,,,1,1,17,2,0,0,0,0,3,0,11,0,,,,,0,0,3,3,1,38,0,0,0,96,,,,,,0,,,,,,98607,53,65,158,6,2,0,0,0,0,0,97,,,,,,0,,,1,0,0,0,8,9,8,,,0,0,0,8,0,0,0,0,0,0,0,0,0,0,996,,,,,,,,,,,,,,,,,,,,,,,,,,,,,,0,0,0,1,0,0,0,0,0,0,0,0,0,0,0,0,0,0,1,0,1,0,1,0,1,0,0,0,0,1,0,0,0,0,0,,0,0,0,0,0,0,0,0,0,0,1,0,0,0,0,0,,,,,,16-17,16-25,County road,U,Wednesday,Belt Used,PV,Not Fatal,1,0,0,0,County Road,County Sheriff,Clark County Sheriff's Office,0,0,1,0,0,,,,,,,,,,,,,,,,,,,,,,,,,,,,,,,,,,,,,,,,,,,
2017,491,E741248,14,11/22/2017,18:10,22,11,8,11,Clark,0,10,0,3,2,2,1,0,5,2,18:13,18:37,18:46,12,0,6,0,2,0,2,5,2,2,4,0,0,3,3,CR-152ND AVE,NE 119TH ST,-122.5163778,45.70829722,0,2,69,62,4,50,4,0,0,1,2,12,1,1,2,1,1,4,1,53,0,55,33,2002,0,0,12,,,,,,1,1,49,2,0,0,1,0,3,0,11,8,,,,,0,0,0,3,1,0,0,0,0,0,,,,,,0,,,,,,98685,53,63,149,6,1,0,0,0,0,0,0,,,,,,0,,,1,0,0,0,8,9,8,,,0,0,0,8,0,0,0,0,0,0,0,0,0,0,996,,,,,,,,,,,,,,,,,,,,,,,,,,,,,,0,0,0,1,0,0,0,0,0,0,0,0,0,0,0,0,0,0,1,0,1,0,1,0,1,0,0,0,0,1,0,0,0,0,0,,0,0,0,0,0,0,0,0,0,0,0,0,0,0,0,0,,,,,,46-50,46-55,County road,U,Wednesday,Belt Used,PV,Not Fatal,1,0,0,0,County Road,County Sheriff,Clark County Sheriff's Office,0,0,1,0,0,,,,,,,,,,,,,,,,,,,,,,,,,,,,,,,,,,,,,,,,,,,
2017,485,E742491,1,11/23/2017,18:51,23,11,8,5,Benton,1850,1,0,3,1,2,1,0,1,1,,,,24,0,0,0.3,5,0,1,3,2,1,3,0,0,0,0,SR-240 RAMP 103746,,-119.24765,46.243,0,1,7,12,2,60,14,0,0,1,2,25,1,2,2,3,1,1,2,53,0,20,401,2000,0,0,64,24,69,63,25,,1,1,39,1,7,2,4,0,20,0,11,4,11/26/2017,11:34,2.11E+11,51484,0,0,0,2,1,0,0,0,0,0,,,,,,9,,,,,,99336,53,67,225,1,1,0,0,0,0,4,0,,,,,,0,01/15/2014,01/15/2017,20,1,9,0,0,9,2,,,0,0,0,1,1,2,402,605,0,1,1,0,2,1,0.096,,,,,,,,,,,,,,,,,,,,,,,,,,,,,,0,0,0,0,1,1,1,1,1,0,0,0,0,1,0,0,0,0,0,1,0,0,0,0,0,0,0,0,0,1,0,0,0,1,0,,1,0,0,0,0,1,1,1,0,0,0,1,0,0,0,1,,,,,,36-40,36-45,State route,U,Thursday,Not Used,PV,Black,0,1,0,0,State Route,State Patrol,Washington State Patrol Headquarter,1,1,0,0,0,thc,5.1,carboxy-thc,91,,,,,,,,,,,,,,,,,,,,,,,,,,,,,,,,,,,,,,,
2017,548,E742810,337,11/29/2017,3:45,29,11,0,73,Whatcom,110,10,0,3,2,2,1,1,1,1,,,,9,0,0,0,2,0,3,5,2,4,6,0,0,20,3,BYRON,LINCOLN ST,-122.4664667,48.73363611,0,1,13,83,5,25,34,0,0,1,5,9,1,2,2,1,11,1,1,53,0,35,481,2010,0,0,9,,,,,,1,1,69,2,0,0,0,0,99,0,11,0,,,,,0,0,3,3,1,38,0,0,0,1,,,,,,0,,,,,,98229,53,66,123,6,1,0,1,1,0,0,97,,,,,,0,10/15/2017,10/15/2017,20,0,0,0,8,9,8,,,0,0,0,8,0,0,0,0,0,0,0,0,0,0,996,,,,,,,,,,,,,,,,,,,,,,,,,,,,,,0,0,0,1,0,0,0,0,0,0,0,0,0,0,0,0,1,0,1,0,0,0,0,0,0,1,0,0,0,0,0,0,1,0,0,,0,0,0,0,0,0,0,0,1,0,1,0,0,0,0,0,,,,,,66-70,66-75,City street,U,Wednesday,Unknown,PV,Not Fatal,1,0,0,0,City Street,Municipal/City Police,Bellingham Police Department,0,0,0,1,0,,,,,,,,,,,,,,,,,,,,,,,,,,,,,,,,,,,,,,,,,,,
2017,503,E743130,35,12/03/2017,21:00,3,12,0,53,Pierce,0,1,0,2,2,2,1,0,3,2,21:04,21:20,21:50,12,0,2,1.3,1,0,1,3,2,2,4,0,0,0,0,CR-SPANAWAY LP S,,-122.4585417,47.10825833,0,1,50,10,2,40,8,0,0,1,2,12,2,1,2,2,14,2,2,53,0,48,38,2012,0,0,68,12,,,,,1,1,23,1,0,0,0,0,3,0,11,0,,,,,0,0,0,3,1,28,0,0,0,96,,,,,,9,,,,,,98499,53,68,159,6,1,0,0,1,1,1,2,,,,,,0,12/15/2013,11/15/2017,1,0,0,0,8,1,8,,,0,0,0,8,1,2,1,0,0,1,0,0,2,1,0.22,,,,,,,,,,,,,,,,,,,,,,,,,,,,,,0,0,0,0,1,1,0,1,0,0,0,0,0,0,0,0,0,0,0,1,0,0,0,1,1,0,0,0,0,1,0,0,0,0,0,,0,0,0,0,0,1,0,1,0,0,0,0,0,1,0,1,,,,,,21-25,16-25,County road,U,Sunday,Belt Used,PV,Not Fatal,0,1,1,0,County Road,County Sheriff,Law Enforcement Support Agency,0,0,1,0,0,,,,,,,,,,,,,,,,,,,,,,,,,,,,,,,,,,,,,,,,,,,
2017,503,E743130,35,12/03/2017,21:00,3,12,0,53,Pierce,0,1,0,2,1,2,1,0,3,2,21:04,21:20,21:50,12,0,2,1.3,1,0,1,3,2,2,4,0,0,0,0,CR-SPANAWAY LP S,,-122.4585417,47.10825833,0,2,51,62,4,40,39,0,0,1,2,12,3,1,2,2,14,1,1,53,0,29,399,2008,0,0,12,,,,,,1,1,27,1,0,0,0,0,3,0,11,0,,,,,0,0,0,3,1,0,0,0,0,0,,,,,,0,,,,,,98597,53,72,185,6,1,0,0,0,0,0,0,,,,,,0,,,1,0,0,0,8,9,8,,,0,0,0,8,0,0,0,0,0,0,0,0,0,0,996,,,,,,,,,,,,,,,,,,,,,,,,,,,,,,0,0,0,0,1,1,0,1,0,0,0,0,0,0,0,0,0,0,0,1,0,0,0,1,1,0,0,0,0,1,0,0,0,0,0,,0,0,0,0,0,0,0,0,0,0,0,0,0,0,0,0,,,,,,26-30,26-35,County road,U,Sunday,Belt Used,PV,Not Fatal,0,1,1,0,County Road,County Sheriff,Law Enforcement Support Agency,0,0,1,0,0,,,,,,,,,,,,,,,,,,,,,,,,,,,,,,,,,,,,,,,,,,,
2017,502,E743140,40,12/04/2017,23:36,4,12,0,63,Spokane,2113,1,0,3,1,2,1,0,4,2,23:37,23:48,0:22,12,0,1,0,3,0,2,4,2,4,6,0,0,3,3,N UNIVERSITY RD,E BRAODWAY AVE,-117.2613167,47.66433889,0,2,21,53,3,35,4,0,0,1,5,12,1,1,3,1,5,2,1,53,0,41,50,2006,0,0,12,,,,,,1,1,19,1,7,1,4,7,3,0,11,0,12/04/2017,23:36,2.11E+11,52658,0,0,0,3,1,0,0,0,0,0,,,,,,0,,,,,,99206,53,71,144,6,1,1,0,0,1,1,0,,,,,,0,06/15/2015,12/15/2016,20,0,0,0,0,9,8,,,0,0,0,8,9,2,605,0,0,1,0,0,2,1,0,,,,,,,,,,,,,,,,,,,,,,,,,,,,,,0,0,0,1,1,1,1,1,1,0,0,0,0,0,0,0,1,0,0,0,0,1,1,0,1,0,0,0,0,1,0,0,0,0,0,,1,0,0,0,0,0,1,1,0,0,0,0,0,0,1,0,,,,,,18-20,16-25,City street,U,Monday,Belt Used,PV,White,1,0,0,0,City Street,County Sheriff,Spokane County Sheriff's Office,0,0,0,1,0,thc,888,carboxy-thc,11,,,,,,,,,,,,,,,,,,,,,,,,,,,,,,,,,,,,,,,
2017,502,E743140,40,12/04/2017,23:36,4,12,0,63,Spokane,2113,1,0,3,1,2,1,0,4,2,23:37,23:48,0:22,12,0,1,0,3,0,2,4,2,4,6,0,0,3,3,N UNIVERSITY RD,E BRAODWAY AVE,-117.2613167,47.66433889,0,1,20,54,3,35,34,0,0,1,5,12,1,1,3,1,1,2,1,53,0,12,481,2011,0,0,12,,,,,,1,1,39,1,0,0,0,0,3,0,11,0,,,,,0,0,3,3,1,91,0,0,0,93,,,,,,9,,,,,,99208,53,71,155,6,1,0,0,1,1,0,1,,,,,,0,05/15/2016,07/15/2016,1,0,0,0,8,9,8,,,0,0,0,8,1,2,605,0,0,1,0,0,2,1,0.18,,,,,,,,,,,,,,,,,,,,,,,,,,,,,,0,0,0,1,1,1,1,1,1,0,0,0,0,0,0,0,1,0,0,0,0,1,1,0,1,0,0,0,0,1,0,0,0,0,0,,0,0,0,0,0,1,1,1,1,0,0,0,0,0,0,1,,,,,,36-40,36-45,City street,U,Monday,Belt Used,PV,Not Fatal,1,0,0,0,City Street,County Sheriff,Spokane County Sheriff's Office,0,0,0,1,0,thc,3.4,carboxy-thc,38,,,,,,,,,,,,,,,,,,,,,,,,,,,,,,,,,,,,,,,
2017,538,E743501,30,12/02/2017,0:00,2,12,0,43,Lincoln,0,5,0,9,99,2,1,0,1,1,,,,31,0,0,9999.9,1,0,1,5,1,2,4,0,0,0,0,CR-DUCK LAKE RD,,-118.3567667,47.46488611,0,1,2,13,2,50,4,0,0,1,5,1,3,2,2,1,14,1,1,53,0,49,32,2003,0,0,63,69,63,31,30,1,1,1,70,1,7,1,4,0,20,0,11,1,12/08/2017,21:38,2.11E+11,53210,0,0,0,3,1,58,87,0,0,96,,,,,,99,,,,,,99134,53,71,175,6,1,0,0,0,0,0,0,,,,,,9,,,1,1,9,0,0,9,8,,,0,0,0,8,9,0,0,0,0,0,0,0,0,0,996,,,,,,,,,,,,,,,,,,,,,,,,,,,,,,0,0,0,0,0,0,0,0,0,0,0,0,0,0,0,0,0,0,0,1,0,0,0,0,0,1,1,0,0,1,0,0,0,1,0,,1,0,0,0,0,0,0,0,0,0,0,0,0,0,0,0,,,,,,66-70,66-75,County road,R,Saturday,Not Used,PV,White,0,1,0,0,County Road,County Sheriff,Lincoln County Sheriff's Office,1,0,1,0,0,,,,,,,,,,,,,,,,,,,,,,,,,,,,,,,,,,,,,,,,,,,