year,case,par,repjur,crash_dt,crash_tm,accday,accmon,holiday,county,co_char,city,weather,weather2,lightcond,surfcond,surftype,numfatal,nmforms,pforms,vforms,not_tm,arr_tm,hosp_tm,fhevent,hitrun,manncol,milepnt,reljunc,reljuncinter,intersectiontype,funcsystem,landuse,ownership,route,schlbus,spejur,contdev,devfunc,trafid1,trafid2,x,y,wk_zone,vnumber,crashtype,criticalevent,criticaleventcat,spdlim,body,trailer,emerg,hazcargo,leave,mhevent,roadalgn,roadprof,traflane,trafflow,vehmanvr,numoccs,regowner,regstate,spuse,make,model,modelyr,vrf1,vrf2,seqevent1,seqevent2,seqevent3,seqevent4,seqevent5,seqevent6,pnumber,ptype,age,sex,hispanic,race,injury,diedscene,restraint,restraintmisuse,seatpos,takehosp,death_dt,death_tm,cert,cernum_wa,commlic,licendor,licrestrict,liccomp,drivpres,drf1,drf2,drf3,drf4,distract1,distract2,distract3,distract4,distract5,distract6,dricond1,dricond2,dricond3,dricond4,dricond5,dricond6,dzip,licstate,drhgt_in,weight,noncdl,noncdltype,prevdwi,prevoth,prevacc,prevspd,prevsus,driviol1,driviol2,driviol3,driviol4,driviol5,driviol6,spdrel,first_dt,last_dt,airbag,ejection,ejectpath,extricat,injurwrk,methalc,methdrug,nmlocat,strikveh,prf1,prf2,prf3,druginv,alcinvol,drugsts,drugres1,drugres2,drugres3,drugtst1,drugtst2,drugtst3,alcsts,alctst,alcres,nmact1,nmact2,nmact3,nmact4,nmact5,nmact6,nmprior1,nmprior2,nmprior3,nmprior4,nmprior5,nmprior6,nmcond1,nmcond2,nmcond3,nmcond4,nmcond5,nmcond6,nmsafe_helmet,nmsafe_pads,nmsafe_oth,nmprev_ref,nmprev_lgt,nmprev_oth,crashlocation,nmcrashtype,crosswalk,schoolzone,sidewalk,train_inv,wildlife_inv,rotr_fars,intersect_fars,dd_inv,aid_inv,dpd_inv,id_inv,mj_inv,impnm_inv,ainm_inv,dpnm_inv,speed_inv,unlic_inv,unendmc_inv,drowsy_inv,drdist_inv,nmdist_inv,fty_inv,unrestfat_inv,dr1617_inv,dr1820_inv,dr1620_inv,dr2125_inv,dr1625_inv,dr65_inv,dr70_inv,dr75_inv,mc_inv,pv_inv,ht_inv,ped_inv,bike_inv,unrest_fat,mc_fat,unhelmet_mc,pv_fat,ht_fat,ped_fat,bike_fat,dr_alc7,dr_alc8,dr_drug,dr_imp,dr_dist,dr_spd,dr_fty,dr_unlic,dr_alc7only,dr_alc8only,dr_drugonly,dr_drink,nm_imp,nm_alc7,nm_alc8,nm_drug,nm_dist,agegrp1,agegrp2,roadclass,urbrur,dayweek,restuse,vehtype,race_me,intersect,lanedep,oppdir,wrongway,rep_typ,investag,repag_long,rotr,st_rd,cty_rd,city_rd,oth_rd,drug_thc,thc_res,drug_cthc,cthc_res,drug_cann,prevpersemin,prevperse,prevsusoth,drugtst4,drugtst5,drugtst6,drugtst7,drugtst8,drugres4,drugres5,drugres6,drugres7,drugres8,adspresent,adsengaged,adslevel,race1,race2,race3,race4,race5,helmet,helmetmisuse,nmdistract1,nmdistract2,nmdistract3,nmdistract4,nmdistract5,nmdistract6,lab,isedtcase,crf1,crf2,crf3,CoRoadName,CoMP,IntCoRoadName,IntCoMP
2017,504,E744024,171,12/06/2017,2:31,6,12,0,33,King,1107,1,0,3,1,2,1,0,1,1,,,,39,0,0,4.9,1,0,1,3,2,1,3,0,0,0,0,SR-522,,-122.2881472,47.74134722,0,1,6,12,2,98,2,0,0,1,2,39,1,2,3,2,1,1,1,53,0,39,35,2008,0,0,65,64,39,,,,1,1,72,1,7,1,4,7,20,0,11,0,12/06/2017,2:31,1.11E+11,53709,0,0,3,2,1,0,0,0,0,96,,,,,,99,,,,,,98027,53,74,240,1,1,1,1,0,1,2,0,,,,,,0,06/15/2015,04/15/2017,20,0,0,0,1,9,8,,,0,0,0,8,1,0,0,0,0,0,0,0,2,1,0.19,,,,,,,,,,,,,,,,,,,,,,,,,,,,,,0,0,1,0,1,1,0,1,0,0,0,0,0,1,0,0,0,0,0,1,0,0,0,0,0,1,1,0,0,1,0,0,0,1,0,,1,0,0,0,0,1,0,1,0,0,0,1,0,1,0,1,,,,,,71-75,66-75,State route,U,Wednesday,Not Used,PV,White,0,0,0,1,State Route,Municipal/City Police,Lake Forest Park Police Department,0,1,0,0,0,,,,,,,,,,,,,,,,,,,,,,,,,,,,,,,,,,,,,,,,,,,
2017,505,E744245,30,12/06/2017,11:16,6,12,0,43,Lincoln,0,1,0,1,99,5,1,0,1,1,,,,1,0,0,4.3,1,0,1,7,1,2,4,0,0,0,0,CR-STARBARN RD,,-118.1322667,47.50771944,0,1,7,12,2,50,4,0,0,1,5,1,1,4,2,1,1,1,2,53,0,20,16,1999,0,0,68,64,1,,,,1,1,56,1,7,1,4,7,3,0,11,0,12/06/2017,11:16,53053084,53084,0,0,3,3,1,0,0,0,0,92,,,,,,99,,,,,,99122,53,69,170,6,1,0,0,0,0,0,0,,,,,,0,,,1,2,9,0,0,9,8,,,0,0,0,8,9,2,155,337,996,1,1,1,2,1,0,,,,,,,,,,,,,,,,,,,,,,,,,,,,,,0,0,0,0,0,0,1,1,0,0,0,0,0,0,0,0,1,0,0,0,0,0,0,0,0,0,0,0,0,1,0,0,0,0,0,,1,0,0,0,0,0,1,1,1,0,0,0,0,0,1,0,,,,,,56-60,56-65,County road,R,Wednesday,Belt Used,PV,White,0,1,0,0,County Road,County Sheriff,Lincoln County Sheriff's Office,1,0,1,0,0,,,,,,,,,,,,,,,,,,,,,,,,,,,,,,,,,,,,,,,,,,,
2017,546,E744509,143,12/05/2017,16:42,5,12,0,61,Snohomish,860,1,0,3,1,2,1,1,1,1,,,,9,0,0,0,1,0,1,4,2,4,6,0,0,0,0,W STANLEY ST,,-121.9720861,48.08331667,0,1,13,83,5,30,16,0,0,1,5,9,1,1,2,1,1,1,2,53,0,20,431,1998,0,0,9,,,,,,1,1,41,2,0,0,0,0,3,0,11,0,,,,,0,0,0,3,1,0,0,0,0,96,,,,,,0,,,,,,98271,53,68,190,6,1,0,0,0,1,0,0,,,,,,0,01/15/2016,01/15/2016,20,0,0,0,8,9,8,,,0,0,0,8,0,0,0,0,0,0,0,0,0,0,996,,,,,,,,,,,,,,,,,,,,,,,,,,,,,,0,0,0,0,0,0,0,0,0,0,0,0,0,0,0,0,0,0,0,0,0,0,0,0,0,0,0,0,0,1,0,0,1,0,0,,0,0,0,0,0,0,0,0,0,0,0,0,0,0,0,0,,,,,,41-45,36-45,City street,U,Tuesday,Belt Used,PV,Not Fatal,0,0,0,0,City Street,Municipal/City Police,Granite Falls Police Department,0,0,0,1,0,,,,,,,,,,,,,,,,,,,,,,,,,,,,,,,,,,,,,,,,,,,
2017,507,E744598,330,12/02/2017,17:34,2,12,0,77,Yakima,2590,1,0,3,1,2,1,1,1,1,17:34,17:37,17:52,8,0,0,0,1,0,1,3,2,4,6,0,0,0,0,W NOB HILL BLVD,,-120.5210222,46.58526111,0,1,13,80,5,30,21,0,0,1,5,8,1,1,5,5,1,1,3,53,0,12,462,2017,0,0,8,,,,,,1,1,37,1,0,0,0,0,3,0,11,0,,,,,0,0,3,3,1,0,0,0,0,0,,,,,,0,,,,,,98926,53,71,150,6,1,0,0,0,0,0,0,,,,,,0,,,20,0,0,0,8,9,8,,,0,0,0,8,0,0,0,0,0,0,0,0,0,0,996,,,,,,,,,,,,,,,,,,,,,,,,,,,,,,0,0,0,0,0,0,0,0,0,0,0,0,0,0,0,0,0,0,0,0,0,0,0,0,0,0,0,0,0,1,0,1,0,0,0,,0,0,0,0,0,0,0,0,0,0,0,0,0,0,0,0,,,,,,36-40,36-45,City street,U,Saturday,Belt Used,PV,Not Fatal,0,0,0,0,City Street,Municipal/City Police,Yakima Police Department,0,0,0,1,0,,,,,,,,,,,,,,,,,,,,,,,,,,,,,,,,,,,,,,,,,,,
2017,495,E744683,330,11/24/2017,19:16,24,11,8,77,Yakima,2590,1,0,3,1,2,1,1,2,1,,,,8,0,0,0,1,0,1,4,2,4,6,0,0,0,0,W MEAD AVE,,-120.5106028,46.57798333,0,1,13,80,5,35,14,0,0,1,5,8,1,1,2,1,1,2,1,53,0,2,404,2000,0,0,8,,,,,,1,1,51,2,0,0,0,0,3,0,11,0,,,,,0,0,0,3,1,0,0,0,0,0,,,,,,0,,,,,,98902,53,62,200,6,1,0,0,0,0,0,0,,,,,,0,,,20,0,0,0,8,9,8,,,0,0,0,8,0,0,0,0,0,0,0,0,0,0,996,,,,,,,,,,,,,,,,,,,,,,,,,,,,,,0,0,0,0,0,0,0,0,0,1,1,0,0,0,0,0,0,0,0,0,0,0,0,0,0,0,0,0,0,1,0,1,0,0,0,,0,0,0,0,0,0,0,0,0,0,0,0,0,0,0,0,,,,,,51-55,46-55,City street,U,Friday,Belt Used,PV,Not Fatal,0,0,0,0,City Street,Municipal/City Police,Yakima Police Department,0,0,0,1,0,,,,,,,,,,,,,,,,,,,,,,,,,,,,,,,,,,,,,,,,,,,
2017,508,E744778,146,12/06/2017,17:04,6,12,0,77,Yakima,0,1,0,5,1,2,1,0,3,2,,,,12,0,6,2.9,8,0,1,5,1,2,4,0,3,0,0,CR-HARRAH RD,,-120.5441139,46.42155556,0,2,98,60,4,50,34,0,0,1,2,12,1,1,2,1,1,2,1,53,0,20,481,1995,0,0,12,,,,,,1,1,41,2,7,3,4,7,3,0,11,0,12/06/2017,17:04,89053052630,52630,0,0,0,2,1,0,0,0,0,0,,,,,,99,,,,,,98933,53,62,210,1,1,0,0,0,0,0,0,,,,,,0,,,1,0,0,0,0,9,8,,,0,0,0,8,9,2,605,0,0,1,0,0,2,1,0,,,,,,,,,,,,,,,,,,,,,,,,,,,,,,0,0,0,0,0,0,1,1,1,0,0,0,0,1,0,0,1,0,0,0,0,0,0,0,0,0,0,0,0,0,1,0,0,0,0,,0,0,0,0,0,0,1,1,0,0,0,1,0,0,1,0,,,,,,41-45,36-45,County road,R,Wednesday,Belt Used,PV,AIAN,0,0,0,0,County Road,County Sheriff,Yakima County Sheriff's Office,0,0,1,0,0,thc,10,carboxy-thc,100,,,,,,,,,,,,,,,,,,,,,,,,,,,,,,,,,,,,,,,
2017,508,E744778,146,12/06/2017,17:04,6,12,0,77,Yakima,0,1,0,5,1,2,1,0,3,2,,,,12,0,6,2.9,8,0,1,5,1,2,4,0,3,0,0,CR-HARRAH RD,,-120.5441139,46.42155556,0,1,98,20,2,50,66,1,0,1,5,12,1,1,2,1,13,1,3,53,0,82,881,2011,0,0,12,,,,,,1,1,64,1,0,0,0,0,3,0,11,0,,,,,6,1,3,3,1,31,0,0,0,1,,,,,,0,,,,,,98951,53,70,177,6,1,0,3,2,1,0,98,,,,,,0,02/15/2013,10/15/2017,20,0,0,0,8,9,8,,,0,0,0,8,0,0,0,0,0,0,0,0,0,0,996,,,,,,,,,,,,,,,,,,,,,,,,,,,,,,0,0,0,0,0,0,1,1,1,0,0,0,0,1,0,0,1,0,0,0,0,0,0,0,0,0,0,0,0,0,1,0,0,0,0,,0,0,0,0,0,0,0,0,1,0,0,0,0,0,0,0,,,,,,61-65,56-65,County road,R,Wednesday,,MHTRUCK,Not Fatal,0,0,0,0,County Road,County Sheriff,Yakima County Sheriff's Office,0,0,1,0,0,,,,,,,,,,,,,,,,,,,,,,,,,,,,,,,,,,,,,,,,,,,
2017,464,E745012,3,11/02/2017,13:27,2,11,0,53,Pierce,0,1,0,1,1,2,2,0,3,2,,,,12,0,2,0.1,1,0,1,1,2,1,1,0,0,0,0,I-5 RAMP R111933,,-122.6296,47.09141944,0,1,50,54,3,60,14,0,0,1,2,12,1,2,3,3,1,1,1,53,0,20,404,2005,0,0,12,,,,,,1,1,46,2,0,0,3,0,3,0,11,4,,,,,0,0,0,3,1,51,0,0,0,93,,,,,,0,,,,,,98003,53,72,260,6,1,0,0,0,0,0,2,,,,,,0,,,8,0,0,0,8,9,8,,,0,0,0,8,0,0,0,0,0,0,0,0,0,0,996,,,,,,,,,,,,,,,,,,,,,,,,,,,,,,0,0,0,0,0,0,0,0,0,0,0,0,0,0,0,0,1,0,0,0,0,0,0,0,0,1,1,1,0,1,0,0,0,0,0,,0,0,0,0,0,0,0,0,1,0,0,0,0,0,0,0,,,,,,46-50,46-55,Interstate,U,Thursday,Belt Used,PV,Not Fatal,0,0,0,1,State Route,State Patrol,Washington State Patrol Headquarter,0,1,0,0,0,,,,,,,,,,,,,,,,,,,,,,,,,,,,,,,,,,,,,,,,,,,
2017,464,E745012,3,11/02/2017,13:27,2,11,0,53,Pierce,0,1,0,1,1,2,2,0,3,2,,,,12,0,2,0.1,1,0,1,1,2,1,1,0,0,0,0,I-5 RAMP R111933,,-122.6296,47.09141944,0,2,51,54,3,60,6,0,0,1,2,12,1,2,3,3,1,2,1,53,0,53,33,2003,0,0,12,,,,,,1,1,82,1,7,1,4,0,3,0,11,4,11/08/2017,13:38,2.23E+11,48334,0,0,0,3,1,0,0,0,0,0,,,,,,0,,,,,,98327,53,69,185,6,1,0,0,0,0,0,0,,,,,,0,,,8,0,0,0,0,9,8,,,0,0,0,8,0,0,0,0,0,0,0,0,0,0,996,,,,,,,,,,,,,,,,,,,,,,,,,,,,,,0,0,0,0,0,0,0,0,0,0,0,0,0,0,0,0,1,0,0,0,0,0,0,0,0,1,1,1,0,1,0,0,0,0,0,,1,0,0,0,0,0,0,0,0,0,0,0,0,0,0,0,,,,,,81+,76+,Interstate,U,Thursday,Belt Used,PV,White,0,0,0,1,State Route,State Patrol,Washington State Patrol Headquarter,0,1,0,0,0,,,,,,,,,,,,,,,,,,,,,,,,,,,,,,,,,,,,,,,,,,,
2017,509,E745415,249,12/05/2017,4:01,5,12,0,19,Ferry,1840,1,0,3,4,2,1,0,1,1,4:01,4:50,4:57,35,0,0,0,1,0,1,5,2,4,6,0,0,0,0,N KLONDIKE RD,,-118.7266833,48.65596667,0,1,7,5,1,25,34,0,0,1,2,1,2,2,2,1,14,1,1,53,0,12,471,2001,0,0,68,64,35,1,,,1,1,61,1,7,1,4,0,99,0,11,5,12/05/2017,6:41,1.84E+11,53057,0,0,3,3,1,87,0,0,0,96,,,,,,99,,,,,,99166,53,79,200,6,1,0,0,0,0,1,0,,,,,,4,11/15/2015,11/15/2015,99,9,0,0,0,9,8,,,0,0,0,8,9,2,401,417,0,1,1,0,2,1,0,,,,,,,,,,,,,,,,,,,,,,,,,,,,,,0,0,0,0,0,0,1,1,0,0,0,0,1,0,0,0,0,0,0,0,0,0,0,0,0,0,0,0,0,0,0,0,0,0,0,,0,0,0,0,0,0,1,1,0,1,0,0,0,0,1,0,,,,,,61-65,56-65,City street,U,Tuesday,Unknown,PV,White,0,1,0,0,City Street,Municipal/City Police,Republic Police Department,1,0,0,1,0,,,,,,,,,,,,,,,,,,,,,,,,,,,,,,,,,,,,,,,,,,,
2017,510,E745954,29,12/11/2017,16:53,11,12,0,41,Lewis,0,1,0,2,1,2,1,0,3,3,16:55,17:00,17:22,12,0,6,1.2,2,0,3,7,1,2,4,0,0,0,0,CR-FOREST NAPAVINE RD,KIRKLAND RD,-122.8765028,46.58667778,0,2,68,15,2,98,34,1,0,1,5,12,1,1,2,1,11,1,2,53,0,7,482,2006,0,0,12,,,,,,1,1,67,1,0,0,0,0,3,0,11,0,,,,,0,0,0,0,1,0,0,0,0,0,,,,,,0,,,,,,98532,53,67,200,0,0,0,0,0,0,0,97,,,,,,0,,,20,0,0,0,8,9,8,,,0,0,0,8,0,0,0,0,0,0,0,0,0,0,996,,,,,,,,,,,,,,,,,,,,,,,,,,,,,,0,0,0,1,0,0,0,0,0,0,0,0,0,1,0,0,0,0,0,0,0,0,0,0,0,1,0,0,1,0,0,0,0,0,0,,0,0,0,0,0,0,0,0,0,0,0,1,0,0,0,0,,,,,,66-70,66-75,County road,R,Monday,Belt Used,PV,Not Fatal,1,0,0,0,County Road,County Sheriff,Lewis County Sheriff's Office,0,0,1,0,0,,,,,,,,,,,,,,,,,,,,,,,,,,,,,,,,,,,,,,,,,,,
2017,510,E745954,29,12/11/2017,16:53,11,12,0,41,Lewis,0,1,0,2,1,2,1,0,3,3,16:55,17:00,17:22,12,0,6,1.2,2,0,3,7,1,2,4,0,0,0,0,CR-FOREST NAPAVINE RD,KIRKLAND RD,-122.8765028,46.58667778,0,1,69,60,4,98,80,0,0,1,2,12,1,1,2,1,1,1,1,53,0,72,706,2006,0,0,12,68,12,,,,1,1,57,1,7,1,4,0,19,0,11,4,12/12/2017,19:42,1.45E+11,54209,0,0,0,3,1,0,0,0,0,96,,,,,,99,,,,,,98579,53,77,245,6,1,0,0,0,2,0,0,,,,,,0,07/15/2014,05/15/2015,20,8,0,0,0,9,8,,,0,0,0,8,9,2,1,0,0,1,0,0,2,1,0,,,,,,,,,,,,,,,,,,,,,,,,,,,,,,0,0,0,1,0,0,0,0,0,0,0,0,0,1,0,0,0,0,0,0,0,0,0,0,0,1,0,0,1,0,0,0,0,0,1,0,0,0,0,0,0,0,0,0,0,0,0,0,0,0,0,0,,,,,,56-60,56-65,County road,R,Monday,,MC,White,1,0,0,0,County Road,County Sheriff,Lewis County Sheriff's Office,0,0,1,0,0,,,,,,,,,,,,,,,,,,,,,,,,,,,,,,,,,,,,,,,,,,,
2017,510,E745954,29,12/11/2017,16:53,11,12,0,41,Lewis,0,1,0,2,1,2,1,0,3,3,16:55,17:00,17:22,12,0,6,1.2,2,0,3,7,1,2,4,0,0,0,0,CR-FOREST NAPAVINE RD,KIRKLAND RD,-122.8765028,46.58667778,0,3,98,62,4,98,34,0,0,1,5,12,1,1,2,1,1,1,1,53,0,12,481,1997,0,0,12,,,,,,1,1,45,1,0,0,0,0,3,0,11,0,,,,,0,0,0,3,1,0,0,0,0,0,,,,,,0,,,,,,98579,53,73,200,6,1,0,0,0,0,0,0,,,,,,0,,,20,0,0,0,8,9,8,,,0,0,0,8,0,0,0,0,0,0,0,0,0,0,996,,,,,,,,,,,,,,,,,,,,,,,,,,,,,,0,0,0,1,0,0,0,0,0,0,0,0,0,1,0,0,0,0,0,0,0,0,0,0,0,1,0,0,1,0,0,0,0,0,0,,0,0,0,0,0,0,0,0,0,0,0,0,0,0,0,0,,,,,,41-45,36-45,County road,R,Monday,Belt Used,PV,Not Fatal,1,0,0,0,County Road,County Sheriff,Lewis County Sheriff's Office,0,0,1,0,0,,,,,,,,,,,,,,,,,,,,,,,,,,,,,,,,,,,,,,,,,,,
2017,549,E746043,122,12/11/2017,14:48,11,12,0,61,Snohomish,690,1,0,1,1,2,1,0,2,2,,,,12,0,6,0,2,0,2,3,2,4,6,0,0,3,3,RUCKER,CALIFORNIA,-122.2114306,47.98066111,0,2,87,66,4,30,20,0,0,1,5,12,1,1,2,1,1,1,1,53,0,7,442,1996,0,0,12,,,,,,1,1,58,1,0,0,0,0,3,0,11,0,,,,,0,0,3,3,1,0,0,0,0,96,,,,,,0,,,,,,98203,53,75,190,6,1,0,0,0,0,0,0,,,,,,0,,,20,0,0,0,8,9,8,,,0,0,0,8,0,0,0,0,0,0,0,0,0,0,996,,,,,,,,,,,,,,,,,,,,,,,,,,,,,,0,0,0,1,0,0,0,0,0,0,0,0,0,0,0,0,0,0,0,0,0,0,0,0,0,1,1,1,0,1,0,0,0,0,0,,0,0,0,0,0,0,0,0,0,0,0,0,0,0,0,0,,,,,,56-60,56-65,City street,U,Monday,Belt Used,PV,Not Fatal,1,0,0,0,City Street,Municipal/City Police,Everett Police Department,0,0,0,1,0,,,,,,,,,,,,,,,,,,,,,,,,,,,,,,,,,,,,,,,,,,,
2017,549,E746043,122,12/11/2017,14:48,11,12,0,61,Snohomish,690,1,0,1,1,2,1,0,2,2,,,,12,0,6,0,2,0,2,3,2,4,6,0,0,3,3,RUCKER,CALIFORNIA,-122.2114306,47.98066111,0,1,86,17,2,30,14,0,0,1,2,12,1,1,5,5,1,1,1,53,0,18,404,2015,0,0,12,63,41,,,,1,1,78,2,7,1,4,0,3,0,11,4,12/31/2017,9:10,69053057330,57330,0,0,3,3,1,39,0,0,0,96,,,,,,0,,,,,,98204,53,65,145,6,1,0,0,0,0,0,35,,,,,,0,,,8,0,0,0,0,9,8,,,0,0,0,8,0,0,0,0,0,0,0,0,0,0,996,,,,,,,,,,,,,,,,,,,,,,,,,,,,,,0,0,0,1,0,0,0,0,0,0,0,0,0,0,0,0,0,0,0,0,0,0,0,0,0,1,1,1,0,1,0,0,0,0,0,,1,0,0,0,0,0,0,0,0,0,0,0,0,0,0,0,,,,,,76-80,76+,City street,U,Monday,Belt Used,PV,White,1,0,0,0,City Street,Municipal/City Police,Everett Police Department,0,0,0,1,0,,,,,,,,,,,,,,,,,,,,,,,,,,,,,,,,,,,,,,,,,,,
2017,512,E746851,3,12/09/2017,1:48,9,12,0,53,Pierce,0,1,0,2,1,2,1,0,2,2,1:49,2:16,2:55,12,0,2,5.1,1,0,1,3,2,1,3,0,0,0,0,SR-512,,-122.3751972,47.15833611,0,1,50,54,3,98,14,0,0,1,2,12,1,1,2,3,1,1,1,41,0,63,401,2006,0,0,12,,,,,,1,1,29,2,7,1,4,7,3,0,11,0,12/09/2017,3:17,1.12E+11,54524,0,0,0,3,1,51,0,0,0,96,,,,,,9,,,,,,97470,41,69,160,6,1,0,0,0,0,0,0,,,,,,0,,,1,0,0,0,0,1,8,,,0,0,0,8,1,2,1,0,0,1,0,0,2,1,0.21,,,,,,,,,,,,,,,,,,,,,,,,,,,,,,0,0,0,0,1,1,0,1,0,0,0,0,0,0,0,0,0,0,0,0,0,0,0,1,1,0,0,0,0,1,0,0,0,0,0,,1,0,0,0,0,1,0,1,0,0,0,0,0,1,0,1,,,,,,26-30,26-35,State route,U,Saturday,Belt Used,PV,White,0,0,0,1,State Route,State Patrol,Washington State Patrol Headquarter,0,1,0,0,0,,,,,,,,,,,,,,,,,,,,,,,,,,,,,,,,,,,,,,,,,,,
2017,512,E746851,3,12/09/2017,1:48,9,12,0,53,Pierce,0,1,0,2,1,2,1,0,2,2,1:49,2:16,2:55,12,0,2,5.1,1,0,1,3,2,1,3,0,0,0,0,SR-512,,-122.3751972,47.15833611,0,2,51,54,3,60,15,0,0,1,2,12,1,1,2,3,1,1,1,53,0,12,422,2003,0,0,12,,,,,,1,1,24,1,0,0,3,0,3,0,11,4,,,,,0,0,0,3,1,0,0,0,0,0,,,,,,0,,,,,,98373,53,67,170,6,1,0,0,0,0,0,0,,,,,,0,,,1,0,0,0,8,9,8,,,0,0,0,8,9,0,0,0,0,0,0,0,0,0,996,,,,,,,,,,,,,,,,,,,,,,,,,,,,,,0,0,0,0,1,1,0,1,0,0,0,0,0,0,0,0,0,0,0,0,0,0,0,1,1,0,0,0,0,1,0,0,0,0,0,,0,0,0,0,0,0,0,0,0,0,0,0,0,0,0,0,,,,,,21-25,16-25,State route,U,Saturday,Belt Used,PV,Not Fatal,0,0,0,1,State Route,State Patrol,Washington State Patrol Headquarter,0,1,0,0,0,,,,,,,,,,,,,,,,,,,,,,,,,,,,,,,,,,,,,,,,,,,
2017,511,E746877,7,12/13/2017,16:35,13,12,0,33,King,0,1,0,5,1,1,1,0,2,2,,,,18,0,0,26.8,1,0,1,3,1,1,3,0,0,0,0,SR-18,,-121.8884556,47.48611111,0,1,12,90,6,98,4,0,0,1,2,12,1,2,2,1,1,1,2,53,0,12,37,2008,0,0,18,68,12,,,,1,1,57,2,7,28,4,7,3,0,11,0,12/13/2017,16:35,1.50E+11,53986,0,0,3,3,1,28,0,0,0,96,,,,,,99,,,,,,98023,53,60,125,6,1,0,0,1,0,0,0,,,,,,0,11/15/2015,11/15/2015,8,0,0,0,0,9,8,,,0,0,0,8,9,2,996,0,0,1,0,0,2,1,0,,,,,,,,,,,,,,,,,,,,,,,,,,,,,,0,0,0,0,0,0,1,1,0,0,0,0,0,0,0,0,0,0,0,0,0,0,0,0,0,0,0,0,0,1,0,0,0,0,0,,1,0,0,0,0,0,1,1,0,0,0,0,0,0,1,0,,,,,,56-60,56-65,State route,R,Wednesday,Belt Used,PV,API,0,0,0,0,State Route,State Patrol,Washington State Patrol Headquarter,0,1,0,0,0,,,,,,,,,,,,,,,,,,,,,,,,,,,,,,,,,,,,,,,,,,,
2017,511,E746877,7,12/13/2017,16:35,13,12,0,33,King,0,1,0,5,1,1,1,0,2,2,,,,18,0,0,26.8,1,0,1,3,1,1,3,0,0,0,0,SR-18,,-121.8884556,47.48611111,0,2,98,62,4,55,14,0,0,1,2,12,1,2,2,1,1,1,2,53,0,2,404,2015,0,0,12,,,,,,1,1,55,2,0,0,1,0,3,0,11,5,,,,,0,0,0,3,1,0,0,0,0,0,,,,,,0,,,,,,98042,53,67,163,6,1,0,0,0,1,0,0,,,,,,0,09/15/2013,09/15/2013,1,0,0,0,8,9,2,,,0,0,0,0,0,0,0,0,0,0,0,0,0,0,996,,,,,,,,,,,,,,,,,,,,,,,,,,,,,,0,0,0,0,0,0,1,1,0,0,0,0,0,0,0,0,0,0,0,0,0,0,0,0,0,0,0,0,0,1,0,0,0,0,0,,0,0,0,0,0,0,0,0,0,0,0,0,0,0,0,0,,,,,,51-55,46-55,State route,R,Wednesday,Belt Used,PV,Not Fatal,0,0,0,0,State Route,State Patrol,Washington State Patrol Headquarter,0,1,0,0,0,,,,,,,,,,,,,,,,,,,,,,,,,,,,,,,,,,,,,,,,,,,
2017,514,E747067,39,12/10/2017,19:02,10,12,0,61,Snohomish,0,1,0,2,2,2,1,0,1,1,,,,42,0,0,0,1,0,1,96,6,96,8,0,3,0,0,126TH ST NW,,-122.2836472,48.11014444,0,1,6,12,2,98,4,0,0,1,5,1,2,2,2,1,14,1,2,53,0,14,17,2002,0,0,68,64,42,1,,,1,1,33,1,7,1,4,7,20,0,11,0,12/10/2017,19:02,53054046,54046,0,0,0,2,1,0,0,0,0,96,,,,,,99,,,,,,98292,53,75,190,1,1,0,4,2,2,11,0,,,,,,4,05/15/2013,02/15/2017,20,0,0,0,0,9,8,,,0,0,0,8,9,2,1,0,0,1,0,0,2,1,0.28,,,,,,,,,,,,,,,,,,,,,,,,,,,,,,0,0,1,0,1,1,0,1,0,0,0,0,1,1,0,0,0,0,0,1,0,0,0,0,0,0,0,0,0,1,0,0,0,1,0,,1,0,0,0,0,1,0,1,0,1,0,1,0,1,0,1,,,,,,31-35,26-35,Other,,Sunday,Not Used,PV,White,0,1,0,0,Other,County Sheriff,Snohomish County Sheriff's Office,1,0,0,0,1,,,,,,,,,,,,,,,,,,,,,,,,,,,,,,,,,,,,,,,,,,,
2017,517,E747398,39,12/13/2017,17:53,13,12,0,61,Snohomish,0,1,0,2,1,2,1,0,2,2,,,,12,0,6,4.6,1,0,1,5,1,2,4,0,0,0,0,CR-N LAKE ROESIGER RD,,-121.9166028,48.01092778,0,1,66,6,1,98,2,0,0,1,5,12,2,1,2,1,14,1,2,53,0,37,32,2000,0,0,68,12,,,,,1,1,32,1,7,1,4,7,3,0,11,0,12/13/2017,17:53,53054455,54455,0,0,0,0,1,28,58,0,0,96,,,,,,99,,,,,,98208,53,74,200,0,0,0,0,0,0,0,0,,,,,,3,,,1,0,0,0,0,9,8,,,0,0,0,8,9,2,401,417,0,1,1,0,2,1,0,,,,,,,,,,,,,,,,,,,,,,,,,,,,,,0,0,0,0,0,0,1,1,0,0,0,0,1,1,0,0,0,0,0,0,0,0,0,1,1,0,0,0,0,1,1,0,0,0,0,,1,0,0,0,0,0,1,1,0,1,0,1,0,0,1,0,,,,,,31-35,26-35,County road,R,Wednesday,Belt Used,PV,White,0,1,1,0,County Road,County Sheriff,Snohomish County Sheriff's Office,0,0,1,0,0,,,carboxy-thc,6.5,,,,,,,,,,,,,,,,,,,,,,,,,,,,,,,,,,,,,,,