year,case,par,repjur,crash_dt,crash_tm,accday,accmon,holiday,county,co_char,city,weather,weather2,lightcond,surfcond,surftype,numfatal,nmforms,pforms,vforms,not_tm,arr_tm,hosp_tm,fhevent,hitrun,manncol,milepnt,reljunc,reljuncinter,intersectiontype,funcsystem,landuse,ownership,route,schlbus,spejur,contdev,devfunc,trafid1,trafid2,x,y,wk_zone,vnumber,crashtype,criticalevent,criticaleventcat,spdlim,body,trailer,emerg,hazcargo,leave,mhevent,roadalgn,roadprof,traflane,trafflow,vehmanvr,numoccs,regowner,regstate,spuse,make,model,modelyr,vrf1,vrf2,seqevent1,seqevent2,seqevent3,seqevent4,seqevent5,seqevent6,pnumber,ptype,age,sex,hispanic,race,injury,diedscene,restraint,restraintmisuse,seatpos,takehosp,death_dt,death_tm,cert,cernum_wa,commlic,licendor,licrestrict,liccomp,drivpres,drf1,drf2,drf3,drf4,distract1,distract2,distract3,distract4,distract5,distract6,dricond1,dricond2,dricond3,dricond4,dricond5,dricond6,dzip,licstate,drhgt_in,weight,noncdl,noncdltype,prevdwi,prevoth,prevacc,prevspd,prevsus,driviol1,driviol2,driviol3,driviol4,driviol5,driviol6,spdrel,first_dt,last_dt,airbag,ejection,ejectpath,extricat,injurwrk,methalc,methdrug,nmlocat,strikveh,prf1,prf2,prf3,druginv,alcinvol,drugsts,drugres1,drugres2,drugres3,drugtst1,drugtst2,drugtst3,alcsts,alctst,alcres,nmact1,nmact2,nmact3,nmact4,nmact5,nmact6,nmprior1,nmprior2,nmprior3,nmprior4,nmprior5,nmprior6,nmcond1,nmcond2,nmcond3,nmcond4,nmcond5,nmcond6,nmsafe_helmet,nmsafe_pads,nmsafe_oth,nmprev_ref,nmprev_lgt,nmprev_oth,crashlocation,nmcrashtype,crosswalk,schoolzone,sidewalk,train_inv,wildlife_inv,rotr_fars,intersect_fars,dd_inv,aid_inv,dpd_inv,id_inv,mj_inv,impnm_inv,ainm_inv,dpnm_inv,speed_inv,unlic_inv,unendmc_inv,drowsy_inv,drdist_inv,nmdist_inv,fty_inv,unrestfat_inv,dr1617_inv,dr1820_inv,dr1620_inv,dr2125_inv,dr1625_inv,dr65_inv,dr70_inv,dr75_inv,mc_inv,pv_inv,ht_inv,ped_inv,bike_inv,unrest_fat,mc_fat,unhelmet_mc,pv_fat,ht_fat,ped_fat,bike_fat,dr_alc7,dr_alc8,dr_drug,dr_imp,dr_dist,dr_spd,dr_fty,dr_unlic,dr_alc7only,dr_alc8only,dr_drugonly,dr_drink,nm_imp,nm_alc7,nm_alc8,nm_drug,nm_dist,agegrp1,agegrp2,roadclass,urbrur,dayweek,restuse,vehtype,race_me,intersect,lanedep,oppdir,wrongway,rep_typ,investag,repag_long,rotr,st_rd,cty_rd,city_rd,oth_rd,drug_thc,thc_res,drug_cthc,cthc_res,drug_cann,prevpersemin,prevperse,prevsusoth,drugtst4,drugtst5,drugtst6,drugtst7,drugtst8,drugres4,drugres5,drugres6,drugres7,drugres8,adspresent,adsengaged,adslevel,race1,race2,race3,race4,race5,helmet,helmetmisuse,nmdistract1,nmdistract2,nmdistract3,nmdistract4,nmdistract5,nmdistract6,lab,isedtcase,crf1,crf2,crf3,CoRoadName,CoMP,IntCoRoadName,IntCoMP
2017,517,E747398,39,12/13/2017,17:53,13,12,0,61,Snohomish,0,1,0,2,1,2,1,0,2,2,,,,12,0,6,4.6,1,0,1,5,1,2,4,0,0,0,0,CR-N LAKE ROESIGER RD,,-121.9166028,48.01092778,0,2,66,62,4,98,67,0,0,1,5,12,3,1,2,1,14,1,2,53,0,12,880,2006,0,0,12,,,,,,1,1,25,1,0,0,0,0,3,0,11,0,,,,,0,0,0,2,1,0,0,0,0,0,,,,,,0,,,,,,98258,53,70,135,1,1,0,2,0,2,3,0,,,,,,0,06/15/2014,10/15/2016,1,0,0,0,8,9,8,,,0,0,0,8,0,0,0,0,0,0,0,0,0,0,996,,,,,,,,,,,,,,,,,,,,,,,,,,,,,,0,0,0,0,0,0,1,1,0,0,0,0,1,1,0,0,0,0,0,0,0,0,0,1,1,0,0,0,0,1,1,0,0,0,0,,0,0,0,0,0,0,0,0,0,0,0,1,0,0,0,0,,,,,,21-25,16-25,County road,R,Wednesday,Belt Used,MHTRUCK,Not Fatal,0,1,1,0,County Road,County Sheriff,Snohomish County Sheriff's Office,0,0,1,0,0,,,,,,,,,,,,,,,,,,,,,,,,,,,,,,,,,,,,,,,,,,,
2017,518,E747528,247,12/15/2017,3:59,15,12,0,33,King,1820,10,0,3,2,2,1,1,1,1,,,,8,0,0,0,1,0,1,3,2,4,6,0,0,0,0,AVONDALE RD,,-122.0927194,47.70104722,0,1,13,80,5,40,14,0,0,1,2,8,1,1,8,1,1,1,1,53,0,48,401,2014,0,0,8,,,,,,1,1,57,2,0,0,0,0,3,0,11,0,,,,,0,0,3,3,1,0,0,0,0,92,,,,,,0,,,,,,98296,53,66,200,6,1,0,0,0,0,0,0,,,,,,0,,,20,0,0,0,8,9,8,,,0,0,0,8,0,0,0,0,0,0,0,0,0,0,996,,,,,,,,,,,,,,,,,,,,,,,,,,,,,,0,0,0,0,0,0,0,0,0,0,0,0,0,0,0,0,1,0,0,0,0,0,0,0,0,0,0,0,0,1,0,1,0,0,0,,0,0,0,0,0,0,0,0,1,0,0,0,0,0,0,0,,,,,,56-60,56-65,City street,U,Friday,Belt Used,PV,Not Fatal,0,0,0,0,City Street,Municipal/City Police,Redmond Police Department,0,0,0,1,0,,,,,,,,,,,,,,,,,,,,,,,,,,,,,,,,,,,,,,,,,,,
2017,496,E747588,305,11/18/2017,2:02,18,11,0,11,Clark,2370,1,0,3,1,1,1,0,1,1,2:02,2:10,2:35,30,0,0,1.7,1,0,1,3,2,1,3,0,0,0,0,SR-501,ST FRANCIS LANE,-122.6953028,45.64014167,0,1,7,12,2,35,4,0,0,1,2,30,1,1,3,2,1,1,2,53,0,35,43,2007,0,0,64,30,,,,,1,1,18,2,7,1,4,0,20,0,11,5,11/19/2017,19:08,2.37E+11,49924,0,0,0,3,1,0,0,0,0,96,,,,,,9,,,,,,98660,53,62,130,6,1,0,0,0,0,0,0,,,,,,3,,,8,0,0,0,0,9,8,,,0,0,0,8,1,2,1,0,0,1,0,0,2,1,0.19,,,,,,,,,,,,,,,,,,,,,,,,,,,,,,0,0,0,0,1,1,0,1,0,0,0,0,1,0,0,0,0,0,0,1,0,1,1,0,1,0,0,0,0,1,0,0,0,1,0,,1,0,0,0,0,1,0,1,0,1,0,0,0,1,0,1,,,,,,18-20,16-25,State route,U,Saturday,Not Used,PV,White,0,1,0,0,State Route,Municipal/City Police,Vancouver Police Department,1,1,0,0,0,,,,,,,,,,,,,,,,,,,,,,,,,,,,,,,,,,,,,,,,,,,
2017,513,E748207,7,12/10/2017,2:05,10,12,0,33,King,1960,1,0,3,1,1,1,0,2,1,,,,26,0,0,168.3,1,0,1,1,2,1,1,0,0,0,0,I-5,,-122.3224861,47.64428889,0,1,7,12,2,60,14,0,0,1,2,26,1,2,4,3,1,2,2,53,0,2,405,2004,0,0,64,26,,,,,1,1,20,2,7,1,4,7,3,0,11,0,12/10/2017,2:05,1.96E+11,55379,0,0,0,3,1,0,0,0,0,96,,,,,,99,,,,,,98087,53,64,150,6,1,0,0,0,1,0,0,,,,,,4,12/15/2016,12/15/2016,8,0,0,0,0,9,8,,,0,0,0,8,9,2,1,0,0,1,0,0,2,1,0.13,,,,,,,,,,,,,,,,,,,,,,,,,,,,,,0,0,0,0,1,1,0,1,0,0,0,0,1,0,0,0,0,0,0,0,0,1,1,0,1,0,0,0,0,1,0,0,0,0,0,,1,0,0,0,0,1,0,1,0,1,0,0,0,1,0,1,,,,,,18-20,16-25,Interstate,U,Sunday,Belt Used,PV,White,0,1,0,0,State Route,State Patrol,Washington State Patrol Headquarter,1,1,0,0,0,,,,,,,,,,,,,,,,,,,,,,,,,,,,,,,,,,,,,,,,,,,
2017,547,E748221,25,11/26/2017,1:06,26,11,8,33,King,670,2,0,3,2,2,1,0,2,1,,,,42,0,0,9999.9,3,0,3,7,1,2,4,0,0,20,3,CR-SE 424TH ST,SR-169,-121.9897111,47.22105556,0,1,14,14,2,35,4,0,0,1,5,38,1,1,2,1,1,2,2,53,0,19,18,2009,0,0,71,42,38,,,,1,1,27,1,7,1,4,0,3,0,11,4,11/29/2017,16:15,1.96E+11,52009,0,0,0,3,1,0,0,0,0,96,,,,,,99,,,,,,98022,53,71,165,6,1,0,0,0,2,0,0,,,,,,4,04/15/2014,09/15/2014,8,0,0,0,0,9,8,,,0,0,0,8,1,2,1,0,0,1,0,0,2,1,0.074,,,,,,,,,,,,,,,,,,,,,,,,,,,,,,0,0,0,1,1,0,0,0,0,0,0,0,1,0,0,0,0,0,0,0,0,0,0,0,0,0,0,0,0,1,0,0,0,0,0,,1,0,0,0,1,0,0,0,0,1,0,0,1,0,0,1,,,,,,26-30,26-35,County road,R,Sunday,Belt Used,PV,White,1,0,0,0,State Route,County Sheriff,King County Police,0,1,0,0,0,,,,,,,,,,,,,,,,,,,,,,,,,,,,,,,,,,,,,,,,,,,
2017,519,E748889,2,12/18/2017,13:40,18,12,0,57,Skagit,0,10,0,1,1,2,1,0,3,3,13:39,13:45,14:21,12,0,6,58.3,2,0,2,3,2,1,3,0,0,3,3,SR-20,PULVER RD,-122.3570611,48.46559722,0,3,98,66,4,45,15,0,0,1,2,12,1,1,5,1,1,1,1,53,0,54,421,2011,0,0,12,,,,,,1,1,47,2,0,0,1,0,3,0,11,0,,,,,0,0,0,3,1,0,0,0,0,0,,,,,,0,,,,,,98221,53,68,150,6,1,0,0,0,0,0,0,,,,,,0,,,1,0,0,0,8,9,8,,,0,0,0,8,0,0,0,0,0,0,0,0,0,0,996,,,,,,,,,,,,,,,,,,,,,,,,,,,,,,0,0,0,1,0,0,1,1,0,0,0,0,0,0,0,0,0,0,1,1,0,0,0,0,0,1,0,0,0,1,0,0,0,0,0,,0,0,0,0,0,0,0,0,0,0,0,0,0,0,0,0,,,,,,46-50,46-55,State route,U,Monday,Belt Used,PV,Not Fatal,1,0,0,0,State Route,State Patrol,Washington State Patrol Headquarter,0,1,0,0,0,,,,,,,,,,,,,,,,,,,,,,,,,,,,,,,,,,,,,,,,,,,
2017,519,E748889,2,12/18/2017,13:40,18,12,0,57,Skagit,0,10,0,1,1,2,1,0,3,3,13:39,13:45,14:21,12,0,6,58.3,2,0,2,3,2,1,3,0,0,3,3,SR-20,PULVER RD,-122.3570611,48.46559722,0,2,88,66,4,45,4,0,0,1,2,12,1,1,5,1,1,1,3,53,0,37,31,2004,0,0,12,,,,,,1,1,66,2,0,0,1,0,20,0,11,0,,,,,0,0,0,3,1,0,0,0,0,0,,,,,,0,,,,,,98230,53,64,120,6,1,0,0,0,0,0,0,,,,,,0,,,20,0,0,0,8,9,8,,,0,0,0,8,0,0,0,0,0,0,0,0,0,0,996,,,,,,,,,,,,,,,,,,,,,,,,,,,,,,0,0,0,1,0,0,1,1,0,0,0,0,0,0,0,0,0,0,1,1,0,0,0,0,0,1,0,0,0,1,0,0,0,0,0,,0,0,0,0,0,0,0,0,0,0,0,0,0,0,0,0,,,,,,66-70,66-75,State route,U,Monday,Not Used,PV,Not Fatal,1,0,0,0,State Route,State Patrol,Washington State Patrol Headquarter,0,1,0,0,0,,,,,,,,,,,,,,,,,,,,,,,,,,,,,,,,,,,,,,,,,,,
2017,519,E748889,2,12/18/2017,13:40,18,12,0,57,Skagit,0,10,0,1,1,2,1,0,3,3,13:39,13:45,14:21,12,0,6,58.3,2,0,2,3,2,1,3,0,0,3,3,SR-20,PULVER RD,-122.3570611,48.46559722,0,1,89,17,2,35,4,0,0,1,2,12,1,1,3,1,1,1,2,53,0,49,32,1997,0,0,12,12,,,,,1,1,49,2,1,7,4,0,20,0,11,4,12/18/2017,14:19,1.41E+11,54565,0,0,0,3,1,38,39,0,0,96,,,,,,9,,,,,,98284,53,62,285,6,1,0,0,0,0,0,0,,,,,,0,,,20,0,0,0,0,9,1,,,0,0,0,1,9,2,401,417,0,1,1,0,2,1,0,,,,,,,,,,,,,,,,,,,,,,,,,,,,,,0,0,0,1,0,0,1,1,0,0,0,0,0,0,0,0,0,0,1,1,0,0,0,0,0,1,0,0,0,1,0,0,0,1,0,,1,0,0,0,0,0,1,1,0,0,1,0,0,0,1,0,,,,,,46-50,46-55,State route,U,Monday,Not Used,PV,Hispanic,1,0,0,0,State Route,State Patrol,Washington State Patrol Headquarter,0,1,0,0,0,,,,,,,,,,,,,,,,,,,,,,,,,,,,,,,,,,,,,,,,,,,
2017,520,E748935,290,12/17/2017,19:50,17,12,0,53,Pierce,2230,1,0,3,99,2,2,0,2,1,,,,24,0,0,0,1,0,1,4,2,4,6,0,3,0,0,N SHORE PARKWAY,,-122.3933778,47.30103056,0,1,2,13,2,35,2,0,0,1,2,42,3,2,2,1,14,2,1,53,0,58,42,2017,0,0,63,24,42,,,,1,1,57,1,6,1,4,7,99,0,11,0,12/17/2017,19:50,2.23E+11,55267,0,0,3,3,1,0,0,0,0,96,,,,,,99,,,,,,98023,53,67,180,6,1,0,0,0,0,0,0,,,,,,4,,,8,0,0,0,0,9,8,,,0,0,0,8,1,2,1,0,0,1,0,0,2,1,0.097,,,,,,,,,,,,,,,,,,,,,,,,,,,,,,0,0,0,0,1,1,0,1,0,0,0,0,1,0,0,0,0,0,0,0,0,0,0,0,0,0,0,0,0,1,0,0,0,0,0,,1,0,0,0,0,1,0,1,0,1,0,0,0,1,0,1,,,,,,56-60,56-65,City street,U,Sunday,Unknown,PV,Hispanic,0,1,0,0,City Street,Municipal/City Police,Tacoma Police Department,1,0,0,1,0,,,,,,,,,,,,,,,,,,,,,,,,,,,,,,,,,,,,,,,,,,,
2017,521,E749014,146,12/17/2017,0:20,17,12,0,77,Yakima,0,5,0,2,2,2,1,0,1,1,,,,1,0,0,2.5,1,0,1,6,1,2,4,0,0,0,0,CR-WANETA RD,,-119.9782639,46.29285,0,1,7,12,2,50,3,0,0,1,2,1,1,1,2,1,1,1,2,53,0,37,31,1991,0,0,63,69,68,64,1,42,1,1,24,1,1,98,4,7,20,0,11,0,12/17/2017,0:20,2.22E+11,54221,0,0,0,3,1,0,0,0,0,96,,,,,,99,,,,,,98930,53,74,150,6,1,1,6,0,6,2,0,,,,,,4,02/15/2014,09/15/2017,8,1,9,0,0,9,8,,,0,0,0,8,9,2,402,407,605,1,1,1,2,1,0.25,,,,,,,,,,,,,,,,,,,,,,,,,,,,,,0,0,0,0,1,1,1,1,1,0,0,0,1,0,0,0,0,0,0,1,0,0,0,1,1,0,0,0,0,1,0,0,0,1,0,,1,0,0,0,0,1,1,1,0,1,0,0,0,0,0,1,,,,,,21-25,16-25,County road,R,Sunday,Not Used,PV,Hispanic,0,1,0,0,County Road,County Sheriff,Yakima County Sheriff's Office,1,0,1,0,0,thc,7.1,carboxy-thc,40,,,,,,,,,,,,,,,,,,,,,,,,,,,,,,,,,,,,,,,
2017,522,E749080,262,12/14/2017,13:19,14,12,0,33,King,1958,1,0,1,1,2,1,0,3,1,,,,42,0,0,0,1,0,1,5,2,4,6,0,0,0,0,24TH AVE S,,-122.3024083,47.46890833,0,1,2,8,1,35,4,0,0,1,2,42,1,2,3,1,1,3,2,53,0,49,40,1996,0,0,63,42,38,,,,1,1,18,2,7,2,4,7,20,0,11,0,12/14/2017,13:19,1.96E+11,55185,0,0,0,3,1,0,0,0,0,3,,,,,,99,,,,,,98108,53,65,180,6,1,0,0,0,0,0,0,,,,,,3,,,8,0,0,0,0,9,8,,,0,0,0,8,9,2,605,0,0,1,0,0,2,1,0,,,,,,,,,,,,,,,,,,,,,,,,,,,,,,0,0,0,0,0,0,1,1,1,0,0,0,1,0,0,0,1,0,0,1,0,1,1,0,1,0,0,0,0,1,0,0,0,1,0,,1,0,0,0,0,0,1,1,1,1,0,0,0,0,1,0,,,,,,18-20,16-25,City street,U,Thursday,Not Used,PV,Black,0,1,0,0,City Street,Municipal/City Police,SeaTac Police Department,1,0,0,1,0,thc,3.8,carboxy-thc,55,,,,,,,,,,,,,,,,,,,,,,,,,,,,,,,,,,,,,,,
2017,535,E749500,55,12/19/2017,11:16,19,12,0,33,King,100,2,0,1,2,2,1,1,1,1,,,,8,0,0,0,1,0,1,5,2,4,6,0,0,0,0,29TH ST SE,,-122.2221556,47.28279722,0,1,13,80,5,35,4,0,0,1,2,8,1,1,2,1,1,1,1,53,0,37,31,2007,0,0,8,,,,,,1,1,87,2,0,0,0,0,3,0,11,0,,,,,0,0,0,3,1,0,0,0,0,93,,,,,,0,,,,,,98002,53,63,135,6,1,0,0,0,0,0,98,,,,,,0,,,20,0,0,0,8,9,8,,,0,0,0,8,0,0,0,0,0,0,0,0,0,0,996,,,,,,,,,,,,,,,,,,,,,,,,,,,,,,0,0,0,0,0,0,0,0,0,0,0,0,0,0,0,0,1,0,0,0,0,0,0,0,0,1,1,1,0,1,0,1,0,0,0,,0,0,0,0,0,0,0,0,1,0,0,0,0,0,0,0,,,,,,81+,76+,City street,U,Tuesday,Belt Used,PV,Not Fatal,0,0,0,0,City Street,Municipal/City Police,Auburn Police Department,0,0,0,1,0,,,,,,,,,,,,,,,,,,,,,,,,,,,,,,,,,,,,,,,,,,,
2017,523,E750315,8,12/15/2017,7:30,15,12,0,35,Kitsap,1730,10,0,4,1,2,1,1,1,1,7:35,7:41,,8,0,0,0,3,0,3,4,2,4,6,0,0,0,0,FRONT ST,TORVAL CANYON RD,-122.6505472,47.74563889,0,1,13,80,5,25,4,0,0,1,5,8,1,2,2,1,1,1,1,53,0,35,47,2012,0,0,8,,,,,,1,1,61,1,0,0,0,0,3,0,11,0,,,,,0,0,0,3,1,38,0,0,0,1,,,,,,99,,,,,,98340,53,70,180,6,1,0,0,0,1,0,46,,,,,,0,03/15/2014,03/15/2014,20,0,0,0,8,9,8,,,0,0,0,8,0,0,0,0,0,0,0,0,0,0,996,,,,,,,,,,,,,,,,,,,,,,,,,,,,,,0,0,0,1,0,0,0,0,0,0,0,0,0,0,0,0,1,0,1,0,0,0,0,0,0,0,0,0,0,1,0,1,0,0,0,,0,0,0,0,0,0,0,0,1,0,1,0,0,0,0,0,,,,,,61-65,56-65,City street,U,Friday,Belt Used,PV,Not Fatal,1,0,0,0,City Street,State Patrol,Washington State Patrol Headquarter,0,0,0,1,0,,,,,,,,,,,,,,,,,,,,,,,,,,,,,,,,,,,,,,,,,,,
2017,532,E750734,3,12/23/2017,3:24,23,12,9,53,Pierce,2230,1,0,2,1,2,1,0,1,1,,,,42,0,0,3.1,1,0,1,3,2,1,3,0,0,0,0,SR-509,,-122.3742194,47.24713889,0,1,2,6,1,50,4,0,0,1,5,42,3,1,2,3,14,1,3,53,0,19,3,2003,0,0,63,42,,,,,1,1,41,2,1,1,4,7,99,0,11,0,12/23/2017,3:24,2.23E+11,56042,99,9,9,9,1,0,0,0,0,96,,,,,,99,,,,,,99999,99,,999,9,9,99,99,99,99,99,0,,,,,,4,,,20,0,0,0,0,9,8,,,0,0,0,8,9,2,605,695,0,1,1,0,2,1,0.16,,,,,,,,,,,,,,,,,,,,,,,,,,,,,,0,0,0,0,1,1,1,1,1,0,0,0,1,0,0,0,0,0,0,0,0,0,0,0,0,0,0,0,0,1,0,0,0,0,0,,1,0,0,0,0,1,1,1,0,1,0,0,0,0,0,1,,,,,,41-45,36-45,State route,U,Saturday,Unknown,PV,Hispanic,0,1,0,0,City Street,Municipal/City Police,Tacoma Police Department,1,0,0,1,0,thc,12,carboxy-thc,71,,,,,,,,,,,,,,,,,,,,,,,,,,,,,,,,,,,,,,,
2017,542,E750745,35,12/16/2017,7:44,16,12,0,53,Pierce,0,10,0,4,2,1,1,0,3,2,7:42,8:01,8:37,12,0,2,4.5,1,0,1,3,2,2,4,0,0,0,0,CR-116TH ST S,,-122.4622167,47.15140556,0,1,50,6,1,35,20,0,0,1,5,12,3,1,4,1,14,2,1,53,0,12,442,2001,0,0,68,12,,,,,1,1,50,1,0,0,3,0,3,0,11,8,,,,,0,0,0,2,1,28,0,0,0,96,,,,,,9,,,,,,98057,53,70,210,1,1,0,1,0,0,6,0,,,,,,4,01/15/2013,11/15/2017,1,0,0,0,8,1,1,,,0,0,0,1,0,2,402,407,605,1,1,1,2,1,0,,,,,,,,,,,,,,,,,,,,,,,,,,,,,,0,0,0,0,0,0,1,1,1,0,0,0,1,1,0,0,0,0,0,0,0,0,0,0,0,0,0,0,0,1,1,0,0,0,0,,0,0,0,0,0,0,1,1,0,1,0,1,0,0,1,0,,,,,,46-50,46-55,County road,U,Saturday,Belt Used,PV,Not Fatal,0,1,1,0,County Road,County Sheriff,Law Enforcement Support Agency,0,0,1,0,0,thc,3.4,carboxy-thc,22,,,,,,,,,,,,,,,,,,,,,,,,,,,,,,,,,,,,,,,
2017,542,E750745,35,12/16/2017,7:44,16,12,0,53,Pierce,0,10,0,4,2,1,1,0,3,2,7:42,8:01,8:37,12,0,2,4.5,1,0,1,3,2,2,4,0,0,0,0,CR-116TH ST S,,-122.4622167,47.15140556,0,2,51,62,4,35,67,1,0,1,5,12,1,1,4,1,1,1,3,53,0,12,880,2015,0,0,12,,,,,,1,1,36,1,0,0,0,0,3,0,11,0,,,,,0,0,0,3,1,0,0,0,0,0,,,,,,0,,,,,,98499,53,68,220,6,1,0,1,0,0,0,0,,,,,,0,07/15/2017,07/15/2017,1,0,0,0,8,9,8,,,0,0,0,8,0,0,0,0,0,0,0,0,0,0,996,,,,,,,,,,,,,,,,,,,,,,,,,,,,,,0,0,0,0,0,0,1,1,1,0,0,0,1,1,0,0,0,0,0,0,0,0,0,0,0,0,0,0,0,1,1,0,0,0,0,,0,0,0,0,0,0,0,0,0,0,0,0,0,0,0,0,,,,,,36-40,36-45,County road,U,Saturday,Belt Used,MHTRUCK,Not Fatal,0,1,1,0,County Road,County Sheriff,Law Enforcement Support Agency,0,0,1,0,0,,,,,,,,,,,,,,,,,,,,,,,,,,,,,,,,,,,,,,,,,,,
2017,528,E750985,4,12/23/2017,1:34,23,12,9,63,Spokane,2110,10,0,3,1,1,1,0,2,2,1:35,1:40,,12,0,2,278.3,1,0,1,1,2,1,1,0,0,0,0,I-90,,-117.43235,47.65215,0,2,51,54,3,60,66,1,0,1,2,12,1,1,3,3,1,1,3,49,0,85,881,2016,0,0,12,,,,,,1,1,54,1,0,0,1,0,3,0,11,4,,,,,6,3,0,3,1,0,0,0,0,0,,,,,,0,,,,,,98371,53,69,185,6,1,0,0,0,0,0,0,,,,,,0,,,20,0,0,0,8,9,8,,,0,0,0,8,0,0,0,0,0,0,0,0,0,0,996,,,,,,,,,,,,,,,,,,,,,,,,,,,,,,0,0,0,0,1,1,0,1,0,0,0,0,0,0,0,0,0,0,0,0,0,0,0,0,0,0,0,0,0,1,1,0,0,0,0,,0,0,0,0,0,0,0,0,0,0,0,0,0,0,0,0,,,,,,51-55,46-55,Interstate,U,Saturday,,MHTRUCK,Not Fatal,0,0,0,1,State Route,State Patrol,Washington State Patrol Headquarter,0,1,0,0,0,,,,,,,,,,,,,,,,,,,,,,,,,,,,,,,,,,,,,,,,,,,
2017,528,E750985,4,12/23/2017,1:34,23,12,9,63,Spokane,2110,10,0,3,1,1,1,0,2,2,1:35,1:40,,12,0,2,278.3,1,0,1,1,2,1,1,0,0,0,0,I-90,,-117.43235,47.65215,0,1,50,54,3,98,5,0,0,1,2,12,1,1,3,3,1,1,1,53,0,7,25,2007,0,0,12,,,,,,1,1,34,2,7,1,4,7,3,0,11,0,12/23/2017,1:34,2.11E+11,55787,0,0,0,3,1,51,0,0,0,96,,,,,,9,,,,,,99202,53,69,175,6,1,0,3,1,1,0,0,,,,,,0,03/15/2013,07/15/2016,20,0,0,0,0,1,8,,,0,0,0,8,1,2,1,0,0,1,0,0,2,1,0.26,,,,,,,,,,,,,,,,,,,,,,,,,,,,,,0,0,0,0,1,1,0,1,0,0,0,0,0,0,0,0,0,0,0,0,0,0,0,0,0,0,0,0,0,1,1,0,0,0,0,,1,0,0,0,0,1,0,1,0,0,0,0,0,1,0,1,,,,,,31-35,26-35,Interstate,U,Saturday,Belt Used,PV,White,0,0,0,1,State Route,State Patrol,Washington State Patrol Headquarter,0,1,0,0,0,,,,,,,,,,,,,,,,,,,,,,,,,,,,,,,,,,,,,,,,,,,
2017,534,E751154,4,12/22/2017,14:45,22,12,0,75,Whitman,0,4,0,1,4,2,1,0,2,2,14:48,15:02,,12,0,98,19,1,0,1,3,1,1,2,0,0,0,0,US-195,,-117.2038583,46.69016389,1,1,98,6,1,60,4,0,0,1,2,12,1,1,2,1,1,1,2,16,0,48,34,2003,0,0,68,12,64,38,,,1,1,20,1,7,1,4,7,3,0,11,0,12/22/2017,14:45,1.76E+11,56220,0,0,3,3,1,28,87,0,0,96,,,,,,0,,,,,,83501,16,69,140,6,1,0,0,0,0,0,0,,,,,,0,,,1,0,0,0,0,9,8,,,0,0,0,8,0,2,401,0,0,1,0,0,2,1,0,,,,,,,,,,,,,,,,,,,,,,,,,,,,,,0,0,0,0,0,0,1,1,0,0,0,0,0,0,0,0,0,0,0,0,0,1,1,0,1,0,0,0,0,1,0,0,0,0,0,,1,0,0,0,0,0,1,1,0,0,0,0,0,0,1,0,,,,,,18-20,16-25,US highway,R,Friday,Belt Used,PV,White,0,1,1,0,State Route,State Patrol,Washington State Patrol Headquarter,0,1,0,0,0,,,,,,,,,,,,,,,,,,,,,,,,,,,,,,,,,,,,,,,,,,,
2017,534,E751154,4,12/22/2017,14:45,22,12,0,75,Whitman,0,4,0,1,4,2,1,0,2,2,14:48,15:02,,12,0,98,19,1,0,1,3,1,1,2,0,0,0,0,US-195,,-117.2038583,46.69016389,1,2,98,62,4,60,15,0,0,1,2,12,1,1,2,1,1,1,2,53,0,12,422,2015,0,0,12,,,,,,1,1,50,1,0,0,1,0,3,0,11,4,,,,,0,0,3,3,1,0,0,0,0,0,,,,,,0,,,,,,83843,16,68,160,6,1,0,0,0,0,0,0,,,,,,0,,,1,0,0,0,8,9,8,,,0,0,0,8,0,0,0,0,0,0,0,0,0,0,996,,,,,,,,,,,,,,,,,,,,,,,,,,,,,,0,0,0,0,0,0,1,1,0,0,0,0,0,0,0,0,0,0,0,0,0,1,1,0,1,0,0,0,0,1,0,0,0,0,0,,0,0,0,0,0,0,0,0,0,0,0,0,0,0,0,0,,,,,,46-50,46-55,US highway,R,Friday,Belt Used,PV,Not Fatal,0,1,1,0,State Route,State Patrol,Washington State Patrol Headquarter,0,1,0,0,0,,,,,,,,,,,,,,,,,,,,,,,,,,,,,,,,,,,,,,,,,,,
2017,526,E751231,7,12/18/2017,11:05,18,12,0,33,King,1960,3,0,1,2,1,1,0,1,1,,,,21,0,0,166.8,1,0,1,1,2,1,1,0,0,0,0,I-5,,-122.3286611,47.62161944,0,1,2,13,2,60,66,1,0,1,2,21,3,1,4,3,14,1,3,18,0,82,881,2017,0,0,63,21,,,,,1,1,54,1,6,98,4,7,3,0,11,0,12/18/2017,11:05,1.96E+11,55978,6,3,0,3,1,0,0,0,0,96,,,,,,99,,,,,,98047,53,75,290,6,1,0,1,0,0,0,0,,,,,,4,04/15/2017,04/15/2017,20,0,0,0,1,9,8,,,0,0,0,8,9,2,1,0,0,1,0,0,2,1,0,,,,,,,,,,,,,,,,,,,,,,,,,,,,,,0,0,0,0,0,0,0,0,0,0,0,0,1,0,0,0,0,0,0,0,0,0,0,0,0,0,0,0,0,0,1,0,0,0,0,,0,1,0,0,0,0,0,0,0,1,0,0,0,0,0,0,,,,,,51-55,46-55,Interstate,U,Monday,,MHTRUCK,Hispanic,0,1,0,0,State Route,State Patrol,Washington State Patrol Headquarter,1,1,0,0,0,,,,,,,,,,,,,,,,,,,,,,,,,,,,,,,,,,,,,,,,,,,