year,case,par,repjur,crash_dt,crash_tm,accday,accmon,holiday,county,co_char,city,weather,weather2,lightcond,surfcond,surftype,numfatal,nmforms,pforms,vforms,not_tm,arr_tm,hosp_tm,fhevent,hitrun,manncol,milepnt,reljunc,reljuncinter,intersectiontype,funcsystem,landuse,ownership,route,schlbus,spejur,contdev,devfunc,trafid1,trafid2,x,y,wk_zone,vnumber,crashtype,criticalevent,criticaleventcat,spdlim,body,trailer,emerg,hazcargo,leave,mhevent,roadalgn,roadprof,traflane,trafflow,vehmanvr,numoccs,regowner,regstate,spuse,make,model,modelyr,vrf1,vrf2,seqevent1,seqevent2,seqevent3,seqevent4,seqevent5,seqevent6,pnumber,ptype,age,sex,hispanic,race,injury,diedscene,restraint,restraintmisuse,seatpos,takehosp,death_dt,death_tm,cert,cernum_wa,commlic,licendor,licrestrict,liccomp,drivpres,drf1,drf2,drf3,drf4,distract1,distract2,distract3,distract4,distract5,distract6,dricond1,dricond2,dricond3,dricond4,dricond5,dricond6,dzip,licstate,drhgt_in,weight,noncdl,noncdltype,prevdwi,prevoth,prevacc,prevspd,prevsus,driviol1,driviol2,driviol3,driviol4,driviol5,driviol6,spdrel,first_dt,last_dt,airbag,ejection,ejectpath,extricat,injurwrk,methalc,methdrug,nmlocat,strikveh,prf1,prf2,prf3,druginv,alcinvol,drugsts,drugres1,drugres2,drugres3,drugtst1,drugtst2,drugtst3,alcsts,alctst,alcres,nmact1,nmact2,nmact3,nmact4,nmact5,nmact6,nmprior1,nmprior2,nmprior3,nmprior4,nmprior5,nmprior6,nmcond1,nmcond2,nmcond3,nmcond4,nmcond5,nmcond6,nmsafe_helmet,nmsafe_pads,nmsafe_oth,nmprev_ref,nmprev_lgt,nmprev_oth,crashlocation,nmcrashtype,crosswalk,schoolzone,sidewalk,train_inv,wildlife_inv,rotr_fars,intersect_fars,dd_inv,aid_inv,dpd_inv,id_inv,mj_inv,impnm_inv,ainm_inv,dpnm_inv,speed_inv,unlic_inv,unendmc_inv,drowsy_inv,drdist_inv,nmdist_inv,fty_inv,unrestfat_inv,dr1617_inv,dr1820_inv,dr1620_inv,dr2125_inv,dr1625_inv,dr65_inv,dr70_inv,dr75_inv,mc_inv,pv_inv,ht_inv,ped_inv,bike_inv,unrest_fat,mc_fat,unhelmet_mc,pv_fat,ht_fat,ped_fat,bike_fat,dr_alc7,dr_alc8,dr_drug,dr_imp,dr_dist,dr_spd,dr_fty,dr_unlic,dr_alc7only,dr_alc8only,dr_drugonly,dr_drink,nm_imp,nm_alc7,nm_alc8,nm_drug,nm_dist,agegrp1,agegrp2,roadclass,urbrur,dayweek,restuse,vehtype,race_me,intersect,lanedep,oppdir,wrongway,rep_typ,investag,repag_long,rotr,st_rd,cty_rd,city_rd,oth_rd,drug_thc,thc_res,drug_cthc,cthc_res,drug_cann,prevpersemin,prevperse,prevsusoth,drugtst4,drugtst5,drugtst6,drugtst7,drugtst8,drugres4,drugres5,drugres6,drugres7,drugres8,adspresent,adsengaged,adslevel,race1,race2,race3,race4,race5,helmet,helmetmisuse,nmdistract1,nmdistract2,nmdistract3,nmdistract4,nmdistract5,nmdistract6,lab,isedtcase,crf1,crf2,crf3,CoRoadName,CoMP,IntCoRoadName,IntCoMP
2017,524,E751656,2,12/18/2017,5:20,18,12,0,29,Island,0,10,0,3,2,2,2,0,2,2,,,,12,0,2,24.9,1,0,1,3,1,1,3,0,0,0,0,SR-20,,-122.7391917,48.23135,0,1,50,10,2,50,5,0,0,1,2,12,2,2,2,1,14,1,1,53,0,41,55,2011,0,0,68,12,,,,,1,1,79,1,7,1,4,7,3,0,11,0,12/18/2017,5:20,47053054886,54886,0,0,0,3,1,28,0,0,0,0,,,,,,1,,,,,,98277,53,73,185,6,1,0,0,1,0,1,0,,,,,,0,01/15/2013,10/15/2013,1,0,0,0,0,9,8,,,0,0,0,8,0,2,605,0,0,1,0,0,2,1,0,,,,,,,,,,,,,,,,,,,,,,,,,,,,,,0,0,0,0,0,0,1,1,1,0,0,0,0,0,0,0,0,0,0,0,0,0,0,0,0,1,1,1,0,1,0,0,0,0,0,,1,0,0,0,0,0,1,1,0,0,0,0,0,0,1,0,,,,,,76-80,76+,State route,R,Monday,Belt Used,PV,White,0,1,1,0,State Route,State Patrol,Washington State Patrol Headquarter,0,1,0,0,0,,,carboxy-thc,8.5,,,,,,,,,,,,,,,,,,,,,,,,,,,,,,,,,,,,,,,
2017,524,E751656,2,12/18/2017,5:20,18,12,0,29,Island,0,10,0,3,2,2,2,0,2,2,,,,12,0,2,24.9,1,0,1,3,1,1,3,0,0,0,0,SR-20,,-122.7391917,48.23135,0,2,51,62,4,50,4,0,0,1,2,12,3,2,2,1,14,1,2,53,0,49,40,2000,0,0,12,,,,,,1,1,59,2,7,1,4,7,3,0,11,0,12/18/2017,5:20,47053054884,54884,0,0,3,3,1,0,0,0,0,0,,,,,,0,,,,,,98277,53,64,185,6,1,0,0,0,0,0,0,,,,,,0,,,1,0,0,0,0,9,8,,,0,0,0,8,0,2,605,0,0,1,1,0,2,1,0,,,,,,,,,,,,,,,,,,,,,,,,,,,,,,0,0,0,0,0,0,1,1,1,0,0,0,0,0,0,0,0,0,0,0,0,0,0,0,0,1,1,1,0,1,0,0,0,0,0,,1,0,0,0,0,0,1,1,0,0,0,0,0,0,1,0,,,,,,56-60,56-65,State route,R,Monday,Belt Used,PV,White,0,1,1,0,State Route,State Patrol,Washington State Patrol Headquarter,0,1,0,0,0,thc,1,carboxy-thc,6,,,,,,,,,,,,,,,,,,,,,,,,,,,,,,,,,,,,,,,
2017,506,E752354,7,12/07/2017,15:44,7,12,0,33,King,0,1,0,1,2,2,1,0,4,3,,,,12,0,2,51.1,1,0,1,3,1,1,2,0,0,0,0,US-2,,-121.3136111,47.71208611,0,2,51,62,4,60,20,0,0,1,2,12,1,2,2,1,1,1,3,53,0,12,444,2016,0,0,12,,,,,,1,1,53,1,0,0,0,0,3,0,11,0,,,,,0,0,0,3,1,0,0,0,0,0,,,,,,0,,,,,,98371,53,71,175,6,1,0,0,0,0,0,0,,,,,,0,,,8,0,0,0,8,9,8,,,0,0,0,8,0,2,1,0,0,1,0,0,2,1,0,,,,,,,,,,,,,,,,,,,,,,,,,,,,,,0,0,0,0,0,0,1,1,0,0,0,0,0,1,1,0,0,0,0,0,0,0,0,0,0,0,0,0,1,1,0,0,0,0,0,,0,0,0,0,0,0,0,0,0,0,0,0,0,0,0,0,,,,,,51-55,46-55,US highway,R,Thursday,Belt Used,PV,Not Fatal,0,1,1,0,State Route,State Patrol,Washington State Patrol Headquarter,0,1,0,0,0,,,,,,,,,,,,,,,,,,,,,,,,,,,,,,,,,,,,,,,,,,,
2017,506,E752354,7,12/07/2017,15:44,7,12,0,33,King,0,1,0,1,2,2,1,0,4,3,,,,12,0,2,51.1,1,0,1,3,1,1,2,0,0,0,0,US-2,,-121.3136111,47.71208611,0,1,50,10,2,60,82,0,0,1,2,12,1,2,2,1,1,1,1,53,0,72,706,2014,0,0,68,12,68,12,2,,1,1,60,2,7,1,4,7,19,0,11,0,12/07/2017,15:44,2.02E+11,57684,0,0,0,2,1,28,0,0,0,96,,,,,,9,,,,,,98826,53,61,137,1,1,0,2,4,0,6,0,,,,,,0,05/15/2014,08/15/2017,20,8,0,0,0,9,1,,,0,0,0,1,9,2,167,300,321,1,1,1,2,1,0,,,,,,,,,,,,,,,,,,,,,,,,,,,,,,0,0,0,0,0,0,1,1,0,0,0,0,0,1,1,0,0,0,0,0,0,0,0,0,0,0,0,0,1,1,0,0,0,0,1,0,0,0,0,0,0,0,1,1,0,0,0,1,0,0,1,0,,,,,,56-60,56-65,US highway,R,Thursday,,MC,White,0,1,1,0,State Route,State Patrol,Washington State Patrol Headquarter,0,1,0,0,0,,,,,,,,,,,,,,,,,,,,,,,,,,,,,,,,,,,,,,,,,,,
2017,506,E752354,7,12/07/2017,15:44,7,12,0,33,King,0,1,0,1,2,2,1,0,4,3,,,,12,0,2,51.1,1,0,1,3,1,1,2,0,0,0,0,US-2,,-121.3136111,47.71208611,0,3,98,62,4,60,15,0,0,1,5,12,1,2,2,1,1,2,1,53,0,20,421,1999,0,0,12,,,,,,1,1,55,1,0,0,0,0,3,0,11,0,,,,,0,0,0,3,1,0,0,0,0,0,,,,,,0,,,,,,98855,53,73,220,6,1,0,0,0,3,0,0,,,,,,0,05/15/2013,04/15/2016,20,0,0,0,8,9,8,,,0,0,0,8,0,2,1,0,0,1,0,0,2,1,0,,,,,,,,,,,,,,,,,,,,,,,,,,,,,,0,0,0,0,0,0,1,1,0,0,0,0,0,1,1,0,0,0,0,0,0,0,0,0,0,0,0,0,1,1,0,0,0,0,0,,0,0,0,0,0,0,0,0,0,0,0,0,0,0,0,0,,,,,,51-55,46-55,US highway,R,Thursday,Belt Used,PV,Not Fatal,0,1,1,0,State Route,State Patrol,Washington State Patrol Headquarter,0,1,0,0,0,,,,,,,,,,,,,,,,,,,,,,,,,,,,,,,,,,,,,,,,,,,
2017,537,E752997,2,12/29/2017,6:08,29,12,0,29,Island,0,2,0,2,2,2,1,0,2,2,,,,12,0,2,2.3,1,0,1,6,1,2,4,0,0,0,0,CR-SILVER LAKE RD,,-122.5621528,48.31818611,0,2,51,62,4,50,34,0,0,1,2,12,3,2,2,1,14,1,1,53,0,7,482,2012,0,0,12,,,,,,1,1,29,1,0,0,0,0,3,0,11,0,,,,,0,0,0,3,1,0,0,0,0,0,,,,,,0,,,,,,78727,48,,999,6,1,0,0,0,1,0,0,,,,,,0,07/15/2017,07/15/2017,1,0,0,0,8,9,8,,,0,0,0,8,0,0,0,0,0,0,0,0,0,0,996,,,,,,,,,,,,,,,,,,,,,,,,,,,,,,0,0,0,0,0,0,1,1,0,0,0,0,0,0,0,0,0,0,0,0,0,0,0,0,0,0,0,0,0,0,0,0,0,0,0,,0,0,0,0,0,0,0,0,0,0,0,0,0,0,0,0,,,,,,26-30,26-35,County road,R,Friday,Belt Used,PV,Not Fatal,0,1,1,0,County Road,State Patrol,Washington State Patrol Headquarter,0,0,1,0,0,,,,,,,,,,,,,,,,,,,,,,,,,,,,,,,,,,,,,,,,,,,
2017,537,E752997,2,12/29/2017,6:08,29,12,0,29,Island,0,2,0,2,2,2,1,0,2,2,,,,12,0,2,2.3,1,0,1,6,1,2,4,0,0,0,0,CR-SILVER LAKE RD,,-122.5621528,48.31818611,0,1,50,10,2,50,34,0,0,1,2,12,2,2,2,1,14,1,1,53,0,20,471,1994,0,0,68,12,,,,,1,1,38,1,99,99,4,7,20,0,11,0,12/29/2017,6:21,1.55E+11,56346,0,0,3,3,1,28,0,0,0,96,,,,,,9,,,,,,98277,53,75,225,6,1,0,3,5,5,2,0,,,,,,0,03/15/2013,04/15/2017,20,0,0,0,0,9,2,,,0,0,0,1,0,2,177,401,417,1,1,1,2,1,0,,,,,,,,,,,,,,,,,,,,,,,,,,,,,,0,0,0,0,0,0,1,1,0,0,0,0,0,0,0,0,0,0,0,0,0,0,0,0,0,0,0,0,0,0,0,0,0,1,0,,0,0,0,0,0,0,1,1,0,0,0,0,0,0,1,0,,,,,,36-40,36-45,County road,R,Friday,Not Used,PV,Oth/Unk,0,1,1,0,County Road,State Patrol,Washington State Patrol Headquarter,0,0,1,0,0,,,,,,,,,,,,,,,,,,,,,,,,,,,,,,,,,,,,,,,,,,,
2017,530,E753247,3,12/24/2017,15:41,24,12,9,53,Pierce,0,4,0,3,3,2,1,0,5,1,15:33,15:58,16:39,42,0,0,39.4,1,0,1,4,1,1,3,0,0,0,0,SR-507,,-122.4991278,47.02875278,0,1,6,6,1,55,15,0,0,1,2,42,1,1,2,1,1,5,1,53,0,20,421,2001,0,0,68,64,42,,,,1,1,36,2,0,0,1,0,3,0,11,4,,,,,0,0,0,3,1,87,0,0,0,96,,,,,,0,,,,,,98372,53,61,115,6,1,0,0,0,0,0,0,,,,,,4,,,20,0,0,0,8,9,8,,,0,0,0,8,0,0,0,0,0,0,0,0,0,0,996,,,,,,,,,,,,,,,,,,,,,,,,,,,,,,0,0,1,0,0,0,0,0,0,0,0,0,1,0,0,0,0,0,0,0,0,0,0,0,0,0,0,0,0,1,0,0,0,0,0,,0,0,0,0,0,0,0,0,0,1,0,0,0,0,0,0,,,,,,36-40,36-45,State route,R,Sunday,Belt Used,PV,Not Fatal,0,1,0,0,State Route,State Patrol,Washington State Patrol Headquarter,1,1,0,0,0,,,,,,,,,,,,,,,,,,,,,,,,,,,,,,,,,,,,,,,,,,,
2017,515,E753370,2,12/12/2017,14:45,12,12,0,61,Snohomish,0,1,0,1,1,2,1,0,4,3,,,,12,0,1,2.9,2,0,2,4,2,1,3,0,0,0,0,SR-92,44TH ST NE,-122.0498694,48.03599722,0,2,98,62,4,55,34,0,0,1,2,12,1,2,2,1,1,2,1,53,0,12,481,2002,0,0,12,,,,,,1,1,46,1,0,0,2,0,3,0,11,4,,,,,0,0,0,3,1,0,0,0,0,0,,,,,,0,,,,,,98252,53,73,193,6,1,0,0,0,0,0,0,,,,,,0,,,20,0,0,0,8,9,8,,,0,0,0,8,0,2,1,0,0,1,0,0,2,1,0,,,,,,,,,,,,,,,,,,,,,,,,,,,,,,0,0,0,1,0,0,1,1,0,0,0,0,0,1,0,0,1,0,0,1,0,0,0,1,1,0,0,0,0,1,0,0,0,0,0,,0,0,0,0,0,0,0,0,0,0,0,0,0,0,0,0,,,,,,46-50,46-55,State route,U,Tuesday,Belt Used,PV,Not Fatal,1,0,0,0,State Route,State Patrol,Washington State Patrol Headquarter,0,1,0,0,0,,,,,,,,,,,,,,,,,,,,,,,,,,,,,,,,,,,,,,,,,,,
2017,515,E753370,2,12/12/2017,14:45,12,12,0,61,Snohomish,0,1,0,1,1,2,1,0,4,3,,,,12,0,1,2.9,2,0,2,4,2,1,3,0,0,0,0,SR-92,44TH ST NE,-122.0498694,48.03599722,0,1,21,53,3,55,6,0,0,1,2,12,1,2,2,1,5,1,1,53,0,48,34,1997,0,0,12,68,12,,,,1,1,30,1,7,1,4,7,20,0,11,0,12/12/2017,14:45,1.12E+11,53949,0,0,0,2,1,0,0,0,0,0,,,,,,99,,,,,,98258,53,70,180,1,1,0,0,0,0,0,0,,,,,,0,,,20,0,0,0,0,9,8,,,0,0,0,8,9,2,128,167,177,1,1,1,2,1,0,,,,,,,,,,,,,,,,,,,,,,,,,,,,,,0,0,0,1,0,0,1,1,0,0,0,0,0,1,0,0,1,0,0,1,0,0,0,1,1,0,0,0,0,1,0,0,0,1,0,,1,0,0,0,0,0,1,1,0,0,0,1,0,0,1,0,,,,,,26-30,26-35,State route,U,Tuesday,Not Used,PV,White,1,0,0,0,State Route,State Patrol,Washington State Patrol Headquarter,0,1,0,0,0,,,,,,,,,,,,,,,,,,,,,,,,,,,,,,,,,,,,,,,,,,,
2017,515,E753370,2,12/12/2017,14:45,12,12,0,61,Snohomish,0,1,0,1,1,2,1,0,4,3,,,,12,0,1,2.9,2,0,2,4,2,1,3,0,0,0,0,SR-92,44TH ST NE,-122.0498694,48.03599722,0,3,20,50,3,55,4,0,0,1,2,12,1,2,2,1,1,1,1,53,0,12,37,2006,0,0,12,,,,,,1,1,23,2,0,0,2,0,3,0,11,0,,,,,0,0,3,3,1,0,0,0,0,12,,,,,,0,,,,,,98258,53,65,158,6,1,0,0,0,0,0,97,,,,,,0,,,20,0,0,0,8,9,8,,,0,0,0,8,0,0,0,0,0,0,0,0,0,0,996,,,,,,,,,,,,,,,,,,,,,,,,,,,,,,0,0,0,1,0,0,1,1,0,0,0,0,0,1,0,0,1,0,0,1,0,0,0,1,1,0,0,0,0,1,0,0,0,0,0,,0,0,0,0,0,0,0,0,1,0,0,0,0,0,0,0,,,,,,21-25,16-25,State route,U,Tuesday,Belt Used,PV,Not Fatal,1,0,0,0,State Route,State Patrol,Washington State Patrol Headquarter,0,1,0,0,0,,,,,,,,,,,,,,,,,,,,,,,,,,,,,,,,,,,,,,,,,,,
2017,531,E753420,5,12/24/2017,2:48,24,12,9,11,Clark,2370,1,0,3,8,1,1,0,1,1,,,,42,0,0,30.8,1,0,1,1,2,1,1,0,0,0,0,I-205,,-122.5705667,45.65678889,0,1,7,6,1,60,4,0,0,1,2,42,1,1,3,3,1,1,1,41,0,59,34,2000,0,0,64,42,,,,,1,1,34,1,7,48,4,7,3,0,11,0,12/24/2017,2:48,2.37E+11,55407,0,0,0,3,1,0,0,0,0,96,,,,,,9,,,,,,97213,41,67,120,6,1,0,0,0,0,1,0,,,,,,4,12/15/2014,12/15/2014,8,0,0,0,0,1,8,,,0,0,0,8,1,2,605,695,0,1,1,0,2,1,0.19,,,,,,,,,,,,,,,,,,,,,,,,,,,,,,0,0,0,0,1,1,1,1,1,0,0,0,1,0,0,0,0,0,0,0,0,0,0,0,0,0,0,0,0,1,0,0,0,0,0,,1,0,0,0,0,1,1,1,0,1,0,0,0,0,0,1,,,,,,31-35,26-35,Interstate,U,Sunday,Belt Used,PV,API,0,1,0,0,State Route,State Patrol,Washington State Patrol Headquarter,1,1,0,0,0,thc,5,carboxy-thc,39,,,,,,,,,,,,,,,,,,,,,,,,,,,,,,,,,,,,,,,
2017,536,E754240,4,12/29/2017,10:18,29,12,0,1,Adams,0,2,0,1,3,2,1,0,2,1,10:22,10:43,11:30,1,0,0,200.3,1,0,1,1,1,1,1,0,0,0,0,I-90,,-118.7673917,47.08638889,0,1,2,6,1,70,14,0,0,1,2,1,1,2,2,2,1,2,1,53,0,2,404,2000,0,0,63,1,,,,,1,1,35,1,0,0,3,0,20,0,11,4,,,,,0,0,0,3,1,87,0,0,0,96,,,,,,0,,,,,,98155,53,77,220,6,1,0,1,1,2,2,97,,,,,,4,05/15/2014,06/15/2017,20,0,0,0,8,9,8,,,0,0,0,8,0,0,0,0,0,0,0,0,0,0,996,,,,,,,,,,,,,,,,,,,,,,,,,,,,,,0,0,0,0,0,0,0,0,0,0,0,0,1,0,0,0,0,0,0,0,0,0,0,0,0,0,0,0,0,1,0,0,0,0,0,,0,0,0,0,0,0,0,0,0,1,0,0,0,0,0,0,,,,,,31-35,26-35,Interstate,R,Friday,Not Used,PV,Not Fatal,0,1,0,0,State Route,State Patrol,Washington State Patrol Headquarter,1,1,0,0,0,,,,,,,,,,,,,,,,,,,,,,,,,,,,,,,,,,,,,,,,,,,
2017,540,E754384,4,12/30/2017,17:39,30,12,0,1,Adams,0,1,0,2,4,2,1,0,3,1,17:44,18:00,18:25,1,0,0,102.3,1,0,1,3,1,1,2,0,0,0,0,US-395,,-118.3919417,47.108825,0,1,7,6,1,70,14,0,0,1,2,1,1,1,2,3,1,3,1,53,0,20,403,2006,0,0,64,1,,,,,1,1,62,1,7,1,4,0,3,0,11,4,01/10/2018,16:15,2.11E+11,2092,0,0,0,3,1,87,0,0,0,96,,,,,,99,,,,,,99122,53,71,185,6,1,0,0,0,0,0,0,,,,,,4,,,20,0,0,0,0,9,8,,,0,0,0,8,0,2,1,0,0,1,0,0,2,1,0,,,,,,,,,,,,,,,,,,,,,,,,,,,,,,0,0,0,0,0,0,0,0,0,0,0,0,1,0,0,0,0,0,0,0,0,0,0,0,0,0,0,0,0,1,0,0,0,0,0,,1,0,0,0,0,0,0,0,0,1,0,0,0,0,0,0,,,,,,61-65,56-65,US highway,R,Saturday,Belt Used,PV,White,0,1,0,0,State Route,State Patrol,Washington State Patrol Headquarter,1,1,0,0,0,,,,,,,,,,,,,,,,,,,,,,,,,,,,,,,,,,,,,,,,,,,
2018,1,E754460,222,01/01/2018,17:50,1,1,1,67,Thurston,1590,1,0,3,1,2,1,0,2,2,,,,12,0,6,0,2,0,2,3,2,4,6,0,0,3,3,MARTIN WAY E,SLEATER KINNEY RD NE,-122.8337333,47.04793611,0,1,69,17,2,35,80,0,0,1,5,12,1,1,8,1,1,1,1,53,0,72,706,2003,0,0,12,,,,,,1,1,64,1,7,1,4,7,19,0,11,0,01/01/2018,17:50,1.10E+11,432,0,0,0,3,1,0,0,0,0,96,,,,,,99,,,,,,98506,53,69,190,6,1,0,0,0,1,,0,,,,,,0,09/15/2014,09/15/2014,20,8,0,0,0,9,8,,,0,0,0,8,9,2,605,,,1,,,2,1,0.074,,,,,,,,,,,,,,,,,,,,,,,,,,,,,,0,0,0,1,1,0,1,1,1,0,0,0,0,0,0,0,0,0,0,0,0,0,0,1,1,0,0,0,1,1,0,0,0,0,1,0,0,0,0,0,1,0,1,1,0,0,0,0,0,0,0,1,,,,,,61-65,56-65,City street,U,Monday,,MC,White,1,0,0,0,City Street,Municipal/City Police,Olympia Police Department,0,0,0,1,0,thc,1.9,,,,0,0,0,,,,,,,,,,,,,,,,,,,,,,,,,,,,,,,,,,,
2018,1,E754460,222,01/01/2018,17:50,1,1,1,67,Thurston,1590,1,0,3,1,2,1,0,2,2,,,,12,0,6,0,2,0,2,3,2,4,6,0,0,3,3,MARTIN WAY E,SLEATER KINNEY RD NE,-122.8337333,47.04793611,0,2,68,15,2,35,14,0,0,1,5,12,1,1,7,1,11,1,1,53,0,2,404,2005,0,0,12,,,,,,1,1,23,1,0,0,0,0,3,0,11,0,,,,,0,0,0,3,1,0,0,0,0,96,,,,,,0,,,,,,98516,53,68,150,6,1,0,3,1,3,,0,,,,,,0,09/15/2013,02/15/2017,1,0,0,0,8,9,8,,,0,0,0,8,0,8,95,,,96,,,8,95,995,,,,,,,,,,,,,,,,,,,,,,,,,,,,,,0,0,0,1,1,0,1,1,1,0,0,0,0,0,0,0,0,0,0,0,0,0,0,1,1,0,0,0,1,1,0,0,0,0,0,,0,0,0,0,0,0,0,0,0,0,0,0,0,0,0,0,,,,,,21-25,16-25,City street,U,Monday,Belt Used,PV,Not Fatal,1,0,0,0,City Street,Municipal/City Police,Olympia Police Department,0,0,0,1,0,,,,,,0,0,1,,,,,,,,,,,,,,,,,,,,,,,,,,,,,,,,,,,
2017,483,E754695,8,11/20/2017,22:15,20,11,0,35,Kitsap,0,1,0,2,1,2,1,0,3,3,22:16,22:28,,1,0,0,0.3,5,1,1,3,1,1,3,0,0,0,0,SR-16 RAMP Q101864,,-122.6248528,47.40727222,0,1,98,6,1,98,80,0,0,1,2,12,1,1,1,6,1,1,1,53,0,98,705,1997,0,0,1,12,12,,,,1,1,32,1,7,1,4,0,5,0,11,1,11/21/2017,11:51,1.96E+11,51126,0,0,0,3,1,0,0,0,0,96,,,,,,99,,,,,,98359,53,69,155,6,1,0,0,1,0,0,0,,,,,,4,05/15/2014,05/15/2014,20,8,0,0,0,9,8,,,0,0,0,8,1,2,695,0,0,1,0,0,2,1,0,,,,,,,,,,,,,,,,,,,,,,,,,,,,,,0,0,0,0,1,0,1,1,1,0,0,0,1,0,0,0,0,0,0,0,0,0,0,0,0,0,0,0,1,0,1,0,0,0,1,0,0,0,0,0,0,0,1,1,0,1,0,0,0,0,1,1,,,,,,31-35,26-35,State route,R,Monday,,MC,White,0,1,0,0,State Route,State Patrol,Washington State Patrol Headquarter,1,1,0,0,0,,,carboxy-thc,10,,,,,,,,,,,,,,,,,,,,,,,,,,,,,,,,,,,,,,,
2017,483,E754695,8,11/20/2017,22:15,20,11,0,35,Kitsap,0,1,0,2,1,2,1,0,3,3,22:16,22:28,,1,0,0,0.3,5,1,1,3,1,1,3,0,0,0,0,SR-16 RAMP Q101864,,-122.6248528,47.40727222,0,2,98,60,4,60,63,0,0,1,5,12,1,1,2,3,1,1,3,53,0,84,884,2004,0,0,12,,,,,,1,1,61,1,0,0,0,0,3,0,11,0,,,,,6,2,3,3,1,0,0,0,0,0,,,,,,0,,,,,,98366,53,71,200,6,1,0,1,0,0,0,0,,,,,,0,06/15/2015,06/15/2015,20,0,0,0,8,9,8,,,0,0,0,8,0,0,0,0,0,0,0,0,0,0,996,,,,,,,,,,,,,,,,,,,,,,,,,,,,,,0,0,0,0,1,0,1,1,1,0,0,0,1,0,0,0,0,0,0,0,0,0,0,0,0,0,0,0,1,0,1,0,0,0,0,,0,0,0,0,0,0,0,0,0,0,0,0,0,0,0,0,,,,,,61-65,56-65,State route,R,Monday,,MHTRUCK,Not Fatal,0,1,0,0,State Route,State Patrol,Washington State Patrol Headquarter,1,1,0,0,0,,,,,,,,,,,,,,,,,,,,,,,,,,,,,,,,,,,,,,,,,,,
2017,483,E754695,8,11/20/2017,22:15,20,11,0,35,Kitsap,0,1,0,2,1,2,1,0,3,3,22:16,22:28,,1,0,0,0.3,5,1,1,3,1,1,3,0,0,0,0,SR-16 RAMP Q101864,,-122.6248528,47.40727222,0,3,98,60,4,60,34,0,0,1,5,12,1,1,2,3,1,1,3,53,0,20,481,2014,0,0,12,,,,,,1,1,55,2,0,0,0,0,3,0,11,0,,,,,0,0,3,3,1,0,0,0,0,0,,,,,,0,,,,,,98366,53,68,170,6,1,0,0,0,0,0,0,,,,,,0,,,20,0,0,0,8,9,8,,,0,0,0,8,0,0,0,0,0,0,0,0,0,0,996,,,,,,,,,,,,,,,,,,,,,,,,,,,,,,0,0,0,0,1,0,1,1,1,0,0,0,1,0,0,0,0,0,0,0,0,0,0,0,0,0,0,0,1,0,1,0,0,0,0,,0,0,0,0,0,0,0,0,0,0,0,0,0,0,0,0,,,,,,51-55,46-55,State route,R,Monday,Belt Used,PV,Not Fatal,0,1,0,0,State Route,State Patrol,Washington State Patrol Headquarter,1,1,0,0,0,,,,,,,,,,,,,,,,,,,,,,,,,,,,,,,,,,,,,,,,,,,
2018,4,E755037,268,01/03/2018,17:55,3,1,0,45,Mason,2000,1,0,3,1,2,1,1,1,1,17:59,18:25,19:11,8,0,0,0,1,0,1,3,2,4,6,0,0,0,0,OLYMPIC HWY N,,-123.1217056,47.22366389,0,1,13,80,5,30,34,0,0,1,5,8,1,1,3,5,1,1,1,53,0,12,481,2010,0,0,8,,,,,,1,1,78,1,0,0,0,0,3,0,11,0,,,,,6,0,0,3,1,0,0,0,0,96,,,,,,0,,,,,,98584,53,70,195,6,1,0,1,2,0,,0,,,,,,0,09/15/2013,09/15/2015,20,0,0,0,8,9,8,,,0,0,0,8,9,2,1,,,1,,,2,1,0,,,,,,,,,,,,,,,,,,,,,,,,,,,,,,0,0,0,0,0,0,0,0,0,1,1,0,0,0,0,0,0,1,0,0,0,0,0,0,0,1,1,1,0,1,0,1,0,0,0,,0,0,0,0,0,0,0,0,0,0,0,0,0,0,0,0,,,,,,76-80,76+,City street,U,Wednesday,Belt Used,PV,Not Fatal,0,0,0,0,City Street,Municipal/City Police,Shelton Police Department,0,0,0,1,0,,,,,,0,0,0,,,,,,,,,,,,,,,,,,,,,,,,,,,,,,,,,,,
2018,5,E755994,127,01/05/2018,13:50,5,1,0,33,King,735,2,0,1,2,2,1,0,6,3,14:04,14:07,14:59,12,0,6,7.7,2,0,2,3,2,1,3,0,0,3,3,SR-99,SR-509,-122.3121389,47.33585833,0,2,68,15,2,45,14,0,0,1,5,12,8,8,8,1,11,1,2,53,0,49,401,2007,0,0,12,,,,,,1,1,31,1,0,0,0,0,3,0,11,0,,,,,0,0,3,3,1,0,0,0,0,96,,,,,,0,,,,,,98003,53,69,125,6,1,0,0,0,0,,0,,,,,,0,,,20,0,0,0,8,9,8,,,0,0,0,8,0,8,95,,,96,,,8,95,995,,,,,,,,,,,,,,,,,,,,,,,,,,,,,,0,0,0,1,0,0,1,1,1,0,0,0,1,1,0,0,0,0,0,0,0,1,1,0,1,0,0,0,0,1,0,0,0,0,0,,0,0,0,0,0,0,0,0,0,0,0,0,0,0,0,0,,,,,,31-35,26-35,State route,U,Friday,Belt Used,PV,Not Fatal,1,0,0,0,State Route,Municipal/City Police,Federal Way Dept of Public Safety,0,1,0,0,0,,,,,,0,0,0,,,,,,,,,,,,,,,,,,,,,,,,,,,,,,,,,,,