year,case,par,repjur,crash_dt,crash_tm,accday,accmon,holiday,county,co_char,city,weather,weather2,lightcond,surfcond,surftype,numfatal,nmforms,pforms,vforms,not_tm,arr_tm,hosp_tm,fhevent,hitrun,manncol,milepnt,reljunc,reljuncinter,intersectiontype,funcsystem,landuse,ownership,route,schlbus,spejur,contdev,devfunc,trafid1,trafid2,x,y,wk_zone,vnumber,crashtype,criticalevent,criticaleventcat,spdlim,body,trailer,emerg,hazcargo,leave,mhevent,roadalgn,roadprof,traflane,trafflow,vehmanvr,numoccs,regowner,regstate,spuse,make,model,modelyr,vrf1,vrf2,seqevent1,seqevent2,seqevent3,seqevent4,seqevent5,seqevent6,pnumber,ptype,age,sex,hispanic,race,injury,diedscene,restraint,restraintmisuse,seatpos,takehosp,death_dt,death_tm,cert,cernum_wa,commlic,licendor,licrestrict,liccomp,drivpres,drf1,drf2,drf3,drf4,distract1,distract2,distract3,distract4,distract5,distract6,dricond1,dricond2,dricond3,dricond4,dricond5,dricond6,dzip,licstate,drhgt_in,weight,noncdl,noncdltype,prevdwi,prevoth,prevacc,prevspd,prevsus,driviol1,driviol2,driviol3,driviol4,driviol5,driviol6,spdrel,first_dt,last_dt,airbag,ejection,ejectpath,extricat,injurwrk,methalc,methdrug,nmlocat,strikveh,prf1,prf2,prf3,druginv,alcinvol,drugsts,drugres1,drugres2,drugres3,drugtst1,drugtst2,drugtst3,alcsts,alctst,alcres,nmact1,nmact2,nmact3,nmact4,nmact5,nmact6,nmprior1,nmprior2,nmprior3,nmprior4,nmprior5,nmprior6,nmcond1,nmcond2,nmcond3,nmcond4,nmcond5,nmcond6,nmsafe_helmet,nmsafe_pads,nmsafe_oth,nmprev_ref,nmprev_lgt,nmprev_oth,crashlocation,nmcrashtype,crosswalk,schoolzone,sidewalk,train_inv,wildlife_inv,rotr_fars,intersect_fars,dd_inv,aid_inv,dpd_inv,id_inv,mj_inv,impnm_inv,ainm_inv,dpnm_inv,speed_inv,unlic_inv,unendmc_inv,drowsy_inv,drdist_inv,nmdist_inv,fty_inv,unrestfat_inv,dr1617_inv,dr1820_inv,dr1620_inv,dr2125_inv,dr1625_inv,dr65_inv,dr70_inv,dr75_inv,mc_inv,pv_inv,ht_inv,ped_inv,bike_inv,unrest_fat,mc_fat,unhelmet_mc,pv_fat,ht_fat,ped_fat,bike_fat,dr_alc7,dr_alc8,dr_drug,dr_imp,dr_dist,dr_spd,dr_fty,dr_unlic,dr_alc7only,dr_alc8only,dr_drugonly,dr_drink,nm_imp,nm_alc7,nm_alc8,nm_drug,nm_dist,agegrp1,agegrp2,roadclass,urbrur,dayweek,restuse,vehtype,race_me,intersect,lanedep,oppdir,wrongway,rep_typ,investag,repag_long,rotr,st_rd,cty_rd,city_rd,oth_rd,drug_thc,thc_res,drug_cthc,cthc_res,drug_cann,prevpersemin,prevperse,prevsusoth,drugtst4,drugtst5,drugtst6,drugtst7,drugtst8,drugres4,drugres5,drugres6,drugres7,drugres8,adspresent,adsengaged,adslevel,race1,race2,race3,race4,race5,helmet,helmetmisuse,nmdistract1,nmdistract2,nmdistract3,nmdistract4,nmdistract5,nmdistract6,lab,isedtcase,crf1,crf2,crf3,CoRoadName,CoMP,IntCoRoadName,IntCoMP
2018,5,E755994,127,01/05/2018,13:50,5,1,0,33,King,735,2,0,1,2,2,1,0,6,3,14:04,14:07,14:59,12,0,6,7.7,2,0,2,3,2,1,3,0,0,0,0,SR-99,SR-509,-122.3121389,47.33585833,0,3,98,66,4,45,34,0,0,1,7,12,8,8,7,1,1,1,1,53,0,35,472,2007,0,0,12,,,,,,1,1,60,1,0,0,3,0,3,0,11,4,,,,,0,0,0,3,1,0,0,0,0,96,,,,,,0,,,,,,98047,53,64,140,6,1,0,0,0,1,,0,,,,,,0,11/15/2014,11/15/2014,1,0,0,0,8,9,8,,,0,0,0,8,0,8,95,,,96,,,8,95,995,,,,,,,,,,,,,,,,,,,,,,,,,,,,,,0,0,0,1,0,0,1,1,1,0,0,0,1,1,0,0,0,0,0,0,0,1,1,0,1,0,0,0,0,1,0,0,0,0,0,,0,0,0,0,0,0,0,0,0,0,0,0,0,0,0,0,,,,,,56-60,56-65,State route,U,Friday,Belt Used,PV,Not Fatal,1,0,0,0,State Route,Municipal/City Police,Federal Way Dept of Public Safety,0,1,0,0,0,,,,,,0,0,0,,,,,,,,,,,,,,,,,,,,,,,,,,,,,,,,,,,
2018,5,E755994,127,01/05/2018,13:50,5,1,0,33,King,735,2,0,1,2,2,1,0,6,3,14:04,14:07,14:59,12,0,6,7.7,2,0,2,3,2,1,3,0,0,3,3,SR-99,SR-509,-122.3121389,47.33585833,0,1,69,17,2,45,4,0,0,1,7,12,8,8,8,1,1,4,1,53,0,19,3,1999,0,0,12,68,12,,,,1,1,20,1,7,2,4,7,3,0,11,0,01/05/2018,13:50,73553002489,2489,0,0,0,0,1,0,0,0,0,96,,,,,,99,,,,,,98404,53,70,140,0,0,0,0,0,0,,0,,,,,,4,,,20,0,0,0,0,9,8,,,0,0,0,8,9,2,605,695,,1,1,,2,1,0,,,,,,,,,,,,,,,,,,,,,,,,,,,,,,0,0,0,1,0,0,1,1,1,0,0,0,1,1,0,0,0,0,0,0,0,1,1,0,1,0,0,0,0,1,0,0,0,0,0,,1,0,0,0,0,0,1,1,0,1,0,1,0,0,1,0,,,,,,18-20,16-25,State route,U,Friday,Belt Used,PV,Black,1,0,0,0,State Route,Municipal/City Police,Federal Way Dept of Public Safety,0,1,0,0,0,thc,3.5,carboxy-thc,31,,0,0,0,,,,,,,,,,,,,,,,,,,,,,,,,,,,,,,,,,,
2017,529,E756162,5,12/25/2017,12:20,25,12,9,15,Cowlitz,0,10,0,1,10,2,1,0,1,1,,,,53,0,0,43,1,0,1,4,1,1,3,0,0,0,0,SR-503,,-122.5600528,45.95936389,0,1,2,13,2,55,34,0,0,1,2,42,3,1,2,1,14,1,1,53,0,7,482,1994,0,0,63,53,42,,,,1,1,69,1,7,1,4,7,3,0,11,0,12/25/2017,12:20,53055968,55968,0,0,3,3,1,0,0,0,0,96,,,,,,99,,,,,,98603,53,71,215,6,1,0,0,0,0,0,0,,,,,,4,,,1,0,0,0,0,9,8,,,0,0,0,8,9,2,1,0,0,1,0,0,2,1,0,,,,,,,,,,,,,,,,,,,,,,,,,,,,,,0,0,0,0,0,0,0,0,0,0,0,0,1,0,0,0,0,0,0,0,0,0,0,0,0,1,0,0,0,0,0,0,0,0,0,,0,0,0,0,0,0,0,0,0,1,0,0,0,0,0,0,,,,,,66-70,66-75,State route,R,Monday,Belt Used,PV,White,0,1,0,0,State Route,State Patrol,Washington State Patrol Headquarter,1,1,0,0,0,,,,,,,,,,,,,,,,,,,,,,,,,,,,,,,,,,,,,,,,,,,
2018,6,E756221,127,01/06/2018,22:34,6,1,0,33,King,735,10,0,3,1,2,1,1,1,1,,,,8,0,0,7.9,1,0,1,3,2,1,3,0,0,0,0,SR-99,,-122.31225,47.33963056,0,1,13,80,5,98,14,0,0,1,7,8,1,1,7,1,1,1,1,53,0,59,402,2005,0,0,8,,,,,,1,1,20,1,0,0,0,0,3,0,11,0,,,,,0,0,0,3,1,0,0,0,0,96,,,,,,0,,,,,,98001,53,68,180,6,1,0,0,0,0,,0,,,,,,0,,,20,0,0,0,8,9,8,,,0,0,0,8,0,8,95,,,96,,,8,95,995,,,,,,,,,,,,,,,,,,,,,,,,,,,,,,0,0,0,0,0,0,0,0,0,1,1,0,0,0,0,0,0,0,0,0,0,1,1,0,1,0,0,0,0,1,0,1,0,0,0,,0,0,0,0,0,0,0,0,0,0,0,0,0,0,0,0,,,,,,18-20,16-25,State route,U,Saturday,Belt Used,PV,Not Fatal,0,0,0,0,State Route,Municipal/City Police,Federal Way Dept of Public Safety,0,1,0,0,0,,,,,,0,0,0,,,,,,,,,,,,,,,,,,,,,,,,,,,,,,,,,,,
2018,7,E756340,8,01/05/2018,10:39,5,1,0,31,Jefferson,0,10,0,1,2,2,1,0,2,2,,,,12,0,2,0.5,1,0,1,3,1,1,3,0,0,0,0,SR-20,,-122.8802361,47.99090556,0,2,51,62,4,50,66,1,0,1,2,12,3,2,2,1,14,1,3,53,0,85,881,2010,0,0,12,,,,,,1,1,42,1,0,0,0,0,3,0,11,0,,,,,6,3,0,3,1,0,0,0,0,96,,,,,,0,,,,,,98368,53,73,235,6,1,0,0,0,0,,0,,,,,,0,,,20,0,0,0,8,9,8,,,0,0,0,8,0,8,95,,,96,,,8,95,995,,,,,,,,,,,,,,,,,,,,,,,,,,,,,,0,0,0,0,0,0,1,1,0,0,0,0,0,0,0,0,0,0,0,0,0,0,0,0,0,0,0,0,0,1,1,0,0,0,0,,0,0,0,0,0,0,0,0,0,0,0,0,0,0,0,0,,,,,,41-45,36-45,State route,R,Friday,,MHTRUCK,Not Fatal,0,1,1,0,State Route,State Patrol,Washington State Patrol Headquarter,0,1,0,0,0,,,,,,0,0,0,,,,,,,,,,,,,,,,,,,,,,,,,,,,,,,,,,,
2018,7,E756340,8,01/05/2018,10:39,5,1,0,31,Jefferson,0,10,0,1,2,2,1,0,2,2,,,,12,0,2,0.5,1,0,1,3,1,1,3,0,0,0,0,SR-20,,-122.8802361,47.99090556,0,1,50,11,2,50,2,0,0,1,2,12,2,2,2,1,14,1,1,53,0,37,31,1998,0,0,63,69,68,12,,,1,1,59,2,7,1,4,7,3,0,11,0,01/05/2018,10:39,53000914,914,0,0,0,3,1,58,0,0,0,96,,,,,,99,,,,,,98382,53,64,135,6,1,0,0,0,0,,0,,,,,,0,06/15/2013,06/15/2013,1,0,0,0,0,9,8,,,0,0,0,8,9,2,401,417,,1,1,,2,1,0,,,,,,,,,,,,,,,,,,,,,,,,,,,,,,0,0,0,0,0,0,1,1,0,0,0,0,0,0,0,0,0,0,0,0,0,0,0,0,0,0,0,0,0,1,1,0,0,0,0,,1,0,0,0,0,0,1,1,0,0,0,0,0,0,1,0,,,,,,56-60,56-65,State route,R,Friday,Belt Used,PV,White,0,1,1,0,State Route,State Patrol,Washington State Patrol Headquarter,0,1,0,0,0,,,,,,0,0,1,,,,,,,,,,,,,,,,,,,,,,,,,,,,,,,,,,,
2018,8,E756459,146,01/08/2018,16:50,8,1,0,77,Yakima,0,5,0,2,1,2,1,2,1,1,16:55,17:12,17:53,8,0,0,1.5,1,0,1,6,1,2,4,0,0,0,0,CR-ROSA DR,,-120.2619944,46.42286111,0,1,13,80,5,50,4,0,0,1,7,8,1,1,2,1,1,1,2,53,0,54,39,2008,0,0,8,8,,,,,1,1,28,1,0,0,0,0,3,0,11,0,,,,,6,0,0,3,1,10,0,0,0,96,,,,,,0,,,,,,98953,53,71,190,6,1,0,0,0,0,,0,,,,,,0,,,20,0,0,0,8,9,8,,,0,0,0,8,0,8,95,,,96,,,8,95,995,,,,,,,,,,,,,,,,,,,,,,,,,,,,,,0,0,0,0,0,0,0,0,0,0,0,0,0,0,0,0,0,0,0,0,0,0,0,0,0,0,0,0,0,1,0,1,0,0,0,,0,0,0,0,0,0,0,0,0,0,0,0,0,0,0,0,,,,,,26-30,26-35,County road,R,Monday,Belt Used,PV,Not Fatal,0,0,0,0,County Road,County Sheriff,Yakima County Sheriff's Office,0,0,1,0,0,,,,,,0,0,0,,,,,,,,,,,,,,,,,,,,,,,,,,,,,,,,,,,
2018,3,E756648,3,01/03/2018,20:10,3,1,0,53,Pierce,0,1,0,2,1,2,1,0,3,2,20:07,20:19,20:35,12,0,2,8.3,1,0,1,3,2,1,3,0,0,0,0,SR-410,,-122.1120639,47.16531944,0,2,51,62,4,55,14,0,0,1,2,12,1,1,2,1,1,2,2,53,0,12,402,2014,0,0,12,,,,,,1,1,33,1,0,0,3,0,3,0,11,5,,,,,0,0,0,3,1,0,0,0,0,96,,,,,,0,,,,,,98010,53,70,155,6,1,0,0,0,0,,0,,,,,,0,,,8,0,0,0,8,9,8,,,0,0,0,8,0,8,95,,,96,,,8,95,995,,,,,,,,,,,,,,,,,,,,,,,,,,,,,,0,0,0,0,0,0,1,1,1,0,0,0,0,0,0,0,0,0,0,0,0,0,0,0,0,0,0,0,0,1,0,0,0,0,0,,0,0,0,0,0,0,0,0,0,0,0,0,0,0,0,0,,,,,,31-35,26-35,State route,U,Wednesday,Belt Used,PV,Not Fatal,0,1,1,0,State Route,State Patrol,Washington State Patrol Headquarter,0,1,0,0,0,,,,,,0,0,0,,,,,,,,,,,,,,,,,,,,,,,,,,,,,,,,,,,
2018,3,E756648,3,01/03/2018,20:10,3,1,0,53,Pierce,0,1,0,2,1,2,1,0,3,2,20:07,20:19,20:35,12,0,2,8.3,1,0,1,3,2,1,3,0,0,0,0,SR-410,,-122.1120639,47.16531944,0,1,50,10,2,98,34,0,0,1,2,12,1,1,2,1,1,1,1,53,0,12,481,1989,0,0,68,12,,,,,1,1,39,1,7,99,4,0,3,0,11,5,01/03/2018,21:50,16053000201,201,0,0,3,3,1,28,0,0,0,96,,,,,,9,,,,,,98331,53,67,150,6,1,0,0,1,2,,0,,,,,,0,02/15/2015,09/15/2017,20,0,0,0,0,9,2,,,0,0,0,1,9,2,605,695,996,1,1,1,2,1,0,,,,,,,,,,,,,,,,,,,,,,,,,,,,,,0,0,0,0,0,0,1,1,1,0,0,0,0,0,0,0,0,0,0,0,0,0,0,0,0,0,0,0,0,1,0,0,0,0,0,,1,0,0,0,0,0,1,1,0,0,0,0,0,0,1,0,,,,,,36-40,36-45,State route,U,Wednesday,Belt Used,PV,Oth/Unk,0,1,1,0,State Route,State Patrol,Washington State Patrol Headquarter,0,1,0,0,0,thc,10,carboxy-thc,41,,0,0,0,1,,,,,996,,,,,,,,,,,,,,,,,,,,,,,,,,,,,
2017,539,E756767,25,12/31/2017,18:06,31,12,10,33,King,0,5,0,2,1,2,1,1,4,1,,,,8,0,0,8,1,0,1,4,2,2,4,0,0,0,0,CR-KENT-BLACK DIAMOND RD,,-122.1369139,47.3453,0,1,13,80,5,40,15,0,0,1,5,8,1,1,2,1,1,4,1,53,0,23,421,2007,0,0,8,,,,,,1,1,30,1,0,0,0,0,3,0,11,0,,,,,0,0,3,3,1,0,0,0,0,0,,,,,,0,,,,,,98042,53,69,150,6,1,0,0,0,0,0,0,,,,,,0,,,20,0,0,0,8,9,8,,,0,0,0,8,0,0,0,0,0,0,0,0,0,0,996,,,,,,,,,,,,,,,,,,,,,,,,,,,,,,0,0,0,0,0,0,0,0,0,0,0,0,0,0,0,0,0,0,0,0,0,0,0,0,0,0,0,0,0,1,0,1,0,0,0,,0,0,0,0,0,0,0,0,0,0,0,0,0,0,0,0,,,,,,26-30,26-35,County road,U,Sunday,Belt Used,PV,Not Fatal,1,0,0,0,County Road,County Sheriff,King County Police,0,0,1,0,0,,,,,,,,,,,,,,,,,,,,,,,,,,,,,,,,,,,,,,,,,,,
2018,10,E757434,19,01/10/2018,6:12,10,1,0,21,Franklin,0,10,0,2,2,2,1,1,1,1,,,,8,0,0,0.8,1,0,1,6,1,2,4,0,0,0,0,CR-CLARK RD,,-119.1360278,46.30006944,0,1,13,80,5,50,20,0,0,1,7,8,1,1,2,1,1,1,1,53,0,7,442,2001,0,0,8,,,,,,1,1,38,1,0,0,0,0,3,0,11,0,,,,,0,0,3,3,1,0,0,0,0,0,,,,,,99,,,,,,99336,53,69,265,6,1,0,0,1,1,,0,,,,,,0,08/15/2014,11/15/2017,20,0,0,0,8,9,8,,,0,0,0,8,9,2,1,,,1,,,2,1,0,,,,,,,,,,,,,,,,,,,,,,,,,,,,,,0,0,0,0,0,0,0,0,0,1,0,1,0,0,0,0,0,0,0,0,0,0,0,0,0,0,0,0,0,1,0,1,0,0,0,,0,0,0,0,0,0,0,0,0,0,0,0,0,0,0,0,,,,,,36-40,36-45,County road,R,Wednesday,Belt Used,PV,Not Fatal,0,0,0,0,County Road,County Sheriff,Franklin County Sheriff's Office,0,0,1,0,0,,,,,,0,0,0,,,,,,,,,,,,,,,,,,,,,,,,,,,,,,,,,,,
2018,11,E757817,4,01/11/2018,11:06,11,1,0,19,Ferry,0,4,0,1,3,2,1,0,3,2,,,,12,0,6,257.6,1,0,1,3,1,1,2,0,0,0,0,US-395,,-118.1419361,48.77537222,0,1,66,6,1,55,1,0,0,1,2,12,3,2,2,1,14,1,2,53,0,6,43,2000,0,0,68,12,,,,,1,1,32,2,1,98,4,7,3,0,11,0,01/11/2018,11:06,53003919,3919,0,0,0,2,1,28,87,0,0,96,,,,,,9,,,,,,99141,53,67,190,3,1,0,0,0,0,,0,,,,,,4,,,20,0,0,0,0,9,8,,,0,0,0,8,1,2,605,695,996,1,1,1,2,1,0.19,,,,,,,,,,,,,,,,,,,,,,,,,,,,,,0,0,0,0,1,1,1,1,1,0,0,0,1,1,0,0,0,0,0,0,0,0,0,0,0,0,0,0,0,1,0,0,0,0,0,,1,0,0,0,0,1,1,1,0,1,0,1,0,0,0,1,,,,,,31-35,26-35,US highway,R,Thursday,Belt Used,PV,Hispanic,0,1,1,0,State Route,State Patrol,Washington State Patrol Headquarter,0,1,0,0,0,thc,2.4,carboxy-thc,9,,0,0,0,1,1,,,,996,996,,,,,,,,,,,,,,,,,,,,,,,,,,,,
2018,11,E757817,4,01/11/2018,11:06,11,1,0,19,Ferry,0,4,0,1,3,2,1,0,3,2,,,,12,0,6,257.6,1,0,1,3,1,1,2,0,0,0,0,US-395,,-118.1419361,48.77537222,0,2,66,62,4,55,34,0,0,1,2,12,2,2,2,1,14,2,3,53,0,49,481,1997,0,0,12,,,,,,1,1,26,1,0,0,1,0,3,0,11,4,,,,,0,0,0,3,1,0,0,0,0,96,,,,,,0,,,,,,99141,53,73,175,6,1,0,1,0,0,,0,,,,,,0,06/15/2013,06/15/2013,1,0,0,0,8,9,8,,,0,0,0,8,0,8,95,,,96,,,8,95,995,,,,,,,,,,,,,,,,,,,,,,,,,,,,,,0,0,0,0,1,1,1,1,1,0,0,0,1,1,0,0,0,0,0,0,0,0,0,0,0,0,0,0,0,1,0,0,0,0,0,,0,0,0,0,0,0,0,0,0,0,0,0,0,0,0,0,,,,,,26-30,26-35,US highway,R,Thursday,Belt Used,PV,Not Fatal,0,1,1,0,State Route,State Patrol,Washington State Patrol Headquarter,0,1,0,0,0,,,,,,0,0,0,,,,,,,,,,,,,,,,,,,,,,,,,,,,,,,,,,,
2018,9,E757875,6,01/07/2018,2:06,7,1,0,25,Grant,0,1,0,2,2,2,1,0,3,1,2:05,2:28,3:18,1,0,0,154.3,1,0,1,1,1,1,1,0,0,0,0,I-90,,-119.7269639,47.10373611,0,1,6,12,2,70,14,0,0,1,2,1,1,1,2,2,1,3,2,53,0,2,404,2000,0,0,64,65,64,1,,,1,1,53,1,0,0,1,0,3,0,11,0,,,,,0,0,0,3,1,28,0,0,0,96,,,,,,0,,,,,,98801,53,70,225,6,1,0,2,1,0,,69,,,,,,0,07/15/2014,11/15/2016,20,0,0,0,8,9,2,,,0,0,0,0,1,8,95,,,96,,,8,95,995,,,,,,,,,,,,,,,,,,,,,,,,,,,,,,0,0,1,0,1,0,0,0,0,0,0,0,0,0,0,0,0,0,0,0,0,0,0,0,0,0,0,0,0,1,0,0,0,0,0,,0,0,0,0,0,0,0,0,0,0,0,0,0,0,0,1,,,,,,51-55,46-55,Interstate,R,Sunday,Belt Used,PV,Not Fatal,0,1,0,0,State Route,State Patrol,Washington State Patrol Headquarter,1,1,0,0,0,,,,,,0,0,0,,,,,,,,,,,,,,,,,,,,,,,,,,,,,,,,,,,
2018,13,E757962,189,01/12/2018,2:40,12,1,0,61,Snohomish,1280,10,0,3,2,1,1,0,2,2,2:39,3:01,3:24,31,0,0,0.1,1,0,1,3,2,1,3,0,0,3,3,SR-528,,-122.1837333,48.04900833,0,2,98,98,7,25,2,0,0,1,5,12,1,1,3,1,1,1,1,53,0,20,9,2011,0,0,12,,,,,,1,1,46,1,0,0,2,0,3,0,11,5,,,,,6,0,0,3,1,0,0,0,0,96,,,,,,0,,,,,,98270,53,69,220,6,1,0,0,0,1,,0,,,,,,0,03/15/2014,03/15/2014,8,0,0,0,8,9,8,,,0,0,0,8,0,8,95,,,96,,,8,95,995,,,,,,,,,,,,,,,,,,,,,,,,,,,,,,0,0,0,0,1,1,1,1,0,0,0,0,0,0,0,0,1,0,0,0,0,0,0,0,0,0,0,0,0,1,0,0,0,0,0,,0,0,0,0,0,0,0,0,0,0,0,0,0,0,0,0,,,,,,46-50,46-55,State route,U,Friday,Belt Used,PV,Not Fatal,1,0,0,0,State Route,Municipal/City Police,Marysville Police Department,0,1,0,0,0,,,,,,0,0,0,,,,,,,,,,,,,,,,,,,,,,,,,,,,,,,,,,,
2018,13,E757962,189,01/12/2018,2:40,12,1,0,61,Snohomish,1280,10,0,3,2,8,1,0,2,2,2:39,3:01,3:24,31,0,0,0.1,1,0,1,3,2,1,3,0,0,0,0,SR-528,,-122.1837333,48.04900833,0,1,2,13,2,98,4,0,0,1,7,12,8,8,3,3,99,1,1,53,0,49,40,2003,0,0,63,31,12,,,,1,1,60,1,7,1,4,7,99,0,11,0,01/12/2018,2:48,1.28E+11,1842,0,0,3,3,1,0,0,0,0,92,,,,,,99,,,,,,98275,53,65,235,6,1,0,0,2,2,,0,,,,,,0,09/15/2013,08/15/2017,8,0,0,0,0,9,8,,,0,0,0,8,9,2,313,351,,1,1,,2,1,0.4,,,,,,,,,,,,,,,,,,,,,,,,,,,,,,0,0,0,0,1,1,1,1,0,0,0,0,0,0,0,0,1,0,0,0,0,0,0,0,0,0,0,0,0,1,0,0,0,0,0,,1,0,0,0,0,1,1,1,1,0,0,0,0,0,0,1,,,,,,56-60,56-65,State route,U,Friday,Unknown,PV,White,1,0,0,0,State Route,Municipal/City Police,Marysville Police Department,0,1,0,0,0,,,,,,0,0,0,,,,,,,,,,,,,,,,,,,,,,,,,,,,,,,,,,,
2017,541,E758417,3,12/24/2017,23:53,24,12,9,53,Pierce,0,4,0,2,3,2,1,0,1,1,,,,42,0,0,120,1,0,1,1,2,1,1,0,0,0,0,I-5,,-122.5985083,47.10265,0,1,2,13,2,60,4,0,0,1,5,42,1,1,3,3,1,1,2,53,0,37,32,1997,0,0,63,42,,,,,1,1,29,1,7,1,4,0,3,0,11,4,12/25/2017,5:30,76353057123,57123,0,0,3,2,1,0,0,0,0,92,,,,,,99,,,,,,98366,53,75,190,1,1,0,3,0,1,2,0,,,,,,0,12/15/2014,10/15/2015,1,0,0,0,0,9,8,,,0,0,0,8,9,2,177,401,605,1,1,1,2,1,0,,,,,,,,,,,,,,,,,,,,,,,,,,,,,,0,0,0,0,0,0,1,1,1,0,0,0,0,1,0,0,1,0,0,0,0,0,0,0,0,0,0,0,0,1,0,0,0,0,0,,1,0,0,0,0,0,1,1,1,0,0,1,0,0,1,0,,,,,,26-30,26-35,Interstate,U,Sunday,Belt Used,PV,White,0,1,0,0,State Route,State Patrol,Washington State Patrol Headquarter,1,1,0,0,0,thc,1.7,carboxy-thc,11,,,,,,,,,,,,,,,,,,,,,,,,,,,,,,,,,,,,,,,
2018,2,E758525,1,01/01/2018,6:08,1,1,1,77,Yakima,0,1,0,2,1,2,1,1,1,1,,,,8,0,0,11.6,1,0,1,5,1,1,3,0,3,0,0,SR-22,,-120.1715694,46.28468056,0,1,13,80,5,60,20,0,0,1,7,8,1,1,2,1,1,1,2,53,0,35,443,2007,0,0,8,,,,,,1,1,74,1,0,0,0,0,3,0,11,0,,,,,0,0,0,3,1,0,0,0,0,96,,,,,,0,,,,,,98933,53,65,166,6,1,0,1,0,0,,0,,,,,,0,04/15/2014,04/15/2014,20,0,0,0,8,9,2,,,0,0,0,0,0,8,95,,,96,,,8,95,995,,,,,,,,,,,,,,,,,,,,,,,,,,,,,,0,0,0,0,0,0,0,0,0,1,1,1,0,0,0,0,0,1,0,0,0,0,0,0,0,1,1,0,0,1,0,1,0,0,0,,0,0,0,0,0,0,0,0,0,0,0,0,0,0,0,0,,,,,,71-75,66-75,State route,R,Monday,Belt Used,PV,Not Fatal,0,0,0,0,State Route,State Patrol,Washington State Patrol Headquarter,0,1,0,0,0,,,,,,0,0,0,,,,,,,,,,,,,,,,,,,,,,,,,,,,,,,,,,,
2018,14,E758603,184,01/11/2018,22:49,11,1,0,61,Snohomish,590,2,0,3,2,2,1,1,2,2,,,,8,0,0,39.1,1,0,1,3,2,1,3,0,0,0,0,SR-99,,-122.3085417,47.828725,0,1,13,80,5,45,4,0,0,1,5,8,1,2,7,1,1,1,1,53,0,35,47,2001,0,0,8,,,,,,1,1,20,1,0,0,1,0,3,0,11,8,,,,,0,0,0,3,1,0,0,0,0,96,,,,,,99,,,,,,98043,53,74,260,6,1,0,0,0,0,,0,,,,,,0,,,20,0,0,0,8,9,8,,,0,0,0,8,9,2,401,605,695,1,1,1,2,1,0.01,,,,,,,,,,,,,,,,,,,,,,,,,,,,,,0,0,0,0,1,0,1,1,1,1,1,1,0,0,0,0,0,1,0,0,0,1,1,1,1,0,0,0,0,1,0,1,0,0,0,,0,0,0,0,1,0,1,1,0,0,0,0,0,0,0,1,,,,,,18-20,16-25,State route,U,Thursday,Belt Used,PV,Not Fatal,0,0,0,0,State Route,Municipal/City Police,Lynnwood Police Department,0,1,0,0,0,thc,3,carboxy-thc,50,,0,0,0,,,,,,,,,,,,,,,,,,,,,,,,,,,,,,,,,,,
2018,14,E758603,184,01/11/2018,22:49,11,1,0,61,Snohomish,590,2,0,3,2,2,1,1,2,2,,,,8,0,0,39.1,1,0,1,3,2,1,3,0,0,0,0,SR-99,,-122.3085417,47.828725,0,2,98,80,5,45,34,0,0,1,5,8,1,2,7,1,1,1,1,53,0,23,481,1999,0,0,8,,,,,,1,1,25,1,0,0,0,0,3,0,11,0,,,,,0,0,3,3,1,0,0,0,0,96,,,,,,0,,,,,,98290,53,67,175,6,1,0,0,1,2,,0,,,,,,0,07/15/2013,02/15/2017,20,0,0,0,8,9,8,,,0,0,0,8,0,8,95,,,96,,,8,95,995,,,,,,,,,,,,,,,,,,,,,,,,,,,,,,0,0,0,0,1,0,1,1,1,1,1,1,0,0,0,0,0,1,0,0,0,1,1,1,1,0,0,0,0,1,0,1,0,0,0,,0,0,0,0,0,0,0,0,0,0,0,0,0,0,0,0,,,,,,21-25,16-25,State route,U,Thursday,Belt Used,PV,Not Fatal,0,0,0,0,State Route,Municipal/City Police,Lynnwood Police Department,0,1,0,0,0,,,,,,0,0,0,,,,,,,,,,,,,,,,,,,,,,,,,,,,,,,,,,,
2018,190,E758652,189,01/14/2018,17:49,14,1,2,61,Snohomish,1280,1,0,3,1,2,1,0,3,2,17:46,17:56,18:32,12,0,6,0.1,2,1,2,3,2,1,3,0,0,3,3,SR-528,I-5,-122.1836083,48.05185556,0,2,69,62,4,98,80,0,0,1,5,12,1,1,4,1,1,1,1,53,0,37,706,2015,0,0,12,,,,,,1,1,52,1,7,1,4,0,19,0,11,5,01/22/2018,14:15,69053003724,3724,0,0,0,3,1,0,0,0,0,96,,,,,,99,,,,,,98252,53,72,220,6,1,0,0,0,2,,0,,,,,,0,07/15/2016,11/15/2016,20,8,0,0,0,9,8,,,0,0,0,8,9,8,95,,,96,,,8,95,995,,,,,,,,,,,,,,,,,,,,,,,,,,,,,,0,0,0,1,0,0,0,0,0,0,0,0,0,1,0,0,0,0,1,0,0,0,0,1,1,0,0,0,1,1,0,0,0,0,1,0,0,0,0,0,0,0,0,0,0,0,0,0,0,0,0,0,,,,,,51-55,46-55,State route,U,Sunday,,MC,White,1,0,0,0,State Route,Municipal/City Police,Marysville Police Department,0,1,0,0,0,,,,,,0,0,0,,,,,,,,,,,,,,,,,,,,,,,,,,,,,,,,,,,