year,case,par,repjur,crash_dt,crash_tm,accday,accmon,holiday,county,co_char,city,weather,weather2,lightcond,surfcond,surftype,numfatal,nmforms,pforms,vforms,not_tm,arr_tm,hosp_tm,fhevent,hitrun,manncol,milepnt,reljunc,reljuncinter,intersectiontype,funcsystem,landuse,ownership,route,schlbus,spejur,contdev,devfunc,trafid1,trafid2,x,y,wk_zone,vnumber,crashtype,criticalevent,criticaleventcat,spdlim,body,trailer,emerg,hazcargo,leave,mhevent,roadalgn,roadprof,traflane,trafflow,vehmanvr,numoccs,regowner,regstate,spuse,make,model,modelyr,vrf1,vrf2,seqevent1,seqevent2,seqevent3,seqevent4,seqevent5,seqevent6,pnumber,ptype,age,sex,hispanic,race,injury,diedscene,restraint,restraintmisuse,seatpos,takehosp,death_dt,death_tm,cert,cernum_wa,commlic,licendor,licrestrict,liccomp,drivpres,drf1,drf2,drf3,drf4,distract1,distract2,distract3,distract4,distract5,distract6,dricond1,dricond2,dricond3,dricond4,dricond5,dricond6,dzip,licstate,drhgt_in,weight,noncdl,noncdltype,prevdwi,prevoth,prevacc,prevspd,prevsus,driviol1,driviol2,driviol3,driviol4,driviol5,driviol6,spdrel,first_dt,last_dt,airbag,ejection,ejectpath,extricat,injurwrk,methalc,methdrug,nmlocat,strikveh,prf1,prf2,prf3,druginv,alcinvol,drugsts,drugres1,drugres2,drugres3,drugtst1,drugtst2,drugtst3,alcsts,alctst,alcres,nmact1,nmact2,nmact3,nmact4,nmact5,nmact6,nmprior1,nmprior2,nmprior3,nmprior4,nmprior5,nmprior6,nmcond1,nmcond2,nmcond3,nmcond4,nmcond5,nmcond6,nmsafe_helmet,nmsafe_pads,nmsafe_oth,nmprev_ref,nmprev_lgt,nmprev_oth,crashlocation,nmcrashtype,crosswalk,schoolzone,sidewalk,train_inv,wildlife_inv,rotr_fars,intersect_fars,dd_inv,aid_inv,dpd_inv,id_inv,mj_inv,impnm_inv,ainm_inv,dpnm_inv,speed_inv,unlic_inv,unendmc_inv,drowsy_inv,drdist_inv,nmdist_inv,fty_inv,unrestfat_inv,dr1617_inv,dr1820_inv,dr1620_inv,dr2125_inv,dr1625_inv,dr65_inv,dr70_inv,dr75_inv,mc_inv,pv_inv,ht_inv,ped_inv,bike_inv,unrest_fat,mc_fat,unhelmet_mc,pv_fat,ht_fat,ped_fat,bike_fat,dr_alc7,dr_alc8,dr_drug,dr_imp,dr_dist,dr_spd,dr_fty,dr_unlic,dr_alc7only,dr_alc8only,dr_drugonly,dr_drink,nm_imp,nm_alc7,nm_alc8,nm_drug,nm_dist,agegrp1,agegrp2,roadclass,urbrur,dayweek,restuse,vehtype,race_me,intersect,lanedep,oppdir,wrongway,rep_typ,investag,repag_long,rotr,st_rd,cty_rd,city_rd,oth_rd,drug_thc,thc_res,drug_cthc,cthc_res,drug_cann,prevpersemin,prevperse,prevsusoth,drugtst4,drugtst5,drugtst6,drugtst7,drugtst8,drugres4,drugres5,drugres6,drugres7,drugres8,adspresent,adsengaged,adslevel,race1,race2,race3,race4,race5,helmet,helmetmisuse,nmdistract1,nmdistract2,nmdistract3,nmdistract4,nmdistract5,nmdistract6,lab,isedtcase,crf1,crf2,crf3,CoRoadName,CoMP,IntCoRoadName,IntCoMP
2018,190,E758652,189,01/14/2018,17:49,14,1,2,61,Snohomish,1280,1,0,3,1,2,1,0,3,2,17:46,17:56,18:32,12,0,6,0.1,2,1,2,3,2,1,3,0,0,3,3,SR-528,I-5,-122.1836083,48.05185556,0,1,68,17,2,98,4,0,0,1,5,12,1,1,4,1,11,2,2,53,0,54,32,1993,0,0,12,,,,,,1,1,21,1,0,0,0,0,3,0,11,0,,,,,0,0,0,2,1,38,0,0,0,96,,,,,,0,,,,,,98271,53,71,190,1,1,0,0,0,0,,97,,,,,,0,,,20,0,0,0,8,9,8,,,0,0,0,8,0,0,0,,,0,,,8,95,995,,,,,,,,,,,,,,,,,,,,,,,,,,,,,,0,0,0,1,0,0,0,0,0,0,0,0,0,1,0,0,0,0,1,0,0,0,0,1,1,0,0,0,1,1,0,0,0,0,0,,0,0,0,0,0,0,0,0,0,0,1,1,0,0,0,0,,,,,,21-25,16-25,State route,U,Sunday,Belt Used,PV,Not Fatal,1,0,0,0,State Route,Municipal/City Police,Marysville Police Department,0,1,0,0,0,,,,,,0,0,0,,,,,,,,,,,,,,,,,,,,,,,,,,,,,,,,,,,
2017,466,E759193,2,11/05/2017,1:04,5,11,0,61,Snohomish,690,2,0,2,2,2,1,0,1,1,1:10,1:57,,25,0,0,190.7,1,0,1,1,2,1,1,0,0,0,0,I-5,,-122.2015111,47.92746667,0,1,7,6,1,60,6,0,0,1,2,1,2,4,5,3,14,1,1,53,0,49,47,2007,0,0,64,25,1,25,,,1,1,42,1,7,7,4,7,3,0,11,0,11/05/2017,1:30,69053048242,48242,0,0,0,3,1,0,0,0,0,96,,,,,,99,,,,,,98037,53,66,250,6,1,0,0,1,1,0,0,,,,,,4,05/15/2015,04/15/2017,1,0,0,0,0,9,8,,,0,0,0,8,9,2,401,417,0,1,1,0,2,1,0.065,,,,,,,,,,,,,,,,,,,,,,,,,,,,,,0,0,0,0,1,0,1,1,0,0,0,0,1,0,0,0,0,0,0,0,0,0,0,0,0,0,0,0,0,1,0,0,0,0,0,,1,0,0,0,1,0,1,1,0,1,0,0,0,0,0,1,,,,,,41-45,36-45,Interstate,U,Sunday,Belt Used,PV,API,0,1,0,0,State Route,State Patrol,Washington State Patrol Headquarter,1,1,0,0,0,,,,,,,,,,,,,,,,,,,,,,,,,,,,,,,,,,,,,,,,,,,
2018,16,E760817,35,01/19/2018,21:00,19,1,0,53,Pierce,0,1,0,2,2,2,1,1,2,1,21:01,21:16,,9,1,0,0.4,1,0,1,6,1,2,4,0,0,0,0,CR-336TH ST S,,-122.5457417,46.95236111,0,1,13,10,2,35,4,0,0,1,5,9,1,1,2,1,1,2,2,53,0,54,35,2004,0,0,68,9,,,,,1,1,31,1,0,0,0,0,99,0,11,0,,,,,0,0,0,3,1,28,0,0,0,93,,,,,,0,,,,,,98580,53,74,225,6,1,0,0,0,0,,97,,,,,,3,01/15/2014,02/15/2014,99,0,0,0,8,9,8,,,0,0,0,8,0,8,95,,,96,,,8,95,995,,,,,,,,,,,,,,,,,,,,,,,,,,,,,,0,0,0,0,0,0,0,0,0,0,0,0,1,0,0,0,1,0,0,0,0,0,0,0,0,0,0,0,0,1,0,0,1,0,0,,0,0,0,0,0,0,0,0,1,1,0,0,0,0,0,0,,,,,,31-35,26-35,County road,R,Friday,Unknown,PV,Not Fatal,0,0,0,0,County Road,County Sheriff,Law Enforcement Support Agency,0,0,1,0,0,,,,,,0,0,4,,,,,,,,,,,,,,,,,,,,,,,,,,,,,,,,,,,
2018,15,E761241,1,01/17/2018,17:20,17,1,0,5,Benton,0,10,0,2,1,2,1,0,4,4,17:23,17:37,,12,0,2,41.4,1,0,1,4,1,1,3,0,0,0,0,SR-24,,-119.7265444,46.61528611,0,2,51,62,4,60,66,1,0,1,2,12,2,2,2,1,14,1,3,27,0,85,881,2017,0,0,12,68,12,,,,1,1,56,1,0,0,0,0,3,0,11,0,,,,,6,3,3,3,1,0,0,0,0,96,,,,,,0,,,,,,34748,12,69,999,6,1,0,0,0,0,,0,,,,,,0,,,20,0,0,0,8,9,2,,,0,0,0,0,0,8,95,,,96,,,8,95,995,,,,,,,,,,,,,,,,,,,,,,,,,,,,,,0,0,0,0,1,1,0,1,0,0,0,0,0,0,0,0,0,0,0,0,0,0,0,0,0,1,0,0,0,1,1,0,0,0,0,,0,0,0,0,0,0,0,0,0,0,0,0,0,0,0,0,,,,,,56-60,56-65,State route,R,Wednesday,,MHTRUCK,Not Fatal,0,1,1,0,State Route,State Patrol,Washington State Patrol Headquarter,0,1,0,0,0,,,,,,0,0,0,,,,,,,,,,,,,,,,,,,,,,,,,,,,,,,,,,,
2018,15,E761241,1,01/17/2018,17:20,17,1,0,5,Benton,0,10,0,2,1,2,1,0,4,4,17:23,17:37,,12,0,2,41.4,1,0,1,4,1,1,3,0,0,0,0,SR-24,,-119.7265444,46.61528611,0,4,98,62,4,60,66,1,0,1,5,12,2,2,2,1,14,1,3,41,0,82,881,2007,0,0,12,,,,,,1,1,62,1,0,0,0,0,3,0,11,0,,,,,6,1,3,3,1,0,0,0,0,96,,,,,,0,,,,,,98632,53,66,180,6,1,0,0,0,0,,0,,,,,,0,,,20,0,0,0,8,9,2,,,0,0,0,0,0,8,95,,,96,,,8,95,995,,,,,,,,,,,,,,,,,,,,,,,,,,,,,,0,0,0,0,1,1,0,1,0,0,0,0,0,0,0,0,0,0,0,0,0,0,0,0,0,1,0,0,0,1,1,0,0,0,0,,0,0,0,0,0,0,0,0,0,0,0,0,0,0,0,0,,,,,,61-65,56-65,State route,R,Wednesday,,MHTRUCK,Not Fatal,0,1,1,0,State Route,State Patrol,Washington State Patrol Headquarter,0,1,0,0,0,,,,,,0,0,0,,,,,,,,,,,,,,,,,,,,,,,,,,,,,,,,,,,
2018,15,E761241,1,01/17/2018,17:20,17,1,0,5,Benton,0,10,0,2,1,2,1,0,4,4,17:23,17:37,,12,0,2,41.4,1,0,1,4,1,1,3,0,0,0,0,SR-24,,-119.7265444,46.61528611,0,1,50,54,3,60,14,0,0,1,2,12,2,2,2,1,6,1,1,53,0,24,401,2003,0,0,68,12,12,,,,1,1,67,1,7,1,4,7,3,0,11,0,01/17/2018,17:20,53002516,2516,6,0,3,3,1,33,0,0,0,96,,,,,,9,,,,,,99321,53,72,220,6,1,0,1,0,0,,0,,,,,,0,07/15/2015,07/15/2015,8,0,0,0,0,1,8,,,0,0,0,8,1,2,1,,,1,,,2,1,0.083,,,,,,,,,,,,,,,,,,,,,,,,,,,,,,0,0,0,0,1,1,0,1,0,0,0,0,0,0,0,0,0,0,0,0,0,0,0,0,0,1,0,0,0,1,1,0,0,0,0,,1,0,0,0,0,1,0,1,0,0,0,0,0,1,0,1,,,,,,66-70,66-75,State route,R,Wednesday,Belt Used,PV,White,0,1,1,0,State Route,State Patrol,Washington State Patrol Headquarter,0,1,0,0,0,,,,,,0,0,0,,,,,,,,,,,,,,,,,,,,,,,,,,,,,,,,,,,
2018,15,E761241,1,01/17/2018,17:20,17,1,0,5,Benton,0,10,0,2,1,2,1,0,4,4,17:23,17:37,,12,0,2,41.4,1,0,1,4,1,1,3,0,0,0,0,SR-24,,-119.7265444,46.61528611,0,3,98,62,4,60,61,0,0,1,7,12,3,2,2,1,14,1,3,53,0,12,881,2000,0,0,12,,,,,,1,1,60,1,0,0,0,0,3,0,11,0,,,,,0,0,3,3,1,0,0,0,0,96,,,,,,0,,,,,,99337,53,69,210,6,1,0,0,0,0,,0,,,,,,0,,,20,0,0,0,8,9,2,,,0,0,0,0,0,8,95,,,96,,,8,95,995,,,,,,,,,,,,,,,,,,,,,,,,,,,,,,0,0,0,0,1,1,0,1,0,0,0,0,0,0,0,0,0,0,0,0,0,0,0,0,0,1,0,0,0,1,1,0,0,0,0,,0,0,0,0,0,0,0,0,0,0,0,0,0,0,0,0,,,,,,56-60,56-65,State route,R,Wednesday,,MHTRUCK,Not Fatal,0,1,1,0,State Route,State Patrol,Washington State Patrol Headquarter,0,1,0,0,0,,,,,,0,0,0,,,,,,,,,,,,,,,,,,,,,,,,,,,,,,,,,,,
2018,17,E761445,150,01/11/2018,16:08,11,1,0,27,Grays Harbor,930,1,0,1,2,2,1,0,2,2,,,,12,0,6,2,1,0,1,4,2,1,3,0,0,0,0,SR-109,,-123.9280861,46.98278056,0,2,66,62,4,50,4,0,0,1,2,12,1,3,2,1,1,1,1,53,0,6,51,2013,0,0,12,,,,,,1,1,48,1,0,0,2,0,3,0,11,5,,,,,0,0,0,3,1,0,0,0,0,96,,,,,,0,,,,,,98512,53,72,185,6,1,0,1,0,0,,0,,,,,,0,05/15/2013,05/15/2013,8,0,0,0,8,9,8,,,0,0,0,8,0,8,95,,,96,,,8,95,995,,,,,,,,,,,,,,,,,,,,,,,,,,,,,,0,0,0,0,0,0,0,0,0,0,0,0,1,0,0,0,0,0,0,0,0,0,0,0,0,0,0,0,0,1,0,0,0,0,0,,0,0,0,0,0,0,0,0,0,0,0,0,0,0,0,0,,,,,,46-50,46-55,State route,U,Thursday,Belt Used,PV,Not Fatal,0,1,1,0,State Route,Municipal/City Police,Hoquiam Police Department,0,1,0,0,0,,,,,,0,0,0,,,,,,,,,,,,,,,,,,,,,,,,,,,,,,,,,,,
2018,17,E761445,150,01/11/2018,16:08,11,1,0,27,Grays Harbor,930,1,0,1,2,2,1,0,2,2,,,,12,0,6,2,1,0,1,4,2,1,3,0,0,0,0,SR-109,,-123.9280861,46.98278056,0,1,66,6,1,50,1,0,0,1,2,12,1,3,2,1,1,1,1,53,0,49,41,2004,0,0,63,69,68,12,,,1,1,40,1,7,1,4,7,3,0,11,0,01/11/2018,16:15,93053001521,1521,0,0,0,3,1,0,0,0,0,96,,,,,,99,,,,,,98569,53,70,155,6,1,0,0,0,3,,0,,,,,,3,09/15/2016,12/15/2017,8,0,0,1,0,9,8,,,0,0,0,8,9,2,1,,,1,,,2,1,0,,,,,,,,,,,,,,,,,,,,,,,,,,,,,,0,0,0,0,0,0,0,0,0,0,0,0,1,0,0,0,0,0,0,0,0,0,0,0,0,0,0,0,0,1,0,0,0,0,0,,1,0,0,0,0,0,0,0,0,1,0,0,0,0,0,0,,,,,,36-40,36-45,State route,U,Thursday,Belt Used,PV,White,0,1,1,0,State Route,Municipal/City Police,Hoquiam Police Department,0,1,0,0,0,,,,,,0,0,0,,,,,,,,,,,,,,,,,,,,,,,,,,,,,,,,,,,
2018,18,E762010,8,01/23/2018,17:17,23,1,0,35,Kitsap,180,3,0,2,2,2,1,1,1,1,,,,8,0,0,33.7,1,0,1,3,2,1,3,0,0,0,0,SR-3,,-122.7136722,47.52398889,0,1,13,80,5,50,4,0,0,1,5,8,1,1,2,1,1,1,1,53,0,6,51,2014,0,0,8,,,,,,1,1,65,2,0,0,0,0,3,0,11,0,,,,,0,0,0,3,1,0,0,0,0,96,,,,,,0,,,,,,98524,53,62,170,6,1,0,0,0,0,,0,,,,,,0,,,20,0,0,0,8,9,2,,,0,0,0,0,0,2,996,996,996,1,1,1,2,1,0,,,,,,,,,,,,,,,,,,,,,,,,,,,,,,0,0,0,0,0,0,1,1,0,1,0,1,0,0,0,0,0,0,0,0,0,0,0,0,0,1,0,0,0,1,0,1,0,0,0,,0,0,0,0,0,0,1,1,0,0,0,0,0,0,1,0,,,,,,61-65,56-65,State route,U,Tuesday,Belt Used,PV,Not Fatal,0,0,0,0,State Route,State Patrol,Washington State Patrol Headquarter,0,1,0,0,0,,,,,,0,0,0,,,,,,,,,,,,,,,,,,,,,,,,,,,,,,,,,,,
2018,19,E762018,307,01/22/2018,11:54,22,1,0,71,Walla Walla,2390,1,0,1,1,2,1,1,1,1,11:54,11:57,12:14,9,0,0,5.3,2,0,2,3,2,1,3,0,0,3,3,SR-125,W ALDER,-118.3477556,46.06219444,0,1,13,83,5,35,66,1,0,1,5,9,8,8,2,1,1,1,3,18,0,82,881,2000,0,0,9,,,,,,1,1,59,1,0,0,0,0,3,0,11,0,,,,,7,1,0,3,1,39,0,0,0,96,,,,,,0,,,,,,89509,32,72,195,6,1,0,0,0,0,,97,,,,,,0,,,20,0,0,0,8,9,2,,,0,0,0,0,0,2,351,,,1,,,2,1,0,,,,,,,,,,,,,,,,,,,,,,,,,,,,,,0,0,0,1,0,0,1,1,0,1,0,1,0,0,0,0,0,0,0,0,0,0,0,0,0,0,0,0,0,0,1,0,1,0,0,,0,0,0,0,0,0,1,1,0,0,0,0,0,0,1,0,,,,,,56-60,56-65,State route,U,Monday,,MHTRUCK,Not Fatal,1,0,0,0,State Route,Municipal/City Police,Walla Walla Police Department,0,1,0,0,0,,,,,,0,0,0,,,,,,,,,,,,,,,,,,,,,,,,,,,,,,,,,,,
2018,32,E762129,122,01/24/2018,18:11,24,1,0,61,Snohomish,690,2,0,2,2,2,1,1,1,1,18:10,18:17,18:38,8,0,0,0,1,0,1,4,2,4,6,0,0,0,0,GLENWOOD AVE,,-122.2395889,47.94135833,0,1,13,80,5,35,6,0,0,1,5,8,1,4,3,5,1,1,1,53,0,19,20,2011,0,0,8,,,,,,1,1,55,2,0,0,0,0,3,0,11,0,,,,,0,0,0,3,1,0,0,0,0,96,,,,,,0,,,,,,98047,53,60,160,6,1,0,0,0,0,,0,,,,,,0,,,20,0,0,0,8,9,8,,,0,0,0,8,0,8,95,,,96,,,8,95,995,,,,,,,,,,,,,,,,,,,,,,,,,,,,,,0,0,0,0,0,0,0,0,0,0,0,0,0,0,0,0,0,1,0,0,0,0,0,0,0,0,0,0,0,1,0,1,0,0,0,,0,0,0,0,0,0,0,0,0,0,0,0,0,0,0,0,,,,,,51-55,46-55,City street,U,Wednesday,Belt Used,PV,Not Fatal,0,0,0,0,City Street,Municipal/City Police,Everett Police Department,0,0,0,1,0,,,,,,0,0,0,,,,,,,,,,,,,,,,,,,,,,,,,,,,,,,,,,,
2018,20,E762683,290,01/19/2018,19:02,19,1,0,53,Pierce,2230,2,0,3,2,2,1,1,2,1,,,,8,0,0,0,1,0,1,4,2,4,6,0,0,0,0,6TH AVE,,-122.5192389,47.25544167,0,1,13,80,5,30,34,0,0,1,5,8,1,1,2,3,1,2,1,53,0,7,482,2014,0,0,8,,,,,,1,1,62,1,0,0,0,0,3,0,11,0,,,,,0,0,3,3,1,0,0,0,0,96,,,,,,0,,,,,,98466,53,72,220,6,1,0,0,2,0,,0,,,,,,0,09/15/2014,08/15/2017,20,0,0,0,8,9,8,,,0,0,0,8,0,8,95,,,96,,,8,95,995,,,,,,,,,,,,,,,,,,,,,,,,,,,,,,0,0,0,0,0,0,0,0,0,0,0,0,0,0,0,0,0,0,0,0,0,0,0,0,0,0,0,0,0,1,0,1,0,0,0,,0,0,0,0,0,0,0,0,0,0,0,0,0,0,0,0,,,,,,61-65,56-65,City street,U,Friday,Belt Used,PV,Not Fatal,0,0,0,0,City Street,Municipal/City Police,Tacoma Police Department,0,0,0,1,0,,,,,,0,0,0,,,,,,,,,,,,,,,,,,,,,,,,,,,,,,,,,,,
2018,21,E762689,1,01/19/2018,12:35,19,1,0,77,Yakima,0,1,0,1,1,2,1,0,2,2,,,,12,0,1,5.8,1,0,1,5,1,2,4,1,0,0,0,CR-SUMMITVIEW RD,,-120.7100889,46.66035556,0,1,20,50,3,50,61,0,0,1,2,12,1,1,2,1,1,1,3,53,0,23,882,1992,0,0,12,,,,,,1,1,46,2,1,98,4,7,3,0,11,0,01/19/2018,12:35,53003421,3421,0,0,0,3,1,0,0,0,0,17,,,,,,0,,,,,,98947,53,67,174,6,1,0,0,0,0,,0,,,,,,0,,,20,0,0,0,1,9,8,,,0,0,0,8,0,2,1,,,1,,,2,1,0,,,,,,,,,,,,,,,,,,,,,,,,,,,,,,0,0,0,0,0,0,0,0,0,0,0,0,0,0,0,0,1,0,0,0,0,0,0,0,0,0,0,0,0,0,1,0,0,0,0,,0,1,0,0,0,0,0,0,1,0,0,0,0,0,0,0,,,,,,46-50,46-55,County road,R,Friday,,MHTRUCK,Hispanic,0,0,0,0,County Road,State Patrol,Washington State Patrol Headquarter,0,0,1,0,0,,,,,,0,0,0,,,,,,,,,,,,,,,,,,,,,,,,,,,,,,,,,,,
2018,21,E762689,1,01/19/2018,12:35,19,1,0,77,Yakima,0,1,0,1,1,2,1,0,2,2,,,,12,0,1,5.8,1,0,1,5,1,2,4,1,0,0,0,CR-SUMMITVIEW RD,,-120.7100889,46.66035556,0,2,21,53,3,50,50,0,0,1,5,12,1,1,2,1,5,55,3,53,2,84,981,2007,0,0,12,,,,,,1,1,38,1,0,0,0,0,3,0,11,0,,,,,6,1,0,3,1,0,0,0,0,0,,,,,,0,,,,,,98947,53,72,210,6,1,0,1,0,0,,0,,,,,,0,09/15/2013,09/15/2013,20,0,0,0,8,9,2,,,0,0,0,0,0,8,95,,,96,,,8,95,995,,,,,,,,,,,,,,,,,,,,,,,,,,,,,,0,0,0,0,0,0,0,0,0,0,0,0,0,0,0,0,1,0,0,0,0,0,0,0,0,0,0,0,0,0,1,0,0,0,0,,0,0,0,0,0,0,0,0,0,0,0,0,0,0,0,0,,,,,,36-40,36-45,County road,R,Friday,,BUS,Not Fatal,0,0,0,0,County Road,State Patrol,Washington State Patrol Headquarter,0,0,1,0,0,,,,,,0,0,0,,,,,,,,,,,,,,,,,,,,,,,,,,,,,,,,,,,
2018,22,E762693,330,01/23/2018,17:42,23,1,0,77,Yakima,2590,2,0,2,2,2,1,1,2,1,,,,8,0,0,0,1,0,1,3,2,4,6,0,0,0,0,N 15TH AVE,,-120.5303472,46.59395556,0,1,13,80,5,30,34,0,0,1,7,8,1,2,2,1,1,2,1,53,0,20,481,2011,0,0,8,,,,,,1,1,73,1,0,0,0,0,3,0,11,0,,,,,0,0,3,3,1,0,0,0,0,96,,,,,,0,,,,,,98908,53,69,150,6,1,0,0,1,0,,0,,,,,,0,12/15/2014,12/15/2014,20,0,0,0,8,9,8,,,0,0,0,8,0,8,95,,,96,,,8,95,995,,,,,,,,,,,,,,,,,,,,,,,,,,,,,,0,0,0,0,0,0,0,0,0,0,0,0,0,0,0,0,0,1,0,0,0,0,0,0,0,1,1,0,0,1,0,1,0,0,0,,0,0,0,0,0,0,0,0,0,0,0,0,0,0,0,0,,,,,,71-75,66-75,City street,U,Tuesday,Belt Used,PV,Not Fatal,0,0,0,0,City Street,Municipal/City Police,Yakima Police Department,0,0,0,1,0,,,,,,0,0,0,,,,,,,,,,,,,,,,,,,,,,,,,,,,,,,,,,,
2018,23,E762892,4,01/25/2018,5:46,25,1,0,1,Adams,0,1,0,2,4,2,1,0,2,1,5:48,6:09,6:47,1,0,0,232.7,1,0,1,1,1,1,1,0,0,0,0,I-90,,-118.1534111,47.23325,0,1,2,6,1,70,34,0,0,1,2,1,1,1,2,2,1,2,2,53,0,20,473,2004,0,0,63,1,38,,,,1,1,61,1,0,0,2,0,20,0,11,5,,,,,0,0,0,0,1,87,0,0,0,93,,,,,,0,,,,,,99202,53,72,145,0,0,0,1,0,0,,23,,,,,,4,09/15/2017,09/15/2017,1,0,0,0,8,9,8,,,0,0,0,8,0,8,95,,,96,,,8,95,995,,,,,,,,,,,,,,,,,,,,,,,,,,,,,,0,0,0,0,0,0,0,0,0,0,0,0,1,1,0,0,1,0,0,1,0,0,0,0,0,0,0,0,0,1,0,0,0,0,0,,0,0,0,0,0,0,0,0,1,1,0,1,0,0,0,0,,,,,,61-65,56-65,Interstate,R,Thursday,Not Used,PV,Not Fatal,0,1,0,0,State Route,State Patrol,Washington State Patrol Headquarter,1,1,0,0,0,,,,,,0,0,0,,,,,,,,,,,,,,,,,,,,,,,,,,,,,,,,,,,
2018,24,E763008,278,01/26/2018,17:22,26,1,0,63,Spokane,2110,1,0,2,1,2,1,2,4,2,17:24,17:28,,8,0,0,284,1,0,1,3,2,1,2,0,0,0,0,US-2,,-117.4114667,47.72756389,0,2,98,80,5,45,4,0,0,1,7,8,1,1,7,5,1,2,1,53,0,49,40,2012,0,0,8,,,,,,1,1,37,1,0,0,0,0,3,0,11,0,,,,,0,0,3,3,1,0,0,0,0,96,,,,,,0,,,,,,99021,53,71,195,6,1,0,0,0,0,,0,,,,,,0,,,20,0,0,0,8,9,8,,,0,0,0,8,0,2,1,,,1,,,2,1,0,,,,,,,,,,,,,,,,,,,,,,,,,,,,,,0,0,0,0,1,0,0,0,0,1,0,1,0,0,0,0,0,0,0,0,1,0,1,0,1,0,0,0,0,1,0,1,0,0,0,,0,0,0,0,0,0,0,0,0,0,0,0,0,0,0,0,,,,,,36-40,36-45,US highway,U,Friday,Belt Used,PV,Not Fatal,0,0,0,0,State Route,Municipal/City Police,Spokane Police Department,0,1,0,0,0,,,,,,0,0,0,,,,,,,,,,,,,,,,,,,,,,,,,,,,,,,,,,,
2018,24,E763008,278,01/26/2018,17:22,26,1,0,63,Spokane,2110,1,0,2,1,2,1,2,4,2,17:24,17:28,,8,0,0,284,1,0,1,3,2,1,2,0,0,0,0,US-2,,-117.4114667,47.72756389,0,1,13,80,5,45,4,0,0,1,7,8,1,1,7,5,1,2,2,53,0,12,17,1998,0,0,8,,,,,,1,1,17,1,0,0,0,0,3,0,11,0,,,,,0,0,9,9,1,0,0,0,0,96,,,,,,99,,,,,,99208,53,69,123,6,7,0,0,0,0,,0,,,,,,0,,,20,0,0,0,8,9,8,,,0,0,0,8,1,8,95,,,96,,,8,95,995,,,,,,,,,,,,,,,,,,,,,,,,,,,,,,0,0,0,0,1,0,0,0,0,1,0,1,0,0,0,0,0,0,0,0,1,0,1,0,1,0,0,0,0,1,0,1,0,0,0,,0,0,0,0,0,0,0,0,0,0,0,0,0,0,0,1,,,,,,16-17,16-25,US highway,U,Friday,Belt Used,PV,Not Fatal,0,0,0,0,State Route,Municipal/City Police,Spokane Police Department,0,1,0,0,0,,,,,,0,0,0,,,,,,,,,,,,,,,,,,,,,,,,,,,,,,,,,,,
2018,191,E764286,42,01/30/2018,13:03,30,1,0,67,Thurston,1102,1,0,1,2,2,1,1,1,1,,,,8,0,0,0,3,0,3,4,1,4,4,0,0,20,3,CR-CARPENTER RD SE,32ND AVE SE,-122.7808389,47.01815833,0,1,13,11,2,35,6,0,0,1,5,8,4,2,2,1,10,1,2,53,0,20,24,2012,0,0,63,8,,,,,1,1,25,2,0,0,0,0,3,0,11,0,,,,,0,0,0,3,1,10,0,0,0,96,,,,,,0,,,,,,98503,53,67,205,6,1,0,0,0,2,,0,,,,,,0,03/15/2015,07/15/2017,20,0,0,0,8,9,8,,,0,0,0,8,0,8,95,,,96,,,8,95,995,,,,,,,,,,,,,,,,,,,,,,,,,,,,,,0,0,0,1,0,0,0,0,0,0,0,0,0,0,0,0,0,0,0,0,0,0,0,1,1,0,0,0,0,1,0,1,0,0,0,,0,0,0,0,0,0,0,0,0,0,0,0,0,0,0,0,,,,,,21-25,16-25,County road,R,Tuesday,Belt Used,PV,Not Fatal,1,0,0,0,City Street,County Sheriff,Thurston County Sheriff's Office,0,0,0,1,0,,,,,,0,0,0,,,,,,,,,,,,,,,,,,,,,,,,,,,,,,,,,,,
2018,26,E764610,2,01/15/2018,17:54,15,1,2,57,Skagit,0,1,0,2,1,2,1,0,2,2,,,,12,0,6,4.9,2,0,2,4,1,2,4,0,0,20,3,CR-JOSH WILSON RD,FARM TO MARKET RD,-122.4444083,48.48668056,0,1,89,17,2,50,14,0,0,1,7,12,1,1,2,1,4,1,1,53,0,49,401,1997,0,0,12,,,,,,1,1,60,2,7,1,4,7,3,0,11,0,01/15/2018,17:54,53002313,2313,0,0,0,3,1,0,0,0,0,93,,,,,,0,,,,,,98273,53,68,175,6,1,0,1,1,0,,0,,,,,,0,08/15/2013,08/15/2013,1,0,0,0,0,9,8,,,0,0,0,8,0,2,1,,,1,,,2,1,0,,,,,,,,,,,,,,,,,,,,,,,,,,,,,,0,0,0,1,0,0,0,0,0,0,0,0,0,1,0,0,1,0,0,0,0,0,0,0,0,0,0,0,0,1,0,0,0,0,0,,1,0,0,0,0,0,0,0,1,0,0,0,0,0,0,0,,,,,,56-60,56-65,County road,R,Monday,Belt Used,PV,White,1,0,0,0,County Road,State Patrol,Washington State Patrol Headquarter,0,0,1,0,0,,,,,,0,0,0,,,,,,,,,,,,,,,,,,,,,,,,,,,,,,,,,,,
2018,26,E764610,2,01/15/2018,17:54,15,1,2,57,Skagit,0,1,0,2,1,2,1,0,2,2,,,,12,0,6,4.9,2,0,2,4,1,2,4,0,0,0,0,CR-JOSH WILSON RD,FARM TO MARKET RD,-122.4444083,48.48668056,0,2,88,66,4,50,34,0,0,1,7,12,8,8,2,1,1,1,3,53,0,7,482,2001,0,0,12,,,,,,1,1,28,1,0,0,0,0,3,0,11,0,,,,,0,0,3,2,1,0,0,0,0,96,,,,,,0,,,,,,98284,53,69,180,1,1,1,0,1,3,,0,,,,,,0,04/15/2015,05/15/2017,20,0,0,0,8,9,2,,,0,0,0,0,0,2,1,,,1,,,2,1,0,,,,,,,,,,,,,,,,,,,,,,,,,,,,,,0,0,0,1,0,0,0,0,0,0,0,0,0,1,0,0,1,0,0,0,0,0,0,0,0,0,0,0,0,1,0,0,0,0,0,,0,0,0,0,0,0,0,0,0,0,0,1,0,0,0,0,,,,,,26-30,26-35,County road,R,Monday,Belt Used,PV,Not Fatal,1,0,0,0,County Road,State Patrol,Washington State Patrol Headquarter,0,0,1,0,0,,,,,,0,1,0,,,,,,,,,,,,,,,,,,,,,,,,,,,,,,,,,,,