year,case,par,repjur,crash_dt,crash_tm,accday,accmon,holiday,county,co_char,city,weather,weather2,lightcond,surfcond,surftype,numfatal,nmforms,pforms,vforms,not_tm,arr_tm,hosp_tm,fhevent,hitrun,manncol,milepnt,reljunc,reljuncinter,intersectiontype,funcsystem,landuse,ownership,route,schlbus,spejur,contdev,devfunc,trafid1,trafid2,x,y,wk_zone,vnumber,crashtype,criticalevent,criticaleventcat,spdlim,body,trailer,emerg,hazcargo,leave,mhevent,roadalgn,roadprof,traflane,trafflow,vehmanvr,numoccs,regowner,regstate,spuse,make,model,modelyr,vrf1,vrf2,seqevent1,seqevent2,seqevent3,seqevent4,seqevent5,seqevent6,pnumber,ptype,age,sex,hispanic,race,injury,diedscene,restraint,restraintmisuse,seatpos,takehosp,death_dt,death_tm,cert,cernum_wa,commlic,licendor,licrestrict,liccomp,drivpres,drf1,drf2,drf3,drf4,distract1,distract2,distract3,distract4,distract5,distract6,dricond1,dricond2,dricond3,dricond4,dricond5,dricond6,dzip,licstate,drhgt_in,weight,noncdl,noncdltype,prevdwi,prevoth,prevacc,prevspd,prevsus,driviol1,driviol2,driviol3,driviol4,driviol5,driviol6,spdrel,first_dt,last_dt,airbag,ejection,ejectpath,extricat,injurwrk,methalc,methdrug,nmlocat,strikveh,prf1,prf2,prf3,druginv,alcinvol,drugsts,drugres1,drugres2,drugres3,drugtst1,drugtst2,drugtst3,alcsts,alctst,alcres,nmact1,nmact2,nmact3,nmact4,nmact5,nmact6,nmprior1,nmprior2,nmprior3,nmprior4,nmprior5,nmprior6,nmcond1,nmcond2,nmcond3,nmcond4,nmcond5,nmcond6,nmsafe_helmet,nmsafe_pads,nmsafe_oth,nmprev_ref,nmprev_lgt,nmprev_oth,crashlocation,nmcrashtype,crosswalk,schoolzone,sidewalk,train_inv,wildlife_inv,rotr_fars,intersect_fars,dd_inv,aid_inv,dpd_inv,id_inv,mj_inv,impnm_inv,ainm_inv,dpnm_inv,speed_inv,unlic_inv,unendmc_inv,drowsy_inv,drdist_inv,nmdist_inv,fty_inv,unrestfat_inv,dr1617_inv,dr1820_inv,dr1620_inv,dr2125_inv,dr1625_inv,dr65_inv,dr70_inv,dr75_inv,mc_inv,pv_inv,ht_inv,ped_inv,bike_inv,unrest_fat,mc_fat,unhelmet_mc,pv_fat,ht_fat,ped_fat,bike_fat,dr_alc7,dr_alc8,dr_drug,dr_imp,dr_dist,dr_spd,dr_fty,dr_unlic,dr_alc7only,dr_alc8only,dr_drugonly,dr_drink,nm_imp,nm_alc7,nm_alc8,nm_drug,nm_dist,agegrp1,agegrp2,roadclass,urbrur,dayweek,restuse,vehtype,race_me,intersect,lanedep,oppdir,wrongway,rep_typ,investag,repag_long,rotr,st_rd,cty_rd,city_rd,oth_rd,drug_thc,thc_res,drug_cthc,cthc_res,drug_cann,prevpersemin,prevperse,prevsusoth,drugtst4,drugtst5,drugtst6,drugtst7,drugtst8,drugres4,drugres5,drugres6,drugres7,drugres8,adspresent,adsengaged,adslevel,race1,race2,race3,race4,race5,helmet,helmetmisuse,nmdistract1,nmdistract2,nmdistract3,nmdistract4,nmdistract5,nmdistract6,lab,isedtcase,crf1,crf2,crf3,CoRoadName,CoMP,IntCoRoadName,IntCoMP
2018,27,E764614,4,01/25/2018,4:34,25,1,0,1,Adams,0,1,0,2,4,2,1,0,1,1,4:34,4:48,,1,0,0,216.4,1,0,1,1,1,1,1,0,0,0,0,I-90,,-118.4210194,47.1109,0,1,2,6,1,70,34,0,0,1,2,1,1,1,2,3,1,1,2,53,0,12,481,2014,0,0,63,1,,,,,1,1,32,1,7,58,4,7,20,0,11,0,01/25/2018,4:34,53003745,3745,0,0,0,3,1,87,0,0,0,96,,,,,,99,,,,,,83704,16,65,185,6,1,0,0,0,1,,0,,,,,,4,09/15/2015,09/15/2015,8,1,9,0,9,9,8,,,0,0,0,8,9,2,423,,,2,,,2,1,0,,,,,,,,,,,,,,,,,,,,,,,,,,,,,,0,0,0,0,0,0,1,1,0,0,0,0,1,0,0,0,0,0,0,1,0,0,0,0,0,0,0,0,0,1,0,0,0,1,0,,1,0,0,0,0,0,1,1,0,1,0,0,0,0,1,0,,,,,,31-35,26-35,Interstate,R,Thursday,Not Used,PV,API,0,1,0,0,State Route,State Patrol,Washington State Patrol Headquarter,1,1,0,0,0,,,,,,0,0,0,,,,,,,,,,,,,,,,,,,,,,,,,,,,,,,,,,,
2018,29,E764929,290,01/27/2018,14:52,27,1,0,53,Pierce,2230,2,0,1,2,2,1,0,4,3,15:03,15:03,15:28,12,0,98,0.4,1,0,1,3,2,1,3,0,3,0,0,SR-167,,-122.3985194,47.23922778,0,1,66,10,2,35,3,0,0,1,7,12,3,2,2,2,14,1,1,53,0,54,38,2002,0,0,64,12,12,,,,1,1,23,2,1,68,4,7,3,0,11,0,01/27/2018,14:52,2.23E+11,4649,0,0,3,3,1,0,0,0,0,92,,,,,,0,,,,,,98031,53,62,140,6,1,0,0,0,0,,0,,,,,,0,,,20,0,0,0,0,9,8,,,0,0,0,8,0,2,167,,,1,,,2,1,0,,,,,,,,,,,,,,,,,,,,,,,,,,,,,,0,0,0,0,0,0,1,1,0,0,0,0,0,0,0,0,1,0,0,0,0,0,0,1,1,0,0,0,0,1,0,0,0,0,0,,1,0,0,0,0,0,1,1,1,0,0,0,0,0,1,0,,,,,,21-25,16-25,State route,U,Saturday,Belt Used,PV,Hispanic,0,1,1,0,State Route,Municipal/City Police,Tacoma Police Department,0,1,0,0,0,,,,,,0,0,0,,,,,,,,,,,,,,,,,,,,,,,,,,,,,,,,,,,
2018,29,E764929,290,01/27/2018,14:52,27,1,0,53,Pierce,2230,2,0,1,2,2,1,0,4,3,15:03,15:03,15:28,12,0,98,0.4,1,0,1,3,2,1,3,0,3,0,0,SR-167,,-122.3985194,47.23922778,0,2,66,62,4,35,34,0,0,1,7,12,2,2,2,2,14,1,1,53,0,7,482,2002,0,0,12,,,,,,1,1,63,1,0,0,9,0,3,0,11,5,,,,,0,0,0,3,1,0,0,0,0,96,,,,,,0,,,,,,98371,53,75,235,6,1,0,0,0,0,,0,,,,,,0,,,20,0,0,0,8,9,8,,,0,0,0,8,0,8,95,,,96,,,8,95,995,,,,,,,,,,,,,,,,,,,,,,,,,,,,,,0,0,0,0,0,0,1,1,0,0,0,0,0,0,0,0,1,0,0,0,0,0,0,1,1,0,0,0,0,1,0,0,0,0,0,,0,0,0,0,0,0,0,0,0,0,0,0,0,0,0,0,,,,,,61-65,56-65,State route,U,Saturday,Belt Used,PV,Not Fatal,0,1,1,0,State Route,Municipal/City Police,Tacoma Police Department,0,1,0,0,0,,,,,,0,0,0,,,,,,,,,,,,,,,,,,,,,,,,,,,,,,,,,,,
2018,29,E764929,290,01/27/2018,14:52,27,1,0,53,Pierce,2230,2,0,1,2,2,1,0,4,3,15:03,15:03,15:28,12,0,98,0.4,1,0,1,3,2,1,3,0,3,0,0,SR-167,,-122.3985194,47.23922778,0,3,98,62,4,35,6,0,0,1,5,12,2,2,2,2,14,2,1,53,0,48,45,2004,0,0,12,,,,,,1,1,62,2,0,0,0,0,3,0,11,0,,,,,0,0,0,3,1,0,0,0,0,96,,,,,,0,,,,,,98388,53,63,170,6,1,0,0,0,0,,0,,,,,,0,,,20,0,0,0,8,9,8,,,0,0,0,8,0,8,95,,,96,,,8,95,995,,,,,,,,,,,,,,,,,,,,,,,,,,,,,,0,0,0,0,0,0,1,1,0,0,0,0,0,0,0,0,1,0,0,0,0,0,0,1,1,0,0,0,0,1,0,0,0,0,0,,0,0,0,0,0,0,0,0,0,0,0,0,0,0,0,0,,,,,,61-65,56-65,State route,U,Saturday,Belt Used,PV,Not Fatal,0,1,1,0,State Route,Municipal/City Police,Tacoma Police Department,0,1,0,0,0,,,,,,0,0,0,,,,,,,,,,,,,,,,,,,,,,,,,,,,,,,,,,,
2017,456,E765189,7,10/13/2017,21:13,13,10,0,33,King,1960,1,0,3,1,1,1,0,4,2,21:18,21:46,22:00,12,0,6,161.5,1,0,1,1,2,1,1,0,0,0,0,I-5,,-122.3341861,47.54287222,0,1,98,54,3,60,4,0,0,1,2,12,1,1,5,3,12,2,2,53,0,37,31,1993,0,0,12,,,,,,1,1,36,2,7,2,4,0,20,0,11,5,10/13/2017,22:10,1.96E+11,45719,0,0,3,2,1,48,0,0,0,96,,,,,,99,,,,,,98030,53,68,242,2,1,1,1,0,0,0,0,,,,,,0,08/15/2016,08/15/2016,8,0,0,0,0,9,8,,,0,0,0,8,9,2,401,417,0,1,1,0,2,1,0.12,,,,,,,,,,,,,,,,,,,,,,,,,,,,,,0,0,0,0,1,1,1,1,0,0,0,0,0,1,0,0,0,0,0,1,0,0,0,0,0,0,0,0,0,1,0,0,0,1,0,,1,0,0,0,0,1,1,1,0,0,0,1,0,0,0,1,,,,,,36-40,36-45,Interstate,U,Friday,Not Used,PV,Black,0,0,0,0,State Route,State Patrol,Washington State Patrol Headquarter,0,1,0,0,0,,,,,,,,,,,,,,,,,,,,,,,,,,,,,,,,,,,,,,,,,,,
2017,456,E765189,7,10/13/2017,21:13,13,10,0,33,King,1960,1,0,3,1,1,1,0,4,2,21:18,21:46,22:00,12,0,6,161.5,1,0,1,1,2,1,1,0,0,0,0,I-5,,-122.3341861,47.54287222,0,2,98,54,3,60,14,0,0,1,2,12,1,1,5,3,1,2,1,53,0,48,403,2017,0,0,12,,,,,,1,1,58,1,0,0,1,0,3,0,11,5,,,,,0,0,0,3,1,0,0,0,0,0,,,,,,0,,,,,,98226,53,69,225,6,1,0,0,0,0,0,0,,,,,,0,,,8,0,0,0,8,9,8,,,0,0,0,8,0,2,1,0,0,1,0,0,2,1,0,,,,,,,,,,,,,,,,,,,,,,,,,,,,,,0,0,0,0,1,1,1,1,0,0,0,0,0,1,0,0,0,0,0,1,0,0,0,0,0,0,0,0,0,1,0,0,0,0,0,,0,0,0,0,0,0,0,0,0,0,0,0,0,0,0,0,,,,,,56-60,56-65,Interstate,U,Friday,Belt Used,PV,Not Fatal,0,0,0,0,State Route,State Patrol,Washington State Patrol Headquarter,0,1,0,0,0,,,,,,,,,,,,,,,,,,,,,,,,,,,,,,,,,,,,,,,,,,,
2018,185,E765451,242,02/02/2018,17:54,2,2,0,53,Pierce,1770,1,0,3,1,2,1,0,3,2,,,,12,0,2,5.4,8,0,1,3,2,1,3,0,0,0,0,SR-167,,-122.30865,47.20251389,0,2,69,62,4,98,16,0,0,1,5,12,1,1,4,1,1,1,1,53,0,12,423,2001,0,0,12,,,,,,1,1,39,1,0,0,0,0,3,0,11,0,,,,,0,0,0,3,1,0,0,0,0,96,,,,,,0,,,,,,98323,53,75,200,6,1,0,0,0,0,,0,,,,,,0,,,99,0,0,0,8,3,8,,,0,0,0,8,1,8,95,,,96,,,8,95,995,,,,,,,,,,,,,,,,,,,,,,,,,,,,,,0,0,0,0,1,0,0,0,0,0,0,0,0,1,0,0,1,0,1,0,0,0,0,0,0,0,0,0,0,1,0,0,0,0,0,,0,0,0,0,0,0,0,0,0,0,0,0,0,0,0,1,,,,,,36-40,36-45,State route,U,Friday,Belt Used,PV,Not Fatal,0,0,0,0,State Route,Municipal/City Police,Puyallup Police Department,0,1,0,0,0,,,,,,0,0,0,,,,,,,,,,,,,,,,,,,,,,,,,,,,,,,,,,,
2018,185,E765451,242,02/02/2018,17:54,2,2,0,53,Pierce,1770,1,0,3,1,2,1,0,3,2,,,,12,0,2,5.4,8,0,1,3,2,1,3,0,0,0,0,SR-167,,-122.30865,47.20251389,0,1,68,15,2,98,4,0,0,1,2,12,1,1,4,1,11,2,1,53,0,35,47,2015,0,0,12,,,,,,1,1,63,2,0,0,1,0,3,0,11,5,,,,,0,0,3,2,1,10,38,0,0,93,,,,,,0,,,,,,98422,53,65,180,1,1,0,0,1,0,,46,71,76,,,,0,10/15/2014,07/15/2017,8,0,0,0,8,9,8,,,0,0,0,8,0,8,95,,,96,,,8,95,995,,,,,,,,,,,,,,,,,,,,,,,,,,,,,,0,0,0,0,1,0,0,0,0,0,0,0,0,1,0,0,1,0,1,0,0,0,0,0,0,0,0,0,0,1,0,0,0,0,0,,0,0,0,0,0,0,0,0,1,0,1,1,0,0,0,0,,,,,,61-65,56-65,State route,U,Friday,Belt Used,PV,Not Fatal,0,0,0,0,State Route,Municipal/City Police,Puyallup Police Department,0,1,0,0,0,,,,,,0,0,2,,,,,,,,,,,,,,,,,,,,,,,,,,,,,,,,,,,
2018,35,E765941,4,02/02/2018,18:00,2,2,0,63,Spokane,0,5,0,3,2,2,1,0,2,1,18:54,18:58,19:31,42,0,0,16.8,5,1,1,4,1,1,3,0,0,0,0,SR-904,,-117.5934722,47.56429722,0,1,7,12,2,40,14,0,0,1,2,42,2,1,1,6,14,2,1,53,0,7,402,2002,0,0,64,42,,,,,1,1,33,2,0,0,2,0,20,0,11,5,,,,,0,0,0,3,1,0,0,0,0,93,,,,,,99,,,,,,99207,53,67,170,6,1,0,0,0,1,,0,,,,,,4,10/15/2015,12/15/2016,1,0,0,0,8,9,8,,,0,0,0,8,1,8,95,,,96,,,8,95,995,,,,,,,,,,,,,,,,,,,,,,,,,,,,,,0,0,0,0,1,0,0,0,0,0,0,0,1,0,0,0,1,0,0,0,0,0,0,0,0,0,0,0,0,1,0,0,0,0,0,,0,0,0,0,0,0,0,0,1,1,0,0,0,0,0,1,,,,,,31-35,26-35,State route,R,Friday,Not Used,PV,Not Fatal,0,1,0,0,State Route,State Patrol,Washington State Patrol Headquarter,1,1,0,0,0,,,,,,0,0,1,,,,,,,,,,,,,,,,,,,,,,,,,,,,,,,,,,,
2018,30,E766045,40,01/27/2018,3:16,27,1,0,63,Spokane,0,1,0,2,4,2,1,0,1,1,3:17,3:22,,1,0,0,0.5,1,0,1,6,1,2,4,0,0,0,0,CR-S CRAIG RD,,-117.6075694,47.57440556,0,1,2,13,2,98,14,0,0,1,7,1,1,1,2,1,1,1,1,53,0,2,403,1997,0,0,63,1,,,,,1,1,51,1,7,1,4,7,3,0,11,0,01/27/2018,4:02,53004652,4652,0,0,0,3,1,0,0,0,0,92,,,,,,99,,,,,,99022,53,73,240,6,1,0,0,0,0,,0,,,,,,0,,,20,0,0,0,0,9,8,,,0,0,0,8,9,2,1,,,1,,,2,1,0.18,,,,,,,,,,,,,,,,,,,,,,,,,,,,,,0,0,0,0,1,1,0,1,0,0,0,0,0,0,0,0,1,0,0,0,0,0,0,0,0,0,0,0,0,1,0,0,0,0,0,,1,0,0,0,0,1,0,1,1,0,0,0,0,1,0,1,,,,,,51-55,46-55,County road,R,Saturday,Belt Used,PV,White,0,1,0,0,County Road,County Sheriff,Spokane County Sheriff's Office,1,0,1,0,0,,,,,,0,0,0,,,,,,,,,,,,,,,,,,,,,,,,,,,,,,,,,,,
2018,34,E766413,25,01/25/2018,18:08,25,1,0,33,King,1958,2,0,3,2,2,1,1,1,1,,,,8,0,0,13.4,1,0,1,3,2,1,3,0,0,0,0,SR-99,,-122.2974028,47.41535,0,1,13,80,5,45,4,0,0,1,5,8,1,1,3,2,1,1,2,53,0,7,24,2008,0,0,8,,,,,,1,1,50,2,0,0,0,0,3,0,11,0,,,,,0,0,0,3,1,10,0,0,0,96,,,,,,0,,,,,,98198,53,68,165,6,1,0,0,0,0,,0,,,,,,0,,,20,0,0,0,8,9,8,,,0,0,0,8,0,8,95,,,96,,,8,95,995,,,,,,,,,,,,,,,,,,,,,,,,,,,,,,0,0,0,0,0,0,0,0,0,0,0,0,0,0,0,0,0,0,0,0,0,0,0,0,0,0,0,0,0,1,0,1,0,0,0,,0,0,0,0,0,0,0,0,0,0,0,0,0,0,0,0,,,,,,46-50,46-55,State route,U,Thursday,Belt Used,PV,Not Fatal,0,0,0,0,State Route,County Sheriff,King County Police,0,1,0,0,0,,,,,,0,0,0,,,,,,,,,,,,,,,,,,,,,,,,,,,,,,,,,,,
2018,36,E766618,7,02/02/2018,1:47,2,2,0,33,King,1958,1,0,3,2,2,1,1,2,2,,,,14,1,0,0.2,5,1,1,3,2,1,3,0,0,0,0,SR-518 RAMP Q100086,,-122.3142722,47.47023056,0,1,7,10,2,98,34,0,0,1,5,8,1,3,1,6,1,1,1,53,0,7,481,1991,0,0,64,14,8,,,,1,1,30,1,0,0,0,0,99,0,11,0,,,,,0,0,0,3,1,91,0,0,0,96,,,,,,99,,,,,,98059,53,72,205,6,1,0,1,0,2,,7,,,,,,0,01/15/2016,01/15/2017,20,0,0,0,8,9,8,,,0,0,0,8,9,8,95,,,96,,,8,95,995,,,,,,,,,,,,,,,,,,,,,,,,,,,,,,0,0,0,0,0,0,0,0,0,1,0,1,0,0,0,0,0,0,0,0,0,0,0,0,0,0,0,0,0,1,0,1,0,0,0,,0,0,0,0,0,0,0,0,0,0,0,0,0,0,0,0,,,,,,26-30,26-35,State route,U,Friday,Unknown,PV,Not Fatal,0,1,0,0,State Route,State Patrol,Washington State Patrol Headquarter,1,1,0,0,0,,,,,,0,0,0,,,,,,,,,,,,,,,,,,,,,,,,,,,,,,,,,,,
2018,31,E766774,200,01/23/2018,19:42,23,1,0,61,Snohomish,0,2,0,2,2,2,1,1,1,1,,,,8,0,0,13.4,1,0,1,3,2,1,2,0,0,0,0,US-2,,-121.9986222,47.86874444,0,1,13,80,5,55,6,0,0,1,7,8,1,1,2,1,1,1,1,53,0,32,43,2006,0,0,8,,,,,,1,1,34,1,0,0,0,0,3,0,11,0,,,,,0,0,0,3,1,0,0,0,0,96,,,,,,99,,,,,,98177,53,72,175,6,1,1,2,0,0,,0,,,,,,0,01/15/2014,08/15/2017,20,0,0,0,8,9,8,,,0,0,0,8,9,2,1,,,1,,,2,1,0,,,,,,,,,,,,,,,,,,,,,,,,,,,,,,0,0,0,0,0,0,0,0,0,1,0,1,0,0,0,0,0,0,0,0,0,0,0,0,0,0,0,0,0,1,0,1,0,0,0,,0,0,0,0,0,0,0,0,0,0,0,0,0,0,0,0,,,,,,31-35,26-35,US highway,U,Tuesday,Belt Used,PV,Not Fatal,0,0,0,0,State Route,Municipal/City Police,Monroe Police Department,0,1,0,0,0,,,,,,0,1,1,,,,,,,,,,,,,,,,,,,,,,,,,,,,,,,,,,,
2017,408,E768481,2,09/25/2017,5:30,25,9,0,9,Clallam,0,10,0,2,2,2,1,0,2,2,,,,12,0,8,223.3,1,0,1,3,1,1,2,0,0,0,0,US-101,,-123.8640528,48.05045833,0,2,98,54,3,35,67,0,0,1,2,1,3,2,2,1,14,1,2,53,0,12,880,2016,0,0,12,68,64,42,1,,1,1,55,1,7,1,4,0,3,0,11,8,09/25/2017,5:33,1.70E+11,41861,5,0,0,3,1,0,0,0,0,0,,,,,,99,,,,,,98363,53,71,180,6,1,0,0,0,2,0,0,,,,,,0,01/15/2015,06/15/2015,2,0,0,0,9,9,8,,,0,0,0,8,0,2,1,0,0,1,0,0,2,1,0,,,,,,,,,,,,,,,,,,,,,,,,,,,,,,0,0,0,0,0,0,0,0,0,0,0,0,0,0,0,0,0,0,0,0,0,0,0,0,0,0,0,0,0,0,1,0,0,0,0,,0,1,0,0,0,0,0,0,0,0,0,0,0,0,0,0,,,,,,51-55,46-55,US highway,R,Monday,Belt Used,MHTRUCK,White,0,1,1,0,State Route,State Patrol,Washington State Patrol Headquarter,0,1,0,0,0,,,,,,,,,,,,,,,,,,,,,,,,,,,,,,,,,,,,,,,,,,,
2017,408,E768481,2,09/25/2017,5:30,25,9,0,9,Clallam,0,10,0,2,2,2,1,0,2,2,,,,12,1,8,223.3,1,0,1,3,1,1,2,0,0,0,0,US-101,,-123.8640528,48.05045833,0,1,98,10,2,35,78,9,0,1,5,12,2,2,2,1,14,99,9,99,0,99,884,9999,0,0,12,,,,,,1,1,999,9,0,0,0,0,99,0,11,0,,,,,99,9,9,9,1,0,0,0,0,99,,,,,,99,,,,,,99999,99,,999,9,9,99,99,99,99,99,0,,,,,,0,,,99,0,0,0,8,9,8,,,0,0,0,9,9,0,0,0,0,0,0,0,0,0,996,,,,,,,,,,,,,,,,,,,,,,,,,,,,,,0,0,0,0,0,0,0,0,0,0,0,0,0,0,0,0,0,0,0,0,0,0,0,0,0,0,0,0,0,0,1,0,0,0,0,,0,0,0,0,0,0,0,0,0,0,0,0,0,0,0,0,,,,,,,,US highway,R,Monday,Unknown,MHTRUCK,Not Fatal,0,1,1,0,State Route,State Patrol,Washington State Patrol Headquarter,0,1,0,0,0,,,,,,,,,,,,,,,,,,,,,,,,,,,,,,,,,,,,,,,,,,,
2018,38,E769063,4,02/09/2018,12:45,9,2,0,75,Whitman,0,1,0,1,1,2,2,0,3,2,12:44,12:57,,12,0,2,15.4,1,0,1,3,1,1,2,0,0,0,0,US-195,,-117.1841028,46.64181667,0,2,51,62,4,60,66,2,0,1,7,12,3,2,2,1,14,1,3,53,0,85,881,2007,0,0,12,,,,,,1,1,28,1,0,0,1,0,3,0,11,0,,,,,6,1,3,3,1,0,0,0,0,96,,,,,,0,,,,,,99111,53,71,188,6,1,0,0,0,0,,0,,,,,,0,,,20,0,0,0,8,9,8,,,0,0,0,8,0,8,95,,,96,,,8,95,995,,,,,,,,,,,,,,,,,,,,,,,,,,,,,,0,0,0,0,0,0,0,0,0,0,0,0,0,0,0,0,0,0,0,0,0,0,0,0,0,0,0,0,0,1,1,0,0,0,0,,0,0,0,0,0,0,0,0,0,0,0,0,0,0,0,0,,,,,,26-30,26-35,US highway,R,Friday,,MHTRUCK,Not Fatal,0,1,1,0,State Route,State Patrol,Washington State Patrol Headquarter,0,1,0,0,0,,,,,,0,0,0,,,,,,,,,,,,,,,,,,,,,,,,,,,,,,,,,,,
2018,38,E769063,4,02/09/2018,12:45,9,2,0,75,Whitman,0,1,0,1,1,2,2,0,3,2,12:44,12:57,,12,0,2,15.4,1,0,1,3,1,1,2,0,0,0,0,US-195,,-117.1841028,46.64181667,0,1,50,11,2,60,3,0,0,1,2,12,2,2,2,1,14,2,2,53,0,53,31,2001,0,0,63,69,68,12,,,1,1,28,1,1,1,4,7,3,0,11,0,02/09/2018,12:45,53006761,6761,0,0,0,3,1,28,0,0,0,96,,,,,,99,,,,,,99206,53,68,200,6,1,0,0,0,0,,0,,,,,,0,,,1,0,0,0,0,9,8,,,0,0,0,8,0,2,1,,,1,,,2,1,0,,,,,,,,,,,,,,,,,,,,,,,,,,,,,,0,0,0,0,0,0,0,0,0,0,0,0,0,0,0,0,0,0,0,0,0,0,0,0,0,0,0,0,0,1,1,0,0,0,0,,1,0,0,0,0,0,0,0,0,0,0,0,0,0,0,0,,,,,,26-30,26-35,US highway,R,Friday,Belt Used,PV,Hispanic,0,1,1,0,State Route,State Patrol,Washington State Patrol Headquarter,0,1,0,0,0,,,,,,0,0,0,,,,,,,,,,,,,,,,,,,,,,,,,,,,,,,,,,,
2018,39,E769093,305,02/10/2018,16:25,10,2,0,11,Clark,2370,1,0,1,1,2,1,0,1,2,16:24,16:27,,1,0,0,0,1,0,1,5,2,4,6,0,0,0,0,SE 7TH ST,,-122.5322028,45.61627222,0,1,98,6,1,25,80,0,0,1,7,1,1,1,8,1,1,1,2,41,0,98,706,2013,0,0,1,14,,,,,1,1,26,1,7,1,4,7,19,0,11,0,02/10/2018,16:25,2.37E+11,7162,0,0,3,2,1,0,0,0,0,96,,,,,,99,,,,,,98671,53,74,165,6,1,1,0,0,2,,0,,,,,,3,10/15/2015,07/15/2017,20,8,0,0,0,9,8,,,0,0,0,8,9,2,1,,,1,,,2,1,0,,,,,,,,,,,,,,,,,,,,,,,,,,,,,,0,0,0,0,0,0,0,0,0,0,0,0,1,0,1,0,0,0,0,0,0,0,0,0,0,0,0,0,1,0,1,0,0,0,1,0,0,0,0,0,0,0,0,0,0,1,0,0,0,0,0,0,,,,,,26-30,26-35,City street,U,Saturday,,MC,White,0,0,0,0,City Street,Municipal/City Police,Vancouver Police Department,0,0,0,1,0,,,,,,0,1,0,,,,,,,,,,,,,,,,,,,,,,,,,,,,,,,,,,,
2018,40,E769591,7,02/08/2018,16:34,8,2,0,33,King,0,2,0,1,2,2,1,0,2,2,,,,12,0,2,22.6,1,0,1,3,1,1,3,0,0,0,0,SR-18,,-121.9817417,47.43333333,0,2,51,62,4,55,66,1,0,1,7,12,1,2,4,1,1,1,2,17,0,82,881,2010,0,0,12,,,,,,1,1,41,1,0,0,1,0,3,0,11,8,,,,,6,3,0,3,1,0,0,0,0,96,,,,,,0,,,,,,47240,18,69,212,6,1,0,0,0,0,,0,,,,,,0,,,20,0,0,0,8,9,8,,,0,0,0,8,0,8,95,,,96,,,8,95,995,,,,,,,,,,,,,,,,,,,,,,,,,,,,,,0,0,0,0,1,1,1,1,0,0,0,0,0,0,0,0,1,0,0,1,0,0,0,0,0,0,0,0,0,1,1,0,0,0,0,,0,0,0,0,0,0,0,0,0,0,0,0,0,0,0,0,,,,,,41-45,36-45,State route,R,Thursday,,MHTRUCK,Not Fatal,0,1,1,0,State Route,State Patrol,Washington State Patrol Headquarter,0,1,0,0,0,,,,,,0,0,0,,,,,,,,,,,,,,,,,,,,,,,,,,,,,,,,,,,
2018,40,E769591,7,02/08/2018,16:34,8,2,0,33,King,0,2,0,1,2,2,1,0,2,2,,,,12,0,2,22.6,1,0,1,3,1,1,3,0,0,0,0,SR-18,,-121.9817417,47.43333333,0,1,50,10,2,55,6,0,0,1,7,12,1,2,4,1,1,1,1,8,0,7,21,2005,0,0,68,12,,,,,1,1,30,1,7,1,4,7,20,0,11,0,02/08/2018,16:38,98053006117,6117,0,0,0,3,1,28,0,0,0,92,,,,,,99,,,,,,80215,8,75,200,6,1,0,0,0,0,,0,,,,,,0,,,1,0,0,0,0,9,8,,,0,0,0,8,9,2,996,,,1,,,2,1,0.28,,,,,,,,,,,,,,,,,,,,,,,,,,,,,,0,0,0,0,1,1,1,1,0,0,0,0,0,0,0,0,1,0,0,1,0,0,0,0,0,0,0,0,0,1,1,0,0,1,0,,1,0,0,0,0,1,1,1,1,0,0,0,0,0,0,1,,,,,,26-30,26-35,State route,R,Thursday,Not Used,PV,White,0,1,1,0,State Route,State Patrol,Washington State Patrol Headquarter,0,1,0,0,0,,,,,,0,0,0,,,,,,,,,,,,,,,,,,,,,,,,,,,,,,,,,,,
2018,41,E770635,4,02/14/2018,8:20,14,2,0,63,Spokane,0,4,0,1,3,1,1,0,3,1,8:29,8:53,9:44,17,0,0,257.7,1,0,1,1,1,1,1,0,0,0,0,I-90,,-117.7560583,47.46008889,0,1,2,6,1,70,14,0,0,1,2,1,1,1,2,2,15,3,2,53,0,20,403,2003,0,0,63,17,1,,,,1,1,45,2,7,1,4,7,3,0,11,0,02/14/2018,8:20,53007561,7561,0,0,3,2,1,87,0,0,0,96,,,,,,0,,,,,,98902,53,64,275,1,1,0,0,0,0,,0,,,,,,4,04/15/2013,06/15/2013,1,0,0,0,0,9,8,,,0,0,0,0,0,2,1,,,1,,,2,1,0,,,,,,,,,,,,,,,,,,,,,,,,,,,,,,0,0,0,0,0,0,0,0,0,0,0,0,1,1,0,0,0,0,0,0,0,0,0,0,0,0,0,0,0,1,0,0,0,0,0,,1,0,0,0,0,0,0,0,0,1,0,1,0,0,0,0,,,,,,41-45,36-45,Interstate,R,Wednesday,Belt Used,PV,White,0,1,0,0,State Route,State Patrol,Washington State Patrol Headquarter,1,1,0,0,0,,,,,,0,0,2,,,,,,,,,,,,,,,,,,,,,,,,,,,,,,,,,,,