year,case,par,repjur,crash_dt,crash_tm,accday,accmon,holiday,county,co_char,city,weather,weather2,lightcond,surfcond,surftype,numfatal,nmforms,pforms,vforms,not_tm,arr_tm,hosp_tm,fhevent,hitrun,manncol,milepnt,reljunc,reljuncinter,intersectiontype,funcsystem,landuse,ownership,route,schlbus,spejur,contdev,devfunc,trafid1,trafid2,x,y,wk_zone,vnumber,crashtype,criticalevent,criticaleventcat,spdlim,body,trailer,emerg,hazcargo,leave,mhevent,roadalgn,roadprof,traflane,trafflow,vehmanvr,numoccs,regowner,regstate,spuse,make,model,modelyr,vrf1,vrf2,seqevent1,seqevent2,seqevent3,seqevent4,seqevent5,seqevent6,pnumber,ptype,age,sex,hispanic,race,injury,diedscene,restraint,restraintmisuse,seatpos,takehosp,death_dt,death_tm,cert,cernum_wa,commlic,licendor,licrestrict,liccomp,drivpres,drf1,drf2,drf3,drf4,distract1,distract2,distract3,distract4,distract5,distract6,dricond1,dricond2,dricond3,dricond4,dricond5,dricond6,dzip,licstate,drhgt_in,weight,noncdl,noncdltype,prevdwi,prevoth,prevacc,prevspd,prevsus,driviol1,driviol2,driviol3,driviol4,driviol5,driviol6,spdrel,first_dt,last_dt,airbag,ejection,ejectpath,extricat,injurwrk,methalc,methdrug,nmlocat,strikveh,prf1,prf2,prf3,druginv,alcinvol,drugsts,drugres1,drugres2,drugres3,drugtst1,drugtst2,drugtst3,alcsts,alctst,alcres,nmact1,nmact2,nmact3,nmact4,nmact5,nmact6,nmprior1,nmprior2,nmprior3,nmprior4,nmprior5,nmprior6,nmcond1,nmcond2,nmcond3,nmcond4,nmcond5,nmcond6,nmsafe_helmet,nmsafe_pads,nmsafe_oth,nmprev_ref,nmprev_lgt,nmprev_oth,crashlocation,nmcrashtype,crosswalk,schoolzone,sidewalk,train_inv,wildlife_inv,rotr_fars,intersect_fars,dd_inv,aid_inv,dpd_inv,id_inv,mj_inv,impnm_inv,ainm_inv,dpnm_inv,speed_inv,unlic_inv,unendmc_inv,drowsy_inv,drdist_inv,nmdist_inv,fty_inv,unrestfat_inv,dr1617_inv,dr1820_inv,dr1620_inv,dr2125_inv,dr1625_inv,dr65_inv,dr70_inv,dr75_inv,mc_inv,pv_inv,ht_inv,ped_inv,bike_inv,unrest_fat,mc_fat,unhelmet_mc,pv_fat,ht_fat,ped_fat,bike_fat,dr_alc7,dr_alc8,dr_drug,dr_imp,dr_dist,dr_spd,dr_fty,dr_unlic,dr_alc7only,dr_alc8only,dr_drugonly,dr_drink,nm_imp,nm_alc7,nm_alc8,nm_drug,nm_dist,agegrp1,agegrp2,roadclass,urbrur,dayweek,restuse,vehtype,race_me,intersect,lanedep,oppdir,wrongway,rep_typ,investag,repag_long,rotr,st_rd,cty_rd,city_rd,oth_rd,drug_thc,thc_res,drug_cthc,cthc_res,drug_cann,prevpersemin,prevperse,prevsusoth,drugtst4,drugtst5,drugtst6,drugtst7,drugtst8,drugres4,drugres5,drugres6,drugres7,drugres8,adspresent,adsengaged,adslevel,race1,race2,race3,race4,race5,helmet,helmetmisuse,nmdistract1,nmdistract2,nmdistract3,nmdistract4,nmdistract5,nmdistract6,lab,isedtcase,crf1,crf2,crf3,CoRoadName,CoMP,IntCoRoadName,IntCoMP
2018,42,E770752,6,02/15/2018,6:52,15,2,0,47,Okanogan,0,1,0,4,1,2,1,0,1,1,,,,34,0,0,41.6,1,0,1,4,1,1,3,0,3,0,0,SR-155,,-118.9759889,48.15092778,0,1,2,10,2,60,14,0,0,1,2,1,2,2,2,1,14,1,2,53,0,18,401,2005,0,0,68,64,69,68,63,34,1,1,38,2,7,3,4,7,20,0,11,0,02/15/2018,6:52,1.47E+11,7539,8,0,3,3,1,58,0,0,0,96,,,,,,9,,,,,,99155,53,64,180,6,1,0,0,0,0,,0,,,,,,0,,,20,1,9,0,0,1,8,,,0,0,0,8,1,2,1,,,1,,,2,1,0.22,,,,,,,,,,,,,,,,,,,,,,,,,,,,,,0,0,0,0,1,1,0,1,0,0,0,0,0,0,0,0,0,0,0,1,0,0,0,0,0,0,0,0,0,1,0,0,0,1,0,,1,0,0,0,0,1,0,1,0,0,0,0,0,1,0,1,,,,,,36-40,36-45,State route,R,Thursday,Not Used,PV,AIAN,0,1,0,0,State Route,State Patrol,Washington State Patrol Headquarter,1,1,0,0,0,,,,,,0,0,0,,,,,,,,,,,,,,,,,,,,,,,,,,,,,,,,,,,
2017,497,E770794,7,11/05/2017,1:58,5,11,0,33,King,170,2,0,3,2,2,1,0,1,1,,,,41,0,0,24.8,1,0,1,1,2,1,1,0,0,0,0,I-405,,-122.1898278,47.77061667,0,1,2,13,2,60,3,0,0,1,2,42,1,1,3,3,1,1,2,53,0,55,42,2012,0,0,63,41,42,1,42,,1,1,20,2,7,1,4,7,3,0,11,0,11/05/2017,1:58,17053047743,47743,0,0,0,3,1,0,0,0,0,92,,,,,,9,,,,,,98275,53,61,111,6,1,0,0,0,0,0,0,,,,,,4,,,8,0,0,0,0,1,8,,,0,0,0,8,1,2,1,0,0,1,0,0,2,1,0.12,,,,,,,,,,,,,,,,,,,,,,,,,,,,,,0,0,0,0,1,1,0,1,0,0,0,0,1,0,0,0,1,0,0,0,0,1,1,0,1,0,0,0,0,1,0,0,0,0,0,,1,0,0,0,0,1,0,1,1,1,0,0,0,1,0,1,,,,,,18-20,16-25,Interstate,U,Sunday,Belt Used,PV,White,0,1,0,0,State Route,State Patrol,Washington State Patrol Headquarter,1,1,0,0,0,,,,,,,,,,,,,,,,,,,,,,,,,,,,,,,,,,,,,,,,,,,
2018,43,E770816,5,02/11/2018,1:17,11,2,0,11,Clark,2370,1,0,3,1,2,3,0,5,3,,,,12,0,2,2,1,0,1,3,2,1,3,0,0,0,0,SR-14,,-122.6316667,45.6185,0,3,98,50,3,98,6,0,0,1,5,12,1,2,2,3,1,1,2,53,0,49,46,2013,0,0,12,,,,,,1,1,79,2,0,0,0,0,99,0,11,0,,,,,0,0,0,3,1,0,0,0,0,96,,,,,,99,,,,,,98664,53,58,145,6,1,0,1,0,1,,0,,,,,,4,09/15/2016,06/15/2017,20,0,0,0,8,9,8,,,0,0,0,8,9,8,95,,,96,,,8,95,995,,,,,,,,,,,,,,,,,,,,,,,,,,,,,,0,0,0,0,1,1,1,1,0,0,0,0,1,1,0,0,0,0,0,1,0,0,0,0,0,1,1,1,0,1,0,0,0,0,0,,0,0,0,0,0,0,0,0,0,1,0,0,0,0,0,0,,,,,,76-80,76+,State route,U,Sunday,Unknown,PV,Not Fatal,0,0,0,1,State Route,State Patrol,Washington State Patrol Headquarter,0,1,0,0,0,,,,,,0,0,0,,,,,,,,,,,,,,,,,,,,,,,,,,,,,,,,,,,
2018,43,E770816,5,02/11/2018,1:17,11,2,0,11,Clark,2370,1,0,3,1,2,3,0,5,3,,,,12,0,2,2,1,0,1,3,2,1,3,0,0,0,0,SR-14,,-122.6316667,45.6185,0,2,51,54,3,98,14,0,0,1,2,12,1,2,2,3,1,1,2,53,0,18,401,2004,0,0,12,,,,,,1,1,35,1,1,1,4,7,20,0,11,0,02/11/2018,1:17,2.37E+11,7572,0,0,0,2,1,0,0,0,0,96,,,,,,9,,,,,,98684,53,72,170,1,1,1,0,0,1,,0,,,,,,0,08/15/2016,06/15/2017,8,0,0,0,0,1,8,,,0,0,0,8,1,2,177,,,1,,,2,1,0.21,,,,,,,,,,,,,,,,,,,,,,,,,,,,,,0,0,0,0,1,1,1,1,0,0,0,0,1,1,0,0,0,0,0,1,0,0,0,0,0,1,1,1,0,1,0,0,0,1,0,,1,0,0,0,0,1,1,1,0,0,0,1,0,0,0,1,,,,,,31-35,26-35,State route,U,Sunday,Not Used,PV,Hispanic,0,0,0,1,State Route,State Patrol,Washington State Patrol Headquarter,0,1,0,0,0,,,,,,0,0,1,,,,,,,,,,,,,,,,,,,,,,,,,,,,,,,,,,,
2018,43,E770816,5,02/11/2018,1:17,11,2,0,11,Clark,2370,1,0,3,1,2,3,0,5,3,,,,12,0,2,2,1,0,1,3,2,1,3,0,0,0,0,SR-14,,-122.6316667,45.6185,0,1,50,54,3,98,4,0,0,1,2,12,1,2,2,3,1,3,1,53,0,35,47,2007,0,0,12,12,,,,,1,1,33,1,7,1,4,0,3,0,11,4,02/11/2018,17:57,2.37E+11,7520,0,0,0,3,1,51,0,0,0,96,,,,,,9,,,,,,98686,53,71,180,6,1,0,0,0,2,,0,,,,,,0,02/15/2015,12/15/2016,8,0,0,0,0,1,8,,,0,0,0,8,1,2,1,,,1,,,2,1,0.09,,,,,,,,,,,,,,,,,,,,,,,,,,,,,,0,0,0,0,1,1,1,1,0,0,0,0,1,1,0,0,0,0,0,1,0,0,0,0,0,1,1,1,0,1,0,0,0,0,0,,1,0,0,0,0,1,0,1,0,0,0,0,0,1,0,1,,,,,,31-35,26-35,State route,U,Sunday,Belt Used,PV,White,0,0,0,1,State Route,State Patrol,Washington State Patrol Headquarter,0,1,0,0,0,,,,,,0,0,1,,,,,,,,,,,,,,,,,,,,,,,,,,,,,,,,,,,
2018,44,E771305,14,02/08/2018,6:03,8,2,0,11,Clark,0,5,0,2,1,2,1,1,1,1,6:05,6:09,,8,1,0,5.4,1,0,1,3,2,2,4,0,0,0,0,CR-NE HWY 99,,-122.6532167,45.69933056,0,1,13,80,5,40,14,0,0,1,7,8,1,1,9,1,1,1,1,53,0,12,402,2014,0,0,8,,,,,,1,1,29,1,0,0,0,0,99,0,11,0,,,,,0,0,0,3,1,0,0,0,0,96,,,,,,0,,,,,,98685,53,69,160,6,1,0,0,0,0,,97,,,,,,0,,,20,0,0,0,8,9,8,,,0,0,0,8,0,2,1,,,1,,,2,1,0,,,,,,,,,,,,,,,,,,,,,,,,,,,,,,0,0,0,0,0,0,0,0,0,1,1,1,0,0,0,0,0,0,0,0,0,0,0,0,0,0,0,0,0,1,0,1,0,0,0,,0,0,0,0,0,0,0,0,0,0,0,0,0,0,0,0,,,,,,26-30,26-35,County road,U,Thursday,Unknown,PV,Not Fatal,0,0,0,0,County Road,County Sheriff,Clark County Sheriff's Office,0,0,1,0,0,,,,,,0,0,0,,,,,,,,,,,,,,,,,,,,,,,,,,,,,,,,,,,
2018,47,E772016,290,02/22/2018,19:15,22,2,0,53,Pierce,2230,1,0,3,1,2,1,1,1,1,,,,8,1,0,0,1,0,1,3,2,4,6,0,0,0,0,S HOSMER ST,,-122.4631833,47.17814444,0,1,13,80,5,35,49,0,0,1,5,8,1,1,4,1,1,99,9,99,0,2,999,9999,0,0,8,,,,,,1,1,36,1,0,0,0,0,99,0,11,0,,,,,0,0,0,2,1,0,0,0,0,96,,,,,,99,,,,,,98444,53,65,150,1,1,0,0,0,0,,97,,,,,,4,,,99,0,0,0,8,9,8,,,0,0,0,8,9,8,95,,,96,,,8,95,995,,,,,,,,,,,,,,,,,,,,,,,,,,,,,,0,0,0,0,0,0,0,0,0,1,1,1,1,1,0,0,0,0,0,0,0,0,0,0,0,0,0,0,0,1,0,1,0,0,0,,0,0,0,0,0,0,0,0,0,1,0,1,0,0,0,0,,,,,,36-40,36-45,City street,U,Thursday,Unknown,PV,Not Fatal,0,0,0,0,City Street,Municipal/City Police,Tacoma Police Department,0,0,0,1,0,,,,,,0,0,0,,,,,,,,,,,,,,,,,,,,,,,,,,,,,,,,,,,
2018,48,E772745,7,02/17/2018,3:10,17,2,3,33,King,1960,2,0,3,2,1,1,1,1,1,,,,8,0,0,0.6,20,1,1,1,2,1,1,0,0,0,0,I-5 CD16563,,-122.3250583,47.60162222,0,1,13,80,5,60,4,0,0,1,7,8,1,1,4,6,1,1,1,53,0,63,34,2018,0,0,8,,,,,,1,1,35,2,0,0,0,0,3,0,11,0,,,,,0,0,3,3,1,0,0,0,0,96,,,,,,0,,,,,,98003,53,66,160,6,1,0,0,0,0,,0,,,,,,0,,,20,0,0,0,8,9,8,,,0,0,0,8,0,8,95,,,96,,,8,95,995,,,,,,,,,,,,,,,,,,,,,,,,,,,,,,0,0,0,0,0,0,0,0,0,0,0,0,0,0,0,0,0,0,0,0,0,0,0,0,0,0,0,0,0,1,0,1,0,0,0,,0,0,0,0,0,0,0,0,0,0,0,0,0,0,0,0,,,,,,31-35,26-35,Interstate,U,Saturday,Belt Used,PV,Not Fatal,0,0,0,0,State Route,State Patrol,Washington State Patrol Headquarter,0,1,0,0,0,,,,,,0,0,0,,,,,,,,,,,,,,,,,,,,,,,,,,,,,,,,,,,
2018,12,E772796,6,01/11/2018,9:36,11,1,0,25,Grant,0,4,0,1,3,2,1,0,2,1,11:38,12:01,13:01,1,0,0,78.4,1,0,1,4,1,1,3,0,0,0,0,SR-17,,-119.4950556,47.52725556,0,1,2,6,1,60,34,0,0,1,7,1,1,1,2,2,1,2,1,53,0,12,481,1996,0,0,63,1,3,,,,1,1,78,1,7,1,4,7,3,0,11,0,01/11/2018,9:40,53001406,1406,0,0,0,3,1,87,0,0,0,96,,,,,,0,,,,,,99115,53,70,180,6,1,0,0,0,0,,0,,,,,,4,,,20,0,0,0,0,9,8,,,0,0,0,8,0,2,1,,,1,,,2,1,0,,,,,,,,,,,,,,,,,,,,,,,,,,,,,,0,0,0,0,0,0,0,0,0,0,0,0,1,0,0,0,0,0,0,0,0,0,0,0,0,1,1,1,0,1,0,0,0,0,0,,1,0,0,0,0,0,0,0,0,1,0,0,0,0,0,0,,,,,,76-80,76+,State route,R,Thursday,Belt Used,PV,White,0,1,0,0,State Route,State Patrol,Washington State Patrol Headquarter,1,1,0,0,0,,,,,,0,0,0,,,,,,,,,,,,,,,,,,,,,,,,,,,,,,,,,,,
2018,187,E773266,242,02/25/2018,18:42,25,2,0,53,Pierce,1770,2,0,3,2,2,1,1,1,1,18:42,18:54,19:16,8,0,0,0,1,0,1,7,2,4,6,0,0,0,0,W STEWART,,-122.3027389,47.19411389,0,1,13,80,5,35,4,0,0,1,7,8,1,1,2,1,1,1,1,53,0,12,23,2014,0,0,8,,,,,,1,1,37,1,0,0,0,0,3,0,11,0,,,,,0,0,3,3,1,0,0,0,0,96,,,,,,0,,,,,,98373,53,74,280,6,1,0,0,0,0,,0,,,,,,0,05/15/2013,05/15/2013,20,0,0,0,8,9,8,,,0,0,0,8,0,8,95,,,96,,,8,95,995,,,,,,,,,,,,,,,,,,,,,,,,,,,,,,0,0,0,0,0,0,0,0,0,1,0,1,0,0,0,0,0,0,0,0,0,0,0,0,0,0,0,0,0,1,0,1,0,0,0,,0,0,0,0,0,0,0,0,0,0,0,0,0,0,0,0,,,,,,36-40,36-45,City street,U,Sunday,Belt Used,PV,Not Fatal,0,0,0,0,City Street,Municipal/City Police,Puyallup Police Department,0,0,0,1,0,,,,,,0,0,1,,,,,,,,,,,,,,,,,,,,,,,,,,,,,,,,,,,
2018,49,E773448,315,02/17/2018,8:20,17,2,3,7,Chelan,2460,4,0,1,3,2,1,0,3,2,,,,12,0,6,0,1,0,1,5,2,4,6,0,0,0,0,SKYLINE DR,,-120.3373972,47.40887222,0,1,66,10,2,25,3,0,0,1,7,12,2,1,2,1,14,2,1,53,0,37,31,1990,0,0,68,12,64,24,,,1,1,22,1,0,0,2,0,3,0,11,4,,,,,0,0,0,3,1,28,87,0,0,96,,,,,,0,,,,,,98815,53,72,220,6,1,0,0,0,0,,97,,,,,,0,,,20,0,0,0,8,9,8,,,0,0,0,8,0,2,1,,,1,,,2,1,0,,,,,,,,,,,,,,,,,,,,,,,,,,,,,,0,0,0,0,0,0,0,0,0,0,0,0,0,0,0,0,0,0,0,0,0,0,0,1,1,0,0,0,0,1,1,0,0,0,0,,0,0,0,0,0,0,0,0,0,0,0,0,0,0,0,0,,,,,,21-25,16-25,City street,U,Saturday,Belt Used,PV,Not Fatal,0,1,1,0,City Street,Municipal/City Police,Wenatchee Police Department,0,0,0,1,0,,,,,,0,0,0,,,,,,,,,,,,,,,,,,,,,,,,,,,,,,,,,,,
2018,49,E773448,315,02/17/2018,8:20,17,2,3,7,Chelan,2460,4,0,1,3,2,1,0,3,2,,,,12,0,6,0,1,0,1,5,2,4,6,0,0,0,0,SKYLINE DR,,-120.3373972,47.40887222,0,2,66,62,4,25,63,0,0,1,5,12,3,2,2,1,14,1,3,53,0,85,881,2007,0,0,12,,,,,,1,1,64,1,0,0,0,0,2,0,11,0,,,,,6,1,0,3,1,0,0,0,0,96,,,,,,0,,,,,,98815,53,68,280,6,1,0,0,0,0,,0,,,,,,0,,,20,0,0,0,8,9,8,,,0,0,0,8,0,8,95,,,96,,,8,95,995,,,,,,,,,,,,,,,,,,,,,,,,,,,,,,0,0,0,0,0,0,0,0,0,0,0,0,0,0,0,0,0,0,0,0,0,0,0,1,1,0,0,0,0,1,1,0,0,0,0,,0,0,0,0,0,0,0,0,0,0,0,0,0,0,0,0,,,,,,61-65,56-65,City street,U,Saturday,,MHTRUCK,Not Fatal,0,1,1,0,City Street,Municipal/City Police,Wenatchee Police Department,0,0,0,1,0,,,,,,0,0,0,,,,,,,,,,,,,,,,,,,,,,,,,,,,,,,,,,,
2017,500,E773500,205,11/12/2017,20:15,12,11,0,57,Skagit,1410,10,0,3,2,2,1,0,4,2,20:16,20:23,,12,0,6,0,2,0,2,4,2,4,6,0,0,0,0,S 15TH ST,E KINCAID ST,-122.3229694,48.41743889,0,2,89,66,4,25,4,0,0,1,2,12,1,1,2,1,1,3,1,53,0,49,43,2000,0,0,12,,,,,,1,1,56,1,0,0,2,0,3,0,11,8,,,,,0,0,3,3,1,0,0,0,0,0,,,,,,0,,,,,,98223,53,68,210,6,1,0,1,1,0,0,0,,,,,,0,09/15/2017,09/15/2017,8,0,0,0,8,9,8,,,0,0,0,8,0,0,0,0,0,0,0,0,0,0,996,,,,,,,,,,,,,,,,,,,,,,,,,,,,,,0,0,0,1,0,0,1,1,0,0,0,0,1,0,0,0,0,0,1,1,0,0,0,0,0,0,0,0,0,1,0,0,0,0,0,,0,0,0,0,0,0,0,0,0,0,0,0,0,0,0,0,,,,,,56-60,56-65,City street,U,Sunday,Belt Used,PV,Not Fatal,1,0,0,0,City Street,Municipal/City Police,Mount Vernon Police Department,0,0,0,1,0,,,,,,,,,,,,,,,,,,,,,,,,,,,,,,,,,,,,,,,,,,,
2017,500,E773500,205,11/12/2017,20:15,12,11,0,57,Skagit,1410,10,0,3,2,2,1,0,4,2,20:16,20:23,,12,0,6,0,2,0,2,4,2,4,6,0,0,20,3,S 15TH ST,E KINCAID ST,-122.3229694,48.41743889,0,1,88,17,2,25,34,0,0,1,2,12,1,1,3,5,1,1,1,53,0,7,482,2008,0,0,12,,,,,,1,1,50,1,0,0,1,0,3,0,11,4,,,,,0,0,0,3,1,38,39,91,0,96,,,,,,9,,,,,,98271,53,71,190,6,1,0,1,1,1,4,1,,,,,,4,04/15/2014,08/15/2017,8,0,0,0,8,9,2,,,0,0,0,1,0,2,401,417,0,1,1,0,2,1,0,,,,,,,,,,,,,,,,,,,,,,,,,,,,,,0,0,0,1,0,0,1,1,0,0,0,0,1,0,0,0,0,0,1,1,0,0,0,0,0,0,0,0,0,1,0,0,0,0,0,,0,0,0,0,0,0,1,1,0,1,1,0,0,0,1,0,,,,,,46-50,46-55,City street,U,Sunday,Belt Used,PV,Not Fatal,1,0,0,0,City Street,Municipal/City Police,Mount Vernon Police Department,0,0,0,1,0,,,,,,,,,,,,,,,,,,,,,,,,,,,,,,,,,,,,,,,,,,,
2018,50,E773623,4,02/23/2018,18:00,23,2,0,63,Spokane,0,4,0,2,3,2,1,0,4,2,18:12,18:30,19:23,12,0,2,182.9,1,0,1,3,1,1,2,0,0,0,0,US-395,,-117.4615639,47.92626944,0,1,50,6,1,60,4,0,0,1,5,12,1,4,2,1,1,2,2,16,0,20,16,2000,0,0,68,12,,,,,1,1,24,2,0,0,3,0,3,0,11,5,,,,,0,0,0,2,1,28,87,0,0,96,,,,,,0,,,,,,99006,53,64,135,1,1,0,2,1,1,,97,,,,,,4,10/15/2014,01/15/2018,1,0,0,0,8,9,8,,,0,0,0,8,0,8,95,,,96,,,8,95,995,,,,,,,,,,,,,,,,,,,,,,,,,,,,,,0,0,0,0,0,0,0,0,0,0,0,0,1,1,0,0,0,0,0,0,0,0,0,1,1,0,0,0,0,1,0,0,0,0,0,,0,0,0,0,0,0,0,0,0,1,0,1,0,0,0,0,,,,,,21-25,16-25,US highway,R,Friday,Belt Used,PV,Not Fatal,0,1,1,0,State Route,State Patrol,Washington State Patrol Headquarter,0,1,0,0,0,,,,,,0,0,6,,,,,,,,,,,,,,,,,,,,,,,,,,,,,,,,,,,
2018,50,E773623,4,02/23/2018,18:00,23,2,0,63,Spokane,0,4,0,2,3,2,1,0,4,2,18:12,18:30,19:23,12,0,2,182.9,1,0,1,3,1,1,2,0,0,0,0,US-395,,-117.4615639,47.92626944,0,2,51,62,4,60,4,0,0,1,5,12,1,4,2,1,1,2,1,53,0,63,33,2004,0,0,12,,,,,,1,1,52,1,7,1,4,7,3,0,11,0,02/23/2018,18:00,53053009983,9983,0,0,3,3,1,0,0,0,0,96,,,,,,0,,,,,,99212,53,74,275,6,1,0,1,0,0,,0,,,,,,0,07/15/2015,07/15/2015,1,0,0,0,0,9,8,,,0,0,0,8,0,2,1,,,1,,,2,1,0,,,,,,,,,,,,,,,,,,,,,,,,,,,,,,0,0,0,0,0,0,0,0,0,0,0,0,1,1,0,0,0,0,0,0,0,0,0,1,1,0,0,0,0,1,0,0,0,0,0,,1,0,0,0,0,0,0,0,0,0,0,0,0,0,0,0,,,,,,51-55,46-55,US highway,R,Friday,Belt Used,PV,White,0,1,1,0,State Route,State Patrol,Washington State Patrol Headquarter,0,1,0,0,0,,,,,,0,0,0,,,,,,,,,,,,,,,,,,,,,,,,,,,,,,,,,,,
2018,51,E773917,8,02/19/2018,7:50,19,2,3,45,Mason,0,10,0,1,8,2,1,0,1,1,,,,42,0,0,7.6,1,0,1,4,1,1,3,0,0,0,0,SR-108,,-123.1670194,47.10001389,0,1,6,12,2,50,3,0,0,1,7,42,2,1,2,1,14,1,1,53,0,49,34,1988,0,0,68,64,42,,,,1,1,57,1,7,1,4,7,3,0,11,0,02/19/2018,7:50,53008476,8476,0,0,0,3,1,0,0,0,0,96,,,,,,0,,,,,,98563,53,66,140,6,1,0,0,0,0,,0,,,,,,4,,,20,0,0,0,0,9,8,,,0,0,0,8,0,2,1,,,1,,,2,1,0,,,,,,,,,,,,,,,,,,,,,,,,,,,,,,0,0,1,0,0,0,0,0,0,0,0,0,1,0,0,0,0,0,0,0,0,0,0,0,0,0,0,0,0,1,0,0,0,0,0,,1,0,0,0,0,0,0,0,0,1,0,0,0,0,0,0,,,,,,56-60,56-65,State route,R,Monday,Belt Used,PV,White,0,1,0,0,State Route,State Patrol,Washington State Patrol Headquarter,1,1,0,0,0,,,,,,0,0,0,,,,,,,,,,,,,,,,,,,,,,,,,,,,,,,,,,,
2018,57,E774076,39,02/22/2018,15:37,22,2,0,61,Snohomish,0,1,0,1,1,2,1,1,2,1,,,,9,0,0,0,2,1,2,4,2,1,2,0,0,0,0,US-2 LX00851,88TH ST SE,-122.0710917,47.91608611,0,1,13,83,5,35,34,0,0,1,7,9,1,2,2,1,1,2,2,53,0,35,472,2011,0,0,9,,,,,,1,1,27,2,0,0,0,0,3,0,11,0,,,,,0,0,3,3,1,0,0,0,0,96,,,,,,0,,,,,,92860,6,67,150,6,1,0,0,0,0,,0,,,,,,0,,,20,0,0,0,8,9,8,,,0,0,0,8,0,8,95,,,96,,,8,95,995,,,,,,,,,,,,,,,,,,,,,,,,,,,,,,0,0,0,1,0,0,0,0,0,0,0,0,0,0,0,0,0,0,0,0,0,0,0,0,0,0,0,0,0,1,0,0,1,0,0,,0,0,0,0,0,0,0,0,0,0,0,0,0,0,0,0,,,,,,26-30,26-35,US highway,U,Thursday,Belt Used,PV,Not Fatal,1,0,0,0,State Route,County Sheriff,Snohomish County Sheriff's Office,0,1,0,0,0,,,,,,0,0,0,,,,,,,,,,,,,,,,,,,,,,,,,,,,,,,,,,,
2018,52,E774125,40,02/26/2018,21:09,26,2,0,63,Spokane,0,1,0,2,1,2,1,0,2,2,,,,12,0,6,1.3,1,0,1,5,1,2,4,0,0,0,0,CR-N OLD TRAILS RD,,-117.5336972,47.68670556,0,2,98,62,4,45,14,0,0,1,7,12,1,2,2,1,1,1,1,53,0,18,404,2016,0,0,12,,,,,,1,1,42,1,0,0,1,0,3,0,11,6,,,,,0,0,0,3,1,0,0,0,0,96,,,,,,0,,,,,,99026,53,71,225,6,1,0,0,0,1,,0,,,,,,0,01/15/2015,01/15/2015,8,0,0,0,8,9,8,,,0,0,0,8,0,2,423,996,,1,1,,2,1,0,,,,,,,,,,,,,,,,,,,,,,,,,,,,,,0,0,0,0,0,0,1,1,0,0,0,0,1,1,0,0,0,0,0,0,0,0,0,0,0,0,0,0,0,1,0,0,0,0,0,,0,0,0,0,0,0,1,1,0,0,0,0,0,0,1,0,,,,,,41-45,36-45,County road,R,Monday,Belt Used,PV,Not Fatal,0,1,1,0,County Road,County Sheriff,Spokane County Sheriff's Office,0,0,1,0,0,,,,,,0,0,0,,,,,,,,,,,,,,,,,,,,,,,,,,,,,,,,,,,
2018,52,E774125,40,02/26/2018,21:09,26,2,0,63,Spokane,0,1,0,2,1,2,1,0,2,2,,,,12,0,6,1.3,1,0,1,5,1,2,4,0,0,0,0,CR-N OLD TRAILS RD,,-117.5336972,47.68670556,0,1,98,10,2,45,3,0,0,1,7,12,1,2,2,1,1,1,2,53,0,69,54,2005,0,0,12,,,,,,1,1,36,2,7,1,4,7,3,0,11,0,02/26/2018,21:09,53009469,9469,0,0,0,2,1,28,0,0,0,96,,,,,,99,,,,,,99201,53,63,130,1,1,0,0,0,0,,0,,,,,,4,04/15/2015,04/15/2015,8,0,0,0,0,9,8,,,0,0,0,8,9,2,401,417,177,1,1,1,2,1,0,,,,,,,,,,,,,,,,,,,,,,,,,,,,,,0,0,0,0,0,0,1,1,0,0,0,0,1,1,0,0,0,0,0,0,0,0,0,0,0,0,0,0,0,1,0,0,0,0,0,,1,0,0,0,0,0,1,1,0,1,0,1,0,0,1,0,,,,,,36-40,36-45,County road,R,Monday,Belt Used,PV,White,0,1,1,0,County Road,County Sheriff,Spokane County Sheriff's Office,0,0,1,0,0,,,,,,0,0,2,,,,,,,,,,,,,,,,,,,,,,,,,,,,,,,,,,,
2018,53,E774328,3,02/27/2018,20:42,27,2,0,53,Pierce,0,1,0,3,1,2,1,0,1,1,,,,24,0,0,0.1,5,1,1,3,2,1,3,0,0,0,0,SR-16 RAMP P100847,,-122.5598111,47.27642778,0,1,2,13,2,60,34,0,0,1,7,24,2,1,2,1,14,1,1,53,0,7,482,2005,0,0,63,24,30,42,,,1,1,57,1,7,1,4,7,99,0,11,0,02/27/2018,20:42,80053010092,10092,0,0,3,3,1,0,0,0,0,96,,,,,,99,,,,,,98584,53,72,200,6,1,0,0,0,0,,0,,,,,,0,,,20,0,0,0,0,9,8,,,0,0,0,8,9,2,1,,,1,,,2,1,0,,,,,,,,,,,,,,,,,,,,,,,,,,,,,,0,0,0,0,0,0,0,0,0,0,0,0,0,0,0,0,0,0,0,0,0,0,0,0,0,0,0,0,0,1,0,0,0,0,0,,1,0,0,0,0,0,0,0,0,0,0,0,0,0,0,0,,,,,,56-60,56-65,State route,U,Tuesday,Unknown,PV,White,0,1,0,0,State Route,State Patrol,Washington State Patrol Headquarter,1,1,0,0,0,,,,,,0,0,0,,,,,,,,,,,,,,,,,,,,,,,,,,,,,,,,,,,