year,case,par,repjur,crash_dt,crash_tm,accday,accmon,holiday,county,co_char,city,weather,weather2,lightcond,surfcond,surftype,numfatal,nmforms,pforms,vforms,not_tm,arr_tm,hosp_tm,fhevent,hitrun,manncol,milepnt,reljunc,reljuncinter,intersectiontype,funcsystem,landuse,ownership,route,schlbus,spejur,contdev,devfunc,trafid1,trafid2,x,y,wk_zone,vnumber,crashtype,criticalevent,criticaleventcat,spdlim,body,trailer,emerg,hazcargo,leave,mhevent,roadalgn,roadprof,traflane,trafflow,vehmanvr,numoccs,regowner,regstate,spuse,make,model,modelyr,vrf1,vrf2,seqevent1,seqevent2,seqevent3,seqevent4,seqevent5,seqevent6,pnumber,ptype,age,sex,hispanic,race,injury,diedscene,restraint,restraintmisuse,seatpos,takehosp,death_dt,death_tm,cert,cernum_wa,commlic,licendor,licrestrict,liccomp,drivpres,drf1,drf2,drf3,drf4,distract1,distract2,distract3,distract4,distract5,distract6,dricond1,dricond2,dricond3,dricond4,dricond5,dricond6,dzip,licstate,drhgt_in,weight,noncdl,noncdltype,prevdwi,prevoth,prevacc,prevspd,prevsus,driviol1,driviol2,driviol3,driviol4,driviol5,driviol6,spdrel,first_dt,last_dt,airbag,ejection,ejectpath,extricat,injurwrk,methalc,methdrug,nmlocat,strikveh,prf1,prf2,prf3,druginv,alcinvol,drugsts,drugres1,drugres2,drugres3,drugtst1,drugtst2,drugtst3,alcsts,alctst,alcres,nmact1,nmact2,nmact3,nmact4,nmact5,nmact6,nmprior1,nmprior2,nmprior3,nmprior4,nmprior5,nmprior6,nmcond1,nmcond2,nmcond3,nmcond4,nmcond5,nmcond6,nmsafe_helmet,nmsafe_pads,nmsafe_oth,nmprev_ref,nmprev_lgt,nmprev_oth,crashlocation,nmcrashtype,crosswalk,schoolzone,sidewalk,train_inv,wildlife_inv,rotr_fars,intersect_fars,dd_inv,aid_inv,dpd_inv,id_inv,mj_inv,impnm_inv,ainm_inv,dpnm_inv,speed_inv,unlic_inv,unendmc_inv,drowsy_inv,drdist_inv,nmdist_inv,fty_inv,unrestfat_inv,dr1617_inv,dr1820_inv,dr1620_inv,dr2125_inv,dr1625_inv,dr65_inv,dr70_inv,dr75_inv,mc_inv,pv_inv,ht_inv,ped_inv,bike_inv,unrest_fat,mc_fat,unhelmet_mc,pv_fat,ht_fat,ped_fat,bike_fat,dr_alc7,dr_alc8,dr_drug,dr_imp,dr_dist,dr_spd,dr_fty,dr_unlic,dr_alc7only,dr_alc8only,dr_drugonly,dr_drink,nm_imp,nm_alc7,nm_alc8,nm_drug,nm_dist,agegrp1,agegrp2,roadclass,urbrur,dayweek,restuse,vehtype,race_me,intersect,lanedep,oppdir,wrongway,rep_typ,investag,repag_long,rotr,st_rd,cty_rd,city_rd,oth_rd,drug_thc,thc_res,drug_cthc,cthc_res,drug_cann,prevpersemin,prevperse,prevsusoth,drugtst4,drugtst5,drugtst6,drugtst7,drugtst8,drugres4,drugres5,drugres6,drugres7,drugres8,adspresent,adsengaged,adslevel,race1,race2,race3,race4,race5,helmet,helmetmisuse,nmdistract1,nmdistract2,nmdistract3,nmdistract4,nmdistract5,nmdistract6,lab,isedtcase,crf1,crf2,crf3,CoRoadName,CoMP,IntCoRoadName,IntCoMP
2018,61,E776103,6,03/03/2018,12:10,3,3,0,37,Kittitas,0,1,0,1,1,2,1,0,2,1,,,,35,0,0,121.7,1,0,1,1,1,1,1,0,0,0,0,I-90,,-120.2575722,46.95036944,0,1,7,6,1,70,4,0,0,1,2,1,3,2,4,2,14,2,1,53,0,35,43,2005,0,0,64,35,1,,,,1,1,30,1,6,1,4,7,3,0,11,0,03/03/2018,12:10,53010987,10987,0,0,0,3,1,0,0,0,0,96,,,,,,99,,,,,,98848,53,64,130,6,1,0,0,0,1,,0,,,,,,3,11/15/2017,11/15/2017,20,0,0,0,0,9,8,,,0,0,0,8,9,2,1,,,14,,,2,4,0,,,,,,,,,,,,,,,,,,,,,,,,,,,,,,0,0,0,0,0,0,0,0,0,0,0,0,1,0,0,0,0,0,0,0,0,0,0,0,0,0,0,0,0,1,0,0,0,0,0,,1,0,0,0,0,0,0,0,0,1,0,0,0,0,0,0,,,,,,26-30,26-35,Interstate,R,Saturday,Belt Used,PV,Hispanic,0,1,0,0,State Route,State Patrol,Washington State Patrol Headquarter,1,1,0,0,0,,,,,,0,0,0,,,,,,,,,,,,,,,,,,,,,,,,,,,,,,,,,,,
2018,45,E776162,1,02/18/2018,12:50,18,2,3,77,Yakima,0,10,0,1,1,2,1,0,4,2,12:34,12:52,13:18,12,1,6,0,2,0,3,7,1,2,4,0,3,0,0,CR-HOFFER RD,HORSCHEL RD,-120.4347028,46.44060278,0,1,83,67,4,35,4,0,0,1,2,12,1,1,2,1,1,1,2,53,0,19,18,2004,0,0,12,,,,,,1,1,26,2,0,0,2,0,20,0,11,0,,,,,0,0,0,2,1,91,0,0,0,96,,,,,,9,,,,,,98208,53,69,165,1,1,1,1,0,0,,1,,,,,,3,05/15/2014,10/15/2015,1,0,0,0,8,9,8,,,0,0,0,8,1,2,402,996,,1,1,,2,1,0.19,,,,,,,,,,,,,,,,,,,,,,,,,,,,,,0,0,0,1,1,1,1,1,0,0,0,0,1,1,0,0,0,0,0,0,0,0,0,0,0,0,0,0,0,1,0,0,0,0,0,,0,0,0,0,0,1,1,1,0,1,0,1,0,0,0,1,,,,,,26-30,26-35,County road,R,Sunday,Not Used,PV,Not Fatal,1,0,0,0,County Road,State Patrol,Washington State Patrol Headquarter,0,0,1,0,0,,,,,,0,1,2,,,,,,,,,,,,,,,,,,,,,,,,,,,,,,,,,,,
2018,45,E776162,1,02/18/2018,12:50,18,2,3,77,Yakima,0,10,0,1,1,2,1,0,4,2,12:34,12:52,13:18,12,0,6,0,2,0,3,7,1,2,4,0,3,20,3,CR-HOFFER RD,HORSCHEL RD,-120.4347028,46.44060278,0,2,82,66,4,35,4,0,0,1,2,12,1,1,2,1,11,3,1,53,0,20,2,2012,0,0,12,,,,,,1,1,39,1,0,0,3,0,3,0,11,5,,,,,0,0,3,3,1,0,0,0,0,96,,,,,,0,,,,,,98951,53,71,200,6,1,0,0,0,0,,0,,,,,,0,,,20,0,0,0,8,9,8,,,0,0,0,8,0,8,95,,,96,,,8,95,995,,,,,,,,,,,,,,,,,,,,,,,,,,,,,,0,0,0,1,1,1,1,1,0,0,0,0,1,1,0,0,0,0,0,0,0,0,0,0,0,0,0,0,0,1,0,0,0,0,0,,0,0,0,0,0,0,0,0,0,0,0,0,0,0,0,0,,,,,,36-40,36-45,County road,R,Sunday,Belt Used,PV,Not Fatal,1,0,0,0,County Road,State Patrol,Washington State Patrol Headquarter,0,0,1,0,0,,,,,,0,0,0,,,,,,,,,,,,,,,,,,,,,,,,,,,,,,,,,,,
2018,60,E776245,55,03/02/2018,4:44,2,3,0,33,King,100,2,0,3,2,2,1,0,1,1,,,,30,0,0,4.1,3,0,3,3,2,1,3,0,0,3,3,SR-164,ACADEMY DR,-122.1550583,47.27499444,0,1,2,9,1,40,14,0,0,1,2,30,1,1,3,1,1,1,1,53,0,20,403,2004,0,0,63,30,39,,,,1,1,25,1,7,3,4,7,20,0,11,0,03/02/2018,4:44,10053010122,10122,0,0,0,2,1,0,0,0,0,93,,,,,,99,,,,,,98092,53,64,290,1,1,0,2,1,1,,0,,,,,,0,03/15/2013,12/15/2017,20,1,9,0,0,9,8,,,0,0,0,8,1,2,605,695,,1,1,,2,1,0.14,,,,,,,,,,,,,,,,,,,,,,,,,,,,,,0,0,0,1,1,1,1,1,1,0,0,0,0,1,0,0,1,0,0,1,0,0,0,1,1,0,0,0,0,1,0,0,0,1,0,,1,0,0,0,0,1,1,1,1,0,0,1,0,0,0,1,,,,,,21-25,16-25,State route,U,Friday,Not Used,PV,AIAN,0,1,0,0,State Route,Municipal/City Police,Auburn Police Department,1,1,0,0,0,thc,17,carboxy-thc,130,,0,0,6,,,,,,,,,,,,,,,,,,,,,,,,,,,,,,,,,,,
2018,62,E776954,163,03/02/2018,14:28,2,3,0,33,King,1050,1,0,1,1,2,1,1,2,1,,,,8,0,0,0,3,0,2,4,2,4,6,0,0,20,3,NE 68TH ST,112TH AVE NE,-122.1909722,47.66663333,0,1,13,80,5,30,14,0,0,1,7,8,4,2,2,1,11,2,1,53,0,58,403,2014,0,0,8,,,,,,1,1,42,2,0,0,0,0,3,0,11,0,,,,,0,0,3,3,1,0,0,0,0,93,,,,,,0,,,,,,98033,53,62,130,6,1,0,0,0,0,,0,,,,,,0,,,20,0,0,0,8,9,8,,,0,0,0,8,0,8,95,,,96,,,8,95,995,,,,,,,,,,,,,,,,,,,,,,,,,,,,,,0,0,0,1,0,0,0,0,0,0,0,0,0,0,0,0,1,0,0,0,0,0,0,0,0,0,0,0,0,1,0,1,0,0,0,,0,0,0,0,0,0,0,0,1,0,0,0,0,0,0,0,,,,,,41-45,36-45,City street,U,Friday,Belt Used,PV,Not Fatal,1,0,0,0,City Street,Municipal/City Police,Kirkland Police Department,0,0,0,1,0,,,,,,0,0,0,,,,,,,,,,,,,,,,,,,,,,,,,,,,,,,,,,,
2018,188,E777184,29,03/03/2018,13:37,3,3,0,41,Lewis,0,1,0,1,1,2,1,0,1,1,13:44,13:56,14:43,38,0,0,1,1,0,1,7,1,2,4,0,0,0,0,CR-TEITZEL RD,,-122.8834944,46.74491667,0,1,1,13,2,35,80,0,0,1,5,38,3,1,2,1,14,1,1,53,0,73,706,2013,0,0,63,38,,,,,1,1,76,1,7,1,4,0,19,0,11,5,03/04/2018,20:46,2.23E+11,10293,6,0,3,3,1,0,0,0,0,93,,,,,,0,,,,,,98503,53,72,205,6,1,0,0,1,0,,0,,,,,,0,10/15/2015,10/15/2015,20,8,0,0,0,9,8,,,0,0,0,8,0,8,95,,,96,,,8,95,995,,,,,,,,,,,,,,,,,,,,,,,,,,,,,,0,0,1,0,0,0,0,0,0,0,0,0,0,0,0,0,1,0,0,0,0,0,0,0,0,1,1,1,1,0,0,0,0,0,1,0,0,0,0,0,0,0,0,0,1,0,0,0,0,0,0,0,,,,,,76-80,76+,County road,R,Saturday,,MC,White,0,1,0,0,County Road,County Sheriff,Lewis County Sheriff's Office,1,0,1,0,0,,,,,,0,0,0,,,,,,,,,,,,,,,,,,,,,,,,,,,,,,,,,,,
2018,68,E777381,3,03/08/2018,2:10,8,3,0,53,Pierce,1124,10,0,3,2,2,3,0,4,2,,,,12,1,7,125.3,1,0,1,1,2,1,1,0,0,0,0,I-5,,-122.5209583,47.13935278,0,1,48,6,1,60,4,0,0,1,2,12,1,1,4,3,1,1,2,53,0,35,39,2002,0,0,12,,,,,,1,1,23,1,0,0,0,0,3,0,11,0,,,,,0,0,0,0,1,91,0,0,0,96,,,,,,99,,,,,,98444,53,68,160,0,0,0,0,0,0,,1,,,,,,3,,,1,0,0,0,8,9,8,,,0,0,0,8,9,2,300,605,695,1,1,1,2,1,0,,,,,,,,,,,,,,,,,,,,,,,,,,,,,,0,0,0,0,0,0,1,1,1,0,0,0,1,1,0,0,0,0,0,1,0,0,0,1,1,0,0,0,0,1,0,0,0,0,0,,0,0,0,0,0,0,1,1,0,1,0,1,0,0,1,0,,,,,,21-25,16-25,Interstate,U,Thursday,Belt Used,PV,Not Fatal,0,0,0,0,State Route,State Patrol,Washington State Patrol Headquarter,0,1,0,0,0,thc,3.8,carboxy-thc,57,,0,0,0,,,,,,,,,,,,,,,,,,,,,,,,,,,,,,,,,,,
2018,68,E777381,3,03/08/2018,2:10,8,3,0,53,Pierce,1124,10,0,3,2,2,3,0,4,2,,,,12,0,7,125.3,1,0,1,1,2,1,1,0,0,0,0,I-5,,-122.5209583,47.13935278,0,2,48,61,4,60,14,0,0,1,2,1,1,1,4,3,1,3,1,53,0,37,402,1999,0,0,12,64,25,21,1,,1,1,30,1,1,98,4,7,20,0,11,0,03/08/2018,2:10,1.12E+11,11146,0,0,0,3,1,0,0,0,0,96,,,,,,99,,,,,,98626,53,68,210,6,1,0,2,0,0,,0,,,,,,3,07/15/2016,09/15/2017,20,1,9,0,0,9,8,,,0,0,0,8,9,2,1,,,1,,,2,1,0,,,,,,,,,,,,,,,,,,,,,,,,,,,,,,0,0,0,0,0,0,1,1,1,0,0,0,1,1,0,0,0,0,0,1,0,0,0,1,1,0,0,0,0,1,0,0,0,1,0,,1,0,0,0,0,0,0,0,0,1,0,0,0,0,0,0,,,,,,26-30,26-35,Interstate,U,Thursday,Not Used,PV,Hispanic,0,0,0,0,State Route,State Patrol,Washington State Patrol Headquarter,0,1,0,0,0,,,,,,0,0,0,,,,,,,,,,,,,,,,,,,,,,,,,,,,,,,,,,,
2018,67,E777589,8,03/04/2018,2:44,4,3,0,27,Grays Harbor,0,5,0,2,8,1,2,0,5,2,,,,12,0,6,8.9,1,0,1,3,1,1,2,0,0,0,0,US-12,,-123.6290028,46.97656389,0,2,98,60,4,60,3,0,0,1,2,12,1,1,4,1,1,4,2,53,0,54,31,1991,0,0,12,,,,,,1,1,36,1,7,1,4,7,3,0,11,0,03/04/2018,2:44,1.37E+11,10385,0,0,3,2,1,0,0,0,0,96,,,,,,0,,,,,,98520,53,70,200,1,1,0,2,1,2,,0,,,,,,0,08/15/2014,06/15/2017,20,0,0,0,0,9,8,,,0,0,0,8,9,2,177,401,417,1,1,1,2,1,0,,,,,,,,,,,,,,,,,,,,,,,,,,,,,,0,0,0,0,0,0,1,1,0,0,0,0,0,1,0,0,0,0,0,1,0,0,0,0,0,0,0,0,0,1,1,0,0,0,0,,1,0,0,0,0,0,1,1,0,0,0,1,0,0,1,0,,,,,,36-40,36-45,US highway,R,Sunday,Belt Used,PV,White,0,0,0,0,State Route,State Patrol,Washington State Patrol Headquarter,0,1,0,0,0,,,,,,0,0,0,1,1,,,,313,351,,,,,,,,,,,,,,,,,,,,,,,,,,,,
2018,67,E777589,8,03/04/2018,2:44,4,3,0,27,Grays Harbor,0,5,0,2,8,1,2,0,5,2,,,,12,0,6,8.9,1,0,1,3,1,1,2,0,0,0,0,US-12,,-123.6290028,46.97656389,0,1,98,21,2,60,63,0,0,1,5,12,1,1,4,1,12,1,3,53,0,84,881,2008,0,0,12,,,,,,1,1,50,1,0,0,0,0,3,0,11,0,,,,,6,0,1,3,1,48,0,0,0,96,,,,,,0,,,,,,98563,53,70,180,6,1,0,0,0,0,,97,,,,,,0,,,20,0,0,0,8,9,8,,,0,0,0,8,0,2,1,,,1,,,2,1,0,,,,,,,,,,,,,,,,,,,,,,,,,,,,,,0,0,0,0,0,0,1,1,0,0,0,0,0,1,0,0,0,0,0,1,0,0,0,0,0,0,0,0,0,1,1,0,0,0,0,,0,0,0,0,0,0,0,0,0,0,0,0,0,0,0,0,,,,,,46-50,46-55,US highway,R,Sunday,,MHTRUCK,Not Fatal,0,0,0,0,State Route,State Patrol,Washington State Patrol Headquarter,0,1,0,0,0,,,,,,0,0,0,,,,,,,,,,,,,,,,,,,,,,,,,,,,,,,,,,,
2018,66,E777656,42,03/10/2018,17:42,10,3,0,67,Thurston,0,1,0,1,1,2,1,0,1,1,,,,24,0,0,1.5,1,0,1,5,1,2,4,0,0,0,0,CR-GATE RD SW,,-123.1071667,46.84892222,0,1,2,6,1,35,80,0,0,1,5,24,3,3,2,1,14,1,1,53,0,72,706,1999,0,0,63,24,,,,,1,1,55,1,7,1,4,7,19,0,11,0,03/10/2018,17:42,53011904,11904,0,0,0,3,1,0,0,0,0,96,,,,,,99,,,,,,98512,53,71,185,6,1,0,1,0,0,,0,,,,,,3,12/15/2015,12/15/2015,20,8,0,0,0,9,8,,,0,0,0,8,1,2,1,,,1,,,2,1,0,,,,,,,,,,,,,,,,,,,,,,,,,,,,,,0,0,0,0,1,0,0,0,0,0,0,0,1,0,0,0,0,0,0,0,0,0,0,0,0,0,0,0,1,0,0,0,0,0,1,0,0,0,0,0,0,0,0,0,0,1,0,0,0,0,0,1,,,,,,51-55,46-55,County road,R,Saturday,,MC,White,0,1,0,0,County Road,County Sheriff,Thurston County Sheriff's Office,1,0,1,0,0,,,,,,0,0,0,,,,,,,,,,,,,,,,,,,,,,,,,,,,,,,,,,,
2018,65,E777812,7,03/11/2018,3:12,11,3,0,33,King,1960,1,0,3,1,1,1,0,2,2,,,,25,0,0,0.7,1,0,1,1,2,1,1,0,0,0,0,I-90,,-122.3192917,47.59407222,0,2,98,54,3,60,6,0,0,1,7,12,1,1,2,3,1,1,1,53,0,37,32,1995,0,0,12,,,,,,1,1,25,1,7,1,4,7,20,0,11,0,03/11/2018,3:26,1.96E+11,11659,0,0,0,3,1,0,0,0,0,96,,,,,,99,,,,,,98029,53,75,230,6,1,0,0,1,0,,0,,,,,,0,09/15/2013,09/15/2013,1,0,0,0,0,9,8,,,0,0,0,8,9,2,1,,,1,,,2,1,0.11,,,,,,,,,,,,,,,,,,,,,,,,,,,,,,0,0,1,0,1,1,0,1,0,0,0,0,0,0,0,0,0,0,0,1,0,1,1,1,1,0,0,0,0,1,0,0,0,1,0,,1,0,0,0,0,1,0,1,0,0,0,0,0,1,0,1,,,,,,21-25,16-25,Interstate,U,Sunday,Not Used,PV,White,0,1,0,0,State Route,State Patrol,Washington State Patrol Headquarter,1,1,0,0,0,,,,,,0,0,0,,,,,,,,,,,,,,,,,,,,,,,,,,,,,,,,,,,
2018,65,E777812,7,03/11/2018,3:12,11,3,0,33,King,1960,1,0,3,1,1,1,0,2,2,,,,25,0,0,0.7,1,0,1,1,2,1,1,0,0,0,0,I-90,,-122.3192917,47.59407222,0,1,1,13,2,60,14,0,0,1,2,12,1,1,2,3,1,1,2,53,0,48,403,2018,0,0,63,25,69,12,63,25,1,1,20,1,0,0,1,0,3,0,11,5,,,,,0,0,0,3,1,51,91,0,0,96,,,,,,9,,,,,,98040,53,69,145,6,1,0,0,0,0,,1,,,,,,0,,,1,0,0,0,8,9,8,,,0,0,0,8,1,2,1,,,1,,,2,1,0.19,,,,,,,,,,,,,,,,,,,,,,,,,,,,,,0,0,1,0,1,1,0,1,0,0,0,0,0,0,0,0,0,0,0,1,0,1,1,1,1,0,0,0,0,1,0,0,0,0,0,,0,0,0,0,0,1,0,1,0,0,0,0,0,1,0,1,,,,,,18-20,16-25,Interstate,U,Sunday,Belt Used,PV,Not Fatal,0,1,0,0,State Route,State Patrol,Washington State Patrol Headquarter,1,1,0,0,0,,,,,,0,0,0,,,,,,,,,,,,,,,,,,,,,,,,,,,,,,,,,,,
2018,76,E778087,56,03/09/2018,22:02,9,3,0,35,Kitsap,111,10,0,2,11,5,1,0,1,1,,,,43,0,0,0,1,0,1,7,2,4,6,0,0,0,0,LOVGREEN RD,,-122.5216778,47.60484167,0,1,98,13,2,25,4,0,0,1,7,2,1,2,8,8,12,1,1,53,0,34,35,2011,0,0,63,43,43,2,,,1,1,68,2,7,1,4,0,99,0,11,1,03/11/2018,7:40,1.96E+11,12127,0,0,3,3,1,0,0,0,0,96,,,,,,9,,,,,,98146,53,65,100,6,1,1,0,0,0,,0,,,,,,0,10/15/2013,02/15/2014,99,9,0,0,0,1,8,,,0,0,0,8,1,2,1,,,1,,,2,1,0.25,,,,,,,,,,,,,,,,,,,,,,,,,,,,,,0,0,0,0,1,1,0,1,0,0,0,0,0,0,0,0,0,0,0,0,0,0,0,0,0,1,0,0,0,1,0,0,0,0,0,,1,0,0,0,0,1,0,1,0,0,0,0,0,1,0,1,,,,,,66-70,66-75,City street,U,Friday,Unknown,PV,White,0,1,0,0,City Street,Municipal/City Police,Bainbridge Island Police Department,1,0,0,1,0,,,,,,0,1,1,,,,,,,,,,,,,,,,,,,,,,,,,,,,,,,,,,,
2018,64,E778214,2,03/12/2018,18:14,12,3,0,57,Skagit,0,1,0,1,1,2,1,0,1,1,18:11,18:27,,38,0,0,74.3,1,0,1,4,1,1,3,0,0,0,0,SR-20,,-122.0479556,48.53019444,0,1,6,12,2,55,15,0,0,1,7,42,1,1,2,1,1,1,1,53,0,49,421,1993,0,0,68,64,38,42,,,1,1,65,1,7,1,4,7,3,0,11,0,03/12/2018,18:14,1.20E+11,12118,0,0,0,3,1,0,0,0,0,96,,,,,,9,,,,,,98237,53,75,199,6,1,0,0,0,0,,0,,,,,,0,,,20,0,0,0,0,9,1,,,0,0,0,1,0,2,401,189,605,1,1,1,2,1,0,,,,,,,,,,,,,,,,,,,,,,,,,,,,,,0,0,1,0,0,0,1,1,1,0,0,0,0,0,0,0,0,0,0,0,0,0,0,0,0,1,0,0,0,1,0,0,0,0,0,,1,0,0,0,0,0,1,1,0,0,0,0,0,0,1,0,,,,,,61-65,56-65,State route,R,Monday,Belt Used,PV,White,0,1,0,0,State Route,State Patrol,Washington State Patrol Headquarter,1,1,0,0,0,thc,2.5,carboxy-thc,9.3,,0,0,0,1,1,1,,,695,996,996,,,,,,,,,,,,,,,,,,,,,,,,,,,
2018,63,E778332,242,03/11/2018,14:55,11,3,0,53,Pierce,1770,1,0,1,1,2,1,0,3,3,,,,12,0,1,0,3,0,2,4,2,4,6,0,0,0,0,9TH ST SW,S HILL PARK DR,-122.3040833,47.16074167,0,3,98,53,3,35,4,0,0,1,5,12,1,2,5,1,5,1,1,53,0,37,32,2000,0,0,12,,,,,,1,1,56,1,0,0,1,0,99,0,11,0,,,,,0,0,0,3,1,0,0,0,0,0,,,,,,0,,,,,,98354,53,77,230,6,1,0,0,0,1,,0,,,,,,0,05/15/2015,05/15/2015,20,0,0,0,8,9,8,,,0,0,0,8,0,8,95,,,96,,,8,95,995,,,,,,,,,,,,,,,,,,,,,,,,,,,,,,0,0,0,1,0,0,0,0,0,0,0,0,1,0,0,0,1,0,0,1,0,0,0,0,0,1,1,1,0,1,0,0,0,0,0,,0,0,0,0,0,0,0,0,0,0,0,0,0,0,0,0,,,,,,56-60,56-65,City street,U,Sunday,Unknown,PV,Not Fatal,0,0,0,0,State Route,Municipal/City Police,Puyallup Police Department,0,1,0,0,0,,,,,,0,0,0,,,,,,,,,,,,,,,,,,,,,,,,,,,,,,,,,,,
2018,63,E778332,242,03/11/2018,14:55,11,3,0,53,Pierce,1770,1,0,1,1,2,1,0,3,3,,,,12,0,1,0,3,0,2,4,2,4,6,0,0,0,0,9TH ST SW,S HILL PARK DR,-122.3040833,47.16074167,0,1,20,50,3,35,2,0,0,1,7,12,1,2,5,1,1,1,1,53,0,37,32,1994,0,0,12,,,,,,1,1,82,1,7,1,4,0,20,0,11,5,03/11/2018,20:13,2.23E+11,11371,0,0,0,3,1,0,0,0,0,92,,,,,,99,,,,,,98371,53,72,180,6,1,0,0,0,0,,0,,,,,,4,,,20,0,0,0,0,9,8,,,0,0,0,8,9,8,95,,,96,,,8,95,995,,,,,,,,,,,,,,,,,,,,,,,,,,,,,,0,0,0,1,0,0,0,0,0,0,0,0,1,0,0,0,1,0,0,1,0,0,0,0,0,1,1,1,0,1,0,0,0,1,0,,1,0,0,0,0,0,0,0,1,1,0,0,0,0,0,0,,,,,,81+,76+,City street,U,Sunday,Not Used,PV,White,0,0,0,0,State Route,Municipal/City Police,Puyallup Police Department,0,1,0,0,0,,,,,,0,0,0,,,,,,,,,,,,,,,,,,,,,,,,,,,,,,,,,,,
2018,63,E778332,242,03/11/2018,14:55,11,3,0,53,Pierce,1770,1,0,1,1,2,1,0,3,3,,,,12,0,1,0,3,0,2,4,2,4,6,0,0,0,0,9TH ST SW,S HILL PARK DR,-122.3040833,47.16074167,0,2,21,53,3,35,4,0,0,1,7,12,1,2,5,1,5,1,1,53,0,34,34,2014,0,0,12,12,,,,,1,1,45,2,0,0,1,0,3,0,11,0,,,,,0,0,0,3,1,0,0,0,0,96,,,,,,0,,,,,,98507,53,66,135,6,1,0,0,1,0,,0,,,,,,0,06/15/2017,06/15/2017,20,0,0,0,8,9,8,,,0,0,0,8,0,8,95,,,96,,,8,95,995,,,,,,,,,,,,,,,,,,,,,,,,,,,,,,0,0,0,1,0,0,0,0,0,0,0,0,1,0,0,0,1,0,0,1,0,0,0,0,0,1,1,1,0,1,0,0,0,0,0,,0,0,0,0,0,0,0,0,0,0,0,0,0,0,0,0,,,,,,41-45,36-45,City street,U,Sunday,Belt Used,PV,Not Fatal,0,0,0,0,State Route,Municipal/City Police,Puyallup Police Department,0,1,0,0,0,,,,,,0,0,0,,,,,,,,,,,,,,,,,,,,,,,,,,,,,,,,,,,
2018,72,E778476,14,03/06/2018,10:17,6,3,0,11,Clark,0,1,0,1,0,0,1,0,3,2,10:18,10:20,11:07,12,0,6,1.5,8,0,1,4,2,2,4,0,0,0,0,CR-NW 99TH ST,,-122.6770833,45.69289444,0,1,82,15,2,0,4,0,0,1,7,12,0,0,0,0,11,1,1,53,0,48,34,1999,0,0,12,,,,,,1,1,17,2,0,0,3,0,3,0,11,5,,,,,0,0,3,3,1,38,0,0,0,96,,,,,,0,,,,,,98665,53,68,135,6,2,0,0,0,0,,97,,,,,,0,,,1,0,0,0,8,9,8,,,0,0,0,8,0,8,95,,,96,,,8,95,995,,,,,,,,,,,,,,,,,,,,,,,,,,,,,,0,0,0,0,0,0,0,0,0,0,0,0,1,0,0,0,0,0,1,0,1,0,1,0,1,1,1,1,0,1,0,0,0,0,0,,0,0,0,0,0,0,0,0,0,0,1,0,0,0,0,0,,,,,,16-17,16-25,County road,U,Tuesday,Belt Used,PV,Not Fatal,0,0,0,0,County Road,County Sheriff,Clark County Sheriff's Office,0,0,1,0,0,,,,,,0,0,0,,,,,,,,,,,,,,,,,,,,,,,,,,,,,,,,,,,
2018,72,E778476,14,03/06/2018,10:17,6,3,0,11,Clark,0,1,0,1,1,2,1,0,3,2,10:18,10:20,11:07,12,0,6,1.5,8,0,1,4,2,2,4,0,0,0,0,CR-NW 99TH ST,,-122.6770833,45.69289444,0,2,83,67,4,35,4,0,0,1,7,12,1,2,9,1,1,2,1,53,0,30,40,2004,0,0,12,,,,,,1,1,86,2,7,1,4,7,3,0,11,0,03/06/2018,10:17,2.37E+11,10641,0,0,3,3,1,0,0,0,0,96,,,,,,99,,,,,,98686,53,65,112,6,1,0,0,0,0,,0,,,,,,3,,,1,0,0,0,0,9,8,,,0,0,0,8,9,2,1,,,1,,,2,1,0,,,,,,,,,,,,,,,,,,,,,,,,,,,,,,0,0,0,0,0,0,0,0,0,0,0,0,1,0,0,0,0,0,1,0,1,0,1,0,1,1,1,1,0,1,0,0,0,0,0,,1,0,0,0,0,0,0,0,0,1,0,0,0,0,0,0,,,,,,81+,76+,County road,U,Tuesday,Belt Used,PV,White,0,0,0,0,County Road,County Sheriff,Clark County Sheriff's Office,0,0,1,0,0,,,,,,0,0,0,,,,,,,,,,,,,,,,,,,,,,,,,,,,,,,,,,,
2018,70,E778675,39,03/10/2018,15:02,10,3,0,61,Snohomish,0,1,0,1,1,2,1,0,2,2,15:02,15:12,,12,0,2,0.2,1,0,1,7,1,2,4,0,0,0,0,CR-183RD AVE SE,,-121.9844,47.96607778,0,1,50,10,2,25,83,0,0,1,5,12,1,3,2,1,1,1,2,53,0,76,703,1999,0,0,12,,,,,,1,1,17,1,7,1,4,7,17,0,11,0,03/10/2018,15:02,53011591,11591,0,0,3,2,1,51,0,0,0,96,,,,,,0,,,,,,98258,53,70,172,6,2,0,0,0,0,,0,,,,,,0,,,20,8,0,0,0,9,8,,,0,0,0,8,0,2,1,,,1,,,2,1,0,,,,,,,,,,,,,,,,,,,,,,,,,,,,,,0,0,0,0,0,0,0,0,0,0,0,0,0,0,1,0,0,0,0,0,1,0,1,0,1,1,0,0,1,1,0,0,0,0,1,1,0,0,0,0,0,0,0,0,0,0,0,0,0,0,0,0,,,,,,16-17,16-25,County road,R,Saturday,,MC,White,0,1,1,0,County Road,County Sheriff,Snohomish County Sheriff's Office,0,0,1,0,0,,,,,,0,0,0,,,,,,,,,,,,,,,,,,,,,,,,,,,,,,,,,,,