year,case,par,repjur,crash_dt,crash_tm,accday,accmon,holiday,county,co_char,city,weather,weather2,lightcond,surfcond,surftype,numfatal,nmforms,pforms,vforms,not_tm,arr_tm,hosp_tm,fhevent,hitrun,manncol,milepnt,reljunc,reljuncinter,intersectiontype,funcsystem,landuse,ownership,route,schlbus,spejur,contdev,devfunc,trafid1,trafid2,x,y,wk_zone,vnumber,crashtype,criticalevent,criticaleventcat,spdlim,body,trailer,emerg,hazcargo,leave,mhevent,roadalgn,roadprof,traflane,trafflow,vehmanvr,numoccs,regowner,regstate,spuse,make,model,modelyr,vrf1,vrf2,seqevent1,seqevent2,seqevent3,seqevent4,seqevent5,seqevent6,pnumber,ptype,age,sex,hispanic,race,injury,diedscene,restraint,restraintmisuse,seatpos,takehosp,death_dt,death_tm,cert,cernum_wa,commlic,licendor,licrestrict,liccomp,drivpres,drf1,drf2,drf3,drf4,distract1,distract2,distract3,distract4,distract5,distract6,dricond1,dricond2,dricond3,dricond4,dricond5,dricond6,dzip,licstate,drhgt_in,weight,noncdl,noncdltype,prevdwi,prevoth,prevacc,prevspd,prevsus,driviol1,driviol2,driviol3,driviol4,driviol5,driviol6,spdrel,first_dt,last_dt,airbag,ejection,ejectpath,extricat,injurwrk,methalc,methdrug,nmlocat,strikveh,prf1,prf2,prf3,druginv,alcinvol,drugsts,drugres1,drugres2,drugres3,drugtst1,drugtst2,drugtst3,alcsts,alctst,alcres,nmact1,nmact2,nmact3,nmact4,nmact5,nmact6,nmprior1,nmprior2,nmprior3,nmprior4,nmprior5,nmprior6,nmcond1,nmcond2,nmcond3,nmcond4,nmcond5,nmcond6,nmsafe_helmet,nmsafe_pads,nmsafe_oth,nmprev_ref,nmprev_lgt,nmprev_oth,crashlocation,nmcrashtype,crosswalk,schoolzone,sidewalk,train_inv,wildlife_inv,rotr_fars,intersect_fars,dd_inv,aid_inv,dpd_inv,id_inv,mj_inv,impnm_inv,ainm_inv,dpnm_inv,speed_inv,unlic_inv,unendmc_inv,drowsy_inv,drdist_inv,nmdist_inv,fty_inv,unrestfat_inv,dr1617_inv,dr1820_inv,dr1620_inv,dr2125_inv,dr1625_inv,dr65_inv,dr70_inv,dr75_inv,mc_inv,pv_inv,ht_inv,ped_inv,bike_inv,unrest_fat,mc_fat,unhelmet_mc,pv_fat,ht_fat,ped_fat,bike_fat,dr_alc7,dr_alc8,dr_drug,dr_imp,dr_dist,dr_spd,dr_fty,dr_unlic,dr_alc7only,dr_alc8only,dr_drugonly,dr_drink,nm_imp,nm_alc7,nm_alc8,nm_drug,nm_dist,agegrp1,agegrp2,roadclass,urbrur,dayweek,restuse,vehtype,race_me,intersect,lanedep,oppdir,wrongway,rep_typ,investag,repag_long,rotr,st_rd,cty_rd,city_rd,oth_rd,drug_thc,thc_res,drug_cthc,cthc_res,drug_cann,prevpersemin,prevperse,prevsusoth,drugtst4,drugtst5,drugtst6,drugtst7,drugtst8,drugres4,drugres5,drugres6,drugres7,drugres8,adspresent,adsengaged,adslevel,race1,race2,race3,race4,race5,helmet,helmetmisuse,nmdistract1,nmdistract2,nmdistract3,nmdistract4,nmdistract5,nmdistract6,lab,isedtcase,crf1,crf2,crf3,CoRoadName,CoMP,IntCoRoadName,IntCoMP
2018,70,E778675,39,03/10/2018,15:02,10,3,0,61,Snohomish,0,1,0,1,1,2,1,0,2,2,15:02,15:12,,12,0,2,0.2,1,0,1,7,1,2,4,0,0,0,0,CR-183RD AVE SE,,-121.9844,47.96607778,0,2,51,62,4,25,34,0,0,1,7,12,1,3,8,1,1,1,1,53,0,7,482,2017,0,0,12,,,,,,1,1,68,1,0,0,0,0,3,0,11,0,,,,,8,0,0,3,1,0,0,0,0,96,,,,,,0,,,,,,98290,53,70,200,6,1,0,0,0,0,,0,,,,,,0,,,20,0,0,0,8,9,8,,,0,0,0,8,0,8,95,,,96,,,8,95,995,,,,,,,,,,,,,,,,,,,,,,,,,,,,,,0,0,0,0,0,0,0,0,0,0,0,0,0,0,1,0,0,0,0,0,1,0,1,0,1,1,0,0,1,1,0,0,0,0,0,,0,0,0,0,0,0,0,0,0,0,0,0,0,0,0,0,,,,,,66-70,66-75,County road,R,Saturday,Belt Used,PV,Not Fatal,0,1,1,0,County Road,County Sheriff,Snohomish County Sheriff's Office,0,0,1,0,0,,,,,,0,0,0,,,,,,,,,,,,,,,,,,,,,,,,,,,,,,,,,,,
2018,73,E778793,14,03/11/2018,20:15,11,3,0,11,Clark,0,1,0,2,1,2,1,0,3,2,,,,12,0,2,5.5,1,0,1,5,1,2,4,0,0,0,0,CR-NE WASHOUGAL RIVER,,-122.296875,45.62374444,0,2,51,62,4,45,4,0,0,1,7,12,2,1,2,1,14,1,2,53,0,63,33,2008,0,0,12,,,,,,1,1,23,1,0,0,3,0,3,0,11,5,,,,,0,0,0,3,1,0,0,0,0,96,,,,,,0,,,,,,98671,53,71,150,6,1,0,0,0,5,,0,,,,,,3,12/15/2013,02/15/2015,1,0,0,0,8,9,8,,,0,0,0,8,0,8,95,,,96,,,8,95,995,,,,,,,,,,,,,,,,,,,,,,,,,,,,,,0,0,0,0,0,0,1,1,1,0,0,0,1,0,0,0,0,0,0,0,0,0,0,1,1,0,0,0,0,1,0,0,0,0,0,,0,0,0,0,0,0,0,0,0,1,0,0,0,0,0,0,,,,,,21-25,16-25,County road,R,Sunday,Belt Used,PV,Not Fatal,0,1,1,0,County Road,County Sheriff,Clark County Sheriff's Office,0,0,1,0,0,,,,,,0,0,1,,,,,,,,,,,,,,,,,,,,,,,,,,,,,,,,,,,
2018,73,E778793,14,03/11/2018,20:15,11,3,0,11,Clark,0,1,0,2,1,2,1,0,3,2,,,,12,0,2,5.5,1,0,1,5,1,2,4,0,0,0,0,CR-NE WASHOUGAL RIVER,,-122.296875,45.62374444,0,1,50,10,2,45,4,0,0,1,7,12,3,1,2,1,6,2,1,53,0,48,34,1993,0,0,68,12,,,,,1,1,21,1,7,1,4,7,3,0,11,0,03/11/2018,20:15,53012895,12895,0,0,3,3,1,28,33,0,0,96,,,,,,99,,,,,,98683,53,71,170,6,1,0,0,0,0,,0,,,,,,3,,,1,0,0,0,0,9,8,,,0,0,0,8,9,2,695,605,,1,1,,2,1,0,,,,,,,,,,,,,,,,,,,,,,,,,,,,,,0,0,0,0,0,0,1,1,1,0,0,0,1,0,0,0,0,0,0,0,0,0,0,1,1,0,0,0,0,1,0,0,0,0,0,,1,0,0,0,0,0,1,1,0,1,0,0,0,0,1,0,,,,,,21-25,16-25,County road,R,Sunday,Belt Used,PV,White,0,1,1,0,County Road,County Sheriff,Clark County Sheriff's Office,0,0,1,0,0,thc,9.6,carboxy-thc,12,,0,0,0,,,,,,,,,,,,,,,,,,,,,,,,,,,,,,,,,,,
2018,56,E778951,7,02/25/2018,15:48,25,2,0,33,King,0,1,0,1,1,2,1,0,6,3,,,,12,0,8,0.7,1,0,1,4,1,2,4,0,0,0,0,CR-SE AUBURN BLACK DIAMOND,,-122.1647333,47.31256667,0,1,64,10,2,40,63,1,0,1,7,1,2,1,2,1,14,1,1,53,0,98,890,1986,0,0,68,12,1,54,,,1,1,53,1,0,0,2,0,2,0,11,0,,,,,6,1,1,3,1,0,0,0,0,96,,,,,,0,,,,,,98042,53,70,230,6,1,0,3,0,0,,97,,,,,,0,03/15/2014,04/15/2016,20,0,0,0,8,9,8,,,0,0,0,8,0,8,95,,,96,,,8,95,995,,,,,,,,,,,,,,,,,,,,,,,,,,,,,,0,0,0,0,0,0,0,0,0,0,0,0,0,0,0,0,0,0,0,0,0,0,0,0,0,0,0,0,0,1,1,0,0,0,0,,0,0,0,0,0,0,0,0,0,0,0,0,0,0,0,0,,,,,,51-55,46-55,County road,R,Sunday,,MHTRUCK,Not Fatal,0,1,1,0,County Road,County Sheriff,King County Police,0,0,1,0,0,,,,,,0,0,0,,,,,,,,,,,,,,,,,,,,,,,,,,,,,,,,,,,
2018,56,E778951,7,02/25/2018,15:48,25,2,0,33,King,0,1,0,1,1,1,1,0,6,3,,,,12,0,8,0.7,1,0,1,4,1,2,4,0,0,0,0,CR-SE AUBURN BLACK DIAMOND,,-122.1647333,47.31256667,0,3,65,62,4,40,15,0,0,1,5,12,3,1,2,1,14,2,1,53,0,20,421,2017,0,0,12,,,,,,1,1,64,1,0,0,0,0,3,0,11,0,,,,,0,0,0,3,1,0,0,0,0,96,,,,,,0,,,,,,98051,53,70,208,6,1,0,0,2,0,,0,,,,,,0,04/15/2015,09/15/2015,20,0,0,0,8,9,8,,,0,0,0,8,0,8,95,,,96,,,8,95,995,,,,,,,,,,,,,,,,,,,,,,,,,,,,,,0,0,0,0,0,0,0,0,0,0,0,0,0,0,0,0,0,0,0,0,0,0,0,0,0,0,0,0,0,1,1,0,0,0,0,,0,0,0,0,0,0,0,0,0,0,0,0,0,0,0,0,,,,,,61-65,56-65,County road,R,Sunday,Belt Used,PV,Not Fatal,0,1,1,0,County Road,County Sheriff,King County Police,0,0,1,0,0,,,,,,0,0,0,,,,,,,,,,,,,,,,,,,,,,,,,,,,,,,,,,,
2018,56,E778951,7,02/25/2018,15:48,25,2,0,33,King,0,1,0,1,1,1,1,0,6,3,,,,12,0,8,0.7,1,0,1,4,1,2,4,0,0,0,0,CR-SE AUBURN BLACK DIAMOND,,-122.1647333,47.31256667,0,2,98,62,4,40,6,0,0,1,7,54,3,1,2,1,14,3,2,53,0,6,52,2005,0,0,60,54,,,,,1,1,35,1,0,0,3,0,3,0,11,5,,,,,0,0,0,3,1,0,0,0,0,96,,,,,,0,,,,,,98092,53,70,190,6,1,0,8,1,2,,0,,,,,,0,08/15/2014,10/15/2017,8,0,0,0,8,9,8,,,0,0,0,8,0,8,95,,,96,,,8,95,995,,,,,,,,,,,,,,,,,,,,,,,,,,,,,,0,0,0,0,0,0,0,0,0,0,0,0,0,0,0,0,0,0,0,0,0,0,0,0,0,0,0,0,0,1,1,0,0,0,0,,0,0,0,0,0,0,0,0,0,0,0,0,0,0,0,0,,,,,,31-35,26-35,County road,R,Sunday,Belt Used,PV,Not Fatal,0,1,1,0,County Road,County Sheriff,King County Police,0,0,1,0,0,,,,,,0,0,0,,,,,,,,,,,,,,,,,,,,,,,,,,,,,,,,,,,
2018,74,E778952,25,03/11/2018,0:41,11,3,0,33,King,0,1,0,2,1,2,1,0,1,1,,,,42,0,0,3.5,1,0,1,4,2,2,4,0,0,0,0,CR-236TH AVE NE,,-122.0241889,47.65947222,0,1,6,12,2,35,5,0,0,1,7,42,2,2,2,1,14,1,1,53,0,35,55,2013,0,0,68,64,42,,,,1,1,59,1,7,1,4,7,3,0,11,0,03/11/2018,0:41,53011695,11695,0,0,0,3,1,0,0,0,0,92,,,,,,99,,,,,,98053,53,68,165,6,1,0,1,0,0,,0,,,,,,0,01/15/2015,01/15/2015,8,0,0,0,0,9,8,,,0,0,0,8,9,2,1,,,1,,,2,1,0.23,,,,,,,,,,,,,,,,,,,,,,,,,,,,,,0,0,1,0,1,1,0,1,0,0,0,0,0,0,0,0,1,0,0,0,0,0,0,0,0,0,0,0,0,1,0,0,0,0,0,,1,0,0,0,0,1,0,1,1,0,0,0,0,1,0,1,,,,,,56-60,56-65,County road,U,Sunday,Belt Used,PV,White,0,1,0,0,County Road,County Sheriff,King County Police,1,0,1,0,0,,,,,,0,0,0,,,,,,,,,,,,,,,,,,,,,,,,,,,,,,,,,,,
2018,71,E779577,2,03/10/2018,16:37,10,3,0,61,Snohomish,0,1,0,1,1,1,1,0,1,1,,,,1,0,0,1.9,1,0,1,5,2,1,3,0,0,0,0,SR-531,,-122.2783611,48.15645556,0,1,7,13,2,35,4,0,0,1,7,1,3,4,2,1,14,1,1,53,0,20,16,2005,0,0,63,69,68,64,1,42,1,1,75,1,7,1,4,7,20,0,11,0,03/10/2018,16:37,53011742,11742,0,0,0,0,1,0,0,0,0,96,,,,,,99,,,,,,98282,53,70,195,0,0,0,0,0,0,,0,,,,,,4,,,20,2,9,0,0,9,8,,,0,0,0,8,0,2,1,,,1,,,2,1,0,,,,,,,,,,,,,,,,,,,,,,,,,,,,,,0,0,0,0,0,0,0,0,0,0,0,0,1,1,0,0,0,0,0,1,0,0,0,0,0,1,1,1,0,1,0,0,0,1,0,,1,0,0,0,0,0,0,0,0,1,0,1,0,0,0,0,,,,,,71-75,66-75,State route,U,Saturday,Not Used,PV,White,0,1,0,0,State Route,State Patrol,Washington State Patrol Headquarter,1,1,0,0,0,,,,,,0,0,0,,,,,,,,,,,,,,,,,,,,,,,,,,,,,,,,,,,
2018,77,E779858,122,03/16/2018,21:53,16,3,0,61,Snohomish,690,10,0,3,1,2,1,1,1,1,,,,8,0,0,0,1,0,1,3,2,4,6,0,0,0,0,BROADWAY,,-122.2056694,47.924775,0,1,13,80,5,35,52,0,0,1,5,8,1,2,2,1,1,1,3,53,3,92,988,2006,0,0,8,,,,,,1,1,66,1,0,0,0,0,3,0,11,0,,,,,6,1,3,3,1,0,0,0,0,96,,,,,,0,,,,,,98258,53,70,179,6,1,0,0,0,0,,0,,,,,,0,,,20,0,0,0,8,9,8,,,0,0,0,8,0,2,1,,,1,,,2,1,0.25,,,,,,,,,,,,,,,,,,,,,,,,,,,,,,0,0,0,0,1,1,0,1,0,1,1,1,0,0,0,0,0,0,0,0,0,0,0,0,0,1,0,0,0,0,0,1,0,0,0,,0,0,0,0,0,1,0,1,0,0,0,0,0,1,0,1,,,,,,66-70,66-75,City street,U,Friday,,BUS,Not Fatal,0,0,0,0,City Street,Municipal/City Police,Everett Police Department,0,0,0,1,0,,,,,,0,0,0,,,,,,,,,,,,,,,,,,,,,,,,,,,,,,,,,,,
2018,79,E780687,42,03/19/2018,16:55,19,3,0,67,Thurston,0,1,0,1,1,2,1,0,2,2,,,,12,0,2,3.8,1,0,1,6,1,2,4,0,0,0,0,CR-VAIL CUTOFF RD SE,,-122.644125,46.84900833,0,1,50,10,2,50,4,0,0,1,7,12,3,1,2,1,14,1,1,53,0,51,47,2006,0,0,68,12,,,,,1,1,29,2,7,1,4,7,3,0,11,0,03/19/2018,16:55,53013064,13064,0,0,0,3,1,28,0,0,0,92,,,,,,99,,,,,,98576,53,62,135,6,1,0,1,3,0,,0,,,,,,0,07/15/2013,12/15/2013,8,0,0,0,0,9,8,,,0,0,0,8,9,2,401,417,,1,1,,2,1,0.066,,,,,,,,,,,,,,,,,,,,,,,,,,,,,,0,0,0,0,1,0,1,1,0,0,0,0,0,0,0,0,1,0,0,0,0,0,0,1,1,0,0,0,0,1,0,0,0,0,0,,1,0,0,0,1,0,1,1,1,0,0,0,0,0,0,1,,,,,,26-30,26-35,County road,R,Monday,Belt Used,PV,White,0,1,1,0,County Road,County Sheriff,Thurston County Sheriff's Office,0,0,1,0,0,,,,,,0,0,0,,,,,,,,,,,,,,,,,,,,,,,,,,,,,,,,,,,
2018,79,E780687,42,03/19/2018,16:55,19,3,0,67,Thurston,0,1,0,1,1,2,1,0,2,2,,,,12,0,2,3.8,1,0,1,6,1,2,4,0,0,0,0,CR-VAIL CUTOFF RD SE,,-122.644125,46.84900833,0,2,51,62,4,50,34,0,0,1,5,12,2,1,2,1,14,1,2,53,0,49,471,1989,0,0,12,,,,,,1,1,21,1,0,0,3,0,3,0,11,5,,,,,0,0,0,3,1,0,0,0,0,92,,,,,,99,,,,,,98576,53,74,200,6,1,0,1,0,2,,0,,,,,,0,01/15/2015,01/15/2018,20,0,0,0,8,9,8,,,0,0,0,8,9,8,95,,,96,,,8,95,995,,,,,,,,,,,,,,,,,,,,,,,,,,,,,,0,0,0,0,1,0,1,1,0,0,0,0,0,0,0,0,1,0,0,0,0,0,0,1,1,0,0,0,0,1,0,0,0,0,0,,0,0,0,0,0,0,0,0,1,0,0,0,0,0,0,0,,,,,,21-25,16-25,County road,R,Monday,Belt Used,PV,Not Fatal,0,1,1,0,County Road,County Sheriff,Thurston County Sheriff's Office,0,0,1,0,0,,,,,,0,0,0,,,,,,,,,,,,,,,,,,,,,,,,,,,,,,,,,,,
2018,81,E780896,39,03/17/2018,19:35,17,3,0,61,Snohomish,0,1,0,2,1,2,1,0,1,1,,,,42,0,0,3.6,1,0,1,7,1,2,4,0,0,0,0,CR-CHAIN LAKE RD,,-121.9768722,47.90358333,0,1,2,13,2,98,3,0,0,1,5,42,2,1,2,1,14,1,1,53,0,54,31,1995,0,0,63,42,,,,,1,1,37,1,7,1,4,7,3,0,11,0,03/17/2018,19:42,53012685,12685,0,0,3,3,1,0,0,0,0,96,,,,,,99,,,,,,98272,53,69,175,6,1,0,0,0,1,,0,,,,,,3,11/15/2013,11/15/2013,20,0,0,0,0,9,8,,,0,0,0,8,9,2,1,,,1,,,2,1,0,,,,,,,,,,,,,,,,,,,,,,,,,,,,,,0,0,0,0,0,0,0,0,0,0,0,0,1,0,0,0,0,0,0,0,0,0,0,0,0,0,0,0,0,1,0,0,0,0,0,,1,0,0,0,0,0,0,0,0,1,0,0,0,0,0,0,,,,,,36-40,36-45,County road,R,Saturday,Belt Used,PV,White,0,1,0,0,County Road,County Sheriff,Snohomish County Sheriff's Office,1,0,1,0,0,,,,,,0,0,0,,,,,,,,,,,,,,,,,,,,,,,,,,,,,,,,,,,
2018,189,E781471,2,03/17/2018,12:32,17,3,0,61,Snohomish,0,1,0,1,1,2,1,0,1,1,,,,24,0,0,210.6,1,0,1,1,2,1,1,0,0,0,0,I-5,,-122.2167667,48.21253056,0,1,6,12,2,70,5,0,0,1,5,24,1,2,3,3,15,1,1,53,0,20,29,2015,0,0,64,24,1,,,,1,1,49,2,7,1,4,0,3,0,11,5,03/19/2018,23:55,69053014071,14071,0,0,3,3,1,0,0,0,0,96,,,,,,0,,,,,,98116,53,67,200,6,1,0,0,0,0,,0,,,,,,0,,,8,0,0,0,0,9,8,,,0,0,0,8,0,2,996,996,996,1,1,1,2,1,0,,,,,,,,,,,,,,,,,,,,,,,,,,,,,,0,0,1,0,0,0,1,1,0,0,0,0,0,0,0,0,0,0,0,0,0,0,0,0,0,0,0,0,0,1,0,0,0,0,0,,1,0,0,0,0,0,1,1,0,0,0,0,0,0,1,0,,,,,,46-50,46-55,Interstate,U,Saturday,Belt Used,PV,White,0,1,0,0,State Route,State Patrol,Washington State Patrol Headquarter,1,1,0,0,0,,,,,,0,0,0,,,,,,,,,,,,,,,,,,,,,,,,,,,,,,,,,,,
2018,80,E781486,25,03/17/2018,2:42,17,3,0,33,King,0,1,0,2,1,2,1,0,1,1,,,,35,0,0,7,1,0,1,4,1,2,4,0,0,0,0,CR-SE MAY VALLEY RD,,-122.055525,47.48052222,0,1,1,13,2,40,67,0,0,1,7,1,3,1,2,1,14,1,1,53,0,12,880,2014,0,0,63,35,38,42,1,,1,1,22,1,7,1,4,7,20,0,11,0,03/17/2018,2:42,98053012706,12706,6,0,3,3,1,0,0,0,0,96,,,,,,99,,,,,,98027,53,73,185,6,1,0,4,1,1,,0,,,,,,4,06/15/2014,10/15/2017,8,1,9,0,0,5,8,,,0,0,0,8,1,2,402,407,996,1,1,1,2,1,0.21,,,,,,,,,,,,,,,,,,,,,,,,,,,,,,0,0,1,0,1,1,1,1,0,0,0,0,1,0,0,0,0,0,0,0,0,0,0,1,1,0,0,0,0,0,1,0,0,0,0,,0,1,0,0,0,1,1,1,0,1,0,0,0,0,0,1,,,,,,21-25,16-25,County road,R,Saturday,Not Used,MHTRUCK,White,0,1,0,0,County Road,County Sheriff,King County Police,1,0,1,0,0,,,,,,0,0,0,1,,,,,996,,,,,,,,,,,,,,,,,,,,,,,,,,,,,
2018,85,E781575,160,03/22/2018,11:23,22,3,0,33,King,1030,2,0,1,2,2,1,0,2,2,,,,12,0,6,0.2,2,0,2,3,2,1,3,0,0,3,3,SR-181,W MEEKER ST,-122.2473944,47.38136944,0,1,69,17,2,35,14,0,0,1,7,12,1,1,5,1,1,1,1,53,0,7,402,2002,0,0,12,1,,,,,1,1,70,2,0,0,1,0,99,0,11,8,,,,,0,0,3,3,1,39,0,0,0,96,,,,,,0,,,,,,98003,53,61,105,6,1,0,0,1,0,,97,,,,,,4,12/15/2013,12/15/2013,1,0,0,0,8,9,8,,,0,0,0,8,0,2,1,,,1,,,2,1,0,,,,,,,,,,,,,,,,,,,,,,,,,,,,,,0,0,0,1,0,0,0,0,0,0,0,0,1,0,0,0,0,0,0,0,0,0,0,0,0,1,1,1,0,1,0,0,0,0,0,,0,0,0,0,0,0,0,0,0,1,0,0,0,0,0,0,,,,,,66-70,66-75,State route,U,Thursday,Unknown,PV,Not Fatal,1,0,0,0,State Route,Municipal/City Police,Kent Police Department,0,1,0,0,0,,,,,,0,0,0,,,,,,,,,,,,,,,,,,,,,,,,,,,,,,,,,,,
2018,85,E781575,160,03/22/2018,11:23,22,3,0,33,King,1030,2,0,1,2,2,1,0,2,2,,,,12,0,6,0.2,2,0,2,3,2,1,3,0,0,3,3,SR-181,W MEEKER ST,-122.2473944,47.38136944,0,2,68,62,4,35,2,0,0,1,7,12,1,1,5,1,11,1,1,53,0,37,32,1995,0,0,12,,,,,,1,1,82,1,7,4,4,7,3,0,11,0,03/22/2018,11:55,1.03E+11,13634,0,0,0,3,1,0,0,0,0,96,,,,,,0,,,,,,98032,53,66,190,6,1,0,0,0,0,,0,,,,,,0,,,8,0,0,0,0,9,8,,,0,0,0,8,0,2,1,,,1,,,2,1,0,,,,,,,,,,,,,,,,,,,,,,,,,,,,,,0,0,0,1,0,0,0,0,0,0,0,0,1,0,0,0,0,0,0,0,0,0,0,0,0,1,1,1,0,1,0,0,0,0,0,,1,0,0,0,0,0,0,0,0,0,0,0,0,0,0,0,,,,,,81+,76+,State route,U,Thursday,Belt Used,PV,API,1,0,0,0,State Route,Municipal/City Police,Kent Police Department,0,1,0,0,0,,,,,,0,0,0,,,,,,,,,,,,,,,,,,,,,,,,,,,,,,,,,,,
2018,75,E781658,3,03/15/2018,19:22,15,3,0,53,Pierce,2230,1,0,5,1,2,1,1,4,1,,,,8,0,0,131.3,1,0,1,1,2,1,1,0,0,0,0,I-5,,-122.4634806,47.22550278,0,1,13,80,5,60,6,0,0,1,5,8,3,1,4,3,14,4,2,41,0,35,49,2004,0,0,8,,,,,,1,1,42,2,0,0,0,0,3,0,11,0,,,,,0,0,0,3,1,0,0,0,0,96,,,,,,0,,,,,,98118,53,66,200,6,1,0,0,0,1,,0,,,,,,0,04/15/2016,07/15/2016,20,0,0,0,8,9,8,,,0,0,0,8,0,0,0,,,0,,,0,0,996,,,,,,,,,,,,,,,,,,,,,,,,,,,,,,0,0,0,0,0,0,0,0,0,1,1,1,0,0,0,0,0,0,0,0,0,0,0,0,0,0,0,0,0,1,0,1,0,0,0,,0,0,0,0,0,0,0,0,0,0,0,0,0,0,0,0,,,,,,41-45,36-45,Interstate,U,Thursday,Belt Used,PV,Not Fatal,0,0,0,0,State Route,State Patrol,Washington State Patrol Headquarter,0,1,0,0,0,,,,,,0,0,1,,,,,,,,,,,,,,,,,,,,,,,,,,,,,,,,,,,
2018,86,E781688,7,03/22/2018,23:40,22,3,0,33,King,0,2,0,3,2,2,2,0,3,2,,,,12,0,6,15.7,1,0,1,3,2,1,3,0,0,0,0,SR-18,,-122.0573333,47.38806111,0,1,98,10,2,60,4,0,0,1,7,12,1,2,4,2,1,2,1,53,0,54,35,1998,0,0,64,65,12,,,,1,1,27,2,0,0,0,0,3,0,11,0,,,,,0,0,0,2,1,28,0,0,0,96,,,,,,9,,,,,,98092,53,66,190,1,1,0,0,0,1,,97,,,,,,0,12/15/2017,03/15/2018,20,0,0,0,8,9,2,,,0,0,0,1,9,2,401,417,,1,1,,2,1,0,,,,,,,,,,,,,,,,,,,,,,,,,,,,,,0,0,0,0,0,0,1,1,1,0,0,0,0,1,0,0,0,0,0,1,0,0,0,0,0,0,0,0,0,1,0,0,0,0,0,,0,0,0,0,0,0,1,1,0,0,0,1,0,0,1,0,,,,,,26-30,26-35,State route,U,Thursday,Belt Used,PV,Not Fatal,0,1,1,0,State Route,State Patrol,Washington State Patrol Headquarter,0,1,0,0,0,,,,,,0,0,1,,,,,,,,,,,,,,,,,,,,,,,,,,,,,,,,,,,
2018,86,E781688,7,03/22/2018,23:40,22,3,0,33,King,0,2,0,3,2,2,2,0,3,2,,,,12,0,6,15.7,1,0,1,3,2,1,3,0,0,0,0,SR-18,,-122.0573333,47.38806111,0,2,98,62,4,60,34,0,0,1,7,12,1,2,4,2,1,1,2,53,0,41,471,1989,0,0,12,,,,,,1,1,38,1,7,1,4,7,3,0,11,0,03/22/2018,23:40,1.26E+11,14374,0,0,0,3,1,0,0,0,0,96,,,,,,0,,,,,,98580,53,74,275,6,1,0,1,0,0,,0,,,,,,0,01/15/2015,12/15/2017,20,0,0,0,0,9,8,,,0,0,0,8,0,2,151,695,996,1,1,1,2,1,0,,,,,,,,,,,,,,,,,,,,,,,,,,,,,,0,0,0,0,0,0,1,1,1,0,0,0,0,1,0,0,0,0,0,1,0,0,0,0,0,0,0,0,0,1,0,0,0,0,0,,1,0,0,0,0,0,1,1,0,0,0,0,0,0,1,0,,,,,,36-40,36-45,State route,U,Thursday,Belt Used,PV,White,0,1,1,0,State Route,State Patrol,Washington State Patrol Headquarter,0,1,0,0,0,,,carboxy-thc,36,,0,0,1,1,,,,,348,,,,,,,,,,,,,,,,,,,,,,,,,,,,,
2018,78,E781803,5,03/16/2018,21:34,16,3,0,11,Clark,0,10,0,3,2,2,1,1,1,1,21:34,21:40,22:02,8,0,0,4,1,0,1,3,2,2,4,0,0,0,0,CR-NE HWY 99,,-122.6618389,45.67991111,0,1,13,80,5,40,34,0,0,1,7,8,1,1,8,1,1,1,2,53,0,12,481,2013,0,0,8,,,,,,1,1,43,1,0,0,0,0,3,0,11,0,,,,,0,0,0,3,1,0,0,0,0,96,,,,,,99,,,,,,98665,53,73,280,6,1,0,0,0,0,,0,,,,,,0,,,20,0,0,0,8,9,8,,,0,0,0,8,9,2,1,,,1,,,2,1,0,,,,,,,,,,,,,,,,,,,,,,,,,,,,,,0,0,0,0,0,0,0,0,0,1,0,1,0,0,0,0,0,1,0,0,0,0,0,0,0,0,0,0,0,1,0,1,0,0,0,,0,0,0,0,0,0,0,0,0,0,0,0,0,0,0,0,,,,,,41-45,36-45,County road,U,Friday,Belt Used,PV,Not Fatal,0,0,0,0,County Road,County Sheriff,Clark County Sheriff's Office,0,0,1,0,0,,,,,,0,0,0,,,,,,,,,,,,,,,,,,,,,,,,,,,,,,,,,,,
2018,69,E782562,8,03/13/2018,6:36,13,3,0,35,Kitsap,0,1,0,1,1,2,1,0,3,3,6:34,6:43,,12,0,2,56.7,1,0,1,3,1,1,3,0,0,0,0,SR-3,,-122.6451833,47.81473611,0,3,98,50,3,55,4,0,0,1,2,12,1,1,2,1,1,1,1,53,0,55,35,2013,0,0,12,,,,,,1,1,56,1,0,0,1,0,3,0,11,0,,,,,0,0,3,3,1,0,0,0,0,96,,,,,,0,,,,,,98312,53,72,190,6,1,0,0,0,2,,0,,,,,,0,03/15/2014,07/15/2017,1,0,0,0,8,9,2,,,0,0,0,0,0,0,0,,,0,,,0,0,996,,,,,,,,,,,,,,,,,,,,,,,,,,,,,,0,0,0,0,0,0,0,0,0,0,0,0,0,0,0,0,0,0,0,1,0,0,0,0,0,1,0,0,0,1,1,0,0,0,0,,0,0,0,0,0,0,0,0,0,0,0,0,0,0,0,0,,,,,,56-60,56-65,State route,R,Tuesday,Belt Used,PV,Not Fatal,0,0,0,1,State Route,State Patrol,Washington State Patrol Headquarter,0,1,0,0,0,,,,,,0,0,0,,,,,,,,,,,,,,,,,,,,,,,,,,,,,,,,,,,