year,case,par,repjur,crash_dt,crash_tm,accday,accmon,holiday,county,co_char,city,weather,weather2,lightcond,surfcond,surftype,numfatal,nmforms,pforms,vforms,not_tm,arr_tm,hosp_tm,fhevent,hitrun,manncol,milepnt,reljunc,reljuncinter,intersectiontype,funcsystem,landuse,ownership,route,schlbus,spejur,contdev,devfunc,trafid1,trafid2,x,y,wk_zone,vnumber,crashtype,criticalevent,criticaleventcat,spdlim,body,trailer,emerg,hazcargo,leave,mhevent,roadalgn,roadprof,traflane,trafflow,vehmanvr,numoccs,regowner,regstate,spuse,make,model,modelyr,vrf1,vrf2,seqevent1,seqevent2,seqevent3,seqevent4,seqevent5,seqevent6,pnumber,ptype,age,sex,hispanic,race,injury,diedscene,restraint,restraintmisuse,seatpos,takehosp,death_dt,death_tm,cert,cernum_wa,commlic,licendor,licrestrict,liccomp,drivpres,drf1,drf2,drf3,drf4,distract1,distract2,distract3,distract4,distract5,distract6,dricond1,dricond2,dricond3,dricond4,dricond5,dricond6,dzip,licstate,drhgt_in,weight,noncdl,noncdltype,prevdwi,prevoth,prevacc,prevspd,prevsus,driviol1,driviol2,driviol3,driviol4,driviol5,driviol6,spdrel,first_dt,last_dt,airbag,ejection,ejectpath,extricat,injurwrk,methalc,methdrug,nmlocat,strikveh,prf1,prf2,prf3,druginv,alcinvol,drugsts,drugres1,drugres2,drugres3,drugtst1,drugtst2,drugtst3,alcsts,alctst,alcres,nmact1,nmact2,nmact3,nmact4,nmact5,nmact6,nmprior1,nmprior2,nmprior3,nmprior4,nmprior5,nmprior6,nmcond1,nmcond2,nmcond3,nmcond4,nmcond5,nmcond6,nmsafe_helmet,nmsafe_pads,nmsafe_oth,nmprev_ref,nmprev_lgt,nmprev_oth,crashlocation,nmcrashtype,crosswalk,schoolzone,sidewalk,train_inv,wildlife_inv,rotr_fars,intersect_fars,dd_inv,aid_inv,dpd_inv,id_inv,mj_inv,impnm_inv,ainm_inv,dpnm_inv,speed_inv,unlic_inv,unendmc_inv,drowsy_inv,drdist_inv,nmdist_inv,fty_inv,unrestfat_inv,dr1617_inv,dr1820_inv,dr1620_inv,dr2125_inv,dr1625_inv,dr65_inv,dr70_inv,dr75_inv,mc_inv,pv_inv,ht_inv,ped_inv,bike_inv,unrest_fat,mc_fat,unhelmet_mc,pv_fat,ht_fat,ped_fat,bike_fat,dr_alc7,dr_alc8,dr_drug,dr_imp,dr_dist,dr_spd,dr_fty,dr_unlic,dr_alc7only,dr_alc8only,dr_drugonly,dr_drink,nm_imp,nm_alc7,nm_alc8,nm_drug,nm_dist,agegrp1,agegrp2,roadclass,urbrur,dayweek,restuse,vehtype,race_me,intersect,lanedep,oppdir,wrongway,rep_typ,investag,repag_long,rotr,st_rd,cty_rd,city_rd,oth_rd,drug_thc,thc_res,drug_cthc,cthc_res,drug_cann,prevpersemin,prevperse,prevsusoth,drugtst4,drugtst5,drugtst6,drugtst7,drugtst8,drugres4,drugres5,drugres6,drugres7,drugres8,adspresent,adsengaged,adslevel,race1,race2,race3,race4,race5,helmet,helmetmisuse,nmdistract1,nmdistract2,nmdistract3,nmdistract4,nmdistract5,nmdistract6,lab,isedtcase,crf1,crf2,crf3,CoRoadName,CoMP,IntCoRoadName,IntCoMP
2018,69,E782562,8,03/13/2018,6:36,13,3,0,35,Kitsap,0,1,0,1,1,2,1,0,3,3,6:34,6:43,,12,0,2,56.7,1,0,1,3,1,1,3,0,0,0,0,SR-3,,-122.6451833,47.81473611,0,1,50,10,2,55,21,0,0,1,2,12,1,1,2,1,1,1,1,53,0,20,461,2008,0,0,68,12,12,,,,1,1,65,1,7,1,4,7,20,0,11,0,03/13/2018,6:36,53011787,11787,0,0,3,3,1,28,0,0,0,96,,,,,,99,,,,,,98362,53,72,220,6,1,0,0,0,0,,0,,,,,,0,,,1,0,0,0,0,9,8,,,0,0,0,8,9,2,1,,,1,,,2,1,0,,,,,,,,,,,,,,,,,,,,,,,,,,,,,,0,0,0,0,0,0,0,0,0,0,0,0,0,0,0,0,0,0,0,1,0,0,0,0,0,1,0,0,0,1,1,0,0,1,0,,1,0,0,0,0,0,0,0,0,0,0,0,0,0,0,0,,,,,,61-65,56-65,State route,R,Tuesday,Not Used,PV,White,0,0,0,1,State Route,State Patrol,Washington State Patrol Headquarter,0,1,0,0,0,,,,,,0,0,0,,,,,,,,,,,,,,,,,,,,,,,,,,,,,,,,,,,
2018,69,E782562,8,03/13/2018,6:36,13,3,0,35,Kitsap,0,1,0,1,1,2,1,0,3,3,6:34,6:43,,12,0,2,56.7,1,0,1,3,1,1,3,0,0,0,0,SR-3,,-122.6451833,47.81473611,0,2,51,62,4,55,66,1,0,1,2,12,1,1,2,1,1,1,3,53,0,82,881,2016,0,0,12,,,,,,1,1,32,1,0,0,2,0,3,0,11,0,,,,,6,1,1,3,1,0,0,0,0,96,,,,,,0,,,,,,98391,53,72,300,6,1,0,0,0,0,,0,,,,,,0,,,20,0,0,0,8,9,2,,,0,0,0,0,0,0,0,,,0,,,0,0,996,,,,,,,,,,,,,,,,,,,,,,,,,,,,,,0,0,0,0,0,0,0,0,0,0,0,0,0,0,0,0,0,0,0,1,0,0,0,0,0,1,0,0,0,1,1,0,0,0,0,,0,0,0,0,0,0,0,0,0,0,0,0,0,0,0,0,,,,,,31-35,26-35,State route,R,Tuesday,,MHTRUCK,Not Fatal,0,0,0,1,State Route,State Patrol,Washington State Patrol Headquarter,0,1,0,0,0,,,,,,0,0,0,,,,,,,,,,,,,,,,,,,,,,,,,,,,,,,,,,,
2018,87,E782604,2,03/25/2018,13:15,25,3,0,61,Snohomish,0,1,0,1,1,2,1,0,1,1,,,,42,0,0,2.5,1,0,1,5,1,2,4,0,0,0,0,CR-FLORENCE ACRES RD,,-121.8776333,47.87504444,0,1,1,13,2,35,34,0,0,1,7,42,3,1,2,1,14,1,1,53,0,49,482,2014,0,0,63,42,,,,,1,1,61,1,7,1,4,7,20,0,11,0,03/25/2018,13:15,1.36E+11,14201,0,0,3,3,1,0,0,0,0,96,,,,,,99,,,,,,98272,53,70,210,6,1,0,1,0,1,,0,,,,,,0,07/15/2014,02/15/2015,8,0,0,0,0,9,8,,,0,0,0,8,9,2,605,695,,1,1,,2,1,0,,,,,,,,,,,,,,,,,,,,,,,,,,,,,,0,0,1,0,0,0,1,1,1,0,0,0,0,0,0,0,0,0,0,1,0,0,0,0,0,0,0,0,0,1,0,0,0,1,0,,1,0,0,0,0,0,1,1,0,0,0,0,0,0,1,0,,,,,,61-65,56-65,County road,R,Sunday,Not Used,PV,White,0,1,0,0,County Road,County Sheriff,Snohomish County Sheriff's Office,1,0,1,0,0,thc,888,carboxy-thc,6.1,,0,0,0,,,,,,,,,,,,,,,,,,,,,,,,,,,,,,,,,,,
2018,90,E782633,39,03/24/2018,10:49,24,3,0,61,Snohomish,0,4,0,1,3,2,1,0,2,1,,,,30,0,0,4.3,1,0,1,5,1,2,4,0,0,0,0,CR-WOODS CREEK RD,,-121.9002722,47.92121667,0,1,2,6,1,35,4,0,0,1,7,30,1,2,2,1,1,2,1,53,0,63,38,2010,0,0,63,30,,,,,1,1,32,2,0,0,2,0,3,0,11,5,,,,,0,0,3,3,1,87,0,0,0,96,,,,,,0,,,,,,98290,53,66,160,6,1,0,0,0,0,,97,,,,,,4,,,20,0,0,0,8,9,8,,,0,0,0,8,0,8,95,,,96,,,8,95,995,,,,,,,,,,,,,,,,,,,,,,,,,,,,,,0,0,0,0,0,0,0,0,0,0,0,0,1,0,0,0,0,0,0,0,0,0,0,0,0,0,0,0,0,1,0,0,0,0,0,,0,0,0,0,0,0,0,0,0,1,0,0,0,0,0,0,,,,,,31-35,26-35,County road,R,Saturday,Belt Used,PV,Not Fatal,0,1,0,0,County Road,County Sheriff,Snohomish County Sheriff's Office,1,0,1,0,0,,,,,,0,0,0,,,,,,,,,,,,,,,,,,,,,,,,,,,,,,,,,,,
2018,84,E782747,8,03/22/2018,4:59,22,3,0,35,Kitsap,0,2,0,3,2,2,1,1,1,1,,,,8,1,0,2.9,1,0,1,4,1,1,3,0,0,0,0,SR-160,,-122.5881861,47.50498333,0,1,13,50,3,45,4,0,0,1,5,8,1,2,2,1,1,1,1,53,0,20,2,2002,0,0,8,,,,,,1,1,33,1,0,0,0,0,99,0,11,0,,,,,0,0,3,3,1,0,0,0,0,96,,,,,,99,,,,,,98030,53,70,215,6,1,1,0,0,1,,7,,,,,,0,04/15/2013,12/15/2015,20,0,0,0,8,9,8,,,0,0,0,8,9,8,95,,,96,,,8,95,995,,,,,,,,,,,,,,,,,,,,,,,,,,,,,,0,0,0,0,0,0,0,0,0,0,0,0,0,0,0,0,0,0,0,0,0,0,0,0,0,0,0,0,0,1,0,1,0,0,0,,0,0,0,0,0,0,0,0,0,0,0,0,0,0,0,0,,,,,,31-35,26-35,State route,R,Thursday,Unknown,PV,Not Fatal,0,0,0,0,State Route,State Patrol,Washington State Patrol Headquarter,0,1,0,0,0,,,,,,0,1,0,,,,,,,,,,,,,,,,,,,,,,,,,,,,,,,,,,,
2018,88,E782976,25,03/24/2018,17:56,24,3,0,33,King,0,1,0,1,1,2,1,0,3,2,,,,12,0,6,1,2,0,4,4,2,2,4,0,0,20,3,CR-RENTON AVE S,S 128TH ST,-122.2350333,47.48828611,0,1,82,15,2,35,4,0,0,1,5,12,1,2,2,1,11,2,1,53,0,7,41,1997,0,0,12,,,,,,1,1,63,2,0,0,0,0,3,0,11,0,,,,,0,0,3,3,1,38,0,0,0,96,,,,,,0,,,,,,98031,53,63,140,6,1,0,0,0,0,,97,,,,,,0,,,20,0,0,0,8,9,2,,,0,0,0,0,0,8,95,,,96,,,8,95,995,,,,,,,,,,,,,,,,,,,,,,,,,,,,,,0,0,0,1,0,0,0,0,0,0,0,0,0,0,1,0,0,0,1,0,0,0,0,1,1,0,0,0,1,1,0,0,0,0,0,,0,0,0,0,0,0,0,0,0,0,1,0,0,0,0,0,,,,,,61-65,56-65,County road,U,Saturday,Belt Used,PV,Not Fatal,1,0,0,0,County Road,County Sheriff,King County Police,0,0,1,0,0,,,,,,0,0,0,,,,,,,,,,,,,,,,,,,,,,,,,,,,,,,,,,,
2018,88,E782976,25,03/24/2018,17:56,24,3,0,33,King,0,1,0,1,1,2,1,0,3,2,,,,12,0,6,1,2,0,4,4,2,2,4,0,0,0,0,CR-RENTON AVE S,S 128TH ST,-122.2350333,47.48828611,0,2,83,67,4,35,80,0,0,1,7,12,8,8,4,1,1,1,2,53,0,37,703,2012,0,0,12,,,,,,1,1,25,1,1,98,4,0,19,0,11,4,03/24/2018,19:04,1.96E+11,14391,0,0,0,2,1,0,0,0,0,96,,,,,,0,,,,,,98178,53,70,150,6,1,0,1,0,1,,0,,,,,,0,04/15/2014,08/15/2016,20,8,0,0,0,9,8,,,0,0,0,8,0,2,1,,,1,,,2,1,0,,,,,,,,,,,,,,,,,,,,,,,,,,,,,,0,0,0,1,0,0,0,0,0,0,0,0,0,0,1,0,0,0,1,0,0,0,0,1,1,0,0,0,1,1,0,0,0,0,1,0,0,0,0,0,0,0,0,0,0,0,0,0,0,0,0,0,,,,,,21-25,16-25,County road,U,Saturday,,MC,Hispanic,1,0,0,0,County Road,County Sheriff,King County Police,0,0,1,0,0,,,,,,0,0,1,,,,,,,,,,,,,,,,,,,,,,,,,,,,,,,,,,,
2018,89,E783025,297,03/26/2018,22:10,26,3,0,33,King,2310,10,0,3,2,2,1,1,1,1,,,,8,0,0,0,1,0,1,5,2,4,6,0,0,0,0,S 133RD ST,,-122.2767944,47.485,0,1,13,80,5,35,4,0,0,1,7,8,1,1,4,1,1,1,1,53,0,35,47,2008,0,0,8,,,,,,1,1,38,1,0,0,0,0,3,0,11,0,,,,,0,0,0,3,1,0,0,0,0,96,,,,,,0,,,,,,98444,53,68,220,6,1,0,0,0,0,,0,,,,,,0,,,20,0,0,0,8,9,8,,,0,0,0,8,0,8,95,,,96,,,8,95,995,,,,,,,,,,,,,,,,,,,,,,,,,,,,,,0,0,0,0,0,0,0,0,0,0,0,0,0,0,0,0,0,0,0,0,0,0,0,0,0,0,0,0,0,1,0,1,0,0,0,,0,0,0,0,0,0,0,0,0,0,0,0,0,0,0,0,,,,,,36-40,36-45,City street,U,Monday,Belt Used,PV,Not Fatal,0,0,0,0,City Street,Municipal/City Police,Tukwila Police Department,0,0,0,1,0,,,,,,0,0,0,,,,,,,,,,,,,,,,,,,,,,,,,,,,,,,,,,,
2018,82,E783573,1,03/21/2018,19:06,21,3,0,21,Franklin,1660,1,0,3,1,1,1,0,2,1,,,,57,0,0,12.3,1,0,1,1,2,1,1,0,0,0,0,I-182,,-119.1638722,46.25976944,0,1,7,13,2,60,15,0,0,1,2,1,1,1,2,3,1,2,1,53,0,19,421,2002,0,0,63,69,64,57,1,,1,1,18,2,0,0,2,0,3,0,11,4,,,,,0,0,9,3,1,91,0,0,0,3,,,,,,0,,,,,,99336,53,63,150,6,7,0,0,0,1,,2,,,,,,0,09/15/2017,09/15/2017,20,0,0,0,8,9,8,,,0,0,0,8,0,8,95,,,96,,,8,95,995,,,,,,,,,,,,,,,,,,,,,,,,,,,,,,0,0,0,0,0,0,0,0,0,0,0,0,0,0,0,0,1,0,0,1,0,1,1,0,1,0,0,0,0,1,0,0,0,0,0,,0,0,0,0,0,0,0,0,1,0,0,0,0,0,0,0,,,,,,18-20,16-25,Interstate,U,Wednesday,Belt Used,PV,Not Fatal,0,1,0,0,State Route,State Patrol,Washington State Patrol Headquarter,1,1,0,0,0,,,,,,0,0,0,,,,,,,,,,,,,,,,,,,,,,,,,,,,,,,,,,,
2018,94,E784570,237,03/28/2018,21:02,28,3,0,31,Jefferson,1720,10,0,1,1,2,1,1,1,1,,,,9,0,0,0,2,0,2,5,2,4,6,0,0,0,0,19TH ST,LANDES ST,-122.7826333,48.11375,0,1,13,83,5,25,4,0,0,1,7,9,1,2,2,1,10,1,1,53,0,55,33,2002,0,0,9,,,,,,1,1,63,1,0,0,0,0,3,0,11,0,,,,,0,0,3,3,1,38,91,0,0,0,,,,,,2,9,,,,,98368,53,75,215,6,1,0,0,0,0,,1,12,,,,,0,,,20,0,0,0,8,9,2,,,0,0,0,1,0,8,95,,,96,,,8,95,995,,,,,,,,,,,,,,,,,,,,,,,,,,,,,,0,0,0,1,0,0,0,0,0,0,0,0,0,0,0,1,0,0,1,0,0,0,0,0,0,0,0,0,0,1,0,0,1,0,0,,0,0,0,0,0,0,0,0,0,0,1,0,0,0,0,0,,,,,,61-65,56-65,City street,U,Wednesday,Belt Used,PV,Not Fatal,1,0,0,0,City Street,Municipal/City Police,Port Townsend Police Department,0,0,0,1,0,,,carboxy-thc,7.6,,0,0,0,,,,,,,,,,,,,,,,,,,,,,,,,,,,,,,,,,,
2018,91,E784840,2,03/27/2018,12:23,27,3,0,61,Snohomish,0,2,0,1,2,2,1,0,1,1,,,,42,0,0,36.7,1,0,1,5,1,1,3,0,0,0,0,SR-9,,-122.1913389,48.28901944,0,1,7,12,2,55,4,0,0,1,7,42,1,1,2,1,1,1,1,53,0,6,51,2010,0,0,68,64,42,,,,1,1,55,1,7,1,4,7,20,0,11,0,03/27/2018,12:23,53014532,14532,0,0,3,3,1,0,0,0,0,96,,,,,,0,,,,,,98012,53,72,203,6,1,0,4,0,4,,0,,,,,,4,09/15/2014,11/15/2017,1,0,0,0,0,9,8,,,0,0,0,8,0,2,1,,,1,,,2,1,0,,,,,,,,,,,,,,,,,,,,,,,,,,,,,,0,0,0,0,0,0,0,0,0,0,0,0,1,0,0,0,0,0,0,1,0,0,0,0,0,0,0,0,0,1,0,0,0,1,0,,1,0,0,0,0,0,0,0,0,1,0,0,0,0,0,0,,,,,,51-55,46-55,State route,R,Tuesday,Not Used,PV,White,0,1,0,0,State Route,State Patrol,Washington State Patrol Headquarter,1,1,0,0,0,,,,,,0,0,0,,,,,,,,,,,,,,,,,,,,,,,,,,,,,,,,,,,
2018,96,E786151,35,04/06/2018,23:49,6,4,0,53,Pierce,0,1,0,3,1,2,1,0,2,2,23:49,0:01,,12,0,6,2.1,2,0,2,4,2,2,4,0,0,0,0,CR-VICKERY AVE E,128TH ST E,-122.3784917,47.14024167,0,2,87,66,4,35,4,0,0,1,7,12,1,2,2,1,1,1,1,53,0,37,32,2014,0,0,12,64,40,,,,1,1,57,2,7,1,4,7,3,0,11,0,04/07/2018,0:08,2.23E+11,17238,0,0,0,3,1,0,0,0,0,96,,,,,,0,,,,,,98373,53,64,260,6,1,0,0,0,1,,0,,,,,,0,08/15/2016,08/15/2016,1,0,0,0,1,9,8,,,0,0,0,8,9,2,1,,,1,,,2,1,0,,,,,,,,,,,,,,,,,,,,,,,,,,,,,,0,0,0,1,0,0,0,0,0,0,0,0,1,0,0,0,0,0,0,0,1,0,1,0,1,0,0,0,0,1,0,0,0,0,0,,1,0,0,0,0,0,0,0,0,0,0,0,0,0,0,0,,,,,,56-60,56-65,County road,U,Friday,Belt Used,PV,White,1,0,0,0,County Road,County Sheriff,Law Enforcement Support Agency,0,0,1,0,0,,,,,,0,0,0,,,,,,,,,,,,,,,,,,,,,,,,,,,,,,,,,,,
2018,96,E786151,35,04/06/2018,23:49,6,4,0,53,Pierce,0,1,0,3,1,2,1,0,2,2,23:49,0:01,,12,0,6,2.1,2,0,2,4,2,2,4,0,0,20,3,CR-VICKERY AVE E,128TH ST E,-122.3784917,47.14024167,0,1,86,17,2,35,14,0,0,1,7,12,1,1,2,1,6,1,1,53,0,12,401,2003,0,0,12,63,1,,,,1,1,16,1,0,0,2,0,3,0,11,0,,,,,0,0,1,3,1,39,91,0,0,96,,,,,,0,,,,,,98374,53,70,165,6,2,0,1,1,1,,1,,,,,,3,11/15/2017,12/15/2017,1,0,0,0,8,9,8,,,0,0,0,8,0,8,95,,,96,,,8,95,995,,,,,,,,,,,,,,,,,,,,,,,,,,,,,,0,0,0,1,0,0,0,0,0,0,0,0,1,0,0,0,0,0,0,0,1,0,1,0,1,0,0,0,0,1,0,0,0,0,0,,0,0,0,0,0,0,0,0,0,1,0,0,0,0,0,0,,,,,,16-17,16-25,County road,U,Friday,Belt Used,PV,Not Fatal,1,0,0,0,County Road,County Sheriff,Law Enforcement Support Agency,0,0,1,0,0,,,,,,0,0,0,,,,,,,,,,,,,,,,,,,,,,,,,,,,,,,,,,,
2018,97,E786202,146,04/06/2018,21:00,6,4,0,77,Yakima,0,2,0,2,11,4,1,0,1,1,,,,1,0,0,1.9,1,0,1,7,1,2,4,0,3,0,0,CR-HARRAH DRAIN RD,,-120.5654972,46.37314444,0,1,6,12,2,50,34,0,0,1,7,3,1,1,2,1,1,1,1,53,0,20,481,1993,0,0,64,1,3,,,,1,1,62,2,7,1,4,7,3,0,11,0,04/06/2018,21:00,53015797,15797,0,0,0,3,1,0,0,0,0,96,,,,,,99,,,,,,98952,53,68,175,6,1,0,0,0,0,,0,,,,,,0,,,20,0,0,0,0,9,8,,,0,0,0,8,9,2,996,996,,1,1,,2,1,0.16,,,,,,,,,,,,,,,,,,,,,,,,,,,,,,0,0,1,0,1,1,1,1,0,0,0,0,0,0,0,0,0,0,0,0,0,0,0,0,0,0,0,0,0,1,0,0,0,0,0,,1,0,0,0,0,1,1,1,0,0,0,0,0,0,0,1,,,,,,61-65,56-65,County road,R,Friday,Belt Used,PV,White,0,1,0,0,County Road,County Sheriff,Yakima County Sheriff's Office,1,0,1,0,0,,,,,,0,0,0,,,,,,,,,,,,,,,,,,,,,,,,,,,,,,,,,,,
2018,93,E786504,55,03/24/2018,7:11,24,3,0,33,King,100,4,0,4,4,2,1,0,3,1,,,,30,0,0,0,3,0,3,5,2,4,6,0,0,0,0,112TH AVE SE,SE 296TH ST,-122.1921528,47.33680833,0,1,2,6,1,35,3,0,0,1,7,1,1,1,2,1,6,3,2,53,0,69,54,2004,0,0,63,30,1,,,,1,1,21,1,0,0,2,0,20,0,11,8,,,,,0,0,0,3,1,33,91,0,0,96,,,,,,9,,,,,,98002,53,72,180,6,1,0,2,0,3,,1,,,,,,4,06/15/2015,02/15/2018,20,2,9,0,8,9,8,,,0,0,0,8,1,2,402,407,513,1,1,1,2,1,0.12,,,,,,,,,,,,,,,,,,,,,,,,,,,,,,0,0,0,1,1,1,1,1,0,0,0,0,1,0,0,0,0,0,0,1,0,0,0,1,1,0,0,0,0,1,0,0,0,0,0,,0,0,0,0,0,1,1,1,0,1,0,0,0,0,0,1,,,,,,21-25,16-25,City street,U,Saturday,Not Used,PV,Not Fatal,0,1,0,0,City Street,Municipal/City Police,Auburn Police Department,1,0,0,1,0,,,,,,0,0,3,1,,,,,996,,,,,,,,,,,,,,,,,,,,,,,,,,,,,
2018,98,E786526,5,04/07/2018,20:14,7,4,0,15,Cowlitz,0,2,0,2,2,2,1,0,8,3,,,,12,0,1,43.1,1,0,1,1,2,1,1,0,0,0,0,I-5,,-122.896225,46.188825,0,2,98,90,6,70,4,0,0,1,5,54,1,1,3,2,1,3,1,41,0,48,34,2003,0,0,54,,,,,,1,1,16,1,0,0,0,0,3,0,11,0,,,,,0,0,3,3,1,0,0,0,0,96,,,,,,0,,,,,,97031,41,65,155,6,2,0,0,0,0,,0,,,,,,0,,,20,0,0,0,8,9,8,,,0,0,0,8,0,8,95,,,96,,,8,95,995,,,,,,,,,,,,,,,,,,,,,,,,,,,,,,0,0,0,0,1,0,0,0,0,0,0,0,1,0,0,0,0,0,0,1,1,0,1,1,1,0,0,0,0,1,0,0,0,0,0,,0,0,0,0,0,0,0,0,0,0,0,0,0,0,0,0,,,,,,16-17,16-25,Interstate,U,Saturday,Belt Used,PV,Not Fatal,0,0,0,0,State Route,State Patrol,Washington State Patrol Headquarter,0,1,0,0,0,,,,,,0,0,0,,,,,,,,,,,,,,,,,,,,,,,,,,,,,,,,,,,
2018,98,E786526,5,04/07/2018,20:14,7,4,0,15,Cowlitz,0,2,0,2,2,2,1,0,8,3,,,,12,0,1,43.1,1,0,1,1,2,1,1,0,0,0,0,I-5,,-122.896225,46.188825,0,3,24,51,3,70,2,0,0,1,7,12,1,1,3,2,1,1,2,53,0,20,9,2017,0,0,12,,,,,,1,1,21,1,0,0,0,0,3,0,11,0,,,,,0,0,0,3,1,26,0,0,0,96,,,,,,0,,,,,,98126,53,71,205,6,1,0,0,0,1,,97,,,,,,4,07/15/2016,07/15/2016,8,0,0,0,8,9,8,,,0,0,0,8,1,8,95,,,96,,,8,95,995,,,,,,,,,,,,,,,,,,,,,,,,,,,,,,0,0,0,0,1,0,0,0,0,0,0,0,1,0,0,0,0,0,0,1,1,0,1,1,1,0,0,0,0,1,0,0,0,0,0,,0,0,0,0,0,0,0,0,0,1,0,0,0,0,0,1,,,,,,21-25,16-25,Interstate,U,Saturday,Belt Used,PV,Not Fatal,0,0,0,0,State Route,State Patrol,Washington State Patrol Headquarter,0,1,0,0,0,,,,,,0,0,0,,,,,,,,,,,,,,,,,,,,,,,,,,,,,,,,,,,
2018,98,E786526,5,04/07/2018,20:14,7,4,0,15,Cowlitz,0,2,0,2,2,2,1,0,8,3,,,,12,0,1,43.1,1,0,1,1,2,1,1,0,0,0,0,I-5,,-122.896225,46.188825,0,1,25,53,3,70,34,0,0,1,7,1,1,1,3,2,1,4,2,53,0,12,481,1997,0,0,12,64,1,60,54,,1,1,21,1,0,0,1,0,3,0,11,4,,,,,0,0,0,3,1,0,0,0,0,96,,,,,,0,,,,,,98611,53,70,160,6,1,0,0,0,0,,0,,,,,,0,,,8,0,0,0,8,9,8,,,0,0,0,8,0,8,95,,,96,,,8,95,995,,,,,,,,,,,,,,,,,,,,,,,,,,,,,,0,0,0,0,1,0,0,0,0,0,0,0,1,0,0,0,0,0,0,1,1,0,1,1,1,0,0,0,0,1,0,0,0,0,0,,0,0,0,0,0,0,0,0,0,0,0,0,0,0,0,0,,,,,,21-25,16-25,Interstate,U,Saturday,Belt Used,PV,Not Fatal,0,0,0,0,State Route,State Patrol,Washington State Patrol Headquarter,0,1,0,0,0,,,,,,0,0,0,,,,,,,,,,,,,,,,,,,,,,,,,,,,,,,,,,,
2018,92,E786529,4,03/30/2018,22:45,30,3,0,63,Spokane,0,1,0,2,1,2,1,0,1,1,22:53,23:07,23:25,1,0,0,77.9,1,0,1,3,1,1,2,0,0,0,0,US-195,,-117.3851556,47.44017778,0,1,1,13,2,60,34,0,0,1,7,1,3,2,2,1,14,1,1,53,0,35,471,1986,0,0,63,1,,,,,1,1,38,1,7,1,4,0,20,0,11,1,04/01/2018,10:16,2.11E+11,15402,0,0,0,3,1,0,0,0,0,96,,,,,,99,,,,,,99037,53,67,145,6,1,1,0,1,2,,0,,,,,,0,03/15/2014,04/15/2017,20,1,9,0,0,9,8,,,0,0,0,8,9,2,1,,,1,,,2,1,0.075,,,,,,,,,,,,,,,,,,,,,,,,,,,,,,0,0,1,0,1,0,0,0,0,0,0,0,0,0,0,0,0,0,0,1,0,0,0,0,0,0,0,0,0,1,0,0,0,1,0,,1,0,0,0,1,0,0,0,0,0,0,0,1,0,0,1,,,,,,36-40,36-45,US highway,R,Friday,Not Used,PV,White,0,1,0,0,State Route,State Patrol,Washington State Patrol Headquarter,1,1,0,0,0,,,,,,0,0,2,,,,,,,,,,,,,,,,,,,,,,,,,,,,,,,,,,,
2018,99,E786918,35,04/07/2018,1:55,7,4,0,53,Pierce,0,10,0,2,2,2,1,0,2,1,,,,30,0,0,1.1,1,0,1,4,2,2,4,0,0,0,0,CR-200TH ST E,,-122.2678056,47.07455,0,1,1,13,2,40,67,0,0,1,5,30,1,1,2,1,1,2,1,53,0,23,880,2015,0,0,63,30,,,,,1,1,24,1,7,1,4,7,3,0,11,0,04/07/2018,1:55,1.77E+11,16254,0,0,3,3,1,0,0,0,0,93,,,,,,9,,,,,,98374,53,70,185,6,1,0,1,0,0,,0,,,,,,0,12/15/2016,12/15/2016,1,0,0,0,0,1,8,,,0,0,0,8,1,2,1,,,1,,,2,1,0.083,,,,,,,,,,,,,,,,,,,,,,,,,,,,,,0,0,1,0,1,1,0,1,0,0,0,0,0,0,0,0,1,0,0,0,0,0,0,1,1,0,0,0,0,0,1,0,0,0,0,,0,1,0,0,0,1,0,1,1,0,0,0,0,1,0,1,,,,,,21-25,16-25,County road,U,Saturday,Belt Used,MHTRUCK,White,0,1,0,0,County Road,County Sheriff,Law Enforcement Support Agency,1,0,1,0,0,,,,,,0,0,0,,,,,,,,,,,,,,,,,,,,,,,,,,,,,,,,,,,
2018,100,E787721,38,04/03/2018,23:08,3,4,0,59,Skamania,0,10,0,2,1,4,1,0,4,1,,,,1,0,0,0.5,1,0,1,99,9,99,9,0,0,0,0,CG-2100,,-121.8931944,45.73241389,0,1,98,6,1,98,34,0,0,1,5,1,3,2,8,8,14,4,1,53,0,12,481,1972,0,0,1,,,,,,1,1,41,1,7,1,4,7,2,0,11,0,04/03/2018,23:08,53016267,16267,0,0,0,3,1,0,0,0,0,96,,,,,,99,,,,,,98648,53,73,160,6,1,0,0,0,0,,0,,,,,,4,,,20,0,0,0,0,9,8,,,0,0,0,8,1,2,1,,,1,,,2,1,0.15,,,,,,,,,,,,,,,,,,,,,,,,,,,,,,0,0,0,0,1,1,0,1,0,0,0,0,1,0,0,0,0,0,0,0,0,0,0,0,0,0,0,0,0,1,0,0,0,0,0,,1,0,0,0,0,1,0,1,0,1,0,0,0,1,0,1,,,,,,41-45,36-45,Unknown,Unk,Tuesday,Belt Used,PV,White,0,0,0,0,Other,County Sheriff,Skamania County Sheriff's Office,0,0,0,0,1,,,,,,0,0,0,,,,,,,,,,,,,,,,,,,,,,,,,,,,,,,,,,,