year,case,par,repjur,crash_dt,crash_tm,accday,accmon,holiday,county,co_char,city,weather,weather2,lightcond,surfcond,surftype,numfatal,nmforms,pforms,vforms,not_tm,arr_tm,hosp_tm,fhevent,hitrun,manncol,milepnt,reljunc,reljuncinter,intersectiontype,funcsystem,landuse,ownership,route,schlbus,spejur,contdev,devfunc,trafid1,trafid2,x,y,wk_zone,vnumber,crashtype,criticalevent,criticaleventcat,spdlim,body,trailer,emerg,hazcargo,leave,mhevent,roadalgn,roadprof,traflane,trafflow,vehmanvr,numoccs,regowner,regstate,spuse,make,model,modelyr,vrf1,vrf2,seqevent1,seqevent2,seqevent3,seqevent4,seqevent5,seqevent6,pnumber,ptype,age,sex,hispanic,race,injury,diedscene,restraint,restraintmisuse,seatpos,takehosp,death_dt,death_tm,cert,cernum_wa,commlic,licendor,licrestrict,liccomp,drivpres,drf1,drf2,drf3,drf4,distract1,distract2,distract3,distract4,distract5,distract6,dricond1,dricond2,dricond3,dricond4,dricond5,dricond6,dzip,licstate,drhgt_in,weight,noncdl,noncdltype,prevdwi,prevoth,prevacc,prevspd,prevsus,driviol1,driviol2,driviol3,driviol4,driviol5,driviol6,spdrel,first_dt,last_dt,airbag,ejection,ejectpath,extricat,injurwrk,methalc,methdrug,nmlocat,strikveh,prf1,prf2,prf3,druginv,alcinvol,drugsts,drugres1,drugres2,drugres3,drugtst1,drugtst2,drugtst3,alcsts,alctst,alcres,nmact1,nmact2,nmact3,nmact4,nmact5,nmact6,nmprior1,nmprior2,nmprior3,nmprior4,nmprior5,nmprior6,nmcond1,nmcond2,nmcond3,nmcond4,nmcond5,nmcond6,nmsafe_helmet,nmsafe_pads,nmsafe_oth,nmprev_ref,nmprev_lgt,nmprev_oth,crashlocation,nmcrashtype,crosswalk,schoolzone,sidewalk,train_inv,wildlife_inv,rotr_fars,intersect_fars,dd_inv,aid_inv,dpd_inv,id_inv,mj_inv,impnm_inv,ainm_inv,dpnm_inv,speed_inv,unlic_inv,unendmc_inv,drowsy_inv,drdist_inv,nmdist_inv,fty_inv,unrestfat_inv,dr1617_inv,dr1820_inv,dr1620_inv,dr2125_inv,dr1625_inv,dr65_inv,dr70_inv,dr75_inv,mc_inv,pv_inv,ht_inv,ped_inv,bike_inv,unrest_fat,mc_fat,unhelmet_mc,pv_fat,ht_fat,ped_fat,bike_fat,dr_alc7,dr_alc8,dr_drug,dr_imp,dr_dist,dr_spd,dr_fty,dr_unlic,dr_alc7only,dr_alc8only,dr_drugonly,dr_drink,nm_imp,nm_alc7,nm_alc8,nm_drug,nm_dist,agegrp1,agegrp2,roadclass,urbrur,dayweek,restuse,vehtype,race_me,intersect,lanedep,oppdir,wrongway,rep_typ,investag,repag_long,rotr,st_rd,cty_rd,city_rd,oth_rd,drug_thc,thc_res,drug_cthc,cthc_res,drug_cann,prevpersemin,prevperse,prevsusoth,drugtst4,drugtst5,drugtst6,drugtst7,drugtst8,drugres4,drugres5,drugres6,drugres7,drugres8,adspresent,adsengaged,adslevel,race1,race2,race3,race4,race5,helmet,helmetmisuse,nmdistract1,nmdistract2,nmdistract3,nmdistract4,nmdistract5,nmdistract6,lab,isedtcase,crf1,crf2,crf3,CoRoadName,CoMP,IntCoRoadName,IntCoMP
2018,83,E788400,7,03/16/2018,1:50,16,3,0,33,King,735,10,0,3,1,2,1,0,2,2,,,,14,0,0,140.9,1,0,1,1,2,1,1,0,0,0,0,I-5,,-122.3146889,47.27326389,0,1,11,13,2,60,4,0,0,1,2,14,1,1,5,3,1,1,1,53,0,63,32,2007,0,0,63,14,,,,,1,1,24,1,1,98,4,7,3,0,11,0,03/16/2018,1:50,73553012700,12700,0,0,0,3,1,0,0,0,0,92,,,,,,99,,,,,,98498,53,69,200,6,1,0,2,0,1,,0,,,,,,0,07/15/2013,02/15/2018,8,0,0,0,0,9,8,,,0,0,0,8,9,2,1,,,1,,,2,1,0.12,,,,,,,,,,,,,,,,,,,,,,,,,,,,,,0,0,0,0,1,1,0,1,0,0,0,0,0,0,0,0,1,0,0,0,0,0,0,1,1,0,0,0,0,1,1,0,0,0,0,,1,0,0,0,0,1,0,1,1,0,0,0,0,1,0,1,,,,,,21-25,16-25,Interstate,U,Friday,Belt Used,PV,Hispanic,0,1,0,0,State Route,State Patrol,Washington State Patrol Headquarter,1,1,0,0,0,,,,,,0,0,0,,,,,,,,,,,,,,,,,,,,,,,,,,,,,,,,,,,
2018,119,E789126,278,04/16/2018,19:33,16,4,0,63,Spokane,2110,1,0,5,1,2,1,0,4,3,19:34,19:44,20:28,12,1,6,0,2,0,2,3,2,4,6,0,0,3,3,FRANCIS AVE,MARKET ST,-117.3646722,47.714875,0,1,88,17,2,98,4,0,0,1,7,12,1,2,5,1,1,1,1,53,0,37,32,2003,0,0,12,12,,,,,1,1,33,1,0,0,0,0,99,0,11,0,,,,,0,0,0,2,1,0,0,0,0,92,,,,,,99,,,,,,98837,53,68,170,1,1,0,0,0,2,,7,,,,,,0,05/15/2017,09/15/2017,1,0,0,0,8,9,8,,,0,0,0,8,9,8,95,,,96,,,8,95,995,,,,,,,,,,,,,,,,,,,,,,,,,,,,,,0,0,0,1,0,0,0,0,0,0,0,0,0,1,0,0,1,0,0,0,0,0,0,0,0,1,1,1,0,1,0,0,0,0,0,,0,0,0,0,0,0,0,0,1,0,0,1,0,0,0,0,,,,,,31-35,26-35,City street,U,Monday,Unknown,PV,Not Fatal,1,0,0,0,City Street,Municipal/City Police,Spokane Police Department,0,0,0,1,0,,,,,,0,0,2,,,,,,,,,,,,,,,,,,,,,,,,,,,,,,,,,,,
2018,119,E789126,278,04/16/2018,19:33,16,4,0,63,Spokane,2110,1,0,5,1,2,1,0,4,3,19:34,19:44,20:28,12,0,6,0,2,0,2,3,2,4,6,0,0,3,3,FRANCIS AVE,MARKET ST,-117.3646722,47.714875,0,3,98,62,4,98,34,0,0,1,5,12,1,2,6,1,5,1,2,53,0,12,481,2013,0,0,12,,,,,,1,1,41,1,0,0,0,0,3,0,11,0,,,,,0,0,0,3,1,0,0,0,0,0,,,,,,0,,,,,,99016,53,69,205,6,1,0,0,0,0,,0,,,,,,0,,,20,0,0,0,8,9,8,,,0,0,0,8,0,8,95,,,96,,,8,95,995,,,,,,,,,,,,,,,,,,,,,,,,,,,,,,0,0,0,1,0,0,0,0,0,0,0,0,0,1,0,0,1,0,0,0,0,0,0,0,0,1,1,1,0,1,0,0,0,0,0,,0,0,0,0,0,0,0,0,0,0,0,0,0,0,0,0,,,,,,41-45,36-45,City street,U,Monday,Belt Used,PV,Not Fatal,1,0,0,0,City Street,Municipal/City Police,Spokane Police Department,0,0,0,1,0,,,,,,0,0,0,,,,,,,,,,,,,,,,,,,,,,,,,,,,,,,,,,,
2018,119,E789126,278,04/16/2018,19:33,16,4,0,63,Spokane,2110,1,0,5,1,2,1,0,4,3,19:34,19:44,20:28,12,0,6,0,2,0,2,3,2,4,6,0,0,3,3,FRANCIS AVE,MARKET ST,-117.3646722,47.714875,0,2,89,66,4,98,14,0,0,1,7,12,8,8,4,1,1,2,1,53,0,55,401,2013,0,0,12,,,,,,1,1,79,1,7,1,4,0,3,0,11,5,04/26/2018,16:55,1.22E+11,19562,0,0,3,3,1,0,0,0,0,96,,,,,,0,,,,,,99208,53,69,220,6,1,0,0,0,0,,0,,,,,,0,,,8,0,0,0,0,9,8,,,0,0,0,8,0,8,95,,,96,,,8,95,995,,,,,,,,,,,,,,,,,,,,,,,,,,,,,,0,0,0,1,0,0,0,0,0,0,0,0,0,1,0,0,1,0,0,0,0,0,0,0,0,1,1,1,0,1,0,0,0,0,0,,1,0,0,0,0,0,0,0,0,0,0,0,0,0,0,0,,,,,,76-80,76+,City street,U,Monday,Belt Used,PV,White,1,0,0,0,City Street,Municipal/City Police,Spokane Police Department,0,0,0,1,0,,,,,,0,0,0,,,,,,,,,,,,,,,,,,,,,,,,,,,,,,,,,,,
2018,104,E789337,4,04/16/2018,2:00,16,4,0,1,Adams,0,99,0,2,99,2,2,0,2,1,,,,35,0,0,198.2,1,0,1,1,1,1,1,0,0,0,0,I-90,,-118.8114861,47.08585278,0,1,6,11,2,70,4,0,0,1,2,35,1,1,3,2,1,2,1,53,0,37,32,1997,0,0,63,69,64,69,64,67,1,1,56,1,3,1,4,7,3,0,11,0,04/16/2018,2:00,53018294,18294,0,0,0,0,1,0,0,0,0,96,,,,,,9,,,,,,98144,53,67,270,0,0,0,1,0,0,,0,,,,,,0,07/15/2013,07/15/2013,1,0,0,0,0,9,1,,,0,0,0,1,9,2,605,695,,1,1,,2,1,0,,,,,,,,,,,,,,,,,,,,,,,,,,,,,,0,0,1,0,0,0,1,1,1,0,0,0,0,1,0,0,0,0,0,1,0,0,0,0,0,0,0,0,0,1,0,0,0,0,0,,1,0,0,0,0,0,1,1,0,0,0,1,0,0,1,0,,,,,,56-60,56-65,Interstate,R,Monday,Belt Used,PV,Hispanic,0,1,0,0,State Route,State Patrol,Washington State Patrol Headquarter,1,1,0,0,0,thc,13,carboxy-thc,19,,0,0,0,,,,,,,,,,,,,,,,,,,,,,,,,,,,,,,,,,,
2018,106,E789793,290,04/18/2018,22:37,18,4,0,53,Pierce,2230,10,0,3,1,2,1,0,2,2,,,,12,0,1,0,1,0,1,4,2,4,6,0,0,0,0,MCKINLEY AVE E,,-122.4209361,47.18000278,0,1,24,51,3,30,4,0,0,1,2,12,1,1,3,1,1,1,1,53,0,55,35,2018,0,0,12,,,,,,1,1,25,2,0,0,0,0,99,0,11,0,,,,,0,0,0,3,1,0,0,0,0,92,,,,,,99,,,,,,98404,53,66,140,6,1,0,0,0,0,,97,,,,,,4,,,8,0,0,0,8,9,8,,,0,0,0,8,9,2,1,,,1,,,2,1,0,,,,,,,,,,,,,,,,,,,,,,,,,,,,,,0,0,0,0,0,0,0,0,0,0,0,0,1,0,0,0,1,0,0,0,0,0,0,1,1,0,0,0,0,1,0,0,0,0,0,,0,0,0,0,0,0,0,0,1,1,0,0,0,0,0,0,,,,,,21-25,16-25,City street,U,Wednesday,Unknown,PV,Not Fatal,0,0,0,0,City Street,Municipal/City Police,Tacoma Police Department,0,0,0,1,0,,,,,,0,0,0,,,,,,,,,,,,,,,,,,,,,,,,,,,,,,,,,,,
2018,106,E789793,290,04/18/2018,22:37,18,4,0,53,Pierce,2230,10,0,3,1,2,1,0,2,2,,,,12,0,1,0,1,0,1,4,2,4,6,0,0,0,0,MCKINLEY AVE E,,-122.4209361,47.18000278,0,2,25,53,3,30,5,0,0,1,5,12,1,1,3,1,1,1,1,53,0,49,46,2008,0,0,12,,,,,,1,1,60,2,7,1,4,7,3,0,11,0,04/18/2018,22:37,2.23E+11,18973,0,0,3,3,1,0,0,0,0,96,,,,,,0,,,,,,98418,53,66,260,6,1,0,0,0,0,,0,,,,,,0,,,8,0,0,0,1,9,8,,,0,0,0,8,0,2,1,,,1,,,2,1,0,,,,,,,,,,,,,,,,,,,,,,,,,,,,,,0,0,0,0,0,0,0,0,0,0,0,0,1,0,0,0,1,0,0,0,0,0,0,1,1,0,0,0,0,1,0,0,0,0,0,,1,0,0,0,0,0,0,0,0,0,0,0,0,0,0,0,,,,,,56-60,56-65,City street,U,Wednesday,Belt Used,PV,White,0,0,0,0,City Street,Municipal/City Police,Tacoma Police Department,0,0,0,1,0,,,,,,0,0,0,,,,,,,,,,,,,,,,,,,,,,,,,,,,,,,,,,,
2018,101,E789909,4,04/14/2018,6:46,14,4,0,63,Spokane,0,10,0,1,1,2,1,0,5,2,6:45,7:04,8:00,12,0,6,263.1,2,0,2,3,1,1,2,0,0,0,0,US-2,WOOD RD,-117.7333806,47.64348056,0,2,86,66,4,60,34,0,0,1,2,12,8,8,3,1,1,1,1,53,0,12,481,2008,0,0,12,,,,,,1,1,37,1,0,0,2,0,20,0,11,0,,,,,0,0,3,3,1,0,0,0,0,96,,,,,,0,,,,,,98557,53,72,200,6,1,0,2,0,2,,0,,,,,,0,05/15/2013,07/15/2017,1,0,0,0,8,9,8,,,0,0,0,8,0,8,95,,,96,,,8,95,995,,,,,,,,,,,,,,,,,,,,,,,,,,,,,,0,0,0,1,0,0,0,0,0,0,0,0,0,0,0,0,0,0,1,0,1,0,1,0,1,0,0,0,0,1,0,0,0,0,0,,0,0,0,0,0,0,0,0,0,0,0,0,0,0,0,0,,,,,,36-40,36-45,US highway,R,Saturday,Not Used,PV,Not Fatal,1,0,0,0,State Route,State Patrol,Washington State Patrol Headquarter,0,1,0,0,0,,,,,,0,0,0,,,,,,,,,,,,,,,,,,,,,,,,,,,,,,,,,,,
2018,101,E789909,4,04/14/2018,6:46,14,4,0,63,Spokane,0,10,0,1,1,2,1,0,5,2,6:45,7:04,8:00,12,0,6,263.1,2,0,2,3,1,1,2,0,0,20,3,US-2,WOOD RD,-117.7333806,47.64348056,0,1,87,17,2,45,14,0,0,1,2,12,1,1,2,1,1,4,2,53,0,63,402,2011,0,0,12,,,,,,1,1,17,2,0,0,3,0,3,0,11,5,,,,,0,0,3,3,1,38,39,0,0,96,,,,,,0,,,,,,99022,53,69,241,6,2,0,1,1,0,,37,,,,,,0,08/15/2017,08/15/2017,8,0,0,0,8,9,8,,,0,0,0,8,0,8,95,,,96,,,8,95,995,,,,,,,,,,,,,,,,,,,,,,,,,,,,,,0,0,0,1,0,0,0,0,0,0,0,0,0,0,0,0,0,0,1,0,1,0,1,0,1,0,0,0,0,1,0,0,0,0,0,,0,0,0,0,0,0,0,0,0,0,1,0,0,0,0,0,,,,,,16-17,16-25,US highway,R,Saturday,Belt Used,PV,Not Fatal,1,0,0,0,State Route,State Patrol,Washington State Patrol Headquarter,0,1,0,0,0,,,,,,0,0,0,,,,,,,,,,,,,,,,,,,,,,,,,,,,,,,,,,,
2018,105,E790267,8,04/16/2018,11:25,16,4,0,31,Jefferson,0,2,0,1,2,2,1,0,1,1,,,,42,0,0,5.2,1,0,1,3,1,1,3,0,0,0,0,SR-20,,-122.8254194,48.03348333,0,1,1,13,2,50,34,0,0,1,7,42,1,4,2,1,1,1,3,53,0,20,473,2012,0,0,63,42,,,,,1,1,72,1,7,1,4,7,3,0,11,0,04/16/2018,12:44,53018076,18076,6,0,3,3,1,0,0,0,0,93,,,,,,99,,,,,,98325,53,74,240,6,1,0,0,0,0,,0,,,,,,0,,,1,0,0,0,1,9,8,,,0,0,0,8,9,2,1,,,1,,,2,1,0,,,,,,,,,,,,,,,,,,,,,,,,,,,,,,0,0,1,0,0,0,0,0,0,0,0,0,0,0,0,0,1,0,0,0,0,0,0,0,0,1,1,0,0,1,0,0,0,0,0,,1,0,0,0,0,0,0,0,1,0,0,0,0,0,0,0,,,,,,71-75,66-75,State route,R,Monday,Belt Used,PV,White,0,1,0,0,State Route,State Patrol,Washington State Patrol Headquarter,1,1,0,0,0,,,,,,0,0,0,,,,,,,,,,,,,,,,,,,,,,,,,,,,,,,,,,,
2018,110,E790526,67,04/20/2018,4:51,20,4,0,35,Kitsap,0,1,0,3,1,2,1,0,1,1,,,,38,0,0,1.5,1,0,1,4,2,2,6,0,0,0,0,TRACYTON BEACH RD,,-122.6466583,47.58658056,0,1,7,10,2,30,4,0,0,1,7,1,1,1,2,1,1,1,1,53,0,41,50,2004,0,0,68,68,68,64,38,1,1,1,37,1,7,1,4,7,3,0,11,0,04/20/2018,4:51,18053018518,18518,0,0,0,3,1,58,0,0,0,96,,,,,,9,,,,,,98528,53,74,245,6,1,0,0,0,0,,0,,,,,,4,,,8,0,0,1,0,9,8,,,0,0,0,8,1,2,401,417,996,1,1,1,2,1,0,,,,,,,,,,,,,,,,,,,,,,,,,,,,,,0,0,0,0,1,0,1,1,0,0,0,0,1,0,0,0,0,0,0,0,0,0,0,0,0,0,0,0,0,1,0,0,0,0,0,,1,0,0,0,0,0,1,1,0,1,0,0,0,0,1,1,,,,,,36-40,36-45,City street,U,Friday,Belt Used,PV,White,0,1,0,0,County Road,Municipal/City Police,Bremerton Police Department,1,0,1,0,0,,,,,,0,0,0,1,,,,,996,,,,,,,,,,,,,,,,,,,,,,,,,,,,,
2018,109,E790608,42,04/20/2018,15:47,20,4,0,67,Thurston,0,1,0,1,1,2,1,0,1,1,,,,35,0,0,2,1,0,1,5,1,2,4,0,0,0,0,CR-STEAMBOAT ISLAND RD,,-123.00675,47.10473611,0,1,1,13,2,50,14,0,0,1,2,42,3,1,2,1,14,1,1,53,0,42,401,2015,0,0,63,35,67,42,,,1,1,56,2,7,1,4,7,3,0,11,0,04/20/2018,16:09,53018891,18891,0,0,0,3,1,0,0,0,0,92,,,,,,99,,,,,,98502,53,56,95,6,1,0,0,1,0,,0,,,,,,4,06/15/2015,06/15/2015,20,0,0,0,0,9,8,,,0,0,0,8,9,2,1,,,1,,,2,1,0.24,,,,,,,,,,,,,,,,,,,,,,,,,,,,,,0,0,1,0,1,1,0,1,0,0,0,0,1,0,0,0,1,0,0,0,0,0,0,0,0,0,0,0,0,1,0,0,0,0,0,,1,0,0,0,0,1,0,1,1,1,0,0,0,1,0,1,,,,,,56-60,56-65,County road,R,Friday,Belt Used,PV,White,0,1,0,0,County Road,County Sheriff,Thurston County Sheriff's Office,1,0,1,0,0,,,,,,0,0,0,,,,,,,,,,,,,,,,,,,,,,,,,,,,,,,,,,,
2018,108,E790691,42,04/14/2018,18:00,14,4,0,67,Thurston,0,2,0,1,2,2,1,0,5,2,,,,12,0,2,0.3,1,0,1,5,2,2,4,0,0,0,0,CR-BLACK LAKE BLVD,,-122.9835806,46.99770278,0,1,50,10,2,35,4,0,0,1,7,12,1,1,2,1,6,3,1,53,0,37,31,1992,0,0,68,12,,,,,1,1,21,2,7,1,4,7,3,0,11,0,04/14/2018,18:00,53017607,17607,0,0,0,3,1,33,0,0,0,96,,,,,,99,,,,,,98512,53,62,105,6,1,0,2,0,0,,0,,,,,,0,07/15/2017,12/15/2017,1,0,0,0,0,9,8,,,0,0,0,8,9,2,996,996,996,1,1,1,2,1,0,,,,,,,,,,,,,,,,,,,,,,,,,,,,,,0,0,0,0,0,0,1,1,0,0,0,0,0,0,0,0,0,0,0,0,0,0,0,1,1,0,0,0,0,1,0,0,0,0,0,,1,0,0,0,0,0,1,1,0,0,0,0,0,0,1,0,,,,,,21-25,16-25,County road,U,Saturday,Belt Used,PV,White,0,1,1,0,County Road,County Sheriff,Thurston County Sheriff's Office,0,0,1,0,0,,,,,,0,0,0,,,,,,,,,,,,,,,,,,,,,,,,,,,,,,,,,,,
2018,108,E790691,42,04/14/2018,18:00,14,4,0,67,Thurston,0,2,0,1,2,2,1,0,5,2,,,,12,0,2,0.3,1,0,1,5,2,2,4,0,0,0,0,CR-BLACK LAKE BLVD,,-122.9835806,46.99770278,0,2,51,62,4,35,5,0,0,1,7,12,1,1,2,1,1,2,1,53,0,20,26,2012,0,0,12,,,,,,1,1,31,2,0,0,0,0,20,0,11,0,,,,,0,0,0,3,1,0,0,0,0,96,,,,,,0,,,,,,98512,53,64,125,6,1,0,0,0,2,,0,,,,,,0,07/15/2015,01/15/2018,8,0,0,0,8,9,8,,,0,0,0,8,9,8,95,,,96,,,8,95,995,,,,,,,,,,,,,,,,,,,,,,,,,,,,,,0,0,0,0,0,0,1,1,0,0,0,0,0,0,0,0,0,0,0,0,0,0,0,1,1,0,0,0,0,1,0,0,0,0,0,,0,0,0,0,0,0,0,0,0,0,0,0,0,0,0,0,,,,,,31-35,26-35,County road,U,Saturday,Not Used,PV,Not Fatal,0,1,1,0,County Road,County Sheriff,Thurston County Sheriff's Office,0,0,1,0,0,,,,,,0,0,1,,,,,,,,,,,,,,,,,,,,,,,,,,,,,,,,,,,
2018,107,E790778,44,04/02/2018,23:52,2,4,0,71,Walla Walla,0,1,0,2,1,2,1,0,3,1,23:51,0:00,0:31,1,0,0,1,1,0,1,5,1,2,4,0,0,0,0,CR-RUSSELL CREEK,,-118.2785833,46.05311944,0,1,98,12,2,50,34,0,0,1,7,1,1,1,8,1,1,3,2,53,0,49,471,1992,0,0,68,64,69,68,68,1,1,1,28,1,7,1,4,7,20,0,11,0,04/02/2018,23:52,2.39E+11,15359,0,0,3,2,1,0,0,0,0,96,,,,,,99,,,,,,99301,53,72,195,1,1,1,1,0,0,,0,,,,,,0,08/15/2013,09/15/2017,20,1,9,0,0,9,8,,,0,0,0,8,9,2,1,,,1,,,2,1,0.14,,,,,,,,,,,,,,,,,,,,,,,,,,,,,,0,0,0,0,1,1,0,1,0,0,0,0,0,1,0,0,0,0,0,1,0,0,0,0,0,0,0,0,0,1,0,0,0,1,0,,1,0,0,0,0,1,0,1,0,0,0,1,0,1,0,1,,,,,,26-30,26-35,County road,R,Monday,Not Used,PV,White,0,0,0,0,County Road,County Sheriff,Walla Walla County Sheriff's Office,0,0,1,0,0,,,,,,0,0,5,,,,,,,,,,,,,,,,,,,,,,,,,,,,,,,,,,,
2018,112,E791138,32,04/06/2018,15:55,6,4,0,47,Okanogan,0,10,0,1,1,2,1,0,1,1,,,,1,0,0,1,1,0,1,7,1,2,4,0,3,0,0,CR-CAMERON LK OMAKLK RD,,-119.5238417,48.36723889,0,1,7,13,2,35,34,0,0,1,7,1,3,2,2,1,14,1,1,53,0,12,481,2004,0,0,63,69,68,64,1,,1,1,57,1,7,1,4,7,20,0,11,0,04/06/2018,15:55,53016546,16546,0,0,0,3,1,0,0,0,0,93,,,,,,99,,,,,,98840,53,70,160,6,1,0,0,0,1,,0,,,,,,0,07/15/2016,07/15/2016,20,1,9,0,0,9,8,,,0,0,0,8,9,2,155,321,351,1,1,1,2,1,0.23,,,,,,,,,,,,,,,,,,,,,,,,,,,,,,0,0,0,0,1,1,1,1,1,0,0,0,0,0,0,0,1,0,0,1,0,0,0,0,0,0,0,0,0,1,0,0,0,1,0,,1,0,0,0,0,1,1,1,1,0,0,0,0,0,0,1,,,,,,56-60,56-65,County road,R,Friday,Not Used,PV,White,0,1,0,0,County Road,County Sheriff,Okanogan County Sheriff's Office,1,0,1,0,0,thc,888,carboxy-thc,9.1,,0,0,0,1,1,1,,,367,605,695,996,996,,,,,,,,,,,,,,,,,,,,,,,,,
2018,113,E791515,13,04/21/2018,21:48,21,4,0,9,Clallam,0,1,0,2,2,5,1,0,3,1,21:48,22:04,23:42,1,0,0,3.5,1,0,1,99,9,99,9,0,0,0,0,WOODS RD,,-123.0120444,47.98156667,0,1,2,10,2,25,4,0,0,1,7,1,3,2,8,1,14,3,2,53,0,20,34,1995,0,0,68,68,63,1,,,1,1,21,1,7,1,4,7,20,0,11,0,04/21/2018,21:48,53019772,19772,0,0,0,3,1,0,0,0,0,0,,,,,,99,,,,,,98383,53,71,195,6,1,0,3,3,1,,0,,,,,,0,07/15/2015,02/15/2018,20,1,9,0,0,9,8,,,0,0,0,8,9,2,605,695,,1,1,,2,1,0.16,,,,,,,,,,,,,,,,,,,,,,,,,,,,,,0,0,0,0,1,1,1,1,1,0,0,0,0,0,0,0,0,0,0,1,0,0,0,1,1,0,0,0,0,1,0,0,0,1,0,,1,0,0,0,0,1,1,1,0,0,0,0,0,0,0,1,,,,,,21-25,16-25,Unknown,Unk,Saturday,Not Used,PV,White,0,1,0,0,Other,County Sheriff,Clallam County Sheriff's Office,1,0,0,0,1,thc,7.6,carboxy-thc,14,,0,0,0,,,,,,,,,,,,,,,,,,,,,,,,,,,,,,,,,,,
2018,115,E791931,205,04/16/2018,20:54,16,4,0,57,Skagit,1410,2,0,2,2,2,2,0,3,2,20:53,21:03,,12,0,6,0,1,0,1,4,2,4,6,0,0,0,0,LITTLE MOUNTAIN RD,,-122.3047056,48.4019,0,1,98,10,2,98,2,0,0,1,7,12,3,1,2,1,5,2,1,53,0,37,32,2004,0,0,12,,,,,,1,1,48,2,7,1,4,7,3,0,11,0,04/16/2018,20:54,1.41E+11,18321,0,0,0,3,1,51,0,0,0,96,,,,,,99,,,,,,98252,53,68,125,6,1,0,0,2,0,,0,,,,,,0,03/15/2015,01/15/2016,8,0,0,0,0,9,8,,,0,0,0,8,9,2,996,996,,1,1,,2,1,0.24,,,,,,,,,,,,,,,,,,,,,,,,,,,,,,0,0,0,0,1,1,1,1,1,0,0,0,0,0,0,0,0,0,0,0,0,0,0,0,0,0,0,0,0,1,0,0,0,0,0,,1,0,0,0,0,1,1,1,0,0,0,0,0,0,0,1,,,,,,46-50,46-55,City street,U,Monday,Belt Used,PV,White,0,1,1,0,City Street,Municipal/City Police,Mount Vernon Police Department,0,0,0,1,0,,,,,,0,0,0,,,,,,,,,,,,,,,,,,,,,,,,,,,,,,,,,,,
2018,115,E791931,205,04/16/2018,20:54,16,4,0,57,Skagit,1410,2,0,2,2,2,2,0,3,2,20:53,21:03,,12,0,6,0,1,0,1,4,2,4,6,0,0,0,0,LITTLE MOUNTAIN RD,,-122.3047056,48.4019,0,2,98,50,3,35,14,0,0,1,7,12,2,1,2,1,14,1,3,53,0,37,402,2017,0,0,12,,,,,,1,1,28,1,0,0,2,0,3,0,11,2,,,,,0,0,0,3,1,0,0,0,0,96,,,,,,0,,,,,,98274,53,72,240,6,1,0,2,2,0,,0,,,,,,0,09/15/2013,02/15/2017,8,0,0,0,8,9,8,,,0,0,0,8,0,2,605,695,,1,1,,2,1,0,,,,,,,,,,,,,,,,,,,,,,,,,,,,,,0,0,0,0,1,1,1,1,1,0,0,0,0,0,0,0,0,0,0,0,0,0,0,0,0,0,0,0,0,1,0,0,0,0,0,,0,0,0,0,0,0,1,1,0,0,0,0,0,0,1,0,,,,,,26-30,26-35,City street,U,Monday,Belt Used,PV,Not Fatal,0,1,1,0,City Street,Municipal/City Police,Mount Vernon Police Department,0,0,0,1,0,thc,1.2,carboxy-thc,34,,0,0,1,,,,,,,,,,,,,,,,,,,,,,,,,,,,,,,,,,,
2018,114,E791954,278,04/24/2018,21:35,24,4,0,63,Spokane,2110,1,0,3,1,2,1,1,1,1,21:36,21:40,22:22,8,0,0,0,3,0,2,4,2,4,6,0,0,97,8,E 3RD,S PERRY,-117.3889028,47.65335,1,1,13,80,5,30,5,0,0,1,5,8,1,1,1,4,1,1,1,53,0,49,52,2008,0,0,8,64,38,,,,1,1,50,2,0,0,1,0,3,0,11,5,,,,,0,0,3,3,1,91,0,0,0,96,,,,,,9,,,,,,99205,53,67,180,6,1,2,0,2,2,,1,,,,,,0,12/15/2013,06/15/2017,1,0,0,0,8,9,8,,,0,0,0,8,1,2,996,,,1,,,2,1,0.15,,,,,,,,,,,,,,,,,,,,,,,,,,,,,,0,0,0,1,1,1,1,1,0,0,0,0,0,0,0,0,0,0,0,0,0,0,0,0,0,0,0,0,0,1,0,1,0,0,0,,0,0,0,0,0,1,1,1,0,0,0,0,0,0,0,1,,,,,,46-50,46-55,City street,U,Tuesday,Belt Used,PV,Not Fatal,0,0,0,0,City Street,Municipal/City Police,Spokane Police Department,0,0,0,1,0,,,,,,0,2,1,,,,,,,,,,,,,,,,,,,,,,,,,,,,,,,,,,,
2018,116,E792217,4,04/19/2018,7:45,19,4,0,65,Stevens,0,1,0,1,1,2,1,0,1,1,,,,24,0,0,228.1,1,0,1,3,1,1,2,0,0,0,0,US-395,,-117.8812944,48.45935,0,1,6,12,2,60,14,0,0,1,7,3,1,1,5,5,1,1,1,53,0,48,401,2010,0,0,68,64,24,1,3,,1,1,71,1,7,1,4,7,3,0,11,0,04/19/2018,7:45,53018474,18474,0,0,0,3,1,0,0,0,0,0,,,,,,2,,,,,,99181,53,70,190,6,1,0,0,0,0,,0,,,,,,0,,,8,0,0,0,0,9,8,,,0,0,0,8,0,2,387,,,1,,,2,1,0,,,,,,,,,,,,,,,,,,,,,,,,,,,,,,0,0,1,0,0,0,1,1,0,0,0,0,0,0,0,1,0,0,0,0,0,0,0,0,0,1,1,0,0,1,0,0,0,0,0,,1,0,0,0,0,0,1,1,0,0,0,0,0,0,1,0,,,,,,71-75,66-75,US highway,R,Thursday,Belt Used,PV,White,0,1,0,0,State Route,State Patrol,Washington State Patrol Headquarter,1,1,0,0,0,,,,,,0,0,0,,,,,,,,,,,,,,,,,,,,,,,,,,,,,,,,,,,