year,case,par,repjur,crash_dt,crash_tm,accday,accmon,holiday,county,co_char,city,weather,weather2,lightcond,surfcond,surftype,numfatal,nmforms,pforms,vforms,not_tm,arr_tm,hosp_tm,fhevent,hitrun,manncol,milepnt,reljunc,reljuncinter,intersectiontype,funcsystem,landuse,ownership,route,schlbus,spejur,contdev,devfunc,trafid1,trafid2,x,y,wk_zone,vnumber,crashtype,criticalevent,criticaleventcat,spdlim,body,trailer,emerg,hazcargo,leave,mhevent,roadalgn,roadprof,traflane,trafflow,vehmanvr,numoccs,regowner,regstate,spuse,make,model,modelyr,vrf1,vrf2,seqevent1,seqevent2,seqevent3,seqevent4,seqevent5,seqevent6,pnumber,ptype,age,sex,hispanic,race,injury,diedscene,restraint,restraintmisuse,seatpos,takehosp,death_dt,death_tm,cert,cernum_wa,commlic,licendor,licrestrict,liccomp,drivpres,drf1,drf2,drf3,drf4,distract1,distract2,distract3,distract4,distract5,distract6,dricond1,dricond2,dricond3,dricond4,dricond5,dricond6,dzip,licstate,drhgt_in,weight,noncdl,noncdltype,prevdwi,prevoth,prevacc,prevspd,prevsus,driviol1,driviol2,driviol3,driviol4,driviol5,driviol6,spdrel,first_dt,last_dt,airbag,ejection,ejectpath,extricat,injurwrk,methalc,methdrug,nmlocat,strikveh,prf1,prf2,prf3,druginv,alcinvol,drugsts,drugres1,drugres2,drugres3,drugtst1,drugtst2,drugtst3,alcsts,alctst,alcres,nmact1,nmact2,nmact3,nmact4,nmact5,nmact6,nmprior1,nmprior2,nmprior3,nmprior4,nmprior5,nmprior6,nmcond1,nmcond2,nmcond3,nmcond4,nmcond5,nmcond6,nmsafe_helmet,nmsafe_pads,nmsafe_oth,nmprev_ref,nmprev_lgt,nmprev_oth,crashlocation,nmcrashtype,crosswalk,schoolzone,sidewalk,train_inv,wildlife_inv,rotr_fars,intersect_fars,dd_inv,aid_inv,dpd_inv,id_inv,mj_inv,impnm_inv,ainm_inv,dpnm_inv,speed_inv,unlic_inv,unendmc_inv,drowsy_inv,drdist_inv,nmdist_inv,fty_inv,unrestfat_inv,dr1617_inv,dr1820_inv,dr1620_inv,dr2125_inv,dr1625_inv,dr65_inv,dr70_inv,dr75_inv,mc_inv,pv_inv,ht_inv,ped_inv,bike_inv,unrest_fat,mc_fat,unhelmet_mc,pv_fat,ht_fat,ped_fat,bike_fat,dr_alc7,dr_alc8,dr_drug,dr_imp,dr_dist,dr_spd,dr_fty,dr_unlic,dr_alc7only,dr_alc8only,dr_drugonly,dr_drink,nm_imp,nm_alc7,nm_alc8,nm_drug,nm_dist,agegrp1,agegrp2,roadclass,urbrur,dayweek,restuse,vehtype,race_me,intersect,lanedep,oppdir,wrongway,rep_typ,investag,repag_long,rotr,st_rd,cty_rd,city_rd,oth_rd,drug_thc,thc_res,drug_cthc,cthc_res,drug_cann,prevpersemin,prevperse,prevsusoth,drugtst4,drugtst5,drugtst6,drugtst7,drugtst8,drugres4,drugres5,drugres6,drugres7,drugres8,adspresent,adsengaged,adslevel,race1,race2,race3,race4,race5,helmet,helmetmisuse,nmdistract1,nmdistract2,nmdistract3,nmdistract4,nmdistract5,nmdistract6,lab,isedtcase,crf1,crf2,crf3,CoRoadName,CoMP,IntCoRoadName,IntCoMP
2018,111,E793810,6,04/21/2018,0:00,21,4,0,7,Chelan,0,1,0,2,1,2,1,0,1,1,,,,24,0,0,162.1,1,0,1,3,1,1,2,0,0,0,0,US-97,,-120.6589278,47.46626667,0,1,6,12,2,60,80,0,0,1,7,24,1,1,2,1,1,1,1,53,0,37,706,2006,0,0,68,64,24,,,,1,1,49,1,7,1,4,7,16,0,11,0,04/21/2018,0:00,53018805,18805,0,0,0,3,1,0,0,0,0,96,,,,,,9,,,,,,98501,53,75,210,6,1,0,0,0,2,,0,,,,,,0,08/15/2017,12/15/2017,20,8,0,0,0,1,8,,,0,0,0,8,1,2,605,,,1,,,2,1,0.17,,,,,,,,,,,,,,,,,,,,,,,,,,,,,,0,0,1,0,1,1,1,1,1,0,0,0,0,0,0,0,0,0,0,0,0,0,0,0,0,0,0,0,1,0,0,0,0,0,1,1,0,0,0,0,0,1,1,1,0,0,0,0,0,0,0,1,,,,,,46-50,46-55,US highway,R,Saturday,,MC,White,0,1,0,0,State Route,State Patrol,Washington State Patrol Headquarter,1,1,0,0,0,thc,10,,,,0,0,0,,,,,,,,,,,,,,,,,,,,,,,,,,,,,,,,,,,
2018,118,E793894,42,04/24/2018,2:32,24,4,0,67,Thurston,0,1,0,2,1,2,1,0,1,1,,,,42,0,0,3.1,1,0,1,5,1,2,4,0,0,0,0,CR-SARGENT RD SW,,-123.0521111,46.83370556,0,1,2,13,2,50,3,0,0,1,7,42,3,1,2,1,14,1,2,53,0,54,38,2002,0,0,68,68,63,42,,,1,1,32,1,7,1,4,7,3,0,11,0,04/24/2018,2:32,53019054,19054,0,0,0,3,1,0,0,0,0,96,,,,,,99,,,,,,98531,53,71,155,6,1,0,0,0,0,,0,,,,,,4,,,2,0,0,0,0,9,8,,,0,0,0,8,9,2,605,695,,1,1,,2,1,0.31,,,,,,,,,,,,,,,,,,,,,,,,,,,,,,0,0,0,0,1,1,1,1,1,0,0,0,1,0,0,0,0,0,0,0,0,0,0,0,0,0,0,0,0,1,0,0,0,0,0,,1,0,0,0,0,1,1,1,0,1,0,0,0,0,0,1,,,,,,31-35,26-35,County road,R,Tuesday,Belt Used,PV,White,0,1,0,0,County Road,County Sheriff,Thurston County Sheriff's Office,1,0,1,0,0,thc,888,carboxy-thc,23,,0,0,0,,,,,,,,,,,,,,,,,,,,,,,,,,,,,,,,,,,
2018,122,E794265,159,05/01/2018,3:10,1,5,0,5,Benton,1020,1,0,3,1,2,1,0,1,1,,,,42,0,0,0,1,0,1,5,2,4,6,0,0,0,0,CREEKSTONE DR,,-119.1997861,46.18896389,0,1,2,6,1,35,4,0,0,1,7,42,2,1,2,1,14,1,2,53,0,18,20,1999,0,0,63,42,38,30,,,1,1,30,1,1,1,4,7,20,0,11,0,05/01/2018,3:10,1.02E+11,20238,0,0,3,3,1,0,0,0,0,96,,,,,,99,,,,,,99337,53,72,195,6,1,0,0,0,0,,0,,,,,,4,,,8,0,0,0,0,9,8,,,0,0,0,8,9,2,1,,,1,,,2,1,0.14,,,,,,,,,,,,,,,,,,,,,,,,,,,,,,0,0,0,0,1,1,0,1,0,0,0,0,1,0,0,0,0,0,0,1,0,0,0,0,0,0,0,0,0,1,0,0,0,1,0,,1,0,0,0,0,1,0,1,0,1,0,0,0,1,0,1,,,,,,26-30,26-35,City street,U,Tuesday,Not Used,PV,Hispanic,0,1,0,0,City Street,Municipal/City Police,Kennewick Police Department,1,0,0,1,0,,,,,,0,0,0,,,,,,,,,,,,,,,,,,,,,,,,,,,,,,,,,,,
2018,103,E794398,7,04/09/2018,23:35,9,4,0,33,King,0,1,0,2,1,1,2,0,8,4,,,,12,0,2,4.1,1,0,1,3,2,1,3,0,0,0,0,SR-516,,-122.2637778,47.375675,0,3,98,54,3,55,4,0,0,1,2,12,1,1,2,3,1,2,1,53,0,35,47,2005,0,0,12,,,,,,1,1,43,2,0,0,1,0,3,0,11,4,,,,,0,0,0,3,1,0,0,0,0,96,,,,,,0,,,,,,98002,53,62,170,6,1,0,0,0,0,,0,,,,,,0,,,1,0,0,0,8,9,8,,,0,0,0,8,0,8,95,,,96,,,8,95,995,,,,,,,,,,,,,,,,,,,,,,,,,,,,,,0,0,0,0,0,0,1,1,0,0,0,0,0,1,0,0,0,0,0,1,0,0,0,0,0,0,0,0,0,1,0,0,0,0,0,,0,0,0,0,0,0,0,0,0,0,0,0,0,0,0,0,,,,,,41-45,36-45,State route,U,Monday,Belt Used,PV,Not Fatal,0,0,0,1,State Route,State Patrol,Washington State Patrol Headquarter,0,1,0,0,0,,,,,,0,0,0,,,,,,,,,,,,,,,,,,,,,,,,,,,,,,,,,,,
2018,103,E794398,7,04/09/2018,23:35,9,4,0,33,King,0,1,0,2,1,1,2,0,8,4,,,,12,0,2,4.1,1,0,1,3,2,1,3,0,0,0,0,SR-516,,-122.2637778,47.375675,0,1,50,54,3,55,4,0,0,1,2,12,1,1,2,3,1,2,2,53,0,49,40,1988,0,0,12,12,,,,,1,1,38,1,7,38,4,7,20,0,11,0,04/09/2018,23:35,1.03E+11,17039,0,0,0,2,1,51,0,0,0,96,,,,,,99,,,,,,98023,53,68,218,2,1,0,0,0,0,,0,,,,,,0,01/15/2014,10/15/2017,20,1,9,0,0,9,8,,,0,0,0,1,9,2,702,,,1,,,2,1,0,,,,,,,,,,,,,,,,,,,,,,,,,,,,,,0,0,0,0,0,0,1,1,0,0,0,0,0,1,0,0,0,0,0,1,0,0,0,0,0,0,0,0,0,1,0,0,0,1,0,,1,0,0,0,0,0,1,1,0,0,0,1,0,0,1,0,,,,,,36-40,36-45,State route,U,Monday,Not Used,PV,API,0,0,0,1,State Route,State Patrol,Washington State Patrol Headquarter,0,1,0,0,0,,,,,,0,0,4,,,,,,,,,,,,,,,,,,,,,,,,,,,,,,,,,,,
2018,103,E794398,7,04/09/2018,23:35,9,4,0,33,King,0,1,0,2,1,1,2,0,8,4,,,,12,0,2,4.1,1,0,1,3,2,1,3,0,0,0,0,SR-516,,-122.2637778,47.375675,0,2,51,54,3,55,14,0,0,1,2,12,1,1,2,3,1,2,1,53,0,59,401,1999,0,0,12,12,,,,,1,1,59,1,0,0,3,0,3,0,11,4,,,,,0,0,0,3,1,0,0,0,0,96,,,,,,99,,,,,,98118,53,67,170,6,1,0,0,0,0,,0,,,,,,0,,,8,0,0,0,8,9,8,,,0,0,0,8,0,8,95,,,96,,,8,95,995,,,,,,,,,,,,,,,,,,,,,,,,,,,,,,0,0,0,0,0,0,1,1,0,0,0,0,0,1,0,0,0,0,0,1,0,0,0,0,0,0,0,0,0,1,0,0,0,0,0,,0,0,0,0,0,0,0,0,0,0,0,0,0,0,0,0,,,,,,56-60,56-65,State route,U,Monday,Belt Used,PV,Not Fatal,0,0,0,1,State Route,State Patrol,Washington State Patrol Headquarter,0,1,0,0,0,,,,,,0,0,0,,,,,,,,,,,,,,,,,,,,,,,,,,,,,,,,,,,
2018,103,E794398,7,04/09/2018,23:35,9,4,0,33,King,0,1,0,2,1,1,2,0,8,4,,,,12,0,2,4.1,1,0,1,3,2,1,3,0,0,0,0,SR-516,,-122.2637778,47.375675,0,4,98,54,3,55,4,0,0,1,2,12,1,1,2,3,1,2,1,53,0,20,22,2007,0,0,12,,,,,,1,1,28,1,0,0,1,0,3,0,11,6,,,,,0,0,0,3,1,0,0,0,0,96,,,,,,0,,,,,,98178,53,72,200,6,1,0,1,1,2,,0,,,,,,0,05/15/2015,12/15/2017,20,0,0,0,8,9,8,,,0,0,0,8,0,8,95,,,96,,,8,95,995,,,,,,,,,,,,,,,,,,,,,,,,,,,,,,0,0,0,0,0,0,1,1,0,0,0,0,0,1,0,0,0,0,0,1,0,0,0,0,0,0,0,0,0,1,0,0,0,0,0,,0,0,0,0,0,0,0,0,0,0,0,0,0,0,0,0,,,,,,26-30,26-35,State route,U,Monday,Belt Used,PV,Not Fatal,0,0,0,1,State Route,State Patrol,Washington State Patrol Headquarter,0,1,0,0,0,,,,,,0,0,1,,,,,,,,,,,,,,,,,,,,,,,,,,,,,,,,,,,
2018,123,E795156,127,05/06/2018,11:18,6,5,0,33,King,735,1,0,1,0,0,1,1,1,1,,,,9,0,0,0,4,0,1,7,2,4,6,0,0,20,3,S 320TH ST,,-122.3120944,47.31516389,0,1,13,98,7,0,62,1,0,1,5,9,0,0,0,0,10,1,2,53,0,52,882,2000,0,0,9,,,,,,1,1,41,1,0,0,0,0,3,0,11,0,,,,,0,0,0,3,1,39,0,0,0,93,,,,,,0,,,,,,98374,53,63,140,6,1,0,1,1,0,,97,,,,,,0,08/15/2014,07/15/2015,20,0,0,0,8,9,8,,,0,0,0,8,0,8,95,,,96,,,8,95,995,,,,,,,,,,,,,,,,,,,,,,,,,,,,,,0,0,0,0,0,0,0,0,0,0,0,0,0,0,0,0,1,0,0,0,0,0,0,0,0,0,0,0,0,0,1,0,1,0,0,,0,0,0,0,0,0,0,0,1,0,0,0,0,0,0,0,,,,,,41-45,36-45,City street,U,Sunday,,MHTRUCK,Not Fatal,0,0,0,0,City Street,Municipal/City Police,Federal Way Dept of Public Safety,0,0,0,1,0,,,,,,0,0,0,,,,,,,,,,,,,,,,,,,,,,,,,,,,,,,,,,,
2018,124,E795721,25,05/02/2018,17:13,2,5,0,33,King,1958,1,0,1,1,2,1,1,3,3,,,,8,0,0,12.9,1,0,1,3,2,1,3,0,0,0,0,SR-99,,-122.2983278,47.40849444,0,1,13,80,5,40,4,0,0,1,7,8,1,1,3,2,15,1,2,53,0,35,43,2005,0,0,8,12,12,,,,1,1,25,1,0,0,0,0,99,0,11,0,,,,,0,0,0,0,1,0,0,0,0,96,,,,,,9,,,,,,98058,53,62,125,0,0,0,0,0,0,,97,,,,,,3,,,20,0,0,0,8,5,8,,,0,0,0,8,1,2,401,417,605,1,1,1,2,1,0.14,,,,,,,,,,,,,,,,,,,,,,,,,,,,,,0,0,0,0,1,1,1,1,1,1,0,1,1,1,0,0,0,0,0,0,0,0,0,1,1,0,0,0,0,1,0,1,0,0,0,,0,0,0,0,0,1,1,1,0,1,0,1,0,0,0,1,,,,,,21-25,16-25,State route,U,Wednesday,Unknown,PV,Not Fatal,1,0,0,0,State Route,Municipal/City Police,SeaTac Police Department,0,1,0,0,0,thc,5.3,carboxy-thc,30,,0,0,0,1,,,,,695,,,,,,,,,,,,,,,,,,,,,,,,,,,,,
2018,124,E795721,25,05/02/2018,17:13,2,5,0,33,King,1958,1,0,1,1,2,1,1,3,3,,,,8,0,0,12.9,1,0,1,3,2,1,3,0,0,0,0,SR-99,,-122.2983278,47.40849444,0,2,98,60,4,40,6,0,0,1,5,12,1,1,3,2,1,1,1,53,0,7,21,2007,0,0,12,,,,,,1,1,28,1,0,0,0,0,3,0,11,0,,,,,0,0,3,3,1,0,0,0,0,96,,,,,,0,,,,,,98198,53,70,150,6,1,0,0,0,1,,0,,,,,,0,10/15/2014,03/15/2016,20,0,0,0,8,9,8,,,0,0,0,8,0,8,95,,,96,,,8,95,995,,,,,,,,,,,,,,,,,,,,,,,,,,,,,,0,0,0,0,1,1,1,1,1,1,0,1,1,1,0,0,0,0,0,0,0,0,0,1,1,0,0,0,0,1,0,1,0,0,0,,0,0,0,0,0,0,0,0,0,0,0,0,0,0,0,0,,,,,,26-30,26-35,State route,U,Wednesday,Belt Used,PV,Not Fatal,1,0,0,0,State Route,Municipal/City Police,SeaTac Police Department,0,1,0,0,0,,,,,,0,0,5,,,,,,,,,,,,,,,,,,,,,,,,,,,,,,,,,,,
2018,124,E795721,25,05/02/2018,17:13,2,5,0,33,King,1958,1,0,1,1,2,1,1,3,3,,,,8,0,0,12.9,1,0,1,3,2,1,3,0,0,0,0,SR-99,,-122.2983278,47.40849444,0,3,98,60,4,40,21,0,0,1,5,12,1,1,3,2,1,1,3,53,0,20,461,1999,0,0,12,,,,,,1,1,49,1,0,0,0,0,3,0,11,0,,,,,0,0,3,3,1,0,0,0,0,96,,,,,,0,,,,,,98403,53,68,187,6,1,0,0,0,0,,0,,,,,,0,,,20,0,0,0,8,9,8,,,0,0,0,8,0,8,95,,,96,,,8,95,995,,,,,,,,,,,,,,,,,,,,,,,,,,,,,,0,0,0,0,1,1,1,1,1,1,0,1,1,1,0,0,0,0,0,0,0,0,0,1,1,0,0,0,0,1,0,1,0,0,0,,0,0,0,0,0,0,0,0,0,0,0,0,0,0,0,0,,,,,,46-50,46-55,State route,U,Wednesday,Belt Used,PV,Not Fatal,1,0,0,0,State Route,Municipal/City Police,SeaTac Police Department,0,1,0,0,0,,,,,,0,0,0,,,,,,,,,,,,,,,,,,,,,,,,,,,,,,,,,,,
2018,125,E795893,14,05/02/2018,19:13,2,5,0,11,Clark,0,1,0,1,1,2,1,0,2,2,19:13,19:20,20:14,12,0,6,4.2,2,0,2,4,1,2,4,0,0,0,0,CR-NE 159TH ST,NE 72ND AVE,-122.5996222,45.73671389,0,1,88,17,2,50,80,0,0,1,7,12,1,1,2,2,1,1,2,53,0,73,705,2007,0,0,12,,,,,,1,1,20,1,7,1,4,7,16,0,11,0,05/02/2018,19:13,10753020822,20822,0,0,0,3,1,0,0,0,0,96,,,,,,99,,,,,,98604,53,73,160,6,1,0,2,0,0,,0,,,,,,3,09/15/2015,09/15/2015,20,8,0,0,0,9,8,,,0,0,0,8,9,2,605,695,,1,1,,2,1,0,,,,,,,,,,,,,,,,,,,,,,,,,,,,,,0,0,0,1,0,0,1,1,1,0,0,0,1,0,0,0,0,0,0,0,0,1,1,0,1,0,0,0,1,1,0,0,0,0,1,1,0,0,0,0,0,0,1,1,0,1,0,0,0,0,1,0,,,,,,18-20,16-25,County road,R,Wednesday,,MC,White,1,0,0,0,County Road,County Sheriff,Clark County Sheriff's Office,0,0,1,0,0,thc,5.7,carboxy-thc,23,,0,0,0,,,,,,,,,,,,,,,,,,,,,,,,,,,,,,,,,,,
2018,125,E795893,14,05/02/2018,19:13,2,5,0,11,Clark,0,1,0,1,1,2,1,0,2,2,19:13,19:20,20:14,12,0,6,4.2,2,0,2,4,1,2,4,0,0,20,3,CR-NE 159TH ST,NE 72ND AVE,-122.5996222,45.73671389,0,2,89,66,4,40,34,0,0,1,7,12,8,8,2,1,1,1,1,53,0,49,482,2013,0,0,12,,,,,,1,1,62,1,0,0,2,0,3,0,11,5,,,,,0,0,0,3,1,0,0,0,0,96,,,,,,0,,,,,,98604,53,75,165,6,1,0,0,0,0,,0,,,,,,0,,,8,0,0,0,8,9,8,,,0,0,0,8,0,8,95,,,96,,,8,95,995,,,,,,,,,,,,,,,,,,,,,,,,,,,,,,0,0,0,1,0,0,1,1,1,0,0,0,1,0,0,0,0,0,0,0,0,1,1,0,1,0,0,0,1,1,0,0,0,0,0,,0,0,0,0,0,0,0,0,0,0,0,0,0,0,0,0,,,,,,61-65,56-65,County road,R,Wednesday,Belt Used,PV,Not Fatal,1,0,0,0,County Road,County Sheriff,Clark County Sheriff's Office,0,0,1,0,0,,,,,,0,0,0,,,,,,,,,,,,,,,,,,,,,,,,,,,,,,,,,,,
2018,127,E796796,2,05/10/2018,11:08,10,5,0,73,Whatcom,0,10,0,1,1,2,1,0,1,1,,,,1,0,0,92,1,0,1,5,1,1,3,0,0,0,0,SR-9,,-122.3201,48.94950833,0,1,1,13,2,50,66,2,0,1,2,1,3,1,2,1,14,1,3,53,0,85,881,2005,0,0,63,1,,,,,1,1,38,1,7,1,4,7,3,0,11,0,05/10/2018,11:08,1.49E+11,22050,6,1,0,3,1,0,0,0,0,92,,,,,,0,,,,,,98247,53,68,225,6,1,0,1,0,0,,0,,,,,,0,07/15/2017,07/15/2017,20,0,0,0,1,9,8,,,0,0,0,8,0,2,1,,,1,,,2,1,0,,,,,,,,,,,,,,,,,,,,,,,,,,,,,,0,0,1,0,0,0,0,0,0,0,0,0,0,0,0,0,1,0,0,0,0,0,0,0,0,0,0,0,0,0,1,0,0,0,0,,0,1,0,0,0,0,0,0,1,0,0,0,0,0,0,0,,,,,,36-40,36-45,State route,R,Thursday,,MHTRUCK,White,0,1,0,0,State Route,State Patrol,Washington State Patrol Headquarter,1,1,0,0,0,,,,,,0,0,0,,,,,,,,,,,,,,,,,,,,,,,,,,,,,,,,,,,
2018,102,E796927,6,04/14/2018,16:40,14,4,0,25,Grant,0,1,0,1,1,2,1,0,1,1,16:38,16:52,,24,0,0,27.7,1,0,1,3,1,1,3,0,0,0,0,SR-28,,-119.9824583,47.24206944,0,1,6,12,2,98,80,0,0,1,7,24,2,2,2,3,14,1,1,53,0,72,706,2012,0,0,68,64,24,,,,1,1,65,1,7,1,4,7,5,0,11,0,04/14/2018,16:41,53018020,18020,0,0,3,3,1,0,0,0,0,96,,,,,,99,,,,,,98823,53,73,230,6,1,0,0,0,0,,0,,,,,,0,,,20,8,0,0,0,9,8,,,0,0,0,8,9,2,1,,,1,,,2,1,0,,,,,,,,,,,,,,,,,,,,,,,,,,,,,,0,0,1,0,0,0,0,0,0,0,0,0,0,0,0,0,0,0,0,0,0,0,0,0,0,1,0,0,1,0,0,0,0,0,1,0,0,0,0,0,0,0,0,0,0,0,0,0,0,0,0,0,,,,,,61-65,56-65,State route,R,Saturday,,MC,White,0,0,0,1,State Route,State Patrol,Washington State Patrol Headquarter,0,1,0,0,0,,,,,,0,0,0,,,,,,,,,,,,,,,,,,,,,,,,,,,,,,,,,,,
2018,128,E797090,42,05/11/2018,20:06,11,5,0,67,Thurston,0,1,0,1,1,2,1,0,1,1,,,,30,0,0,0.7,1,0,1,7,1,2,4,0,0,0,0,CR-SHERMAN VALLEY RD SW,,-123.0772389,46.95499444,0,1,6,12,2,35,80,0,0,1,7,30,2,1,2,1,14,1,1,53,0,73,706,2003,0,0,68,64,30,,,,1,1,32,1,1,98,4,7,5,0,11,0,05/11/2018,20:06,53022842,22842,0,0,0,3,1,0,0,0,0,96,,,,,,99,,,,,,98501,53,66,165,6,1,0,1,1,2,,0,,,,,,4,11/15/2013,06/15/2017,20,8,0,0,0,9,8,,,0,0,0,8,9,2,1,,,1,,,2,1,0,,,,,,,,,,,,,,,,,,,,,,,,,,,,,,0,0,1,0,0,0,0,0,0,0,0,0,1,0,0,0,0,0,0,0,0,0,0,0,0,0,0,0,1,0,0,0,0,0,1,0,0,0,0,0,0,0,0,0,0,1,0,0,0,0,0,0,,,,,,31-35,26-35,County road,R,Friday,,MC,Hispanic,0,1,0,0,County Road,County Sheriff,Thurston County Sheriff's Office,1,0,1,0,0,,,,,,0,0,0,,,,,,,,,,,,,,,,,,,,,,,,,,,,,,,,,,,
2018,156,E797175,173,05/12/2018,14:45,12,5,0,53,Pierce,1124,1,0,1,1,2,1,1,1,1,,,,8,0,0,0,3,0,2,4,2,4,6,0,0,20,3,150TH ST SW,WOODBROOK DR SW,-122.5261222,47.12125,0,1,13,80,5,35,4,0,0,1,7,8,1,1,2,2,10,1,1,53,0,37,31,1998,0,0,8,,,,,,1,1,70,1,0,0,0,0,3,0,11,0,,,,,0,0,0,3,1,0,0,0,0,92,,,,,,0,,,,,,98499,53,70,140,6,1,0,0,0,0,,97,,,,,,0,,,20,0,0,0,8,9,8,,,0,0,0,8,0,8,95,,,96,,,8,95,995,,,,,,,,,,,,,,,,,,,,,,,,,,,,,,0,0,0,1,0,0,0,0,0,0,0,0,0,0,0,0,1,0,0,0,0,0,0,0,0,1,1,0,0,1,0,1,0,0,0,,0,0,0,0,0,0,0,0,1,0,0,0,0,0,0,0,,,,,,66-70,66-75,City street,U,Saturday,Belt Used,PV,Not Fatal,1,0,0,0,City Street,Municipal/City Police,Lakewood Police Department,0,0,0,1,0,,,,,,0,0,0,,,,,,,,,,,,,,,,,,,,,,,,,,,,,,,,,,,
2018,129,E797751,171,05/03/2018,2:31,3,5,0,33,King,1107,1,0,2,1,2,1,1,1,1,,,,8,0,0,4.7,1,0,1,3,2,1,3,0,0,0,0,SR-522,,-122.2886111,47.74075833,0,1,13,80,5,40,34,0,0,1,5,8,1,1,2,3,1,1,1,53,0,35,471,1994,0,0,8,,,,,,1,1,65,1,0,0,0,0,3,0,11,0,,,,,0,0,0,3,1,0,0,0,0,96,,,,,,0,,,,,,98028,53,67,140,6,1,0,0,0,0,,0,,,,,,0,,,20,0,0,0,8,9,2,,,0,0,0,0,0,2,1,,,1,,,2,1,0,,,,,,,,,,,,,,,,,,,,,,,,,,,,,,0,0,0,0,0,0,0,0,0,1,1,1,0,0,0,0,0,1,0,0,0,0,0,0,0,1,0,0,0,1,0,1,0,0,0,,0,0,0,0,0,0,0,0,0,0,0,0,0,0,0,0,,,,,,61-65,56-65,State route,U,Thursday,Belt Used,PV,Not Fatal,0,0,0,0,State Route,Municipal/City Police,Lake Forest Park Police Department,0,1,0,0,0,,,,,,0,0,0,,,,,,,,,,,,,,,,,,,,,,,,,,,,,,,,,,,
2018,130,E798156,13,05/13/2018,12:53,13,5,0,9,Clallam,0,1,0,1,1,2,1,0,1,1,12:55,13:06,13:36,1,0,0,1.2,3,0,3,7,1,2,4,0,0,0,0,CR-ELWHA RIVER RD,CROWN Z WATER RD,-123.5499111,48.11168056,0,1,98,8,1,35,80,0,0,1,7,1,2,2,2,1,14,1,1,53,0,73,705,2016,0,0,68,1,,,,,1,1,70,1,7,1,4,0,19,0,11,5,05/13/2018,,1.70E+11,22356,0,0,3,3,1,26,0,0,0,96,,,,,,99,,,,,,98363,53,74,200,6,1,0,0,0,0,,0,,,,,,0,,,20,8,0,0,0,9,8,,,0,0,0,8,9,2,348,,,1,,,2,1,0,,,,,,,,,,,,,,,,,,,,,,,,,,,,,,0,0,0,1,0,0,1,1,0,0,0,0,0,0,0,0,0,0,0,0,0,0,0,0,0,1,1,0,1,0,0,0,0,0,1,0,0,0,0,0,0,0,1,1,0,0,0,0,0,0,1,0,,,,,,66-70,66-75,County road,R,Sunday,,MC,White,0,0,0,0,County Road,County Sheriff,Clallam County Sheriff's Office,0,0,1,0,0,,,,,,0,0,0,,,,,,,,,,,,,,,,,,,,,,,,,,,,,,,,,,,
2018,131,E798346,290,05/15/2018,21:03,15,5,0,53,Pierce,2230,1,0,3,1,2,1,0,3,2,,,,12,0,6,0,2,0,2,4,2,4,6,0,0,3,3,E MCKINLEY AVE,E 56TH ST,-122.4208944,47.20634722,0,2,89,66,4,35,4,0,0,1,2,12,8,8,3,1,1,2,1,53,0,21,23,1999,0,0,12,,,,,,1,1,67,2,7,7,4,7,3,0,11,0,05/15/2018,21:03,2.23E+11,23201,0,0,3,3,1,0,0,0,0,96,,,,,,0,,,,,,98404,53,60,119,6,1,0,2,1,0,,0,,,,,,0,08/15/2014,08/15/2015,1,0,0,0,0,9,8,,,0,0,0,8,0,2,1,,,1,,,2,1,0,,,,,,,,,,,,,,,,,,,,,,,,,,,,,,0,0,0,1,0,0,0,0,0,0,0,0,1,0,0,0,0,0,0,0,0,0,0,0,0,1,0,0,0,1,0,0,0,0,0,,1,0,0,0,0,0,0,0,0,0,0,0,0,0,0,0,,,,,,66-70,66-75,City street,U,Tuesday,Belt Used,PV,API,1,0,0,0,City Street,Municipal/City Police,Tacoma Police Department,0,0,0,1,0,,,,,,0,0,0,,,,,,,,,,,,,,,,,,,,,,,,,,,,,,,,,,,
2018,131,E798346,290,05/15/2018,21:03,15,5,0,53,Pierce,2230,1,0,3,1,2,1,0,3,2,,,,12,1,6,0,2,0,2,4,2,4,6,0,0,3,3,E MCKINLEY AVE,E 56TH ST,-122.4208944,47.20634722,0,1,88,17,2,35,4,0,0,1,2,12,1,1,3,1,1,1,9,53,0,7,43,2002,0,0,12,,,,,,1,1,999,1,0,0,0,0,99,0,11,0,,,,,99,9,9,9,1,39,0,0,0,96,,,,,,99,,,,,,99999,99,,999,9,9,99,99,99,99,,97,,,,,,4,,,1,0,0,0,8,9,8,,,0,0,0,8,9,8,95,,,96,,,8,95,995,,,,,,,,,,,,,,,,,,,,,,,,,,,,,,0,0,0,1,0,0,0,0,0,0,0,0,1,0,0,0,0,0,0,0,0,0,0,0,0,1,0,0,0,1,0,0,0,0,0,,0,0,0,0,0,0,0,0,0,1,0,0,0,0,0,0,,,,,,,,City street,U,Tuesday,Unknown,PV,Not Fatal,1,0,0,0,City Street,Municipal/City Police,Tacoma Police Department,0,0,0,1,0,,,,,,99,99,99,,,,,,,,,,,,,,,,,,,,,,,,,,,,,,,,,,,