year,case,par,repjur,crash_dt,crash_tm,accday,accmon,holiday,county,co_char,city,weather,weather2,lightcond,surfcond,surftype,numfatal,nmforms,pforms,vforms,not_tm,arr_tm,hosp_tm,fhevent,hitrun,manncol,milepnt,reljunc,reljuncinter,intersectiontype,funcsystem,landuse,ownership,route,schlbus,spejur,contdev,devfunc,trafid1,trafid2,x,y,wk_zone,vnumber,crashtype,criticalevent,criticaleventcat,spdlim,body,trailer,emerg,hazcargo,leave,mhevent,roadalgn,roadprof,traflane,trafflow,vehmanvr,numoccs,regowner,regstate,spuse,make,model,modelyr,vrf1,vrf2,seqevent1,seqevent2,seqevent3,seqevent4,seqevent5,seqevent6,pnumber,ptype,age,sex,hispanic,race,injury,diedscene,restraint,restraintmisuse,seatpos,takehosp,death_dt,death_tm,cert,cernum_wa,commlic,licendor,licrestrict,liccomp,drivpres,drf1,drf2,drf3,drf4,distract1,distract2,distract3,distract4,distract5,distract6,dricond1,dricond2,dricond3,dricond4,dricond5,dricond6,dzip,licstate,drhgt_in,weight,noncdl,noncdltype,prevdwi,prevoth,prevacc,prevspd,prevsus,driviol1,driviol2,driviol3,driviol4,driviol5,driviol6,spdrel,first_dt,last_dt,airbag,ejection,ejectpath,extricat,injurwrk,methalc,methdrug,nmlocat,strikveh,prf1,prf2,prf3,druginv,alcinvol,drugsts,drugres1,drugres2,drugres3,drugtst1,drugtst2,drugtst3,alcsts,alctst,alcres,nmact1,nmact2,nmact3,nmact4,nmact5,nmact6,nmprior1,nmprior2,nmprior3,nmprior4,nmprior5,nmprior6,nmcond1,nmcond2,nmcond3,nmcond4,nmcond5,nmcond6,nmsafe_helmet,nmsafe_pads,nmsafe_oth,nmprev_ref,nmprev_lgt,nmprev_oth,crashlocation,nmcrashtype,crosswalk,schoolzone,sidewalk,train_inv,wildlife_inv,rotr_fars,intersect_fars,dd_inv,aid_inv,dpd_inv,id_inv,mj_inv,impnm_inv,ainm_inv,dpnm_inv,speed_inv,unlic_inv,unendmc_inv,drowsy_inv,drdist_inv,nmdist_inv,fty_inv,unrestfat_inv,dr1617_inv,dr1820_inv,dr1620_inv,dr2125_inv,dr1625_inv,dr65_inv,dr70_inv,dr75_inv,mc_inv,pv_inv,ht_inv,ped_inv,bike_inv,unrest_fat,mc_fat,unhelmet_mc,pv_fat,ht_fat,ped_fat,bike_fat,dr_alc7,dr_alc8,dr_drug,dr_imp,dr_dist,dr_spd,dr_fty,dr_unlic,dr_alc7only,dr_alc8only,dr_drugonly,dr_drink,nm_imp,nm_alc7,nm_alc8,nm_drug,nm_dist,agegrp1,agegrp2,roadclass,urbrur,dayweek,restuse,vehtype,race_me,intersect,lanedep,oppdir,wrongway,rep_typ,investag,repag_long,rotr,st_rd,cty_rd,city_rd,oth_rd,drug_thc,thc_res,drug_cthc,cthc_res,drug_cann,prevpersemin,prevperse,prevsusoth,drugtst4,drugtst5,drugtst6,drugtst7,drugtst8,drugres4,drugres5,drugres6,drugres7,drugres8,adspresent,adsengaged,adslevel,race1,race2,race3,race4,race5,helmet,helmetmisuse,nmdistract1,nmdistract2,nmdistract3,nmdistract4,nmdistract5,nmdistract6,lab,isedtcase,crf1,crf2,crf3,CoRoadName,CoMP,IntCoRoadName,IntCoMP
2018,132,E798705,248,05/13/2018,23:45,13,5,0,33,King,1830,1,0,3,1,2,1,0,1,1,,,,30,0,0,0,1,0,1,5,2,4,6,0,0,0,0,TALBOT RD S,,-122.2128889,47.42961667,0,1,6,6,1,98,3,0,0,1,2,30,1,1,2,1,1,1,2,53,0,37,31,1998,0,0,68,64,30,,,,1,1,23,1,1,98,4,0,99,0,11,5,05/14/2018,0:58,1.96E+11,21906,0,0,0,2,1,0,0,0,0,96,,,,,,99,,,,,,98168,53,69,150,1,1,0,2,3,2,,0,,,,,,3,06/15/2013,07/15/2017,8,0,0,0,0,9,8,,,0,0,0,8,9,2,177,348,,1,1,,2,1,0.13,,,,,,,,,,,,,,,,,,,,,,,,,,,,,,0,0,1,0,1,1,1,1,0,0,0,0,1,1,0,0,0,0,0,0,0,0,0,1,1,0,0,0,0,1,0,0,0,0,0,,1,0,0,0,0,1,1,1,0,1,0,1,0,0,0,1,,,,,,21-25,16-25,City street,U,Sunday,Unknown,PV,Hispanic,0,1,0,0,City Street,Municipal/City Police,Renton Police Department,1,0,0,1,0,,,,,,0,0,3,,,,,,,,,,,,,,,,,,,,,,,,,,,,,,,,,,,
2018,121,E798796,25,04/27/2018,8:31,27,4,0,33,King,229,1,0,1,1,2,1,0,19,2,,,,12,0,2,0,1,0,1,5,2,4,6,1,0,0,0,GLENDALE WAY S,,-122.3165972,47.50296111,0,1,50,10,2,98,6,0,0,1,7,12,2,1,2,1,14,3,2,53,0,49,46,2017,0,0,68,12,,,,,1,1,23,1,0,0,3,0,3,0,11,4,,,,,0,0,0,2,1,28,0,0,0,96,,,,,,99,,,,,,98003,53,67,185,2,1,0,1,0,1,,0,,,,,,0,05/15/2017,04/15/2018,8,0,0,0,8,9,8,,,0,0,0,8,9,8,95,,,96,,,8,95,995,,,,,,,,,,,,,,,,,,,,,,,,,,,,,,0,0,0,0,0,0,0,0,0,0,0,0,0,1,0,0,0,0,0,1,0,0,0,1,1,0,0,0,0,1,0,0,0,0,0,,0,0,0,0,0,0,0,0,0,0,0,1,0,0,0,0,,,,,,21-25,16-25,City street,U,Friday,Belt Used,PV,Not Fatal,0,1,1,0,City Street,County Sheriff,King County Police,0,0,0,1,0,,,,,,0,0,2,,,,,,,,,,,,,,,,,,,,,,,,,,,,,,,,,,,
2018,121,E798796,25,04/27/2018,8:31,27,4,0,33,King,229,1,0,1,1,2,1,0,19,2,,,,12,0,2,0,1,0,1,5,2,4,6,1,0,0,0,GLENDALE WAY S,,-122.3165972,47.50296111,0,2,51,62,4,98,50,0,0,1,7,12,3,1,2,1,14,16,3,53,2,90,981,2012,0,0,12,,,,,,1,1,59,1,0,0,0,0,3,0,11,0,,,,,6,3,3,3,1,0,0,0,0,96,,,,,,0,,,,,,98148,53,67,220,6,1,0,0,1,0,,0,,,,,,0,01/15/2015,01/15/2015,20,0,0,0,8,9,8,,,0,0,0,8,8,0,0,,,0,,,8,95,995,,,,,,,,,,,,,,,,,,,,,,,,,,,,,,0,0,0,0,0,0,0,0,0,0,0,0,0,1,0,0,0,0,0,1,0,0,0,1,1,0,0,0,0,1,0,0,0,0,0,,0,0,0,0,0,0,0,0,0,0,0,0,0,0,0,0,,,,,,56-60,56-65,City street,U,Friday,,BUS,Not Fatal,0,1,1,0,City Street,County Sheriff,King County Police,0,0,0,1,0,,,,,,0,0,0,,,,,,,,,,,,,,,,,,,,,,,,,,,,,,,,,,,
2018,133,E798888,28,05/13/2018,16:00,13,5,0,39,Klickitat,0,1,0,1,1,2,1,0,1,1,16:07,16:29,17:09,1,0,0,16.4,1,0,1,5,1,2,4,0,3,0,0,CR-BICKLETON HWY,,-120.5278,45.83830278,0,1,1,13,2,50,80,0,0,1,7,1,3,2,2,1,14,1,1,53,0,34,706,2017,0,0,63,1,,,,,1,1,68,1,7,1,4,0,19,0,11,5,05/13/2018,17:49,53021886,21886,0,0,0,3,1,0,0,0,0,96,,,,,,99,,,,,,98117,53,70,150,6,1,0,0,1,0,,0,,,,,,0,01/15/2018,01/15/2018,20,8,0,0,0,9,8,,,0,0,0,8,9,8,95,,,96,,,8,95,995,,,,,,,,,,,,,,,,,,,,,,,,,,,,,,0,0,1,0,0,0,0,0,0,0,0,0,0,0,0,0,0,0,0,0,0,0,0,0,0,1,0,0,1,0,0,0,0,0,1,0,0,0,0,0,0,0,0,0,0,0,0,0,0,0,0,0,,,,,,66-70,66-75,County road,R,Sunday,,MC,White,0,1,0,0,County Road,County Sheriff,Klickitat County Sheriff's Office,1,0,1,0,0,,,,,,0,0,0,,,,,,,,,,,,,,,,,,,,,,,,,,,,,,,,,,,
2018,137,E799128,19,05/11/2018,0:21,11,5,0,21,Franklin,0,10,0,2,1,2,1,0,2,2,0:25,0:42,,12,0,1,10.1,3,0,2,5,1,2,4,0,0,0,0,CR-GLADE RD N,DOGWOOD RD,-119.1134417,46.41635556,0,2,25,53,3,55,80,0,0,1,7,12,8,8,2,1,10,1,1,53,0,72,706,2006,0,0,12,,,,,,1,1,57,1,1,98,4,7,19,0,11,0,05/11/2018,0:21,53021413,21413,0,0,0,3,1,0,0,0,0,96,,,,,,0,,,,,,99343,53,67,240,6,1,0,0,0,0,,0,,,,,,0,,,20,8,0,0,0,9,8,,,0,0,0,8,9,2,1,,,1,,,2,1,0.11,,,,,,,,,,,,,,,,,,,,,,,,,,,,,,0,0,0,1,1,1,0,1,0,0,0,0,1,0,0,0,0,0,0,0,0,0,0,0,0,0,0,0,1,0,0,0,0,0,1,0,0,0,0,0,0,1,0,1,0,0,0,0,0,1,0,1,,,,,,56-60,56-65,County road,R,Friday,,MC,Hispanic,0,0,0,0,County Road,County Sheriff,Franklin County Sheriff's Office,0,0,1,0,0,,,,,,0,0,0,,,,,,,,,,,,,,,,,,,,,,,,,,,,,,,,,,,
2018,137,E799128,19,05/11/2018,0:21,11,5,0,21,Franklin,0,10,0,2,1,2,1,0,2,2,0:25,0:42,,12,0,1,10.1,3,0,2,5,1,2,4,0,0,0,0,CR-GLADE RD N,DOGWOOD RD,-119.1134417,46.41635556,0,1,24,51,3,55,80,0,0,1,7,12,8,8,2,1,1,1,1,53,0,72,706,2018,0,0,12,,,,,,1,1,40,1,0,0,3,0,19,0,11,5,,,,,0,0,0,3,1,0,0,0,0,96,,,,,,99,,,,,,99344,53,71,255,6,1,0,0,2,1,,97,,,,,,3,05/15/2014,08/15/2016,20,8,0,0,8,9,8,,,0,0,0,8,1,8,95,,,96,,,2,1,0.11,,,,,,,,,,,,,,,,,,,,,,,,,,,,,,0,0,0,1,1,1,0,1,0,0,0,0,1,0,0,0,0,0,0,0,0,0,0,0,0,0,0,0,1,0,0,0,0,0,0,0,0,0,0,0,0,1,0,1,0,1,0,0,0,1,0,1,,,,,,36-40,36-45,County road,R,Friday,,MC,Not Fatal,0,0,0,0,County Road,County Sheriff,Franklin County Sheriff's Office,0,0,1,0,0,,,,,,0,0,0,,,,,,,,,,,,,,,,,,,,,,,,,,,,,,,,,,,
2018,138,E799642,7,05/19/2018,3:06,19,5,0,33,King,1960,10,0,3,1,2,1,0,2,1,,,,39,0,0,165.4,1,0,1,1,2,1,1,0,0,0,0,I-5,,-122.329825,47.60680278,0,1,1,6,1,60,2,0,0,1,2,39,1,1,6,3,1,2,1,41,0,54,37,1998,0,0,63,39,,,,,1,1,38,2,0,0,3,0,3,0,11,4,,,,,0,0,0,3,1,0,0,0,0,96,,,,,,9,,,,,,97212,41,69,160,6,1,0,1,0,1,,97,,,,,,4,06/15/2015,07/15/2017,1,0,0,0,8,9,2,,,0,0,0,1,0,2,177,605,695,1,1,1,2,1,0,,,,,,,,,,,,,,,,,,,,,,,,,,,,,,0,0,1,0,0,0,1,1,1,0,0,0,1,0,0,0,0,0,0,0,0,0,0,0,0,0,0,0,0,1,0,0,0,0,0,,0,0,0,0,0,0,1,1,0,1,0,0,0,0,1,0,,,,,,36-40,36-45,Interstate,U,Saturday,Belt Used,PV,Not Fatal,0,1,0,0,State Route,State Patrol,Washington State Patrol Headquarter,1,1,0,0,0,thc,5.1,carboxy-thc,37,,0,0,0,,,,,,,,,,,,,,,,,,,,,,,,,,,,,,,,,,,
2018,139,E799941,35,05/19/2018,12:53,19,5,0,53,Pierce,0,1,0,1,1,2,1,0,2,2,12:52,13:14,,1,0,0,0.7,1,0,1,6,1,2,4,0,0,0,0,CR-320TH ST S,,-122.5404139,46.96683611,0,2,98,53,3,35,34,0,0,1,5,12,1,1,2,1,5,1,1,53,0,35,472,2006,0,0,12,,,,,,1,1,61,2,0,0,0,0,3,0,11,0,,,,,0,0,0,3,1,0,0,0,0,96,,,,,,0,,,,,,98580,53,65,180,6,1,0,0,0,0,,0,,,,,,0,,,20,0,0,0,8,9,8,,,0,0,0,8,0,8,95,,,96,,,8,95,995,,,,,,,,,,,,,,,,,,,,,,,,,,,,,,0,0,0,0,0,0,0,0,0,0,0,0,1,0,0,0,0,0,0,0,0,0,0,0,0,0,0,0,1,1,0,0,0,0,0,,0,0,0,0,0,0,0,0,0,0,0,0,0,0,0,0,,,,,,61-65,56-65,County road,R,Saturday,Belt Used,PV,Not Fatal,0,0,0,0,County Road,County Sheriff,Law Enforcement Support Agency,0,0,1,0,0,,,,,,0,0,0,,,,,,,,,,,,,,,,,,,,,,,,,,,,,,,,,,,
2018,139,E799941,35,05/19/2018,12:53,19,5,0,53,Pierce,0,1,0,1,1,2,1,0,2,2,12:52,13:14,,1,0,0,0.7,1,0,1,6,1,2,4,0,0,0,0,CR-320TH ST S,,-122.5404139,46.96683611,0,1,98,50,3,35,80,0,0,1,5,12,1,1,2,1,1,1,1,53,0,72,706,2011,0,0,1,12,,,,,1,1,28,1,7,1,4,7,19,0,11,0,05/19/2018,13:05,1.93E+11,23189,0,0,0,3,1,0,0,0,0,96,,,,,,99,,,,,,98597,53,75,215,6,1,0,0,0,0,,0,,,,,,3,,,20,8,0,0,0,9,8,,,0,0,0,8,9,2,1,,,1,,,2,1,0,,,,,,,,,,,,,,,,,,,,,,,,,,,,,,0,0,0,0,0,0,0,0,0,0,0,0,1,0,0,0,0,0,0,0,0,0,0,0,0,0,0,0,1,1,0,0,0,0,1,0,0,0,0,0,0,0,0,0,0,1,0,0,0,0,0,0,,,,,,26-30,26-35,County road,R,Saturday,,MC,White,0,0,0,0,County Road,County Sheriff,Law Enforcement Support Agency,0,0,1,0,0,,,,,,0,0,0,,,,,,,,,,,,,,,,,,,,,,,,,,,,,,,,,,,
2018,157,E800090,290,05/21/2018,11:50,21,5,0,53,Pierce,2230,1,0,1,1,2,1,0,2,2,,,,12,0,6,0,2,0,2,3,1,4,6,0,3,0,0,E 26TH,PORTLAND AVE,-122.4108778,47.24056667,0,2,89,66,4,35,6,0,0,1,5,12,8,8,6,5,1,1,1,53,0,12,24,2008,0,0,12,,,,,,1,1,75,2,7,1,4,0,3,0,11,4,06/02/2018,14:30,2.23E+11,25586,0,0,3,3,1,0,0,0,0,96,,,,,,0,,,,,,98409,53,68,175,6,1,0,0,0,0,,0,,,,,,0,,,1,0,0,0,0,9,8,,,0,0,0,8,0,8,95,,,96,,,8,95,995,,,,,,,,,,,,,,,,,,,,,,,,,,,,,,0,0,0,1,0,0,0,0,0,0,0,0,0,0,0,0,0,0,1,0,0,0,0,0,0,1,1,1,0,1,0,0,0,0,0,,1,0,0,0,0,0,0,0,0,0,0,0,0,0,0,0,,,,,,71-75,66-75,City street,R,Monday,Belt Used,PV,White,1,0,0,0,City Street,Municipal/City Police,Tacoma Police Department,0,0,0,1,0,,,,,,0,0,0,,,,,,,,,,,,,,,,,,,,,,,,,,,,,,,,,,,
2018,157,E800090,290,05/21/2018,11:50,21,5,0,53,Pierce,2230,1,0,1,1,2,1,0,2,2,,,,12,0,6,0,2,0,2,3,1,4,6,0,3,0,0,E 26TH,PORTLAND AVE,-122.4108778,47.24056667,0,1,88,17,2,35,34,0,0,1,5,12,1,1,8,2,1,1,1,53,0,12,481,2012,0,0,12,,,,,,1,1,64,1,0,0,0,0,3,0,11,0,,,,,0,0,0,3,1,38,0,0,0,96,,,,,,0,,,,,,98466,53,69,185,6,1,0,0,1,1,,46,,,,,,0,09/15/2014,05/15/2016,1,0,0,0,8,9,8,,,0,0,0,8,0,8,95,,,96,,,8,95,995,,,,,,,,,,,,,,,,,,,,,,,,,,,,,,0,0,0,1,0,0,0,0,0,0,0,0,0,0,0,0,0,0,1,0,0,0,0,0,0,1,1,1,0,1,0,0,0,0,0,,0,0,0,0,0,0,0,0,0,0,1,0,0,0,0,0,,,,,,61-65,56-65,City street,R,Monday,Belt Used,PV,Not Fatal,1,0,0,0,City Street,Municipal/City Police,Tacoma Police Department,0,0,0,1,0,,,,,,0,0,0,,,,,,,,,,,,,,,,,,,,,,,,,,,,,,,,,,,
2018,134,E800700,2,05/13/2018,12:44,13,5,0,73,Whatcom,0,1,0,1,1,1,1,0,1,1,12:49,13:34,13:52,42,0,0,126,1,0,1,4,1,1,3,0,0,0,0,SR-20,,-121.1502472,48.71197778,0,1,1,13,2,55,80,0,0,1,7,42,3,2,2,1,14,1,2,53,0,53,706,2007,0,0,63,42,,,,,1,1,22,1,1,98,4,0,5,0,11,5,05/13/2018,14:17,53022202,22202,0,0,0,3,1,0,0,0,0,96,,,,,,99,,,,,,98277,53,69,200,6,1,0,2,0,5,,0,,,,,,4,08/15/2013,07/15/2017,20,8,0,0,0,9,8,,,0,0,0,8,9,2,1,,,1,,,2,1,0,,,,,,,,,,,,,,,,,,,,,,,,,,,,,,0,0,1,0,0,0,0,0,0,0,0,0,1,0,0,0,0,0,0,0,0,0,0,1,1,0,0,0,1,0,0,0,0,0,1,0,0,0,0,0,0,0,0,0,0,1,0,0,0,0,0,0,,,,,,21-25,16-25,State route,R,Sunday,,MC,Hispanic,0,1,0,0,State Route,State Patrol,Washington State Patrol Headquarter,1,1,0,0,0,,,,,,0,0,0,,,,,,,,,,,,,,,,,,,,,,,,,,,,,,,,,,,
2018,141,E800788,5,05/12/2018,17:51,12,5,0,11,Clark,1080,1,0,1,1,2,1,0,1,1,,,,1,0,0,16.1,1,0,1,1,1,1,1,0,0,0,0,I-5,,-122.7011833,45.84898333,0,1,6,12,2,70,34,0,0,1,7,1,1,1,3,3,1,1,1,53,0,7,482,2001,0,0,64,1,,,,,1,1,58,1,7,1,4,7,3,0,11,0,05/12/2018,17:51,1.08E+11,22049,0,0,0,3,1,0,0,0,0,96,,,,,,9,,,,,,98674,53,69,180,6,1,0,0,1,1,,0,,,,,,0,07/15/2017,10/15/2017,1,0,0,0,0,1,8,,,0,0,0,8,1,2,1,,,1,,,2,1,0.1,,,,,,,,,,,,,,,,,,,,,,,,,,,,,,0,0,1,0,1,1,0,1,0,0,0,0,0,0,0,0,0,0,0,0,0,0,0,0,0,0,0,0,0,1,0,0,0,0,0,,1,0,0,0,0,1,0,1,0,0,0,0,0,1,0,1,,,,,,56-60,56-65,Interstate,R,Saturday,Belt Used,PV,White,0,1,0,0,State Route,State Patrol,Washington State Patrol Headquarter,1,1,0,0,0,,,,,,0,0,0,,,,,,,,,,,,,,,,,,,,,,,,,,,,,,,,,,,
2018,126,E800816,1,05/05/2018,12:38,5,5,0,39,Klickitat,0,1,0,1,1,2,1,0,2,2,12:39,12:48,13:22,12,0,6,21.8,2,0,3,3,1,1,2,0,0,0,0,US-97,LOWER ROAD,-120.7000222,45.92282778,0,2,73,10,2,60,80,0,0,1,7,12,1,2,2,1,6,1,1,53,0,72,706,2006,0,0,68,12,,,,,1,1,60,1,7,1,4,0,5,0,11,5,05/06/2018,1:11,1.65E+11,13761,0,0,3,3,1,33,0,0,0,96,,,,,,99,,,,,,98620,53,68,198,6,1,0,0,0,0,,0,,,,,,0,,,20,8,0,0,0,9,8,,,0,0,0,8,1,8,95,,,96,,,8,95,995,,,,,,,,,,,,,,,,,,,,,,,,,,,,,,0,0,0,1,1,0,0,0,0,0,0,0,0,0,0,0,0,0,0,0,0,0,0,1,1,0,0,0,1,1,0,0,0,0,1,0,0,0,0,0,0,0,0,0,0,0,0,0,0,0,0,1,,,,,,56-60,56-65,US highway,R,Saturday,,MC,White,1,0,0,0,State Route,State Patrol,Washington State Patrol Headquarter,0,1,0,0,0,,,,,,0,0,0,,,,,,,,,,,,,,,,,,,,,,,,,,,,,,,,,,,
2018,126,E800816,1,05/05/2018,12:38,5,5,0,39,Klickitat,0,1,0,1,1,2,1,0,2,2,12:39,12:48,13:22,12,0,6,21.8,2,0,3,3,1,1,2,0,0,0,0,US-97,LOWER ROAD,-120.7000222,45.92282778,0,1,72,60,4,60,4,0,0,1,2,12,1,2,3,1,11,1,2,53,0,20,25,2013,0,0,12,,,,,,1,1,23,2,0,0,1,0,3,0,11,8,,,,,0,0,0,3,1,0,0,0,0,96,,,,,,0,,,,,,99352,53,68,130,6,1,0,0,0,0,,0,,,,,,0,,,8,0,0,0,8,9,8,,,0,0,0,8,0,8,95,,,96,,,8,95,995,,,,,,,,,,,,,,,,,,,,,,,,,,,,,,0,0,0,1,1,0,0,0,0,0,0,0,0,0,0,0,0,0,0,0,0,0,0,1,1,0,0,0,1,1,0,0,0,0,0,,0,0,0,0,0,0,0,0,0,0,0,0,0,0,0,0,,,,,,21-25,16-25,US highway,R,Saturday,Belt Used,PV,Not Fatal,1,0,0,0,State Route,State Patrol,Washington State Patrol Headquarter,0,1,0,0,0,,,,,,0,0,0,,,,,,,,,,,,,,,,,,,,,,,,,,,,,,,,,,,
2018,144,E800965,205,05/14/2018,3:25,14,5,0,57,Skagit,1410,1,0,2,1,2,1,1,1,1,3:31,3:39,,8,0,0,0,1,0,1,4,2,4,6,0,0,0,0,E DIVISION ST,,-122.2983861,48.42096944,0,1,13,80,5,25,4,0,0,1,7,8,1,1,3,5,1,1,1,53,0,37,32,2008,0,0,8,,,,,,1,1,47,2,0,0,0,0,3,0,11,0,,,,,0,0,0,3,1,0,0,0,0,0,,,,,,0,,,,,,98274,53,62,165,6,1,0,0,0,0,,0,,,,,,0,,,20,0,0,0,8,9,8,,,0,0,0,8,0,8,95,,,96,,,8,95,995,,,,,,,,,,,,,,,,,,,,,,,,,,,,,,0,0,0,0,0,0,0,0,0,0,0,0,0,0,0,0,0,0,0,0,0,0,0,0,0,0,0,0,0,1,0,1,0,0,0,,0,0,0,0,0,0,0,0,0,0,0,0,0,0,0,0,,,,,,46-50,46-55,City street,U,Monday,Belt Used,PV,Not Fatal,0,0,0,0,City Street,Municipal/City Police,Mount Vernon Police Department,0,0,0,1,0,,,,,,0,0,0,,,,,,,,,,,,,,,,,,,,,,,,,,,,,,,,,,,
2018,143,E801163,159,05/03/2018,15:15,3,5,0,5,Benton,1020,1,0,1,99,2,1,1,1,1,15:16,15:22,15:34,15,0,0,0,2,0,2,7,2,4,6,0,0,0,0,S RAINIER ST,W 6TH ST,-119.1431222,46.20309444,0,1,13,83,5,25,4,0,0,1,7,15,1,1,2,1,1,1,1,53,0,49,40,2014,0,0,15,,,,,,1,1,77,1,0,0,0,0,3,0,11,0,,,,,0,0,3,3,1,0,0,0,0,96,,,,,,0,,,,,,99336,53,70,215,6,1,0,0,0,1,,0,,,,,,0,06/15/2017,06/15/2017,20,0,0,0,8,9,8,,,0,0,0,8,0,8,95,,,96,,,8,95,995,,,,,,,,,,,,,,,,,,,,,,,,,,,,,,0,0,0,1,0,0,0,0,0,0,0,0,0,0,0,0,0,1,0,0,0,0,0,0,0,1,1,1,0,1,0,1,0,0,0,,0,0,0,0,0,0,0,0,0,0,0,0,0,0,0,0,,,,,,76-80,76+,City street,U,Thursday,Belt Used,PV,Not Fatal,1,0,0,0,City Street,Municipal/City Police,Kennewick Police Department,0,0,0,1,0,,,,,,0,0,0,,,,,,,,,,,,,,,,,,,,,,,,,,,,,,,,,,,
2018,142,E801189,305,05/21/2018,20:24,21,5,0,11,Clark,2370,1,0,1,1,2,1,0,1,1,,,,33,0,0,0,1,0,1,3,2,4,6,0,0,0,0,NE FOURTH PLAIN BLVD,,-122.5144028,45.67216667,0,1,6,12,2,40,49,0,0,1,7,32,1,1,5,5,1,1,1,53,0,98,999,1979,0,0,68,64,33,67,32,31,1,1,38,1,7,1,4,0,2,0,11,4,05/21/2018,21:51,2.37E+11,23079,0,0,0,3,1,0,0,0,0,0,,,,,,1,,,,,,98682,53,70,160,6,1,0,0,0,1,,0,,,,,,0,03/15/2016,03/15/2016,20,2,9,0,0,9,8,,,0,0,0,8,0,2,605,695,,1,1,,2,1,0,,,,,,,,,,,,,,,,,,,,,,,,,,,,,,0,0,1,0,0,0,1,1,1,0,0,0,0,0,0,0,0,0,0,0,0,0,0,0,0,0,0,0,0,1,0,0,0,0,0,,1,0,0,0,0,0,1,1,0,0,0,0,0,0,1,0,,,,,,36-40,36-45,City street,U,Monday,Belt Used,PV,White,0,1,0,0,City Street,Municipal/City Police,Vancouver Police Department,1,0,0,1,0,thc,2.6,carboxy-thc,6,,0,0,0,,,,,,,,,,,,,,,,,,,,,,,,,,,,,,,,,,,
2018,136,E801415,4,05/15/2018,16:19,15,5,0,63,Spokane,0,1,0,1,1,1,1,0,2,2,16:18,16:38,,12,0,6,263.1,2,0,2,3,1,1,2,0,0,0,0,US-2,N WOOD,-117.7333694,47.64345278,0,1,68,15,2,55,34,0,0,1,7,12,1,1,4,1,11,1,1,53,0,7,482,2013,0,0,12,,,,,,1,1,51,1,0,0,0,0,3,0,11,0,,,,,0,0,3,3,1,38,0,0,0,96,,,,,,0,,,,,,99001,53,72,210,6,1,0,0,0,1,,46,,,,,,0,08/15/2017,08/15/2017,20,0,0,0,8,9,8,,,0,0,0,8,0,8,95,,,96,,,8,95,995,,,,,,,,,,,,,,,,,,,,,,,,,,,,,,0,0,0,1,0,0,0,0,0,0,0,0,0,0,0,0,0,0,1,0,0,0,0,0,0,0,0,0,1,1,0,0,0,0,0,,0,0,0,0,0,0,0,0,0,0,1,0,0,0,0,0,,,,,,51-55,46-55,US highway,R,Tuesday,Belt Used,PV,Not Fatal,1,0,0,0,State Route,State Patrol,Washington State Patrol Headquarter,0,1,0,0,0,,,,,,0,0,0,,,,,,,,,,,,,,,,,,,,,,,,,,,,,,,,,,,
2018,136,E801415,4,05/15/2018,16:19,15,5,0,63,Spokane,0,1,0,1,1,1,1,0,2,2,16:18,16:38,,12,0,6,263.1,2,0,2,3,1,1,2,0,0,0,0,US-2,N WOOD,-117.7333694,47.64345278,0,2,69,62,4,55,80,0,0,1,2,12,1,1,3,1,1,1,1,53,0,72,706,2017,0,0,12,,,,,,1,1,57,2,7,1,4,0,19,0,11,5,05/16/2018,18:21,2.11E+11,22517,0,0,0,3,1,0,0,0,0,96,,,,,,0,,,,,,99117,53,63,150,6,1,0,0,1,0,,0,,,,,,0,11/15/2013,11/15/2013,20,8,0,0,0,9,8,,,0,0,0,8,0,2,1,,,1,,,2,1,0,,,,,,,,,,,,,,,,,,,,,,,,,,,,,,0,0,0,1,0,0,0,0,0,0,0,0,0,0,0,0,0,0,1,0,0,0,0,0,0,0,0,0,1,1,0,0,0,0,1,0,0,0,0,0,0,0,0,0,0,0,0,0,0,0,0,0,,,,,,56-60,56-65,US highway,R,Tuesday,,MC,White,1,0,0,0,State Route,State Patrol,Washington State Patrol Headquarter,0,1,0,0,0,,,,,,0,0,0,,,,,,,,,,,,,,,,,,,,,,,,,,,,,,,,,,,
2018,147,E801942,8,05/17/2018,17:02,17,5,0,31,Jefferson,0,1,0,1,1,1,1,0,7,6,16:47,17:08,17:48,12,0,8,14.3,1,0,1,3,1,1,3,0,0,0,0,SR-104,,-122.6197722,47.85721944,0,5,98,98,7,40,4,0,0,1,5,12,1,1,2,1,1,1,3,6,0,55,35,2018,0,0,12,12,,,,,1,1,64,2,0,0,0,0,3,0,11,0,,,,,0,0,3,3,1,0,0,0,0,96,,,,,,0,,,,,,77025,48,,999,6,1,0,0,0,0,,0,,,,,,0,,,8,0,0,0,8,9,8,,,0,0,0,8,0,8,95,,,96,,,8,95,995,,,,,,,,,,,,,,,,,,,,,,,,,,,,,,0,0,0,0,0,0,1,1,0,0,0,0,0,0,0,0,1,0,0,0,0,0,0,0,0,1,0,0,0,1,1,0,0,0,0,,0,0,0,0,0,0,0,0,0,0,0,0,0,0,0,0,,,,,,61-65,56-65,State route,R,Thursday,Belt Used,PV,Not Fatal,0,0,0,1,State Route,State Patrol,Washington State Patrol Headquarter,0,1,0,0,0,,,,,,0,0,0,,,,,,,,,,,,,,,,,,,,,,,,,,,,,,,,,,,