year,case,par,repjur,crash_dt,crash_tm,accday,accmon,holiday,county,co_char,city,weather,weather2,lightcond,surfcond,surftype,numfatal,nmforms,pforms,vforms,not_tm,arr_tm,hosp_tm,fhevent,hitrun,manncol,milepnt,reljunc,reljuncinter,intersectiontype,funcsystem,landuse,ownership,route,schlbus,spejur,contdev,devfunc,trafid1,trafid2,x,y,wk_zone,vnumber,crashtype,criticalevent,criticaleventcat,spdlim,body,trailer,emerg,hazcargo,leave,mhevent,roadalgn,roadprof,traflane,trafflow,vehmanvr,numoccs,regowner,regstate,spuse,make,model,modelyr,vrf1,vrf2,seqevent1,seqevent2,seqevent3,seqevent4,seqevent5,seqevent6,pnumber,ptype,age,sex,hispanic,race,injury,diedscene,restraint,restraintmisuse,seatpos,takehosp,death_dt,death_tm,cert,cernum_wa,commlic,licendor,licrestrict,liccomp,drivpres,drf1,drf2,drf3,drf4,distract1,distract2,distract3,distract4,distract5,distract6,dricond1,dricond2,dricond3,dricond4,dricond5,dricond6,dzip,licstate,drhgt_in,weight,noncdl,noncdltype,prevdwi,prevoth,prevacc,prevspd,prevsus,driviol1,driviol2,driviol3,driviol4,driviol5,driviol6,spdrel,first_dt,last_dt,airbag,ejection,ejectpath,extricat,injurwrk,methalc,methdrug,nmlocat,strikveh,prf1,prf2,prf3,druginv,alcinvol,drugsts,drugres1,drugres2,drugres3,drugtst1,drugtst2,drugtst3,alcsts,alctst,alcres,nmact1,nmact2,nmact3,nmact4,nmact5,nmact6,nmprior1,nmprior2,nmprior3,nmprior4,nmprior5,nmprior6,nmcond1,nmcond2,nmcond3,nmcond4,nmcond5,nmcond6,nmsafe_helmet,nmsafe_pads,nmsafe_oth,nmprev_ref,nmprev_lgt,nmprev_oth,crashlocation,nmcrashtype,crosswalk,schoolzone,sidewalk,train_inv,wildlife_inv,rotr_fars,intersect_fars,dd_inv,aid_inv,dpd_inv,id_inv,mj_inv,impnm_inv,ainm_inv,dpnm_inv,speed_inv,unlic_inv,unendmc_inv,drowsy_inv,drdist_inv,nmdist_inv,fty_inv,unrestfat_inv,dr1617_inv,dr1820_inv,dr1620_inv,dr2125_inv,dr1625_inv,dr65_inv,dr70_inv,dr75_inv,mc_inv,pv_inv,ht_inv,ped_inv,bike_inv,unrest_fat,mc_fat,unhelmet_mc,pv_fat,ht_fat,ped_fat,bike_fat,dr_alc7,dr_alc8,dr_drug,dr_imp,dr_dist,dr_spd,dr_fty,dr_unlic,dr_alc7only,dr_alc8only,dr_drugonly,dr_drink,nm_imp,nm_alc7,nm_alc8,nm_drug,nm_dist,agegrp1,agegrp2,roadclass,urbrur,dayweek,restuse,vehtype,race_me,intersect,lanedep,oppdir,wrongway,rep_typ,investag,repag_long,rotr,st_rd,cty_rd,city_rd,oth_rd,drug_thc,thc_res,drug_cthc,cthc_res,drug_cann,prevpersemin,prevperse,prevsusoth,drugtst4,drugtst5,drugtst6,drugtst7,drugtst8,drugres4,drugres5,drugres6,drugres7,drugres8,adspresent,adsengaged,adslevel,race1,race2,race3,race4,race5,helmet,helmetmisuse,nmdistract1,nmdistract2,nmdistract3,nmdistract4,nmdistract5,nmdistract6,lab,isedtcase,crf1,crf2,crf3,CoRoadName,CoMP,IntCoRoadName,IntCoMP
2018,147,E801942,8,05/17/2018,17:02,17,5,0,31,Jefferson,0,1,0,1,1,1,1,0,7,6,16:47,17:08,17:48,12,0,8,14.3,1,0,1,3,1,1,3,0,0,0,0,SR-104,,-122.6197722,47.85721944,0,2,65,62,4,40,63,0,0,1,5,12,1,1,2,1,1,1,3,53,0,85,881,2017,0,0,12,,,,,,1,1,52,1,0,0,0,0,3,0,11,0,,,,,6,3,3,3,1,0,0,0,0,96,,,,,,0,,,,,,98325,53,71,185,6,1,0,0,0,0,,0,,,,,,0,,,20,0,0,0,8,9,8,,,0,0,0,8,0,8,95,,,96,,,8,95,995,,,,,,,,,,,,,,,,,,,,,,,,,,,,,,0,0,0,0,0,0,1,1,0,0,0,0,0,0,0,0,1,0,0,0,0,0,0,0,0,1,0,0,0,1,1,0,0,0,0,,0,0,0,0,0,0,0,0,0,0,0,0,0,0,0,0,,,,,,51-55,46-55,State route,R,Thursday,,MHTRUCK,Not Fatal,0,0,0,1,State Route,State Patrol,Washington State Patrol Headquarter,0,1,0,0,0,,,,,,0,0,0,,,,,,,,,,,,,,,,,,,,,,,,,,,,,,,,,,,
2018,147,E801942,8,05/17/2018,17:02,17,5,0,31,Jefferson,0,1,0,1,1,1,1,0,7,6,16:47,17:08,17:48,12,0,8,14.3,1,0,1,3,1,1,3,0,0,0,0,SR-104,,-122.6197722,47.85721944,0,1,64,10,2,40,34,0,0,1,7,12,1,1,2,1,1,1,1,53,0,23,481,2010,0,0,68,12,12,12,12,12,1,1,47,1,0,0,3,0,3,0,11,5,,,,,0,0,0,3,1,28,0,0,0,92,,,,,,99,,,,,,98340,53,67,145,6,1,0,0,0,0,,97,,,,,,0,,,8,0,0,0,8,9,8,,,0,0,0,8,9,2,348,,,1,,,2,1,0,,,,,,,,,,,,,,,,,,,,,,,,,,,,,,0,0,0,0,0,0,1,1,0,0,0,0,0,0,0,0,1,0,0,0,0,0,0,0,0,1,0,0,0,1,1,0,0,0,0,,0,0,0,0,0,0,1,1,1,0,0,0,0,0,1,0,,,,,,46-50,46-55,State route,R,Thursday,Belt Used,PV,Not Fatal,0,0,0,1,State Route,State Patrol,Washington State Patrol Headquarter,0,1,0,0,0,,,,,,0,0,0,,,,,,,,,,,,,,,,,,,,,,,,,,,,,,,,,,,
2018,147,E801942,8,05/17/2018,17:02,17,5,0,31,Jefferson,0,1,0,1,1,1,1,0,7,6,16:47,17:08,17:48,12,0,8,14.3,1,0,1,3,1,1,3,0,0,0,0,SR-104,,-122.6197722,47.85721944,0,6,98,62,4,40,4,0,0,1,5,12,1,1,2,1,1,1,1,53,0,41,50,2017,0,0,12,,,,,,1,1,40,1,0,0,0,0,3,0,11,0,,,,,0,0,3,3,1,0,0,0,0,96,,,,,,0,,,,,,98357,53,72,260,6,1,0,0,0,1,,0,,,,,,0,10/15/2014,10/15/2014,99,0,0,0,8,9,8,,,0,0,0,8,0,0,0,,,0,,,0,0,996,,,,,,,,,,,,,,,,,,,,,,,,,,,,,,0,0,0,0,0,0,1,1,0,0,0,0,0,0,0,0,1,0,0,0,0,0,0,0,0,1,0,0,0,1,1,0,0,0,0,,0,0,0,0,0,0,0,0,0,0,0,0,0,0,0,0,,,,,,36-40,36-45,State route,R,Thursday,Belt Used,PV,Not Fatal,0,0,0,1,State Route,State Patrol,Washington State Patrol Headquarter,0,1,0,0,0,,,,,,0,0,0,,,,,,,,,,,,,,,,,,,,,,,,,,,,,,,,,,,
2018,147,E801942,8,05/17/2018,17:02,17,5,0,31,Jefferson,0,1,0,1,1,1,1,0,7,6,16:47,17:08,17:48,12,0,8,14.3,1,0,1,3,1,1,3,0,0,0,0,SR-104,,-122.6197722,47.85721944,0,4,98,62,4,40,34,0,0,1,5,12,1,1,2,1,1,1,2,53,0,12,471,2005,0,0,12,12,,,,,1,1,65,2,7,1,4,7,3,0,11,0,05/17/2018,17:02,53022787,22787,0,0,0,3,1,0,0,0,0,96,,,,,,0,,,,,,98365,53,68,245,6,1,0,0,0,0,,0,,,,,,0,,,1,0,0,0,0,9,8,,,0,0,0,8,8,8,95,,,96,,,8,95,995,,,,,,,,,,,,,,,,,,,,,,,,,,,,,,0,0,0,0,0,0,1,1,0,0,0,0,0,0,0,0,1,0,0,0,0,0,0,0,0,1,0,0,0,1,1,0,0,0,0,,1,0,0,0,0,0,0,0,0,0,0,0,0,0,0,0,,,,,,61-65,56-65,State route,R,Thursday,Belt Used,PV,White,0,0,0,1,State Route,State Patrol,Washington State Patrol Headquarter,0,1,0,0,0,,,,,,0,0,0,,,,,,,,,,,,,,,,,,,,,,,,,,,,,,,,,,,
2018,147,E801942,8,05/17/2018,17:02,17,5,0,31,Jefferson,0,1,0,1,1,1,1,0,7,6,16:47,17:08,17:48,12,0,8,14.3,1,0,1,3,1,1,3,0,0,0,0,SR-104,,-122.6197722,47.85721944,0,3,98,62,4,40,14,0,0,1,5,12,1,1,2,1,1,2,1,53,0,23,401,2005,0,0,12,63,25,,,,1,1,65,1,0,0,0,0,3,0,11,0,,,,,0,0,0,3,1,0,0,0,0,96,,,,,,0,,,,,,98370,53,69,185,6,1,0,0,0,0,,0,,,,,,0,,,20,0,0,0,8,9,8,,,0,0,0,8,0,8,95,,,96,,,8,95,995,,,,,,,,,,,,,,,,,,,,,,,,,,,,,,0,0,0,0,0,0,1,1,0,0,0,0,0,0,0,0,1,0,0,0,0,0,0,0,0,1,0,0,0,1,1,0,0,0,0,,0,0,0,0,0,0,0,0,0,0,0,0,0,0,0,0,,,,,,61-65,56-65,State route,R,Thursday,Belt Used,PV,Not Fatal,0,0,0,1,State Route,State Patrol,Washington State Patrol Headquarter,0,1,0,0,0,,,,,,0,0,0,,,,,,,,,,,,,,,,,,,,,,,,,,,,,,,,,,,
2018,135,E801990,2,05/13/2018,16:24,13,5,0,73,Whatcom,150,1,0,1,1,1,1,0,2,2,,,,12,0,2,0.4,1,0,1,3,2,1,3,0,0,0,0,SR-543,,-122.7349722,48.99370833,0,1,50,10,2,35,4,0,0,1,2,12,1,1,4,5,1,1,3,95,0,37,32,2016,0,0,68,12,,,,,1,1,56,2,7,68,4,7,3,0,11,0,05/13/2018,16:24,15053022158,22158,99,9,9,9,1,28,0,0,0,96,,,,,,99,,,,,,0,95,,999,9,9,99,99,99,99,,0,,,,,,0,,,8,0,0,0,0,9,8,,,0,0,0,8,9,2,1,,,1,,,2,1,0,,,,,,,,,,,,,,,,,,,,,,,,,,,,,,0,0,0,0,0,0,0,0,0,0,0,0,0,0,0,0,0,0,0,0,0,0,0,0,0,0,0,0,0,1,1,0,0,0,0,,1,0,0,0,0,0,0,0,0,0,0,0,0,0,0,0,,,,,,56-60,56-65,State route,U,Sunday,Belt Used,PV,API,0,1,1,0,State Route,State Patrol,Washington State Patrol Headquarter,0,1,0,0,0,,,,,,99,99,99,,,,,,,,,,,,,,,,,,,,,,,,,,,,,,,,,,,
2018,135,E801990,2,05/13/2018,16:24,13,5,0,73,Whatcom,150,1,0,1,1,1,1,0,2,2,,,,12,0,2,0.4,1,0,1,3,2,1,3,0,0,0,0,SR-543,,-122.7349722,48.99370833,0,2,51,62,4,35,66,1,0,1,7,12,1,1,4,5,1,1,2,95,0,82,881,2012,0,0,12,,,,,,1,1,51,1,0,0,0,0,3,0,11,0,,,,,99,9,9,9,1,0,0,0,0,96,,,,,,0,,,,,,99999,95,,999,9,9,99,99,99,99,,0,,,,,,0,,,20,0,0,0,8,9,8,,,0,0,0,8,0,8,95,,,96,,,8,95,995,,,,,,,,,,,,,,,,,,,,,,,,,,,,,,0,0,0,0,0,0,0,0,0,0,0,0,0,0,0,0,0,0,0,0,0,0,0,0,0,0,0,0,0,1,1,0,0,0,0,,0,0,0,0,0,0,0,0,0,0,0,0,0,0,0,0,,,,,,51-55,46-55,State route,U,Sunday,,MHTRUCK,Not Fatal,0,1,1,0,State Route,State Patrol,Washington State Patrol Headquarter,0,1,0,0,0,,,,,,99,99,99,,,,,,,,,,,,,,,,,,,,,,,,,,,,,,,,,,,
2018,148,E802094,169,05/26/2018,15:06,26,5,4,67,Thurston,1102,1,0,1,1,2,1,0,1,1,,,,1,0,0,0,1,0,1,3,2,4,6,0,0,0,0,MARTIN WAY E,,-122.7515694,47.05932222,0,1,98,98,7,40,80,0,0,1,7,1,1,1,5,5,1,1,1,53,0,77,706,2014,0,0,1,,,,,,1,1,51,1,7,1,4,7,19,0,11,0,05/26/2018,15:06,1.10E+11,23738,0,0,0,2,1,0,0,0,0,96,,,,,,99,,,,,,98513,53,69,180,1,1,0,0,1,5,,0,,,,,,0,02/15/2015,05/15/2018,20,8,0,0,0,9,8,,,0,0,0,8,9,2,401,417,,1,1,,2,1,0,,,,,,,,,,,,,,,,,,,,,,,,,,,,,,0,0,0,0,0,0,1,1,0,0,0,0,0,1,1,0,0,0,0,0,0,0,0,0,0,0,0,0,1,0,0,0,0,0,1,0,0,0,0,0,0,0,1,1,0,0,0,1,0,0,1,0,,,,,,51-55,46-55,City street,U,Saturday,,MC,White,0,0,0,0,City Street,Municipal/City Police,Lacey Police Department,0,0,0,1,0,,,,,,0,0,3,,,,,,,,,,,,,,,,,,,,,,,,,,,,,,,,,,,
2018,149,E802197,305,05/11/2018,22:19,11,5,0,11,Clark,2370,1,0,3,1,2,3,0,4,1,,,,38,0,0,0,1,0,1,4,2,4,6,0,0,0,0,E EVERGREEN BLVD,,-122.6373944,45.62601389,0,1,1,6,1,25,4,0,0,1,7,1,3,1,2,1,14,4,2,53,0,34,35,2000,0,0,63,38,1,31,43,42,1,1,24,1,7,58,4,7,20,0,11,0,05/11/2018,22:19,2.37E+11,23174,0,0,0,2,1,0,0,0,0,96,,,,,,99,,,,,,98661,53,,999,1,1,0,1,0,0,,0,,,,,,3,08/15/2015,11/15/2015,2,0,0,0,0,9,8,,,0,0,0,8,9,2,605,695,,1,1,,2,1,0.16,,,,,,,,,,,,,,,,,,,,,,,,,,,,,,0,0,1,0,1,1,1,1,1,0,0,0,1,1,0,0,0,0,0,1,0,0,0,1,1,0,0,0,0,1,0,0,0,1,0,,1,0,0,0,0,1,1,1,0,1,0,1,0,0,0,1,,,,,,21-25,16-25,City street,U,Friday,Not Used,PV,API,0,1,0,0,City Street,Municipal/City Police,Vancouver Police Department,1,0,0,1,0,thc,3.4,carboxy-thc,10,,0,0,1,,,,,,,,,,,,,,,,,,,,,,,,,,,,,,,,,,,
2018,146,E802399,4,05/22/2018,13:50,22,5,0,63,Spokane,2113,1,0,1,1,2,1,0,4,3,13:55,13:59,14:28,24,0,0,0.4,5,1,1,1,2,1,1,0,0,0,0,I-90 RAMP 090S128446,,-117.3331306,47.65393333,0,2,98,60,4,60,14,0,0,1,5,12,2,8,3,3,14,2,2,16,0,48,401,2005,0,0,12,,,,,,1,1,66,2,0,0,0,0,3,0,11,0,,,,,0,0,0,3,1,0,0,0,0,96,,,,,,0,,,,,,83869,16,64,155,6,1,0,0,0,0,,0,,,,,,0,,,20,0,0,0,8,9,8,,,0,0,0,8,0,8,95,,,96,,,8,95,995,,,,,,,,,,,,,,,,,,,,,,,,,,,,,,0,0,1,0,0,0,0,0,0,0,0,0,1,0,0,0,0,0,0,0,0,0,0,0,0,1,1,0,1,1,0,0,0,0,0,,0,0,0,0,0,0,0,0,0,0,0,0,0,0,0,0,,,,,,66-70,66-75,Interstate,U,Tuesday,Belt Used,PV,Not Fatal,0,1,0,0,State Route,State Patrol,Washington State Patrol Headquarter,1,1,0,0,0,,,,,,0,0,0,,,,,,,,,,,,,,,,,,,,,,,,,,,,,,,,,,,
2018,146,E802399,4,05/22/2018,13:50,22,5,0,63,Spokane,2113,1,0,1,1,2,1,0,4,3,13:55,13:59,14:28,24,0,0,0.4,5,1,1,1,2,1,1,0,0,0,0,I-90 RAMP 090S128446,,-117.3331306,47.65393333,0,1,6,12,2,98,80,0,0,1,7,12,4,2,2,6,14,1,1,53,0,71,706,2013,0,0,64,24,12,12,,,1,1,46,1,7,1,4,0,19,0,11,5,05/22/2018,16:08,2.11E+11,23571,0,0,0,3,1,0,0,0,0,96,,,,,,99,,,,,,99029,53,71,240,6,1,0,1,0,1,,0,,,,,,4,04/15/2017,05/15/2017,20,8,0,0,0,9,8,,,0,0,0,8,9,2,1,,,1,,,2,1,0,,,,,,,,,,,,,,,,,,,,,,,,,,,,,,0,0,1,0,0,0,0,0,0,0,0,0,1,0,0,0,0,0,0,0,0,0,0,0,0,1,1,0,1,1,0,0,0,0,1,0,0,0,0,0,0,0,0,0,0,1,0,0,0,0,0,0,,,,,,46-50,46-55,Interstate,U,Tuesday,,MC,White,0,1,0,0,State Route,State Patrol,Washington State Patrol Headquarter,1,1,0,0,0,,,,,,0,0,0,,,,,,,,,,,,,,,,,,,,,,,,,,,,,,,,,,,
2018,146,E802399,4,05/22/2018,13:50,22,5,0,63,Spokane,2113,1,0,1,1,2,1,0,4,3,13:55,13:59,14:28,24,0,0,0.4,5,1,1,1,2,1,1,0,0,0,0,I-90 RAMP 090S128446,,-117.3331306,47.65393333,0,3,98,60,4,60,4,0,0,1,5,12,2,8,3,3,14,1,1,53,0,30,40,2006,0,0,12,,,,,,1,1,70,2,0,0,0,0,3,0,11,0,,,,,0,0,3,3,1,0,0,0,0,96,,,,,,0,,,,,,99134,53,65,170,6,1,0,0,0,0,,0,,,,,,0,,,20,0,0,0,8,9,8,,,0,0,0,8,0,8,95,,,96,,,8,95,995,,,,,,,,,,,,,,,,,,,,,,,,,,,,,,0,0,1,0,0,0,0,0,0,0,0,0,1,0,0,0,0,0,0,0,0,0,0,0,0,1,1,0,1,1,0,0,0,0,0,,0,0,0,0,0,0,0,0,0,0,0,0,0,0,0,0,,,,,,66-70,66-75,Interstate,U,Tuesday,Belt Used,PV,Not Fatal,0,1,0,0,State Route,State Patrol,Washington State Patrol Headquarter,1,1,0,0,0,,,,,,0,0,0,,,,,,,,,,,,,,,,,,,,,,,,,,,,,,,,,,,
2018,150,E802640,40,05/24/2018,5:26,24,5,0,63,Spokane,0,10,0,9,99,2,1,0,1,1,,,,42,0,0,1.2,1,0,1,4,2,2,4,0,0,0,0,CR-WELLESLEY AVE,,-117.1275278,47.70040833,0,1,7,12,2,35,2,0,0,1,7,42,1,1,2,1,1,1,1,53,0,37,31,1999,0,0,68,64,42,38,,,1,1,56,2,7,1,4,7,20,0,11,0,05/24/2018,5:26,2.11E+11,23386,0,0,3,3,1,0,0,0,0,96,,,,,,99,,,,,,99206,53,65,128,6,1,0,0,0,0,,0,,,,,,0,,,20,0,0,0,0,9,8,,,0,0,0,8,9,2,155,189,402,1,1,1,2,1,0.18,,,,,,,,,,,,,,,,,,,,,,,,,,,,,,0,0,0,0,1,1,1,1,1,0,0,0,0,0,0,0,0,0,0,1,0,0,0,0,0,0,0,0,0,1,0,0,0,1,0,,1,0,0,0,0,1,1,1,0,0,0,0,0,0,0,1,,,,,,56-60,56-65,County road,U,Thursday,Not Used,PV,White,0,1,0,0,County Road,County Sheriff,Spokane County Sheriff's Office,1,0,1,0,0,thc,4.5,carboxy-thc,17,,0,0,0,1,1,1,,,407,605,695,996,,,,,,,,,,,,,,,,,,,,,,,,,,
2018,152,E802773,250,05/23/2018,17:27,23,5,0,5,Benton,1850,1,0,1,1,2,1,0,2,2,,,,12,0,6,0,2,0,2,3,2,4,6,0,0,3,3,STEPTOE ST,CENTER PKWY,-119.2438722,46.21236389,0,1,68,15,2,35,34,1,0,1,7,12,1,2,2,2,11,1,1,53,0,7,482,2002,0,0,12,,,,,,1,1,40,1,0,0,0,0,3,0,11,0,,,,,6,1,0,3,1,38,0,0,0,96,,,,,,0,,,,,,99336,53,67,200,6,1,0,0,0,0,,97,,,,,,0,,,20,0,0,0,8,9,2,,,0,0,0,0,0,2,1,,,1,,,2,1,0,,,,,,,,,,,,,,,,,,,,,,,,,,,,,,0,0,0,1,0,0,0,0,0,0,0,0,0,0,0,0,0,0,1,0,0,0,0,1,1,0,0,0,1,1,0,0,0,0,0,,0,0,0,0,0,0,0,0,0,0,1,0,0,0,0,0,,,,,,36-40,36-45,City street,U,Wednesday,Belt Used,PV,Not Fatal,1,0,0,0,City Street,Municipal/City Police,Richland Police Department,0,0,0,1,0,,,,,,0,0,0,,,,,,,,,,,,,,,,,,,,,,,,,,,,,,,,,,,
2018,152,E802773,250,05/23/2018,17:27,23,5,0,5,Benton,1850,1,0,1,1,2,1,0,2,2,,,,12,0,6,0,2,0,2,3,2,4,6,0,0,3,3,STEPTOE ST,CENTER PKWY,-119.2438722,46.21236389,0,2,69,62,4,25,80,0,0,1,7,12,8,8,5,2,1,1,1,53,0,37,706,2008,0,0,12,,,,,,1,1,22,1,7,1,4,7,19,0,11,0,05/23/2018,17:27,1.85E+11,23507,0,0,0,3,1,0,0,0,0,96,,,,,,99,,,,,,99337,53,72,205,6,1,0,0,0,5,,0,,,,,,0,08/15/2014,11/15/2017,20,8,0,0,0,9,8,,,0,0,0,8,9,2,1,,,1,,,2,1,0,,,,,,,,,,,,,,,,,,,,,,,,,,,,,,0,0,0,1,0,0,0,0,0,0,0,0,0,0,0,0,0,0,1,0,0,0,0,1,1,0,0,0,1,1,0,0,0,0,1,0,0,0,0,0,0,0,0,0,0,0,0,0,0,0,0,0,,,,,,21-25,16-25,City street,U,Wednesday,,MC,White,1,0,0,0,City Street,Municipal/City Police,Richland Police Department,0,0,0,1,0,,,,,,0,0,0,,,,,,,,,,,,,,,,,,,,,,,,,,,,,,,,,,,
2018,140,E802893,1,05/17/2018,12:15,17,5,0,21,Franklin,1660,1,0,1,1,2,1,0,2,2,,,,12,0,2,12.8,1,0,1,1,2,1,1,0,0,0,0,I-182,,-119.1160556,46.24856111,0,1,50,54,3,98,34,0,0,1,2,12,1,1,2,3,1,1,3,53,0,12,481,2013,0,0,12,,,,,,1,1,88,1,7,1,4,0,3,0,11,4,05/18/2018,17:43,1.96E+11,22727,0,0,3,3,1,51,0,0,0,96,,,,,,99,,,,,,99301,53,69,160,6,1,0,1,1,0,,0,,,,,,0,10/15/2014,10/15/2014,1,0,0,0,0,9,8,,,0,0,0,8,9,2,1,,,1,,,2,1,0,,,,,,,,,,,,,,,,,,,,,,,,,,,,,,0,0,0,0,0,0,0,0,0,0,0,0,0,0,0,0,0,0,0,0,0,0,0,0,0,1,1,1,0,1,1,0,0,0,0,,1,0,0,0,0,0,0,0,0,0,0,0,0,0,0,0,,,,,,81+,76+,Interstate,U,Thursday,Belt Used,PV,White,0,0,0,1,State Route,State Patrol,Washington State Patrol,0,1,0,0,0,,,,,,0,0,0,,,,,,,,,,,,,,,,,,,,,,,,,,,,,,,,,,,
2018,140,E802893,1,05/17/2018,12:15,17,5,0,21,Franklin,1660,1,0,1,1,2,1,0,2,2,,,,12,0,2,12.8,1,0,1,1,2,1,1,0,0,0,0,I-182,,-119.1160556,46.24856111,0,2,51,54,3,60,66,1,0,1,5,12,1,1,2,3,1,1,3,53,0,87,884,2018,0,0,12,,,,,,1,1,38,1,0,0,1,0,3,0,11,4,,,,,6,1,0,3,1,0,0,0,0,96,,,,,,0,,,,,,99301,53,69,210,6,1,0,0,0,0,,0,,,,,,0,,,20,0,0,0,8,9,2,,,0,0,0,0,0,8,95,,,96,,,8,95,995,,,,,,,,,,,,,,,,,,,,,,,,,,,,,,0,0,0,0,0,0,0,0,0,0,0,0,0,0,0,0,0,0,0,0,0,0,0,0,0,1,1,1,0,1,1,0,0,0,0,,0,0,0,0,0,0,0,0,0,0,0,0,0,0,0,0,,,,,,36-40,36-45,Interstate,U,Thursday,,MHTRUCK,Not Fatal,0,0,0,1,State Route,State Patrol,Washington State Patrol,0,1,0,0,0,,,,,,0,0,0,,,,,,,,,,,,,,,,,,,,,,,,,,,,,,,,,,,
2018,151,E802895,1,05/28/2018,7:06,28,5,4,5,Benton,1850,1,0,1,1,1,1,0,4,2,,,,12,0,2,4.9,18,1,1,1,2,1,1,0,0,0,0,I-182,,-119.2836944,46.25905,0,2,51,54,3,70,3,0,0,1,2,12,1,1,3,3,1,3,1,53,0,12,13,1994,0,0,12,,,,,,1,1,55,1,7,1,4,7,3,0,11,0,05/28/2018,7:15,1.85E+11,23948,0,0,3,3,1,0,0,0,0,96,,,,,,0,,,,,,98901,53,64,230,6,1,0,0,0,0,,0,,,,,,0,,,1,0,0,0,0,9,8,,,0,0,0,8,0,2,1,,,1,,,2,1,0,,,,,,,,,,,,,,,,,,,,,,,,,,,,,,0,0,0,0,1,1,1,1,0,0,0,0,0,1,0,0,0,0,0,0,0,0,0,0,0,0,0,0,0,1,0,0,0,0,0,,1,0,0,0,0,0,0,0,0,0,0,0,0,0,0,0,,,,,,51-55,46-55,Interstate,U,Monday,Belt Used,PV,White,0,0,0,1,State Route,State Patrol,Washington State Patrol,0,1,0,0,0,,,,,,0,0,0,,,,,,,,,,,,,,,,,,,,,,,,,,,,,,,,,,,
2018,151,E802895,1,05/28/2018,7:06,28,5,4,5,Benton,1850,1,0,1,1,1,1,0,4,2,,,,12,0,2,4.9,18,1,1,1,2,1,1,0,0,0,0,I-182,,-119.2836944,46.25905,0,1,50,54,3,98,5,0,0,1,2,12,1,1,3,3,1,1,1,53,0,7,25,2007,0,0,12,,,,,,1,1,29,1,0,0,2,0,3,0,11,0,,,,,0,0,0,2,1,51,0,0,0,96,,,,,,99,,,,,,99301,53,66,154,1,1,0,2,0,2,,1,,,,,,0,08/15/2013,08/15/2017,8,0,0,0,8,9,8,,,0,0,0,8,1,2,402,,,1,,,2,1,0.23,,,,,,,,,,,,,,,,,,,,,,,,,,,,,,0,0,0,0,1,1,1,1,0,0,0,0,0,1,0,0,0,0,0,0,0,0,0,0,0,0,0,0,0,1,0,0,0,0,0,,0,0,0,0,0,1,1,1,0,0,0,1,0,0,0,1,,,,,,26-30,26-35,Interstate,U,Monday,Belt Used,PV,Not Fatal,0,0,0,1,State Route,State Patrol,Washington State Patrol,0,1,0,0,0,,,,,,0,0,6,,,,,,,,,,,,,,,,,,,,,,,,,,,,,,,,,,,
2018,154,E803360,4,05/26/2018,12:17,26,5,4,43,Lincoln,0,1,0,1,1,2,1,0,1,1,,,,24,0,0,99.3,1,0,1,3,1,1,3,0,0,0,0,SR-21,,-118.7230972,47.86099722,0,1,6,12,2,30,80,0,0,1,7,24,2,2,2,1,14,1,1,16,0,76,706,2002,0,0,68,64,24,,,,1,1,75,1,7,1,4,7,19,0,11,0,05/26/2018,12:17,53024358,24358,0,0,0,3,1,0,0,0,0,96,,,,,,0,,,,,,83854,16,71,161,6,1,0,0,0,0,,0,,,,,,0,,,20,8,0,0,0,9,8,,,0,0,0,8,0,8,95,,,96,,,8,95,995,,,,,,,,,,,,,,,,,,,,,,,,,,,,,,0,0,1,0,0,0,0,0,0,0,0,0,0,0,0,0,0,0,0,0,0,0,0,0,0,1,1,1,1,0,0,0,0,0,1,0,0,0,0,0,0,0,0,0,0,0,0,0,0,0,0,0,,,,,,71-75,66-75,State route,R,Saturday,,MC,White,0,1,0,0,State Route,State Patrol,Washington State Patrol Headquarter,1,1,0,0,0,,,,,,0,0,0,,,,,,,,,,,,,,,,,,,,,,,,,,,,,,,,,,,
2018,155,E803559,150,05/31/2018,1:50,31,5,0,27,Grays Harbor,930,1,0,3,1,2,1,0,1,1,,,,38,0,0,0,3,0,10,4,2,4,6,0,0,0,0,BAY AVE,22ND ST,-123.8727222,46.972575,0,1,14,14,2,30,4,0,0,1,7,38,1,1,2,1,1,1,2,53,0,20,2,2004,0,0,71,38,,,,,1,1,45,1,7,1,4,7,3,0,11,0,05/31/2018,1:50,93053024412,24412,0,0,3,3,1,0,0,0,0,92,,,,,,99,,,,,,98550,53,65,190,6,1,0,4,5,8,,0,,,,,,0,12/15/2013,04/15/2018,1,0,0,0,0,9,8,,,0,0,0,8,9,2,401,417,,1,1,,2,1,0,,,,,,,,,,,,,,,,,,,,,,,,,,,,,,0,0,0,1,0,0,1,1,0,0,0,0,0,0,0,0,1,0,0,0,0,0,0,0,0,0,0,0,0,1,0,0,0,0,0,,1,0,0,0,0,0,1,1,1,0,0,0,0,0,1,0,,,,,,41-45,36-45,City street,U,Thursday,Belt Used,PV,White,0,1,0,0,City Street,Municipal/City Police,Hoquiam Police Department,1,0,0,1,0,,,,,,0,0,3,,,,,,,,,,,,,,,,,,,,,,,,,,,,,,,,,,,