year,case,par,repjur,crash_dt,crash_tm,accday,accmon,holiday,county,co_char,city,weather,weather2,lightcond,surfcond,surftype,numfatal,nmforms,pforms,vforms,not_tm,arr_tm,hosp_tm,fhevent,hitrun,manncol,milepnt,reljunc,reljuncinter,intersectiontype,funcsystem,landuse,ownership,route,schlbus,spejur,contdev,devfunc,trafid1,trafid2,x,y,wk_zone,vnumber,crashtype,criticalevent,criticaleventcat,spdlim,body,trailer,emerg,hazcargo,leave,mhevent,roadalgn,roadprof,traflane,trafflow,vehmanvr,numoccs,regowner,regstate,spuse,make,model,modelyr,vrf1,vrf2,seqevent1,seqevent2,seqevent3,seqevent4,seqevent5,seqevent6,pnumber,ptype,age,sex,hispanic,race,injury,diedscene,restraint,restraintmisuse,seatpos,takehosp,death_dt,death_tm,cert,cernum_wa,commlic,licendor,licrestrict,liccomp,drivpres,drf1,drf2,drf3,drf4,distract1,distract2,distract3,distract4,distract5,distract6,dricond1,dricond2,dricond3,dricond4,dricond5,dricond6,dzip,licstate,drhgt_in,weight,noncdl,noncdltype,prevdwi,prevoth,prevacc,prevspd,prevsus,driviol1,driviol2,driviol3,driviol4,driviol5,driviol6,spdrel,first_dt,last_dt,airbag,ejection,ejectpath,extricat,injurwrk,methalc,methdrug,nmlocat,strikveh,prf1,prf2,prf3,druginv,alcinvol,drugsts,drugres1,drugres2,drugres3,drugtst1,drugtst2,drugtst3,alcsts,alctst,alcres,nmact1,nmact2,nmact3,nmact4,nmact5,nmact6,nmprior1,nmprior2,nmprior3,nmprior4,nmprior5,nmprior6,nmcond1,nmcond2,nmcond3,nmcond4,nmcond5,nmcond6,nmsafe_helmet,nmsafe_pads,nmsafe_oth,nmprev_ref,nmprev_lgt,nmprev_oth,crashlocation,nmcrashtype,crosswalk,schoolzone,sidewalk,train_inv,wildlife_inv,rotr_fars,intersect_fars,dd_inv,aid_inv,dpd_inv,id_inv,mj_inv,impnm_inv,ainm_inv,dpnm_inv,speed_inv,unlic_inv,unendmc_inv,drowsy_inv,drdist_inv,nmdist_inv,fty_inv,unrestfat_inv,dr1617_inv,dr1820_inv,dr1620_inv,dr2125_inv,dr1625_inv,dr65_inv,dr70_inv,dr75_inv,mc_inv,pv_inv,ht_inv,ped_inv,bike_inv,unrest_fat,mc_fat,unhelmet_mc,pv_fat,ht_fat,ped_fat,bike_fat,dr_alc7,dr_alc8,dr_drug,dr_imp,dr_dist,dr_spd,dr_fty,dr_unlic,dr_alc7only,dr_alc8only,dr_drugonly,dr_drink,nm_imp,nm_alc7,nm_alc8,nm_drug,nm_dist,agegrp1,agegrp2,roadclass,urbrur,dayweek,restuse,vehtype,race_me,intersect,lanedep,oppdir,wrongway,rep_typ,investag,repag_long,rotr,st_rd,cty_rd,city_rd,oth_rd,drug_thc,thc_res,drug_cthc,cthc_res,drug_cann,prevpersemin,prevperse,prevsusoth,drugtst4,drugtst5,drugtst6,drugtst7,drugtst8,drugres4,drugres5,drugres6,drugres7,drugres8,adspresent,adsengaged,adslevel,race1,race2,race3,race4,race5,helmet,helmetmisuse,nmdistract1,nmdistract2,nmdistract3,nmdistract4,nmdistract5,nmdistract6,lab,isedtcase,crf1,crf2,crf3,CoRoadName,CoMP,IntCoRoadName,IntCoMP
2018,196,E804034,3,05/28/2018,2:44,28,5,4,53,Pierce,0,1,0,2,1,2,1,0,1,1,,,,24,0,0,138.9,1,0,1,1,2,1,1,0,0,0,0,I-5,,-122.3337806,47.24835833,0,1,2,13,2,60,14,0,0,1,2,30,1,1,5,3,1,1,2,53,0,2,404,2002,0,0,63,24,30,,,,1,1,35,1,7,68,4,7,99,0,11,0,05/28/2018,2:44,1.35E+11,30282,0,0,3,3,1,0,0,0,0,96,,,,,,99,,,,,,98404,53,68,170,6,1,0,0,0,0,,0,,,,,,0,,,8,0,0,0,0,9,8,,,0,0,0,8,9,8,95,,,96,,,8,95,995,,,,,,,,,,,,,,,,,,,,,,,,,,,,,,0,0,0,0,0,0,0,0,0,0,0,0,0,0,0,0,0,0,0,0,0,0,0,0,0,0,0,0,0,1,0,0,0,0,0,,1,0,0,0,0,0,0,0,0,0,0,0,0,0,0,0,,,,,,31-35,26-35,Interstate,U,Monday,Unknown,PV,API,0,1,0,0,State Route,State Patrol,Washington State Patrol,1,1,0,0,0,,,,,,0,0,0,,,,,,,,,,,,,,,,,,,,,,,,,,,,,,,,,,,
2018,168,E804481,40,06/02/2018,21:08,2,6,0,63,Spokane,0,1,0,5,1,2,1,0,3,1,21:23,21:44,22:06,53,0,0,9,1,0,1,7,1,2,4,0,0,0,0,CR-SOUTH BANK RD,,-117.6566639,47.82856389,0,1,7,6,1,35,34,0,0,1,5,42,1,1,2,1,6,3,1,53,0,20,481,1997,0,0,68,64,53,38,42,,1,1,19,1,7,1,4,7,3,0,11,0,06/02/2018,21:08,53024699,24699,0,0,0,3,1,0,0,0,0,93,,,,,,99,,,,,,99208,53,74,190,6,1,0,1,1,1,,0,,,,,,3,10/15/2014,11/15/2016,20,0,0,0,0,9,8,,,0,0,0,8,1,8,95,,,96,,,8,95,995,,,,,,,,,,,,,,,,,,,,,,,,,,,,,,0,0,0,0,1,0,0,0,0,0,0,0,1,0,0,0,1,0,0,0,0,1,1,0,1,0,0,0,0,1,0,0,0,0,0,,1,0,0,0,0,0,0,0,1,1,0,0,0,0,0,1,,,,,,18-20,16-25,County road,R,Saturday,Belt Used,PV,White,0,1,0,0,County Road,County Sheriff,Spokane County Sheriff's Office,1,0,1,0,0,,,,,,0,0,0,,,,,,,,,,,,,,,,,,,,,,,,,,,,,,,,,,,
2018,169,E804509,55,06/02/2018,15:17,2,6,0,33,King,100,1,0,1,1,2,1,1,1,1,,,,9,0,0,2.1,3,0,3,3,2,1,3,0,3,4,3,SR-164,FIR ST E,-122.1894639,47.28825278,0,1,13,83,5,35,4,0,0,1,7,9,1,1,4,2,1,1,2,53,0,37,31,1995,0,0,9,,,,,,1,1,41,1,0,0,0,0,3,0,11,0,,,,,0,0,0,0,1,0,0,0,0,96,,,,,,0,,,,,,98092,53,73,200,0,0,0,0,0,0,,97,,,,,,0,,,20,0,0,0,8,9,8,,,0,0,0,8,0,8,95,,,96,,,8,95,995,,,,,,,,,,,,,,,,,,,,,,,,,,,,,,0,0,0,1,0,0,0,0,0,0,0,0,0,1,0,0,0,0,0,0,0,0,0,0,0,0,0,0,0,1,0,0,1,0,0,,0,0,0,0,0,0,0,0,0,0,0,1,0,0,0,0,,,,,,41-45,36-45,State route,U,Saturday,Belt Used,PV,Not Fatal,1,0,0,0,State Route,Municipal/City Police,Auburn Police Department,0,1,0,0,0,,,,,,0,0,0,,,,,,,,,,,,,,,,,,,,,,,,,,,,,,,,,,,
2018,159,E804570,59,06/02/2018,2:05,2,6,0,33,King,109,1,0,3,1,2,1,0,1,1,,,,33,0,0,0,3,0,2,4,2,4,6,0,0,3,3,156TH AVE NE,NE 20TH ST,-122.1324111,47.62786944,0,1,6,12,2,30,1,0,0,1,7,30,1,1,4,1,1,1,9,99,0,34,47,2015,0,0,64,33,69,63,30,,1,1,23,1,7,2,4,7,3,0,11,0,06/02/2018,2:05,10953025270,25270,0,0,0,3,1,0,0,0,0,96,,,,,,99,,,,,,30087,13,71,165,6,1,0,0,98,1,,0,,,,,,4,01/15/2015,05/15/2015,2,0,0,0,0,1,8,,,0,0,0,8,1,2,605,,,1,,,2,1,0.18,,,,,,,,,,,,,,,,,,,,,,,,,,,,,,0,0,1,1,1,1,1,1,1,0,0,0,1,0,0,0,0,0,0,0,0,0,0,1,1,0,0,0,0,1,0,0,0,0,0,,1,0,0,0,0,1,1,1,0,1,0,0,0,0,0,1,,,,,,21-25,16-25,City street,U,Saturday,Belt Used,PV,Black,0,1,0,0,City Street,Municipal/City Police,Bellevue Police Department,1,0,0,1,0,thc,1,,,,0,0,1,,,,,,,,,,,,,,,,,,,,,,,,,,,,,,,,,,,
2018,170,E804742,238,06/04/2018,8:30,4,6,0,53,Pierce,1770,1,0,1,1,2,1,0,3,3,,,,12,0,8,5,1,0,1,3,2,1,3,0,3,0,0,SR-167,,-122.3156472,47.20513611,0,2,65,62,4,45,4,0,0,1,5,12,1,1,5,5,5,1,2,53,0,34,34,2001,0,0,12,,,,,,1,1,31,1,0,0,1,0,3,0,11,8,,,,,0,0,0,3,1,0,0,0,0,0,,,,,,0,,,,,,98092,53,65,190,6,1,0,1,0,2,,0,,,,,,0,02/15/2015,07/15/2016,8,0,0,0,8,9,8,,,0,0,0,8,0,8,95,,,96,,,8,95,995,,,,,,,,,,,,,,,,,,,,,,,,,,,,,,0,0,0,0,0,0,1,1,0,0,0,0,0,1,0,0,0,0,0,0,0,0,0,0,0,0,0,0,0,1,0,0,0,0,0,,0,0,0,0,0,0,0,0,0,0,0,0,0,0,0,0,,,,,,31-35,26-35,State route,U,Monday,Belt Used,PV,Not Fatal,0,0,0,0,State Route,Municipal/City Police,Puyallup Police Department,0,1,0,0,0,,,,,,0,0,2,,,,,,,,,,,,,,,,,,,,,,,,,,,,,,,,,,,
2018,170,E804742,238,06/04/2018,8:30,4,6,0,53,Pierce,1770,1,0,1,1,2,1,0,3,3,,,,12,0,8,5,1,0,1,3,2,1,3,0,3,0,0,SR-167,,-122.3156472,47.20513611,0,1,64,10,2,45,4,0,0,1,5,12,1,1,5,5,1,1,2,53,0,12,13,1997,0,0,68,12,12,,,,1,1,56,1,7,1,4,0,3,0,11,5,06/04/2018,9:04,2.23E+11,25465,0,0,0,2,1,28,0,0,0,96,,,,,,99,,,,,,98372,53,71,180,1,1,0,4,1,2,,0,,,,,,0,02/15/2014,11/15/2016,8,0,0,1,0,9,8,,,0,0,0,8,9,2,401,417,,1,1,,2,1,0,,,,,,,,,,,,,,,,,,,,,,,,,,,,,,0,0,0,0,0,0,1,1,0,0,0,0,0,1,0,0,0,0,0,0,0,0,0,0,0,0,0,0,0,1,0,0,0,0,0,,1,0,0,0,0,0,1,1,0,0,0,1,0,0,1,0,,,,,,56-60,56-65,State route,U,Monday,Belt Used,PV,White,0,0,0,0,State Route,Municipal/City Police,Puyallup Police Department,0,1,0,0,0,,,,,,0,0,2,,,,,,,,,,,,,,,,,,,,,,,,,,,,,,,,,,,
2018,170,E804742,238,06/04/2018,8:30,4,6,0,53,Pierce,1770,1,0,1,1,2,1,0,3,3,,,,12,0,8,5,1,0,1,3,2,1,3,0,3,0,0,SR-167,,-122.3156472,47.20513611,0,3,98,62,4,45,20,0,0,1,5,12,1,1,5,5,1,1,1,53,0,37,441,2000,0,0,12,,,,,,1,1,35,2,0,0,1,0,3,0,11,8,,,,,0,0,0,2,1,0,0,0,0,96,,,,,,99,,,,,,98404,53,61,180,1,1,0,0,0,1,,97,,,,,,0,06/15/2013,07/15/2016,8,0,0,0,8,9,8,,,0,0,0,8,9,8,95,,,96,,,8,95,995,,,,,,,,,,,,,,,,,,,,,,,,,,,,,,0,0,0,0,0,0,1,1,0,0,0,0,0,1,0,0,0,0,0,0,0,0,0,0,0,0,0,0,0,1,0,0,0,0,0,,0,0,0,0,0,0,0,0,0,0,0,1,0,0,0,0,,,,,,31-35,26-35,State route,U,Monday,Belt Used,PV,Not Fatal,0,0,0,0,State Route,Municipal/City Police,Puyallup Police Department,0,1,0,0,0,,,,,,0,0,3,,,,,,,,,,,,,,,,,,,,,,,,,,,,,,,,,,,
2018,171,E805001,278,06/04/2018,12:57,4,6,0,63,Spokane,2110,1,0,1,1,2,1,1,1,1,,,,8,0,0,0.5,3,0,2,3,2,1,2,0,0,2,3,US-2 CO BROWNE,S BROWNE,-117.4134389,47.65456667,0,1,13,80,5,30,21,0,0,1,5,8,1,1,3,4,11,1,3,16,0,35,461,2017,0,0,8,,,,,,1,1,41,2,0,0,0,0,3,0,11,0,,,,,0,0,0,3,1,38,0,0,0,96,,,,,,99,,,,,,83854,16,65,120,6,1,1,0,0,1,,97,,,,,,0,01/15/2014,08/15/2016,20,0,0,0,8,9,8,,,0,0,0,8,9,8,95,,,96,,,8,95,995,,,,,,,,,,,,,,,,,,,,,,,,,,,,,,0,0,0,1,0,0,0,0,0,0,0,0,0,0,0,0,0,0,1,0,0,0,0,0,0,0,0,0,0,1,0,1,0,0,0,,0,0,0,0,0,0,0,0,0,0,1,0,0,0,0,0,,,,,,41-45,36-45,US highway,U,Monday,Belt Used,PV,Not Fatal,1,0,0,0,State Route,Municipal/City Police,Spokane Police Department,0,1,0,0,0,,,,,,0,0,0,,,,,,,,,,,,,,,,,,,,,,,,,,,,,,,,,,,
2018,145,E805433,278,04/21/2018,1:25,21,4,0,63,Spokane,2110,99,0,2,1,5,1,0,1,1,,,,24,0,0,0,1,0,1,7,2,4,6,0,0,0,0,E SINTON AVE,,-117.3872889,47.67063611,0,1,1,13,2,25,6,0,0,1,7,3,1,2,2,1,1,1,1,53,0,12,24,2008,0,0,63,24,67,3,,,1,1,33,1,7,1,4,7,20,0,11,0,04/21/2018,1:25,2.11E+11,24713,0,0,0,2,1,0,0,0,0,0,,,,,,2,,,,,,99223,53,64,200,1,1,0,0,0,0,,0,,,,,,4,07/15/2013,02/15/2018,8,0,0,0,0,9,8,,,0,0,0,8,9,8,95,,,96,,,8,95,995,,,,,,,,,,,,,,,,,,,,,,,,,,,,,,0,0,1,0,0,0,0,0,0,0,0,0,1,1,0,1,0,0,0,1,0,0,0,0,0,0,0,0,0,1,0,0,0,1,0,,1,0,0,0,0,0,0,0,0,1,0,1,0,0,0,0,,,,,,31-35,26-35,City street,U,Saturday,Not Used,PV,White,0,1,0,0,City Street,Municipal/City Police,Spokane Police Department,1,0,0,1,0,,,,,,0,0,7,,,,,,,,,,,,,,,,,,,,,,,,,,,,,,,,,,,
2018,153,E806043,199,05/30/2018,13:27,30,5,0,53,Pierce,1350,1,0,1,1,2,2,0,3,2,13:28,14:18,15:03,12,0,6,1.6,2,0,2,3,2,1,3,0,3,3,3,SR-99,PORTER WAY,-122.335375,47.25121389,0,2,89,66,4,25,14,0,0,1,7,12,8,8,2,2,1,2,1,53,0,37,402,2014,0,0,12,,,,,,1,1,86,1,7,1,4,0,1,0,11,4,05/30/2018,14:33,2.23E+11,24572,0,0,3,3,1,0,0,0,0,0,,,,,,0,,,,,,98333,53,70,200,6,1,0,0,1,0,,0,,,,,,0,02/15/2014,02/15/2014,8,0,0,0,0,9,8,,,0,0,0,8,0,2,1,,,1,,,2,1,0,,,,,,,,,,,,,,,,,,,,,,,,,,,,,,0,0,0,1,0,0,0,0,0,0,0,0,0,0,0,0,1,0,0,0,0,0,0,0,0,1,1,1,0,1,1,0,0,0,0,,1,0,0,0,0,0,0,0,0,0,0,0,0,0,0,0,,,,,,81+,76+,State route,U,Wednesday,Belt Used,PV,White,1,0,0,0,State Route,Municipal/City Police,Milton Police Department,0,1,0,0,0,,,,,,0,0,0,,,,,,,,,,,,,,,,,,,,,,,,,,,,,,,,,,,
2018,153,E806043,199,05/30/2018,13:27,30,5,0,53,Pierce,1350,1,0,1,1,2,2,0,3,2,13:28,14:18,15:03,12,0,6,1.6,2,0,2,3,2,1,3,0,3,3,3,SR-99,PORTER WAY,-122.335375,47.25121389,0,1,88,17,2,45,66,1,0,1,7,12,1,1,5,5,1,1,3,53,0,87,884,2012,0,0,12,,,,,,1,1,38,1,0,0,1,0,1,0,11,5,,,,,6,1,0,3,1,39,0,0,0,5,,,,,,0,,,,,,98926,53,65,160,6,1,0,0,0,0,,97,,,,,,0,,,99,0,0,0,8,9,2,,,0,0,0,0,0,8,95,,,96,,,8,95,995,,,,,,,,,,,,,,,,,,,,,,,,,,,,,,0,0,0,1,0,0,0,0,0,0,0,0,0,0,0,0,1,0,0,0,0,0,0,0,0,1,1,1,0,1,1,0,0,0,0,,0,0,0,0,0,0,0,0,1,0,0,0,0,0,0,0,,,,,,36-40,36-45,State route,U,Wednesday,,MHTRUCK,Not Fatal,1,0,0,0,State Route,Municipal/City Police,Milton Police Department,0,1,0,0,0,,,,,,0,0,0,,,,,,,,,,,,,,,,,,,,,,,,,,,,,,,,,,,
2018,161,E806233,2,06/04/2018,14:54,4,6,0,57,Skagit,0,1,0,1,1,2,1,0,2,2,,,,12,0,6,45.7,2,0,3,3,1,1,3,0,0,20,3,SR-20,CAMPBELL LAKE RD,-122.6029389,48.4457,0,1,82,15,2,35,4,0,0,1,7,12,3,1,3,1,11,1,1,53,0,20,32,2002,0,0,12,,,,,,1,1,95,2,7,1,4,0,3,0,11,4,06/04/2018,15:37,5053025145,25145,0,0,3,3,1,38,0,0,0,96,,,,,,0,,,,,,98245,53,65,160,6,1,0,0,0,0,,0,,,,,,0,,,1,0,0,0,0,9,8,,,0,0,0,8,0,2,1,,,1,,,2,1,0,,,,,,,,,,,,,,,,,,,,,,,,,,,,,,0,0,0,1,0,0,0,0,0,0,0,0,0,0,0,0,0,0,1,0,0,0,0,0,0,1,1,1,0,1,0,0,0,0,0,,1,0,0,0,0,0,0,0,0,0,1,0,0,0,0,0,,,,,,81+,76+,State route,R,Monday,Belt Used,PV,White,1,0,0,0,State Route,State Patrol,Washington State Patrol,0,1,0,0,0,,,,,,0,0,0,,,,,,,,,,,,,,,,,,,,,,,,,,,,,,,,,,,
2018,161,E806233,2,06/04/2018,14:54,4,6,0,57,Skagit,0,1,0,1,1,2,1,0,2,2,,,,12,0,6,45.7,2,0,3,3,1,1,3,0,0,0,0,SR-20,CAMPBELL LAKE RD,-122.6029389,48.4457,0,2,83,67,4,50,14,0,0,1,7,12,3,8,4,1,14,1,3,53,0,12,401,2015,0,0,12,,,,,,1,1,56,1,0,0,1,0,3,0,11,0,,,,,0,0,0,3,1,0,0,0,0,96,,,,,,0,,,,,,98277,53,74,210,6,1,0,0,0,0,,0,,,,,,0,,,1,0,0,0,8,9,8,,,0,0,0,8,0,8,95,,,96,,,8,95,995,,,,,,,,,,,,,,,,,,,,,,,,,,,,,,0,0,0,1,0,0,0,0,0,0,0,0,0,0,0,0,0,0,1,0,0,0,0,0,0,1,1,1,0,1,0,0,0,0,0,,0,0,0,0,0,0,0,0,0,0,0,0,0,0,0,0,,,,,,56-60,56-65,State route,R,Monday,Belt Used,PV,Not Fatal,1,0,0,0,State Route,State Patrol,Washington State Patrol,0,1,0,0,0,,,,,,0,0,0,,,,,,,,,,,,,,,,,,,,,,,,,,,,,,,,,,,
2018,163,E806406,2,06/06/2018,5:29,6,6,0,73,Whatcom,0,1,0,4,1,1,1,0,2,1,,,,3,0,0,3.4,1,0,1,6,1,2,4,0,3,0,0,CR-LUMMI SHORE DR,,-122.6196111,48.80107778,0,1,0,10,2,25,2,0,0,1,7,3,2,1,2,1,14,2,2,53,0,37,31,1997,0,0,68,63,3,,,,1,1,29,1,0,0,2,0,20,0,11,4,,,,,0,0,3,2,1,58,0,0,0,93,,,,,,9,,,,,,98230,53,69,180,1,1,1,1,0,1,,11,,,,,,0,06/15/2016,09/15/2017,20,0,0,0,8,9,2,,,0,0,0,1,9,2,177,401,417,1,1,1,2,1,0,,,,,,,,,,,,,,,,,,,,,,,,,,,,,,0,0,0,0,0,0,1,1,0,0,0,0,0,1,0,0,1,0,0,0,0,0,0,0,0,0,0,0,0,1,0,0,0,0,0,,0,0,0,0,0,0,1,1,1,0,0,1,0,0,1,0,,,,,,26-30,26-35,County road,R,Wednesday,Not Used,PV,Not Fatal,0,1,0,0,County Road,State Patrol,Washington State Patrol,1,0,1,0,0,,,,,,0,0,0,,,,,,,,,,,,,,,,,,,,,,,,,,,,,,,,,,,
2018,158,E806457,2,06/01/2018,22:48,1,6,0,57,Skagit,0,1,0,2,1,2,2,0,4,1,22:45,22:54,23:28,43,0,0,58.5,1,0,1,4,1,1,3,0,0,0,0,SR-9,,-122.2245111,48.57047222,0,1,7,6,1,50,15,0,0,1,2,39,1,1,2,1,1,4,2,53,0,23,421,2003,0,0,68,64,43,39,,,1,1,30,1,7,2,4,7,20,0,11,0,06/01/2018,22:48,1.97E+11,24967,0,0,3,2,1,0,0,0,0,96,,,,,,9,,,,,,98284,53,69,290,1,1,0,0,1,2,,0,,,,,,4,09/15/2014,04/15/2018,8,0,0,0,0,1,8,,,0,0,0,8,1,2,996,,,1,,,2,1,0.15,,,,,,,,,,,,,,,,,,,,,,,,,,,,,,0,0,0,0,1,1,1,1,0,0,0,0,1,1,0,0,0,0,0,1,0,0,0,0,0,0,0,0,0,1,0,0,0,1,0,,1,0,0,0,0,1,1,1,0,1,0,1,0,0,0,1,,,,,,26-30,26-35,State route,R,Friday,Not Used,PV,Black,0,1,0,0,State Route,State Patrol,Washington State Patrol,1,1,0,0,0,,,,,,0,0,2,,,,,,,,,,,,,,,,,,,,,,,,,,,,,,,,,,,
2018,172,E807140,35,06/09/2018,16:20,9,6,0,53,Pierce,0,1,0,1,1,2,1,0,3,2,,,,12,0,6,1.1,1,0,1,5,1,2,4,0,0,0,0,CR-NISQUALLY RD SW,,-122.6951056,47.07114444,0,1,66,6,1,40,8,0,0,1,5,12,2,1,2,1,14,1,1,53,0,48,38,2014,0,0,68,12,,,,,1,1,29,1,7,1,4,7,99,0,11,0,06/09/2018,16:20,53953025836,25836,0,0,0,3,1,28,0,0,0,96,,,,,,9,,,,,,98391,53,71,185,6,1,0,0,0,2,,0,,,,,,3,11/15/2015,02/15/2017,99,0,0,0,0,1,8,,,0,0,0,8,1,2,605,695,,1,1,,2,1,0.077,,,,,,,,,,,,,,,,,,,,,,,,,,,,,,0,0,0,0,1,0,1,1,1,0,0,0,1,0,0,0,0,0,0,0,0,0,0,0,0,1,0,0,0,1,0,0,0,0,0,,1,0,0,0,1,0,1,1,0,1,0,0,0,0,0,1,,,,,,26-30,26-35,County road,R,Saturday,Unknown,PV,White,0,1,1,0,County Road,County Sheriff,Law Enforcement Support Agency,0,0,1,0,0,thc,25,carboxy-thc,79,,0,0,0,,,,,,,,,,,,,,,,,,,,,,,,,,,,,,,,,,,
2018,172,E807140,35,06/09/2018,16:20,9,6,0,53,Pierce,0,1,0,1,1,2,1,0,3,2,,,,12,0,6,1.1,1,0,1,5,1,2,4,0,0,0,0,CR-NISQUALLY RD SW,,-122.6951056,47.07114444,0,2,66,62,4,40,15,0,0,1,5,12,8,8,2,1,1,2,3,53,0,20,421,2013,0,0,12,,,,,,1,1,65,1,0,0,0,0,3,0,11,0,,,,,0,0,3,3,1,0,0,0,0,96,,,,,,0,,,,,,98513,53,76,230,6,1,0,1,1,0,,0,,,,,,0,03/15/2015,09/15/2017,1,0,0,0,8,9,8,,,0,0,0,8,0,8,95,,,96,,,8,95,995,,,,,,,,,,,,,,,,,,,,,,,,,,,,,,0,0,0,0,1,0,1,1,1,0,0,0,1,0,0,0,0,0,0,0,0,0,0,0,0,1,0,0,0,1,0,0,0,0,0,,0,0,0,0,0,0,0,0,0,0,0,0,0,0,0,0,,,,,,61-65,56-65,County road,R,Saturday,Belt Used,PV,Not Fatal,0,1,1,0,County Road,County Sheriff,Law Enforcement Support Agency,0,0,1,0,0,,,,,,0,0,0,,,,,,,,,,,,,,,,,,,,,,,,,,,,,,,,,,,
2018,209,E807599,5,06/10/2018,18:38,10,6,0,59,Skamania,0,2,0,1,2,2,1,0,1,1,,,,1,0,0,29.6,1,0,1,3,1,1,3,0,0,0,0,SR-14,,-122.1302639,45.59633056,0,1,1,6,1,55,2,0,0,1,2,1,1,2,2,1,6,1,1,53,0,12,3,2017,0,0,68,68,63,1,42,,1,1,46,1,7,1,4,0,3,0,11,4,06/26/2018,1:39,2.37E+11,28417,0,0,0,3,1,0,0,0,0,96,,,,,,0,,,,,,98671,53,74,235,6,1,1,0,0,1,,0,,,,,,4,04/15/2017,02/15/2018,2,0,0,0,0,9,8,,,0,0,0,8,0,8,95,,,96,,,8,95,995,,,,,,,,,,,,,,,,,,,,,,,,,,,,,,0,0,1,0,0,0,0,0,0,0,0,0,1,0,0,0,0,0,0,0,0,0,0,0,0,0,0,0,0,1,0,0,0,0,0,,1,0,0,0,0,0,0,0,0,1,0,0,0,0,0,0,,,,,,46-50,46-55,State route,R,Sunday,Belt Used,PV,White,0,1,0,0,State Route,State Patrol,Washington State Patrol,1,1,0,0,0,,,,,,0,1,0,,,,,,,,,,,,,,,,,,,,,,,,,,,,,,,,,,,
2018,167,E807736,6,06/10/2018,23:00,10,6,0,37,Kittitas,0,1,0,2,1,1,1,0,3,2,23:06,23:11,,1,0,0,79.8,1,0,1,1,1,1,1,0,0,0,0,I-90,,-120.9902917,47.18608611,0,1,6,6,1,70,4,0,0,1,2,1,1,2,2,3,6,1,1,53,0,49,40,2000,0,0,64,1,69,12,,,1,1,28,2,7,1,4,7,20,0,11,0,06/10/2018,23:00,37053026803,26803,0,0,0,3,1,0,0,0,0,96,,,,,,9,,,,,,98272,53,65,160,6,1,0,5,1,3,,0,,,,,,4,07/15/2014,05/15/2017,1,1,9,0,0,1,8,,,0,0,0,8,1,2,351,401,417,1,1,1,2,1,0.37,,,,,,,,,,,,,,,,,,,,,,,,,,,,,,0,0,1,0,1,1,1,1,1,0,0,0,1,0,0,0,0,0,0,1,0,0,0,0,0,0,0,0,0,1,0,0,0,1,0,,1,0,0,0,0,1,1,1,0,1,0,0,0,0,0,1,,,,,,26-30,26-35,Interstate,R,Sunday,Not Used,PV,White,0,1,0,0,State Route,State Patrol,Washington State Patrol,1,1,0,0,0,thc,8.7,carboxy-thc,6,,0,0,1,1,1,,,,605,695,,,,,,,,,,,,,,,,,,,,,,,,,,,,
2018,167,E807736,6,06/10/2018,23:00,10,6,0,37,Kittitas,0,1,0,2,1,1,1,0,3,2,23:06,23:11,,1,0,0,79.8,1,0,1,1,1,1,1,0,0,0,0,I-90,,-120.9902917,47.18608611,0,2,98,98,7,70,5,0,0,1,7,12,1,2,2,3,6,2,1,53,0,49,46,2013,0,0,12,,,,,,1,1,59,1,0,0,2,0,3,0,11,0,,,,,0,0,3,3,1,0,0,0,0,96,,,,,,0,,,,,,98908,53,68,160,6,1,0,0,0,0,,0,,,,,,0,,,8,0,0,0,8,9,8,,,0,0,0,8,0,8,95,,,96,,,8,95,995,,,,,,,,,,,,,,,,,,,,,,,,,,,,,,0,0,1,0,1,1,1,1,1,0,0,0,1,0,0,0,0,0,0,1,0,0,0,0,0,0,0,0,0,1,0,0,0,0,0,,0,0,0,0,0,0,0,0,0,0,0,0,0,0,0,0,,,,,,56-60,56-65,Interstate,R,Sunday,Belt Used,PV,Not Fatal,0,1,0,0,State Route,State Patrol,Washington State Patrol,1,1,0,0,0,,,,,,0,0,0,,,,,,,,,,,,,,,,,,,,,,,,,,,,,,,,,,,
2018,173,E807878,2,06/10/2018,21:40,10,6,0,73,Whatcom,0,1,0,2,1,1,1,0,1,1,,,,34,0,0,0.6,1,0,1,6,1,2,4,0,0,0,0,CR-GOODWIN RD,,-122.2877667,48.92060833,0,1,6,12,2,35,14,0,0,1,7,34,1,1,2,1,1,1,1,53,0,3,402,2006,0,0,68,64,34,,,,1,1,30,1,7,1,4,7,20,0,11,0,06/10/2018,21:40,53026192,26192,0,0,0,3,1,0,0,0,0,96,,,,,,99,,,,,,98247,53,72,275,6,1,0,1,1,1,,0,,,,,,0,01/15/2015,09/15/2017,20,0,0,0,0,9,8,,,0,0,0,8,9,2,151,996,996,1,1,1,2,1,0,,,,,,,,,,,,,,,,,,,,,,,,,,,,,,0,0,1,0,0,0,1,1,0,0,0,0,0,0,0,0,0,0,0,1,0,0,0,0,0,0,0,0,0,1,0,0,0,1,0,,1,0,0,0,0,0,1,1,0,0,0,0,0,0,1,0,,,,,,26-30,26-35,County road,R,Sunday,Not Used,PV,White,0,1,0,0,County Road,State Patrol,Washington State Patrol,1,0,1,0,0,,,,,,0,0,0,1,,,,,996,,,,,,,,,,,,,,,,,,,,,,,,,,,,,