year,case,par,repjur,crash_dt,crash_tm,accday,accmon,holiday,county,co_char,city,weather,weather2,lightcond,surfcond,surftype,numfatal,nmforms,pforms,vforms,not_tm,arr_tm,hosp_tm,fhevent,hitrun,manncol,milepnt,reljunc,reljuncinter,intersectiontype,funcsystem,landuse,ownership,route,schlbus,spejur,contdev,devfunc,trafid1,trafid2,x,y,wk_zone,vnumber,crashtype,criticalevent,criticaleventcat,spdlim,body,trailer,emerg,hazcargo,leave,mhevent,roadalgn,roadprof,traflane,trafflow,vehmanvr,numoccs,regowner,regstate,spuse,make,model,modelyr,vrf1,vrf2,seqevent1,seqevent2,seqevent3,seqevent4,seqevent5,seqevent6,pnumber,ptype,age,sex,hispanic,race,injury,diedscene,restraint,restraintmisuse,seatpos,takehosp,death_dt,death_tm,cert,cernum_wa,commlic,licendor,licrestrict,liccomp,drivpres,drf1,drf2,drf3,drf4,distract1,distract2,distract3,distract4,distract5,distract6,dricond1,dricond2,dricond3,dricond4,dricond5,dricond6,dzip,licstate,drhgt_in,weight,noncdl,noncdltype,prevdwi,prevoth,prevacc,prevspd,prevsus,driviol1,driviol2,driviol3,driviol4,driviol5,driviol6,spdrel,first_dt,last_dt,airbag,ejection,ejectpath,extricat,injurwrk,methalc,methdrug,nmlocat,strikveh,prf1,prf2,prf3,druginv,alcinvol,drugsts,drugres1,drugres2,drugres3,drugtst1,drugtst2,drugtst3,alcsts,alctst,alcres,nmact1,nmact2,nmact3,nmact4,nmact5,nmact6,nmprior1,nmprior2,nmprior3,nmprior4,nmprior5,nmprior6,nmcond1,nmcond2,nmcond3,nmcond4,nmcond5,nmcond6,nmsafe_helmet,nmsafe_pads,nmsafe_oth,nmprev_ref,nmprev_lgt,nmprev_oth,crashlocation,nmcrashtype,crosswalk,schoolzone,sidewalk,train_inv,wildlife_inv,rotr_fars,intersect_fars,dd_inv,aid_inv,dpd_inv,id_inv,mj_inv,impnm_inv,ainm_inv,dpnm_inv,speed_inv,unlic_inv,unendmc_inv,drowsy_inv,drdist_inv,nmdist_inv,fty_inv,unrestfat_inv,dr1617_inv,dr1820_inv,dr1620_inv,dr2125_inv,dr1625_inv,dr65_inv,dr70_inv,dr75_inv,mc_inv,pv_inv,ht_inv,ped_inv,bike_inv,unrest_fat,mc_fat,unhelmet_mc,pv_fat,ht_fat,ped_fat,bike_fat,dr_alc7,dr_alc8,dr_drug,dr_imp,dr_dist,dr_spd,dr_fty,dr_unlic,dr_alc7only,dr_alc8only,dr_drugonly,dr_drink,nm_imp,nm_alc7,nm_alc8,nm_drug,nm_dist,agegrp1,agegrp2,roadclass,urbrur,dayweek,restuse,vehtype,race_me,intersect,lanedep,oppdir,wrongway,rep_typ,investag,repag_long,rotr,st_rd,cty_rd,city_rd,oth_rd,drug_thc,thc_res,drug_cthc,cthc_res,drug_cann,prevpersemin,prevperse,prevsusoth,drugtst4,drugtst5,drugtst6,drugtst7,drugtst8,drugres4,drugres5,drugres6,drugres7,drugres8,adspresent,adsengaged,adslevel,race1,race2,race3,race4,race5,helmet,helmetmisuse,nmdistract1,nmdistract2,nmdistract3,nmdistract4,nmdistract5,nmdistract6,lab,isedtcase,crf1,crf2,crf3,CoRoadName,CoMP,IntCoRoadName,IntCoMP
2018,174,E807920,25,06/10/2018,0:28,10,6,0,33,King,0,1,0,2,1,2,1,0,1,1,,,,24,0,0,5.2,1,0,1,4,2,2,4,0,0,0,0,CR-KENT BLACK DIAMOND RD,,-122.0996111,47.31576111,0,1,6,12,2,98,14,0,0,1,7,24,1,2,2,1,1,1,1,53,0,48,403,2018,0,0,68,64,24,42,,,1,1,26,1,1,1,4,7,3,0,11,0,06/10/2018,0:45,14653026033,26033,0,0,3,3,1,0,0,0,0,96,,,,,,9,,,,,,98042,53,64,168,6,1,0,0,0,0,,0,,,,,,0,,,8,0,0,0,0,1,8,,,0,0,0,8,1,2,1,,,1,,,2,1,0.2,,,,,,,,,,,,,,,,,,,,,,,,,,,,,,0,0,1,0,1,1,0,1,0,0,0,0,0,0,0,0,0,0,0,0,0,0,0,0,0,0,0,0,0,1,0,0,0,0,0,,1,0,0,0,0,1,0,1,0,0,0,0,0,1,0,1,,,,,,26-30,26-35,County road,U,Sunday,Belt Used,PV,Hispanic,0,1,0,0,County Road,County Sheriff,King County Police,1,0,1,0,0,,,,,,0,0,0,,,,,,,,,,,,,,,,,,,,,,,,,,,,,,,,,,,
2018,160,E808678,21,06/03/2018,22:30,3,6,0,25,Grant,0,1,0,2,1,7,1,0,2,1,,,,1,0,0,9.6,1,0,1,7,1,2,4,0,0,0,0,CR-ROAD P NW,,-119.8327139,47.27206667,0,1,2,13,2,50,2,0,0,1,7,1,3,2,2,1,14,2,1,53,0,19,18,2011,0,0,63,1,,,,,1,1,48,2,0,0,3,0,3,0,11,4,,,,,0,0,0,3,1,58,0,0,0,96,,,,,,99,,,,,,98848,53,65,160,6,1,1,1,0,0,,1,,,,,,3,08/15/2016,11/15/2016,8,0,0,0,8,9,8,,,0,0,0,8,1,8,95,,,96,,,8,95,995,,,,,,,,,,,,,,,,,,,,,,,,,,,,,,0,0,0,0,1,0,0,0,0,0,0,0,1,0,0,0,0,0,0,1,0,0,0,0,0,0,0,0,0,1,0,0,0,0,0,,0,0,0,0,0,0,0,0,0,1,0,0,0,0,0,1,,,,,,46-50,46-55,County road,R,Sunday,Belt Used,PV,Not Fatal,0,1,0,0,County Road,County Sheriff,Grant County Sheriff's Office,1,0,1,0,0,,,,,,0,1,0,,,,,,,,,,,,,,,,,,,,,,,,,,,,,,,,,,,
2018,177,E808702,1,06/14/2018,9:15,14,6,0,13,Columbia,0,1,0,1,1,2,2,0,5,3,9:16,9:26,9:55,12,0,2,357.3,1,0,1,3,1,1,2,0,0,0,0,US-12,,-118.1018583,46.28805278,0,3,98,98,7,60,80,0,0,1,7,54,3,1,2,1,14,2,1,53,0,72,706,2010,0,0,54,,,,,,1,1,53,1,0,0,1,0,5,0,11,0,,,,,6,0,0,3,1,0,0,0,0,96,,,,,,0,,,,,,64759,29,74,235,6,1,0,0,0,0,,0,,,,,,0,,,20,8,0,0,8,9,8,,,0,0,0,8,0,8,95,,,96,,,8,95,995,,,,,,,,,,,,,,,,,,,,,,,,,,,,,,0,0,0,0,1,0,1,1,1,0,0,0,0,0,0,0,0,0,0,0,0,0,0,0,0,1,0,0,1,1,0,0,0,0,0,0,0,0,0,0,0,0,0,0,0,0,0,0,0,0,0,0,,,,,,51-55,46-55,US highway,R,Thursday,,MC,Not Fatal,0,1,1,0,State Route,State Patrol,Washington State Patrol,0,1,0,0,0,,,,,,0,0,0,,,,,,,,,,,,,,,,,,,,,,,,,,,,,,,,,,,
2018,177,E808702,1,06/14/2018,9:15,14,6,0,13,Columbia,0,1,0,1,1,2,2,0,5,3,9:16,9:26,9:55,12,0,2,357.3,1,0,1,3,1,1,2,0,0,0,0,US-12,,-118.1018583,46.28805278,0,2,51,10,2,60,4,0,0,1,2,12,3,1,2,1,14,1,1,41,0,20,2,2004,0,0,68,12,,,,,1,1,69,2,7,1,4,7,3,0,11,0,06/14/2018,9:15,53026818,26818,0,0,0,3,1,28,0,0,0,96,,,,,,99,,,,,,97487,41,69,180,6,1,0,0,0,0,,0,,,,,,0,,,1,0,0,0,0,9,8,,,0,0,0,8,9,2,996,,,1,,,2,1,0,,,,,,,,,,,,,,,,,,,,,,,,,,,,,,0,0,0,0,1,0,1,1,1,0,0,0,0,0,0,0,0,0,0,0,0,0,0,0,0,1,0,0,1,1,0,0,0,0,0,,1,0,0,0,0,0,1,1,0,0,0,0,0,0,1,0,,,,,,66-70,66-75,US highway,R,Thursday,Belt Used,PV,White,0,1,1,0,State Route,State Patrol,Washington State Patrol,0,1,0,0,0,,,,,,0,0,0,,,,,,,,,,,,,,,,,,,,,,,,,,,,,,,,,,,
2018,177,E808702,1,06/14/2018,9:15,14,6,0,13,Columbia,0,1,0,1,1,2,2,0,5,3,9:16,9:26,9:55,12,0,2,357.3,1,0,1,3,1,1,2,0,0,0,0,US-12,,-118.1018583,46.28805278,0,1,50,10,2,60,6,0,0,1,2,12,2,1,2,1,14,2,1,53,0,2,1,2008,0,0,68,12,60,54,,,1,1,42,2,7,1,4,7,3,0,11,0,06/14/2018,9:15,53026819,26819,0,0,3,3,1,28,0,0,0,96,,,,,,9,,,,,,99361,53,66,250,6,1,0,0,1,0,,0,,,,,,0,06/15/2014,06/15/2014,1,0,0,0,0,1,8,,,0,0,0,8,1,2,401,605,695,1,1,1,2,1,0.013,,,,,,,,,,,,,,,,,,,,,,,,,,,,,,0,0,0,0,1,0,1,1,1,0,0,0,0,0,0,0,0,0,0,0,0,0,0,0,0,1,0,0,1,1,0,0,0,0,0,,1,0,0,0,1,0,1,1,0,0,0,0,0,0,0,1,,,,,,41-45,36-45,US highway,R,Thursday,Belt Used,PV,White,0,1,1,0,State Route,State Patrol,Washington State Patrol,0,1,0,0,0,thc,34,carboxy-thc,38,,0,0,0,1,1,,,,996,996,,,,,,,,,,,,,,,,,,,,,,,,,,,,
2018,166,E808794,6,06/10/2018,12:37,10,6,0,7,Chelan,0,1,0,1,1,2,1,0,2,2,,,,12,0,6,115.2,2,0,2,3,1,1,2,0,0,3,3,US-2,EASY ST,-120.4125361,47.48713889,0,2,86,66,4,60,14,0,0,1,7,12,1,1,5,1,1,1,1,53,0,12,401,1991,0,0,12,,,,,,1,1,30,1,0,0,2,0,3,0,11,6,,,,,0,0,0,3,1,0,0,0,0,96,,,,,,0,,,,,,98801,53,69,170,6,1,0,0,0,0,,0,,,,,,0,,,20,0,0,0,8,9,8,,,0,0,0,8,0,8,95,,,96,,,8,95,995,,,,,,,,,,,,,,,,,,,,,,,,,,,,,,0,0,0,1,0,0,0,0,0,0,0,0,0,0,0,0,0,0,0,0,0,0,0,0,0,1,1,1,0,1,0,0,0,0,0,,0,0,0,0,0,0,0,0,0,0,0,0,0,0,0,0,,,,,,26-30,26-35,US highway,R,Sunday,Belt Used,PV,Not Fatal,1,0,0,0,State Route,State Patrol,Washington State Patrol Headquarter,0,1,0,0,0,,,,,,0,0,0,,,,,,,,,,,,,,,,,,,,,,,,,,,,,,,,,,,
2018,166,E808794,6,06/10/2018,12:37,10,6,0,7,Chelan,0,1,0,1,1,2,1,0,2,2,,,,12,0,6,115.2,2,0,2,3,1,1,2,0,0,3,3,US-2,EASY ST,-120.4125361,47.48713889,0,1,87,17,2,60,14,0,0,1,7,12,1,1,2,1,3,1,1,53,0,49,403,2001,0,0,12,68,64,38,,,1,1,81,1,7,1,4,0,3,0,11,5,06/10/2018,14:56,2.46E+11,25874,0,0,3,3,1,39,0,0,0,96,,,,,,99,,,,,,98836,53,69,141,6,1,0,0,0,0,,0,,,,,,0,,,20,0,0,0,0,9,8,,,0,0,0,8,9,8,95,,,96,,,8,95,995,,,,,,,,,,,,,,,,,,,,,,,,,,,,,,0,0,0,1,0,0,0,0,0,0,0,0,0,0,0,0,0,0,0,0,0,0,0,0,0,1,1,1,0,1,0,0,0,0,0,,1,0,0,0,0,0,0,0,0,0,0,0,0,0,0,0,,,,,,81+,76+,US highway,R,Sunday,Belt Used,PV,White,1,0,0,0,State Route,State Patrol,Washington State Patrol Headquarter,0,1,0,0,0,,,,,,0,0,0,,,,,,,,,,,,,,,,,,,,,,,,,,,,,,,,,,,
2018,178,E808823,42,06/16/2018,15:56,16,6,0,67,Thurston,0,1,0,1,1,2,1,0,1,1,,,,1,0,0,0.9,1,0,1,5,1,2,4,0,0,0,0,CR-SPURGEON CREEK RD SE,,-122.7677583,46.955275,0,1,2,13,2,50,80,0,0,1,7,1,2,2,2,1,14,1,1,53,0,76,705,2011,0,0,63,1,18,30,,,1,1,36,1,1,1,4,0,19,0,11,4,06/16/2018,18:54,1.59E+11,27348,0,0,0,3,1,0,0,0,0,96,,,,,,99,,,,,,98418,53,68,150,6,1,0,1,1,0,,0,,,,,,4,06/15/2016,09/15/2017,20,8,0,0,0,9,8,,,0,0,0,8,9,2,605,695,,1,1,,2,1,0,,,,,,,,,,,,,,,,,,,,,,,,,,,,,,0,0,0,0,0,0,1,1,1,0,0,0,1,0,0,0,0,0,0,0,0,0,0,0,0,0,0,0,1,0,0,0,0,0,1,0,0,0,0,0,0,0,1,1,0,1,0,0,0,0,1,0,,,,,,36-40,36-45,County road,R,Saturday,,MC,Hispanic,0,0,0,0,County Road,County Sheriff,Thurston County Sheriff's Office,0,0,1,0,0,thc,2.9,carboxy-thc,6.8,,0,0,0,,,,,,,,,,,,,,,,,,,,,,,,,,,,,,,,,,,
2018,179,E808868,2,06/12/2018,23:20,12,6,0,29,Island,0,1,0,2,1,2,1,0,2,2,,,,24,0,0,13.6,1,0,1,3,1,1,3,0,0,0,0,SR-525,,-122.4409222,48.00401944,0,1,1,13,2,55,80,0,0,1,7,24,3,1,2,1,14,1,1,53,0,37,706,2000,0,0,63,24,69,12,,,1,1,30,1,7,1,4,7,19,0,11,0,06/12/2018,23:20,1.14E+11,26115,0,0,0,2,1,0,0,0,0,96,,,,,,9,,,,,,98249,53,70,145,6,1,0,0,1,0,,0,,,,,,4,05/15/2014,05/15/2014,20,8,0,0,0,1,8,,,0,0,0,8,1,2,605,695,,1,1,,2,1,0.18,,,,,,,,,,,,,,,,,,,,,,,,,,,,,,0,0,1,0,1,1,1,1,1,0,0,0,1,1,1,0,0,0,0,0,0,0,0,0,0,0,0,0,1,1,0,0,0,0,1,0,0,0,0,0,0,1,1,1,0,1,0,0,0,0,0,1,,,,,,26-30,26-35,State route,R,Tuesday,,MC,White,0,1,0,0,State Route,State Patrol,Washington State Patrol,1,1,0,0,0,thc,4.8,carboxy-thc,22,,0,0,0,,,,,,,,,,,,,,,,,,,,,,,,,,,,,,,,,,,
2018,179,E808868,2,06/12/2018,23:20,12,6,0,29,Island,0,1,0,2,1,2,1,0,2,2,,,,24,0,0,13.6,1,0,1,3,1,1,3,0,0,0,0,SR-525,,-122.4409222,48.00401944,0,2,98,62,4,55,15,0,0,1,7,12,2,1,2,1,14,1,1,53,0,20,421,1996,0,0,12,,,,,,1,1,37,1,0,0,0,0,3,0,11,0,,,,,0,0,0,2,1,0,0,0,0,96,,,,,,0,,,,,,98249,53,72,280,1,1,0,2,1,3,,0,,,,,,0,07/15/2013,12/15/2017,20,0,0,0,8,9,8,,,0,0,0,8,0,8,95,,,96,,,8,95,995,,,,,,,,,,,,,,,,,,,,,,,,,,,,,,0,0,1,0,1,1,1,1,1,0,0,0,1,1,1,0,0,0,0,0,0,0,0,0,0,0,0,0,1,1,0,0,0,0,0,,0,0,0,0,0,0,0,0,0,0,0,1,0,0,0,0,,,,,,36-40,36-45,State route,R,Tuesday,Belt Used,PV,Not Fatal,0,1,0,0,State Route,State Patrol,Washington State Patrol,1,1,0,0,0,,,,,,0,0,9,,,,,,,,,,,,,,,,,,,,,,,,,,,,,,,,,,,
2018,175,E809027,5,06/11/2018,23:57,11,6,0,11,Clark,240,1,0,2,1,2,1,1,1,1,,,,8,0,0,10.7,1,0,1,3,2,1,3,0,0,0,0,SR-14,,-122.4634611,45.58306667,0,1,13,80,5,60,5,0,0,1,2,8,1,1,2,3,1,1,1,53,0,49,46,2015,0,0,8,,,,,,1,1,54,1,0,0,2,0,3,0,11,8,,,,,0,0,0,3,1,0,0,0,0,96,,,,,,0,,,,,,98671,53,68,170,6,1,0,0,1,0,,0,,,,,,0,11/15/2014,11/15/2014,8,0,0,0,8,9,2,,,0,0,0,0,0,8,95,,,96,,,8,95,995,,,,,,,,,,,,,,,,,,,,,,,,,,,,,,0,0,0,0,0,0,0,0,0,1,0,1,0,0,0,0,0,0,0,0,0,0,0,0,0,0,0,0,0,1,0,1,0,0,0,,0,0,0,0,0,0,0,0,0,0,0,0,0,0,0,0,,,,,,51-55,46-55,State route,U,Monday,Belt Used,PV,Not Fatal,0,0,0,0,State Route,State Patrol,Washington State Patrol,0,1,0,0,0,,,,,,0,0,0,,,,,,,,,,,,,,,,,,,,,,,,,,,,,,,,,,,
2018,181,E809308,3,06/17/2018,4:41,17,6,0,67,Thurston,1102,10,0,4,1,1,1,0,2,2,,,,12,0,2,110.5,1,0,1,1,2,1,1,0,0,0,0,I-5,,-122.7972111,47.05850833,0,1,50,54,3,98,4,0,0,1,7,12,1,2,3,3,1,1,1,53,0,20,37,2018,0,0,12,,,,,,1,1,28,1,7,2,4,7,3,0,11,0,06/17/2018,4:52,1.10E+11,27831,0,0,0,3,1,51,0,0,0,96,,,,,,99,,,,,,70125,22,69,240,6,1,0,0,0,4,,0,,,,,,0,06/15/2014,12/15/2016,8,0,0,0,0,9,8,,,0,0,0,8,9,2,1,,,1,,,2,1,0.13,,,,,,,,,,,,,,,,,,,,,,,,,,,,,,0,0,0,0,1,1,0,1,0,0,0,0,0,0,0,0,0,0,0,0,1,0,1,0,1,0,0,0,0,1,0,0,0,0,0,,1,0,0,0,0,1,0,1,0,0,0,0,0,1,0,1,,,,,,26-30,26-35,Interstate,U,Sunday,Belt Used,PV,Black,0,0,0,1,State Route,State Patrol,Washington State Patrol,0,1,0,0,0,,,,,,0,0,0,,,,,,,,,,,,,,,,,,,,,,,,,,,,,,,,,,,
2018,181,E809308,3,06/17/2018,4:41,17,6,0,67,Thurston,1102,10,0,4,1,1,1,0,2,2,,,,12,0,2,110.5,1,0,1,1,2,1,1,0,0,0,0,I-5,,-122.7972111,47.05850833,0,2,51,54,3,60,14,0,0,1,7,12,1,2,3,3,1,1,2,53,0,49,401,2008,0,0,12,,,,,,1,1,16,2,0,0,2,0,3,0,11,4,,,,,0,0,3,3,1,0,0,0,0,0,,,,,,0,,,,,,98532,53,62,120,6,2,0,0,0,0,,0,,,,,,0,,,8,0,0,0,8,9,8,,,0,0,0,8,0,8,95,,,96,,,8,95,995,,,,,,,,,,,,,,,,,,,,,,,,,,,,,,0,0,0,0,1,1,0,1,0,0,0,0,0,0,0,0,0,0,0,0,1,0,1,0,1,0,0,0,0,1,0,0,0,0,0,,0,0,0,0,0,0,0,0,0,0,0,0,0,0,0,0,,,,,,16-17,16-25,Interstate,U,Sunday,Belt Used,PV,Not Fatal,0,0,0,1,State Route,State Patrol,Washington State Patrol,0,1,0,0,0,,,,,,0,0,0,,,,,,,,,,,,,,,,,,,,,,,,,,,,,,,,,,,
2018,182,E809533,56,06/17/2018,9:24,17,6,0,35,Kitsap,111,1,0,1,1,2,1,2,1,1,9:25,9:30,,8,0,0,0,1,0,1,4,2,4,6,0,0,0,0,FINCH RD NE,,-122.5370056,47.63126944,0,1,13,11,2,30,14,0,0,1,7,8,1,1,2,1,1,1,2,53,0,37,402,2006,0,0,8,8,,,,,1,1,18,1,0,0,0,0,99,0,11,0,,,,,0,0,0,3,1,0,0,0,0,0,,,,,,2,,,,,,98110,53,71,145,6,1,0,0,0,0,,97,,,,,,3,,,20,0,0,0,8,9,8,,,0,0,0,8,0,2,1,,,1,,,2,1,0,,,,,,,,,,,,,,,,,,,,,,,,,,,,,,0,0,0,0,0,0,0,0,0,0,0,0,1,0,0,1,0,0,0,0,0,1,1,0,1,0,0,0,0,1,0,1,0,0,0,,0,0,0,0,0,0,0,0,0,1,0,0,0,0,0,0,,,,,,18-20,16-25,City street,U,Sunday,Unknown,PV,Not Fatal,0,0,0,0,City Street,Municipal/City Police,Bainbridge Island Police Department,0,0,0,1,0,,,,,,0,0,0,,,,,,,,,,,,,,,,,,,,,,,,,,,,,,,,,,,
2018,183,E809540,25,06/13/2018,5:34,13,6,0,33,King,0,2,0,1,2,2,2,0,2,1,,,,42,0,0,7.1,1,0,1,4,2,2,4,0,0,0,0,CR-E VALLEY HWY S,,-122.2299083,47.36083611,0,1,7,6,1,40,2,0,0,1,7,42,1,1,4,1,1,2,1,53,0,34,36,2007,0,0,68,64,42,2,,,1,1,28,1,7,1,4,7,3,0,11,0,06/13/2018,5:34,10053027271,27271,0,0,0,2,1,0,0,0,0,96,,,,,,99,,,,,,98106,53,72,163,1,1,0,3,1,1,,0,,,,,,3,07/15/2013,04/15/2018,99,0,0,0,0,9,8,,,0,0,0,8,9,2,401,402,407,1,1,1,2,1,0.17,,,,,,,,,,,,,,,,,,,,,,,,,,,,,,0,0,0,0,1,1,1,1,0,0,0,0,1,1,0,0,0,0,0,0,0,0,0,0,0,0,0,0,0,1,0,0,0,0,0,,1,0,0,0,0,1,1,1,0,1,0,1,0,0,0,1,,,,,,26-30,26-35,County road,U,Wednesday,Belt Used,PV,White,0,1,0,0,County Road,County Sheriff,King County Police,1,0,1,0,0,,,,,,0,0,2,1,1,,,,417,996,,,,,,,,,,,,,,,,,,,,,,,,,,,,
2018,192,E809550,35,06/14/2018,12:20,14,6,0,53,Pierce,0,1,0,1,1,2,1,0,1,1,12:25,12:30,,42,0,0,2.3,1,0,1,5,2,2,4,0,0,0,0,CR-108TH ST S,,-122.4439694,47.159175,0,1,2,6,1,35,10,0,0,1,5,42,1,1,2,1,6,1,1,53,0,20,7,1987,0,0,63,69,68,68,63,42,1,1,41,1,7,2,4,7,99,0,11,0,06/14/2018,12:45,2.23E+11,26778,0,0,3,3,1,0,0,0,0,96,,,,,,9,,,,,,98455,53,72,175,6,1,1,0,0,0,,0,,,,,,3,01/15/2014,05/15/2014,20,0,0,0,0,9,1,,,0,0,0,1,0,2,605,695,,1,1,,2,1,0,,,,,,,,,,,,,,,,,,,,,,,,,,,,,,0,0,0,0,0,0,1,1,1,0,0,0,1,0,0,0,0,0,0,0,0,0,0,0,0,0,0,0,0,1,0,0,0,0,0,,1,0,0,0,0,0,1,1,0,1,0,0,0,0,1,0,,,,,,41-45,36-45,County road,U,Thursday,Unknown,PV,Black,0,1,0,0,County Road,County Sheriff,Law Enforcement Support Agency,1,0,1,0,0,thc,6.4,carboxy-thc,9.8,,0,1,0,,,,,,,,,,,,,,,,,,,,,,,,,,,,,,,,,,,
2018,162,E809587,5,06/07/2018,12:24,7,6,0,11,Clark,2370,10,0,1,1,2,1,0,3,3,12:22,12:27,,12,0,1,0.3,20,1,1,1,2,1,1,0,0,0,0,I-205 RAMP S502801,,-122.5586472,45.61871944,0,3,98,87,6,98,5,0,0,1,7,12,3,2,1,6,5,1,1,41,0,49,46,2015,0,0,12,,,,,,1,1,61,2,0,0,3,0,3,0,11,4,,,,,0,0,0,3,1,0,0,0,0,12,,,,,,0,,,,,,97431,41,66,148,6,1,0,0,0,0,,0,,,,,,0,,,20,0,0,0,8,9,8,,,0,0,0,8,0,8,95,,,96,,,8,95,995,,,,,,,,,,,,,,,,,,,,,,,,,,,,,,0,0,0,0,0,0,1,1,0,0,0,0,0,0,0,0,1,0,0,0,0,0,0,0,0,0,0,0,0,1,0,0,0,0,0,,0,0,0,0,0,0,0,0,1,0,0,0,0,0,0,0,,,,,,61-65,56-65,Interstate,U,Thursday,Belt Used,PV,Not Fatal,0,0,0,0,State Route,State Patrol,WASHINGTON STATE PATROL,0,1,0,0,0,,,,,,0,0,0,,,,,,,,,,,,,,,,,,,,,,,,,,,,,,,,,,,
2018,162,E809587,5,06/07/2018,12:24,7,6,0,11,Clark,2370,10,0,1,1,2,1,0,3,3,12:22,12:27,,12,0,1,0.3,20,1,1,1,2,1,1,0,0,0,0,I-205 RAMP S502801,,-122.5586472,45.61871944,0,2,29,53,3,98,4,0,0,1,2,12,3,2,1,6,2,1,1,53,0,35,39,2009,0,0,12,12,,,,,1,1,51,1,7,1,4,7,3,0,11,0,06/07/2018,12:24,2.37E+11,26878,0,0,3,3,1,0,0,0,0,96,,,,,,99,,,,,,98642,53,69,227,6,1,0,1,0,1,,0,,,,,,0,08/15/2015,08/15/2016,1,0,0,0,0,9,8,,,0,0,0,8,9,2,996,,,1,,,2,1,0,,,,,,,,,,,,,,,,,,,,,,,,,,,,,,0,0,0,0,0,0,1,1,0,0,0,0,0,0,0,0,1,0,0,0,0,0,0,0,0,0,0,0,0,1,0,0,0,0,0,,1,0,0,0,0,0,1,1,0,0,0,0,0,0,1,0,,,,,,51-55,46-55,Interstate,U,Thursday,Belt Used,PV,White,0,0,0,0,State Route,State Patrol,WASHINGTON STATE PATROL,0,1,0,0,0,,,,,,0,0,0,,,,,,,,,,,,,,,,,,,,,,,,,,,,,,,,,,,
2018,162,E809587,5,06/07/2018,12:24,7,6,0,11,Clark,2370,10,0,1,1,2,1,0,3,3,12:22,12:27,,12,0,1,0.3,20,1,1,1,2,1,1,0,0,0,0,I-205 RAMP S502801,,-122.5586472,45.61871944,0,1,28,52,3,98,34,0,0,1,2,12,3,2,1,6,14,1,2,41,0,7,482,2017,0,0,12,,,,,,1,1,53,1,0,0,0,0,3,0,11,0,,,,,0,0,3,3,1,26,0,0,0,96,,,,,,0,,,,,,98684,41,69,170,6,1,1,3,0,0,,97,,,,,,0,07/15/2013,07/15/2017,20,0,0,0,8,9,2,,,0,0,0,0,0,2,1,,,1,,,2,1,0,,,,,,,,,,,,,,,,,,,,,,,,,,,,,,0,0,0,0,0,0,1,1,0,0,0,0,0,0,0,0,1,0,0,0,0,0,0,0,0,0,0,0,0,1,0,0,0,0,0,,0,0,0,0,0,0,0,0,0,0,0,0,0,0,0,0,,,,,,51-55,46-55,Interstate,U,Thursday,Belt Used,PV,Not Fatal,0,0,0,0,State Route,State Patrol,WASHINGTON STATE PATROL,0,1,0,0,0,,,,,,0,0,0,,,,,,,,,,,,,,,,,,,,,,,,,,,,,,,,,,,
2018,193,E809655,2,06/13/2018,13:32,13,6,0,57,Skagit,0,2,0,1,2,2,1,0,1,1,,,,1,0,0,35.9,1,0,1,4,1,1,3,0,0,0,0,SR-530,,-121.5566778,48.30083889,0,1,6,12,2,55,14,0,0,1,7,42,3,1,2,1,14,1,1,53,0,18,402,2004,0,0,68,64,1,42,,,1,1,70,1,7,1,4,7,3,0,11,0,06/13/2018,13:40,53026615,26615,0,0,3,3,1,0,0,0,0,96,,,,,,9,,,,,,98241,53,72,200,6,1,0,0,0,0,,0,,,,,,4,,,1,0,0,0,0,1,8,,,0,0,0,8,1,2,1,,,1,,,2,1,0.095,,,,,,,,,,,,,,,,,,,,,,,,,,,,,,0,0,1,0,1,1,0,1,0,0,0,0,1,0,0,0,0,0,0,0,0,0,0,0,0,1,1,0,0,1,0,0,0,0,0,,1,0,0,0,0,1,0,1,0,1,0,0,0,1,0,1,,,,,,66-70,66-75,State route,R,Wednesday,Belt Used,PV,White,0,1,0,0,State Route,State Patrol,Washington State Patrol,1,1,0,0,0,,,,,,0,0,0,,,,,,,,,,,,,,,,,,,,,,,,,,,,,,,,,,,
2018,194,E810448,26,06/19/2018,0:51,19,6,0,35,Kitsap,0,1,0,3,1,2,1,0,3,2,0:58,1:17,2:19,12,0,6,2,2,0,2,5,1,2,4,0,0,0,0,CR-HANSVILLE RD NE,NE LITTLE BOSTON RD,-122.5412389,47.87143889,0,1,68,15,2,45,6,0,0,1,7,30,1,2,3,1,11,1,1,53,0,48,45,2005,0,0,12,64,30,43,1,,1,1,38,1,0,0,3,0,99,0,11,5,,,,,0,0,0,3,1,0,0,0,0,96,,,,,,0,,,,,,98312,53,67,200,6,1,0,0,0,0,,0,,,,,,0,,,8,0,0,1,8,9,8,,,0,0,0,8,0,8,95,,,96,,,8,95,995,,,,,,,,,,,,,,,,,,,,,,,,,,,,,,0,0,0,1,0,0,1,1,0,0,0,0,1,0,0,0,0,0,0,0,0,1,1,0,1,0,0,0,0,1,0,0,0,0,0,,0,0,0,0,0,0,0,0,0,0,0,0,0,0,0,0,,,,,,36-40,36-45,County road,R,Tuesday,Unknown,PV,Not Fatal,1,0,0,0,County Road,County Sheriff,Kitsap County Sheriff's Office,0,0,1,0,0,,,,,,0,0,0,,,,,,,,,,,,,,,,,,,,,,,,,,,,,,,,,,,