year,case,par,repjur,crash_dt,crash_tm,accday,accmon,holiday,county,co_char,city,weather,weather2,lightcond,surfcond,surftype,numfatal,nmforms,pforms,vforms,not_tm,arr_tm,hosp_tm,fhevent,hitrun,manncol,milepnt,reljunc,reljuncinter,intersectiontype,funcsystem,landuse,ownership,route,schlbus,spejur,contdev,devfunc,trafid1,trafid2,x,y,wk_zone,vnumber,crashtype,criticalevent,criticaleventcat,spdlim,body,trailer,emerg,hazcargo,leave,mhevent,roadalgn,roadprof,traflane,trafflow,vehmanvr,numoccs,regowner,regstate,spuse,make,model,modelyr,vrf1,vrf2,seqevent1,seqevent2,seqevent3,seqevent4,seqevent5,seqevent6,pnumber,ptype,age,sex,hispanic,race,injury,diedscene,restraint,restraintmisuse,seatpos,takehosp,death_dt,death_tm,cert,cernum_wa,commlic,licendor,licrestrict,liccomp,drivpres,drf1,drf2,drf3,drf4,distract1,distract2,distract3,distract4,distract5,distract6,dricond1,dricond2,dricond3,dricond4,dricond5,dricond6,dzip,licstate,drhgt_in,weight,noncdl,noncdltype,prevdwi,prevoth,prevacc,prevspd,prevsus,driviol1,driviol2,driviol3,driviol4,driviol5,driviol6,spdrel,first_dt,last_dt,airbag,ejection,ejectpath,extricat,injurwrk,methalc,methdrug,nmlocat,strikveh,prf1,prf2,prf3,druginv,alcinvol,drugsts,drugres1,drugres2,drugres3,drugtst1,drugtst2,drugtst3,alcsts,alctst,alcres,nmact1,nmact2,nmact3,nmact4,nmact5,nmact6,nmprior1,nmprior2,nmprior3,nmprior4,nmprior5,nmprior6,nmcond1,nmcond2,nmcond3,nmcond4,nmcond5,nmcond6,nmsafe_helmet,nmsafe_pads,nmsafe_oth,nmprev_ref,nmprev_lgt,nmprev_oth,crashlocation,nmcrashtype,crosswalk,schoolzone,sidewalk,train_inv,wildlife_inv,rotr_fars,intersect_fars,dd_inv,aid_inv,dpd_inv,id_inv,mj_inv,impnm_inv,ainm_inv,dpnm_inv,speed_inv,unlic_inv,unendmc_inv,drowsy_inv,drdist_inv,nmdist_inv,fty_inv,unrestfat_inv,dr1617_inv,dr1820_inv,dr1620_inv,dr2125_inv,dr1625_inv,dr65_inv,dr70_inv,dr75_inv,mc_inv,pv_inv,ht_inv,ped_inv,bike_inv,unrest_fat,mc_fat,unhelmet_mc,pv_fat,ht_fat,ped_fat,bike_fat,dr_alc7,dr_alc8,dr_drug,dr_imp,dr_dist,dr_spd,dr_fty,dr_unlic,dr_alc7only,dr_alc8only,dr_drugonly,dr_drink,nm_imp,nm_alc7,nm_alc8,nm_drug,nm_dist,agegrp1,agegrp2,roadclass,urbrur,dayweek,restuse,vehtype,race_me,intersect,lanedep,oppdir,wrongway,rep_typ,investag,repag_long,rotr,st_rd,cty_rd,city_rd,oth_rd,drug_thc,thc_res,drug_cthc,cthc_res,drug_cann,prevpersemin,prevperse,prevsusoth,drugtst4,drugtst5,drugtst6,drugtst7,drugtst8,drugres4,drugres5,drugres6,drugres7,drugres8,adspresent,adsengaged,adslevel,race1,race2,race3,race4,race5,helmet,helmetmisuse,nmdistract1,nmdistract2,nmdistract3,nmdistract4,nmdistract5,nmdistract6,lab,isedtcase,crf1,crf2,crf3,CoRoadName,CoMP,IntCoRoadName,IntCoMP
2018,194,E810448,26,06/19/2018,0:51,19,6,0,35,Kitsap,0,1,0,3,1,2,1,0,3,2,0:58,1:17,2:19,12,0,6,2,2,0,2,5,1,2,4,0,0,0,0,CR-HANSVILLE RD NE,NE LITTLE BOSTON RD,-122.5412389,47.87143889,0,2,69,62,4,45,4,0,0,1,7,12,1,2,3,1,1,2,2,53,0,32,43,2007,0,0,12,2,,,,,1,1,18,2,0,0,3,0,99,0,11,5,,,,,0,0,0,3,1,0,0,0,0,96,,,,,,0,,,,,,98383,53,72,140,6,1,0,1,2,0,,97,,,,,,3,04/15/2016,02/15/2018,99,0,0,0,8,9,8,,,0,0,0,8,0,2,177,,,1,,,2,1,0,,,,,,,,,,,,,,,,,,,,,,,,,,,,,,0,0,0,1,0,0,1,1,0,0,0,0,1,0,0,0,0,0,0,0,0,1,1,0,1,0,0,0,0,1,0,0,0,0,0,,0,0,0,0,0,0,1,1,0,1,0,0,0,0,1,0,,,,,,18-20,16-25,County road,R,Tuesday,Unknown,PV,Not Fatal,1,0,0,0,County Road,County Sheriff,Kitsap County Sheriff's Office,0,0,1,0,0,,,,,,0,0,0,,,,,,,,,,,,,,,,,,,,,,,,,,,,,,,,,,,
2018,176,E810649,6,06/12/2018,18:00,12,6,0,7,Chelan,0,1,0,9,99,2,1,0,1,1,,,,18,0,0,159,1,0,1,3,1,1,3,0,0,0,0,SR-20,,-120.705575,48.50132222,0,1,1,13,2,60,80,0,0,1,2,18,3,2,2,1,14,1,1,53,0,34,706,2010,0,0,63,18,,,,,1,1,60,1,7,1,4,7,5,0,11,0,06/12/2018,18:00,53027354,27354,0,0,3,3,1,0,0,0,0,96,,,,,,99,,,,,,98201,53,74,180,6,1,0,0,0,0,,0,,,,,,0,,,20,8,0,0,0,9,8,,,0,0,0,8,9,2,1,,,1,,,2,1,0,,,,,,,,,,,,,,,,,,,,,,,,,,,,,,0,0,1,0,0,0,0,0,0,0,0,0,0,0,0,0,0,0,0,0,0,0,0,0,0,0,0,0,1,0,0,0,0,0,1,0,0,0,0,0,0,0,0,0,0,0,0,0,0,0,0,0,,,,,,56-60,56-65,State route,R,Tuesday,,MC,White,0,1,0,0,State Route,State Patrol,Washington State Patrol,1,1,0,0,0,,,,,,0,0,0,,,,,,,,,,,,,,,,,,,,,,,,,,,,,,,,,,,
2018,199,E811062,305,06/22/2018,3:01,22,6,0,11,Clark,2370,1,0,3,1,2,1,0,1,1,,,,33,0,0,0,3,0,3,4,2,4,6,0,0,0,0,NE BURTON RD,NE 81ST AVE,-122.5907972,45.64016667,0,1,12,10,2,35,80,0,0,1,7,33,8,8,2,1,6,1,1,53,0,72,709,1973,0,0,68,33,,,,,1,1,30,1,7,1,4,7,19,0,11,0,06/22/2018,3:11,2.37E+11,28038,0,0,0,2,1,0,0,0,0,92,,,,,,99,,,,,,98664,53,70,170,1,1,1,4,0,2,,0,,,,,,0,06/15/2013,08/15/2016,20,8,0,0,0,9,8,,,0,0,0,8,9,2,401,402,407,1,1,1,2,1,0,,,,,,,,,,,,,,,,,,,,,,,,,,,,,,0,0,0,1,0,0,1,1,0,0,0,0,0,1,1,0,1,0,0,0,0,0,0,0,0,0,0,0,1,0,0,0,0,0,1,0,0,0,0,0,0,0,1,1,1,0,0,1,0,0,1,0,,,,,,26-30,26-35,City street,U,Friday,,MC,White,1,0,0,0,City Street,Municipal/City Police,Vancouver Police Department,0,0,0,1,0,,,,,,0,1,10,1,,,,,417,,,,,,,,,,,,,,,,,,,,,,,,,,,,,
2018,165,E811099,3,06/09/2018,4:23,9,6,0,53,Pierce,800,1,0,2,1,2,1,0,2,2,,,,12,0,7,12.9,1,0,1,3,2,1,3,0,0,0,0,SR-16,,-122.6146528,47.35910556,0,2,44,11,2,60,2,0,0,1,7,42,1,1,2,3,1,1,1,22,0,12,3,2017,0,0,12,63,42,,,,1,1,20,1,7,1,4,7,3,0,11,0,06/09/2018,4:23,80053026624,26624,0,0,0,3,1,0,0,0,0,93,,,,,,99,,,,,,70748,22,72,140,6,1,0,0,98,0,,0,,,,,,4,,,8,0,0,0,0,9,8,,,0,0,0,8,0,2,1,,,1,,,2,1,0,,,,,,,,,,,,,,,,,,,,,,,,,,,,,,0,0,0,0,1,0,0,0,0,0,0,0,1,0,0,0,1,0,0,0,0,1,1,0,1,0,0,0,0,1,0,0,0,0,0,,1,0,0,0,0,0,0,0,1,1,0,0,0,0,0,0,,,,,,18-20,16-25,State route,U,Saturday,Belt Used,PV,White,0,0,0,0,State Route,State Patrol,Washington State Patrol,0,1,0,0,0,,,,,,0,0,0,,,,,,,,,,,,,,,,,,,,,,,,,,,,,,,,,,,
2018,165,E811099,3,06/09/2018,4:23,9,6,0,53,Pierce,800,1,0,2,1,2,1,0,2,2,,,,12,0,7,12.9,1,0,1,3,2,1,3,0,0,0,0,SR-16,,-122.6146528,47.35910556,0,1,45,61,4,60,4,0,0,1,7,12,1,1,2,3,1,1,1,53,0,35,47,2015,0,0,12,,,,,,1,1,63,1,0,0,1,0,3,0,11,8,,,,,0,0,0,3,1,0,0,0,0,96,,,,,,0,,,,,,98445,53,74,210,6,1,0,0,0,0,,0,,,,,,0,,,20,0,0,0,8,9,8,,,0,0,0,8,1,8,95,,,96,,,8,95,995,,,,,,,,,,,,,,,,,,,,,,,,,,,,,,0,0,0,0,1,0,0,0,0,0,0,0,1,0,0,0,1,0,0,0,0,1,1,0,1,0,0,0,0,1,0,0,0,0,0,,0,0,0,0,0,0,0,0,0,0,0,0,0,0,0,1,,,,,,61-65,56-65,State route,U,Saturday,Belt Used,PV,Not Fatal,0,0,0,0,State Route,State Patrol,Washington State Patrol,0,1,0,0,0,,,,,,0,0,0,,,,,,,,,,,,,,,,,,,,,,,,,,,,,,,,,,,
2018,180,E811247,5,05/10/2018,21:10,10,5,0,11,Clark,2370,1,0,3,1,2,1,1,2,1,,,,8,0,0,1.9,1,0,1,3,2,1,3,0,0,0,0,SR-14,,-122.6425444,45.61851944,0,1,13,80,5,60,34,0,0,1,5,8,1,1,2,3,1,2,1,53,0,7,482,2004,0,0,8,,,,,,1,1,49,1,0,0,0,0,3,0,11,0,,,,,0,0,3,3,1,0,0,0,0,96,,,,,,0,,,,,,98664,53,69,230,6,1,0,0,0,0,,0,,,,,,0,,,20,0,0,0,8,9,2,,,0,0,0,0,0,8,95,,,96,,,8,95,995,,,,,,,,,,,,,,,,,,,,,,,,,,,,,,0,0,0,0,0,0,0,0,0,0,0,0,0,0,0,0,0,0,0,0,0,0,0,0,0,0,0,0,0,1,0,1,0,0,0,,0,0,0,0,0,0,0,0,0,0,0,0,0,0,0,0,,,,,,46-50,46-55,State route,U,Thursday,Belt Used,PV,Not Fatal,0,0,0,0,State Route,State Patrol,Washington State Patrol Headquarter,0,1,0,0,0,,,,,,0,0,0,,,,,,,,,,,,,,,,,,,,,,,,,,,,,,,,,,,
2018,200,E811422,222,06/16/2018,20:23,16,6,0,67,Thurston,1590,1,0,1,1,2,1,0,5,2,,,,12,0,6,0,2,0,4,5,2,4,6,0,0,20,3,BETHEL ST NE,ETHRIDGE AVE NE,-122.884725,47.06006667,0,2,89,17,2,98,14,0,0,1,7,12,8,8,2,1,1,3,2,53,0,41,403,2016,0,0,12,,,,,,1,1,50,2,0,0,0,0,3,0,11,0,,,,,6,0,0,3,1,0,0,0,0,96,,,,,,0,,,,,,98506,53,74,230,6,1,0,0,0,0,,0,,,,,,0,,,20,0,0,0,8,9,8,,,0,0,0,8,1,8,95,,,96,,,8,95,995,,,,,,,,,,,,,,,,,,,,,,,,,,,,,,0,0,0,1,1,0,1,1,0,0,0,0,1,0,0,0,0,0,0,0,0,0,0,0,0,0,0,0,1,1,0,0,0,0,0,,0,0,0,0,0,0,0,0,0,0,0,0,0,0,0,1,,,,,,46-50,46-55,City street,U,Saturday,Belt Used,PV,Not Fatal,1,0,0,0,City Street,Municipal/City Police,Olympia Police Department,0,0,0,1,0,,,,,,0,0,0,,,,,,,,,,,,,,,,,,,,,,,,,,,,,,,,,,,
2018,200,E811422,222,06/16/2018,20:23,16,6,0,67,Thurston,1590,1,0,1,1,2,1,0,5,2,,,,12,0,6,0,2,0,4,5,2,4,6,0,0,0,0,BETHEL ST NE,ETHRIDGE AVE NE,-122.884725,47.06006667,0,1,88,66,4,98,80,0,0,1,7,12,1,1,2,1,1,2,1,53,0,53,706,2001,0,0,12,,,,,,1,1,26,1,0,0,3,0,19,0,11,8,,,,,0,0,0,3,1,0,0,0,0,96,,,,,,99,,,,,,98512,53,75,250,6,1,0,0,4,1,,0,,,,,,4,02/15/2015,05/15/2018,20,8,0,0,8,9,8,,,0,0,0,8,1,2,522,,,1,,,2,1,0.07,,,,,,,,,,,,,,,,,,,,,,,,,,,,,,0,0,0,1,1,0,1,1,0,0,0,0,1,0,0,0,0,0,0,0,0,0,0,0,0,0,0,0,1,1,0,0,0,0,0,0,0,0,0,0,1,0,1,1,0,1,0,0,0,0,0,1,,,,,,26-30,26-35,City street,U,Saturday,,MC,Not Fatal,1,0,0,0,City Street,Municipal/City Police,Olympia Police Department,0,0,0,1,0,,,,,,0,0,0,,,,,,,,,,,,,,,,,,,,,,,,,,,,,,,,,,,
2018,195,E811460,2,06/18/2018,19:38,18,6,0,57,Skagit,0,1,0,1,1,2,1,0,4,2,19:34,19:41,20:16,12,0,98,1.2,2,0,3,6,2,2,4,0,0,0,0,CR-MINKLER RD,PEAVEY RD,-122.1884472,48.51529167,0,1,69,62,4,50,4,0,0,1,2,12,1,1,2,1,1,3,1,53,0,34,35,2000,0,0,12,,,,,,1,1,20,1,0,0,1,0,3,0,11,0,,,,,0,0,0,3,1,91,0,0,0,96,,,,,,9,,,,,,98223,53,71,160,6,1,0,0,0,1,,1,,,,,,4,06/15/2017,06/15/2017,1,0,0,0,8,9,8,,,0,0,0,8,1,2,1,,,1,,,2,1,0.089,,,,,,,,,,,,,,,,,,,,,,,,,,,,,,0,0,0,1,1,1,0,1,0,0,0,0,1,0,0,0,0,0,0,0,0,1,1,0,1,1,1,0,0,1,0,0,0,0,0,,0,0,0,0,0,1,0,1,0,1,0,0,0,1,0,1,,,,,,18-20,16-25,County road,U,Monday,Belt Used,PV,Not Fatal,1,0,0,0,County Road,State Patrol,Washington State Patrol Headquarter,0,0,1,0,0,,,,,,0,0,0,,,,,,,,,,,,,,,,,,,,,,,,,,,,,,,,,,,
2018,195,E811460,2,06/18/2018,19:38,18,6,0,57,Skagit,0,1,0,1,1,2,1,0,4,2,19:34,19:41,20:16,12,0,98,1.2,2,0,3,6,2,2,4,0,0,0,0,CR-MINKLER RD,PEAVEY RD,-122.1884472,48.51529167,0,2,68,54,3,50,34,0,0,1,2,12,1,1,2,1,11,1,1,53,0,23,481,1999,0,0,12,,,,,,1,1,73,1,0,0,1,0,3,0,11,5,,,,,0,0,3,3,1,0,0,0,0,0,,,,,,0,,,,,,98284,53,77,232,6,1,0,0,0,0,,0,,,,,,0,,,8,0,0,0,8,9,8,,,0,0,0,8,0,2,1,,,1,,,2,1,0,,,,,,,,,,,,,,,,,,,,,,,,,,,,,,0,0,0,1,1,1,0,1,0,0,0,0,1,0,0,0,0,0,0,0,0,1,1,0,1,1,1,0,0,1,0,0,0,0,0,,0,0,0,0,0,0,0,0,0,0,0,0,0,0,0,0,,,,,,71-75,66-75,County road,U,Monday,Belt Used,PV,Not Fatal,1,0,0,0,County Road,State Patrol,Washington State Patrol Headquarter,0,0,1,0,0,,,,,,0,0,0,,,,,,,,,,,,,,,,,,,,,,,,,,,,,,,,,,,
2018,201,E811775,6,06/19/2018,0:02,19,6,0,37,Kittitas,0,1,0,2,1,1,1,0,2,1,0:10,0:20,0:49,1,0,0,1.1,1,0,1,1,1,1,1,0,0,0,0,I-82,,-120.5070778,46.957,0,1,2,12,2,70,14,0,0,1,2,1,1,1,2,3,1,2,1,53,0,20,403,2004,0,0,64,69,63,1,3,,1,1,32,2,7,1,4,7,20,0,11,0,06/19/2018,0:02,62053027588,27588,0,0,0,3,1,58,0,0,0,96,,,,,,9,,,,,,98942,53,68,175,6,1,0,0,1,0,,0,,,,,,0,03/15/2018,03/15/2018,20,0,0,0,0,9,1,,,0,0,0,1,9,2,177,401,417,1,1,1,2,1,0,,,,,,,,,,,,,,,,,,,,,,,,,,,,,,0,0,0,0,0,0,1,1,0,0,0,0,0,0,0,0,0,0,0,1,0,0,0,0,0,0,0,0,0,1,0,0,0,1,0,,1,0,0,0,0,0,1,1,0,0,0,0,0,0,1,0,,,,,,31-35,26-35,Interstate,R,Tuesday,Not Used,PV,White,0,1,0,0,State Route,State Patrol,Washington State Patrol,1,1,0,0,0,,,,,,0,0,0,,,,,,,,,,,,,,,,,,,,,,,,,,,,,,,,,,,
2018,202,E811927,162,06/17/2018,20:41,17,6,0,33,King,1264,1,0,1,1,1,1,0,3,3,,,,12,0,6,12.5,2,0,3,3,2,1,3,0,0,20,3,SR-169,SE 251ST ST,-122.0262306,47.376625,0,1,82,15,2,25,4,0,0,1,7,12,1,2,2,1,11,1,1,53,0,49,40,2012,0,0,12,12,,,,,1,1,43,2,0,0,2,0,3,0,11,5,,,,,0,0,0,3,1,38,0,0,0,96,,,,,,0,,,,,,98038,53,66,130,6,1,0,0,0,0,,97,,,,,,0,,,8,0,0,0,8,9,8,,,0,0,0,8,0,8,95,,,96,,,8,95,995,,,,,,,,,,,,,,,,,,,,,,,,,,,,,,0,0,0,1,1,1,1,1,1,0,0,0,1,0,0,0,0,0,1,0,0,0,0,0,0,0,0,0,1,1,0,0,0,0,0,,0,0,0,0,0,0,0,0,0,0,1,0,0,0,0,0,,,,,,41-45,36-45,State route,U,Sunday,Belt Used,PV,Not Fatal,1,0,0,0,State Route,County Sheriff,King County Police,0,1,0,0,0,,,,,,0,0,0,,,,,,,,,,,,,,,,,,,,,,,,,,,,,,,,,,,
2018,202,E811927,162,06/17/2018,20:41,17,6,0,33,King,1264,1,0,1,1,1,1,0,3,3,,,,12,0,6,12.5,2,0,3,3,2,1,3,0,0,0,0,SR-169,SE 251ST ST,-122.0262306,47.376625,0,3,98,67,4,45,80,0,0,1,7,12,8,8,4,5,1,1,1,53,0,53,706,2001,0,0,12,,,,,,1,1,35,1,0,0,3,0,19,0,11,1,,,,,0,0,0,3,1,0,0,0,0,96,,,,,,99,,,,,,98055,53,74,235,6,1,0,0,1,1,,0,,,,,,4,08/15/2013,10/15/2017,20,8,0,0,8,9,8,,,0,0,0,8,9,0,0,,,0,,,0,0,996,,,,,,,,,,,,,,,,,,,,,,,,,,,,,,0,0,0,1,1,1,1,1,1,0,0,0,1,0,0,0,0,0,1,0,0,0,0,0,0,0,0,0,1,1,0,0,0,0,0,0,0,0,0,0,0,0,0,0,0,1,0,0,0,0,0,0,,,,,,31-35,26-35,State route,U,Sunday,,MC,Not Fatal,1,0,0,0,State Route,County Sheriff,King County Police,0,1,0,0,0,,,,,,0,0,2,,,,,,,,,,,,,,,,,,,,,,,,,,,,,,,,,,,
2018,202,E811927,162,06/17/2018,20:41,17,6,0,33,King,1264,1,0,1,1,1,1,0,3,3,,,,12,0,6,12.5,2,0,3,3,2,1,3,0,0,0,0,SR-169,SE 251ST ST,-122.0262306,47.376625,0,2,83,67,4,45,80,0,0,1,7,12,8,8,4,5,1,1,1,53,0,77,706,2016,0,0,12,,,,,,1,1,54,1,7,1,4,7,19,0,11,0,06/17/2018,20:41,1.26E+11,27846,0,0,0,3,1,0,0,0,0,96,,,,,,99,,,,,,98058,53,72,153,6,1,0,0,0,0,,0,,,,,,4,,,20,8,0,0,0,9,8,,,0,0,0,8,9,2,605,695,,1,1,,2,1,0.11,,,,,,,,,,,,,,,,,,,,,,,,,,,,,,0,0,0,1,1,1,1,1,1,0,0,0,1,0,0,0,0,0,1,0,0,0,0,0,0,0,0,0,1,1,0,0,0,0,1,0,0,0,0,0,0,1,1,1,0,1,0,0,0,0,0,1,,,,,,51-55,46-55,State route,U,Sunday,,MC,White,1,0,0,0,State Route,County Sheriff,King County Police,0,1,0,0,0,thc,44,carboxy-thc,27,,0,0,0,,,,,,,,,,,,,,,,,,,,,,,,,,,,,,,,,,,
2018,203,E812083,337,06/24/2018,1:32,24,6,0,73,Whatcom,110,1,0,3,1,2,1,0,1,1,,,,1,0,0,0,1,0,1,4,2,4,6,0,0,0,0,WOBURN ST,,-122.4450056,48.74815278,0,1,1,13,2,35,2,0,0,1,7,1,3,2,2,1,14,1,1,53,0,58,37,2008,0,0,63,1,42,,,,1,1,21,1,1,98,4,0,20,0,11,4,06/24/2018,4:19,11053028697,28697,0,0,3,2,1,37,0,0,0,96,,,,,,9,,,,,,98247,53,70,135,1,1,1,1,1,2,,0,,,,,,3,03/15/2016,06/15/2018,8,1,9,0,0,9,1,,,0,0,0,1,1,2,401,417,,1,1,,2,1,0.18,,,,,,,,,,,,,,,,,,,,,,,,,,,,,,0,0,1,0,1,1,1,1,0,0,0,0,1,1,0,0,0,0,0,1,0,0,0,1,1,0,0,0,0,1,0,0,0,1,0,,1,0,0,0,0,1,1,1,0,1,0,1,0,0,0,1,,,,,,21-25,16-25,City street,U,Sunday,Not Used,PV,Hispanic,0,1,0,0,City Street,Municipal/City Police,Bellingham Police Department,1,0,0,1,0,,,,,,1,0,2,,,,,,,,,,,,,,,,,,,,,,,,,,,,,,,,,,,
2018,198,E812166,7,06/21/2018,23:27,21,6,0,33,King,2310,1,0,3,1,2,1,0,2,2,,,,1,0,0,3.8,1,0,1,3,2,1,3,0,0,0,0,SR-518,,-122.2712444,47.46374444,0,1,98,50,3,60,80,0,0,1,2,12,1,2,3,3,1,1,2,53,0,76,706,2008,0,0,1,12,,,,,1,1,35,1,7,1,4,0,5,0,11,4,06/22/2018,0:24,1.96E+11,27857,0,0,1,3,1,26,0,0,0,96,,,,,,0,,,,,,98074,53,71,190,6,1,0,0,0,0,,0,,,,,,4,,,20,8,0,0,0,9,8,,,0,0,0,8,0,2,605,695,,1,1,,2,1,0,,,,,,,,,,,,,,,,,,,,,,,,,,,,,,0,0,0,0,0,0,1,1,1,0,0,0,1,0,0,0,0,0,0,0,0,0,0,0,0,0,0,0,1,1,0,0,0,0,1,0,0,0,0,0,0,0,1,1,0,1,0,0,0,0,1,0,,,,,,31-35,26-35,State route,U,Thursday,,MC,White,0,0,0,0,State Route,State Patrol,Washington State Patrol,0,1,0,0,0,thc,13,carboxy-thc,32,,0,0,0,,,,,,,,,,,,,,,,,,,,,,,,,,,,,,,,,,,
2018,198,E812166,7,06/21/2018,23:27,21,6,0,33,King,2310,1,0,3,1,2,1,0,2,2,,,,1,0,0,3.8,1,0,1,3,2,1,3,0,0,0,0,SR-518,,-122.2712444,47.46374444,0,2,98,53,3,60,4,0,0,1,5,12,1,2,3,3,5,1,1,53,0,49,40,2012,0,0,12,,,,,,1,1,46,2,0,0,0,0,3,0,11,0,,,,,0,0,3,3,1,0,0,0,0,0,,,,,,0,,,,,,98908,53,66,120,6,1,0,0,0,0,,0,,,,,,0,,,20,0,0,0,8,9,8,,,0,0,0,8,0,8,95,,,96,,,8,95,995,,,,,,,,,,,,,,,,,,,,,,,,,,,,,,0,0,0,0,0,0,1,1,1,0,0,0,1,0,0,0,0,0,0,0,0,0,0,0,0,0,0,0,1,1,0,0,0,0,0,,0,0,0,0,0,0,0,0,0,0,0,0,0,0,0,0,,,,,,46-50,46-55,State route,U,Thursday,Belt Used,PV,Not Fatal,0,0,0,0,State Route,State Patrol,Washington State Patrol,0,1,0,0,0,,,,,,0,0,0,,,,,,,,,,,,,,,,,,,,,,,,,,,,,,,,,,,
2018,505,E812564,173,06/21/2018,15:55,21,6,0,53,Pierce,1124,1,0,1,1,2,1,0,6,5,,,,12,0,6,0,2,0,2,3,2,4,6,0,0,3,3,LAKEWOOD DR SW,STEILACOOM BLVD SW,-122.5078278,47.17651389,0,3,98,62,4,35,14,0,0,1,5,12,1,1,4,1,5,1,1,53,0,23,402,2014,0,0,12,12,,,,,1,1,67,2,0,0,1,0,3,0,11,8,,,,,0,0,3,3,1,0,0,0,0,0,,,,,,0,,,,,,98374,53,64,107,6,1,0,0,0,0,,0,,,,,,0,,,8,0,0,0,8,9,8,,,0,0,0,8,0,8,95,,,96,,,8,95,995,,,,,,,,,,,,,,,,,,,,,,,,,,,,,,0,0,0,1,0,0,1,1,0,0,0,0,1,0,0,0,0,0,0,0,0,0,0,1,1,1,0,0,0,1,0,0,0,0,0,,0,0,0,0,0,0,0,0,0,0,0,0,0,0,0,0,,,,,,66-70,66-75,City street,U,Thursday,Belt Used,PV,Not Fatal,1,0,0,0,City Street,Municipal/City Police,Lakewood Police Department,0,0,0,1,0,,,,,,0,0,0,,,,,,,,,,,,,,,,,,,,,,,,,,,,,,,,,,,
2018,505,E812564,173,06/21/2018,15:55,21,6,0,53,Pierce,1124,1,0,1,1,2,1,0,6,5,,,,12,0,6,0,2,0,2,3,2,4,6,0,0,3,3,LAKEWOOD DR SW,STEILACOOM BLVD SW,-122.5078278,47.17651389,0,2,86,66,4,35,34,0,0,1,5,12,1,1,4,1,1,2,1,53,0,23,481,2008,0,0,12,,,,,,1,1,23,1,0,0,0,0,3,0,11,0,,,,,0,0,3,3,1,0,0,0,0,96,,,,,,0,,,,,,98388,53,74,192,6,1,0,5,0,1,,0,,,,,,0,03/15/2015,02/15/2018,1,0,0,0,8,9,8,,,0,0,0,8,0,8,95,,,96,,,8,95,995,,,,,,,,,,,,,,,,,,,,,,,,,,,,,,0,0,0,1,0,0,1,1,0,0,0,0,1,0,0,0,0,0,0,0,0,0,0,1,1,1,0,0,0,1,0,0,0,0,0,,0,0,0,0,0,0,0,0,0,0,0,0,0,0,0,0,,,,,,21-25,16-25,City street,U,Thursday,Belt Used,PV,Not Fatal,1,0,0,0,City Street,Municipal/City Police,Lakewood Police Department,0,0,0,1,0,,,,,,0,0,0,,,,,,,,,,,,,,,,,,,,,,,,,,,,,,,,,,,
2018,505,E812564,173,06/21/2018,15:55,21,6,0,53,Pierce,1124,1,0,1,1,2,1,0,6,5,,,,12,0,6,0,2,0,2,3,2,4,6,0,0,3,3,LAKEWOOD DR SW,STEILACOOM BLVD SW,-122.5078278,47.17651389,0,4,98,98,7,35,14,0,0,1,5,12,1,1,4,1,5,1,1,53,0,55,401,2004,0,0,12,12,,,,,1,1,44,2,0,0,0,0,3,0,11,0,,,,,0,0,0,3,1,0,0,0,0,0,,,,,,0,,,,,,98391,53,62,140,6,1,0,0,0,0,,0,,,,,,0,,,1,0,0,0,8,9,8,,,0,0,0,8,0,8,95,,,96,,,8,95,995,,,,,,,,,,,,,,,,,,,,,,,,,,,,,,0,0,0,1,0,0,1,1,0,0,0,0,1,0,0,0,0,0,0,0,0,0,0,1,1,1,0,0,0,1,0,0,0,0,0,,0,0,0,0,0,0,0,0,0,0,0,0,0,0,0,0,,,,,,41-45,36-45,City street,U,Thursday,Belt Used,PV,Not Fatal,1,0,0,0,City Street,Municipal/City Police,Lakewood Police Department,0,0,0,1,0,,,,,,0,0,0,,,,,,,,,,,,,,,,,,,,,,,,,,,,,,,,,,,
2018,505,E812564,173,06/21/2018,15:55,21,6,0,53,Pierce,1124,1,0,1,1,2,1,0,6,5,,,,12,0,6,0,2,0,2,3,2,4,6,0,0,3,3,LAKEWOOD DR SW,STEILACOOM BLVD SW,-122.5078278,47.17651389,0,1,87,17,2,35,4,0,0,1,5,12,1,1,4,1,1,1,2,53,0,41,51,2012,0,0,12,12,,,,,1,1,36,1,7,1,4,0,3,0,11,4,06/24/2018,6:02,2.23E+11,28043,0,0,0,3,1,37,39,0,0,96,,,,,,99,,,,,,98444,53,68,160,6,1,0,1,0,0,,0,,,,,,3,11/15/2017,11/15/2017,8,0,0,0,0,9,8,,,0,0,0,8,9,2,401,417,,1,1,,2,1,0,,,,,,,,,,,,,,,,,,,,,,,,,,,,,,0,0,0,1,0,0,1,1,0,0,0,0,1,0,0,0,0,0,0,0,0,0,0,1,1,1,0,0,0,1,0,0,0,0,0,,1,0,0,0,0,0,1,1,0,1,0,0,0,0,1,0,,,,,,36-40,36-45,City street,U,Thursday,Belt Used,PV,White,1,0,0,0,City Street,Municipal/City Police,Lakewood Police Department,0,0,0,1,0,,,,,,0,0,1,,,,,,,,,,,,,,,,,,,,,,,,,,,,,,,,,,,