year,case,par,repjur,crash_dt,crash_tm,accday,accmon,holiday,county,co_char,city,weather,weather2,lightcond,surfcond,surftype,numfatal,nmforms,pforms,vforms,not_tm,arr_tm,hosp_tm,fhevent,hitrun,manncol,milepnt,reljunc,reljuncinter,intersectiontype,funcsystem,landuse,ownership,route,schlbus,spejur,contdev,devfunc,trafid1,trafid2,x,y,wk_zone,vnumber,crashtype,criticalevent,criticaleventcat,spdlim,body,trailer,emerg,hazcargo,leave,mhevent,roadalgn,roadprof,traflane,trafflow,vehmanvr,numoccs,regowner,regstate,spuse,make,model,modelyr,vrf1,vrf2,seqevent1,seqevent2,seqevent3,seqevent4,seqevent5,seqevent6,pnumber,ptype,age,sex,hispanic,race,injury,diedscene,restraint,restraintmisuse,seatpos,takehosp,death_dt,death_tm,cert,cernum_wa,commlic,licendor,licrestrict,liccomp,drivpres,drf1,drf2,drf3,drf4,distract1,distract2,distract3,distract4,distract5,distract6,dricond1,dricond2,dricond3,dricond4,dricond5,dricond6,dzip,licstate,drhgt_in,weight,noncdl,noncdltype,prevdwi,prevoth,prevacc,prevspd,prevsus,driviol1,driviol2,driviol3,driviol4,driviol5,driviol6,spdrel,first_dt,last_dt,airbag,ejection,ejectpath,extricat,injurwrk,methalc,methdrug,nmlocat,strikveh,prf1,prf2,prf3,druginv,alcinvol,drugsts,drugres1,drugres2,drugres3,drugtst1,drugtst2,drugtst3,alcsts,alctst,alcres,nmact1,nmact2,nmact3,nmact4,nmact5,nmact6,nmprior1,nmprior2,nmprior3,nmprior4,nmprior5,nmprior6,nmcond1,nmcond2,nmcond3,nmcond4,nmcond5,nmcond6,nmsafe_helmet,nmsafe_pads,nmsafe_oth,nmprev_ref,nmprev_lgt,nmprev_oth,crashlocation,nmcrashtype,crosswalk,schoolzone,sidewalk,train_inv,wildlife_inv,rotr_fars,intersect_fars,dd_inv,aid_inv,dpd_inv,id_inv,mj_inv,impnm_inv,ainm_inv,dpnm_inv,speed_inv,unlic_inv,unendmc_inv,drowsy_inv,drdist_inv,nmdist_inv,fty_inv,unrestfat_inv,dr1617_inv,dr1820_inv,dr1620_inv,dr2125_inv,dr1625_inv,dr65_inv,dr70_inv,dr75_inv,mc_inv,pv_inv,ht_inv,ped_inv,bike_inv,unrest_fat,mc_fat,unhelmet_mc,pv_fat,ht_fat,ped_fat,bike_fat,dr_alc7,dr_alc8,dr_drug,dr_imp,dr_dist,dr_spd,dr_fty,dr_unlic,dr_alc7only,dr_alc8only,dr_drugonly,dr_drink,nm_imp,nm_alc7,nm_alc8,nm_drug,nm_dist,agegrp1,agegrp2,roadclass,urbrur,dayweek,restuse,vehtype,race_me,intersect,lanedep,oppdir,wrongway,rep_typ,investag,repag_long,rotr,st_rd,cty_rd,city_rd,oth_rd,drug_thc,thc_res,drug_cthc,cthc_res,drug_cann,prevpersemin,prevperse,prevsusoth,drugtst4,drugtst5,drugtst6,drugtst7,drugtst8,drugres4,drugres5,drugres6,drugres7,drugres8,adspresent,adsengaged,adslevel,race1,race2,race3,race4,race5,helmet,helmetmisuse,nmdistract1,nmdistract2,nmdistract3,nmdistract4,nmdistract5,nmdistract6,lab,isedtcase,crf1,crf2,crf3,CoRoadName,CoMP,IntCoRoadName,IntCoMP
2018,505,E812564,173,06/21/2018,15:55,21,6,0,53,Pierce,1124,1,0,1,1,2,1,0,6,5,,,,12,0,6,0,2,0,2,3,2,4,6,0,0,3,3,LAKEWOOD DR SW,STEILACOOM BLVD SW,-122.5078278,47.17651389,0,5,98,98,7,35,14,0,0,1,5,12,1,1,4,1,5,1,1,53,0,48,401,2004,0,0,12,,,,,,1,1,62,1,0,0,0,0,3,0,11,0,,,,,0,0,3,3,1,0,0,0,0,0,,,,,,0,,,,,,98580,53,70,200,6,1,0,0,1,0,,0,,,,,,0,10/15/2016,10/15/2016,20,0,0,0,8,9,8,,,0,0,0,8,0,8,95,,,96,,,8,95,995,,,,,,,,,,,,,,,,,,,,,,,,,,,,,,0,0,0,1,0,0,1,1,0,0,0,0,1,0,0,0,0,0,0,0,0,0,0,1,1,1,0,0,0,1,0,0,0,0,0,,0,0,0,0,0,0,0,0,0,0,0,0,0,0,0,0,,,,,,61-65,56-65,City street,U,Thursday,Belt Used,PV,Not Fatal,1,0,0,0,City Street,Municipal/City Police,Lakewood Police Department,0,0,0,1,0,,,,,,0,0,0,,,,,,,,,,,,,,,,,,,,,,,,,,,,,,,,,,,
2018,204,E812622,1,06/27/2018,6:42,27,6,0,5,Benton,0,1,0,1,1,1,1,0,2,1,6:44,6:52,7:15,30,0,0,88.1,1,0,1,1,1,1,1,0,0,0,0,I-82,,-119.6259778,46.24653056,0,1,1,13,2,70,14,0,0,1,2,30,1,1,2,3,1,2,2,53,0,34,402,2007,0,0,63,30,1,,,,1,1,19,1,1,99,4,0,20,0,11,5,06/27/2018,7:48,1.85E+11,28908,0,0,0,2,1,0,0,0,0,92,,,,,,2,,,,,,98270,53,67,152,1,1,0,0,1,1,,0,,,,,,0,11/15/2015,10/15/2016,8,1,9,0,0,1,1,,,0,0,0,0,0,2,1,,,1,,,2,1,0,,,,,,,,,,,,,,,,,,,,,,,,,,,,,,0,0,1,0,0,0,0,0,0,0,0,0,0,1,0,1,1,0,0,1,0,1,1,0,1,0,0,0,0,1,0,0,0,1,0,,1,0,0,0,0,0,0,0,1,0,0,1,0,0,0,0,,,,,,18-20,16-25,Interstate,R,Wednesday,Not Used,PV,Hispanic,0,1,0,0,State Route,State Patrol,Washington State Patrol,1,1,0,0,0,,,,,,0,0,5,,,,,,,,,,,,,,,,,,,,,,,,,,,,,,,,,,,
2018,205,E813012,8,06/21/2018,17:00,21,6,0,9,Clallam,0,1,0,1,1,2,1,0,2,2,17:17,17:23,,12,0,2,251.7,1,0,1,3,2,1,2,0,0,0,0,US-101,,-123.3548583,48.10292778,0,2,51,62,4,45,34,0,0,1,7,12,3,2,2,1,14,1,2,53,0,7,482,2006,0,0,12,,,,,,1,1,22,1,0,0,0,0,3,0,11,0,,,,,0,0,0,3,1,0,0,0,0,96,,,,,,0,,,,,,98362,53,72,160,6,1,0,0,0,0,,0,,,,,,0,,,20,0,0,0,8,9,2,,,0,0,0,0,0,8,95,,,96,,,8,95,995,,,,,,,,,,,,,,,,,,,,,,,,,,,,,,0,0,0,0,0,0,0,0,0,0,0,0,0,0,0,0,0,0,0,0,0,1,1,1,1,0,0,0,1,1,0,0,0,0,0,,0,0,0,0,0,0,0,0,0,0,0,0,0,0,0,0,,,,,,21-25,16-25,US highway,U,Thursday,Belt Used,PV,Not Fatal,0,0,0,0,State Route,State Patrol,Washington State Patrol,0,1,0,0,0,,,,,,0,0,0,,,,,,,,,,,,,,,,,,,,,,,,,,,,,,,,,,,
2018,205,E813012,8,06/21/2018,17:00,21,6,0,9,Clallam,0,1,0,1,1,2,1,0,2,2,17:17,17:23,,12,0,2,251.7,1,0,1,3,2,1,2,0,0,0,0,US-101,,-123.3548583,48.10292778,0,1,50,10,2,45,80,0,0,1,7,12,2,2,2,1,14,1,2,53,0,72,706,2016,0,0,68,12,,,,,1,1,19,2,7,1,4,7,19,0,11,0,06/21/2018,17:00,1.70E+11,28006,0,0,0,3,1,28,0,0,0,96,,,,,,99,,,,,,98382,53,70,175,6,1,0,0,1,0,,0,,,,,,0,11/15/2017,11/15/2017,20,8,0,0,0,9,8,,,0,0,0,8,9,2,1,,,1,,,2,1,998,,,,,,,,,,,,,,,,,,,,,,,,,,,,,,0,0,0,0,0,0,0,0,0,0,0,0,0,0,0,0,0,0,0,0,0,1,1,1,1,0,0,0,1,1,0,0,0,0,1,0,0,0,0,0,0,0,0,0,0,0,0,0,0,0,0,0,,,,,,18-20,16-25,US highway,U,Thursday,,MC,White,0,0,0,0,State Route,State Patrol,Washington State Patrol,0,1,0,0,0,,,,,,0,0,0,,,,,,,,,,,,,,,,,,,,,,,,,,,,,,,,,,,
2018,207,E813614,2,06/11/2018,22:02,11,6,0,61,Snohomish,0,1,0,2,1,2,2,0,12,4,,,,12,0,2,7.1,1,0,1,3,2,1,2,0,0,0,0,US-2,,-122.0701389,47.93648611,0,1,50,54,3,98,34,0,0,1,7,12,3,1,2,1,6,1,2,15,0,35,472,2003,0,0,68,12,60,54,12,,1,1,27,1,1,7,4,7,3,0,11,0,06/11/2018,22:02,2.03E+11,26478,0,0,0,2,1,33,0,0,0,96,,,,,,9,,,,,,98106,53,66,130,1,1,0,1,0,0,,0,,,,,,0,03/15/2018,05/15/2018,1,0,0,0,0,1,1,,,0,0,0,1,1,2,605,695,,1,1,,2,1,0.19,,,,,,,,,,,,,,,,,,,,,,,,,,,,,,0,0,0,0,1,1,1,1,1,0,0,0,0,1,0,0,0,0,0,0,0,0,0,1,1,0,0,0,0,1,0,0,0,0,0,,1,0,0,0,0,1,1,1,0,0,0,1,0,0,0,1,,,,,,26-30,26-35,US highway,U,Monday,Belt Used,PV,Hispanic,0,1,1,0,State Route,State Patrol,Washington State Patrol,0,1,0,0,0,thc,9.2,carboxy-thc,47,,0,1,0,,,,,,,,,,,,,,,,,,,,,,,,,,,,,,,,,,,
2018,207,E813614,2,06/11/2018,22:02,11,6,0,61,Snohomish,0,1,0,2,1,2,2,0,12,4,,,,12,0,2,7.1,1,0,1,3,2,1,2,0,0,0,0,US-2,,-122.0701389,47.93648611,0,4,98,98,7,98,4,0,0,1,5,54,3,1,2,1,14,5,1,53,0,30,40,2010,0,0,54,,,,,,1,1,25,2,0,0,0,0,3,0,11,0,,,,,0,0,0,3,1,0,0,0,0,96,,,,,,0,,,,,,98272,53,67,170,6,1,0,0,0,1,,0,,,,,,0,05/15/2018,05/15/2018,20,0,0,0,8,9,8,,,0,0,0,8,0,8,95,,,96,,,8,95,995,,,,,,,,,,,,,,,,,,,,,,,,,,,,,,0,0,0,0,1,1,1,1,1,0,0,0,0,1,0,0,0,0,0,0,0,0,0,1,1,0,0,0,0,1,0,0,0,0,0,,0,0,0,0,0,0,0,0,0,0,0,0,0,0,0,0,,,,,,21-25,16-25,US highway,U,Monday,Belt Used,PV,Not Fatal,0,1,1,0,State Route,State Patrol,Washington State Patrol,0,1,0,0,0,,,,,,0,0,0,,,,,,,,,,,,,,,,,,,,,,,,,,,,,,,,,,,
2018,207,E813614,2,06/11/2018,22:02,11,6,0,61,Snohomish,0,1,0,2,1,2,2,0,12,4,,,,12,0,2,7.1,1,0,1,3,2,1,2,0,0,0,0,US-2,,-122.0701389,47.93648611,0,2,51,62,4,60,20,0,0,1,7,12,2,1,2,1,14,1,2,53,0,7,442,2008,0,0,12,,,,,,1,1,55,2,1,98,4,7,3,0,11,0,06/11/2018,22:02,2.03E+11,26729,0,0,0,3,1,0,0,0,0,96,,,,,,9,,,,,,98290,53,64,165,6,1,0,0,0,0,,0,,,,,,0,,,8,0,0,0,0,1,8,,,0,0,0,8,1,2,1,,,1,,,2,1,0.2,,,,,,,,,,,,,,,,,,,,,,,,,,,,,,0,0,0,0,1,1,1,1,1,0,0,0,0,1,0,0,0,0,0,0,0,0,0,1,1,0,0,0,0,1,0,0,0,0,0,,1,0,0,0,0,1,0,1,0,0,0,0,0,1,0,1,,,,,,51-55,46-55,US highway,U,Monday,Belt Used,PV,Hispanic,0,1,1,0,State Route,State Patrol,Washington State Patrol,0,1,0,0,0,,,,,,0,0,0,,,,,,,,,,,,,,,,,,,,,,,,,,,,,,,,,,,
2018,207,E813614,2,06/11/2018,22:02,11,6,0,61,Snohomish,0,1,0,2,1,2,2,0,12,4,,,,12,0,2,7.1,1,0,1,3,2,1,2,0,0,0,0,US-2,,-122.0701389,47.93648611,0,3,98,62,4,60,34,0,0,1,5,12,2,1,2,1,14,5,1,53,0,12,481,2004,0,0,12,,,,,,1,1,45,2,0,0,0,0,3,0,11,0,,,,,0,0,0,3,1,0,0,0,0,96,,,,,,0,,,,,,98801,53,66,130,6,1,0,0,0,0,,0,,,,,,0,,,20,0,0,0,8,9,8,,,0,0,0,8,0,8,95,,,96,,,8,95,995,,,,,,,,,,,,,,,,,,,,,,,,,,,,,,0,0,0,0,1,1,1,1,1,0,0,0,0,1,0,0,0,0,0,0,0,0,0,1,1,0,0,0,0,1,0,0,0,0,0,,0,0,0,0,0,0,0,0,0,0,0,0,0,0,0,0,,,,,,41-45,36-45,US highway,U,Monday,Belt Used,PV,Not Fatal,0,1,1,0,State Route,State Patrol,Washington State Patrol,0,1,0,0,0,,,,,,0,0,0,,,,,,,,,,,,,,,,,,,,,,,,,,,,,,,,,,,
2018,197,E813636,7,05/15/2018,22:05,15,5,0,33,King,0,1,0,2,1,2,1,0,2,2,,,,12,0,2,27.2,1,0,1,3,1,1,3,0,0,0,0,SR-18,,-121.8881889,47.48730556,0,2,51,62,4,98,66,1,0,1,2,12,1,2,2,1,1,1,1,53,0,82,881,2007,0,0,12,,,,,,1,1,54,1,0,0,1,0,3,0,11,4,,,,,6,3,0,3,1,0,0,0,0,96,,,,,,0,,,,,,98188,53,70,200,6,1,0,1,1,0,,0,,,,,,0,03/15/2016,02/15/2017,20,0,0,0,8,9,8,,,0,0,0,8,0,8,95,,,96,,,8,95,995,,,,,,,,,,,,,,,,,,,,,,,,,,,,,,0,0,0,0,1,1,1,1,0,0,0,0,0,0,0,0,0,0,0,0,0,0,0,0,0,0,0,0,0,1,1,0,0,0,0,,0,0,0,0,0,0,0,0,0,0,0,0,0,0,0,0,,,,,,51-55,46-55,State route,R,Tuesday,,MHTRUCK,Not Fatal,0,1,1,0,State Route,State Patrol,Washington State Patrol Headquarter,0,1,0,0,0,,,,,,0,0,0,,,,,,,,,,,,,,,,,,,,,,,,,,,,,,,,,,,
2018,197,E813636,7,05/15/2018,22:05,15,5,0,33,King,0,1,0,2,1,2,1,0,2,2,,,,12,0,2,27.2,1,0,1,3,1,1,3,0,0,0,0,SR-18,,-121.8881889,47.48730556,0,1,50,10,2,98,5,0,0,1,2,12,1,2,2,1,1,1,2,53,0,49,46,2007,0,0,68,12,2,,,,1,1,28,1,7,3,4,7,99,0,11,0,05/15/2018,22:05,2.04E+11,22776,0,0,3,3,1,28,0,0,0,96,,,,,,99,,,,,,99163,53,68,135,6,1,0,0,0,0,,0,,,,,,0,,,1,0,0,0,0,1,8,,,0,0,0,8,1,2,996,,,1,,,2,1,0.38,,,,,,,,,,,,,,,,,,,,,,,,,,,,,,0,0,0,0,1,1,1,1,0,0,0,0,0,0,0,0,0,0,0,0,0,0,0,0,0,0,0,0,0,1,1,0,0,0,0,,1,0,0,0,0,1,1,1,0,0,0,0,0,0,0,1,,,,,,26-30,26-35,State route,R,Tuesday,Unknown,PV,AIAN,0,1,1,0,State Route,State Patrol,Washington State Patrol Headquarter,0,1,0,0,0,,,,,,0,0,0,,,,,,,,,,,,,,,,,,,,,,,,,,,,,,,,,,,
2018,208,E813810,55,06/28/2018,17:20,28,6,0,33,King,100,1,0,1,1,2,4,0,5,1,,,,31,0,0,0,3,0,3,5,2,4,6,0,3,0,0,R ST SE,17TH ST SE,-122.2082194,47.29371667,0,1,14,14,2,35,14,0,0,1,7,2,1,1,2,1,1,5,2,53,0,2,404,2008,0,0,71,31,38,2,,,1,1,32,1,7,3,4,0,99,0,11,4,06/28/2018,21:41,1.96E+11,29059,0,0,0,3,1,0,0,0,0,96,,,,,,99,,,,,,98092,53,65,194,6,1,0,1,1,0,,0,,,,,,4,04/15/2015,04/15/2015,99,9,0,0,0,9,8,,,0,0,0,8,9,2,605,695,,1,1,,2,1,0,,,,,,,,,,,,,,,,,,,,,,,,,,,,,,0,0,0,1,0,0,1,1,1,0,0,0,1,0,0,0,0,0,0,0,0,0,0,0,0,0,0,0,0,1,0,0,0,0,0,,1,0,0,0,0,0,1,1,0,1,0,0,0,0,1,0,,,,,,31-35,26-35,City street,U,Thursday,Unknown,PV,AIAN,0,1,0,0,City Street,Municipal/City Police,Auburn Police Department,1,0,0,1,0,thc,2.3,carboxy-thc,33,,0,0,0,,,,,,,,,,,,,,,,,,,,,,,,,,,,,,,,,,,
2018,210,E814044,290,07/02/2018,16:07,2,7,0,53,Pierce,2230,1,0,1,1,2,1,0,2,2,,,,12,0,6,0,2,0,2,4,2,4,6,0,0,0,0,S OAKES ST,S 58TH ST,-122.4723139,47.20463056,0,2,72,60,4,35,4,0,0,1,7,12,1,1,2,1,11,1,2,53,0,7,29,2014,0,0,12,,,,,,1,1,17,1,0,0,0,0,3,0,11,0,,,,,0,0,3,3,1,0,0,0,0,96,,,,,,0,,,,,,98374,53,70,125,6,2,0,0,0,0,,0,,,,,,0,,,2,0,0,0,8,9,8,,,0,0,0,8,0,8,95,,,96,,,8,95,995,,,,,,,,,,,,,,,,,,,,,,,,,,,,,,0,0,0,1,1,1,1,1,1,0,0,0,0,0,0,0,0,0,0,0,1,0,1,0,1,0,0,0,1,1,0,0,0,0,0,,0,0,0,0,0,0,0,0,0,0,0,0,0,0,0,0,,,,,,16-17,16-25,City street,U,Monday,Belt Used,PV,Not Fatal,1,0,0,0,City Street,Municipal/City Police,Tacoma Police Department,0,0,0,1,0,,,,,,0,0,0,,,,,,,,,,,,,,,,,,,,,,,,,,,,,,,,,,,
2018,210,E814044,290,07/02/2018,16:07,2,7,0,53,Pierce,2230,1,0,1,1,2,1,0,2,2,,,,12,0,6,0,2,0,2,4,2,4,6,0,0,0,0,S OAKES ST,S 58TH ST,-122.4723139,47.20463056,0,1,73,17,2,35,84,0,0,1,7,12,1,1,2,1,6,1,1,53,0,98,703,2016,0,0,12,,,,,,1,1,46,1,7,1,4,7,19,0,11,0,07/02/2018,16:07,2.23E+11,30541,0,0,3,3,1,33,0,0,0,96,,,,,,99,,,,,,98409,53,72,195,6,1,0,0,0,0,,0,,,,,,0,,,20,8,0,0,0,9,8,,,0,0,0,8,9,2,605,695,,1,1,,2,1,0.22,,,,,,,,,,,,,,,,,,,,,,,,,,,,,,0,0,0,1,1,1,1,1,1,0,0,0,0,0,0,0,0,0,0,0,1,0,1,0,1,0,0,0,1,1,0,0,0,0,1,0,0,0,0,0,0,1,1,1,0,0,0,0,0,0,0,1,,,,,,46-50,46-55,City street,U,Monday,,OTHMC,White,1,0,0,0,City Street,Municipal/City Police,Tacoma Police Department,0,0,0,1,0,thc,28,carboxy-thc,25,,0,0,0,,,,,,,,,,,,,,,,,,,,,,,,,,,,,,,,,,,
2018,215,E814424,34,07/02/2018,9:28,2,7,0,51,Pend Oreille,0,1,0,1,1,2,1,0,1,1,9:29,9:41,,1,0,0,13.9,1,0,1,5,1,2,4,0,0,0,0,CR-LECLERC RD S,,-117.2410417,48.30667222,0,1,6,13,2,50,90,0,0,1,5,1,4,1,2,1,14,1,1,53,0,98,734,2016,0,0,63,69,68,64,1,,1,1,68,1,7,1,4,7,17,0,11,0,07/02/2018,9:28,53029104,29104,0,0,3,3,1,58,0,0,0,96,,,,,,0,,,,,,99156,53,69,235,6,1,0,0,0,0,,0,,,,,,0,,,20,2,9,0,0,9,8,,,0,0,0,8,0,8,95,,,96,,,8,95,995,,,,,,,,,,,,,,,,,,,,,,,,,,,,,,0,0,1,0,0,0,0,0,0,0,0,0,0,0,0,0,0,0,0,0,0,0,0,0,0,1,0,0,0,0,0,0,0,0,0,,0,0,0,0,0,0,0,0,0,0,0,0,0,0,0,0,,,,,,66-70,66-75,County road,R,Monday,,OTHVT,White,0,1,0,0,County Road,County Sheriff,Pend Oreille County Sheriff's Offic,1,0,1,0,0,,,,,,0,0,0,,,,,,,,,,,,,,,,,,,,,,,,,,,,,,,,,,,
2018,211,E814992,127,07/04/2018,2:14,4,7,5,33,King,735,1,0,2,1,2,2,0,2,1,,,,42,0,0,0,1,0,1,3,2,4,6,0,0,0,0,SW 320TH ST,,-122.34905,47.31517778,0,1,1,6,1,35,4,0,0,1,5,42,1,2,4,1,1,2,1,53,0,37,31,2000,0,0,63,42,,,,,1,1,28,1,1,98,4,7,20,0,11,0,07/04/2018,2:14,73553030024,30024,0,0,0,3,1,0,0,0,0,92,,,,,,99,,,,,,98023,53,67,175,6,1,0,0,0,0,,0,,,,,,4,,,1,1,9,0,0,9,8,,,0,0,0,8,9,2,1,,,1,,,2,1,0.19,,,,,,,,,,,,,,,,,,,,,,,,,,,,,,0,0,1,0,1,1,0,1,0,0,0,0,1,0,0,0,1,0,0,1,0,0,0,0,0,0,0,0,0,1,0,0,0,1,0,,1,0,0,0,0,1,0,1,1,1,0,0,0,1,0,1,,,,,,26-30,26-35,City street,U,Wednesday,Not Used,PV,Hispanic,0,1,0,0,City Street,Municipal/City Police,Federal Way Dept of Public Safety,1,0,0,1,0,,,,,,0,0,0,,,,,,,,,,,,,,,,,,,,,,,,,,,,,,,,,,,
2018,212,E815065,250,07/01/2018,2:03,1,7,0,5,Benton,1850,1,0,3,1,2,1,1,1,1,,,,8,0,0,0,3,0,2,4,2,4,6,0,0,2,3,JADWIN AVE,SYMONS ST,-119.2774694,46.28936111,0,1,13,80,5,35,6,0,0,1,7,8,1,1,2,1,1,1,1,53,0,48,34,1991,0,0,8,,,,,,1,1,64,2,0,0,0,0,3,0,11,0,,,,,0,0,3,3,1,0,0,0,0,96,,,,,,0,,,,,,99320,53,62,200,6,1,0,0,1,0,,0,,,,,,0,08/15/2016,08/15/2016,20,0,0,0,8,9,2,,,0,0,0,0,0,2,1,,,1,,,2,1,0,,,,,,,,,,,,,,,,,,,,,,,,,,,,,,0,0,0,1,0,0,0,0,0,1,0,1,0,0,0,0,0,0,0,0,0,0,0,0,0,0,0,0,0,1,0,1,0,0,0,,0,0,0,0,0,0,0,0,0,0,0,0,0,0,0,0,,,,,,61-65,56-65,City street,U,Sunday,Belt Used,PV,Not Fatal,1,0,0,0,City Street,Municipal/City Police,Richland Police Department,0,0,0,1,0,,,,,,0,0,0,,,,,,,,,,,,,,,,,,,,,,,,,,,,,,,,,,,
2018,346,E815070,35,07/05/2018,17:27,5,7,0,53,Pierce,0,1,0,1,1,2,1,0,1,1,,,,30,0,0,3.6,1,0,1,3,2,2,4,0,0,0,0,CR-BROOKDALE RD E,,-122.3699194,47.115775,0,1,1,13,2,35,80,0,0,1,7,30,1,1,2,1,15,1,2,53,0,76,706,2005,0,0,63,30,,,,,1,1,22,1,7,1,4,0,19,0,11,4,07/11/2018,15:42,2.23E+11,30731,0,0,0,3,1,0,0,0,0,96,,,,,,99,,,,,,98445,53,69,150,6,1,0,1,2,1,,0,,,,,,4,06/15/2016,02/15/2018,20,8,0,0,0,9,8,,,0,0,0,8,9,8,95,,,96,,,8,95,995,,,,,,,,,,,,,,,,,,,,,,,,,,,,,,0,0,1,0,0,0,0,0,0,0,0,0,1,0,0,0,0,0,0,0,0,0,0,1,1,0,0,0,1,0,0,0,0,0,1,0,0,0,0,0,0,0,0,0,0,1,0,0,0,0,0,0,,,,,,21-25,16-25,County road,U,Thursday,,MC,White,0,1,0,0,County Road,County Sheriff,Law Enforcement Support Agency,1,0,1,0,0,,,,,,0,0,0,,,,,,,,,,,,,,,,,,,,,,,,,,,,,,,,,,,
2018,213,E815227,7,07/04/2018,20:06,4,7,5,33,King,1960,10,0,1,1,1,1,0,1,1,,,,25,0,0,0.4,5,1,1,1,2,1,1,0,0,0,0,I-5 RAMP 005Q116177,,-122.3134389,47.54968333,0,1,1,13,2,98,80,0,0,1,7,25,3,2,2,6,14,1,1,53,0,71,706,2005,0,0,63,25,,,,,1,1,46,1,7,1,4,7,5,0,11,0,07/04/2018,20:06,1.96E+11,30026,0,0,3,3,1,0,0,0,0,96,,,,,,99,,,,,,98105,53,74,175,6,1,0,0,0,1,,0,,,,,,4,02/15/2017,06/15/2017,20,8,0,0,0,9,8,,,0,0,0,8,9,2,1,,,1,,,2,1,0,,,,,,,,,,,,,,,,,,,,,,,,,,,,,,0,0,1,0,0,0,0,0,0,0,0,0,1,0,0,0,0,0,0,0,0,0,0,0,0,0,0,0,1,0,0,0,0,0,1,0,0,0,0,0,0,0,0,0,0,1,0,0,0,0,0,0,,,,,,46-50,46-55,Interstate,U,Wednesday,,MC,White,0,1,0,0,State Route,State Patrol,Washington State Patrol,1,1,0,0,0,,,,,,0,0,1,,,,,,,,,,,,,,,,,,,,,,,,,,,,,,,,,,,
2018,214,E815910,330,07/06/2018,22:01,6,7,0,77,Yakima,2590,1,0,3,1,2,1,0,4,3,22:02,22:08,22:22,12,0,6,0,2,0,2,4,2,4,6,0,0,0,0,TIETON DR,S 58TH AVE,-120.5857806,46.59276944,0,1,69,17,2,35,80,0,0,1,7,12,1,1,4,1,1,1,1,53,0,72,706,2009,0,0,12,,,,,,1,1,40,1,7,1,4,0,19,0,11,5,07/06/2018,22:45,2.59E+11,29808,0,0,0,3,1,0,0,0,0,96,,,,,,99,,,,,,98901,53,70,215,6,1,0,0,1,2,,0,,,,,,3,05/15/2014,12/15/2015,20,8,0,0,0,9,8,,,0,0,0,8,9,2,1,,,1,,,2,1,0,,,,,,,,,,,,,,,,,,,,,,,,,,,,,,0,0,0,1,0,0,0,0,0,0,0,0,1,0,0,0,0,0,1,0,0,1,1,1,1,0,0,0,1,1,0,0,0,0,1,0,0,0,0,0,0,0,0,0,0,1,0,0,0,0,0,0,,,,,,36-40,36-45,City street,U,Friday,,MC,White,1,0,0,0,City Street,Municipal/City Police,Yakima Police Department,0,0,0,1,0,,,,,,0,0,0,,,,,,,,,,,,,,,,,,,,,,,,,,,,,,,,,,,
2018,214,E815910,330,07/06/2018,22:01,6,7,0,77,Yakima,2590,1,0,3,1,8,1,0,4,3,22:02,22:08,22:22,12,0,6,0,2,0,2,4,2,4,6,0,0,20,3,TIETON DR,S 58TH AVE,-120.5857806,46.59276944,0,3,98,67,4,35,2,0,0,1,5,12,8,8,2,1,5,2,2,53,0,35,398,1992,0,0,12,,,,,,1,1,24,1,0,0,0,0,3,0,11,0,,,,,0,0,0,3,1,0,0,0,0,96,,,,,,0,,,,,,98901,53,70,185,6,1,0,2,0,7,,0,,,,,,0,10/15/2014,11/15/2016,20,0,0,0,8,9,8,,,0,0,0,8,0,8,95,,,96,,,8,95,995,,,,,,,,,,,,,,,,,,,,,,,,,,,,,,0,0,0,1,0,0,0,0,0,0,0,0,1,0,0,0,0,0,1,0,0,1,1,1,1,0,0,0,1,1,0,0,0,0,0,,0,0,0,0,0,0,0,0,0,0,0,0,0,0,0,0,,,,,,21-25,16-25,City street,U,Friday,Belt Used,PV,Not Fatal,1,0,0,0,City Street,Municipal/City Police,Yakima Police Department,0,0,0,1,0,,,,,,0,0,5,,,,,,,,,,,,,,,,,,,,,,,,,,,,,,,,,,,
2018,214,E815910,330,07/06/2018,22:01,6,7,0,77,Yakima,2590,1,0,3,1,2,1,0,4,3,22:02,22:08,22:22,12,0,6,0,2,0,2,4,2,4,6,0,0,0,0,TIETON DR,S 58TH AVE,-120.5857806,46.59276944,0,2,68,15,2,35,14,0,0,1,7,12,1,1,4,1,11,1,2,53,0,48,403,2015,0,0,12,12,,,,,1,1,19,2,0,0,2,0,3,0,11,6,,,,,0,0,0,3,1,38,0,0,0,96,,,,,,99,,,,,,98942,53,62,107,6,1,0,0,0,0,,97,,,,,,0,,,2,0,0,0,8,9,8,,,0,0,0,8,9,2,1,,,1,,,2,1,0,,,,,,,,,,,,,,,,,,,,,,,,,,,,,,0,0,0,1,0,0,0,0,0,0,0,0,1,0,0,0,0,0,1,0,0,1,1,1,1,0,0,0,1,1,0,0,0,0,0,,0,0,0,0,0,0,0,0,0,0,1,0,0,0,0,0,,,,,,18-20,16-25,City street,U,Friday,Belt Used,PV,Not Fatal,1,0,0,0,City Street,Municipal/City Police,Yakima Police Department,0,0,0,1,0,,,,,,0,0,0,,,,,,,,,,,,,,,,,,,,,,,,,,,,,,,,,,,