year,case,par,repjur,crash_dt,crash_tm,accday,accmon,holiday,county,co_char,city,weather,weather2,lightcond,surfcond,surftype,numfatal,nmforms,pforms,vforms,not_tm,arr_tm,hosp_tm,fhevent,hitrun,manncol,milepnt,reljunc,reljuncinter,intersectiontype,funcsystem,landuse,ownership,route,schlbus,spejur,contdev,devfunc,trafid1,trafid2,x,y,wk_zone,vnumber,crashtype,criticalevent,criticaleventcat,spdlim,body,trailer,emerg,hazcargo,leave,mhevent,roadalgn,roadprof,traflane,trafflow,vehmanvr,numoccs,regowner,regstate,spuse,make,model,modelyr,vrf1,vrf2,seqevent1,seqevent2,seqevent3,seqevent4,seqevent5,seqevent6,pnumber,ptype,age,sex,hispanic,race,injury,diedscene,restraint,restraintmisuse,seatpos,takehosp,death_dt,death_tm,cert,cernum_wa,commlic,licendor,licrestrict,liccomp,drivpres,drf1,drf2,drf3,drf4,distract1,distract2,distract3,distract4,distract5,distract6,dricond1,dricond2,dricond3,dricond4,dricond5,dricond6,dzip,licstate,drhgt_in,weight,noncdl,noncdltype,prevdwi,prevoth,prevacc,prevspd,prevsus,driviol1,driviol2,driviol3,driviol4,driviol5,driviol6,spdrel,first_dt,last_dt,airbag,ejection,ejectpath,extricat,injurwrk,methalc,methdrug,nmlocat,strikveh,prf1,prf2,prf3,druginv,alcinvol,drugsts,drugres1,drugres2,drugres3,drugtst1,drugtst2,drugtst3,alcsts,alctst,alcres,nmact1,nmact2,nmact3,nmact4,nmact5,nmact6,nmprior1,nmprior2,nmprior3,nmprior4,nmprior5,nmprior6,nmcond1,nmcond2,nmcond3,nmcond4,nmcond5,nmcond6,nmsafe_helmet,nmsafe_pads,nmsafe_oth,nmprev_ref,nmprev_lgt,nmprev_oth,crashlocation,nmcrashtype,crosswalk,schoolzone,sidewalk,train_inv,wildlife_inv,rotr_fars,intersect_fars,dd_inv,aid_inv,dpd_inv,id_inv,mj_inv,impnm_inv,ainm_inv,dpnm_inv,speed_inv,unlic_inv,unendmc_inv,drowsy_inv,drdist_inv,nmdist_inv,fty_inv,unrestfat_inv,dr1617_inv,dr1820_inv,dr1620_inv,dr2125_inv,dr1625_inv,dr65_inv,dr70_inv,dr75_inv,mc_inv,pv_inv,ht_inv,ped_inv,bike_inv,unrest_fat,mc_fat,unhelmet_mc,pv_fat,ht_fat,ped_fat,bike_fat,dr_alc7,dr_alc8,dr_drug,dr_imp,dr_dist,dr_spd,dr_fty,dr_unlic,dr_alc7only,dr_alc8only,dr_drugonly,dr_drink,nm_imp,nm_alc7,nm_alc8,nm_drug,nm_dist,agegrp1,agegrp2,roadclass,urbrur,dayweek,restuse,vehtype,race_me,intersect,lanedep,oppdir,wrongway,rep_typ,investag,repag_long,rotr,st_rd,cty_rd,city_rd,oth_rd,drug_thc,thc_res,drug_cthc,cthc_res,drug_cann,prevpersemin,prevperse,prevsusoth,drugtst4,drugtst5,drugtst6,drugtst7,drugtst8,drugres4,drugres5,drugres6,drugres7,drugres8,adspresent,adsengaged,adslevel,race1,race2,race3,race4,race5,helmet,helmetmisuse,nmdistract1,nmdistract2,nmdistract3,nmdistract4,nmdistract5,nmdistract6,lab,isedtcase,crf1,crf2,crf3,CoRoadName,CoMP,IntCoRoadName,IntCoMP
2018,506,E815953,11,06/30/2018,0:37,30,6,0,5,Benton,0,8,0,3,8,8,1,0,1,1,,,,10,0,0,0.8,1,0,1,7,1,2,8,0,0,65,3,CR-E PERKINS RD,,-119.0612194,46.17610556,0,1,98,12,2,98,4,0,0,1,7,10,1,1,2,1,5,1,2,53,0,30,46,2007,0,0,64,10,,,,,1,1,20,2,7,1,4,7,20,0,11,0,06/30/2018,0:37,53029040,29040,0,0,0,2,1,0,0,0,0,96,,,,,,9,,,,,,99336,53,67,130,1,1,0,0,2,4,,0,,,,,,0,04/15/2016,05/15/2018,8,2,9,0,0,9,8,,,0,0,0,8,1,2,1,,,1,,,2,1,0.19,,,,,,,,,,,,,,,,,,,,,,,,,,,,,,1,0,0,0,1,1,0,1,0,0,0,0,0,1,0,0,0,0,0,1,0,1,1,0,1,0,0,0,0,1,0,0,0,1,0,,1,0,0,0,0,1,0,1,0,0,0,1,0,1,0,1,,,,,,18-20,16-25,Other,R,Saturday,Not Used,PV,White,1,0,0,0,County Road,County Sheriff,Benton County Sheriff's Office,0,0,1,0,0,,,,,,1,0,4,,,,,,,,,,,,,,,,,,,,,,,,,,,,,,,,,,,
2018,216,E816427,7,07/06/2018,22:43,6,7,0,33,King,1960,1,0,3,1,2,1,0,1,3,,,,24,0,0,19.3,1,0,1,3,2,1,3,0,0,0,0,SR-99,,-122.3252833,47.52755833,0,1,6,12,2,60,4,0,0,1,2,24,1,1,2,2,1,1,2,53,0,34,35,2008,0,0,64,24,31,14,14,2,1,1,17,1,1,98,4,7,99,0,11,0,07/06/2018,22:43,2.31E+11,31115,0,0,3,3,1,0,0,0,0,96,,,,,,99,,,,,,98108,53,69,135,6,2,0,0,0,1,,0,,,,,,4,09/15/2017,09/15/2017,8,0,0,0,0,9,8,,,0,0,0,8,9,2,996,996,,1,1,,2,1,0,,,,,,,,,,,,,,,,,,,,,,,,,,,,,,0,0,1,0,0,0,1,1,0,0,0,0,1,0,0,0,0,0,0,0,1,0,1,0,1,0,0,0,0,1,0,0,0,0,0,,1,0,0,0,0,0,1,1,0,1,0,0,0,0,1,0,,,,,,16-17,16-25,State route,U,Friday,Unknown,PV,Hispanic,0,1,0,0,State Route,State Patrol,Washington State Patrol,1,1,0,0,0,,,,,,0,0,0,,,,,,,,,,,,,,,,,,,,,,,,,,,,,,,,,,,
2018,219,E816547,55,07/04/2018,9:00,4,7,5,33,King,100,10,0,1,1,2,1,1,1,1,,,,9,0,0,0,2,0,3,5,2,4,6,0,0,0,0,4TH ST SE,D ST SE,-122.2228861,47.30420278,0,1,13,83,5,25,63,0,0,1,7,9,1,1,8,8,11,1,3,53,0,89,890,2012,42,0,9,,,,,,1,1,50,1,0,0,0,0,3,0,11,0,,,,,6,1,3,3,1,0,0,0,0,96,,,,,,0,,,,,,98391,53,67,210,6,1,0,0,0,0,,0,,,,,,0,,,20,0,0,0,8,9,8,,,0,0,0,8,0,2,1,,,1,,,2,1,0,,,,,,,,,,,,,,,,,,,,,,,,,,,,,,0,0,0,1,0,0,0,0,0,1,0,1,0,0,0,0,0,0,0,0,0,0,0,0,0,0,0,0,0,0,1,0,1,0,0,,0,0,0,0,0,0,0,0,0,0,0,0,0,0,0,0,,,,,,46-50,46-55,City street,U,Wednesday,,MHTRUCK,Not Fatal,1,0,0,0,City Street,Municipal/City Police,Auburn Police Department,0,0,0,1,0,,,,,,0,0,0,,,,,,,,,,,,,,,,,,,,,,,,,,,,,,,,,,,
2018,222,E816925,4,07/11/2018,7:00,11,7,0,63,Spokane,0,1,0,1,1,2,1,0,3,2,7:00,7:18,,12,0,6,15.2,2,0,2,4,1,1,3,0,0,0,0,SR-290,MCKENZIE RD,-117.0986556,47.71208056,0,2,83,67,4,55,66,1,0,1,5,12,8,8,4,1,1,1,3,53,0,85,881,1998,0,0,12,,,,,,1,1,27,1,0,0,0,0,3,0,11,0,,,,,6,3,0,3,1,0,0,0,0,96,,,,,,0,,,,,,83815,16,75,200,6,1,0,0,0,0,,0,,,,,,0,,,20,0,0,0,8,9,8,,,0,0,0,8,0,2,1,,,1,,,2,1,0,,,,,,,,,,,,,,,,,,,,,,,,,,,,,,0,0,0,1,0,0,0,0,0,0,0,0,0,0,0,0,1,0,1,0,1,0,1,0,1,0,0,0,0,1,1,0,0,0,0,,0,0,0,0,0,0,0,0,0,0,0,0,0,0,0,0,,,,,,26-30,26-35,State route,R,Wednesday,,MHTRUCK,Not Fatal,1,0,0,0,State Route,State Patrol,Washington State Patrol Headquarter,0,1,0,0,0,,,,,,0,0,0,,,,,,,,,,,,,,,,,,,,,,,,,,,,,,,,,,,
2018,222,E816925,4,07/11/2018,7:00,11,7,0,63,Spokane,0,1,0,1,1,2,1,0,3,2,7:00,7:18,,12,0,6,15.2,2,0,2,4,1,1,3,0,0,20,3,SR-290,MCKENZIE RD,-117.0986556,47.71208056,0,1,82,15,2,55,4,0,0,1,2,12,1,1,2,1,11,2,9,99,0,59,35,2006,0,0,12,,,,,,1,1,16,2,7,1,4,7,3,0,11,0,07/11/2018,7:00,53031404,31404,0,0,3,3,1,38,0,0,0,93,,,,,,0,,,,,,99205,53,67,150,6,7,0,0,0,0,,0,,,,,,0,,,8,0,0,0,0,9,8,,,0,0,0,8,0,2,1,,,1,,,2,1,0,,,,,,,,,,,,,,,,,,,,,,,,,,,,,,0,0,0,1,0,0,0,0,0,0,0,0,0,0,0,0,1,0,1,0,1,0,1,0,1,0,0,0,0,1,1,0,0,0,0,,1,0,0,0,0,0,0,0,1,0,1,0,0,0,0,0,,,,,,16-17,16-25,State route,R,Wednesday,Belt Used,PV,White,1,0,0,0,State Route,State Patrol,Washington State Patrol Headquarter,0,1,0,0,0,,,,,,0,0,0,,,,,,,,,,,,,,,,,,,,,,,,,,,,,,,,,,,
2018,217,E816997,2,07/08/2018,0:54,8,7,0,57,Skagit,1970,1,0,3,1,2,2,2,3,1,0:52,0:58,,8,0,0,63.8,3,0,2,3,2,1,3,0,0,3,3,SR-20,RHODES RD,-122.2583611,48.50079722,0,1,13,80,5,50,34,0,0,1,7,8,1,1,4,1,1,3,1,53,0,35,473,2006,0,0,8,8,,,,,1,1,30,2,0,0,0,0,99,0,11,0,,,,,0,0,0,0,1,91,0,0,0,96,,,,,,9,,,,,,98233,53,64,140,0,0,0,0,0,0,,1,,,,,,0,,,20,0,0,0,8,9,8,,,0,0,0,8,1,2,695,,,1,,,2,1,0.1,,,,,,,,,,,,,,,,,,,,,,,,,,,,,,0,0,0,1,1,1,1,1,1,1,1,1,0,1,0,0,0,0,0,0,0,0,0,0,0,0,0,0,0,1,0,1,0,0,0,,0,0,0,0,0,1,1,1,0,0,0,1,0,0,0,1,,,,,,26-30,26-35,State route,U,Sunday,Unknown,PV,Not Fatal,0,0,0,0,State Route,State Patrol,Washington State Patrol,0,1,0,0,0,,,carboxy-thc,5,,0,0,0,,,,,,,,,,,,,,,,,,,,,,,,,,,,,,,,,,,
2018,221,E817122,21,07/03/2018,13:58,3,7,0,25,Grant,0,1,0,1,1,2,1,1,4,1,14:03,14:07,14:39,9,0,0,2.8,2,0,2,96,6,96,8,0,0,0,0,CR-AIRWAY DR NE,NOT REPORTED,-119.3223222,47.15926111,0,1,13,83,5,98,34,0,0,1,5,9,1,1,8,8,1,4,1,8,0,20,481,2015,0,0,9,,,,,,1,1,46,1,0,0,0,0,3,0,11,0,,,,,0,0,0,3,1,0,0,0,0,93,,,,,,0,,,,,,98837,53,70,230,6,1,0,0,0,0,,0,,,,,,0,,,20,0,0,0,8,9,8,,,0,0,0,8,0,8,95,,,96,,,8,95,995,,,,,,,,,,,,,,,,,,,,,,,,,,,,,,0,0,0,1,0,0,0,0,0,0,0,0,0,0,0,0,1,1,0,0,0,0,0,0,0,0,0,0,0,1,0,0,1,0,0,,0,0,0,0,0,0,0,0,1,0,0,0,0,0,0,0,,,,,,46-50,46-55,Other,,Tuesday,Belt Used,PV,Not Fatal,1,0,0,0,County Road,County Sheriff,Grant County Sheriff's Office,0,0,1,0,0,,,,,,0,0,0,,,,,,,,,,,,,,,,,,,,,,,,,,,,,,,,,,,
2018,242,E817299,7,07/11/2018,18:54,11,7,0,33,King,0,1,0,1,1,2,2,0,4,4,,,,12,0,2,28.6,2,0,3,3,2,1,3,0,0,0,0,SR-104,1ST AVE,-122.3299806,47.77763889,0,3,68,15,2,40,14,0,0,1,2,12,1,1,5,1,11,1,1,18,0,18,404,2018,0,0,12,12,68,64,39,,1,1,55,1,0,0,1,0,3,0,11,0,,,,,0,0,3,3,1,0,0,0,0,96,,,,,,0,,,,,,46227,18,62,200,6,1,0,0,0,0,,0,,,,,,0,,,8,0,0,0,8,9,8,,,0,0,0,8,0,8,95,,,96,,,8,95,995,,,,,,,,,,,,,,,,,,,,,,,,,,,,,,0,0,0,1,1,0,1,1,1,0,0,0,1,0,1,0,0,0,0,0,0,0,0,0,0,0,0,0,1,1,1,0,0,0,0,,0,0,0,0,0,0,0,0,0,0,0,0,0,0,0,0,,,,,,51-55,46-55,State route,U,Wednesday,Belt Used,PV,Not Fatal,1,0,0,0,State Route,State Patrol,Washington State Patrol,0,1,0,0,0,,,,,,0,0,0,,,,,,,,,,,,,,,,,,,,,,,,,,,,,,,,,,,
2018,242,E817299,7,07/11/2018,18:54,11,7,0,33,King,0,1,0,1,1,2,2,0,4,4,,,,12,0,2,28.6,2,0,3,3,2,1,3,0,0,0,0,SR-104,1ST AVE,-122.3299806,47.77763889,0,4,98,62,4,40,67,0,0,1,5,12,1,1,5,1,1,1,2,53,0,12,880,2009,0,0,12,,,,,,1,1,52,1,0,0,0,0,3,0,11,0,,,,,0,0,0,3,1,0,0,0,0,96,,,,,,0,,,,,,98105,53,72,200,6,1,0,0,0,1,,0,,,,,,0,09/15/2017,09/15/2017,20,0,0,0,8,9,8,,,0,0,0,8,0,2,605,695,,1,1,,2,1,0,,,,,,,,,,,,,,,,,,,,,,,,,,,,,,0,0,0,1,1,0,1,1,1,0,0,0,1,0,1,0,0,0,0,0,0,0,0,0,0,0,0,0,1,1,1,0,0,0,0,,0,0,0,0,0,0,1,1,0,0,0,0,0,0,1,0,,,,,,51-55,46-55,State route,U,Wednesday,Belt Used,MHTRUCK,Not Fatal,1,0,0,0,State Route,State Patrol,Washington State Patrol,0,1,0,0,0,thc,3.3,carboxy-thc,19,,0,0,0,,,,,,,,,,,,,,,,,,,,,,,,,,,,,,,,,,,
2018,242,E817299,7,07/11/2018,18:54,11,7,0,33,King,0,1,0,1,1,2,2,0,4,4,,,,12,0,2,28.6,2,0,3,3,2,1,3,0,0,0,0,SR-104,1ST AVE,-122.3299806,47.77763889,0,1,69,62,4,40,80,0,0,1,2,12,1,1,5,1,1,1,1,53,0,53,705,2009,0,0,12,39,,,,,1,1,26,1,7,1,4,7,19,0,11,0,07/11/2018,18:54,2.01E+11,30760,0,0,3,2,1,0,0,0,0,96,,,,,,99,,,,,,98177,53,68,182,6,1,0,0,0,0,,0,,,,,,3,,,20,8,0,0,0,9,8,,,0,0,0,8,1,2,1,,,1,,,2,1,0.047,,,,,,,,,,,,,,,,,,,,,,,,,,,,,,0,0,0,1,1,0,1,1,1,0,0,0,1,0,1,0,0,0,0,0,0,0,0,0,0,0,0,0,1,1,1,0,0,0,1,0,0,0,0,0,1,0,0,0,0,1,0,0,1,0,0,1,,,,,,26-30,26-35,State route,U,Wednesday,,MC,White,1,0,0,0,State Route,State Patrol,Washington State Patrol,0,1,0,0,0,,,,,,0,0,0,,,,,,,,,,,,,,,,,,,,,,,,,,,,,,,,,,,
2018,242,E817299,7,07/11/2018,18:54,11,7,0,33,King,0,1,0,1,1,2,2,0,4,4,,,,12,0,2,28.6,2,0,3,3,2,1,3,0,0,0,0,SR-104,1ST AVE,-122.3299806,47.77763889,0,2,98,62,4,40,80,0,0,1,2,12,1,1,5,1,1,1,2,53,0,53,706,2009,0,0,12,12,,,,,1,1,26,1,7,2,4,7,5,0,11,0,07/11/2018,18:54,2.01E+11,30879,0,0,0,2,1,0,0,0,0,96,,,,,,99,,,,,,98177,53,79,235,6,1,1,2,1,0,,0,,,,,,3,06/15/2014,03/15/2015,20,8,0,0,0,9,8,,,0,0,0,8,1,2,996,,,1,,,2,1,0.027,,,,,,,,,,,,,,,,,,,,,,,,,,,,,,0,0,0,1,1,0,1,1,1,0,0,0,1,0,1,0,0,0,0,0,0,0,0,0,0,0,0,0,1,1,1,0,0,0,1,0,0,0,0,0,1,0,1,1,0,1,0,0,0,0,0,1,,,,,,26-30,26-35,State route,U,Wednesday,,MC,Black,1,0,0,0,State Route,State Patrol,Washington State Patrol,0,1,0,0,0,,,,,,0,1,1,,,,,,,,,,,,,,,,,,,,,,,,,,,,,,,,,,,
2018,380,E817446,25,07/13/2018,10:57,13,7,0,33,King,0,1,0,1,0,0,1,0,2,2,,,,12,0,6,4,8,0,1,4,1,2,4,0,0,0,0,CR-AUBURN-BLACK DIAMOND,SE 321 PL,-122.1118306,47.31292778,0,1,82,15,2,0,6,0,0,1,7,12,0,0,0,0,11,1,2,53,0,48,45,2009,0,0,12,,,,,,1,1,87,2,7,1,4,0,3,0,11,5,07/15/2018,19:45,10053031904,31904,0,0,3,3,1,38,0,0,0,96,,,,,,0,,,,,,98092,53,63,165,6,1,0,0,0,0,,46,,,,,,0,,,1,0,0,0,0,9,8,,,0,0,0,8,0,2,1,,,1,,,2,1,0,,,,,,,,,,,,,,,,,,,,,,,,,,,,,,0,0,0,0,0,0,0,0,0,0,0,0,0,0,0,0,0,0,1,0,0,0,0,0,0,1,1,1,0,1,0,0,0,0,0,,1,0,0,0,0,0,0,0,0,0,1,0,0,0,0,0,,,,,,81+,76+,County road,R,Friday,Belt Used,PV,White,1,0,0,0,County Road,County Sheriff,King County Police,0,0,1,0,0,,,,,,0,0,0,,,,,,,,,,,,,,,,,,,,,,,,,,,,,,,,,,,
2018,380,E817446,25,07/13/2018,10:57,13,7,0,33,King,0,1,0,1,1,2,1,0,2,2,,,,12,0,6,4,8,0,1,4,1,2,4,0,0,0,0,CR-AUBURN-BLACK DIAMOND,SE 321 PL,-122.1118306,47.31292778,0,2,83,72,4,35,4,0,0,1,7,12,8,8,2,1,1,1,1,53,0,59,31,2000,0,0,12,,,,,,1,1,63,2,0,0,1,0,3,0,11,5,,,,,0,0,3,3,1,0,0,0,0,96,,,,,,0,,,,,,98092,53,64,140,6,1,0,0,1,0,,0,,,,,,0,11/15/2013,11/15/2013,1,0,0,0,8,9,8,,,0,0,0,8,8,8,95,,,96,,,8,95,995,,,,,,,,,,,,,,,,,,,,,,,,,,,,,,0,0,0,0,0,0,0,0,0,0,0,0,0,0,0,0,0,0,1,0,0,0,0,0,0,1,1,1,0,1,0,0,0,0,0,,0,0,0,0,0,0,0,0,0,0,0,0,0,0,0,0,,,,,,61-65,56-65,County road,R,Friday,Belt Used,PV,Not Fatal,1,0,0,0,County Road,County Sheriff,King County Police,0,0,1,0,0,,,,,,0,0,0,,,,,,,,,,,,,,,,,,,,,,,,,,,,,,,,,,,
2018,243,E817508,146,07/14/2018,8:30,14,7,0,77,Yakima,0,1,0,1,1,2,1,0,2,2,,,,12,0,2,2,1,0,1,5,1,2,4,0,0,0,0,CR-KONNOWAC PASS RD,,-120.3645167,46.50940278,0,2,51,62,4,50,63,0,0,1,7,12,3,2,2,1,14,1,3,53,0,85,881,2003,0,0,12,,,,,,1,1,42,1,0,0,0,0,3,0,11,0,,,,,6,1,0,3,1,0,0,0,0,96,,,,,,0,,,,,,98936,53,70,240,6,1,0,1,0,0,,0,,,,,,0,08/15/2016,08/15/2016,20,0,0,0,8,9,8,,,0,0,0,8,0,8,95,,,96,,,8,95,995,,,,,,,,,,,,,,,,,,,,,,,,,,,,,,0,0,0,0,0,0,0,0,0,0,0,0,0,1,0,0,1,0,0,1,0,0,0,0,0,0,0,0,0,1,1,0,0,0,0,,0,0,0,0,0,0,0,0,0,0,0,0,0,0,0,0,,,,,,41-45,36-45,County road,R,Saturday,,MHTRUCK,Not Fatal,0,1,1,0,County Road,County Sheriff,Yakima County Sheriff's Office,0,0,1,0,0,,,,,,0,0,0,,,,,,,,,,,,,,,,,,,,,,,,,,,,,,,,,,,
2018,243,E817508,146,07/14/2018,8:30,14,7,0,77,Yakima,0,1,0,1,1,2,1,0,2,2,,,,12,0,2,2,1,0,1,5,1,2,4,0,0,0,0,CR-KONNOWAC PASS RD,,-120.3645167,46.50940278,0,1,50,10,2,50,15,0,0,1,7,12,2,2,2,1,14,1,2,53,0,12,422,2003,0,0,68,12,,,,,1,1,30,1,7,3,4,7,20,0,11,0,07/14/2018,8:30,53031565,31565,0,0,3,2,1,28,0,0,0,93,,,,,,99,,,,,,98951,53,71,215,1,1,0,1,0,0,,0,,,,,,0,10/15/2016,01/15/2017,8,0,0,0,0,9,8,,,0,0,0,8,9,8,95,,,96,,,8,95,995,,,,,,,,,,,,,,,,,,,,,,,,,,,,,,0,0,0,0,0,0,0,0,0,0,0,0,0,1,0,0,1,0,0,1,0,0,0,0,0,0,0,0,0,1,1,0,0,1,0,,1,0,0,0,0,0,0,0,1,0,0,1,0,0,0,0,,,,,,26-30,26-35,County road,R,Saturday,Not Used,PV,AIAN,0,1,1,0,County Road,County Sheriff,Yakima County Sheriff's Office,0,0,1,0,0,,,,,,0,0,1,,,,,,,,,,,,,,,,,,,,,,,,,,,,,,,,,,,
2018,220,E817545,5,07/01/2018,14:30,1,7,0,15,Cowlitz,1000,1,0,1,1,2,1,0,1,1,,,,24,0,0,30.6,1,0,1,1,2,1,1,0,0,0,0,I-5,,-122.8494306,46.01844167,0,1,1,13,2,70,80,0,0,1,7,24,3,1,3,3,14,1,1,41,0,72,706,2017,0,0,63,24,,,,,1,1,48,1,7,1,4,7,5,0,11,0,07/01/2018,14:30,1.00E+11,29262,6,0,3,3,1,0,0,0,0,96,,,,,,99,,,,,,97214,41,68,210,6,1,0,0,0,0,,0,,,,,,0,,,20,8,0,0,0,9,8,,,0,0,0,8,9,2,1,,,1,,,2,1,0.19,,,,,,,,,,,,,,,,,,,,,,,,,,,,,,0,0,1,0,1,1,0,1,0,0,0,0,0,0,0,0,0,0,0,0,0,0,0,0,0,0,0,0,1,0,0,0,0,0,1,0,0,0,0,0,0,1,0,1,0,0,0,0,0,1,0,1,,,,,,46-50,46-55,Interstate,U,Sunday,,MC,White,0,1,0,0,State Route,State Patrol,Washington State Patrol,1,1,0,0,0,,,,,,0,0,0,,,,,,,,,,,,,,,,,,,,,,,,,,,,,,,,,,,
2018,218,E817585,3,07/06/2018,11:55,6,7,0,67,Thurston,2320,1,0,1,1,2,1,1,1,1,,,,24,0,0,0,1,0,1,5,2,4,6,0,0,0,0,CLEVELAND AVE SE,,-122.8986611,47.01674167,0,1,6,12,2,35,21,0,0,1,5,8,2,1,4,1,14,1,1,53,0,20,461,1991,0,0,68,64,24,69,68,63,1,1,34,1,0,0,0,0,3,0,11,0,,,,,0,0,0,3,1,91,0,0,0,96,,,,,,1,,,,,,98512,53,75,280,6,1,0,0,0,1,,2,,,,,,0,04/15/2016,04/15/2016,20,0,0,0,8,9,2,,,0,0,0,0,0,8,95,,,96,,,8,95,995,,,,,,,,,,,,,,,,,,,,,,,,,,,,,,0,0,1,0,0,0,0,0,0,0,0,0,0,0,0,0,0,0,0,0,0,0,0,0,0,0,0,0,0,1,0,1,0,0,0,,0,0,0,0,0,0,0,0,0,0,0,0,0,0,0,0,,,,,,31-35,26-35,City street,U,Friday,Belt Used,PV,Not Fatal,0,1,0,0,City Street,State Patrol,Washington State Patrol,1,0,0,1,0,,,,,,0,0,0,,,,,,,,,,,,,,,,,,,,,,,,,,,,,,,,,,,
2018,240,E817747,5,07/12/2018,23:06,12,7,0,15,Cowlitz,0,1,0,2,1,2,1,1,2,1,,,,9,0,0,56.9,1,0,1,3,2,1,3,0,0,0,0,SR-4,,-122.9978306,46.162675,0,1,13,83,5,40,4,0,0,1,2,9,1,1,2,2,1,2,2,53,0,54,31,1996,0,0,9,,,,,,1,1,21,1,0,0,0,0,3,0,11,0,,,,,0,0,0,3,1,0,0,0,0,96,,,,,,0,,,,,,98632,53,68,140,6,1,0,0,0,0,,0,,,,,,0,,,20,0,0,0,8,9,2,,,0,0,0,0,1,8,95,,,96,,,8,95,995,,,,,,,,,,,,,,,,,,,,,,,,,,,,,,0,0,0,0,1,0,0,0,0,0,0,0,0,0,0,0,0,0,0,0,0,0,0,1,1,0,0,0,0,1,0,0,1,0,0,,0,0,0,0,0,0,0,0,0,0,0,0,0,0,0,1,,,,,,21-25,16-25,State route,U,Thursday,Belt Used,PV,Not Fatal,0,0,0,0,State Route,State Patrol,Washington State Patrol,0,1,0,0,0,,,,,,0,0,0,,,,,,,,,,,,,,,,,,,,,,,,,,,,,,,,,,,
2018,239,E817815,14,07/12/2018,18:53,12,7,0,11,Clark,0,1,0,1,1,2,1,0,2,1,,,,42,0,0,1.6,1,0,1,6,1,2,4,0,0,0,0,CR-NE BRADFORD RD,,-122.4050333,45.66246944,0,1,7,6,1,50,4,0,0,1,7,42,3,2,2,1,14,2,1,53,0,35,47,2008,0,0,68,64,42,1,,,1,1,26,2,0,0,3,0,3,0,11,8,,,,,0,0,3,2,1,0,0,0,0,96,,,,,,99,,,,,,98664,53,65,200,1,1,0,0,0,0,,97,,,,,,4,07/15/2013,06/15/2018,1,0,0,1,8,9,8,,,0,0,0,8,9,2,348,605,695,1,1,1,2,1,0,,,,,,,,,,,,,,,,,,,,,,,,,,,,,,0,0,0,0,0,0,1,1,1,0,0,0,1,1,0,0,0,0,0,0,0,0,0,0,0,0,0,0,0,1,0,0,0,0,0,,0,0,0,0,0,0,1,1,0,1,0,1,0,0,1,0,,,,,,26-30,26-35,County road,R,Thursday,Belt Used,PV,Not Fatal,0,1,0,0,County Road,County Sheriff,Clark County Sheriff's Office,1,0,1,0,0,thc,4.1,carboxy-thc,120,,0,0,2,,,,,,,,,,,,,,,,,,,,,,,,,,,,,,,,,,,
2018,230,E817971,40,06/23/2018,20:00,23,6,0,63,Spokane,0,1,0,1,1,2,1,1,1,1,20:03,20:11,21:02,8,0,0,0.1,1,0,1,7,1,2,4,0,0,0,0,CR-S HODGES,,-117.14385,47.66975,0,1,13,80,5,25,14,0,0,1,7,8,1,2,2,1,1,1,1,53,0,12,401,2010,0,0,8,,,,,,1,1,48,2,0,0,0,0,99,0,11,0,,,,,0,0,0,3,1,0,0,0,0,96,,,,,,9,,,,,,99016,53,60,145,6,1,0,0,0,0,,97,,,,,,0,,,20,0,0,0,8,9,8,,,0,0,0,8,1,2,996,,,1,,,2,1,0.045,,,,,,,,,,,,,,,,,,,,,,,,,,,,,,0,0,0,0,1,0,1,1,0,1,1,0,0,0,0,0,0,0,0,0,0,0,0,0,0,0,0,0,0,1,0,1,0,0,0,,0,0,0,0,1,0,1,1,0,0,0,0,0,0,0,1,,,,,,46-50,46-55,County road,R,Saturday,Unknown,PV,Not Fatal,0,0,0,0,County Road,County Sheriff,Spokane County Sheriff's Office,0,0,1,0,0,,,,,,0,0,0,,,,,,,,,,,,,,,,,,,,,,,,,,,,,,,,,,,
2018,246,E818013,26,07/16/2018,0:00,16,7,0,35,Kitsap,0,1,0,2,1,2,1,0,1,1,,,,42,0,0,1.5,3,0,3,4,2,2,4,0,0,0,0,CR-BROWNSVILLE HWY NE,HOMEPOT PL NE,-122.6199472,47.65746111,0,1,1,6,1,50,34,0,0,1,7,42,1,2,2,1,98,1,1,53,0,35,472,2005,0,0,63,42,1,,,,1,1,30,1,7,1,4,7,3,0,11,0,07/16/2018,0:00,1.73E+11,31766,0,0,0,3,1,0,0,0,0,96,,,,,,99,,,,,,98311,53,71,180,6,1,0,0,0,1,,0,,,,,,0,05/15/2015,05/15/2015,20,0,0,0,0,9,8,,,0,0,0,8,9,2,401,417,,1,1,,2,1,0,,,,,,,,,,,,,,,,,,,,,,,,,,,,,,0,0,1,1,0,0,1,1,0,0,0,0,0,0,0,0,0,0,0,0,0,0,0,0,0,0,0,0,0,1,0,0,0,0,0,,1,0,0,0,0,0,1,1,0,0,0,0,0,0,1,0,,,,,,26-30,26-35,County road,U,Monday,Belt Used,PV,White,0,1,0,0,County Road,County Sheriff,Kitsap County Sheriff's Office,1,0,1,0,0,,,,,,0,0,0,,,,,,,,,,,,,,,,,,,,,,,,,,,,,,,,,,,
2018,247,E818105,55,07/12/2018,21:21,12,7,0,33,King,100,1,0,5,1,2,1,0,2,2,,,,12,0,2,0,4,0,1,3,2,4,6,0,0,0,0,A ST SE,,-122.2289111,47.28015556,0,1,68,15,2,40,34,0,0,1,7,12,1,1,5,5,11,1,2,53,0,20,471,1994,0,0,12,,,,,,1,1,34,1,0,0,0,0,99,0,11,0,,,,,0,0,0,0,1,10,38,0,0,96,,,,,,0,,,,,,93140,6,69,208,0,0,0,0,0,0,,46,72,,,,,0,,,20,0,0,0,8,9,8,,,0,0,0,8,0,2,605,695,,1,1,,2,1,0,,,,,,,,,,,,,,,,,,,,,,,,,,,,,,0,0,0,0,0,0,1,1,1,0,0,0,0,1,0,0,0,0,1,0,0,0,0,0,0,0,0,0,1,1,0,0,0,0,0,,0,0,0,0,0,0,1,1,0,0,1,1,0,0,1,0,,,,,,31-35,26-35,City street,U,Thursday,Unknown,PV,Not Fatal,0,0,0,0,City Street,Municipal/City Police,Auburn Police Department,0,0,0,1,0,thc,2.6,carboxy-thc,9.9,,0,0,0,,,,,,,,,,,,,,,,,,,,,,,,,,,,,,,,,,,