year,case,par,repjur,crash_dt,crash_tm,accday,accmon,holiday,county,co_char,city,weather,weather2,lightcond,surfcond,surftype,numfatal,nmforms,pforms,vforms,not_tm,arr_tm,hosp_tm,fhevent,hitrun,manncol,milepnt,reljunc,reljuncinter,intersectiontype,funcsystem,landuse,ownership,route,schlbus,spejur,contdev,devfunc,trafid1,trafid2,x,y,wk_zone,vnumber,crashtype,criticalevent,criticaleventcat,spdlim,body,trailer,emerg,hazcargo,leave,mhevent,roadalgn,roadprof,traflane,trafflow,vehmanvr,numoccs,regowner,regstate,spuse,make,model,modelyr,vrf1,vrf2,seqevent1,seqevent2,seqevent3,seqevent4,seqevent5,seqevent6,pnumber,ptype,age,sex,hispanic,race,injury,diedscene,restraint,restraintmisuse,seatpos,takehosp,death_dt,death_tm,cert,cernum_wa,commlic,licendor,licrestrict,liccomp,drivpres,drf1,drf2,drf3,drf4,distract1,distract2,distract3,distract4,distract5,distract6,dricond1,dricond2,dricond3,dricond4,dricond5,dricond6,dzip,licstate,drhgt_in,weight,noncdl,noncdltype,prevdwi,prevoth,prevacc,prevspd,prevsus,driviol1,driviol2,driviol3,driviol4,driviol5,driviol6,spdrel,first_dt,last_dt,airbag,ejection,ejectpath,extricat,injurwrk,methalc,methdrug,nmlocat,strikveh,prf1,prf2,prf3,druginv,alcinvol,drugsts,drugres1,drugres2,drugres3,drugtst1,drugtst2,drugtst3,alcsts,alctst,alcres,nmact1,nmact2,nmact3,nmact4,nmact5,nmact6,nmprior1,nmprior2,nmprior3,nmprior4,nmprior5,nmprior6,nmcond1,nmcond2,nmcond3,nmcond4,nmcond5,nmcond6,nmsafe_helmet,nmsafe_pads,nmsafe_oth,nmprev_ref,nmprev_lgt,nmprev_oth,crashlocation,nmcrashtype,crosswalk,schoolzone,sidewalk,train_inv,wildlife_inv,rotr_fars,intersect_fars,dd_inv,aid_inv,dpd_inv,id_inv,mj_inv,impnm_inv,ainm_inv,dpnm_inv,speed_inv,unlic_inv,unendmc_inv,drowsy_inv,drdist_inv,nmdist_inv,fty_inv,unrestfat_inv,dr1617_inv,dr1820_inv,dr1620_inv,dr2125_inv,dr1625_inv,dr65_inv,dr70_inv,dr75_inv,mc_inv,pv_inv,ht_inv,ped_inv,bike_inv,unrest_fat,mc_fat,unhelmet_mc,pv_fat,ht_fat,ped_fat,bike_fat,dr_alc7,dr_alc8,dr_drug,dr_imp,dr_dist,dr_spd,dr_fty,dr_unlic,dr_alc7only,dr_alc8only,dr_drugonly,dr_drink,nm_imp,nm_alc7,nm_alc8,nm_drug,nm_dist,agegrp1,agegrp2,roadclass,urbrur,dayweek,restuse,vehtype,race_me,intersect,lanedep,oppdir,wrongway,rep_typ,investag,repag_long,rotr,st_rd,cty_rd,city_rd,oth_rd,drug_thc,thc_res,drug_cthc,cthc_res,drug_cann,prevpersemin,prevperse,prevsusoth,drugtst4,drugtst5,drugtst6,drugtst7,drugtst8,drugres4,drugres5,drugres6,drugres7,drugres8,adspresent,adsengaged,adslevel,race1,race2,race3,race4,race5,helmet,helmetmisuse,nmdistract1,nmdistract2,nmdistract3,nmdistract4,nmdistract5,nmdistract6,lab,isedtcase,crf1,crf2,crf3,CoRoadName,CoMP,IntCoRoadName,IntCoMP
2018,247,E818105,55,07/12/2018,21:21,12,7,0,33,King,100,1,0,5,1,2,1,0,2,2,,,,12,0,2,0,4,0,1,3,2,4,6,0,0,0,0,A ST SE,,-122.2289111,47.28015556,0,2,69,62,4,40,80,0,0,1,7,12,1,1,5,5,1,1,1,53,0,77,706,2006,0,0,12,,,,,,1,1,57,1,7,1,4,7,19,0,11,0,07/12/2018,21:21,10053033561,33561,0,0,3,3,1,0,0,0,0,96,,,,,,0,,,,,,98001,53,68,160,6,1,0,0,0,0,,0,,,,,,0,,,20,8,0,0,0,9,8,,,0,0,0,8,9,2,1,,,1,,,2,1,0,,,,,,,,,,,,,,,,,,,,,,,,,,,,,,0,0,0,0,0,0,1,1,1,0,0,0,0,1,0,0,0,0,1,0,0,0,0,0,0,0,0,0,1,1,0,0,0,0,1,0,0,0,0,0,0,0,0,0,0,0,0,0,0,0,0,0,,,,,,56-60,56-65,City street,U,Thursday,,MC,White,0,0,0,0,City Street,Municipal/City Police,Auburn Police Department,0,0,0,1,0,,,,,,0,0,0,,,,,,,,,,,,,,,,,,,,,,,,,,,,,,,,,,,
2018,354,E818308,7,07/11/2018,6:52,11,7,0,33,King,1960,1,0,1,1,1,1,1,1,1,,,,8,0,0,0.1,20,1,1,1,2,1,1,0,0,0,0,I-5 CD16563,,-122.3294833,47.60619444,0,1,13,80,5,60,63,0,0,1,5,8,1,2,2,6,1,1,3,53,0,87,881,2015,0,0,8,,,,,,1,1,57,1,0,0,0,0,3,0,11,0,,,,,6,1,0,3,1,0,0,0,0,96,,,,,,0,,,,,,98201,53,67,150,6,1,0,0,0,1,,0,,,,,,0,12/15/2014,12/15/2014,20,0,0,0,8,9,2,,,0,0,0,0,0,0,0,,,0,,,8,95,995,,,,,,,,,,,,,,,,,,,,,,,,,,,,,,0,0,0,0,0,0,0,0,0,1,0,1,0,0,0,0,0,0,0,0,0,0,0,0,0,0,0,0,0,0,1,1,0,0,0,,0,0,0,0,0,0,0,0,0,0,0,0,0,0,0,0,,,,,,56-60,56-65,Interstate,U,Wednesday,,MHTRUCK,Not Fatal,0,0,0,0,State Route,State Patrol,Washington State Patrol,0,1,0,0,0,,,,,,0,0,0,,,,,,,,,,,,,,,,,,,,,,,,,,,,,,,,,,,
2018,223,E818522,6,07/11/2018,1:55,11,7,0,7,Chelan,0,1,0,2,1,2,1,0,1,1,,,,1,0,0,150.6,1,0,1,3,1,1,2,0,0,0,0,US-97,,-120.5708472,47.35165833,0,1,1,13,2,60,14,0,0,1,2,1,3,2,3,1,14,1,1,53,0,63,402,2013,0,0,63,1,,,,,1,1,73,1,7,1,4,7,3,0,11,0,07/11/2018,1:55,53031574,31574,0,0,3,3,1,0,0,0,0,93,,,,,,99,,,,,,98270,53,72,202,6,1,0,0,0,0,,0,,,,,,0,,,1,0,0,0,0,9,8,,,0,0,0,8,9,2,605,,,1,,,2,1,0,,,,,,,,,,,,,,,,,,,,,,,,,,,,,,0,0,1,0,0,0,1,1,1,0,0,0,0,0,0,0,1,0,0,0,0,0,0,0,0,1,1,0,0,1,0,0,0,0,0,,1,0,0,0,0,0,1,1,1,0,0,0,0,0,1,0,,,,,,71-75,66-75,US highway,R,Wednesday,Belt Used,PV,White,0,1,0,0,State Route,State Patrol,Washington State Patrol,1,1,0,0,0,thc,1.6,,,,0,0,0,,,,,,,,,,,,,,,,,,,,,,,,,,,,,,,,,,,
2018,224,E818652,26,07/14/2018,6:58,14,7,0,35,Kitsap,0,1,0,1,1,2,1,1,1,1,,,,8,1,0,2.5,1,0,1,5,1,2,4,0,0,0,0,CR-SIDNEY RD SW,,-122.6613167,47.43795278,0,1,13,13,2,45,4,0,0,1,5,8,1,1,2,1,1,99,2,53,0,20,25,2016,0,0,63,8,,,,,1,1,29,2,0,0,0,0,99,0,11,0,,,,,0,0,0,0,1,91,0,0,0,96,,,,,,2,,,,,,98328,53,63,120,0,0,0,0,0,0,,1,7,,,,,0,02/15/2018,02/15/2018,20,0,0,0,8,9,8,,,0,0,0,8,9,8,95,,,96,,,8,95,995,,,,,,,,,,,,,,,,,,,,,,,,,,,,,,0,0,0,0,0,0,0,0,0,0,0,0,0,1,0,1,0,0,0,0,0,0,0,0,0,0,0,0,0,1,0,1,0,0,0,,0,0,0,0,0,0,0,0,0,0,0,1,0,0,0,0,,,,,,26-30,26-35,County road,R,Saturday,Unknown,PV,Not Fatal,0,0,0,0,County Road,County Sheriff,Kitsap County Sheriff's Office,0,0,1,0,0,,,,,,0,0,1,,,,,,,,,,,,,,,,,,,,,,,,,,,,,,,,,,,
2018,225,E818845,21,07/09/2018,7:36,9,7,0,25,Grant,0,1,0,1,1,7,1,0,2,2,7:40,7:56,,12,0,6,2,2,0,3,5,1,2,4,0,0,20,3,CR-RD S SE,CR-RD 6 SE,-119.0881278,46.99896944,0,1,82,15,2,55,6,0,0,1,7,12,1,4,2,1,11,1,2,53,0,12,24,2013,0,0,12,,,,,,1,1,31,2,1,1,4,7,3,0,11,0,07/09/2018,7:36,53029981,29981,0,0,0,3,1,38,39,0,0,93,,,,,,0,,,,,,98857,53,64,239,6,1,0,1,1,1,,0,,,,,,0,10/15/2014,02/15/2018,8,0,0,0,0,9,8,,,0,0,0,8,0,2,695,,,1,,,2,1,0,,,,,,,,,,,,,,,,,,,,,,,,,,,,,,0,0,0,1,0,0,1,1,1,0,0,0,0,0,0,0,1,0,1,0,0,0,0,0,0,0,0,0,0,1,1,0,0,0,0,,1,0,0,0,0,0,1,1,1,0,1,0,0,0,1,0,,,,,,31-35,26-35,County road,R,Monday,Belt Used,PV,Hispanic,1,0,0,0,County Road,County Sheriff,Grant County Sheriff's Office,0,0,1,0,0,,,carboxy-thc,7.9,,0,0,2,,,,,,,,,,,,,,,,,,,,,,,,,,,,,,,,,,,
2018,225,E818845,21,07/09/2018,7:36,9,7,0,25,Grant,0,1,0,1,1,7,1,0,2,2,7:40,7:56,,12,0,6,2,2,0,3,5,1,2,4,0,0,0,0,CR-RD S SE,CR-RD 6 SE,-119.0881278,46.99896944,0,2,83,67,4,55,66,1,0,1,7,1,1,4,2,1,1,1,3,53,0,82,881,2011,0,0,12,68,64,1,,,1,1,29,1,0,0,1,0,2,0,11,0,,,,,6,1,0,3,1,0,0,0,0,96,,,,,,0,,,,,,99344,53,69,205,6,1,0,0,0,1,,0,,,,,,0,11/15/2014,11/15/2014,20,0,0,0,8,9,8,,,0,0,0,8,0,8,95,,,96,,,8,95,995,,,,,,,,,,,,,,,,,,,,,,,,,,,,,,0,0,0,1,0,0,1,1,1,0,0,0,0,0,0,0,1,0,1,0,0,0,0,0,0,0,0,0,0,1,1,0,0,0,0,,0,0,0,0,0,0,0,0,0,0,0,0,0,0,0,0,,,,,,26-30,26-35,County road,R,Monday,,MHTRUCK,Not Fatal,1,0,0,0,County Road,County Sheriff,Grant County Sheriff's Office,0,0,1,0,0,,,,,,0,0,0,,,,,,,,,,,,,,,,,,,,,,,,,,,,,,,,,,,
2018,226,E818854,1,07/11/2018,13:51,11,7,0,77,Yakima,2220,1,0,1,1,2,1,0,1,1,,,,35,0,0,67.1,19,1,1,1,2,1,1,0,0,0,0,I-82,,-120.0168639,46.30598056,0,1,6,12,2,70,14,0,0,1,2,1,1,2,2,3,1,1,2,53,0,2,404,2016,0,0,64,67,35,1,,,1,1,44,1,7,1,4,7,3,0,11,0,07/11/2018,13:51,2.22E+11,30801,0,0,0,3,1,0,0,0,0,96,,,,,,0,,,,,,98953,53,70,220,6,1,0,0,0,0,,0,,,,,,0,,,8,0,0,0,0,9,8,,,0,0,0,8,0,8,95,,,96,,,8,95,995,,,,,,,,,,,,,,,,,,,,,,,,,,,,,,0,0,1,0,0,0,0,0,0,0,0,0,0,0,0,0,0,0,0,0,0,0,0,0,0,0,0,0,0,1,0,0,0,0,0,,1,0,0,0,0,0,0,0,0,0,0,0,0,0,0,0,,,,,,41-45,36-45,Interstate,U,Wednesday,Belt Used,PV,White,0,1,0,0,State Route,State Patrol,Washington State Patrol,1,1,0,0,0,,,,,,0,0,0,,,,,,,,,,,,,,,,,,,,,,,,,,,,,,,,,,,
2018,233,E818929,25,07/14/2018,16:36,14,7,0,33,King,0,1,0,1,1,2,1,1,1,2,,,,9,1,0,0.2,1,0,1,3,2,2,4,0,0,0,0,CR-RAINIER AVE S,,-122.2342333,47.50804444,0,1,13,83,5,35,34,0,0,1,5,9,1,1,3,5,1,1,2,53,0,20,481,1985,0,0,9,14,,,,,1,1,50,2,0,0,0,0,99,0,11,0,,,,,0,0,0,2,1,38,0,0,0,93,,,,,,99,,,,,,98178,53,61,130,1,1,0,0,1,1,,97,,,,,,0,08/15/2016,08/15/2016,20,0,0,0,8,9,8,,,0,0,0,8,9,8,95,,,96,,,8,95,995,,,,,,,,,,,,,,,,,,,,,,,,,,,,,,0,0,0,0,0,0,0,0,0,0,0,0,0,1,0,0,1,0,1,0,0,0,0,0,0,0,0,0,0,1,0,0,1,0,0,,0,0,0,0,0,0,0,0,1,0,1,1,0,0,0,0,,,,,,46-50,46-55,County road,U,Saturday,Unknown,PV,Not Fatal,0,0,0,0,County Road,County Sheriff,King County Police,0,0,1,0,0,,,,,,0,0,0,,,,,,,,,,,,,,,,,,,,,,,,,,,,,,,,,,,
2018,227,E819244,2,07/03/2018,22:31,3,7,5,61,Snohomish,0,1,0,2,1,2,1,1,4,1,,,,8,0,0,19.1,1,0,1,3,2,1,3,0,0,0,0,SR-522,,-122.0678556,47.81696389,0,1,13,80,5,55,14,0,0,1,7,8,1,3,2,1,1,4,1,53,0,32,401,2018,0,0,8,,,,,,1,1,34,1,0,0,0,0,3,0,11,0,,,,,0,0,0,3,1,0,0,0,0,0,,,,,,99,,,,,,98272,53,71,160,6,1,0,0,1,1,,0,,,,,,0,03/15/2014,10/15/2017,20,0,0,0,8,9,2,,,0,0,0,0,0,2,1,,,1,,,2,1,0,,,,,,,,,,,,,,,,,,,,,,,,,,,,,,0,0,0,0,0,0,0,0,0,0,0,0,0,0,0,0,0,0,0,0,0,0,0,0,0,0,0,0,0,1,0,1,0,0,0,,0,0,0,0,0,0,0,0,0,0,0,0,0,0,0,0,,,,,,31-35,26-35,State route,U,Tuesday,Belt Used,PV,Not Fatal,0,0,0,0,State Route,State Patrol,Washington State Patrol,0,1,0,0,0,,,,,,0,0,0,,,,,,,,,,,,,,,,,,,,,,,,,,,,,,,,,,,
2018,228,E819247,2,06/28/2018,22:11,28,6,0,73,Whatcom,0,1,0,3,1,2,1,0,3,2,22:10,22:17,22:41,12,0,7,266.4,1,0,1,1,2,1,1,0,0,0,0,I-5,,-122.6031806,48.89595,0,2,48,61,4,70,80,0,0,1,5,12,1,1,2,3,1,1,9,95,0,76,705,2009,0,0,12,,,,,,1,1,22,1,0,0,0,0,5,0,11,0,,,,,99,9,9,9,1,0,0,0,0,96,,,,,,0,,,,,,0,95,,999,9,9,99,99,99,99,,0,,,,,,0,,,20,8,0,0,8,9,8,,,0,0,0,8,0,8,95,,,96,,,8,95,995,,,,,,,,,,,,,,,,,,,,,,,,,,,,,,0,0,0,0,1,1,1,1,1,0,0,0,1,0,0,0,0,0,0,0,0,0,0,1,1,0,0,0,1,1,0,0,0,0,0,0,0,0,0,0,0,0,0,0,0,0,0,0,0,0,0,0,,,,,,21-25,16-25,Interstate,U,Thursday,,MC,Not Fatal,0,0,0,0,State Route,State Patrol,Washington State Patrol,0,1,0,0,0,,,,,,99,99,99,,,,,,,,,,,,,,,,,,,,,,,,,,,,,,,,,,,
2018,228,E819247,2,06/28/2018,22:11,28,6,0,73,Whatcom,0,1,0,3,1,2,1,0,3,2,22:10,22:17,22:41,12,0,7,266.4,1,0,1,1,2,1,1,0,0,0,0,I-5,,-122.6031806,48.89595,0,1,48,51,3,70,4,0,0,1,2,1,1,1,2,3,15,2,2,53,0,30,46,2000,0,0,12,64,1,,,,1,1,21,1,0,0,2,0,3,0,11,5,,,,,0,0,0,3,1,91,0,0,0,96,,,,,,9,,,,,,98248,53,67,145,6,1,0,0,0,2,,1,,,,,,3,08/15/2014,02/15/2017,8,0,0,0,8,9,8,,,0,0,0,8,1,2,605,695,,1,1,,2,1,0.14,,,,,,,,,,,,,,,,,,,,,,,,,,,,,,0,0,0,0,1,1,1,1,1,0,0,0,1,0,0,0,0,0,0,0,0,0,0,1,1,0,0,0,1,1,0,0,0,0,0,,0,0,0,0,0,1,1,1,0,1,0,0,0,0,0,1,,,,,,21-25,16-25,Interstate,U,Thursday,Belt Used,PV,Not Fatal,0,0,0,0,State Route,State Patrol,Washington State Patrol,0,1,0,0,0,thc,3.6,carboxy-thc,38,,1,0,0,,,,,,,,,,,,,,,,,,,,,,,,,,,,,,,,,,,
2018,236,E819271,2,07/18/2018,13:10,18,7,0,57,Skagit,0,1,0,1,1,2,1,0,5,3,13:12,13:24,13:53,12,0,1,221.2,1,0,1,1,1,1,1,0,0,0,0,I-5,,-122.3353361,48.34145,1,1,28,52,3,60,66,1,0,1,2,12,1,1,3,3,1,1,9,53,0,85,881,2005,0,0,12,12,,,,,1,1,30,1,0,0,0,0,3,0,11,0,,,,,99,9,9,9,1,0,0,0,0,93,,,,,,0,,,,,,0,95,,999,9,9,99,99,99,99,,97,,,,,,0,,,20,0,0,0,8,9,2,,,0,0,0,0,0,8,95,,,96,,,8,95,995,,,,,,,,,,,,,,,,,,,,,,,,,,,,,,0,0,0,0,0,0,0,0,0,0,0,0,0,0,0,0,1,0,0,0,0,0,0,0,0,1,1,0,0,1,1,0,0,0,0,,0,0,0,0,0,0,0,0,1,0,0,0,0,0,0,0,,,,,,26-30,26-35,Interstate,R,Wednesday,,MHTRUCK,Not Fatal,0,0,0,0,State Route,State Patrol,Washington State Patrol,0,1,0,0,0,,,,,,99,99,99,,,,,,,,,,,,,,,,,,,,,,,,,,,,,,,,,,,
2018,236,E819271,2,07/18/2018,13:10,18,7,0,57,Skagit,0,1,0,1,1,2,1,0,5,3,13:12,13:24,13:53,12,0,1,221.2,1,0,1,1,1,1,1,0,0,0,0,I-5,,-122.3353361,48.34145,1,3,98,53,3,70,4,0,0,1,5,12,1,1,3,3,2,2,1,53,0,49,40,2014,0,0,12,12,,,,,1,1,71,1,0,0,1,0,3,0,11,4,,,,,0,0,3,3,1,0,0,0,0,96,,,,,,0,,,,,,98026,53,72,200,6,1,0,0,0,0,,0,,,,,,0,,,20,0,0,0,8,9,8,,,0,0,0,8,0,8,95,,,96,,,8,95,995,,,,,,,,,,,,,,,,,,,,,,,,,,,,,,0,0,0,0,0,0,0,0,0,0,0,0,0,0,0,0,1,0,0,0,0,0,0,0,0,1,1,0,0,1,1,0,0,0,0,,0,0,0,0,0,0,0,0,0,0,0,0,0,0,0,0,,,,,,71-75,66-75,Interstate,R,Wednesday,Belt Used,PV,Not Fatal,0,0,0,0,State Route,State Patrol,Washington State Patrol,0,1,0,0,0,,,,,,0,0,0,,,,,,,,,,,,,,,,,,,,,,,,,,,,,,,,,,,
2018,236,E819271,2,07/18/2018,13:10,18,7,0,57,Skagit,0,1,0,1,1,2,1,0,5,3,13:12,13:24,13:53,12,0,1,221.2,1,0,1,1,1,1,1,0,0,0,0,I-5,,-122.3353361,48.34145,1,2,29,53,3,70,14,0,0,1,2,12,1,1,3,3,2,2,1,53,0,55,401,2011,0,0,12,12,,,,,1,1,64,2,7,1,4,7,3,0,11,0,07/18/2018,13:10,53031973,31973,0,0,0,3,1,0,0,0,0,96,,,,,,0,,,,,,98271,53,69,190,6,1,0,0,0,0,,0,,,,,,0,,,1,0,0,0,0,9,8,,,0,0,0,8,0,2,1,,,1,,,2,1,0,,,,,,,,,,,,,,,,,,,,,,,,,,,,,,0,0,0,0,0,0,0,0,0,0,0,0,0,0,0,0,1,0,0,0,0,0,0,0,0,1,1,0,0,1,1,0,0,0,0,,1,0,0,0,0,0,0,0,0,0,0,0,0,0,0,0,,,,,,61-65,56-65,Interstate,R,Wednesday,Belt Used,PV,White,0,0,0,0,State Route,State Patrol,Washington State Patrol,0,1,0,0,0,,,,,,0,0,0,,,,,,,,,,,,,,,,,,,,,,,,,,,,,,,,,,,
2018,229,E819370,2,07/03/2018,20:13,3,7,5,61,Snohomish,0,1,0,1,1,2,1,0,2,2,20:10,20:20,,12,0,2,29,1,0,1,4,1,1,3,0,0,0,0,SR-530,,-121.6542139,48.27298056,0,2,51,62,4,55,66,1,0,2,7,12,1,1,2,1,1,1,3,53,0,87,881,2011,0,0,12,,,,,,1,1,50,1,0,0,1,0,3,0,11,0,,,,,6,1,0,3,1,0,0,0,0,96,,,,,,0,,,,,,98203,53,72,240,6,1,0,1,1,0,,0,,,,,,0,02/15/2014,09/15/2014,99,0,0,0,8,9,8,,,0,0,0,8,0,2,1,,,1,,,2,1,0,,,,,,,,,,,,,,,,,,,,,,,,,,,,,,0,0,0,0,0,0,1,1,0,0,0,0,0,0,0,0,0,0,0,0,0,0,0,0,0,1,0,0,0,1,1,0,0,0,0,,0,0,0,0,0,0,0,0,0,0,0,0,0,0,0,0,,,,,,46-50,46-55,State route,R,Tuesday,,MHTRUCK,Not Fatal,0,1,1,0,State Route,State Patrol,Washington State Patrol,0,1,0,0,0,,,,,,0,0,0,,,,,,,,,,,,,,,,,,,,,,,,,,,,,,,,,,,
2018,229,E819370,2,07/03/2018,20:13,3,7,5,61,Snohomish,0,1,0,1,1,2,1,0,2,2,20:10,20:20,,12,0,2,29,1,0,1,4,1,1,3,0,0,0,0,SR-530,,-121.6542139,48.27298056,0,1,50,10,2,98,34,0,0,1,7,12,1,1,2,1,1,1,1,53,0,20,481,2002,0,0,68,12,,,,,1,1,69,1,7,1,4,7,3,0,11,0,07/03/2018,20:13,53029929,29929,0,0,0,3,1,28,0,0,0,96,,,,,,0,,,,,,98282,53,75,240,6,1,0,0,0,0,,0,,,,,,0,,,8,0,0,0,0,9,8,,,0,0,0,8,0,2,321,351,996,1,1,1,2,1,0,,,,,,,,,,,,,,,,,,,,,,,,,,,,,,0,0,0,0,0,0,1,1,0,0,0,0,0,0,0,0,0,0,0,0,0,0,0,0,0,1,0,0,0,1,1,0,0,0,0,,1,0,0,0,0,0,1,1,0,0,0,0,0,0,1,0,,,,,,66-70,66-75,State route,R,Tuesday,Belt Used,PV,White,0,1,1,0,State Route,State Patrol,Washington State Patrol,0,1,0,0,0,,,,,,0,0,0,,,,,,,,,,,,,,,,,,,,,,,,,,,,,,,,,,,
2018,234,E819461,3,07/14/2018,10:45,14,7,0,53,Pierce,0,1,0,1,1,2,1,0,2,2,10:48,11:04,11:37,12,0,6,49,2,0,2,3,2,1,3,0,0,3,3,SR-7,166TH ST S,-122.4347917,47.10655556,0,2,89,66,4,25,4,0,0,1,7,12,1,1,2,1,1,1,1,53,0,41,51,2014,0,0,12,,,,,,1,1,40,1,0,0,3,0,3,0,11,5,,,,,0,0,0,3,1,0,0,0,0,96,,,,,,0,,,,,,98387,53,72,215,6,1,0,0,1,0,,0,,,,,,0,04/15/2017,04/15/2017,8,0,0,0,8,9,8,,,0,0,0,8,0,8,95,,,96,,,8,95,995,,,,,,,,,,,,,,,,,,,,,,,,,,,,,,0,0,0,1,0,0,0,0,0,0,0,0,1,0,0,0,0,0,0,0,0,0,0,0,0,0,0,0,1,1,0,0,0,0,0,,0,0,0,0,0,0,0,0,0,0,0,0,0,0,0,0,,,,,,36-40,36-45,State route,U,Saturday,Belt Used,PV,Not Fatal,1,0,0,0,State Route,State Patrol,Washington State Patrol,0,1,0,0,0,,,,,,0,0,0,,,,,,,,,,,,,,,,,,,,,,,,,,,,,,,,,,,
2018,234,E819461,3,07/14/2018,10:45,14,7,0,53,Pierce,0,1,0,1,1,2,1,0,2,2,10:48,11:04,11:37,12,0,6,49,2,0,2,3,2,1,3,0,0,3,3,SR-7,166TH ST S,-122.4347917,47.10655556,0,1,88,17,2,40,80,0,0,1,7,12,1,1,5,1,1,1,1,53,0,72,706,2009,0,0,12,,,,,,1,1,54,1,7,1,4,0,19,0,11,4,07/14/2018,13:36,2.10E+11,31632,0,0,3,3,1,39,0,0,0,96,,,,,,0,,,,,,98445,53,74,240,6,1,0,0,0,0,,0,,,,,,4,,,20,8,0,0,0,9,8,,,0,0,0,8,0,8,95,,,96,,,8,95,995,,,,,,,,,,,,,,,,,,,,,,,,,,,,,,0,0,0,1,0,0,0,0,0,0,0,0,1,0,0,0,0,0,0,0,0,0,0,0,0,0,0,0,1,1,0,0,0,0,1,0,0,0,0,0,0,0,0,0,0,1,0,0,0,0,0,0,,,,,,51-55,46-55,State route,U,Saturday,,MC,White,1,0,0,0,State Route,State Patrol,Washington State Patrol,0,1,0,0,0,,,,,,0,0,0,,,,,,,,,,,,,,,,,,,,,,,,,,,,,,,,,,,
2018,237,E819564,35,07/19/2018,14:54,19,7,0,53,Pierce,0,1,0,1,1,2,2,0,6,3,14:55,15:09,,12,0,2,3.2,2,0,2,4,2,2,4,0,0,20,3,CR-GOLDEN GIVEN RD E,85TH ST E,-122.4156806,47.17999167,0,1,83,17,2,35,80,0,0,1,7,12,1,1,2,1,1,2,2,53,0,53,706,1991,0,0,12,60,54,,,,1,1,48,1,7,1,4,7,19,0,11,0,07/19/2018,14:54,53032516,32516,0,0,0,2,1,39,0,0,0,96,,,,,,99,,,,,,98406,53,70,223,1,1,0,0,1,0,,0,,,,,,3,05/15/2014,02/15/2016,20,8,0,0,0,9,8,,,0,0,0,8,9,2,401,417,,1,1,,2,1,0,,,,,,,,,,,,,,,,,,,,,,,,,,,,,,0,0,0,1,0,0,1,1,0,0,0,0,1,1,1,0,0,0,0,0,0,0,0,0,0,1,0,0,1,1,0,0,0,0,1,0,0,0,0,0,0,0,1,1,0,1,0,1,0,0,1,0,,,,,,46-50,46-55,County road,U,Thursday,,MC,White,1,0,0,0,County Road,County Sheriff,Law Enforcement Support Agency,0,0,1,0,0,,,,,,0,0,2,,,,,,,,,,,,,,,,,,,,,,,,,,,,,,,,,,,
2018,237,E819564,35,07/19/2018,14:54,19,7,0,53,Pierce,0,1,0,1,1,2,2,0,6,3,14:55,15:09,,12,0,2,3.2,2,0,2,4,2,2,4,0,0,20,3,CR-GOLDEN GIVEN RD E,85TH ST E,-122.4156806,47.17999167,0,2,82,66,4,35,4,0,0,1,7,12,1,1,2,1,11,2,1,53,0,37,31,2005,0,0,12,,,,,,1,1,40,2,0,0,0,0,3,0,11,0,,,,,0,0,0,3,1,0,0,0,0,96,,,,,,0,,,,,,98444,53,66,130,6,1,0,0,0,1,,0,,,,,,0,08/15/2013,08/15/2013,1,0,0,0,8,9,8,,,0,0,0,8,0,8,95,,,96,,,8,95,995,,,,,,,,,,,,,,,,,,,,,,,,,,,,,,0,0,0,1,0,0,1,1,0,0,0,0,1,1,1,0,0,0,0,0,0,0,0,0,0,1,0,0,1,1,0,0,0,0,0,,0,0,0,0,0,0,0,0,0,0,0,0,0,0,0,0,,,,,,36-40,36-45,County road,U,Thursday,Belt Used,PV,Not Fatal,1,0,0,0,County Road,County Sheriff,Law Enforcement Support Agency,0,0,1,0,0,,,,,,0,0,0,,,,,,,,,,,,,,,,,,,,,,,,,,,,,,,,,,,
2018,237,E819564,35,07/19/2018,14:54,19,7,0,53,Pierce,0,1,0,1,1,2,2,0,6,3,14:55,15:09,,12,0,2,3.2,2,0,2,4,2,2,4,0,0,20,3,CR-GOLDEN GIVEN RD E,85TH ST E,-122.4156806,47.17999167,0,3,98,90,6,35,4,0,0,1,7,54,1,1,2,1,5,2,1,53,0,59,31,2005,0,0,54,,,,,,1,1,68,2,0,0,0,0,3,0,11,0,,,,,0,0,0,3,1,0,0,0,0,96,,,,,,0,,,,,,98444,53,61,132,6,1,0,0,0,0,,0,,,,,,0,,,20,0,0,0,8,9,8,,,0,0,0,8,0,8,95,,,96,,,8,95,995,,,,,,,,,,,,,,,,,,,,,,,,,,,,,,0,0,0,1,0,0,1,1,0,0,0,0,1,1,1,0,0,0,0,0,0,0,0,0,0,1,0,0,1,1,0,0,0,0,0,,0,0,0,0,0,0,0,0,0,0,0,0,0,0,0,0,,,,,,66-70,66-75,County road,U,Thursday,Belt Used,PV,Not Fatal,1,0,0,0,County Road,County Sheriff,Law Enforcement Support Agency,0,0,1,0,0,,,,,,0,0,0,,,,,,,,,,,,,,,,,,,,,,,,,,,,,,,,,,,