year,case,par,repjur,crash_dt,crash_tm,accday,accmon,holiday,county,co_char,city,weather,weather2,lightcond,surfcond,surftype,numfatal,nmforms,pforms,vforms,not_tm,arr_tm,hosp_tm,fhevent,hitrun,manncol,milepnt,reljunc,reljuncinter,intersectiontype,funcsystem,landuse,ownership,route,schlbus,spejur,contdev,devfunc,trafid1,trafid2,x,y,wk_zone,vnumber,crashtype,criticalevent,criticaleventcat,spdlim,body,trailer,emerg,hazcargo,leave,mhevent,roadalgn,roadprof,traflane,trafflow,vehmanvr,numoccs,regowner,regstate,spuse,make,model,modelyr,vrf1,vrf2,seqevent1,seqevent2,seqevent3,seqevent4,seqevent5,seqevent6,pnumber,ptype,age,sex,hispanic,race,injury,diedscene,restraint,restraintmisuse,seatpos,takehosp,death_dt,death_tm,cert,cernum_wa,commlic,licendor,licrestrict,liccomp,drivpres,drf1,drf2,drf3,drf4,distract1,distract2,distract3,distract4,distract5,distract6,dricond1,dricond2,dricond3,dricond4,dricond5,dricond6,dzip,licstate,drhgt_in,weight,noncdl,noncdltype,prevdwi,prevoth,prevacc,prevspd,prevsus,driviol1,driviol2,driviol3,driviol4,driviol5,driviol6,spdrel,first_dt,last_dt,airbag,ejection,ejectpath,extricat,injurwrk,methalc,methdrug,nmlocat,strikveh,prf1,prf2,prf3,druginv,alcinvol,drugsts,drugres1,drugres2,drugres3,drugtst1,drugtst2,drugtst3,alcsts,alctst,alcres,nmact1,nmact2,nmact3,nmact4,nmact5,nmact6,nmprior1,nmprior2,nmprior3,nmprior4,nmprior5,nmprior6,nmcond1,nmcond2,nmcond3,nmcond4,nmcond5,nmcond6,nmsafe_helmet,nmsafe_pads,nmsafe_oth,nmprev_ref,nmprev_lgt,nmprev_oth,crashlocation,nmcrashtype,crosswalk,schoolzone,sidewalk,train_inv,wildlife_inv,rotr_fars,intersect_fars,dd_inv,aid_inv,dpd_inv,id_inv,mj_inv,impnm_inv,ainm_inv,dpnm_inv,speed_inv,unlic_inv,unendmc_inv,drowsy_inv,drdist_inv,nmdist_inv,fty_inv,unrestfat_inv,dr1617_inv,dr1820_inv,dr1620_inv,dr2125_inv,dr1625_inv,dr65_inv,dr70_inv,dr75_inv,mc_inv,pv_inv,ht_inv,ped_inv,bike_inv,unrest_fat,mc_fat,unhelmet_mc,pv_fat,ht_fat,ped_fat,bike_fat,dr_alc7,dr_alc8,dr_drug,dr_imp,dr_dist,dr_spd,dr_fty,dr_unlic,dr_alc7only,dr_alc8only,dr_drugonly,dr_drink,nm_imp,nm_alc7,nm_alc8,nm_drug,nm_dist,agegrp1,agegrp2,roadclass,urbrur,dayweek,restuse,vehtype,race_me,intersect,lanedep,oppdir,wrongway,rep_typ,investag,repag_long,rotr,st_rd,cty_rd,city_rd,oth_rd,drug_thc,thc_res,drug_cthc,cthc_res,drug_cann,prevpersemin,prevperse,prevsusoth,drugtst4,drugtst5,drugtst6,drugtst7,drugtst8,drugres4,drugres5,drugres6,drugres7,drugres8,adspresent,adsengaged,adslevel,race1,race2,race3,race4,race5,helmet,helmetmisuse,nmdistract1,nmdistract2,nmdistract3,nmdistract4,nmdistract5,nmdistract6,lab,isedtcase,crf1,crf2,crf3,CoRoadName,CoMP,IntCoRoadName,IntCoMP
2018,232,E819635,21,07/06/2018,19:22,6,7,0,25,Grant,0,1,0,1,1,7,1,0,4,2,19:18,19:33,20:01,12,0,6,2,2,0,2,7,1,2,4,0,0,0,0,CR-RD 9 NW,RD S NW,-119.8965833,47.21844722,0,2,88,66,4,50,67,0,0,1,7,12,8,8,2,1,1,1,1,53,0,12,880,2016,0,0,12,,,,,,1,1,30,1,0,0,2,0,3,0,11,0,,,,,0,0,0,3,1,0,0,0,0,96,,,,,,0,,,,,,98848,53,68,180,6,1,0,0,1,3,,0,,,,,,0,04/15/2014,06/15/2017,1,0,0,0,8,9,8,,,0,0,0,8,0,8,95,,,96,,,8,95,995,,,,,,,,,,,,,,,,,,,,,,,,,,,,,,0,0,0,1,0,0,0,0,0,0,0,0,0,0,0,0,0,0,1,0,0,1,1,0,1,0,0,0,0,1,1,0,0,0,0,,0,0,0,0,0,0,0,0,0,0,0,0,0,0,0,0,,,,,,26-30,26-35,County road,R,Friday,Belt Used,MHTRUCK,Not Fatal,1,0,0,0,County Road,County Sheriff,Grant County Sheriff's Office,0,0,1,0,0,,,,,,0,0,0,,,,,,,,,,,,,,,,,,,,,,,,,,,,,,,,,,,
2018,232,E819635,21,07/06/2018,19:22,6,7,0,25,Grant,0,1,0,1,1,7,1,0,4,2,19:18,19:33,20:01,12,0,6,2,2,0,2,7,1,2,4,0,0,20,3,CR-RD 9 NW,RD S NW,-119.8965833,47.21844722,0,1,89,17,2,50,4,0,0,1,7,12,1,2,2,1,4,3,1,53,0,35,47,2007,0,0,12,,,,,,1,1,19,1,1,1,4,0,3,0,11,5,07/06/2018,22:35,1.78E+11,31016,0,0,0,3,1,38,0,0,0,96,,,,,,0,,,,,,98849,53,63,160,6,1,0,0,0,0,,0,,,,,,0,,,8,0,0,0,0,9,8,,,0,0,0,8,0,2,1,,,1,,,2,1,0,,,,,,,,,,,,,,,,,,,,,,,,,,,,,,0,0,0,1,0,0,0,0,0,0,0,0,0,0,0,0,0,0,1,0,0,1,1,0,1,0,0,0,0,1,1,0,0,0,0,,1,0,0,0,0,0,0,0,0,0,1,0,0,0,0,0,,,,,,18-20,16-25,County road,R,Friday,Belt Used,PV,Hispanic,1,0,0,0,County Road,County Sheriff,Grant County Sheriff's Office,0,0,1,0,0,,,,,,0,0,0,,,,,,,,,,,,,,,,,,,,,,,,,,,,,,,,,,,
2018,244,E819958,5,07/14/2018,16:36,14,7,0,15,Cowlitz,0,1,0,1,1,2,3,0,6,1,16:25,17:17,18:10,1,0,0,27.6,1,0,1,1,1,1,1,0,0,0,0,I-5,,-122.8221389,45.97777222,0,1,1,13,2,70,15,0,0,1,2,1,1,1,3,3,1,6,2,53,0,49,422,2002,0,0,63,1,,,,,1,1,36,2,0,0,2,0,3,0,11,5,,,,,0,0,0,3,1,0,0,0,0,3,,,,,,0,,,,,,98499,53,66,410,6,1,0,2,0,1,,97,,,,,,0,10/15/2015,12/15/2017,20,0,0,0,8,9,8,,,0,0,0,8,0,8,95,,,96,,,8,95,995,,,,,,,,,,,,,,,,,,,,,,,,,,,,,,0,0,1,0,0,0,0,0,0,0,0,0,0,0,0,0,1,0,0,1,0,0,0,0,0,0,0,0,0,1,0,0,0,0,0,,0,0,0,0,0,0,0,0,1,0,0,0,0,0,0,0,,,,,,36-40,36-45,Interstate,R,Saturday,Belt Used,PV,Not Fatal,0,1,0,0,State Route,State Patrol,Washington State Patrol,1,1,0,0,0,,,,,,0,0,0,,,,,,,,,,,,,,,,,,,,,,,,,,,,,,,,,,,
2018,248,E820253,3,07/22/2018,17:27,22,7,0,53,Pierce,0,1,0,1,1,2,1,0,2,1,,,,42,0,0,26.6,1,0,1,4,1,1,3,0,0,0,0,SR-7,,-122.3179778,46.84316944,0,1,1,13,2,50,14,1,0,1,2,42,1,1,2,1,1,2,1,53,0,35,402,2007,0,0,63,42,,,,,1,1,29,1,0,0,2,0,20,0,11,8,,,,,0,0,0,3,1,0,0,0,0,3,,,,,,0,,,,,,98335,53,63,140,6,1,0,3,0,7,,0,,,,,,0,08/15/2013,05/15/2017,1,0,0,0,8,9,8,,,0,0,0,8,0,8,95,,,96,,,8,95,995,,,,,,,,,,,,,,,,,,,,,,,,,,,,,,0,0,1,0,0,0,0,0,0,0,0,0,0,0,0,0,1,0,0,1,0,0,0,0,0,0,0,0,0,1,0,0,0,0,0,,0,0,0,0,0,0,0,0,1,0,0,0,0,0,0,0,,,,,,26-30,26-35,State route,R,Sunday,Not Used,PV,Not Fatal,0,1,0,0,State Route,State Patrol,Washington State Patrol,1,1,0,0,0,,,,,,0,0,4,,,,,,,,,,,,,,,,,,,,,,,,,,,,,,,,,,,
2018,249,E820260,4,07/20/2018,23:06,20,7,0,43,Lincoln,0,1,0,3,1,2,1,0,1,1,23:10,23:51,0:18,1,0,0,253.9,1,0,1,3,2,1,2,0,0,0,0,US-2,,-117.9195778,47.66466944,0,1,1,13,2,60,80,0,0,1,2,1,1,1,2,1,1,1,2,53,0,37,705,2003,0,0,63,1,,,,,1,1,35,1,7,1,4,0,5,0,11,5,07/22/2018,8:42,1.81E+11,33092,0,0,0,3,1,0,0,0,0,96,,,,,,9,,,,,,99207,53,70,170,6,1,0,0,0,1,,0,,,,,,0,11/15/2015,11/15/2015,20,8,0,0,0,1,8,,,0,0,0,8,1,2,605,695,,1,1,,2,1,0.17,,,,,,,,,,,,,,,,,,,,,,,,,,,,,,0,0,1,0,1,1,1,1,1,0,0,0,0,0,0,0,0,0,0,0,0,0,0,0,0,0,0,0,1,0,0,0,0,0,1,0,0,0,0,0,0,1,1,1,0,0,0,0,0,0,0,1,,,,,,31-35,26-35,US highway,U,Friday,,MC,White,0,1,0,0,State Route,State Patrol,Washington State Patrol,1,1,0,0,0,thc,1.9,carboxy-thc,18,,0,0,0,,,,,,,,,,,,,,,,,,,,,,,,,,,,,,,,,,,
2018,250,E820291,1,07/16/2018,23:06,16,7,0,77,Yakima,0,1,0,2,1,2,1,0,1,1,,,,35,0,0,58.5,1,0,1,1,2,1,1,0,0,0,0,I-82,,-120.1778111,46.34558611,0,1,6,6,1,70,4,0,0,1,2,35,1,1,2,3,1,1,1,53,0,20,2,2012,0,0,64,67,35,,,,1,1,46,1,7,1,4,7,3,0,11,0,07/16/2018,23:06,85053031928,31928,0,0,0,3,1,0,0,0,0,92,,,,,,99,,,,,,98531,53,70,175,6,1,0,1,1,1,,0,,,,,,4,10/15/2013,05/15/2017,8,0,0,0,0,9,1,,,0,0,0,1,9,2,605,695,,1,1,,2,1,0,,,,,,,,,,,,,,,,,,,,,,,,,,,,,,0,0,1,0,0,0,1,1,1,0,0,0,1,0,0,0,1,0,0,0,0,0,0,0,0,0,0,0,0,1,0,0,0,0,0,,1,0,0,0,0,0,1,1,1,1,0,0,0,0,1,0,,,,,,46-50,46-55,Interstate,U,Monday,Belt Used,PV,White,0,1,0,0,State Route,State Patrol,Washington State Patrol Headquarter,1,1,0,0,0,thc,9.4,carboxy-thc,48,,0,0,0,,,,,,,,,,,,,,,,,,,,,,,,,,,,,,,,,,,
2018,231,E820628,6,07/07/2018,0:32,7,7,0,25,Grant,0,1,0,2,6,2,1,0,2,2,0:25,0:35,,12,1,7,34.8,1,0,1,3,1,1,3,0,0,0,0,SR-28,,-119.8336556,47.23402778,0,1,47,51,3,60,4,0,0,1,3,12,1,1,2,1,6,1,2,53,0,63,31,1996,0,0,12,63,43,1,3,,1,1,26,1,0,0,0,0,99,0,11,0,,,,,0,0,0,0,1,33,91,0,0,96,,,,,,99,,,,,,98801,53,,999,0,0,99,99,99,99,,1,,,,,,0,,,20,0,0,0,8,9,8,,,0,0,0,8,9,8,95,,,96,,,8,95,995,,,,,,,,,,,,,,,,,,,,,,,,,,,,,,0,0,0,0,1,0,0,0,0,0,0,0,0,1,0,0,0,0,0,1,0,0,0,1,1,0,0,0,0,1,0,0,0,0,0,,0,0,0,0,0,0,0,0,0,0,0,1,0,0,0,0,,,,,,26-30,26-35,State route,R,Saturday,Unknown,PV,Not Fatal,0,0,0,0,State Route,State Patrol,Washington State Patrol,0,1,0,0,0,,,,,,99,99,99,,,,,,,,,,,,,,,,,,,,,,,,,,,,,,,,,,,
2018,231,E820628,6,07/07/2018,0:32,7,7,0,25,Grant,0,1,0,2,6,2,1,0,2,2,0:25,0:35,,12,0,7,34.8,1,0,1,3,1,1,3,0,0,0,0,SR-28,,-119.8336556,47.23402778,0,2,45,98,7,60,14,0,0,1,2,12,1,1,2,1,1,1,2,53,0,20,403,2004,0,0,63,69,12,,,,1,1,24,2,1,1,4,7,20,0,11,0,07/07/2018,0:32,1.78E+11,30167,0,0,3,3,1,0,0,0,0,96,,,,,,0,,,,,,98848,53,64,200,6,1,0,2,0,2,,0,,,,,,0,08/15/2013,06/15/2017,20,1,9,0,0,9,8,,,0,0,0,8,9,2,1,,,1,,,2,1,0.03,,,,,,,,,,,,,,,,,,,,,,,,,,,,,,0,0,0,0,1,0,0,0,0,0,0,0,0,1,0,0,0,0,0,1,0,0,0,1,1,0,0,0,0,1,0,0,0,1,0,,1,0,0,0,1,0,0,0,0,0,0,0,1,0,0,1,,,,,,21-25,16-25,State route,R,Saturday,Not Used,PV,Hispanic,0,0,0,0,State Route,State Patrol,Washington State Patrol,0,1,0,0,0,,,,,,0,0,0,,,,,,,,,,,,,,,,,,,,,,,,,,,,,,,,,,,
2018,241,E820775,1,07/11/2018,16:11,11,7,0,77,Yakima,0,1,0,1,1,1,1,0,2,1,16:19,16:48,17:47,35,0,0,70,1,0,1,1,1,1,1,0,0,0,0,I-82,,-119.9595111,46.29718333,0,1,6,3,1,70,14,0,0,1,2,1,1,1,2,2,15,2,2,53,0,23,401,1995,0,0,64,35,1,,,,1,1,33,2,0,0,3,0,20,0,11,5,,,,,0,0,0,3,1,80,0,0,0,96,,,,,,9,,,,,,98506,53,66,140,6,1,0,2,0,0,,12,89,,,,,4,10/15/2013,06/15/2016,20,0,0,1,8,9,8,,,0,0,0,8,9,2,401,417,605,1,1,1,2,1,0,,,,,,,,,,,,,,,,,,,,,,,,,,,,,,0,0,1,0,0,0,1,1,1,0,0,0,1,0,0,0,0,0,0,1,0,0,0,0,0,0,0,0,0,1,0,0,0,0,0,,0,0,0,0,0,0,1,1,0,1,0,0,0,0,1,0,,,,,,31-35,26-35,Interstate,R,Wednesday,Not Used,PV,Not Fatal,0,1,0,0,State Route,State Patrol,Washington State Patrol,1,1,0,0,0,thc,1.8,carboxy-thc,22,,0,0,2,1,,,,,695,,,,,,,,,,,,,,,,,,,,,,,,,,,,,
2018,245,E820785,4,07/15/2018,17:30,15,7,0,19,Ferry,0,1,0,1,1,2,1,0,2,2,,,,12,0,2,316.6,1,0,1,4,1,1,3,0,0,0,0,SR-20,,-118.5144583,48.59887778,0,2,51,62,4,50,21,0,0,1,7,12,3,2,2,1,14,1,3,53,0,12,462,2015,0,0,12,,,,,,1,1,31,1,0,0,1,0,3,0,11,4,,,,,0,0,0,3,1,0,0,0,0,96,,,,,,0,,,,,,98104,53,66,200,6,1,0,0,0,0,,0,,,,,,0,,,8,0,0,0,8,9,8,,,0,0,0,8,0,8,95,,,96,,,8,95,995,,,,,,,,,,,,,,,,,,,,,,,,,,,,,,0,0,0,0,0,0,1,1,0,0,0,0,0,0,0,0,0,0,0,0,0,0,0,0,0,0,0,0,1,1,0,0,0,0,0,,0,0,0,0,0,0,0,0,0,0,0,0,0,0,0,0,,,,,,31-35,26-35,State route,R,Sunday,Belt Used,PV,Not Fatal,0,1,1,0,State Route,State Patrol,Washington State Patrol Headquarter,0,1,0,0,0,,,,,,0,0,0,,,,,,,,,,,,,,,,,,,,,,,,,,,,,,,,,,,
2018,245,E820785,4,07/15/2018,17:30,15,7,0,19,Ferry,0,1,0,1,1,2,1,0,2,2,,,,12,0,2,316.6,1,0,1,4,1,1,3,0,0,0,0,SR-20,,-118.5144583,48.59887778,0,1,50,9,1,55,80,0,0,1,2,12,2,2,2,1,14,1,1,53,0,73,705,2017,0,0,68,12,,,,,1,1,53,1,7,1,4,7,5,0,11,0,07/15/2018,17:30,53031938,31938,0,0,3,3,1,28,0,0,0,96,,,,,,0,,,,,,99166,53,75,265,6,1,0,0,1,0,,0,,,,,,0,09/15/2013,09/15/2013,20,8,0,0,0,9,8,,,0,0,0,8,0,2,996,,,1,,,2,1,0,,,,,,,,,,,,,,,,,,,,,,,,,,,,,,0,0,0,0,0,0,1,1,0,0,0,0,0,0,0,0,0,0,0,0,0,0,0,0,0,0,0,0,1,1,0,0,0,0,1,0,0,0,0,0,0,0,1,1,0,0,0,0,0,0,1,0,,,,,,51-55,46-55,State route,R,Sunday,,MC,White,0,1,1,0,State Route,State Patrol,Washington State Patrol Headquarter,0,1,0,0,0,,,,,,0,0,0,,,,,,,,,,,,,,,,,,,,,,,,,,,,,,,,,,,
2018,251,E820893,4,07/17/2018,15:53,17,7,0,63,Spokane,2113,1,0,1,1,2,1,0,2,2,,,,12,0,6,9.3,4,0,1,3,2,1,3,0,0,0,0,SR-290,,-117.2223806,47.69426667,0,2,71,61,4,50,80,0,0,1,2,12,1,1,5,5,1,1,1,16,0,53,706,2000,0,0,12,,,,,,1,1,65,1,7,1,4,7,17,0,11,0,07/17/2018,15:53,2.11E+11,31839,6,0,0,3,1,0,0,0,0,96,,,,,,99,,,,,,83854,16,67,180,6,1,0,0,0,0,,0,,,,,,0,,,20,8,0,0,0,1,8,,,0,0,0,8,1,2,1,,,1,,,2,1,0.029,,,,,,,,,,,,,,,,,,,,,,,,,,,,,,0,0,0,0,1,0,0,0,0,0,0,0,0,0,0,0,0,0,1,0,0,0,0,0,0,1,1,1,1,0,1,0,0,0,1,1,0,0,0,0,1,0,0,0,0,0,0,0,1,0,0,1,,,,,,61-65,56-65,State route,U,Tuesday,,MC,White,0,0,0,0,State Route,State Patrol,Washington State Patrol,0,1,0,0,0,,,,,,0,0,0,,,,,,,,,,,,,,,,,,,,,,,,,,,,,,,,,,,
2018,251,E820893,4,07/17/2018,15:53,17,7,0,63,Spokane,2113,1,0,1,1,2,1,0,2,2,,,,12,0,6,9.3,4,0,1,3,2,1,3,0,0,0,0,SR-290,,-117.2223806,47.69426667,0,1,70,53,3,50,66,1,0,1,5,12,1,1,5,5,10,1,3,18,0,87,884,2014,0,0,12,,,,,,1,1,75,1,0,0,0,0,3,0,11,0,,,,,6,1,3,3,1,38,0,0,0,96,,,,,,0,,,,,,99216,53,72,200,6,1,0,4,1,0,,46,,,,,,0,07/15/2014,11/15/2016,20,0,0,0,8,9,8,,,0,0,0,8,0,0,0,,,0,,,0,0,996,,,,,,,,,,,,,,,,,,,,,,,,,,,,,,0,0,0,0,1,0,0,0,0,0,0,0,0,0,0,0,0,0,1,0,0,0,0,0,0,1,1,1,1,0,1,0,0,0,0,,0,0,0,0,0,0,0,0,0,0,1,0,0,0,0,0,,,,,,71-75,66-75,State route,U,Tuesday,,MHTRUCK,Not Fatal,0,0,0,0,State Route,State Patrol,Washington State Patrol,0,1,0,0,0,,,,,,0,0,0,,,,,,,,,,,,,,,,,,,,,,,,,,,,,,,,,,,
2018,252,E821090,127,07/21/2018,18:09,21,7,0,33,King,735,1,0,1,1,2,1,0,2,2,,,,12,0,6,12.1,2,0,3,4,2,1,3,0,0,0,0,SR-509,50TH AVE SW,-122.395875,47.32253611,0,2,98,60,4,35,6,0,0,1,7,12,1,1,2,1,11,1,1,53,0,49,49,2008,0,0,12,,,,,,1,1,44,1,0,0,0,0,3,0,11,0,,,,,0,0,0,3,1,0,0,0,0,96,,,,,,0,,,,,,98023,53,66,175,6,1,0,0,0,0,,0,,,,,,0,,,2,0,0,0,8,9,8,,,0,0,0,8,0,8,95,,,96,,,8,95,995,,,,,,,,,,,,,,,,,,,,,,,,,,,,,,0,0,0,1,0,0,0,0,0,0,0,0,1,0,0,0,0,0,0,0,0,0,0,0,0,0,0,0,1,1,0,0,0,0,0,,0,0,0,0,0,0,0,0,0,0,0,0,0,0,0,0,,,,,,41-45,36-45,State route,U,Saturday,Belt Used,PV,Not Fatal,1,0,0,0,State Route,Municipal/City Police,Federal Way Dept of Public Safety,0,1,0,0,0,,,,,,0,0,0,,,,,,,,,,,,,,,,,,,,,,,,,,,,,,,,,,,
2018,252,E821090,127,07/21/2018,18:09,21,7,0,33,King,735,1,0,1,1,2,1,0,2,2,,,,12,0,6,12.1,2,0,3,4,2,1,3,0,0,0,0,SR-509,50TH AVE SW,-122.395875,47.32253611,0,1,98,10,2,35,80,0,0,1,7,12,1,1,2,1,6,1,1,53,0,37,706,2012,0,0,12,,,,,,1,1,28,1,7,1,4,7,5,0,11,0,07/21/2018,18:09,73553032368,32368,0,0,3,3,1,33,0,0,0,96,,,,,,99,,,,,,98087,53,72,220,6,1,0,0,0,0,,0,,,,,,4,,,20,8,0,0,0,9,8,,,0,0,0,8,9,2,1,,,1,,,2,1,0,,,,,,,,,,,,,,,,,,,,,,,,,,,,,,0,0,0,1,0,0,0,0,0,0,0,0,1,0,0,0,0,0,0,0,0,0,0,0,0,0,0,0,1,1,0,0,0,0,1,0,0,0,0,0,0,0,0,0,0,1,0,0,0,0,0,0,,,,,,26-30,26-35,State route,U,Saturday,,MC,White,1,0,0,0,State Route,Municipal/City Police,Federal Way Dept of Public Safety,0,1,0,0,0,,,,,,0,0,0,,,,,,,,,,,,,,,,,,,,,,,,,,,,,,,,,,,
2018,253,E821202,4,07/20/2018,18:37,20,7,0,65,Stevens,0,1,0,1,1,2,1,0,2,2,18:39,18:47,20:00,12,0,2,189.9,1,0,1,3,1,1,2,0,0,0,0,US-395,,-117.5653306,47.99375556,0,2,51,62,4,60,4,0,0,1,2,12,3,1,2,1,14,1,1,16,0,41,51,2005,0,0,12,,,,,,1,1,22,1,7,1,4,7,3,0,11,0,07/20/2018,18:37,53032987,32987,0,0,0,3,1,0,0,0,0,96,,,,,,0,,,,,,83864,16,70,130,6,1,0,0,0,0,,0,,,,,,0,,,1,0,0,0,0,9,8,,,0,0,0,8,0,2,1,,,1,,,2,1,0,,,,,,,,,,,,,,,,,,,,,,,,,,,,,,0,0,0,0,0,0,1,1,0,0,0,0,0,0,0,0,1,0,0,0,0,0,0,1,1,0,0,0,0,1,0,0,0,0,0,,1,0,0,0,0,0,0,0,0,0,0,0,0,0,0,0,,,,,,21-25,16-25,US highway,R,Friday,Belt Used,PV,White,0,1,1,0,State Route,State Patrol,Washington State Patrol,0,1,0,0,0,,,,,,0,0,0,,,,,,,,,,,,,,,,,,,,,,,,,,,,,,,,,,,
2018,253,E821202,4,07/20/2018,18:37,20,7,0,65,Stevens,0,1,0,1,1,2,1,0,2,2,18:39,18:47,20:00,12,0,2,189.9,1,0,1,3,1,1,2,0,0,0,0,US-395,,-117.5653306,47.99375556,0,1,50,10,2,60,4,0,0,1,2,12,2,1,2,1,14,1,1,53,0,20,25,2016,0,0,68,12,,,,,1,1,42,2,0,0,3,0,3,0,11,5,,,,,0,0,0,3,1,28,0,0,0,92,,,,,,9,,,,,,99138,53,61,120,6,1,0,1,0,2,,97,,,,,,0,03/15/2015,01/15/2018,8,0,0,0,8,9,2,,,0,0,0,1,0,2,155,,,1,,,2,1,0,,,,,,,,,,,,,,,,,,,,,,,,,,,,,,0,0,0,0,0,0,1,1,0,0,0,0,0,0,0,0,1,0,0,0,0,0,0,1,1,0,0,0,0,1,0,0,0,0,0,,0,0,0,0,0,0,1,1,1,0,0,0,0,0,1,0,,,,,,41-45,36-45,US highway,R,Friday,Belt Used,PV,Not Fatal,0,1,1,0,State Route,State Patrol,Washington State Patrol,0,1,0,0,0,,,,,,0,0,3,,,,,,,,,,,,,,,,,,,,,,,,,,,,,,,,,,,
2018,254,E821507,39,07/22/2018,11:47,22,7,0,61,Snohomish,0,1,0,1,1,2,1,0,1,1,11:47,12:01,,1,0,0,4.4,1,0,1,5,1,2,4,0,0,0,0,CR-HIGH BRIDGE RD,,-122.0362028,47.81901944,0,1,1,13,2,35,80,0,0,1,7,1,3,2,2,1,14,1,1,53,0,72,706,2004,0,0,63,1,,,,,1,1,30,1,7,28,4,7,5,0,11,0,07/22/2018,11:47,53032739,32739,0,0,3,3,1,0,0,0,0,92,,,,,,99,,,,,,98208,53,69,200,6,1,0,1,0,1,,0,,,,,,0,03/15/2014,06/15/2016,20,8,0,0,0,9,8,,,0,0,0,8,9,2,1,,,1,,,2,1,0.15,,,,,,,,,,,,,,,,,,,,,,,,,,,,,,0,0,1,0,1,1,0,1,0,0,0,0,0,0,0,0,1,0,0,0,0,0,0,0,0,0,0,0,1,0,0,0,0,0,1,0,0,0,0,0,0,1,0,1,1,0,0,0,0,1,0,1,,,,,,26-30,26-35,County road,R,Sunday,,MC,API,0,1,0,0,County Road,County Sheriff,Snohomish County Sheriff's Office,1,0,1,0,0,,,,,,0,0,2,,,,,,,,,,,,,,,,,,,,,,,,,,,,,,,,,,,
2018,255,E821586,122,07/18/2018,2:51,18,7,0,61,Snohomish,690,1,0,2,1,2,1,1,1,1,,,,8,0,0,6.2,1,0,1,3,2,1,3,0,0,0,0,SR-529,,-122.1833028,48.02946944,0,1,13,13,2,55,14,0,0,1,5,8,1,1,2,3,1,1,2,53,0,2,404,1999,0,0,63,8,,,,,1,1,33,1,0,0,0,0,99,0,11,0,,,,,0,0,0,2,1,0,0,0,0,96,,,,,,9,,,,,,98223,53,70,220,1,1,0,0,2,0,,97,,,,,,0,04/15/2017,04/15/2018,20,0,0,0,8,9,2,,,0,0,0,1,0,2,177,401,417,1,1,1,2,1,0,,,,,,,,,,,,,,,,,,,,,,,,,,,,,,0,0,0,0,0,0,1,1,0,1,0,1,0,1,0,0,0,0,0,0,0,0,0,0,0,0,0,0,0,1,0,1,0,0,0,,0,0,0,0,0,0,1,1,0,0,0,1,0,0,1,0,,,,,,31-35,26-35,State route,U,Wednesday,Unknown,PV,Not Fatal,0,0,0,0,State Route,Municipal/City Police,Everett Police Department,0,1,0,0,0,,,,,,0,0,1,,,,,,,,,,,,,,,,,,,,,,,,,,,,,,,,,,,
2018,256,E821666,160,07/25/2018,17:16,25,7,0,33,King,1030,1,0,1,1,2,1,1,3,2,,,,42,0,0,9.4,1,0,1,3,2,1,3,0,0,0,0,SR-99,,-122.3085722,47.35971111,0,1,1,13,2,40,14,0,0,1,7,8,1,1,8,1,6,2,1,53,0,63,402,2011,0,0,63,42,8,69,12,,1,1,21,1,0,0,1,0,3,0,11,8,,,,,0,0,0,3,1,0,0,0,0,96,,,,,,0,,,,,,98003,53,69,178,6,1,0,0,1,0,,97,,,,,,3,05/15/2016,05/15/2016,8,0,0,0,8,9,8,,,0,0,0,8,0,2,1,,,1,,,2,1,0,,,,,,,,,,,,,,,,,,,,,,,,,,,,,,0,0,1,0,0,0,0,0,0,1,0,1,1,0,0,0,0,0,0,0,0,0,0,1,1,0,0,0,0,1,0,1,0,0,0,,0,0,0,0,0,0,0,0,0,1,0,0,0,0,0,0,,,,,,21-25,16-25,State route,U,Wednesday,Belt Used,PV,Not Fatal,0,1,0,0,State Route,Municipal/City Police,Kent Police Department,1,1,0,0,0,,,,,,0,0,0,,,,,,,,,,,,,,,,,,,,,,,,,,,,,,,,,,,
2018,256,E821666,160,07/25/2018,17:16,25,7,0,33,King,1030,1,0,1,1,2,1,1,3,2,,,,42,0,0,9.4,1,0,1,3,2,1,3,0,0,0,0,SR-99,,-122.3085722,47.35971111,0,2,98,53,3,40,4,0,0,1,7,12,1,1,8,1,10,1,1,6,0,12,17,2006,0,0,12,,,,,,1,1,56,2,0,0,0,0,3,0,11,0,,,,,0,0,3,3,1,0,0,0,0,96,,,,,,0,,,,,,98003,53,64,165,6,1,0,0,0,0,,0,,,,,,0,,,20,0,0,0,8,9,8,,,0,0,0,8,0,8,95,,,96,,,8,95,995,,,,,,,,,,,,,,,,,,,,,,,,,,,,,,0,0,1,0,0,0,0,0,0,1,0,1,1,0,0,0,0,0,0,0,0,0,0,1,1,0,0,0,0,1,0,1,0,0,0,,0,0,0,0,0,0,0,0,0,0,0,0,0,0,0,0,,,,,,56-60,56-65,State route,U,Wednesday,Belt Used,PV,Not Fatal,0,1,0,0,State Route,Municipal/City Police,Kent Police Department,1,1,0,0,0,,,,,,0,0,0,,,,,,,,,,,,,,,,,,,,,,,,,,,,,,,,,,,