year,case,par,repjur,crash_dt,crash_tm,accday,accmon,holiday,county,co_char,city,weather,weather2,lightcond,surfcond,surftype,numfatal,nmforms,pforms,vforms,not_tm,arr_tm,hosp_tm,fhevent,hitrun,manncol,milepnt,reljunc,reljuncinter,intersectiontype,funcsystem,landuse,ownership,route,schlbus,spejur,contdev,devfunc,trafid1,trafid2,x,y,wk_zone,vnumber,crashtype,criticalevent,criticaleventcat,spdlim,body,trailer,emerg,hazcargo,leave,mhevent,roadalgn,roadprof,traflane,trafflow,vehmanvr,numoccs,regowner,regstate,spuse,make,model,modelyr,vrf1,vrf2,seqevent1,seqevent2,seqevent3,seqevent4,seqevent5,seqevent6,pnumber,ptype,age,sex,hispanic,race,injury,diedscene,restraint,restraintmisuse,seatpos,takehosp,death_dt,death_tm,cert,cernum_wa,commlic,licendor,licrestrict,liccomp,drivpres,drf1,drf2,drf3,drf4,distract1,distract2,distract3,distract4,distract5,distract6,dricond1,dricond2,dricond3,dricond4,dricond5,dricond6,dzip,licstate,drhgt_in,weight,noncdl,noncdltype,prevdwi,prevoth,prevacc,prevspd,prevsus,driviol1,driviol2,driviol3,driviol4,driviol5,driviol6,spdrel,first_dt,last_dt,airbag,ejection,ejectpath,extricat,injurwrk,methalc,methdrug,nmlocat,strikveh,prf1,prf2,prf3,druginv,alcinvol,drugsts,drugres1,drugres2,drugres3,drugtst1,drugtst2,drugtst3,alcsts,alctst,alcres,nmact1,nmact2,nmact3,nmact4,nmact5,nmact6,nmprior1,nmprior2,nmprior3,nmprior4,nmprior5,nmprior6,nmcond1,nmcond2,nmcond3,nmcond4,nmcond5,nmcond6,nmsafe_helmet,nmsafe_pads,nmsafe_oth,nmprev_ref,nmprev_lgt,nmprev_oth,crashlocation,nmcrashtype,crosswalk,schoolzone,sidewalk,train_inv,wildlife_inv,rotr_fars,intersect_fars,dd_inv,aid_inv,dpd_inv,id_inv,mj_inv,impnm_inv,ainm_inv,dpnm_inv,speed_inv,unlic_inv,unendmc_inv,drowsy_inv,drdist_inv,nmdist_inv,fty_inv,unrestfat_inv,dr1617_inv,dr1820_inv,dr1620_inv,dr2125_inv,dr1625_inv,dr65_inv,dr70_inv,dr75_inv,mc_inv,pv_inv,ht_inv,ped_inv,bike_inv,unrest_fat,mc_fat,unhelmet_mc,pv_fat,ht_fat,ped_fat,bike_fat,dr_alc7,dr_alc8,dr_drug,dr_imp,dr_dist,dr_spd,dr_fty,dr_unlic,dr_alc7only,dr_alc8only,dr_drugonly,dr_drink,nm_imp,nm_alc7,nm_alc8,nm_drug,nm_dist,agegrp1,agegrp2,roadclass,urbrur,dayweek,restuse,vehtype,race_me,intersect,lanedep,oppdir,wrongway,rep_typ,investag,repag_long,rotr,st_rd,cty_rd,city_rd,oth_rd,drug_thc,thc_res,drug_cthc,cthc_res,drug_cann,prevpersemin,prevperse,prevsusoth,drugtst4,drugtst5,drugtst6,drugtst7,drugtst8,drugres4,drugres5,drugres6,drugres7,drugres8,adspresent,adsengaged,adslevel,race1,race2,race3,race4,race5,helmet,helmetmisuse,nmdistract1,nmdistract2,nmdistract3,nmdistract4,nmdistract5,nmdistract6,lab,isedtcase,crf1,crf2,crf3,CoRoadName,CoMP,IntCoRoadName,IntCoMP
2018,257,E821699,2,07/24/2018,12:11,24,7,0,57,Skagit,0,1,0,1,1,2,2,0,2,1,,,,42,0,0,5.2,1,0,1,5,1,2,4,0,0,0,0,CR-BAKER LAKE RD,,-121.7988583,48.56723333,0,1,6,12,2,50,34,0,0,1,2,42,2,1,2,1,14,2,1,53,0,12,471,1999,0,0,68,64,42,,,,1,1,74,1,7,1,4,7,3,0,11,0,07/24/2018,12:11,53033388,33388,0,0,3,3,1,0,0,0,0,92,,,,,,99,,,,,,98292,53,72,210,6,1,0,0,0,0,,0,,,,,,0,,,1,0,0,0,0,9,8,,,0,0,0,8,9,2,1,,,1,,,2,1,0,,,,,,,,,,,,,,,,,,,,,,,,,,,,,,0,0,1,0,0,0,0,0,0,0,0,0,0,0,0,0,1,0,0,0,0,0,0,0,0,1,1,0,0,1,0,0,0,0,0,,1,0,0,0,0,0,0,0,1,0,0,0,0,0,0,0,,,,,,71-75,66-75,County road,R,Tuesday,Belt Used,PV,White,0,1,0,0,County Road,State Patrol,Washington State Patrol Headquarter,1,0,1,0,0,,,,,,0,0,0,,,,,,,,,,,,,,,,,,,,,,,,,,,,,,,,,,,
2018,258,E821957,26,07/25/2018,16:22,25,7,0,35,Kitsap,0,1,0,1,1,2,1,0,2,2,,,,12,0,2,4.6,1,0,1,5,1,2,4,0,0,0,0,CR-NW HOLLY RD,,-122.7598028,47.60418056,0,1,50,10,2,98,4,0,0,1,7,12,2,2,2,1,14,1,1,53,0,37,31,2012,0,0,68,12,,,,,1,1,24,1,7,1,4,7,20,0,11,0,07/25/2018,16:22,53034079,34079,0,0,3,3,1,28,0,0,0,96,,,,,,99,,,,,,98312,53,73,390,6,1,0,0,0,0,,0,,,,,,0,,,1,0,0,0,0,9,8,,,0,0,0,8,9,2,1,,,1,,,2,1,0,,,,,,,,,,,,,,,,,,,,,,,,,,,,,,0,0,0,0,0,0,0,0,0,0,0,0,0,0,0,0,0,0,0,1,0,0,0,1,1,1,0,0,0,1,0,0,0,1,0,,1,0,0,0,0,0,0,0,0,0,0,0,0,0,0,0,,,,,,21-25,16-25,County road,R,Wednesday,Not Used,PV,White,0,1,1,0,County Road,County Sheriff,Kitsap County Sheriff's Office,0,0,1,0,0,,,,,,0,0,0,,,,,,,,,,,,,,,,,,,,,,,,,,,,,,,,,,,
2018,258,E821957,26,07/25/2018,16:22,25,7,0,35,Kitsap,0,1,0,1,1,2,1,0,2,2,,,,12,0,2,4.6,1,0,1,5,1,2,4,0,0,0,0,CR-NW HOLLY RD,,-122.7598028,47.60418056,0,2,51,62,4,40,34,0,0,1,7,12,3,2,2,1,14,1,1,53,0,12,481,2000,0,0,12,,,,,,1,1,68,1,0,0,2,0,3,0,11,8,,,,,0,0,3,3,1,0,0,0,0,96,,,,,,0,,,,,,98312,53,71,200,6,1,0,0,0,0,,0,,,,,,0,,,8,0,0,0,8,9,8,,,0,0,0,8,0,2,1,,,1,,,2,1,0,,,,,,,,,,,,,,,,,,,,,,,,,,,,,,0,0,0,0,0,0,0,0,0,0,0,0,0,0,0,0,0,0,0,1,0,0,0,1,1,1,0,0,0,1,0,0,0,0,0,,0,0,0,0,0,0,0,0,0,0,0,0,0,0,0,0,,,,,,66-70,66-75,County road,R,Wednesday,Belt Used,PV,Not Fatal,0,1,1,0,County Road,County Sheriff,Kitsap County Sheriff's Office,0,0,1,0,0,,,,,,0,0,0,,,,,,,,,,,,,,,,,,,,,,,,,,,,,,,,,,,
2018,288,E822181,290,07/25/2018,8:46,25,7,0,53,Pierce,2230,1,0,1,1,2,1,0,2,3,,,,14,0,0,0,1,0,1,7,2,4,6,0,0,0,0,TACOMA AVE S,,-122.4392778,47.22875278,0,1,11,11,2,25,4,0,0,1,7,14,1,1,2,1,1,2,2,53,0,30,46,2000,0,0,14,68,63,38,14,,1,1,36,1,0,0,0,0,99,0,11,0,,,,,0,0,0,2,1,91,0,0,0,93,,,,,,99,,,,,,98387,53,69,215,1,1,0,0,0,0,,2,71,,,,,0,06/15/2016,06/15/2016,1,0,0,0,8,9,8,,,0,0,0,8,9,8,95,,,96,,,8,95,995,,,,,,,,,,,,,,,,,,,,,,,,,,,,,,0,0,0,0,0,0,0,0,0,0,0,0,0,1,0,0,1,0,0,0,0,0,0,0,0,0,0,0,0,1,0,0,0,0,0,,0,0,0,0,0,0,0,0,1,0,0,1,0,0,0,0,,,,,,36-40,36-45,City street,U,Wednesday,Unknown,PV,Not Fatal,0,1,0,0,City Street,Municipal/City Police,Tacoma Police Department,1,0,0,1,0,,,,,,0,0,1,,,,,,,,,,,,,,,,,,,,,,,,,,,,,,,,,,,
2018,259,E822207,26,07/26/2018,8:11,26,7,0,35,Kitsap,0,1,0,1,1,2,1,0,1,1,,,,42,0,0,0.5,1,0,1,4,2,2,4,0,0,0,0,CR-ILLAHEE RD NE,,-122.6012278,47.60386389,0,1,2,13,2,35,4,0,0,1,7,42,1,2,2,1,1,1,2,53,0,35,39,1987,0,0,63,69,68,68,63,42,1,1,23,2,7,1,4,7,1,0,11,0,07/26/2018,8:11,53033047,33047,0,0,0,3,1,58,0,0,0,96,,,,,,9,,,,,,98312,53,66,140,6,1,0,0,0,0,,0,,,,,,4,,,20,0,0,0,0,1,1,,,0,0,0,1,0,2,605,695,996,1,1,1,2,1,0,,,,,,,,,,,,,,,,,,,,,,,,,,,,,,0,0,0,0,0,0,1,1,1,0,0,0,1,0,0,0,0,0,0,0,0,0,0,1,1,0,0,0,0,1,0,0,0,0,0,,1,0,0,0,0,0,1,1,0,1,0,0,0,0,1,0,,,,,,21-25,16-25,County road,U,Thursday,Belt Used,PV,White,0,1,0,0,County Road,County Sheriff,Kitsap County Sheriff's Office,1,0,1,0,0,thc,45,carboxy-thc,35,,0,0,0,,,,,,,,,,,,,,,,,,,,,,,,,,,,,,,,,,,
2018,299,E822515,290,07/28/2018,23:32,28,7,0,53,Pierce,2230,1,0,3,1,2,1,0,4,2,,,,12,0,6,56.7,2,0,2,3,2,1,3,0,0,0,0,SR-7,S 43RD ST,-122.4340333,47.21834722,0,2,68,61,4,35,20,0,0,1,7,12,1,1,4,1,11,3,2,53,0,37,441,2002,0,0,12,,,,,,1,1,17,2,0,0,0,0,3,0,11,0,,,,,0,0,3,3,1,10,0,0,0,96,,,,,,0,,,,,,98168,53,60,100,6,2,0,0,0,0,,0,,,,,,0,,,1,0,0,0,8,9,8,,,0,0,0,8,0,8,95,,,96,,,8,95,995,,,,,,,,,,,,,,,,,,,,,,,,,,,,,,0,0,0,1,0,0,0,0,0,0,0,0,1,0,1,0,0,0,0,0,1,0,1,0,1,0,0,0,1,1,0,0,0,0,0,,0,0,0,0,0,0,0,0,0,0,0,0,0,0,0,0,,,,,,16-17,16-25,State route,U,Saturday,Belt Used,PV,Not Fatal,1,0,0,0,State Route,Municipal/City Police,Tacoma Police Department,0,1,0,0,0,,,,,,0,0,0,,,,,,,,,,,,,,,,,,,,,,,,,,,,,,,,,,,
2018,299,E822515,290,07/28/2018,23:32,28,7,0,53,Pierce,2230,1,0,3,1,2,1,0,4,2,,,,12,0,6,56.7,2,0,2,3,2,1,3,0,0,0,0,SR-7,S 43RD ST,-122.4340333,47.21834722,0,1,69,17,2,35,80,0,0,1,7,12,1,1,4,1,1,1,1,39,0,37,705,2013,0,0,12,,,,,,1,1,47,1,7,1,4,0,19,0,11,4,08/07/2018,15:42,2.23E+11,34842,0,0,0,2,1,0,0,0,0,96,,,,,,99,,,,,,98418,53,71,180,6,1,0,0,0,0,,0,,,,,,4,,,20,8,0,0,0,9,8,,,0,0,0,8,9,8,95,,,96,,,8,95,995,,,,,,,,,,,,,,,,,,,,,,,,,,,,,,0,0,0,1,0,0,0,0,0,0,0,0,1,0,1,0,0,0,0,0,1,0,1,0,1,0,0,0,1,1,0,0,0,0,1,0,0,0,0,0,0,0,0,0,0,1,0,0,0,0,0,0,,,,,,46-50,46-55,State route,U,Saturday,,MC,White,1,0,0,0,State Route,Municipal/City Police,Tacoma Police Department,0,1,0,0,0,,,,,,0,0,0,,,,,,,,,,,,,,,,,,,,,,,,,,,,,,,,,,,
2018,238,E822709,2,07/01/2018,16:06,1,7,0,61,Snohomish,0,1,0,1,1,2,1,0,7,5,16:03,16:07,16:35,12,0,2,208.2,1,0,1,1,1,1,1,0,0,0,0,I-5,,-122.1965389,48.18052222,0,2,51,54,3,70,4,0,0,1,2,12,1,1,3,3,1,3,2,41,0,49,32,1997,0,0,12,,,,,,1,1,30,2,0,0,1,0,3,0,11,5,,,,,0,0,0,3,1,0,0,0,0,96,,,,,,0,,,,,,97322,41,66,270,6,1,0,0,0,0,,0,,,,,,0,,,1,0,0,0,8,9,8,,,0,0,0,8,0,8,95,,,96,,,8,95,995,,,,,,,,,,,,,,,,,,,,,,,,,,,,,,0,0,0,0,1,1,1,1,1,0,0,0,0,1,0,0,0,0,0,0,1,0,1,0,1,0,0,0,0,1,0,0,0,0,0,,0,0,0,0,0,0,0,0,0,0,0,0,0,0,0,0,,,,,,26-30,26-35,Interstate,R,Sunday,Belt Used,PV,Not Fatal,0,0,0,1,State Route,State Patrol,Washington State Patrol,0,1,0,0,0,,,,,,0,0,0,,,,,,,,,,,,,,,,,,,,,,,,,,,,,,,,,,,
2018,238,E822709,2,07/01/2018,16:06,1,7,0,61,Snohomish,0,1,0,1,1,2,1,0,7,5,16:03,16:07,16:35,12,0,2,208.2,1,0,1,1,1,1,1,0,0,0,0,I-5,,-122.1965389,48.18052222,0,5,98,90,6,70,14,0,0,1,5,54,1,1,3,3,1,1,1,53,0,55,402,2018,0,0,54,,,,,,1,1,40,2,0,0,0,0,3,0,11,0,,,,,0,0,3,3,1,0,0,0,0,96,,,,,,0,,,,,,98223,53,64,115,6,1,0,0,0,0,,0,,,,,,0,,,20,0,0,0,8,9,8,,,0,0,0,8,0,8,95,,,96,,,8,95,995,,,,,,,,,,,,,,,,,,,,,,,,,,,,,,0,0,0,0,1,1,1,1,1,0,0,0,0,1,0,0,0,0,0,0,1,0,1,0,1,0,0,0,0,1,0,0,0,0,0,,0,0,0,0,0,0,0,0,0,0,0,0,0,0,0,0,,,,,,36-40,36-45,Interstate,R,Sunday,Belt Used,PV,Not Fatal,0,0,0,1,State Route,State Patrol,Washington State Patrol,0,1,0,0,0,,,,,,0,0,0,,,,,,,,,,,,,,,,,,,,,,,,,,,,,,,,,,,
2018,238,E822709,2,07/01/2018,16:06,1,7,0,61,Snohomish,0,1,0,1,1,2,1,0,7,5,16:03,16:07,16:35,12,0,2,208.2,1,0,1,1,1,1,1,0,0,0,0,I-5,,-122.1965389,48.18052222,0,1,50,54,3,98,14,0,0,1,2,12,1,1,3,3,1,1,2,53,0,12,401,1991,0,0,12,63,57,1,60,54,1,1,56,1,0,0,0,0,20,0,11,0,,,,,0,0,3,2,1,51,91,0,0,96,,,,,,9,,,,,,98241,53,60,180,1,1,1,2,0,1,,1,,,,,,0,12/15/2013,01/15/2018,20,0,0,0,8,9,8,,,0,0,0,8,1,2,605,695,,1,1,,2,1,0.22,,,,,,,,,,,,,,,,,,,,,,,,,,,,,,0,0,0,0,1,1,1,1,1,0,0,0,0,1,0,0,0,0,0,0,1,0,1,0,1,0,0,0,0,1,0,0,0,0,0,,0,0,0,0,0,1,1,1,0,0,0,1,0,0,0,1,,,,,,56-60,56-65,Interstate,R,Sunday,Not Used,PV,Not Fatal,0,0,0,1,State Route,State Patrol,Washington State Patrol,0,1,0,0,0,thc,1.4,carboxy-thc,11,,0,1,4,,,,,,,,,,,,,,,,,,,,,,,,,,,,,,,,,,,
2018,238,E822709,2,07/01/2018,16:06,1,7,0,61,Snohomish,0,1,0,1,1,2,1,0,7,5,16:03,16:07,16:35,12,0,2,208.2,1,0,1,1,1,1,1,0,0,0,0,I-5,,-122.1965389,48.18052222,0,3,98,90,6,70,4,0,0,1,5,54,1,1,3,3,1,1,2,53,0,7,20,2005,0,0,54,,,,,,1,1,16,1,0,0,0,0,3,0,11,0,,,,,0,0,0,2,1,0,0,0,0,96,,,,,,0,,,,,,98274,53,65,122,1,2,0,2,1,2,,97,,,,,,0,02/15/2018,05/15/2018,20,0,0,0,8,9,8,,,0,0,0,8,0,8,95,,,96,,,8,95,995,,,,,,,,,,,,,,,,,,,,,,,,,,,,,,0,0,0,0,1,1,1,1,1,0,0,0,0,1,0,0,0,0,0,0,1,0,1,0,1,0,0,0,0,1,0,0,0,0,0,,0,0,0,0,0,0,0,0,0,0,0,1,0,0,0,0,,,,,,16-17,16-25,Interstate,R,Sunday,Belt Used,PV,Not Fatal,0,0,0,1,State Route,State Patrol,Washington State Patrol,0,1,0,0,0,,,,,,0,0,2,,,,,,,,,,,,,,,,,,,,,,,,,,,,,,,,,,,
2018,238,E822709,2,07/01/2018,16:06,1,7,0,61,Snohomish,0,1,0,1,1,2,1,0,7,5,16:03,16:07,16:35,12,0,2,208.2,1,0,1,1,1,1,1,0,0,0,0,I-5,,-122.1965389,48.18052222,0,4,98,90,6,70,14,0,0,1,5,54,1,1,3,3,1,1,1,53,0,49,401,2017,0,0,54,,,,,,1,1,51,2,0,0,0,0,3,0,11,0,,,,,0,0,0,3,1,0,0,0,0,96,,,,,,0,,,,,,98282,53,69,190,6,1,0,0,0,0,,0,,,,,,0,,,20,0,0,0,8,9,8,,,0,0,0,8,0,8,95,,,96,,,8,95,995,,,,,,,,,,,,,,,,,,,,,,,,,,,,,,0,0,0,0,1,1,1,1,1,0,0,0,0,1,0,0,0,0,0,0,1,0,1,0,1,0,0,0,0,1,0,0,0,0,0,,0,0,0,0,0,0,0,0,0,0,0,0,0,0,0,0,,,,,,51-55,46-55,Interstate,R,Sunday,Belt Used,PV,Not Fatal,0,0,0,1,State Route,State Patrol,Washington State Patrol,0,1,0,0,0,,,,,,0,0,0,,,,,,,,,,,,,,,,,,,,,,,,,,,,,,,,,,,
2018,306,E822897,250,07/29/2018,8:23,29,7,0,5,Benton,1850,1,0,1,1,2,1,0,1,1,,,,1,0,0,0,3,0,3,3,2,4,6,0,0,0,0,GEORGE WAHINGTON WAY,JADWIN AVE,-119.2733222,46.27302778,0,1,1,13,2,35,80,0,0,1,7,1,3,1,4,1,14,1,2,53,0,76,706,2007,0,0,63,1,,,,,1,1,57,1,7,1,4,0,5,0,11,4,08/09/2018,21:32,1.85E+11,35784,0,0,0,3,1,0,0,0,0,96,,,,,,99,,,,,,99354,53,71,165,6,1,0,3,1,5,,0,,,,,,3,10/15/2013,06/15/2017,20,8,0,0,0,9,8,,,0,0,0,8,9,8,95,,,96,,,8,95,995,,,,,,,,,,,,,,,,,,,,,,,,,,,,,,0,0,1,1,0,0,0,0,0,0,0,0,1,0,0,0,0,0,0,0,0,0,0,0,0,0,0,0,1,0,0,0,0,0,1,0,0,0,0,0,0,0,0,0,0,1,0,0,0,0,0,0,,,,,,56-60,56-65,City street,U,Sunday,,MC,White,0,0,0,0,City Street,Municipal/City Police,Richland Police Department,0,0,0,1,0,,,,,,0,0,0,,,,,,,,,,,,,,,,,,,,,,,,,,,,,,,,,,,
2018,260,E823081,57,07/28/2018,8:46,28,7,0,11,Clark,107,1,0,1,1,2,1,0,1,1,8:48,8:57,9:18,33,0,0,7.9,3,0,2,3,2,1,3,0,0,3,3,SR-503,SR-502,-122.5475472,45.78071111,0,1,6,12,2,55,4,0,0,1,7,19,1,1,5,1,1,1,1,53,0,41,49,2007,0,0,68,64,33,67,19,,1,1,79,1,7,1,4,0,3,0,11,5,07/28/2018,10:47,2.37E+11,33702,0,0,0,3,1,0,0,0,0,96,,,,,,99,,,,,,98604,53,71,210,6,1,0,0,0,0,,0,,,,,,4,,,20,0,0,0,0,9,8,,,0,0,0,8,9,2,1,,,1,,,2,1,0,,,,,,,,,,,,,,,,,,,,,,,,,,,,,,0,0,1,1,0,0,0,0,0,0,0,0,1,0,0,0,0,0,0,0,0,0,0,0,0,1,1,1,0,1,0,0,0,0,0,,1,0,0,0,0,0,0,0,0,1,0,0,0,0,0,0,,,,,,76-80,76+,State route,U,Saturday,Belt Used,PV,White,1,0,0,0,State Route,Municipal/City Police,Battleground Police Department,0,1,0,0,0,,,,,,0,0,0,,,,,,,,,,,,,,,,,,,,,,,,,,,,,,,,,,,
2018,261,E823432,2,07/31/2018,17:40,31,7,0,73,Whatcom,110,1,0,1,1,1,1,0,2,2,17:40,17:49,,12,0,1,256.5,1,0,1,1,2,1,1,0,0,0,0,I-5,,-122.4911333,48.78310278,0,1,28,52,3,60,80,0,0,1,7,12,1,2,2,3,1,1,1,53,0,72,706,2014,0,0,12,,,,,,1,1,52,1,7,1,4,7,5,0,11,0,07/31/2018,17:40,11053034517,34517,0,0,3,3,1,0,0,0,0,93,,,,,,99,,,,,,98248,53,71,235,6,1,0,0,0,1,,0,,,,,,4,02/15/2018,02/15/2018,20,8,0,0,0,9,8,,,0,0,0,8,9,2,605,,,1,,,2,1,0,,,,,,,,,,,,,,,,,,,,,,,,,,,,,,0,0,0,0,0,0,1,1,1,0,0,0,1,0,0,0,1,0,0,0,0,0,0,0,0,0,0,0,1,1,0,0,0,0,1,0,0,0,0,0,0,0,1,1,1,1,0,0,0,0,1,0,,,,,,51-55,46-55,Interstate,U,Tuesday,,MC,White,0,0,0,0,State Route,State Patrol,Washington State Patrol,0,1,0,0,0,thc,2,,,,0,0,0,,,,,,,,,,,,,,,,,,,,,,,,,,,,,,,,,,,
2018,261,E823432,2,07/31/2018,17:40,31,7,0,73,Whatcom,110,1,0,1,1,1,1,0,2,2,17:40,17:49,,12,0,1,256.5,1,0,1,1,2,1,1,0,0,0,0,I-5,,-122.4911333,48.78310278,0,2,29,53,3,60,15,0,0,1,5,12,1,2,2,3,2,1,2,53,0,23,421,2001,0,0,12,,,,,,1,1,46,1,0,0,0,0,3,0,11,0,,,,,6,0,0,3,1,0,0,0,0,96,,,,,,0,,,,,,98284,53,67,195,6,1,0,0,1,0,,0,,,,,,0,10/15/2017,10/15/2017,20,0,0,0,8,9,8,,,0,0,0,8,0,8,95,,,96,,,8,95,995,,,,,,,,,,,,,,,,,,,,,,,,,,,,,,0,0,0,0,0,0,1,1,1,0,0,0,1,0,0,0,1,0,0,0,0,0,0,0,0,0,0,0,1,1,0,0,0,0,0,,0,0,0,0,0,0,0,0,0,0,0,0,0,0,0,0,,,,,,46-50,46-55,Interstate,U,Tuesday,Belt Used,PV,Not Fatal,0,0,0,0,State Route,State Patrol,Washington State Patrol,0,1,0,0,0,,,,,,0,0,0,,,,,,,,,,,,,,,,,,,,,,,,,,,,,,,,,,,
2018,262,E823631,290,07/20/2018,20:10,20,7,0,53,Pierce,2230,1,0,1,1,2,1,0,1,1,,,,30,0,0,0,1,0,1,7,2,4,6,0,0,0,0,S 12TH ST,,-122.4639139,47.25008889,0,1,1,6,1,30,80,0,0,1,7,30,3,2,3,5,14,1,2,53,0,73,705,2007,0,0,63,30,,,,,1,1,39,1,7,2,4,0,19,0,11,4,07/20/2018,20:46,2.23E+11,32235,0,0,0,2,1,0,0,0,0,96,,,,,,99,,,,,,98403,53,73,210,1,1,0,0,0,0,,0,,,,,,3,,,20,8,0,0,0,9,8,,,0,0,0,8,9,2,605,,,1,,,2,1,0.1,,,,,,,,,,,,,,,,,,,,,,,,,,,,,,0,0,1,0,1,1,1,1,1,0,0,0,1,1,1,0,0,0,0,0,0,0,0,0,0,0,0,0,1,0,0,0,0,0,1,0,0,0,0,0,0,1,1,1,0,1,0,1,0,0,0,1,,,,,,36-40,36-45,City street,U,Friday,,MC,Black,0,1,0,0,City Street,Municipal/City Police,Tacoma Police Department,1,0,0,1,0,thc,8.3,,,,0,0,0,,,,,,,,,,,,,,,,,,,,,,,,,,,,,,,,,,,
2018,263,E823717,6,07/26/2018,4:21,26,7,0,47,Okanogan,0,1,0,2,1,2,1,0,1,1,,,,1,0,0,34.2,1,0,1,4,1,1,3,0,3,0,0,SR-155,,-118.9856028,48.05089167,0,1,1,13,2,45,80,0,0,1,7,1,3,2,2,1,14,1,1,53,0,76,706,2017,0,0,63,1,42,,,,1,1,18,1,7,3,4,7,19,0,11,0,07/26/2018,4:21,53032772,32772,0,0,0,3,1,0,0,0,0,96,,,,,,9,,,,,,99155,53,72,300,6,1,0,0,0,0,,0,,,,,,4,,,20,8,0,0,0,1,8,,,0,0,0,8,1,2,605,695,,1,1,,2,1,0.15,,,,,,,,,,,,,,,,,,,,,,,,,,,,,,0,0,1,0,1,1,1,1,1,0,0,0,1,0,0,0,0,0,0,0,0,1,1,0,1,0,0,0,1,0,0,0,0,0,1,0,0,0,0,0,0,1,1,1,0,1,0,0,0,0,0,1,,,,,,18-20,16-25,State route,R,Thursday,,MC,AIAN,0,0,0,0,State Route,State Patrol,Washington State Patrol,0,1,0,0,0,thc,8.7,carboxy-thc,36,,0,0,0,,,,,,,,,,,,,,,,,,,,,,,,,,,,,,,,,,,
2018,264,E823902,4,07/30/2018,21:02,30,7,0,63,Spokane,0,1,0,5,1,2,1,0,4,3,21:02,21:22,22:15,12,0,1,256.5,1,0,1,1,1,1,1,0,0,0,0,I-90,,-117.7740861,47.44777778,0,2,25,53,3,70,34,0,0,1,2,12,1,1,2,2,1,2,1,53,0,20,482,2002,0,0,12,63,24,67,35,,1,1,59,1,0,0,1,0,3,0,11,5,,,,,0,0,0,3,1,0,0,0,0,0,,,,,,0,,,,,,98338,53,69,190,6,1,0,0,0,1,,0,,,,,,0,06/15/2015,06/15/2015,8,0,0,0,8,9,8,,,0,0,0,8,0,8,95,,,96,,,8,95,995,,,,,,,,,,,,,,,,,,,,,,,,,,,,,,0,0,0,0,1,1,1,1,1,0,0,0,1,0,0,0,0,0,0,0,0,0,0,0,0,0,0,0,0,1,1,0,0,0,0,,0,0,0,0,0,0,0,0,0,0,0,0,0,0,0,0,,,,,,56-60,56-65,Interstate,R,Monday,Belt Used,PV,Not Fatal,0,0,0,0,State Route,State Patrol,Washington State Patrol,0,1,0,0,0,,,,,,0,0,0,,,,,,,,,,,,,,,,,,,,,,,,,,,,,,,,,,,
2018,264,E823902,4,07/30/2018,21:02,30,7,0,63,Spokane,0,1,0,5,1,2,1,0,4,3,21:02,21:22,22:15,12,0,1,256.5,1,0,1,1,1,1,1,0,0,0,0,I-90,,-117.7740861,47.44777778,0,1,24,51,3,70,34,0,0,1,2,1,1,1,2,2,1,1,1,53,0,12,471,2010,0,0,12,64,1,65,12,,1,1,29,1,7,1,4,7,3,0,11,0,07/30/2018,21:02,53033673,33673,0,0,3,3,1,0,0,0,0,96,,,,,,9,,,,,,99169,53,76,185,6,1,0,1,1,0,,0,,,,,,3,07/15/2015,07/15/2015,8,0,0,0,0,1,8,,,0,0,0,8,1,2,401,417,605,1,1,1,2,1,0.16,,,,,,,,,,,,,,,,,,,,,,,,,,,,,,0,0,0,0,1,1,1,1,1,0,0,0,1,0,0,0,0,0,0,0,0,0,0,0,0,0,0,0,0,1,1,0,0,0,0,,1,0,0,0,0,1,1,1,0,1,0,0,0,0,0,1,,,,,,26-30,26-35,Interstate,R,Monday,Belt Used,PV,White,0,0,0,0,State Route,State Patrol,Washington State Patrol,0,1,0,0,0,thc,6.3,carboxy-thc,11,,0,0,0,1,,,,,695,,,,,,,,,,,,,,,,,,,,,,,,,,,,,
2018,264,E823902,4,07/30/2018,21:02,30,7,0,63,Spokane,0,1,0,5,1,2,1,0,4,3,21:02,21:22,22:15,12,0,1,256.5,1,0,1,1,1,1,1,0,0,0,0,I-90,,-117.7740861,47.44777778,0,3,98,62,4,70,66,1,0,1,5,12,1,1,2,2,15,1,1,53,0,87,884,2007,0,0,12,,,,,,1,1,43,1,0,0,0,0,3,0,11,0,,,,,6,3,0,3,1,0,0,0,0,0,,,,,,0,,,,,,99344,53,69,200,6,1,1,1,1,0,,0,,,,,,0,10/15/2014,12/15/2017,20,0,0,0,8,9,8,,,0,0,0,8,0,8,95,,,96,,,8,95,995,,,,,,,,,,,,,,,,,,,,,,,,,,,,,,0,0,0,0,1,1,1,1,1,0,0,0,1,0,0,0,0,0,0,0,0,0,0,0,0,0,0,0,0,1,1,0,0,0,0,,0,0,0,0,0,0,0,0,0,0,0,0,0,0,0,0,,,,,,41-45,36-45,Interstate,R,Monday,,MHTRUCK,Not Fatal,0,0,0,0,State Route,State Patrol,Washington State Patrol,0,1,0,0,0,,,,,,0,0,0,,,,,,,,,,,,,,,,,,,,,,,,,,,,,,,,,,,