year,case,par,repjur,crash_dt,crash_tm,accday,accmon,holiday,county,co_char,city,weather,weather2,lightcond,surfcond,surftype,numfatal,nmforms,pforms,vforms,not_tm,arr_tm,hosp_tm,fhevent,hitrun,manncol,milepnt,reljunc,reljuncinter,intersectiontype,funcsystem,landuse,ownership,route,schlbus,spejur,contdev,devfunc,trafid1,trafid2,x,y,wk_zone,vnumber,crashtype,criticalevent,criticaleventcat,spdlim,body,trailer,emerg,hazcargo,leave,mhevent,roadalgn,roadprof,traflane,trafflow,vehmanvr,numoccs,regowner,regstate,spuse,make,model,modelyr,vrf1,vrf2,seqevent1,seqevent2,seqevent3,seqevent4,seqevent5,seqevent6,pnumber,ptype,age,sex,hispanic,race,injury,diedscene,restraint,restraintmisuse,seatpos,takehosp,death_dt,death_tm,cert,cernum_wa,commlic,licendor,licrestrict,liccomp,drivpres,drf1,drf2,drf3,drf4,distract1,distract2,distract3,distract4,distract5,distract6,dricond1,dricond2,dricond3,dricond4,dricond5,dricond6,dzip,licstate,drhgt_in,weight,noncdl,noncdltype,prevdwi,prevoth,prevacc,prevspd,prevsus,driviol1,driviol2,driviol3,driviol4,driviol5,driviol6,spdrel,first_dt,last_dt,airbag,ejection,ejectpath,extricat,injurwrk,methalc,methdrug,nmlocat,strikveh,prf1,prf2,prf3,druginv,alcinvol,drugsts,drugres1,drugres2,drugres3,drugtst1,drugtst2,drugtst3,alcsts,alctst,alcres,nmact1,nmact2,nmact3,nmact4,nmact5,nmact6,nmprior1,nmprior2,nmprior3,nmprior4,nmprior5,nmprior6,nmcond1,nmcond2,nmcond3,nmcond4,nmcond5,nmcond6,nmsafe_helmet,nmsafe_pads,nmsafe_oth,nmprev_ref,nmprev_lgt,nmprev_oth,crashlocation,nmcrashtype,crosswalk,schoolzone,sidewalk,train_inv,wildlife_inv,rotr_fars,intersect_fars,dd_inv,aid_inv,dpd_inv,id_inv,mj_inv,impnm_inv,ainm_inv,dpnm_inv,speed_inv,unlic_inv,unendmc_inv,drowsy_inv,drdist_inv,nmdist_inv,fty_inv,unrestfat_inv,dr1617_inv,dr1820_inv,dr1620_inv,dr2125_inv,dr1625_inv,dr65_inv,dr70_inv,dr75_inv,mc_inv,pv_inv,ht_inv,ped_inv,bike_inv,unrest_fat,mc_fat,unhelmet_mc,pv_fat,ht_fat,ped_fat,bike_fat,dr_alc7,dr_alc8,dr_drug,dr_imp,dr_dist,dr_spd,dr_fty,dr_unlic,dr_alc7only,dr_alc8only,dr_drugonly,dr_drink,nm_imp,nm_alc7,nm_alc8,nm_drug,nm_dist,agegrp1,agegrp2,roadclass,urbrur,dayweek,restuse,vehtype,race_me,intersect,lanedep,oppdir,wrongway,rep_typ,investag,repag_long,rotr,st_rd,cty_rd,city_rd,oth_rd,drug_thc,thc_res,drug_cthc,cthc_res,drug_cann,prevpersemin,prevperse,prevsusoth,drugtst4,drugtst5,drugtst6,drugtst7,drugtst8,drugres4,drugres5,drugres6,drugres7,drugres8,adspresent,adsengaged,adslevel,race1,race2,race3,race4,race5,helmet,helmetmisuse,nmdistract1,nmdistract2,nmdistract3,nmdistract4,nmdistract5,nmdistract6,lab,isedtcase,crf1,crf2,crf3,CoRoadName,CoMP,IntCoRoadName,IntCoMP
2018,279,E824099,14,07/31/2018,13:28,31,7,0,11,Clark,0,1,0,1,1,2,1,0,1,1,,,,33,0,0,0.5,1,0,1,4,2,2,4,0,0,0,0,CR-NE HAZEL DELL AVE,,-122.6686389,45.66255278,0,1,1,13,2,30,80,0,0,1,7,31,3,2,2,1,14,1,2,53,0,37,705,2016,0,0,63,33,1,31,,,1,1,32,1,7,1,4,7,19,0,11,0,07/31/2018,13:28,53033749,33749,0,0,0,3,1,0,0,0,0,96,,,,,,99,,,,,,98663,53,69,175,6,1,0,0,0,0,,0,,,,,,4,,,20,8,0,0,0,9,8,,,0,0,0,8,9,2,1,,,1,,,2,1,0,,,,,,,,,,,,,,,,,,,,,,,,,,,,,,0,0,1,0,0,0,0,0,0,0,0,0,1,0,0,0,0,0,0,0,0,0,0,0,0,0,0,0,1,0,0,0,0,0,1,0,0,0,0,0,0,0,0,0,0,1,0,0,0,0,0,0,,,,,,31-35,26-35,County road,U,Tuesday,,MC,White,0,1,0,0,County Road,County Sheriff,Clark County Sheriff's Office,1,0,1,0,0,,,,,,0,0,0,,,,,,,,,,,,,,,,,,,,,,,,,,,,,,,,,,,
2018,280,E824109,21,07/25/2018,16:57,25,7,0,25,Grant,0,1,0,1,1,4,1,0,2,1,18:02,18:12,18:54,1,0,0,9.1,1,0,1,7,1,2,4,0,0,0,0,CR-RD 9 NE,,-119.2612667,47.21908333,0,1,2,13,2,50,2,0,0,1,7,1,1,2,8,1,1,2,2,53,0,35,48,2004,0,0,63,1,,,,,1,1,29,1,0,0,1,0,3,0,11,5,,,,,0,0,0,3,1,91,0,0,0,96,,,,,,9,,,,,,98837,53,71,168,6,1,0,0,0,0,,1,,,,,,3,,,8,0,0,0,8,9,8,,,0,0,0,8,1,2,605,695,,1,1,,2,1,0.18,,,,,,,,,,,,,,,,,,,,,,,,,,,,,,0,0,0,0,1,1,1,1,1,0,0,0,1,0,0,0,0,0,0,1,0,0,0,0,0,0,0,0,0,1,0,0,0,0,0,,0,0,0,0,0,1,1,1,0,1,0,0,0,0,0,1,,,,,,26-30,26-35,County road,R,Wednesday,Belt Used,PV,Not Fatal,0,1,0,0,County Road,County Sheriff,Grant County Sheriff's Office,1,0,1,0,0,thc,6.8,carboxy-thc,75,,0,0,0,,,,,,,,,,,,,,,,,,,,,,,,,,,,,,,,,,,
2018,265,E824798,10,07/22/2018,0:57,22,7,0,3,Asotin,0,1,0,3,1,2,1,0,2,1,,,,1,0,0,0.4,3,0,4,4,2,2,4,0,0,0,0,CR-BEN JOHNSON RD,PITCHSTONE DR,-117.0934833,46.39936944,0,1,6,6,1,35,34,0,0,1,5,1,1,2,2,1,6,2,1,53,0,7,482,2003,0,0,68,64,1,,,,1,1,21,1,0,0,1,0,20,0,11,8,,,,,0,0,3,3,1,91,0,0,0,96,,,,,,9,,,,,,99403,53,75,240,6,1,0,1,0,3,,1,,,,,,3,07/15/2013,06/15/2018,8,0,0,0,8,9,8,,,0,0,0,8,1,2,1,,,1,,,2,1,0.15,,,,,,,,,,,,,,,,,,,,,,,,,,,,,,0,0,1,1,1,1,0,1,0,0,0,0,1,0,0,0,0,0,0,0,0,0,0,1,1,0,0,0,0,1,0,0,0,0,0,,0,0,0,0,0,1,0,1,0,1,0,0,0,1,0,1,,,,,,21-25,16-25,County road,U,Sunday,Not Used,PV,Not Fatal,0,1,0,0,County Road,County Sheriff,Asotin County Sheriff's Office,1,0,1,0,0,,,,,,0,0,1,,,,,,,,,,,,,,,,,,,,,,,,,,,,,,,,,,,
2018,385,E824877,35,08/05/2018,20:05,5,8,0,53,Pierce,0,1,0,1,1,1,1,0,1,1,20:04,20:13,21:28,42,0,0,0.3,1,0,1,7,2,2,4,0,0,0,0,CR-218TH AVE CT E,,-122.1382806,47.14528889,0,1,1,13,2,25,80,0,0,1,5,42,3,1,2,1,14,1,0,92,0,76,709,2000,0,0,63,42,,,,,1,1,27,1,7,1,4,0,17,0,11,5,08/17/2018,18:08,2.23E+11,37083,0,0,3,2,1,0,0,0,0,92,,,,,,99,,,,,,98003,53,70,160,1,1,0,0,0,0,,0,,,,,,0,,,20,8,0,0,0,9,8,,,0,0,0,8,9,8,95,,,96,,,8,95,995,,,,,,,,,,,,,,,,,,,,,,,,,,,,,,0,0,1,0,0,0,0,0,0,0,0,0,0,1,1,0,1,0,0,0,0,0,0,0,0,0,0,0,1,0,0,0,0,0,1,1,0,0,0,0,0,0,0,0,1,0,0,1,0,0,0,0,,,,,,26-30,26-35,County road,U,Sunday,,MC,White,0,1,0,0,County Road,County Sheriff,Law Enforcement Support Agency,1,0,1,0,0,,,,,,0,0,0,,,,,,,,,,,,,,,,,,,,,,,,,,,,,,,,,,,
2018,266,E824918,26,08/05/2018,13:18,5,8,0,35,Kitsap,0,1,0,1,1,7,1,0,1,1,,,,32,0,0,5.4,1,0,1,5,1,2,4,0,0,0,0,CR-SEABECK HOLLY RD NW,,-122.8875278,47.57308889,0,1,6,12,2,25,3,0,0,1,7,42,2,1,2,1,14,1,1,53,0,49,34,1985,0,0,68,64,32,67,42,,1,1,51,1,7,1,4,7,3,0,11,0,08/05/2018,13:18,53034917,34917,0,0,0,3,1,0,0,0,0,96,,,,,,99,,,,,,98312,53,71,220,6,1,0,0,0,1,,0,,,,,,4,01/15/2018,01/15/2018,20,0,0,0,0,9,8,,,0,0,0,8,9,2,605,695,387,1,1,1,2,1,0,,,,,,,,,,,,,,,,,,,,,,,,,,,,,,0,0,1,0,0,0,1,1,1,0,0,0,1,0,0,0,0,0,0,0,0,0,0,0,0,0,0,0,0,1,0,0,0,0,0,,1,0,0,0,0,0,1,1,0,1,0,0,0,0,1,0,,,,,,51-55,46-55,County road,R,Sunday,Belt Used,PV,White,0,1,0,0,County Road,County Sheriff,Kitsap County Sheriff's Office,1,0,1,0,0,thc,80,carboxy-thc,888,,0,0,0,,,,,,,,,,,,,,,,,,,,,,,,,,,,,,,,,,,
2018,267,E826046,1,07/29/2018,23:22,29,7,0,5,Benton,1020,1,0,3,1,2,1,0,1,1,23:28,23:32,,31,0,0,17.9,3,0,4,3,2,1,2,0,0,0,0,US-397,COLUMBIA DR,-119.1073139,46.212325,0,1,1,13,2,35,4,0,0,1,2,42,1,2,3,1,1,1,2,53,0,54,35,2004,0,0,63,31,42,,,,1,1,27,1,1,1,4,7,3,0,11,0,07/29/2018,23:22,1.02E+11,34132,0,0,0,3,1,0,0,0,0,96,,,,,,99,,,,,,99336,53,65,180,6,1,0,0,0,0,,0,,,,,,4,,,8,0,0,0,0,9,8,,,0,0,0,8,9,2,605,695,,1,1,,2,1,0.11,,,,,,,,,,,,,,,,,,,,,,,,,,,,,,0,0,1,1,1,1,1,1,1,0,0,0,1,0,0,0,0,0,0,0,0,0,0,0,0,0,0,0,0,1,0,0,0,0,0,,1,0,0,0,0,1,1,1,0,1,0,0,0,0,0,1,,,,,,26-30,26-35,US highway,U,Sunday,Belt Used,PV,Hispanic,1,0,0,0,State Route,State Patrol,Washington State Patrol,0,1,0,0,0,thc,13,carboxy-thc,61,,0,0,0,,,,,,,,,,,,,,,,,,,,,,,,,,,,,,,,,,,
2018,268,E826099,278,08/08/2018,17:55,8,8,0,63,Spokane,2110,1,0,1,1,2,1,1,1,1,17:56,18:05,,9,0,0,281.5,3,0,3,3,2,1,2,0,0,0,0,US-2,E PROVIDENCE,-117.4112861,47.69231667,0,1,13,83,5,30,14,0,0,1,7,9,1,1,6,2,1,1,1,53,0,36,402,2016,0,0,9,,,,,,1,1,51,2,0,0,0,0,3,0,11,0,,,,,0,0,0,3,1,0,0,0,0,96,,,,,,0,,,,,,99208,53,66,135,6,1,0,0,0,0,,0,,,,,,0,,,20,0,0,0,8,9,8,,,0,0,0,8,0,8,95,,,96,,,8,95,995,,,,,,,,,,,,,,,,,,,,,,,,,,,,,,0,0,0,1,0,0,0,0,0,1,0,1,0,0,0,0,0,0,0,0,0,0,0,0,0,0,0,0,0,1,0,0,1,0,0,,0,0,0,0,0,0,0,0,0,0,0,0,0,0,0,0,,,,,,51-55,46-55,US highway,U,Wednesday,Belt Used,PV,Not Fatal,1,0,0,0,State Route,Municipal/City Police,Spokane Police Department,0,1,0,0,0,,,,,,0,0,0,,,,,,,,,,,,,,,,,,,,,,,,,,,,,,,,,,,
2018,269,E826143,39,08/06/2018,14:55,6,8,0,61,Snohomish,0,1,0,1,8,7,2,0,2,1,,,,18,0,0,52,1,0,1,5,2,4,6,0,0,0,0,CR-MOUNTAIN LOOP HWY,CLEAR CREEK RD,-121.596,48.24235278,1,1,7,6,1,98,34,0,0,1,7,18,2,2,2,1,14,2,2,53,0,7,472,1989,0,0,68,64,18,,,,1,1,19,1,7,1,4,7,3,0,11,0,08/06/2018,14:55,50053034956,34956,0,0,0,3,1,0,0,0,0,96,,,,,,99,,,,,,98541,53,67,130,6,1,0,0,0,0,,0,,,,,,3,,,20,0,0,0,0,9,8,,,0,0,0,8,9,2,605,695,,1,1,,2,1,0,,,,,,,,,,,,,,,,,,,,,,,,,,,,,,0,0,0,0,0,0,1,1,1,0,0,0,1,0,0,0,0,0,0,1,0,1,1,0,1,0,0,0,0,1,0,0,0,0,0,,1,0,0,0,0,0,1,1,0,1,0,0,0,0,1,0,,,,,,18-20,16-25,City street,U,Monday,Belt Used,PV,White,0,1,0,0,County Road,County Sheriff,Snohomish County Sheriff's Office,1,0,1,0,0,thc,23,carboxy-thc,70,,0,0,0,,,,,,,,,,,,,,,,,,,,,,,,,,,,,,,,,,,
2018,270,E826153,1,08/03/2018,3:44,3,8,0,21,Franklin,0,1,0,2,1,2,1,0,2,1,,,,1,0,0,33.7,1,0,1,3,1,1,2,0,0,0,0,US-395,,-119.0930417,46.31106667,0,1,7,9,1,70,6,0,0,1,2,1,1,1,2,3,1,2,1,53,0,6,52,2006,0,0,64,1,,,,,1,1,22,2,7,1,4,7,20,0,11,0,08/03/2018,3:44,1.85E+11,34501,0,0,0,3,1,0,0,0,0,96,,,,,,9,,,,,,99337,53,63,240,6,1,0,0,0,0,,0,,,,,,0,,,20,2,9,0,0,1,1,,,0,0,0,1,1,2,605,695,,1,1,,2,1,0.21,,,,,,,,,,,,,,,,,,,,,,,,,,,,,,0,0,0,0,1,1,1,1,1,0,0,0,0,0,0,0,0,0,0,1,0,0,0,1,1,0,0,0,0,1,0,0,0,1,0,,1,0,0,0,0,1,1,1,0,0,0,0,0,0,0,1,,,,,,21-25,16-25,US highway,R,Friday,Not Used,PV,White,0,1,0,0,State Route,State Patrol,Washington State Patrol,1,1,0,0,0,thc,5.4,carboxy-thc,46,,0,0,0,,,,,,,,,,,,,,,,,,,,,,,,,,,,,,,,,,,
2018,271,E826592,67,08/09/2018,1:45,9,8,0,35,Kitsap,180,1,0,2,1,2,1,1,1,1,,,,8,1,0,0,1,0,1,7,2,4,6,0,0,0,0,NATIONAL AVE N,,-122.6678,47.56423611,0,1,13,11,2,35,4,0,0,1,7,8,1,1,2,1,1,1,1,53,0,37,31,1994,0,0,8,,,,,,1,1,26,1,0,0,0,0,3,0,11,0,,,,,0,0,3,3,1,91,0,0,0,96,,,,,,9,,,,,,98311,53,69,160,6,1,0,2,0,2,,1,,,,,,0,01/15/2016,01/15/2018,20,0,0,0,8,9,2,,,0,0,0,1,1,2,605,695,,1,1,,2,1,0.14,,,,,,,,,,,,,,,,,,,,,,,,,,,,,,0,0,0,0,1,1,1,1,1,1,1,1,0,0,0,0,0,0,0,0,0,0,0,0,0,0,0,0,0,1,0,1,0,0,0,,0,0,0,0,0,1,1,1,0,0,0,0,0,0,0,1,,,,,,26-30,26-35,City street,U,Thursday,Belt Used,PV,Not Fatal,0,0,0,0,City Street,Municipal/City Police,Bremerton Police Department,0,0,0,1,0,thc,9.8,carboxy-thc,120,,0,1,1,,,,,,,,,,,,,,,,,,,,,,,,,,,,,,,,,,,
2018,281,E826988,2,07/11/2018,0:22,11,7,0,73,Whatcom,0,1,0,2,1,2,1,0,2,1,0:15,0:37,,24,0,0,15,1,0,1,4,1,1,3,0,0,0,0,SR-542,,-122.1954583,48.82064167,0,1,1,13,2,55,3,0,0,1,2,1,3,1,2,1,14,2,1,53,0,30,47,1999,0,0,63,24,69,68,64,24,1,1,20,1,0,0,1,0,3,0,11,5,,,,,0,0,0,2,1,91,0,0,0,96,,,,,,9,,,,,,98240,53,74,158,1,1,0,1,0,1,,1,,,,,,4,11/15/2015,11/15/2015,8,0,0,0,8,1,8,,,0,0,0,8,1,2,308,605,695,1,1,1,2,1,0.12,,,,,,,,,,,,,,,,,,,,,,,,,,,,,,0,0,1,0,1,1,1,1,1,0,0,0,1,1,0,0,0,0,0,0,0,1,1,0,1,0,0,0,0,1,0,0,0,0,0,,0,0,0,0,0,1,1,1,0,1,0,1,0,0,0,1,,,,,,18-20,16-25,State route,R,Wednesday,Belt Used,PV,Not Fatal,0,1,0,0,State Route,State Patrol,Washington State Patrol,1,1,0,0,0,thc,3.8,carboxy-thc,33,,0,0,2,,,,,,,,,,,,,,,,,,,,,,,,,,,,,,,,,,,
2018,282,E827444,6,08/05/2018,17:02,5,8,0,47,Okanogan,0,1,0,1,1,2,1,0,1,1,16:59,17:06,17:25,24,0,0,248.8,1,0,1,3,1,1,3,0,0,0,0,SR-97,,-119.7175361,48.10233056,0,1,1,13,2,60,80,0,0,1,7,24,3,3,2,1,14,1,1,53,0,72,706,2015,0,0,63,24,,,,,1,1,44,2,7,1,4,0,5,0,11,5,08/05/2018,18:51,19053034177,34177,0,0,0,3,1,0,0,0,0,96,,,,,,0,,,,,,98840,53,65,135,6,1,0,0,0,0,,0,,,,,,0,,,20,8,0,0,0,9,8,,,0,0,0,8,0,2,996,,,1,,,2,1,0,,,,,,,,,,,,,,,,,,,,,,,,,,,,,,0,0,1,0,0,0,1,1,0,0,0,0,0,0,0,0,0,0,0,0,0,0,0,0,0,0,0,0,1,0,0,0,0,0,1,0,0,0,0,0,0,0,1,1,0,0,0,0,0,0,1,0,,,,,,41-45,36-45,State route,R,Sunday,,MC,White,0,1,0,0,State Route,State Patrol,Washington State Patrol,1,1,0,0,0,,,,,,0,0,0,,,,,,,,,,,,,,,,,,,,,,,,,,,,,,,,,,,
2018,272,E827448,6,08/10/2018,11:49,10,8,0,47,Okanogan,0,1,0,9,1,2,1,0,1,1,11:46,12:00,12:49,35,0,0,4.6,1,0,1,4,2,1,3,0,0,0,0,SR-153,,-119.9745167,48.07614444,0,1,2,13,2,60,4,0,0,1,2,1,3,1,2,1,14,1,1,53,0,12,17,1997,0,0,63,69,68,68,63,35,1,1,34,2,7,1,4,0,99,0,11,5,08/10/2018,13:33,19053035217,35217,0,0,0,3,1,58,0,0,0,96,,,,,,99,,,,,,98846,53,63,102,6,1,0,1,0,0,,0,,,,,,4,11/15/2016,11/15/2016,8,0,0,0,0,9,8,,,0,0,0,8,9,2,1,,,1,,,2,1,0.035,,,,,,,,,,,,,,,,,,,,,,,,,,,,,,0,0,0,0,1,0,0,0,0,0,0,0,1,0,0,0,0,0,0,0,0,0,0,0,0,0,0,0,0,1,0,0,0,0,0,,1,0,0,0,1,0,0,0,0,1,0,0,1,0,0,1,,,,,,31-35,26-35,State route,U,Friday,Unknown,PV,White,0,1,0,0,State Route,State Patrol,Washington State Patrol,1,1,0,0,0,,,,,,0,0,0,,,,,,,,,,,,,,,,,,,,,,,,,,,,,,,,,,,
2018,273,E827913,3,08/09/2018,10:21,9,8,0,53,Pierce,0,1,0,1,1,2,1,1,1,1,,,,9,1,0,38,1,0,1,4,1,1,3,0,0,0,0,SR-7,,-122.3576972,46.965125,0,1,13,13,2,55,34,0,0,1,5,9,1,2,2,1,1,1,2,53,0,20,481,1986,0,0,63,9,,,,,1,1,37,1,0,0,0,0,99,0,11,0,,,,,0,0,0,0,1,91,0,0,0,92,,,,,,99,,,,,,98387,53,72,196,3,1,0,2,0,2,,1,7,,,,,0,08/15/2014,01/15/2018,20,0,0,0,8,9,8,,,0,0,0,8,9,8,95,,,96,,,8,95,995,,,,,,,,,,,,,,,,,,,,,,,,,,,,,,0,0,0,0,0,0,0,0,0,0,0,0,0,1,0,0,1,0,0,0,0,0,0,0,0,0,0,0,0,1,0,0,1,0,0,,0,0,0,0,0,0,0,0,1,0,0,1,0,0,0,0,,,,,,36-40,36-45,State route,R,Thursday,Unknown,PV,Not Fatal,0,0,0,0,State Route,State Patrol,Washington State Patrol,0,1,0,0,0,,,,,,0,1,2,,,,,,,,,,,,,,,,,,,,,,,,,,,,,,,,,,,
2018,274,E827924,7,08/05/2018,21:44,5,8,0,33,King,0,1,0,3,1,2,1,0,2,2,,,,12,0,2,20.9,1,0,1,3,1,1,3,0,0,0,0,SR-18,,-121.9748306,47.43580556,0,2,51,54,3,55,4,0,0,1,2,12,2,2,2,1,14,1,2,53,0,54,35,2003,0,0,12,,,,,,1,1,50,1,7,1,4,7,3,0,11,0,08/05/2018,21:44,53034610,34610,6,0,0,3,1,0,0,0,0,96,,,,,,99,,,,,,98032,53,68,200,6,1,0,0,1,0,,0,,,,,,0,06/15/2018,07/15/2018,8,0,0,0,0,9,8,,,0,0,0,8,9,2,1,,,1,,,2,1,0,,,,,,,,,,,,,,,,,,,,,,,,,,,,,,0,0,0,0,0,0,1,1,1,0,0,0,0,0,0,0,0,0,0,0,0,0,0,0,0,1,0,0,0,1,0,0,0,0,0,,1,0,0,0,0,0,0,0,0,0,0,0,0,0,0,0,,,,,,46-50,46-55,State route,R,Sunday,Belt Used,PV,White,0,0,0,1,State Route,State Patrol,Washington State Patrol,0,1,0,0,0,,,,,,0,0,1,,,,,,,,,,,,,,,,,,,,,,,,,,,,,,,,,,,
2018,274,E827924,7,08/05/2018,21:44,5,8,0,33,King,0,1,0,3,1,2,1,0,2,2,,,,12,0,2,20.9,1,0,1,3,1,1,3,0,0,0,0,SR-18,,-121.9748306,47.43580556,0,1,50,54,3,98,15,0,0,1,2,12,3,2,3,3,14,1,2,53,0,37,421,2008,0,0,12,,,,,,1,1,68,1,0,0,9,0,3,0,11,8,,,,,0,0,0,3,1,51,0,0,0,96,,,,,,99,,,,,,98038,53,74,220,6,1,0,0,0,0,,97,,,,,,0,,,8,0,0,0,8,9,8,,,0,0,0,8,9,2,177,605,695,1,1,1,2,1,0,,,,,,,,,,,,,,,,,,,,,,,,,,,,,,0,0,0,0,0,0,1,1,1,0,0,0,0,0,0,0,0,0,0,0,0,0,0,0,0,1,0,0,0,1,0,0,0,0,0,,0,0,0,0,0,0,1,1,0,0,0,0,0,0,1,0,,,,,,66-70,66-75,State route,R,Sunday,Belt Used,PV,Not Fatal,0,0,0,1,State Route,State Patrol,Washington State Patrol,0,1,0,0,0,thc,2,carboxy-thc,11,,0,0,0,1,1,,,,996,996,,,,,,,,,,,,,,,,,,,,,,,,,,,,
2018,275,E828062,3,07/24/2018,2:31,24,7,0,53,Pierce,1770,1,0,2,1,2,1,0,1,1,,,,1,0,0,8.7,1,0,1,3,2,1,3,0,0,0,0,SR-512,,-122.2976389,47.16069167,0,1,1,11,2,60,80,0,0,1,2,1,3,1,2,3,14,1,1,53,0,72,706,2012,0,0,63,1,,,,,1,1,51,1,7,1,4,7,5,0,11,0,07/24/2018,2:31,1.77E+11,32691,0,0,0,3,1,0,0,0,0,96,,,,,,99,,,,,,98404,53,69,215,6,1,1,0,4,1,,0,,,,,,4,10/15/2014,05/15/2016,20,8,0,0,0,9,8,,,0,0,0,8,9,2,605,695,,1,1,,2,1,0.19,,,,,,,,,,,,,,,,,,,,,,,,,,,,,,0,0,1,0,1,1,1,1,1,0,0,0,1,0,0,0,0,0,0,0,0,0,0,0,0,0,0,0,1,0,0,0,0,0,1,0,0,0,0,0,0,1,1,1,0,1,0,0,0,0,0,1,,,,,,51-55,46-55,State route,U,Tuesday,,MC,White,0,1,0,0,State Route,State Patrol,Washington State Patrol,1,1,0,0,0,thc,1.4,carboxy-thc,15,,0,1,0,,,,,,,,,,,,,,,,,,,,,,,,,,,,,,,,,,,
2018,276,E828065,3,08/06/2018,16:10,6,8,0,53,Pierce,0,1,0,1,1,7,3,0,6,2,,,,12,0,6,5.3,2,0,2,4,1,1,3,0,0,4,3,SR-702,8TH AVE,-122.4423667,46.93728611,0,2,87,66,4,55,14,0,0,1,7,1,1,2,2,1,1,4,2,6,0,49,402,2018,0,0,12,68,64,1,,,1,1,59,1,0,0,3,0,3,0,11,8,,,,,0,0,0,3,1,0,0,0,0,96,,,,,,0,,,,,,90620,6,69,160,6,1,0,0,0,0,,0,,,,,,0,,,8,0,0,0,8,9,8,,,0,0,0,8,0,8,95,,,96,,,8,95,995,,,,,,,,,,,,,,,,,,,,,,,,,,,,,,0,0,0,1,1,1,1,1,0,0,0,0,0,0,0,0,0,0,1,1,0,0,0,0,0,0,0,0,0,1,0,0,0,0,0,,0,0,0,0,0,0,0,0,0,0,0,0,0,0,0,0,,,,,,56-60,56-65,State route,R,Monday,Belt Used,PV,Not Fatal,1,0,0,0,State Route,State Patrol,Washington State Patrol,0,1,0,0,0,,,,,,0,0,0,,,,,,,,,,,,,,,,,,,,,,,,,,,,,,,,,,,
2018,276,E828065,3,08/06/2018,16:10,6,8,0,53,Pierce,0,1,0,1,1,7,3,0,6,2,,,,12,0,6,5.3,2,0,2,4,1,1,3,0,0,4,3,SR-702,8TH AVE,-122.4423667,46.93728611,0,1,86,17,2,45,20,0,0,1,7,12,1,2,2,1,1,2,1,53,0,7,442,2003,0,0,12,63,30,,,,1,1,36,2,0,0,3,0,3,0,11,8,,,,,0,0,0,3,1,38,39,0,0,96,,,,,,9,,,,,,98037,53,65,150,6,1,0,1,0,0,,1,,,,,,0,05/15/2016,05/15/2016,8,0,0,0,8,9,8,,,0,0,0,8,1,2,401,417,,1,1,,2,1,0.12,,,,,,,,,,,,,,,,,,,,,,,,,,,,,,0,0,0,1,1,1,1,1,0,0,0,0,0,0,0,0,0,0,1,1,0,0,0,0,0,0,0,0,0,1,0,0,0,0,0,,0,0,0,0,0,1,1,1,0,0,1,0,0,0,0,1,,,,,,36-40,36-45,State route,R,Monday,Belt Used,PV,Not Fatal,1,0,0,0,State Route,State Patrol,Washington State Patrol,0,1,0,0,0,,,,,,0,0,0,,,,,,,,,,,,,,,,,,,,,,,,,,,,,,,,,,,
2018,277,E828112,7,08/03/2018,2:49,3,8,0,33,King,1030,2,0,2,2,2,1,0,4,4,,,,12,0,2,3.3,1,0,1,3,2,1,3,0,0,0,0,SR-516,,-122.2757111,47.38091944,0,3,98,54,3,60,14,0,0,1,5,54,2,2,2,3,14,1,1,53,0,55,404,2018,0,0,54,,,,,,1,1,20,1,0,0,0,0,3,0,11,0,,,,,0,0,0,3,1,0,0,0,0,96,,,,,,0,,,,,,98374,53,69,150,6,1,0,0,0,0,,0,,,,,,0,,,20,0,0,0,8,9,8,,,0,0,0,8,0,8,95,,,96,,,8,95,995,,,,,,,,,,,,,,,,,,,,,,,,,,,,,,0,0,0,0,1,1,1,1,1,0,0,0,0,0,0,0,0,0,0,0,0,1,1,1,1,0,0,0,0,1,1,0,0,0,0,,0,0,0,0,0,0,0,0,0,0,0,0,0,0,0,0,,,,,,18-20,16-25,State route,U,Friday,Belt Used,PV,Not Fatal,0,0,0,1,State Route,State Patrol,Washington State Patrol,0,1,0,0,0,,,,,,0,0,0,,,,,,,,,,,,,,,,,,,,,,,,,,,,,,,,,,,
2018,277,E828112,7,08/03/2018,2:49,3,8,0,33,King,1030,2,0,2,2,2,1,0,4,4,,,,12,0,2,3.3,1,0,1,3,2,1,3,0,0,0,0,SR-516,,-122.2757111,47.38091944,0,2,51,54,3,60,61,0,0,1,2,12,2,2,2,3,14,1,3,53,0,20,881,2008,0,0,12,64,25,,,,1,1,54,1,0,0,0,0,3,0,11,0,,,,,0,0,3,3,1,0,0,0,0,96,,,,,,9,,,,,,98391,53,75,285,6,1,0,3,0,0,,12,,,,,,0,10/15/2014,09/15/2016,20,0,0,0,8,9,2,,,0,0,0,0,1,0,0,,,0,,,2,2,0.115,,,,,,,,,,,,,,,,,,,,,,,,,,,,,,0,0,0,0,1,1,1,1,1,0,0,0,0,0,0,0,0,0,0,0,0,1,1,1,1,0,0,0,0,1,1,0,0,0,0,,0,0,0,0,0,1,0,1,0,0,0,0,0,1,0,1,,,,,,51-55,46-55,State route,U,Friday,,MHTRUCK,Not Fatal,0,0,0,1,State Route,State Patrol,Washington State Patrol,0,1,0,0,0,,,,,,0,0,0,,,,,,,,,,,,,,,,,,,,,,,,,,,,,,,,,,,