year,case,par,repjur,crash_dt,crash_tm,accday,accmon,holiday,county,co_char,city,weather,weather2,lightcond,surfcond,surftype,numfatal,nmforms,pforms,vforms,not_tm,arr_tm,hosp_tm,fhevent,hitrun,manncol,milepnt,reljunc,reljuncinter,intersectiontype,funcsystem,landuse,ownership,route,schlbus,spejur,contdev,devfunc,trafid1,trafid2,x,y,wk_zone,vnumber,crashtype,criticalevent,criticaleventcat,spdlim,body,trailer,emerg,hazcargo,leave,mhevent,roadalgn,roadprof,traflane,trafflow,vehmanvr,numoccs,regowner,regstate,spuse,make,model,modelyr,vrf1,vrf2,seqevent1,seqevent2,seqevent3,seqevent4,seqevent5,seqevent6,pnumber,ptype,age,sex,hispanic,race,injury,diedscene,restraint,restraintmisuse,seatpos,takehosp,death_dt,death_tm,cert,cernum_wa,commlic,licendor,licrestrict,liccomp,drivpres,drf1,drf2,drf3,drf4,distract1,distract2,distract3,distract4,distract5,distract6,dricond1,dricond2,dricond3,dricond4,dricond5,dricond6,dzip,licstate,drhgt_in,weight,noncdl,noncdltype,prevdwi,prevoth,prevacc,prevspd,prevsus,driviol1,driviol2,driviol3,driviol4,driviol5,driviol6,spdrel,first_dt,last_dt,airbag,ejection,ejectpath,extricat,injurwrk,methalc,methdrug,nmlocat,strikveh,prf1,prf2,prf3,druginv,alcinvol,drugsts,drugres1,drugres2,drugres3,drugtst1,drugtst2,drugtst3,alcsts,alctst,alcres,nmact1,nmact2,nmact3,nmact4,nmact5,nmact6,nmprior1,nmprior2,nmprior3,nmprior4,nmprior5,nmprior6,nmcond1,nmcond2,nmcond3,nmcond4,nmcond5,nmcond6,nmsafe_helmet,nmsafe_pads,nmsafe_oth,nmprev_ref,nmprev_lgt,nmprev_oth,crashlocation,nmcrashtype,crosswalk,schoolzone,sidewalk,train_inv,wildlife_inv,rotr_fars,intersect_fars,dd_inv,aid_inv,dpd_inv,id_inv,mj_inv,impnm_inv,ainm_inv,dpnm_inv,speed_inv,unlic_inv,unendmc_inv,drowsy_inv,drdist_inv,nmdist_inv,fty_inv,unrestfat_inv,dr1617_inv,dr1820_inv,dr1620_inv,dr2125_inv,dr1625_inv,dr65_inv,dr70_inv,dr75_inv,mc_inv,pv_inv,ht_inv,ped_inv,bike_inv,unrest_fat,mc_fat,unhelmet_mc,pv_fat,ht_fat,ped_fat,bike_fat,dr_alc7,dr_alc8,dr_drug,dr_imp,dr_dist,dr_spd,dr_fty,dr_unlic,dr_alc7only,dr_alc8only,dr_drugonly,dr_drink,nm_imp,nm_alc7,nm_alc8,nm_drug,nm_dist,agegrp1,agegrp2,roadclass,urbrur,dayweek,restuse,vehtype,race_me,intersect,lanedep,oppdir,wrongway,rep_typ,investag,repag_long,rotr,st_rd,cty_rd,city_rd,oth_rd,drug_thc,thc_res,drug_cthc,cthc_res,drug_cann,prevpersemin,prevperse,prevsusoth,drugtst4,drugtst5,drugtst6,drugtst7,drugtst8,drugres4,drugres5,drugres6,drugres7,drugres8,adspresent,adsengaged,adslevel,race1,race2,race3,race4,race5,helmet,helmetmisuse,nmdistract1,nmdistract2,nmdistract3,nmdistract4,nmdistract5,nmdistract6,lab,isedtcase,crf1,crf2,crf3,CoRoadName,CoMP,IntCoRoadName,IntCoMP
2018,292,E830626,1,08/13/2018,7:14,13,8,0,71,Walla Walla,0,1,0,1,1,2,1,0,6,4,7:13,7:23,7:38,12,0,6,1.6,2,0,2,3,1,1,3,0,0,3,3,SR-125,OLD MILTON HWY,-118.3890222,46.02388889,0,4,89,66,4,55,4,0,0,1,7,12,1,2,4,1,1,3,1,53,0,55,33,2011,0,0,12,,,,,,1,1,23,2,6,1,4,7,20,0,11,0,08/13/2018,7:14,53035950,35950,0,0,0,3,1,0,0,0,0,96,,,,,,0,,,,,,99362,53,66,180,6,1,0,0,0,2,,0,,,,,,0,05/15/2016,04/15/2018,8,1,9,0,0,9,8,,,0,0,0,8,0,2,605,695,,1,1,,2,1,0,,,,,,,,,,,,,,,,,,,,,,,,,,,,,,0,0,0,1,0,0,1,1,1,0,0,0,0,0,0,0,1,0,1,1,0,0,0,1,1,0,0,0,0,1,0,0,0,1,0,,1,0,0,0,0,0,1,1,0,0,0,0,0,0,1,0,,,,,,21-25,16-25,State route,R,Monday,Not Used,PV,Hispanic,1,0,0,0,State Route,State Patrol,Washington State Patrol,0,1,0,0,0,thc,4.7,carboxy-thc,83,,0,0,1,,,,,,,,,,,,,,,,,,,,,,,,,,,,,,,,,,,
2018,309,E830739,3,08/02/2018,23:48,2,8,0,53,Pierce,2230,1,0,2,1,2,1,1,1,1,,,,8,0,0,2.7,1,0,1,3,2,1,3,0,0,0,0,SR-16,,-122.4994472,47.23616944,0,1,13,80,5,60,4,0,0,1,7,8,1,1,4,3,1,1,1,53,0,54,35,2003,0,0,8,,,,,,1,1,55,1,0,0,0,0,3,0,11,0,,,,,0,0,0,3,1,0,0,0,0,96,,,,,,0,,,,,,98092,53,67,150,6,1,0,0,0,0,,0,,,,,,0,,,20,0,0,0,8,9,2,,,0,0,0,0,0,2,1,,,1,,,2,1,0,,,,,,,,,,,,,,,,,,,,,,,,,,,,,,0,0,0,0,0,0,0,0,0,1,1,0,0,0,0,0,0,0,0,0,0,0,0,0,0,0,0,0,0,1,0,1,0,0,0,,0,0,0,0,0,0,0,0,0,0,0,0,0,0,0,0,,,,,,51-55,46-55,State route,U,Thursday,Belt Used,PV,Not Fatal,0,0,0,0,State Route,State Patrol,Washington State Patrol,0,1,0,0,0,,,,,,0,0,0,,,,,,,,,,,,,,,,,,,,,,,,,,,,,,,,,,,
2018,315,E830966,4,08/15/2018,0:00,15,8,0,51,Pend Oreille,0,1,0,3,1,4,3,0,5,1,,,,42,0,0,9999.9,1,0,1,7,1,66,8,0,0,0,0,CEE CEE AH CREEK RD,,-117.2703611,48.39834444,0,1,99,99,9,20,4,0,0,1,2,42,8,8,8,8,99,5,2,53,0,63,33,2006,0,0,63,42,,,,,1,1,33,1,0,0,3,0,20,0,11,4,,,,,0,0,3,3,1,0,0,0,0,96,,,,,,9,,,,,,99119,53,64,130,6,1,0,0,0,1,,97,,,,,,0,09/15/2015,09/15/2015,1,0,0,0,8,9,1,,,0,0,0,1,1,2,605,695,,1,1,,2,1,0.08,,,,,,,,,,,,,,,,,,,,,,,,,,,,,,0,0,0,0,1,1,1,1,1,0,0,0,0,0,0,0,0,0,0,1,0,0,0,0,0,0,0,0,0,1,0,0,0,0,0,,0,0,0,0,0,1,1,1,0,0,0,0,0,0,0,1,,,,,,31-35,26-35,Other,R,Wednesday,Not Used,PV,Not Fatal,0,1,0,0,Other,State Patrol,Washington State Patrol,1,0,0,0,1,thc,7.1,carboxy-thc,59,,0,0,0,,,,,,,,,,,,,,,,,,,,,,,,,,,,,,,,,,,
2018,316,E831476,2,08/18/2018,16:26,18,8,0,57,Skagit,0,5,0,1,1,2,1,0,1,1,16:10,16:24,,24,0,0,1.4,1,0,1,96,6,96,4,0,0,0,0,CR-BAKER LAKE RD,,-121.9074833,48.53666667,0,1,1,13,2,50,84,0,0,1,5,24,3,2,2,1,14,1,1,53,0,98,703,2012,0,0,63,24,,,,,1,1,58,2,7,1,4,7,5,0,11,0,08/18/2018,16:26,53037028,37028,0,0,3,3,1,0,0,0,0,92,,,,,,0,,,,,,98284,53,65,180,6,1,0,0,0,0,,0,,,,,,0,,,20,8,0,0,0,9,8,,,0,0,0,8,0,2,1,,,1,,,2,1,0,,,,,,,,,,,,,,,,,,,,,,,,,,,,,,0,0,1,0,0,0,0,0,0,0,0,0,0,0,0,0,1,0,0,0,0,0,0,0,0,0,0,0,1,0,0,0,0,0,1,0,0,0,0,0,0,0,0,0,1,0,0,0,0,0,0,0,,,,,,56-60,56-65,County road,,Saturday,,OTHMC,White,0,1,0,0,County Road,State Patrol,Washington State Patrol,1,0,1,0,0,,,,,,0,0,0,,,,,,,,,,,,,,,,,,,,,,,,,,,,,,,,,,,
2018,317,E832380,160,08/18/2018,18:12,18,8,0,33,King,1030,1,0,1,0,0,1,0,2,2,,,,12,0,6,0.2,2,0,3,3,2,1,3,0,0,0,0,SR-515,SE 253 PL,-122.2024,47.37491389,0,1,82,15,2,0,4,0,0,1,5,12,0,0,0,0,11,1,1,53,0,35,43,2017,0,0,12,,,,,,1,1,46,1,0,0,0,0,3,0,11,0,,,,,0,0,0,3,1,38,0,0,0,96,,,,,,0,,,,,,98030,53,65,180,6,1,0,0,0,0,,97,,,,,,0,,,2,0,0,0,8,9,8,,,0,0,0,8,0,8,95,,,96,,,8,95,995,,,,,,,,,,,,,,,,,,,,,,,,,,,,,,0,0,0,1,0,0,0,0,0,0,0,0,1,1,1,0,0,0,1,0,0,0,0,1,1,0,0,0,1,1,0,0,0,0,0,,0,0,0,0,0,0,0,0,0,0,1,0,0,0,0,0,,,,,,46-50,46-55,State route,U,Saturday,Belt Used,PV,Not Fatal,1,0,0,0,State Route,Municipal/City Police,Kent Police Department,0,1,0,0,0,,,,,,0,0,0,,,,,,,,,,,,,,,,,,,,,,,,,,,,,,,,,,,
2018,317,E832380,160,08/18/2018,18:12,18,8,0,33,King,1030,1,0,1,1,2,1,0,2,2,,,,12,0,6,0.2,2,0,3,3,2,1,3,0,0,0,0,SR-515,SE 253 PL,-122.2024,47.37491389,0,2,83,67,4,35,80,0,0,1,5,12,1,1,5,5,1,1,2,53,0,53,706,2006,0,0,12,,,,,,1,1,25,1,7,1,4,7,19,0,11,0,08/18/2018,18:12,1.03E+11,36409,0,0,0,2,1,0,0,0,0,96,,,,,,99,,,,,,98030,53,65,135,1,1,0,3,2,3,,0,,,,,,4,03/15/2014,08/15/2017,20,8,0,0,0,9,8,,,0,0,0,8,9,2,1,,,1,,,2,1,0,,,,,,,,,,,,,,,,,,,,,,,,,,,,,,0,0,0,1,0,0,0,0,0,0,0,0,1,1,1,0,0,0,1,0,0,0,0,1,1,0,0,0,1,1,0,0,0,0,1,0,0,0,0,0,0,0,0,0,0,1,0,1,0,0,0,0,,,,,,21-25,16-25,State route,U,Saturday,,MC,White,1,0,0,0,State Route,Municipal/City Police,Kent Police Department,0,1,0,0,0,,,,,,0,0,8,,,,,,,,,,,,,,,,,,,,,,,,,,,,,,,,,,,
2018,307,E832464,7,07/22/2018,1:55,22,7,0,33,King,1030,1,0,3,1,2,1,1,6,4,,,,8,0,0,3.5,1,0,1,3,2,1,3,0,0,3,3,SR-516,,-122.270425,47.37678056,0,3,98,60,4,50,4,0,0,1,7,12,1,2,7,1,5,2,1,53,0,49,32,2015,0,0,12,12,,,,,1,1,41,1,0,0,0,0,3,0,11,0,,,,,0,0,0,3,1,0,0,0,0,96,,,,,,0,,,,,,98006,53,67,190,6,1,0,1,0,0,,0,,,,,,0,09/15/2013,09/15/2013,8,0,0,0,8,9,8,,,0,0,0,8,9,8,95,,,96,,,8,95,995,,,,,,,,,,,,,,,,,,,,,,,,,,,,,,0,0,0,0,0,0,0,0,0,0,0,0,0,0,0,0,0,0,0,0,0,0,0,0,0,0,0,0,0,1,0,1,0,0,0,,0,0,0,0,0,0,0,0,0,0,0,0,0,0,0,0,,,,,,41-45,36-45,State route,U,Sunday,Belt Used,PV,Not Fatal,1,0,0,0,State Route,State Patrol,Washington State Patrol Headquarter,0,1,0,0,0,,,,,,0,0,0,,,,,,,,,,,,,,,,,,,,,,,,,,,,,,,,,,,
2018,307,E832464,7,07/22/2018,1:55,22,7,0,33,King,1030,1,0,3,1,2,1,1,6,4,,,,8,0,0,3.5,1,0,1,3,2,1,3,0,0,3,3,SR-516,,-122.270425,47.37678056,0,2,98,60,4,50,6,0,0,1,7,12,1,2,7,1,5,2,1,53,0,2,1,2012,0,0,12,12,,,,,1,1,49,2,0,0,1,0,3,0,11,8,,,,,0,0,0,3,1,0,0,0,0,96,,,,,,0,,,,,,98027,53,67,168,6,1,0,0,0,0,,0,,,,,,0,04/15/2014,04/15/2014,1,0,0,0,8,9,8,,,0,0,0,8,9,8,95,,,96,,,8,95,995,,,,,,,,,,,,,,,,,,,,,,,,,,,,,,0,0,0,0,0,0,0,0,0,0,0,0,0,0,0,0,0,0,0,0,0,0,0,0,0,0,0,0,0,1,0,1,0,0,0,,0,0,0,0,0,0,0,0,0,0,0,0,0,0,0,0,,,,,,46-50,46-55,State route,U,Sunday,Belt Used,PV,Not Fatal,1,0,0,0,State Route,State Patrol,Washington State Patrol Headquarter,0,1,0,0,0,,,,,,0,0,1,,,,,,,,,,,,,,,,,,,,,,,,,,,,,,,,,,,
2018,307,E832464,7,07/22/2018,1:55,22,7,0,33,King,1030,1,0,3,1,2,1,1,6,4,,,,8,0,0,3.5,1,0,1,3,2,1,3,0,0,3,3,SR-516,,-122.270425,47.37678056,0,4,98,60,4,50,4,0,0,1,7,12,1,2,7,1,5,1,1,53,0,19,3,2002,0,0,12,,,,,,1,1,56,1,0,0,1,0,3,0,11,8,,,,,0,0,3,3,1,0,0,0,0,96,,,,,,0,,,,,,98030,53,73,255,6,1,0,0,2,1,,0,,,,,,0,07/15/2015,11/15/2017,20,0,0,0,8,9,8,,,0,0,0,8,9,8,95,,,96,,,8,95,995,,,,,,,,,,,,,,,,,,,,,,,,,,,,,,0,0,0,0,0,0,0,0,0,0,0,0,0,0,0,0,0,0,0,0,0,0,0,0,0,0,0,0,0,1,0,1,0,0,0,,0,0,0,0,0,0,0,0,0,0,0,0,0,0,0,0,,,,,,56-60,56-65,State route,U,Sunday,Belt Used,PV,Not Fatal,1,0,0,0,State Route,State Patrol,Washington State Patrol Headquarter,0,1,0,0,0,,,,,,0,0,1,,,,,,,,,,,,,,,,,,,,,,,,,,,,,,,,,,,
2018,307,E832464,7,07/22/2018,1:55,22,7,0,33,King,1030,1,0,3,1,2,1,1,6,4,,,,8,0,0,3.5,1,0,1,3,2,1,3,0,0,0,0,SR-516,,-122.270425,47.37678056,0,1,13,80,5,50,15,0,6,1,7,8,1,2,7,1,1,1,3,53,5,20,421,2016,0,0,8,12,,,,,1,1,45,1,0,0,3,0,20,0,11,8,,,,,0,0,0,3,1,16,0,0,0,96,,,,,,0,,,,,,98375,53,71,230,6,1,0,0,0,0,,0,,,,,,0,,,8,0,0,0,8,9,8,,,0,0,0,8,0,8,95,,,96,,,8,95,995,,,,,,,,,,,,,,,,,,,,,,,,,,,,,,0,0,0,0,0,0,0,0,0,0,0,0,0,0,0,0,0,0,0,0,0,0,0,0,0,0,0,0,0,1,0,1,0,0,0,,0,0,0,0,0,0,0,0,0,0,0,0,0,0,0,0,,,,,,41-45,36-45,State route,U,Sunday,Not Used,PV,Not Fatal,1,0,0,0,State Route,State Patrol,Washington State Patrol Headquarter,0,1,0,0,0,,,,,,0,0,0,,,,,,,,,,,,,,,,,,,,,,,,,,,,,,,,,,,
2018,319,E832509,159,08/21/2018,20:47,21,8,0,5,Benton,1020,1,0,3,1,2,1,0,2,2,20:47,20:53,,12,1,6,0,2,0,3,3,2,4,6,0,0,3,3,CLEARWATER,EDISON,-119.1918056,46.2124,0,1,68,15,2,35,34,0,0,1,7,12,1,1,5,1,11,1,1,53,0,49,472,2015,0,0,12,,,,,,1,1,28,2,0,0,0,0,99,0,11,0,,,,,0,0,0,3,1,91,0,0,0,96,,,,,,9,,,,,,99352,53,61,125,6,1,0,1,0,1,,1,7,,,,,0,05/15/2015,06/15/2017,20,0,0,0,8,9,8,,,0,0,0,8,1,2,605,695,996,1,1,1,2,1,0.07,,,,,,,,,,,,,,,,,,,,,,,,,,,,,,0,0,0,1,1,0,1,1,1,0,0,0,0,0,0,0,0,0,0,0,0,0,0,0,0,0,0,0,1,1,0,0,0,0,0,,0,0,0,0,1,0,1,1,0,0,0,0,0,0,0,1,,,,,,26-30,26-35,City street,U,Tuesday,Unknown,PV,Not Fatal,1,0,0,0,City Street,Municipal/City Police,Kennewick Police Department,0,0,0,1,0,thc,7.1,carboxy-thc,32,,0,0,0,,,,,,,,,,,,,,,,,,,,,,,,,,,,,,,,,,,
2018,319,E832509,159,08/21/2018,20:47,21,8,0,5,Benton,1020,1,0,3,1,2,1,0,2,2,20:47,20:53,,12,0,6,0,2,0,3,3,2,4,6,0,0,3,3,CLEARWATER,EDISON,-119.1918056,46.2124,0,2,69,62,4,35,81,0,0,1,7,12,1,1,5,1,1,1,1,53,0,37,701,1986,0,0,12,,,,,,1,1,31,1,1,98,4,7,19,0,11,0,08/21/2018,20:47,1.02E+11,37531,0,0,3,3,1,0,0,0,0,96,,,,,,0,,,,,,99354,53,68,220,6,1,0,1,0,1,,0,,,,,,0,02/15/2014,05/15/2016,20,8,0,0,0,9,8,,,0,0,0,8,0,2,1,,,1,,,2,1,0,,,,,,,,,,,,,,,,,,,,,,,,,,,,,,0,0,0,1,1,0,1,1,1,0,0,0,0,0,0,0,0,0,0,0,0,0,0,0,0,0,0,0,1,1,0,0,0,0,1,0,0,0,0,0,0,0,0,0,0,0,0,0,0,0,0,0,,,,,,31-35,26-35,City street,U,Tuesday,,OTHMC,Hispanic,1,0,0,0,City Street,Municipal/City Police,Kennewick Police Department,0,0,0,1,0,,,,,,0,0,0,,,,,,,,,,,,,,,,,,,,,,,,,,,,,,,,,,,
2018,318,E832575,4,08/23/2018,2:43,23,8,0,1,Adams,0,1,0,3,1,1,1,0,1,1,,,,1,0,0,101.9,1,0,1,3,1,1,2,0,0,0,0,US-395,,-118.4071861,47.10307778,0,1,98,12,2,70,2,0,0,1,7,1,2,2,2,3,14,1,2,53,0,20,16,2000,0,0,64,1,,,,,1,1,18,1,6,1,4,7,20,0,11,0,08/23/2018,2:43,53037883,37883,0,0,0,3,1,0,0,0,0,96,,,,,,2,,,,,,99320,53,68,130,6,1,0,1,0,0,,0,,,,,,0,05/15/2018,05/15/2018,20,1,9,0,0,9,8,,,0,0,0,8,0,2,1,,,1,,,2,1,0,,,,,,,,,,,,,,,,,,,,,,,,,,,,,,0,0,0,0,0,0,0,0,0,0,0,0,0,0,0,1,0,0,0,1,0,1,1,0,1,0,0,0,0,1,0,0,0,1,0,,1,0,0,0,0,0,0,0,0,0,0,0,0,0,0,0,,,,,,18-20,16-25,US highway,R,Thursday,Not Used,PV,Hispanic,0,1,0,0,State Route,State Patrol,Washington State Patrol,1,1,0,0,0,,,,,,0,0,0,,,,,,,,,,,,,,,,,,,,,,,,,,,,,,,,,,,
2018,314,E833280,6,08/10/2018,10:56,10,8,0,25,Grant,0,1,0,1,1,2,1,0,4,2,10:56,11:07,11:34,12,0,6,29.1,2,0,2,3,1,1,3,0,0,0,0,SR-28,ROAD 10 NW,-119.9536417,47.23300278,0,1,68,15,2,60,4,0,0,1,7,12,1,1,4,1,11,2,1,53,0,37,31,2014,0,0,12,,,,,,1,1,87,2,7,1,4,0,3,0,11,5,08/10/2018,15:37,1.78E+11,35253,0,0,0,3,1,38,0,0,0,96,,,,,,0,,,,,,98837,53,63,140,6,1,0,0,0,0,,46,,,,,,0,,,8,0,0,0,0,9,8,,,0,0,0,8,0,2,177,,,1,,,2,1,0,,,,,,,,,,,,,,,,,,,,,,,,,,,,,,0,0,0,1,0,0,1,1,0,0,0,0,0,0,0,0,0,0,1,0,0,0,0,0,0,1,1,1,0,1,0,0,0,0,0,,1,0,0,0,0,0,1,1,0,0,1,0,0,0,1,0,,,,,,81+,76+,State route,R,Friday,Belt Used,PV,White,0,0,0,0,State Route,State Patrol,Washington State Patrol,0,1,0,0,0,,,,,,0,0,0,,,,,,,,,,,,,,,,,,,,,,,,,,,,,,,,,,,
2018,314,E833280,6,08/10/2018,10:56,10,8,0,25,Grant,0,1,0,1,1,2,1,0,4,2,10:56,11:07,11:34,12,0,6,29.1,2,0,2,3,1,1,3,0,0,0,0,SR-28,ROAD 10 NW,-119.9536417,47.23300278,0,2,69,62,4,60,4,0,0,1,7,12,1,1,4,1,1,2,1,53,0,37,32,1993,0,0,12,,,,,,1,1,44,2,0,0,3,0,3,0,11,5,,,,,0,0,0,3,1,0,0,0,0,96,,,,,,0,,,,,,98850,53,70,125,6,1,0,4,2,0,,0,,,,,,0,01/15/2015,01/15/2017,20,0,0,0,8,9,8,,,0,0,0,8,0,8,95,,,96,,,8,95,995,,,,,,,,,,,,,,,,,,,,,,,,,,,,,,0,0,0,1,0,0,1,1,0,0,0,0,0,0,0,0,0,0,1,0,0,0,0,0,0,1,1,1,0,1,0,0,0,0,0,,0,0,0,0,0,0,0,0,0,0,0,0,0,0,0,0,,,,,,41-45,36-45,State route,R,Friday,Belt Used,PV,Not Fatal,0,0,0,0,State Route,State Patrol,Washington State Patrol,0,1,0,0,0,,,,,,0,0,0,,,,,,,,,,,,,,,,,,,,,,,,,,,,,,,,,,,
2018,297,E833846,6,08/27/2018,13:16,27,8,0,37,Kittitas,0,1,0,1,1,2,1,0,6,2,13:15,13:21,15:05,1,0,0,2.1,1,0,1,3,1,1,3,0,0,0,0,SR-970,,-120.8662944,47.17769167,0,1,6,12,2,55,14,0,0,1,2,1,1,1,2,1,6,5,1,53,0,41,402,2001,0,0,68,64,1,12,,,1,1,51,1,0,0,2,0,3,0,11,2,,,,,0,0,0,3,1,91,0,0,0,96,,,,,,99,,,,,,98103,53,72,230,6,1,0,2,1,0,,1,,,,,,0,01/15/2015,06/15/2017,20,0,0,0,8,9,8,,,0,0,0,8,9,2,605,695,996,1,1,1,2,1,0,,,,,,,,,,,,,,,,,,,,,,,,,,,,,,0,0,1,0,0,0,1,1,1,0,0,0,0,0,0,0,0,0,0,1,0,0,0,0,0,0,0,0,0,1,0,0,0,0,0,,0,0,0,0,0,0,1,1,0,0,0,0,0,0,1,0,,,,,,51-55,46-55,State route,R,Monday,Belt Used,PV,Not Fatal,0,1,0,0,State Route,State Patrol,Washington State Patrol Headquarter,1,1,0,0,0,thc,2.9,carboxy-thc,39,,0,0,0,1,,,,,996,,,,,,,,,,,,,,,,,,,,,,,,,,,,,
2018,297,E833846,6,08/27/2018,13:16,27,8,0,37,Kittitas,0,1,0,1,0,0,1,0,6,2,13:15,13:21,15:05,1,0,0,2.1,1,0,1,3,1,1,3,0,0,0,0,SR-970,,-120.8662944,47.17769167,0,2,98,62,4,0,34,0,0,1,5,12,0,0,0,0,5,1,1,53,0,49,482,2005,0,0,12,,,,,,1,1,60,1,0,0,0,0,3,0,11,0,,,,,0,0,0,3,1,0,0,0,0,0,,,,,,0,,,,,,99114,53,71,195,6,1,0,0,0,0,,0,,,,,,0,,,20,0,0,0,8,9,8,,,0,0,0,8,0,8,95,,,96,,,8,95,995,,,,,,,,,,,,,,,,,,,,,,,,,,,,,,0,0,1,0,0,0,1,1,1,0,0,0,0,0,0,0,0,0,0,1,0,0,0,0,0,0,0,0,0,1,0,0,0,0,0,,0,0,0,0,0,0,0,0,0,0,0,0,0,0,0,0,,,,,,56-60,56-65,State route,R,Monday,Belt Used,PV,Not Fatal,0,1,0,0,State Route,State Patrol,Washington State Patrol Headquarter,1,1,0,0,0,,,,,,0,0,0,,,,,,,,,,,,,,,,,,,,,,,,,,,,,,,,,,,
2018,298,E833892,21,08/10/2018,0:25,10,8,0,25,Grant,0,1,0,2,1,7,1,1,2,2,0:44,1:07,,8,0,0,4.4,1,0,1,6,1,2,4,0,0,0,0,CR-ROAD 9 NW,,-119.6847222,47.22023056,0,2,98,80,5,55,4,0,0,1,5,8,1,1,2,1,1,1,1,53,0,12,37,2000,0,0,8,,,,,,1,1,30,2,0,0,0,0,3,0,11,0,,,,,0,0,3,3,1,0,0,0,0,15,,,,,,0,,,,,,98823,53,62,180,6,8,0,1,1,0,,0,,,,,,0,06/15/2014,06/15/2018,20,0,0,0,8,9,8,,,0,0,0,8,0,8,95,,,96,,,8,95,995,,,,,,,,,,,,,,,,,,,,,,,,,,,,,,0,0,0,0,0,0,0,0,0,1,1,1,0,0,0,0,1,0,0,0,0,0,0,0,0,0,0,0,0,1,0,1,0,0,0,,0,0,0,0,0,0,0,0,1,0,0,0,0,0,0,0,,,,,,26-30,26-35,County road,R,Friday,Belt Used,PV,Not Fatal,0,0,0,0,County Road,County Sheriff,Grant County Sheriff's Office,0,0,1,0,0,,,,,,0,0,2,,,,,,,,,,,,,,,,,,,,,,,,,,,,,,,,,,,
2018,298,E833892,21,08/10/2018,0:25,10,8,0,25,Grant,0,1,0,2,1,7,1,1,2,2,0:44,1:07,,8,1,0,4.4,1,0,1,6,1,2,4,0,0,0,0,CR-ROAD 9 NW,,-119.6847222,47.22023056,0,1,13,80,5,55,99,0,0,1,5,8,1,1,2,1,1,99,9,99,0,99,999,9999,0,0,8,,,,,,1,1,999,8,0,0,0,0,99,0,11,0,,,,,99,9,9,9,1,0,0,0,0,96,,,,,,99,,,,,,99999,99,,999,9,9,99,99,99,99,,0,,,,,,0,,,99,9,0,0,8,9,8,,,0,0,0,8,9,0,0,,,0,,,0,0,996,,,,,,,,,,,,,,,,,,,,,,,,,,,,,,0,0,0,0,0,0,0,0,0,1,1,1,0,0,0,0,1,0,0,0,0,0,0,0,0,0,0,0,0,1,0,1,0,0,0,,0,0,0,0,0,0,0,0,0,0,0,0,0,0,0,0,,,,,,,,County road,R,Friday,,NR-U,Not Fatal,0,0,0,0,County Road,County Sheriff,Grant County Sheriff's Office,0,0,1,0,0,,,,,,99,99,99,,,,,,,,,,,,,,,,,,,,,,,,,,,,,,,,,,,
2018,295,E834139,6,07/27/2018,5:54,27,7,0,37,Kittitas,0,1,0,1,1,1,2,0,2,1,6:13,6:17,,1,0,0,85.2,1,0,1,1,1,1,1,0,0,0,0,I-90,,-120.8775694,47.166125,0,1,2,12,2,70,14,0,0,1,2,1,3,2,2,2,14,2,1,53,0,12,401,2000,0,0,64,69,63,1,,,1,1,75,2,7,1,4,7,3,0,11,0,07/27/2018,5:54,53033579,33579,0,0,0,3,1,58,0,0,0,96,,,,,,0,,,,,,98926,53,63,75,6,1,0,0,0,0,,0,,,,,,0,,,20,2,9,0,0,9,8,,,0,0,0,8,0,2,1,,,1,,,2,1,0,,,,,,,,,,,,,,,,,,,,,,,,,,,,,,0,0,0,0,0,0,0,0,0,0,0,0,0,0,0,0,0,0,0,0,0,0,0,0,0,1,1,1,0,1,0,0,0,0,0,,1,0,0,0,0,0,0,0,0,0,0,0,0,0,0,0,,,,,,71-75,66-75,Interstate,R,Friday,Belt Used,PV,White,0,0,0,0,State Route,State Patrol,Washington State Patrol,0,1,0,0,0,,,,,,0,0,0,,,,,,,,,,,,,,,,,,,,,,,,,,,,,,,,,,,
2018,301,E834316,3,08/18/2018,13:00,18,8,0,69,Wahkiakum,290,1,0,1,1,2,2,0,5,3,12:52,13:00,13:34,12,0,8,35.1,1,0,1,3,1,1,3,0,0,0,0,SR-4,,-123.3878028,46.20876944,0,3,98,98,7,50,80,0,0,1,2,39,3,2,2,1,14,2,1,53,0,72,706,2015,0,0,1,68,39,,,,1,1,56,1,0,0,3,0,5,0,11,1,,,,,0,0,0,3,1,0,0,0,0,96,,,,,,0,,,,,,98382,53,71,195,6,1,0,0,0,0,,0,,,,,,0,,,20,8,0,0,8,9,8,,,0,0,0,8,0,8,95,,,96,,,8,95,995,,,,,,,,,,,,,,,,,,,,,,,,,,,,,,0,0,0,0,0,0,0,0,0,0,0,0,0,0,0,1,0,0,0,0,0,0,0,1,1,0,0,0,1,1,0,0,0,0,0,0,0,0,0,0,0,0,0,0,0,0,0,0,0,0,0,0,,,,,,56-60,56-65,State route,R,Saturday,,MC,Not Fatal,0,1,1,0,State Route,State Patrol,WASHINGTON STATE PATROL,0,1,0,0,0,,,,,,0,0,0,,,,,,,,,,,,,,,,,,,,,,,,,,,,,,,,,,,