year,case,par,repjur,crash_dt,crash_tm,accday,accmon,holiday,county,co_char,city,weather,weather2,lightcond,surfcond,surftype,numfatal,nmforms,pforms,vforms,not_tm,arr_tm,hosp_tm,fhevent,hitrun,manncol,milepnt,reljunc,reljuncinter,intersectiontype,funcsystem,landuse,ownership,route,schlbus,spejur,contdev,devfunc,trafid1,trafid2,x,y,wk_zone,vnumber,crashtype,criticalevent,criticaleventcat,spdlim,body,trailer,emerg,hazcargo,leave,mhevent,roadalgn,roadprof,traflane,trafflow,vehmanvr,numoccs,regowner,regstate,spuse,make,model,modelyr,vrf1,vrf2,seqevent1,seqevent2,seqevent3,seqevent4,seqevent5,seqevent6,pnumber,ptype,age,sex,hispanic,race,injury,diedscene,restraint,restraintmisuse,seatpos,takehosp,death_dt,death_tm,cert,cernum_wa,commlic,licendor,licrestrict,liccomp,drivpres,drf1,drf2,drf3,drf4,distract1,distract2,distract3,distract4,distract5,distract6,dricond1,dricond2,dricond3,dricond4,dricond5,dricond6,dzip,licstate,drhgt_in,weight,noncdl,noncdltype,prevdwi,prevoth,prevacc,prevspd,prevsus,driviol1,driviol2,driviol3,driviol4,driviol5,driviol6,spdrel,first_dt,last_dt,airbag,ejection,ejectpath,extricat,injurwrk,methalc,methdrug,nmlocat,strikveh,prf1,prf2,prf3,druginv,alcinvol,drugsts,drugres1,drugres2,drugres3,drugtst1,drugtst2,drugtst3,alcsts,alctst,alcres,nmact1,nmact2,nmact3,nmact4,nmact5,nmact6,nmprior1,nmprior2,nmprior3,nmprior4,nmprior5,nmprior6,nmcond1,nmcond2,nmcond3,nmcond4,nmcond5,nmcond6,nmsafe_helmet,nmsafe_pads,nmsafe_oth,nmprev_ref,nmprev_lgt,nmprev_oth,crashlocation,nmcrashtype,crosswalk,schoolzone,sidewalk,train_inv,wildlife_inv,rotr_fars,intersect_fars,dd_inv,aid_inv,dpd_inv,id_inv,mj_inv,impnm_inv,ainm_inv,dpnm_inv,speed_inv,unlic_inv,unendmc_inv,drowsy_inv,drdist_inv,nmdist_inv,fty_inv,unrestfat_inv,dr1617_inv,dr1820_inv,dr1620_inv,dr2125_inv,dr1625_inv,dr65_inv,dr70_inv,dr75_inv,mc_inv,pv_inv,ht_inv,ped_inv,bike_inv,unrest_fat,mc_fat,unhelmet_mc,pv_fat,ht_fat,ped_fat,bike_fat,dr_alc7,dr_alc8,dr_drug,dr_imp,dr_dist,dr_spd,dr_fty,dr_unlic,dr_alc7only,dr_alc8only,dr_drugonly,dr_drink,nm_imp,nm_alc7,nm_alc8,nm_drug,nm_dist,agegrp1,agegrp2,roadclass,urbrur,dayweek,restuse,vehtype,race_me,intersect,lanedep,oppdir,wrongway,rep_typ,investag,repag_long,rotr,st_rd,cty_rd,city_rd,oth_rd,drug_thc,thc_res,drug_cthc,cthc_res,drug_cann,prevpersemin,prevperse,prevsusoth,drugtst4,drugtst5,drugtst6,drugtst7,drugtst8,drugres4,drugres5,drugres6,drugres7,drugres8,adspresent,adsengaged,adslevel,race1,race2,race3,race4,race5,helmet,helmetmisuse,nmdistract1,nmdistract2,nmdistract3,nmdistract4,nmdistract5,nmdistract6,lab,isedtcase,crf1,crf2,crf3,CoRoadName,CoMP,IntCoRoadName,IntCoMP
2018,301,E834316,3,08/18/2018,13:00,18,8,0,69,Wahkiakum,290,1,0,1,1,2,2,0,5,3,12:52,13:00,13:34,12,0,8,35.1,1,0,1,3,1,1,3,0,0,0,0,SR-4,,-123.3878028,46.20876944,0,1,64,10,2,50,34,0,0,1,7,12,2,2,2,1,14,1,1,53,0,7,482,2014,0,0,68,12,,,,,1,1,22,1,0,0,0,0,3,0,11,0,,,,,0,0,0,2,1,28,91,0,0,96,,,,,,2,,,,,,98632,53,75,248,6,1,0,0,0,3,,2,,,,,,0,11/15/2015,03/15/2018,7,0,0,0,8,9,8,,,0,0,0,8,0,2,1,,,1,,,2,1,0,,,,,,,,,,,,,,,,,,,,,,,,,,,,,,0,0,0,0,0,0,0,0,0,0,0,0,0,0,0,1,0,0,0,0,0,0,0,1,1,0,0,0,1,1,0,0,0,0,0,,0,0,0,0,0,0,0,0,0,0,0,0,0,0,0,0,,,,,,21-25,16-25,State route,R,Saturday,Belt Used,PV,Not Fatal,0,1,1,0,State Route,State Patrol,WASHINGTON STATE PATROL,0,1,0,0,0,,,,,,0,0,0,,,,,,,,,,,,,,,,,,,,,,,,,,,,,,,,,,,
2018,301,E834316,3,08/18/2018,13:00,18,8,0,69,Wahkiakum,290,1,0,1,1,2,2,0,5,3,12:52,13:00,13:34,12,0,8,35.1,1,0,1,3,1,1,3,0,0,0,0,SR-4,,-123.3878028,46.20876944,0,2,65,62,4,50,80,0,0,1,2,12,3,2,2,1,14,2,1,53,0,72,706,2016,0,0,12,63,24,,,,1,1,58,1,7,1,4,7,5,0,11,0,08/18/2018,13:00,29053036795,36795,0,0,0,3,1,0,0,0,0,96,,,,,,0,,,,,,98682,53,73,195,6,1,0,0,0,1,,0,,,,,,0,11/15/2014,11/15/2014,20,8,0,0,0,9,8,,,0,0,0,8,0,2,1,,,1,,,2,1,0,,,,,,,,,,,,,,,,,,,,,,,,,,,,,,0,0,0,0,0,0,0,0,0,0,0,0,0,0,0,1,0,0,0,0,0,0,0,1,1,0,0,0,1,1,0,0,0,0,1,0,0,0,0,0,0,0,0,0,0,0,0,0,0,0,0,0,,,,,,56-60,56-65,State route,R,Saturday,,MC,White,0,1,1,0,State Route,State Patrol,WASHINGTON STATE PATROL,0,1,0,0,0,,,,,,0,0,0,,,,,,,,,,,,,,,,,,,,,,,,,,,,,,,,,,,
2018,302,E834659,146,08/27/2018,10:54,27,8,0,77,Yakima,0,1,0,1,1,2,1,0,3,2,11:00,11:25,11:45,12,0,6,7.3,2,0,2,5,1,2,4,0,3,20,3,CR-FORT RD,LATERAL RD A,-120.4811556,46.37535,0,1,87,17,2,55,14,0,0,1,7,12,1,1,2,1,1,2,2,53,0,2,405,2005,0,0,12,,,,,,1,1,15,2,0,0,3,0,3,0,11,5,,,,,0,0,0,0,1,38,0,0,0,96,,,,,,0,,,,,,98951,53,62,150,0,0,0,0,0,0,,97,,,,,,0,,,20,0,0,0,8,9,8,,,0,0,0,8,0,8,95,,,96,,,8,95,995,,,,,,,,,,,,,,,,,,,,,,,,,,,,,,0,0,0,1,0,0,0,0,0,0,0,0,0,1,0,0,0,0,1,0,0,0,0,1,1,0,0,0,0,1,1,0,0,0,0,,0,0,0,0,0,0,0,0,0,0,1,1,0,0,0,0,,,,,,10ÔÂ15ÈÕ,0-15,County road,R,Monday,Belt Used,PV,Not Fatal,1,0,0,0,County Road,County Sheriff,Yakima County Sheriff's Office,0,0,1,0,0,,,,,,0,0,0,,,,,,,,,,,,,,,,,,,,,,,,,,,,,,,,,,,
2018,302,E834659,146,08/27/2018,10:54,27,8,0,77,Yakima,0,1,0,1,1,2,1,0,3,2,11:00,11:25,11:45,12,0,6,7.3,2,0,2,5,1,2,4,0,3,0,0,CR-FORT RD,LATERAL RD A,-120.4811556,46.37535,0,2,86,66,4,55,63,0,0,1,7,12,1,1,2,1,1,1,3,53,0,82,881,2005,0,0,12,,,,,,1,1,25,1,0,0,0,0,3,0,11,0,,,,,0,0,0,2,1,0,0,0,0,96,,,,,,0,,,,,,98952,53,75,180,6,1,0,0,1,0,,97,,,,,,0,03/15/2015,03/15/2015,20,0,0,0,8,9,8,,,0,0,0,8,0,8,95,,,96,,,8,95,995,,,,,,,,,,,,,,,,,,,,,,,,,,,,,,0,0,0,1,0,0,0,0,0,0,0,0,0,1,0,0,0,0,1,0,0,0,0,1,1,0,0,0,0,1,1,0,0,0,0,,0,0,0,0,0,0,0,0,0,0,0,0,0,0,0,0,,,,,,21-25,16-25,County road,R,Monday,,MHTRUCK,Not Fatal,1,0,0,0,County Road,County Sheriff,Yakima County Sheriff's Office,0,0,1,0,0,,,,,,0,0,0,,,,,,,,,,,,,,,,,,,,,,,,,,,,,,,,,,,
2018,303,E834660,146,08/31/2018,5:30,31,8,0,77,Yakima,0,1,0,4,1,2,1,0,2,2,,,,12,0,6,4.1,2,0,2,5,1,2,4,0,0,0,0,CR-INDEPENDENCE RD,MAPLE GROVE RD,-120.041,46.37469167,0,2,87,66,4,50,2,0,0,1,7,12,1,1,2,1,1,1,1,53,0,37,31,2001,0,0,12,,,,,,1,1,43,1,1,98,4,0,3,0,11,4,08/31/2018,5:30,2.22E+11,38972,0,0,0,3,1,0,0,0,0,96,,,,,,0,,,,,,98903,53,65,182,6,1,0,0,0,0,,0,,,,,,0,,,8,0,0,0,0,9,8,,,0,0,0,8,0,8,95,,,96,,,8,95,995,,,,,,,,,,,,,,,,,,,,,,,,,,,,,,0,0,0,1,0,0,0,0,0,0,0,0,0,0,0,0,1,0,1,0,0,0,0,0,0,0,0,0,0,1,0,0,0,0,0,,1,0,0,0,0,0,0,0,0,0,0,0,0,0,0,0,,,,,,41-45,36-45,County road,R,Friday,Belt Used,PV,Hispanic,1,0,0,0,County Road,County Sheriff,Yakima County Sheriff's Office,0,0,1,0,0,,,,,,0,0,0,,,,,,,,,,,,,,,,,,,,,,,,,,,,,,,,,,,
2018,303,E834660,146,08/31/2018,5:30,31,8,0,77,Yakima,0,1,0,4,1,2,1,0,2,2,,,,12,1,6,4.1,2,0,2,5,1,2,4,0,0,20,3,CR-INDEPENDENCE RD,MAPLE GROVE RD,-120.041,46.37469167,0,1,86,17,2,50,2,0,0,1,7,12,1,1,2,1,1,1,2,53,0,12,3,2004,0,0,12,,,,,,1,1,39,1,0,0,1,0,3,0,11,8,,,,,99,9,9,9,1,38,39,0,0,10,,,,,,0,,,,,,98944,99,,999,9,9,99,99,99,99,,1,7,,,,,0,,,8,0,0,0,8,9,8,,,0,0,0,8,0,8,95,,,96,,,8,95,995,,,,,,,,,,,,,,,,,,,,,,,,,,,,,,0,0,0,1,0,0,0,0,0,0,0,0,0,0,0,0,1,0,1,0,0,0,0,0,0,0,0,0,0,1,0,0,0,0,0,,0,0,0,0,0,0,0,0,1,0,1,0,0,0,0,0,,,,,,36-40,36-45,County road,R,Friday,Belt Used,PV,Not Fatal,1,0,0,0,County Road,County Sheriff,Yakima County Sheriff's Office,0,0,1,0,0,,,,,,99,99,99,,,,,,,,,,,,,,,,,,,,,,,,,,,,,,,,,,,
2018,304,E835071,2,09/04/2018,19:18,4,9,0,73,Whatcom,0,1,0,1,1,4,1,0,1,1,,,,42,0,0,9999.9,1,0,1,7,1,64,8,0,0,0,0,FS RD 1130,,-121.6983261,48.7626636,0,1,1,13,2,98,34,0,0,1,2,42,1,2,8,8,1,1,2,53,0,49,472,2003,0,0,63,42,,,,,1,1,62,1,7,1,4,7,20,0,11,0,09/04/2018,19:18,53039832,39832,0,0,0,3,1,0,0,0,0,96,,,,,,0,,,,,,98566,53,69,155,6,1,0,1,1,0,,0,,,,,,0,07/15/2015,07/15/2015,20,0,0,0,0,9,8,,,0,0,0,8,0,2,1,,,1,,,2,1,0,,,,,,,,,,,,,,,,,,,,,,,,,,,,,,0,0,1,0,0,0,0,0,0,0,0,0,0,0,0,0,0,0,0,1,0,0,0,0,0,0,0,0,0,1,0,0,0,1,0,,1,0,0,0,0,0,0,0,0,0,0,0,0,0,0,0,,,,,,61-65,56-65,Other,R,Tuesday,Not Used,PV,White,0,1,0,0,Other,State Patrol,Washington State Patrol,1,0,0,0,1,,,,,,0,0,0,,,,,,,,,,,,,,,,,,,,,,,,,,,,,,,,,,,
2018,305,E835105,7,08/30/2018,11:23,30,8,0,33,King,1960,10,0,1,1,2,1,0,1,1,,,,24,0,0,0.2,5,1,1,1,2,1,1,0,0,0,0,I-5 RAMP,,-122.3135833,47.54885,0,1,6,12,2,98,80,0,0,1,3,24,2,2,1,6,14,1,1,53,0,98,706,2016,0,0,64,24,,,,,1,1,42,1,7,1,4,7,5,0,11,0,08/30/2018,11:23,1.96E+11,38593,0,0,0,3,1,0,0,0,0,92,,,,,,99,,,,,,98092,53,72,240,6,1,0,0,0,2,,0,,,,,,4,11/15/2013,11/15/2016,20,8,0,0,0,9,8,,,0,0,0,8,9,2,1,,,1,,,2,1,0,,,,,,,,,,,,,,,,,,,,,,,,,,,,,,0,0,1,0,0,0,0,0,0,0,0,0,1,0,0,0,1,0,0,0,0,0,0,0,0,0,0,0,1,0,0,0,0,0,1,0,0,0,0,0,0,0,0,0,1,1,0,0,0,0,0,0,,,,,,41-45,36-45,Interstate,U,Thursday,,MC,White,0,1,0,0,State Route,State Patrol,Washington State Patrol,1,1,0,0,0,,,,,,0,0,0,,,,,,,,,,,,,,,,,,,,,,,,,,,,,,,,,,,
2018,310,E835661,1,08/29/2018,18:41,29,8,0,71,Walla Walla,0,1,0,1,1,2,1,0,1,1,,,,1,0,0,328.2,1,0,1,3,1,1,2,0,0,0,0,US-12,,-118.4513861,46.05566389,0,1,6,12,2,60,14,0,0,1,2,1,1,1,3,3,1,1,1,53,0,49,401,1995,0,0,64,1,,,,,1,1,61,1,7,1,4,7,20,0,11,0,08/29/2018,18:41,53038194,38194,0,0,0,3,1,58,0,0,0,92,,,,,,99,,,,,,98372,53,71,350,6,1,0,0,0,0,,0,,,,,,0,,,20,1,9,0,0,9,8,,,0,0,0,8,9,8,95,,,96,,,8,95,995,,,,,,,,,,,,,,,,,,,,,,,,,,,,,,0,0,1,0,0,0,0,0,0,0,0,0,0,0,0,0,1,0,0,1,0,0,0,0,0,0,0,0,0,1,0,0,0,1,0,,1,0,0,0,0,0,0,0,1,0,0,0,0,0,0,0,,,,,,61-65,56-65,US highway,R,Wednesday,Not Used,PV,White,0,0,0,0,State Route,State Patrol,Washington State Patrol,0,1,0,0,0,,,,,,0,0,0,,,,,,,,,,,,,,,,,,,,,,,,,,,,,,,,,,,
2018,311,E835692,6,09/03/2018,15:23,3,9,6,37,Kittitas,0,1,0,1,1,2,2,0,9,1,15:26,15:35,15:48,24,0,0,107.5,1,0,1,1,2,1,1,0,0,0,0,I-90,,-120.5456861,46.97478611,0,1,6,1,1,60,65,1,0,1,2,21,1,2,3,3,1,9,1,53,0,98,850,2007,0,0,61,64,24,21,3,,1,1,62,1,0,0,3,0,3,0,11,1,,,,,6,0,0,3,1,80,0,0,0,96,,,,,,0,,,,,,98290,53,71,260,6,1,0,0,0,1,,0,,,,,,0,05/15/2015,05/15/2015,99,0,0,0,8,9,2,,,0,0,0,0,0,8,95,,,96,,,8,95,995,,,,,,,,,,,,,,,,,,,,,,,,,,,,,,0,0,1,0,0,0,0,0,0,0,0,0,0,0,0,0,0,0,0,0,0,0,0,0,0,0,0,0,0,0,0,0,0,0,0,,0,0,0,0,0,0,0,0,0,0,0,0,0,0,0,0,,,,,,61-65,56-65,Interstate,U,Monday,,MHOME,Not Fatal,0,1,0,0,State Route,State Patrol,Washington State Patrol,1,1,0,0,0,,,,,,0,0,0,,,,,,,,,,,,,,,,,,,,,,,,,,,,,,,,,,,
2018,312,E836017,122,09/08/2018,20:03,8,9,0,61,Snohomish,690,1,0,3,1,2,1,1,1,1,,,,8,1,0,8.6,3,0,3,3,2,1,3,0,0,0,0,SR-527,98TH ST SE,-122.2070611,47.90926667,0,1,13,80,5,35,99,0,0,1,5,8,1,1,3,5,1,99,9,99,0,99,999,9999,0,0,8,,,,,,1,1,999,8,0,0,9,0,99,0,11,8,,,,,99,9,9,9,1,0,0,0,0,93,,,,,,99,,,,,,99999,99,,999,9,9,99,99,99,99,,97,,,,,,0,,,99,9,0,0,8,9,8,,,0,0,0,8,9,8,95,,,96,,,8,95,995,,,,,,,,,,,,,,,,,,,,,,,,,,,,,,0,0,0,1,0,0,0,0,0,0,0,0,0,0,0,0,1,0,0,0,0,0,0,0,0,0,0,0,0,0,0,1,0,0,0,,0,0,0,0,0,0,0,0,1,0,0,0,0,0,0,0,,,,,,,,State route,U,Saturday,,NR-U,Not Fatal,0,0,0,0,State Route,Municipal/City Police,Everett Police Department,0,1,0,0,0,,,,,,99,99,99,,,,,,,,,,,,,,,,,,,,,,,,,,,,,,,,,,,
2018,313,E836350,1,08/26/2018,19:27,26,8,0,5,Benton,0,1,0,1,1,1,2,0,2,1,19:23,19:39,,1,0,0,89,1,0,1,1,1,1,1,0,0,0,0,I-82,,-119.6228556,46.24771389,0,1,98,9,1,70,34,0,0,1,2,1,1,1,2,3,6,2,2,49,0,12,481,2005,0,0,68,64,69,1,,,1,1,28,2,7,1,4,7,3,0,11,0,08/26/2018,19:27,53037601,37601,0,0,0,3,1,0,0,0,0,96,,,,,,2,,,,,,84606,49,64,110,6,1,0,0,98,0,,0,,,,,,0,,,20,0,0,0,0,9,8,,,0,0,0,8,0,2,1,,,1,,,2,1,0,,,,,,,,,,,,,,,,,,,,,,,,,,,,,,0,0,0,0,0,0,0,0,0,0,0,0,0,0,0,1,0,0,0,0,0,0,0,0,0,0,0,0,0,1,0,0,0,0,0,,1,0,0,0,0,0,0,0,0,0,0,0,0,0,0,0,,,,,,26-30,26-35,Interstate,R,Sunday,Belt Used,PV,White,0,0,0,0,State Route,State Patrol,Washington State Patrol,0,1,0,0,0,,,,,,0,0,0,,,,,,,,,,,,,,,,,,,,,,,,,,,,,,,,,,,
2018,320,E836826,25,09/06/2018,12:33,6,9,0,33,King,0,1,0,1,1,2,1,0,2,2,,,,12,0,1,3.7,3,0,3,3,2,2,4,0,0,3,3,CR-SE PETROVITSKY RD,PARKSIDE WAY SE,-122.1208722,47.43953333,0,1,20,50,3,40,4,0,0,1,7,12,1,1,3,1,1,1,1,53,0,12,21,2005,0,0,12,,,,,,1,1,64,2,0,0,1,0,99,0,11,8,,,,,0,0,3,2,1,39,0,0,0,96,,,,,,0,,,,,,98058,53,64,220,1,1,0,0,0,0,,97,,,,,,0,07/15/2017,07/15/2017,1,0,0,0,8,9,8,,,0,0,0,8,0,8,95,,,96,,,8,95,995,,,,,,,,,,,,,,,,,,,,,,,,,,,,,,0,0,0,1,0,0,1,1,0,0,0,0,0,1,0,0,0,0,0,0,0,0,0,0,0,1,1,0,1,1,0,0,0,0,0,,0,0,0,0,0,0,0,0,0,0,0,1,0,0,0,0,,,,,,61-65,56-65,County road,U,Thursday,Unknown,PV,Not Fatal,1,0,0,0,County Road,County Sheriff,King County Police,0,0,1,0,0,,,,,,0,0,1,,,,,,,,,,,,,,,,,,,,,,,,,,,,,,,,,,,
2018,320,E836826,25,09/06/2018,12:33,6,9,0,33,King,0,1,0,1,1,2,1,0,2,2,,,,12,0,1,3.7,3,0,3,3,2,2,4,0,0,3,3,CR-SE PETROVITSKY RD,PARKSIDE WAY SE,-122.1208722,47.43953333,0,2,21,53,3,40,80,0,0,1,7,12,1,1,3,1,5,1,2,53,0,72,706,2010,0,0,12,,,,,,1,1,71,1,7,1,4,7,19,0,11,0,09/06/2018,12:33,53039477,39477,0,0,0,3,1,0,0,0,0,0,,,,,,0,,,,,,98058,53,69,200,6,1,0,0,0,0,,0,,,,,,0,,,20,8,0,0,0,9,8,,,0,0,0,8,9,2,996,996,996,1,1,1,2,1,0,,,,,,,,,,,,,,,,,,,,,,,,,,,,,,0,0,0,1,0,0,1,1,0,0,0,0,0,1,0,0,0,0,0,0,0,0,0,0,0,1,1,0,1,1,0,0,0,0,1,0,0,0,0,0,0,0,1,1,0,0,0,0,0,0,1,0,,,,,,71-75,66-75,County road,U,Thursday,,MC,White,1,0,0,0,County Road,County Sheriff,King County Police,0,0,1,0,0,,,,,,0,0,0,,,,,,,,,,,,,,,,,,,,,,,,,,,,,,,,,,,
2018,321,E836878,67,09/07/2018,23:34,7,9,0,35,Kitsap,180,2,0,3,2,2,1,0,2,2,,,,33,0,0,1.5,1,0,1,3,2,1,3,0,0,0,0,SR-304,,-122.6534889,47.56333889,0,2,98,62,4,30,5,0,0,1,5,12,3,1,2,3,14,1,2,53,0,49,46,2010,0,0,12,,,,,,1,1,43,1,0,0,0,0,3,0,11,0,,,,,0,0,3,3,1,0,0,0,0,96,,,,,,0,,,,,,98312,53,67,230,6,1,0,0,0,0,,0,,,,,,0,,,20,0,0,0,8,9,8,,,0,0,0,8,0,8,95,,,96,,,8,95,995,,,,,,,,,,,,,,,,,,,,,,,,,,,,,,0,0,1,0,1,1,1,1,1,0,0,0,1,0,0,0,0,0,0,0,0,0,0,0,0,0,0,0,1,1,0,0,0,0,0,,0,0,0,0,0,0,0,0,0,0,0,0,0,0,0,0,,,,,,41-45,36-45,State route,U,Friday,Belt Used,PV,Not Fatal,0,1,0,0,State Route,Municipal/City Police,Bremerton Police Department,1,1,0,0,0,,,,,,0,0,0,,,,,,,,,,,,,,,,,,,,,,,,,,,,,,,,,,,
2018,321,E836878,67,09/07/2018,23:34,7,9,0,35,Kitsap,180,2,0,3,2,2,1,0,2,2,,,,33,0,0,1.5,1,0,1,3,2,1,3,0,0,0,0,SR-304,,-122.6534889,47.56333889,0,1,6,6,1,30,80,0,0,1,5,42,2,2,2,2,14,1,1,53,0,37,706,2005,0,0,64,33,42,30,65,12,1,1,27,1,7,1,4,7,19,0,11,0,09/07/2018,23:34,18053039712,39712,0,0,3,3,1,28,0,0,0,96,,,,,,9,,,,,,98367,53,66,160,6,1,0,2,1,1,,0,,,,,,4,11/15/2013,09/15/2018,20,8,0,0,0,9,2,,,0,0,0,1,1,2,605,,,1,,,2,1,0.16,,,,,,,,,,,,,,,,,,,,,,,,,,,,,,0,0,1,0,1,1,1,1,1,0,0,0,1,0,0,0,0,0,0,0,0,0,0,0,0,0,0,0,1,1,0,0,0,0,1,0,0,0,0,0,0,1,1,1,0,1,0,0,0,0,0,1,,,,,,26-30,26-35,State route,U,Friday,,MC,White,0,1,0,0,State Route,Municipal/City Police,Bremerton Police Department,1,1,0,0,0,thc,1.6,,,,0,1,5,,,,,,,,,,,,,,,,,,,,,,,,,,,,,,,,,,,
2018,322,E836976,346,09/04/2018,20:30,4,9,0,63,Spokane,1165,1,0,2,1,2,1,0,2,1,,,,38,0,0,0,1,0,1,7,2,4,6,0,0,0,0,E VALLEYWAY AVE,,-117.0805361,47.66035556,0,1,6,9,1,35,80,0,0,1,7,38,1,1,2,1,1,2,1,53,0,72,706,2013,0,0,68,64,38,,,,1,1,57,2,0,0,3,0,17,0,11,5,,,,,0,0,0,2,1,0,0,0,0,96,,,,,,99,,,,,,99019,53,63,200,6,1,0,0,0,0,,97,,,,,,0,,,20,8,0,0,8,9,8,,,0,0,0,8,1,8,95,,,96,,,8,95,995,,,,,,,,,,,,,,,,,,,,,,,,,,,,,,0,0,1,0,1,0,0,0,0,0,0,0,0,0,1,0,0,0,0,0,0,0,0,0,0,0,0,0,1,0,0,0,0,0,0,1,0,0,0,0,0,0,0,0,0,0,0,0,0,0,0,1,,,,,,56-60,56-65,City street,U,Tuesday,,MC,Not Fatal,0,1,0,0,City Street,Municipal/City Police,LIBERTY LAKE POLICE DEPT,1,0,0,1,0,,,,,,0,0,0,,,,,,,,,,,,,,,,,,,,,,,,,,,,,,,,,,,
2018,323,E837100,146,09/08/2018,7:45,8,9,0,77,Yakima,0,1,0,1,1,2,1,0,2,2,7:41,7:49,,12,0,6,1.2,2,0,2,5,1,2,4,0,0,20,3,CR-OLD PROSSER RD,MOUNTAINVIEW RD,-119.8944,46.22920278,0,1,86,17,2,50,34,0,0,1,5,1,1,1,2,1,1,1,2,6,0,7,482,2014,0,0,12,1,,,,,1,1,23,1,0,0,0,0,3,0,11,0,,,,,0,0,0,3,1,39,0,0,0,96,,,,,,0,,,,,,93647,6,72,170,6,1,0,0,0,0,,97,,,,,,0,,,1,0,0,0,8,9,8,,,0,0,0,8,0,2,1,,,1,,,2,1,0,,,,,,,,,,,,,,,,,,,,,,,,,,,,,,0,0,0,1,0,0,0,0,0,0,0,0,0,0,0,0,0,0,0,0,0,0,0,1,1,0,0,0,0,1,0,0,0,0,0,,0,0,0,0,0,0,0,0,0,0,0,0,0,0,0,0,,,,,,21-25,16-25,County road,R,Saturday,Belt Used,PV,Not Fatal,1,0,0,0,County Road,County Sheriff,Yakima County Sheriff's Office,0,0,1,0,0,,,,,,0,0,0,,,,,,,,,,,,,,,,,,,,,,,,,,,,,,,,,,,
2018,323,E837100,146,09/08/2018,7:45,8,9,0,77,Yakima,0,1,0,1,1,2,1,0,2,2,7:41,7:49,,12,0,6,1.2,2,0,2,5,1,2,4,0,0,0,0,CR-OLD PROSSER RD,MOUNTAINVIEW RD,-119.8944,46.22920278,0,2,87,66,4,50,4,0,0,1,5,1,1,1,2,1,1,1,1,53,0,20,20,1991,0,0,12,1,,,,,1,1,59,1,1,98,4,7,3,0,11,0,09/08/2018,7:45,53039608,39608,0,0,0,3,1,0,0,0,0,96,,,,,,99,,,,,,98935,53,66,275,6,1,1,4,0,0,,0,,,,,,0,08/15/2014,09/15/2017,20,2,9,0,0,9,8,,,0,0,0,8,9,2,1,,,1,,,2,1,0,,,,,,,,,,,,,,,,,,,,,,,,,,,,,,0,0,0,1,0,0,0,0,0,0,0,0,0,0,0,0,0,0,0,0,0,0,0,1,1,0,0,0,0,1,0,0,0,0,0,,1,0,0,0,0,0,0,0,0,0,0,0,0,0,0,0,,,,,,56-60,56-65,County road,R,Saturday,Belt Used,PV,Hispanic,1,0,0,0,County Road,County Sheriff,Yakima County Sheriff's Office,0,0,1,0,0,,,,,,0,1,2,,,,,,,,,,,,,,,,,,,,,,,,,,,,,,,,,,,
2018,324,E837393,305,09/12/2018,12:55,12,9,0,11,Clark,2370,10,0,1,1,2,1,1,1,1,12:55,13:01,13:15,8,0,0,0,1,0,1,7,2,4,6,0,0,0,0,N ANDRESEN RD,,-122.6020806,45.62123056,0,1,13,80,5,35,20,0,0,1,5,8,1,1,4,2,1,1,1,53,0,12,443,2005,0,0,8,,,,,,1,1,53,1,0,0,0,0,3,0,11,0,,,,,0,0,3,3,1,0,0,0,0,96,,,,,,0,,,,,,98664,53,74,260,6,1,0,2,1,0,,0,,,,,,0,11/15/2013,01/15/2017,20,0,0,0,8,9,8,,,0,0,0,8,0,8,95,,,96,,,8,95,995,,,,,,,,,,,,,,,,,,,,,,,,,,,,,,0,0,0,0,0,0,0,0,0,0,0,0,0,0,0,0,0,0,0,0,0,0,0,0,0,0,0,0,0,1,0,1,0,0,0,,0,0,0,0,0,0,0,0,0,0,0,0,0,0,0,0,,,,,,51-55,46-55,City street,U,Wednesday,Belt Used,PV,Not Fatal,0,0,0,0,City Street,Municipal/City Police,Vancouver Police Department,0,0,0,1,0,,,,,,0,0,0,,,,,,,,,,,,,,,,,,,,,,,,,,,,,,,,,,,
2018,334,E837709,247,09/09/2018,14:54,9,9,0,33,King,1820,10,0,1,1,2,1,1,1,1,,,,9,0,0,0,2,0,2,4,2,4,6,0,0,3,3,NE 85TH ST,158TH AVE NE,-122.1302806,47.67855833,0,1,13,83,5,30,1,0,0,1,5,9,1,1,3,1,1,1,1,53,0,41,45,2018,0,0,9,,,,,,1,1,76,1,0,0,0,0,3,0,11,0,,,,,0,0,3,3,1,0,0,0,0,96,,,,,,0,,,,,,98052,53,69,220,6,1,0,1,0,0,,0,,,,,,0,07/15/2015,07/15/2015,20,0,0,0,8,9,8,,,0,0,0,8,0,8,95,,,96,,,8,95,995,,,,,,,,,,,,,,,,,,,,,,,,,,,,,,0,0,0,1,0,0,0,0,0,0,0,0,0,0,0,0,0,0,0,0,0,0,0,0,0,1,1,1,0,1,0,0,1,0,0,,0,0,0,0,0,0,0,0,0,0,0,0,0,0,0,0,,,,,,76-80,76+,City street,U,Sunday,Belt Used,PV,Not Fatal,1,0,0,0,City Street,Municipal/City Police,Redmond Police Department,0,0,0,1,0,,,,,,0,0,0,,,,,,,,,,,,,,,,,,,,,,,,,,,,,,,,,,,