year,case,par,repjur,crash_dt,crash_tm,accday,accmon,holiday,county,co_char,city,weather,weather2,lightcond,surfcond,surftype,numfatal,nmforms,pforms,vforms,not_tm,arr_tm,hosp_tm,fhevent,hitrun,manncol,milepnt,reljunc,reljuncinter,intersectiontype,funcsystem,landuse,ownership,route,schlbus,spejur,contdev,devfunc,trafid1,trafid2,x,y,wk_zone,vnumber,crashtype,criticalevent,criticaleventcat,spdlim,body,trailer,emerg,hazcargo,leave,mhevent,roadalgn,roadprof,traflane,trafflow,vehmanvr,numoccs,regowner,regstate,spuse,make,model,modelyr,vrf1,vrf2,seqevent1,seqevent2,seqevent3,seqevent4,seqevent5,seqevent6,pnumber,ptype,age,sex,hispanic,race,injury,diedscene,restraint,restraintmisuse,seatpos,takehosp,death_dt,death_tm,cert,cernum_wa,commlic,licendor,licrestrict,liccomp,drivpres,drf1,drf2,drf3,drf4,distract1,distract2,distract3,distract4,distract5,distract6,dricond1,dricond2,dricond3,dricond4,dricond5,dricond6,dzip,licstate,drhgt_in,weight,noncdl,noncdltype,prevdwi,prevoth,prevacc,prevspd,prevsus,driviol1,driviol2,driviol3,driviol4,driviol5,driviol6,spdrel,first_dt,last_dt,airbag,ejection,ejectpath,extricat,injurwrk,methalc,methdrug,nmlocat,strikveh,prf1,prf2,prf3,druginv,alcinvol,drugsts,drugres1,drugres2,drugres3,drugtst1,drugtst2,drugtst3,alcsts,alctst,alcres,nmact1,nmact2,nmact3,nmact4,nmact5,nmact6,nmprior1,nmprior2,nmprior3,nmprior4,nmprior5,nmprior6,nmcond1,nmcond2,nmcond3,nmcond4,nmcond5,nmcond6,nmsafe_helmet,nmsafe_pads,nmsafe_oth,nmprev_ref,nmprev_lgt,nmprev_oth,crashlocation,nmcrashtype,crosswalk,schoolzone,sidewalk,train_inv,wildlife_inv,rotr_fars,intersect_fars,dd_inv,aid_inv,dpd_inv,id_inv,mj_inv,impnm_inv,ainm_inv,dpnm_inv,speed_inv,unlic_inv,unendmc_inv,drowsy_inv,drdist_inv,nmdist_inv,fty_inv,unrestfat_inv,dr1617_inv,dr1820_inv,dr1620_inv,dr2125_inv,dr1625_inv,dr65_inv,dr70_inv,dr75_inv,mc_inv,pv_inv,ht_inv,ped_inv,bike_inv,unrest_fat,mc_fat,unhelmet_mc,pv_fat,ht_fat,ped_fat,bike_fat,dr_alc7,dr_alc8,dr_drug,dr_imp,dr_dist,dr_spd,dr_fty,dr_unlic,dr_alc7only,dr_alc8only,dr_drugonly,dr_drink,nm_imp,nm_alc7,nm_alc8,nm_drug,nm_dist,agegrp1,agegrp2,roadclass,urbrur,dayweek,restuse,vehtype,race_me,intersect,lanedep,oppdir,wrongway,rep_typ,investag,repag_long,rotr,st_rd,cty_rd,city_rd,oth_rd,drug_thc,thc_res,drug_cthc,cthc_res,drug_cann,prevpersemin,prevperse,prevsusoth,drugtst4,drugtst5,drugtst6,drugtst7,drugtst8,drugres4,drugres5,drugres6,drugres7,drugres8,adspresent,adsengaged,adslevel,race1,race2,race3,race4,race5,helmet,helmetmisuse,nmdistract1,nmdistract2,nmdistract3,nmdistract4,nmdistract5,nmdistract6,lab,isedtcase,crf1,crf2,crf3,CoRoadName,CoMP,IntCoRoadName,IntCoMP
2018,345,E844453,248,10/01/2018,23:04,1,10,0,33,King,1830,2,0,3,2,2,1,0,2,2,,,,12,0,6,0,1,0,1,7,2,4,6,0,0,0,0,SE CARR RD,S CARR RD,-122.2060083,47.44237778,0,1,66,6,1,35,3,0,0,1,7,12,2,6,2,1,14,1,1,53,0,49,34,1984,0,0,68,12,,,,,1,1,22,1,7,7,4,7,3,0,11,0,10/01/2018,23:04,1.83E+11,42808,0,0,0,3,1,28,0,0,0,96,,,,,,0,,,,,,98056,53,67,140,6,1,0,1,3,1,,0,,,,,,4,03/15/2017,09/15/2018,20,0,0,0,0,9,8,,,0,0,0,8,0,2,1,,,1,,,2,1,0,,,,,,,,,,,,,,,,,,,,,,,,,,,,,,0,0,0,0,0,0,0,0,0,0,0,0,1,0,0,0,0,0,0,0,0,0,0,1,1,0,0,0,0,1,0,0,0,0,0,,1,0,0,0,0,0,0,0,0,1,0,0,0,0,0,0,,,,,,21-25,16-25,City street,U,Monday,Belt Used,PV,API,0,1,1,0,City Street,Municipal/City Police,Renton Police Department,0,0,0,1,0,,,,,,0,0,0,,,,,,,,,,,,,,,,,,,,,,,,,,,,,,,,,,,
2018,345,E844453,248,10/01/2018,23:04,1,10,0,33,King,1830,2,0,3,2,2,1,0,2,2,,,,12,0,6,0,1,0,1,7,2,4,6,0,0,0,0,SE CARR RD,S CARR RD,-122.2060083,47.44237778,0,2,66,62,4,35,34,0,0,1,7,12,3,3,2,1,14,1,1,53,0,7,482,2005,0,0,12,,,,,,1,1,48,1,0,0,0,0,3,0,11,0,,,,,0,0,0,3,1,0,0,0,0,96,,,,,,0,,,,,,98273,53,69,210,6,1,0,0,0,2,,0,,,,,,0,11/15/2014,02/15/2015,1,0,0,0,8,9,8,,,0,0,0,8,0,8,95,,,96,,,8,95,995,,,,,,,,,,,,,,,,,,,,,,,,,,,,,,0,0,0,0,0,0,0,0,0,0,0,0,1,0,0,0,0,0,0,0,0,0,0,1,1,0,0,0,0,1,0,0,0,0,0,,0,0,0,0,0,0,0,0,0,0,0,0,0,0,0,0,,,,,,46-50,46-55,City street,U,Monday,Belt Used,PV,Not Fatal,0,1,1,0,City Street,Municipal/City Police,Renton Police Department,0,0,0,1,0,,,,,,0,0,0,,,,,,,,,,,,,,,,,,,,,,,,,,,,,,,,,,,
2018,386,E844987,290,10/03/2018,19:00,3,10,0,53,Pierce,2230,1,0,5,1,2,1,0,2,2,,,,12,0,6,0,2,0,3,4,2,4,6,0,0,20,3,N NARROWS DR,N JACKSON AVE,-122.53705,47.26473333,0,1,82,15,2,35,4,0,0,1,7,12,3,2,2,1,11,1,1,53,0,37,32,2012,0,0,12,,,,,,1,1,61,2,0,0,0,0,3,0,11,0,,,,,0,0,3,3,1,10,38,0,0,96,,,,,,0,,,,,,85203,4,70,186,6,1,0,0,0,0,,97,,,,,,0,,,2,0,0,0,8,9,8,,,0,0,0,8,0,8,95,,,96,,,8,95,995,,,,,,,,,,,,,,,,,,,,,,,,,,,,,,0,0,0,1,0,0,0,0,0,0,0,0,0,0,0,0,0,0,1,0,0,0,0,0,0,0,0,0,1,1,0,0,0,0,0,,0,0,0,0,0,0,0,0,0,0,1,0,0,0,0,0,,,,,,61-65,56-65,City street,U,Wednesday,Belt Used,PV,Not Fatal,1,0,0,0,City Street,Municipal/City Police,Tacoma Police Department,0,0,0,1,0,,,,,,0,0,0,,,,,,,,,,,,,,,,,,,,,,,,,,,,,,,,,,,
2018,386,E844987,290,10/03/2018,19:00,3,10,0,53,Pierce,2230,1,0,5,1,2,1,0,2,2,,,,12,0,6,0,2,0,3,4,2,4,6,0,0,0,0,N NARROWS DR,N JACKSON AVE,-122.53705,47.26473333,0,2,83,67,4,35,80,0,0,1,7,12,3,8,2,1,14,1,1,53,0,73,705,2008,0,0,12,,,,,,1,1,33,1,7,1,4,7,19,0,11,0,10/03/2018,19:00,2.23E+11,43458,0,0,0,3,1,0,0,0,0,96,,,,,,0,,,,,,98407,53,75,210,6,1,0,0,0,0,,0,,,,,,0,,,20,8,0,0,0,9,8,,,0,0,0,8,0,2,1,,,1,,,2,1,0,,,,,,,,,,,,,,,,,,,,,,,,,,,,,,0,0,0,1,0,0,0,0,0,0,0,0,0,0,0,0,0,0,1,0,0,0,0,0,0,0,0,0,1,1,0,0,0,0,1,0,0,0,0,0,0,0,0,0,0,0,0,0,0,0,0,0,,,,,,31-35,26-35,City street,U,Wednesday,,MC,White,1,0,0,0,City Street,Municipal/City Police,Tacoma Police Department,0,0,0,1,0,,,,,,0,0,0,,,,,,,,,,,,,,,,,,,,,,,,,,,,,,,,,,,
2018,355,E845488,25,10/03/2018,4:26,3,10,0,33,King,1958,5,0,3,1,1,1,1,1,1,,,,8,0,0,15.5,2,0,3,3,2,1,3,0,0,3,3,SR-99,S 176TH ST,-122.2963917,47.44525556,0,1,13,80,5,40,15,0,0,1,5,8,1,1,6,1,1,1,1,53,0,23,422,2010,0,0,8,,,,,,1,1,74,1,0,0,0,0,3,0,11,0,,,,,0,0,0,3,1,0,0,0,0,96,,,,,,0,,,,,,98030,53,67,185,6,1,0,0,0,3,,0,,,,,,0,04/15/2016,03/15/2017,20,0,0,0,8,9,8,,,0,0,0,8,0,0,0,,,0,,,0,0,996,,,,,,,,,,,,,,,,,,,,,,,,,,,,,,0,0,0,1,0,0,0,0,0,1,0,1,0,0,0,0,0,1,0,0,0,0,0,0,0,1,1,0,0,1,0,1,0,0,0,,0,0,0,0,0,0,0,0,0,0,0,0,0,0,0,0,,,,,,71-75,66-75,State route,U,Wednesday,Belt Used,PV,Not Fatal,1,0,0,0,State Route,County Sheriff,King County Police,0,1,0,0,0,,,,,,0,0,0,,,,,,,,,,,,,,,,,,,,,,,,,,,,,,,,,,,
2018,349,E845515,21,10/01/2018,5:59,1,10,0,25,Grant,0,1,0,2,1,2,1,0,3,2,5:59,6:12,6:46,12,0,6,22.2,4,0,1,5,1,2,4,0,0,0,0,CR-ADAMS RD N,,-119.7681111,47.212525,0,2,69,62,4,60,4,0,0,1,7,12,1,1,2,1,1,1,1,53,0,35,47,2005,0,0,12,,,,,,1,1,42,1,0,0,1,0,3,0,11,5,,,,,0,0,0,3,1,0,0,0,0,96,,,,,,0,,,,,,98848,53,63,160,6,1,0,0,1,1,,0,,,,,,0,02/15/2015,06/15/2015,1,0,0,0,8,9,8,,,0,0,0,8,0,8,95,,,96,,,8,95,995,,,,,,,,,,,,,,,,,,,,,,,,,,,,,,0,0,0,0,0,0,0,0,0,0,0,0,0,1,0,0,1,0,1,0,0,0,0,0,0,1,0,0,0,1,0,0,0,0,0,,0,0,0,0,0,0,0,0,0,0,0,0,0,0,0,0,,,,,,41-45,36-45,County road,R,Monday,Belt Used,PV,Not Fatal,0,0,0,0,County Road,County Sheriff,Grant County Sheriff's Office,0,0,1,0,0,,,,,,0,0,0,,,,,,,,,,,,,,,,,,,,,,,,,,,,,,,,,,,
2018,349,E845515,21,10/01/2018,5:59,1,10,0,25,Grant,0,1,0,2,1,2,1,0,3,2,5:59,6:12,6:46,12,0,6,22.2,4,0,1,5,1,2,4,0,0,0,0,CR-ADAMS RD N,,-119.7681111,47.212525,0,1,68,15,2,60,4,0,0,1,7,12,1,1,2,1,11,2,1,53,0,37,31,1998,0,0,12,,,,,,1,1,65,1,0,0,3,0,3,0,11,5,,,,,0,0,0,2,1,38,0,0,0,93,,,,,,0,,,,,,99357,53,63,200,1,1,0,0,0,1,,76,,,,,,0,09/15/2018,10/15/2018,1,0,0,0,8,9,8,,,0,0,0,8,0,8,95,,,96,,,8,95,995,,,,,,,,,,,,,,,,,,,,,,,,,,,,,,0,0,0,0,0,0,0,0,0,0,0,0,0,1,0,0,1,0,1,0,0,0,0,0,0,1,0,0,0,1,0,0,0,0,0,,0,0,0,0,0,0,0,0,1,0,1,1,0,0,0,0,,,,,,61-65,56-65,County road,R,Monday,Belt Used,PV,Not Fatal,0,0,0,0,County Road,County Sheriff,Grant County Sheriff's Office,0,0,1,0,0,,,,,,0,0,1,,,,,,,,,,,,,,,,,,,,,,,,,,,,,,,,,,,
2018,350,E845611,8,09/24/2018,14:55,24,9,0,27,Grays Harbor,0,1,0,1,1,2,1,0,2,2,,,,12,0,6,2.9,2,0,3,3,2,1,3,0,0,0,0,SR-12,ABERDEEN LAKE RD,-123.7543417,46.978475,0,2,83,67,4,50,34,1,0,1,5,12,1,1,4,1,1,1,1,53,0,12,481,1993,0,0,12,,,,,,1,1,57,1,0,0,1,0,3,0,11,8,,,,,0,0,0,3,1,0,0,0,0,96,,,,,,0,,,,,,98552,53,74,250,6,1,0,2,0,0,,0,,,,,,0,07/15/2016,07/15/2016,20,0,0,0,8,9,8,,,0,0,0,8,0,8,95,,,96,,,8,95,995,,,,,,,,,,,,,,,,,,,,,,,,,,,,,,0,0,0,1,0,0,1,1,0,0,0,0,0,0,0,0,0,0,1,0,0,0,0,0,0,1,1,1,0,1,0,0,0,0,0,,0,0,0,0,0,0,0,0,0,0,0,0,0,0,0,0,,,,,,56-60,56-65,State route,U,Monday,Belt Used,PV,Not Fatal,1,0,0,0,State Route,State Patrol,Washington State Patrol,0,1,0,0,0,,,,,,0,0,0,,,,,,,,,,,,,,,,,,,,,,,,,,,,,,,,,,,
2018,350,E845611,8,09/24/2018,14:55,24,9,0,27,Grays Harbor,0,1,0,1,1,2,1,0,2,2,,,,12,0,6,2.9,2,0,3,3,2,1,3,0,0,20,3,SR-12,ABERDEEN LAKE RD,-123.7543417,46.978475,0,1,82,11,2,50,6,0,0,1,7,12,4,1,2,1,11,1,1,53,0,48,34,2002,0,0,12,,,,,,1,1,87,2,7,1,4,7,3,0,11,0,09/24/2018,14:55,53041777,41777,0,0,0,3,1,38,0,0,0,96,,,,,,99,,,,,,98563,53,69,145,6,1,0,0,0,0,,0,,,,,,0,,,20,0,0,0,0,9,8,,,0,0,0,8,9,2,996,,,1,,,2,1,0,,,,,,,,,,,,,,,,,,,,,,,,,,,,,,0,0,0,1,0,0,1,1,0,0,0,0,0,0,0,0,0,0,1,0,0,0,0,0,0,1,1,1,0,1,0,0,0,0,0,,1,0,0,0,0,0,1,1,0,0,1,0,0,0,1,0,,,,,,81+,76+,State route,U,Monday,Belt Used,PV,White,1,0,0,0,State Route,State Patrol,Washington State Patrol,0,1,0,0,0,,,,,,0,0,0,,,,,,,,,,,,,,,,,,,,,,,,,,,,,,,,,,,
2018,351,E846367,7,10/07/2018,2:17,7,10,7,33,King,2310,10,0,3,1,1,4,0,5,1,,,,24,0,0,3.4,1,0,1,3,2,1,3,0,0,0,0,SR-518,,-122.2655639,47.46140278,0,1,1,13,2,60,34,0,0,1,7,21,3,2,1,4,14,5,2,53,0,35,473,2004,0,0,63,24,1,21,,,1,1,22,1,0,0,3,0,20,0,11,4,,,,,0,0,0,3,1,0,0,0,0,96,,,,,,9,,,,,,98032,53,66,180,6,1,1,2,0,1,,97,,,,,,4,07/15/2015,10/15/2017,8,9,0,0,8,9,8,,,0,0,0,8,1,8,95,,,96,,,2,1,997,,,,,,,,,,,,,,,,,,,,,,,,,,,,,,0,0,1,0,1,0,0,0,0,0,0,0,1,0,0,0,0,0,0,1,0,0,0,1,1,0,0,0,0,1,0,0,0,0,0,,0,0,0,0,0,0,0,0,0,1,0,0,0,0,0,1,,,,,,21-25,16-25,State route,U,Sunday,Not Used,PV,Not Fatal,0,1,0,0,State Route,State Patrol,Washington State Patrol,1,1,0,0,0,,,,,,0,0,2,,,,,,,,,,,,,,,,,,,,,,,,,,,,,,,,,,,
2018,352,E846785,160,10/06/2018,22:28,6,10,7,33,King,1030,1,0,3,1,2,1,1,1,1,,,,8,0,0,2.7,1,0,1,4,2,1,3,0,0,0,0,SR-515,,-122.1970528,47.41034722,0,1,13,80,5,40,15,0,0,1,7,8,1,1,5,5,1,1,1,53,0,12,422,1998,0,0,8,,,,,,1,1,62,1,0,0,0,0,99,0,11,0,,,,,0,0,3,3,1,91,0,0,0,96,,,,,,9,,,,,,98122,53,66,182,6,1,0,1,0,1,,1,,,,,,0,04/15/2015,01/15/2017,20,0,0,0,8,2,8,,,0,0,0,8,1,2,1,,,1,,,2,10,0.25,,,,,,,,,,,,,,,,,,,,,,,,,,,,,,0,0,0,0,1,1,0,1,0,1,1,0,0,0,0,0,0,0,0,0,0,0,0,0,0,0,0,0,0,1,0,1,0,0,0,,0,0,0,0,0,1,0,1,0,0,0,0,0,1,0,1,,,,,,61-65,56-65,State route,U,Saturday,Unknown,PV,Not Fatal,0,0,0,0,State Route,Municipal/City Police,Kent Police Department,0,1,0,0,0,,,,,,0,0,2,,,,,,,,,,,,,,,,,,,,,,,,,,,,,,,,,,,
2018,353,E846824,35,10/07/2018,19:50,7,10,7,53,Pierce,0,1,0,3,1,2,1,1,2,1,,,,8,0,0,2.8,1,0,1,5,2,2,4,0,0,0,0,CR-108TH ST S,,-122.4348,47.15930833,0,1,13,80,5,35,4,0,0,1,5,8,1,1,2,1,1,2,1,53,0,30,40,2006,0,0,8,,,,,,1,1,34,2,0,0,0,0,3,0,11,0,,,,,0,0,3,3,1,0,0,0,0,96,,,,,,0,,,,,,98391,53,62,130,6,1,0,0,0,3,,0,,,,,,0,01/15/2014,12/15/2015,20,0,0,0,8,9,8,,,0,0,0,8,0,8,95,,,96,,,8,95,995,,,,,,,,,,,,,,,,,,,,,,,,,,,,,,0,0,0,0,0,0,0,0,0,1,1,0,0,0,0,0,0,1,0,0,0,0,0,0,0,0,0,0,0,1,0,1,0,0,0,,0,0,0,0,0,0,0,0,0,0,0,0,0,0,0,0,,,,,,31-35,26-35,County road,U,Sunday,Belt Used,PV,Not Fatal,0,0,0,0,County Road,County Sheriff,Law Enforcement Support Agency,0,0,1,0,0,,,,,,0,0,2,,,,,,,,,,,,,,,,,,,,,,,,,,,,,,,,,,,
2018,356,E847435,6,10/01/2018,6:05,1,10,0,25,Grant,0,1,0,2,1,7,1,0,2,2,6:10,6:34,7:12,12,0,6,1,2,0,2,5,1,2,4,0,0,20,3,CR-RD L NE,NELSON RD NE,-119.2358806,47.11628056,0,1,88,17,2,35,4,0,0,1,7,12,1,1,2,1,1,1,1,53,0,20,25,2013,0,0,12,,,,,,1,1,49,2,0,0,1,0,3,0,11,6,,,,,0,0,0,0,1,39,0,0,0,93,,,,,,0,,,,,,98857,53,63,160,0,0,0,0,0,0,,37,,,,,,0,,,8,0,0,0,8,9,8,,,0,0,0,8,0,8,95,,,96,,,8,95,995,,,,,,,,,,,,,,,,,,,,,,,,,,,,,,0,0,0,1,0,0,0,0,0,0,0,0,0,1,0,0,1,0,0,0,0,0,0,0,0,0,0,0,0,1,0,0,0,0,0,,0,0,0,0,0,0,0,0,1,0,0,1,0,0,0,0,,,,,,46-50,46-55,County road,R,Monday,Belt Used,PV,Not Fatal,1,0,0,0,County Road,County Sheriff,Grant County Sheriff's Office,0,0,1,0,0,,,,,,0,0,0,,,,,,,,,,,,,,,,,,,,,,,,,,,,,,,,,,,
2018,356,E847435,6,10/01/2018,6:05,1,10,0,25,Grant,0,1,0,2,1,2,1,0,2,2,6:10,6:34,7:12,12,0,6,1,2,0,2,5,1,2,4,0,0,0,0,CR-RD L NE,NELSON RD NE,-119.2358806,47.11628056,0,2,89,66,4,50,4,0,0,1,7,12,1,1,2,1,1,1,1,53,0,7,20,2001,0,0,12,,,,,,1,1,41,2,1,1,4,8,3,0,11,5,10/01/2018,7:28,1.39E+11,44045,0,0,0,3,1,0,0,0,0,96,,,,,,0,,,,,,99344,53,66,160,6,1,0,1,0,0,,0,,,,,,0,08/15/2015,08/15/2015,1,0,0,0,0,9,8,,,0,0,0,8,0,2,1,,,1,,,2,1,0,,,,,,,,,,,,,,,,,,,,,,,,,,,,,,0,0,0,1,0,0,0,0,0,0,0,0,0,1,0,0,1,0,0,0,0,0,0,0,0,0,0,0,0,1,0,0,0,0,0,,1,0,0,0,0,0,0,0,0,0,0,0,0,0,0,0,,,,,,41-45,36-45,County road,R,Monday,Belt Used,PV,Hispanic,1,0,0,0,County Road,County Sheriff,Grant County Sheriff's Office,0,0,1,0,0,,,,,,0,0,0,,,,,,,,,,,,,,,,,,,,,,,,,,,,,,,,,,,
2018,357,E847521,14,10/06/2018,23:20,6,10,7,11,Clark,0,5,0,2,1,2,2,0,4,1,23:22,23:40,0:31,42,0,0,4.3,3,0,3,4,1,2,4,0,0,20,3,CR-NE 182ND AVE,NE 139TH ST,-122.4867944,45.72295,0,1,14,14,2,50,6,0,0,1,7,2,1,1,2,1,1,4,2,53,0,49,49,2008,0,0,71,42,2,,,,1,1,34,1,7,1,4,7,99,0,11,0,10/06/2018,23:20,53043992,43992,0,0,3,3,1,39,0,0,0,96,,,,,,99,,,,,,98683,53,75,220,6,1,0,1,1,0,,0,,,,,,4,10/15/2013,03/15/2017,99,0,0,0,0,9,8,,,0,0,0,8,9,2,1,,,1,,,2,1,0.16,,,,,,,,,,,,,,,,,,,,,,,,,,,,,,0,0,0,1,1,1,0,1,0,0,0,0,1,0,0,0,0,0,0,0,0,0,0,0,0,0,0,0,0,1,0,0,0,0,0,,1,0,0,0,0,1,0,1,0,1,0,0,0,1,0,1,,,,,,31-35,26-35,County road,R,Saturday,Unknown,PV,White,1,0,0,0,County Road,County Sheriff,Clark County Sheriff's Office,0,0,1,0,0,,,,,,0,0,5,,,,,,,,,,,,,,,,,,,,,,,,,,,,,,,,,,,
2018,362,E848117,112,10/11/2018,5:10,11,10,0,53,Pierce,586,1,0,3,1,2,1,0,2,2,5:13,5:19,,1,0,0,33.4,2,0,2,3,2,1,3,0,0,0,0,SR-161,JOVITA BLVD,-122.2938389,47.25094167,0,2,98,61,4,35,14,0,0,1,5,12,1,1,4,1,11,1,1,53,0,55,402,2016,0,0,12,,,,,,1,1,40,2,0,0,0,0,3,0,11,0,,,,,0,0,0,3,1,0,0,0,0,96,,,,,,0,,,,,,98001,53,73,140,6,1,0,0,0,0,,0,,,,,,0,,,20,0,0,0,8,9,8,,,0,0,0,8,0,8,95,,,96,,,8,95,995,,,,,,,,,,,,,,,,,,,,,,,,,,,,,,0,0,0,1,0,0,0,0,0,0,0,0,1,0,0,0,0,0,0,0,0,0,0,0,0,0,0,0,1,1,0,0,0,0,0,,0,0,0,0,0,0,0,0,0,0,0,0,0,0,0,0,,,,,,36-40,36-45,State route,U,Thursday,Belt Used,PV,Not Fatal,1,0,0,0,State Route,Municipal/City Police,Edgewood Police Department,0,1,0,0,0,,,,,,0,0,0,,,,,,,,,,,,,,,,,,,,,,,,,,,,,,,,,,,
2018,362,E848117,112,10/11/2018,5:10,11,10,0,53,Pierce,586,1,0,3,1,2,1,0,2,2,5:13,5:19,,1,0,0,33.4,2,0,2,3,2,1,3,0,0,0,0,SR-161,JOVITA BLVD,-122.2938389,47.25094167,0,1,98,6,1,35,80,0,0,1,5,1,1,1,4,1,1,1,2,53,0,76,706,2013,0,0,1,12,,,,,1,1,27,1,7,1,4,7,19,0,11,0,10/11/2018,5:10,58653044745,44745,0,0,0,3,1,0,0,0,0,96,,,,,,0,,,,,,98375,53,76,230,6,1,0,1,1,1,,0,,,,,,4,08/15/2014,07/15/2018,20,8,0,0,0,9,8,,,0,0,0,8,0,2,1,,,1,,,2,1,0,,,,,,,,,,,,,,,,,,,,,,,,,,,,,,0,0,0,1,0,0,0,0,0,0,0,0,1,0,0,0,0,0,0,0,0,0,0,0,0,0,0,0,1,1,0,0,0,0,1,0,0,0,0,0,0,0,0,0,0,1,0,0,0,0,0,0,,,,,,26-30,26-35,State route,U,Thursday,,MC,White,1,0,0,0,State Route,Municipal/City Police,Edgewood Police Department,0,1,0,0,0,,,,,,0,0,0,,,,,,,,,,,,,,,,,,,,,,,,,,,,,,,,,,,
2018,363,E848125,160,10/09/2018,5:38,9,10,7,33,King,1030,2,0,3,2,2,1,0,2,2,,,,12,0,6,0,8,0,1,7,2,4,6,0,0,0,0,REITH RD S,S 253RD ST,-122.2787694,47.37392778,0,1,68,15,2,35,4,0,0,1,7,12,2,2,2,1,11,1,1,53,0,55,35,2010,0,0,12,,,,,,1,1,25,1,2,98,4,7,99,0,11,0,10/09/2018,5:38,1.03E+11,43806,0,0,0,3,1,0,0,0,0,96,,,,,,99,,,,,,98032,53,69,140,6,1,0,1,0,0,,0,,,,,,0,04/15/2018,04/15/2018,8,0,0,0,0,9,8,,,0,0,0,8,9,2,1,,,1,,,2,1,0,,,,,,,,,,,,,,,,,,,,,,,,,,,,,,0,0,0,0,0,0,0,0,0,0,0,0,0,0,0,0,0,0,0,0,0,0,0,1,1,0,0,0,0,1,0,0,0,0,0,,1,0,0,0,0,0,0,0,0,0,0,0,0,0,0,0,,,,,,21-25,16-25,City street,U,Tuesday,Unknown,PV,Hispanic,0,1,1,0,City Street,Municipal/City Police,Kent Police Department,0,0,0,1,0,,,,,,0,0,0,,,,,,,,,,,,,,,,,,,,,,,,,,,,,,,,,,,
2018,363,E848125,160,10/09/2018,5:38,9,10,7,33,King,1030,2,0,3,2,2,1,0,2,2,,,,12,0,6,0,8,0,1,7,2,4,6,0,0,0,0,REITH RD S,S 253RD ST,-122.2787694,47.37392778,0,2,69,62,4,35,34,0,0,1,7,12,3,2,2,1,14,1,1,53,0,7,482,2017,0,0,12,,,,,,1,1,44,1,0,0,1,0,3,0,11,8,,,,,0,0,0,3,1,0,0,0,0,96,,,,,,0,,,,,,98366,53,73,310,6,1,0,2,0,0,,0,,,,,,0,02/15/2017,06/15/2018,1,0,0,0,8,9,8,,,0,0,0,8,0,8,95,,,96,,,8,95,995,,,,,,,,,,,,,,,,,,,,,,,,,,,,,,0,0,0,0,0,0,0,0,0,0,0,0,0,0,0,0,0,0,0,0,0,0,0,1,1,0,0,0,0,1,0,0,0,0,0,,0,0,0,0,0,0,0,0,0,0,0,0,0,0,0,0,,,,,,41-45,36-45,City street,U,Tuesday,Belt Used,PV,Not Fatal,0,1,1,0,City Street,Municipal/City Police,Kent Police Department,0,0,0,1,0,,,,,,0,0,0,,,,,,,,,,,,,,,,,,,,,,,,,,,,,,,,,,,
2018,364,E848331,8,10/07/2018,14:15,7,10,7,31,Jefferson,0,2,0,1,2,2,1,0,3,2,,,,12,0,6,301.4,1,0,1,3,1,1,2,0,0,4,3,US-101,,-122.88295,47.747025,0,1,66,6,1,55,14,0,0,1,7,12,3,6,4,1,14,2,2,41,0,18,402,2004,0,0,68,12,,,,,1,1,77,1,0,0,2,0,3,0,11,8,,,,,0,0,0,3,1,28,0,0,0,96,,,,,,0,,,,,,97132,41,71,235,6,1,0,0,1,2,,2,,,,,,4,04/15/2014,08/15/2016,1,0,0,0,8,9,2,,,0,0,0,0,0,2,1,,,1,,,2,1,0,,,,,,,,,,,,,,,,,,,,,,,,,,,,,,0,0,0,0,0,0,0,0,0,0,0,0,1,0,0,0,0,0,0,0,0,0,0,0,0,1,1,1,0,1,0,0,0,0,0,,0,0,0,0,0,0,0,0,0,1,0,0,0,0,0,0,,,,,,76-80,76+,US highway,R,Sunday,Belt Used,PV,Not Fatal,0,1,1,0,State Route,State Patrol,Washington State Patrol,0,1,0,0,0,,,,,,0,0,0,,,,,,,,,,,,,,,,,,,,,,,,,,,,,,,,,,,
2018,364,E848331,8,10/07/2018,14:15,7,10,7,31,Jefferson,0,2,0,1,2,2,1,0,3,2,,,,12,0,6,301.4,1,0,1,3,1,1,2,0,0,0,0,US-101,,-122.88295,47.747025,0,2,66,62,4,55,5,0,0,1,7,12,3,5,4,1,14,1,1,53,0,37,39,2009,0,0,12,63,24,24,,,1,1,72,2,7,1,4,7,3,0,11,0,10/07/2018,14:15,53044362,44362,0,0,3,3,1,0,0,0,0,96,,,,,,99,,,,,,98368,53,63,145,6,1,0,0,0,0,,0,,,,,,0,,,8,0,0,0,0,9,2,,,0,0,0,0,0,2,1,,,1,,,2,1,0,,,,,,,,,,,,,,,,,,,,,,,,,,,,,,0,0,0,0,0,0,0,0,0,0,0,0,1,0,0,0,0,0,0,0,0,0,0,0,0,1,1,1,0,1,0,0,0,0,0,,1,0,0,0,0,0,0,0,0,0,0,0,0,0,0,0,,,,,,71-75,66-75,US highway,R,Sunday,Belt Used,PV,White,0,1,1,0,State Route,State Patrol,Washington State Patrol,0,1,0,0,0,,,,,,0,0,0,,,,,,,,,,,,,,,,,,,,,,,,,,,,,,,,,,,