year,case,par,repjur,crash_dt,crash_tm,accday,accmon,holiday,county,co_char,city,weather,weather2,lightcond,surfcond,surftype,numfatal,nmforms,pforms,vforms,not_tm,arr_tm,hosp_tm,fhevent,hitrun,manncol,milepnt,reljunc,reljuncinter,intersectiontype,funcsystem,landuse,ownership,route,schlbus,spejur,contdev,devfunc,trafid1,trafid2,x,y,wk_zone,vnumber,crashtype,criticalevent,criticaleventcat,spdlim,body,trailer,emerg,hazcargo,leave,mhevent,roadalgn,roadprof,traflane,trafflow,vehmanvr,numoccs,regowner,regstate,spuse,make,model,modelyr,vrf1,vrf2,seqevent1,seqevent2,seqevent3,seqevent4,seqevent5,seqevent6,pnumber,ptype,age,sex,hispanic,race,injury,diedscene,restraint,restraintmisuse,seatpos,takehosp,death_dt,death_tm,cert,cernum_wa,commlic,licendor,licrestrict,liccomp,drivpres,drf1,drf2,drf3,drf4,distract1,distract2,distract3,distract4,distract5,distract6,dricond1,dricond2,dricond3,dricond4,dricond5,dricond6,dzip,licstate,drhgt_in,weight,noncdl,noncdltype,prevdwi,prevoth,prevacc,prevspd,prevsus,driviol1,driviol2,driviol3,driviol4,driviol5,driviol6,spdrel,first_dt,last_dt,airbag,ejection,ejectpath,extricat,injurwrk,methalc,methdrug,nmlocat,strikveh,prf1,prf2,prf3,druginv,alcinvol,drugsts,drugres1,drugres2,drugres3,drugtst1,drugtst2,drugtst3,alcsts,alctst,alcres,nmact1,nmact2,nmact3,nmact4,nmact5,nmact6,nmprior1,nmprior2,nmprior3,nmprior4,nmprior5,nmprior6,nmcond1,nmcond2,nmcond3,nmcond4,nmcond5,nmcond6,nmsafe_helmet,nmsafe_pads,nmsafe_oth,nmprev_ref,nmprev_lgt,nmprev_oth,crashlocation,nmcrashtype,crosswalk,schoolzone,sidewalk,train_inv,wildlife_inv,rotr_fars,intersect_fars,dd_inv,aid_inv,dpd_inv,id_inv,mj_inv,impnm_inv,ainm_inv,dpnm_inv,speed_inv,unlic_inv,unendmc_inv,drowsy_inv,drdist_inv,nmdist_inv,fty_inv,unrestfat_inv,dr1617_inv,dr1820_inv,dr1620_inv,dr2125_inv,dr1625_inv,dr65_inv,dr70_inv,dr75_inv,mc_inv,pv_inv,ht_inv,ped_inv,bike_inv,unrest_fat,mc_fat,unhelmet_mc,pv_fat,ht_fat,ped_fat,bike_fat,dr_alc7,dr_alc8,dr_drug,dr_imp,dr_dist,dr_spd,dr_fty,dr_unlic,dr_alc7only,dr_alc8only,dr_drugonly,dr_drink,nm_imp,nm_alc7,nm_alc8,nm_drug,nm_dist,agegrp1,agegrp2,roadclass,urbrur,dayweek,restuse,vehtype,race_me,intersect,lanedep,oppdir,wrongway,rep_typ,investag,repag_long,rotr,st_rd,cty_rd,city_rd,oth_rd,drug_thc,thc_res,drug_cthc,cthc_res,drug_cann,prevpersemin,prevperse,prevsusoth,drugtst4,drugtst5,drugtst6,drugtst7,drugtst8,drugres4,drugres5,drugres6,drugres7,drugres8,adspresent,adsengaged,adslevel,race1,race2,race3,race4,race5,helmet,helmetmisuse,nmdistract1,nmdistract2,nmdistract3,nmdistract4,nmdistract5,nmdistract6,lab,isedtcase,crf1,crf2,crf3,CoRoadName,CoMP,IntCoRoadName,IntCoMP
2018,365,E848478,5,10/08/2018,19:19,8,10,7,41,Lewis,0,2,0,2,2,2,1,1,1,1,,,,8,0,0,1,1,0,1,5,1,1,3,0,0,0,0,SR-508,,-122.8683,46.57985556,0,1,13,80,5,55,34,0,0,1,5,8,1,1,2,1,1,1,1,53,0,49,482,2000,0,0,8,,,,,,1,1,22,1,0,0,0,0,3,0,11,0,,,,,0,0,0,3,1,0,0,0,0,96,,,,,,0,,,,,,98596,53,71,155,6,1,0,1,1,0,,0,,,,,,0,09/15/2015,09/15/2015,20,0,0,0,8,9,2,,,0,0,0,0,0,8,95,,,96,,,8,95,995,,,,,,,,,,,,,,,,,,,,,,,,,,,,,,0,0,0,0,0,0,0,0,0,0,0,0,0,0,0,0,0,0,0,0,0,0,0,1,1,0,0,0,0,1,0,1,0,0,0,,0,0,0,0,0,0,0,0,0,0,0,0,0,0,0,0,,,,,,21-25,16-25,State route,R,Monday,Belt Used,PV,Not Fatal,0,0,0,0,State Route,State Patrol,Washington State Patrol,0,1,0,0,0,,,,,,0,0,0,,,,,,,,,,,,,,,,,,,,,,,,,,,,,,,,,,,
2018,366,E848776,7,10/06/2018,1:28,6,10,7,33,King,0,1,0,2,2,2,1,0,1,1,,,,24,0,0,20.8,1,0,1,3,1,1,3,0,0,0,0,SR-18,,-121.9764111,47.43555556,0,1,7,6,1,55,4,0,0,1,7,1,3,2,2,3,14,1,1,53,0,49,32,1989,0,0,64,24,1,,,,1,1,26,2,7,1,4,7,3,0,11,0,10/06/2018,1:28,53044435,44435,0,0,0,2,1,0,0,0,0,96,,,,,,99,,,,,,98408,53,61,130,1,1,0,0,0,4,,0,,,,,,4,08/15/2018,09/15/2018,20,0,0,0,0,9,8,,,0,0,0,8,9,2,605,695,,1,1,,2,1,0,,,,,,,,,,,,,,,,,,,,,,,,,,,,,,0,0,0,0,0,0,1,1,1,0,0,0,1,1,0,0,0,0,0,0,0,0,0,0,0,0,0,0,0,1,0,0,0,0,0,,1,0,0,0,0,0,1,1,0,1,0,1,0,0,1,0,,,,,,26-30,26-35,State route,R,Saturday,Belt Used,PV,White,0,1,0,0,State Route,State Patrol,Washington State Patrol,1,1,0,0,0,thc,3.1,carboxy-thc,25,,0,0,0,,,,,,,,,,,,,,,,,,,,,,,,,,,,,,,,,,,
2018,367,E849074,122,10/12/2018,21:14,12,10,0,61,Snohomish,690,1,0,2,1,2,1,1,3,1,21:13,21:23,,8,0,0,6.7,1,0,1,3,2,1,3,0,0,0,0,SR-529,,-122.182625,48.03539167,0,1,13,80,5,55,4,0,0,1,7,8,1,2,2,3,1,3,1,53,0,41,51,2008,0,0,8,,,,,,1,1,30,2,0,0,1,0,3,0,11,8,,,,,0,0,0,3,1,0,0,0,0,96,,,,,,0,,,,,,98270,53,64,180,6,1,0,0,0,0,,0,,,,,,0,,,20,0,0,0,8,9,8,,,0,0,0,8,0,8,95,,,96,,,8,95,995,,,,,,,,,,,,,,,,,,,,,,,,,,,,,,0,0,0,0,0,0,0,0,0,1,0,1,0,0,0,0,0,0,0,0,0,0,0,0,0,0,0,0,0,1,0,1,0,0,0,,0,0,0,0,0,0,0,0,0,0,0,0,0,0,0,0,,,,,,26-30,26-35,State route,U,Friday,Belt Used,PV,Not Fatal,0,0,0,0,State Route,Municipal/City Police,Everett Police Department,0,1,0,0,0,,,,,,0,0,0,,,,,,,,,,,,,,,,,,,,,,,,,,,,,,,,,,,
2018,368,E849167,2,10/10/2018,14:14,10,10,0,57,Skagit,0,1,0,1,1,2,1,0,4,3,,,,12,0,1,238,1,0,1,1,1,1,1,0,0,0,0,I-5,,-122.3463444,48.57909444,0,1,28,52,3,60,66,1,0,1,5,12,1,1,3,3,15,1,3,53,0,51,881,2015,0,0,12,,,,,,1,1,63,1,0,0,0,0,3,0,11,0,,,,,6,3,0,3,1,0,0,0,0,93,,,,,,0,,,,,,98007,53,67,179,6,1,0,0,1,0,,97,,,,,,0,10/15/2015,10/15/2015,20,0,0,0,8,9,8,,,0,0,0,8,0,8,95,,,96,,,8,95,995,,,,,,,,,,,,,,,,,,,,,,,,,,,,,,0,0,0,0,0,0,0,0,0,0,0,0,0,0,0,0,1,0,0,0,0,0,0,0,0,0,0,0,0,1,1,0,0,0,0,,0,0,0,0,0,0,0,0,1,0,0,0,0,0,0,0,,,,,,61-65,56-65,Interstate,R,Wednesday,,MHTRUCK,Not Fatal,0,0,0,0,State Route,State Patrol,Washington State Patrol,0,1,0,0,0,,,,,,0,0,0,,,,,,,,,,,,,,,,,,,,,,,,,,,,,,,,,,,
2018,368,E849167,2,10/10/2018,14:14,10,10,0,57,Skagit,0,1,0,1,1,2,1,0,4,3,,,,12,0,1,238,1,0,1,1,1,1,1,0,0,0,0,I-5,,-122.3463444,48.57909444,0,3,98,98,7,60,5,0,0,1,2,12,1,1,3,3,5,2,2,53,0,49,46,2010,0,0,12,,,,,,1,1,34,1,0,0,1,0,3,0,11,4,,,,,0,0,0,3,1,0,0,0,0,0,,,,,,0,,,,,,98248,53,72,190,6,1,0,0,0,1,,0,,,,,,0,10/15/2013,10/15/2013,20,0,0,0,8,9,8,,,0,0,0,8,0,8,95,,,96,,,8,95,995,,,,,,,,,,,,,,,,,,,,,,,,,,,,,,0,0,0,0,0,0,0,0,0,0,0,0,0,0,0,0,1,0,0,0,0,0,0,0,0,0,0,0,0,1,1,0,0,0,0,,0,0,0,0,0,0,0,0,0,0,0,0,0,0,0,0,,,,,,31-35,26-35,Interstate,R,Wednesday,Belt Used,PV,Not Fatal,0,0,0,0,State Route,State Patrol,Washington State Patrol,0,1,0,0,0,,,,,,0,0,0,,,,,,,,,,,,,,,,,,,,,,,,,,,,,,,,,,,
2018,368,E849167,2,10/10/2018,14:14,10,10,0,57,Skagit,0,1,0,1,1,2,1,0,4,3,,,,12,0,1,238,1,0,1,1,1,1,1,0,0,0,0,I-5,,-122.3463444,48.57909444,0,2,29,53,3,70,5,0,0,1,2,12,1,1,3,3,2,1,3,53,0,52,47,2015,0,0,12,12,,,,,1,1,31,2,0,0,0,0,3,0,11,0,,,,,0,0,0,3,1,0,0,0,0,96,,,,,,0,,,,,,98264,53,65,220,6,1,0,0,0,2,,0,,,,,,0,11/15/2015,10/15/2017,1,0,0,0,8,9,8,,,0,0,0,8,0,8,95,,,96,,,8,95,995,,,,,,,,,,,,,,,,,,,,,,,,,,,,,,0,0,0,0,0,0,0,0,0,0,0,0,0,0,0,0,1,0,0,0,0,0,0,0,0,0,0,0,0,1,1,0,0,0,0,,0,0,0,0,0,0,0,0,0,0,0,0,0,0,0,0,,,,,,31-35,26-35,Interstate,R,Wednesday,Belt Used,PV,Not Fatal,0,0,0,0,State Route,State Patrol,Washington State Patrol,0,1,0,0,0,,,,,,0,0,0,,,,,,,,,,,,,,,,,,,,,,,,,,,,,,,,,,,
2018,369,E849185,5,10/13/2018,10:54,13,10,0,59,Skamania,0,1,0,1,1,2,1,0,3,2,,,,12,0,6,43.2,4,0,1,3,1,1,3,0,0,0,0,SR-14,,-121.8976833,45.68441667,0,1,72,60,4,55,14,0,0,1,7,12,1,1,2,1,11,2,0,41,0,49,402,2013,0,0,12,,,,,,1,1,69,2,0,0,0,0,3,0,11,0,,,,,0,0,3,3,1,0,0,0,0,96,,,,,,0,,,,,,97019,41,64,185,6,1,0,0,0,0,,0,,,,,,0,,,20,0,0,0,8,9,8,,,0,0,0,8,0,8,95,,,96,,,8,95,995,,,,,,,,,,,,,,,,,,,,,,,,,,,,,,0,0,0,0,0,0,0,0,0,0,0,0,0,0,0,0,1,0,1,0,0,0,0,0,0,1,0,0,1,1,0,0,0,0,0,,0,0,0,0,0,0,0,0,0,0,0,0,0,0,0,0,,,,,,66-70,66-75,State route,R,Saturday,Belt Used,PV,Not Fatal,0,0,0,0,State Route,State Patrol,WASHINGTON STATE PATROL,0,1,0,0,0,,,,,,0,0,0,,,,,,,,,,,,,,,,,,,,,,,,,,,,,,,,,,,
2018,369,E849185,5,10/13/2018,10:54,13,10,0,59,Skamania,0,1,0,1,1,2,1,0,3,2,,,,12,0,6,43.2,4,0,1,3,1,1,3,0,0,0,0,SR-14,,-121.8976833,45.68441667,0,2,73,10,2,55,80,0,0,1,2,12,1,1,2,1,6,1,1,53,0,76,706,2016,0,0,12,,,,,,1,1,45,1,1,98,4,7,5,0,11,0,10/13/2018,10:54,53045556,45556,0,0,0,3,1,33,38,0,0,93,,,,,,0,,,,,,98639,53,65,165,6,1,0,0,0,0,,0,,,,,,0,,,20,8,0,0,0,9,8,,,0,0,0,8,0,2,1,,,1,,,2,1,0,,,,,,,,,,,,,,,,,,,,,,,,,,,,,,0,0,0,0,0,0,0,0,0,0,0,0,0,0,0,0,1,0,1,0,0,0,0,0,0,1,0,0,1,1,0,0,0,0,1,0,0,0,0,0,0,0,0,0,1,0,1,0,0,0,0,0,,,,,,41-45,36-45,State route,R,Saturday,,MC,Hispanic,0,0,0,0,State Route,State Patrol,WASHINGTON STATE PATROL,0,1,0,0,0,,,,,,0,0,0,,,,,,,,,,,,,,,,,,,,,,,,,,,,,,,,,,,
2018,370,E849453,3,10/13/2018,21:23,13,10,0,53,Pierce,0,1,0,2,1,2,1,0,1,1,21:20,21:29,,24,0,0,47.4,1,0,1,3,2,1,3,0,0,0,0,SR-7,,-122.4351361,47.083675,0,1,1,11,2,40,34,0,0,1,2,24,1,1,4,1,1,1,1,53,0,12,481,2017,0,0,63,24,42,,,,1,1,78,1,7,1,4,7,20,0,11,0,10/13/2018,21:23,53045064,45064,6,0,0,3,1,0,0,0,0,96,,,,,,9,,,,,,98328,53,76,225,6,1,0,0,0,0,,0,,,,,,0,,,20,0,0,0,0,1,8,,,0,0,0,8,1,2,1,,,1,,,2,1,0.18,,,,,,,,,,,,,,,,,,,,,,,,,,,,,,0,0,1,0,1,1,0,1,0,0,0,0,0,0,0,0,0,0,0,1,0,0,0,0,0,1,1,1,0,1,0,0,0,1,0,,1,0,0,0,0,1,0,1,0,0,0,0,0,1,0,1,,,,,,76-80,76+,State route,U,Saturday,Not Used,PV,White,0,1,0,0,State Route,State Patrol,Washington State Patrol,1,1,0,0,0,,,,,,0,0,0,,,,,,,,,,,,,,,,,,,,,,,,,,,,,,,,,,,
2018,371,E849902,4,10/16/2018,17:43,16,10,0,63,Spokane,2113,1,0,5,1,2,1,0,2,2,17:43,18:03,18:57,12,0,2,11.2,1,0,1,3,2,1,3,0,0,0,0,SR-290,,-117.1817778,47.69643333,0,1,50,10,2,98,34,0,0,1,2,12,1,1,2,1,1,1,2,53,0,49,472,2012,0,0,68,12,,,,,1,1,26,1,7,1,4,7,20,0,11,0,10/16/2018,17:43,2.11E+11,45340,0,0,3,3,1,28,0,0,0,96,,,,,,99,,,,,,17603,42,72,999,6,1,0,0,0,0,,0,,,,,,0,,,1,0,0,0,0,9,8,,,0,0,0,8,9,2,337,605,695,1,1,1,2,1,0,,,,,,,,,,,,,,,,,,,,,,,,,,,,,,0,0,0,0,0,0,1,1,1,0,0,0,0,0,0,0,0,0,0,1,0,0,0,0,0,0,0,0,0,1,0,0,0,1,0,,1,0,0,0,0,0,1,1,0,0,0,0,0,0,1,0,,,,,,26-30,26-35,State route,U,Tuesday,Not Used,PV,White,0,1,1,0,State Route,State Patrol,Washington State Patrol,0,1,0,0,0,thc,48,carboxy-thc,888,,0,0,0,,,,,,,,,,,,,,,,,,,,,,,,,,,,,,,,,,,
2018,371,E849902,4,10/16/2018,17:43,16,10,0,63,Spokane,2113,1,0,5,1,2,1,0,2,2,17:43,18:03,18:57,12,0,2,11.2,1,0,1,3,2,1,3,0,0,0,0,SR-290,,-117.1817778,47.69643333,0,2,51,62,4,50,34,0,0,1,2,12,1,1,2,1,1,1,1,53,0,7,482,2017,0,0,12,,,,,,1,1,35,2,0,0,2,0,3,0,11,5,,,,,0,0,0,3,1,0,0,0,0,96,,,,,,0,,,,,,99027,53,67,135,6,1,0,0,0,0,,0,,,,,,0,,,8,0,0,0,8,9,8,,,0,0,0,8,0,8,95,,,96,,,8,95,995,,,,,,,,,,,,,,,,,,,,,,,,,,,,,,0,0,0,0,0,0,1,1,1,0,0,0,0,0,0,0,0,0,0,1,0,0,0,0,0,0,0,0,0,1,0,0,0,0,0,,0,0,0,0,0,0,0,0,0,0,0,0,0,0,0,0,,,,,,31-35,26-35,State route,U,Tuesday,Belt Used,PV,Not Fatal,0,1,1,0,State Route,State Patrol,Washington State Patrol,0,1,0,0,0,,,,,,0,0,0,,,,,,,,,,,,,,,,,,,,,,,,,,,,,,,,,,,
2018,372,E850067,5,09/24/2018,20:32,24,9,0,41,Lewis,0,1,0,3,1,2,1,1,1,1,,,,8,1,0,80.4,1,0,1,3,1,1,3,0,0,0,0,SR-12,,-122.6041111,46.52879444,0,1,13,80,5,55,34,0,0,1,5,8,1,1,2,1,1,1,1,41,0,12,471,2006,0,0,8,,,,,,1,1,61,2,0,0,0,0,3,0,11,0,,,,,0,0,3,3,1,0,0,0,0,96,,,,,,99,,,,,,98546,53,65,150,6,1,0,0,0,0,,97,,,,,,0,,,20,0,0,0,8,9,8,,,0,0,0,8,1,8,95,,,96,,,8,95,995,,,,,,,,,,,,,,,,,,,,,,,,,,,,,,0,0,0,0,1,0,0,0,0,0,0,0,0,0,0,0,0,0,0,0,0,0,0,0,0,0,0,0,0,1,0,1,0,0,0,,0,0,0,0,0,0,0,0,0,0,0,0,0,0,0,1,,,,,,61-65,56-65,State route,R,Monday,Belt Used,PV,Not Fatal,0,0,0,0,State Route,State Patrol,Washington State Patrol,0,1,0,0,0,,,,,,0,0,0,,,,,,,,,,,,,,,,,,,,,,,,,,,,,,,,,,,
2018,405,E850607,8,10/01/2018,16:55,1,10,0,31,Jefferson,0,10,0,1,2,2,1,0,2,2,,,,12,0,6,2.2,1,0,1,3,1,1,3,0,0,0,0,SR-20,,-122.8453472,47.996825,0,2,62,62,4,50,34,0,0,1,7,12,1,2,2,1,1,1,3,53,0,12,481,1992,0,0,12,63,24,,,,1,1,35,1,0,0,1,0,3,0,11,4,,,,,0,0,0,3,1,0,0,0,0,96,,,,,,0,,,,,,98362,53,69,158,6,1,0,0,0,0,,0,,,,,,0,,,20,0,0,0,8,9,8,,,0,0,0,8,0,8,95,,,96,,,8,95,995,,,,,,,,,,,,,,,,,,,,,,,,,,,,,,0,0,0,0,0,0,0,0,0,0,0,0,1,0,0,0,0,0,0,0,0,0,0,1,1,0,0,0,0,1,0,0,0,0,0,,0,0,0,0,0,0,0,0,0,0,0,0,0,0,0,0,,,,,,31-35,26-35,State route,R,Monday,Belt Used,PV,Not Fatal,0,1,1,0,State Route,State Patrol,Washington State Patrol,0,1,0,0,0,,,,,,0,0,0,,,,,,,,,,,,,,,,,,,,,,,,,,,,,,,,,,,
2018,405,E850607,8,10/01/2018,16:55,1,10,0,31,Jefferson,0,10,0,1,2,2,1,0,2,2,,,,12,0,6,2.2,1,0,1,3,1,1,3,0,0,0,0,SR-20,,-122.8453472,47.996825,0,1,62,6,1,50,2,0,0,1,2,12,3,2,2,1,14,1,1,53,0,37,31,2004,0,0,68,12,,,,,1,1,25,2,7,1,4,7,3,0,11,0,10/01/2018,16:55,53042774,42774,0,0,3,3,1,28,0,0,0,96,,,,,,0,,,,,,98376,53,62,100,6,1,0,0,1,3,,0,,,,,,4,07/15/2014,03/15/2017,99,0,0,0,0,9,8,,,0,0,0,8,0,2,1,,,1,,,2,1,0,,,,,,,,,,,,,,,,,,,,,,,,,,,,,,0,0,0,0,0,0,0,0,0,0,0,0,1,0,0,0,0,0,0,0,0,0,0,1,1,0,0,0,0,1,0,0,0,0,0,,1,0,0,0,0,0,0,0,0,1,0,0,0,0,0,0,,,,,,21-25,16-25,State route,R,Monday,Belt Used,PV,White,0,1,1,0,State Route,State Patrol,Washington State Patrol,0,1,0,0,0,,,,,,0,0,0,,,,,,,,,,,,,,,,,,,,,,,,,,,,,,,,,,,
2018,374,E851101,315,10/15/2018,22:11,15,10,0,7,Chelan,2460,1,0,3,1,2,1,0,3,1,,,,5,0,0,2.6,1,0,1,3,2,1,3,0,0,0,0,SR-285,,-120.32215,47.435375,0,1,0,98,7,30,34,0,0,1,5,5,1,1,3,4,1,3,1,53,0,12,481,1980,0,0,5,,,,,,1,1,22,1,0,0,0,0,3,0,11,0,,,,,0,0,0,3,1,0,0,0,0,96,,,,,,0,,,,,,98802,53,64,130,6,1,0,0,0,0,,97,,,,,,0,,,20,0,0,0,8,9,8,,,0,0,0,8,0,2,1,,,1,,,2,1,0,,,,,,,,,,,,,,,,,,,,,,,,,,,,,,0,0,0,0,0,0,0,0,0,0,0,0,0,0,0,0,0,0,0,1,0,0,0,1,1,0,0,0,0,1,0,0,0,0,0,,0,0,0,0,0,0,0,0,0,0,0,0,0,0,0,0,,,,,,21-25,16-25,State route,U,Monday,Belt Used,PV,Not Fatal,0,0,0,0,State Route,Municipal/City Police,Wenatchee Police Department,0,1,0,0,0,,,,,,0,0,0,,,,,,,,,,,,,,,,,,,,,,,,,,,,,,,,,,,
2018,375,E851269,5,10/14/2018,21:18,14,10,0,11,Clark,2370,1,0,3,1,2,1,0,1,1,,,,25,0,0,3.3,1,0,1,1,2,1,1,0,0,0,0,I-5,,-122.6669306,45.66278889,0,1,6,6,1,60,40,0,0,1,2,1,8,8,4,3,1,1,1,53,0,49,472,1996,0,0,64,25,1,30,,,1,1,22,1,7,78,4,7,20,0,11,0,10/14/2018,21:18,2.37E+11,45676,0,0,0,2,1,0,0,0,0,96,,,,,,9,,,,,,98662,53,71,150,1,1,1,2,1,2,,0,,,,,,4,04/15/2018,09/15/2018,1,0,0,0,0,1,8,,,0,0,0,8,1,2,300,,,1,,,2,1,0.16,,,,,,,,,,,,,,,,,,,,,,,,,,,,,,0,0,1,0,1,1,1,1,0,0,0,0,1,1,0,0,0,0,0,1,0,0,0,1,1,0,0,0,0,1,0,0,0,1,0,,1,0,0,0,0,1,1,1,0,1,0,1,0,0,0,1,,,,,,21-25,16-25,Interstate,U,Sunday,Not Used,PV,API,0,1,0,0,State Route,State Patrol,Washington State Patrol,1,1,0,0,0,,,,,,0,1,3,,,,,,,,,,,,,,,,,,,,,,,,,,,,,,,,,,,
2018,376,E851494,307,10/19/2018,23:15,19,10,0,71,Walla Walla,2390,1,0,3,1,2,1,1,1,1,,,,8,1,0,0,1,0,1,7,2,4,6,0,0,0,0,N 9TH AVE,,-118.3511806,46.06998333,0,1,13,80,5,98,99,0,0,1,5,8,8,8,2,1,1,99,9,99,0,99,999,9999,0,0,8,,,,,,1,1,998,8,0,0,9,0,99,0,11,8,,,,,99,9,9,9,1,0,0,0,0,96,,,,,,99,,,,,,99999,99,,999,9,9,99,99,99,99,,0,,,,,,0,,,99,9,0,0,8,9,8,,,0,0,0,8,9,8,95,,,96,,,8,95,995,,,,,,,,,,,,,,,,,,,,,,,,,,,,,,0,0,0,0,0,0,0,0,0,0,0,0,0,0,0,0,0,0,0,0,0,0,0,0,0,0,0,0,0,0,0,1,0,0,0,,0,0,0,0,0,0,0,0,0,0,0,0,0,0,0,0,,,,,,,,City street,U,Friday,,NR-U,Not Fatal,0,0,0,0,City Street,Municipal/City Police,Walla Walla Police Department,0,0,0,1,0,,,,,,99,99,99,,,,,,,,,,,,,,,,,,,,,,,,,,,,,,,,,,,
2018,377,E851684,3,10/02/2018,13:58,2,10,0,67,Thurston,0,1,0,1,1,2,1,0,1,1,,,,25,0,0,99.9,1,0,1,1,2,1,1,0,0,0,0,I-5,,-122.9353639,46.96036111,0,1,6,6,1,70,4,0,0,1,7,3,1,1,3,3,6,1,1,53,0,55,35,2001,0,0,64,25,69,63,31,1,1,1,26,1,7,1,4,0,3,0,11,4,10/02/2018,17:44,1.59E+11,43568,0,0,0,3,1,0,0,0,0,96,,,,,,99,,,,,,98531,53,73,185,6,1,0,5,0,9,,0,,,,,,4,01/15/2014,05/15/2018,20,0,0,0,0,9,8,,,0,0,0,8,9,2,605,695,,1,1,,2,1,0.18,,,,,,,,,,,,,,,,,,,,,,,,,,,,,,0,0,1,0,1,1,1,1,1,0,0,0,1,0,0,0,0,0,0,0,0,0,0,0,0,0,0,0,0,1,0,0,0,0,0,,1,0,0,0,0,1,1,1,0,1,0,0,0,0,0,1,,,,,,26-30,26-35,Interstate,U,Tuesday,Belt Used,PV,White,0,1,0,0,State Route,State Patrol,Washington State Patrol,1,1,0,0,0,thc,10,carboxy-thc,48,,0,0,0,,,,,,,,,,,,,,,,,,,,,,,,,,,,,,,,,,,
2018,411,E852018,7,10/08/2018,20:33,8,10,7,33,King,0,2,0,3,2,1,1,0,1,1,,,,42,0,0,31.3,1,0,1,1,1,1,1,0,0,0,0,I-90,,-121.7525917,47.47357222,0,1,6,12,2,70,34,0,0,1,2,42,1,2,3,2,1,1,1,53,0,49,482,2016,0,0,64,65,64,42,,,1,1,39,1,7,1,4,7,3,0,11,0,10/08/2018,20:33,53044441,44441,0,0,0,3,1,0,0,0,0,96,,,,,,99,,,,,,98040,53,79,265,6,1,0,0,1,0,,0,,,,,,0,05/15/2017,05/15/2017,8,0,0,0,0,9,8,,,0,0,0,8,9,2,1,,,1,,,2,1,0,,,,,,,,,,,,,,,,,,,,,,,,,,,,,,0,0,1,0,0,0,0,0,0,0,0,0,0,0,0,0,0,0,0,0,0,0,0,0,0,0,0,0,0,1,0,0,0,0,0,,1,0,0,0,0,0,0,0,0,0,0,0,0,0,0,0,,,,,,36-40,36-45,Interstate,R,Monday,Belt Used,PV,White,0,1,0,0,State Route,State Patrol,Washington State Patrol,1,1,0,0,0,,,,,,0,0,0,,,,,,,,,,,,,,,,,,,,,,,,,,,,,,,,,,,
2018,423,E852066,122,10/14/2018,18:53,14,10,0,61,Snohomish,690,1,0,3,1,2,1,0,3,2,,,,12,0,7,46.4,1,0,1,3,2,1,3,0,0,0,0,SR-99,,-122.2520194,47.89628611,0,1,45,61,4,50,80,0,0,1,7,12,1,1,6,1,3,1,2,53,0,53,706,2004,0,0,12,63,40,42,,,1,1,19,1,7,1,4,7,5,0,11,0,10/14/2018,18:53,69053045056,45056,0,0,0,3,1,0,0,0,0,96,,,,,,99,,,,,,98204,53,76,170,6,1,0,2,2,1,,0,,,,,,4,03/15/2016,07/15/2016,20,8,0,0,0,9,8,,,0,0,0,8,9,2,1,,,1,,,2,1,0,,,,,,,,,,,,,,,,,,,,,,,,,,,,,,0,0,0,0,0,0,0,0,0,0,0,0,1,0,0,0,0,0,0,0,0,1,1,0,1,0,0,0,1,1,0,0,0,0,1,0,0,0,0,0,0,0,0,0,0,1,0,0,0,0,0,0,,,,,,18-20,16-25,State route,U,Sunday,,MC,White,0,0,0,0,State Route,Municipal/City Police,Everett Police Department,0,1,0,0,0,,,,,,0,0,1,,,,,,,,,,,,,,,,,,,,,,,,,,,,,,,,,,,
2018,423,E852066,122,10/14/2018,18:53,14,10,0,61,Snohomish,690,1,0,3,1,2,1,0,3,2,,,,12,0,7,46.4,1,0,1,3,2,1,3,0,0,0,0,SR-99,,-122.2520194,47.89628611,0,2,46,11,2,50,4,0,0,1,5,12,1,1,6,1,15,2,2,6,0,37,31,1999,0,0,12,,,,,,1,1,27,1,0,0,0,0,3,0,11,0,,,,,0,0,0,3,1,0,0,0,0,96,,,,,,0,,,,,,98208,53,73,200,6,1,0,0,1,0,,0,,,,,,0,07/15/2018,07/15/2018,20,0,0,0,8,9,8,,,0,0,0,8,0,8,95,,,96,,,8,95,995,,,,,,,,,,,,,,,,,,,,,,,,,,,,,,0,0,0,0,0,0,0,0,0,0,0,0,1,0,0,0,0,0,0,0,0,1,1,0,1,0,0,0,1,1,0,0,0,0,0,,0,0,0,0,0,0,0,0,0,0,0,0,0,0,0,0,,,,,,26-30,26-35,State route,U,Sunday,Belt Used,PV,Not Fatal,0,0,0,0,State Route,Municipal/City Police,Everett Police Department,0,1,0,0,0,,,,,,0,0,0,,,,,,,,,,,,,,,,,,,,,,,,,,,,,,,,,,,