year,case,par,repjur,crash_dt,crash_tm,accday,accmon,holiday,county,co_char,city,weather,weather2,lightcond,surfcond,surftype,numfatal,nmforms,pforms,vforms,not_tm,arr_tm,hosp_tm,fhevent,hitrun,manncol,milepnt,reljunc,reljuncinter,intersectiontype,funcsystem,landuse,ownership,route,schlbus,spejur,contdev,devfunc,trafid1,trafid2,x,y,wk_zone,vnumber,crashtype,criticalevent,criticaleventcat,spdlim,body,trailer,emerg,hazcargo,leave,mhevent,roadalgn,roadprof,traflane,trafflow,vehmanvr,numoccs,regowner,regstate,spuse,make,model,modelyr,vrf1,vrf2,seqevent1,seqevent2,seqevent3,seqevent4,seqevent5,seqevent6,pnumber,ptype,age,sex,hispanic,race,injury,diedscene,restraint,restraintmisuse,seatpos,takehosp,death_dt,death_tm,cert,cernum_wa,commlic,licendor,licrestrict,liccomp,drivpres,drf1,drf2,drf3,drf4,distract1,distract2,distract3,distract4,distract5,distract6,dricond1,dricond2,dricond3,dricond4,dricond5,dricond6,dzip,licstate,drhgt_in,weight,noncdl,noncdltype,prevdwi,prevoth,prevacc,prevspd,prevsus,driviol1,driviol2,driviol3,driviol4,driviol5,driviol6,spdrel,first_dt,last_dt,airbag,ejection,ejectpath,extricat,injurwrk,methalc,methdrug,nmlocat,strikveh,prf1,prf2,prf3,druginv,alcinvol,drugsts,drugres1,drugres2,drugres3,drugtst1,drugtst2,drugtst3,alcsts,alctst,alcres,nmact1,nmact2,nmact3,nmact4,nmact5,nmact6,nmprior1,nmprior2,nmprior3,nmprior4,nmprior5,nmprior6,nmcond1,nmcond2,nmcond3,nmcond4,nmcond5,nmcond6,nmsafe_helmet,nmsafe_pads,nmsafe_oth,nmprev_ref,nmprev_lgt,nmprev_oth,crashlocation,nmcrashtype,crosswalk,schoolzone,sidewalk,train_inv,wildlife_inv,rotr_fars,intersect_fars,dd_inv,aid_inv,dpd_inv,id_inv,mj_inv,impnm_inv,ainm_inv,dpnm_inv,speed_inv,unlic_inv,unendmc_inv,drowsy_inv,drdist_inv,nmdist_inv,fty_inv,unrestfat_inv,dr1617_inv,dr1820_inv,dr1620_inv,dr2125_inv,dr1625_inv,dr65_inv,dr70_inv,dr75_inv,mc_inv,pv_inv,ht_inv,ped_inv,bike_inv,unrest_fat,mc_fat,unhelmet_mc,pv_fat,ht_fat,ped_fat,bike_fat,dr_alc7,dr_alc8,dr_drug,dr_imp,dr_dist,dr_spd,dr_fty,dr_unlic,dr_alc7only,dr_alc8only,dr_drugonly,dr_drink,nm_imp,nm_alc7,nm_alc8,nm_drug,nm_dist,agegrp1,agegrp2,roadclass,urbrur,dayweek,restuse,vehtype,race_me,intersect,lanedep,oppdir,wrongway,rep_typ,investag,repag_long,rotr,st_rd,cty_rd,city_rd,oth_rd,drug_thc,thc_res,drug_cthc,cthc_res,drug_cann,prevpersemin,prevperse,prevsusoth,drugtst4,drugtst5,drugtst6,drugtst7,drugtst8,drugres4,drugres5,drugres6,drugres7,drugres8,adspresent,adsengaged,adslevel,race1,race2,race3,race4,race5,helmet,helmetmisuse,nmdistract1,nmdistract2,nmdistract3,nmdistract4,nmdistract5,nmdistract6,lab,isedtcase,crf1,crf2,crf3,CoRoadName,CoMP,IntCoRoadName,IntCoMP
2018,422,E852372,290,10/19/2018,23:49,19,10,0,53,Pierce,2230,5,0,3,2,2,1,1,1,1,,,,8,0,0,0,1,0,1,4,2,4,6,0,0,0,0,6TH AVE,,-122.5183333,47.25541111,0,1,13,80,5,30,14,0,0,1,5,8,1,2,5,5,1,1,1,53,0,12,401,2003,0,0,8,,,,,,1,1,23,1,0,0,0,0,3,0,11,0,,,,,0,0,0,3,1,0,0,0,0,96,,,,,,0,,,,,,98409,53,74,175,6,1,0,0,1,1,,0,,,,,,0,04/15/2014,10/15/2016,20,0,0,0,8,9,8,,,0,0,0,8,0,0,0,,,0,,,0,0,996,,,,,,,,,,,,,,,,,,,,,,,,,,,,,,0,0,0,0,0,0,0,0,0,1,1,0,0,0,0,0,0,0,0,0,0,0,0,1,1,0,0,0,0,1,0,1,0,0,0,,0,0,0,0,0,0,0,0,0,0,0,0,0,0,0,0,,,,,,21-25,16-25,City street,U,Friday,Belt Used,PV,Not Fatal,0,0,0,0,City Street,Municipal/City Police,Tacoma Police Department,0,0,0,1,0,,,,,,0,0,0,,,,,,,,,,,,,,,,,,,,,,,,,,,,,,,,,,,
2018,378,E852814,16,10/18/2018,16:42,18,10,0,15,Cowlitz,0,1,0,1,1,2,1,0,1,1,,,,1,0,0,0.4,1,0,1,6,1,2,4,0,0,98,3,CR-POWELL RD,,-122.8989194,46.27545833,1,1,98,6,1,25,80,0,0,1,7,1,4,1,2,1,14,1,2,53,0,53,706,2003,0,0,1,68,64,24,,,1,1,32,1,7,1,4,7,19,0,11,0,10/18/2018,16:42,53045935,45935,0,0,0,3,1,0,0,0,0,93,,,,,,99,,,,,,98611,53,72,240,6,1,0,5,0,1,,0,,,,,,4,10/15/2013,07/15/2017,20,8,0,0,0,9,8,,,0,0,0,8,9,2,605,695,996,1,1,1,2,1,0,,,,,,,,,,,,,,,,,,,,,,,,,,,,,,0,0,0,0,0,0,1,1,1,0,0,0,1,0,0,0,1,0,0,0,0,0,0,0,0,0,0,0,1,0,0,0,0,0,1,0,0,0,0,0,0,0,1,1,1,1,0,0,0,0,1,0,,,,,,31-35,26-35,County road,R,Thursday,,MC,White,0,0,0,0,County Road,County Sheriff,Cowlitz County Sheriff's Office,0,0,1,0,0,thc,7.6,carboxy-thc,7.5,,0,0,0,1,1,1,,,996,996,996,,,,,,,,,,,,,,,,,,,,,,,,,,,
2018,381,E853014,5,10/23/2018,9:45,23,10,0,11,Clark,0,10,0,1,1,1,1,0,1,1,,,,1,0,0,0.3,1,0,1,1,2,1,1,0,0,0,0,I-205,,-122.6560056,45.72683056,0,1,6,6,1,60,14,0,0,1,2,1,1,1,2,3,1,1,5,53,0,52,402,2005,0,0,64,1,42,,,,1,1,21,2,7,1,4,7,20,0,11,0,10/23/2018,9:45,53050684,50684,0,0,0,0,1,37,0,0,0,96,,,,,,99,,,,,,97838,41,,999,0,0,99,99,99,99,,0,,,,,,4,,,8,1,9,0,0,9,8,,,0,0,0,8,9,2,996,401,417,1,1,1,2,1,0,,,,,,,,,,,,,,,,,,,,,,,,,,,,,,0,0,1,0,0,0,1,1,1,0,0,0,1,1,0,0,0,0,0,1,0,0,0,1,1,0,0,0,0,1,0,0,0,1,0,,1,0,0,0,0,0,1,1,0,1,0,1,0,0,1,0,,,,,,21-25,16-25,Interstate,U,Tuesday,Not Used,PV,White,0,1,0,0,State Route,State Patrol,Washington State Patrol Headquarter,1,1,0,0,0,thc,0.96,,,,99,99,99,1,,,,,605,,,,,,,,,,,,,,,,,,,,,,,,,,,,,
2018,382,E853089,7,10/13/2018,3:01,13,10,0,33,King,735,1,0,2,1,1,1,0,2,2,,,,14,0,0,142.2,1,0,1,1,2,1,1,0,0,0,0,I-5,,-122.3053417,47.29287222,0,1,98,98,7,98,4,0,0,1,2,14,1,1,5,3,1,2,1,53,0,12,23,2012,0,0,14,,,,,,1,1,36,1,0,0,3,0,3,0,11,4,,,,,0,0,3,3,1,51,0,0,0,96,,,,,,9,,,,,,98444,53,71,150,6,1,0,0,0,0,,97,,,,,,4,,,8,0,0,0,8,1,8,,,0,0,0,8,1,2,1,,,1,,,2,1,0.26,,,,,,,,,,,,,,,,,,,,,,,,,,,,,,0,0,0,0,1,1,0,1,0,0,0,0,1,0,0,0,0,0,0,0,0,0,0,0,0,0,0,0,0,1,0,0,0,0,0,,0,0,0,0,0,1,0,1,0,1,0,0,0,1,0,1,,,,,,36-40,36-45,Interstate,U,Saturday,Belt Used,PV,Not Fatal,0,0,0,1,State Route,State Patrol,Washington State Patrol,0,1,0,0,0,,,,,,0,0,0,,,,,,,,,,,,,,,,,,,,,,,,,,,,,,,,,,,
2018,383,E853710,2,10/10/2018,21:13,10,10,0,61,Snohomish,0,1,0,3,1,2,2,0,4,2,21:08,21:16,21:52,12,0,6,17.9,2,0,2,3,2,1,3,0,0,0,0,SR-9,SUNNY SCHOOL RD,-122.1104917,48.03416111,0,2,89,66,4,55,4,0,0,1,7,12,1,1,2,1,1,2,1,53,0,7,26,2013,0,0,12,,,,,,1,1,55,1,7,1,4,7,3,0,11,0,10/10/2018,21:13,53045954,45954,0,0,0,3,1,0,0,0,0,96,,,,,,99,,,,,,98258,53,67,248,6,1,0,0,0,0,,0,,,,,,0,,,8,0,0,0,0,9,8,,,0,0,0,8,9,2,1,,,1,,,2,1,0,,,,,,,,,,,,,,,,,,,,,,,,,,,,,,0,0,0,1,0,0,1,1,0,0,0,0,1,0,0,0,0,0,0,0,0,1,1,0,1,0,0,0,0,1,0,0,0,0,0,,1,0,0,0,0,0,0,0,0,0,0,0,0,0,0,0,,,,,,51-55,46-55,State route,U,Wednesday,Belt Used,PV,White,1,0,0,0,State Route,State Patrol,Washington State Patrol,0,1,0,0,0,,,,,,0,0,0,,,,,,,,,,,,,,,,,,,,,,,,,,,,,,,,,,,
2018,383,E853710,2,10/10/2018,21:13,10,10,0,61,Snohomish,0,1,0,3,1,2,2,0,4,2,21:08,21:16,21:52,12,0,6,17.9,2,0,2,3,2,1,3,0,0,20,3,SR-9,SUNNY SCHOOL RD,-122.1104917,48.03416111,0,1,88,17,2,35,4,0,0,1,7,12,1,1,2,1,1,2,2,53,0,37,32,1996,0,0,12,68,64,59,,,1,1,20,1,7,1,4,0,99,0,11,5,10/10/2018,21:17,53045954,45954,0,0,0,3,1,39,0,0,0,96,,,,,,99,,,,,,98271,53,71,205,6,1,0,2,0,1,,0,,,,,,4,05/15/2017,09/15/2018,8,0,0,0,0,9,8,,,0,0,0,8,9,2,401,417,704,1,1,1,2,1,0,,,,,,,,,,,,,,,,,,,,,,,,,,,,,,0,0,0,1,0,0,1,1,0,0,0,0,1,0,0,0,0,0,0,0,0,1,1,0,1,0,0,0,0,1,0,0,0,0,0,,1,0,0,0,0,0,1,1,0,1,0,0,0,0,1,0,,,,,,18-20,16-25,State route,U,Wednesday,Unknown,PV,White,1,0,0,0,State Route,State Patrol,Washington State Patrol,0,1,0,0,0,,,,,,0,0,0,,,,,,,,,,,,,,,,,,,,,,,,,,,,,,,,,,,
2018,384,E853812,4,10/27/2018,3:56,27,10,0,63,Spokane,0,1,0,3,1,2,1,0,3,2,3:55,4:02,4:50,12,0,2,289,1,0,1,3,2,1,2,0,0,0,0,US-2,,-117.3537889,47.785075,0,2,51,62,4,45,4,0,0,1,2,12,1,1,5,5,1,2,1,16,0,63,34,2008,0,0,12,,,,,,1,1,21,2,7,1,4,7,3,0,11,0,10/27/2018,4:05,53047276,47276,0,0,0,3,1,0,0,0,0,96,,,,,,0,,,,,,83815,16,64,112,6,1,0,0,0,1,,0,,,,,,0,02/15/2017,02/15/2017,1,0,0,0,0,9,8,,,0,0,0,8,0,2,605,695,,1,1,,2,1,0,,,,,,,,,,,,,,,,,,,,,,,,,,,,,,0,0,0,0,1,0,1,1,1,0,0,0,0,0,0,0,0,0,0,0,0,0,0,1,1,0,0,0,0,1,1,0,0,0,0,,1,0,0,0,0,0,1,1,0,0,0,0,0,0,1,0,,,,,,21-25,16-25,US highway,U,Saturday,Belt Used,PV,White,0,1,1,0,State Route,State Patrol,Washington State Patrol,0,1,0,0,0,thc,23,carboxy-thc,888,,0,0,0,,,,,,,,,,,,,,,,,,,,,,,,,,,,,,,,,,,
2018,384,E853812,4,10/27/2018,3:56,27,10,0,63,Spokane,0,1,0,3,1,2,1,0,3,2,3:55,4:02,4:50,12,0,2,289,1,0,1,3,2,1,2,0,0,0,0,US-2,,-117.3537889,47.785075,0,1,50,10,2,45,67,0,0,1,2,12,1,1,5,5,1,1,1,53,0,12,880,2008,0,0,68,12,,,,,1,1,41,1,0,0,2,0,3,0,11,5,,,,,0,0,0,3,1,28,0,0,0,96,,,,,,9,,,,,,99003,53,67,165,6,1,0,0,0,0,,1,,,,,,0,,,8,0,0,0,8,9,8,,,0,0,0,8,1,8,95,,,96,,,8,95,995,,,,,,,,,,,,,,,,,,,,,,,,,,,,,,0,0,0,0,1,0,1,1,1,0,0,0,0,0,0,0,0,0,0,0,0,0,0,1,1,0,0,0,0,1,1,0,0,0,0,,0,0,0,0,0,0,0,0,0,0,0,0,0,0,0,1,,,,,,41-45,36-45,US highway,U,Saturday,Belt Used,MHTRUCK,Not Fatal,0,1,1,0,State Route,State Patrol,Washington State Patrol,0,1,0,0,0,,,,,,0,0,0,,,,,,,,,,,,,,,,,,,,,,,,,,,,,,,,,,,
2018,501,E854361,32,10/22/2018,9:50,22,10,0,47,Okanogan,0,1,0,1,1,2,1,0,1,1,,,,59,0,0,3,1,0,1,6,1,2,4,0,0,0,0,CR-B AND ON NORTH RD,,-119.67755,48.31688889,0,1,6,12,2,98,34,0,0,1,7,35,1,2,2,1,1,1,1,53,0,12,481,1966,0,0,68,64,59,67,35,,1,1,54,2,7,1,4,7,20,0,11,0,10/22/2018,9:50,53046382,46382,0,0,0,0,1,0,0,0,0,96,,,,,,1,,,,,,98840,53,64,195,2,1,0,0,1,0,,0,,,,,,0,12/15/2016,12/15/2016,20,0,0,0,0,9,8,,,0,0,0,8,9,2,1,,,1,,,2,1,0,,,,,,,,,,,,,,,,,,,,,,,,,,,,,,0,0,1,0,0,0,0,0,0,0,0,0,0,1,0,0,0,0,0,1,0,0,0,0,0,0,0,0,0,1,0,0,0,1,0,,1,0,0,0,0,0,0,0,0,0,0,1,0,0,0,0,,,,,,51-55,46-55,County road,R,Monday,Not Used,PV,White,0,1,0,0,County Road,County Sheriff,Okanogan County Sheriff's Office,1,0,1,0,0,,,,,,0,0,0,,,,,,,,,,,,,,,,,,,,,,,,,,,,,,,,,,,
2018,387,E854932,5,10/11/2018,20:39,11,10,0,11,Clark,0,1,0,2,1,2,1,1,1,1,,,,8,0,0,16,1,0,1,1,1,1,1,0,0,0,0,I-5,,-122.6974639,45.84106389,0,1,13,80,5,70,6,0,0,1,2,8,4,2,3,3,14,1,3,53,0,52,47,2018,0,0,8,63,38,,,,1,1,25,2,0,0,0,0,3,0,11,0,,,,,0,0,3,3,1,0,0,0,0,96,,,,,,0,,,,,,92612,6,63,110,6,1,0,0,0,0,,0,,,,,,0,,,8,0,0,0,8,9,2,,,0,0,0,0,0,8,95,,,96,,,8,95,995,,,,,,,,,,,,,,,,,,,,,,,,,,,,,,0,0,0,0,0,0,0,0,0,1,0,1,0,0,0,0,0,0,0,0,0,0,0,1,1,0,0,0,0,1,0,1,0,0,0,,0,0,0,0,0,0,0,0,0,0,0,0,0,0,0,0,,,,,,21-25,16-25,Interstate,R,Thursday,Belt Used,PV,Not Fatal,0,0,0,0,State Route,State Patrol,Washington State Patrol,0,1,0,0,0,,,,,,0,0,0,,,,,,,,,,,,,,,,,,,,,,,,,,,,,,,,,,,
2018,389,E855214,346,10/18/2018,8:10,18,10,0,63,Spokane,1165,1,0,1,1,2,1,1,1,1,8:18,8:32,8:59,8,1,0,0,3,0,2,7,2,4,6,0,0,0,0,COUNTRY VISTA DR,E MISSION AVE,-117.0755917,47.67129167,0,1,13,80,5,25,34,0,0,1,5,8,1,1,2,1,1,1,1,53,0,7,482,1997,0,0,8,,,,,,1,1,21,1,0,0,0,0,99,0,11,0,,,,,0,0,0,3,1,91,0,0,0,92,,,,,,99,,,,,,99019,53,74,190,6,1,0,2,1,8,,1,,,,,,0,06/15/2014,07/15/2018,20,0,0,0,8,9,8,,,0,0,0,8,9,8,95,,,96,,,8,95,995,,,,,,,,,,,,,,,,,,,,,,,,,,,,,,0,0,0,1,0,0,0,0,0,0,0,0,0,0,0,0,1,0,0,0,0,0,0,1,1,0,0,0,0,1,0,1,0,0,0,,0,0,0,0,0,0,0,0,1,0,0,0,0,0,0,0,,,,,,21-25,16-25,City street,U,Thursday,Unknown,PV,Not Fatal,1,0,0,0,City Street,Municipal/City Police,LIBERTY LAKE POLICE DEPT,0,0,0,1,0,,,,,,0,0,0,,,,,,,,,,,,,,,,,,,,,,,,,,,,,,,,,,,
2018,390,E855368,7,10/12/2018,5:09,12,10,0,33,King,0,1,0,2,1,2,2,0,3,2,,,,12,0,2,21.6,1,0,1,3,1,1,3,0,0,0,0,SR-18,,-121.9634167,47.439625,0,2,51,62,4,55,4,0,0,1,2,12,1,2,3,1,1,2,2,53,0,37,31,2016,0,0,12,,,,,,1,1,59,2,7,4,4,7,3,0,11,0,10/12/2018,5:09,98053045561,45561,0,0,0,3,1,0,0,0,0,96,,,,,,0,,,,,,98001,53,60,115,6,1,0,0,0,0,,0,,,,,,0,,,8,0,0,0,0,9,8,,,0,0,0,8,0,2,1,,,1,,,2,1,0,,,,,,,,,,,,,,,,,,,,,,,,,,,,,,0,0,0,0,1,0,1,1,0,0,0,0,0,0,0,0,0,0,0,0,0,0,0,0,0,0,0,0,0,1,0,0,0,0,0,,1,0,0,0,0,0,0,0,0,0,0,0,0,0,0,0,,,,,,56-60,56-65,State route,R,Friday,Belt Used,PV,API,0,1,1,0,State Route,State Patrol,Washington State Patrol,0,1,0,0,0,,,,,,0,0,0,,,,,,,,,,,,,,,,,,,,,,,,,,,,,,,,,,,
2018,390,E855368,7,10/12/2018,5:09,12,10,0,33,King,0,1,0,2,1,2,2,0,3,2,,,,12,0,2,21.6,1,0,1,3,1,1,3,0,0,0,0,SR-18,,-121.9634167,47.439625,0,1,50,10,2,55,34,0,0,1,2,12,1,2,3,1,1,1,1,53,0,7,482,2003,0,0,68,12,,,,,1,1,36,1,0,0,1,0,3,0,11,8,,,,,0,0,0,3,1,28,91,0,0,96,,,,,,9,,,,,,98503,53,72,200,6,1,0,0,2,5,,1,,,,,,0,01/15/2014,05/15/2017,8,0,0,0,8,9,2,,,0,0,0,1,1,2,177,401,417,1,1,1,2,1,0,,,,,,,,,,,,,,,,,,,,,,,,,,,,,,0,0,0,0,1,0,1,1,0,0,0,0,0,0,0,0,0,0,0,0,0,0,0,0,0,0,0,0,0,1,0,0,0,0,0,,0,0,0,0,0,0,1,1,0,0,0,0,0,0,1,1,,,,,,36-40,36-45,State route,R,Friday,Belt Used,PV,Not Fatal,0,1,1,0,State Route,State Patrol,Washington State Patrol,0,1,0,0,0,,,,,,0,0,5,,,,,,,,,,,,,,,,,,,,,,,,,,,,,,,,,,,
2018,391,E855382,160,10/27/2018,22:36,27,10,0,33,King,1030,2,0,3,2,2,1,0,1,1,,,,30,0,0,2.6,1,0,1,3,2,1,3,0,0,0,0,SR-181,,-122.24945,47.41538056,0,1,1,6,1,50,2,0,0,1,7,30,1,1,7,5,1,1,2,53,0,37,31,2003,0,0,63,30,42,,,,1,1,17,2,7,7,4,0,3,0,11,4,10/29/2018,16:40,1.96E+11,48806,0,0,3,3,1,0,0,0,0,96,,,,,,99,,,,,,98030,53,62,100,6,2,0,0,0,0,,0,,,,,,4,,,1,0,0,0,0,9,8,,,0,0,0,8,9,2,1,,,1,,,2,1,0,,,,,,,,,,,,,,,,,,,,,,,,,,,,,,0,0,1,0,0,0,0,0,0,0,0,0,1,0,0,0,0,0,0,0,1,0,1,0,1,0,0,0,0,1,0,0,0,0,0,,1,0,0,0,0,0,0,0,0,1,0,0,0,0,0,0,,,,,,16-17,16-25,State route,U,Saturday,Belt Used,PV,API,0,1,0,0,State Route,Municipal/City Police,Kent Police Department,1,1,0,0,0,,,,,,0,0,0,,,,,,,,,,,,,,,,,,,,,,,,,,,,,,,,,,,
2018,392,E855512,40,09/02/2018,2:19,2,9,6,63,Spokane,0,1,0,2,1,2,1,0,1,1,,,,1,0,0,5.5,1,0,1,5,1,2,4,0,0,0,0,CR-S WELLS RD,,-117.4922472,47.29546667,0,1,6,6,1,45,21,1,0,1,7,1,3,1,2,1,14,1,1,53,0,12,461,1998,0,0,68,64,1,,,,1,1,60,1,7,1,4,7,20,0,11,0,09/02/2018,2:19,53039018,39018,0,0,0,3,1,0,0,0,0,92,,,,,,99,,,,,,99022,53,67,190,6,1,0,0,0,1,,0,,,,,,0,09/15/2018,09/15/2018,1,1,9,0,0,9,8,,,0,0,0,8,9,2,177,605,695,1,1,1,2,1,0.14,,,,,,,,,,,,,,,,,,,,,,,,,,,,,,0,0,1,0,1,1,1,1,1,0,0,0,0,0,0,0,1,0,0,1,0,0,0,0,0,0,0,0,0,1,0,0,0,1,0,,1,0,0,0,0,1,1,1,1,0,0,0,0,0,0,1,,,,,,56-60,56-65,County road,R,Sunday,Not Used,PV,White,0,1,0,0,County Road,County Sheriff,Spokane County Sheriff's Office,1,0,1,0,0,thc,888,carboxy-thc,888,,0,0,0,,,,,,,,,,,,,,,,,,,,,,,,,,,,,,,,,,,
2018,393,E855891,28,10/28/2018,23:41,28,10,0,37,Kittitas,620,1,0,2,1,2,1,1,1,1,23:42,23:58,,8,0,0,0,1,0,1,7,1,4,6,0,0,0,0,CR-W UNIVERSITY WAY,CURRIER ST N,-120.5849222,47.00678611,0,1,13,80,5,40,4,0,0,1,5,8,8,8,2,1,1,1,1,53,0,34,34,2010,0,0,8,,,,,,1,1,19,1,0,0,0,0,3,0,11,0,,,,,0,0,0,3,1,0,0,0,0,92,,,,,,99,,,,,,98930,53,71,155,6,2,0,0,0,0,,0,,,,,,0,,,20,0,0,0,8,9,8,,,0,0,0,8,9,2,1,,,1,,,2,1,0,,,,,,,,,,,,,,,,,,,,,,,,,,,,,,0,0,0,0,0,0,0,0,0,1,1,1,0,0,0,0,1,0,0,0,0,1,1,0,1,0,0,0,0,1,0,1,0,0,0,,0,0,0,0,0,0,0,0,1,0,0,0,0,0,0,0,,,,,,18-20,16-25,City street,R,Sunday,Belt Used,PV,Not Fatal,0,0,0,0,City Street,County Sheriff,Kittitas County Sheriff's Office,0,0,0,1,0,,,,,,0,0,0,,,,,,,,,,,,,,,,,,,,,,,,,,,,,,,,,,,
2018,394,E856029,7,10/22/2018,2:00,22,10,0,33,King,229,5,0,3,1,2,1,0,1,1,,,,42,0,0,30.1,1,0,1,3,2,1,3,0,0,0,0,SR-509,,-122.3324972,47.46520278,0,1,1,13,2,60,80,0,0,1,7,42,3,2,2,3,14,1,1,53,0,37,706,2004,0,0,63,42,,,,,1,1,22,1,7,1,4,7,19,0,11,0,10/22/2018,2:00,22953046353,46353,0,0,0,3,1,0,0,0,0,96,,,,,,99,,,,,,98148,53,71,195,6,1,0,0,0,1,,0,,,,,,3,02/15/2017,02/15/2017,20,8,0,0,0,9,8,,,0,0,0,8,9,2,1,,,1,,,2,1,0,,,,,,,,,,,,,,,,,,,,,,,,,,,,,,0,0,1,0,0,0,0,0,0,0,0,0,1,0,0,0,0,0,0,0,0,0,0,1,1,0,0,0,1,0,0,0,0,0,1,0,0,0,0,0,0,0,0,0,0,1,0,0,0,0,0,0,,,,,,21-25,16-25,State route,U,Monday,,MC,White,0,1,0,0,State Route,State Patrol,Washington State Patrol,1,1,0,0,0,,,,,,0,0,0,,,,,,,,,,,,,,,,,,,,,,,,,,,,,,,,,,,
2018,413,E856061,2,10/17/2018,6:00,17,10,0,61,Snohomish,0,2,0,2,2,2,1,0,4,4,,,,12,0,8,6.8,1,0,1,3,1,1,2,0,0,0,0,US-2,,-122.0702694,47.93606944,0,4,98,62,4,60,5,0,0,1,2,12,1,1,2,1,1,1,1,53,0,30,42,2017,0,0,12,,,,,,1,1,61,1,0,0,3,0,3,0,11,4,,,,,0,0,0,3,1,0,0,0,0,96,,,,,,0,,,,,,98201,53,67,220,6,1,0,0,0,0,,0,,,,,,0,,,1,0,0,0,8,9,8,,,0,0,0,8,0,8,95,,,96,,,8,95,995,,,,,,,,,,,,,,,,,,,,,,,,,,,,,,0,0,0,0,0,0,0,0,0,0,0,0,0,0,0,0,1,0,0,0,0,0,0,0,0,0,0,0,0,1,0,0,0,0,0,,0,0,0,0,0,0,0,0,0,0,0,0,0,0,0,0,,,,,,61-65,56-65,US highway,R,Wednesday,Belt Used,PV,Not Fatal,0,1,1,0,State Route,State Patrol,Washington State Patrol,0,1,0,0,0,,,,,,0,0,0,,,,,,,,,,,,,,,,,,,,,,,,,,,,,,,,,,,
2018,413,E856061,2,10/17/2018,6:00,17,10,0,61,Snohomish,0,2,0,2,2,2,1,0,4,4,,,,12,0,8,6.8,1,0,1,3,1,1,2,0,0,0,0,US-2,,-122.0702694,47.93606944,0,2,65,62,4,60,14,0,0,1,2,12,1,1,2,1,1,1,1,53,0,12,401,2002,0,0,12,,,,,,1,1,61,1,0,0,0,0,20,0,11,0,,,,,0,0,0,3,1,0,0,0,0,96,,,,,,0,,,,,,98203,53,69,260,6,1,0,0,0,0,,0,,,,,,0,,,20,0,0,0,8,9,8,,,0,0,0,8,0,8,95,,,96,,,8,95,995,,,,,,,,,,,,,,,,,,,,,,,,,,,,,,0,0,0,0,0,0,0,0,0,0,0,0,0,0,0,0,1,0,0,0,0,0,0,0,0,0,0,0,0,1,0,0,0,0,0,,0,0,0,0,0,0,0,0,0,0,0,0,0,0,0,0,,,,,,61-65,56-65,US highway,R,Wednesday,Not Used,PV,Not Fatal,0,1,1,0,State Route,State Patrol,Washington State Patrol,0,1,0,0,0,,,,,,0,0,0,,,,,,,,,,,,,,,,,,,,,,,,,,,,,,,,,,,
2018,413,E856061,2,10/17/2018,6:00,17,10,0,61,Snohomish,0,2,0,2,2,2,1,0,4,4,,,,12,0,8,6.8,1,0,1,3,1,1,2,0,0,0,0,US-2,,-122.0702694,47.93606944,0,3,98,62,4,60,14,0,0,1,2,12,1,1,2,1,1,1,2,53,0,2,404,2017,0,0,12,,,,,,1,1,49,1,0,0,3,0,3,0,11,4,,,,,0,0,3,3,1,0,0,0,0,96,,,,,,0,,,,,,98258,53,71,240,6,1,0,0,0,0,,0,,,,,,0,,,1,0,0,0,8,9,8,,,0,0,0,8,0,8,95,,,96,,,8,95,995,,,,,,,,,,,,,,,,,,,,,,,,,,,,,,0,0,0,0,0,0,0,0,0,0,0,0,0,0,0,0,1,0,0,0,0,0,0,0,0,0,0,0,0,1,0,0,0,0,0,,0,0,0,0,0,0,0,0,0,0,0,0,0,0,0,0,,,,,,46-50,46-55,US highway,R,Wednesday,Belt Used,PV,Not Fatal,0,1,1,0,State Route,State Patrol,Washington State Patrol,0,1,0,0,0,,,,,,0,0,0,,,,,,,,,,,,,,,,,,,,,,,,,,,,,,,,,,,
2018,413,E856061,2,10/17/2018,6:00,17,10,0,61,Snohomish,0,2,0,2,2,2,1,0,4,4,,,,12,0,8,6.8,1,0,1,3,1,1,2,0,0,0,0,US-2,,-122.0702694,47.93606944,0,1,64,10,2,60,14,0,0,1,2,12,1,1,2,1,1,1,1,53,0,35,402,2001,0,0,68,12,12,12,,,1,1,34,1,7,1,4,0,3,0,11,4,10/17/2018,18:05,69053045541,45541,0,0,0,3,1,28,0,0,0,92,,,,,,0,,,,,,98290,53,68,144,6,1,0,1,1,4,,0,,,,,,0,10/15/2013,04/15/2018,20,0,0,0,0,9,8,,,0,0,0,8,0,8,95,,,96,,,8,95,995,,,,,,,,,,,,,,,,,,,,,,,,,,,,,,0,0,0,0,0,0,0,0,0,0,0,0,0,0,0,0,1,0,0,0,0,0,0,0,0,0,0,0,0,1,0,0,0,0,0,,1,0,0,0,0,0,0,0,1,0,0,0,0,0,0,0,,,,,,31-35,26-35,US highway,R,Wednesday,Belt Used,PV,White,0,1,1,0,State Route,State Patrol,Washington State Patrol,0,1,0,0,0,,,,,,0,0,0,,,,,,,,,,,,,,,,,,,,,,,,,,,,,,,,,,,