year,case,par,repjur,crash_dt,crash_tm,accday,accmon,holiday,county,co_char,city,weather,weather2,lightcond,surfcond,surftype,numfatal,nmforms,pforms,vforms,not_tm,arr_tm,hosp_tm,fhevent,hitrun,manncol,milepnt,reljunc,reljuncinter,intersectiontype,funcsystem,landuse,ownership,route,schlbus,spejur,contdev,devfunc,trafid1,trafid2,x,y,wk_zone,vnumber,crashtype,criticalevent,criticaleventcat,spdlim,body,trailer,emerg,hazcargo,leave,mhevent,roadalgn,roadprof,traflane,trafflow,vehmanvr,numoccs,regowner,regstate,spuse,make,model,modelyr,vrf1,vrf2,seqevent1,seqevent2,seqevent3,seqevent4,seqevent5,seqevent6,pnumber,ptype,age,sex,hispanic,race,injury,diedscene,restraint,restraintmisuse,seatpos,takehosp,death_dt,death_tm,cert,cernum_wa,commlic,licendor,licrestrict,liccomp,drivpres,drf1,drf2,drf3,drf4,distract1,distract2,distract3,distract4,distract5,distract6,dricond1,dricond2,dricond3,dricond4,dricond5,dricond6,dzip,licstate,drhgt_in,weight,noncdl,noncdltype,prevdwi,prevoth,prevacc,prevspd,prevsus,driviol1,driviol2,driviol3,driviol4,driviol5,driviol6,spdrel,first_dt,last_dt,airbag,ejection,ejectpath,extricat,injurwrk,methalc,methdrug,nmlocat,strikveh,prf1,prf2,prf3,druginv,alcinvol,drugsts,drugres1,drugres2,drugres3,drugtst1,drugtst2,drugtst3,alcsts,alctst,alcres,nmact1,nmact2,nmact3,nmact4,nmact5,nmact6,nmprior1,nmprior2,nmprior3,nmprior4,nmprior5,nmprior6,nmcond1,nmcond2,nmcond3,nmcond4,nmcond5,nmcond6,nmsafe_helmet,nmsafe_pads,nmsafe_oth,nmprev_ref,nmprev_lgt,nmprev_oth,crashlocation,nmcrashtype,crosswalk,schoolzone,sidewalk,train_inv,wildlife_inv,rotr_fars,intersect_fars,dd_inv,aid_inv,dpd_inv,id_inv,mj_inv,impnm_inv,ainm_inv,dpnm_inv,speed_inv,unlic_inv,unendmc_inv,drowsy_inv,drdist_inv,nmdist_inv,fty_inv,unrestfat_inv,dr1617_inv,dr1820_inv,dr1620_inv,dr2125_inv,dr1625_inv,dr65_inv,dr70_inv,dr75_inv,mc_inv,pv_inv,ht_inv,ped_inv,bike_inv,unrest_fat,mc_fat,unhelmet_mc,pv_fat,ht_fat,ped_fat,bike_fat,dr_alc7,dr_alc8,dr_drug,dr_imp,dr_dist,dr_spd,dr_fty,dr_unlic,dr_alc7only,dr_alc8only,dr_drugonly,dr_drink,nm_imp,nm_alc7,nm_alc8,nm_drug,nm_dist,agegrp1,agegrp2,roadclass,urbrur,dayweek,restuse,vehtype,race_me,intersect,lanedep,oppdir,wrongway,rep_typ,investag,repag_long,rotr,st_rd,cty_rd,city_rd,oth_rd,drug_thc,thc_res,drug_cthc,cthc_res,drug_cann,prevpersemin,prevperse,prevsusoth,drugtst4,drugtst5,drugtst6,drugtst7,drugtst8,drugres4,drugres5,drugres6,drugres7,drugres8,adspresent,adsengaged,adslevel,race1,race2,race3,race4,race5,helmet,helmetmisuse,nmdistract1,nmdistract2,nmdistract3,nmdistract4,nmdistract5,nmdistract6,lab,isedtcase,crf1,crf2,crf3,CoRoadName,CoMP,IntCoRoadName,IntCoMP
2018,395,E856808,8,10/28/2018,23:54,28,10,0,31,Jefferson,0,1,0,3,2,2,1,0,2,2,23:48,23:56,0:43,31,0,0,293.7,1,0,1,3,1,1,2,0,0,0,0,US-101,,-122.8756333,47.8231,0,1,1,6,1,30,14,0,0,1,2,14,2,1,2,1,14,2,1,53,0,12,402,2005,0,0,68,68,63,31,14,,1,1,38,2,7,1,4,7,3,0,11,0,10/29/2018,1:18,53047575,47575,0,0,0,3,1,58,0,0,0,96,,,,,,9,,,,,,98382,53,63,135,6,1,0,0,0,1,,0,,,,,,4,09/15/2017,09/15/2017,20,2,9,0,0,1,1,,,0,0,0,1,1,2,605,695,,1,1,,2,1,0.17,,,,,,,,,,,,,,,,,,,,,,,,,,,,,,0,0,1,0,1,1,1,1,1,0,0,0,1,0,0,0,0,0,0,0,0,0,0,0,0,0,0,0,0,1,0,0,0,0,0,,1,0,0,0,0,1,1,1,0,1,0,0,0,0,0,1,,,,,,36-40,36-45,US highway,R,Sunday,Belt Used,PV,White,0,1,0,0,State Route,State Patrol,Washington State Patrol,1,1,0,0,0,thc,3.7,carboxy-thc,23,,0,0,0,,,,,,,,,,,,,,,,,,,,,,,,,,,,,,,,,,,
2018,396,E856916,8,10/12/2018,21:30,12,10,0,31,Jefferson,0,1,0,2,1,2,1,0,3,1,,,,34,0,0,174.6,1,0,1,3,1,1,2,0,0,0,0,US-101,,-124.24955,47.78778333,0,1,1,13,2,55,4,0,0,1,2,34,3,1,2,1,14,3,1,53,0,20,25,2013,0,0,63,34,,,,,1,1,54,1,0,0,1,0,3,0,11,8,,,,,0,0,0,2,1,91,0,0,0,96,,,,,,9,,,,,,98331,53,64,230,1,1,1,1,0,0,,1,11,14,,,,0,03/15/2017,09/15/2018,1,0,0,0,8,9,8,,,0,0,0,8,1,2,1,,,1,,,2,1,0.12,,,,,,,,,,,,,,,,,,,,,,,,,,,,,,0,0,1,0,1,1,0,1,0,0,0,0,0,1,0,0,0,0,0,1,0,0,0,0,0,0,0,0,0,1,0,0,0,0,0,,0,0,0,0,0,1,0,1,0,0,0,1,0,1,0,1,,,,,,51-55,46-55,US highway,R,Friday,Belt Used,PV,Not Fatal,0,1,0,0,State Route,State Patrol,Washington State Patrol,1,1,0,0,0,,,,,,0,1,1,,,,,,,,,,,,,,,,,,,,,,,,,,,,,,,,,,,
2018,397,E857085,26,11/03/2018,11:17,3,11,0,35,Kitsap,0,2,0,1,2,2,1,0,1,1,,,,31,0,0,1,1,0,1,5,1,2,4,0,0,0,0,CR-HANSVILLE RD NE,,-122.5415028,47.82380278,0,1,1,13,2,45,34,0,0,1,7,42,1,2,2,1,1,1,1,53,0,20,481,1998,0,0,63,31,42,,,,1,1,71,1,7,3,4,7,3,0,11,0,11/03/2018,11:17,53048297,48297,0,0,3,3,1,0,0,0,0,96,,,,,,99,,,,,,98346,53,70,260,6,1,0,0,0,0,,0,,,,,,0,,,1,0,0,0,0,9,8,,,0,0,0,8,9,2,996,,,1,,,2,1,0,,,,,,,,,,,,,,,,,,,,,,,,,,,,,,0,0,1,0,0,0,1,1,0,0,0,0,0,0,0,0,0,0,0,0,0,0,0,0,0,1,1,0,0,1,0,0,0,0,0,,1,0,0,0,0,0,1,1,0,0,0,0,0,0,1,0,,,,,,71-75,66-75,County road,R,Saturday,Belt Used,PV,AIAN,0,1,0,0,County Road,County Sheriff,Kitsap County Sheriff's Office,1,0,1,0,0,,,,,,0,0,0,,,,,,,,,,,,,,,,,,,,,,,,,,,,,,,,,,,
2018,398,E857161,42,11/04/2018,12:34,4,11,0,67,Thurston,0,10,0,1,2,2,1,0,1,1,,,,1,0,0,5.6,1,0,1,5,1,2,4,0,0,0,0,CR-WADDELL CREEK RD SW,,-123.04815,46.95570833,0,1,98,6,1,35,80,0,0,1,7,1,3,2,2,1,14,1,1,53,0,37,706,2007,0,0,1,,,,,,1,1,82,1,7,1,4,7,19,0,11,0,11/04/2018,12:34,53048755,48755,0,0,0,3,1,0,0,0,0,96,,,,,,0,,,,,,98335,53,72,195,6,1,0,0,0,0,,0,,,,,,4,,,20,8,0,0,0,9,8,,,0,0,0,8,0,2,1,,,1,,,2,1,0,,,,,,,,,,,,,,,,,,,,,,,,,,,,,,0,0,0,0,0,0,0,0,0,0,0,0,1,0,0,0,0,0,0,0,0,0,0,0,0,1,1,1,1,0,0,0,0,0,1,0,0,0,0,0,0,0,0,0,0,1,0,0,0,0,0,0,,,,,,81+,76+,County road,R,Sunday,,MC,White,0,0,0,0,County Road,County Sheriff,Thurston County Sheriff's Office,0,0,1,0,0,,,,,,0,0,0,,,,,,,,,,,,,,,,,,,,,,,,,,,,,,,,,,,
2018,399,E857304,1,11/04/2018,11:55,4,11,0,21,Franklin,1660,99,0,9,99,2,1,1,1,1,13:52,13:59,,8,1,0,0.1,5,1,1,1,2,1,1,0,0,0,0,I-182,,-119.1275556,46.25058611,0,1,13,80,5,98,99,0,0,1,5,8,3,2,2,6,14,99,9,91,0,99,999,9999,0,0,64,8,,,,,1,1,999,8,0,0,9,0,99,0,11,0,,,,,99,9,9,9,1,0,0,0,0,96,,,,,,99,,,,,,99999,99,,999,9,9,99,99,99,99,,97,,,,,,0,,,99,0,0,0,8,9,8,,,0,0,0,8,9,0,0,,,0,,,0,0,996,,,,,,,,,,,,,,,,,,,,,,,,,,,,,,0,0,0,0,0,0,0,0,0,1,1,1,0,0,0,0,0,0,0,0,0,0,0,0,0,0,0,0,0,0,0,1,0,0,0,,0,0,0,0,0,0,0,0,0,0,0,0,0,0,0,0,,,,,,,,Interstate,U,Sunday,,NR-U,Not Fatal,0,0,0,0,State Route,State Patrol,Washington State Patrol,0,1,0,0,0,,,,,,99,99,99,,,,,,,,,,,,,,,,,,,,,,,,,,,,,,,,,,,
2018,400,E857393,41,11/02/2018,19:00,2,11,0,65,Stevens,0,10,0,2,98,5,1,0,1,1,,,,1,0,0,0,1,0,1,7,1,98,8,0,0,0,0,SMACKOUT CREEK RD,,-117.5681389,48.79036667,0,1,6,13,2,98,14,0,0,1,7,1,2,2,8,1,14,1,1,53,0,2,403,1998,0,0,63,69,64,1,42,,1,1,40,1,7,1,4,7,99,0,11,0,11/02/2018,19:00,53048281,48281,0,0,0,3,1,0,0,0,0,92,,,,,,99,,,,,,99114,53,75,265,6,1,0,0,0,0,,0,,,,,,0,,,20,1,9,0,0,9,2,,,0,0,0,0,9,2,1,,,1,,,2,1,0,,,,,,,,,,,,,,,,,,,,,,,,,,,,,,0,0,1,0,0,0,0,0,0,0,0,0,0,0,0,0,1,0,0,0,0,0,0,0,0,0,0,0,0,1,0,0,0,0,0,,1,0,0,0,0,0,0,0,1,0,0,0,0,0,0,0,,,,,,36-40,36-45,Other,R,Friday,Unknown,PV,White,0,1,0,0,Other,County Sheriff,Stevens County Sheriff's Office,1,0,0,0,1,,,,,,0,0,0,,,,,,,,,,,,,,,,,,,,,,,,,,,,,,,,,,,
2018,402,E857487,297,11/03/2018,22:13,3,11,0,33,King,2310,2,0,3,2,2,1,0,5,2,,,,12,0,6,4.8,1,0,1,3,2,1,3,0,0,0,0,SR-181,,-122.2440417,47.446625,0,1,64,6,1,40,4,0,0,1,7,12,2,1,5,5,14,4,2,53,0,55,33,2005,0,0,68,12,,,,,1,1,16,2,0,0,1,0,2,0,11,8,,,,,0,0,3,3,1,28,0,0,0,96,,,,,,0,,,,,,98055,53,64,105,6,2,0,0,0,0,,97,,,,,,3,,,8,0,0,0,8,9,8,,,0,0,0,8,0,8,95,,,96,,,8,95,995,,,,,,,,,,,,,,,,,,,,,,,,,,,,,,0,0,0,0,0,0,0,0,0,0,0,0,1,0,0,0,0,0,0,0,1,0,1,0,1,0,0,0,0,1,0,0,0,0,0,,0,0,0,0,0,0,0,0,0,1,0,0,0,0,0,0,,,,,,16-17,16-25,State route,U,Saturday,Belt Used,PV,Not Fatal,0,1,1,0,State Route,Municipal/City Police,Tukwila Police Department,0,1,0,0,0,,,,,,0,0,0,,,,,,,,,,,,,,,,,,,,,,,,,,,,,,,,,,,
2018,402,E857487,297,11/03/2018,22:13,3,11,0,33,King,2310,2,0,3,2,2,1,0,5,2,,,,12,0,6,4.8,1,0,1,3,2,1,3,0,0,0,0,SR-181,,-122.2440417,47.446625,0,2,65,62,4,40,4,0,0,1,7,12,3,1,5,5,14,1,2,53,0,37,31,1993,0,0,12,,,,,,1,1,27,1,1,3,4,7,3,0,11,0,11/03/2018,22:13,2.31E+11,48739,0,0,0,3,1,0,0,0,0,96,,,,,,0,,,,,,98055,53,72,190,6,1,0,0,1,0,,0,,,,,,0,06/15/2018,06/15/2018,20,0,0,0,0,9,8,,,0,0,0,8,0,2,1,,,1,,,2,1,0,,,,,,,,,,,,,,,,,,,,,,,,,,,,,,0,0,0,0,0,0,0,0,0,0,0,0,1,0,0,0,0,0,0,0,1,0,1,0,1,0,0,0,0,1,0,0,0,0,0,,1,0,0,0,0,0,0,0,0,0,0,0,0,0,0,0,,,,,,26-30,26-35,State route,U,Saturday,Belt Used,PV,Hispanic,0,1,1,0,State Route,Municipal/City Police,Tukwila Police Department,0,1,0,0,0,,,,,,0,0,0,,,,,,,,,,,,,,,,,,,,,,,,,,,,,,,,,,,
2018,403,E857585,2,11/03/2018,22:06,3,11,0,57,Skagit,0,2,0,2,2,2,1,0,2,2,22:00,22:11,22:35,12,0,2,3.1,1,0,1,5,1,2,4,0,0,0,0,CR-FRANCIS RD,,-122.2873083,48.46795278,0,1,50,10,2,50,14,0,0,1,7,12,1,1,2,1,1,1,1,53,0,63,402,2008,0,0,68,12,,,,,1,1,31,1,0,0,1,0,3,0,11,5,,,,,0,0,0,3,1,28,0,0,0,96,,,,,,9,,,,,,98232,53,67,165,6,1,0,2,0,3,,97,,,,,,0,03/15/2014,04/15/2017,8,0,0,0,8,9,8,,,0,0,0,8,1,8,95,,,96,,,8,95,995,,,,,,,,,,,,,,,,,,,,,,,,,,,,,,0,0,0,0,1,0,1,1,1,0,0,0,0,0,0,0,0,0,0,0,0,0,0,0,0,0,0,0,0,1,0,0,0,0,0,,0,0,0,0,0,0,0,0,0,0,0,0,0,0,0,1,,,,,,31-35,26-35,County road,R,Saturday,Belt Used,PV,Not Fatal,0,1,1,0,County Road,State Patrol,Washington State Patrol,0,0,1,0,0,,,,,,0,0,4,,,,,,,,,,,,,,,,,,,,,,,,,,,,,,,,,,,
2018,403,E857585,2,11/03/2018,22:06,3,11,0,57,Skagit,0,2,0,2,2,2,1,0,2,2,22:00,22:11,22:35,12,0,2,3.1,1,0,1,5,1,2,4,0,0,0,0,CR-FRANCIS RD,,-122.2873083,48.46795278,0,2,51,62,4,50,4,0,0,1,7,12,1,1,2,1,1,1,1,53,0,37,31,1999,0,0,12,,,,,,1,1,38,2,7,1,4,7,3,0,11,0,11/03/2018,22:06,53050351,50351,0,0,0,3,1,0,0,0,0,96,,,,,,99,,,,,,98273,53,68,235,6,1,0,2,0,0,,0,,,,,,0,08/15/2016,06/15/2017,8,0,0,0,0,9,8,,,0,0,0,8,9,2,605,695,996,1,1,1,2,1,0,,,,,,,,,,,,,,,,,,,,,,,,,,,,,,0,0,0,0,1,0,1,1,1,0,0,0,0,0,0,0,0,0,0,0,0,0,0,0,0,0,0,0,0,1,0,0,0,0,0,,1,0,0,0,0,0,1,1,0,0,0,0,0,0,1,0,,,,,,36-40,36-45,County road,R,Saturday,Belt Used,PV,White,0,1,1,0,County Road,State Patrol,Washington State Patrol,0,0,1,0,0,thc,8.7,carboxy-thc,50,,0,0,0,1,,,,,996,,,,,,,,,,,,,,,,,,,,,,,,,,,,,
2018,503,E857686,2,11/01/2018,4:51,1,11,0,61,Snohomish,690,2,0,3,2,2,1,0,1,1,,,,59,0,0,188.3,1,0,1,1,2,1,1,0,0,0,0,I-5,,-122.2131139,47.90418611,0,1,1,13,2,60,4,0,0,1,7,42,1,1,4,3,1,1,1,53,0,6,18,2013,0,0,63,59,38,42,,,1,1,46,2,7,1,4,7,20,0,11,0,11/01/2018,4:51,69053047909,47909,0,0,0,3,1,0,0,0,0,92,,,,,,99,,,,,,98223,53,65,320,6,1,0,3,0,2,,0,,,,,,0,06/15/2014,11/15/2017,1,0,0,0,0,9,8,,,0,0,0,8,9,2,401,417,,1,1,,2,1,0,,,,,,,,,,,,,,,,,,,,,,,,,,,,,,0,0,1,0,0,0,1,1,0,0,0,0,0,0,0,0,1,0,0,1,0,0,0,0,0,0,0,0,0,1,0,0,0,1,0,,1,0,0,0,0,0,1,1,1,0,0,0,0,0,1,0,,,,,,46-50,46-55,Interstate,U,Thursday,Not Used,PV,White,0,0,0,0,State Route,,,0,1,0,0,0,,,,,,0,0,0,,,,,,,,,,,,,,,,,,,,,,,,,,,,,,,,,,,
2018,404,E857842,11,11/04/2018,18:15,4,11,0,5,Benton,0,1,0,2,1,2,1,0,1,1,,,,11,0,0,0,1,0,1,96,6,96,8,0,0,0,0,GLADE NORTH RD,,-119.3849861,46.47406111,0,1,13,87,6,60,80,0,0,1,7,11,1,2,8,8,1,1,1,53,0,72,706,2009,0,0,11,,,,,,1,1,28,1,7,1,4,0,16,0,11,4,11/07/2018,0:06,1.85E+11,48759,0,0,0,3,1,0,0,0,0,96,,,,,,0,,,,,,99336,53,74,240,6,1,0,1,0,0,,0,,,,,,0,11/15/2016,11/15/2016,20,8,0,0,0,9,8,,,0,0,0,8,0,2,1,,,1,,,2,1,0,,,,,,,,,,,,,,,,,,,,,,,,,,,,,,0,1,0,0,0,0,0,0,0,0,0,0,0,0,0,0,0,0,0,0,0,0,0,0,0,0,0,0,1,0,0,0,0,0,1,1,0,0,0,0,0,0,0,0,0,0,0,0,0,0,0,0,,,,,,26-30,26-35,Other,,Sunday,,MC,White,0,0,0,0,Other,County Sheriff,Benton County Sheriff's Office,0,0,0,0,1,,,,,,0,0,0,,,,,,,,,,,,,,,,,,,,,,,,,,,,,,,,,,,
2018,446,E858418,2,11/06/2018,12:02,6,11,0,29,Island,0,10,0,1,2,2,1,0,2,2,12:04,12:08,13:18,12,0,6,2.7,2,0,2,5,1,2,4,0,0,20,3,CR-N CAMANO DR,UTSALADY RD,-122.4814972,48.25010833,0,1,89,17,2,35,4,0,0,1,7,12,4,2,2,1,14,1,1,53,0,42,48,2006,0,0,12,63,38,,,,1,1,83,1,7,1,4,0,3,0,11,5,11/09/2018,2:20,1.96E+11,49801,0,0,0,3,1,38,0,0,0,92,,,,,,0,,,,,,98282,53,72,260,6,1,0,1,0,1,,0,,,,,,0,01/15/2016,07/15/2016,2,0,0,0,0,9,8,,,0,0,0,8,0,2,177,348,,1,1,,2,1,0,,,,,,,,,,,,,,,,,,,,,,,,,,,,,,0,0,0,1,0,0,1,1,0,0,0,0,0,0,0,0,1,0,1,0,0,0,0,0,0,1,1,1,0,1,0,0,0,0,0,,1,0,0,0,0,0,1,1,1,0,1,0,0,0,1,0,,,,,,81+,76+,County road,R,Tuesday,Belt Used,PV,White,1,0,0,0,County Road,State Patrol,Washington State Patrol,0,0,1,0,0,,,,,,0,0,0,,,,,,,,,,,,,,,,,,,,,,,,,,,,,,,,,,,
2018,446,E858418,2,11/06/2018,12:02,6,11,0,29,Island,0,10,0,1,2,2,1,0,2,2,12:04,12:08,13:18,12,0,6,2.7,2,0,2,5,1,2,4,0,0,0,0,CR-N CAMANO DR,UTSALADY RD,-122.4814972,48.25010833,0,2,88,66,4,35,34,0,0,1,7,12,8,8,2,1,1,1,1,53,0,20,481,2006,0,0,12,,,,,,1,1,52,1,0,0,1,0,3,0,11,6,,,,,0,0,3,3,1,0,0,0,0,0,,,,,,0,,,,,,98292,53,74,250,6,1,0,0,0,0,,0,,,,,,0,,,20,0,0,0,8,9,8,,,0,0,0,8,0,8,95,,,96,,,8,95,995,,,,,,,,,,,,,,,,,,,,,,,,,,,,,,0,0,0,1,0,0,1,1,0,0,0,0,0,0,0,0,1,0,1,0,0,0,0,0,0,1,1,1,0,1,0,0,0,0,0,,0,0,0,0,0,0,0,0,0,0,0,0,0,0,0,0,,,,,,51-55,46-55,County road,R,Tuesday,Belt Used,PV,Not Fatal,1,0,0,0,County Road,State Patrol,Washington State Patrol,0,0,1,0,0,,,,,,0,0,0,,,,,,,,,,,,,,,,,,,,,,,,,,,,,,,,,,,
2018,406,E858776,180,11/08/2018,18:44,8,11,0,15,Cowlitz,1190,1,0,3,1,2,1,1,2,1,,,,8,0,0,0,1,0,1,7,2,4,6,0,0,0,0,NE NICHOLS BLVD,MAPLE ST,-122.9527472,46.14375556,0,1,13,80,5,35,4,0,0,1,5,8,1,1,2,1,1,2,2,53,0,63,38,2011,0,0,8,,,,,,1,1,28,2,0,0,0,0,99,0,11,0,,,,,0,0,0,3,1,10,0,0,0,12,,,,,,0,,,,,,98626,53,62,115,6,1,0,0,0,1,,0,,,,,,0,04/15/2014,04/15/2014,20,0,0,0,8,9,8,,,0,0,0,8,0,2,177,401,417,1,1,1,2,1,0,,,,,,,,,,,,,,,,,,,,,,,,,,,,,,0,0,0,0,0,0,1,1,0,1,0,1,0,0,0,0,1,0,0,0,0,0,0,0,0,0,0,0,0,1,0,1,0,0,0,,0,0,0,0,0,0,1,1,1,0,0,0,0,0,1,0,,,,,,26-30,26-35,City street,U,Thursday,Unknown,PV,Not Fatal,0,0,0,0,City Street,Municipal/City Police,Longview Police Department,0,0,0,1,0,,,,,,0,0,0,,,,,,,,,,,,,,,,,,,,,,,,,,,,,,,,,,,
2018,407,E859114,3,11/02/2018,13:19,2,11,0,53,Pierce,1124,1,0,1,1,1,1,0,3,2,,,,12,0,6,128.1,1,0,1,1,2,1,1,0,0,0,0,I-5,,-122.4726333,47.17031389,0,1,46,8,1,60,34,0,0,1,7,12,1,1,4,3,15,1,1,53,0,12,481,2014,0,0,12,64,63,25,,,1,1,71,1,7,1,4,0,3,0,11,4,11/02/2018,13:57,76353048811,48811,0,0,0,3,1,0,0,0,0,92,,,,,,1,,,,,,98271,53,71,260,6,1,0,1,1,0,,0,,,,,,0,09/15/2014,09/15/2014,20,0,0,0,0,9,8,,,0,0,0,8,9,2,155,157,,1,1,,2,1,0,,,,,,,,,,,,,,,,,,,,,,,,,,,,,,0,0,0,0,0,0,1,1,0,0,0,0,0,0,0,0,1,0,0,0,0,0,0,0,0,1,1,1,0,1,0,0,0,0,0,,1,0,0,0,0,0,1,1,1,0,0,0,0,0,1,0,,,,,,71-75,66-75,Interstate,U,Friday,Belt Used,PV,White,0,0,0,0,State Route,State Patrol,Washington State Patrol,0,1,0,0,0,,,,,,0,0,0,,,,,,,,,,,,,,,,,,,,,,,,,,,,,,,,,,,
2018,407,E859114,3,11/02/2018,13:19,2,11,0,53,Pierce,1124,1,0,1,1,1,1,0,3,2,,,,12,0,6,128.1,1,0,1,1,2,1,1,0,0,0,0,I-5,,-122.4726333,47.17031389,0,2,45,61,4,60,15,0,0,1,7,12,1,1,4,3,1,2,1,53,0,23,421,2005,0,0,12,64,25,25,69,,1,1,79,1,0,0,0,0,3,0,11,0,,,,,0,0,3,3,1,0,0,0,0,0,,,,,,0,,,,,,98445,53,67,220,6,1,0,0,0,0,,0,,,,,,0,,,20,0,0,0,8,9,8,,,0,0,0,8,0,8,95,,,96,,,8,95,995,,,,,,,,,,,,,,,,,,,,,,,,,,,,,,0,0,0,0,0,0,1,1,0,0,0,0,0,0,0,0,1,0,0,0,0,0,0,0,0,1,1,1,0,1,0,0,0,0,0,,0,0,0,0,0,0,0,0,0,0,0,0,0,0,0,0,,,,,,76-80,76+,Interstate,U,Friday,Belt Used,PV,Not Fatal,0,0,0,0,State Route,State Patrol,Washington State Patrol,0,1,0,0,0,,,,,,0,0,0,,,,,,,,,,,,,,,,,,,,,,,,,,,,,,,,,,,
2018,408,E859394,4,11/07/2018,17:24,7,11,0,65,Stevens,0,1,0,3,1,2,1,0,6,5,,,,12,0,1,217.8,3,0,3,3,1,1,2,0,0,0,0,US-395,BLUE CREEK,-117.8191417,48.32014444,0,1,20,50,3,60,14,0,0,1,2,12,1,2,3,1,1,2,9,95,0,48,402,2009,0,0,12,,,,,,1,1,87,1,0,0,1,0,3,0,11,8,,,,,99,9,9,9,1,0,0,0,0,93,,,,,,0,,,,,,0,95,,999,9,9,99,99,99,99,,97,,,,,,0,,,1,0,0,0,8,9,2,,,0,0,0,0,0,0,0,,,0,,,8,95,995,,,,,,,,,,,,,,,,,,,,,,,,,,,,,,0,0,0,1,0,0,0,0,0,0,0,0,0,0,0,0,1,0,0,0,1,0,1,1,1,1,1,1,0,1,0,0,0,0,0,,0,0,0,0,0,0,0,0,1,0,0,0,0,0,0,0,,,,,,81+,76+,US highway,R,Wednesday,Belt Used,PV,Not Fatal,1,0,0,0,State Route,State Patrol,Washington State Patrol,0,1,0,0,0,,,,,,99,99,99,,,,,,,,,,,,,,,,,,,,,,,,,,,,,,,,,,,
2018,408,E859394,4,11/07/2018,17:24,7,11,0,65,Stevens,0,1,0,3,1,2,1,0,6,5,,,,12,0,1,217.8,3,0,3,3,1,1,2,0,0,0,0,US-395,BLUE CREEK,-117.8191417,48.32014444,0,2,21,60,4,60,4,0,0,1,2,12,1,2,3,1,5,1,1,53,0,49,32,2016,0,0,12,12,68,12,12,,1,1,22,2,0,0,1,0,3,0,11,8,,,,,0,0,0,3,1,0,0,0,0,96,,,,,,0,,,,,,99101,53,62,148,6,1,0,0,0,0,,0,,,,,,0,,,2,0,0,0,8,9,8,,,0,0,0,8,0,8,95,,,96,,,8,95,995,,,,,,,,,,,,,,,,,,,,,,,,,,,,,,0,0,0,1,0,0,0,0,0,0,0,0,0,0,0,0,1,0,0,0,1,0,1,1,1,1,1,1,0,1,0,0,0,0,0,,0,0,0,0,0,0,0,0,0,0,0,0,0,0,0,0,,,,,,21-25,16-25,US highway,R,Wednesday,Belt Used,PV,Not Fatal,1,0,0,0,State Route,State Patrol,Washington State Patrol,0,1,0,0,0,,,,,,0,0,0,,,,,,,,,,,,,,,,,,,,,,,,,,,,,,,,,,,
2018,408,E859394,4,11/07/2018,17:24,7,11,0,65,Stevens,0,1,0,3,1,2,1,0,6,5,,,,12,0,1,217.8,3,0,3,3,1,1,2,0,0,0,0,US-395,BLUE CREEK,-117.8191417,48.32014444,0,3,98,60,4,60,6,0,0,1,5,12,1,2,3,1,5,1,2,53,0,48,34,1997,0,0,12,,,,,,1,1,17,1,0,0,0,0,3,0,11,0,,,,,0,0,3,3,1,0,0,0,0,0,,,,,,0,,,,,,99109,53,70,235,6,2,0,0,0,0,,0,,,,,,0,,,20,0,0,0,8,9,8,,,0,0,0,8,0,0,0,,,0,,,8,95,995,,,,,,,,,,,,,,,,,,,,,,,,,,,,,,0,0,0,1,0,0,0,0,0,0,0,0,0,0,0,0,1,0,0,0,1,0,1,1,1,1,1,1,0,1,0,0,0,0,0,,0,0,0,0,0,0,0,0,0,0,0,0,0,0,0,0,,,,,,16-17,16-25,US highway,R,Wednesday,Belt Used,PV,Not Fatal,1,0,0,0,State Route,State Patrol,Washington State Patrol,0,1,0,0,0,,,,,,0,0,0,,,,,,,,,,,,,,,,,,,,,,,,,,,,,,,,,,,
2018,408,E859394,4,11/07/2018,17:24,7,11,0,65,Stevens,0,1,0,3,1,2,1,0,6,5,,,,12,0,1,217.8,3,0,3,3,1,1,2,0,0,20,3,US-395,BLUE CREEK,-117.8191417,48.32014444,0,5,98,98,7,25,34,0,0,1,5,12,1,2,2,1,5,1,1,53,0,7,482,2007,0,0,12,,,,,,1,1,22,1,0,0,0,0,3,0,11,0,,,,,6,0,0,3,1,0,0,0,0,0,,,,,,0,,,,,,99114,53,62,170,6,1,0,5,0,7,,0,,,,,,0,05/15/2014,07/15/2018,20,0,0,0,8,9,8,,,0,0,0,8,0,8,95,,,96,,,8,95,995,,,,,,,,,,,,,,,,,,,,,,,,,,,,,,0,0,0,1,0,0,0,0,0,0,0,0,0,0,0,0,1,0,0,0,1,0,1,1,1,1,1,1,0,1,0,0,0,0,0,,0,0,0,0,0,0,0,0,0,0,0,0,0,0,0,0,,,,,,21-25,16-25,US highway,R,Wednesday,Belt Used,PV,Not Fatal,1,0,0,0,State Route,State Patrol,Washington State Patrol,0,1,0,0,0,,,,,,0,0,0,,,,,,,,,,,,,,,,,,,,,,,,,,,,,,,,,,,
2018,408,E859394,4,11/07/2018,17:24,7,11,0,65,Stevens,0,1,0,3,1,2,1,0,6,5,,,,12,0,1,217.8,3,0,3,3,1,1,2,0,0,0,0,US-395,BLUE CREEK,-117.8191417,48.32014444,0,4,98,62,4,60,2,0,0,1,5,12,1,2,2,1,1,1,2,53,0,49,38,1992,0,0,12,,,,,,1,1,60,1,0,0,0,0,3,0,11,0,,,,,0,0,0,3,1,0,0,0,0,96,,,,,,0,,,,,,99217,53,67,176,6,1,0,0,0,1,,0,,,,,,0,01/15/2018,01/15/2018,20,0,0,0,8,9,8,,,0,0,0,8,0,8,95,,,96,,,8,95,995,,,,,,,,,,,,,,,,,,,,,,,,,,,,,,0,0,0,1,0,0,0,0,0,0,0,0,0,0,0,0,1,0,0,0,1,0,1,1,1,1,1,1,0,1,0,0,0,0,0,,0,0,0,0,0,0,0,0,0,0,0,0,0,0,0,0,,,,,,56-60,56-65,US highway,R,Wednesday,Belt Used,PV,Not Fatal,1,0,0,0,State Route,State Patrol,Washington State Patrol,0,1,0,0,0,,,,,,0,0,0,,,,,,,,,,,,,,,,,,,,,,,,,,,,,,,,,,,