year,case,par,repjur,crash_dt,crash_tm,accday,accmon,holiday,county,co_char,city,weather,weather2,lightcond,surfcond,surftype,numfatal,nmforms,pforms,vforms,not_tm,arr_tm,hosp_tm,fhevent,hitrun,manncol,milepnt,reljunc,reljuncinter,intersectiontype,funcsystem,landuse,ownership,route,schlbus,spejur,contdev,devfunc,trafid1,trafid2,x,y,wk_zone,vnumber,crashtype,criticalevent,criticaleventcat,spdlim,body,trailer,emerg,hazcargo,leave,mhevent,roadalgn,roadprof,traflane,trafflow,vehmanvr,numoccs,regowner,regstate,spuse,make,model,modelyr,vrf1,vrf2,seqevent1,seqevent2,seqevent3,seqevent4,seqevent5,seqevent6,pnumber,ptype,age,sex,hispanic,race,injury,diedscene,restraint,restraintmisuse,seatpos,takehosp,death_dt,death_tm,cert,cernum_wa,commlic,licendor,licrestrict,liccomp,drivpres,drf1,drf2,drf3,drf4,distract1,distract2,distract3,distract4,distract5,distract6,dricond1,dricond2,dricond3,dricond4,dricond5,dricond6,dzip,licstate,drhgt_in,weight,noncdl,noncdltype,prevdwi,prevoth,prevacc,prevspd,prevsus,driviol1,driviol2,driviol3,driviol4,driviol5,driviol6,spdrel,first_dt,last_dt,airbag,ejection,ejectpath,extricat,injurwrk,methalc,methdrug,nmlocat,strikveh,prf1,prf2,prf3,druginv,alcinvol,drugsts,drugres1,drugres2,drugres3,drugtst1,drugtst2,drugtst3,alcsts,alctst,alcres,nmact1,nmact2,nmact3,nmact4,nmact5,nmact6,nmprior1,nmprior2,nmprior3,nmprior4,nmprior5,nmprior6,nmcond1,nmcond2,nmcond3,nmcond4,nmcond5,nmcond6,nmsafe_helmet,nmsafe_pads,nmsafe_oth,nmprev_ref,nmprev_lgt,nmprev_oth,crashlocation,nmcrashtype,crosswalk,schoolzone,sidewalk,train_inv,wildlife_inv,rotr_fars,intersect_fars,dd_inv,aid_inv,dpd_inv,id_inv,mj_inv,impnm_inv,ainm_inv,dpnm_inv,speed_inv,unlic_inv,unendmc_inv,drowsy_inv,drdist_inv,nmdist_inv,fty_inv,unrestfat_inv,dr1617_inv,dr1820_inv,dr1620_inv,dr2125_inv,dr1625_inv,dr65_inv,dr70_inv,dr75_inv,mc_inv,pv_inv,ht_inv,ped_inv,bike_inv,unrest_fat,mc_fat,unhelmet_mc,pv_fat,ht_fat,ped_fat,bike_fat,dr_alc7,dr_alc8,dr_drug,dr_imp,dr_dist,dr_spd,dr_fty,dr_unlic,dr_alc7only,dr_alc8only,dr_drugonly,dr_drink,nm_imp,nm_alc7,nm_alc8,nm_drug,nm_dist,agegrp1,agegrp2,roadclass,urbrur,dayweek,restuse,vehtype,race_me,intersect,lanedep,oppdir,wrongway,rep_typ,investag,repag_long,rotr,st_rd,cty_rd,city_rd,oth_rd,drug_thc,thc_res,drug_cthc,cthc_res,drug_cann,prevpersemin,prevperse,prevsusoth,drugtst4,drugtst5,drugtst6,drugtst7,drugtst8,drugres4,drugres5,drugres6,drugres7,drugres8,adspresent,adsengaged,adslevel,race1,race2,race3,race4,race5,helmet,helmetmisuse,nmdistract1,nmdistract2,nmdistract3,nmdistract4,nmdistract5,nmdistract6,lab,isedtcase,crf1,crf2,crf3,CoRoadName,CoMP,IntCoRoadName,IntCoMP
2018,409,E859476,3,11/06/2018,23:05,6,11,0,67,Thurston,2320,1,0,3,1,2,1,0,4,4,,,,1,0,0,0.2,5,1,1,1,2,1,1,0,0,0,0,I-5 RAMP Q109977,,-122.936325,46.95509444,0,4,98,98,7,70,66,1,0,1,5,12,1,1,3,1,1,1,3,18,0,84,884,2018,0,0,12,,,,,,1,1,24,1,0,0,0,0,3,0,11,0,,,,,6,1,0,3,1,0,0,0,0,96,,,,,,0,,,,,,98387,53,74,220,6,1,0,1,1,0,,0,,,,,,0,07/15/2017,09/15/2018,20,0,0,0,8,9,8,,,0,0,0,8,0,8,95,,,96,,,8,95,995,,,,,,,,,,,,,,,,,,,,,,,,,,,,,,0,0,1,0,0,0,0,0,0,0,0,0,1,0,0,0,0,0,0,0,0,0,0,1,1,0,0,0,1,0,1,0,0,0,0,,0,0,0,0,0,0,0,0,0,0,0,0,0,0,0,0,,,,,,21-25,16-25,Interstate,U,Tuesday,,MHTRUCK,Not Fatal,1,0,0,0,State Route,State Patrol,Washington State Patrol,0,1,0,0,0,,,,,,0,0,0,,,,,,,,,,,,,,,,,,,,,,,,,,,,,,,,,,,
2018,409,E859476,3,11/06/2018,23:05,6,11,0,67,Thurston,2320,1,0,3,1,2,1,0,4,4,,,,1,0,0,0.2,5,1,1,1,2,1,1,0,0,0,0,I-5 RAMP Q109977,,-122.936325,46.95509444,0,1,6,6,1,98,80,0,0,1,2,1,2,8,1,6,14,1,1,53,0,72,706,2012,0,0,64,1,25,12,12,12,1,1,36,1,7,1,4,7,16,0,11,0,11/06/2018,23:05,2.32E+11,49211,0,0,0,3,1,0,0,0,0,96,,,,,,99,,,,,,98576,53,72,270,6,1,0,2,2,2,,0,,,,,,4,10/15/2016,04/15/2018,20,8,0,0,0,9,8,,,0,0,0,8,9,8,95,,,96,,,8,95,995,,,,,,,,,,,,,,,,,,,,,,,,,,,,,,0,0,1,0,0,0,0,0,0,0,0,0,1,0,0,0,0,0,0,0,0,0,0,1,1,0,0,0,1,0,1,0,0,0,1,1,0,0,0,0,0,0,0,0,0,1,0,0,0,0,0,0,,,,,,36-40,36-45,Interstate,U,Tuesday,,MC,White,1,0,0,0,State Route,State Patrol,Washington State Patrol,0,1,0,0,0,,,,,,0,0,0,,,,,,,,,,,,,,,,,,,,,,,,,,,,,,,,,,,
2018,409,E859476,3,11/06/2018,23:05,6,11,0,67,Thurston,2320,1,0,3,1,2,1,0,4,4,,,,1,1,0,0.2,5,1,1,1,2,1,1,0,0,0,0,I-5 RAMP Q109977,,-122.936325,46.95509444,0,2,98,98,7,70,99,0,0,1,5,12,1,1,3,1,1,99,9,99,0,99,999,9999,0,0,12,,,,,,1,1,998,8,0,0,9,0,99,0,11,0,,,,,99,9,9,9,1,0,0,0,0,96,,,,,,99,,,,,,99999,99,,999,9,9,99,99,99,99,,0,,,,,,0,,,99,0,0,0,8,9,8,,,0,0,0,8,9,8,95,,,96,,,8,95,995,,,,,,,,,,,,,,,,,,,,,,,,,,,,,,0,0,1,0,0,0,0,0,0,0,0,0,1,0,0,0,0,0,0,0,0,0,0,1,1,0,0,0,1,0,1,0,0,0,0,,0,0,0,0,0,0,0,0,0,0,0,0,0,0,0,0,,,,,,,,Interstate,U,Tuesday,,NR-U,Not Fatal,1,0,0,0,State Route,State Patrol,Washington State Patrol,0,1,0,0,0,,,,,,99,99,99,,,,,,,,,,,,,,,,,,,,,,,,,,,,,,,,,,,
2018,409,E859476,3,11/06/2018,23:05,6,11,0,67,Thurston,2320,1,0,3,1,2,1,0,4,4,,,,1,1,0,0.2,5,1,1,1,2,1,1,0,0,0,0,I-5 RAMP Q109977,,-122.936325,46.95509444,0,3,98,98,7,70,99,0,0,1,5,12,1,1,3,1,1,99,9,99,0,99,999,9999,0,0,12,,,,,,1,1,998,8,0,0,9,0,99,0,11,0,,,,,99,9,9,9,1,0,0,0,0,96,,,,,,99,,,,,,99999,99,,999,9,9,99,99,99,99,,0,,,,,,0,,,99,0,0,0,8,9,8,,,0,0,0,8,9,8,95,,,96,,,8,95,995,,,,,,,,,,,,,,,,,,,,,,,,,,,,,,0,0,1,0,0,0,0,0,0,0,0,0,1,0,0,0,0,0,0,0,0,0,0,1,1,0,0,0,1,0,1,0,0,0,0,,0,0,0,0,0,0,0,0,0,0,0,0,0,0,0,0,,,,,,,,Interstate,U,Tuesday,,NR-U,Not Fatal,1,0,0,0,State Route,State Patrol,Washington State Patrol,0,1,0,0,0,,,,,,99,99,99,,,,,,,,,,,,,,,,,,,,,,,,,,,,,,,,,,,
2018,410,E859813,42,11/03/2018,19:45,3,11,0,67,Thurston,0,2,0,2,2,2,1,0,3,2,,,,12,0,2,4.8,1,0,1,7,1,2,4,0,0,0,0,CR-188TH AVE SW,,-123.1019278,46.81454167,0,1,50,10,2,35,80,0,0,1,7,12,1,1,2,1,6,2,1,53,0,72,706,2009,0,0,68,12,,,,,1,1,63,1,7,1,4,7,19,0,11,0,11/03/2018,19:45,53048343,48343,0,0,0,2,1,28,0,0,0,96,,,,,,99,,,,,,98531,53,72,218,6,1,0,0,0,0,,0,,,,,,0,,,20,8,0,0,0,9,8,,,0,0,0,8,9,2,695,417,,1,1,,2,1,0,,,,,,,,,,,,,,,,,,,,,,,,,,,,,,0,0,0,0,0,0,1,1,1,0,0,0,0,0,1,0,0,0,0,0,0,0,0,0,0,1,1,1,1,1,0,0,0,0,1,0,0,0,0,0,0,0,1,1,0,0,0,0,0,0,1,0,,,,,,61-65,56-65,County road,R,Saturday,,MC,White,0,1,1,0,County Road,County Sheriff,Thurston County Sheriff's Office,0,0,1,0,0,,,carboxy-thc,12,,0,0,0,,,,,,,,,,,,,,,,,,,,,,,,,,,,,,,,,,,
2018,410,E859813,42,11/03/2018,19:45,3,11,0,67,Thurston,0,2,0,2,2,2,1,0,3,2,,,,12,0,2,4.8,1,0,1,7,1,2,4,0,0,0,0,CR-188TH AVE SW,,-123.1019278,46.81454167,0,2,51,62,4,35,2,0,0,1,7,12,1,1,2,1,1,1,1,53,0,21,1,1975,0,0,12,,,,,,1,1,82,1,0,0,2,0,3,0,11,8,,,,,0,0,0,3,1,0,0,0,0,96,,,,,,0,,,,,,98531,53,70,205,6,1,0,0,0,0,,0,,,,,,0,,,20,0,0,0,8,9,8,,,0,0,0,8,0,8,95,,,96,,,8,95,995,,,,,,,,,,,,,,,,,,,,,,,,,,,,,,0,0,0,0,0,0,1,1,1,0,0,0,0,0,1,0,0,0,0,0,0,0,0,0,0,1,1,1,1,1,0,0,0,0,0,,0,0,0,0,0,0,0,0,0,0,0,0,0,0,0,0,,,,,,81+,76+,County road,R,Saturday,Belt Used,PV,Not Fatal,0,1,1,0,County Road,County Sheriff,Thurston County Sheriff's Office,0,0,1,0,0,,,,,,0,0,0,,,,,,,,,,,,,,,,,,,,,,,,,,,,,,,,,,,
2018,412,E860831,173,11/14/2018,12:28,14,11,0,53,Pierce,1124,10,0,1,1,2,1,1,1,1,,,,8,0,0,0,3,0,3,7,2,4,6,0,0,3,3,BRIDGEPORT WAY SW,86TH ST SW,-122.5181056,47.17949722,0,1,1,98,7,35,14,0,0,1,5,8,1,1,4,1,1,1,1,53,0,7,402,2001,0,0,63,8,38,,,,1,1,43,1,0,0,2,0,2,0,11,8,,,,,0,0,0,3,1,91,0,0,0,96,,,,,,99,,,,,,98404,53,75,230,6,1,0,0,0,0,,1,,,,,,4,,,20,0,0,0,8,9,8,,,0,0,0,8,1,2,695,,,1,,,2,1,0,,,,,,,,,,,,,,,,,,,,,,,,,,,,,,0,0,1,1,1,0,1,1,1,0,0,0,1,0,0,0,0,0,0,0,0,0,0,0,0,0,0,0,0,1,0,1,0,0,0,,0,0,0,0,0,0,1,1,0,1,0,0,0,0,1,1,,,,,,41-45,36-45,City street,U,Wednesday,Belt Used,PV,Not Fatal,1,0,0,0,City Street,Municipal/City Police,Lakewood Police Department,0,0,0,1,0,,,carboxy-thc,5.6,,0,0,0,,,,,,,,,,,,,,,,,,,,,,,,,,,,,,,,,,,
2018,414,E860914,25,11/09/2018,16:17,9,11,0,33,King,0,10,0,5,2,1,1,0,2,2,,,,12,0,6,4.7,2,0,4,5,1,2,4,0,0,0,0,CR-196TH AVE SE,195TH PL SE,-122.0795472,47.4434,0,1,98,51,3,40,14,0,0,1,7,12,3,3,2,1,14,1,1,17,0,12,401,2015,0,0,12,,,,,,1,1,38,2,0,0,0,0,3,0,11,0,,,,,0,0,3,3,1,0,0,0,0,93,,,,,,0,,,,,,62002,17,67,186,6,1,0,2,0,0,,97,,,,,,0,06/15/2018,08/15/2018,20,0,0,0,8,9,8,,,0,0,0,8,0,8,95,,,96,,,8,95,995,,,,,,,,,,,,,,,,,,,,,,,,,,,,,,0,0,0,1,0,0,0,0,0,0,0,0,0,0,0,0,1,0,0,0,0,0,0,0,0,1,0,0,1,1,0,0,0,0,0,,0,0,0,0,0,0,0,0,1,0,0,0,0,0,0,0,,,,,,36-40,36-45,County road,R,Friday,Belt Used,PV,Not Fatal,1,0,0,0,County Road,County Sheriff,King County Police,0,0,1,0,0,,,,,,0,0,0,,,,,,,,,,,,,,,,,,,,,,,,,,,,,,,,,,,
2018,414,E860914,25,11/09/2018,16:17,9,11,0,33,King,0,10,0,5,2,1,1,0,2,2,,,,12,0,6,4.7,2,0,4,5,1,2,4,0,0,0,0,CR-196TH AVE SE,195TH PL SE,-122.0795472,47.4434,0,2,98,53,3,40,80,0,0,1,7,12,3,3,2,1,10,1,1,53,0,72,706,2019,0,0,12,,,,,,1,1,67,1,7,1,4,7,19,0,11,0,11/09/2018,16:17,53049734,49734,0,0,0,3,1,0,0,0,0,96,,,,,,99,,,,,,98188,53,73,258,6,1,0,0,0,0,,0,,,,,,0,,,20,8,0,0,0,9,8,,,0,0,0,8,9,2,1,,,1,,,2,1,0,,,,,,,,,,,,,,,,,,,,,,,,,,,,,,0,0,0,1,0,0,0,0,0,0,0,0,0,0,0,0,1,0,0,0,0,0,0,0,0,1,0,0,1,1,0,0,0,0,1,0,0,0,0,0,0,0,0,0,0,0,0,0,0,0,0,0,,,,,,66-70,66-75,County road,R,Friday,,MC,White,1,0,0,0,County Road,County Sheriff,King County Police,0,0,1,0,0,,,,,,0,0,0,,,,,,,,,,,,,,,,,,,,,,,,,,,,,,,,,,,
2018,447,E860990,7,11/09/2018,22:35,9,11,0,53,Pierce,0,1,0,3,1,2,1,0,2,2,,,,12,0,2,52.1,2,0,3,3,1,1,3,0,0,0,0,SR-7,115TH ST S,-122.4343361,47.15180833,0,2,69,62,4,35,4,0,0,1,2,12,1,2,5,5,1,1,1,53,0,49,40,1998,0,0,12,,,,,,1,1,20,1,0,0,3,0,3,0,11,4,,,,,0,0,0,3,1,0,0,0,0,96,,,,,,0,,,,,,98035,53,71,157,6,1,0,0,2,0,,0,,,,,,0,03/15/2018,04/15/2018,8,0,0,0,8,9,8,,,0,0,0,8,1,8,95,,,96,,,8,95,995,,,,,,,,,,,,,,,,,,,,,,,,,,,,,,0,0,0,1,1,0,0,0,0,0,0,0,0,0,0,0,0,0,0,1,0,1,1,0,1,0,0,0,0,1,0,0,0,0,0,,0,0,0,0,0,0,0,0,0,0,0,0,0,0,0,1,,,,,,18-20,16-25,State route,R,Friday,Belt Used,PV,Not Fatal,1,0,0,0,State Route,State Patrol,Washington State Patrol,0,1,0,0,0,,,,,,0,0,0,,,,,,,,,,,,,,,,,,,,,,,,,,,,,,,,,,,
2018,447,E860990,7,11/09/2018,22:35,9,11,0,53,Pierce,0,1,0,3,1,2,1,0,2,2,,,,12,0,2,52.1,2,0,3,3,1,1,3,0,0,0,0,SR-7,115TH ST S,-122.4343361,47.15180833,0,1,68,16,2,35,34,0,0,1,2,12,1,2,5,5,11,1,1,53,0,20,481,2005,0,0,68,12,,,,,1,1,46,1,7,1,4,0,20,0,11,4,11/12/2018,9:29,2.23E+11,50010,0,0,0,3,1,0,0,0,0,96,,,,,,99,,,,,,98387,53,74,210,6,1,0,0,0,0,,0,,,,,,0,,,1,0,0,0,0,9,8,,,0,0,0,8,9,2,1,,,1,,,2,1,0,,,,,,,,,,,,,,,,,,,,,,,,,,,,,,0,0,0,1,1,0,0,0,0,0,0,0,0,0,0,0,0,0,0,1,0,1,1,0,1,0,0,0,0,1,0,0,0,1,0,,1,0,0,0,0,0,0,0,0,0,0,0,0,0,0,0,,,,,,46-50,46-55,State route,R,Friday,Not Used,PV,White,1,0,0,0,State Route,State Patrol,Washington State Patrol,0,1,0,0,0,,,,,,0,0,0,,,,,,,,,,,,,,,,,,,,,,,,,,,,,,,,,,,
2018,415,E861465,14,11/15/2018,7:47,15,11,0,11,Clark,0,5,0,1,2,2,1,0,1,1,,,,38,0,0,0.4,1,0,1,7,1,2,4,0,0,0,0,CR-NE 174TH ST,,-122.4784083,45.74842778,0,1,1,13,2,40,34,0,0,1,7,38,1,4,2,1,1,1,2,53,0,12,471,1993,0,0,63,38,42,42,,,1,1,36,1,7,1,4,7,3,0,11,0,11/15/2018,7:47,53050251,50251,0,0,0,3,1,0,0,0,0,92,,,,,,99,,,,,,98607,53,68,145,6,1,1,0,0,0,,0,,,,,,0,03/15/2014,08/15/2015,20,0,0,0,0,9,8,,,0,0,0,8,9,2,996,996,401,1,1,1,2,1,0,,,,,,,,,,,,,,,,,,,,,,,,,,,,,,0,0,1,0,0,0,1,1,1,0,0,0,0,0,0,0,1,0,0,0,0,0,0,0,0,0,0,0,0,1,0,0,0,0,0,,1,0,0,0,0,0,1,1,1,0,0,0,0,0,1,0,,,,,,36-40,36-45,County road,R,Thursday,Belt Used,PV,White,0,1,0,0,County Road,County Sheriff,Clark County Sheriff's Office,1,0,1,0,0,thc,0.67,,,,0,0,3,1,1,,,,417,605,,,,,,,,,,,,,,,,,,,,,,,,,,,,
2018,416,E861527,2,11/15/2018,23:24,15,11,0,61,Snohomish,0,2,0,2,2,2,1,0,1,1,23:20,23:43,0:35,30,0,0,17.8,1,0,1,4,1,1,3,0,0,0,0,SR-530,,-121.8888167,48.27154444,0,1,7,6,1,50,4,0,0,1,2,30,2,1,2,1,14,1,2,38,0,12,17,2003,0,0,68,64,30,,,,1,1,18,2,7,1,4,0,3,0,11,5,11/16/2018,1:33,8053050439,50439,0,0,0,3,1,0,0,0,0,96,,,,,,99,,,,,,98241,53,65,120,6,1,0,0,0,0,,0,,,,,,4,,,20,0,0,0,0,9,8,,,0,0,0,8,9,2,605,,,1,,,2,1,0,,,,,,,,,,,,,,,,,,,,,,,,,,,,,,0,0,0,0,0,0,1,1,1,0,0,0,1,0,0,0,0,0,0,0,0,1,1,0,1,0,0,0,0,1,0,0,0,0,0,,1,0,0,0,0,0,1,1,0,1,0,0,0,0,1,0,,,,,,18-20,16-25,State route,R,Thursday,Belt Used,PV,White,0,1,0,0,State Route,State Patrol,Washington State Patrol,1,1,0,0,0,thc,1.2,,,,0,0,0,,,,,,,,,,,,,,,,,,,,,,,,,,,,,,,,,,,
2018,417,E861644,46,10/25/2018,22:45,25,10,0,75,Whitman,0,99,0,9,99,2,1,0,1,1,,,,30,0,0,1.9,1,0,1,5,1,2,4,0,0,0,0,CR-PULLMAN ALBION RD,,-117.2245417,46.77416944,0,1,1,13,2,55,4,0,0,1,7,30,1,2,2,1,1,1,2,53,0,37,32,2005,0,0,63,30,,,,,1,1,19,1,7,1,4,7,3,0,11,0,10/25/2018,22:45,53046973,46973,0,0,3,3,1,0,0,0,0,96,,,,,,99,,,,,,99012,53,72,140,6,1,0,0,0,0,,0,,,,,,0,,,8,0,0,0,0,9,8,,,0,0,0,8,9,2,1,,,1,,,2,1,0,,,,,,,,,,,,,,,,,,,,,,,,,,,,,,0,0,1,0,0,0,0,0,0,0,0,0,0,0,0,0,0,0,0,0,0,1,1,0,1,0,0,0,0,1,0,0,0,0,0,,1,0,0,0,0,0,0,0,0,0,0,0,0,0,0,0,,,,,,18-20,16-25,County road,R,Thursday,Belt Used,PV,White,0,1,0,0,County Road,County Sheriff,Whitman County Sheriff's Office,1,0,1,0,0,,,,,,0,0,0,,,,,,,,,,,,,,,,,,,,,,,,,,,,,,,,,,,
2018,418,E861807,6,10/29/2018,17:27,29,10,0,1,Adams,0,1,0,1,1,2,1,0,2,2,17:25,17:36,,12,0,6,46.8,2,0,2,3,1,1,3,0,0,20,3,SR-26,BOOKER RD,-119.0482028,46.79954167,0,1,87,17,2,50,66,1,0,1,7,12,1,1,2,1,1,1,3,53,0,82,881,2003,0,0,12,,,,,,1,1,66,1,0,0,0,0,3,0,11,0,,,,,6,1,0,3,1,39,0,0,0,12,,,,,,0,,,,,,98610,53,66,180,6,1,0,0,0,0,,37,,,,,,0,,,20,0,0,0,8,3,2,,,0,0,0,0,0,8,95,,,96,,,8,95,995,,,,,,,,,,,,,,,,,,,,,,,,,,,,,,0,0,0,1,0,0,0,0,0,0,0,0,0,0,0,0,1,0,0,0,0,0,0,0,0,1,0,0,0,1,1,0,0,0,0,,0,0,0,0,0,0,0,0,1,0,0,0,0,0,0,0,,,,,,66-70,66-75,State route,R,Monday,,MHTRUCK,Not Fatal,1,0,0,0,State Route,State Patrol,Washington State Patrol,0,1,0,0,0,,,,,,0,0,0,,,,,,,,,,,,,,,,,,,,,,,,,,,,,,,,,,,
2018,418,E861807,6,10/29/2018,17:27,29,10,0,1,Adams,0,1,0,1,1,2,1,0,2,2,17:25,17:36,,12,0,6,46.8,2,0,2,3,1,1,3,0,0,0,0,SR-26,BOOKER RD,-119.0482028,46.79954167,0,2,86,66,4,60,14,0,0,1,7,12,1,1,2,1,1,1,1,53,0,12,402,2006,0,0,12,,,,,,1,1,35,2,7,1,4,7,3,0,11,0,10/29/2018,17:27,1.63E+11,47642,0,0,0,3,1,0,0,0,0,96,,,,,,0,,,,,,99326,53,64,140,6,1,0,1,0,4,,0,,,,,,0,11/15/2013,06/15/2017,1,0,0,0,0,9,8,,,0,0,0,8,0,8,95,,,96,,,8,95,995,,,,,,,,,,,,,,,,,,,,,,,,,,,,,,0,0,0,1,0,0,0,0,0,0,0,0,0,0,0,0,1,0,0,0,0,0,0,0,0,1,0,0,0,1,1,0,0,0,0,,1,0,0,0,0,0,0,0,0,0,0,0,0,0,0,0,,,,,,31-35,26-35,State route,R,Monday,Belt Used,PV,White,1,0,0,0,State Route,State Patrol,Washington State Patrol,0,1,0,0,0,,,,,,0,0,0,,,,,,,,,,,,,,,,,,,,,,,,,,,,,,,,,,,
2018,491,E862015,337,11/08/2018,17:36,8,11,0,73,Whatcom,110,1,0,3,1,2,1,1,1,1,,,,8,0,0,0,1,0,1,4,2,4,6,0,0,0,0,CORDATA PKWY,,-122.49765,48.80860833,0,1,13,80,5,35,4,0,0,1,7,8,2,1,4,1,14,1,2,53,0,7,20,2003,0,0,8,,,,,,1,1,20,1,0,0,0,0,3,0,11,0,,,,,0,0,0,3,1,0,0,0,0,96,,,,,,0,,,,,,98264,53,74,220,6,1,0,0,0,0,,0,,,,,,0,,,20,0,0,0,8,9,8,,,0,0,0,8,0,8,95,,,96,,,8,95,995,,,,,,,,,,,,,,,,,,,,,,,,,,,,,,0,0,0,0,0,0,0,0,0,0,0,0,0,0,0,0,0,0,0,0,0,1,1,0,1,0,0,0,0,1,0,1,0,0,0,,0,0,0,0,0,0,0,0,0,0,0,0,0,0,0,0,,,,,,18-20,16-25,City street,U,Thursday,Belt Used,PV,Not Fatal,0,0,0,0,City Street,Municipal/City Police,Bellingham Police Department,0,0,0,1,0,,,,,,0,0,0,,,,,,,,,,,,,,,,,,,,,,,,,,,,,,,,,,,
2018,419,E862451,8,11/19/2018,10:30,19,11,0,35,Kitsap,0,1,0,1,1,2,1,0,1,1,,,,42,0,0,18.5,1,0,1,3,1,1,3,0,0,0,0,SR-16,,-122.6224889,47.43967778,0,1,1,13,2,60,55,0,0,1,2,2,1,1,2,3,1,1,3,53,3,12,870,2017,0,0,63,42,2,,,,1,1,75,1,7,1,4,7,2,0,11,0,11/19/2018,10:30,1.71E+11,50882,6,1,3,3,1,0,0,0,0,92,,,,,,0,,,,,,98366,53,72,230,6,1,0,0,0,0,,0,,,,,,0,,,99,0,0,0,1,9,8,,,0,0,0,8,0,2,1,,,1,,,2,1,0,,,,,,,,,,,,,,,,,,,,,,,,,,,,,,0,0,1,0,0,0,0,0,0,0,0,0,0,0,0,0,1,0,0,0,0,0,0,0,0,1,1,1,0,0,0,0,0,0,0,,0,0,0,0,0,0,0,0,1,0,0,0,0,0,0,0,,,,,,71-75,66-75,State route,R,Monday,,BUS,White,0,1,0,0,State Route,State Patrol,Washington State Patrol,1,1,0,0,0,,,,,,0,0,0,,,,,,,,,,,,,,,,,,,,,,,,,,,,,,,,,,,
2018,420,E862525,7,11/11/2018,22:27,11,11,0,33,King,0,1,0,2,1,2,1,1,3,3,,,,8,0,0,13.1,1,0,1,3,2,1,3,0,0,0,0,SR-18,,-122.1015472,47.36828333,0,2,98,80,5,60,20,0,0,1,5,8,1,1,2,3,1,1,1,53,0,49,442,2000,0,0,8,,,,,,1,1,51,2,0,0,0,0,3,0,11,0,,,,,0,0,0,3,1,0,0,0,0,96,,,,,,0,,,,,,98051,53,69,220,6,1,0,8,1,0,,0,,,,,,0,12/15/2013,10/15/2018,20,0,0,0,8,9,8,,,0,0,0,8,0,0,0,,,0,,,0,0,996,,,,,,,,,,,,,,,,,,,,,,,,,,,,,,0,0,0,0,0,0,0,0,0,0,0,0,0,0,0,0,0,0,0,0,0,0,0,0,0,0,0,0,1,1,0,1,0,0,0,,0,0,0,0,0,0,0,0,0,0,0,0,0,0,0,0,,,,,,51-55,46-55,State route,U,Sunday,Belt Used,PV,Not Fatal,0,0,0,0,State Route,State Patrol,Washington State Patrol,0,1,0,0,0,,,,,,0,0,2,,,,,,,,,,,,,,,,,,,,,,,,,,,,,,,,,,,
2018,420,E862525,7,11/11/2018,22:27,11,11,0,33,King,0,1,0,2,1,2,1,1,3,3,,,,8,0,0,13.1,1,0,1,3,2,1,3,0,0,0,0,SR-18,,-122.1015472,47.36828333,0,1,13,80,5,60,14,0,0,1,5,8,1,1,2,3,1,1,1,53,0,12,402,2007,0,0,8,,,,,,1,1,44,1,0,0,0,0,3,0,11,0,,,,,0,0,0,3,1,0,0,0,0,96,,,,,,0,,,,,,98372,53,70,205,6,1,0,0,0,0,,0,,,,,,0,,,20,0,0,0,8,9,8,,,0,0,0,8,0,0,0,,,0,,,0,0,996,,,,,,,,,,,,,,,,,,,,,,,,,,,,,,0,0,0,0,0,0,0,0,0,0,0,0,0,0,0,0,0,0,0,0,0,0,0,0,0,0,0,0,1,1,0,1,0,0,0,,0,0,0,0,0,0,0,0,0,0,0,0,0,0,0,0,,,,,,41-45,36-45,State route,U,Sunday,Belt Used,PV,Not Fatal,0,0,0,0,State Route,State Patrol,Washington State Patrol,0,1,0,0,0,,,,,,0,0,0,,,,,,,,,,,,,,,,,,,,,,,,,,,,,,,,,,,
2018,420,E862525,7,11/11/2018,22:27,11,11,0,33,King,0,1,0,2,1,2,1,1,3,3,,,,8,0,0,13.1,1,0,1,3,2,1,3,0,0,0,0,SR-18,,-122.1015472,47.36828333,0,3,98,80,5,60,80,0,0,1,5,8,1,1,2,3,1,1,1,53,0,72,706,2018,0,0,8,,,,,,1,1,48,1,0,0,0,0,19,0,11,0,,,,,0,0,0,3,1,0,0,0,0,96,,,,,,0,,,,,,98422,53,75,200,6,1,0,0,0,0,,0,,,,,,0,,,20,8,0,0,8,9,8,,,0,0,0,8,0,0,0,,,0,,,0,0,996,,,,,,,,,,,,,,,,,,,,,,,,,,,,,,0,0,0,0,0,0,0,0,0,0,0,0,0,0,0,0,0,0,0,0,0,0,0,0,0,0,0,0,1,1,0,1,0,0,0,0,0,0,0,0,0,0,0,0,0,0,0,0,0,0,0,0,,,,,,46-50,46-55,State route,U,Sunday,,MC,Not Fatal,0,0,0,0,State Route,State Patrol,Washington State Patrol,0,1,0,0,0,,,,,,0,0,0,,,,,,,,,,,,,,,,,,,,,,,,,,,,,,,,,,,