year,case,par,repjur,crash_dt,crash_tm,accday,accmon,holiday,county,co_char,city,weather,weather2,lightcond,surfcond,surftype,numfatal,nmforms,pforms,vforms,not_tm,arr_tm,hosp_tm,fhevent,hitrun,manncol,milepnt,reljunc,reljuncinter,intersectiontype,funcsystem,landuse,ownership,route,schlbus,spejur,contdev,devfunc,trafid1,trafid2,x,y,wk_zone,vnumber,crashtype,criticalevent,criticaleventcat,spdlim,body,trailer,emerg,hazcargo,leave,mhevent,roadalgn,roadprof,traflane,trafflow,vehmanvr,numoccs,regowner,regstate,spuse,make,model,modelyr,vrf1,vrf2,seqevent1,seqevent2,seqevent3,seqevent4,seqevent5,seqevent6,pnumber,ptype,age,sex,hispanic,race,injury,diedscene,restraint,restraintmisuse,seatpos,takehosp,death_dt,death_tm,cert,cernum_wa,commlic,licendor,licrestrict,liccomp,drivpres,drf1,drf2,drf3,drf4,distract1,distract2,distract3,distract4,distract5,distract6,dricond1,dricond2,dricond3,dricond4,dricond5,dricond6,dzip,licstate,drhgt_in,weight,noncdl,noncdltype,prevdwi,prevoth,prevacc,prevspd,prevsus,driviol1,driviol2,driviol3,driviol4,driviol5,driviol6,spdrel,first_dt,last_dt,airbag,ejection,ejectpath,extricat,injurwrk,methalc,methdrug,nmlocat,strikveh,prf1,prf2,prf3,druginv,alcinvol,drugsts,drugres1,drugres2,drugres3,drugtst1,drugtst2,drugtst3,alcsts,alctst,alcres,nmact1,nmact2,nmact3,nmact4,nmact5,nmact6,nmprior1,nmprior2,nmprior3,nmprior4,nmprior5,nmprior6,nmcond1,nmcond2,nmcond3,nmcond4,nmcond5,nmcond6,nmsafe_helmet,nmsafe_pads,nmsafe_oth,nmprev_ref,nmprev_lgt,nmprev_oth,crashlocation,nmcrashtype,crosswalk,schoolzone,sidewalk,train_inv,wildlife_inv,rotr_fars,intersect_fars,dd_inv,aid_inv,dpd_inv,id_inv,mj_inv,impnm_inv,ainm_inv,dpnm_inv,speed_inv,unlic_inv,unendmc_inv,drowsy_inv,drdist_inv,nmdist_inv,fty_inv,unrestfat_inv,dr1617_inv,dr1820_inv,dr1620_inv,dr2125_inv,dr1625_inv,dr65_inv,dr70_inv,dr75_inv,mc_inv,pv_inv,ht_inv,ped_inv,bike_inv,unrest_fat,mc_fat,unhelmet_mc,pv_fat,ht_fat,ped_fat,bike_fat,dr_alc7,dr_alc8,dr_drug,dr_imp,dr_dist,dr_spd,dr_fty,dr_unlic,dr_alc7only,dr_alc8only,dr_drugonly,dr_drink,nm_imp,nm_alc7,nm_alc8,nm_drug,nm_dist,agegrp1,agegrp2,roadclass,urbrur,dayweek,restuse,vehtype,race_me,intersect,lanedep,oppdir,wrongway,rep_typ,investag,repag_long,rotr,st_rd,cty_rd,city_rd,oth_rd,drug_thc,thc_res,drug_cthc,cthc_res,drug_cann,prevpersemin,prevperse,prevsusoth,drugtst4,drugtst5,drugtst6,drugtst7,drugtst8,drugres4,drugres5,drugres6,drugres7,drugres8,adspresent,adsengaged,adslevel,race1,race2,race3,race4,race5,helmet,helmetmisuse,nmdistract1,nmdistract2,nmdistract3,nmdistract4,nmdistract5,nmdistract6,lab,isedtcase,crf1,crf2,crf3,CoRoadName,CoMP,IntCoRoadName,IntCoMP
2018,421,E862716,32,11/12/2018,11:15,12,11,0,47,Okanogan,0,1,0,1,1,5,1,0,1,1,,,,42,0,0,0.8,1,0,1,7,1,2,4,0,0,0,0,CR-SMITH CANYON RD,,-120.1710361,48.26416389,0,1,6,12,2,35,34,0,0,1,7,42,1,2,2,1,1,1,2,41,0,7,481,1987,0,0,68,64,42,,,,1,1,30,1,7,1,4,7,3,0,11,0,11/12/2018,11:15,53050823,50823,0,0,0,0,1,0,0,0,0,92,,,,,,99,,,,,,98670,53,68,145,0,0,0,0,0,0,,0,,,,,,0,,,20,0,0,0,0,9,8,,,0,0,0,8,1,2,1,,,1,,,2,1,0.16,,,,,,,,,,,,,,,,,,,,,,,,,,,,,,0,0,1,0,1,1,0,1,0,0,0,0,0,1,0,0,1,0,0,0,0,0,0,0,0,0,0,0,0,1,0,0,0,0,0,,1,0,0,0,0,1,0,1,1,0,0,1,0,1,0,1,,,,,,26-30,26-35,County road,R,Monday,Belt Used,PV,White,0,1,0,0,County Road,County Sheriff,Okanogan County Sheriff's Office,1,0,1,0,0,,,,,,0,0,0,,,,,,,,,,,,,,,,,,,,,,,,,,,,,,,,,,,
2018,425,E863272,160,11/14/2018,14:00,14,11,0,33,King,1030,1,0,1,1,2,1,3,1,1,,,,8,0,0,6,3,0,2,3,2,1,3,0,0,3,3,SR-516,STATE AVE N,-122.2298194,47.38331111,0,1,13,80,5,30,14,0,0,1,5,8,1,1,2,1,11,1,1,53,0,55,401,2008,0,0,8,8,8,,,,1,1,66,2,0,0,0,0,3,0,11,0,,,,,0,0,3,3,1,38,91,0,0,96,,,,,,0,,,,,,98010,53,65,130,6,1,0,0,0,0,,2,,,,,,0,,,20,0,0,0,8,9,8,,,0,0,0,8,0,2,1,,,1,,,2,1,0,,,,,,,,,,,,,,,,,,,,,,,,,,,,,,0,0,0,1,0,0,0,0,0,0,0,0,0,0,0,0,0,0,1,0,0,0,0,0,0,1,0,0,0,1,0,1,0,0,0,,0,0,0,0,0,0,0,0,0,0,1,0,0,0,0,0,,,,,,66-70,66-75,State route,U,Wednesday,Belt Used,PV,Not Fatal,1,0,0,0,State Route,Municipal/City Police,Kent Police Department,0,1,0,0,0,,,,,,0,0,0,,,,,,,,,,,,,,,,,,,,,,,,,,,,,,,,,,,
2018,426,E863974,278,11/23/2018,16:02,23,11,8,63,Spokane,2110,2,0,3,2,2,1,1,1,1,,,,8,0,0,0,1,0,1,7,2,4,6,0,0,28,3,E 29TH AVE,,-117.3726806,47.62815833,0,1,13,80,5,98,14,0,0,1,5,8,1,1,2,4,1,1,2,53,0,35,401,1995,0,0,8,,,,,,1,1,16,1,0,0,0,0,3,0,11,0,,,,,0,0,3,3,1,38,0,0,0,96,,,,,,0,,,,,,99203,53,69,230,6,2,0,0,0,0,,97,,,,,,0,,,20,0,0,0,8,9,8,,,0,0,0,8,0,8,95,,,96,,,8,95,995,,,,,,,,,,,,,,,,,,,,,,,,,,,,,,0,0,0,0,0,0,0,0,0,0,0,0,0,0,0,0,0,0,1,0,1,0,1,0,1,0,0,0,0,1,0,1,0,0,0,,0,0,0,0,0,0,0,0,0,0,1,0,0,0,0,0,,,,,,16-17,16-25,City street,U,Friday,Belt Used,PV,Not Fatal,1,0,0,0,City Street,Municipal/City Police,Spokane Police Department,0,0,0,1,0,,,,,,0,0,0,,,,,,,,,,,,,,,,,,,,,,,,,,,,,,,,,,,
2018,427,E864200,2,11/17/2018,17:05,17,11,0,73,Whatcom,0,1,0,5,1,2,1,1,1,1,,,,8,0,0,272,1,0,1,1,1,1,1,0,0,0,0,I-5,,-122.6883694,48.95215556,0,1,13,80,5,70,14,0,0,1,7,8,1,1,2,2,1,1,1,95,0,59,403,2008,0,0,8,,,,,,1,1,38,1,0,0,0,0,3,0,11,0,,,,,99,9,9,9,1,0,0,0,0,0,,,,,,0,,,,,,98296,95,,999,9,9,99,99,99,99,,0,,,,,,0,,,20,0,0,0,8,9,8,,,0,0,0,8,0,8,95,,,96,,,8,95,995,,,,,,,,,,,,,,,,,,,,,,,,,,,,,,0,0,0,0,0,0,0,0,0,1,0,1,0,0,0,0,0,0,0,0,0,0,0,0,0,0,0,0,0,1,0,1,0,0,0,,0,0,0,0,0,0,0,0,0,0,0,0,0,0,0,0,,,,,,36-40,36-45,Interstate,R,Saturday,Belt Used,PV,Not Fatal,0,0,0,0,State Route,State Patrol,Washington State Patrol,0,1,0,0,0,,,,,,99,99,99,,,,,,,,,,,,,,,,,,,,,,,,,,,,,,,,,,,
2018,428,E864453,5,11/25/2018,18:20,25,11,8,41,Lewis,0,2,0,2,2,2,1,1,1,1,18:19,18:26,,8,0,0,3,1,0,1,5,1,1,3,0,0,0,0,SR-508,,-122.8280556,46.57611111,0,1,13,80,5,55,14,0,0,1,5,8,1,1,2,1,1,1,1,53,0,53,405,2003,0,0,8,,,,,,1,1,45,1,0,0,0,0,3,0,11,0,,,,,0,0,3,3,1,0,0,0,0,96,,,,,,0,,,,,,98532,53,71,265,6,1,0,0,0,1,,0,,,,,,0,04/15/2015,04/15/2015,20,0,0,0,8,9,8,,,0,0,0,8,0,8,95,,,96,,,8,95,995,,,,,,,,,,,,,,,,,,,,,,,,,,,,,,0,0,0,0,0,0,0,0,0,1,1,1,0,0,0,0,0,0,0,0,0,0,0,0,0,0,0,0,0,1,0,1,0,0,0,,0,0,0,0,0,0,0,0,0,0,0,0,0,0,0,0,,,,,,41-45,36-45,State route,R,Sunday,Belt Used,PV,Not Fatal,0,0,0,0,State Route,State Patrol,Washington State Patrol,0,1,0,0,0,,,,,,0,0,0,,,,,,,,,,,,,,,,,,,,,,,,,,,,,,,,,,,
2018,429,E864572,40,11/23/2018,7:27,23,11,8,63,Spokane,0,1,0,4,2,2,1,0,1,1,7:28,7:35,,43,0,0,2.6,1,0,1,5,1,2,4,0,0,0,0,CR-S ASSEMBLY RD,W BLUFF RD,-117.4753333,47.61711389,0,1,1,6,1,35,14,0,0,1,7,42,3,1,2,1,14,1,1,53,0,12,401,1997,0,0,63,43,42,,,,1,1,34,2,7,3,4,7,20,0,11,0,11/23/2018,7:27,53051780,51780,0,0,3,3,1,0,0,0,0,96,,,,,,99,,,,,,99224,53,60,140,6,1,0,0,0,0,,0,,,,,,4,,,1,0,0,0,0,9,8,,,0,0,0,8,9,2,1,,,1,,,2,1,0.23,,,,,,,,,,,,,,,,,,,,,,,,,,,,,,0,0,1,0,1,1,0,1,0,0,0,0,1,0,0,0,0,0,0,1,0,0,0,0,0,0,0,0,0,1,0,0,0,1,0,,1,0,0,0,0,1,0,1,0,1,0,0,0,1,0,1,,,,,,31-35,26-35,County road,R,Friday,Not Used,PV,AIAN,0,1,0,0,County Road,County Sheriff,Spokane County Sheriff's Office,1,0,1,0,0,,,,,,0,0,0,,,,,,,,,,,,,,,,,,,,,,,,,,,,,,,,,,,
2018,430,E864686,5,11/18/2018,11:15,18,11,0,59,Skamania,0,1,0,1,1,2,1,0,1,1,,,,24,0,0,24.5,1,0,1,3,1,1,3,0,0,0,0,SR-14,,-122.1964417,45.57360833,0,1,1,13,2,50,61,0,0,1,2,2,3,2,2,1,14,1,1,53,0,12,870,1998,0,0,68,68,63,24,69,63,1,1,66,1,7,1,4,7,3,0,11,0,11/18/2018,11:15,53051223,51223,0,0,0,3,1,0,0,0,0,96,,,,,,99,,,,,,98682,53,70,220,6,1,0,0,0,0,,0,,,,,,0,,,1,0,0,0,9,9,8,,,0,0,0,8,9,2,1,,,1,,,2,1,0,,,,,,,,,,,,,,,,,,,,,,,,,,,,,,0,0,1,0,0,0,0,0,0,0,0,0,0,0,0,0,0,0,0,0,0,0,0,0,0,1,0,0,0,0,1,0,0,0,0,,0,1,0,0,0,0,0,0,0,0,0,0,0,0,0,0,,,,,,66-70,66-75,State route,R,Sunday,,MHTRUCK,White,0,1,0,0,State Route,State Patrol,Washington State Patrol,1,1,0,0,0,,,,,,0,0,0,,,,,,,,,,,,,,,,,,,,,,,,,,,,,,,,,,,
2018,431,E864873,122,11/17/2018,0:35,17,11,0,61,Snohomish,690,1,0,3,1,2,1,0,1,1,,,,25,0,0,0.1,5,1,1,3,2,1,3,0,0,0,0,SR-526,,-122.2714083,47.921825,0,1,6,12,2,98,4,0,0,1,2,2,2,2,1,6,14,1,1,53,0,7,24,2007,0,0,64,25,18,67,58,1,1,1,38,1,7,2,4,7,99,0,11,0,11/17/2018,0:35,69053050936,50936,0,0,0,3,1,0,0,0,0,96,,,,,,99,,,,,,98007,53,74,215,6,1,0,1,0,0,,0,,,,,,3,12/15/2017,12/15/2017,99,0,0,0,0,9,8,,,0,0,0,8,9,2,996,695,605,1,1,1,2,1,0.054,,,,,,,,,,,,,,,,,,,,,,,,,,,,,,0,0,1,0,1,0,1,1,1,0,0,0,1,0,0,0,0,0,0,0,0,0,0,0,0,0,0,0,0,1,0,0,0,0,0,,1,0,0,0,1,0,1,1,0,1,0,0,0,0,0,1,,,,,,36-40,36-45,State route,U,Saturday,Unknown,PV,Black,0,1,0,0,State Route,Municipal/City Police,Everett Police Department,1,1,0,0,0,thc,10,carboxy-thc,30,,0,0,0,1,1,1,,,996,996,151,,,,,,,,,,,,,,,,,,,,,,,,,,,
2018,432,E865205,7,11/17/2018,16:35,17,11,0,33,King,170,1,0,5,1,2,1,0,1,1,,,,21,0,0,11,1,0,1,3,2,1,3,0,0,0,0,SR-522,,-122.1855083,47.75843056,0,1,6,12,2,60,14,0,0,1,2,21,2,1,2,3,14,1,2,53,0,35,401,2001,0,0,64,21,,,,,1,1,28,2,7,1,4,0,3,0,11,4,11/17/2018,19:02,1.96E+11,50511,0,0,0,3,1,0,0,0,0,93,,,,,,99,,,,,,98072,53,62,120,6,1,0,0,0,0,,0,,,,,,0,,,1,0,0,0,0,9,8,,,0,0,0,8,9,2,1,,,1,,,2,1,0.35,,,,,,,,,,,,,,,,,,,,,,,,,,,,,,0,0,1,0,1,1,0,1,0,0,0,0,0,0,0,0,1,0,0,0,0,0,0,0,0,0,0,0,0,1,0,0,0,0,0,,1,0,0,0,0,1,0,1,1,0,0,0,0,1,0,1,,,,,,26-30,26-35,State route,U,Saturday,Belt Used,PV,White,0,1,0,0,State Route,State Patrol,Washington State Patrol,1,1,0,0,0,,,,,,0,0,0,,,,,,,,,,,,,,,,,,,,,,,,,,,,,,,,,,,
2018,433,E865455,67,11/19/2018,16:34,19,11,0,35,Kitsap,180,1,0,1,1,2,1,0,3,3,,,,12,0,2,33.5,1,0,1,3,2,1,3,0,0,0,0,SR-3,,-122.7198778,47.52378889,0,1,50,10,2,50,34,0,0,1,7,12,3,1,2,1,14,1,3,53,0,12,481,2008,0,0,68,12,60,54,,,1,1,40,1,0,0,2,0,20,0,11,8,,,,,0,0,0,3,1,28,0,0,0,14,,,,,,9,,,,,,98311,53,70,200,6,1,0,0,0,0,,97,,,,,,0,,,1,0,0,0,8,9,2,,,0,0,0,1,0,2,605,695,,1,1,,2,1,0,,,,,,,,,,,,,,,,,,,,,,,,,,,,,,0,0,0,0,0,0,1,1,1,0,0,0,0,0,0,0,1,0,0,1,0,0,0,0,0,1,1,1,0,1,0,0,0,0,0,,0,0,0,0,0,0,1,1,1,0,0,0,0,0,1,0,,,,,,36-40,36-45,State route,U,Monday,Not Used,PV,Not Fatal,0,1,1,0,State Route,Municipal/City Police,Bremerton Police Department,0,1,0,0,0,thc,14,carboxy-thc,130,,0,0,0,,,,,,,,,,,,,,,,,,,,,,,,,,,,,,,,,,,
2018,433,E865455,67,11/19/2018,16:34,19,11,0,35,Kitsap,180,1,0,1,1,2,1,0,3,3,,,,12,0,2,33.5,1,0,1,3,2,1,3,0,0,0,0,SR-3,,-122.7198778,47.52378889,0,2,51,62,4,50,4,0,0,1,7,12,2,1,2,1,14,1,1,53,0,12,17,2008,0,0,12,,,,,,1,1,85,1,7,1,4,0,20,0,11,4,11/19/2018,17:08,2.23E+11,50526,0,0,0,3,1,0,0,0,0,96,,,,,,0,,,,,,98528,53,72,190,6,1,0,0,2,0,,0,,,,,,0,01/15/2018,08/15/2018,1,0,0,0,0,9,8,,,0,0,0,8,0,2,1,,,1,,,2,1,0,,,,,,,,,,,,,,,,,,,,,,,,,,,,,,0,0,0,0,0,0,1,1,1,0,0,0,0,0,0,0,1,0,0,1,0,0,0,0,0,1,1,1,0,1,0,0,0,1,0,,1,0,0,0,0,0,0,0,0,0,0,0,0,0,0,0,,,,,,81+,76+,State route,U,Monday,Not Used,PV,White,0,1,1,0,State Route,Municipal/City Police,Bremerton Police Department,0,1,0,0,0,,,,,,0,0,0,,,,,,,,,,,,,,,,,,,,,,,,,,,,,,,,,,,
2018,433,E865455,67,11/19/2018,16:34,19,11,0,35,Kitsap,180,1,0,1,1,2,1,0,3,3,,,,12,0,2,33.5,1,0,1,3,2,1,3,0,0,0,0,SR-3,,-122.7198778,47.52378889,0,3,98,98,7,50,5,0,0,1,5,54,2,1,2,1,14,1,1,53,0,49,46,2013,0,0,54,,,,,,1,1,45,1,0,0,0,0,3,0,11,0,,,,,0,0,0,3,1,0,0,0,0,96,,,,,,0,,,,,,98546,53,78,205,6,1,0,0,0,1,,0,,,,,,0,05/15/2014,05/15/2014,20,0,0,0,8,9,8,,,0,0,0,8,0,8,95,,,96,,,8,95,995,,,,,,,,,,,,,,,,,,,,,,,,,,,,,,0,0,0,0,0,0,1,1,1,0,0,0,0,0,0,0,1,0,0,1,0,0,0,0,0,1,1,1,0,1,0,0,0,0,0,,0,0,0,0,0,0,0,0,0,0,0,0,0,0,0,0,,,,,,41-45,36-45,State route,U,Monday,Belt Used,PV,Not Fatal,0,1,1,0,State Route,Municipal/City Police,Bremerton Police Department,0,1,0,0,0,,,,,,0,0,0,,,,,,,,,,,,,,,,,,,,,,,,,,,,,,,,,,,
2018,437,E865592,5,10/17/2018,19:58,17,10,0,15,Cowlitz,0,1,0,3,1,2,1,0,4,2,19:55,20:03,20:17,12,0,6,4.9,2,0,3,3,2,1,3,0,0,0,0,SR-432,DOUGLAS ST,-122.9707972,46.127525,0,2,69,62,4,50,67,0,0,1,2,12,1,1,2,1,1,1,1,53,0,12,880,2018,0,0,12,,,,,,1,1,42,1,0,0,0,0,3,0,11,0,,,,,0,0,0,3,1,0,0,0,0,96,,,,,,0,,,,,,98611,53,72,230,6,1,0,0,0,0,,0,,,,,,0,,,8,0,0,0,8,9,8,,,0,0,0,8,0,2,1,,,1,,,2,1,0,,,,,,,,,,,,,,,,,,,,,,,,,,,,,,0,0,0,1,0,0,0,0,0,0,0,0,0,1,0,0,0,0,1,1,0,0,0,1,1,0,0,0,0,1,1,0,0,0,0,,0,0,0,0,0,0,0,0,0,0,0,0,0,0,0,0,,,,,,41-45,36-45,State route,U,Wednesday,Belt Used,MHTRUCK,Not Fatal,1,0,0,0,State Route,State Patrol,Washington State Patrol,0,1,0,0,0,,,,,,0,0,0,,,,,,,,,,,,,,,,,,,,,,,,,,,,,,,,,,,
2018,437,E865592,5,10/17/2018,19:58,17,10,0,15,Cowlitz,0,1,0,3,1,2,1,0,4,2,19:55,20:03,20:17,12,0,6,4.9,2,0,3,3,2,1,3,0,0,0,0,SR-432,DOUGLAS ST,-122.9707972,46.127525,0,1,68,15,2,50,6,0,0,1,2,12,1,1,2,1,11,3,2,41,0,24,3,2001,0,0,12,,,,,,1,1,23,2,0,0,3,0,99,0,11,5,,,,,0,0,0,2,1,38,0,0,0,96,,,,,,0,,,,,,98626,53,60,97,1,1,0,2,1,3,,71,,,,,,0,09/15/2015,09/15/2018,8,0,0,0,8,9,8,,,0,0,0,8,0,8,95,,,96,,,8,95,995,,,,,,,,,,,,,,,,,,,,,,,,,,,,,,0,0,0,1,0,0,0,0,0,0,0,0,0,1,0,0,0,0,1,1,0,0,0,1,1,0,0,0,0,1,1,0,0,0,0,,0,0,0,0,0,0,0,0,0,0,1,1,0,0,0,0,,,,,,21-25,16-25,State route,U,Wednesday,Unknown,PV,Not Fatal,1,0,0,0,State Route,State Patrol,Washington State Patrol,0,1,0,0,0,,,,,,0,0,8,,,,,,,,,,,,,,,,,,,,,,,,,,,,,,,,,,,
2018,434,E866214,305,11/21/2018,22:39,21,11,8,11,Clark,2370,2,0,3,2,2,1,1,1,1,,,,8,0,0,0,1,0,1,7,2,4,6,0,0,0,0,NE 28TH ST,NE 132ND AVE,-122.5380389,45.64291667,0,1,13,80,5,35,5,0,0,1,5,8,1,1,2,1,1,1,2,41,0,49,46,2007,0,0,8,,,,,,1,1,23,2,0,0,0,0,3,0,11,0,,,,,0,0,0,3,1,10,0,0,0,96,,,,,,9,,,,,,98684,53,67,130,6,1,0,1,0,1,,11,,,,,,0,10/15/2014,05/15/2016,20,0,0,0,8,9,8,,,0,0,0,8,1,2,1,,,1,,,2,1,0.091,,,,,,,,,,,,,,,,,,,,,,,,,,,,,,0,0,0,0,1,1,0,1,0,1,1,0,0,0,0,0,0,0,0,0,0,0,0,1,1,0,0,0,0,1,0,1,0,0,0,,0,0,0,0,0,1,0,1,0,0,0,0,0,1,0,1,,,,,,21-25,16-25,City street,U,Wednesday,Belt Used,PV,Not Fatal,0,0,0,0,City Street,Municipal/City Police,Vancouver Police Department,0,0,0,1,0,,,,,,0,1,0,,,,,,,,,,,,,,,,,,,,,,,,,,,,,,,,,,,
2018,493,E866251,4,11/28/2018,21:00,28,11,0,63,Spokane,2113,2,0,3,2,2,1,1,1,1,,,,8,0,0,88.6,1,0,1,3,2,1,3,0,0,0,0,SR-27,,-117.2396944,47.66872222,0,1,13,80,5,35,4,0,0,1,5,8,1,1,5,5,1,1,0,2,0,30,40,2014,0,0,8,,,,,,1,1,23,1,0,0,0,0,3,0,11,0,,,,,0,0,0,3,1,0,0,0,0,96,,,,,,0,,,,,,99508,2,77,185,6,1,0,2,0,2,,0,,,,,,0,07/15/2015,11/15/2018,20,0,0,0,8,9,2,,,0,0,0,0,0,8,95,,,96,,,8,95,995,,,,,,,,,,,,,,,,,,,,,,,,,,,,,,0,0,0,0,0,0,0,0,0,0,0,0,0,0,0,0,0,0,0,0,0,0,0,1,1,0,0,0,0,1,0,1,0,0,0,,0,0,0,0,0,0,0,0,0,0,0,0,0,0,0,0,,,,,,21-25,16-25,State route,U,Wednesday,Belt Used,PV,Not Fatal,0,0,0,0,State Route,State Patrol,Washington State Patrol,0,1,0,0,0,,,,,,0,0,0,,,,,,,,,,,,,,,,,,,,,,,,,,,,,,,,,,,
2018,435,E866544,7,11/24/2018,20:45,24,11,8,33,King,1958,1,0,2,1,2,2,0,7,4,,,,12,0,7,151.5,1,0,1,1,2,1,1,0,0,0,0,I-5,,-122.2843083,47.42241389,0,1,44,52,3,60,4,0,0,1,2,12,1,2,5,3,1,2,1,53,0,24,5,2003,0,0,12,64,24,12,12,,1,1,21,2,7,1,4,7,20,0,11,0,11/24/2018,20:47,1.96E+11,51692,0,0,0,3,1,0,0,0,0,96,,,,,,9,,,,,,98008,53,67,250,6,1,0,2,1,1,,0,,,,,,4,07/15/2016,09/15/2018,20,1,9,0,0,9,1,,,0,0,0,1,0,2,605,695,,1,1,,2,1,0,,,,,,,,,,,,,,,,,,,,,,,,,,,,,,0,0,0,0,0,0,1,1,1,0,0,0,1,0,0,0,0,0,0,1,0,0,0,1,1,1,1,1,0,1,0,0,0,1,0,,1,0,0,0,0,0,1,1,0,1,0,0,0,0,1,0,,,,,,21-25,16-25,Interstate,U,Saturday,Not Used,PV,White,0,0,0,0,State Route,State Patrol,Washington State Patrol,0,1,0,0,0,thc,40,carboxy-thc,99,,0,0,2,,,,,,,,,,,,,,,,,,,,,,,,,,,,,,,,,,,
2018,435,E866544,7,11/24/2018,20:45,24,11,8,33,King,1958,1,0,2,1,2,2,0,7,4,,,,12,0,7,151.5,1,0,1,1,2,1,1,0,0,0,0,I-5,,-122.2843083,47.42241389,0,2,45,61,4,60,4,0,0,1,5,12,1,2,5,3,2,1,1,53,0,37,31,2012,0,0,12,,,,,,1,1,29,1,0,0,0,0,3,0,11,0,,,,,0,0,3,3,1,0,0,0,0,96,,,,,,0,,,,,,98103,53,70,180,6,1,0,0,0,1,,0,,,,,,0,05/15/2018,05/15/2018,20,0,0,0,8,9,8,,,0,0,0,8,0,8,95,,,96,,,8,95,995,,,,,,,,,,,,,,,,,,,,,,,,,,,,,,0,0,0,0,0,0,1,1,1,0,0,0,1,0,0,0,0,0,0,1,0,0,0,1,1,1,1,1,0,1,0,0,0,0,0,,0,0,0,0,0,0,0,0,0,0,0,0,0,0,0,0,,,,,,26-30,26-35,Interstate,U,Saturday,Belt Used,PV,Not Fatal,0,0,0,0,State Route,State Patrol,Washington State Patrol,0,1,0,0,0,,,,,,0,0,0,,,,,,,,,,,,,,,,,,,,,,,,,,,,,,,,,,,
2018,435,E866544,7,11/24/2018,20:45,24,11,8,33,King,1958,1,0,2,1,2,2,0,7,4,,,,12,0,7,151.5,1,0,1,1,2,1,1,0,0,0,0,I-5,,-122.2843083,47.42241389,0,3,98,98,7,60,34,0,0,1,5,12,1,2,5,3,1,2,2,53,0,35,472,2014,0,0,12,,,,,,1,1,27,2,0,0,0,0,3,0,11,0,,,,,0,0,0,3,1,0,0,0,0,96,,,,,,0,,,,,,98203,53,66,130,6,1,0,0,0,0,,0,,,,,,0,,,20,0,0,0,8,9,8,,,0,0,0,8,0,8,95,,,96,,,8,95,995,,,,,,,,,,,,,,,,,,,,,,,,,,,,,,0,0,0,0,0,0,1,1,1,0,0,0,1,0,0,0,0,0,0,1,0,0,0,1,1,1,1,1,0,1,0,0,0,0,0,,0,0,0,0,0,0,0,0,0,0,0,0,0,0,0,0,,,,,,26-30,26-35,Interstate,U,Saturday,Belt Used,PV,Not Fatal,0,0,0,0,State Route,State Patrol,Washington State Patrol,0,1,0,0,0,,,,,,0,0,0,,,,,,,,,,,,,,,,,,,,,,,,,,,,,,,,,,,
2018,435,E866544,7,11/24/2018,20:45,24,11,8,33,King,1958,1,0,2,1,2,2,0,7,4,,,,12,0,7,151.5,1,0,1,1,2,1,1,0,0,0,0,I-5,,-122.2843083,47.42241389,0,4,98,98,7,60,14,0,0,1,2,12,1,2,5,3,1,2,1,53,0,49,403,2007,0,0,12,,,,,,1,1,83,1,0,0,1,0,3,0,11,8,,,,,0,0,3,3,1,0,0,0,0,96,,,,,,0,,,,,,98226,53,72,180,6,1,0,0,1,0,,0,,,,,,0,09/15/2017,09/15/2017,1,0,0,0,8,9,8,,,0,0,0,8,0,8,95,,,96,,,8,95,995,,,,,,,,,,,,,,,,,,,,,,,,,,,,,,0,0,0,0,0,0,1,1,1,0,0,0,1,0,0,0,0,0,0,1,0,0,0,1,1,1,1,1,0,1,0,0,0,0,0,,0,0,0,0,0,0,0,0,0,0,0,0,0,0,0,0,,,,,,81+,76+,Interstate,U,Saturday,Belt Used,PV,Not Fatal,0,0,0,0,State Route,State Patrol,Washington State Patrol,0,1,0,0,0,,,,,,0,0,0,,,,,,,,,,,,,,,,,,,,,,,,,,,,,,,,,,,
2018,488,E866907,8,11/26/2018,17:40,26,11,0,35,Kitsap,0,2,0,2,2,2,1,0,7,1,,,,24,0,0,25.7,1,0,1,3,1,1,3,0,0,0,0,SR-16,,-122.6761861,47.52813056,0,1,2,6,1,60,20,0,0,1,7,24,3,2,2,3,14,7,1,53,0,49,442,1999,0,0,63,24,69,64,24,,1,1,30,1,0,0,0,0,3,0,11,0,,,,,0,0,0,3,1,0,0,0,0,96,,,,,,0,,,,,,98337,53,64,132,6,1,0,2,0,0,,97,,,,,,4,04/15/2016,10/15/2018,20,0,0,0,8,9,2,,,0,0,0,0,0,8,95,,,96,,,8,95,995,,,,,,,,,,,,,,,,,,,,,,,,,,,,,,0,0,0,0,0,0,0,0,0,0,0,0,1,0,0,0,0,0,0,1,0,0,0,0,0,0,0,0,0,1,0,0,0,0,0,,0,0,0,0,0,0,0,0,0,1,0,0,0,0,0,0,,,,,,26-30,26-35,State route,R,Monday,Belt Used,PV,Not Fatal,0,1,0,0,State Route,State Patrol,Washington State Patrol,1,1,0,0,0,,,,,,0,0,0,,,,,,,,,,,,,,,,,,,,,,,,,,,,,,,,,,,
2018,436,E867158,7,09/23/2018,18:15,23,9,0,33,King,980,1,0,1,1,1,1,0,3,1,,,,52,0,0,14.7,1,0,1,1,2,1,1,0,0,0,0,I-90,,-122.0393194,47.54194722,0,1,6,12,2,60,4,0,0,1,5,52,2,1,3,3,14,3,2,53,0,37,31,2003,0,0,64,52,,,,,1,1,18,1,1,98,4,7,3,0,11,0,09/23/2018,18:15,98053041903,41903,0,0,3,3,1,0,0,0,0,93,,,,,,99,,,,,,98953,53,69,180,6,2,0,0,0,0,,0,,,,,,0,,,1,0,0,0,0,9,8,,,0,0,0,8,9,2,1,,,1,,,2,1,0,,,,,,,,,,,,,,,,,,,,,,,,,,,,,,0,0,1,0,0,0,0,0,0,0,0,0,0,0,0,0,1,0,0,0,0,1,1,0,1,0,0,0,0,1,0,0,0,0,0,,1,0,0,0,0,0,0,0,1,0,0,0,0,0,0,0,,,,,,18-20,16-25,Interstate,U,Sunday,Belt Used,PV,Hispanic,0,1,0,0,State Route,State Patrol,Washington State Patrol,1,1,0,0,0,,,,,,0,0,0,,,,,,,,,,,,,,,,,,,,,,,,,,,,,,,,,,,