year,case,par,repjur,crash_dt,crash_tm,accday,accmon,holiday,county,co_char,city,weather,weather2,lightcond,surfcond,surftype,numfatal,nmforms,pforms,vforms,not_tm,arr_tm,hosp_tm,fhevent,hitrun,manncol,milepnt,reljunc,reljuncinter,intersectiontype,funcsystem,landuse,ownership,route,schlbus,spejur,contdev,devfunc,trafid1,trafid2,x,y,wk_zone,vnumber,crashtype,criticalevent,criticaleventcat,spdlim,body,trailer,emerg,hazcargo,leave,mhevent,roadalgn,roadprof,traflane,trafflow,vehmanvr,numoccs,regowner,regstate,spuse,make,model,modelyr,vrf1,vrf2,seqevent1,seqevent2,seqevent3,seqevent4,seqevent5,seqevent6,pnumber,ptype,age,sex,hispanic,race,injury,diedscene,restraint,restraintmisuse,seatpos,takehosp,death_dt,death_tm,cert,cernum_wa,commlic,licendor,licrestrict,liccomp,drivpres,drf1,drf2,drf3,drf4,distract1,distract2,distract3,distract4,distract5,distract6,dricond1,dricond2,dricond3,dricond4,dricond5,dricond6,dzip,licstate,drhgt_in,weight,noncdl,noncdltype,prevdwi,prevoth,prevacc,prevspd,prevsus,driviol1,driviol2,driviol3,driviol4,driviol5,driviol6,spdrel,first_dt,last_dt,airbag,ejection,ejectpath,extricat,injurwrk,methalc,methdrug,nmlocat,strikveh,prf1,prf2,prf3,druginv,alcinvol,drugsts,drugres1,drugres2,drugres3,drugtst1,drugtst2,drugtst3,alcsts,alctst,alcres,nmact1,nmact2,nmact3,nmact4,nmact5,nmact6,nmprior1,nmprior2,nmprior3,nmprior4,nmprior5,nmprior6,nmcond1,nmcond2,nmcond3,nmcond4,nmcond5,nmcond6,nmsafe_helmet,nmsafe_pads,nmsafe_oth,nmprev_ref,nmprev_lgt,nmprev_oth,crashlocation,nmcrashtype,crosswalk,schoolzone,sidewalk,train_inv,wildlife_inv,rotr_fars,intersect_fars,dd_inv,aid_inv,dpd_inv,id_inv,mj_inv,impnm_inv,ainm_inv,dpnm_inv,speed_inv,unlic_inv,unendmc_inv,drowsy_inv,drdist_inv,nmdist_inv,fty_inv,unrestfat_inv,dr1617_inv,dr1820_inv,dr1620_inv,dr2125_inv,dr1625_inv,dr65_inv,dr70_inv,dr75_inv,mc_inv,pv_inv,ht_inv,ped_inv,bike_inv,unrest_fat,mc_fat,unhelmet_mc,pv_fat,ht_fat,ped_fat,bike_fat,dr_alc7,dr_alc8,dr_drug,dr_imp,dr_dist,dr_spd,dr_fty,dr_unlic,dr_alc7only,dr_alc8only,dr_drugonly,dr_drink,nm_imp,nm_alc7,nm_alc8,nm_drug,nm_dist,agegrp1,agegrp2,roadclass,urbrur,dayweek,restuse,vehtype,race_me,intersect,lanedep,oppdir,wrongway,rep_typ,investag,repag_long,rotr,st_rd,cty_rd,city_rd,oth_rd,drug_thc,thc_res,drug_cthc,cthc_res,drug_cann,prevpersemin,prevperse,prevsusoth,drugtst4,drugtst5,drugtst6,drugtst7,drugtst8,drugres4,drugres5,drugres6,drugres7,drugres8,adspresent,adsengaged,adslevel,race1,race2,race3,race4,race5,helmet,helmetmisuse,nmdistract1,nmdistract2,nmdistract3,nmdistract4,nmdistract5,nmdistract6,lab,isedtcase,crf1,crf2,crf3,CoRoadName,CoMP,IntCoRoadName,IntCoMP
2018,438,E867303,5,12/01/2018,18:26,1,12,0,41,Lewis,0,1,0,3,1,2,1,0,3,3,18:27,18:31,,12,0,6,49.2,2,0,3,4,1,1,3,0,0,20,3,SR-6,CHILVERS RD,-123.0172028,46.64555,0,1,82,15,2,35,4,0,0,1,2,12,1,1,2,1,11,1,1,53,0,35,43,2006,0,0,12,12,,,,,1,1,75,2,7,1,4,7,3,0,11,0,12/01/2018,18:26,53053721,53721,0,0,0,3,1,38,0,0,0,96,,,,,,99,,,,,,98532,53,66,138,6,1,0,0,0,0,,0,,,,,,0,,,8,0,0,0,0,9,8,,,0,0,0,8,9,2,996,996,,1,1,,2,1,0,,,,,,,,,,,,,,,,,,,,,,,,,,,,,,0,0,0,1,0,0,1,1,0,0,0,0,0,0,0,0,0,0,1,0,0,0,0,1,1,1,1,1,0,1,0,0,0,0,0,,1,0,0,0,0,0,1,1,0,0,1,0,0,0,1,0,,,,,,71-75,66-75,State route,R,Saturday,Belt Used,PV,White,1,0,0,0,State Route,State Patrol,Washington State Patrol,0,1,0,0,0,,,,,,0,0,0,,,,,,,,,,,,,,,,,,,,,,,,,,,,,,,,,,,
2018,438,E867303,5,12/01/2018,18:26,1,12,0,41,Lewis,0,1,0,3,1,2,1,0,3,3,18:27,18:31,,12,0,6,49.2,2,0,3,4,1,1,3,0,0,0,0,SR-6,CHILVERS RD,-123.0172028,46.64555,0,2,83,67,4,55,34,0,0,1,2,1,1,1,3,1,1,1,1,53,0,7,482,2007,0,0,12,1,,,,,1,1,37,1,0,0,0,0,3,0,11,0,,,,,0,0,0,3,1,0,0,0,0,96,,,,,,0,,,,,,98532,53,80,270,6,1,0,0,0,1,,0,,,,,,0,08/15/2018,08/15/2018,20,0,0,0,8,9,8,,,0,0,0,8,0,8,95,,,96,,,8,95,995,,,,,,,,,,,,,,,,,,,,,,,,,,,,,,0,0,0,1,0,0,1,1,0,0,0,0,0,0,0,0,0,0,1,0,0,0,0,1,1,1,1,1,0,1,0,0,0,0,0,,0,0,0,0,0,0,0,0,0,0,0,0,0,0,0,0,,,,,,36-40,36-45,State route,R,Saturday,Belt Used,PV,Not Fatal,1,0,0,0,State Route,State Patrol,Washington State Patrol,0,1,0,0,0,,,,,,0,0,0,,,,,,,,,,,,,,,,,,,,,,,,,,,,,,,,,,,
2018,438,E867303,5,12/01/2018,18:26,1,12,0,41,Lewis,0,1,0,3,1,2,1,0,3,3,18:27,18:31,,12,0,6,49.2,2,0,3,4,1,1,3,0,0,0,0,SR-6,CHILVERS RD,-123.0172028,46.64555,0,3,98,98,7,55,34,0,0,1,7,12,1,1,3,1,1,1,1,53,0,12,481,2015,0,0,12,,,,,,1,1,25,1,0,0,0,0,3,0,11,0,,,,,0,0,3,3,1,0,0,0,0,96,,,,,,0,,,,,,98591,53,69,160,6,1,0,0,1,2,,0,,,,,,0,12/15/2014,03/15/2016,20,0,0,0,8,9,8,,,0,0,0,8,0,8,95,,,96,,,8,95,995,,,,,,,,,,,,,,,,,,,,,,,,,,,,,,0,0,0,1,0,0,1,1,0,0,0,0,0,0,0,0,0,0,1,0,0,0,0,1,1,1,1,1,0,1,0,0,0,0,0,,0,0,0,0,0,0,0,0,0,0,0,0,0,0,0,0,,,,,,21-25,16-25,State route,R,Saturday,Belt Used,PV,Not Fatal,1,0,0,0,State Route,State Patrol,Washington State Patrol,0,1,0,0,0,,,,,,0,0,0,,,,,,,,,,,,,,,,,,,,,,,,,,,,,,,,,,,
2018,439,E867440,40,12/02/2018,7:27,2,12,0,63,Spokane,0,5,0,1,1,2,1,0,1,1,,,,1,0,0,1.9,1,0,1,7,1,2,4,0,0,0,0,CR-S MOLTER RD,,-117.0887528,47.50633056,0,1,6,6,1,98,4,0,0,1,7,1,8,8,2,1,1,1,1,53,0,30,40,1998,0,0,68,64,1,,,,1,1,56,1,7,1,4,7,20,0,11,0,12/02/2018,7:27,53054191,54191,0,0,0,3,1,0,0,0,0,96,,,,,,99,,,,,,99030,53,68,175,6,1,0,0,0,0,,0,,,,,,4,,,20,1,9,0,0,9,8,,,0,0,0,8,9,2,605,,,1,,,2,1,0.23,,,,,,,,,,,,,,,,,,,,,,,,,,,,,,0,0,1,0,1,1,1,1,1,0,0,0,1,0,0,0,0,0,0,1,0,0,0,0,0,0,0,0,0,1,0,0,0,1,0,,1,0,0,0,0,1,1,1,0,1,0,0,0,0,0,1,,,,,,56-60,56-65,County road,R,Sunday,Not Used,PV,White,0,1,0,0,County Road,County Sheriff,Spokane County Sheriff's Office,1,0,1,0,0,thc,15,,,,0,0,0,,,,,,,,,,,,,,,,,,,,,,,,,,,,,,,,,,,
2018,502,E867469,55,12/02/2018,17:32,2,12,0,33,King,100,1,0,3,1,2,1,1,1,1,,,,8,0,0,0,1,0,1,3,2,4,6,0,0,0,0,A ST SE,,-122.2287,47.30167778,0,1,13,80,5,30,3,0,0,1,7,8,1,1,5,5,1,1,1,2,0,47,31,1993,0,0,8,,,,,,1,1,55,1,0,0,0,0,3,0,11,0,,,,,6,0,3,3,1,0,0,0,0,96,,,,,,0,,,,,,98092,53,73,175,6,1,0,0,0,1,,0,,,,,,0,03/15/2014,03/15/2014,20,0,0,0,8,9,8,,,0,0,0,8,0,2,1,,,1,,,2,1,0,,,,,,,,,,,,,,,,,,,,,,,,,,,,,,0,0,0,0,0,0,0,0,0,0,0,0,0,0,0,0,0,0,0,0,0,0,0,0,0,0,0,0,0,1,0,1,0,0,0,,0,0,0,0,0,0,0,0,0,0,0,0,0,0,0,0,,,,,,51-55,46-55,City street,U,Sunday,Belt Used,PV,Not Fatal,0,0,0,0,City Street,Municipal/City Police,Auburn Police Department,0,0,0,1,0,,,,,,0,0,0,,,,,,,,,,,,,,,,,,,,,,,,,,,,,,,,,,,
2018,440,E867791,7,11/24/2018,14:29,24,11,8,33,King,735,1,0,1,1,1,1,0,2,1,14:38,14:50,15:40,52,0,0,141.7,1,0,1,1,2,1,1,0,0,0,0,I-5,,-122.3084556,47.28485556,0,1,6,12,2,60,14,0,0,1,7,52,1,1,5,3,1,2,1,41,0,59,403,2010,0,0,64,52,,,,,1,1,68,1,0,0,1,0,3,0,11,5,,,,,0,0,3,3,1,0,0,0,0,92,,,,,,0,,,,,,70714,22,65,140,6,1,0,0,0,0,,0,,,,,,0,,,20,0,0,0,8,9,8,,,0,0,0,8,0,8,95,,,96,,,8,95,995,,,,,,,,,,,,,,,,,,,,,,,,,,,,,,0,0,1,0,0,0,0,0,0,0,0,0,0,0,0,0,1,0,0,0,0,0,0,0,0,1,0,0,0,1,0,0,0,0,0,,0,0,0,0,0,0,0,0,1,0,0,0,0,0,0,0,,,,,,66-70,66-75,Interstate,U,Saturday,Belt Used,PV,Not Fatal,0,1,0,0,State Route,State Patrol,Washington State Patrol,1,1,0,0,0,,,,,,0,0,0,,,,,,,,,,,,,,,,,,,,,,,,,,,,,,,,,,,
2018,441,E867897,6,11/21/2018,20:29,21,11,8,47,Okanogan,0,1,0,2,4,2,1,0,1,1,,,,42,0,0,58.7,1,0,1,4,1,1,3,0,3,0,0,SR-155,,-119.1529694,48.31538333,0,1,7,6,1,60,34,0,0,1,7,1,2,2,2,1,6,1,3,53,0,12,481,2004,0,0,68,68,63,69,68,64,1,1,62,1,7,1,4,7,3,0,11,0,11/21/2018,20:29,53051191,51191,0,0,3,3,1,33,58,0,0,96,,,,,,99,,,,,,98841,53,62,340,6,1,0,0,0,0,,0,,,,,,4,,,20,0,0,0,0,9,8,,,0,0,0,8,9,2,1,,,1,,,2,1,0,,,,,,,,,,,,,,,,,,,,,,,,,,,,,,0,0,0,0,0,0,0,0,0,0,0,0,1,0,0,0,0,0,0,0,0,0,0,0,0,0,0,0,0,1,0,0,0,0,0,,1,0,0,0,0,0,0,0,0,1,0,0,0,0,0,0,,,,,,61-65,56-65,State route,R,Wednesday,Belt Used,PV,White,0,1,0,0,State Route,State Patrol,Washington State Patrol,1,1,0,0,0,,,,,,0,0,0,,,,,,,,,,,,,,,,,,,,,,,,,,,,,,,,,,,
2018,492,E868097,2,11/23/2018,18:05,23,11,8,57,Skagit,230,2,0,2,2,2,1,1,1,1,,,,8,0,0,60.3,1,0,1,3,2,1,3,0,0,0,0,SR-20,,-122.3247861,48.47778056,0,1,13,80,5,30,3,0,0,1,7,8,1,1,2,1,1,1,1,53,0,54,31,2001,0,0,8,,,,,,1,1,24,1,0,0,0,0,3,0,11,0,,,,,0,0,0,3,1,10,0,0,0,96,,,,,,0,,,,,,98233,53,70,220,6,1,0,0,1,3,,0,,,,,,0,02/15/2015,10/15/2017,20,0,0,0,8,9,8,,,0,0,0,8,0,8,95,,,96,,,8,95,995,,,,,,,,,,,,,,,,,,,,,,,,,,,,,,0,0,0,0,0,0,0,0,0,0,0,0,0,0,0,0,0,0,0,0,0,0,0,1,1,0,0,0,0,1,0,1,0,0,0,,0,0,0,0,0,0,0,0,0,0,0,0,0,0,0,0,,,,,,21-25,16-25,State route,U,Friday,Belt Used,PV,Not Fatal,0,0,0,0,State Route,State Patrol,Washington State Patrol,0,1,0,0,0,,,,,,0,1,0,,,,,,,,,,,,,,,,,,,,,,,,,,,,,,,,,,,
2018,442,E868257,14,12/03/2018,9:01,3,12,0,11,Clark,0,1,0,1,4,2,1,0,1,1,,,,17,0,0,1.6,1,0,1,6,1,2,4,0,0,0,0,CR-NE KELLY RD,,-122.4716861,45.87565556,0,1,7,6,1,98,34,0,0,1,5,1,1,2,2,1,1,1,2,53,0,7,482,2004,0,0,68,64,17,1,42,,1,1,17,1,7,1,4,7,20,0,11,0,12/03/2018,9:14,53053659,53659,0,0,3,3,1,0,0,0,0,96,,,,,,99,,,,,,98675,53,70,180,6,2,0,0,0,0,,0,,,,,,4,,,8,2,2,0,0,9,8,,,0,0,0,8,9,2,1,,,1,,,2,1,0,,,,,,,,,,,,,,,,,,,,,,,,,,,,,,0,0,0,0,0,0,0,0,0,0,0,0,1,0,0,0,0,0,0,1,1,0,1,0,1,0,0,0,0,1,0,0,0,1,0,,1,0,0,0,0,0,0,0,0,1,0,0,0,0,0,0,,,,,,16-17,16-25,County road,R,Monday,Not Used,PV,White,0,1,0,0,County Road,County Sheriff,Clark County Sheriff's Office,1,0,1,0,0,,,,,,0,0,0,,,,,,,,,,,,,,,,,,,,,,,,,,,,,,,,,,,
2018,443,E868356,31,11/23/2018,23:50,23,11,8,45,Mason,0,5,0,2,1,7,1,0,2,1,23:54,0:09,0:42,30,0,0,4.5,1,0,1,5,1,2,4,0,0,0,0,CR-SE LYNCH RD,,-123.0206528,47.15991667,0,1,2,6,1,35,3,0,0,1,7,30,3,2,2,1,14,2,1,53,0,30,42,2001,0,0,63,30,42,,,,1,1,32,1,7,3,4,7,20,0,11,0,11/23/2018,23:50,53051266,51266,0,0,0,3,1,58,0,0,0,93,,,,,,99,,,,,,98168,53,72,175,6,1,0,1,0,0,,0,,,,,,4,11/15/2015,05/15/2016,1,2,9,0,0,9,8,,,0,0,0,8,9,2,1,,,1,,,2,1,0.2,,,,,,,,,,,,,,,,,,,,,,,,,,,,,,0,0,0,0,1,1,0,1,0,0,0,0,1,0,0,0,1,0,0,1,0,0,0,0,0,0,0,0,0,1,0,0,0,1,0,,1,0,0,0,0,1,0,1,1,1,0,0,0,1,0,1,,,,,,31-35,26-35,County road,R,Friday,Not Used,PV,AIAN,0,1,0,0,County Road,County Sheriff,Mason County Sheriff's Office,1,0,1,0,0,,,,,,0,0,2,,,,,,,,,,,,,,,,,,,,,,,,,,,,,,,,,,,
2018,444,E868426,6,11/28/2018,7:03,28,11,0,25,Grant,0,5,0,1,1,2,1,0,2,2,7:00,7:15,,12,0,2,3.9,1,0,1,4,1,1,3,0,0,0,0,SR-243,,-119.8133306,46.63307222,0,2,51,62,4,60,66,1,0,1,7,12,1,1,2,1,1,1,3,53,0,51,881,2008,0,0,12,,,,,,1,1,52,1,0,0,0,0,3,0,11,0,,,,,6,1,0,3,1,0,0,0,0,96,,,,,,0,,,,,,99344,53,72,245,6,1,0,3,0,2,,0,,,,,,0,04/15/2016,10/15/2018,20,0,0,0,8,9,8,,,0,0,0,8,0,8,95,,,96,,,8,95,995,,,,,,,,,,,,,,,,,,,,,,,,,,,,,,0,0,0,0,0,0,1,1,1,0,0,0,0,0,0,0,0,0,0,0,0,1,1,0,1,0,0,0,0,1,1,0,0,0,0,,0,0,0,0,0,0,0,0,0,0,0,0,0,0,0,0,,,,,,51-55,46-55,State route,R,Wednesday,,MHTRUCK,Not Fatal,0,1,1,0,State Route,State Patrol,Washington State Patrol,0,1,0,0,0,,,,,,0,0,0,,,,,,,,,,,,,,,,,,,,,,,,,,,,,,,,,,,
2018,444,E868426,6,11/28/2018,7:03,28,11,0,25,Grant,0,5,0,1,1,2,1,0,2,2,7:00,7:15,,12,0,2,3.9,1,0,1,4,1,1,3,0,0,0,0,SR-243,,-119.8133306,46.63307222,0,1,50,10,2,60,3,0,0,1,7,12,1,1,2,1,6,1,1,53,0,37,31,1994,0,0,68,12,,,,,1,1,20,1,1,98,4,7,3,0,11,0,11/28/2018,7:03,1.29E+11,52099,0,0,3,3,1,33,0,0,0,96,,,,,,9,,,,,,99352,53,71,165,6,1,0,1,0,2,,0,,,,,,0,09/15/2016,12/15/2016,20,0,0,0,0,9,1,,,0,0,0,1,9,2,605,695,,1,1,,2,1,0,,,,,,,,,,,,,,,,,,,,,,,,,,,,,,0,0,0,0,0,0,1,1,1,0,0,0,0,0,0,0,0,0,0,0,0,1,1,0,1,0,0,0,0,1,1,0,0,0,0,,1,0,0,0,0,0,1,1,0,0,0,0,0,0,1,0,,,,,,18-20,16-25,State route,R,Wednesday,Belt Used,PV,Hispanic,0,1,1,0,State Route,State Patrol,Washington State Patrol,0,1,0,0,0,thc,35,carboxy-thc,8.4,,0,0,0,,,,,,,,,,,,,,,,,,,,,,,,,,,,,,,,,,,
2018,445,E868435,6,11/26/2018,12:20,26,11,0,25,Grant,1390,1,0,1,1,2,1,0,4,2,,,,12,0,6,43.9,2,0,2,3,2,1,3,0,0,3,3,SR-17,YANEZAWA BLVD,-119.2520139,47.10616667,0,1,68,15,2,50,4,0,0,1,7,12,1,1,5,1,11,2,1,53,0,63,34,2006,0,0,12,,,,,,1,1,90,1,0,0,0,0,3,0,11,0,,,,,0,0,3,3,1,39,48,0,0,96,,,,,,0,,,,,,98823,53,69,230,6,1,0,0,0,0,,97,,,,,,0,,,20,0,0,1,8,9,8,,,0,0,0,8,0,8,95,,,96,,,8,95,995,,,,,,,,,,,,,,,,,,,,,,,,,,,,,,0,0,0,1,0,0,0,0,0,0,0,0,0,0,0,0,0,0,0,0,0,0,0,0,0,1,1,1,0,1,0,0,0,0,0,,0,0,0,0,0,0,0,0,0,0,0,0,0,0,0,0,,,,,,81+,76+,State route,U,Monday,Belt Used,PV,Not Fatal,1,0,0,0,State Route,State Patrol,Washington State Patrol,0,1,0,0,0,,,,,,0,0,0,,,,,,,,,,,,,,,,,,,,,,,,,,,,,,,,,,,
2018,445,E868435,6,11/26/2018,12:20,26,11,0,25,Grant,1390,1,0,1,1,2,1,0,4,2,,,,12,0,6,43.9,2,0,2,3,2,1,3,0,0,0,0,SR-17,YANEZAWA BLVD,-119.2520139,47.10616667,0,2,69,62,4,50,4,0,0,1,7,12,1,1,5,1,1,2,1,53,0,49,40,1988,0,0,12,,,,,,1,1,65,1,0,0,3,0,3,0,11,8,,,,,0,0,3,3,1,0,0,0,0,96,,,,,,0,,,,,,98857,53,71,250,6,1,0,0,0,0,,0,,,,,,0,,,20,0,0,0,8,9,8,,,0,0,0,8,0,0,0,,,0,,,0,0,996,,,,,,,,,,,,,,,,,,,,,,,,,,,,,,0,0,0,1,0,0,0,0,0,0,0,0,0,0,0,0,0,0,0,0,0,0,0,0,0,1,1,1,0,1,0,0,0,0,0,,0,0,0,0,0,0,0,0,0,0,0,0,0,0,0,0,,,,,,61-65,56-65,State route,U,Monday,Belt Used,PV,Not Fatal,1,0,0,0,State Route,State Patrol,Washington State Patrol,0,1,0,0,0,,,,,,0,0,0,,,,,,,,,,,,,,,,,,,,,,,,,,,,,,,,,,,
2018,448,E868699,25,11/22/2018,13:07,22,11,8,33,King,0,1,0,1,1,2,1,0,3,2,,,,12,0,2,0.2,1,0,1,4,1,2,4,0,0,0,0,CR-SE PETROVITSKY RD,,-122.0789944,47.42122778,0,2,51,62,4,50,14,0,0,1,7,12,3,2,2,1,14,2,2,53,0,12,402,2007,0,0,12,,,,,,1,1,17,2,0,0,3,0,3,0,11,8,,,,,0,0,0,3,1,0,0,0,0,96,,,,,,0,,,,,,98010,53,63,110,6,2,0,0,0,0,,0,,,,,,0,,,8,0,0,0,8,9,8,,,0,0,0,8,0,8,95,,,96,,,8,95,995,,,,,,,,,,,,,,,,,,,,,,,,,,,,,,0,0,0,0,0,0,1,1,0,0,0,0,0,0,0,0,0,0,0,0,1,0,1,0,1,0,0,0,0,1,0,0,0,0,0,,0,0,0,0,0,0,0,0,0,0,0,0,0,0,0,0,,,,,,16-17,16-25,County road,R,Thursday,Belt Used,PV,Not Fatal,0,1,1,0,County Road,County Sheriff,King County Police,0,0,1,0,0,,,,,,0,0,0,,,,,,,,,,,,,,,,,,,,,,,,,,,,,,,,,,,
2018,448,E868699,25,11/22/2018,13:07,22,11,8,33,King,0,1,0,1,1,2,1,0,3,2,,,,12,0,2,0.2,1,0,1,4,1,2,4,0,0,0,0,CR-SE PETROVITSKY RD,,-122.0789944,47.42122778,0,1,50,10,2,98,4,0,0,1,7,12,2,2,2,1,14,1,1,53,0,7,41,2001,0,0,68,12,,,,,1,1,57,1,7,1,4,7,99,0,11,0,11/22/2018,13:07,53051340,51340,0,0,0,3,1,28,0,0,0,96,,,,,,9,,,,,,98404,53,68,140,6,1,0,2,1,4,,0,,,,,,0,07/15/2014,05/15/2018,8,0,0,0,0,9,1,,,0,0,0,1,9,2,401,417,996,1,1,1,2,1,0,,,,,,,,,,,,,,,,,,,,,,,,,,,,,,0,0,0,0,0,0,1,1,0,0,0,0,0,0,0,0,0,0,0,0,1,0,1,0,1,0,0,0,0,1,0,0,0,0,0,,1,0,0,0,0,0,1,1,0,0,0,0,0,0,1,0,,,,,,56-60,56-65,County road,R,Thursday,Unknown,PV,White,0,1,1,0,County Road,County Sheriff,King County Police,0,0,1,0,0,,,,,,0,0,0,1,,,,,996,,,,,,,,,,,,,,,,,,,,,,,,,,,,,
2018,449,E868733,21,11/22/2018,20:07,22,11,8,25,Grant,0,3,0,2,4,2,1,0,4,1,20:05,20:17,20:53,24,0,0,16.1,1,0,1,5,1,2,4,0,0,0,0,CR-ROAD 5 NW,,-119.8963083,47.16013333,0,1,6,6,1,60,14,0,0,1,7,3,1,1,2,1,6,4,2,53,0,59,403,2004,0,0,68,64,24,1,3,,1,1,39,2,0,0,3,0,3,0,11,5,,,,,0,0,3,3,1,87,0,0,0,93,,,,,,0,,,,,,98801,53,66,220,6,1,0,0,0,1,,0,,,,,,4,02/15/2018,02/15/2018,8,0,0,0,8,9,8,,,0,0,0,8,0,8,95,,,96,,,8,95,995,,,,,,,,,,,,,,,,,,,,,,,,,,,,,,0,0,1,0,0,0,0,0,0,0,0,0,1,0,0,0,1,0,0,0,0,0,0,0,0,0,0,0,0,1,0,0,0,0,0,,0,0,0,0,0,0,0,0,1,1,0,0,0,0,0,0,,,,,,36-40,36-45,County road,R,Thursday,Belt Used,PV,Not Fatal,0,1,0,0,County Road,County Sheriff,Grant County Sheriff's Office,1,0,1,0,0,,,,,,0,0,0,,,,,,,,,,,,,,,,,,,,,,,,,,,,,,,,,,,
2018,450,E868734,21,11/23/2018,0:39,23,11,8,25,Grant,0,1,0,2,4,2,1,0,1,1,2:48,3:18,,1,0,0,9.1,1,0,1,5,1,2,4,0,0,0,0,CR-DODSON RD S,,-119.5572278,47.00881667,0,1,2,6,1,60,15,0,0,1,7,1,1,1,2,1,1,1,1,53,0,13,421,1999,0,0,63,69,68,68,63,1,1,1,31,2,7,1,4,7,20,0,11,0,11/23/2018,0:39,53051059,51059,0,0,0,3,1,58,87,0,0,96,,,,,,99,,,,,,99357,53,69,160,6,1,0,1,0,0,,0,,,,,,3,09/15/2016,09/15/2016,20,1,9,0,0,9,8,,,0,0,0,8,1,8,95,,,96,,,8,95,995,,,,,,,,,,,,,,,,,,,,,,,,,,,,,,0,0,0,0,1,0,0,0,0,0,0,0,1,0,0,0,0,0,0,1,0,0,0,0,0,0,0,0,0,1,0,0,0,1,0,,1,0,0,0,0,0,0,0,0,1,0,0,0,0,0,1,,,,,,31-35,26-35,County road,R,Friday,Not Used,PV,White,0,1,0,0,County Road,County Sheriff,Grant County Sheriff's Office,1,0,1,0,0,,,,,,0,0,0,,,,,,,,,,,,,,,,,,,,,,,,,,,,,,,,,,,
2018,451,E868930,222,12/04/2018,11:51,4,12,0,67,Thurston,1590,1,0,1,1,2,1,1,1,1,,,,15,0,0,0,4,0,1,7,2,4,6,0,0,0,0,MARTIN WAY E,ENSIGN RD NE,-122.8558361,47.04649444,0,1,13,83,5,35,67,0,0,1,7,15,1,1,4,1,10,1,1,53,0,7,880,2006,0,0,15,,,,,,1,1,46,1,0,0,0,0,3,0,11,0,,,,,0,0,0,3,1,10,0,0,0,93,,,,,,0,,,,,,98513,53,66,150,6,1,0,0,0,0,,97,,,,,,0,,,20,0,0,0,8,9,8,,,0,0,0,8,0,8,95,,,96,,,8,95,995,,,,,,,,,,,,,,,,,,,,,,,,,,,,,,0,0,0,0,0,0,0,0,0,1,0,1,0,0,0,0,1,0,0,0,0,0,0,0,0,0,0,0,0,0,1,1,0,0,0,,0,0,0,0,0,0,0,0,1,0,0,0,0,0,0,0,,,,,,46-50,46-55,City street,U,Tuesday,Belt Used,MHTRUCK,Not Fatal,0,0,0,0,City Street,Municipal/City Police,Olympia Police Department,0,0,0,1,0,,,,,,0,0,0,,,,,,,,,,,,,,,,,,,,,,,,,,,,,,,,,,,
2018,452,E870976,7,12/08/2018,1:18,8,12,0,53,Pierce,0,1,0,2,2,2,1,1,1,1,1:15,1:24,,8,0,0,12.3,1,0,1,3,2,1,3,0,0,0,0,SR-302,,-122.683,47.3881,0,1,13,80,5,50,4,0,0,1,7,8,1,1,2,1,1,1,2,53,0,35,47,2007,0,0,8,,,,,,1,1,17,1,0,0,0,0,3,0,11,0,,,,,0,0,1,3,1,0,0,0,0,96,,,,,,0,,,,,,98329,53,71,150,6,2,0,0,0,0,,0,,,,,,0,,,20,0,0,0,8,9,2,,,0,0,0,0,0,2,1,,,1,,,2,1,0,,,,,,,,,,,,,,,,,,,,,,,,,,,,,,0,0,0,0,0,0,0,0,0,1,1,1,0,0,0,0,0,0,0,0,1,0,1,0,1,0,0,0,0,1,0,1,0,0,0,,0,0,0,0,0,0,0,0,0,0,0,0,0,0,0,0,,,,,,16-17,16-25,State route,U,Saturday,Belt Used,PV,Not Fatal,0,0,0,0,State Route,State Patrol,Washington State Patrol,0,1,0,0,0,,,,,,0,0,0,,,,,,,,,,,,,,,,,,,,,,,,,,,,,,,,,,,
2018,453,E871028,1,12/05/2018,5:30,5,12,0,77,Yakima,0,5,0,2,0,0,1,0,3,3,5:30,5:45,6:28,12,0,6,13.8,4,0,1,5,1,1,3,0,0,0,0,SR-241,,-119.9555667,46.39143056,0,1,82,15,2,0,66,1,0,1,5,12,0,0,0,0,11,1,3,53,0,82,881,2012,0,0,12,12,,,,,1,1,34,1,0,0,0,0,3,0,11,0,,,,,6,1,0,3,1,38,0,0,0,96,,,,,,0,,,,,,98944,53,65,153,6,1,0,0,1,0,,2,,,,,,0,09/15/2017,09/15/2017,20,0,0,0,8,9,8,,,0,0,0,8,0,8,95,,,96,,,8,95,995,,,,,,,,,,,,,,,,,,,,,,,,,,,,,,0,0,0,0,0,0,0,0,0,0,0,0,0,0,0,0,0,0,1,0,0,0,0,1,1,0,0,0,0,1,1,0,0,0,0,,0,0,0,0,0,0,0,0,0,0,1,0,0,0,0,0,,,,,,31-35,26-35,State route,R,Wednesday,,MHTRUCK,Not Fatal,0,0,0,0,State Route,State Patrol,Washington State Patrol,0,1,0,0,0,,,,,,0,0,0,,,,,,,,,,,,,,,,,,,,,,,,,,,,,,,,,,,