year,case,par,repjur,crash_dt,crash_tm,accday,accmon,holiday,county,co_char,city,weather,weather2,lightcond,surfcond,surftype,numfatal,nmforms,pforms,vforms,not_tm,arr_tm,hosp_tm,fhevent,hitrun,manncol,milepnt,reljunc,reljuncinter,intersectiontype,funcsystem,landuse,ownership,route,schlbus,spejur,contdev,devfunc,trafid1,trafid2,x,y,wk_zone,vnumber,crashtype,criticalevent,criticaleventcat,spdlim,body,trailer,emerg,hazcargo,leave,mhevent,roadalgn,roadprof,traflane,trafflow,vehmanvr,numoccs,regowner,regstate,spuse,make,model,modelyr,vrf1,vrf2,seqevent1,seqevent2,seqevent3,seqevent4,seqevent5,seqevent6,pnumber,ptype,age,sex,hispanic,race,injury,diedscene,restraint,restraintmisuse,seatpos,takehosp,death_dt,death_tm,cert,cernum_wa,commlic,licendor,licrestrict,liccomp,drivpres,drf1,drf2,drf3,drf4,distract1,distract2,distract3,distract4,distract5,distract6,dricond1,dricond2,dricond3,dricond4,dricond5,dricond6,dzip,licstate,drhgt_in,weight,noncdl,noncdltype,prevdwi,prevoth,prevacc,prevspd,prevsus,driviol1,driviol2,driviol3,driviol4,driviol5,driviol6,spdrel,first_dt,last_dt,airbag,ejection,ejectpath,extricat,injurwrk,methalc,methdrug,nmlocat,strikveh,prf1,prf2,prf3,druginv,alcinvol,drugsts,drugres1,drugres2,drugres3,drugtst1,drugtst2,drugtst3,alcsts,alctst,alcres,nmact1,nmact2,nmact3,nmact4,nmact5,nmact6,nmprior1,nmprior2,nmprior3,nmprior4,nmprior5,nmprior6,nmcond1,nmcond2,nmcond3,nmcond4,nmcond5,nmcond6,nmsafe_helmet,nmsafe_pads,nmsafe_oth,nmprev_ref,nmprev_lgt,nmprev_oth,crashlocation,nmcrashtype,crosswalk,schoolzone,sidewalk,train_inv,wildlife_inv,rotr_fars,intersect_fars,dd_inv,aid_inv,dpd_inv,id_inv,mj_inv,impnm_inv,ainm_inv,dpnm_inv,speed_inv,unlic_inv,unendmc_inv,drowsy_inv,drdist_inv,nmdist_inv,fty_inv,unrestfat_inv,dr1617_inv,dr1820_inv,dr1620_inv,dr2125_inv,dr1625_inv,dr65_inv,dr70_inv,dr75_inv,mc_inv,pv_inv,ht_inv,ped_inv,bike_inv,unrest_fat,mc_fat,unhelmet_mc,pv_fat,ht_fat,ped_fat,bike_fat,dr_alc7,dr_alc8,dr_drug,dr_imp,dr_dist,dr_spd,dr_fty,dr_unlic,dr_alc7only,dr_alc8only,dr_drugonly,dr_drink,nm_imp,nm_alc7,nm_alc8,nm_drug,nm_dist,agegrp1,agegrp2,roadclass,urbrur,dayweek,restuse,vehtype,race_me,intersect,lanedep,oppdir,wrongway,rep_typ,investag,repag_long,rotr,st_rd,cty_rd,city_rd,oth_rd,drug_thc,thc_res,drug_cthc,cthc_res,drug_cann,prevpersemin,prevperse,prevsusoth,drugtst4,drugtst5,drugtst6,drugtst7,drugtst8,drugres4,drugres5,drugres6,drugres7,drugres8,adspresent,adsengaged,adslevel,race1,race2,race3,race4,race5,helmet,helmetmisuse,nmdistract1,nmdistract2,nmdistract3,nmdistract4,nmdistract5,nmdistract6,lab,isedtcase,crf1,crf2,crf3,CoRoadName,CoMP,IntCoRoadName,IntCoMP
2018,467,E873054,221,12/12/2018,0:00,12,12,0,47,Okanogan,0,1,0,2,10,5,1,0,1,1,,,,3,0,0,1.2,1,0,1,6,1,2,4,0,0,0,0,CR-MONSE RIVER RD,,-119.6904611,48.11093889,0,1,0,6,1,35,14,0,0,1,7,3,1,1,2,1,1,1,1,53,0,12,402,2003,0,0,68,68,63,3,,,1,1,76,2,7,1,4,7,20,0,11,0,12/12/2018,0:00,53055232,55232,0,0,3,2,1,58,0,0,0,93,,,,,,99,,,,,,98812,53,65,150,1,1,0,0,0,1,,0,,,,,,4,08/15/2018,08/15/2018,20,0,0,0,0,9,8,,,0,0,0,8,9,2,996,,,1,,,2,1,0.11,,,,,,,,,,,,,,,,,,,,,,,,,,,,,,0,0,0,0,1,1,1,1,0,0,0,0,1,1,0,0,1,0,0,1,0,0,0,0,0,1,1,1,0,1,0,0,0,1,0,,1,0,0,0,0,1,1,1,1,1,0,1,0,0,0,1,,,,,,76-80,76+,County road,R,Wednesday,Not Used,PV,White,0,1,0,0,County Road,County Sheriff,Okanogan County Sheriff's Office,1,0,1,0,0,,,,,,0,0,1,,,,,,,,,,,,,,,,,,,,,,,,,,,,,,,,,,,
2018,468,E873114,4,12/12/2018,4:26,12,12,0,43,Lincoln,0,1,0,2,4,2,1,0,4,2,4:40,5:16,5:54,12,0,6,244.8,1,0,1,1,1,1,1,0,0,0,0,I-90,,-117.9407417,47.32318611,0,2,98,50,3,60,66,1,0,1,2,12,1,2,2,3,1,2,3,17,0,51,881,2018,0,0,12,,,,,,1,1,26,1,0,0,3,0,3,0,11,4,,,,,6,3,0,3,1,0,0,0,0,93,,,,,,0,,,,,,33478,12,74,999,6,1,0,3,0,1,,0,,,,,,4,09/15/2015,10/15/2017,1,0,0,0,8,9,8,,,0,0,0,8,0,8,95,,,96,,,8,95,995,,,,,,,,,,,,,,,,,,,,,,,,,,,,,,0,0,0,0,0,0,0,0,0,0,0,0,1,0,0,0,1,0,0,0,0,0,0,1,1,0,0,0,0,0,1,0,0,0,0,,0,0,0,0,0,0,0,0,1,1,0,0,0,0,0,0,,,,,,26-30,26-35,Interstate,R,Wednesday,,MHTRUCK,Not Fatal,0,0,0,0,State Route,State Patrol,Washington State Patrol,0,1,0,0,0,,,,,,0,0,0,,,,,,,,,,,,,,,,,,,,,,,,,,,,,,,,,,,
2018,468,E873114,4,12/12/2018,4:26,12,12,0,43,Lincoln,0,1,0,2,4,2,1,0,4,2,4:40,5:16,5:54,12,0,6,244.8,1,0,1,1,1,1,1,0,0,0,0,I-90,,-117.9407417,47.32318611,0,1,98,6,1,60,66,1,0,1,2,12,1,2,2,3,1,2,3,6,0,82,881,2015,0,0,12,,,,,,1,1,23,1,7,68,4,7,3,0,11,0,12/12/2018,4:26,53055442,55442,6,3,0,3,1,0,0,0,0,96,,,,,,99,,,,,,95377,6,67,160,6,1,0,0,0,0,,0,,,,,,4,,,20,9,0,0,1,9,8,,,0,0,0,8,9,8,95,,,96,,,8,95,995,,,,,,,,,,,,,,,,,,,,,,,,,,,,,,0,0,0,0,0,0,0,0,0,0,0,0,1,0,0,0,1,0,0,0,0,0,0,1,1,0,0,0,0,0,1,0,0,0,0,,0,1,0,0,0,0,0,0,0,1,0,0,0,0,0,0,,,,,,21-25,16-25,Interstate,R,Wednesday,,MHTRUCK,API,0,0,0,0,State Route,State Patrol,Washington State Patrol,0,1,0,0,0,,,,,,0,0,0,,,,,,,,,,,,,,,,,,,,,,,,,,,,,,,,,,,
2018,472,E873992,7,12/18/2018,5:21,18,12,0,33,King,1030,2,0,2,2,2,1,1,1,1,,,,8,1,0,0,3,1,2,3,2,1,3,0,0,3,3,SR-167 RAMP S102109,84TH AVE,-122.2280194,47.39941111,0,1,13,80,5,35,99,0,0,1,5,8,1,1,2,1,10,99,9,99,0,99,999,9999,0,0,8,,,,,,1,1,999,8,0,0,0,0,99,0,11,0,,,,,99,9,9,9,1,0,0,0,0,96,,,,,,99,,,,,,99999,99,,999,9,9,99,99,99,99,,97,,,,,,0,,,99,0,0,0,8,9,8,,,0,0,0,8,9,8,95,,,96,,,8,95,995,,,,,,,,,,,,,,,,,,,,,,,,,,,,,,0,0,0,1,0,0,0,0,0,0,0,0,0,0,0,0,0,0,0,0,0,0,0,0,0,0,0,0,0,0,0,1,0,0,0,,0,0,0,0,0,0,0,0,0,0,0,0,0,0,0,0,,,,,,,,State route,U,Tuesday,,NR-U,Not Fatal,1,0,0,0,State Route,State Patrol,Washington State Patrol,0,1,0,0,0,,,,,,99,99,99,,,,,,,,,,,,,,,,,,,,,,,,,,,,,,,,,,,
2018,469,E874030,222,12/18/2018,6:27,18,12,0,67,Thurston,1590,2,0,3,2,2,1,1,1,1,,,,8,0,0,0,1,0,1,7,2,4,6,0,0,0,0,FONES RD SE,WOODLAND TRAIL,-122.8469,47.04002778,0,1,13,80,5,35,4,0,0,1,7,8,1,1,3,1,1,1,2,53,0,37,31,1994,0,0,8,,,,,,1,1,33,1,0,0,0,0,3,0,11,0,,,,,0,0,3,3,1,0,0,0,0,93,,,,,,0,,,,,,98501,53,72,180,6,1,0,0,0,1,,97,,,,,,0,04/15/2018,12/15/2018,20,0,0,0,8,9,8,,,0,0,0,8,0,8,95,,,96,,,8,95,995,,,,,,,,,,,,,,,,,,,,,,,,,,,,,,0,0,0,0,0,0,0,0,0,0,0,0,0,0,0,0,1,0,0,0,0,0,0,0,0,0,0,0,0,1,0,1,0,0,0,,0,0,0,0,0,0,0,0,1,0,0,0,0,0,0,0,,,,,,31-35,26-35,City street,U,Tuesday,Belt Used,PV,Not Fatal,1,0,0,0,City Street,Municipal/City Police,Olympia Police Department,0,0,0,1,0,,,,,,0,0,1,,,,,,,,,,,,,,,,,,,,,,,,,,,,,,,,,,,
2018,470,E874079,42,12/17/2018,21:23,17,12,0,67,Thurston,0,2,0,2,2,2,1,1,4,1,,,,8,0,0,11.1,1,0,1,5,1,2,4,0,0,0,0,CR-LITTLEROCK RD SW,,-122.9762333,46.9497,0,1,13,80,5,50,15,1,0,1,5,8,1,1,2,1,1,4,1,53,0,12,422,1999,0,0,8,,,,,,1,1,46,1,0,0,0,0,3,0,11,0,,,,,0,0,0,3,1,10,0,0,0,96,,,,,,0,,,,,,98579,53,69,190,6,1,0,0,0,0,,0,,,,,,0,,,20,0,0,0,8,9,8,,,0,0,0,8,0,8,95,,,96,,,8,95,995,,,,,,,,,,,,,,,,,,,,,,,,,,,,,,0,0,0,0,0,0,0,0,0,0,0,0,0,0,0,0,0,0,0,0,0,0,0,0,0,0,0,0,0,1,0,1,0,0,0,,0,0,0,0,0,0,0,0,0,0,0,0,0,0,0,0,,,,,,46-50,46-55,County road,R,Monday,Belt Used,PV,Not Fatal,0,0,0,0,County Road,County Sheriff,Thurston County Sheriff's Office,0,0,1,0,0,,,,,,0,0,0,,,,,,,,,,,,,,,,,,,,,,,,,,,,,,,,,,,
2018,471,E874335,4,12/19/2018,7:26,19,12,0,63,Spokane,0,1,0,1,2,2,1,0,6,3,7:28,7:51,8:22,12,0,1,266.1,3,0,2,3,1,1,2,0,0,0,0,US-2,CHRISTENSEN RD,-117.6686028,47.64293611,0,3,98,62,4,55,67,0,0,1,2,12,1,1,3,1,1,4,1,53,0,12,880,2001,0,0,12,,,,,,1,1,28,1,0,0,2,0,3,0,11,5,,,,,0,0,0,3,1,0,0,0,0,96,,,,,,0,,,,,,99008,53,70,200,6,1,0,0,0,0,,0,,,,,,0,,,20,0,0,0,8,9,8,,,0,0,0,8,0,8,95,,,96,,,8,95,995,,,,,,,,,,,,,,,,,,,,,,,,,,,,,,0,0,0,1,1,0,1,1,1,0,0,0,0,0,0,0,0,0,0,0,0,0,0,0,0,0,0,0,0,1,1,0,0,0,0,,0,0,0,0,0,0,0,0,0,0,0,0,0,0,0,0,,,,,,26-30,26-35,US highway,R,Wednesday,Belt Used,MHTRUCK,Not Fatal,1,0,0,0,State Route,State Patrol,Washington State Patrol,0,1,0,0,0,,,,,,0,0,0,,,,,,,,,,,,,,,,,,,,,,,,,,,,,,,,,,,
2018,471,E874335,4,12/19/2018,7:26,19,12,0,63,Spokane,0,1,0,1,2,2,1,0,6,3,7:28,7:51,8:22,12,0,1,266.1,3,0,2,3,1,1,2,0,0,0,0,US-2,CHRISTENSEN RD,-117.6686028,47.64293611,0,1,20,10,2,55,20,0,0,1,2,12,1,1,3,1,1,1,2,53,0,7,442,2002,0,0,12,,,,,,1,1,45,1,0,0,2,0,3,0,11,5,,,,,0,0,0,3,1,91,0,0,0,96,,,,,,9,,,,,,99155,53,70,195,6,1,1,1,0,1,,1,,,,,,0,12/15/2015,11/15/2016,1,0,0,0,8,9,8,,,0,0,0,8,1,2,605,695,401,1,1,1,2,1,0.016,,,,,,,,,,,,,,,,,,,,,,,,,,,,,,0,0,0,1,1,0,1,1,1,0,0,0,0,0,0,0,0,0,0,0,0,0,0,0,0,0,0,0,0,1,1,0,0,0,0,,0,0,0,0,1,0,1,1,0,0,0,0,0,0,0,1,,,,,,41-45,36-45,US highway,R,Wednesday,Belt Used,PV,Not Fatal,1,0,0,0,State Route,State Patrol,Washington State Patrol,0,1,0,0,0,thc,4.1,carboxy-thc,53,,0,0,1,1,,,,,417,,,,,,,,,,,,,,,,,,,,,,,,,,,,,
2018,471,E874335,4,12/19/2018,7:26,19,12,0,63,Spokane,0,1,0,1,2,2,1,0,6,3,7:28,7:51,8:22,12,0,1,266.1,3,0,2,3,1,1,2,0,0,0,0,US-2,CHRISTENSEN RD,-117.6686028,47.64293611,0,2,21,60,4,55,14,0,0,1,2,12,1,1,3,1,5,1,1,53,0,48,403,2016,0,0,12,68,12,,,,1,1,36,1,7,1,4,7,3,0,11,0,12/19/2018,7:26,2253056007,56007,0,0,0,3,1,0,0,0,0,0,,,,,,99,,,,,,99217,53,70,180,6,1,0,0,1,0,,0,,,,,,0,12/15/2016,12/15/2016,8,0,0,0,0,9,8,,,0,0,0,8,0,2,1,,,1,,,2,1,0,,,,,,,,,,,,,,,,,,,,,,,,,,,,,,0,0,0,1,1,0,1,1,1,0,0,0,0,0,0,0,0,0,0,0,0,0,0,0,0,0,0,0,0,1,1,0,0,0,0,,1,0,0,0,0,0,0,0,0,0,0,0,0,0,0,0,,,,,,36-40,36-45,US highway,R,Wednesday,Belt Used,PV,White,1,0,0,0,State Route,State Patrol,Washington State Patrol,0,1,0,0,0,,,,,,0,0,0,,,,,,,,,,,,,,,,,,,,,,,,,,,,,,,,,,,
2018,473,E874638,4,12/14/2018,21:05,14,12,0,43,Lincoln,0,1,0,2,1,2,1,0,1,1,,,,1,0,0,35.3,1,0,1,5,1,1,3,0,0,0,0,SR-174,,-118.7814778,47.82202222,0,1,6,12,2,60,34,0,0,1,2,1,1,1,2,1,1,1,1,53,0,12,481,1998,0,0,68,64,1,,,,1,1,43,1,7,1,4,7,99,0,11,0,12/14/2018,21:05,2.51E+11,55448,0,0,0,3,1,0,0,0,0,0,,,,,,2,,,,,,99122,53,70,160,6,1,0,2,0,1,,0,,,,,,0,12/15/2014,11/15/2017,20,1,9,0,0,9,8,,,0,0,0,8,9,8,95,,,96,,,8,95,995,,,,,,,,,,,,,,,,,,,,,,,,,,,,,,0,0,1,0,0,0,0,0,0,0,0,0,0,0,0,1,0,0,0,0,0,0,0,0,0,0,0,0,0,1,0,0,0,0,0,,1,0,0,0,0,0,0,0,0,0,0,0,0,0,0,0,,,,,,41-45,36-45,State route,R,Friday,Unknown,PV,White,0,1,0,0,State Route,State Patrol,Washington State Patrol,1,1,0,0,0,,,,,,0,0,1,,,,,,,,,,,,,,,,,,,,,,,,,,,,,,,,,,,
2018,474,E875914,2,12/20/2018,3:20,20,12,0,73,Whatcom,740,2,0,2,2,2,1,1,1,1,3:21,3:29,,8,1,0,0,1,0,1,7,2,4,6,0,0,0,0,CR-GRANDVIEW RD,ATWOOD RD,-122.5948861,48.89236389,0,1,13,13,2,35,34,0,0,1,5,8,3,1,2,1,14,1,1,91,0,20,481,2002,0,0,63,8,,,,,1,1,43,1,0,0,9,0,99,0,11,8,,,,,0,0,0,3,1,0,0,0,0,92,,,,,,99,,,,,,98248,53,72,175,6,1,0,2,1,0,,7,,,,,,0,05/15/2018,05/15/2018,99,9,0,0,8,9,8,,,0,0,0,8,9,8,95,,,96,,,8,95,995,,,,,,,,,,,,,,,,,,,,,,,,,,,,,,0,0,0,0,0,0,0,0,0,1,1,1,0,0,0,0,1,0,0,0,0,0,0,0,0,0,0,0,0,1,0,1,0,0,0,,0,0,0,0,0,0,0,0,1,0,0,0,0,0,0,0,,,,,,41-45,36-45,City street,U,Thursday,Unknown,PV,Not Fatal,0,0,0,0,City Street,State Patrol,Washington State Patrol,0,0,0,1,0,,,,,,0,0,1,,,,,,,,,,,,,,,,,,,,,,,,,,,,,,,,,,,
2018,496,E876253,278,12/22/2018,17:04,22,12,9,63,Spokane,2113,1,0,3,1,2,1,1,1,1,,,,8,0,0,0,1,0,1,3,2,4,6,0,0,0,0,SPRAGUE,,-117.2136139,47.65713056,0,1,13,80,5,35,14,0,0,1,5,8,1,1,7,5,15,1,1,53,0,2,404,1998,0,0,8,,,,,,1,1,22,2,0,0,0,0,2,0,11,0,,,,,0,0,0,3,1,10,0,0,0,96,,,,,,0,,,,,,99037,53,68,145,6,1,0,0,0,0,,0,,,,,,0,,,20,0,0,0,8,9,8,,,0,0,0,8,0,2,1,,,1,,,2,1,0,,,,,,,,,,,,,,,,,,,,,,,,,,,,,,0,0,0,0,0,0,0,0,0,1,0,1,0,0,0,0,0,0,0,0,0,0,0,1,1,0,0,0,0,1,0,1,0,0,0,,0,0,0,0,0,0,0,0,0,0,0,0,0,0,0,0,,,,,,21-25,16-25,City street,U,Saturday,Belt Used,PV,Not Fatal,0,0,0,0,City Street,Municipal/City Police,Spokane Valley Police Department,0,0,0,1,0,,,,,,0,0,0,,,,,,,,,,,,,,,,,,,,,,,,,,,,,,,,,,,
2018,475,E876580,160,12/23/2018,15:46,23,12,9,33,King,1030,2,0,1,2,1,1,0,1,1,,,,42,0,0,0,1,0,1,7,2,4,6,0,0,0,0,REITEN RD,E GUIBERSON ST,-122.2181333,47.37832222,0,1,1,13,2,98,6,0,0,1,7,42,3,2,2,1,14,1,1,53,0,48,34,2001,0,0,63,42,,,,,1,1,64,1,7,1,4,7,20,0,11,0,12/23/2018,15:46,1.03E+11,57501,0,0,0,3,1,0,0,0,0,96,,,,,,99,,,,,,98030,53,67,170,6,1,0,0,0,3,,0,,,,,,4,12/15/2014,02/15/2016,20,0,0,0,0,9,8,,,0,0,0,8,1,2,189,188,,1,1,,2,1,0,,,,,,,,,,,,,,,,,,,,,,,,,,,,,,0,0,1,0,1,0,1,1,0,0,0,0,1,0,0,0,0,0,0,1,0,0,0,0,0,0,0,0,0,1,0,0,0,1,0,,1,0,0,0,0,0,1,1,0,1,0,0,0,0,1,1,,,,,,61-65,56-65,City street,U,Sunday,Not Used,PV,White,0,1,0,0,City Street,Municipal/City Police,Kent Police Department,1,0,0,1,0,,,,,,0,0,0,,,,,,,,,,,,,,,,,,,,,,,,,,,,,,,,,,,
2018,476,E876928,9,12/23/2018,0:28,23,12,9,1,Adams,0,4,0,2,10,2,1,0,6,1,0:33,1:15,,1,0,0,4.7,1,0,1,5,1,2,4,0,0,0,0,CR-S LIND HATTON RD,,-118.8091278,46.82171944,0,1,1,13,2,25,20,0,0,1,7,1,3,2,2,1,14,6,2,53,0,6,441,2003,0,0,63,1,,,,,1,1,37,1,0,0,1,0,99,0,11,0,,,,,0,0,0,3,1,0,0,0,0,96,,,,,,0,,,,,,99344,53,67,185,6,1,0,2,1,2,,23,,,,,,3,06/15/2014,05/15/2016,1,0,0,0,8,9,8,,,0,0,0,8,0,8,95,,,96,,,8,95,995,,,,,,,,,,,,,,,,,,,,,,,,,,,,,,0,0,1,0,0,0,0,0,0,0,0,0,1,0,0,0,0,0,0,0,0,0,0,0,0,0,0,0,0,1,0,0,0,0,0,,0,0,0,0,0,0,0,0,0,1,0,0,0,0,0,0,,,,,,36-40,36-45,County road,R,Sunday,Unknown,PV,Not Fatal,0,1,0,0,County Road,County Sheriff,Adam's County Sheriff's Office,1,0,1,0,0,,,,,,0,0,0,,,,,,,,,,,,,,,,,,,,,,,,,,,,,,,,,,,
2018,477,E877198,247,12/28/2018,16:44,28,12,0,33,King,1820,2,0,2,2,2,1,1,1,1,,,,8,0,0,0,3,0,2,7,2,4,6,0,0,3,3,NE 28TH ST,152ND AVE NE,-122.1377278,47.63519722,0,1,13,80,5,98,62,0,0,1,5,8,1,2,2,1,11,1,3,53,0,84,881,2014,0,0,8,,,,,,1,1,33,1,0,0,0,0,3,0,11,0,,,,,0,0,0,3,1,38,0,0,0,96,,,,,,0,,,,,,98047,53,67,145,6,1,0,0,0,0,,97,,,,,,0,04/15/2014,04/15/2014,20,0,0,0,8,9,8,,,0,0,0,8,0,8,95,,,96,,,8,95,995,,,,,,,,,,,,,,,,,,,,,,,,,,,,,,0,0,0,1,0,0,0,0,0,0,0,0,0,0,0,0,0,0,1,0,0,0,0,0,0,0,0,0,0,0,1,1,0,0,0,,0,0,0,0,0,0,0,0,0,0,1,0,0,0,0,0,,,,,,31-35,26-35,City street,U,Friday,,MHTRUCK,Not Fatal,1,0,0,0,City Street,Municipal/City Police,Redmond Police Department,0,0,0,1,0,,,,,,0,0,1,,,,,,,,,,,,,,,,,,,,,,,,,,,,,,,,,,,
2018,478,E877471,6,12/10/2018,18:12,10,12,0,25,Grant,0,10,0,2,2,2,1,0,2,2,,,,12,0,2,27,1,0,1,3,1,1,3,0,0,0,0,SR-26,,-119.4443278,46.852325,0,1,50,10,2,60,4,0,0,1,2,12,1,1,2,1,1,1,1,53,0,12,17,2006,0,0,68,12,,,,,1,1,19,1,6,1,4,7,99,0,11,0,12/10/2018,18:12,1.93E+11,55695,0,0,0,3,1,28,0,0,0,96,,,,,,0,,,,,,98840,53,69,150,6,1,0,0,0,0,,0,,,,,,0,,,20,1,9,0,0,9,8,,,0,0,0,8,0,8,95,,,96,,,8,95,995,,,,,,,,,,,,,,,,,,,,,,,,,,,,,,0,0,0,0,0,0,0,0,0,0,0,0,0,0,0,0,0,0,0,0,0,1,1,1,1,0,0,0,0,1,1,0,0,0,0,,1,0,0,0,0,0,0,0,0,0,0,0,0,0,0,0,,,,,,18-20,16-25,State route,R,Monday,Unknown,PV,Hispanic,0,1,1,0,State Route,State Patrol,Washington State Patrol,0,1,0,0,0,,,,,,0,0,0,,,,,,,,,,,,,,,,,,,,,,,,,,,,,,,,,,,
2018,478,E877471,6,12/10/2018,18:12,10,12,0,25,Grant,0,10,0,2,2,2,1,0,2,2,,,,12,0,2,27,1,0,1,3,1,1,3,0,0,0,0,SR-26,,-119.4443278,46.852325,0,2,51,62,4,60,66,1,0,1,7,12,1,1,2,1,1,1,3,53,0,51,881,2017,0,0,12,,,,,,1,1,25,1,0,0,1,0,3,0,11,4,,,,,6,1,0,3,1,0,0,0,0,96,,,,,,0,,,,,,99344,53,70,380,6,1,0,2,0,4,,0,,,,,,0,07/15/2014,01/15/2016,20,0,0,0,8,9,8,,,0,0,0,8,0,8,95,,,96,,,8,95,995,,,,,,,,,,,,,,,,,,,,,,,,,,,,,,0,0,0,0,0,0,0,0,0,0,0,0,0,0,0,0,0,0,0,0,0,1,1,1,1,0,0,0,0,1,1,0,0,0,0,,0,0,0,0,0,0,0,0,0,0,0,0,0,0,0,0,,,,,,21-25,16-25,State route,R,Monday,,MHTRUCK,Not Fatal,0,1,1,0,State Route,State Patrol,Washington State Patrol,0,1,0,0,0,,,,,,0,0,0,,,,,,,,,,,,,,,,,,,,,,,,,,,,,,,,,,,
2018,479,E877730,16,12/28/2018,14:10,28,12,0,15,Cowlitz,0,2,0,1,2,2,1,0,1,1,,,,42,0,0,0.6,1,0,1,5,1,2,4,0,0,0,0,CR-MOUNT PLEASANT RD,,-122.8563528,46.06271389,0,1,6,12,2,35,63,0,0,1,7,42,1,2,2,1,1,1,3,53,0,98,804,2000,0,0,68,64,42,,,,1,1,66,1,7,1,4,0,99,0,11,4,12/28/2018,17:51,1.19E+11,58229,6,1,0,3,1,0,0,0,0,96,,,,,,0,,,,,,98611,53,77,240,6,1,0,0,0,1,,0,,,,,,0,02/15/2016,02/15/2016,20,0,0,0,1,9,8,,,0,0,0,8,0,2,1,,,1,,,2,1,0,,,,,,,,,,,,,,,,,,,,,,,,,,,,,,0,0,1,0,0,0,0,0,0,0,0,0,0,0,0,0,0,0,0,0,0,0,0,0,0,1,0,0,0,0,1,0,0,0,0,,0,1,0,0,0,0,0,0,0,0,0,0,0,0,0,0,,,,,,66-70,66-75,County road,R,Friday,,MHTRUCK,White,0,1,0,0,County Road,County Sheriff,Cowlitz County Sheriff's Office,1,0,1,0,0,,,,,,0,0,0,,,,,,,,,,,,,,,,,,,,,,,,,,,,,,,,,,,
2018,480,E878609,7,12/30/2018,4:55,30,12,0,33,King,1960,10,0,3,2,2,1,0,2,2,,,,24,0,0,161.1,1,0,1,1,2,1,1,0,0,0,0,I-5,,-122.3097,47.54693611,0,2,98,98,7,60,20,0,0,1,5,54,4,1,5,3,14,1,1,53,0,37,441,2008,0,0,54,,,,,,1,1,45,2,0,0,0,0,3,0,11,0,,,,,0,0,0,3,1,0,0,0,0,96,,,,,,0,,,,,,98012,53,68,125,6,1,0,0,0,0,,0,,,,,,0,,,20,0,0,0,8,9,8,,,0,0,0,8,0,8,95,,,96,,,8,95,995,,,,,,,,,,,,,,,,,,,,,,,,,,,,,,0,0,0,0,1,1,1,1,1,0,0,0,1,0,0,0,0,0,0,0,0,0,0,0,0,0,0,0,0,1,0,0,0,0,0,,0,0,0,0,0,0,0,0,0,0,0,0,0,0,0,0,,,,,,41-45,36-45,Interstate,U,Sunday,Belt Used,PV,Not Fatal,0,1,0,0,State Route,State Patrol,Washington State Patrol,1,1,0,0,0,,,,,,0,0,0,,,,,,,,,,,,,,,,,,,,,,,,,,,,,,,,,,,
2018,480,E878609,7,12/30/2018,4:55,30,12,0,33,King,1960,10,0,3,2,2,1,0,2,2,,,,24,0,0,161.1,1,0,1,1,2,1,1,0,0,0,0,I-5,,-122.3097,47.54693611,0,1,7,6,1,60,14,0,0,1,7,1,4,1,5,3,14,1,1,53,0,2,404,1999,0,0,64,24,1,60,54,,1,1,40,1,7,98,4,7,99,0,11,0,12/30/2018,4:55,1.96E+11,58077,0,0,0,3,1,0,0,0,0,96,,,,,,99,,,,,,98057,53,71,160,6,1,0,0,0,0,,0,,,,,,4,,,20,0,0,0,0,9,8,,,0,0,0,8,9,2,605,695,,1,1,,2,1,0.233,,,,,,,,,,,,,,,,,,,,,,,,,,,,,,0,0,0,0,1,1,1,1,1,0,0,0,1,0,0,0,0,0,0,0,0,0,0,0,0,0,0,0,0,1,0,0,0,0,0,,1,0,0,0,0,1,1,1,0,1,0,0,0,0,0,1,,,,,,36-40,36-45,Interstate,U,Sunday,Unknown,PV,Oth/Unk,0,1,0,0,State Route,State Patrol,Washington State Patrol,1,1,0,0,0,thc,1.5,carboxy-thc,8.9,,0,0,0,,,,,,,,,,,,,,,,,,,,,,,,,,,,,,,,,,,
2019,5,E878909,5,01/02/2019,15:17,2,1,,59,Skamania,0,1,0,1,1,2,1,0,1,1,,,,24,0,0,22.7,3,0,4,3,1,1,3,0,0,0,0,SR-14,MARBLE RD,-122.2267222,45.56323889,0,1,1,13,2,50,80,0,0,1,5,24,3,2,2,1,14,1,1,53,0,76,705,2007,0,0,63,24,,,,,1,1,33,1,7,,4,7,20,7,11,0,01/02/2019,15:57,53000336,336,0,0,3,3,1,0,0,0,0,96,,,,,,0,,,,,,98684,53,70,150,6,1,0,2,0,0,,0,,,,,,4,01/15/2015,04/15/2018,20,8,0,0,0,9,8,,,0,0,0,8,0,2,1,,,1,,,2,1,0,,,,,,,,,,,,,,,,,,,,,,,,,,,,,,0,0,1,1,0,0,0,0,0,0,0,0,1,0,0,0,0,0,0,0,0,0,0,0,0,0,0,0,1,0,0,0,0,0,1,0,0,0,0,0,0,0,0,0,0,1,0,0,0,0,0,0,,,,,,31-35,26-35,State route,R,Wednesday,,MC,White,0,1,0,0,State Route,State Patrol,Washington State Patrol,1,1,0,0,0,,,,,,0,0,0,,,,,,,,,,,0,0,0,1,,,,,5,0,,,,,,,,,,,,,,,