year,case,par,repjur,crash_dt,crash_tm,accday,accmon,holiday,county,co_char,city,weather,weather2,lightcond,surfcond,surftype,numfatal,nmforms,pforms,vforms,not_tm,arr_tm,hosp_tm,fhevent,hitrun,manncol,milepnt,reljunc,reljuncinter,intersectiontype,funcsystem,landuse,ownership,route,schlbus,spejur,contdev,devfunc,trafid1,trafid2,x,y,wk_zone,vnumber,crashtype,criticalevent,criticaleventcat,spdlim,body,trailer,emerg,hazcargo,leave,mhevent,roadalgn,roadprof,traflane,trafflow,vehmanvr,numoccs,regowner,regstate,spuse,make,model,modelyr,vrf1,vrf2,seqevent1,seqevent2,seqevent3,seqevent4,seqevent5,seqevent6,pnumber,ptype,age,sex,hispanic,race,injury,diedscene,restraint,restraintmisuse,seatpos,takehosp,death_dt,death_tm,cert,cernum_wa,commlic,licendor,licrestrict,liccomp,drivpres,drf1,drf2,drf3,drf4,distract1,distract2,distract3,distract4,distract5,distract6,dricond1,dricond2,dricond3,dricond4,dricond5,dricond6,dzip,licstate,drhgt_in,weight,noncdl,noncdltype,prevdwi,prevoth,prevacc,prevspd,prevsus,driviol1,driviol2,driviol3,driviol4,driviol5,driviol6,spdrel,first_dt,last_dt,airbag,ejection,ejectpath,extricat,injurwrk,methalc,methdrug,nmlocat,strikveh,prf1,prf2,prf3,druginv,alcinvol,drugsts,drugres1,drugres2,drugres3,drugtst1,drugtst2,drugtst3,alcsts,alctst,alcres,nmact1,nmact2,nmact3,nmact4,nmact5,nmact6,nmprior1,nmprior2,nmprior3,nmprior4,nmprior5,nmprior6,nmcond1,nmcond2,nmcond3,nmcond4,nmcond5,nmcond6,nmsafe_helmet,nmsafe_pads,nmsafe_oth,nmprev_ref,nmprev_lgt,nmprev_oth,crashlocation,nmcrashtype,crosswalk,schoolzone,sidewalk,train_inv,wildlife_inv,rotr_fars,intersect_fars,dd_inv,aid_inv,dpd_inv,id_inv,mj_inv,impnm_inv,ainm_inv,dpnm_inv,speed_inv,unlic_inv,unendmc_inv,drowsy_inv,drdist_inv,nmdist_inv,fty_inv,unrestfat_inv,dr1617_inv,dr1820_inv,dr1620_inv,dr2125_inv,dr1625_inv,dr65_inv,dr70_inv,dr75_inv,mc_inv,pv_inv,ht_inv,ped_inv,bike_inv,unrest_fat,mc_fat,unhelmet_mc,pv_fat,ht_fat,ped_fat,bike_fat,dr_alc7,dr_alc8,dr_drug,dr_imp,dr_dist,dr_spd,dr_fty,dr_unlic,dr_alc7only,dr_alc8only,dr_drugonly,dr_drink,nm_imp,nm_alc7,nm_alc8,nm_drug,nm_dist,agegrp1,agegrp2,roadclass,urbrur,dayweek,restuse,vehtype,race_me,intersect,lanedep,oppdir,wrongway,rep_typ,investag,repag_long,rotr,st_rd,cty_rd,city_rd,oth_rd,drug_thc,thc_res,drug_cthc,cthc_res,drug_cann,prevpersemin,prevperse,prevsusoth,drugtst4,drugtst5,drugtst6,drugtst7,drugtst8,drugres4,drugres5,drugres6,drugres7,drugres8,adspresent,adsengaged,adslevel,race1,race2,race3,race4,race5,helmet,helmetmisuse,nmdistract1,nmdistract2,nmdistract3,nmdistract4,nmdistract5,nmdistract6,lab,isedtcase,crf1,crf2,crf3,CoRoadName,CoMP,IntCoRoadName,IntCoMP
2019,3,E882539,26,01/14/2019,6:02,14,1,,35,Kitsap,0,1,0,2,4,2,1,0,3,2,,,,12,0,6,2.8,1,0,1,4,2,2,4,0,0,0,0,CR-ILLAHEE RD NE,,-122.5975194,47.63201944,0,1,66,6,1,25,4,0,0,1,7,12,3,1,2,1,14,1,1,53,0,30,40,2002,0,0,68,12,,,,,1,1,22,1,7,,4,7,3,0,11,0,01/14/2019,6:02,53002047,2047,0,0,0,3,1,87,0,0,0,96,,,,,,99,,,,,,98370,53,72,200,6,1,0,0,0,0,,0,,,,,,4,,,8,0,0,0,0,9,8,,,0,0,0,8,9,2,1,,,1,,,2,1,0,,,,,,,,,,,,,,,,,,,,,,,,,,,,,,0,0,0,0,0,0,0,0,0,0,0,0,1,0,0,0,0,0,0,0,0,0,0,1,1,0,0,0,0,1,0,0,0,0,0,,1,0,0,0,0,0,0,0,0,1,0,0,0,0,0,0,,,,,,21-25,16-25,County road,U,Monday,Belt Used,PV,White,0,1,1,0,County Road,County Sheriff,Kitsap County Sheriff's Office,0,0,1,0,0,,,,,,0,0,0,,,,,,,,,,,98,98,98,1,,,,,20,7,,,,,,,,,,,,,,,
2019,4,E882638,3,01/06/2019,1:12,6,1,,67,Thurston,0,2,0,3,2,2,1,1,1,1,,,,8,0,0,0.2,20,1,1,1,2,1,1,0,0,0,0,I-5 RAMP,SR-12,-123.0101694,46.79783611,0,1,13,80,5,98,4,0,0,1,2,8,2,1,1,6,14,1,1,53,0,35,47,2004,0,0,8,,,,,,1,1,26,1,0,,2,0,3,0,11,8,,,,,0,0,3,3,1,0,0,0,0,96,,,,,,0,,,,,,98579,53,72,170,6,1,0,2,0,0,,0,,,,,,0,03/15/2015,05/15/2016,20,0,0,0,8,9,2,,,0,0,0,0,0,8,95,,,96,,,8,95,995,,,,,,,,,,,,,,,,,,,,,,,,,,,,,,0,0,0,0,0,0,0,0,0,0,0,0,0,0,0,0,0,0,0,0,0,0,0,0,0,0,0,0,0,1,0,1,0,0,0,,0,0,0,0,0,0,0,0,0,0,0,0,0,0,0,0,,,,,,26-30,26-35,Interstate,U,Sunday,Belt Used,PV,Not Fatal,1,0,0,0,State Route,State Patrol,Washington State Patrol,0,1,0,0,0,,,,,,0,0,1,,,,,,,,,,,98,98,98,0,,,,,20,7,,,,,,,,,,,,,,,
2019,14,E883042,5,01/01/2019,1:09,1,1,,41,Lewis,0,1,0,2,1,2,1,1,2,1,,,,8,0,0,84.3,1,0,1,3,1,1,3,0,0,0,0,SR-12,,-122.5331028,46.53222222,0,1,13,80,5,55,4,0,0,1,5,8,1,1,2,1,1,2,1,18,0,12,37,2005,0,0,8,,,,,,1,1,31,1,0,,0,0,3,0,11,0,,,,,0,0,0,3,1,0,0,0,0,96,,,,,,0,,,,,,46613,18,70,220,6,1,0,0,0,0,,0,,,,,,0,,,20,0,0,0,8,9,8,,,0,0,0,8,0,8,95,,,96,,,8,95,995,,,,,,,,,,,,,,,,,,,,,,,,,,,,,,0,0,0,0,0,0,0,0,0,1,1,0,0,0,0,0,0,0,0,0,0,0,0,0,0,0,0,0,0,1,0,1,0,0,0,,0,0,0,0,0,0,0,0,0,0,0,0,0,0,0,0,,,,,,31-35,26-35,State route,R,Tuesday,Belt Used,PV,Not Fatal,0,0,0,0,State Route,State Patrol,Washington State Patrol,0,1,0,0,0,,,,,,0,0,0,,,,,,,,,,,98,98,98,0,,,,,20,7,,,,,,,,,,,,,,,
2019,11,E883197,35,01/15/2019,19:45,15,1,,53,Pierce,0,1,0,2,1,2,1,1,1,1,,,,8,1,0,1.2,1,0,1,3,2,2,4,0,0,0,0,CR-152ND ST E,,-122.4095694,47.11878333,0,1,13,11,2,35,99,0,0,1,5,8,1,1,2,1,1,1,9,99,0,99,999,9999,0,0,63,8,,,,,1,1,18,1,0,,0,0,99,7,11,0,,,,,0,0,0,3,1,0,0,0,0,96,,,,,,99,,,,,,98445,53,69,160,6,1,0,0,1,0,,97,,,,,,0,05/15/2018,05/15/2018,20,0,0,0,8,9,8,,,0,0,0,8,9,8,95,,,96,,,8,95,995,,,,,,,,,,,,,,,,,,,,,,,,,,,,,,0,0,0,0,0,0,0,0,0,1,0,1,0,0,0,0,0,0,0,0,0,1,1,0,1,0,0,0,0,0,0,1,0,0,0,,0,0,0,0,0,0,0,0,0,0,0,0,0,0,0,0,,,,,,18-20,16-25,County road,U,Tuesday,,NR-U,Not Fatal,0,0,0,0,County Road,County Sheriff,Law Enforcement Support Agency,0,0,1,0,0,,,,,,0,0,0,,,,,,,,,,,98,98,98,0,,,,,20,7,,,,,,,,,,,,,,,
2018,489,E883495,87,12/31/2018,18:08,31,12,10,3,Asotin,360,1,0,3,1,2,1,1,1,1,,,,15,0,0,430,8,0,1,3,2,1,2,0,0,0,0,US-12,,-117.0553444,46.419925,0,1,13,83,5,30,4,0,0,1,5,15,1,1,3,5,1,1,1,53,0,18,7,1989,0,0,15,,,,,,1,1,40,2,0,0,0,0,3,0,11,0,,,,,0,0,3,3,1,0,0,0,0,96,,,,,,0,,,,,,99403,53,66,200,6,1,0,1,0,0,,76,,,,,,0,02/15/2016,02/15/2016,20,0,0,0,8,9,8,,,0,0,0,8,0,2,996,996,401,1,1,1,2,1,0,,,,,,,,,,,,,,,,,,,,,,,,,,,,,,0,0,0,0,0,0,1,1,0,0,0,0,0,0,0,0,0,1,0,0,0,0,0,0,0,0,0,0,0,1,0,1,0,0,0,,0,0,0,0,0,0,1,1,0,0,0,0,0,0,1,0,,,,,,36-40,36-45,US highway,U,Monday,Belt Used,PV,Not Fatal,0,0,0,0,State Route,Municipal/City Police,Clarkston Police Department,0,1,0,0,0,,,,,,0,0,0,1,1,1,,,417,128,177,996,157,,,,,,,,,,,,,,,,,,,,,,,,,
2019,12,E883511,184,01/13/2019,15:16,13,1,,61,Snohomish,1215,1,0,1,1,2,1,0,2,3,,,,12,0,6,0,4,0,1,7,2,4,6,0,0,0,0,76TH AVE W,198TH ST SW,-122.3358778,47.81981389,0,1,83,72,4,30,4,0,0,1,7,12,1,1,2,1,1,1,2,53,0,39,39,2017,0,0,12,14,,,,,1,1,29,1,0,,0,0,3,0,11,0,,,,,0,0,0,0,1,0,0,0,0,96,,,,,,9,,,,,,98028,53,67,155,0,0,0,1,0,0,,97,,,,,,3,06/15/2016,04/15/2018,8,0,0,0,8,9,2,,,0,0,0,1,9,2,695,605,,1,1,,2,1,0,,,,,,,,,,,,,,,,,,,,,,,,,,,,,,0,0,0,0,0,0,1,1,1,0,0,0,1,1,0,0,0,0,0,0,0,0,0,0,0,1,0,0,0,1,0,0,0,0,0,,0,0,0,0,0,0,1,1,0,1,0,1,0,0,1,0,,,,,,26-30,26-35,City street,U,Sunday,Belt Used,PV,Not Fatal,0,0,0,0,City Street,Municipal/City Police,Lynnwood Police Department,0,0,0,1,0,thc,2.6,carboxy-thc,16,,0,0,1,,,,,,,,,,,98,98,98,0,,,,,20,7,,,,,,,,,,,,,,,
2019,12,E883511,184,01/13/2019,15:16,13,1,,61,Snohomish,1215,1,0,1,1,2,1,0,2,3,,,,12,0,6,0,4,0,1,7,2,4,6,0,0,0,0,76TH AVE W,198TH ST SW,-122.3358778,47.81981389,0,2,82,15,2,30,5,0,0,1,7,12,1,1,2,1,11,1,2,53,0,20,39,2008,0,0,12,,,,,,1,1,66,1,7,,4,0,3,0,11,4,01/13/2019,16:17,1.96E+11,2272,0,0,0,3,1,0,0,0,0,96,,,,,,99,,,,,,98125,53,66,153,6,1,0,1,0,0,,0,,,,,,0,03/15/2017,03/15/2017,8,0,0,0,0,9,8,,,0,0,0,8,9,2,1,,,1,,,2,1,0,,,,,,,,,,,,,,,,,,,,,,,,,,,,,,0,0,0,0,0,0,1,1,1,0,0,0,1,1,0,0,0,0,0,0,0,0,0,0,0,1,0,0,0,1,0,0,0,0,0,,1,0,0,0,0,0,0,0,0,0,0,0,0,0,0,0,,,,,,66-70,66-75,City street,U,Sunday,Belt Used,PV,API,0,0,0,0,City Street,Municipal/City Police,Lynnwood Police Department,0,0,0,1,0,,,,,,0,0,0,,,,,,,,,,,98,98,98,48,,,,,20,7,,,,,,,,,,,,,,,
2019,13,E883702,28,01/02/2019,15:00,2,1,,39,Klickitat,0,10,0,1,1,2,2,0,2,1,,,,34,0,0,13,1,0,1,5,1,2,4,0,3,0,0,CR-BZ GLENWOOD HWY,,-121.3116889,45.94541111,0,1,1,13,2,50,14,0,0,1,7,42,3,2,2,1,14,2,2,53,0,48,401,2010,0,0,63,34,69,68,64,42,1,1,59,1,7,,4,7,3,0,11,0,01/02/2019,15:00,53000162,162,0,0,0,3,1,0,0,0,0,93,,,,,,99,,,,,,98619,53,74,205,6,1,0,0,0,0,,0,,,,,,0,,,8,0,0,0,0,9,8,,,0,0,0,8,9,8,95,,,96,,,8,95,995,,,,,,,,,,,,,,,,,,,,,,,,,,,,,,0,0,1,0,0,0,0,0,0,0,0,0,0,0,0,0,1,0,0,0,0,0,0,0,0,0,0,0,0,1,0,0,0,0,0,,1,0,0,0,0,0,0,0,1,0,0,0,0,0,0,0,,,,,,56-60,56-65,County road,R,Wednesday,Belt Used,PV,White,0,1,0,0,County Road,County Sheriff,Klickitat County Sheriff's Office,1,0,1,0,0,,,,,,0,0,0,,,,,,,,,,,98,98,98,1,,,,,20,7,,,,,,,,,,,,,,,
2019,15,E884294,159,01/17/2019,6:44,17,1,,5,Benton,1020,2,0,3,2,2,1,1,1,1,,,,8,0,0,0,2,0,3,7,2,4,6,0,0,0,0,S OLYMPIA ST,W 14TH AVE,-119.1379028,46.195875,0,1,13,80,5,35,6,0,0,1,7,8,1,2,3,5,1,1,2,16,0,12,17,1999,0,0,8,,,,,,1,1,36,1,0,,0,0,99,7,11,0,,,,,0,0,0,3,1,0,0,0,0,96,,,,,,0,,,,,,99352,53,65,135,6,1,0,0,0,0,,0,,,,,,0,,,20,0,0,0,8,9,8,,,0,0,0,8,0,2,1,,,1,,,2,1,0,,,,,,,,,,,,,,,,,,,,,,,,,,,,,,0,0,0,1,0,0,0,0,0,0,0,0,0,0,0,0,0,0,0,0,0,0,0,0,0,0,0,0,0,1,0,1,0,0,0,,0,0,0,0,0,0,0,0,0,0,0,0,0,0,0,0,,,,,,36-40,36-45,City street,U,Thursday,Unknown,PV,Not Fatal,1,0,0,0,City Street,Municipal/City Police,Kennewick Police Department,0,0,0,1,0,,,,,,0,0,0,,,,,,,,,,,0,0,0,0,,,,,20,7,,,,,,,,,,,,,,,
2019,16,E884315,5,01/17/2019,0:00,17,1,,15,Cowlitz,2570,99,0,2,99,2,1,0,1,1,,,,42,0,0,0.2,5,1,1,1,2,1,1,0,0,0,0,I-5 RAMP,,-122.7410278,45.90510278,0,1,2,8,1,98,4,0,0,1,2,42,2,2,2,6,14,1,2,4,0,12,23,2007,0,0,63,42,38,,,,1,1,27,1,7,,4,7,3,0,11,0,01/17/2019,0:00,2.57E+11,2381,0,0,0,3,1,0,0,0,0,96,,,,,,99,,,,,,86510,4,67,145,6,1,0,1,0,0,,0,,,,,,0,04/15/2016,03/15/2017,8,0,0,0,0,9,8,,,0,0,0,8,9,8,95,,,96,,,8,95,995,,,,,,,,,,,,,,,,,,,,,,,,,,,,,,0,0,0,0,0,0,0,0,0,0,0,0,0,0,0,0,0,0,0,0,0,0,0,0,0,0,0,0,0,1,0,0,0,0,0,,1,0,0,0,0,0,0,0,0,0,0,0,0,0,0,0,,,,,,26-30,26-35,Interstate,U,Thursday,Belt Used,PV,AIAN,1,0,0,0,State Route,State Patrol,Washington State Patrol,0,1,0,0,0,,,,,,0,0,4,,,,,,,,,,,98,98,98,3,,,,,20,7,,,,,,,,,,,,,,,
2019,17,E884708,6,01/04/2019,4:55,4,1,,37,Kittitas,0,5,0,3,4,2,1,0,7,5,,,,25,0,0,60.2,1,0,1,1,1,1,1,0,0,0,0,I-90,,-121.320175,47.3181,0,4,98,98,7,55,66,1,0,1,2,12,1,1,2,3,1,1,3,53,0,51,881,2010,0,0,12,,,,,,1,1,67,1,7,,4,7,3,0,11,0,01/04/2019,4:55,53000838,838,6,1,0,3,1,0,0,0,0,96,,,,,,0,,,,,,98221,53,72,200,6,1,0,0,1,0,,0,,,,,,0,11/15/2017,11/15/2017,8,0,0,0,1,9,8,,,0,0,0,8,0,2,1,,,1,,,2,1,0,,,,,,,,,,,,,,,,,,,,,,,,,,,,,,0,0,0,0,0,0,0,0,0,0,0,0,1,0,0,0,0,0,0,0,0,0,0,0,0,1,0,0,0,1,1,0,0,0,0,,0,1,0,0,0,0,0,0,0,0,0,0,0,0,0,0,,,,,,66-70,66-75,Interstate,R,Friday,,MHTRUCK,White,0,1,0,0,State Route,State Patrol,Washington State Patrol,1,1,0,0,0,,,,,,0,0,0,,,,,,,,,,,98,98,98,1,,,,,20,7,,,,,,,,,,,,,,,
2019,17,E884708,6,01/04/2019,4:55,4,1,,37,Kittitas,0,5,0,3,4,2,1,0,7,5,,,,25,0,0,60.2,1,0,1,1,1,1,1,0,0,0,0,I-90,,-121.320175,47.3181,0,5,98,98,7,55,34,0,0,1,7,54,1,1,2,3,1,2,3,53,0,12,481,2000,0,0,54,,,,,,1,1,53,1,0,,3,0,3,0,11,5,,,,,0,0,3,3,1,0,0,0,0,96,,,,,,0,,,,,,98271,53,74,205,6,1,0,0,0,0,,0,,,,,,0,,,8,0,0,0,8,9,8,,,0,0,0,8,0,8,95,,,96,,,8,95,995,,,,,,,,,,,,,,,,,,,,,,,,,,,,,,0,0,0,0,0,0,0,0,0,0,0,0,1,0,0,0,0,0,0,0,0,0,0,0,0,1,0,0,0,1,1,0,0,0,0,,0,0,0,0,0,0,0,0,0,0,0,0,0,0,0,0,,,,,,51-55,46-55,Interstate,R,Friday,Belt Used,PV,Not Fatal,0,1,0,0,State Route,State Patrol,Washington State Patrol,1,1,0,0,0,,,,,,0,0,0,,,,,,,,,,,98,98,98,0,,,,,20,7,,,,,,,,,,,,,,,
2019,17,E884708,6,01/04/2019,4:55,4,1,,37,Kittitas,0,5,0,3,4,2,1,0,7,5,,,,25,0,0,60.2,1,0,1,1,1,1,1,0,0,0,0,I-90,,-121.320175,47.3181,0,1,98,6,1,55,63,1,0,1,2,1,1,1,2,3,1,1,3,53,0,82,881,2011,0,0,63,25,1,60,54,12,1,1,48,1,0,,3,0,3,0,11,5,,,,,6,1,3,3,1,58,0,0,0,96,,,,,,99,,,,,,98391,53,65,145,6,1,0,0,0,2,,97,,,,,,4,01/15/2015,10/15/2017,99,9,0,0,8,9,8,,,0,0,0,8,0,8,95,,,96,,,8,95,995,,,,,,,,,,,,,,,,,,,,,,,,,,,,,,0,0,0,0,0,0,0,0,0,0,0,0,1,0,0,0,0,0,0,0,0,0,0,0,0,1,0,0,0,1,1,0,0,0,0,,0,0,0,0,0,0,0,0,0,1,0,0,0,0,0,0,,,,,,46-50,46-55,Interstate,R,Friday,,MHTRUCK,Not Fatal,0,1,0,0,State Route,State Patrol,Washington State Patrol,1,1,0,0,0,,,,,,0,0,0,,,,,,,,,,,98,98,98,0,,,,,20,7,,,,,,,,,,,,,,,
2019,17,E884708,6,01/04/2019,4:55,4,1,,37,Kittitas,0,5,0,3,4,2,1,0,7,5,,,,25,0,0,60.2,1,0,1,1,1,1,1,0,0,0,0,I-90,,-121.320175,47.3181,0,2,98,98,7,55,66,1,0,1,2,12,1,1,2,3,1,1,3,53,0,51,881,9999,0,0,12,,,,,,1,1,49,1,0,,2,0,2,0,11,8,,,,,6,3,0,3,1,0,0,0,0,96,,,,,,0,,,,,,98409,53,68,173,6,1,0,1,1,0,,0,,,,,,0,10/15/2014,09/15/2017,8,0,0,0,8,9,8,,,0,0,0,8,0,8,95,,,96,,,8,95,995,,,,,,,,,,,,,,,,,,,,,,,,,,,,,,0,0,0,0,0,0,0,0,0,0,0,0,1,0,0,0,0,0,0,0,0,0,0,0,0,1,0,0,0,1,1,0,0,0,0,,0,0,0,0,0,0,0,0,0,0,0,0,0,0,0,0,,,,,,46-50,46-55,Interstate,R,Friday,,MHTRUCK,Not Fatal,0,1,0,0,State Route,State Patrol,Washington State Patrol,1,1,0,0,0,,,,,,0,0,0,,,,,,,,,,,98,98,98,0,,,,,20,7,,,,,,,,,,,,,,,
2019,17,E884708,6,01/04/2019,4:55,4,1,,37,Kittitas,0,5,0,3,4,2,1,0,7,5,,,,25,0,0,60.2,1,0,1,1,1,1,1,0,0,0,0,I-90,,-121.320175,47.3181,0,3,98,98,7,55,66,1,0,1,2,12,1,1,2,3,1,2,3,4,0,82,881,2019,0,0,64,99,12,,,,1,1,58,1,0,,2,0,3,0,11,5,,,,,6,1,0,3,1,0,0,0,0,96,,,,,,0,,,,,,98604,53,68,285,6,1,0,0,1,0,,0,,,,,,0,04/15/2018,04/15/2018,8,0,0,0,8,9,8,,,0,0,0,8,0,8,95,,,96,,,8,95,995,,,,,,,,,,,,,,,,,,,,,,,,,,,,,,0,0,0,0,0,0,0,0,0,0,0,0,1,0,0,0,0,0,0,0,0,0,0,0,0,1,0,0,0,1,1,0,0,0,0,,0,0,0,0,0,0,0,0,0,0,0,0,0,0,0,0,,,,,,56-60,56-65,Interstate,R,Friday,,MHTRUCK,Not Fatal,0,1,0,0,State Route,State Patrol,Washington State Patrol,1,1,0,0,0,,,,,,0,0,0,,,,,,,,,,,98,98,98,0,,,,,20,7,,,,,,,,,,,,,,,
2019,23,E884741,3,01/11/2019,20:25,11,1,,53,Pierce,0,1,0,3,1,2,1,0,6,4,,,,12,0,1,48.3,3,0,2,3,2,1,3,0,0,0,0,SR-7,176TH ST E,-122.4349444,47.09713333,0,4,98,53,3,40,4,0,0,1,5,12,1,1,4,2,5,1,1,53,0,30,40,2004,0,0,12,,,,,,1,1,24,2,0,,0,0,3,0,11,0,,,,,0,0,3,3,1,0,0,0,0,0,,,,,,0,,,,,,98031,53,62,220,6,1,0,0,1,0,,0,,,,,,0,01/15/2015,01/15/2015,20,0,0,0,8,9,8,,,0,0,0,8,0,8,95,,,96,,,8,95,995,,,,,,,,,,,,,,,,,,,,,,,,,,,,,,0,0,0,1,0,0,1,1,0,0,0,0,0,0,0,0,0,0,0,1,0,0,0,1,1,0,0,0,0,1,0,0,0,0,0,,0,0,0,0,0,0,0,0,0,0,0,0,0,0,0,0,,,,,,21-25,16-25,State route,U,Friday,Belt Used,PV,Not Fatal,1,0,0,0,State Route,State Patrol,Washington State Patrol,0,1,0,0,0,,,,,,0,0,0,,,,,,,,,,,98,98,98,0,,,,,20,7,,,,,,,,,,,,,,,
2019,23,E884741,3,01/11/2019,20:25,11,1,,53,Pierce,0,1,0,3,1,2,1,0,6,4,,,,12,0,1,48.3,3,0,2,3,2,1,3,0,0,3,3,SR-7,176TH ST E,-122.4349444,47.09713333,0,2,21,53,3,40,34,0,0,1,7,12,1,1,4,2,5,1,1,53,0,7,482,2002,0,0,12,12,,,,,1,1,22,1,0,,0,0,3,0,11,0,,,,,0,0,3,3,1,0,0,0,0,0,,,,,,0,,,,,,98226,53,69,190,6,1,0,2,1,3,,0,,,,,,0,06/15/2015,07/15/2017,20,0,0,0,8,9,8,,,0,0,0,8,0,8,95,,,96,,,8,95,995,,,,,,,,,,,,,,,,,,,,,,,,,,,,,,0,0,0,1,0,0,1,1,0,0,0,0,0,0,0,0,0,0,0,1,0,0,0,1,1,0,0,0,0,1,0,0,0,0,0,,0,0,0,0,0,0,0,0,0,0,0,0,0,0,0,0,,,,,,21-25,16-25,State route,U,Friday,Belt Used,PV,Not Fatal,1,0,0,0,State Route,State Patrol,Washington State Patrol,0,1,0,0,0,,,,,,0,0,0,,,,,,,,,,,98,98,98,0,,,,,20,7,,,,,,,,,,,,,,,
2019,23,E884741,3,01/11/2019,20:25,11,1,,53,Pierce,0,1,0,3,1,2,1,0,6,4,,,,12,0,1,48.3,3,0,2,3,2,1,3,0,0,3,3,SR-7,176TH ST E,-122.4349444,47.09713333,0,1,20,50,3,40,4,0,0,1,7,12,1,1,4,2,1,1,2,53,0,37,32,1998,0,0,12,,,,,,1,1,64,1,7,,4,0,20,7,11,4,01/11/2019,21:15,2.23E+11,2925,0,0,3,3,1,0,0,0,0,96,,,,,,9,,,,,,98444,53,74,250,6,1,0,1,0,0,,0,,,,,,0,01/15/2015,01/15/2015,1,0,0,0,0,9,8,,,0,0,0,1,9,2,996,996,401,1,1,1,2,1,0,,,,,,,,,,,,,,,,,,,,,,,,,,,,,,0,0,0,1,0,0,1,1,0,0,0,0,0,0,0,0,0,0,0,1,0,0,0,1,1,0,0,0,0,1,0,0,0,1,0,,1,0,0,0,0,0,1,1,0,0,0,0,0,0,1,0,,,,,,61-65,56-65,State route,U,Friday,Not Used,PV,White,1,0,0,0,State Route,State Patrol,Washington State Patrol,0,1,0,0,0,,,,,,0,0,0,1,1,1,,,417,124,996,,,0,0,0,1,,,,,20,7,,,,,,,,,,,,,,,
2019,23,E884741,3,01/11/2019,20:25,11,1,,53,Pierce,0,1,0,3,1,2,1,0,6,4,,,,12,0,1,48.3,3,0,2,3,2,1,3,0,0,3,3,SR-7,176TH ST E,-122.4349444,47.09713333,0,3,98,53,3,40,6,0,0,1,7,12,1,1,4,2,5,3,2,53,0,52,47,2013,0,0,12,12,,,,,1,1,26,2,0,,0,0,3,0,11,0,,,,,0,0,0,3,1,0,0,0,0,0,,,,,,0,,,,,,98444,53,64,135,6,1,0,0,0,1,,0,,,,,,0,05/15/2014,05/15/2014,20,0,0,0,8,9,8,,,0,0,0,8,0,8,95,,,96,,,8,95,995,,,,,,,,,,,,,,,,,,,,,,,,,,,,,,0,0,0,1,0,0,1,1,0,0,0,0,0,0,0,0,0,0,0,1,0,0,0,1,1,0,0,0,0,1,0,0,0,0,0,,0,0,0,0,0,0,0,0,0,0,0,0,0,0,0,0,,,,,,26-30,26-35,State route,U,Friday,Belt Used,PV,Not Fatal,1,0,0,0,State Route,State Patrol,Washington State Patrol,0,1,0,0,0,,,,,,0,0,0,,,,,,,,,,,98,98,98,0,,,,,20,7,,,,,,,,,,,,,,,
2018,490,E885282,39,12/31/2018,13:40,31,12,0,61,Snohomish,0,1,0,1,1,2,1,0,4,3,13:40,14:03,14:36,12,0,1,1.1,2,0,3,4,1,2,4,0,0,0,0,CR-84TH ST NE,105TH AVE NE,-122.0887972,48.07205833,0,1,28,52,3,50,21,0,0,1,7,12,1,1,2,1,1,1,3,53,0,20,461,2013,0,0,12,,,,,,1,1,43,1,0,0,0,0,3,0,11,0,,,,,0,0,3,3,1,26,0,0,0,93,,,,,,0,,,,,,98168,53,74,215,6,1,0,0,1,0,,97,,,,,,0,10/15/2016,10/15/2016,20,0,0,0,8,9,8,,,0,0,0,8,0,8,95,,,96,,,8,95,995,,,,,,,,,,,,,,,,,,,,,,,,,,,,,,0,0,0,1,0,0,0,0,0,0,0,0,0,1,0,0,1,0,0,0,0,0,0,0,0,0,0,0,0,1,0,0,0,0,0,,0,0,0,0,0,0,0,0,1,0,0,0,0,0,0,0,,,,,,41-45,36-45,County road,R,Monday,Belt Used,PV,Not Fatal,1,0,0,0,County Road,County Sheriff,Snohomish County Sheriff's Office,0,0,1,0,0,,,,,,0,0,0,,,,,,,,,,,,,,,,,,,,,,,,,,,,,,,,,,,
2018,490,E885282,39,12/31/2018,13:40,31,12,0,61,Snohomish,0,1,0,1,1,2,1,0,4,3,13:40,14:03,14:36,12,0,1,1.1,2,0,3,4,1,2,4,0,0,0,0,CR-84TH ST NE,105TH AVE NE,-122.0887972,48.07205833,0,3,98,62,4,50,15,0,0,1,7,12,1,1,2,1,1,1,3,53,0,54,421,2001,0,0,12,,,,,,1,1,28,1,0,0,2,0,3,0,11,8,,,,,0,0,3,2,1,0,0,0,0,96,,,,,,0,,,,,,98223,53,74,220,1,1,0,2,0,0,,97,,,,,,0,12/15/2015,01/15/2016,1,0,0,0,8,9,8,,,0,0,0,8,0,8,95,,,96,,,8,95,995,,,,,,,,,,,,,,,,,,,,,,,,,,,,,,0,0,0,1,0,0,0,0,0,0,0,0,0,1,0,0,1,0,0,0,0,0,0,0,0,0,0,0,0,1,0,0,0,0,0,,0,0,0,0,0,0,0,0,0,0,0,1,0,0,0,0,,,,,,26-30,26-35,County road,R,Monday,Belt Used,PV,Not Fatal,1,0,0,0,County Road,County Sheriff,Snohomish County Sheriff's Office,0,0,1,0,0,,,,,,0,0,2,,,,,,,,,,,,,,,,,,,,,,,,,,,,,,,,,,,