year,case,par,repjur,crash_dt,crash_tm,accday,accmon,holiday,county,co_char,city,weather,weather2,lightcond,surfcond,surftype,numfatal,nmforms,pforms,vforms,not_tm,arr_tm,hosp_tm,fhevent,hitrun,manncol,milepnt,reljunc,reljuncinter,intersectiontype,funcsystem,landuse,ownership,route,schlbus,spejur,contdev,devfunc,trafid1,trafid2,x,y,wk_zone,vnumber,crashtype,criticalevent,criticaleventcat,spdlim,body,trailer,emerg,hazcargo,leave,mhevent,roadalgn,roadprof,traflane,trafflow,vehmanvr,numoccs,regowner,regstate,spuse,make,model,modelyr,vrf1,vrf2,seqevent1,seqevent2,seqevent3,seqevent4,seqevent5,seqevent6,pnumber,ptype,age,sex,hispanic,race,injury,diedscene,restraint,restraintmisuse,seatpos,takehosp,death_dt,death_tm,cert,cernum_wa,commlic,licendor,licrestrict,liccomp,drivpres,drf1,drf2,drf3,drf4,distract1,distract2,distract3,distract4,distract5,distract6,dricond1,dricond2,dricond3,dricond4,dricond5,dricond6,dzip,licstate,drhgt_in,weight,noncdl,noncdltype,prevdwi,prevoth,prevacc,prevspd,prevsus,driviol1,driviol2,driviol3,driviol4,driviol5,driviol6,spdrel,first_dt,last_dt,airbag,ejection,ejectpath,extricat,injurwrk,methalc,methdrug,nmlocat,strikveh,prf1,prf2,prf3,druginv,alcinvol,drugsts,drugres1,drugres2,drugres3,drugtst1,drugtst2,drugtst3,alcsts,alctst,alcres,nmact1,nmact2,nmact3,nmact4,nmact5,nmact6,nmprior1,nmprior2,nmprior3,nmprior4,nmprior5,nmprior6,nmcond1,nmcond2,nmcond3,nmcond4,nmcond5,nmcond6,nmsafe_helmet,nmsafe_pads,nmsafe_oth,nmprev_ref,nmprev_lgt,nmprev_oth,crashlocation,nmcrashtype,crosswalk,schoolzone,sidewalk,train_inv,wildlife_inv,rotr_fars,intersect_fars,dd_inv,aid_inv,dpd_inv,id_inv,mj_inv,impnm_inv,ainm_inv,dpnm_inv,speed_inv,unlic_inv,unendmc_inv,drowsy_inv,drdist_inv,nmdist_inv,fty_inv,unrestfat_inv,dr1617_inv,dr1820_inv,dr1620_inv,dr2125_inv,dr1625_inv,dr65_inv,dr70_inv,dr75_inv,mc_inv,pv_inv,ht_inv,ped_inv,bike_inv,unrest_fat,mc_fat,unhelmet_mc,pv_fat,ht_fat,ped_fat,bike_fat,dr_alc7,dr_alc8,dr_drug,dr_imp,dr_dist,dr_spd,dr_fty,dr_unlic,dr_alc7only,dr_alc8only,dr_drugonly,dr_drink,nm_imp,nm_alc7,nm_alc8,nm_drug,nm_dist,agegrp1,agegrp2,roadclass,urbrur,dayweek,restuse,vehtype,race_me,intersect,lanedep,oppdir,wrongway,rep_typ,investag,repag_long,rotr,st_rd,cty_rd,city_rd,oth_rd,drug_thc,thc_res,drug_cthc,cthc_res,drug_cann,prevpersemin,prevperse,prevsusoth,drugtst4,drugtst5,drugtst6,drugtst7,drugtst8,drugres4,drugres5,drugres6,drugres7,drugres8,adspresent,adsengaged,adslevel,race1,race2,race3,race4,race5,helmet,helmetmisuse,nmdistract1,nmdistract2,nmdistract3,nmdistract4,nmdistract5,nmdistract6,lab,isedtcase,crf1,crf2,crf3,CoRoadName,CoMP,IntCoRoadName,IntCoMP
2018,490,E885282,39,12/31/2018,13:40,31,12,0,61,Snohomish,0,1,0,1,1,2,1,0,4,3,13:40,14:03,14:36,12,0,1,1.1,2,0,3,4,1,2,4,0,0,0,0,CR-84TH ST NE,105TH AVE NE,-122.0887972,48.07205833,0,2,29,53,3,50,4,0,0,1,7,12,1,1,2,1,2,2,1,53,0,49,51,2008,0,0,12,68,12,,,,1,1,48,2,0,0,9,0,3,0,11,8,,,,,0,0,0,3,1,0,0,0,0,96,,,,,,0,,,,,,98272,53,65,155,6,1,0,0,0,0,,0,,,,,,0,,,1,0,0,0,8,9,8,,,0,0,0,8,0,8,95,,,96,,,8,95,995,,,,,,,,,,,,,,,,,,,,,,,,,,,,,,0,0,0,1,0,0,0,0,0,0,0,0,0,1,0,0,1,0,0,0,0,0,0,0,0,0,0,0,0,1,0,0,0,0,0,,0,0,0,0,0,0,0,0,0,0,0,0,0,0,0,0,,,,,,46-50,46-55,County road,R,Monday,Belt Used,PV,Not Fatal,1,0,0,0,County Road,County Sheriff,Snohomish County Sheriff's Office,0,0,1,0,0,,,,,,0,0,0,,,,,,,,,,,,,,,,,,,,,,,,,,,,,,,,,,,
2019,85,E885424,122,01/22/2019,17:45,22,1,,61,Snohomish,690,1,0,3,2,2,1,1,1,1,,,,8,0,0,0,3,0,2,3,2,4,6,0,0,2,3,PACIFIC AVE,COLBY AVE,-122.2085472,47.97653056,0,1,13,80,5,98,14,0,0,1,7,8,1,1,5,1,1,1,3,53,0,20,401,1994,0,0,8,,,,,,1,1,59,1,0,,0,0,3,0,11,0,,,,,0,0,0,3,1,0,0,0,0,96,,,,,,0,,,,,,98011,53,65,175,6,1,0,0,0,0,,0,,,,,,0,,,20,0,0,0,8,9,8,,,0,0,0,8,0,2,1,,,1,,,2,1,0,,,,,,,,,,,,,,,,,,,,,,,,,,,,,,0,0,0,1,0,0,0,0,0,0,0,0,0,0,0,0,0,1,0,0,0,0,0,0,0,0,0,0,0,1,0,1,0,0,0,,0,0,0,0,0,0,0,0,0,0,0,0,0,0,0,0,,,,,,56-60,56-65,City street,U,Tuesday,Belt Used,PV,Not Fatal,1,0,0,0,City Street,Municipal/City Police,Everett Police Department,0,0,0,1,0,,,,,,0,0,0,,,,,,,,,,,0,0,0,0,,,,,20,7,,,,,,,,,,,,,,,
2019,18,E885651,8,01/09/2019,5:19,9,1,,45,Mason,0,2,0,4,2,2,2,0,3,2,,,,12,0,2,339.5,1,0,1,3,1,1,2,0,0,0,0,US-101,,-123.17315,47.28797222,0,1,50,10,2,55,4,0,0,1,2,12,1,2,2,1,1,2,1,53,0,24,1,1996,0,0,68,12,,,,,1,1,65,1,7,,4,7,3,0,11,0,01/09/2019,5:19,53001542,1542,0,0,3,3,1,28,0,0,0,96,,,,,,99,,,,,,98337,53,75,220,6,1,0,0,0,0,,0,,,,,,0,01/15/2015,03/15/2016,1,0,0,0,0,9,8,,,0,0,0,8,9,2,401,417,,1,1,,2,1,0,,,,,,,,,,,,,,,,,,,,,,,,,,,,,,0,0,0,0,0,0,1,1,0,0,0,0,0,0,0,0,0,0,0,0,0,0,0,0,0,1,0,0,0,1,1,0,0,0,0,,1,0,0,0,0,0,1,1,0,0,0,0,0,0,1,0,,,,,,61-65,56-65,US highway,R,Wednesday,Belt Used,PV,White,0,1,1,0,State Route,State Patrol,Washington State Patrol,0,1,0,0,0,,,,,,0,0,2,,,,,,,,,,,0,0,0,1,,,,,20,7,,,,,,,,,,,,,,,
2019,18,E885651,8,01/09/2019,5:19,9,1,,45,Mason,0,2,0,4,2,2,2,0,3,2,,,,12,0,2,339.5,1,0,1,3,1,1,2,0,0,0,0,US-101,,-123.17315,47.28797222,0,2,51,62,4,55,66,1,0,1,5,12,1,2,2,1,1,1,3,53,0,85,881,2008,0,0,12,,,,,,1,1,44,1,0,,0,0,3,0,11,0,,,,,6,1,0,3,1,0,0,0,0,96,,,,,,0,,,,,,98363,53,73,240,6,1,0,0,0,0,,0,,,,,,0,,,20,0,0,0,8,9,2,,,0,0,0,0,0,8,95,,,96,,,8,95,995,,,,,,,,,,,,,,,,,,,,,,,,,,,,,,0,0,0,0,0,0,1,1,0,0,0,0,0,0,0,0,0,0,0,0,0,0,0,0,0,1,0,0,0,1,1,0,0,0,0,,0,0,0,0,0,0,0,0,0,0,0,0,0,0,0,0,,,,,,41-45,36-45,US highway,R,Wednesday,,MHTRUCK,Not Fatal,0,1,1,0,State Route,State Patrol,Washington State Patrol,0,1,0,0,0,,,,,,0,0,0,,,,,,,,,,,98,98,98,0,,,,,20,7,,,,,,,,,,,,,,,
2019,19,E885827,29,01/04/2019,0:04,4,1,,41,Lewis,0,2,0,2,2,2,1,0,2,1,,,,1,0,0,0.2,1,0,1,7,1,2,4,0,0,0,0,CR-CANNON RD,,-121.6817778,46.62236667,0,1,1,13,2,35,14,0,0,1,7,1,2,1,2,1,14,2,2,26,0,2,403,2000,0,0,63,1,,,,,1,1,22,1,0,,0,0,20,7,11,0,,,,,0,0,3,3,1,0,0,0,0,96,,,,,,0,,,,,,98361,53,74,155,6,1,0,0,0,0,,97,,,,,,0,,,20,0,0,0,8,9,8,,,0,0,0,8,0,2,695,605,,1,1,,2,1,0,,,,,,,,,,,,,,,,,,,,,,,,,,,,,,0,0,1,0,0,0,1,1,1,0,0,0,0,0,0,0,0,0,0,1,0,0,0,1,1,0,0,0,0,1,0,0,0,0,0,,0,0,0,0,0,0,1,1,0,0,0,0,0,0,1,0,,,,,,21-25,16-25,County road,R,Friday,Not Used,PV,Not Fatal,0,1,0,0,County Road,County Sheriff,Lewis County Sheriff's Office,1,0,1,0,0,thc,5.4,carboxy-thc,59,,0,0,0,,,,,,,,,,,98,98,98,0,,,,,20,7,,,,,,,,,,,,,,,
2019,20,E885996,5,01/23/2019,13:23,23,1,,41,Lewis,0,1,0,1,2,1,1,0,2,2,,,,12,0,2,98.7,1,0,1,3,1,1,2,0,0,0,0,US-12,,-122.2538056,46.53996111,0,1,50,10,2,55,5,0,0,1,2,12,1,1,2,1,1,1,1,53,0,35,50,2016,0,0,68,12,,,,,1,1,63,2,7,,4,7,3,0,11,0,01/23/2019,14:35,53004628,4628,0,0,3,3,1,28,0,0,0,96,,,,,,99,,,,,,98377,53,65,179,6,1,0,0,1,0,,0,,,,,,0,09/15/2017,09/15/2017,8,0,0,0,0,9,8,,,0,0,0,8,9,2,695,605,151,1,1,1,2,1,0.014,,,,,,,,,,,,,,,,,,,,,,,,,,,,,,0,0,0,0,1,0,1,1,1,0,0,0,0,0,0,0,0,0,0,0,0,0,0,0,0,0,0,0,0,1,1,0,0,0,0,,1,0,0,0,1,0,1,1,0,0,0,0,0,0,0,1,,,,,,61-65,56-65,US highway,R,Wednesday,Belt Used,PV,White,0,1,1,0,State Route,State Patrol,Washington State Patrol,0,1,0,0,0,thc,35,carboxy-thc,850,,0,0,0,,,,,,,,,,,98,98,98,1,,,,,20,7,,,,,,,nms,,,,,,,,
2019,20,E885996,5,01/23/2019,13:23,23,1,,41,Lewis,0,1,0,1,2,2,1,0,2,2,,,,12,0,2,98.7,1,0,1,3,1,1,2,0,0,0,0,US-12,,-122.2538056,46.53996111,0,2,51,62,4,55,63,0,0,1,7,12,1,1,2,1,1,1,3,53,0,87,882,2013,0,0,12,,,,,,1,1,48,8,0,,1,0,3,0,11,4,,,,,6,1,3,3,1,0,0,0,0,96,,,,,,0,,,,,,98579,53,69,210,6,1,0,0,1,0,,0,,,,,,0,10/15/2014,10/15/2014,20,0,0,0,8,9,2,,,0,0,0,0,0,8,95,,,96,,,8,95,995,,,,,,,,,,,,,,,,,,,,,,,,,,,,,,0,0,0,0,1,0,1,1,1,0,0,0,0,0,0,0,0,0,0,0,0,0,0,0,0,0,0,0,0,1,1,0,0,0,0,,0,0,0,0,0,0,0,0,0,0,0,0,0,0,0,0,,,,,,46-50,46-55,US highway,R,Wednesday,,MHTRUCK,Not Fatal,0,1,1,0,State Route,State Patrol,Washington State Patrol,0,1,0,0,0,,,,,,0,0,0,,,,,,,,,,,98,98,98,0,,,,,20,7,,,,,,,,,,,,,,,
2019,24,E886225,25,01/18/2019,2:32,18,1,,33,King,0,99,0,3,2,2,1,0,1,1,,,,42,0,0,2,1,0,1,5,1,2,4,0,0,0,0,CR-272ND AVE SE,,-121.9795,47.35856667,0,1,6,12,2,35,80,0,0,1,7,42,2,1,2,1,1,1,1,53,0,72,706,2014,0,0,68,64,42,,,,1,1,28,1,7,,4,7,20,7,11,0,01/18/2019,2:32,53002970,2970,0,0,0,3,1,0,0,0,0,96,,,,,,99,,,,,,98249,53,74,200,6,1,0,0,0,0,,0,,,,,,0,,,20,8,0,0,0,9,8,,,0,0,0,8,9,2,401,996,,1,1,,2,1,0.221,,,,,,,,,,,,,,,,,,,,,,,,,,,,,,0,0,1,0,1,1,1,1,0,0,0,0,0,0,0,0,0,0,0,0,0,0,0,0,0,0,0,0,1,0,0,0,0,0,1,0,0,0,0,0,0,1,1,1,0,0,0,0,0,0,0,1,,,,,,26-30,26-35,County road,R,Friday,,MC,White,0,1,0,0,County Road,County Sheriff,King County Police,1,0,1,0,0,,,,,,0,0,0,,,,,,,,,,,0,0,0,1,,,,,19,0,,,,,,,,,,,,,,,
2019,142,E886418,55,01/22/2019,18:47,22,1,,33,King,100,2,0,3,2,2,1,1,1,1,,,,8,0,0,0.9,1,0,1,3,2,1,3,0,0,0,0,SR-164,,-122.2124556,47.29356667,0,1,13,80,5,45,34,0,0,1,7,8,1,1,5,5,1,1,1,53,0,12,481,1998,0,0,8,,,,,,1,1,57,2,0,,0,0,3,0,11,0,,,,,0,0,3,3,1,0,0,0,0,96,,,,,,0,,,,,,98321,53,65,300,6,1,0,0,0,0,,0,,,,,,0,,,20,0,0,0,8,9,8,,,0,0,0,8,0,2,1,,,1,,,2,1,0,,,,,,,,,,,,,,,,,,,,,,,,,,,,,,0,0,0,0,0,0,0,0,0,0,0,0,0,0,0,0,0,1,0,0,0,0,0,0,0,0,0,0,0,1,0,1,0,0,0,,0,0,0,0,0,0,0,0,0,0,0,0,0,0,0,0,,,,,,56-60,56-65,State route,U,Tuesday,Belt Used,PV,Not Fatal,0,0,0,0,State Route,Municipal/City Police,Auburn Police Department,0,1,0,0,0,,,,,,0,0,0,,,,,,,,,,,0,0,0,0,,,,,20,7,,,,,,,,,,,,,,,
2019,21,E886569,2,01/14/2019,19:37,14,1,,29,Island,0,1,0,3,1,2,1,1,2,1,,,,8,0,0,16.1,3,0,3,3,1,1,3,0,0,0,0,SR-525,USELESS BAY RD,-122.4853944,48.0066,0,1,13,80,5,55,14,0,0,1,5,8,3,2,2,2,14,2,1,53,0,2,403,2002,0,0,8,,,,,,1,1,21,1,0,,0,0,3,0,11,0,,,,,0,0,0,3,1,0,0,0,0,96,,,,,,0,,,,,,77532,48,,999,6,1,0,1,0,0,,0,,,,,,0,10/15/2016,10/15/2016,20,0,0,0,8,9,8,,,0,0,0,8,0,8,95,,,96,,,8,95,995,,,,,,,,,,,,,,,,,,,,,,,,,,,,,,0,0,0,1,0,0,0,0,0,0,0,0,0,0,0,0,0,0,0,0,0,0,0,1,1,0,0,0,0,1,0,1,0,0,0,,0,0,0,0,0,0,0,0,0,0,0,0,0,0,0,0,,,,,,21-25,16-25,State route,R,Monday,Belt Used,PV,Not Fatal,1,0,0,0,State Route,State Patrol,Washington State Patrol,0,1,0,0,0,,,,,,0,0,0,,,,,,,,,,,98,98,98,0,,,,,20,7,,,,,,,,,,,,,,,
2019,22,E886916,,01/23/2019,23:43,23,1,,21,Franklin,0,10,0,2,1,1,1,0,2,2,,,,12,0,1,52.2,1,0,1,3,1,1,2,0,0,0,0,US-395,,-118.9964528,46.560425,0,2,25,53,3,60,66,1,0,1,7,12,1,2,2,3,1,1,3,53,0,84,884,1997,0,0,12,,,,,,1,1,39,1,0,,1,0,3,0,11,8,,,,,6,1,0,3,1,91,0,0,0,96,,,,,,0,,,,,,99001,53,69,275,6,1,0,0,1,0,,89,,,,,,0,11/15/2015,11/15/2015,20,0,0,0,8,9,2,,,0,0,0,0,0,2,1,,,1,,,2,1,0,,,,,,,,,,,,,,,,,,,,,,,,,,,,,,0,0,0,0,0,0,0,0,0,0,0,0,0,0,0,1,1,0,0,0,0,0,0,0,0,0,0,0,0,1,1,0,0,0,0,,0,0,0,0,0,0,0,0,0,0,0,0,0,0,0,0,,,,,,36-40,36-45,US highway,R,Wednesday,,MHTRUCK,Not Fatal,0,0,0,0,State Route,State Patrol,Washington State Patrol,0,1,0,0,0,,,,,,0,0,0,,,,,,,,,,,0,0,0,0,,,,,20,7,,,,,,,,,,,,,,,
2019,22,E886916,,01/23/2019,23:43,23,1,,21,Franklin,0,10,0,2,1,1,1,0,2,2,,,,12,0,1,52.2,1,0,1,3,1,1,2,0,0,0,0,US-395,,-118.9964528,46.560425,0,1,24,51,3,70,20,0,0,1,7,12,1,2,2,3,1,1,1,53,0,7,442,1999,0,0,12,,,,,,1,1,35,1,7,,4,7,3,0,11,0,01/23/2019,23:43,53003578,3578,0,0,3,3,1,0,0,0,0,93,,,,,,2,,,,,,99324,53,74,180,6,1,0,1,1,1,,0,,,,,,0,03/15/2016,04/15/2018,1,0,0,0,0,9,8,,,0,0,0,8,0,8,95,,,96,,,8,95,995,,,,,,,,,,,,,,,,,,,,,,,,,,,,,,0,0,0,0,0,0,0,0,0,0,0,0,0,0,0,1,1,0,0,0,0,0,0,0,0,0,0,0,0,1,1,0,0,0,0,,1,0,0,0,0,0,0,0,1,0,0,0,0,0,0,0,,,,,,31-35,26-35,US highway,R,Wednesday,Belt Used,PV,Multiracial,0,0,0,0,State Route,State Patrol,Washington State Patrol,0,1,0,0,0,,,,,,0,0,0,,,,,,,,,,,0,0,0,202,248,,,,20,7,,,,,,,,,,,,,,,
2019,101,E886959,3,01/27/2019,17:35,27,1,,67,Thurston,0,1,0,2,1,2,1,1,3,1,,,,8,1,0,357.5,1,0,1,3,1,1,2,0,0,0,0,US-101,,-123.0362417,47.08515278,0,1,13,80,5,60,20,0,0,1,7,8,3,1,2,3,14,3,2,53,0,9,442,1998,0,0,8,,,,,,1,1,51,1,0,,0,0,99,7,11,0,,,,,0,0,0,2,1,91,0,0,0,96,,,,,,99,,,,,,98584,53,72,195,1,1,0,1,0,0,,1,,,,,,0,02/15/2016,06/15/2018,20,0,0,0,8,9,8,,,0,0,0,8,9,8,95,,,96,,,8,95,995,,,,,,,,,,,,,,,,,,,,,,,,,,,,,,0,0,0,0,0,0,0,0,0,0,0,0,0,1,0,0,0,0,0,0,0,0,0,0,0,0,0,0,0,1,0,1,0,0,0,,0,0,0,0,0,0,0,0,0,0,0,1,0,0,0,0,,,,,,51-55,46-55,US highway,R,Sunday,Unknown,PV,Not Fatal,0,0,0,0,State Route,State Patrol,Washington State Patrol,0,1,0,0,0,,,,,,0,0,5,,,,,,,,,,,0,0,0,0,,,,,20,7,,,,,,,,,,,,,,,
2019,25,E887024,40,01/25/2019,18:57,25,1,,63,Spokane,0,10,0,2,1,2,1,1,1,1,,,,8,0,0,1.2,3,0,3,4,2,2,4,0,0,0,0,CR-E 57TH AVE,S HAILEE LN,-117.3637139,47.602175,0,1,13,80,5,35,14,0,0,1,5,8,1,1,3,5,1,1,1,53,0,59,403,2004,0,0,8,,,,,,1,1,58,1,0,,0,0,3,0,11,0,,,,,0,0,3,3,1,0,0,0,0,93,,,,,,0,,,,,,99223,53,73,180,6,1,0,3,2,0,,0,,,,,,0,07/15/2015,07/15/2017,20,0,0,0,8,9,8,,,0,0,0,8,0,2,1,,,1,,,2,1,0,,,,,,,,,,,,,,,,,,,,,,,,,,,,,,0,0,0,1,0,0,0,0,0,0,0,0,0,0,0,0,1,1,0,0,0,0,0,0,0,0,0,0,0,1,0,1,0,0,0,,0,0,0,0,0,0,0,0,1,0,0,0,0,0,0,0,,,,,,56-60,56-65,County road,U,Friday,Belt Used,PV,Not Fatal,1,0,0,0,County Road,County Sheriff,Spokane County Sheriff's Office,0,0,1,0,0,,,,,,0,1,1,,,,,,,,,,,98,98,98,0,,,,,20,7,,,,,,,,,,,,,,,
2019,26,E887053,29,01/13/2019,3:32,13,1,,27,Grays Harbor,0,5,0,2,2,2,1,0,1,1,,,,42,0,0,1.6,1,0,1,5,1,2,4,0,0,0,0,CR-GARRARD CREEK RD,,-123.3004917,46.80168056,0,1,6,12,2,50,34,0,0,1,7,42,2,1,2,1,14,1,2,53,0,12,481,1986,0,0,68,64,42,,,,1,1,18,1,7,,4,7,3,0,11,0,01/13/2019,3:32,53002911,2911,0,0,3,3,1,0,0,0,0,92,,,,,,99,,,,,,98596,53,69,160,6,2,0,0,0,0,,0,,,,,,0,,,20,0,0,0,0,9,8,,,0,0,0,8,9,2,1,,,1,,,2,1,0.21,,,,,,,,,,,,,,,,,,,,,,,,,,,,,,0,0,1,0,1,1,0,1,0,0,0,0,0,0,0,0,1,0,0,0,0,1,1,0,1,0,0,0,0,1,0,0,0,0,0,,1,0,0,0,0,1,0,1,1,0,0,0,0,1,0,1,,,,,,18-20,16-25,County road,R,Sunday,Belt Used,PV,White,0,1,0,0,County Road,County Sheriff,Lewis County Sheriff's Office,1,0,1,0,0,,,,,,0,0,0,,,,,,,,,,,0,0,0,1,,,,,20,7,,,,,,,,,,,,,,,
2019,27,E887107,8,01/18/2019,10:10,18,1,,49,Pacific,0,2,0,1,2,1,1,0,2,2,,,,12,0,1,62,1,0,1,3,1,1,2,0,0,0,0,US-101,,-123.7440111,46.727825,0,1,25,53,3,55,66,2,0,1,5,12,2,2,2,1,14,1,3,53,0,87,881,2000,0,0,12,,,,,,1,1,62,1,0,,0,0,3,0,11,0,,,,,6,1,0,3,1,0,0,0,0,96,,,,,,0,,,,,,97391,41,73,280,6,1,0,0,0,0,,0,,,,,,0,,,20,0,0,0,8,9,8,,,0,0,0,8,0,2,1,,,1,,,2,1,0,,,,,,,,,,,,,,,,,,,,,,,,,,,,,,0,0,0,0,0,0,0,0,0,0,0,0,0,0,0,0,0,0,0,0,0,0,0,0,0,0,0,0,0,1,1,0,0,0,0,,0,0,0,0,0,0,0,0,0,0,0,0,0,0,0,0,,,,,,61-65,56-65,US highway,R,Friday,,MHTRUCK,Not Fatal,0,1,1,0,State Route,State Patrol,WASHINGTON STATE PATROL,0,1,0,0,0,,,,,,0,0,0,,,,,,,,,,,98,98,98,0,,,,,20,7,,,,,,,,,,,,,,,
2019,27,E887107,8,01/18/2019,10:10,18,1,,49,Pacific,0,2,0,1,2,1,1,0,2,2,,,,12,0,1,62,1,0,1,3,1,1,2,0,0,0,0,US-101,,-123.7440111,46.727825,0,2,24,51,3,55,6,0,0,1,2,12,2,2,2,1,14,1,1,53,0,35,51,2015,0,0,12,,,,,,1,1,64,2,7,,4,7,3,0,11,0,01/18/2019,10:10,53003052,3052,0,0,3,3,1,0,0,0,0,96,,,,,,99,,,,,,98550,53,64,210,6,1,0,0,0,1,,0,,,,,,0,06/15/2018,06/15/2018,8,9,0,0,0,9,8,,,0,0,0,8,9,2,1,,,1,,,2,1,0,,,,,,,,,,,,,,,,,,,,,,,,,,,,,,0,0,0,0,0,0,0,0,0,0,0,0,0,0,0,0,0,0,0,0,0,0,0,0,0,0,0,0,0,1,1,0,0,0,0,,1,0,0,0,0,0,0,0,0,0,0,0,0,0,0,0,,,,,,61-65,56-65,US highway,R,Friday,Belt Used,PV,White,0,1,1,0,State Route,State Patrol,WASHINGTON STATE PATROL,0,1,0,0,0,,,,,,0,0,0,,,,,,,,,,,98,98,98,1,,,,,20,7,,,,,,,,,,,,,,,
2018,494,E887160,222,11/04/2018,17:56,4,11,0,67,Thurston,1590,1,0,3,1,2,1,1,1,1,,,,8,0,0,0,1,0,1,7,2,4,6,0,0,0,0,LILLY RD NE,12TH AVE NE,-122.8444139,47.05673333,0,1,13,80,5,35,2,0,0,1,5,8,1,1,3,5,1,1,1,53,0,37,31,2017,0,0,8,,,,,,1,1,96,2,0,0,0,0,3,0,11,0,,,,,0,0,0,3,1,0,0,0,0,96,,,,,,0,,,,,,98516,53,62,130,6,1,0,0,0,0,,0,,,,,,0,,,20,0,0,0,8,9,8,,,0,0,0,8,0,8,95,,,96,,,8,95,995,,,,,,,,,,,,,,,,,,,,,,,,,,,,,,0,0,0,0,0,0,0,0,0,0,0,0,0,0,0,0,0,0,0,0,0,0,0,0,0,1,1,1,0,1,0,1,0,0,0,,0,0,0,0,0,0,0,0,0,0,0,0,0,0,0,0,,,,,,81+,76+,City street,U,Sunday,Belt Used,PV,Not Fatal,0,0,0,0,City Street,Municipal/City Police,Olympia Police Department,0,0,0,1,0,,,,,,0,0,0,,,,,,,,,,,,,,,,,,,,,,,,,,,,,,,,,,,
2019,28,E887454,4,01/25/2019,10:51,25,1,,75,Whitman,0,10,0,1,1,2,1,0,1,1,,,,1,0,0,4.4,1,0,1,5,1,1,3,0,0,0,0,SR-271,,-117.2943889,47.18212222,0,1,6,13,2,55,34,0,0,1,7,1,3,8,2,1,14,1,1,40,0,12,471,1998,0,0,63,69,68,64,1,,1,1,57,2,7,,4,0,20,7,11,8,01/25/2019,12:15,2.11E+11,4423,0,0,0,2,1,58,0,0,0,6,,,,,,0,,,,,,73128,40,64,150,1,1,0,2,1,0,,0,,,,,,0,04/15/2014,02/15/2015,20,1,9,0,0,9,8,,,0,0,0,8,0,8,95,,,96,,,8,95,995,,,,,,,,,,,,,,,,,,,,,,,,,,,,,,0,0,1,0,0,0,0,0,0,0,0,0,0,1,0,0,1,0,0,1,0,0,0,0,0,0,0,0,0,1,0,0,0,1,0,,1,0,0,0,0,0,0,0,1,0,0,1,0,0,0,0,,,,,,56-60,56-65,State route,R,Friday,Not Used,PV,White,0,1,0,0,State Route,State Patrol,Washington State Patrol,1,1,0,0,0,,,,,,0,0,0,,,,,,,,,,,0,0,0,1,,,,,20,7,,,,,,,,,,,,,,,
2019,29,E887804,122,01/27/2019,9:14,27,1,,61,Snohomish,690,5,0,1,2,2,2,0,4,1,,,,40,0,0,0,1,0,1,7,2,4,6,0,0,0,0,112TH ST SW,,-122.2506333,47.89643056,0,1,7,6,1,30,4,0,0,1,7,40,1,1,5,5,1,4,2,53,0,54,35,2000,0,0,67,68,64,40,42,30,1,1,27,1,0,,3,0,3,0,11,8,,,,,0,0,3,2,1,0,0,0,0,96,,,,,,9,,,,,,98208,53,69,200,1,1,1,1,1,3,,97,,,,,,4,04/15/2015,01/15/2018,1,1,9,0,8,9,8,,,0,0,0,8,1,2,1,,,1,,,2,1,0.064,,,,,,,,,,,,,,,,,,,,,,,,,,,,,,0,0,0,0,1,0,0,0,0,0,0,0,1,1,0,0,0,0,0,0,0,0,0,0,0,0,0,0,0,1,0,0,0,0,0,,0,0,0,0,1,0,0,0,0,1,0,1,1,0,0,1,,,,,,26-30,26-35,City street,U,Sunday,Belt Used,PV,Not Fatal,0,1,0,0,City Street,Municipal/City Police,Everett Police Department,1,0,0,1,0,,,,,,0,1,5,,,,,,,,,,,98,98,98,0,,,,,20,7,,,,,,,,,,,,,,,
2019,30,E887858,4,01/25/2019,15:05,25,1,,63,Spokane,0,5,0,1,1,2,1,0,2,2,,,,12,0,2,71.7,1,0,1,3,1,1,2,0,0,0,0,US-195,,-117.3806139,47.35156667,0,2,51,62,4,60,66,2,0,1,2,12,1,1,2,1,1,1,3,16,0,85,881,1999,0,0,12,,,,,,1,1,81,1,0,,0,0,3,0,11,0,,,,,6,1,3,3,1,0,0,0,0,96,,,,,,0,,,,,,99005,53,68,200,6,1,0,1,4,0,,0,,,,,,0,01/15/2014,09/15/2017,20,0,0,0,8,9,2,,,0,0,0,0,0,8,95,,,96,,,8,95,995,,,,,,,,,,,,,,,,,,,,,,,,,,,,,,0,0,0,0,1,0,0,0,0,0,0,0,0,0,0,0,0,0,0,0,0,0,0,0,0,1,1,1,0,1,1,0,0,0,0,,0,0,0,0,0,0,0,0,0,0,0,0,0,0,0,0,,,,,,81+,76+,US highway,R,Friday,,MHTRUCK,Not Fatal,0,1,1,0,State Route,State Patrol,Washington State Patrol,0,1,0,0,0,,,,,,0,0,0,,,,,,,,,,,0,0,0,0,,,,,20,7,,,,,,,,,,,,,,,