year,case,par,repjur,crash_dt,crash_tm,accday,accmon,holiday,county,co_char,city,weather,weather2,lightcond,surfcond,surftype,numfatal,nmforms,pforms,vforms,not_tm,arr_tm,hosp_tm,fhevent,hitrun,manncol,milepnt,reljunc,reljuncinter,intersectiontype,funcsystem,landuse,ownership,route,schlbus,spejur,contdev,devfunc,trafid1,trafid2,x,y,wk_zone,vnumber,crashtype,criticalevent,criticaleventcat,spdlim,body,trailer,emerg,hazcargo,leave,mhevent,roadalgn,roadprof,traflane,trafflow,vehmanvr,numoccs,regowner,regstate,spuse,make,model,modelyr,vrf1,vrf2,seqevent1,seqevent2,seqevent3,seqevent4,seqevent5,seqevent6,pnumber,ptype,age,sex,hispanic,race,injury,diedscene,restraint,restraintmisuse,seatpos,takehosp,death_dt,death_tm,cert,cernum_wa,commlic,licendor,licrestrict,liccomp,drivpres,drf1,drf2,drf3,drf4,distract1,distract2,distract3,distract4,distract5,distract6,dricond1,dricond2,dricond3,dricond4,dricond5,dricond6,dzip,licstate,drhgt_in,weight,noncdl,noncdltype,prevdwi,prevoth,prevacc,prevspd,prevsus,driviol1,driviol2,driviol3,driviol4,driviol5,driviol6,spdrel,first_dt,last_dt,airbag,ejection,ejectpath,extricat,injurwrk,methalc,methdrug,nmlocat,strikveh,prf1,prf2,prf3,druginv,alcinvol,drugsts,drugres1,drugres2,drugres3,drugtst1,drugtst2,drugtst3,alcsts,alctst,alcres,nmact1,nmact2,nmact3,nmact4,nmact5,nmact6,nmprior1,nmprior2,nmprior3,nmprior4,nmprior5,nmprior6,nmcond1,nmcond2,nmcond3,nmcond4,nmcond5,nmcond6,nmsafe_helmet,nmsafe_pads,nmsafe_oth,nmprev_ref,nmprev_lgt,nmprev_oth,crashlocation,nmcrashtype,crosswalk,schoolzone,sidewalk,train_inv,wildlife_inv,rotr_fars,intersect_fars,dd_inv,aid_inv,dpd_inv,id_inv,mj_inv,impnm_inv,ainm_inv,dpnm_inv,speed_inv,unlic_inv,unendmc_inv,drowsy_inv,drdist_inv,nmdist_inv,fty_inv,unrestfat_inv,dr1617_inv,dr1820_inv,dr1620_inv,dr2125_inv,dr1625_inv,dr65_inv,dr70_inv,dr75_inv,mc_inv,pv_inv,ht_inv,ped_inv,bike_inv,unrest_fat,mc_fat,unhelmet_mc,pv_fat,ht_fat,ped_fat,bike_fat,dr_alc7,dr_alc8,dr_drug,dr_imp,dr_dist,dr_spd,dr_fty,dr_unlic,dr_alc7only,dr_alc8only,dr_drugonly,dr_drink,nm_imp,nm_alc7,nm_alc8,nm_drug,nm_dist,agegrp1,agegrp2,roadclass,urbrur,dayweek,restuse,vehtype,race_me,intersect,lanedep,oppdir,wrongway,rep_typ,investag,repag_long,rotr,st_rd,cty_rd,city_rd,oth_rd,drug_thc,thc_res,drug_cthc,cthc_res,drug_cann,prevpersemin,prevperse,prevsusoth,drugtst4,drugtst5,drugtst6,drugtst7,drugtst8,drugres4,drugres5,drugres6,drugres7,drugres8,adspresent,adsengaged,adslevel,race1,race2,race3,race4,race5,helmet,helmetmisuse,nmdistract1,nmdistract2,nmdistract3,nmdistract4,nmdistract5,nmdistract6,lab,isedtcase,crf1,crf2,crf3,CoRoadName,CoMP,IntCoRoadName,IntCoMP
2019,62,E899434,7,02/18/2019,3:54,18,2,,33,King,1820,1,0,3,1,2,1,0,2,2,,,,12,0,2,11.6,1,0,1,3,2,1,3,0,0,0,0,SR-520,,-122.1305361,47.66606111,0,1,52,54,3,98,14,0,0,1,2,12,2,2,5,3,14,1,1,53,0,48,401,2015,0,0,12,,,,,,1,1,39,1,7,,4,7,3,0,11,0,02/18/2019,3:54,1.82E+11,8709,0,0,0,3,1,51,0,0,0,96,,,,,,99,,,,,,98290,53,70,180,6,1,0,1,0,2,,0,,,,,,0,12/15/2014,04/15/2017,8,0,0,0,0,1,8,,,0,0,0,8,1,2,695,605,,1,1,,2,1,0.15,,,,,,,,,,,,,,,,,,,,,,,,,,,,,,0,0,0,0,1,1,1,1,1,0,0,0,0,0,0,0,0,0,0,0,0,0,0,0,0,1,0,0,0,1,1,0,0,0,0,,1,0,0,0,0,1,1,1,0,0,0,0,0,0,0,1,,,,,,36-40,36-45,State route,U,Monday,Belt Used,PV,Multiracial,0,0,0,1,State Route,State Patrol,Washington State Patrol,0,1,0,0,0,thc,24,carboxy-thc,55,,0,0,1,,,,,,,,,,,98,98,98,204,268,,,,20,7,,,,,,,,,,,,,,,
2019,108,E899539,290,03/05/2019,16:52,5,3,,53,Pierce,2230,1,0,1,1,1,1,0,2,2,,,,12,0,6,0,2,0,2,7,2,4,6,0,0,0,0,S ASOTIN ST,S 49TH ST,-122.4564056,47.21299722,0,1,87,17,2,25,2,0,0,1,5,12,1,1,2,1,1,1,2,53,0,12,3,2010,0,0,12,,,,,,1,1,32,1,0,,0,0,3,0,11,0,,,,,0,0,3,3,1,38,0,0,0,93,,,,,,0,,,,,,98408,53,65,145,6,1,0,0,0,0,,46,,,,,,0,,,20,0,0,0,8,9,8,,,0,0,0,8,0,8,95,,,96,,,8,95,995,,,,,,,,,,,,,,,,,,,,,,,,,,,,,,0,0,0,1,0,0,0,0,0,0,0,0,0,0,0,0,1,0,1,0,0,0,0,0,0,1,1,1,0,1,0,0,0,0,0,,0,0,0,0,0,0,0,0,1,0,1,0,0,0,0,0,,,,,,31-35,26-35,City street,U,Tuesday,Belt Used,PV,Not Fatal,1,0,0,0,City Street,Municipal/City Police,Tacoma Police Department,0,0,0,1,0,,,,,,0,0,0,,,,,,,,,,,98,98,98,0,,,,,20,7,,,,,,,,,,,,,,,
2019,108,E899539,290,03/05/2019,16:52,5,3,,53,Pierce,2230,1,0,1,1,1,1,0,2,2,,,,12,0,6,0,2,0,2,7,2,4,6,0,0,0,0,S ASOTIN ST,S 49TH ST,-122.4564056,47.21299722,0,2,86,66,4,25,6,0,0,1,5,12,1,1,2,1,1,1,2,53,0,6,52,2002,0,0,12,,,,,,1,1,76,2,7,,4,0,3,0,11,6,03/07/2019,14:06,2.23E+11,11510,0,0,3,3,1,0,0,0,0,96,,,,,,0,,,,,,98408,53,64,170,6,1,0,0,0,0,,0,,,,,,0,,,1,0,0,0,0,9,8,,,0,0,0,8,0,8,95,,,96,,,8,95,995,,,,,,,,,,,,,,,,,,,,,,,,,,,,,,0,0,0,1,0,0,0,0,0,0,0,0,0,0,0,0,1,0,1,0,0,0,0,0,0,1,1,1,0,1,0,0,0,0,0,,1,0,0,0,0,0,0,0,0,0,0,0,0,0,0,0,,,,,,76-80,76+,City street,U,Tuesday,Belt Used,PV,White,1,0,0,0,City Street,Municipal/City Police,Tacoma Police Department,0,0,0,1,0,,,,,,0,0,0,,,,,,,,,,,98,98,98,1,,,,,20,7,,,,,,,,,,,,,,,
2019,65,E899642,1,02/04/2019,14:46,4,2,,77,Yakima,0,4,0,1,4,2,1,0,12,6,,,,12,0,7,21,1,0,1,1,1,1,1,0,0,0,0,I-82,,-120.3964778,46.72549444,0,3,45,61,4,70,15,0,0,1,2,12,1,3,2,3,1,1,1,53,0,54,421,2004,0,0,12,12,,,,,1,1,70,1,0,,0,0,3,0,11,0,,,,,0,0,0,3,1,87,0,0,0,96,,,,,,0,,,,,,98365,53,72,210,6,1,0,0,0,1,,0,,,,,,0,01/15/2016,01/15/2016,8,0,0,0,8,9,8,,,0,0,0,8,0,8,95,,,96,,,8,95,995,,,,,,,,,,,,,,,,,,,,,,,,,,,,,,0,0,0,0,0,0,0,0,0,0,0,0,1,0,0,0,0,0,0,0,0,1,1,0,1,1,1,0,0,1,1,0,0,0,0,,0,0,0,0,0,0,0,0,0,0,0,0,0,0,0,0,,,,,,66-70,66-75,Interstate,R,Monday,Belt Used,PV,Not Fatal,0,0,0,0,State Route,State Patrol,Washington State Patrol,0,1,0,0,0,,,,,,0,0,0,,,,,,,,,,,98,98,98,0,,,,,20,7,,,,,,,,,,,,,,,
2019,65,E899642,1,02/04/2019,14:46,4,2,,77,Yakima,0,4,0,1,4,2,1,0,12,6,,,,12,0,7,21,1,0,1,1,1,1,1,0,0,0,0,I-82,,-120.3964778,46.72549444,0,4,47,10,2,70,20,0,0,1,5,12,1,3,2,3,15,2,3,53,0,7,442,2014,0,0,12,,,,,,1,1,37,2,0,,0,0,3,0,11,0,,,,,0,0,0,3,1,87,0,0,0,96,,,,,,0,,,,,,98503,53,63,130,6,1,0,0,0,0,,0,,,,,,0,,,20,0,0,0,8,9,8,,,0,0,0,8,0,8,95,,,96,,,8,95,995,,,,,,,,,,,,,,,,,,,,,,,,,,,,,,0,0,0,0,0,0,0,0,0,0,0,0,1,0,0,0,0,0,0,0,0,1,1,0,1,1,1,0,0,1,1,0,0,0,0,,0,0,0,0,0,0,0,0,0,0,0,0,0,0,0,0,,,,,,36-40,36-45,Interstate,R,Monday,Belt Used,PV,Not Fatal,0,0,0,0,State Route,State Patrol,Washington State Patrol,0,1,0,0,0,,,,,,0,0,0,,,,,,,,,,,98,98,98,0,,,,,20,7,,,,,,,,,,,,,,,
2019,65,E899642,1,02/04/2019,14:46,4,2,,77,Yakima,0,4,0,1,4,2,1,0,12,6,,,,12,0,7,21,1,0,1,1,1,1,1,0,0,0,0,I-82,,-120.3964778,46.72549444,0,1,98,60,4,70,66,1,0,1,5,12,1,3,2,3,2,2,3,53,0,82,881,2007,0,0,12,12,12,,,,1,1,43,1,0,,0,0,3,0,11,0,,,,,6,1,0,3,1,87,0,0,0,96,,,,,,0,,,,,,98908,53,67,230,6,1,0,0,0,0,,0,,,,,,0,,,20,0,0,0,8,9,8,,,0,0,0,8,0,8,95,,,96,,,8,95,995,,,,,,,,,,,,,,,,,,,,,,,,,,,,,,0,0,0,0,0,0,0,0,0,0,0,0,1,0,0,0,0,0,0,0,0,1,1,0,1,1,1,0,0,1,1,0,0,0,0,,0,0,0,0,0,0,0,0,0,0,0,0,0,0,0,0,,,,,,41-45,36-45,Interstate,R,Monday,,MHTRUCK,Not Fatal,0,0,0,0,State Route,State Patrol,Washington State Patrol,0,1,0,0,0,,,,,,0,0,0,,,,,,,,,,,98,98,98,0,,,,,20,7,,,,,,,,,,,,,,,
2019,65,E899642,1,02/04/2019,14:46,4,2,,77,Yakima,0,4,0,1,4,2,1,0,12,6,,,,12,0,7,21,1,0,1,1,1,1,1,0,0,0,0,I-82,,-120.3964778,46.72549444,0,2,98,9,1,70,4,0,0,1,2,12,1,3,2,3,1,1,2,53,0,41,51,2008,0,0,12,12,,,,,1,1,19,2,0,,0,0,3,0,11,0,,,,,0,0,3,3,1,87,0,0,0,96,,,,,,0,,,,,,98942,53,63,135,6,2,0,0,2,0,,0,,,,,,0,01/15/2016,07/15/2018,8,0,0,0,8,9,8,,,0,0,0,8,0,8,95,,,96,,,8,95,995,,,,,,,,,,,,,,,,,,,,,,,,,,,,,,0,0,0,0,0,0,0,0,0,0,0,0,1,0,0,0,0,0,0,0,0,1,1,0,1,1,1,0,0,1,1,0,0,0,0,,0,0,0,0,0,0,0,0,0,0,0,0,0,0,0,0,,,,,,18-20,16-25,Interstate,R,Monday,Belt Used,PV,Not Fatal,0,0,0,0,State Route,State Patrol,Washington State Patrol,0,1,0,0,0,,,,,,0,0,0,,,,,,,,,,,98,98,98,0,,,,,20,7,,,,,,,,,,,,,,,
2019,65,E899642,1,02/04/2019,14:46,4,2,,77,Yakima,0,4,0,1,4,2,1,0,12,6,,,,12,0,7,21,1,0,1,1,1,1,1,0,0,0,0,I-82,,-120.3964778,46.72549444,0,6,98,52,3,70,14,0,0,1,2,12,1,3,2,3,1,3,1,53,0,20,404,2017,0,0,12,12,12,,,,1,1,60,1,0,,0,0,3,0,11,0,,,,,0,0,0,3,1,87,0,0,0,96,,,,,,0,,,,,,98942,53,64,230,6,1,0,0,0,0,,0,,,,,,4,,,8,0,0,0,8,9,8,,,0,0,0,8,0,8,95,,,96,,,8,95,995,,,,,,,,,,,,,,,,,,,,,,,,,,,,,,0,0,0,0,0,0,0,0,0,0,0,0,1,0,0,0,0,0,0,0,0,1,1,0,1,1,1,0,0,1,1,0,0,0,0,,0,0,0,0,0,0,0,0,0,1,0,0,0,0,0,0,,,,,,56-60,56-65,Interstate,R,Monday,Belt Used,PV,Not Fatal,0,0,0,0,State Route,State Patrol,Washington State Patrol,0,1,0,0,0,,,,,,0,0,0,,,,,,,,,,,98,98,98,0,,,,,20,7,,,,,,,,,,,,,,,
2019,65,E899642,1,02/04/2019,14:46,4,2,,77,Yakima,0,4,0,1,4,2,1,0,12,6,,,,12,0,7,21,1,0,1,1,1,1,1,0,0,0,0,I-82,,-120.3964778,46.72549444,0,5,98,98,7,70,6,0,0,1,7,12,1,3,2,3,98,3,1,53,0,48,45,2017,0,0,12,,,,,,1,1,64,1,0,,0,0,3,0,11,0,,,,,0,0,3,3,1,87,0,0,0,96,,,,,,0,,,,,,99354,53,70,170,6,1,0,0,0,0,,0,,,,,,0,,,8,0,0,0,8,9,8,,,0,0,0,8,0,8,95,,,96,,,8,95,995,,,,,,,,,,,,,,,,,,,,,,,,,,,,,,0,0,0,0,0,0,0,0,0,0,0,0,1,0,0,0,0,0,0,0,0,1,1,0,1,1,1,0,0,1,1,0,0,0,0,,0,0,0,0,0,0,0,0,0,0,0,0,0,0,0,0,,,,,,61-65,56-65,Interstate,R,Monday,Belt Used,PV,Not Fatal,0,0,0,0,State Route,State Patrol,Washington State Patrol,0,1,0,0,0,,,,,,0,0,0,,,,,,,,,,,98,98,98,0,,,,,20,7,,,,,,,,,,,,,,,
2019,63,E899661,25,03/03/2019,21:12,3,3,,33,King,0,1,0,2,1,2,1,0,3,1,,,,23,0,0,3.7,1,0,1,6,1,2,4,0,0,0,0,CR-W SNOQUALMIE RIVER R,,-121.9268194,47.59160278,0,1,1,13,2,35,4,0,0,1,7,23,3,1,8,1,14,3,1,53,0,58,37,2007,0,0,63,23,3,1,,,1,1,23,1,1,,4,7,20,7,11,0,03/03/2019,21:12,53010296,10296,0,0,0,3,1,0,0,0,0,96,,,,,,99,,,,,,98045,53,67,185,6,1,0,1,0,2,,0,,,,,,3,12/15/2014,07/15/2017,8,0,0,0,0,9,8,,,0,0,0,8,9,2,695,605,,1,1,,2,1,0.18,,,,,,,,,,,,,,,,,,,,,,,,,,,,,,0,0,1,0,1,1,1,1,1,0,0,0,1,0,0,0,0,0,0,1,0,0,0,1,1,0,0,0,0,1,0,0,0,1,0,,1,0,0,0,0,1,1,1,0,1,0,0,0,0,0,1,,,,,,21-25,16-25,County road,R,Sunday,Not Used,PV,Hispanic,0,1,0,0,County Road,County Sheriff,King County Police,1,0,1,0,0,thc,9.2,carboxy-thc,31,,0,0,1,,,,,,,,,,,98,98,98,298,,,,,20,7,,,,,,,,,,,,,,,
2019,64,E900266,2,01/15/2019,19:10,15,1,,57,Skagit,230,10,0,3,1,2,1,1,1,1,,,,8,0,0,230,1,0,1,1,2,1,1,0,0,0,0,I-5,,-122.3420111,48.46913056,0,1,13,80,5,60,66,1,0,2,7,8,1,1,2,3,15,1,3,53,0,85,881,2016,0,0,8,,,,,,1,1,42,1,0,,0,0,3,0,11,0,,,,,6,1,0,3,1,0,0,0,0,96,,,,,,9,,,,,,98244,53,68,180,6,1,0,0,0,0,,0,,,,,,0,02/15/2017,02/15/2017,20,0,0,0,8,9,2,,,0,0,0,0,1,2,605,695,,1,1,,2,1,0,,,,,,,,,,,,,,,,,,,,,,,,,,,,,,0,0,0,0,1,0,1,1,1,0,0,0,0,0,0,0,0,0,0,0,0,0,0,0,0,0,0,0,0,0,1,1,0,0,0,,0,0,0,0,0,0,1,1,0,0,0,0,0,0,1,1,,,,,,41-45,36-45,Interstate,U,Tuesday,,MHTRUCK,Not Fatal,0,0,0,0,State Route,State Patrol,Washington State Patrol,0,1,0,0,0,thc,1.8,carboxy-thc,25,,0,0,1,,,,,,,,,,,98,98,98,0,,,,,20,7,,,,,,,,,,,,,,,
2019,514,E900630,189,02/16/2019,19:41,16,2,,61,Snohomish,1280,2,0,3,2,2,1,1,1,1,,,,8,1,0,0,3,0,3,7,2,4,6,0,0,0,0,64TH ST NE,58TH DR NE,-122.1518194,48.05381389,0,1,13,80,5,35,49,0,0,1,5,8,1,1,5,5,1,99,9,99,0,99,999,9999,0,0,8,,,,,,1,1,999,9,0,,0,0,99,7,11,0,,,,,99,9,9,9,1,0,0,0,0,92,,,,,,99,,,,,,99999,99,,999,9,9,99,99,99,99,,97,,,,,,0,,,99,0,0,0,8,9,8,,,0,0,0,8,9,0,0,,,0,,,0,0,996,,,,,,,,,,,,,,,,,,,,,,,,,,,,,,0,0,0,1,0,0,0,0,0,1,0,1,0,0,0,0,1,0,0,0,0,0,0,0,0,0,0,0,0,1,0,1,0,0,0,,0,0,0,0,0,0,0,0,1,0,0,0,0,0,0,0,,,,,,,,City street,U,Saturday,Unknown,PV,Not Fatal,0,0,0,0,State Route,Municipal/City Police,Marysville Police Department,0,1,0,0,0,,,,,,99,99,99,,,,,,,,,,,98,98,98,0,,,,,20,7,,,,,,,,,,,,,,,
2019,67,E900965,180,03/07/2019,18:30,7,3,,15,Cowlitz,1190,1,0,3,1,1,1,0,1,1,,,,33,0,0,7.1,1,0,1,3,2,1,3,0,0,0,0,SR-432,,-122.9312694,46.11583056,0,1,1,13,2,98,80,0,0,1,7,1,2,1,4,1,6,1,2,16,0,72,706,2000,0,0,63,33,1,,,,1,1,65,1,7,,4,7,20,7,11,0,03/07/2019,18:30,1.19E+11,11108,6,0,0,2,1,0,0,0,0,93,,,,,,99,,,,,,98626,53,71,200,6,1,0,2,0,4,,0,,,,,,4,04/15/2015,02/15/2017,20,8,0,0,0,9,8,,,0,0,0,8,9,2,401,417,,1,1,,2,1,0.069,,,,,,,,,,,,,,,,,,,,,,,,,,,,,,0,0,1,0,1,0,1,1,0,0,0,0,1,0,1,0,1,0,0,0,0,0,0,0,0,1,0,0,1,0,0,0,0,0,1,0,0,0,0,0,1,0,1,1,1,1,0,0,0,0,0,1,,,,,,61-65,56-65,State route,U,Thursday,,MC,White,0,1,0,0,State Route,Municipal/City Police,Longview Police Department,1,1,0,0,0,,,,,,0,0,0,,,,,,,,,,,0,0,0,1,,,,,19,0,,,,,,,,,,,,,,,
2019,69,E901420,290,03/08/2019,13:11,8,3,,53,Pierce,2230,1,0,1,1,2,1,1,1,1,,,,9,0,0,3.8,1,0,1,3,2,1,3,0,3,0,0,SR-509,,-122.3601917,47.25653333,0,1,13,83,5,50,6,0,0,1,7,9,1,1,2,2,1,1,3,53,0,49,46,2015,0,0,9,,,,,,1,1,32,1,0,,0,0,99,7,11,0,,,,,0,0,0,3,1,0,0,0,0,96,,,,,,0,,,,,,98466,53,71,200,6,1,0,0,2,0,,0,,,,,,0,05/15/2014,09/15/2016,20,0,0,0,8,9,8,,,0,0,0,8,0,8,95,,,96,,,8,95,995,,,,,,,,,,,,,,,,,,,,,,,,,,,,,,0,0,0,0,0,0,0,0,0,1,0,1,0,0,0,0,0,1,0,0,0,0,0,0,0,0,0,0,0,1,0,0,1,0,0,,0,0,0,0,0,0,0,0,0,0,0,0,0,0,0,0,,,,,,31-35,26-35,State route,U,Friday,Unknown,PV,Not Fatal,0,0,0,0,State Route,Municipal/City Police,Tacoma Police Department,0,1,0,0,0,,,,,,0,0,0,,,,,,,,,,,98,98,98,0,,,,,20,7,,,,,,,,,,,,,,,
2019,79,E901603,4,03/10/2019,19:25,10,3,,63,Spokane,0,10,0,3,1,2,1,0,4,3,,,,12,0,8,16.3,1,0,1,4,1,1,3,0,0,0,0,SR-904,,-117.5943833,47.55703333,0,1,64,10,2,40,34,0,0,1,2,12,1,1,3,5,1,1,1,53,0,20,471,1991,0,0,68,12,12,,,,1,1,63,1,7,,4,7,3,0,11,0,03/10/2019,19:25,53010989,10989,0,0,0,3,1,28,0,0,0,96,,,,,,99,,,,,,99004,53,67,175,6,1,0,0,0,0,,0,,,,,,0,,,20,0,0,0,0,9,8,,,0,0,0,8,0,2,1,,,1,,,2,1,0,,,,,,,,,,,,,,,,,,,,,,,,,,,,,,0,0,0,0,0,0,0,0,0,0,0,0,0,0,0,0,0,0,0,0,0,0,0,1,1,0,0,0,0,1,0,0,0,0,0,,1,0,0,0,0,0,0,0,0,0,0,0,0,0,0,0,,,,,,61-65,56-65,State route,R,Sunday,Belt Used,PV,White,0,1,1,0,State Route,State Patrol,Washington State Patrol,0,1,0,0,0,,,,,,0,0,0,,,,,,,,,,,0,0,0,1,,,,,20,7,,,,,,,,,,,,,,,
2019,79,E901603,4,03/10/2019,19:25,10,3,,63,Spokane,0,10,0,3,1,2,1,0,4,3,,,,12,0,8,16.3,1,0,1,4,1,1,3,0,0,0,0,SR-904,,-117.5943833,47.55703333,0,3,98,62,4,40,14,0,0,1,7,12,1,1,3,5,1,2,1,53,0,2,408,2017,0,0,12,,,,,,1,1,59,1,0,,0,0,3,0,11,0,,,,,0,0,0,3,1,0,0,0,0,96,,,,,,0,,,,,,99004,53,70,175,6,1,0,0,0,0,,0,,,,,,0,,,1,0,0,0,8,9,2,,,0,0,0,0,0,8,95,,,96,,,8,95,995,,,,,,,,,,,,,,,,,,,,,,,,,,,,,,0,0,0,0,0,0,0,0,0,0,0,0,0,0,0,0,0,0,0,0,0,0,0,1,1,0,0,0,0,1,0,0,0,0,0,,0,0,0,0,0,0,0,0,0,0,0,0,0,0,0,0,,,,,,56-60,56-65,State route,R,Sunday,Belt Used,PV,Not Fatal,0,1,1,0,State Route,State Patrol,Washington State Patrol,0,1,0,0,0,,,,,,0,0,0,,,,,,,,,,,98,98,98,0,,,,,20,7,,,,,,,,,,,,,,,
2019,79,E901603,4,03/10/2019,19:25,10,3,,63,Spokane,0,10,0,3,1,2,1,0,4,3,,,,12,0,8,16.3,1,0,1,4,1,1,3,0,0,0,0,SR-904,,-117.5943833,47.55703333,0,2,65,62,4,40,4,0,0,1,5,12,1,1,3,5,1,1,2,53,0,41,50,2007,0,0,12,,,,,,1,1,21,2,0,,2,0,3,0,11,4,,,,,0,0,3,3,1,0,0,0,0,96,,,,,,0,,,,,,99025,53,67,160,6,1,0,0,0,0,,0,,,,,,0,,,20,0,0,0,8,9,2,,,0,0,0,0,0,8,95,,,96,,,8,95,995,,,,,,,,,,,,,,,,,,,,,,,,,,,,,,0,0,0,0,0,0,0,0,0,0,0,0,0,0,0,0,0,0,0,0,0,0,0,1,1,0,0,0,0,1,0,0,0,0,0,,0,0,0,0,0,0,0,0,0,0,0,0,0,0,0,0,,,,,,21-25,16-25,State route,R,Sunday,Belt Used,PV,Not Fatal,0,1,1,0,State Route,State Patrol,Washington State Patrol,0,1,0,0,0,,,,,,0,0,0,,,,,,,,,,,98,98,98,0,,,,,20,7,,,,,,,,,,,,,,,
2019,134,E901642,122,03/11/2019,21:24,11,3,,61,Snohomish,690,2,0,3,2,2,1,1,1,1,,,,8,1,0,45.9,3,0,2,3,2,1,3,0,0,3,3,SR-99,AIRPORT RD,-122.2584306,47.88940833,0,1,13,80,5,50,19,0,0,1,5,8,1,1,5,1,99,99,9,99,0,99,499,9999,0,0,8,,,,,,1,1,999,8,0,,0,0,99,7,11,0,,,,,99,9,9,9,1,0,0,0,0,96,,,,,,99,,,,,,99999,99,,999,9,9,99,99,99,99,,97,,,,,,0,,,99,0,0,0,8,9,8,,,0,0,0,8,9,9,999,,,99,,,9,99,999,,,,,,,,,,,,,,,,,,,,,,,,,,,,,,0,0,0,1,0,0,0,0,0,0,0,0,0,0,0,0,0,0,0,0,0,0,0,0,0,0,0,0,0,1,0,1,0,0,0,,0,0,0,0,0,0,0,0,0,0,0,0,0,0,0,0,,,,,,,,State route,U,Monday,Unknown,PV,Not Fatal,1,0,0,0,State Route,Municipal/City Police,Everett Police Department,0,1,0,0,0,,,,,,99,99,99,,,,,,,,,,,98,98,98,0,,,,,20,7,,,,,,,,,,,,,,,
2019,136,E902079,6,03/05/2019,13:08,5,3,,37,Kittitas,0,1,0,1,1,2,1,0,7,3,,,,25,0,0,77.5,1,0,1,1,1,1,1,0,0,0,0,I-90,,-121.0389917,47.18248611,0,2,98,62,4,60,66,1,0,1,5,12,3,1,2,3,14,1,3,6,0,82,881,2010,0,0,12,,,,,,1,1,62,1,0,,0,0,3,0,11,0,,,,,6,3,3,3,1,0,0,0,0,96,,,,,,0,,,,,,91755,6,64,140,6,1,0,3,0,2,,0,,,,,,0,03/15/2017,11/15/2017,20,0,0,0,8,9,8,,,0,0,0,8,0,8,95,,,96,,,8,95,995,,,,,,,,,,,,,,,,,,,,,,,,,,,,,,0,0,1,0,0,0,0,0,0,0,0,0,0,0,0,0,0,0,0,0,0,0,0,0,0,1,0,0,0,1,1,0,0,0,0,,0,0,0,0,0,0,0,0,0,0,0,0,0,0,0,0,,,,,,61-65,56-65,Interstate,R,Tuesday,,MHTRUCK,Not Fatal,0,1,0,0,State Route,State Patrol,Washington State Patrol,1,1,0,0,0,,,,,,0,0,0,,,,,,,,,,,98,98,98,0,,,,,20,7,,,,,,,,,,,,,,,
2019,136,E902079,6,03/05/2019,13:08,5,3,,37,Kittitas,0,1,0,1,1,2,1,0,7,3,,,,25,0,0,77.5,1,0,1,1,1,1,1,0,0,0,0,I-90,,-121.0389917,47.18248611,0,1,6,12,2,70,14,0,0,1,7,1,2,1,2,3,14,1,2,53,0,37,402,2018,0,0,64,25,67,59,1,65,1,1,69,2,7,,4,0,3,0,11,4,03/20/2019,14:15,1.96E+11,13394,0,0,0,3,1,0,0,0,0,96,,,,,,0,,,,,,98922,53,65,200,6,1,0,0,0,0,,0,,,,,,0,,,8,0,0,0,0,9,8,,,0,0,0,8,0,8,95,,,96,,,8,95,995,,,,,,,,,,,,,,,,,,,,,,,,,,,,,,0,0,1,0,0,0,0,0,0,0,0,0,0,0,0,0,0,0,0,0,0,0,0,0,0,1,0,0,0,1,1,0,0,0,0,,1,0,0,0,0,0,0,0,0,0,0,0,0,0,0,0,,,,,,66-70,66-75,Interstate,R,Tuesday,Belt Used,PV,White,0,1,0,0,State Route,State Patrol,Washington State Patrol,1,1,0,0,0,,,,,,0,0,0,,,,,,,,,,,98,98,98,1,,,,,20,7,,,,,,,,,,,,,,,
2019,136,E902079,6,03/05/2019,13:08,5,3,,37,Kittitas,0,1,0,1,1,2,1,0,7,3,,,,25,0,0,77.5,1,0,1,1,1,1,1,0,0,0,0,I-90,,-121.0389917,47.18248611,0,3,98,62,4,70,14,0,0,1,5,12,3,1,2,3,14,5,2,53,0,20,401,1997,0,0,64,12,,,,,1,1,35,1,0,,0,0,3,0,11,0,,,,,6,0,0,3,1,0,0,0,0,96,,,,,,0,,,,,,99115,53,71,160,6,1,0,0,0,0,,0,,,,,,0,,,20,0,0,0,8,9,8,,,0,0,0,8,0,8,95,,,96,,,8,95,995,,,,,,,,,,,,,,,,,,,,,,,,,,,,,,0,0,1,0,0,0,0,0,0,0,0,0,0,0,0,0,0,0,0,0,0,0,0,0,0,1,0,0,0,1,1,0,0,0,0,,0,0,0,0,0,0,0,0,0,0,0,0,0,0,0,0,,,,,,31-35,26-35,Interstate,R,Tuesday,Belt Used,PV,Not Fatal,0,1,0,0,State Route,State Patrol,Washington State Patrol,1,1,0,0,0,,,,,,0,0,0,,,,,,,,,,,0,0,0,0,,,,,20,7,,,,,,,,,,,,,,,
2019,123,E902346,1,03/10/2019,18:54,10,3,,21,Franklin,1660,1,0,1,1,2,1,0,2,1,,,,1,0,0,0.2,5,1,1,1,2,1,1,0,0,0,0,I-182 RAMP R100969,,-119.1794111,46.26560556,0,1,6,12,2,98,4,0,0,1,7,1,2,3,1,6,14,2,1,53,0,54,35,2003,0,0,64,1,,,,,1,1,35,1,0,,0,0,3,0,11,0,,,,,0,0,0,3,1,0,0,0,0,96,,,,,,9,,,,,,99301,53,67,170,6,1,0,0,0,0,,97,,,,,,4,,,2,0,0,0,8,1,8,,,0,0,0,8,1,2,1,,,1,,,2,1,0.1,,,,,,,,,,,,,,,,,,,,,,,,,,,,,,0,0,1,0,1,1,0,1,0,0,0,0,1,0,0,0,0,0,0,0,0,0,0,0,0,0,0,0,0,1,0,0,0,0,0,,0,0,0,0,0,1,0,1,0,1,0,0,0,1,0,1,,,,,,31-35,26-35,Interstate,U,Sunday,Belt Used,PV,Not Fatal,0,1,0,0,State Route,State Patrol,Washington State Patrol,1,1,0,0,0,,,,,,0,0,0,,,,,,,,,,,98,98,98,0,,,,,20,7,,,,,,,,,,,,,,,