year,case,par,repjur,crash_dt,crash_tm,accday,accmon,holiday,county,co_char,city,weather,weather2,lightcond,surfcond,surftype,numfatal,nmforms,pforms,vforms,not_tm,arr_tm,hosp_tm,fhevent,hitrun,manncol,milepnt,reljunc,reljuncinter,intersectiontype,funcsystem,landuse,ownership,route,schlbus,spejur,contdev,devfunc,trafid1,trafid2,x,y,wk_zone,vnumber,crashtype,criticalevent,criticaleventcat,spdlim,body,trailer,emerg,hazcargo,leave,mhevent,roadalgn,roadprof,traflane,trafflow,vehmanvr,numoccs,regowner,regstate,spuse,make,model,modelyr,vrf1,vrf2,seqevent1,seqevent2,seqevent3,seqevent4,seqevent5,seqevent6,pnumber,ptype,age,sex,hispanic,race,injury,diedscene,restraint,restraintmisuse,seatpos,takehosp,death_dt,death_tm,cert,cernum_wa,commlic,licendor,licrestrict,liccomp,drivpres,drf1,drf2,drf3,drf4,distract1,distract2,distract3,distract4,distract5,distract6,dricond1,dricond2,dricond3,dricond4,dricond5,dricond6,dzip,licstate,drhgt_in,weight,noncdl,noncdltype,prevdwi,prevoth,prevacc,prevspd,prevsus,driviol1,driviol2,driviol3,driviol4,driviol5,driviol6,spdrel,first_dt,last_dt,airbag,ejection,ejectpath,extricat,injurwrk,methalc,methdrug,nmlocat,strikveh,prf1,prf2,prf3,druginv,alcinvol,drugsts,drugres1,drugres2,drugres3,drugtst1,drugtst2,drugtst3,alcsts,alctst,alcres,nmact1,nmact2,nmact3,nmact4,nmact5,nmact6,nmprior1,nmprior2,nmprior3,nmprior4,nmprior5,nmprior6,nmcond1,nmcond2,nmcond3,nmcond4,nmcond5,nmcond6,nmsafe_helmet,nmsafe_pads,nmsafe_oth,nmprev_ref,nmprev_lgt,nmprev_oth,crashlocation,nmcrashtype,crosswalk,schoolzone,sidewalk,train_inv,wildlife_inv,rotr_fars,intersect_fars,dd_inv,aid_inv,dpd_inv,id_inv,mj_inv,impnm_inv,ainm_inv,dpnm_inv,speed_inv,unlic_inv,unendmc_inv,drowsy_inv,drdist_inv,nmdist_inv,fty_inv,unrestfat_inv,dr1617_inv,dr1820_inv,dr1620_inv,dr2125_inv,dr1625_inv,dr65_inv,dr70_inv,dr75_inv,mc_inv,pv_inv,ht_inv,ped_inv,bike_inv,unrest_fat,mc_fat,unhelmet_mc,pv_fat,ht_fat,ped_fat,bike_fat,dr_alc7,dr_alc8,dr_drug,dr_imp,dr_dist,dr_spd,dr_fty,dr_unlic,dr_alc7only,dr_alc8only,dr_drugonly,dr_drink,nm_imp,nm_alc7,nm_alc8,nm_drug,nm_dist,agegrp1,agegrp2,roadclass,urbrur,dayweek,restuse,vehtype,race_me,intersect,lanedep,oppdir,wrongway,rep_typ,investag,repag_long,rotr,st_rd,cty_rd,city_rd,oth_rd,drug_thc,thc_res,drug_cthc,cthc_res,drug_cann,prevpersemin,prevperse,prevsusoth,drugtst4,drugtst5,drugtst6,drugtst7,drugtst8,drugres4,drugres5,drugres6,drugres7,drugres8,adspresent,adsengaged,adslevel,race1,race2,race3,race4,race5,helmet,helmetmisuse,nmdistract1,nmdistract2,nmdistract3,nmdistract4,nmdistract5,nmdistract6,lab,isedtcase,crf1,crf2,crf3,CoRoadName,CoMP,IntCoRoadName,IntCoMP
2019,499,E902536,2,03/08/2019,13:27,8,3,,61,Snohomish,1215,1,0,1,1,2,1,0,4,3,,,,12,0,1,0.4,3,1,2,1,2,1,1,0,0,3,3,I-5 RAMP LX19911,44TH AVE W,-122.2922889,47.81241389,0,1,20,50,3,98,2,0,0,1,7,12,1,2,3,6,1,1,1,53,0,20,9,1987,0,0,12,,,,,,1,1,66,1,7,,4,0,20,7,11,8,03/08/2019,18:47,1.22E+11,11574,0,0,3,3,1,0,0,0,0,96,,,,,,1,,,,,,98036,53,76,200,6,1,0,0,2,0,,97,,,,,,3,07/15/2016,02/15/2018,20,0,0,0,0,9,8,,,0,0,0,8,0,2,605,,,1,,,2,1,0,,,,,,,,,,,,,,,,,,,,,,,,,,,,,,0,0,0,1,0,0,1,1,1,0,0,0,1,0,0,0,0,0,0,1,0,0,0,1,1,1,0,0,0,1,0,0,0,1,0,,1,0,0,0,0,0,1,1,0,1,0,0,0,0,1,0,,,,,,66-70,66-75,Interstate,U,Friday,Not Used,PV,White,1,0,0,0,State Route,State Patrol,Washington State Patrol,0,1,0,0,0,thc,2,,,,0,0,0,,,,,,,,,,,0,0,0,1,,,,,20,7,,,,,,,,,,,,,,,
2019,499,E902536,2,03/08/2019,13:27,8,3,,61,Snohomish,1215,1,0,1,1,2,1,0,4,3,,,,12,0,1,0.4,3,1,2,1,2,1,1,0,0,3,3,I-5 RAMP LX19911,44TH AVE W,-122.2922889,47.81241389,0,2,21,53,3,98,4,0,0,1,7,12,1,2,3,6,5,2,1,53,0,20,2,2008,0,0,12,12,,,,,1,1,25,1,0,,2,0,3,0,11,8,,,,,0,0,0,3,1,0,0,0,0,0,,,,,,0,,,,,,98043,53,71,185,6,1,0,0,0,0,,0,,,,,,0,,,20,0,0,0,8,9,8,,,0,0,0,8,0,8,95,,,96,,,8,95,995,,,,,,,,,,,,,,,,,,,,,,,,,,,,,,0,0,0,1,0,0,1,1,1,0,0,0,1,0,0,0,0,0,0,1,0,0,0,1,1,1,0,0,0,1,0,0,0,0,0,,0,0,0,0,0,0,0,0,0,0,0,0,0,0,0,0,,,,,,21-25,16-25,Interstate,U,Friday,Belt Used,PV,Not Fatal,1,0,0,0,State Route,State Patrol,Washington State Patrol,0,1,0,0,0,,,,,,0,0,0,,,,,,,,,,,98,98,98,0,,,,,20,7,,,,,,,,,,,,,,,
2019,499,E902536,2,03/08/2019,13:27,8,3,,61,Snohomish,1215,1,0,1,1,2,1,0,4,3,,,,12,0,1,0.4,3,1,2,1,2,1,1,0,0,3,3,I-5 RAMP LX19911,44TH AVE W,-122.2922889,47.81241389,0,3,98,98,7,35,4,0,0,1,7,12,1,2,5,1,1,1,1,53,0,63,32,2009,0,0,12,,,,,,1,1,66,2,0,,0,0,3,0,11,0,,,,,0,0,3,3,1,0,0,0,0,96,,,,,,0,,,,,,98043,53,62,142,6,1,0,0,0,0,,0,,,,,,0,,,20,0,0,0,8,9,8,,,0,0,0,8,8,8,95,,,96,,,8,95,995,,,,,,,,,,,,,,,,,,,,,,,,,,,,,,0,0,0,1,0,0,1,1,1,0,0,0,1,0,0,0,0,0,0,1,0,0,0,1,1,1,0,0,0,1,0,0,0,0,0,,0,0,0,0,0,0,0,0,0,0,0,0,0,0,0,0,,,,,,66-70,66-75,Interstate,U,Friday,Belt Used,PV,Not Fatal,1,0,0,0,State Route,State Patrol,Washington State Patrol,0,1,0,0,0,,,,,,0,0,0,,,,,,,,,,,98,98,98,0,,,,,20,7,,,,,,,,,,,,,,,
2019,70,E902965,122,03/16/2019,5:57,16,3,,61,Snohomish,690,10,0,3,1,2,1,0,3,2,,,,12,0,2,46.7,1,0,1,3,2,1,3,0,0,0,0,SR-99,,-122.2483583,47.90018056,0,1,50,10,2,98,6,0,0,1,7,12,1,2,5,5,1,2,1,53,0,48,38,2007,0,0,68,12,,,,,1,1,19,1,0,,0,0,3,0,11,0,,,,,0,0,0,3,1,28,0,0,0,15,,,,,,99,,,,,,98034,53,67,134,6,1,0,3,1,3,,1,,,,,,0,12/15/2015,09/15/2017,8,0,0,0,8,9,8,,,0,0,0,8,9,2,401,417,177,1,1,1,2,1,0,,,,,,,,,,,,,,,,,,,,,,,,,,,,,,0,0,0,0,1,1,1,1,0,0,0,0,0,0,0,0,1,0,0,1,0,1,1,0,1,0,0,0,0,1,0,0,0,0,0,,0,0,0,0,0,0,1,1,1,0,0,0,0,0,1,0,,,,,,18-20,16-25,State route,U,Saturday,Belt Used,PV,Not Fatal,0,1,1,0,State Route,Municipal/City Police,Everett Police Department,0,1,0,0,0,,,,,,0,0,0,1,,,,,996,,,,,98,98,98,0,,,,,20,7,,,,,,,,,,,,,,,
2019,70,E902965,122,03/16/2019,5:57,16,3,,61,Snohomish,690,10,0,3,1,2,1,0,3,2,,,,12,0,2,46.7,1,0,1,3,2,1,3,0,0,0,0,SR-99,,-122.2483583,47.90018056,0,2,51,62,4,98,4,0,0,1,7,12,1,2,5,5,1,1,1,53,0,49,32,2013,0,0,12,,,,,,1,1,27,1,7,,4,7,20,7,11,0,03/16/2019,5:57,69053012868,12868,0,0,0,3,1,0,0,0,0,96,,,,,,0,,,,,,98433,53,67,165,6,1,0,0,0,0,,0,,,,,,0,,,8,0,0,0,0,9,8,,,0,0,0,8,9,2,1,,,1,,,2,1,0.12,,,,,,,,,,,,,,,,,,,,,,,,,,,,,,0,0,0,0,1,1,1,1,0,0,0,0,0,0,0,0,1,0,0,1,0,1,1,0,1,0,0,0,0,1,0,0,0,1,0,,1,0,0,0,0,1,0,1,0,0,0,0,0,1,0,1,,,,,,26-30,26-35,State route,U,Saturday,Not Used,PV,Multiracial,0,1,1,0,State Route,Municipal/City Police,Everett Police Department,0,1,0,0,0,,,,,,0,0,0,,,,,,,,,,,98,98,98,268,,,,,20,7,,,,,,,,,,,,,,,
2019,515,E902970,290,03/17/2019,8:24,17,3,,53,Pierce,2230,1,0,1,1,2,1,0,3,3,,,,12,0,6,0,2,0,2,4,2,4,6,0,0,0,0,TACOMA AVE,S 36TH ST,-122.4391194,47.22632778,0,2,89,66,4,35,34,0,0,1,7,12,1,1,2,1,1,1,1,53,0,12,481,2006,0,0,12,63,38,,,,1,1,60,1,0,,1,0,3,0,11,5,,,,,0,0,0,3,1,0,0,0,0,96,,,,,,0,,,,,,98404,53,65,190,6,1,0,0,1,0,,0,,,,,,0,03/15/2019,03/15/2019,20,0,0,0,8,9,8,,,0,0,0,8,0,8,95,,,96,,,8,95,995,,,,,,,,,,,,,,,,,,,,,,,,,,,,,,0,0,0,1,0,0,1,1,0,0,0,0,0,1,0,0,0,0,0,0,0,0,0,0,0,0,0,0,0,1,0,0,0,0,0,,0,0,0,0,0,0,0,0,0,0,0,0,0,0,0,0,,,,,,56-60,56-65,City street,U,Sunday,Belt Used,PV,Not Fatal,1,0,0,0,City Street,Municipal/City Police,Tacoma Police Department,0,0,0,1,0,,,,,,0,0,0,,,,,,,,,,,98,98,98,0,,,,,20,7,,,,,,,,,,,,,,,
2019,515,E902970,290,03/17/2019,8:24,17,3,,53,Pierce,2230,1,0,1,1,2,1,0,3,3,,,,12,0,6,0,2,0,2,4,2,4,6,0,0,20,3,TACOMA AVE,S 36TH ST,-122.4391194,47.22632778,0,1,88,17,2,35,2,0,0,1,7,12,1,2,2,1,1,2,2,53,0,37,32,1990,0,0,12,14,,,,,1,1,36,2,7,,4,0,99,7,11,5,03/22/2019,6:07,2.23E+11,15907,0,0,0,2,1,39,0,0,0,96,,,,,,99,,,,,,98444,53,63,170,1,1,0,2,1,0,,37,75,,,,,0,09/15/2016,03/15/2019,20,0,0,0,0,9,8,,,0,0,0,8,9,2,401,417,,1,1,,2,1,0,,,,,,,,,,,,,,,,,,,,,,,,,,,,,,0,0,0,1,0,0,1,1,0,0,0,0,0,1,0,0,0,0,0,0,0,0,0,0,0,0,0,0,0,1,0,0,0,0,0,,1,0,0,0,0,0,1,1,0,0,0,1,0,0,1,0,,,,,,36-40,36-45,City street,U,Sunday,Unknown,PV,Multiracial,1,0,0,0,City Street,Municipal/City Police,Tacoma Police Department,0,0,0,1,0,,,,,,0,0,3,,,,,,,,,,,0,0,0,207,206,,,,20,7,,,,,,,,,,,,,,,
2019,71,E902989,42,03/15/2019,8:22,15,3,,67,Thurston,0,1,0,1,1,2,1,0,1,1,,,,38,0,0,13,1,0,1,4,2,2,4,0,0,0,0,CR-LITTLEROCK RD SW,,-122.9512778,46.97059167,0,1,1,13,2,50,14,0,0,1,7,38,1,1,2,1,1,1,1,53,0,2,403,1998,0,0,63,38,,,,,1,1,38,1,7,,4,7,20,7,11,0,03/15/2019,,53012409,12409,0,0,0,3,1,0,0,0,0,92,,,,,,99,,,,,,98512,53,68,210,6,1,1,1,1,0,,0,,,,,,0,04/15/2016,03/15/2017,20,0,0,0,0,9,8,,,0,0,0,8,9,2,695,605,,1,1,,2,1,0.25,,,,,,,,,,,,,,,,,,,,,,,,,,,,,,0,0,1,0,1,1,1,1,1,0,0,0,0,0,0,0,1,0,0,1,0,0,0,0,0,0,0,0,0,1,0,0,0,1,0,,1,0,0,0,0,1,1,1,1,0,0,0,0,0,0,1,,,,,,36-40,36-45,County road,U,Friday,Not Used,PV,White,0,1,0,0,County Road,County Sheriff,Thurston County Sheriff's Office,1,0,1,0,0,thc,5.2,carboxy-thc,28,,0,1,3,,,,,,,,,,,0,0,0,1,,,,,20,7,,,,,,,,,,,,,,,
2019,72,E903630,2,03/19/2019,0:25,19,3,,73,Whatcom,110,1,0,3,1,1,1,1,1,1,,,,8,1,0,256,1,0,1,1,2,1,1,0,0,0,0,I-5,,-122.4816806,48.78206944,0,1,13,80,5,60,99,0,0,1,5,8,1,1,2,3,1,99,9,99,0,99,999,9999,0,0,8,,,,,,1,1,999,8,0,,9,0,99,7,11,8,,,,,99,9,9,9,1,0,0,0,0,96,,,,,,99,,,,,,99999,99,,999,9,9,99,99,99,99,,97,,,,,,0,,,99,9,0,0,8,9,8,,,0,0,0,8,9,8,95,,,96,,,8,95,995,,,,,,,,,,,,,,,,,,,,,,,,,,,,,,0,0,0,0,0,0,0,0,0,0,0,0,0,0,0,0,0,0,0,0,0,0,0,0,0,0,0,0,0,0,0,1,0,0,0,,0,0,0,0,0,0,0,0,0,0,0,0,0,0,0,0,,,,,,,,Interstate,U,Tuesday,,NR-U,Not Fatal,0,0,0,0,State Route,State Patrol,Washington State Patrol,0,1,0,0,0,,,,,,99,99,99,,,,,,,,,,,98,98,98,0,,,,,20,7,,,,,,,,,,,,,,,
2019,80,E903805,8,03/19/2019,6:40,19,3,,35,Kitsap,0,1,0,4,1,2,1,0,2,2,,,,12,0,6,33.8,2,0,2,3,2,1,3,0,0,0,0,SR-3,DIVISION AVE,-122.7130889,47.52397222,0,2,69,62,4,50,80,0,0,1,2,12,1,2,4,1,1,1,1,53,0,73,706,2001,0,0,12,,,,,,1,1,55,1,7,,4,7,20,7,11,0,03/19/2019,6:40,53012940,12940,0,0,0,3,1,0,0,0,0,96,,,,,,99,,,,,,98339,53,67,200,6,1,0,0,0,0,,0,,,,,,0,,,20,8,0,0,0,9,8,,,0,0,0,8,9,2,1,,,1,,,2,1,0,,,,,,,,,,,,,,,,,,,,,,,,,,,,,,0,0,0,1,0,0,0,0,0,0,0,0,0,0,0,0,1,0,1,0,0,0,0,0,0,0,0,0,1,1,0,0,0,0,1,0,0,0,0,0,0,0,0,0,0,0,0,0,0,0,0,0,,,,,,51-55,46-55,State route,U,Tuesday,,MC,White,1,0,0,0,State Route,State Patrol,Washington State Patrol,0,1,0,0,0,,,,,,0,0,0,,,,,,,,,,,0,0,0,1,,,,,5,0,,,,,,,,,,,,,,,
2019,80,E903805,8,03/19/2019,6:40,19,3,,35,Kitsap,0,1,0,4,1,2,1,0,2,2,,,,12,0,6,33.8,2,0,2,3,2,1,3,0,0,0,0,SR-3,DIVISION AVE,-122.7130889,47.52397222,0,1,68,15,2,50,34,0,0,1,5,12,1,2,4,1,11,1,3,53,0,20,481,2004,0,0,12,,,,,,1,1,37,1,0,,0,0,3,0,11,0,,,,,0,0,0,3,1,38,0,0,0,93,,,,,,0,,,,,,98528,53,69,200,6,1,0,0,0,0,,46,,,,,,0,,,20,0,0,0,8,9,8,,,0,0,0,8,0,8,95,,,96,,,8,95,995,,,,,,,,,,,,,,,,,,,,,,,,,,,,,,0,0,0,1,0,0,0,0,0,0,0,0,0,0,0,0,1,0,1,0,0,0,0,0,0,0,0,0,1,1,0,0,0,0,0,,0,0,0,0,0,0,0,0,1,0,1,0,0,0,0,0,,,,,,36-40,36-45,State route,U,Tuesday,Belt Used,PV,Not Fatal,1,0,0,0,State Route,State Patrol,Washington State Patrol,0,1,0,0,0,,,,,,0,0,0,,,,,,,,,,,98,98,98,0,,,,,20,7,,,,,,,,,,,,,,,
2019,73,E903900,3,03/15/2019,6:15,15,3,,67,Thurston,0,5,0,2,1,2,1,0,5,4,,,,12,0,2,40.1,1,0,1,3,1,1,2,0,0,0,0,US-12,,-123.1288444,46.82513333,0,4,98,98,7,55,4,0,0,1,5,54,1,1,2,1,1,1,1,53,0,37,31,2012,0,0,54,,,,,,1,1,52,8,0,,0,0,3,0,11,0,,,,,0,0,0,3,1,0,0,0,0,96,,,,,,0,,,,,,98531,53,61,170,6,1,0,0,1,0,,0,,,,,,0,05/15/2015,05/15/2015,20,0,0,0,8,9,8,,,0,0,0,8,0,8,95,,,96,,,8,95,995,,,,,,,,,,,,,,,,,,,,,,,,,,,,,,0,0,0,0,0,0,1,1,1,0,0,0,0,1,0,0,0,0,0,0,0,0,0,1,1,0,0,0,0,1,0,0,0,0,0,,0,0,0,0,0,0,0,0,0,0,0,0,0,0,0,0,,,,,,51-55,46-55,US highway,R,Friday,Belt Used,PV,Not Fatal,0,1,1,0,State Route,State Patrol,Washington State Patrol,0,1,0,0,0,,,,,,0,0,0,,,,,,,,,,,98,98,98,0,,,,,20,7,,,,,,,,,,,,,,,
2019,73,E903900,3,03/15/2019,6:15,15,3,,67,Thurston,0,5,0,2,1,2,1,0,5,4,,,,12,0,2,40.1,1,0,1,3,1,1,2,0,0,0,0,US-12,,-123.1288444,46.82513333,0,2,51,62,4,55,34,0,0,1,2,12,1,1,2,1,1,2,1,53,0,12,481,2002,0,0,12,,,,,,1,1,29,1,0,,0,0,3,0,11,0,,,,,0,0,0,3,1,0,0,0,0,96,,,,,,0,,,,,,98568,53,77,215,6,1,0,2,1,3,,0,,,,,,0,03/15/2014,05/15/2017,1,0,0,0,8,9,8,,,0,0,0,8,0,8,95,,,96,,,8,95,995,,,,,,,,,,,,,,,,,,,,,,,,,,,,,,0,0,0,0,0,0,1,1,1,0,0,0,0,1,0,0,0,0,0,0,0,0,0,1,1,0,0,0,0,1,0,0,0,0,0,,0,0,0,0,0,0,0,0,0,0,0,0,0,0,0,0,,,,,,26-30,26-35,US highway,R,Friday,Belt Used,PV,Not Fatal,0,1,1,0,State Route,State Patrol,Washington State Patrol,0,1,0,0,0,,,,,,0,0,0,,,,,,,,,,,98,98,98,0,,,,,20,7,,,,,,,,,,,,,,,
2019,73,E903900,3,03/15/2019,6:15,15,3,,67,Thurston,0,5,0,2,1,2,1,0,5,4,,,,12,0,2,40.1,1,0,1,3,1,1,2,0,0,0,0,US-12,,-123.1288444,46.82513333,0,3,98,98,7,55,4,0,0,1,7,12,1,1,2,1,1,1,1,53,0,20,2,2001,0,0,12,,,,,,1,1,23,1,0,,0,0,3,0,11,0,,,,,0,0,0,3,1,0,0,0,0,96,,,,,,0,,,,,,98579,53,69,200,6,1,0,0,0,0,,0,,,,,,0,,,20,0,0,0,8,9,8,,,0,0,0,8,0,8,95,,,96,,,8,95,995,,,,,,,,,,,,,,,,,,,,,,,,,,,,,,0,0,0,0,0,0,1,1,1,0,0,0,0,1,0,0,0,0,0,0,0,0,0,1,1,0,0,0,0,1,0,0,0,0,0,,0,0,0,0,0,0,0,0,0,0,0,0,0,0,0,0,,,,,,21-25,16-25,US highway,R,Friday,Belt Used,PV,Not Fatal,0,1,1,0,State Route,State Patrol,Washington State Patrol,0,1,0,0,0,,,,,,0,0,0,,,,,,,,,,,98,98,98,0,,,,,20,7,,,,,,,,,,,,,,,
2019,73,E903900,3,03/15/2019,6:15,15,3,,67,Thurston,0,5,0,2,1,2,1,0,5,4,,,,12,0,2,40.1,1,0,1,3,1,1,2,0,0,0,0,US-12,,-123.1288444,46.82513333,0,1,50,10,2,98,4,0,0,1,2,12,1,1,2,1,6,1,2,53,0,58,37,2008,0,0,68,12,12,18,54,,1,1,42,8,2,,4,7,3,0,11,0,03/15/2019,6:15,53012993,12993,0,0,0,2,1,28,0,0,0,96,,,,,,99,,,,,,98589,53,70,215,1,1,8,0,0,3,,0,,,,,,0,10/15/2015,09/15/2018,8,0,0,0,0,9,8,,,0,0,0,8,9,2,401,417,695,1,1,1,2,1,0,,,,,,,,,,,,,,,,,,,,,,,,,,,,,,0,0,0,0,0,0,1,1,1,0,0,0,0,1,0,0,0,0,0,0,0,0,0,1,1,0,0,0,0,1,0,0,0,0,0,,1,0,0,0,0,0,1,1,0,0,0,1,0,0,1,0,,,,,,41-45,36-45,US highway,R,Friday,Belt Used,PV,Hispanic,0,1,1,0,State Route,State Patrol,Washington State Patrol,0,1,0,0,0,thc,2.1,carboxy-thc,7.8,,0,0,0,1,,,,,605,,,,,98,98,98,7,,,,,20,7,,,,,,,nms,,,,,,,,
2019,74,E904233,2,03/20/2019,20:31,20,3,,57,Skagit,1410,1,0,3,1,2,1,1,1,1,,,,8,0,0,0,1,0,1,7,2,4,6,0,0,0,0,FREEWAY DR,,-122.3431333,48.43608889,0,1,13,80,5,25,4,0,0,1,7,8,1,1,4,1,1,1,1,53,0,63,34,2008,0,0,8,,,,,,1,1,52,2,0,,0,0,3,0,11,0,,,,,0,0,0,3,1,0,0,0,0,96,,,,,,0,,,,,,98273,53,59,135,6,1,0,0,0,0,,0,,,,,,0,,,20,0,0,0,8,9,8,,,0,0,0,8,9,2,1,,,1,,,2,1,0,,,,,,,,,,,,,,,,,,,,,,,,,,,,,,0,0,0,0,0,0,0,0,0,1,1,1,0,0,0,0,0,0,0,0,0,0,0,0,0,0,0,0,0,1,0,1,0,0,0,,0,0,0,0,0,0,0,0,0,0,0,0,0,0,0,0,,,,,,51-55,46-55,City street,U,Wednesday,Belt Used,PV,Not Fatal,0,0,0,0,City Street,State Patrol,Washington State Patrol,0,0,0,1,0,,,,,,0,0,0,,,,,,,,,,,98,98,98,0,,,,,20,7,,,,,,,,,,,,,,,
2019,75,E904315,39,03/16/2019,2:45,16,3,,61,Snohomish,0,1,0,2,1,2,1,0,3,2,,,,12,0,1,2.9,2,0,3,5,2,2,4,0,0,0,0,CR-67TH AVE NE,152ND ST NE,-122.1410972,48.13361389,0,2,29,53,3,50,20,0,0,1,7,1,1,1,2,1,2,2,1,53,0,7,442,2005,0,0,12,1,63,30,,,1,1,49,2,0,,3,0,99,7,11,8,,,,,0,0,0,3,1,0,0,0,0,96,,,,,,99,,,,,,98148,53,62,169,6,1,0,4,0,5,,0,,,,,,0,08/15/2014,10/15/2017,20,9,0,0,8,9,8,,,0,0,0,8,9,8,95,,,96,,,8,95,995,,,,,,,,,,,,,,,,,,,,,,,,,,,,,,0,0,0,1,1,1,1,1,1,0,0,0,1,0,0,0,0,0,0,0,0,1,1,0,1,0,0,0,0,1,0,0,0,0,0,,0,0,0,0,0,0,0,0,0,0,0,0,0,0,0,0,,,,,,46-50,46-55,County road,U,Saturday,Unknown,PV,Not Fatal,1,0,0,0,County Road,County Sheriff,Snohomish County Sheriff's Office,0,0,1,0,0,,,,,,0,0,3,,,,,,,,,,,98,98,98,0,,,,,20,7,,,,,,,,,,,,,,,
2019,75,E904315,39,03/16/2019,2:45,16,3,,61,Snohomish,0,1,0,2,1,2,1,0,3,2,,,,12,1,1,2.9,2,0,3,5,2,2,4,0,0,0,0,CR-67TH AVE NE,152ND ST NE,-122.1410972,48.13361389,0,1,28,52,3,50,4,0,0,1,7,12,1,1,2,1,1,1,2,53,0,32,43,2008,0,0,12,63,42,,,,1,1,19,1,0,,0,0,99,7,11,0,,,,,0,0,0,3,1,26,0,0,0,96,,,,,,9,,,,,,98258,53,67,155,6,1,0,1,0,4,,1,,,,,,4,05/15/2017,09/15/2018,1,0,0,0,8,9,8,,,0,0,0,8,1,2,605,,,1,,,2,1,0.11,,,,,,,,,,,,,,,,,,,,,,,,,,,,,,0,0,0,1,1,1,1,1,1,0,0,0,1,0,0,0,0,0,0,0,0,1,1,0,1,0,0,0,0,1,0,0,0,0,0,,0,0,0,0,0,1,1,1,0,1,0,0,0,0,0,1,,,,,,18-20,16-25,County road,U,Saturday,Unknown,PV,Not Fatal,1,0,0,0,County Road,County Sheriff,Snohomish County Sheriff's Office,0,0,1,0,0,thc,2.6,,,,0,0,0,,,,,,,,,,,98,98,98,0,,,,,20,7,,,,,,,,,,,,,,,
2019,77,E904788,46,03/14/2019,7:40,14,3,,75,Whitman,0,1,0,1,1,2,1,1,1,1,,,,8,0,0,0.6,1,0,1,7,2,2,4,0,0,0,0,CR-WILMA DR,,-117.0862056,46.422275,0,1,13,80,5,25,66,1,0,1,5,8,1,1,2,1,1,1,3,53,0,87,884,2000,0,0,8,,,,,,1,1,44,1,0,,0,0,99,7,11,0,,,,,6,1,0,3,1,0,0,0,0,0,,,,,,0,,,,,,83501,16,67,160,6,1,0,0,0,1,,0,,,,,,0,10/15/2016,10/15/2016,20,0,0,0,8,9,8,,,0,0,0,8,0,8,95,,,96,,,8,95,995,,,,,,,,,,,,,,,,,,,,,,,,,,,,,,0,0,0,0,0,0,0,0,0,0,0,0,0,0,0,0,0,0,0,0,0,0,0,0,0,0,0,0,0,0,1,1,0,0,0,,0,0,0,0,0,0,0,0,0,0,0,0,0,0,0,0,,,,,,41-45,36-45,County road,U,Thursday,,MHTRUCK,Not Fatal,0,0,0,0,County Road,County Sheriff,Whitman County Sheriff's Office,0,0,1,0,0,,,,,,0,0,0,,,,,,,,,,,98,98,98,0,,,,,20,7,,,,,,,,,,,,,,,
2019,78,E904999,5,03/25/2019,1:45,25,3,,11,Clark,0,1,0,2,1,2,1,1,1,1,,,,8,0,0,10.5,1,0,1,1,2,1,1,0,0,0,0,I-5,,-122.6667722,45.76429444,0,1,13,80,5,60,66,1,0,1,5,8,1,1,3,3,1,1,3,41,0,82,881,2006,0,0,8,,,,,,1,1,46,2,0,,0,0,3,0,11,0,,,,,6,1,0,3,1,0,0,0,0,96,,,,,,0,,,,,,97055,41,65,138,6,1,0,2,0,0,,0,,,,,,0,02/15/2019,02/15/2019,20,0,0,0,8,9,2,,,0,0,0,0,0,2,1,,,1,,,2,1,0,,,,,,,,,,,,,,,,,,,,,,,,,,,,,,0,0,0,0,0,0,0,0,0,1,0,1,0,0,0,0,0,0,0,0,0,0,0,0,0,0,0,0,0,0,1,1,0,0,0,,0,0,0,0,0,0,0,0,0,0,0,0,0,0,0,0,,,,,,46-50,46-55,Interstate,U,Monday,,MHTRUCK,Not Fatal,0,0,0,0,State Route,State Patrol,Washington State Patrol,0,1,0,0,0,,,,,,0,0,0,,,,,,,,,,,98,98,98,0,,,,,20,7,,,,,,,,,,,,,,,
2019,81,E905386,113,03/18/2019,20:23,18,3,,61,Snohomish,590,1,0,3,1,2,1,1,1,1,,,,8,0,0,37.6,1,0,1,3,2,1,3,0,0,0,0,SR-99,,-122.3424528,47.78474167,0,1,13,80,5,45,14,0,0,1,5,8,1,2,7,5,1,1,2,53,0,63,402,2013,0,0,8,,,,,,1,1,42,2,0,,0,0,99,7,11,0,,,,,0,0,0,3,1,0,0,0,0,92,,,,,,0,,,,,,98177,53,66,168,6,1,0,0,0,0,,0,,,,,,0,,,20,0,0,0,8,9,8,,,0,0,0,8,0,8,95,,,96,,,8,95,995,,,,,,,,,,,,,,,,,,,,,,,,,,,,,,0,0,0,0,0,0,0,0,0,1,0,1,0,0,0,0,1,1,0,0,0,0,0,0,0,0,0,0,0,1,0,1,0,0,0,,0,0,0,0,0,0,0,0,1,0,0,0,0,0,0,0,,,,,,41-45,36-45,State route,U,Monday,Unknown,PV,Not Fatal,1,0,0,0,State Route,Municipal/City Police,Edmonds Police Department,0,1,0,0,0,,,,,,0,0,0,,,,,,,,,,,98,98,98,0,,,,,20,7,,,,,,,,,,,,,,,