year,case,par,repjur,crash_dt,crash_tm,accday,accmon,holiday,county,co_char,city,weather,weather2,lightcond,surfcond,surftype,numfatal,nmforms,pforms,vforms,not_tm,arr_tm,hosp_tm,fhevent,hitrun,manncol,milepnt,reljunc,reljuncinter,intersectiontype,funcsystem,landuse,ownership,route,schlbus,spejur,contdev,devfunc,trafid1,trafid2,x,y,wk_zone,vnumber,crashtype,criticalevent,criticaleventcat,spdlim,body,trailer,emerg,hazcargo,leave,mhevent,roadalgn,roadprof,traflane,trafflow,vehmanvr,numoccs,regowner,regstate,spuse,make,model,modelyr,vrf1,vrf2,seqevent1,seqevent2,seqevent3,seqevent4,seqevent5,seqevent6,pnumber,ptype,age,sex,hispanic,race,injury,diedscene,restraint,restraintmisuse,seatpos,takehosp,death_dt,death_tm,cert,cernum_wa,commlic,licendor,licrestrict,liccomp,drivpres,drf1,drf2,drf3,drf4,distract1,distract2,distract3,distract4,distract5,distract6,dricond1,dricond2,dricond3,dricond4,dricond5,dricond6,dzip,licstate,drhgt_in,weight,noncdl,noncdltype,prevdwi,prevoth,prevacc,prevspd,prevsus,driviol1,driviol2,driviol3,driviol4,driviol5,driviol6,spdrel,first_dt,last_dt,airbag,ejection,ejectpath,extricat,injurwrk,methalc,methdrug,nmlocat,strikveh,prf1,prf2,prf3,druginv,alcinvol,drugsts,drugres1,drugres2,drugres3,drugtst1,drugtst2,drugtst3,alcsts,alctst,alcres,nmact1,nmact2,nmact3,nmact4,nmact5,nmact6,nmprior1,nmprior2,nmprior3,nmprior4,nmprior5,nmprior6,nmcond1,nmcond2,nmcond3,nmcond4,nmcond5,nmcond6,nmsafe_helmet,nmsafe_pads,nmsafe_oth,nmprev_ref,nmprev_lgt,nmprev_oth,crashlocation,nmcrashtype,crosswalk,schoolzone,sidewalk,train_inv,wildlife_inv,rotr_fars,intersect_fars,dd_inv,aid_inv,dpd_inv,id_inv,mj_inv,impnm_inv,ainm_inv,dpnm_inv,speed_inv,unlic_inv,unendmc_inv,drowsy_inv,drdist_inv,nmdist_inv,fty_inv,unrestfat_inv,dr1617_inv,dr1820_inv,dr1620_inv,dr2125_inv,dr1625_inv,dr65_inv,dr70_inv,dr75_inv,mc_inv,pv_inv,ht_inv,ped_inv,bike_inv,unrest_fat,mc_fat,unhelmet_mc,pv_fat,ht_fat,ped_fat,bike_fat,dr_alc7,dr_alc8,dr_drug,dr_imp,dr_dist,dr_spd,dr_fty,dr_unlic,dr_alc7only,dr_alc8only,dr_drugonly,dr_drink,nm_imp,nm_alc7,nm_alc8,nm_drug,nm_dist,agegrp1,agegrp2,roadclass,urbrur,dayweek,restuse,vehtype,race_me,intersect,lanedep,oppdir,wrongway,rep_typ,investag,repag_long,rotr,st_rd,cty_rd,city_rd,oth_rd,drug_thc,thc_res,drug_cthc,cthc_res,drug_cann,prevpersemin,prevperse,prevsusoth,drugtst4,drugtst5,drugtst6,drugtst7,drugtst8,drugres4,drugres5,drugres6,drugres7,drugres8,adspresent,adsengaged,adslevel,race1,race2,race3,race4,race5,helmet,helmetmisuse,nmdistract1,nmdistract2,nmdistract3,nmdistract4,nmdistract5,nmdistract6,lab,isedtcase,crf1,crf2,crf3,CoRoadName,CoMP,IntCoRoadName,IntCoMP
2019,82,E905389,298,03/21/2019,1:05,21,3,,67,Thurston,2320,1,0,3,1,2,1,0,2,1,,,,30,0,0,0,1,0,1,7,2,4,6,0,0,0,0,LAKE PARK DR SW,,-122.9187778,47.00219444,0,1,2,6,1,25,2,0,0,1,7,30,2,1,2,1,14,2,2,53,0,37,32,1991,0,0,63,30,,,,,1,1,23,1,0,,0,0,99,7,11,0,,,,,0,0,3,3,1,91,0,0,0,93,,,,,,9,,,,,,98503,53,66,138,6,1,0,1,0,2,,1,,,,,,4,05/15/2015,08/15/2018,20,0,0,0,8,9,8,,,0,0,0,8,1,2,1,,,1,,,2,1,0.25,,,,,,,,,,,,,,,,,,,,,,,,,,,,,,0,0,0,0,1,1,0,1,0,0,0,0,1,0,0,0,1,0,0,0,0,0,0,1,1,0,0,0,0,1,0,0,0,0,0,,0,0,0,0,0,1,0,1,1,1,0,0,0,1,0,1,,,,,,21-25,16-25,City street,U,Thursday,Unknown,PV,Not Fatal,0,1,0,0,City Street,Municipal/City Police,Tumwater Police Department,1,0,0,1,0,,,,,,0,0,0,,,,,,,,,,,0,0,0,0,,,,,20,7,,,,,,,,,,,,,,,
2019,83,E905622,2,03/24/2019,1:18,24,3,,57,Skagit,0,1,0,2,1,2,1,1,1,1,,,,8,1,0,1.6,1,0,1,7,2,2,4,0,3,0,0,CR-INDIAN RD,,-122.5217667,48.40038333,0,1,13,80,5,35,2,0,0,1,5,8,1,2,8,8,1,1,2,53,0,54,37,2001,0,0,8,,,,,,1,1,44,2,0,,0,0,99,7,11,0,,,,,0,0,0,3,1,0,0,0,0,92,,,,,,99,,,,,,98275,53,67,172,6,1,0,0,0,0,,7,,,,,,0,,,20,0,0,0,8,9,8,,,0,0,0,8,9,8,95,,,96,,,8,95,995,,,,,,,,,,,,,,,,,,,,,,,,,,,,,,0,0,0,0,0,0,0,0,0,1,1,0,0,0,0,0,1,0,0,0,0,0,0,0,0,0,0,0,0,1,0,1,0,0,0,,0,0,0,0,0,0,0,0,1,0,0,0,0,0,0,0,,,,,,41-45,36-45,County road,U,Sunday,Unknown,PV,Not Fatal,0,0,0,0,County Road,State Patrol,Washington State Patrol,0,0,1,0,0,,,,,,0,0,0,,,,,,,,,,,98,98,98,0,,,,,20,7,,,,,,,,,,,,,,,
2019,84,E905625,278,03/22/2019,16:58,22,3,,63,Spokane,2110,1,0,1,11,2,1,0,1,1,,,,33,0,0,0,1,0,1,7,2,4,6,0,0,0,0,E NORTH FOOTHILLS DR,,-117.3853528,47.68607778,0,1,2,6,1,30,80,0,0,1,7,1,3,1,4,1,1,1,1,53,0,72,706,2002,0,0,63,33,1,,,,1,1,30,1,7,,4,7,20,7,11,0,03/22/2019,17:05,2.11E+11,13883,0,0,0,3,1,0,0,0,0,96,,,,,,99,,,,,,99207,53,66,185,6,1,0,2,1,0,,0,,,,,,4,01/15/2016,02/15/2018,20,8,0,0,0,9,8,,,0,0,0,8,9,2,1,,,1,,,2,1,0.14,,,,,,,,,,,,,,,,,,,,,,,,,,,,,,0,0,0,0,1,1,0,1,0,0,0,0,1,0,0,0,0,0,0,0,0,0,0,0,0,0,0,0,1,0,0,0,0,0,1,0,0,0,0,0,0,1,0,1,0,1,0,0,0,1,0,1,,,,,,26-30,26-35,City street,U,Friday,,MC,White,0,1,0,0,City Street,Municipal/City Police,Spokane Police Department,1,0,0,1,0,,,,,,0,0,0,,,,,,,,,,,0,0,0,1,,,,,19,0,,,,,,,,,,,,,,,
2019,189,E905934,278,03/21/2019,3:21,21,3,,63,Spokane,2110,1,0,3,1,2,1,0,1,1,,,,42,0,0,0,1,0,1,3,2,4,6,0,0,0,0,N FREYA ST,,-117.3580861,47.66784722,0,1,1,13,2,98,14,0,0,1,7,2,3,8,2,1,14,1,2,53,0,12,401,1993,0,0,63,42,2,,,,1,1,23,1,7,,4,0,99,7,11,5,03/23/2019,13:32,2.11E+11,13995,0,0,3,2,1,0,0,0,0,92,,,,,,99,,,,,,99204,53,71,150,1,1,1,0,0,0,,0,,,,,,0,11/15/2017,11/15/2017,99,0,0,0,0,9,8,,,0,0,0,8,9,2,417,,,1,,,2,1,0,,,,,,,,,,,,,,,,,,,,,,,,,,,,,,0,0,1,0,0,0,1,1,0,0,0,0,0,1,0,0,1,0,0,0,0,0,0,1,1,0,0,0,0,1,0,0,0,0,0,,1,0,0,0,0,0,1,1,1,0,0,1,0,0,1,0,,,,,,21-25,16-25,City street,U,Thursday,Unknown,PV,White,0,1,0,0,City Street,Municipal/City Police,Spokane Police Department,1,0,0,1,0,,,,,,0,1,0,,,,,,,,,,,0,0,0,1,,,,,20,7,,,,,,,,,,,,,,,
2019,86,E906372,36,03/26/2019,5:18,26,3,,55,San Juan,0,2,0,2,2,2,1,0,1,1,,,,42,0,0,1.5,1,0,1,7,2,2,4,0,0,0,0,CR-EGG LAKE RD,,-123.08925,48.55631389,0,1,6,12,2,35,34,0,0,1,2,42,2,1,2,1,1,1,1,53,0,23,471,1997,0,0,68,64,42,,,,1,1,40,1,7,,4,7,20,7,11,0,03/26/2019,,53014351,14351,0,0,3,3,1,0,0,0,0,96,,,,,,99,,,,,,98250,53,69,150,6,1,0,1,0,1,,0,,,,,,4,03/15/2014,02/15/2015,1,0,0,1,0,9,8,,,0,0,0,8,9,2,605,695,,1,1,,2,1,0.27,,,,,,,,,,,,,,,,,,,,,,,,,,,,,,0,0,1,0,1,1,1,1,1,0,0,0,1,0,0,0,0,0,0,1,0,0,0,0,0,0,0,0,0,1,0,0,0,1,0,,1,0,0,0,0,1,1,1,0,1,0,0,0,0,0,1,,,,,,36-40,36-45,County road,U,Tuesday,Not Used,PV,White,0,1,0,0,County Road,County Sheriff,San Juan County Sheriff's Office,1,0,1,0,0,thc,22,carboxy-thc,11,,0,0,1,,,,,,,,,,,0,0,0,1,,,,,20,7,,,,,,,,,,,,,,,
2019,87,E906407,7,03/22/2019,5:42,22,3,,33,King,0,10,0,2,1,2,1,0,3,2,,,,12,0,1,24.2,1,0,1,1,1,1,1,0,0,0,0,I-90,,-121.8735889,47.510325,0,1,20,50,3,70,52,0,0,1,5,12,8,8,4,3,15,1,3,94,3,98,988,2019,0,0,12,,,,,,1,1,57,2,0,,0,0,3,0,11,0,,,,,6,3,0,3,1,0,0,0,0,96,,,,,,0,,,,,,55433,27,,999,6,1,0,0,0,0,,97,,,,,,0,,,20,0,0,0,8,9,8,,,0,0,0,8,0,8,95,,,96,,,8,95,995,,,,,,,,,,,,,,,,,,,,,,,,,,,,,,0,0,0,0,0,0,1,1,1,0,0,0,0,1,0,0,0,0,0,0,0,0,0,0,0,0,0,0,0,1,0,0,0,0,0,,0,0,0,0,0,0,0,0,0,0,0,0,0,0,0,0,,,,,,56-60,56-65,Interstate,R,Friday,,BUS,Not Fatal,0,0,0,0,State Route,State Patrol,Washington State Patrol,0,1,0,0,0,,,,,,0,0,0,,,,,,,,,,,98,98,98,0,,,,,20,7,,,,,,,,,,,,,,,
2019,87,E906407,7,03/22/2019,5:42,22,3,,33,King,0,10,0,2,1,2,1,0,3,2,,,,12,0,1,24.2,1,0,1,1,1,1,1,0,0,0,0,I-90,,-121.8735889,47.510325,0,2,21,53,3,70,4,0,0,1,2,12,8,8,4,3,5,2,2,53,0,48,34,1999,0,0,12,,,,,,1,1,56,1,7,,4,7,3,0,11,0,03/22/2019,5:42,53013894,13894,0,0,3,2,1,0,0,0,0,96,,,,,,99,,,,,,98801,53,71,198,1,1,0,4,0,0,,0,,,,,,0,11/15/2014,02/15/2019,20,0,0,0,0,9,8,,,0,0,0,8,9,2,996,401,417,1,1,1,2,1,0,,,,,,,,,,,,,,,,,,,,,,,,,,,,,,0,0,0,0,0,0,1,1,1,0,0,0,0,1,0,0,0,0,0,0,0,0,0,0,0,0,0,0,0,1,0,0,0,0,0,,1,0,0,0,0,0,1,1,0,0,0,1,0,0,1,0,,,,,,56-60,56-65,Interstate,R,Friday,Belt Used,PV,White,0,0,0,0,State Route,State Patrol,Washington State Patrol,0,1,0,0,0,thc,0.78,,,,0,0,6,1,1,,,,177,605,,,,0,0,0,1,,,,,20,7,,,,,,,nms,,,,,,,,
2019,166,E906586,222,03/31/2019,9:33,31,3,,67,Thurston,1590,1,0,1,1,1,1,1,1,1,,,,8,0,0,0,3,0,3,3,2,4,6,0,0,0,0,CAPITOL WAY SE,8TH AVE,-122.9011472,47.04150556,0,1,13,80,5,98,4,0,0,1,5,8,1,2,4,1,11,1,1,53,0,49,40,2018,0,0,8,,,,,,1,1,33,1,0,,0,0,99,7,11,0,,,,,0,0,3,3,1,0,0,0,0,96,,,,,,0,,,,,,98502,53,64,100,6,1,0,0,0,0,,97,,,,,,0,,,20,0,0,0,8,9,8,,,0,0,0,8,0,8,95,,,96,,,8,95,995,,,,,,,,,,,,,,,,,,,,,,,,,,,,,,0,0,0,1,0,0,0,0,0,0,0,0,0,0,0,0,0,0,0,0,0,0,0,0,0,0,0,0,0,1,0,1,0,0,0,,0,0,0,0,0,0,0,0,0,0,0,0,0,0,0,0,,,,,,31-35,26-35,City street,U,Sunday,Unknown,PV,Not Fatal,1,0,0,0,City Street,Municipal/City Police,Olympia Police Department,0,0,0,1,0,,,,,,0,0,0,,,,,,,,,,,98,98,98,0,,,,,20,7,,,,,,,,,,,,,,,
2019,88,E906643,26,03/28/2019,21:16,28,3,,35,Kitsap,0,1,0,2,1,2,1,0,1,1,,,,24,0,0,0.4,1,0,1,4,2,2,4,0,0,0,0,CR-SEABECK HWY NW,,-122.7214361,47.58863056,0,1,1,13,2,35,80,0,0,1,7,24,3,2,2,1,14,1,1,53,0,37,705,2018,0,0,63,24,,,,,1,1,21,1,7,,4,7,20,7,11,0,03/28/2019,21:16,53014691,14691,0,0,0,3,1,0,0,0,0,96,,,,,,9,,,,,,98312,53,70,160,6,1,0,1,0,1,,0,,,,,,4,06/15/2017,08/15/2017,20,8,0,0,0,9,8,,,0,0,0,8,1,2,1,,,1,,,2,1,0.33,,,,,,,,,,,,,,,,,,,,,,,,,,,,,,0,0,1,0,1,1,0,1,0,0,0,0,1,0,0,0,0,0,0,0,0,0,0,1,1,0,0,0,1,0,0,0,0,0,1,0,0,0,0,0,0,1,0,1,0,1,0,0,0,1,0,1,,,,,,21-25,16-25,County road,U,Thursday,,MC,White,0,1,0,0,County Road,County Sheriff,Kitsap County Sheriff's Office,1,0,1,0,0,,,,,,0,0,0,,,,,,,,,,,0,0,0,1,,,,,19,0,,,,,,,,,,,,,,,
2019,89,E907057,1,03/22/2019,13:00,22,3,,23,Garfield,0,1,0,1,1,2,1,0,1,1,,,,32,0,0,390.8,1,0,1,3,1,1,2,0,0,0,0,US-12,,-117.7733472,46.49830556,0,1,6,12,2,60,14,0,0,1,2,3,2,1,2,1,14,1,2,53,0,12,401,1998,0,0,68,64,32,1,42,3,1,1,24,1,7,,4,7,20,7,11,0,03/22/2019,13:00,53014134,14134,6,0,0,3,1,0,0,0,0,93,,,,,,99,,,,,,99403,53,73,215,6,1,0,0,0,0,,0,,,,,,0,,,8,0,0,0,0,1,8,,,0,0,0,1,1,2,695,605,,1,1,,2,1,0.22,,,,,,,,,,,,,,,,,,,,,,,,,,,,,,0,0,1,0,1,1,1,1,1,0,0,0,0,0,0,0,1,0,0,1,0,0,0,1,1,0,0,0,0,1,0,0,0,1,0,,1,0,0,0,0,1,1,1,1,0,0,0,0,0,0,1,,,,,,21-25,16-25,US highway,R,Friday,Not Used,PV,White,0,1,0,0,State Route,State Patrol,Washington State Patrol,1,1,0,0,0,thc,1.7,carboxy-thc,6.6,,0,0,0,,,,,,,,,,,0,0,0,1,,,,,20,7,,,,,,,,,,,,,,,
2019,91,E907243,146,03/17/2019,14:15,17,3,,77,Yakima,0,1,0,1,1,2,1,0,2,2,,,,12,0,6,2.9,2,0,2,6,1,2,4,0,0,0,0,CR-WANETA RD,STOVER RD,-119.9785583,46.27302222,0,2,86,66,4,55,67,0,0,1,7,1,1,1,2,1,1,1,1,53,0,12,880,2016,0,0,12,1,,,,,1,1,67,1,0,,3,0,3,0,11,8,,,,,6,0,3,3,1,0,0,0,0,96,,,,,,0,,,,,,98903,53,69,250,6,1,0,0,0,0,,0,,,,,,0,,,8,0,0,0,8,9,8,,,0,0,0,8,0,8,95,,,96,,,8,95,995,,,,,,,,,,,,,,,,,,,,,,,,,,,,,,0,0,0,1,0,0,0,0,0,0,0,0,0,0,0,0,0,0,1,0,0,0,0,0,0,1,1,1,0,1,1,0,0,0,0,,0,0,0,0,0,0,0,0,0,0,0,0,0,0,0,0,,,,,,66-70,66-75,County road,R,Sunday,,MHTRUCK,Not Fatal,1,0,0,0,County Road,County Sheriff,Yakima County Sheriff's Office,0,0,1,0,0,,,,,,0,0,0,,,,,,,,,,,98,98,98,0,,,,,20,7,,,,,,,,,,,,,,,
2019,91,E907243,146,03/17/2019,14:15,17,3,,77,Yakima,0,1,0,1,1,2,1,0,2,2,,,,12,0,6,2.9,2,0,2,6,1,2,4,0,0,20,3,CR-WANETA RD,STOVER RD,-119.9785583,46.27302222,0,1,87,17,2,50,4,0,0,1,7,12,1,1,2,1,1,1,1,53,0,55,33,2000,0,0,12,,,,,,1,1,86,1,7,,4,0,3,0,11,4,03/17/2019,15:42,2.22E+11,12470,0,0,3,3,1,38,39,0,0,96,,,,,,99,,,,,,98944,53,68,193,6,1,0,0,0,0,,0,,,,,,0,,,1,0,0,0,0,9,8,,,0,0,0,8,9,8,95,,,96,,,8,95,995,,,,,,,,,,,,,,,,,,,,,,,,,,,,,,0,0,0,1,0,0,0,0,0,0,0,0,0,0,0,0,0,0,1,0,0,0,0,0,0,1,1,1,0,1,1,0,0,0,0,,1,0,0,0,0,0,0,0,0,0,1,0,0,0,0,0,,,,,,81+,76+,County road,R,Sunday,Belt Used,PV,White,1,0,0,0,County Road,County Sheriff,Yakima County Sheriff's Office,0,0,1,0,0,,,,,,0,0,0,,,,,,,,,,,98,98,98,1,,,,,20,7,,,,,,,,,,,,,,,
2019,92,E907254,6,03/17/2019,1:26,17,3,,25,Grant,0,1,0,2,1,2,1,0,1,1,,,,43,0,0,38.8,1,0,1,4,1,1,3,0,0,0,0,SR-28,,-119.7476972,47.23448611,0,1,6,12,2,60,4,0,0,1,2,1,3,1,2,1,14,1,2,53,0,9,20,1996,0,0,68,64,43,1,,,1,1,24,1,1,,4,7,20,7,11,0,03/17/2019,1:26,53012791,12791,0,0,0,0,1,0,0,0,0,96,,,,,,9,,,,,,99357,96,,999,0,0,99,99,99,99,,0,,,,,,4,,,8,1,9,0,0,1,1,,,0,0,0,1,1,2,401,303,304,1,1,1,2,1,0.21,,,,,,,,,,,,,,,,,,,,,,,,,,,,,,0,0,1,0,1,1,1,1,1,0,0,0,1,1,0,0,0,0,0,1,0,0,0,1,1,0,0,0,0,1,0,0,0,1,0,,1,0,0,0,0,1,1,1,0,1,0,1,0,0,0,1,,,,,,21-25,16-25,State route,R,Sunday,Not Used,PV,Hispanic,0,1,0,0,State Route,State Patrol,Washington State Patrol,1,1,0,0,0,,,,,,99,99,99,1,1,1,,,124,695,407,151,167,0,0,0,1,,,,,20,7,,,,,,,,,,,,,,,
2019,97,E907496,14,03/30/2019,0:25,30,3,,11,Clark,0,1,0,2,1,2,1,0,2,2,,,,12,0,1,0.1,1,0,1,5,2,2,4,0,0,0,0,CR-NW 99TH ST,,-122.684525,45.692875,0,2,20,50,3,98,34,0,0,1,7,1,1,2,2,1,1,1,1,53,0,7,482,2012,0,0,12,1,,,,,1,1,26,1,6,,4,7,99,7,11,0,03/30/2019,0:25,53015292,15292,0,0,0,3,1,0,0,0,0,96,,,,,,99,,,,,,98671,53,71,185,6,1,0,0,0,1,,0,,,,,,0,03/15/2018,03/15/2018,8,0,0,0,0,9,8,,,0,0,0,8,9,2,1,,,1,,,2,1,0.17,,,,,,,,,,,,,,,,,,,,,,,,,,,,,,0,0,0,0,1,1,0,1,0,0,0,0,0,0,0,0,0,0,0,0,0,0,0,0,0,0,0,0,0,1,0,0,0,0,0,,1,0,0,0,0,1,0,1,0,0,0,0,0,1,0,1,,,,,,26-30,26-35,County road,U,Saturday,Unknown,PV,Hispanic,0,0,0,0,County Road,County Sheriff,Clark County Sheriff's Office,0,0,1,0,0,,,,,,0,0,0,,,,,,,,,,,98,98,98,298,,,,,20,7,,,,,,,,,,,,,,,
2019,97,E907496,14,03/30/2019,0:25,30,3,,11,Clark,0,1,0,2,1,2,1,0,2,2,,,,12,0,1,0.1,1,0,1,5,2,2,4,0,0,0,0,CR-NW 99TH ST,,-122.684525,45.692875,0,1,21,98,7,98,34,0,0,1,7,12,1,1,2,1,5,1,2,53,0,12,481,1984,0,0,12,,,,,,1,1,34,2,0,,1,0,99,7,11,8,,,,,0,0,0,3,1,0,0,0,0,96,,,,,,0,,,,,,98684,53,61,135,6,1,0,0,0,1,,97,,,,,,0,06/15/2016,09/15/2017,20,0,0,0,8,9,8,,,0,0,0,8,0,8,95,,,96,,,8,95,995,,,,,,,,,,,,,,,,,,,,,,,,,,,,,,0,0,0,0,1,1,0,1,0,0,0,0,0,0,0,0,0,0,0,0,0,0,0,0,0,0,0,0,0,1,0,0,0,0,0,,0,0,0,0,0,0,0,0,0,0,0,0,0,0,0,0,,,,,,31-35,26-35,County road,U,Saturday,Unknown,PV,Not Fatal,0,0,0,0,County Road,County Sheriff,Clark County Sheriff's Office,0,0,1,0,0,,,,,,0,0,1,,,,,,,,,,,0,0,0,0,,,,,20,7,,,,,,,,,,,,,,,
2019,93,E907632,7,03/14/2019,5:25,14,3,,33,King,1960,1,0,3,1,1,1,0,1,1,,,,25,0,0,167,1,0,1,1,2,1,1,0,0,0,0,I-5,,-122.3276361,47.62828889,0,1,6,6,1,60,80,0,0,1,7,25,3,2,4,3,14,1,2,53,0,76,705,2001,0,0,64,25,,,,,1,1,52,1,7,,4,7,20,7,11,0,03/14/2019,5:25,1.96E+11,16256,0,0,3,3,1,0,0,0,0,96,,,,,,99,,,,,,98223,53,71,223,6,1,0,0,0,0,,0,,,,,,4,,,20,8,0,0,0,9,8,,,0,0,0,8,9,2,417,,,1,,,2,1,0,,,,,,,,,,,,,,,,,,,,,,,,,,,,,,0,0,1,0,0,0,1,1,0,0,0,0,1,0,0,0,0,0,0,0,0,0,0,0,0,0,0,0,1,0,0,0,0,0,1,0,0,0,0,0,0,0,1,1,0,1,0,0,0,0,1,0,,,,,,51-55,46-55,Interstate,U,Thursday,,MC,White,0,1,0,0,State Route,State Patrol,Washington State Patrol,1,1,0,0,0,,,,,,0,0,0,,,,,,,,,,,0,0,0,1,,,,,19,0,,,,,,,,,,,,,,,
2019,94,E907862,180,04/04/2019,9:03,4,4,,15,Cowlitz,1190,10,0,1,0,0,1,1,1,1,,,,8,0,0,0,4,0,1,7,2,4,6,0,0,0,0,DELAWARE ST,16TH AVE,-122.9407972,46.13091667,0,1,13,80,5,0,14,0,0,1,5,8,0,0,0,0,11,1,3,53,0,20,404,2017,0,0,8,,,,,,1,1,39,1,0,,0,0,3,0,11,0,,,,,0,0,0,3,1,0,0,0,0,96,,,,,,0,,,,,,98625,53,71,190,6,1,0,0,0,0,,0,,,,,,0,,,20,0,0,0,8,9,8,,,0,0,0,8,0,8,95,,,96,,,8,95,995,,,,,,,,,,,,,,,,,,,,,,,,,,,,,,0,0,0,0,0,0,0,0,0,0,0,0,0,0,0,0,0,0,0,0,0,0,0,0,0,0,0,0,0,1,0,1,0,0,0,,0,0,0,0,0,0,0,0,0,0,0,0,0,0,0,0,,,,,,36-40,36-45,City street,U,Thursday,Belt Used,PV,Not Fatal,0,0,0,0,City Street,Municipal/City Police,Longview Police Department,0,0,0,1,0,,,,,,0,0,0,,,,,,,,,,,98,98,98,0,,,,,20,7,,,,,,,,,,,,,,,
2019,95,E907896,146,04/02/2019,19:05,2,4,,77,Yakima,0,1,0,5,1,2,1,0,3,2,,,,12,0,6,3.8,2,0,3,4,2,2,4,0,0,0,0,CR-AHTANUM RD,S 34TH AVE,-120.5546194,46.55791111,0,2,83,67,4,50,80,0,0,1,7,12,1,1,2,1,1,1,1,53,0,76,705,2017,0,0,12,,,,,,1,1,30,1,1,,4,7,20,7,11,0,04/02/2019,19:05,53015148,15148,0,0,0,3,1,0,0,0,0,96,,,,,,99,,,,,,98593,53,68,200,6,1,0,0,0,0,,0,,,,,,3,,,20,8,0,0,0,9,8,,,0,0,0,8,9,2,605,695,,1,1,,2,1,0,,,,,,,,,,,,,,,,,,,,,,,,,,,,,,0,0,0,1,0,0,1,1,1,0,0,0,1,0,0,0,0,0,0,0,0,0,0,0,0,0,0,0,1,1,0,0,0,0,1,0,0,0,0,0,0,0,1,1,0,1,0,0,0,0,1,0,,,,,,26-30,26-35,County road,U,Tuesday,,MC,Hispanic,1,0,0,0,County Road,County Sheriff,Yakima County Sheriff's Office,0,0,1,0,0,thc,10,carboxy-thc,53,,0,0,0,,,,,,,,,,,0,0,0,1,,,,,19,0,,,,,,,,,,,,,,,
2019,95,E907896,146,04/02/2019,19:05,2,4,,77,Yakima,0,1,0,5,1,2,1,0,3,2,,,,12,0,6,3.8,2,0,3,4,2,2,4,0,0,20,3,CR-AHTANUM RD,S 34TH AVE,-120.5546194,46.55791111,0,1,82,15,2,50,14,0,0,1,7,12,1,1,2,1,11,2,1,53,0,20,404,2015,0,0,12,,,,,,1,1,31,1,0,,0,0,3,0,11,0,,,,,0,0,0,3,1,0,0,0,0,96,,,,,,0,,,,,,98908,53,71,250,6,1,0,0,0,2,,0,,,,,,0,02/15/2015,05/15/2017,8,0,0,0,8,9,8,,,0,0,0,8,0,8,95,,,96,,,8,95,995,,,,,,,,,,,,,,,,,,,,,,,,,,,,,,0,0,0,1,0,0,1,1,1,0,0,0,1,0,0,0,0,0,0,0,0,0,0,0,0,0,0,0,1,1,0,0,0,0,0,,0,0,0,0,0,0,0,0,0,0,0,0,0,0,0,0,,,,,,31-35,26-35,County road,U,Tuesday,Belt Used,PV,Not Fatal,1,0,0,0,County Road,County Sheriff,Yakima County Sheriff's Office,0,0,1,0,0,,,,,,0,0,0,,,,,,,,,,,98,98,98,0,,,,,20,7,,,,,,,,,,,,,,,
2019,96,E907952,5,03/29/2019,20:46,29,3,,15,Cowlitz,0,1,0,2,2,2,1,0,2,1,,,,30,0,0,4.8,1,0,1,4,2,1,3,0,0,0,0,SR-411,,-122.9062278,46.18788889,0,1,1,13,2,35,2,0,0,1,2,30,1,1,2,1,1,2,1,53,0,37,31,2003,0,0,63,30,53,,,,1,1,60,1,0,,3,0,3,0,11,8,,,,,0,0,0,3,1,91,0,0,0,0,,,,,,2,9,,,,,98626,53,64,135,6,1,0,0,0,0,,1,,,,,,0,,,1,0,0,0,8,9,2,,,0,0,0,1,0,2,167,189,,1,1,,2,1,0,,,,,,,,,,,,,,,,,,,,,,,,,,,,,,0,0,1,0,0,0,1,1,0,0,0,0,0,0,0,1,0,0,0,1,0,0,0,0,0,0,0,0,0,1,0,0,0,0,0,,0,0,0,0,0,0,1,1,0,0,0,0,0,0,1,0,,,,,,56-60,56-65,State route,U,Friday,Belt Used,PV,Not Fatal,0,1,0,0,State Route,State Patrol,Washington State Patrol,1,1,0,0,0,,,,,,0,0,0,,,,,,,,,,,98,98,98,0,,,,,20,7,,,,,,,,,,,,,,,
2019,98,E908332,14,03/29/2019,19:36,29,3,,11,Clark,240,10,0,1,1,2,1,0,1,1,,,,1,0,0,0,1,0,1,7,2,4,6,0,0,0,0,NW LAKE RD,,-122.4163667,45.607425,0,1,98,13,2,35,80,0,0,1,7,1,3,2,2,1,14,1,1,53,0,73,705,2007,0,0,1,63,24,,,,1,1,19,1,7,,4,7,20,7,11,0,03/29/2019,19:36,24053014786,14786,0,0,0,3,1,0,0,0,0,96,,,,,,99,,,,,,98684,53,72,165,6,1,0,0,0,0,,0,,,,,,4,,,20,8,0,0,0,9,8,,,0,0,0,8,9,2,1,,,1,,,2,1,0,,,,,,,,,,,,,,,,,,,,,,,,,,,,,,0,0,0,0,0,0,0,0,0,0,0,0,1,0,0,0,0,0,0,0,0,1,1,0,1,0,0,0,1,0,0,0,0,0,1,0,0,0,0,0,0,0,0,0,0,1,0,0,0,0,0,0,,,,,,18-20,16-25,City street,U,Friday,,MC,White,0,0,0,0,City Street,Municipal/City Police,Camas Police Department,0,0,0,1,0,,,,,,0,0,0,,,,,,,,,,,0,0,0,1,,,,,19,0,,,,,,,,,,,,,,,