year,case,par,repjur,crash_dt,crash_tm,accday,accmon,holiday,county,co_char,city,weather,weather2,lightcond,surfcond,surftype,numfatal,nmforms,pforms,vforms,not_tm,arr_tm,hosp_tm,fhevent,hitrun,manncol,milepnt,reljunc,reljuncinter,intersectiontype,funcsystem,landuse,ownership,route,schlbus,spejur,contdev,devfunc,trafid1,trafid2,x,y,wk_zone,vnumber,crashtype,criticalevent,criticaleventcat,spdlim,body,trailer,emerg,hazcargo,leave,mhevent,roadalgn,roadprof,traflane,trafflow,vehmanvr,numoccs,regowner,regstate,spuse,make,model,modelyr,vrf1,vrf2,seqevent1,seqevent2,seqevent3,seqevent4,seqevent5,seqevent6,pnumber,ptype,age,sex,hispanic,race,injury,diedscene,restraint,restraintmisuse,seatpos,takehosp,death_dt,death_tm,cert,cernum_wa,commlic,licendor,licrestrict,liccomp,drivpres,drf1,drf2,drf3,drf4,distract1,distract2,distract3,distract4,distract5,distract6,dricond1,dricond2,dricond3,dricond4,dricond5,dricond6,dzip,licstate,drhgt_in,weight,noncdl,noncdltype,prevdwi,prevoth,prevacc,prevspd,prevsus,driviol1,driviol2,driviol3,driviol4,driviol5,driviol6,spdrel,first_dt,last_dt,airbag,ejection,ejectpath,extricat,injurwrk,methalc,methdrug,nmlocat,strikveh,prf1,prf2,prf3,druginv,alcinvol,drugsts,drugres1,drugres2,drugres3,drugtst1,drugtst2,drugtst3,alcsts,alctst,alcres,nmact1,nmact2,nmact3,nmact4,nmact5,nmact6,nmprior1,nmprior2,nmprior3,nmprior4,nmprior5,nmprior6,nmcond1,nmcond2,nmcond3,nmcond4,nmcond5,nmcond6,nmsafe_helmet,nmsafe_pads,nmsafe_oth,nmprev_ref,nmprev_lgt,nmprev_oth,crashlocation,nmcrashtype,crosswalk,schoolzone,sidewalk,train_inv,wildlife_inv,rotr_fars,intersect_fars,dd_inv,aid_inv,dpd_inv,id_inv,mj_inv,impnm_inv,ainm_inv,dpnm_inv,speed_inv,unlic_inv,unendmc_inv,drowsy_inv,drdist_inv,nmdist_inv,fty_inv,unrestfat_inv,dr1617_inv,dr1820_inv,dr1620_inv,dr2125_inv,dr1625_inv,dr65_inv,dr70_inv,dr75_inv,mc_inv,pv_inv,ht_inv,ped_inv,bike_inv,unrest_fat,mc_fat,unhelmet_mc,pv_fat,ht_fat,ped_fat,bike_fat,dr_alc7,dr_alc8,dr_drug,dr_imp,dr_dist,dr_spd,dr_fty,dr_unlic,dr_alc7only,dr_alc8only,dr_drugonly,dr_drink,nm_imp,nm_alc7,nm_alc8,nm_drug,nm_dist,agegrp1,agegrp2,roadclass,urbrur,dayweek,restuse,vehtype,race_me,intersect,lanedep,oppdir,wrongway,rep_typ,investag,repag_long,rotr,st_rd,cty_rd,city_rd,oth_rd,drug_thc,thc_res,drug_cthc,cthc_res,drug_cann,prevpersemin,prevperse,prevsusoth,drugtst4,drugtst5,drugtst6,drugtst7,drugtst8,drugres4,drugres5,drugres6,drugres7,drugres8,adspresent,adsengaged,adslevel,race1,race2,race3,race4,race5,helmet,helmetmisuse,nmdistract1,nmdistract2,nmdistract3,nmdistract4,nmdistract5,nmdistract6,lab,isedtcase,crf1,crf2,crf3,CoRoadName,CoMP,IntCoRoadName,IntCoMP
2019,185,E908378,159,04/03/2019,10:19,3,4,,5,Benton,1020,10,0,1,1,2,1,0,2,2,,,,12,0,2,0,1,0,1,7,2,4,6,0,0,0,0,W COLUMBIA DR,,-119.1209417,46.21298611,0,2,51,62,4,35,14,0,0,1,7,12,1,1,5,5,1,1,1,53,0,49,401,1999,0,0,12,,,,,,1,1,71,1,7,,4,0,3,0,11,4,04/14/2019,18:10,2.11E+11,17304,0,0,0,3,1,28,0,0,0,96,,,,,,0,,,,,,99301,53,74,198,6,1,0,0,0,0,,0,,,,,,0,,,8,0,0,0,0,9,8,,,0,0,0,8,0,8,95,,,96,,,8,95,995,,,,,,,,,,,,,,,,,,,,,,,,,,,,,,0,0,0,0,0,0,1,1,0,0,0,0,0,0,0,0,1,0,0,0,0,0,0,0,0,1,1,0,0,1,0,0,0,0,0,,1,0,0,0,0,0,0,0,0,0,0,0,0,0,0,0,,,,,,71-75,66-75,City street,U,Wednesday,Belt Used,PV,White,0,1,1,0,City Street,Municipal/City Police,Kennewick Police Department,0,0,0,1,0,,,,,,0,0,0,,,,,,,,,,,0,0,0,1,,,,,20,7,,,,,,,,,,,,,,,
2019,185,E908378,159,04/03/2019,10:19,3,4,,5,Benton,1020,10,0,1,1,2,1,0,2,2,,,,12,0,2,0,1,0,1,7,2,4,6,0,0,0,0,W COLUMBIA DR,,-119.1209417,46.21298611,0,1,50,10,2,35,34,0,0,1,7,12,1,1,5,5,1,1,2,53,0,12,481,1993,0,0,68,12,,,,,1,1,45,2,0,,3,0,3,0,11,5,,,,,0,0,0,3,1,28,0,0,0,92,,,,,,99,,,,,,99337,53,66,148,6,1,2,6,2,2,,97,,,,,,0,06/15/2015,10/15/2018,20,0,0,0,8,9,8,,,0,0,0,8,9,2,401,417,,1,1,,2,1,0,,,,,,,,,,,,,,,,,,,,,,,,,,,,,,0,0,0,0,0,0,1,1,0,0,0,0,0,0,0,0,1,0,0,0,0,0,0,0,0,1,1,0,0,1,0,0,0,0,0,,0,0,0,0,0,0,1,1,1,0,0,0,0,0,1,0,,,,,,41-45,36-45,City street,U,Wednesday,Belt Used,PV,Not Fatal,0,1,1,0,City Street,Municipal/City Police,Kennewick Police Department,0,0,0,1,0,,,,,,0,0,0,,,,,,,,,,,0,0,0,0,,,,,20,7,,,,,,,,,,,,,,,
2019,100,E908443,3,03/29/2019,12:34,29,3,,53,Pierce,2230,1,0,1,1,1,1,0,2,2,,,,12,0,1,132.8,1,0,1,1,2,1,1,0,0,0,0,I-5,,-122.4521861,47.23031111,0,2,28,52,3,60,4,0,0,1,5,12,1,1,3,3,2,1,1,53,0,55,35,2008,0,0,12,,,,,,1,1,28,2,0,,0,0,3,0,11,0,,,,,0,0,0,3,1,0,0,0,0,96,,,,,,0,,,,,,98107,53,64,135,6,1,0,0,0,0,,97,,,,,,0,,,20,0,0,0,8,9,8,,,0,0,0,8,0,8,95,,,96,,,8,95,995,,,,,,,,,,,,,,,,,,,,,,,,,,,,,,0,0,0,0,0,0,0,0,0,0,0,0,1,0,0,0,0,0,0,0,0,0,0,0,0,0,0,0,1,1,0,0,0,0,0,,0,0,0,0,0,0,0,0,0,0,0,0,0,0,0,0,,,,,,26-30,26-35,Interstate,U,Friday,Belt Used,PV,Not Fatal,0,0,0,0,State Route,State Patrol,Washington State Patrol,0,1,0,0,0,,,,,,0,0,0,,,,,,,,,,,98,98,98,0,,,,,20,7,,,,,,,,,,,,,,,
2019,100,E908443,3,03/29/2019,12:34,29,3,,53,Pierce,2230,1,0,1,1,1,1,0,2,2,,,,12,0,1,132.8,1,0,1,1,2,1,1,0,0,0,0,I-5,,-122.4521861,47.23031111,0,1,29,53,3,60,80,0,0,1,2,12,1,1,3,3,2,1,1,53,0,72,706,2006,0,0,12,,,,,,1,1,44,1,7,,4,7,20,7,11,0,03/29/2019,12:34,2.23E+11,15128,0,0,0,3,1,26,0,0,0,96,,,,,,0,,,,,,98252,53,72,250,6,1,0,1,0,0,,0,,,,,,4,11/15/2018,11/15/2018,20,8,0,0,0,9,8,,,0,0,0,8,0,2,1,,,1,,,2,1,0,,,,,,,,,,,,,,,,,,,,,,,,,,,,,,0,0,0,0,0,0,0,0,0,0,0,0,1,0,0,0,0,0,0,0,0,0,0,0,0,0,0,0,1,1,0,0,0,0,1,0,0,0,0,0,0,0,0,0,0,1,0,0,0,0,0,0,,,,,,41-45,36-45,Interstate,U,Friday,,MC,White,0,0,0,0,State Route,State Patrol,Washington State Patrol,0,1,0,0,0,,,,,,0,0,0,,,,,,,,,,,0,0,0,1,,,,,5,0,,,,,,,,,,,,,,,
2019,99,E908698,1,04/05/2019,23:35,5,4,,77,Yakima,0,1,0,3,1,2,1,1,8,4,,,,8,0,0,67.4,2,0,2,4,2,1,2,0,3,3,3,US-97,S WAPATO RD,-120.4174583,46.43269722,0,4,98,80,5,55,34,0,0,1,5,8,1,1,5,1,1,2,1,53,0,12,481,1999,0,0,8,,,,,,1,1,51,2,0,,0,0,3,0,11,0,,,,,0,0,3,3,1,0,0,0,0,96,,,,,,0,,,,,,98908,53,67,170,6,1,0,0,0,0,,0,,,,,,0,,,20,0,0,0,8,9,8,,,0,0,0,8,0,8,95,,,96,,,8,95,995,,,,,,,,,,,,,,,,,,,,,,,,,,,,,,0,0,0,1,0,0,0,0,0,1,1,1,0,0,0,0,0,0,0,0,0,0,0,0,0,1,1,1,0,1,0,1,0,0,0,,0,0,0,0,0,0,0,0,0,0,0,0,0,0,0,0,,,,,,51-55,46-55,US highway,U,Friday,Belt Used,PV,Not Fatal,1,0,0,0,State Route,State Patrol,Washington State Patrol,0,1,0,0,0,,,,,,0,0,0,,,,,,,,,,,0,0,0,0,,,,,20,7,,,,,,,,,,,,,,,
2019,99,E908698,1,04/05/2019,23:35,5,4,,77,Yakima,0,1,0,3,1,2,1,1,8,4,,,,8,0,0,67.4,2,0,2,4,2,1,2,0,3,3,3,US-97,S WAPATO RD,-120.4174583,46.43269722,0,2,98,80,5,55,4,0,0,1,5,8,1,1,5,1,1,3,1,53,0,49,40,2014,0,0,8,,,,,,1,1,76,2,0,,0,0,3,0,11,0,,,,,0,0,0,3,1,0,0,0,0,96,,,,,,0,,,,,,98951,53,64,150,6,1,0,0,0,1,,0,,,,,,0,11/15/2018,11/15/2018,20,0,0,0,8,9,8,,,0,0,0,8,0,8,95,,,96,,,8,95,995,,,,,,,,,,,,,,,,,,,,,,,,,,,,,,0,0,0,1,0,0,0,0,0,1,1,1,0,0,0,0,0,0,0,0,0,0,0,0,0,1,1,1,0,1,0,1,0,0,0,,0,0,0,0,0,0,0,0,0,0,0,0,0,0,0,0,,,,,,76-80,76+,US highway,U,Friday,Belt Used,PV,Not Fatal,1,0,0,0,State Route,State Patrol,Washington State Patrol,0,1,0,0,0,,,,,,0,0,0,,,,,,,,,,,98,98,98,0,,,,,20,7,,,,,,,,,,,,,,,
2019,99,E908698,1,04/05/2019,23:35,5,4,,77,Yakima,0,1,0,3,1,2,1,1,8,4,,,,8,0,0,67.4,2,0,2,4,2,1,2,0,3,3,3,US-97,S WAPATO RD,-120.4174583,46.43269722,0,3,98,80,5,55,4,0,0,1,5,8,1,1,5,1,1,2,1,53,0,7,29,2013,0,0,8,,,,,,1,1,54,2,0,,0,0,3,0,11,0,,,,,0,0,0,3,1,0,0,0,0,96,,,,,,0,,,,,,98951,53,61,170,6,1,0,0,0,0,,0,,,,,,0,,,20,0,0,0,8,9,8,,,0,0,0,8,0,8,95,,,96,,,8,95,995,,,,,,,,,,,,,,,,,,,,,,,,,,,,,,0,0,0,1,0,0,0,0,0,1,1,1,0,0,0,0,0,0,0,0,0,0,0,0,0,1,1,1,0,1,0,1,0,0,0,,0,0,0,0,0,0,0,0,0,0,0,0,0,0,0,0,,,,,,51-55,46-55,US highway,U,Friday,Belt Used,PV,Not Fatal,1,0,0,0,State Route,State Patrol,Washington State Patrol,0,1,0,0,0,,,,,,0,0,0,,,,,,,,,,,98,98,98,0,,,,,20,7,,,,,,,,,,,,,,,
2019,99,E908698,1,04/05/2019,23:35,5,4,,77,Yakima,0,1,0,3,1,2,1,1,8,4,,,,8,1,0,67.4,2,0,2,4,2,1,2,0,3,3,3,US-97,S WAPATO RD,-120.4174583,46.43269722,0,1,13,80,5,55,49,0,0,1,5,8,1,1,5,1,1,99,9,99,0,99,999,9999,0,0,8,,,,,,1,1,998,8,0,,9,0,99,7,11,8,,,,,99,9,9,9,1,0,0,0,0,96,,,,,,99,,,,,,99999,99,,999,9,9,99,99,99,99,,97,,,,,,0,,,99,0,0,0,8,9,8,,,0,0,0,8,9,8,95,,,96,,,8,95,995,,,,,,,,,,,,,,,,,,,,,,,,,,,,,,0,0,0,1,0,0,0,0,0,1,1,1,0,0,0,0,0,0,0,0,0,0,0,0,0,1,1,1,0,1,0,1,0,0,0,,0,0,0,0,0,0,0,0,0,0,0,0,0,0,0,0,,,,,,,,US highway,U,Friday,Unknown,PV,Not Fatal,1,0,0,0,State Route,State Patrol,Washington State Patrol,0,1,0,0,0,,,,,,99,99,99,,,,,,,,,,,98,98,98,0,,,,,20,7,,,,,,,,,,,,,,,
2019,168,E908752,25,03/29/2019,3:21,29,3,,33,King,0,1,0,3,1,1,1,0,1,1,,,,1,0,0,6.9,1,0,1,5,2,2,4,0,0,0,0,CR-E VALLEY HWY,,-122.2494889,47.3537,0,1,1,13,2,98,2,0,0,1,7,1,1,1,2,1,1,1,2,53,0,14,4,1996,0,0,63,1,,,,,1,1,44,1,6,,4,0,3,0,11,5,04/06/2019,17:41,1.96E+11,16434,0,0,0,2,1,0,0,0,0,96,,,,,,99,,,,,,98146,53,66,195,1,1,0,0,2,0,,0,,,,,,4,02/15/2018,02/15/2019,1,0,0,0,0,9,8,,,0,0,0,8,9,0,0,,,0,,,2,1,0.34,,,,,,,,,,,,,,,,,,,,,,,,,,,,,,0,0,1,0,1,1,0,1,0,0,0,0,1,1,0,0,0,0,0,0,0,0,0,0,0,0,0,0,0,1,0,0,0,0,0,,1,0,0,0,0,1,0,1,0,1,0,1,0,1,0,1,,,,,,41-45,36-45,County road,U,Friday,Belt Used,PV,Hispanic,0,1,0,0,County Road,County Sheriff,King County Police,1,0,1,0,0,,,,,,0,0,0,,,,,,,,,,,0,0,0,298,,,,,20,7,,,,,,,,,,,,,,,
2019,102,E909663,5,03/27/2019,20:25,27,3,,11,Clark,0,10,0,2,2,2,1,1,1,1,,,,8,0,0,9,1,0,1,3,2,1,3,0,0,0,0,SR-500,,-122.5114139,45.68285278,0,1,13,80,5,40,34,0,0,1,7,8,3,1,4,1,14,1,1,53,0,7,482,2014,0,0,8,,,,,,1,1,47,1,0,,0,0,3,0,11,0,,,,,0,0,0,3,1,0,0,0,0,96,,,,,,0,,,,,,98606,53,69,160,6,1,0,0,0,1,,0,,,,,,0,03/15/2016,03/15/2016,20,0,0,0,8,9,8,,,0,0,0,8,0,2,1,,,1,,,2,1,0,,,,,,,,,,,,,,,,,,,,,,,,,,,,,,0,0,0,0,0,0,0,0,0,1,1,1,0,0,0,0,0,0,0,0,0,0,0,0,0,0,0,0,0,1,0,1,0,0,0,,0,0,0,0,0,0,0,0,0,0,0,0,0,0,0,0,,,,,,46-50,46-55,State route,U,Wednesday,Belt Used,PV,Not Fatal,0,0,0,0,State Route,State Patrol,Washington State Patrol,0,1,0,0,0,,,,,,0,0,0,,,,,,,,,,,98,98,98,0,,,,,20,7,,,,,,,,,,,,,,,
2019,103,E909777,35,04/09/2019,12:21,9,4,,53,Pierce,0,1,0,1,1,2,2,0,2,1,,,,42,0,0,1.4,1,0,1,5,1,2,4,0,0,0,0,CR-NISQUALLY RD,,-122.6830361,47.07726667,0,1,1,13,2,45,14,0,0,1,7,42,1,1,2,1,1,2,1,53,0,34,402,2014,0,0,63,42,,,,,1,1,77,2,7,,4,7,3,0,11,0,04/09/2019,12:21,53016662,16662,0,0,0,3,1,0,0,0,0,96,,,,,,1,,,,,,98032,53,63,150,6,1,0,0,0,0,,0,,,,,,0,,,1,0,0,0,0,9,8,,,0,0,0,8,9,2,1,,,1,,,2,1,0,,,,,,,,,,,,,,,,,,,,,,,,,,,,,,0,0,1,0,0,0,0,0,0,0,0,0,0,0,0,0,0,0,0,0,0,0,0,0,0,1,1,1,0,1,0,0,0,0,0,,1,0,0,0,0,0,0,0,0,0,0,0,0,0,0,0,,,,,,76-80,76+,County road,R,Tuesday,Belt Used,PV,White,0,1,0,0,County Road,County Sheriff,Law Enforcement Support Agency,1,0,1,0,0,,,,,,0,0,0,,,,,,,,,,,98,98,98,1,,,,,20,7,,,,,,,,,,,,,,,
2019,104,E910021,5,03/15/2019,13:36,15,3,,15,Cowlitz,0,1,0,1,1,2,2,0,3,2,,,,12,0,2,50.5,1,0,1,4,1,1,3,0,0,0,0,SR-503,,-122.7019583,45.93842222,0,1,50,10,2,50,4,0,0,1,7,12,1,1,2,1,1,2,1,53,0,63,31,1999,0,0,68,12,,,,,1,1,75,1,7,,4,7,3,0,11,0,03/15/2019,13:36,53013146,13146,0,0,0,3,1,28,0,0,0,0,,,,,,1,,,,,,98603,53,67,125,6,1,0,0,0,0,,0,,,,,,0,,,20,0,0,0,0,9,8,,,0,0,0,8,9,2,177,,,1,,,2,1,0,,,,,,,,,,,,,,,,,,,,,,,,,,,,,,0,0,0,0,0,0,1,1,0,0,0,0,0,0,0,0,0,0,0,0,0,0,0,0,0,1,1,1,0,1,0,0,0,0,0,,1,0,0,0,0,0,1,1,0,0,0,0,0,0,1,0,,,,,,71-75,66-75,State route,R,Friday,Belt Used,PV,White,0,1,1,0,State Route,State Patrol,Washington State Patrol,0,1,0,0,0,,,,,,0,0,0,,,,,,,,,,,0,0,0,1,,,,,20,7,,,,,,,,,,,,,,,
2019,104,E910021,5,03/15/2019,13:36,15,3,,15,Cowlitz,0,1,0,1,1,2,2,0,3,2,,,,12,0,2,50.5,1,0,1,4,1,1,3,0,0,0,0,SR-503,,-122.7019583,45.93842222,0,2,51,62,4,50,2,0,0,1,7,12,1,1,2,1,1,1,1,53,0,34,39,1998,0,0,12,,,,,,1,1,60,1,0,,3,0,3,0,11,8,,,,,0,0,0,3,1,0,0,0,0,96,,,,,,0,,,,,,98674,53,76,275,6,1,0,0,0,0,,0,,,,,,0,,,1,0,0,0,8,9,2,,,0,0,0,0,0,8,95,,,96,,,8,95,995,,,,,,,,,,,,,,,,,,,,,,,,,,,,,,0,0,0,0,0,0,1,1,0,0,0,0,0,0,0,0,0,0,0,0,0,0,0,0,0,1,1,1,0,1,0,0,0,0,0,,0,0,0,0,0,0,0,0,0,0,0,0,0,0,0,0,,,,,,56-60,56-65,State route,R,Friday,Belt Used,PV,Not Fatal,0,1,1,0,State Route,State Patrol,Washington State Patrol,0,1,0,0,0,,,,,,0,0,0,,,,,,,,,,,0,0,0,0,,,,,20,7,,,,,,,,,,,,,,,
2019,105,E910563,146,03/15/2019,16:50,15,3,,77,Yakima,0,1,0,1,1,2,1,0,2,2,,,,12,0,6,8,2,0,2,7,1,2,4,0,3,20,3,CR-HARRAH RD,PROGRESSIVE RD,-120.5441139,46.41903611,0,1,88,17,2,50,4,0,0,1,7,12,1,1,2,1,1,1,1,53,0,54,35,2013,0,0,12,,,,,,1,1,40,1,0,,3,0,3,0,11,8,,,,,0,0,3,3,1,39,0,0,0,96,,,,,,0,,,,,,98901,53,76,230,6,1,0,0,1,2,,97,,,,,,3,02/15/2017,01/15/2019,1,0,0,0,8,9,8,,,0,0,0,8,0,8,95,,,96,,,8,95,995,,,,,,,,,,,,,,,,,,,,,,,,,,,,,,0,0,0,1,0,0,0,0,0,0,0,0,1,0,0,0,0,0,0,0,0,0,0,0,0,0,0,0,0,1,0,0,0,0,0,,0,0,0,0,0,0,0,0,0,1,0,0,0,0,0,0,,,,,,36-40,36-45,County road,R,Friday,Belt Used,PV,Not Fatal,1,0,0,0,County Road,County Sheriff,Yakima County Sheriff's Office,0,0,1,0,0,,,,,,0,0,1,,,,,,,,,,,98,98,98,0,,,,,20,7,,,,,,,,,,,,,,,
2019,105,E910563,146,03/15/2019,16:50,15,3,,77,Yakima,0,1,0,1,1,2,1,0,2,2,,,,12,0,6,8,2,0,2,7,1,2,4,0,3,0,0,CR-HARRAH RD,PROGRESSIVE RD,-120.5441139,46.41903611,0,2,89,66,4,50,6,0,0,1,7,12,1,1,2,1,1,1,1,53,0,48,34,1994,0,0,12,63,30,19,,,1,1,54,1,7,,4,7,3,0,11,0,03/15/2019,16:50,53012687,12687,0,0,0,3,1,0,0,0,0,96,,,,,,0,,,,,,98951,53,69,210,6,1,0,0,0,0,,0,,,,,,0,,,20,1,9,0,0,9,8,,,0,0,0,8,0,2,1,,,1,,,2,1,0,,,,,,,,,,,,,,,,,,,,,,,,,,,,,,0,0,0,1,0,0,0,0,0,0,0,0,1,0,0,0,0,0,0,0,0,0,0,0,0,0,0,0,0,1,0,0,0,0,0,,1,0,0,0,0,0,0,0,0,0,0,0,0,0,0,0,,,,,,51-55,46-55,County road,R,Friday,Belt Used,PV,White,1,0,0,0,County Road,County Sheriff,Yakima County Sheriff's Office,0,0,1,0,0,,,,,,0,0,0,,,,,,,,,,,0,0,0,1,,,,,20,7,,,,,,,,,,,,,,,
2019,112,E910672,5,04/12/2019,15:25,12,4,,41,Lewis,0,2,0,1,2,2,1,0,6,4,,,,12,0,6,4.8,1,0,1,5,1,1,3,0,0,0,0,SR-508,,-122.7903667,46.57609167,0,1,98,50,3,55,61,0,0,1,2,12,1,1,2,1,2,1,3,53,0,23,881,2008,0,0,12,68,12,60,54,,1,1,21,1,0,,1,0,3,0,11,8,,,,,6,9,0,3,1,28,0,0,0,12,,,,,,0,,,,,,98532,53,71,180,6,1,0,0,0,0,,69,,,,,,0,,,1,0,0,0,8,9,2,,,0,0,0,0,0,8,95,,,96,,,8,95,995,,,,,,,,,,,,,,,,,,,,,,,,,,,,,,0,0,0,0,0,0,0,0,0,0,0,0,0,0,0,0,1,0,0,0,0,0,0,1,1,1,0,0,0,1,1,0,0,0,0,,0,0,0,0,0,0,0,0,1,0,0,0,0,0,0,0,,,,,,21-25,16-25,State route,R,Friday,,MHTRUCK,Not Fatal,0,0,0,0,State Route,State Patrol,Washington State Patrol,0,1,0,0,0,,,,,,0,0,0,,,,,,,,,,,98,98,98,0,,,,,20,7,,,,,,,,,,,,,,,
2019,112,E910672,5,04/12/2019,15:25,12,4,,41,Lewis,0,2,0,1,2,2,1,0,6,4,,,,12,0,6,4.8,1,0,1,5,1,1,3,0,0,0,0,SR-508,,-122.7903667,46.57609167,0,2,98,53,3,55,16,0,0,1,5,12,1,1,2,1,5,2,2,53,0,20,431,2003,0,0,12,,,,,,1,1,21,1,0,,0,0,3,0,11,0,,,,,0,0,0,3,1,0,0,0,0,0,,,,,,0,,,,,,98532,53,72,225,6,1,0,1,0,2,,0,,,,,,0,10/15/2015,01/15/2017,20,0,0,0,8,9,2,,,0,0,0,0,0,8,95,,,96,,,8,95,995,,,,,,,,,,,,,,,,,,,,,,,,,,,,,,0,0,0,0,0,0,0,0,0,0,0,0,0,0,0,0,1,0,0,0,0,0,0,1,1,1,0,0,0,1,1,0,0,0,0,,0,0,0,0,0,0,0,0,0,0,0,0,0,0,0,0,,,,,,21-25,16-25,State route,R,Friday,Belt Used,PV,Not Fatal,0,0,0,0,State Route,State Patrol,Washington State Patrol,0,1,0,0,0,,,,,,0,0,0,,,,,,,,,,,98,98,98,0,,,,,20,7,,,,,,,,,,,,,,,
2019,112,E910672,5,04/12/2019,15:25,12,4,,41,Lewis,0,2,0,1,2,2,1,0,6,4,,,,12,0,6,4.8,1,0,1,5,1,1,3,0,0,0,0,SR-508,,-122.7903667,46.57609167,0,4,98,98,7,55,14,0,0,1,5,54,1,1,2,1,5,2,1,53,0,12,402,2010,0,0,54,,,,,,1,1,65,1,0,,0,0,3,0,11,0,,,,,6,0,3,3,1,0,0,0,0,0,,,,,,0,,,,,,98532,53,72,210,6,1,0,0,0,0,,0,,,,,,0,,,20,0,0,0,8,9,2,,,0,0,0,0,0,8,95,,,96,,,8,95,995,,,,,,,,,,,,,,,,,,,,,,,,,,,,,,0,0,0,0,0,0,0,0,0,0,0,0,0,0,0,0,1,0,0,0,0,0,0,1,1,1,0,0,0,1,1,0,0,0,0,,0,0,0,0,0,0,0,0,0,0,0,0,0,0,0,0,,,,,,61-65,56-65,State route,R,Friday,Belt Used,PV,Not Fatal,0,0,0,0,State Route,State Patrol,Washington State Patrol,0,1,0,0,0,,,,,,0,0,0,,,,,,,,,,,98,98,98,0,,,,,20,7,,,,,,,,,,,,,,,
2019,112,E910672,5,04/12/2019,15:25,12,4,,41,Lewis,0,2,0,1,2,2,1,0,6,4,,,,12,0,6,4.8,1,0,1,5,1,1,3,0,0,0,0,SR-508,,-122.7903667,46.57609167,0,3,98,62,4,55,14,0,0,1,2,12,1,1,2,1,1,1,1,53,0,55,404,2018,0,0,12,,,,,,1,1,62,2,7,,4,7,3,0,11,0,04/12/2019,15:25,53019224,19224,0,0,3,3,1,0,0,0,0,96,,,,,,0,,,,,,98570,53,63,126,6,1,0,0,0,0,,99,,,,,,0,,,8,0,0,0,0,9,8,,,0,0,0,8,9,2,1,,,1,,,2,1,0,,,,,,,,,,,,,,,,,,,,,,,,,,,,,,0,0,0,0,0,0,0,0,0,0,0,0,0,0,0,0,1,0,0,0,0,0,0,1,1,1,0,0,0,1,1,0,0,0,0,,1,0,0,0,0,0,0,0,0,0,0,0,0,0,0,0,,,,,,61-65,56-65,State route,R,Friday,Belt Used,PV,White,0,0,0,0,State Route,State Patrol,Washington State Patrol,0,1,0,0,0,,,,,,0,0,0,,,,,,,,,,,98,98,98,1,,,,,20,7,,,,,,,,,,,,,,,
2019,107,E911226,42,04/15/2019,14:02,15,4,,67,Thurston,0,1,0,1,1,7,2,0,3,2,,,,12,0,2,5.7,1,0,1,5,1,2,4,0,0,0,0,CR-RAINIER RD SE,,-122.7699444,46.94554167,0,1,50,10,2,50,4,0,0,1,5,12,2,1,2,1,6,1,2,53,0,12,37,2005,0,0,63,69,68,12,,,1,1,37,1,7,,4,7,3,0,11,0,04/15/2019,14:02,53017424,17424,0,0,0,3,1,33,28,0,0,96,,,,,,99,,,,,,98576,53,72,200,6,1,0,0,1,0,,0,,,,,,0,06/15/2018,06/15/2018,8,0,0,0,0,9,8,,,0,0,0,8,9,8,95,,,96,,,8,95,995,,,,,,,,,,,,,,,,,,,,,,,,,,,,,,0,0,0,0,0,0,0,0,0,0,0,0,0,0,0,0,0,0,0,0,0,0,0,0,0,0,0,0,0,1,0,0,0,0,0,,1,0,0,0,0,0,0,0,0,0,0,0,0,0,0,0,,,,,,36-40,36-45,County road,R,Monday,Belt Used,PV,White,0,1,1,0,County Road,County Sheriff,Thurston County Sheriff's Office,0,0,1,0,0,,,,,,0,0,0,,,,,,,,,,,98,98,98,1,,,,,20,7,,,,,,,,,,,,,,,
2019,107,E911226,42,04/15/2019,14:02,15,4,,67,Thurston,0,1,0,1,1,7,2,0,3,2,,,,12,0,2,5.7,1,0,1,5,1,2,4,0,0,0,0,CR-RAINIER RD SE,,-122.7699444,46.94554167,0,2,51,62,4,50,4,0,0,1,5,12,3,1,2,1,14,2,1,53,0,30,40,2003,0,0,12,,,,,,1,1,37,1,7,,4,7,3,0,11,0,04/15/2019,14:02,53017906,17906,0,0,0,3,1,0,0,0,0,96,,,,,,99,,,,,,98597,53,71,215,6,1,0,0,0,0,,0,,,,,,0,,,8,0,0,0,0,9,8,,,0,0,0,8,9,8,95,,,96,,,8,95,995,,,,,,,,,,,,,,,,,,,,,,,,,,,,,,0,0,0,0,0,0,0,0,0,0,0,0,0,0,0,0,0,0,0,0,0,0,0,0,0,0,0,0,0,1,0,0,0,0,0,,1,0,0,0,0,0,0,0,0,0,0,0,0,0,0,0,,,,,,36-40,36-45,County road,R,Monday,Belt Used,PV,White,0,1,1,0,County Road,County Sheriff,Thurston County Sheriff's Office,0,0,1,0,0,,,,,,0,0,0,,,,,,,,,,,98,98,98,1,,,,,20,7,,,,,,,,,,,,,,,