year,case,par,repjur,crash_dt,crash_tm,accday,accmon,holiday,county,co_char,city,weather,weather2,lightcond,surfcond,surftype,numfatal,nmforms,pforms,vforms,not_tm,arr_tm,hosp_tm,fhevent,hitrun,manncol,milepnt,reljunc,reljuncinter,intersectiontype,funcsystem,landuse,ownership,route,schlbus,spejur,contdev,devfunc,trafid1,trafid2,x,y,wk_zone,vnumber,crashtype,criticalevent,criticaleventcat,spdlim,body,trailer,emerg,hazcargo,leave,mhevent,roadalgn,roadprof,traflane,trafflow,vehmanvr,numoccs,regowner,regstate,spuse,make,model,modelyr,vrf1,vrf2,seqevent1,seqevent2,seqevent3,seqevent4,seqevent5,seqevent6,pnumber,ptype,age,sex,hispanic,race,injury,diedscene,restraint,restraintmisuse,seatpos,takehosp,death_dt,death_tm,cert,cernum_wa,commlic,licendor,licrestrict,liccomp,drivpres,drf1,drf2,drf3,drf4,distract1,distract2,distract3,distract4,distract5,distract6,dricond1,dricond2,dricond3,dricond4,dricond5,dricond6,dzip,licstate,drhgt_in,weight,noncdl,noncdltype,prevdwi,prevoth,prevacc,prevspd,prevsus,driviol1,driviol2,driviol3,driviol4,driviol5,driviol6,spdrel,first_dt,last_dt,airbag,ejection,ejectpath,extricat,injurwrk,methalc,methdrug,nmlocat,strikveh,prf1,prf2,prf3,druginv,alcinvol,drugsts,drugres1,drugres2,drugres3,drugtst1,drugtst2,drugtst3,alcsts,alctst,alcres,nmact1,nmact2,nmact3,nmact4,nmact5,nmact6,nmprior1,nmprior2,nmprior3,nmprior4,nmprior5,nmprior6,nmcond1,nmcond2,nmcond3,nmcond4,nmcond5,nmcond6,nmsafe_helmet,nmsafe_pads,nmsafe_oth,nmprev_ref,nmprev_lgt,nmprev_oth,crashlocation,nmcrashtype,crosswalk,schoolzone,sidewalk,train_inv,wildlife_inv,rotr_fars,intersect_fars,dd_inv,aid_inv,dpd_inv,id_inv,mj_inv,impnm_inv,ainm_inv,dpnm_inv,speed_inv,unlic_inv,unendmc_inv,drowsy_inv,drdist_inv,nmdist_inv,fty_inv,unrestfat_inv,dr1617_inv,dr1820_inv,dr1620_inv,dr2125_inv,dr1625_inv,dr65_inv,dr70_inv,dr75_inv,mc_inv,pv_inv,ht_inv,ped_inv,bike_inv,unrest_fat,mc_fat,unhelmet_mc,pv_fat,ht_fat,ped_fat,bike_fat,dr_alc7,dr_alc8,dr_drug,dr_imp,dr_dist,dr_spd,dr_fty,dr_unlic,dr_alc7only,dr_alc8only,dr_drugonly,dr_drink,nm_imp,nm_alc7,nm_alc8,nm_drug,nm_dist,agegrp1,agegrp2,roadclass,urbrur,dayweek,restuse,vehtype,race_me,intersect,lanedep,oppdir,wrongway,rep_typ,investag,repag_long,rotr,st_rd,cty_rd,city_rd,oth_rd,drug_thc,thc_res,drug_cthc,cthc_res,drug_cann,prevpersemin,prevperse,prevsusoth,drugtst4,drugtst5,drugtst6,drugtst7,drugtst8,drugres4,drugres5,drugres6,drugres7,drugres8,adspresent,adsengaged,adslevel,race1,race2,race3,race4,race5,helmet,helmetmisuse,nmdistract1,nmdistract2,nmdistract3,nmdistract4,nmdistract5,nmdistract6,lab,isedtcase,crf1,crf2,crf3,CoRoadName,CoMP,IntCoRoadName,IntCoMP
2019,133,E917953,146,05/07/2019,3:55,7,5,,77,Yakima,0,1,0,2,1,2,4,0,7,2,,,,12,0,6,60.4,2,0,2,3,1,1,2,0,3,20,3,US-97,LARUE RD,-120.3201833,46.36051111,0,1,87,17,2,50,15,0,0,1,7,12,1,1,2,1,1,6,2,53,0,7,422,2007,0,0,12,1,,,,,1,1,25,1,0,,3,0,20,7,11,8,,,,,0,0,0,0,1,39,0,0,0,96,,,,,,9,,,,,,98951,53,70,225,0,0,0,1,0,0,,97,,,,,,0,05/15/2017,05/15/2017,8,1,9,0,8,9,8,,,0,0,0,8,1,2,695,605,402,1,1,1,2,1,0.025,,,,,,,,,,,,,,,,,,,,,,,,,,,,,,0,0,0,1,1,0,1,1,1,0,0,0,0,1,0,0,0,0,0,0,0,0,0,1,1,0,0,0,0,1,1,0,0,0,0,,0,0,0,0,1,0,1,1,0,0,0,1,0,0,0,1,,,,,,21-25,16-25,US highway,R,Tuesday,Not Used,PV,Not Fatal,1,0,0,0,State Route,County Sheriff,Yakima County Sheriff's Office,0,1,0,0,0,thc,2,carboxy-thc,44,,0,0,0,1,1,,,,996,407,,,,98,98,98,0,,,,,20,7,,,,,,,,,,,,,,,
2019,137,E918060,2,04/17/2019,17:35,17,4,,57,Skagit,0,10,0,1,1,2,1,0,2,1,,,,1,0,0,1.2,8,0,1,5,1,2,4,0,0,0,0,CR-PIONEER HWY,,-122.3455194,48.31470556,0,1,6,12,2,50,6,0,0,1,2,1,1,1,2,1,11,2,1,53,0,48,45,2008,0,0,64,1,3,,,,1,1,21,2,0,,3,0,99,7,11,1,,,,,0,0,0,3,1,48,0,0,0,96,,,,,,99,,,,,,98008,53,65,107,6,1,0,0,0,0,,0,,,,,,0,,,20,0,0,0,8,9,8,,,0,0,0,8,9,8,95,,,96,,,8,95,995,,,,,,,,,,,,,,,,,,,,,,,,,,,,,,0,0,1,0,0,0,0,0,0,0,0,0,0,0,0,0,0,0,0,0,0,0,0,1,1,0,0,0,0,1,0,0,0,0,0,,0,0,0,0,0,0,0,0,0,0,0,0,0,0,0,0,,,,,,21-25,16-25,County road,R,Wednesday,Unknown,PV,Not Fatal,0,0,0,0,County Road,State Patrol,Washington State Patrol,0,0,1,0,0,,,,,,0,0,0,,,,,,,,,,,98,98,98,0,,,,,20,7,,,,,,,,,,,,,,,
2019,210,E918172,4,05/05/2019,14:52,5,5,,1,Adams,0,1,0,1,1,2,1,0,1,1,,,,1,0,0,207.8,1,0,1,1,1,1,1,0,0,0,0,I-90,,-118.6122,47.09911667,1,1,98,5,1,60,80,0,0,1,7,1,1,2,2,3,15,1,1,48,0,72,706,2012,0,0,1,,,,,,1,1,65,1,1,,4,0,20,7,11,8,05/21/2019,20:22,2.11E+11,23321,0,0,0,3,1,0,0,0,0,96,,,,,,0,,,,,,76131,48,,999,6,1,0,0,0,0,,0,,,,,,0,,,20,8,0,0,0,9,8,,,0,0,0,8,0,8,95,,,96,,,8,95,995,,,,,,,,,,,,,,,,,,,,,,,,,,,,,,0,0,0,0,0,0,0,0,0,0,0,0,0,0,0,0,0,0,0,0,0,0,0,0,0,1,0,0,1,0,0,0,0,0,1,0,0,0,0,0,0,0,0,0,0,0,0,0,0,0,0,0,,,,,,61-65,56-65,Interstate,R,Sunday,,MC,Hispanic,0,0,0,0,State Route,State Patrol,Washington State Patrol,0,1,0,0,0,,,,,,0,0,0,,,,,,,,,,,0,0,0,1,,,,,19,0,,,,,,,,,,,,,,,
2019,138,E918296,3,05/01/2019,6:05,1,5,,67,Thurston,0,1,0,4,1,2,1,0,2,2,,,,12,0,6,43.2,2,0,3,3,1,1,2,0,0,0,0,US-12,DENMARK ST SW,-123.0655583,46.81566111,0,1,68,15,2,50,4,0,0,1,2,12,1,1,2,1,11,1,1,53,0,21,21,2000,0,0,12,,,,,,1,1,80,2,0,,0,0,3,0,11,0,,,,,0,0,3,3,1,38,0,0,0,96,,,,,,0,,,,,,98512,53,62,134,6,1,0,0,0,0,,97,,,,,,0,,,8,0,0,0,8,9,8,,,0,0,0,8,0,8,95,,,96,,,8,95,995,,,,,,,,,,,,,,,,,,,,,,,,,,,,,,0,0,0,1,0,0,0,0,0,0,0,0,0,0,1,0,0,0,1,0,0,0,0,0,0,1,1,1,1,1,0,0,0,0,0,,0,0,0,0,0,0,0,0,0,0,1,0,0,0,0,0,,,,,,76-80,76+,US highway,R,Wednesday,Belt Used,PV,Not Fatal,1,0,0,0,State Route,State Patrol,Washington State Patrol,0,1,0,0,0,,,,,,0,0,0,,,,,,,,,,,98,98,98,0,,,,,20,7,,,,,,,,,,,,,,,
2019,138,E918296,3,05/01/2019,6:05,1,5,,67,Thurston,0,1,0,4,1,2,1,0,2,2,,,,12,0,6,43.2,2,0,3,3,1,1,2,0,0,0,0,US-12,DENMARK ST SW,-123.0655583,46.81566111,0,2,69,62,4,50,80,0,0,1,2,12,1,1,2,1,1,1,1,53,0,73,706,1997,0,0,12,,,,,,1,1,58,1,7,,4,7,20,7,11,0,05/01/2019,6:05,53020643,20643,0,0,0,2,1,0,0,0,0,96,,,,,,0,,,,,,98579,53,66,125,6,1,0,0,1,0,,0,,,,,,0,10/15/2016,10/15/2016,20,8,0,0,0,9,8,,,0,0,0,8,0,2,1,,,1,,,2,1,0,,,,,,,,,,,,,,,,,,,,,,,,,,,,,,0,0,0,1,0,0,0,0,0,0,0,0,0,0,1,0,0,0,1,0,0,0,0,0,0,1,1,1,1,1,0,0,0,0,1,0,0,0,0,0,0,0,0,0,0,0,0,0,0,0,0,0,,,,,,56-60,56-65,US highway,R,Wednesday,,MC,White,1,0,0,0,State Route,State Patrol,Washington State Patrol,0,1,0,0,0,,,,,,0,0,0,,,,,,,,,,,0,0,0,1,,,,,5,0,,,,,,,,,,,,,,,
2019,186,E918788,7,04/23/2019,8:41,23,4,,33,King,1960,1,0,1,1,2,1,1,1,1,,,,8,0,0,34.7,1,0,1,3,2,1,3,0,0,0,0,SR-509,,-122.3255389,47.52773056,0,1,13,80,5,60,52,0,0,1,5,8,1,2,4,3,1,1,3,53,3,98,988,2018,0,0,8,,,,,,1,1,49,1,0,,0,0,3,0,11,0,,,,,6,3,3,3,1,0,0,0,0,96,,,,,,0,,,,,,98199,53,72,200,6,1,0,0,0,0,,0,,,,,,0,,,20,0,0,0,8,9,8,,,0,0,0,8,0,8,95,,,96,,,8,95,995,,,,,,,,,,,,,,,,,,,,,,,,,,,,,,0,0,0,0,0,0,0,0,0,1,0,1,0,0,0,0,0,0,0,0,0,0,0,0,0,0,0,0,0,0,0,1,0,0,0,,0,0,0,0,0,0,0,0,0,0,0,0,0,0,0,0,,,,,,46-50,46-55,State route,U,Tuesday,,BUS,Not Fatal,0,0,0,0,State Route,State Patrol,Washington State Patrol,0,1,0,0,0,,,,,,0,0,0,,,,,,,,,,,98,98,98,0,,,,,20,7,,,,,,,,,,,,,,,
2019,135,E918789,7,02/12/2019,14:49,12,2,,33,King,1960,2,0,1,2,2,1,0,2,2,,,,12,0,1,160.2,1,0,1,1,2,1,1,0,0,0,0,I-5,,-122.2984083,47.53655278,0,2,20,50,3,60,6,0,0,1,7,12,1,1,5,3,1,1,2,41,0,35,49,2015,0,0,12,,,,,,1,1,31,1,0,,0,0,3,0,11,0,,,,,0,0,0,3,1,26,0,0,0,96,,,,,,0,,,,,,98122,53,70,160,6,1,0,1,2,2,,58,,,,,,0,06/15/2014,10/15/2017,1,0,0,0,8,9,8,,,0,0,0,8,0,8,95,,,96,,,8,95,995,,,,,,,,,,,,,,,,,,,,,,,,,,,,,,0,0,0,0,0,0,0,0,0,0,0,0,0,1,0,0,0,0,0,1,0,0,0,0,0,0,0,0,0,1,0,0,0,0,0,,0,0,0,0,0,0,0,0,0,0,0,0,0,0,0,0,,,,,,31-35,26-35,Interstate,U,Tuesday,Belt Used,PV,Not Fatal,0,0,0,0,State Route,State Patrol,Washington State Patrol,0,1,0,0,0,,,,,,0,0,0,,,,,,,,,,,98,98,98,0,,,,,20,7,,,,,,,,,,,,,,,
2019,135,E918789,7,02/12/2019,14:49,12,2,,33,King,1960,2,0,1,2,2,1,0,2,2,,,,12,0,1,160.2,1,0,1,1,2,1,1,0,0,0,0,I-5,,-122.2984083,47.53655278,0,1,21,2,1,60,4,0,0,1,2,12,1,1,5,3,7,1,2,53,0,35,47,1997,0,0,12,,,,,,1,1,58,1,1,,4,0,20,7,11,4,02/17/2019,15:31,1.96E+11,9654,0,0,0,0,1,0,0,0,0,96,,,,,,99,,,,,,98198,53,,999,0,0,0,0,0,0,,0,,,,,,0,,,20,0,0,0,0,9,8,,,0,0,0,8,9,2,1,,,1,,,2,1,0,,,,,,,,,,,,,,,,,,,,,,,,,,,,,,0,0,0,0,0,0,0,0,0,0,0,0,0,1,0,0,0,0,0,1,0,0,0,0,0,0,0,0,0,1,0,0,0,1,0,,1,0,0,0,0,0,0,0,0,0,0,1,0,0,0,0,,,,,,56-60,56-65,Interstate,U,Tuesday,Not Used,PV,Hispanic,0,0,0,0,State Route,State Patrol,Washington State Patrol,0,1,0,0,0,,,,,,0,0,0,,,,,,,,,,,0,0,0,298,,,,,20,7,,,,,,,,,,,,,,,
2019,192,E919375,173,05/11/2019,20:40,11,5,,53,Pierce,1124,1,0,1,1,2,1,0,2,1,,,,1,0,0,0,1,0,1,5,2,4,6,0,0,0,0,DURANGO ST SW,,-122.4874861,47.18309444,0,1,6,12,2,35,2,0,0,1,7,1,1,1,2,1,1,2,1,53,0,35,48,2007,0,0,68,64,1,19,,,1,1,20,1,7,,4,0,99,7,11,5,05/17/2019,16:23,2.23E+11,23274,0,0,3,3,1,0,0,0,0,96,,,,,,99,,,,,,98498,53,67,140,6,1,0,0,1,0,,0,,,,,,4,03/15/2019,03/15/2019,8,0,0,0,0,9,8,,,0,0,0,8,9,8,95,,,96,,,8,95,995,,,,,,,,,,,,,,,,,,,,,,,,,,,,,,0,0,1,0,0,0,0,0,0,0,0,0,1,0,0,0,0,0,0,0,0,1,1,0,1,0,0,0,0,1,0,0,0,0,0,,1,0,0,0,0,0,0,0,0,1,0,0,0,0,0,0,,,,,,18-20,16-25,City street,U,Saturday,Unknown,PV,API,0,1,0,0,City Street,Municipal/City Police,Lakewood Police Department,1,0,0,1,0,,,,,,0,0,0,,,,,,,,,,,98,98,98,7,,,,,20,7,,,,,,,,,,,,,,,
2019,139,E919553,8,05/03/2019,14:34,3,5,,31,Jefferson,0,1,0,1,1,2,1,0,2,2,,,,12,0,6,11.3,2,0,2,3,1,1,3,0,0,20,3,SR-104,TEAL LAKE RD,-122.6868833,47.87065,0,1,82,15,2,60,4,0,0,1,2,12,1,1,2,1,11,1,1,53,0,32,51,2013,0,0,12,71,24,,,,1,1,80,1,0,,0,0,3,0,11,0,,,,,0,0,0,3,1,48,0,0,0,96,,,,,,0,,,,,,98365,53,69,220,6,1,0,1,0,0,,46,,,,,,0,07/15/2014,07/15/2014,20,0,0,0,8,9,8,,,0,0,0,8,0,8,95,,,96,,,8,95,995,,,,,,,,,,,,,,,,,,,,,,,,,,,,,,0,0,0,1,0,0,1,1,0,0,0,0,0,0,0,0,0,0,0,0,0,0,0,0,0,1,1,1,1,1,0,0,0,0,0,,0,0,0,0,0,0,0,0,0,0,0,0,0,0,0,0,,,,,,76-80,76+,State route,R,Friday,Belt Used,PV,Not Fatal,1,0,0,0,State Route,State Patrol,Washington State Patrol,0,1,0,0,0,,,,,,0,0,0,,,,,,,,,,,98,98,98,0,,,,,20,7,,,,,,,,,,,,,,,
2019,139,E919553,8,05/03/2019,14:34,3,5,,31,Jefferson,0,1,0,1,1,2,1,0,2,2,,,,12,0,6,11.3,2,0,2,3,1,1,3,0,0,0,0,SR-104,TEAL LAKE RD,-122.6868833,47.87065,0,2,83,67,4,60,80,0,0,1,2,12,1,1,2,1,1,1,1,53,0,53,706,2005,0,0,12,,,,,,1,1,72,1,7,,4,7,20,7,11,0,05/03/2019,14:34,53020976,20976,0,0,3,3,1,0,0,0,0,96,,,,,,0,,,,,,98368,53,69,178,6,1,0,0,0,0,,0,,,,,,0,,,20,8,0,0,0,9,8,,,0,0,0,8,9,2,177,,,1,,,2,1,0,,,,,,,,,,,,,,,,,,,,,,,,,,,,,,0,0,0,1,0,0,1,1,0,0,0,0,0,0,0,0,0,0,0,0,0,0,0,0,0,1,1,1,1,1,0,0,0,0,1,0,0,0,0,0,0,0,1,1,0,0,0,0,0,0,1,0,,,,,,71-75,66-75,State route,R,Friday,,MC,White,1,0,0,0,State Route,State Patrol,Washington State Patrol,0,1,0,0,0,,,,,,0,0,0,,,,,,,,,,,0,0,0,1,,,,,5,0,,,,,,,,,,,,,,,
2019,204,E919639,65,05/05/2019,19:25,5,5,,53,Pierce,160,1,0,1,1,2,1,0,4,2,,,,12,0,2,5.8,3,0,2,3,2,1,3,0,0,3,3,SR-410,S PRAIRIE RD,-122.16405,47.16939722,0,1,50,10,2,40,4,0,0,1,7,12,1,2,4,1,1,1,1,53,0,35,47,2015,0,0,68,12,,,,,1,1,76,1,7,,4,0,20,7,11,5,05/12/2019,4:55,2.23E+11,21773,0,0,0,3,1,28,0,0,0,92,,,,,,0,,,,,,98373,53,70,200,6,1,0,0,0,0,,0,,,,,,0,,,20,0,0,0,0,9,8,,,0,0,0,8,0,2,996,996,,1,1,,2,1,0,,,,,,,,,,,,,,,,,,,,,,,,,,,,,,0,0,0,1,0,0,1,1,0,0,0,0,0,1,0,0,1,0,0,1,0,0,0,0,0,1,1,1,0,1,0,0,0,1,0,,1,0,0,0,0,0,1,1,1,0,0,0,0,0,1,0,,,,,,76-80,76+,State route,U,Sunday,Not Used,PV,White,1,0,0,0,State Route,Municipal/City Police,Bonney Lake Police Department,0,1,0,0,0,,,,,,0,0,0,,,,,,,,,,,98,98,98,1,,,,,20,7,,,,,,,,,,,,,,,
2019,204,E919639,65,05/05/2019,19:25,5,5,,53,Pierce,160,1,0,1,1,2,1,0,4,2,,,,12,0,2,5.8,3,0,2,3,2,1,3,0,0,3,3,SR-410,S PRAIRIE RD,-122.16405,47.16939722,0,2,51,62,4,40,14,0,0,1,7,12,1,2,4,2,2,3,1,53,0,12,401,2014,0,0,12,,,,,,1,1,33,1,0,,2,0,3,0,11,5,,,,,0,0,3,2,1,0,0,0,0,96,,,,,,0,,,,,,98391,53,68,185,1,1,0,0,0,0,,97,,,,,,0,03/15/2019,03/15/2019,8,0,0,0,8,9,8,,,0,0,0,8,0,8,95,,,96,,,8,95,995,,,,,,,,,,,,,,,,,,,,,,,,,,,,,,0,0,0,1,0,0,1,1,0,0,0,0,0,1,0,0,1,0,0,1,0,0,0,0,0,1,1,1,0,1,0,0,0,0,0,,0,0,0,0,0,0,0,0,0,0,0,1,0,0,0,0,,,,,,31-35,26-35,State route,U,Sunday,Belt Used,PV,Not Fatal,1,0,0,0,State Route,Municipal/City Police,Bonney Lake Police Department,0,1,0,0,0,,,,,,0,0,1,,,,,,,,,,,98,98,98,0,,,,,20,7,,,,,,,,,,,,,,,
2019,140,E919740,6,04/30/2019,21:16,30,4,,25,Grant,0,1,0,2,1,2,1,0,8,2,,,,12,0,6,12,2,0,2,4,1,1,3,0,0,0,0,SR-283,ROAD 9 NW,-119.6438056,47.22064167,0,2,86,66,4,60,15,0,0,1,2,12,1,1,2,1,1,6,1,53,0,49,422,2006,0,0,12,,,,,,1,1,54,8,0,,1,0,3,0,11,5,,,,,0,0,3,3,1,0,0,0,0,96,,,,,,0,,,,,,98823,53,65,180,6,1,0,0,0,0,,0,,,,,,0,,,1,0,0,0,8,9,8,,,0,0,0,8,0,8,95,,,96,,,8,95,995,,,,,,,,,,,,,,,,,,,,,,,,,,,,,,0,0,0,1,1,0,0,0,0,0,0,0,0,1,0,0,0,0,1,1,0,0,0,0,0,0,0,0,0,1,0,0,0,0,0,,0,0,0,0,0,0,0,0,0,0,0,0,0,0,0,0,,,,,,51-55,46-55,State route,R,Tuesday,Belt Used,PV,Not Fatal,1,0,0,0,State Route,State Patrol,Washington State Patrol,0,1,0,0,0,,,,,,0,0,0,,,,,,,,,,,98,98,98,0,,,,,20,7,,,,,,,,,,,,,,,
2019,140,E919740,6,04/30/2019,21:16,30,4,,25,Grant,0,1,0,2,1,2,1,0,8,2,,,,12,0,6,12,2,0,2,4,1,1,3,0,0,20,3,SR-283,ROAD 9 NW,-119.6438056,47.22064167,0,1,87,15,2,50,4,0,0,1,2,12,1,1,2,1,1,2,2,53,0,22,22,2007,0,0,12,,,,,,1,1,38,1,0,,1,0,3,0,11,5,,,,,0,0,0,2,1,38,91,0,0,96,,,,,,0,,,,,,98837,53,68,188,1,1,0,1,0,0,,2,71,76,,,,0,08/15/2014,09/15/2018,20,0,0,0,8,9,8,,,0,0,0,8,1,8,95,,,96,,,8,95,995,,,,,,,,,,,,,,,,,,,,,,,,,,,,,,0,0,0,1,1,0,0,0,0,0,0,0,0,1,0,0,0,0,1,1,0,0,0,0,0,0,0,0,0,1,0,0,0,0,0,,0,0,0,0,0,0,0,0,0,0,1,1,0,0,0,1,,,,,,36-40,36-45,State route,R,Tuesday,Belt Used,PV,Not Fatal,1,0,0,0,State Route,State Patrol,Washington State Patrol,0,1,0,0,0,,,,,,0,0,4,,,,,,,,,,,98,98,98,0,,,,,20,7,,,,,,,,,,,,,,,
2019,144,E920450,6,05/11/2019,11:57,11,5,,47,Okanogan,0,1,0,1,1,2,1,0,3,2,,,,12,0,8,278.7,1,0,1,4,1,1,3,0,0,29,3,SR-20,,-119.1203222,48.68777222,0,1,64,10,2,60,80,0,0,1,7,12,2,2,2,1,14,1,9,95,0,72,706,2002,0,0,68,12,,,,,1,1,64,1,7,,4,7,20,7,11,0,05/11/2019,11:57,53021771,21771,99,9,9,9,1,28,0,0,0,96,,,,,,99,,,,,,0,95,,999,9,9,99,99,99,99,,0,,,,,,4,,,20,8,0,0,0,9,8,,,0,0,0,8,9,2,1,,,1,,,2,1,0,,,,,,,,,,,,,,,,,,,,,,,,,,,,,,0,0,0,0,0,0,0,0,0,0,0,0,1,0,0,0,0,0,0,0,0,0,0,0,0,0,0,0,1,1,0,0,0,0,1,0,0,0,0,0,0,0,0,0,0,1,0,0,0,0,0,0,,,,,,61-65,56-65,State route,R,Saturday,,MC,White,0,1,1,0,State Route,State Patrol,Washington State Patrol,0,1,0,0,0,,,,,,99,99,99,,,,,,,,,,,0,0,0,1,,,,,5,0,,,,,,,,,,,,,,,
2019,144,E920450,6,05/11/2019,11:57,11,5,,47,Okanogan,0,1,0,1,1,2,1,0,3,2,,,,12,0,8,278.7,1,0,1,4,1,1,3,0,0,29,3,SR-20,,-119.1203222,48.68777222,0,2,65,62,4,60,34,1,0,1,7,12,3,2,2,1,14,2,1,53,0,20,481,2018,0,0,12,,,,,,1,1,64,1,0,,0,0,3,0,11,0,,,,,0,0,3,3,1,0,0,0,0,96,,,,,,0,,,,,,98501,53,72,200,6,1,0,0,0,0,,0,,,,,,0,,,20,0,0,0,8,9,8,,,0,0,0,8,0,8,95,,,96,,,8,95,995,,,,,,,,,,,,,,,,,,,,,,,,,,,,,,0,0,0,0,0,0,0,0,0,0,0,0,1,0,0,0,0,0,0,0,0,0,0,0,0,0,0,0,1,1,0,0,0,0,0,,0,0,0,0,0,0,0,0,0,0,0,0,0,0,0,0,,,,,,61-65,56-65,State route,R,Saturday,Belt Used,PV,Not Fatal,0,1,1,0,State Route,State Patrol,Washington State Patrol,0,1,0,0,0,,,,,,0,0,0,,,,,,,,,,,98,98,98,0,,,,,20,7,,,,,,,,,,,,,,,
2019,141,E920493,290,05/14/2019,21:31,14,5,,53,Pierce,2230,2,0,3,2,2,1,1,1,1,,,,8,1,0,0,1,0,1,7,2,4,6,0,3,0,0,44TH AVE NE,,-122.388925,47.28567222,0,1,13,80,5,25,4,0,0,1,5,8,1,2,2,1,1,99,9,99,0,99,399,9999,0,0,8,,,,,,1,1,18,1,0,,0,0,99,7,11,0,,,,,0,0,0,0,1,0,0,0,0,96,,,,,,99,,,,,,98023,53,71,180,0,0,0,2,0,0,,97,,,,,,0,08/15/2017,08/15/2017,99,9,0,0,8,9,8,,,0,0,0,8,9,8,95,,,96,,,8,95,995,,,,,,,,,,,,,,,,,,,,,,,,,,,,,,0,0,0,0,0,0,0,0,0,0,0,0,0,1,0,0,0,0,0,0,0,1,1,0,1,0,0,0,0,1,0,1,0,0,0,,0,0,0,0,0,0,0,0,0,0,0,1,0,0,0,0,,,,,,18-20,16-25,City street,U,Tuesday,Unknown,PV,Not Fatal,0,0,0,0,City Street,Municipal/City Police,Tacoma Police Department,0,0,0,1,0,,,,,,1,0,2,,,,,,,,,,,98,98,98,0,,,,,20,7,,,,,,,,,,,,,,,
2019,518,E920826,25,05/09/2019,14:44,9,5,,33,King,0,1,0,1,1,2,1,0,1,1,,,,34,0,0,9999.9,1,0,1,5,1,2,4,0,0,0,0,CR-CUMBERLAND KANASKET,,-121.8919694,47.31527222,0,1,1,13,2,98,14,0,0,1,7,34,3,1,2,1,14,1,1,53,0,37,402,2013,0,0,63,34,1,42,,,1,1,91,1,7,,4,0,3,0,11,8,05/20/2019,22:49,1.96E+11,23266,0,0,3,2,1,0,0,0,0,96,,,,,,0,,,,,,98051,53,70,167,4,1,0,0,3,0,,0,,,,,,0,11/15/2016,05/15/2019,8,0,0,0,0,9,8,,,0,0,0,8,0,8,95,,,96,,,8,95,995,,,,,,,,,,,,,,,,,,,,,,,,,,,,,,0,0,1,0,0,0,0,0,0,0,0,0,0,1,0,0,0,0,0,0,0,0,0,0,0,1,1,1,0,1,0,0,0,0,0,,1,0,0,0,0,0,0,0,0,0,0,1,0,0,0,0,,,,,,81+,76+,County road,R,Thursday,Belt Used,PV,White,0,1,0,0,County Road,County Sheriff,King County Police,1,0,1,0,0,,,,,,0,0,1,,,,,,,,,,,98,98,98,1,,,,,20,7,,,,,,,,,,,,,,,
2019,145,E921240,184,05/16/2019,18:07,16,5,,61,Snohomish,1215,2,0,1,2,2,1,2,1,1,,,,33,0,0,0,3,0,2,7,2,4,6,0,0,0,0,188TH ST SW,47TH AVE W,-122.2971944,47.82828611,0,1,6,12,2,30,14,0,0,1,7,8,1,2,2,2,1,1,1,53,0,37,402,2001,0,0,65,64,33,8,18,33,1,1,23,2,0,,1,0,99,7,11,8,,,,,0,0,0,3,1,0,0,0,0,96,,,,,,99,,,,,,98204,53,67,180,6,1,0,0,0,1,,97,,,,,,0,09/15/2018,09/15/2018,8,0,0,0,8,9,8,,,0,0,0,8,9,8,95,,,96,,,8,95,995,,,,,,,,,,,,,,,,,,,,,,,,,,,,,,0,0,1,1,0,0,0,0,0,0,0,0,0,0,0,0,0,0,0,0,0,0,0,1,1,0,0,0,0,1,0,1,0,0,0,,0,0,0,0,0,0,0,0,0,0,0,0,0,0,0,0,,,,,,21-25,16-25,City street,U,Thursday,Unknown,PV,Not Fatal,0,1,0,0,City Street,Municipal/City Police,Lynnwood Police Department,1,0,0,1,0,,,,,,0,0,0,,,,,,,,,,,98,98,98,0,,,,,20,7,,,,,,,,,,,,,,,
2019,146,E921356,5,05/02/2019,23:35,2,5,,15,Cowlitz,0,10,0,2,1,2,1,0,2,1,,,,43,0,0,1.2,1,0,1,4,1,1,3,0,0,0,0,SR-504,,-122.8919361,46.298875,0,1,1,6,1,55,6,0,0,1,2,42,3,3,2,1,14,2,2,53,0,12,37,2002,0,0,63,43,67,42,,,1,1,45,1,0,,2,0,3,0,11,8,,,,,0,0,0,0,1,0,0,0,0,96,,,,,,99,,,,,,98626,53,73,220,0,0,0,0,0,0,,97,,,,,,4,,,1,0,0,0,8,9,8,,,0,0,0,8,1,8,95,,,96,,,8,95,995,,,,,,,,,,,,,,,,,,,,,,,,,,,,,,0,0,1,0,1,0,0,0,0,0,0,0,1,1,0,0,0,0,0,0,0,0,0,0,0,0,0,0,0,1,0,0,0,0,0,,0,0,0,0,0,0,0,0,0,1,0,1,0,0,0,1,,,,,,41-45,36-45,State route,R,Thursday,Belt Used,PV,Not Fatal,0,1,0,0,State Route,State Patrol,Washington State Patrol,1,1,0,0,0,,,,,,0,0,0,,,,,,,,,,,98,98,98,0,,,,,20,7,,,,,,,,,,,,,,,