year,case,par,repjur,crash_dt,crash_tm,accday,accmon,holiday,county,co_char,city,weather,weather2,lightcond,surfcond,surftype,numfatal,nmforms,pforms,vforms,not_tm,arr_tm,hosp_tm,fhevent,hitrun,manncol,milepnt,reljunc,reljuncinter,intersectiontype,funcsystem,landuse,ownership,route,schlbus,spejur,contdev,devfunc,trafid1,trafid2,x,y,wk_zone,vnumber,crashtype,criticalevent,criticaleventcat,spdlim,body,trailer,emerg,hazcargo,leave,mhevent,roadalgn,roadprof,traflane,trafflow,vehmanvr,numoccs,regowner,regstate,spuse,make,model,modelyr,vrf1,vrf2,seqevent1,seqevent2,seqevent3,seqevent4,seqevent5,seqevent6,pnumber,ptype,age,sex,hispanic,race,injury,diedscene,restraint,restraintmisuse,seatpos,takehosp,death_dt,death_tm,cert,cernum_wa,commlic,licendor,licrestrict,liccomp,drivpres,drf1,drf2,drf3,drf4,distract1,distract2,distract3,distract4,distract5,distract6,dricond1,dricond2,dricond3,dricond4,dricond5,dricond6,dzip,licstate,drhgt_in,weight,noncdl,noncdltype,prevdwi,prevoth,prevacc,prevspd,prevsus,driviol1,driviol2,driviol3,driviol4,driviol5,driviol6,spdrel,first_dt,last_dt,airbag,ejection,ejectpath,extricat,injurwrk,methalc,methdrug,nmlocat,strikveh,prf1,prf2,prf3,druginv,alcinvol,drugsts,drugres1,drugres2,drugres3,drugtst1,drugtst2,drugtst3,alcsts,alctst,alcres,nmact1,nmact2,nmact3,nmact4,nmact5,nmact6,nmprior1,nmprior2,nmprior3,nmprior4,nmprior5,nmprior6,nmcond1,nmcond2,nmcond3,nmcond4,nmcond5,nmcond6,nmsafe_helmet,nmsafe_pads,nmsafe_oth,nmprev_ref,nmprev_lgt,nmprev_oth,crashlocation,nmcrashtype,crosswalk,schoolzone,sidewalk,train_inv,wildlife_inv,rotr_fars,intersect_fars,dd_inv,aid_inv,dpd_inv,id_inv,mj_inv,impnm_inv,ainm_inv,dpnm_inv,speed_inv,unlic_inv,unendmc_inv,drowsy_inv,drdist_inv,nmdist_inv,fty_inv,unrestfat_inv,dr1617_inv,dr1820_inv,dr1620_inv,dr2125_inv,dr1625_inv,dr65_inv,dr70_inv,dr75_inv,mc_inv,pv_inv,ht_inv,ped_inv,bike_inv,unrest_fat,mc_fat,unhelmet_mc,pv_fat,ht_fat,ped_fat,bike_fat,dr_alc7,dr_alc8,dr_drug,dr_imp,dr_dist,dr_spd,dr_fty,dr_unlic,dr_alc7only,dr_alc8only,dr_drugonly,dr_drink,nm_imp,nm_alc7,nm_alc8,nm_drug,nm_dist,agegrp1,agegrp2,roadclass,urbrur,dayweek,restuse,vehtype,race_me,intersect,lanedep,oppdir,wrongway,rep_typ,investag,repag_long,rotr,st_rd,cty_rd,city_rd,oth_rd,drug_thc,thc_res,drug_cthc,cthc_res,drug_cann,prevpersemin,prevperse,prevsusoth,drugtst4,drugtst5,drugtst6,drugtst7,drugtst8,drugres4,drugres5,drugres6,drugres7,drugres8,adspresent,adsengaged,adslevel,race1,race2,race3,race4,race5,helmet,helmetmisuse,nmdistract1,nmdistract2,nmdistract3,nmdistract4,nmdistract5,nmdistract6,lab,isedtcase,crf1,crf2,crf3,CoRoadName,CoMP,IntCoRoadName,IntCoMP
2019,159,E926447,157,05/24/2019,5:30,24,5,,15,Cowlitz,1000,10,0,2,1,2,1,0,1,2,,,,14,0,0,0,1,0,1,7,2,4,6,0,0,0,0,W FRONTAGE RD,,-122.8466028,46.00892778,0,1,1,13,2,50,4,0,0,1,7,2,8,8,2,1,1,1,1,53,0,30,40,1998,0,0,63,14,2,,,,1,1,49,1,7,,4,7,99,7,11,0,05/24/2019,5:30,1.00E+11,25167,0,0,3,3,1,0,0,0,0,92,,,,,,99,,,,,,98584,53,70,195,6,1,0,0,0,0,,0,,,,,,0,,,99,0,0,0,0,9,8,,,0,0,0,8,9,2,605,695,,1,1,,2,1,0,,,,,,,,,,,,,,,,,,,,,,,,,,,,,,0,0,1,0,0,0,1,1,1,0,0,0,0,0,0,0,1,0,0,0,0,0,0,0,0,0,0,0,0,1,1,0,0,0,0,,1,0,0,0,0,0,1,1,1,0,0,0,0,0,1,0,,,,,,46-50,46-55,City street,U,Friday,Unknown,PV,White,0,1,0,0,City Street,Municipal/City Police,Kalama Police Department,1,0,0,1,0,thc,35,carboxy-thc,45,,0,0,0,,,,,,,,,,,0,0,0,1,,,,,20,7,,,,,,,nms,,,,,,,,
2019,162,E926609,278,06/02/2019,20:44,2,6,,63,Spokane,2110,1,0,5,1,2,1,0,4,2,,,,12,0,6,0,2,0,2,7,2,4,6,0,0,0,0,W GARLAND AVE,N NORMANDIE ST,-117.4138417,47.69346667,0,1,73,60,4,30,80,0,0,1,7,12,1,1,2,1,6,1,2,53,0,71,706,2017,0,0,68,12,,,,,1,1,42,1,7,,4,7,20,7,11,0,06/02/2019,20:44,2.11E+11,25396,0,0,0,3,1,33,0,0,0,96,,,,,,99,,,,,,99208,53,71,268,6,1,0,0,0,0,,0,,,,,,3,,,20,8,0,0,0,9,8,,,0,0,0,8,9,2,996,996,,1,1,,2,1,0.1,,,,,,,,,,,,,,,,,,,,,,,,,,,,,,0,0,0,1,1,1,1,1,0,0,0,0,1,0,0,0,0,0,0,0,0,0,0,0,0,0,0,0,1,1,0,0,0,0,1,0,0,0,0,0,0,1,1,1,0,1,0,0,0,0,0,1,,,,,,41-45,36-45,City street,U,Sunday,,MC,White,1,0,0,0,City Street,Municipal/City Police,Spokane Police Department,0,0,0,1,0,,,,,,0,0,0,,,,,,,,,,,0,0,0,1,,,,,19,0,,,,,,,,,,,,,,,
2019,162,E926609,278,06/02/2019,20:44,2,6,,63,Spokane,2110,1,0,5,1,2,1,0,4,2,,,,12,0,6,0,2,0,2,7,2,4,6,0,0,0,0,W GARLAND AVE,N NORMANDIE ST,-117.4138417,47.69346667,0,2,72,15,2,30,14,0,0,1,7,12,1,1,2,1,11,3,1,53,0,49,401,2017,0,0,12,,,,,,1,1,30,1,0,,0,0,3,0,11,0,,,,,0,0,0,3,1,0,0,0,0,96,,,,,,0,,,,,,99208,53,72,175,6,1,0,0,0,0,,0,,,,,,0,,,20,0,0,0,8,9,8,,,0,0,0,8,0,8,95,,,96,,,8,95,995,,,,,,,,,,,,,,,,,,,,,,,,,,,,,,0,0,0,1,1,1,1,1,0,0,0,0,1,0,0,0,0,0,0,0,0,0,0,0,0,0,0,0,1,1,0,0,0,0,0,,0,0,0,0,0,0,0,0,0,0,0,0,0,0,0,0,,,,,,26-30,26-35,City street,U,Sunday,Belt Used,PV,Not Fatal,1,0,0,0,City Street,Municipal/City Police,Spokane Police Department,0,0,0,1,0,,,,,,0,0,0,,,,,,,,,,,98,98,98,0,,,,,20,7,,,,,,,,,,,,,,,
2019,163,E926809,2,05/26/2019,11:10,26,5,,73,Whatcom,0,1,0,1,1,4,1,0,2,1,,,,24,0,0,8.5,1,0,1,7,1,2,4,0,0,0,0,CR-MOSQUITO LAKE RD,,-122.1180333,48.78568611,0,1,6,6,1,35,80,0,0,1,2,24,2,2,2,1,14,2,1,53,0,72,706,2006,0,0,68,64,24,,,,1,1,62,1,0,,3,0,20,7,11,8,,,,,0,0,3,3,1,0,0,0,0,93,,,,,,0,,,,,,98252,53,72,200,6,1,0,0,0,0,,97,,,,,,0,,,20,8,0,0,8,9,8,,,0,0,0,8,0,8,95,,,96,,,8,95,995,,,,,,,,,,,,,,,,,,,,,,,,,,,,,,0,0,1,0,0,0,0,0,0,0,0,0,0,0,0,0,1,0,0,0,0,0,0,0,0,0,0,0,1,0,0,0,0,0,0,0,0,0,0,0,0,0,0,0,1,0,0,0,0,0,0,0,,,,,,61-65,56-65,County road,R,Sunday,,MC,Not Fatal,0,1,0,0,County Road,State Patrol,Washington State Patrol,1,0,1,0,0,,,,,,0,0,0,,,,,,,,,,,0,0,0,0,,,,,5,0,,,,,,,,,,,,,,,
2019,164,E926984,1,05/28/2019,15:11,28,5,,23,Garfield,0,1,0,1,1,2,1,0,8,7,,,,12,0,1,402,1,0,1,3,1,1,2,0,0,50,3,US-12,,-117.5644694,46.47478889,1,5,98,50,3,55,80,0,0,1,2,12,1,1,2,1,5,1,9,95,0,98,706,2016,0,0,12,,,,,,1,1,52,1,7,,4,7,20,7,11,0,05/28/2019,15:11,53024140,24140,99,9,9,9,1,0,0,0,0,0,,,,,,0,,,,,,0,95,,999,9,9,99,99,99,99,,0,,,,,,0,,,20,8,0,0,0,9,8,,,0,0,0,8,0,8,95,,,96,,,8,95,995,,,,,,,,,,,,,,,,,,,,,,,,,,,,,,0,0,0,0,0,0,0,0,0,0,0,0,0,0,0,0,1,0,0,0,0,0,0,0,0,1,1,0,1,1,1,0,0,0,1,0,0,0,0,0,0,0,0,0,0,0,0,0,0,0,0,0,,,,,,51-55,46-55,US highway,R,Tuesday,,MC,White,0,0,0,0,State Route,State Patrol,Washington State Patrol,0,1,0,0,0,,,,,,99,99,99,,,,,,,,,,,0,0,0,1,,,,,5,0,,,,,,,,,,,,,,,
2019,164,E926984,1,05/28/2019,15:11,28,5,,23,Garfield,0,1,0,1,1,2,1,0,8,7,,,,12,0,1,402,1,0,1,3,1,1,2,0,0,50,3,US-12,,-117.5644694,46.47478889,1,4,98,50,3,55,80,0,0,1,2,12,1,1,2,1,5,1,1,53,0,34,706,2012,0,0,12,,,,,,1,1,52,1,0,,0,0,20,7,11,0,,,,,0,0,3,3,1,0,0,0,0,0,,,,,,0,,,,,,98004,53,73,200,6,1,0,0,0,0,,0,,,,,,0,,,20,8,0,0,8,9,8,,,0,0,0,8,0,8,95,,,96,,,8,95,995,,,,,,,,,,,,,,,,,,,,,,,,,,,,,,0,0,0,0,0,0,0,0,0,0,0,0,0,0,0,0,1,0,0,0,0,0,0,0,0,1,1,0,1,1,1,0,0,0,0,0,0,0,0,0,0,0,0,0,0,0,0,0,0,0,0,0,,,,,,51-55,46-55,US highway,R,Tuesday,,MC,Not Fatal,0,0,0,0,State Route,State Patrol,Washington State Patrol,0,1,0,0,0,,,,,,0,0,0,,,,,,,,,,,0,0,0,0,,,,,5,0,,,,,,,,,,,,,,,
2019,164,E926984,1,05/28/2019,15:11,28,5,,23,Garfield,0,1,0,1,1,2,1,0,8,7,,,,12,0,1,402,1,0,1,3,1,1,2,0,0,50,3,US-12,,-117.5644694,46.47478889,1,3,98,53,3,55,21,0,0,1,7,12,1,1,2,1,5,1,3,53,0,20,461,2007,0,0,12,12,12,12,,,1,1,53,1,0,,0,0,3,0,11,0,,,,,0,0,0,3,1,0,0,0,0,0,,,,,,0,,,,,,99111,53,71,300,6,1,0,0,0,0,,0,,,,,,0,,,20,0,0,0,8,9,8,,,0,0,0,8,0,8,95,,,96,,,8,95,995,,,,,,,,,,,,,,,,,,,,,,,,,,,,,,0,0,0,0,0,0,0,0,0,0,0,0,0,0,0,0,1,0,0,0,0,0,0,0,0,1,1,0,1,1,1,0,0,0,0,,0,0,0,0,0,0,0,0,0,0,0,0,0,0,0,0,,,,,,51-55,46-55,US highway,R,Tuesday,Belt Used,PV,Not Fatal,0,0,0,0,State Route,State Patrol,Washington State Patrol,0,1,0,0,0,,,,,,0,0,0,,,,,,,,,,,98,98,98,0,,,,,20,7,,,,,,,,,,,,,,,
2019,164,E926984,1,05/28/2019,15:11,28,5,,23,Garfield,0,1,0,1,1,2,1,0,8,7,,,,12,0,1,402,1,0,1,3,1,1,2,0,0,50,3,US-12,,-117.5644694,46.47478889,1,6,98,50,3,55,14,0,0,1,7,12,1,1,2,1,5,1,1,53,0,12,401,2013,0,0,12,12,,,,,1,1,39,2,0,,0,0,3,0,11,0,,,,,0,0,0,3,1,0,0,0,0,0,,,,,,0,,,,,,99347,53,67,220,6,1,0,0,0,0,,0,,,,,,0,,,20,0,0,0,8,9,8,,,0,0,0,8,0,8,95,,,96,,,8,95,995,,,,,,,,,,,,,,,,,,,,,,,,,,,,,,0,0,0,0,0,0,0,0,0,0,0,0,0,0,0,0,1,0,0,0,0,0,0,0,0,1,1,0,1,1,1,0,0,0,0,,0,0,0,0,0,0,0,0,0,0,0,0,0,0,0,0,,,,,,36-40,36-45,US highway,R,Tuesday,Belt Used,PV,Not Fatal,0,0,0,0,State Route,State Patrol,Washington State Patrol,0,1,0,0,0,,,,,,0,0,0,,,,,,,,,,,98,98,98,0,,,,,20,7,,,,,,,,,,,,,,,
2019,164,E926984,1,05/28/2019,15:11,28,5,,23,Garfield,0,1,0,1,1,2,1,0,8,7,,,,12,0,1,402,1,0,1,3,1,1,2,0,0,50,3,US-12,,-117.5644694,46.47478889,1,1,20,50,3,55,66,1,0,1,7,12,1,1,2,1,1,1,3,53,0,87,881,1999,0,0,12,,,,,,1,1,57,1,0,,0,0,3,0,11,0,,,,,6,1,3,3,1,0,0,0,0,93,,,,,,0,,,,,,99350,53,70,220,6,1,0,1,0,0,,97,,,,,,0,01/15/2018,01/15/2018,20,0,0,0,8,9,2,,,0,0,0,0,0,8,95,,,96,,,8,95,995,,,,,,,,,,,,,,,,,,,,,,,,,,,,,,0,0,0,0,0,0,0,0,0,0,0,0,0,0,0,0,1,0,0,0,0,0,0,0,0,1,1,0,1,1,1,0,0,0,0,,0,0,0,0,0,0,0,0,1,0,0,0,0,0,0,0,,,,,,56-60,56-65,US highway,R,Tuesday,,MHTRUCK,Not Fatal,0,0,0,0,State Route,State Patrol,Washington State Patrol,0,1,0,0,0,,,,,,0,0,0,,,,,,,,,,,0,0,0,0,,,,,20,7,,,,,,,,,,,,,,,
2019,164,E926984,1,05/28/2019,15:11,28,5,,23,Garfield,0,1,0,1,1,2,1,0,8,7,,,,12,0,1,402,1,0,1,3,1,1,2,0,0,50,3,US-12,,-117.5644694,46.47478889,1,2,21,50,3,55,4,0,0,1,2,12,1,1,2,1,5,2,3,53,0,49,40,2019,0,0,12,12,,,,,1,1,71,2,0,,1,0,3,0,11,4,,,,,0,0,0,3,1,0,0,0,0,0,,,,,,0,,,,,,99403,53,66,140,6,1,0,0,0,0,,0,,,,,,0,,,8,0,0,0,8,9,8,,,0,0,0,8,0,8,95,,,96,,,8,95,995,,,,,,,,,,,,,,,,,,,,,,,,,,,,,,0,0,0,0,0,0,0,0,0,0,0,0,0,0,0,0,1,0,0,0,0,0,0,0,0,1,1,0,1,1,1,0,0,0,0,,0,0,0,0,0,0,0,0,0,0,0,0,0,0,0,0,,,,,,71-75,66-75,US highway,R,Tuesday,Belt Used,PV,Not Fatal,0,0,0,0,State Route,State Patrol,Washington State Patrol,0,1,0,0,0,,,,,,0,0,0,,,,,,,,,,,98,98,98,0,,,,,20,7,,,,,,,,,,,,,,,
2019,164,E926984,1,05/28/2019,15:11,28,5,,23,Garfield,0,1,0,1,1,2,1,0,8,7,,,,12,0,1,402,1,0,1,3,1,1,2,0,0,50,3,US-12,,-117.5644694,46.47478889,1,7,98,50,3,55,67,0,0,1,5,12,1,1,2,1,5,1,9,99,0,12,880,2011,0,0,12,,,,,,1,1,44,1,0,,0,0,3,0,11,0,,,,,0,0,0,3,1,0,0,0,0,0,,,,,,0,,,,,,99403,53,71,230,6,1,0,0,0,0,,0,,,,,,0,,,20,0,0,0,8,9,8,,,0,0,0,8,0,8,95,,,96,,,8,95,995,,,,,,,,,,,,,,,,,,,,,,,,,,,,,,0,0,0,0,0,0,0,0,0,0,0,0,0,0,0,0,1,0,0,0,0,0,0,0,0,1,1,0,1,1,1,0,0,0,0,,0,0,0,0,0,0,0,0,0,0,0,0,0,0,0,0,,,,,,41-45,36-45,US highway,R,Tuesday,,MHTRUCK,Not Fatal,0,0,0,0,State Route,State Patrol,Washington State Patrol,0,1,0,0,0,,,,,,0,0,0,,,,,,,,,,,98,98,98,0,,,,,20,7,,,,,,,,,,,,,,,
2019,517,E927292,278,06/05/2019,18:15,5,6,,63,Spokane,2110,1,0,1,1,2,1,1,1,1,,,,33,0,0,0,1,0,1,3,2,4,6,0,0,0,0,E SPRAGUE AVE,,-117.3580056,47.65724722,0,1,6,8,1,35,4,0,0,1,7,30,1,1,2,2,1,1,1,53,0,22,2,1992,0,0,64,33,69,63,9,59,1,1,76,1,7,,4,0,20,7,11,8,06/11/2019,14:44,2.11E+11,27754,0,0,0,3,1,0,0,0,0,0,,,,,,1,,,,,,99223,53,70,160,6,1,0,0,1,0,,0,,,,,,0,06/15/2019,06/15/2019,20,2,9,0,0,9,8,,,0,0,0,8,0,2,1,,,1,,,2,1,0,,,,,,,,,,,,,,,,,,,,,,,,,,,,,,0,0,1,0,0,0,0,0,0,0,0,0,0,0,0,0,0,0,0,1,0,0,0,0,0,1,1,1,0,1,0,0,1,1,0,,1,0,0,0,0,0,0,0,0,0,0,0,0,0,0,0,,,,,,76-80,76+,City street,U,Wednesday,Not Used,PV,White,0,0,0,0,City Street,Municipal/City Police,Spokane Police Department,0,0,0,1,0,,,,,,0,0,0,,,,,,,,,,,0,0,0,1,,,,,20,7,,,,,,,,,,,,,,,
2019,165,E927566,8,03/31/2019,2:14,31,3,,49,Pacific,0,5,0,2,1,2,1,0,2,2,,,,12,0,2,7,1,0,1,4,1,1,3,0,0,0,0,SR-6,,-123.6398472,46.61193056,0,1,50,10,2,55,34,0,0,1,2,12,1,1,2,1,1,1,1,53,0,49,472,2016,0,0,68,12,,,,,1,1,38,1,0,,0,0,3,0,11,0,,,,,0,0,0,3,1,0,0,0,0,7,,,,,,9,,,,,,98532,53,71,225,6,1,1,0,0,0,,97,,,,,,0,07/15/2016,07/15/2016,8,0,0,0,8,9,8,,,0,0,0,8,1,2,1,,,1,,,2,1,0.072,,,,,,,,,,,,,,,,,,,,,,,,,,,,,,0,0,0,0,1,0,1,1,0,0,0,0,0,0,0,0,1,0,0,0,0,0,0,0,0,0,0,0,0,1,0,0,0,0,0,,0,0,0,0,1,0,0,0,1,0,0,0,1,0,0,1,,,,,,36-40,36-45,State route,R,Sunday,Belt Used,PV,Not Fatal,0,1,1,0,State Route,State Patrol,WASHINGTON STATE PATROL,0,1,0,0,0,,,,,,0,1,0,,,,,,,,,,,98,98,98,0,,,,,20,7,,,,,,,,,,,,,,,
2019,165,E927566,8,03/31/2019,2:14,31,3,,49,Pacific,0,5,0,2,1,2,1,0,2,2,,,,12,0,2,7,1,0,1,4,1,1,3,0,0,0,0,SR-6,,-123.6398472,46.61193056,0,2,51,62,4,55,2,0,0,1,2,12,1,1,2,1,1,1,1,53,0,14,4,1995,0,0,12,,,,,,1,1,49,1,7,,4,7,99,7,11,0,03/31/2019,2:14,53014536,14536,0,0,0,3,1,0,0,0,0,92,,,,,,99,,,,,,98577,53,72,215,6,1,0,0,0,2,,0,,,,,,0,10/15/2015,07/15/2018,8,0,0,0,0,9,8,,,0,0,0,8,9,2,401,417,177,1,1,1,2,1,0,,,,,,,,,,,,,,,,,,,,,,,,,,,,,,0,0,0,0,1,0,1,1,0,0,0,0,0,0,0,0,1,0,0,0,0,0,0,0,0,0,0,0,0,1,0,0,0,0,0,,1,0,0,0,0,0,1,1,1,0,0,0,0,0,1,0,,,,,,46-50,46-55,State route,R,Sunday,Unknown,PV,White,0,1,1,0,State Route,State Patrol,WASHINGTON STATE PATROL,0,1,0,0,0,,,,,,0,0,0,,,,,,,,,,,0,0,0,1,,,,,20,7,,,,,,,,,,,,,,,
2019,169,E927685,2,06/03/2019,1:36,3,6,,57,Skagit,0,1,0,2,1,2,1,0,3,1,,,,42,0,0,109.2,1,0,1,4,1,1,3,0,0,0,0,SR-20,,-121.4078667,48.57478056,0,1,1,13,2,50,34,0,0,1,2,42,3,1,2,1,14,3,2,53,0,12,473,2002,0,0,63,42,,,,,1,1,43,1,0,,0,0,99,7,11,0,,,,,0,0,0,2,1,0,0,0,0,96,,,,,,9,,,,,,99155,53,70,178,1,1,0,1,0,0,,11,,,,,,0,10/15/2015,03/15/2018,1,0,0,0,8,9,2,,,0,0,0,1,1,2,695,,,1,,,2,1,0.19,,,,,,,,,,,,,,,,,,,,,,,,,,,,,,0,0,1,0,1,1,1,1,1,0,0,0,0,1,0,0,0,0,0,1,0,0,0,0,0,0,0,0,0,1,0,0,0,0,0,,0,0,0,0,0,1,1,1,0,0,0,1,0,0,0,1,,,,,,41-45,36-45,State route,R,Monday,Unknown,PV,Not Fatal,0,1,0,0,State Route,State Patrol,Washington State Patrol,1,1,0,0,0,,,carboxy-thc,8,,0,0,2,,,,,,,,,,,98,98,98,0,,,,,20,7,,,,,,,,,,,,,,,
2019,170,E927693,7,06/06/2019,0:20,6,6,,33,King,1030,1,0,2,1,2,1,0,3,3,,,,45,0,0,23.8,1,0,1,3,2,1,3,0,0,0,0,SR-167,,-122.220825,47.41344167,1,1,15,50,3,60,80,0,0,1,7,2,1,1,2,3,6,1,1,53,0,98,706,2017,0,0,45,2,12,,,,1,1,28,1,7,,4,7,20,7,11,0,06/06/2019,0:20,1.03E+11,26031,0,0,0,3,1,0,0,0,0,96,,,,,,99,,,,,,98031,53,74,160,6,1,0,0,0,1,,0,,,,,,0,04/15/2017,04/15/2017,20,8,0,0,0,9,8,,,0,0,0,8,9,2,1,,,1,,,2,1,0.056,,,,,,,,,,,,,,,,,,,,,,,,,,,,,,0,0,0,0,1,0,0,0,0,0,0,0,0,0,0,0,0,0,0,0,0,0,0,0,0,0,0,0,1,1,1,0,0,0,1,0,0,0,0,0,1,0,0,0,0,0,0,0,1,0,0,1,,,,,,26-30,26-35,State route,U,Thursday,,MC,White,0,0,0,0,State Route,State Patrol,Washington State Patrol,0,1,0,0,0,,,,,,0,0,0,,,,,,,,,,,0,0,0,1,,,,,19,0,,,,,,,,,,,,,,,
2019,170,E927693,7,06/06/2019,0:20,6,6,,33,King,1030,1,0,2,1,2,1,0,3,3,,,,45,0,0,23.8,1,0,1,3,2,1,3,0,0,0,0,SR-167,,-122.220825,47.41344167,1,3,98,61,4,60,6,0,0,1,7,12,1,1,3,3,1,1,1,53,0,55,35,2009,0,0,12,,,,,,1,1,33,2,0,,0,0,3,0,11,0,,,,,0,0,0,3,1,0,0,0,0,96,,,,,,0,,,,,,98031,53,64,230,6,1,0,0,0,0,,0,,,,,,0,,,20,0,0,0,8,9,8,,,0,0,0,8,0,2,1,,,1,,,2,1,0,,,,,,,,,,,,,,,,,,,,,,,,,,,,,,0,0,0,0,1,0,0,0,0,0,0,0,0,0,0,0,0,0,0,0,0,0,0,0,0,0,0,0,1,1,1,0,0,0,0,,0,0,0,0,0,0,0,0,0,0,0,0,0,0,0,0,,,,,,31-35,26-35,State route,U,Thursday,Belt Used,PV,Not Fatal,0,0,0,0,State Route,State Patrol,Washington State Patrol,0,1,0,0,0,,,,,,0,0,0,,,,,,,,,,,98,98,98,0,,,,,20,7,,,,,,,,,,,,,,,
2019,171,E927748,2,06/06/2019,9:09,6,6,,61,Snohomish,0,1,0,1,1,2,1,0,2,2,,,,12,0,2,20.3,1,0,1,4,1,1,3,0,0,0,0,SR-530,,-121.8381278,48.27735556,0,1,50,10,2,55,14,0,0,1,7,12,2,1,2,1,14,1,1,53,0,2,404,1994,0,0,68,12,,,,,1,1,46,1,7,,4,7,20,7,11,0,06/06/2019,9:09,53026321,26321,0,0,0,3,1,28,0,0,0,0,,,,,,2,,,,,,98241,53,77,220,6,1,0,0,0,0,,0,,,,,,0,,,1,0,0,0,0,9,8,,,0,0,0,1,0,2,167,996,128,1,1,1,2,1,0,,,,,,,,,,,,,,,,,,,,,,,,,,,,,,0,0,0,0,0,0,1,1,0,0,0,0,0,0,0,1,0,0,0,1,0,0,0,0,0,0,0,0,0,1,1,0,0,1,0,,1,0,0,0,0,0,1,1,0,0,0,0,0,0,1,0,,,,,,46-50,46-55,State route,R,Thursday,Not Used,PV,White,0,1,1,0,State Route,State Patrol,Washington State Patrol,0,1,0,0,0,,,,,,0,0,0,1,,,,,177,,,,,0,0,0,1,,,,,20,7,,,,,,,,,,,,,,,
2019,171,E927748,2,06/06/2019,9:09,6,6,,61,Snohomish,0,1,0,1,1,2,1,0,2,2,,,,12,0,2,20.3,1,0,1,4,1,1,3,0,0,0,0,SR-530,,-121.8381278,48.27735556,0,2,51,62,4,55,63,0,0,1,7,12,1,1,2,1,1,1,3,53,0,86,881,2019,0,0,12,,,,,,1,1,60,2,0,,0,0,3,0,11,0,,,,,6,1,3,3,1,0,0,0,0,96,,,,,,0,,,,,,98292,53,71,147,6,1,0,2,0,0,,0,,,,,,0,10/15/2014,09/15/2015,20,0,0,0,8,9,8,,,0,0,0,8,0,0,0,,,0,,,0,0,996,,,,,,,,,,,,,,,,,,,,,,,,,,,,,,0,0,0,0,0,0,1,1,0,0,0,0,0,0,0,1,0,0,0,1,0,0,0,0,0,0,0,0,0,1,1,0,0,0,0,,0,0,0,0,0,0,0,0,0,0,0,0,0,0,0,0,,,,,,56-60,56-65,State route,R,Thursday,,MHTRUCK,Not Fatal,0,1,1,0,State Route,State Patrol,Washington State Patrol,0,1,0,0,0,,,,,,0,0,0,,,,,,,,,,,98,98,98,0,,,,,20,7,,,,,,,,,,,,,,,
2019,488,E927755,39,06/03/2019,10:00,3,6,,61,Snohomish,0,1,0,1,1,2,1,0,2,2,,,,12,0,7,0,2,1,2,1,2,1,1,0,0,3,3,I-5 RAMP LX19911,MARINE DR,-122.1855278,48.05185556,0,1,98,11,2,98,20,0,0,1,7,12,3,1,2,6,11,1,3,53,0,20,445,2015,0,0,12,63,24,,,,1,1,57,1,7,,4,0,3,0,11,4,06/03/2019,11:09,69053025274,25274,0,0,0,3,1,0,0,0,0,0,,,,,,1,,,,,,98087,53,72,220,6,1,0,0,1,0,,0,,,,,,0,04/15/2016,04/15/2016,20,0,0,0,0,9,8,,,0,0,0,8,0,2,695,605,,1,1,,2,1,0,,,,,,,,,,,,,,,,,,,,,,,,,,,,,,0,0,0,1,0,0,1,1,1,0,0,0,0,0,0,0,0,0,0,0,0,0,0,0,0,0,0,0,0,1,0,0,0,0,0,,1,0,0,0,0,0,1,1,0,0,0,0,0,0,1,0,,,,,,56-60,56-65,Interstate,U,Monday,Belt Used,PV,White,1,0,0,0,State Route,County Sheriff,Snohomish County Sheriff's Office,0,1,0,0,0,thc,24,carboxy-thc,23,,0,0,0,,,,,,,,,,,98,98,98,1,,,,,20,7,,,,,,,,,,,,,,,
2019,488,E927755,39,06/03/2019,10:00,3,6,,61,Snohomish,0,1,0,1,1,2,1,0,2,2,,,,12,0,7,0,2,1,2,1,2,1,1,0,0,3,3,I-5 RAMP LX19911,MARINE DR,-122.1855278,48.05185556,0,2,98,60,4,98,4,0,0,1,5,12,3,1,2,6,11,1,1,53,0,49,32,2009,0,0,12,,,,,,1,1,31,2,0,,0,0,3,0,11,0,,,,,0,0,0,3,1,0,0,0,0,96,,,,,,0,,,,,,98270,53,65,180,6,1,0,0,0,0,,0,,,,,,0,,,20,0,0,0,8,9,8,,,0,0,0,8,0,8,95,,,96,,,8,95,995,,,,,,,,,,,,,,,,,,,,,,,,,,,,,,0,0,0,1,0,0,1,1,1,0,0,0,0,0,0,0,0,0,0,0,0,0,0,0,0,0,0,0,0,1,0,0,0,0,0,,0,0,0,0,0,0,0,0,0,0,0,0,0,0,0,0,,,,,,31-35,26-35,Interstate,U,Monday,Belt Used,PV,Not Fatal,1,0,0,0,State Route,County Sheriff,Snohomish County Sheriff's Office,0,1,0,0,0,,,,,,0,0,0,,,,,,,,,,,98,98,98,0,,,,,20,7,,,,,,,,,,,,,,,