year,case,par,repjur,crash_dt,crash_tm,accday,accmon,holiday,county,co_char,city,weather,weather2,lightcond,surfcond,surftype,numfatal,nmforms,pforms,vforms,not_tm,arr_tm,hosp_tm,fhevent,hitrun,manncol,milepnt,reljunc,reljuncinter,intersectiontype,funcsystem,landuse,ownership,route,schlbus,spejur,contdev,devfunc,trafid1,trafid2,x,y,wk_zone,vnumber,crashtype,criticalevent,criticaleventcat,spdlim,body,trailer,emerg,hazcargo,leave,mhevent,roadalgn,roadprof,traflane,trafflow,vehmanvr,numoccs,regowner,regstate,spuse,make,model,modelyr,vrf1,vrf2,seqevent1,seqevent2,seqevent3,seqevent4,seqevent5,seqevent6,pnumber,ptype,age,sex,hispanic,race,injury,diedscene,restraint,restraintmisuse,seatpos,takehosp,death_dt,death_tm,cert,cernum_wa,commlic,licendor,licrestrict,liccomp,drivpres,drf1,drf2,drf3,drf4,distract1,distract2,distract3,distract4,distract5,distract6,dricond1,dricond2,dricond3,dricond4,dricond5,dricond6,dzip,licstate,drhgt_in,weight,noncdl,noncdltype,prevdwi,prevoth,prevacc,prevspd,prevsus,driviol1,driviol2,driviol3,driviol4,driviol5,driviol6,spdrel,first_dt,last_dt,airbag,ejection,ejectpath,extricat,injurwrk,methalc,methdrug,nmlocat,strikveh,prf1,prf2,prf3,druginv,alcinvol,drugsts,drugres1,drugres2,drugres3,drugtst1,drugtst2,drugtst3,alcsts,alctst,alcres,nmact1,nmact2,nmact3,nmact4,nmact5,nmact6,nmprior1,nmprior2,nmprior3,nmprior4,nmprior5,nmprior6,nmcond1,nmcond2,nmcond3,nmcond4,nmcond5,nmcond6,nmsafe_helmet,nmsafe_pads,nmsafe_oth,nmprev_ref,nmprev_lgt,nmprev_oth,crashlocation,nmcrashtype,crosswalk,schoolzone,sidewalk,train_inv,wildlife_inv,rotr_fars,intersect_fars,dd_inv,aid_inv,dpd_inv,id_inv,mj_inv,impnm_inv,ainm_inv,dpnm_inv,speed_inv,unlic_inv,unendmc_inv,drowsy_inv,drdist_inv,nmdist_inv,fty_inv,unrestfat_inv,dr1617_inv,dr1820_inv,dr1620_inv,dr2125_inv,dr1625_inv,dr65_inv,dr70_inv,dr75_inv,mc_inv,pv_inv,ht_inv,ped_inv,bike_inv,unrest_fat,mc_fat,unhelmet_mc,pv_fat,ht_fat,ped_fat,bike_fat,dr_alc7,dr_alc8,dr_drug,dr_imp,dr_dist,dr_spd,dr_fty,dr_unlic,dr_alc7only,dr_alc8only,dr_drugonly,dr_drink,nm_imp,nm_alc7,nm_alc8,nm_drug,nm_dist,agegrp1,agegrp2,roadclass,urbrur,dayweek,restuse,vehtype,race_me,intersect,lanedep,oppdir,wrongway,rep_typ,investag,repag_long,rotr,st_rd,cty_rd,city_rd,oth_rd,drug_thc,thc_res,drug_cthc,cthc_res,drug_cann,prevpersemin,prevperse,prevsusoth,drugtst4,drugtst5,drugtst6,drugtst7,drugtst8,drugres4,drugres5,drugres6,drugres7,drugres8,adspresent,adsengaged,adslevel,race1,race2,race3,race4,race5,helmet,helmetmisuse,nmdistract1,nmdistract2,nmdistract3,nmdistract4,nmdistract5,nmdistract6,lab,isedtcase,crf1,crf2,crf3,CoRoadName,CoMP,IntCoRoadName,IntCoMP
2019,172,E927874,8,05/29/2019,16:42,29,5,,9,Clallam,1990,1,0,1,1,2,1,0,2,2,,,,12,0,2,263.2,1,0,1,3,2,1,2,0,0,0,0,US-101,,-123.1143806,48.07320278,0,1,51,62,4,55,6,0,0,1,2,12,1,1,2,1,1,1,1,53,0,12,37,2003,0,0,12,,,,,,1,1,27,1,7,,4,7,3,0,11,0,05/29/2019,16:42,1.99E+11,25381,0,0,3,3,1,0,0,0,0,96,,,,,,99,,,,,,98362,53,72,185,6,1,0,1,1,0,,0,,,,,,0,11/15/2016,11/15/2016,1,0,0,0,0,9,8,,,0,0,0,8,9,2,1,,,1,,,2,1,0,,,,,,,,,,,,,,,,,,,,,,,,,,,,,,0,0,0,0,1,0,0,0,0,0,0,0,0,0,0,0,0,0,0,0,0,0,0,1,1,0,0,0,0,1,0,0,0,0,0,,1,0,0,0,0,0,0,0,0,0,0,0,0,0,0,0,,,,,,26-30,26-35,US highway,U,Wednesday,Belt Used,PV,White,0,1,1,0,State Route,State Patrol,Washington State Patrol,0,1,0,0,0,,,,,,0,0,0,,,,,,,,,,,98,98,98,1,,,,,20,7,,,,,,,,,,,,,,,
2019,172,E927874,8,05/29/2019,16:42,29,5,,9,Clallam,1990,1,0,1,1,2,1,0,2,2,,,,12,0,2,263.2,1,0,1,3,2,1,2,0,0,0,0,US-101,,-123.1143806,48.07320278,0,2,50,10,2,55,14,0,0,1,2,12,1,1,2,1,1,1,1,53,0,41,402,2001,0,0,63,69,68,12,,,1,1,25,1,0,,2,0,3,0,11,8,,,,,0,0,0,3,1,28,91,0,0,96,,,,,,9,,,,,,98362,53,70,165,6,1,0,0,0,0,,1,,,,,,0,,,1,0,0,0,8,9,8,,,0,0,0,8,1,2,1,,,1,,,2,1,0.053,,,,,,,,,,,,,,,,,,,,,,,,,,,,,,0,0,0,0,1,0,0,0,0,0,0,0,0,0,0,0,0,0,0,0,0,0,0,1,1,0,0,0,0,1,0,0,0,0,0,,0,0,0,0,1,0,0,0,0,0,0,0,1,0,0,1,,,,,,21-25,16-25,US highway,U,Wednesday,Belt Used,PV,Not Fatal,0,1,1,0,State Route,State Patrol,Washington State Patrol,0,1,0,0,0,,,,,,0,0,0,,,,,,,,,,,98,98,98,0,,,,,20,7,,,,,,,,,,,,,,,
2019,173,E928636,4,06/04/2019,9:15,4,6,,19,Ferry,0,1,0,1,1,2,1,0,2,2,,,,1,0,0,246.6,2,0,3,3,1,1,2,0,0,0,0,US-395,SR-20,-118.1227111,48.62743056,0,2,98,62,4,55,80,0,0,1,2,12,3,1,2,1,14,1,1,95,0,76,706,2012,0,0,12,,,,,,1,1,69,1,7,,4,7,20,7,11,0,06/04/2019,9:15,53025347,25347,99,9,9,9,1,0,0,0,0,96,,,,,,0,,,,,,0,95,,999,9,9,99,99,99,99,,0,,,,,,0,,,20,8,0,0,0,9,8,,,0,0,0,8,0,2,1,,,1,,,2,1,0,,,,,,,,,,,,,,,,,,,,,,,,,,,,,,0,0,0,1,0,0,0,0,0,0,0,0,1,0,0,0,0,0,0,0,0,0,0,0,0,1,0,0,1,0,1,0,0,0,1,0,0,0,0,0,0,0,0,0,0,0,0,0,0,0,0,0,,,,,,66-70,66-75,US highway,R,Tuesday,,MC,White,0,0,0,0,State Route,State Patrol,Washington State Patrol,0,1,0,0,0,,,,,,99,99,99,,,,,,,,,,,0,0,0,1,,,,,5,0,,,,,,,,,,,,,,,
2019,173,E928636,4,06/04/2019,9:15,4,6,,19,Ferry,0,1,0,1,1,2,1,0,2,2,,,,1,0,0,246.6,2,0,3,3,1,1,2,0,0,0,0,US-395,SR-20,-118.1227111,48.62743056,0,1,98,6,1,55,63,0,0,1,2,1,2,1,2,1,14,1,3,41,0,85,881,2008,0,0,68,1,12,,,,1,1,62,1,0,,3,0,3,0,11,8,,,,,6,1,3,3,1,28,0,0,0,96,,,,,,99,,,,,,99202,53,64,155,6,1,0,0,0,0,,97,,,,,,3,,,20,2,9,0,8,9,8,,,0,0,0,8,0,8,95,,,96,,,8,95,995,,,,,,,,,,,,,,,,,,,,,,,,,,,,,,0,0,0,1,0,0,0,0,0,0,0,0,1,0,0,0,0,0,0,0,0,0,0,0,0,1,0,0,1,0,1,0,0,0,0,,0,0,0,0,0,0,0,0,0,1,0,0,0,0,0,0,,,,,,61-65,56-65,US highway,R,Tuesday,,MHTRUCK,Not Fatal,0,0,0,0,State Route,State Patrol,Washington State Patrol,0,1,0,0,0,,,,,,0,0,0,,,,,,,,,,,98,98,98,0,,,,,20,7,,,,,,,,,,,,,,,
2019,174,E928744,30,06/02/2019,12:19,2,6,,1,Adams,0,1,0,1,1,2,1,0,3,2,,,,12,0,2,7.9,1,0,1,7,1,2,4,0,0,0,0,CR-DAVIS RD W,,-118.8163,47.26093611,0,1,50,54,3,50,34,0,0,1,7,12,1,1,2,1,1,2,2,53,0,7,472,1995,0,0,12,,,,,,1,1,30,2,7,,4,7,20,7,11,0,06/02/2019,12:19,53025168,25168,0,0,3,2,1,51,0,0,0,15,,,,,,99,,,,,,98857,53,62,110,1,1,0,1,0,2,,0,,,,,,0,08/15/2014,05/15/2017,20,0,0,0,0,9,8,,,0,0,0,8,9,2,996,401,417,1,1,1,2,1,0.041,,,,,,,,,,,,,,,,,,,,,,,,,,,,,,0,0,0,0,1,0,1,1,0,0,0,0,0,1,0,0,1,0,0,1,0,1,1,0,1,0,0,0,0,1,0,0,0,1,0,,1,0,0,0,1,0,1,1,1,0,0,1,0,0,0,1,,,,,,26-30,26-35,County road,R,Sunday,Not Used,PV,White,0,0,0,1,County Road,County Sheriff,Lincoln County Sheriff's Office,0,0,1,0,0,,,,,,0,0,11,,,,,,,,,,,0,0,0,1,,,,,20,7,,,,,,,,,,,,,,,
2019,174,E928744,30,06/02/2019,12:19,2,6,,1,Adams,0,1,0,1,1,2,1,0,3,2,,,,12,0,2,7.9,1,0,1,7,1,2,4,0,0,0,0,CR-DAVIS RD W,,-118.8163,47.26093611,0,2,51,54,3,50,4,0,0,1,7,12,1,1,2,1,1,1,2,53,0,20,25,2015,0,0,12,,,,,,1,1,20,1,0,,1,0,3,0,11,4,,,,,0,0,0,3,1,0,0,0,0,0,,,,,,0,,,,,,99159,53,69,145,6,1,0,0,0,0,,0,,,,,,0,,,8,0,0,0,8,9,8,,,0,0,0,8,0,8,95,,,96,,,8,95,995,,,,,,,,,,,,,,,,,,,,,,,,,,,,,,0,0,0,0,1,0,1,1,0,0,0,0,0,1,0,0,1,0,0,1,0,1,1,0,1,0,0,0,0,1,0,0,0,0,0,,0,0,0,0,0,0,0,0,0,0,0,0,0,0,0,0,,,,,,18-20,16-25,County road,R,Sunday,Belt Used,PV,Not Fatal,0,0,0,1,County Road,County Sheriff,Lincoln County Sheriff's Office,0,0,1,0,0,,,,,,0,0,0,,,,,,,,,,,98,98,98,0,,,,,20,7,,,,,,,,,,,,,,,
2019,180,E928835,290,06/10/2019,12:36,10,6,,53,Pierce,2230,1,0,1,0,0,1,1,1,1,,,,8,0,0,0,8,0,1,7,2,4,6,0,0,0,0,N 26TH ST,N HIGHLAND ST,-122.5133222,47.27111944,0,1,13,80,5,0,14,0,0,1,5,8,0,0,0,0,11,1,1,53,0,2,404,2002,0,0,8,,,,,,1,1,74,1,0,,0,0,3,0,11,0,,,,,0,0,3,3,1,0,0,0,0,93,,,,,,0,,,,,,98407,53,68,200,6,1,0,0,0,0,,0,,,,,,0,,,20,0,0,0,8,9,8,,,0,0,0,8,0,8,95,,,96,,,8,95,995,,,,,,,,,,,,,,,,,,,,,,,,,,,,,,0,0,0,0,0,0,0,0,0,1,0,1,0,0,0,0,1,0,0,0,0,0,0,0,0,1,1,0,0,1,0,1,0,0,0,,0,0,0,0,0,0,0,0,1,0,0,0,0,0,0,0,,,,,,71-75,66-75,City street,U,Monday,Belt Used,PV,Not Fatal,0,0,0,0,City Street,Municipal/City Police,Tacoma Police Department,0,0,0,1,0,,,,,,0,0,0,,,,,,,,,,,98,98,98,0,,,,,20,7,,,,,,,,,,,,,,,
2019,175,E928933,146,06/08/2019,4:10,8,6,,77,Yakima,0,1,0,2,1,2,1,0,2,1,,,,1,0,0,0.5,1,0,1,7,2,2,4,0,0,0,0,CR-N PIONEER WAY,,-120.6895528,46.64857778,0,1,98,11,2,50,34,0,0,1,7,1,3,1,2,1,14,2,2,53,0,7,482,2004,0,0,63,69,68,1,,,1,1,18,1,0,,1,0,3,0,11,8,,,,,0,0,0,3,1,0,0,0,0,96,,,,,,9,,,,,,98923,53,71,174,6,1,0,1,1,0,,97,,,,,,0,04/15/2019,04/15/2019,20,0,0,0,8,9,8,,,0,0,0,8,1,2,1,,,1,,,2,1,0.14,,,,,,,,,,,,,,,,,,,,,,,,,,,,,,0,0,0,0,1,1,0,1,0,0,0,0,0,0,0,0,0,0,0,0,0,1,1,0,1,0,0,0,0,1,0,0,0,0,0,,0,0,0,0,0,1,0,1,0,0,0,0,0,1,0,1,,,,,,18-20,16-25,County road,U,Saturday,Belt Used,PV,Not Fatal,0,0,0,0,County Road,County Sheriff,Yakima County Sheriff's Office,0,0,1,0,0,,,,,,0,0,0,,,,,,,,,,,98,98,98,0,,,,,20,7,,,,,,,,,,,,,,,
2019,176,E929083,5,06/01/2019,16:42,1,6,,41,Lewis,0,1,0,1,1,2,1,0,2,1,,,,34,0,0,8.5,1,0,1,4,1,1,3,0,0,0,0,SR-7,,-122.2002111,46.65438889,0,1,1,13,2,55,34,1,0,1,7,34,1,2,2,1,1,2,1,53,0,20,481,2005,0,0,63,34,32,,,,1,1,74,1,7,,4,7,3,0,11,0,06/01/2019,16:42,53024959,24959,0,0,3,3,1,0,0,0,0,96,,,,,,1,,,,,,98321,53,67,155,6,1,0,0,0,0,,0,,,,,,0,,,20,0,0,0,0,9,8,,,0,0,0,8,9,2,1,,,1,,,2,1,0,,,,,,,,,,,,,,,,,,,,,,,,,,,,,,0,0,1,0,0,0,0,0,0,0,0,0,0,0,0,0,0,0,0,0,0,0,0,0,0,1,1,0,0,1,0,0,0,0,0,,1,0,0,0,0,0,0,0,0,0,0,0,0,0,0,0,,,,,,71-75,66-75,State route,R,Saturday,Belt Used,PV,White,0,1,0,0,State Route,State Patrol,Washington State Patrol,1,1,0,0,0,,,,,,0,0,0,,,,,,,,,,,98,98,98,1,,,,,20,7,,,,,,,,,,,,,,,
2019,177,E929090,5,06/04/2019,12:20,4,6,,41,Lewis,0,1,0,1,1,2,1,0,2,2,,,,12,0,6,96.6,1,0,1,3,1,1,2,0,0,0,0,US-12,,-122.2930444,46.55415278,0,2,98,98,7,55,66,1,0,1,7,12,1,2,2,1,1,1,3,41,0,85,881,2016,0,0,12,,,,,,1,1,57,2,0,,0,0,3,0,11,0,,,,,6,1,0,3,1,0,0,0,0,96,,,,,,0,,,,,,97048,41,68,200,6,1,0,1,0,0,,0,,,,,,0,05/15/2017,05/15/2017,20,0,0,0,8,9,2,,,0,0,0,0,0,8,95,,,96,,,8,95,995,,,,,,,,,,,,,,,,,,,,,,,,,,,,,,0,0,0,0,1,1,0,1,0,0,0,0,0,0,0,0,0,0,0,0,0,0,0,0,0,0,0,0,1,0,1,0,0,0,0,,0,0,0,0,0,0,0,0,0,0,0,0,0,0,0,0,,,,,,56-60,56-65,US highway,R,Tuesday,,MHTRUCK,Not Fatal,0,0,0,0,State Route,State Patrol,Washington State Patrol,0,1,0,0,0,,,,,,0,0,0,,,,,,,,,,,98,98,98,0,,,,,20,7,,,,,,,,,,,,,,,
2019,177,E929090,5,06/04/2019,12:20,4,6,,41,Lewis,0,1,0,1,1,2,1,0,2,2,,,,12,0,6,96.6,1,0,1,3,1,1,2,0,0,0,0,US-12,,-122.2930444,46.55415278,0,1,98,53,3,55,80,0,0,1,2,12,1,2,2,1,12,1,1,53,0,72,706,2013,0,0,12,,,,,,1,1,59,2,7,,4,0,20,7,11,4,06/04/2019,12:53,1.38E+11,25518,0,0,0,3,1,48,0,0,0,96,,,,,,9,,,,,,98377,53,63,124,6,1,1,0,0,0,,0,,,,,,0,09/15/2014,09/15/2014,20,8,0,0,0,1,8,,,0,0,0,8,1,8,95,,,96,,,2,1,0.17,,,,,,,,,,,,,,,,,,,,,,,,,,,,,,0,0,0,0,1,1,0,1,0,0,0,0,0,0,0,0,0,0,0,0,0,0,0,0,0,0,0,0,1,0,1,0,0,0,1,0,0,0,0,0,0,1,0,1,0,0,0,0,0,1,0,1,,,,,,56-60,56-65,US highway,R,Tuesday,,MC,White,0,0,0,0,State Route,State Patrol,Washington State Patrol,0,1,0,0,0,,,,,,0,0,1,,,,,,,,,,,0,0,0,1,,,,,5,0,,,,,,,,,,,,,,,
2019,178,E929213,8,05/23/2019,7:40,23,5,,45,Mason,0,1,0,1,1,2,1,0,2,2,,,,12,0,6,313.9,1,0,1,3,1,1,2,0,0,0,0,US-101,,-122.9901667,47.60419167,0,1,64,13,2,50,63,1,0,1,7,1,1,2,2,1,1,1,3,53,0,85,881,2006,0,0,63,69,68,12,1,,1,1,47,1,0,,3,0,3,0,11,1,,,,,6,1,0,3,1,0,0,0,0,93,,,,,,0,,,,,,98362,53,70,250,6,1,0,3,1,1,,97,,,,,,0,09/15/2014,04/15/2018,20,0,0,0,8,9,8,,,0,0,0,8,0,8,95,,,96,,,8,95,995,,,,,,,,,,,,,,,,,,,,,,,,,,,,,,0,0,0,0,0,0,0,0,0,0,0,0,0,0,0,0,1,0,0,0,0,0,0,0,0,0,0,0,0,1,1,0,0,0,0,,0,0,0,0,0,0,0,0,1,0,0,0,0,0,0,0,,,,,,46-50,46-55,US highway,R,Thursday,,MHTRUCK,Not Fatal,0,1,1,0,State Route,State Patrol,Washington State Patrol,0,1,0,0,0,,,,,,0,0,5,,,,,,,,,,,98,98,98,0,,,,,20,7,,,,,,,,,,,,,,,
2019,178,E929213,8,05/23/2019,7:40,23,5,,45,Mason,0,1,0,1,1,2,1,0,2,2,,,,12,0,6,313.9,1,0,1,3,1,1,2,0,0,0,0,US-101,,-122.9901667,47.60419167,0,2,65,62,4,50,34,0,0,1,2,12,1,2,2,1,1,1,1,53,0,7,482,2014,0,0,12,,,,,,1,1,61,1,7,,4,7,3,0,11,0,05/23/2019,7:40,53023525,23525,6,0,0,3,1,0,0,0,0,96,,,,,,99,,,,,,98512,53,72,165,6,1,0,0,0,0,,0,,,,,,0,,,8,0,0,0,0,9,8,,,0,0,0,8,9,2,1,,,1,,,2,1,0,,,,,,,,,,,,,,,,,,,,,,,,,,,,,,0,0,0,0,0,0,0,0,0,0,0,0,0,0,0,0,1,0,0,0,0,0,0,0,0,0,0,0,0,1,1,0,0,0,0,,1,0,0,0,0,0,0,0,0,0,0,0,0,0,0,0,,,,,,61-65,56-65,US highway,R,Thursday,Belt Used,PV,White,0,1,1,0,State Route,State Patrol,Washington State Patrol,0,1,0,0,0,,,,,,0,0,0,,,,,,,,,,,98,98,98,1,,,,,20,7,,,,,,,,,,,,,,,
2019,181,E929483,26,06/12/2019,0:09,12,6,,35,Kitsap,0,1,0,3,1,2,1,0,1,1,,,,24,0,0,0.4,1,0,1,5,2,2,4,0,0,0,0,CR-HANSBERRY ST NW,,-122.6518861,47.61301389,0,1,6,12,2,30,20,0,0,1,5,24,2,1,2,1,14,1,1,53,0,20,441,1993,0,0,68,64,24,,,,1,1,35,1,7,,4,0,3,0,11,8,06/12/2019,1:25,18053026899,26899,0,0,3,3,1,0,0,0,0,96,,,,,,9,,,,,,98311,53,71,310,6,1,0,0,0,3,,0,,,,,,4,06/15/2015,10/15/2018,20,0,0,0,0,1,8,,,0,0,0,8,1,2,605,695,,1,1,,2,1,0.15,,,,,,,,,,,,,,,,,,,,,,,,,,,,,,0,0,1,0,1,1,1,1,1,0,0,0,1,0,0,0,0,0,0,0,0,0,0,0,0,0,0,0,0,1,0,0,0,0,0,,1,0,0,0,0,1,1,1,0,1,0,0,0,0,0,1,,,,,,31-35,26-35,County road,U,Wednesday,Belt Used,PV,White,0,1,0,0,County Road,County Sheriff,Kitsap County Sheriff's Office,1,0,1,0,0,thc,888,carboxy-thc,51,,0,0,0,,,,,,,,,,,0,0,0,1,,,,,20,7,,,,,,,,,,,,,,,
2019,182,E929696,7,06/07/2019,15:53,7,6,,33,King,1640,10,0,1,2,2,1,0,2,2,,,,1,0,0,13.4,1,0,1,3,2,1,3,0,0,0,0,SR-167,,-122.2596194,47.27153333,0,1,98,9,1,60,80,0,0,1,2,1,1,1,2,3,15,1,1,6,0,72,706,2008,0,0,1,12,,,,,1,1,36,1,1,,4,7,20,7,11,0,06/07/2019,15:53,1.64E+11,25998,0,0,3,2,1,0,0,0,0,96,,,,,,99,,,,,,95123,6,66,185,1,1,0,0,1,0,,0,,,,,,0,05/15/2017,12/15/2017,20,8,0,0,0,9,8,,,0,0,0,8,9,2,1,,,1,,,2,1,0,,,,,,,,,,,,,,,,,,,,,,,,,,,,,,0,0,0,0,0,0,0,0,0,0,0,0,0,1,1,0,0,0,0,0,0,0,0,0,0,0,0,0,1,0,0,0,0,0,1,0,0,0,0,0,0,0,0,0,0,0,0,1,0,0,0,0,,,,,,36-40,36-45,State route,U,Friday,,MC,Hispanic,0,0,0,0,State Route,State Patrol,Washington State Patrol,0,1,0,0,0,,,,,,0,0,2,,,,,,,,,,,0,0,0,298,,,,,5,0,,,,,,,,,,,,,,,
2019,182,E929696,7,06/07/2019,15:53,7,6,,33,King,1640,10,0,1,2,2,1,0,2,2,,,,1,0,0,13.4,1,0,1,3,2,1,3,0,0,0,0,SR-167,,-122.2596194,47.27153333,0,2,98,98,7,60,80,0,0,1,5,12,1,1,2,3,15,1,1,6,0,72,706,2015,0,0,12,,,,,,1,1,40,1,0,,1,0,20,7,11,4,,,,,0,0,0,3,1,0,0,0,0,96,,,,,,0,,,,,,95123,6,70,240,6,1,0,0,1,0,,0,,,,,,0,01/15/2018,01/15/2018,20,8,0,0,8,9,8,,,0,0,0,8,0,8,95,,,96,,,8,95,995,,,,,,,,,,,,,,,,,,,,,,,,,,,,,,0,0,0,0,0,0,0,0,0,0,0,0,0,1,1,0,0,0,0,0,0,0,0,0,0,0,0,0,1,0,0,0,0,0,0,0,0,0,0,0,0,0,0,0,0,0,0,0,0,0,0,0,,,,,,36-40,36-45,State route,U,Friday,,MC,Not Fatal,0,0,0,0,State Route,State Patrol,Washington State Patrol,0,1,0,0,0,,,,,,0,0,0,,,,,,,,,,,0,0,0,0,,,,,5,0,,,,,,,,,,,,,,,
2019,179,E929760,35,06/09/2019,10:05,9,6,,53,Pierce,0,1,0,1,1,2,1,0,2,2,,,,12,0,6,0.6,2,0,3,4,2,2,4,0,0,0,0,CR-MILITARY RD S,BRESEMANN BLVD S,-122.4459639,47.12231667,0,2,69,62,4,35,80,0,0,1,5,12,1,1,2,1,1,1,1,53,0,53,706,2012,0,0,12,,,,,,1,1,22,1,7,,4,0,20,7,11,4,06/09/2019,23:03,2.23E+11,26305,0,0,0,2,1,0,0,0,0,96,,,,,,9,,,,,,98387,53,70,150,6,1,0,1,0,3,,0,,,,,,3,09/15/2016,05/15/2019,20,8,0,0,0,9,1,,,0,0,0,1,9,2,605,695,,1,1,,2,1,0,,,,,,,,,,,,,,,,,,,,,,,,,,,,,,0,0,0,1,0,0,1,1,1,0,0,0,1,0,1,0,0,0,1,0,0,0,0,1,1,1,1,1,1,1,0,0,0,0,1,0,0,0,0,0,0,0,1,1,0,1,0,0,0,0,1,0,,,,,,21-25,16-25,County road,U,Sunday,,MC,White,1,0,0,0,County Road,County Sheriff,Law Enforcement Support Agency,0,0,1,0,0,thc,7,carboxy-thc,21,,0,0,0,,,,,,,,,,,0,0,0,1,,,,,19,0,,,,,,,,,,,,,,,
2019,179,E929760,35,06/09/2019,10:05,9,6,,53,Pierce,0,1,0,1,1,2,1,0,2,2,,,,12,0,6,0.6,2,0,3,4,2,2,4,0,0,0,0,CR-MILITARY RD S,BRESEMANN BLVD S,-122.4459639,47.12231667,0,1,68,15,2,35,4,0,0,1,5,12,1,1,2,1,11,1,1,53,0,18,18,1994,0,0,12,,,,,,1,1,80,1,0,,0,0,3,0,11,0,,,,,0,0,0,3,1,38,0,0,0,96,,,,,,0,,,,,,98445,53,68,180,6,1,0,0,0,0,,97,,,,,,0,,,20,0,0,0,8,9,8,,,0,0,0,8,0,8,95,,,96,,,8,95,995,,,,,,,,,,,,,,,,,,,,,,,,,,,,,,0,0,0,1,0,0,1,1,1,0,0,0,1,0,1,0,0,0,1,0,0,0,0,1,1,1,1,1,1,1,0,0,0,0,0,,0,0,0,0,0,0,0,0,0,0,1,0,0,0,0,0,,,,,,76-80,76+,County road,U,Sunday,Belt Used,PV,Not Fatal,1,0,0,0,County Road,County Sheriff,Law Enforcement Support Agency,0,0,1,0,0,,,,,,0,0,0,,,,,,,,,,,0,0,0,0,,,,,20,7,,,,,,,,,,,,,,,
2019,183,E930005,129,06/01/2019,13:28,1,6,,53,Pierce,747,1,0,1,1,2,1,0,2,2,,,,12,0,2,0,3,0,2,7,2,4,6,0,3,0,0,12TH ST E,54TH AVE E,-122.357675,47.24625278,0,1,50,6,1,98,4,0,0,1,7,12,1,1,3,1,1,1,2,16,0,18,2,2002,0,0,68,12,,,,,1,1,35,8,1,,4,7,3,0,11,0,06/01/2019,13:28,74753025114,25114,0,0,3,2,1,28,0,0,0,96,,,,,,9,,,,,,98198,53,,999,1,1,1,0,0,0,,0,,,,,,4,09/15/2018,09/15/2018,1,0,0,0,0,9,8,,,0,0,0,8,1,2,1,,,1,,,2,1,0.24,,,,,,,,,,,,,,,,,,,,,,,,,,,,,,0,0,0,1,1,1,0,1,0,0,0,0,1,1,0,0,0,0,0,0,0,0,0,0,0,0,0,0,0,1,0,0,0,0,0,,1,0,0,0,0,1,0,1,0,1,0,1,0,1,0,1,,,,,,31-35,26-35,City street,U,Saturday,Belt Used,PV,Hispanic,0,1,1,0,City Street,Municipal/City Police,Fife Police Department,0,0,0,1,0,,,,,,0,1,1,,,,,,,,,,,98,98,98,298,,,,,20,7,,,,,,,,,,,,,,,
2019,183,E930005,129,06/01/2019,13:28,1,6,,53,Pierce,747,1,0,1,1,2,1,0,2,2,,,,12,0,2,0,3,0,2,7,2,4,6,0,3,0,0,12TH ST E,54TH AVE E,-122.357675,47.24625278,0,2,51,62,4,25,15,0,0,1,7,12,1,1,3,1,1,1,1,53,0,54,421,2014,0,0,12,,,,,,1,1,49,2,0,,3,0,3,0,11,8,,,,,0,0,3,3,1,0,0,0,0,96,,,,,,0,,,,,,98424,53,60,160,6,1,0,0,0,0,,0,,,,,,0,,,8,0,0,0,8,9,8,,,0,0,0,8,0,8,95,,,96,,,8,95,995,,,,,,,,,,,,,,,,,,,,,,,,,,,,,,0,0,0,1,1,1,0,1,0,0,0,0,1,1,0,0,0,0,0,0,0,0,0,0,0,0,0,0,0,1,0,0,0,0,0,,0,0,0,0,0,0,0,0,0,0,0,0,0,0,0,0,,,,,,46-50,46-55,City street,U,Saturday,Belt Used,PV,Not Fatal,0,1,1,0,City Street,Municipal/City Police,Fife Police Department,0,0,0,1,0,,,,,,0,0,0,,,,,,,,,,,98,98,98,0,,,,,20,7,,,,,,,,,,,,,,,
2019,184,E930127,3,06/10/2019,11:40,10,6,,53,Pierce,0,1,0,1,1,2,1,0,2,2,,,,12,0,2,37.9,1,0,1,4,1,1,3,0,0,0,0,SR-507,,-122.5129,47.01805833,0,1,50,10,2,55,14,0,0,1,2,12,1,1,2,1,1,1,2,53,0,2,404,2007,0,0,68,12,,,,,1,1,58,2,7,,4,7,3,0,11,0,06/10/2019,11:40,1.93E+11,26055,0,0,3,3,1,28,0,0,0,92,,,,,,99,,,,,,98031,53,68,215,6,1,0,0,1,0,,0,,,,,,0,09/15/2014,09/15/2014,8,2,9,0,0,9,8,,,0,0,0,8,9,2,1,,,1,,,2,1,0,,,,,,,,,,,,,,,,,,,,,,,,,,,,,,0,0,0,0,0,0,0,0,0,0,0,0,0,0,0,0,1,0,0,0,0,0,0,0,0,1,1,0,0,1,1,0,0,0,0,,1,0,0,0,0,0,0,0,1,0,0,0,0,0,0,0,,,,,,56-60,56-65,State route,R,Monday,Belt Used,PV,White,0,1,1,0,State Route,State Patrol,Washington State Patrol,0,1,0,0,0,,,,,,0,0,0,,,,,,,,,,,98,98,98,1,,,,,20,7,,,,,,,,,,,,,,,
2019,184,E930127,3,06/10/2019,11:40,10,6,,53,Pierce,0,1,0,1,1,2,1,0,2,2,,,,12,0,2,37.9,1,0,1,4,1,1,3,0,0,0,0,SR-507,,-122.5129,47.01805833,0,2,51,62,4,55,63,1,0,1,7,12,1,1,2,1,1,1,3,53,0,86,881,2000,0,0,12,,,,,,1,1,73,1,0,,1,0,3,0,11,8,,,,,6,1,0,3,1,0,0,0,0,96,,,,,,0,,,,,,98371,53,69,178,6,1,0,1,3,0,,0,,,,,,0,09/15/2014,01/15/2017,20,0,0,0,8,9,8,,,0,0,0,8,0,8,95,,,96,,,8,95,995,,,,,,,,,,,,,,,,,,,,,,,,,,,,,,0,0,0,0,0,0,0,0,0,0,0,0,0,0,0,0,1,0,0,0,0,0,0,0,0,1,1,0,0,1,1,0,0,0,0,,0,0,0,0,0,0,0,0,0,0,0,0,0,0,0,0,,,,,,71-75,66-75,State route,R,Monday,,MHTRUCK,Not Fatal,0,1,1,0,State Route,State Patrol,Washington State Patrol,0,1,0,0,0,,,,,,0,0,0,,,,,,,,,,,98,98,98,0,,,,,20,7,,,,,,,,,,,,,,,