year,case,par,repjur,crash_dt,crash_tm,accday,accmon,holiday,county,co_char,city,weather,weather2,lightcond,surfcond,surftype,numfatal,nmforms,pforms,vforms,not_tm,arr_tm,hosp_tm,fhevent,hitrun,manncol,milepnt,reljunc,reljuncinter,intersectiontype,funcsystem,landuse,ownership,route,schlbus,spejur,contdev,devfunc,trafid1,trafid2,x,y,wk_zone,vnumber,crashtype,criticalevent,criticaleventcat,spdlim,body,trailer,emerg,hazcargo,leave,mhevent,roadalgn,roadprof,traflane,trafflow,vehmanvr,numoccs,regowner,regstate,spuse,make,model,modelyr,vrf1,vrf2,seqevent1,seqevent2,seqevent3,seqevent4,seqevent5,seqevent6,pnumber,ptype,age,sex,hispanic,race,injury,diedscene,restraint,restraintmisuse,seatpos,takehosp,death_dt,death_tm,cert,cernum_wa,commlic,licendor,licrestrict,liccomp,drivpres,drf1,drf2,drf3,drf4,distract1,distract2,distract3,distract4,distract5,distract6,dricond1,dricond2,dricond3,dricond4,dricond5,dricond6,dzip,licstate,drhgt_in,weight,noncdl,noncdltype,prevdwi,prevoth,prevacc,prevspd,prevsus,driviol1,driviol2,driviol3,driviol4,driviol5,driviol6,spdrel,first_dt,last_dt,airbag,ejection,ejectpath,extricat,injurwrk,methalc,methdrug,nmlocat,strikveh,prf1,prf2,prf3,druginv,alcinvol,drugsts,drugres1,drugres2,drugres3,drugtst1,drugtst2,drugtst3,alcsts,alctst,alcres,nmact1,nmact2,nmact3,nmact4,nmact5,nmact6,nmprior1,nmprior2,nmprior3,nmprior4,nmprior5,nmprior6,nmcond1,nmcond2,nmcond3,nmcond4,nmcond5,nmcond6,nmsafe_helmet,nmsafe_pads,nmsafe_oth,nmprev_ref,nmprev_lgt,nmprev_oth,crashlocation,nmcrashtype,crosswalk,schoolzone,sidewalk,train_inv,wildlife_inv,rotr_fars,intersect_fars,dd_inv,aid_inv,dpd_inv,id_inv,mj_inv,impnm_inv,ainm_inv,dpnm_inv,speed_inv,unlic_inv,unendmc_inv,drowsy_inv,drdist_inv,nmdist_inv,fty_inv,unrestfat_inv,dr1617_inv,dr1820_inv,dr1620_inv,dr2125_inv,dr1625_inv,dr65_inv,dr70_inv,dr75_inv,mc_inv,pv_inv,ht_inv,ped_inv,bike_inv,unrest_fat,mc_fat,unhelmet_mc,pv_fat,ht_fat,ped_fat,bike_fat,dr_alc7,dr_alc8,dr_drug,dr_imp,dr_dist,dr_spd,dr_fty,dr_unlic,dr_alc7only,dr_alc8only,dr_drugonly,dr_drink,nm_imp,nm_alc7,nm_alc8,nm_drug,nm_dist,agegrp1,agegrp2,roadclass,urbrur,dayweek,restuse,vehtype,race_me,intersect,lanedep,oppdir,wrongway,rep_typ,investag,repag_long,rotr,st_rd,cty_rd,city_rd,oth_rd,drug_thc,thc_res,drug_cthc,cthc_res,drug_cann,prevpersemin,prevperse,prevsusoth,drugtst4,drugtst5,drugtst6,drugtst7,drugtst8,drugres4,drugres5,drugres6,drugres7,drugres8,adspresent,adsengaged,adslevel,race1,race2,race3,race4,race5,helmet,helmetmisuse,nmdistract1,nmdistract2,nmdistract3,nmdistract4,nmdistract5,nmdistract6,lab,isedtcase,crf1,crf2,crf3,CoRoadName,CoMP,IntCoRoadName,IntCoMP
2019,188,E930330,242,06/12/2019,20:06,12,6,,53,Pierce,1770,1,0,1,1,1,1,0,1,1,,,,30,0,0,0,3,0,3,7,2,4,6,0,0,0,0,5TH ST SE,7TH ST SE,-122.2865639,47.16378611,0,1,1,13,2,25,4,0,0,1,7,1,4,1,2,1,14,1,1,53,0,30,40,2002,0,0,63,30,1,,,,1,1,34,1,1,,4,0,99,7,11,5,06/12/2019,20:47,2.23E+11,27016,0,0,0,3,1,0,0,0,0,96,,,,,,99,,,,,,98387,53,67,150,6,1,0,0,0,0,,0,,,,,,3,,,8,0,0,1,0,9,8,,,0,0,0,8,9,2,1,,,1,,,2,1,0.17,,,,,,,,,,,,,,,,,,,,,,,,,,,,,,0,0,1,1,1,1,0,1,0,0,0,0,1,0,0,0,0,0,0,0,0,0,0,0,0,0,0,0,0,1,0,0,0,0,0,,1,0,0,0,0,1,0,1,0,1,0,0,0,1,0,1,,,,,,31-35,26-35,City street,U,Wednesday,Unknown,PV,Hispanic,0,1,0,0,City Street,Municipal/City Police,Puyallup Police Department,1,0,0,1,0,,,,,,0,0,0,,,,,,,,,,,98,98,98,1,,,,,20,7,,,,,,,,,,,,,,,
2019,231,E930471,146,06/14/2019,12:04,14,6,,77,Yakima,0,1,0,1,1,2,1,0,3,3,,,,12,0,8,2.1,1,0,1,5,2,2,4,0,0,0,0,CR-N WENAS RD,,-120.5177361,46.68128333,0,3,98,62,4,40,14,0,0,1,5,12,1,1,2,1,1,1,1,53,0,20,402,2001,0,0,12,,,,,,1,1,55,2,0,,0,0,3,0,11,0,,,,,0,0,0,3,1,0,0,0,0,96,,,,,,0,,,,,,98936,53,62,138,6,1,0,0,0,0,,0,,,,,,0,,,20,0,0,0,8,9,8,,,0,0,0,8,0,8,95,,,96,,,8,95,995,,,,,,,,,,,,,,,,,,,,,,,,,,,,,,0,0,0,0,1,0,1,1,0,0,0,0,0,0,0,0,0,0,0,0,0,0,0,0,0,1,1,1,0,1,0,0,0,0,0,,0,0,0,0,0,0,0,0,0,0,0,0,0,0,0,0,,,,,,51-55,46-55,County road,U,Friday,Belt Used,PV,Not Fatal,0,1,1,0,County Road,County Sheriff,Yakima County Sheriff's Office,0,0,1,0,0,,,,,,0,0,0,,,,,,,,,,,98,98,98,0,,,,,20,7,,,,,,,,,,,,,,,
2019,231,E930471,146,06/14/2019,12:04,14,6,,77,Yakima,0,1,0,1,1,2,1,0,3,3,,,,12,0,8,2.1,1,0,1,5,2,2,4,0,0,0,0,CR-N WENAS RD,,-120.5177361,46.68128333,0,1,64,10,2,40,34,0,0,1,7,12,1,1,2,1,1,1,1,53,0,20,481,2002,0,0,68,12,12,,,,1,1,56,1,0,,0,0,3,0,11,0,,,,,0,0,0,3,1,28,0,0,0,96,,,,,,9,,,,,,98942,53,67,165,6,1,0,0,1,0,,97,,,,,,0,04/15/2018,04/15/2018,20,0,0,0,8,9,2,,,0,0,0,1,1,8,95,,,96,,,8,95,995,,,,,,,,,,,,,,,,,,,,,,,,,,,,,,0,0,0,0,1,0,1,1,0,0,0,0,0,0,0,0,0,0,0,0,0,0,0,0,0,1,1,1,0,1,0,0,0,0,0,,0,0,0,0,0,0,0,0,0,0,0,0,0,0,0,1,,,,,,56-60,56-65,County road,U,Friday,Belt Used,PV,Not Fatal,0,1,1,0,County Road,County Sheriff,Yakima County Sheriff's Office,0,0,1,0,0,,,,,,0,0,0,,,,,,,,,,,98,98,98,0,,,,,20,7,,,,,,,,,,,,,,,
2019,231,E930471,146,06/14/2019,12:04,14,6,,77,Yakima,0,1,0,1,1,2,1,0,3,3,,,,12,0,8,2.1,1,0,1,5,2,2,4,0,0,0,0,CR-N WENAS RD,,-120.5177361,46.68128333,0,2,65,62,4,40,4,0,0,1,7,12,1,1,2,1,1,1,1,53,0,14,6,2005,0,0,12,,,,,,1,1,81,2,7,,4,0,3,0,11,1,06/19/2019,12:49,1.96E+11,28111,0,0,3,3,1,0,0,0,0,96,,,,,,0,,,,,,98942,53,64,222,6,1,0,1,2,0,,0,,,,,,0,05/15/2016,01/15/2019,20,0,0,0,0,9,8,,,0,0,0,8,0,2,996,996,,1,1,,2,1,0,,,,,,,,,,,,,,,,,,,,,,,,,,,,,,0,0,0,0,1,0,1,1,0,0,0,0,0,0,0,0,0,0,0,0,0,0,0,0,0,1,1,1,0,1,0,0,0,0,0,,1,0,0,0,0,0,1,1,0,0,0,0,0,0,1,0,,,,,,81+,76+,County road,U,Friday,Belt Used,PV,White,0,1,1,0,County Road,County Sheriff,Yakima County Sheriff's Office,0,0,1,0,0,,,,,,0,0,0,,,,,,,,,,,98,98,98,1,,,,,20,7,,,,,,,,,,,,,,,
2019,209,E932092,22,04/29/2019,15:02,29,4,,27,Grays Harbor,0,1,0,1,1,2,1,0,2,1,,,,1,0,0,1.8,1,0,1,5,1,2,4,0,0,0,0,CR-GARRARD CREEK RD,,-123.2704194,46.81199722,0,1,98,13,2,35,14,0,0,1,7,1,3,3,2,1,14,2,1,53,0,55,401,2003,0,0,63,69,1,,,,1,1,65,2,7,,4,0,3,0,11,5,05/01/2019,14:20,1.96E+11,20367,0,0,0,3,1,58,0,0,0,93,,,,,,0,,,,,,98568,53,66,250,6,1,0,0,1,0,,0,,,,,,0,07/15/2017,07/15/2017,20,0,0,0,0,9,8,,,0,0,0,8,0,2,1,,,1,,,2,1,0,,,,,,,,,,,,,,,,,,,,,,,,,,,,,,0,0,0,0,0,0,0,0,0,0,0,0,0,0,0,0,1,0,0,0,0,0,0,0,0,1,0,0,0,1,0,0,0,0,0,,1,0,0,0,0,0,0,0,1,0,0,0,0,0,0,0,,,,,,61-65,56-65,County road,R,Monday,Belt Used,PV,White,0,1,0,0,County Road,County Sheriff,Grays Harbor County Sheriff's Offic,1,0,1,0,0,,,,,,0,0,0,,,,,,,,,,,98,98,98,1,,,,,20,7,,,,,,,,,,,,,,,
2019,190,E932603,6,05/26/2019,1:53,26,5,,7,Chelan,0,10,0,2,1,2,1,0,7,3,,,,12,0,6,4.5,1,0,1,4,1,1,2,0,0,0,0,US-97A,,-120.2990722,47.53414444,0,1,66,10,2,60,4,0,0,1,7,12,2,1,2,1,14,1,2,49,0,49,32,2006,0,0,68,12,12,,,,1,1,20,2,7,,4,0,3,0,11,4,05/26/2019,3:31,2.46E+11,23627,0,0,3,3,1,28,0,0,0,96,,,,,,99,,,,,,84015,49,73,165,6,1,0,1,98,0,,0,,,,,,0,10/15/2016,10/15/2016,8,0,0,0,0,1,8,,,0,0,0,8,1,2,1,,,1,,,2,1,0.063,,,,,,,,,,,,,,,,,,,,,,,,,,,,,,0,0,0,0,1,0,0,0,0,0,0,0,0,0,0,0,0,0,0,0,0,1,1,1,1,0,0,0,0,1,0,0,0,0,0,,1,0,0,0,1,0,0,0,0,0,0,0,1,0,0,1,,,,,,18-20,16-25,US highway,R,Sunday,Belt Used,PV,Black,0,1,1,0,State Route,State Patrol,Washington State Patrol,0,1,0,0,0,,,,,,0,0,0,,,,,,,,,,,98,98,98,2,,,,,20,7,,,,,,,,,,,,,,,
2019,190,E932603,6,05/26/2019,1:53,26,5,,7,Chelan,0,10,0,2,1,2,1,0,7,3,,,,12,0,6,4.5,1,0,1,4,1,1,2,0,0,0,0,US-97A,,-120.2990722,47.53414444,0,2,66,62,4,60,34,0,0,1,7,12,3,1,2,1,14,2,1,53,0,20,481,2000,0,0,12,,,,,,1,1,23,1,0,,0,0,3,0,11,0,,,,,0,0,0,3,1,0,0,0,0,96,,,,,,0,,,,,,98822,53,65,190,6,1,0,0,0,0,,0,,,,,,0,,,1,0,0,0,8,9,8,,,0,0,0,0,0,8,95,,,96,,,8,95,995,,,,,,,,,,,,,,,,,,,,,,,,,,,,,,0,0,0,0,1,0,0,0,0,0,0,0,0,0,0,0,0,0,0,0,0,1,1,1,1,0,0,0,0,1,0,0,0,0,0,,0,0,0,0,0,0,0,0,0,0,0,0,0,0,0,0,,,,,,21-25,16-25,US highway,R,Sunday,Belt Used,PV,Not Fatal,0,1,1,0,State Route,State Patrol,Washington State Patrol,0,1,0,0,0,,,,,,0,0,0,,,,,,,,,,,98,98,98,0,,,,,20,7,,,,,,,,,,,,,,,
2019,190,E932603,6,05/26/2019,1:53,26,5,,7,Chelan,0,10,0,2,1,2,1,0,7,3,,,,12,0,6,4.5,1,0,1,4,1,1,2,0,0,0,0,US-97A,,-120.2990722,47.53414444,0,3,98,62,4,60,14,0,0,1,7,12,3,1,2,1,14,4,1,53,0,49,401,2004,0,0,12,,,,,,1,1,26,1,0,,1,0,3,0,11,0,,,,,0,0,0,3,1,0,0,0,0,96,,,,,,0,,,,,,98822,53,73,205,6,1,0,2,0,1,,0,,,,,,0,03/15/2015,06/15/2018,8,0,0,0,8,9,8,,,0,0,0,8,0,8,95,,,96,,,8,95,995,,,,,,,,,,,,,,,,,,,,,,,,,,,,,,0,0,0,0,1,0,0,0,0,0,0,0,0,0,0,0,0,0,0,0,0,1,1,1,1,0,0,0,0,1,0,0,0,0,0,,0,0,0,0,0,0,0,0,0,0,0,0,0,0,0,0,,,,,,26-30,26-35,US highway,R,Sunday,Belt Used,PV,Not Fatal,0,1,1,0,State Route,State Patrol,Washington State Patrol,0,1,0,0,0,,,,,,0,0,0,,,,,,,,,,,98,98,98,0,,,,,20,7,,,,,,,,,,,,,,,
2019,191,E933262,307,06/23/2019,21:51,23,6,,71,Walla Walla,2390,1,0,2,1,2,1,0,1,1,,,,31,0,0,0,3,0,2,7,2,4,6,0,0,20,3,TAUMARSON RD,PLAZA WAY,-118.3447333,46.03605,0,1,1,13,2,98,80,0,0,1,7,31,3,1,2,1,14,1,1,53,0,37,706,2006,0,0,63,31,,,,,1,1,31,1,7,,4,0,20,7,11,8,06/23/2019,22:35,2.39E+11,28399,6,0,0,3,1,0,0,0,0,96,,,,,,99,,,,,,99362,53,75,170,6,1,1,1,0,1,,0,,,,,,3,01/15/2015,06/15/2017,20,8,0,0,0,9,8,,,0,0,0,8,9,8,95,,,96,,,8,95,995,,,,,,,,,,,,,,,,,,,,,,,,,,,,,,0,0,1,1,0,0,0,0,0,0,0,0,1,0,0,0,0,0,0,0,0,0,0,0,0,0,0,0,1,0,0,0,0,0,1,0,0,0,0,0,0,0,0,0,0,1,0,0,0,0,0,0,,,,,,31-35,26-35,City street,U,Sunday,,MC,White,0,1,0,0,City Street,Municipal/City Police,Walla Walla Police Department,1,0,0,1,0,,,,,,0,1,0,,,,,,,,,,,0,0,0,1,,,,,19,0,,,,,,,,,,,,,,,
2019,263,E933707,39,06/23/2019,0:14,23,6,,61,Snohomish,0,10,0,3,1,2,1,0,3,2,,,,12,0,2,1.3,2,0,3,5,1,2,4,0,0,0,0,CR-236TH ST NE,32ND AVE NE,-122.1871333,48.21002222,0,1,50,10,2,35,34,0,0,1,7,12,1,2,2,1,1,2,1,53,0,49,472,2015,0,0,68,12,,,,,1,1,42,1,0,,1,0,3,0,11,8,,,,,0,0,0,2,1,28,0,0,0,93,,,,,,0,,,,,,98233,53,74,215,1,1,0,1,1,0,,2,,,,,,0,09/15/2014,12/15/2018,1,0,0,0,8,9,8,,,0,0,0,8,0,8,95,,,96,,,8,95,995,,,,,,,,,,,,,,,,,,,,,,,,,,,,,,0,0,0,1,0,0,1,1,0,0,0,0,0,1,0,0,1,0,0,0,0,0,0,0,0,0,0,0,0,1,0,0,0,0,0,,0,0,0,0,0,0,0,0,1,0,0,1,0,0,0,0,,,,,,41-45,36-45,County road,R,Sunday,Belt Used,PV,Not Fatal,0,1,1,0,County Road,County Sheriff,Snohomish County Sheriff's Office,0,0,1,0,0,,,,,,0,0,3,,,,,,,,,,,98,98,98,0,,,,,20,7,,,,,,,,,,,,,,,
2019,263,E933707,39,06/23/2019,0:14,23,6,,61,Snohomish,0,10,0,3,1,2,1,0,3,2,,,,12,0,2,1.3,2,0,3,5,1,2,4,0,0,0,0,CR-236TH ST NE,32ND AVE NE,-122.1871333,48.21002222,0,2,51,62,4,35,4,0,0,1,7,12,1,2,2,1,1,1,1,53,0,12,37,2001,0,0,12,,,,,,1,1,61,2,7,,4,0,3,0,11,4,07/06/2019,8:53,69053030431,30431,0,0,0,3,1,0,0,0,0,96,,,,,,0,,,,,,98292,53,67,175,6,1,0,0,1,1,,0,,,,,,0,08/15/2016,05/15/2018,8,0,0,0,0,9,8,,,0,0,0,8,9,2,348,,,1,,,2,1,0,,,,,,,,,,,,,,,,,,,,,,,,,,,,,,0,0,0,1,0,0,1,1,0,0,0,0,0,1,0,0,1,0,0,0,0,0,0,0,0,0,0,0,0,1,0,0,0,0,0,,1,0,0,0,0,0,1,1,0,0,0,0,0,0,1,0,,,,,,61-65,56-65,County road,R,Sunday,Belt Used,PV,Multiracial,0,1,1,0,County Road,County Sheriff,Snohomish County Sheriff's Office,0,0,1,0,0,,,,,,0,0,0,,,,,,,,,,,98,98,98,201,298,,,,20,7,,,,,,,,,,,,,,,
2019,194,E933789,6,06/09/2019,3:55,9,6,,25,Grant,0,1,0,2,1,2,1,0,8,4,,,,35,0,0,55.4,1,0,1,3,1,1,3,0,0,0,0,SR-17,,-119.4005278,47.22272222,0,2,98,90,6,60,20,0,0,1,5,54,1,1,2,1,1,1,1,53,0,37,441,2002,0,0,54,,,,,,1,1,45,1,0,,0,0,3,0,11,0,,,,,0,0,0,3,1,0,0,0,0,96,,,,,,0,,,,,,98823,53,65,190,6,1,0,1,1,4,,0,,,,,,0,11/15/2014,12/15/2017,20,0,0,0,8,9,8,,,0,0,0,8,0,8,95,,,96,,,8,95,995,,,,,,,,,,,,,,,,,,,,,,,,,,,,,,0,0,1,0,0,0,0,0,0,0,0,0,0,1,0,1,0,0,0,1,0,0,0,1,1,0,0,0,0,1,0,0,0,0,0,,0,0,0,0,0,0,0,0,0,0,0,0,0,0,0,0,,,,,,41-45,36-45,State route,R,Sunday,Belt Used,PV,Not Fatal,0,1,0,0,State Route,State Patrol,Washington State Patrol,1,1,0,0,0,,,,,,0,0,0,,,,,,,,,,,98,98,98,0,,,,,20,7,,,,,,,,,,,,,,,
2019,194,E933789,6,06/09/2019,3:55,9,6,,25,Grant,0,1,0,2,1,2,1,0,8,4,,,,35,0,0,55.4,1,0,1,3,1,1,3,0,0,0,0,SR-17,,-119.4005278,47.22272222,0,4,98,90,6,60,34,1,0,1,5,54,1,1,2,1,1,3,1,53,0,20,481,2016,0,0,54,,,,,,1,1,41,1,0,,0,0,3,0,11,0,,,,,0,0,0,3,1,0,0,0,0,96,,,,,,0,,,,,,98837,53,68,190,6,1,0,1,1,0,,0,,,,,,0,12/15/2014,08/15/2015,20,0,0,0,8,9,8,,,0,0,0,8,0,8,95,,,96,,,8,95,995,,,,,,,,,,,,,,,,,,,,,,,,,,,,,,0,0,1,0,0,0,0,0,0,0,0,0,0,1,0,1,0,0,0,1,0,0,0,1,1,0,0,0,0,1,0,0,0,0,0,,0,0,0,0,0,0,0,0,0,0,0,0,0,0,0,0,,,,,,41-45,36-45,State route,R,Sunday,Belt Used,PV,Not Fatal,0,1,0,0,State Route,State Patrol,Washington State Patrol,1,1,0,0,0,,,,,,0,0,0,,,,,,,,,,,98,98,98,0,,,,,20,7,,,,,,,,,,,,,,,
2019,194,E933789,6,06/09/2019,3:55,9,6,,25,Grant,0,1,0,2,1,2,1,0,8,4,,,,35,0,0,55.4,1,0,1,3,1,1,3,0,0,0,0,SR-17,,-119.4005278,47.22272222,0,1,6,12,2,60,34,0,0,1,7,1,1,1,2,1,1,1,2,53,0,12,481,2002,0,0,68,64,35,1,60,54,1,1,23,2,7,,4,7,20,7,11,0,06/09/2019,3:55,53026373,26373,0,0,3,2,1,0,0,0,0,96,,,,,,2,,,,,,98851,53,66,180,1,1,0,4,0,0,,0,,,,,,0,10/15/2014,08/15/2018,1,1,9,0,0,9,8,,,0,0,0,8,9,8,95,,,96,,,8,95,995,,,,,,,,,,,,,,,,,,,,,,,,,,,,,,0,0,1,0,0,0,0,0,0,0,0,0,0,1,0,1,0,0,0,1,0,0,0,1,1,0,0,0,0,1,0,0,0,1,0,,1,0,0,0,0,0,0,0,0,0,0,1,0,0,0,0,,,,,,21-25,16-25,State route,R,Sunday,Not Used,PV,White,0,1,0,0,State Route,State Patrol,Washington State Patrol,1,1,0,0,0,,,,,,0,0,6,,,,,,,,,,,98,98,98,1,,,,,20,7,,,,,,,,,,,,,,,
2019,194,E933789,6,06/09/2019,3:55,9,6,,25,Grant,0,1,0,2,1,2,1,0,8,4,,,,35,0,0,55.4,1,0,1,3,1,1,3,0,0,0,0,SR-17,,-119.4005278,47.22272222,0,3,98,90,6,60,2,0,0,1,5,54,1,1,2,1,1,3,2,53,0,20,36,2004,0,0,54,,,,,,1,1,59,2,0,,0,0,3,0,11,0,,,,,0,0,3,3,1,0,0,0,0,96,,,,,,0,,,,,,99135,53,67,210,6,1,0,1,0,0,,0,,,,,,0,12/15/2018,12/15/2018,20,0,0,0,8,9,8,,,0,0,0,8,0,8,95,,,96,,,8,95,995,,,,,,,,,,,,,,,,,,,,,,,,,,,,,,0,0,1,0,0,0,0,0,0,0,0,0,0,1,0,1,0,0,0,1,0,0,0,1,1,0,0,0,0,1,0,0,0,0,0,,0,0,0,0,0,0,0,0,0,0,0,0,0,0,0,0,,,,,,56-60,56-65,State route,R,Sunday,Belt Used,PV,Not Fatal,0,1,0,0,State Route,State Patrol,Washington State Patrol,1,1,0,0,0,,,,,,0,0,0,,,,,,,,,,,98,98,98,0,,,,,20,7,,,,,,,,,,,,,,,
2019,195,E934230,146,06/21/2019,11:25,21,6,,77,Yakima,0,1,0,1,1,4,1,0,1,1,,,,1,0,0,2,1,0,1,7,2,2,4,0,3,0,0,CR-MEDICINE VALLEY RD,,-120.7963639,46.39009167,0,1,1,6,1,50,34,0,0,1,7,1,3,1,2,1,14,1,1,53,0,7,482,1998,0,0,63,69,63,1,,,1,1,33,1,7,,4,7,20,7,11,0,06/21/2019,11:25,53027954,27954,0,0,0,3,1,0,0,0,0,96,,,,,,99,,,,,,98951,53,75,225,6,1,0,0,0,0,,0,,,,,,4,,,20,2,9,0,0,9,8,,,0,0,0,8,9,2,605,695,,1,1,,2,1,0.23,,,,,,,,,,,,,,,,,,,,,,,,,,,,,,0,0,1,0,1,1,1,1,1,0,0,0,1,0,0,0,0,0,0,1,0,0,0,0,0,0,0,0,0,1,0,0,0,1,0,,1,0,0,0,0,1,1,1,0,1,0,0,0,0,0,1,,,,,,31-35,26-35,County road,U,Friday,Not Used,PV,White,1,0,0,0,County Road,County Sheriff,Yakima County Sheriff's Office,0,0,1,0,0,thc,2.9,carboxy-thc,15,,0,0,0,,,,,,,,,,,0,0,0,1,,,,,20,7,,,,,,,,,,,,,,,
2019,205,E934239,5,06/20/2019,17:04,20,6,,11,Clark,0,1,0,1,1,2,1,0,1,1,,,,42,0,0,14.5,1,0,1,4,1,1,3,0,0,0,0,SR-503,,-122.5170528,45.87055556,0,1,7,6,1,50,4,0,0,1,2,42,2,1,2,1,14,1,1,53,0,35,39,2000,0,0,63,69,68,64,42,,1,1,24,1,7,,4,7,3,0,11,0,06/20/2019,17:04,53028150,28150,0,0,0,3,1,58,0,0,0,96,,,,,,99,,,,,,98668,53,72,140,6,1,0,0,0,0,,0,,,,,,4,,,2,0,0,0,0,9,8,,,0,0,0,8,9,2,605,695,,1,1,,2,1,0.15,,,,,,,,,,,,,,,,,,,,,,,,,,,,,,0,0,0,0,1,1,1,1,1,0,0,0,1,0,0,0,0,0,0,0,0,0,0,1,1,0,0,0,0,1,0,0,0,0,0,,1,0,0,0,0,1,1,1,0,1,0,0,0,0,0,1,,,,,,21-25,16-25,State route,R,Thursday,Belt Used,PV,White,0,1,0,0,State Route,State Patrol,Washington State Patrol,1,1,0,0,0,thc,14,carboxy-thc,29,,0,0,0,,,,,,,,,,,98,98,98,1,,,,,20,7,,,,,,,,,,,,,,,
2019,196,E934303,14,06/25/2019,16:45,25,6,,11,Clark,2420,1,0,1,1,2,2,2,1,1,,,,38,1,0,0,1,0,1,7,2,4,6,0,0,98,3,N SHEPHERD RD  THRUWAY,,-122.3669139,45.58909167,0,1,1,13,2,98,14,0,0,1,5,8,3,8,2,1,98,1,2,53,0,2,404,2005,0,0,63,38,8,8,31,,1,1,71,1,0,,0,0,99,7,11,0,,,,,0,0,0,3,1,91,0,0,0,96,,,,,,9,,,,,,98671,53,66,140,6,1,0,0,0,0,,1,7,,,,,0,,,20,0,0,0,8,9,8,,,0,0,0,8,1,2,1,,,1,,,2,1,0.075,,,,,,,,,,,,,,,,,,,,,,,,,,,,,,0,0,1,0,1,0,0,0,0,0,0,0,0,0,0,0,0,0,0,0,0,0,0,0,0,1,1,0,0,1,0,1,0,0,0,,0,0,0,0,1,0,0,0,0,0,0,0,1,0,0,1,,,,,,71-75,66-75,City street,U,Tuesday,Unknown,PV,Not Fatal,0,1,0,0,City Street,Municipal/City Police,Washougal Police Department,1,0,0,1,0,,,,,,0,0,0,,,,,,,,,,,98,98,98,0,,,,,20,7,,,,,,,,,,,,,,,
2019,193,E934410,6,06/26/2019,9:35,26,6,,37,Kittitas,0,1,0,1,1,2,1,0,3,3,,,,12,0,2,147.1,1,0,1,3,1,1,2,0,0,28,3,US-97,,-120.6110389,47.33145278,1,2,51,62,4,60,6,0,0,1,7,12,2,2,3,1,14,1,4,13,0,35,49,2018,0,0,12,12,,,,,1,1,61,1,0,,3,0,3,0,11,8,,,,,0,0,0,3,1,0,0,0,0,96,,,,,,0,,,,,,48383,26,73,165,6,1,0,0,0,0,,0,,,,,,0,,,8,0,0,0,8,9,2,,,0,0,0,0,0,8,95,,,96,,,8,95,995,,,,,,,,,,,,,,,,,,,,,,,,,,,,,,0,0,0,0,0,0,0,0,0,0,0,0,0,0,0,0,0,0,0,0,0,0,0,0,0,1,1,1,0,1,1,0,0,0,0,,0,0,0,0,0,0,0,0,0,0,0,0,0,0,0,0,,,,,,61-65,56-65,US highway,R,Wednesday,Belt Used,PV,Not Fatal,0,1,1,0,State Route,State Patrol,Washington State Patrol,0,1,0,0,0,,,,,,0,0,0,,,,,,,,,,,98,98,98,0,,,,,20,7,,,,,,,,,,,,,,,
2019,193,E934410,6,06/26/2019,9:35,26,6,,37,Kittitas,0,1,0,1,1,2,1,0,3,3,,,,12,0,2,147.1,1,0,1,3,1,1,2,0,0,28,3,US-97,,-120.6110389,47.33145278,1,1,50,10,2,60,1,0,0,1,7,12,2,2,3,1,14,1,1,53,0,30,47,2016,0,0,68,12,,,,,1,1,75,2,7,,4,7,3,0,11,0,06/26/2019,9:35,53029032,29032,0,0,0,3,1,28,0,0,0,96,,,,,,99,,,,,,98424,53,64,168,6,1,0,2,2,0,,0,,,,,,0,11/15/2015,12/15/2015,1,0,0,0,0,9,8,,,0,0,0,8,9,8,95,,,96,,,8,95,995,,,,,,,,,,,,,,,,,,,,,,,,,,,,,,0,0,0,0,0,0,0,0,0,0,0,0,0,0,0,0,0,0,0,0,0,0,0,0,0,1,1,1,0,1,1,0,0,0,0,,1,0,0,0,0,0,0,0,0,0,0,0,0,0,0,0,,,,,,71-75,66-75,US highway,R,Wednesday,Belt Used,PV,White,0,1,1,0,State Route,State Patrol,Washington State Patrol,0,1,0,0,0,,,,,,0,0,0,,,,,,,,,,,98,98,98,1,,,,,20,7,,,,,,,,,,,,,,,
2019,193,E934410,6,06/26/2019,9:35,26,6,,37,Kittitas,0,1,0,1,1,2,1,0,3,3,,,,12,0,2,147.1,1,0,1,3,1,1,2,0,0,28,3,US-97,,-120.6110389,47.33145278,1,3,98,61,4,60,66,1,0,1,5,12,2,2,3,1,14,1,3,53,0,85,881,2013,0,0,12,,,,,,1,1,59,1,0,,0,0,3,0,11,0,,,,,6,1,0,3,1,0,0,0,0,96,,,,,,0,,,,,,98632,53,70,180,6,1,0,0,1,0,,0,,,,,,0,08/15/2017,08/15/2017,20,0,0,0,8,9,2,,,0,0,0,0,0,8,95,,,96,,,8,95,995,,,,,,,,,,,,,,,,,,,,,,,,,,,,,,0,0,0,0,0,0,0,0,0,0,0,0,0,0,0,0,0,0,0,0,0,0,0,0,0,1,1,1,0,1,1,0,0,0,0,,0,0,0,0,0,0,0,0,0,0,0,0,0,0,0,0,,,,,,56-60,56-65,US highway,R,Wednesday,,MHTRUCK,Not Fatal,0,1,1,0,State Route,State Patrol,Washington State Patrol,0,1,0,0,0,,,,,,0,0,0,,,,,,,,,,,98,98,98,0,,,,,20,7,,,,,,,,,,,,,,,