year,case,par,repjur,crash_dt,crash_tm,accday,accmon,holiday,county,co_char,city,weather,weather2,lightcond,surfcond,surftype,numfatal,nmforms,pforms,vforms,not_tm,arr_tm,hosp_tm,fhevent,hitrun,manncol,milepnt,reljunc,reljuncinter,intersectiontype,funcsystem,landuse,ownership,route,schlbus,spejur,contdev,devfunc,trafid1,trafid2,x,y,wk_zone,vnumber,crashtype,criticalevent,criticaleventcat,spdlim,body,trailer,emerg,hazcargo,leave,mhevent,roadalgn,roadprof,traflane,trafflow,vehmanvr,numoccs,regowner,regstate,spuse,make,model,modelyr,vrf1,vrf2,seqevent1,seqevent2,seqevent3,seqevent4,seqevent5,seqevent6,pnumber,ptype,age,sex,hispanic,race,injury,diedscene,restraint,restraintmisuse,seatpos,takehosp,death_dt,death_tm,cert,cernum_wa,commlic,licendor,licrestrict,liccomp,drivpres,drf1,drf2,drf3,drf4,distract1,distract2,distract3,distract4,distract5,distract6,dricond1,dricond2,dricond3,dricond4,dricond5,dricond6,dzip,licstate,drhgt_in,weight,noncdl,noncdltype,prevdwi,prevoth,prevacc,prevspd,prevsus,driviol1,driviol2,driviol3,driviol4,driviol5,driviol6,spdrel,first_dt,last_dt,airbag,ejection,ejectpath,extricat,injurwrk,methalc,methdrug,nmlocat,strikveh,prf1,prf2,prf3,druginv,alcinvol,drugsts,drugres1,drugres2,drugres3,drugtst1,drugtst2,drugtst3,alcsts,alctst,alcres,nmact1,nmact2,nmact3,nmact4,nmact5,nmact6,nmprior1,nmprior2,nmprior3,nmprior4,nmprior5,nmprior6,nmcond1,nmcond2,nmcond3,nmcond4,nmcond5,nmcond6,nmsafe_helmet,nmsafe_pads,nmsafe_oth,nmprev_ref,nmprev_lgt,nmprev_oth,crashlocation,nmcrashtype,crosswalk,schoolzone,sidewalk,train_inv,wildlife_inv,rotr_fars,intersect_fars,dd_inv,aid_inv,dpd_inv,id_inv,mj_inv,impnm_inv,ainm_inv,dpnm_inv,speed_inv,unlic_inv,unendmc_inv,drowsy_inv,drdist_inv,nmdist_inv,fty_inv,unrestfat_inv,dr1617_inv,dr1820_inv,dr1620_inv,dr2125_inv,dr1625_inv,dr65_inv,dr70_inv,dr75_inv,mc_inv,pv_inv,ht_inv,ped_inv,bike_inv,unrest_fat,mc_fat,unhelmet_mc,pv_fat,ht_fat,ped_fat,bike_fat,dr_alc7,dr_alc8,dr_drug,dr_imp,dr_dist,dr_spd,dr_fty,dr_unlic,dr_alc7only,dr_alc8only,dr_drugonly,dr_drink,nm_imp,nm_alc7,nm_alc8,nm_drug,nm_dist,agegrp1,agegrp2,roadclass,urbrur,dayweek,restuse,vehtype,race_me,intersect,lanedep,oppdir,wrongway,rep_typ,investag,repag_long,rotr,st_rd,cty_rd,city_rd,oth_rd,drug_thc,thc_res,drug_cthc,cthc_res,drug_cann,prevpersemin,prevperse,prevsusoth,drugtst4,drugtst5,drugtst6,drugtst7,drugtst8,drugres4,drugres5,drugres6,drugres7,drugres8,adspresent,adsengaged,adslevel,race1,race2,race3,race4,race5,helmet,helmetmisuse,nmdistract1,nmdistract2,nmdistract3,nmdistract4,nmdistract5,nmdistract6,lab,isedtcase,crf1,crf2,crf3,CoRoadName,CoMP,IntCoRoadName,IntCoMP
2019,197,E934621,2,06/09/2019,18:14,9,6,,73,Whatcom,0,1,0,1,1,2,1,0,3,1,,,,30,0,0,0.2,1,0,1,7,2,2,4,0,3,0,0,CR-S RED RIVER RD,,-122.6131833,48.81636389,0,1,6,6,1,35,34,0,0,1,5,30,2,1,2,1,6,3,1,53,0,12,481,2004,0,0,68,64,30,,,,1,1,42,1,0,,3,0,20,7,11,8,,,,,0,0,0,3,1,33,91,0,0,96,,,,,,9,,,,,,98226,53,71,210,6,1,0,0,0,1,,1,,,,,,4,02/15/2015,07/15/2015,20,1,9,0,8,9,8,,,0,0,0,8,1,8,95,,,96,,,8,95,995,,,,,,,,,,,,,,,,,,,,,,,,,,,,,,0,0,1,0,1,0,0,0,0,0,0,0,1,0,0,0,0,0,0,0,0,0,0,0,0,0,0,0,0,1,0,0,0,0,0,,0,0,0,0,0,0,0,0,0,1,0,0,0,0,0,1,,,,,,41-45,36-45,County road,U,Sunday,Not Used,PV,Not Fatal,0,1,0,0,County Road,State Patrol,Washington State Patrol,1,0,1,0,0,,,,,,0,0,1,,,,,,,,,,,98,98,98,0,,,,,20,7,,,,,,,,,,,,,,,
2019,198,E934696,7,06/25/2019,4:27,25,6,,33,King,0,5,0,2,1,2,1,0,4,2,,,,12,0,6,14,4,0,1,4,2,1,3,0,0,0,0,SR-202,,-121.9956583,47.62945556,0,2,83,67,4,55,34,0,0,1,7,12,1,1,2,1,1,1,1,53,0,49,482,2003,0,0,12,,,,,,1,1,24,1,0,,1,0,3,0,11,8,,,,,0,0,0,3,1,0,0,0,0,96,,,,,,0,,,,,,98021,53,70,180,6,1,0,1,1,2,,0,,,,,,0,05/15/2016,08/15/2017,8,0,0,0,8,9,8,,,0,0,0,8,0,8,95,,,96,,,8,95,995,,,,,,,,,,,,,,,,,,,,,,,,,,,,,,0,0,0,0,0,0,1,1,1,0,0,0,0,1,0,0,1,0,1,0,0,1,1,1,1,0,0,0,0,1,0,0,0,0,0,,0,0,0,0,0,0,0,0,0,0,0,0,0,0,0,0,,,,,,21-25,16-25,State route,U,Tuesday,Belt Used,PV,Not Fatal,0,0,0,0,State Route,State Patrol,Washington State Patrol,0,1,0,0,0,,,,,,0,0,0,,,,,,,,,,,98,98,98,0,,,,,20,7,,,,,,,,,,,,,,,
2019,198,E934696,7,06/25/2019,4:27,25,6,,33,King,0,5,0,2,0,0,1,0,4,2,,,,12,0,6,14,4,0,1,4,2,1,3,0,0,0,0,SR-202,,-121.9956583,47.62945556,0,1,82,15,2,0,2,0,0,1,7,12,0,0,0,0,11,3,2,53,0,12,3,2000,0,0,12,,,,,,1,1,19,2,1,,4,7,3,0,11,0,06/25/2019,4:27,53028338,28338,0,0,0,0,1,38,48,0,0,93,,,,,,99,,,,,,98125,53,64,130,0,0,0,0,0,0,,0,,,,,,0,,,8,0,0,0,0,9,8,,,0,0,0,8,9,2,401,417,407,1,1,1,2,1,0,,,,,,,,,,,,,,,,,,,,,,,,,,,,,,0,0,0,0,0,0,1,1,1,0,0,0,0,1,0,0,1,0,1,0,0,1,1,1,1,0,0,0,0,1,0,0,0,0,0,,1,0,0,0,0,0,1,1,1,0,1,1,0,0,1,0,,,,,,18-20,16-25,State route,U,Tuesday,Belt Used,PV,Hispanic,0,0,0,0,State Route,State Patrol,Washington State Patrol,0,1,0,0,0,thc,4.8,carboxy-thc,23,,0,0,0,1,1,1,,,402,605,695,,,98,98,98,202,201,,,,20,7,,,,,,,nms,,,,,,,,
2019,199,E934932,26,06/27/2019,16:26,27,6,,35,Kitsap,0,1,0,1,1,2,1,0,3,2,,,,12,0,2,2.2,1,0,1,5,1,2,4,0,0,0,0,CR-SE BURLEY OLALLA RD,,-122.5843806,47.43116667,0,2,51,62,4,40,34,0,0,1,7,12,3,2,2,1,14,2,1,53,0,12,481,2001,0,0,12,,,,,,1,1,41,1,0,,1,0,3,0,11,8,,,,,6,0,0,3,1,0,0,0,0,96,,,,,,0,,,,,,98359,53,72,265,6,1,0,0,0,0,,0,,,,,,0,,,1,0,0,0,8,9,8,,,0,0,0,8,0,8,95,,,96,,,8,95,995,,,,,,,,,,,,,,,,,,,,,,,,,,,,,,0,0,0,0,1,0,1,1,1,0,0,0,0,0,0,0,0,0,0,0,0,0,0,0,0,0,0,0,0,1,0,0,0,0,0,,0,0,0,0,0,0,0,0,0,0,0,0,0,0,0,0,,,,,,41-45,36-45,County road,R,Thursday,Belt Used,PV,Not Fatal,0,1,1,0,County Road,County Sheriff,Kitsap County Sheriff's Office,0,0,1,0,0,,,,,,0,0,0,,,,,,,,,,,98,98,98,0,,,,,20,7,,,,,,,,,,,,,,,
2019,199,E934932,26,06/27/2019,16:26,27,6,,35,Kitsap,0,1,0,1,1,2,1,0,3,2,,,,12,0,2,2.2,1,0,1,5,1,2,4,0,0,0,0,CR-SE BURLEY OLALLA RD,,-122.5843806,47.43116667,0,1,50,10,2,98,4,0,0,1,7,12,2,2,2,1,14,1,2,53,0,49,40,2011,0,0,68,12,,,,,1,1,57,2,7,,4,7,3,0,11,0,06/27/2019,16:26,53029349,29349,0,0,3,3,1,28,0,0,0,96,,,,,,9,,,,,,98367,53,63,125,6,1,0,0,0,2,,0,,,,,,0,04/15/2016,05/15/2016,8,0,0,0,0,1,1,,,0,0,0,1,1,2,605,695,,1,1,,2,1,0.078,,,,,,,,,,,,,,,,,,,,,,,,,,,,,,0,0,0,0,1,0,1,1,1,0,0,0,0,0,0,0,0,0,0,0,0,0,0,0,0,0,0,0,0,1,0,0,0,0,0,,1,0,0,0,1,0,1,1,0,0,0,0,0,0,0,1,,,,,,56-60,56-65,County road,R,Thursday,Belt Used,PV,White,0,1,1,0,County Road,County Sheriff,Kitsap County Sheriff's Office,0,0,1,0,0,thc,28,carboxy-thc,65,,0,0,0,,,,,,,,,,,98,98,98,1,,,,,20,7,,,,,,,,,,,,,,,
2019,200,E935032,34,06/17/2019,15:55,17,6,,51,Pend Oreille,0,1,0,1,1,5,1,0,2,1,,,,42,0,0,8.5,1,0,1,7,2,2,4,0,0,0,0,CR-BEAD LAKE RD,,-117.1425917,48.29898333,0,1,1,13,2,98,15,0,0,1,7,1,1,1,2,1,1,2,1,53,0,12,422,1997,0,0,63,42,1,,,,1,1,24,8,0,,2,0,20,7,11,8,,,,,0,0,0,3,1,91,0,0,0,96,,,,,,9,,,,,,99205,53,72,180,6,1,0,1,1,0,,1,,,,,,0,04/15/2018,04/15/2018,20,9,0,0,8,9,8,,,0,0,0,8,1,2,695,,,1,,,2,1,0.15,,,,,,,,,,,,,,,,,,,,,,,,,,,,,,0,0,1,0,1,1,1,1,1,0,0,0,0,0,0,0,0,0,0,1,0,0,0,1,1,0,0,0,0,1,0,0,0,0,0,,0,0,0,0,0,1,1,1,0,0,0,0,0,0,0,1,,,,,,21-25,16-25,County road,U,Monday,Not Used,PV,Not Fatal,0,1,0,0,County Road,County Sheriff,Pend Oreille County Sheriff's Offic,1,0,1,0,0,,,carboxy-thc,13,,0,0,0,,,,,,,,,,,0,0,0,0,,,,,20,7,,,,,,,,,,,,,,,
2019,201,E935214,6,06/25/2019,12:01,25,6,,37,Kittitas,0,1,0,1,1,2,1,0,1,1,,,,1,0,0,124.9,1,0,1,1,1,1,1,0,0,0,0,I-90,,-120.1863556,46.94491667,0,1,6,12,2,70,80,0,0,1,7,1,1,2,3,2,1,1,1,53,0,72,706,2016,0,0,64,1,,,,,1,1,49,1,7,,4,7,20,7,11,0,06/25/2019,12:01,53028461,28461,0,0,0,3,1,0,0,0,0,96,,,,,,99,,,,,,98387,53,69,210,6,1,0,0,0,0,,0,,,,,,0,,,20,8,0,0,0,9,8,,,0,0,0,8,9,8,95,,,96,,,8,95,995,,,,,,,,,,,,,,,,,,,,,,,,,,,,,,0,0,1,0,0,0,0,0,0,0,0,0,0,0,0,0,0,0,0,0,0,0,0,0,0,0,0,0,1,0,0,0,0,0,1,0,0,0,0,0,0,0,0,0,0,0,0,0,0,0,0,0,,,,,,46-50,46-55,Interstate,R,Tuesday,,MC,White,0,1,0,0,State Route,State Patrol,Washington State Patrol,1,1,0,0,0,,,,,,0,0,0,,,,,,,,,,,0,0,0,1,,,,,19,0,,,,,,,,,,,,,,,
2019,202,E935247,2,06/29/2019,14:30,29,6,,29,Island,0,1,0,1,1,2,1,0,6,2,,,,12,0,6,36,2,0,2,3,2,1,3,0,0,20,3,SR-20,FROSTAD,-122.6126167,48.34795278,0,1,87,17,2,45,14,0,0,1,7,12,4,2,2,1,14,3,2,53,0,2,403,2009,0,0,12,,,,,,1,1,57,2,0,,1,0,20,7,11,4,,,,,0,0,3,3,1,38,91,0,0,96,,,,,,9,,,,,,98277,53,64,140,6,1,0,2,1,2,,1,3,,,,,0,08/15/2014,02/15/2018,20,0,0,0,8,9,2,,,0,0,0,1,0,8,95,,,96,,,8,95,995,,,,,,,,,,,,,,,,,,,,,,,,,,,,,,0,0,0,1,0,0,0,0,0,0,0,0,0,0,0,0,0,0,1,1,0,0,0,0,0,0,0,0,0,1,0,0,0,0,0,,0,0,0,0,0,0,0,0,0,0,1,0,0,0,0,0,,,,,,56-60,56-65,State route,U,Saturday,Not Used,PV,Not Fatal,1,0,0,0,State Route,State Patrol,Washington State Patrol,0,1,0,0,0,,,,,,0,0,0,,,,,,,,,,,98,98,98,0,,,,,20,7,,,,,,,,,,,,,,,
2019,202,E935247,2,06/29/2019,14:30,29,6,,29,Island,0,1,0,1,1,2,1,0,6,2,,,,12,0,6,36,2,0,2,3,2,1,3,0,0,0,0,SR-20,FROSTAD,-122.6126167,48.34795278,0,2,86,66,4,55,14,0,0,1,7,12,2,2,3,1,14,3,2,53,0,2,404,2011,0,0,12,,,,,,1,1,53,1,0,,3,0,3,0,11,4,,,,,0,0,0,3,1,0,0,0,0,96,,,,,,0,,,,,,98277,53,69,170,6,1,0,0,0,0,,0,,,,,,0,,,1,0,0,0,8,9,8,,,0,0,0,8,0,8,95,,,96,,,8,95,995,,,,,,,,,,,,,,,,,,,,,,,,,,,,,,0,0,0,1,0,0,0,0,0,0,0,0,0,0,0,0,0,0,1,1,0,0,0,0,0,0,0,0,0,1,0,0,0,0,0,,0,0,0,0,0,0,0,0,0,0,0,0,0,0,0,0,,,,,,51-55,46-55,State route,U,Saturday,Belt Used,PV,Not Fatal,1,0,0,0,State Route,State Patrol,Washington State Patrol,0,1,0,0,0,,,,,,0,0,0,,,,,,,,,,,98,98,98,0,,,,,20,7,,,,,,,,,,,,,,,
2019,206,E935287,3,06/08/2019,0:33,8,6,,53,Pierce,1124,1,0,3,1,1,1,1,5,3,,,,8,0,0,124.1,1,0,1,1,2,1,1,0,0,0,0,I-5,,-122.5344694,47.13186389,0,2,98,80,5,60,14,1,0,1,5,8,1,1,4,3,1,2,2,53,0,37,402,2004,0,0,8,,,,,,1,1,52,1,0,,0,0,3,0,11,0,,,,,0,0,0,3,1,0,0,0,0,96,,,,,,0,,,,,,98087,53,70,190,6,1,0,1,1,2,,0,,,,,,0,01/15/2015,09/15/2018,20,0,0,0,8,9,8,,,0,0,0,8,0,8,95,,,96,,,8,95,995,,,,,,,,,,,,,,,,,,,,,,,,,,,,,,0,0,0,0,0,0,0,0,0,1,1,0,0,0,0,0,0,0,0,0,0,0,0,1,1,0,0,0,0,1,1,1,0,0,0,,0,0,0,0,0,0,0,0,0,0,0,0,0,0,0,0,,,,,,51-55,46-55,Interstate,U,Saturday,Belt Used,PV,Not Fatal,0,0,0,0,State Route,State Patrol,Washington State Patrol,0,1,0,0,0,,,,,,0,0,0,,,,,,,,,,,98,98,98,0,,,,,20,7,,,,,,,,,,,,,,,
2019,206,E935287,3,06/08/2019,0:33,8,6,,53,Pierce,1124,1,0,3,1,1,1,1,5,3,,,,8,0,0,124.1,1,0,1,1,2,1,1,0,0,0,0,I-5,,-122.5344694,47.13186389,0,3,98,80,5,60,66,2,0,1,5,8,1,1,4,3,1,2,3,6,0,84,884,2019,0,0,8,,,,,,1,1,64,2,0,,0,0,3,0,11,0,,,,,6,1,0,3,1,0,0,0,0,96,,,,,,0,,,,,,98087,53,66,135,6,1,0,0,1,1,,0,,,,,,0,01/15/2015,04/15/2015,20,0,0,0,8,9,8,,,0,0,0,8,0,8,95,,,96,,,8,95,995,,,,,,,,,,,,,,,,,,,,,,,,,,,,,,0,0,0,0,0,0,0,0,0,1,1,0,0,0,0,0,0,0,0,0,0,0,0,1,1,0,0,0,0,1,1,1,0,0,0,,0,0,0,0,0,0,0,0,0,0,0,0,0,0,0,0,,,,,,61-65,56-65,Interstate,U,Saturday,,MHTRUCK,Not Fatal,0,0,0,0,State Route,State Patrol,Washington State Patrol,0,1,0,0,0,,,,,,0,0,0,,,,,,,,,,,98,98,98,0,,,,,20,7,,,,,,,,,,,,,,,
2019,206,E935287,3,06/08/2019,0:33,8,6,,53,Pierce,1124,1,0,3,1,1,1,1,5,3,,,,8,0,0,124.1,1,0,1,1,2,1,1,0,0,0,0,I-5,,-122.5344694,47.13186389,0,1,13,80,5,60,34,0,0,1,5,8,1,1,4,3,1,1,2,53,0,20,481,2001,0,0,8,,,,,,1,1,25,1,0,,0,0,3,0,11,0,,,,,0,0,0,3,1,0,0,0,0,96,,,,,,0,,,,,,98387,53,71,165,6,1,0,0,1,1,,0,,,,,,0,12/15/2017,05/15/2018,20,0,0,0,8,9,8,,,0,0,0,8,0,8,95,,,96,,,8,95,995,,,,,,,,,,,,,,,,,,,,,,,,,,,,,,0,0,0,0,0,0,0,0,0,1,1,0,0,0,0,0,0,0,0,0,0,0,0,1,1,0,0,0,0,1,1,1,0,0,0,,0,0,0,0,0,0,0,0,0,0,0,0,0,0,0,0,,,,,,21-25,16-25,Interstate,U,Saturday,Belt Used,PV,Not Fatal,0,0,0,0,State Route,State Patrol,Washington State Patrol,0,1,0,0,0,,,,,,0,0,0,,,,,,,,,,,98,98,98,0,,,,,20,7,,,,,,,,,,,,,,,
2019,519,E935293,171,06/21/2019,22:23,21,6,,33,King,1107,1,0,2,1,2,1,1,1,1,,,,8,0,0,4.9,1,0,1,3,2,1,3,0,0,0,0,SR-522,,-122.2872611,47.74243333,0,1,13,80,5,40,5,0,0,1,7,8,1,2,6,5,1,1,1,53,0,37,37,2010,0,0,8,,,,,,1,1,45,2,0,,0,0,3,0,11,0,,,,,0,0,0,3,1,10,0,0,0,96,,,,,,0,,,,,,98103,53,61,120,6,1,0,0,1,0,,0,,,,,,0,06/15/2019,06/15/2019,20,0,0,0,8,9,8,,,0,0,0,8,0,8,95,,,96,,,8,95,995,,,,,,,,,,,,,,,,,,,,,,,,,,,,,,0,0,0,0,0,0,0,0,0,1,0,1,0,0,0,0,0,0,0,0,0,0,0,0,0,0,0,0,0,1,0,1,0,0,0,,0,0,0,0,0,0,0,0,0,0,0,0,0,0,0,0,,,,,,41-45,36-45,State route,U,Friday,Belt Used,PV,Not Fatal,0,0,0,0,State Route,Municipal/City Police,Lake Forest Park Police Department,0,1,0,0,0,,,,,,0,0,0,,,,,,,,,,,98,98,98,0,,,,,20,7,,,,,,,,,,,,,,,
2019,207,E935340,2,06/22/2019,3:05,22,6,,61,Snohomish,1280,1,0,2,1,2,1,0,2,2,,,,12,0,1,198.1,1,0,1,1,2,1,1,0,0,0,0,I-5,,-122.1785361,48.03732222,0,1,32,59,3,60,67,0,0,1,2,1,4,2,3,3,14,1,1,53,0,12,880,2015,0,0,12,1,,,,,1,1,27,1,0,,3,0,20,7,11,4,,,,,0,0,0,3,1,0,0,0,0,92,,,,,,99,,,,,,98203,53,69,206,6,1,0,1,1,0,,0,,,,,,0,03/15/2015,03/15/2015,8,0,0,0,8,9,8,,,0,0,0,8,1,8,95,,,96,,,8,95,995,,,,,,,,,,,,,,,,,,,,,,,,,,,,,,0,0,0,0,1,0,1,1,0,0,0,0,0,1,0,0,1,0,0,0,0,0,0,1,1,0,0,0,0,1,1,0,0,0,0,,0,0,0,0,0,0,0,0,1,0,0,0,0,0,0,1,,,,,,26-30,26-35,Interstate,U,Saturday,,MHTRUCK,Not Fatal,0,0,0,0,State Route,State Patrol,Washington State Patrol,0,1,0,0,0,,,,,,0,0,0,,,,,,,,,,,98,98,98,0,,,,,20,7,,,,,,,,,,,,,,,
2019,207,E935340,2,06/22/2019,3:05,22,6,,61,Snohomish,1280,1,0,2,1,2,1,0,2,2,,,,12,0,1,198.1,1,0,1,1,2,1,1,0,0,0,0,I-5,,-122.1785361,48.03732222,0,2,32,53,3,60,4,0,0,1,2,12,4,2,3,3,14,1,2,53,0,37,32,1999,0,0,12,,,,,,1,1,22,1,1,,4,7,3,0,11,0,06/22/2019,3:05,1.28E+11,27850,0,0,0,2,1,0,0,0,0,92,,,,,,99,,,,,,98252,53,73,200,1,1,0,2,1,1,,0,,,,,,0,02/15/2015,08/15/2018,20,0,0,0,0,9,8,,,0,0,0,8,9,2,401,417,,1,1,,2,1,0,,,,,,,,,,,,,,,,,,,,,,,,,,,,,,0,0,0,0,1,0,1,1,0,0,0,0,0,1,0,0,1,0,0,0,0,0,0,1,1,0,0,0,0,1,1,0,0,0,0,,1,0,0,0,0,0,1,1,1,0,0,1,0,0,1,0,,,,,,21-25,16-25,Interstate,U,Saturday,Belt Used,PV,Hispanic,0,0,0,0,State Route,State Patrol,Washington State Patrol,0,1,0,0,0,,,,,,0,0,7,,,,,,,,,,,0,0,0,1,,,,,20,7,,,,,,,,,,,,,,,
2019,208,E935754,16,06/30/2019,4:30,30,6,,15,Cowlitz,0,1,0,9,1,2,1,0,1,1,,,,24,0,0,1,1,0,1,5,1,2,4,0,0,0,0,CR-HEADQUARTERS RD,,-122.8741083,46.23764444,0,1,1,13,2,35,34,0,0,1,7,1,3,2,2,1,14,1,1,53,0,7,482,2004,0,0,63,24,1,,,,1,1,50,8,7,,4,7,3,0,11,0,06/30/2019,4:30,53029689,29689,0,0,0,3,1,0,0,0,0,92,,,,,,99,,,,,,98626,53,70,185,6,1,0,0,0,0,,0,,,,,,0,,,20,2,9,0,0,9,8,,,0,0,0,8,1,2,1,,,1,,,2,1,0.1,,,,,,,,,,,,,,,,,,,,,,,,,,,,,,0,0,1,0,1,1,0,1,0,0,0,0,0,0,0,0,1,0,0,0,0,0,0,0,0,0,0,0,0,1,0,0,0,0,0,,1,0,0,0,0,1,0,1,1,0,0,0,0,1,0,1,,,,,,46-50,46-55,County road,R,Sunday,Belt Used,PV,White,0,1,0,0,County Road,County Sheriff,Cowlitz County Sheriff's Office,1,0,1,0,0,,,,,,0,0,0,,,,,,,,,,,98,98,98,1,,,,,20,7,,,,,,,,,,,,,,,
2019,211,E936436,25,06/28/2019,20:52,28,6,,33,King,1030,1,0,1,1,2,1,0,2,2,,,,1,0,0,0,3,0,3,7,2,4,6,0,0,0,0,SE 256TH ST,137TH AVE SE,-122.1583333,47.37242778,0,2,98,62,4,35,15,0,0,1,7,12,1,3,2,1,12,1,3,53,5,20,421,2012,0,0,12,,,,,,1,1,31,1,0,,0,0,3,0,11,0,,,,,0,0,0,3,1,16,0,0,0,96,,,,,,0,,,,,,98030,53,67,190,6,1,0,0,1,0,,0,,,,,,0,05/15/2016,05/15/2016,20,0,0,0,8,9,8,,,0,0,0,8,0,8,95,,,96,,,8,95,995,,,,,,,,,,,,,,,,,,,,,,,,,,,,,,0,0,0,1,1,1,1,1,1,0,0,0,1,1,1,0,0,0,0,0,0,1,1,0,1,0,0,0,1,1,0,0,0,0,0,,0,0,0,0,0,0,0,0,0,0,0,0,0,0,0,0,,,,,,31-35,26-35,City street,U,Friday,Belt Used,PV,Not Fatal,0,0,0,0,City Street,County Sheriff,King County Police,0,0,0,1,0,,,,,,0,0,0,,,,,,,,,,,98,98,98,0,,,,,20,7,,,,,,,,,,,,,,,
2019,211,E936436,25,06/28/2019,20:52,28,6,,33,King,1030,1,0,1,1,2,1,0,2,2,,,,1,0,0,0,3,0,3,7,2,4,6,0,0,0,0,SE 256TH ST,137TH AVE SE,-122.1583333,47.37242778,0,1,98,8,1,98,80,0,0,1,7,1,1,3,2,1,1,1,2,53,0,53,705,2006,0,0,68,1,12,,,,1,1,18,1,7,,4,7,20,7,11,0,06/28/2019,20:52,1.03E+11,29507,0,0,0,2,1,0,0,0,0,96,,,,,,99,,,,,,98092,53,71,155,1,1,0,3,1,1,,0,,,,,,3,05/15/2017,04/15/2019,20,8,0,0,0,9,8,,,0,0,0,8,9,2,402,605,695,1,1,1,2,1,0.087,,,,,,,,,,,,,,,,,,,,,,,,,,,,,,0,0,0,1,1,1,1,1,1,0,0,0,1,1,1,0,0,0,0,0,0,1,1,0,1,0,0,0,1,1,0,0,0,0,1,0,0,0,0,0,0,1,1,1,0,1,0,1,0,0,0,1,,,,,,18-20,16-25,City street,U,Friday,,MC,White,0,0,0,0,City Street,County Sheriff,King County Police,0,0,0,1,0,thc,9.7,carboxy-thc,30,,0,0,3,,,,,,,,,,,0,0,0,1,,,,,19,0,,,,,,,nms,,,,,,,,
2019,212,E936846,120,06/30/2019,1:10,30,6,,33,King,670,1,0,3,1,2,1,1,1,1,,,,8,0,0,16.3,1,0,1,4,2,1,3,0,0,0,0,SR-410,,-121.9749361,47.199325,0,1,13,11,2,40,4,0,0,1,5,8,1,1,3,5,1,1,1,53,0,49,32,2012,0,0,63,8,,,,,1,1,21,1,0,,0,0,3,0,11,0,,,,,0,0,0,3,1,0,0,0,0,93,,,,,,99,,,,,,98022,53,67,140,6,1,0,0,0,0,,97,,,,,,0,,,20,0,0,0,8,9,8,,,0,0,0,8,0,8,95,,,96,,,8,95,995,,,,,,,,,,,,,,,,,,,,,,,,,,,,,,0,0,0,0,0,0,0,0,0,0,0,0,0,0,0,0,1,0,0,0,0,0,0,1,1,0,0,0,0,1,0,1,0,0,0,,0,0,0,0,0,0,0,0,1,0,0,0,0,0,0,0,,,,,,21-25,16-25,State route,U,Sunday,Belt Used,PV,Not Fatal,0,0,0,0,State Route,Municipal/City Police,Enumclaw Police Department,0,1,0,0,0,,,,,,0,0,0,,,,,,,,,,,98,98,98,0,,,,,20,7,,,,,,,,,,,,,,,
2019,213,E937123,42,06/29/2019,2:43,29,6,,67,Thurston,0,1,0,2,1,1,1,0,2,2,,,,12,0,2,8.2,1,0,1,4,2,2,4,0,0,0,0,CR-YELM HWY SE,,-122.7474222,46.9855,0,2,51,62,4,50,34,0,0,1,5,12,4,2,2,1,14,1,1,53,0,7,482,2010,0,0,12,,,,,,1,1,47,2,0,,1,0,3,0,11,4,,,,,0,0,3,3,1,91,0,0,0,96,,,,,,9,,,,,,98501,53,68,135,6,1,1,1,0,0,,1,,,,,,4,03/15/2015,03/15/2015,8,0,0,0,8,9,8,,,0,0,0,8,1,8,95,,,96,,,8,95,995,,,,,,,,,,,,,,,,,,,,,,,,,,,,,,0,0,0,0,1,1,1,1,1,0,0,0,1,0,0,0,1,0,0,1,0,0,0,0,0,0,0,0,0,1,0,0,0,0,0,,0,0,0,0,0,0,0,0,0,1,0,0,0,0,0,1,,,,,,46-50,46-55,County road,U,Saturday,Belt Used,PV,Not Fatal,0,1,1,0,County Road,County Sheriff,Thurston County Sheriff's Office,0,0,1,0,0,,,,,,0,1,1,,,,,,,,,,,98,98,98,0,,,,,20,7,,,,,,,,,,,,,,,
2019,213,E937123,42,06/29/2019,2:43,29,6,,67,Thurston,0,1,0,2,1,1,1,0,2,2,,,,12,0,2,8.2,1,0,1,4,2,2,4,0,0,0,0,CR-YELM HWY SE,,-122.7474222,46.9855,0,1,50,10,2,50,6,0,0,1,7,12,4,2,2,1,14,1,1,53,0,63,37,2014,0,0,68,12,,,,,1,1,37,1,1,,4,7,20,7,11,0,06/29/2019,2:43,53030080,30080,0,0,0,3,1,28,0,0,0,92,,,,,,99,,,,,,98513,53,71,295,6,1,0,0,0,0,,0,,,,,,0,,,8,0,0,0,0,9,8,,,0,0,0,8,1,2,605,695,,1,1,,2,1,0.24,,,,,,,,,,,,,,,,,,,,,,,,,,,,,,0,0,0,0,1,1,1,1,1,0,0,0,1,0,0,0,1,0,0,1,0,0,0,0,0,0,0,0,0,1,0,0,0,1,0,,1,0,0,0,0,1,1,1,1,0,0,0,0,0,0,1,,,,,,36-40,36-45,County road,U,Saturday,Not Used,PV,Hispanic,0,1,1,0,County Road,County Sheriff,Thurston County Sheriff's Office,0,0,1,0,0,thc,13,carboxy-thc,57,,0,0,0,,,,,,,,,,,98,98,98,298,,,,,20,7,,,,,,,,,,,,,,,