year,case,par,repjur,crash_dt,crash_tm,accday,accmon,holiday,county,co_char,city,weather,weather2,lightcond,surfcond,surftype,numfatal,nmforms,pforms,vforms,not_tm,arr_tm,hosp_tm,fhevent,hitrun,manncol,milepnt,reljunc,reljuncinter,intersectiontype,funcsystem,landuse,ownership,route,schlbus,spejur,contdev,devfunc,trafid1,trafid2,x,y,wk_zone,vnumber,crashtype,criticalevent,criticaleventcat,spdlim,body,trailer,emerg,hazcargo,leave,mhevent,roadalgn,roadprof,traflane,trafflow,vehmanvr,numoccs,regowner,regstate,spuse,make,model,modelyr,vrf1,vrf2,seqevent1,seqevent2,seqevent3,seqevent4,seqevent5,seqevent6,pnumber,ptype,age,sex,hispanic,race,injury,diedscene,restraint,restraintmisuse,seatpos,takehosp,death_dt,death_tm,cert,cernum_wa,commlic,licendor,licrestrict,liccomp,drivpres,drf1,drf2,drf3,drf4,distract1,distract2,distract3,distract4,distract5,distract6,dricond1,dricond2,dricond3,dricond4,dricond5,dricond6,dzip,licstate,drhgt_in,weight,noncdl,noncdltype,prevdwi,prevoth,prevacc,prevspd,prevsus,driviol1,driviol2,driviol3,driviol4,driviol5,driviol6,spdrel,first_dt,last_dt,airbag,ejection,ejectpath,extricat,injurwrk,methalc,methdrug,nmlocat,strikveh,prf1,prf2,prf3,druginv,alcinvol,drugsts,drugres1,drugres2,drugres3,drugtst1,drugtst2,drugtst3,alcsts,alctst,alcres,nmact1,nmact2,nmact3,nmact4,nmact5,nmact6,nmprior1,nmprior2,nmprior3,nmprior4,nmprior5,nmprior6,nmcond1,nmcond2,nmcond3,nmcond4,nmcond5,nmcond6,nmsafe_helmet,nmsafe_pads,nmsafe_oth,nmprev_ref,nmprev_lgt,nmprev_oth,crashlocation,nmcrashtype,crosswalk,schoolzone,sidewalk,train_inv,wildlife_inv,rotr_fars,intersect_fars,dd_inv,aid_inv,dpd_inv,id_inv,mj_inv,impnm_inv,ainm_inv,dpnm_inv,speed_inv,unlic_inv,unendmc_inv,drowsy_inv,drdist_inv,nmdist_inv,fty_inv,unrestfat_inv,dr1617_inv,dr1820_inv,dr1620_inv,dr2125_inv,dr1625_inv,dr65_inv,dr70_inv,dr75_inv,mc_inv,pv_inv,ht_inv,ped_inv,bike_inv,unrest_fat,mc_fat,unhelmet_mc,pv_fat,ht_fat,ped_fat,bike_fat,dr_alc7,dr_alc8,dr_drug,dr_imp,dr_dist,dr_spd,dr_fty,dr_unlic,dr_alc7only,dr_alc8only,dr_drugonly,dr_drink,nm_imp,nm_alc7,nm_alc8,nm_drug,nm_dist,agegrp1,agegrp2,roadclass,urbrur,dayweek,restuse,vehtype,race_me,intersect,lanedep,oppdir,wrongway,rep_typ,investag,repag_long,rotr,st_rd,cty_rd,city_rd,oth_rd,drug_thc,thc_res,drug_cthc,cthc_res,drug_cann,prevpersemin,prevperse,prevsusoth,drugtst4,drugtst5,drugtst6,drugtst7,drugtst8,drugres4,drugres5,drugres6,drugres7,drugres8,adspresent,adsengaged,adslevel,race1,race2,race3,race4,race5,helmet,helmetmisuse,nmdistract1,nmdistract2,nmdistract3,nmdistract4,nmdistract5,nmdistract6,lab,isedtcase,crf1,crf2,crf3,CoRoadName,CoMP,IntCoRoadName,IntCoMP
2019,214,E937515,35,07/06/2019,15:27,6,7,,53,Pierce,0,1,0,1,1,2,1,0,2,1,,,,1,0,0,2.1,3,0,3,5,1,2,4,0,0,0,0,CR-WHITEMAN ROAD KP S,33RD ST SW,-122.7907861,47.22729444,0,1,7,9,1,40,20,0,0,1,7,1,3,2,2,1,14,2,1,53,0,12,443,2005,0,0,63,69,68,64,1,,1,1,62,2,0,,1,0,20,7,11,8,,,,,0,0,3,3,1,0,0,0,0,96,,,,,,0,,,,,,98349,53,63,136,6,1,0,0,0,0,,0,,,,,,0,,,20,0,0,0,8,9,8,,,0,0,0,8,0,8,95,,,96,,,8,95,995,,,,,,,,,,,,,,,,,,,,,,,,,,,,,,0,0,0,1,0,0,0,0,0,0,0,0,0,0,0,0,0,0,0,1,0,0,0,0,0,0,0,0,0,1,0,0,0,0,0,,0,0,0,0,0,0,0,0,0,0,0,0,0,0,0,0,,,,,,61-65,56-65,County road,R,Saturday,Not Used,PV,Not Fatal,0,1,0,0,County Road,County Sheriff,Law Enforcement Support Agency,1,0,1,0,0,,,,,,0,0,0,,,,,,,,,,,98,98,98,0,,,,,20,7,,,,,,,,,,,,,,,
2019,215,E937770,5,06/30/2019,12:36,30,6,,15,Cowlitz,0,1,0,1,1,2,1,0,1,1,,,,24,0,0,42.6,1,0,1,4,1,1,3,0,0,0,0,SR-503,,-122.553275,45.96415,0,1,6,6,1,50,80,0,0,1,7,24,3,2,2,1,14,1,1,53,0,72,706,2003,0,0,63,69,68,64,24,,1,1,84,1,7,,4,0,20,7,11,8,06/30/2019,14:25,2.37E+11,29327,0,0,3,3,1,0,0,0,0,96,,,,,,0,,,,,,98647,53,70,170,6,1,0,0,0,0,,0,,,,,,4,,,20,8,0,0,0,9,8,,,0,0,0,8,0,2,348,,,1,,,2,1,0,,,,,,,,,,,,,,,,,,,,,,,,,,,,,,0,0,1,0,0,0,1,1,0,0,0,0,1,0,0,0,0,0,0,0,0,0,0,0,0,1,1,1,1,0,0,0,0,0,1,0,0,0,0,0,0,0,1,1,0,1,0,0,0,0,1,0,,,,,,81+,76+,State route,R,Sunday,,MC,White,0,1,0,0,State Route,State Patrol,Washington State Patrol,1,1,0,0,0,,,,,,0,0,0,,,,,,,,,,,0,0,0,1,,,,,5,0,,,,,,,,,,,,,,,
2019,216,E937824,1,06/22/2019,23:31,22,6,,77,Yakima,0,1,0,2,1,2,1,0,2,2,,,,12,0,2,3,1,0,1,5,1,2,4,0,3,0,0,CR-LATERAL A RD,,-120.4804694,46.47728333,0,1,50,10,2,55,1,0,0,1,7,12,1,1,2,1,1,1,1,53,0,52,37,2001,0,0,68,12,,,,,1,1,25,2,1,,4,0,20,7,11,8,06/25/2019,11:23,1.96E+11,29135,0,0,0,3,1,0,0,0,0,96,,,,,,9,,,,,,98936,53,60,115,6,1,0,0,0,0,,11,,,,,,0,,,1,0,0,0,0,1,8,,,0,0,0,1,1,2,605,,,1,,,2,1,0.14,,,,,,,,,,,,,,,,,,,,,,,,,,,,,,0,0,0,0,1,1,1,1,1,0,0,0,0,0,0,0,0,0,0,1,0,1,1,1,1,0,0,0,0,1,0,0,0,1,0,,1,0,0,0,0,1,1,1,0,0,0,0,0,0,0,1,,,,,,21-25,16-25,County road,R,Saturday,Not Used,PV,Hispanic,0,1,1,0,County Road,State Patrol,Washington State Patrol,0,0,1,0,0,thc,1.3,,,,0,0,0,,,,,,,,,,,98,98,98,298,,,,,20,7,,,,,,,,,,,,,,,
2019,216,E937824,1,06/22/2019,23:31,22,6,,77,Yakima,0,1,0,2,1,2,1,0,2,2,,,,12,0,2,3,1,0,1,5,1,2,4,0,3,0,0,CR-LATERAL A RD,,-120.4804694,46.47728333,0,2,51,62,4,55,4,0,0,1,7,12,1,1,2,1,1,1,2,53,0,48,34,2000,0,0,12,,,,,,1,1,19,2,0,,2,0,3,0,11,4,,,,,0,0,0,3,1,0,0,0,0,96,,,,,,0,,,,,,98951,53,64,160,6,2,0,0,0,0,,0,,,,,,0,,,1,0,0,0,8,9,8,,,0,0,0,8,0,8,95,,,96,,,8,95,995,,,,,,,,,,,,,,,,,,,,,,,,,,,,,,0,0,0,0,1,1,1,1,1,0,0,0,0,0,0,0,0,0,0,1,0,1,1,1,1,0,0,0,0,1,0,0,0,0,0,,0,0,0,0,0,0,0,0,0,0,0,0,0,0,0,0,,,,,,18-20,16-25,County road,R,Saturday,Belt Used,PV,Not Fatal,0,1,1,0,County Road,State Patrol,Washington State Patrol,0,0,1,0,0,,,,,,0,0,0,,,,,,,,,,,98,98,98,0,,,,,20,7,,,,,,,,,,,,,,,
2019,510,E937972,278,07/08/2019,19:23,8,7,,63,Spokane,2110,1,0,1,1,2,1,0,2,2,,,,12,0,1,0,2,0,3,3,2,4,6,0,0,0,0,MARKET,BISMARK,-117.3648417,47.71213611,0,2,25,53,3,30,34,0,0,1,5,12,1,1,4,1,1,1,9,16,0,19,480,2004,0,0,12,,,,,,1,1,47,1,0,,0,0,3,0,11,0,,,,,99,9,9,9,1,0,0,0,0,96,,,,,,0,,,,,,83858,16,,999,9,9,99,99,99,99,,0,,,,,,0,,,20,0,0,0,8,9,8,,,0,0,0,8,1,8,95,,,96,,,8,95,995,,,,,,,,,,,,,,,,,,,,,,,,,,,,,,0,0,0,1,1,0,1,1,1,0,0,0,1,0,0,0,0,0,0,0,0,0,0,1,1,0,0,0,1,1,0,0,0,0,0,,0,0,0,0,0,0,0,0,0,0,0,0,0,0,0,1,,,,,,46-50,46-55,City street,U,Monday,Belt Used,PV,Not Fatal,0,0,0,0,City Street,Municipal/City Police,Spokane Police Department,0,0,0,1,0,,,,,,99,99,99,,,,,,,,,,,98,98,98,0,,,,,20,7,,,,,,,,,,,,,,,
2019,510,E937972,278,07/08/2019,19:23,8,7,,63,Spokane,2110,1,0,1,1,2,1,0,2,2,,,,12,0,1,0,2,0,3,3,2,4,6,0,0,0,0,MARKET,BISMARK,-117.3648417,47.71213611,0,1,24,51,3,30,80,0,0,1,5,12,1,1,4,1,1,1,1,53,0,37,705,2005,0,0,12,,,,,,1,1,21,1,7,,4,0,20,7,11,8,07/09/2019,2:58,2.11E+11,30703,0,0,3,3,1,0,0,0,0,96,,,,,,99,,,,,,98207,53,68,170,6,1,0,1,3,0,,0,,,,,,3,04/15/2016,07/15/2019,20,8,0,0,0,9,8,,,0,0,0,8,9,2,695,605,,1,1,,2,1,0,,,,,,,,,,,,,,,,,,,,,,,,,,,,,,0,0,0,1,1,0,1,1,1,0,0,0,1,0,0,0,0,0,0,0,0,0,0,1,1,0,0,0,1,1,0,0,0,0,1,0,0,0,0,0,0,0,1,1,0,1,0,0,0,0,1,0,,,,,,21-25,16-25,City street,U,Monday,,MC,White,0,0,0,0,City Street,Municipal/City Police,Spokane Police Department,0,0,0,1,0,thc,2,carboxy-thc,34,,0,0,0,,,,,,,,,,,0,0,0,1,,,,,19,0,,,,,,,,,,,,,,,
2019,300,E938326,57,07/08/2019,8:00,8,7,,11,Clark,107,10,0,1,1,2,1,0,4,4,,,,12,0,6,6.9,2,0,2,3,2,1,3,0,0,3,3,SR-503,SW 10TH AVE,-122.5473917,45.76623611,0,4,98,98,7,55,14,0,0,1,5,12,1,1,5,1,5,1,1,53,0,2,407,2012,0,0,12,,,,,,1,1,38,2,0,,0,0,3,0,11,0,,,,,0,0,0,3,1,0,0,0,0,0,,,,,,0,,,,,,98604,53,61,130,6,1,0,0,0,0,,0,,,,,,0,,,20,0,0,0,8,9,8,,,0,0,0,8,0,0,0,,,0,,,0,0,996,,,,,,,,,,,,,,,,,,,,,,,,,,,,,,0,0,0,1,0,0,1,1,0,0,0,0,1,0,0,0,1,0,0,0,0,0,0,0,0,0,0,0,1,1,1,0,0,0,0,,0,0,0,0,0,0,0,0,0,0,0,0,0,0,0,0,,,,,,36-40,36-45,State route,U,Monday,Belt Used,PV,Not Fatal,1,0,0,0,State Route,Municipal/City Police,Battleground Police Department,0,1,0,0,0,,,,,,0,0,0,,,,,,,,,,,98,98,98,0,,,,,20,7,,,,,,,,,,,,,,,
2019,300,E938326,57,07/08/2019,8:00,8,7,,11,Clark,107,10,0,1,1,2,1,0,4,4,,,,12,0,6,6.9,2,0,2,3,2,1,3,0,0,3,3,SR-503,SW 10TH AVE,-122.5473917,45.76623611,0,2,87,66,4,55,80,0,0,1,7,12,1,1,2,1,1,1,9,99,0,98,706,2019,0,0,12,12,12,,,,1,1,57,1,7,,4,0,20,7,11,4,07/10/2019,17:55,2.37E+11,31576,0,0,0,3,1,0,0,0,0,96,,,,,,99,,,,,,98642,53,71,165,6,1,0,0,0,0,,0,,,,,,0,,,20,8,0,0,0,9,8,,,0,0,0,8,9,2,996,,,1,,,2,1,0,,,,,,,,,,,,,,,,,,,,,,,,,,,,,,0,0,0,1,0,0,1,1,0,0,0,0,1,0,0,0,1,0,0,0,0,0,0,0,0,0,0,0,1,1,1,0,0,0,1,0,0,0,0,0,0,0,1,1,0,0,0,0,0,0,1,0,,,,,,56-60,56-65,State route,U,Monday,,MC,White,1,0,0,0,State Route,Municipal/City Police,Battleground Police Department,0,1,0,0,0,,,,,,0,0,0,,,,,,,,,,,0,0,0,1,,,,,19,0,,,,,,,,,,,,,,,
2019,300,E938326,57,07/08/2019,8:00,8,7,,11,Clark,107,10,0,1,1,2,1,0,4,4,,,,12,0,6,6.9,2,0,2,3,2,1,3,0,0,3,3,SR-503,SW 10TH AVE,-122.5473917,45.76623611,0,3,98,98,7,55,67,0,0,1,5,12,1,1,5,1,5,1,1,53,0,12,880,2017,0,0,12,,,,,,1,1,52,1,0,,0,0,3,0,11,0,,,,,0,0,0,3,1,0,0,0,0,0,,,,,,0,,,,,,98675,53,69,215,6,1,0,0,0,0,,0,,,,,,0,,,20,0,0,0,8,9,8,,,0,0,0,8,0,8,95,,,96,,,8,95,995,,,,,,,,,,,,,,,,,,,,,,,,,,,,,,0,0,0,1,0,0,1,1,0,0,0,0,1,0,0,0,1,0,0,0,0,0,0,0,0,0,0,0,1,1,1,0,0,0,0,,0,0,0,0,0,0,0,0,0,0,0,0,0,0,0,0,,,,,,51-55,46-55,State route,U,Monday,,MHTRUCK,Not Fatal,1,0,0,0,State Route,Municipal/City Police,Battleground Police Department,0,1,0,0,0,,,,,,0,0,0,,,,,,,,,,,98,98,98,0,,,,,20,7,,,,,,,,,,,,,,,
2019,300,E938326,57,07/08/2019,8:00,8,7,,11,Clark,107,10,0,1,1,2,1,0,4,4,,,,12,0,6,6.9,2,0,2,3,2,1,3,0,0,3,3,SR-503,SW 10TH AVE,-122.5473917,45.76623611,0,1,86,17,2,55,4,0,0,1,7,12,1,1,5,1,1,1,1,53,0,59,32,1992,0,0,12,,,,,,1,1,33,1,0,,0,0,3,0,11,0,,,,,0,0,0,3,1,39,0,0,0,93,,,,,,0,,,,,,98684,53,76,185,6,1,0,1,3,0,,97,,,,,,4,11/15/2014,04/15/2019,1,0,0,0,8,9,8,,,0,0,0,8,0,2,401,417,,1,1,,2,1,0,,,,,,,,,,,,,,,,,,,,,,,,,,,,,,0,0,0,1,0,0,1,1,0,0,0,0,1,0,0,0,1,0,0,0,0,0,0,0,0,0,0,0,1,1,1,0,0,0,0,,0,0,0,0,0,0,1,1,1,1,0,0,0,0,1,0,,,,,,31-35,26-35,State route,U,Monday,Belt Used,PV,Not Fatal,1,0,0,0,State Route,Municipal/City Police,Battleground Police Department,0,1,0,0,0,,,,,,0,0,0,,,,,,,,,,,0,0,0,0,,,,,20,7,,,,,,,,,,,,,,,
2019,217,E938426,160,06/30/2019,22:09,30,6,,33,King,1030,10,0,3,1,2,1,0,10,4,,,,12,0,7,6.6,1,0,1,3,2,1,3,0,0,0,0,SR-516,,-122.2188556,47.38076111,0,4,98,98,7,40,4,0,0,1,5,12,1,2,2,2,1,2,2,53,0,49,32,2005,0,0,12,,,,,,1,1,25,1,0,,0,0,3,0,11,0,,,,,0,0,0,3,1,0,0,0,0,96,,,,,,0,,,,,,17112,42,71,999,6,1,0,0,0,0,,0,,,,,,0,,,20,0,0,0,8,9,8,,,0,0,0,8,0,8,95,,,96,,,8,95,995,,,,,,,,,,,,,,,,,,,,,,,,,,,,,,0,0,0,0,0,0,0,0,0,0,0,0,0,1,0,0,0,0,0,0,1,0,1,1,1,0,0,0,0,1,0,0,0,0,0,,0,0,0,0,0,0,0,0,0,0,0,0,0,0,0,0,,,,,,21-25,16-25,State route,U,Sunday,Belt Used,PV,Not Fatal,0,0,0,0,State Route,Municipal/City Police,Kent Police Department,0,1,0,0,0,,,,,,0,0,0,,,,,,,,,,,98,98,98,0,,,,,20,7,,,,,,,,,,,,,,,
2019,217,E938426,160,06/30/2019,22:09,30,6,,33,King,1030,10,0,3,1,2,1,0,10,4,,,,12,1,7,6.6,1,0,1,3,2,1,3,0,0,0,0,SR-516,,-122.2188556,47.38076111,0,1,47,11,2,40,4,0,0,1,5,12,1,2,2,2,6,3,3,91,0,35,47,2018,0,0,12,63,69,65,12,,1,1,16,1,0,,9,0,99,7,11,8,,,,,0,0,0,0,1,28,0,0,0,96,,,,,,99,,,,,,93263,6,67,162,0,0,0,0,0,0,,97,,,,,,0,,,8,9,0,0,8,9,8,,,0,0,0,8,9,8,95,,,96,,,8,95,995,,,,,,,,,,,,,,,,,,,,,,,,,,,,,,0,0,0,0,0,0,0,0,0,0,0,0,0,1,0,0,0,0,0,0,1,0,1,1,1,0,0,0,0,1,0,0,0,0,0,,0,0,0,0,0,0,0,0,0,0,0,1,0,0,0,0,,,,,,16-17,16-25,State route,U,Sunday,Unknown,PV,Not Fatal,0,0,0,0,State Route,Municipal/City Police,Kent Police Department,0,1,0,0,0,,,,,,0,0,0,,,,,,,,,,,98,98,98,0,,,,,20,7,,,,,,,,,,,,,,,
2019,217,E938426,160,06/30/2019,22:09,30,6,,33,King,1030,10,0,3,1,2,1,0,10,4,,,,12,0,7,6.6,1,0,1,3,2,1,3,0,0,0,0,SR-516,,-122.2188556,47.38076111,0,2,45,61,4,40,14,0,0,1,5,12,1,2,2,2,1,3,1,53,0,37,402,2009,0,0,12,,,,,,1,1,42,2,0,,0,0,3,0,11,0,,,,,0,0,0,3,1,0,0,0,0,96,,,,,,0,,,,,,98030,53,63,130,6,1,0,0,0,0,,0,,,,,,0,,,20,0,0,0,8,9,8,,,0,0,0,8,0,8,95,,,96,,,8,95,995,,,,,,,,,,,,,,,,,,,,,,,,,,,,,,0,0,0,0,0,0,0,0,0,0,0,0,0,1,0,0,0,0,0,0,1,0,1,1,1,0,0,0,0,1,0,0,0,0,0,,0,0,0,0,0,0,0,0,0,0,0,0,0,0,0,0,,,,,,41-45,36-45,State route,U,Sunday,Belt Used,PV,Not Fatal,0,0,0,0,State Route,Municipal/City Police,Kent Police Department,0,1,0,0,0,,,,,,0,0,0,,,,,,,,,,,98,98,98,0,,,,,20,7,,,,,,,,,,,,,,,
2019,217,E938426,160,06/30/2019,22:09,30,6,,33,King,1030,10,0,3,1,2,1,0,10,4,,,,12,0,7,6.6,1,0,1,3,2,1,3,0,0,0,0,SR-516,,-122.2188556,47.38076111,0,3,98,62,4,40,4,0,0,1,5,12,1,2,2,2,1,2,2,53,0,41,35,2002,0,0,12,65,12,,,,1,1,39,1,0,,2,0,99,7,11,8,,,,,0,0,0,3,1,0,0,0,0,96,,,,,,0,,,,,,98030,53,63,130,6,1,0,0,0,0,,0,,,,,,0,,,8,0,0,0,8,9,8,,,0,0,0,8,9,8,95,,,96,,,8,95,995,,,,,,,,,,,,,,,,,,,,,,,,,,,,,,0,0,0,0,0,0,0,0,0,0,0,0,0,1,0,0,0,0,0,0,1,0,1,1,1,0,0,0,0,1,0,0,0,0,0,,0,0,0,0,0,0,0,0,0,0,0,0,0,0,0,0,,,,,,36-40,36-45,State route,U,Sunday,Unknown,PV,Not Fatal,0,0,0,0,State Route,Municipal/City Police,Kent Police Department,0,1,0,0,0,,,,,,0,0,0,,,,,,,,,,,98,98,98,0,,,,,20,7,,,,,,,,,,,,,,,
2019,218,E938584,8,07/05/2019,4:05,5,7,,9,Clallam,0,1,0,2,1,2,1,0,1,1,,,,1,0,0,254.1,1,0,1,3,1,1,2,0,0,0,0,US-101,,-123.309075,48.09620278,0,1,98,12,2,55,34,0,0,1,2,1,1,2,2,1,1,1,2,53,0,12,471,2000,0,0,64,69,1,,,,1,1,40,1,7,,4,7,20,7,11,0,07/05/2019,4:20,1.70E+11,30349,0,0,0,3,1,58,0,0,0,96,,,,,,9,,,,,,98382,53,74,200,6,1,0,2,0,1,,0,,,,,,0,11/15/2016,03/15/2019,20,1,9,0,0,1,8,,,0,0,0,1,1,2,155,996,605,1,1,1,2,1,0.164,,,,,,,,,,,,,,,,,,,,,,,,,,,,,,0,0,0,0,1,1,1,1,1,0,0,0,0,0,0,0,0,0,0,1,0,0,0,0,0,0,0,0,0,1,0,0,0,1,0,,1,0,0,0,0,1,1,1,0,0,0,0,0,0,0,1,,,,,,36-40,36-45,US highway,R,Friday,Not Used,PV,White,0,0,0,0,State Route,State Patrol,Washington State Patrol,0,1,0,0,0,thc,1.9,carboxy-thc,17,,0,0,3,1,,,,,695,,,,,98,98,98,1,,,,,20,7,,,,,,,nms,,,,,,,,
2019,219,E938697,7,06/23/2019,2:12,23,6,,33,King,735,1,0,2,1,1,1,0,2,2,,,,24,0,0,144.5,1,0,1,1,2,1,1,0,0,0,0,I-5,,-122.2942111,47.32418333,0,1,1,13,2,60,4,0,0,1,7,1,1,1,5,3,1,1,1,53,0,20,25,2012,0,0,63,24,1,12,,,1,1,29,2,7,,4,7,99,7,11,0,06/23/2019,2:12,73553028449,28449,0,0,3,3,1,0,0,0,0,96,,,,,,9,,,,,,98003,53,64,150,6,1,0,0,1,2,,0,,,,,,0,06/15/2016,01/15/2017,8,0,0,0,0,1,8,,,0,0,0,8,1,2,605,695,,1,1,,2,1,0.27,,,,,,,,,,,,,,,,,,,,,,,,,,,,,,0,0,1,0,1,1,1,1,1,0,0,0,0,0,0,0,0,0,0,0,0,0,0,1,1,0,0,0,0,1,0,0,0,0,0,,1,0,0,0,0,1,1,1,0,0,0,0,0,0,0,1,,,,,,26-30,26-35,Interstate,U,Sunday,Unknown,PV,Multiracial,0,1,0,0,State Route,State Patrol,Washington State Patrol,1,1,0,0,0,thc,22,carboxy-thc,26,,0,0,0,,,,,,,,,,,98,98,98,298,,,,,20,7,,,,,,,,,,,,,,,
2019,219,E938697,7,06/23/2019,2:12,23,6,,33,King,735,1,0,2,1,1,1,0,2,2,,,,24,0,0,144.5,1,0,1,1,2,1,1,0,0,0,0,I-5,,-122.2942111,47.32418333,0,2,98,98,7,60,5,0,0,1,7,12,1,1,5,3,1,1,1,53,0,37,39,2008,0,0,12,,,,,,1,1,25,2,0,,2,0,3,0,11,8,,,,,0,0,0,3,1,0,0,0,0,96,,,,,,0,,,,,,98407,53,68,150,6,1,0,0,1,1,,0,,,,,,0,09/15/2016,09/15/2016,1,0,0,0,8,9,8,,,0,0,0,8,0,8,95,,,96,,,8,95,995,,,,,,,,,,,,,,,,,,,,,,,,,,,,,,0,0,1,0,1,1,1,1,1,0,0,0,0,0,0,0,0,0,0,0,0,0,0,1,1,0,0,0,0,1,0,0,0,0,0,,0,0,0,0,0,0,0,0,0,0,0,0,0,0,0,0,,,,,,21-25,16-25,Interstate,U,Sunday,Belt Used,PV,Not Fatal,0,1,0,0,State Route,State Patrol,Washington State Patrol,1,1,0,0,0,,,,,,0,0,0,,,,,,,,,,,98,98,98,0,,,,,20,7,,,,,,,,,,,,,,,
2019,220,E938714,3,07/03/2019,20:55,3,7,,53,Pierce,2230,10,0,1,1,2,1,0,2,2,,,,12,0,1,131.4,1,0,1,1,2,1,1,0,0,0,0,I-5,,-122.4628667,47.21535,1,1,29,53,3,60,2,0,0,1,7,12,1,1,5,3,2,1,1,53,0,37,32,2004,0,0,12,,,,,,1,1,41,1,0,,0,0,3,0,11,0,,,,,0,0,0,3,1,91,0,0,0,96,,,,,,9,,,,,,98027,53,71,180,6,1,0,0,1,1,,1,11,,,,,3,03/15/2015,02/15/2016,20,0,0,0,8,9,8,,,0,0,0,8,1,8,95,,,96,,,8,95,995,,,,,,,,,,,,,,,,,,,,,,,,,,,,,,0,0,0,0,1,1,1,1,1,0,0,0,1,1,0,0,0,0,0,1,0,0,0,0,0,0,0,0,0,1,0,0,0,0,0,,0,0,0,0,0,0,0,0,0,1,0,0,0,0,0,1,,,,,,41-45,36-45,Interstate,U,Wednesday,Belt Used,PV,Not Fatal,0,0,0,0,State Route,State Patrol,Washington State Patrol,0,1,0,0,0,,,,,,0,0,0,,,,,,,,,,,98,98,98,0,,,,,20,7,,,,,,,,,,,,,,,
2019,220,E938714,3,07/03/2019,20:55,3,7,,53,Pierce,2230,10,0,1,1,2,1,0,2,2,,,,12,0,1,131.4,1,0,1,1,2,1,1,0,0,0,0,I-5,,-122.4628667,47.21535,1,2,28,52,3,60,4,0,0,1,2,1,1,1,5,3,1,1,2,53,0,24,7,2003,0,0,12,63,1,38,,,1,1,29,1,7,,4,0,20,7,11,4,07/03/2019,21:30,2.23E+11,29854,0,0,0,2,1,0,0,0,0,96,,,,,,99,,,,,,98499,53,66,150,1,1,1,0,0,2,,0,,,,,,3,10/15/2014,03/15/2019,20,1,9,0,0,9,8,,,0,0,0,8,1,2,605,,,1,,,2,1,0.18,,,,,,,,,,,,,,,,,,,,,,,,,,,,,,0,0,0,0,1,1,1,1,1,0,0,0,1,1,0,0,0,0,0,1,0,0,0,0,0,0,0,0,0,1,0,0,0,1,0,,1,0,0,0,0,1,1,1,0,1,0,1,0,0,0,1,,,,,,26-30,26-35,Interstate,U,Wednesday,Not Used,PV,White,0,0,0,0,State Route,State Patrol,Washington State Patrol,0,1,0,0,0,thc,1.6,,,,0,1,4,,,,,,,,,,,98,98,98,1,,,,,20,7,,,,,,,,,,,,,,,
2019,224,E939463,2,07/01/2019,21:10,1,7,,29,Island,0,1,0,5,1,2,1,0,4,2,,,,12,0,6,3.5,2,0,2,5,1,2,4,0,0,0,0,CR-CULTUS BAY RD,DEER LAKE RD,-122.3973083,47.96908889,0,1,83,17,2,50,80,0,0,1,2,12,1,1,2,1,1,1,1,53,0,98,706,2008,0,0,12,,,,,,1,1,49,1,7,,4,7,20,7,11,0,07/01/2019,21:10,53029560,29560,0,0,0,3,1,0,0,0,0,96,,,,,,9,,,,,,98249,53,71,180,6,1,0,3,1,0,,23,,,,,,4,08/15/2017,06/15/2018,20,8,0,0,0,1,8,,,0,0,0,1,1,2,605,695,,1,1,,2,1,0.2,,,,,,,,,,,,,,,,,,,,,,,,,,,,,,0,0,0,1,1,1,1,1,1,0,0,0,1,0,0,0,0,0,1,0,0,0,0,0,0,1,1,1,1,1,0,0,0,0,1,0,0,0,0,0,0,1,1,1,0,1,0,0,0,0,0,1,,,,,,46-50,46-55,County road,R,Monday,,MC,White,1,0,0,0,County Road,State Patrol,Washington State Patrol,0,0,1,0,0,thc,58,carboxy-thc,59,,0,0,0,,,,,,,,,,,0,0,0,1,,,,,19,0,,,,,,,,,,,,,,,
2019,224,E939463,2,07/01/2019,21:10,1,7,,29,Island,0,1,0,5,1,2,1,0,4,2,,,,12,0,6,3.5,2,0,2,5,1,2,4,0,0,20,3,CR-CULTUS BAY RD,DEER LAKE RD,-122.3973083,47.96908889,0,2,82,15,2,50,14,0,0,1,2,12,1,1,2,1,11,3,1,53,0,20,404,2007,0,0,12,,,,,,1,1,79,2,0,,0,0,3,0,11,0,,,,,0,0,0,3,1,38,0,0,0,96,,,,,,0,,,,,,98260,53,65,160,6,1,0,0,0,0,,97,,,,,,0,,,1,0,0,0,8,9,8,,,0,0,0,8,0,2,1,,,1,,,2,1,0,,,,,,,,,,,,,,,,,,,,,,,,,,,,,,0,0,0,1,1,1,1,1,1,0,0,0,1,0,0,0,0,0,1,0,0,0,0,0,0,1,1,1,1,1,0,0,0,0,0,,0,0,0,0,0,0,0,0,0,0,1,0,0,0,0,0,,,,,,76-80,76+,County road,R,Monday,Belt Used,PV,Not Fatal,1,0,0,0,County Road,State Patrol,Washington State Patrol,0,0,1,0,0,,,,,,0,0,0,,,,,,,,,,,98,98,98,0,,,,,20,7,,,,,,,,,,,,,,,