year,case,par,repjur,crash_dt,crash_tm,accday,accmon,holiday,county,co_char,city,weather,weather2,lightcond,surfcond,surftype,numfatal,nmforms,pforms,vforms,not_tm,arr_tm,hosp_tm,fhevent,hitrun,manncol,milepnt,reljunc,reljuncinter,intersectiontype,funcsystem,landuse,ownership,route,schlbus,spejur,contdev,devfunc,trafid1,trafid2,x,y,wk_zone,vnumber,crashtype,criticalevent,criticaleventcat,spdlim,body,trailer,emerg,hazcargo,leave,mhevent,roadalgn,roadprof,traflane,trafflow,vehmanvr,numoccs,regowner,regstate,spuse,make,model,modelyr,vrf1,vrf2,seqevent1,seqevent2,seqevent3,seqevent4,seqevent5,seqevent6,pnumber,ptype,age,sex,hispanic,race,injury,diedscene,restraint,restraintmisuse,seatpos,takehosp,death_dt,death_tm,cert,cernum_wa,commlic,licendor,licrestrict,liccomp,drivpres,drf1,drf2,drf3,drf4,distract1,distract2,distract3,distract4,distract5,distract6,dricond1,dricond2,dricond3,dricond4,dricond5,dricond6,dzip,licstate,drhgt_in,weight,noncdl,noncdltype,prevdwi,prevoth,prevacc,prevspd,prevsus,driviol1,driviol2,driviol3,driviol4,driviol5,driviol6,spdrel,first_dt,last_dt,airbag,ejection,ejectpath,extricat,injurwrk,methalc,methdrug,nmlocat,strikveh,prf1,prf2,prf3,druginv,alcinvol,drugsts,drugres1,drugres2,drugres3,drugtst1,drugtst2,drugtst3,alcsts,alctst,alcres,nmact1,nmact2,nmact3,nmact4,nmact5,nmact6,nmprior1,nmprior2,nmprior3,nmprior4,nmprior5,nmprior6,nmcond1,nmcond2,nmcond3,nmcond4,nmcond5,nmcond6,nmsafe_helmet,nmsafe_pads,nmsafe_oth,nmprev_ref,nmprev_lgt,nmprev_oth,crashlocation,nmcrashtype,crosswalk,schoolzone,sidewalk,train_inv,wildlife_inv,rotr_fars,intersect_fars,dd_inv,aid_inv,dpd_inv,id_inv,mj_inv,impnm_inv,ainm_inv,dpnm_inv,speed_inv,unlic_inv,unendmc_inv,drowsy_inv,drdist_inv,nmdist_inv,fty_inv,unrestfat_inv,dr1617_inv,dr1820_inv,dr1620_inv,dr2125_inv,dr1625_inv,dr65_inv,dr70_inv,dr75_inv,mc_inv,pv_inv,ht_inv,ped_inv,bike_inv,unrest_fat,mc_fat,unhelmet_mc,pv_fat,ht_fat,ped_fat,bike_fat,dr_alc7,dr_alc8,dr_drug,dr_imp,dr_dist,dr_spd,dr_fty,dr_unlic,dr_alc7only,dr_alc8only,dr_drugonly,dr_drink,nm_imp,nm_alc7,nm_alc8,nm_drug,nm_dist,agegrp1,agegrp2,roadclass,urbrur,dayweek,restuse,vehtype,race_me,intersect,lanedep,oppdir,wrongway,rep_typ,investag,repag_long,rotr,st_rd,cty_rd,city_rd,oth_rd,drug_thc,thc_res,drug_cthc,cthc_res,drug_cann,prevpersemin,prevperse,prevsusoth,drugtst4,drugtst5,drugtst6,drugtst7,drugtst8,drugres4,drugres5,drugres6,drugres7,drugres8,adspresent,adsengaged,adslevel,race1,race2,race3,race4,race5,helmet,helmetmisuse,nmdistract1,nmdistract2,nmdistract3,nmdistract4,nmdistract5,nmdistract6,lab,isedtcase,crf1,crf2,crf3,CoRoadName,CoMP,IntCoRoadName,IntCoMP
2019,225,E939714,12,06/29/2019,14:34,29,6,,7,Chelan,0,1,0,1,1,2,1,0,1,1,,,,42,0,0,0,1,0,1,5,1,2,4,0,0,0,0,CR-CHIWAWA LOOP RD,,-120.6564028,47.76485556,0,1,1,6,1,35,80,0,0,1,5,42,3,2,2,1,14,1,2,53,0,37,705,1983,0,0,63,42,,,,,1,1,77,1,7,,4,7,20,7,11,0,06/29/2019,14:34,53029121,29121,0,0,3,3,1,0,0,0,0,96,,,,,,99,,,,,,98801,53,69,172,6,1,0,1,0,0,,0,,,,,,4,01/15/2018,01/15/2018,20,8,0,0,0,9,8,,,0,0,0,8,9,8,95,,,96,,,8,95,995,,,,,,,,,,,,,,,,,,,,,,,,,,,,,,0,0,1,0,0,0,0,0,0,0,0,0,1,0,0,0,0,0,0,0,0,0,0,0,0,1,1,1,1,0,0,0,0,0,1,0,0,0,0,0,0,0,0,0,0,1,0,0,0,0,0,0,,,,,,76-80,76+,County road,R,Saturday,,MC,White,0,1,0,0,County Road,County Sheriff,Chelan County Sheriff's Office,1,0,1,0,0,,,,,,0,0,0,,,,,,,,,,,0,0,0,1,,,,,19,0,,,,,,,,,,,,,,,
2019,226,E939885,35,07/14/2019,14:20,14,7,,53,Pierce,0,1,0,1,1,2,1,0,2,1,,,,52,0,0,1.4,1,0,1,5,2,2,4,0,0,0,0,CR-PIONEER WAY E,,-122.337075,47.19243611,0,1,7,6,1,35,4,0,0,1,5,52,3,4,2,1,14,2,1,53,0,39,36,2004,0,0,68,64,52,,,,1,1,49,1,0,,2,0,3,0,11,8,,,,,0,0,0,3,1,91,0,0,0,96,,,,,,9,,,,,,98374,53,70,190,6,1,0,0,0,1,,1,,,,,,4,06/15/2015,06/15/2015,20,0,0,0,8,1,8,,,0,0,0,8,1,2,1,,,1,,,2,1,0.19,,,,,,,,,,,,,,,,,,,,,,,,,,,,,,0,0,0,0,1,1,0,1,0,0,0,0,1,0,0,0,0,0,0,0,0,0,0,0,0,0,0,0,0,1,0,0,0,0,0,,0,0,0,0,0,1,0,1,0,1,0,0,0,1,0,1,,,,,,46-50,46-55,County road,U,Sunday,Belt Used,PV,Not Fatal,0,1,0,0,County Road,County Sheriff,Law Enforcement Support Agency,1,0,1,0,0,,,,,,0,0,0,,,,,,,,,,,98,98,98,0,,,,,20,7,,,,,,,,,,,,,,,
2019,227,E939908,1,07/14/2019,10:25,14,7,,21,Franklin,0,1,0,1,1,1,1,0,2,2,,,,1,0,0,41.6,1,0,1,3,1,1,2,0,0,0,0,US-395,,-119.0432361,46.41786944,0,1,6,10,2,70,80,0,0,1,2,1,2,2,2,3,14,1,1,30,0,72,706,2010,0,0,64,1,54,,,,1,1,61,1,7,,4,7,20,7,11,0,07/14/2019,10:30,53031240,31240,0,0,0,3,1,0,0,0,0,96,,,,,,0,,,,,,59102,30,,999,6,1,0,1,98,1,,0,,,,,,4,09/15/2014,05/15/2015,20,8,0,0,0,9,8,,,0,0,0,8,0,2,1,,,1,,,2,1,0,,,,,,,,,,,,,,,,,,,,,,,,,,,,,,0,0,1,0,0,0,0,0,0,0,0,0,1,0,0,0,0,0,0,0,0,0,0,0,0,0,0,0,1,0,0,0,0,0,1,0,0,0,0,0,0,0,0,0,0,1,0,0,0,0,0,0,,,,,,61-65,56-65,US highway,R,Sunday,,MC,White,0,1,0,0,State Route,State Patrol,Washington State Patrol,1,1,0,0,0,,,,,,0,0,0,,,,,,,,,,,0,0,0,1,,,,,19,0,,,,,,,,,,,,,,,
2019,227,E939908,1,07/14/2019,10:25,14,7,,21,Franklin,0,1,0,1,1,1,1,0,2,2,,,,1,0,0,41.6,1,0,1,3,1,1,2,0,0,0,0,US-395,,-119.0432361,46.41786944,0,2,98,90,6,70,65,0,0,1,5,54,2,2,2,3,14,1,1,53,0,20,850,1984,0,0,54,,,,,,1,1,63,1,0,,0,0,3,0,11,0,,,,,0,0,0,3,1,0,0,0,0,96,,,,,,0,,,,,,99204,53,69,200,6,1,0,0,0,0,,0,,,,,,0,,,20,0,0,0,8,9,8,,,0,0,0,8,0,8,95,,,96,,,8,95,995,,,,,,,,,,,,,,,,,,,,,,,,,,,,,,0,0,1,0,0,0,0,0,0,0,0,0,1,0,0,0,0,0,0,0,0,0,0,0,0,0,0,0,1,0,0,0,0,0,0,,0,0,0,0,0,0,0,0,0,0,0,0,0,0,0,0,,,,,,61-65,56-65,US highway,R,Sunday,,MHOME,Not Fatal,0,1,0,0,State Route,State Patrol,Washington State Patrol,1,1,0,0,0,,,,,,0,0,0,,,,,,,,,,,0,0,0,0,,,,,20,7,,,,,,,,,,,,,,,
2019,228,E940194,39,07/13/2019,21:44,13,7,,61,Snohomish,0,1,0,2,1,2,1,0,1,1,,,,42,0,0,3,1,0,1,5,1,2,4,0,0,0,0,CR-PIONEER HWY,,-122.2534556,48.20705278,0,1,1,13,2,50,80,0,0,1,7,30,3,1,2,1,14,1,1,53,0,72,706,2014,0,0,63,42,30,,,,1,1,58,1,7,,4,7,20,7,11,0,07/13/2019,21:44,53031288,31288,0,0,0,3,1,0,0,0,0,96,,,,,,99,,,,,,98223,53,64,187,6,1,0,2,0,0,,0,,,,,,4,07/15/2017,09/15/2017,20,8,0,0,0,9,8,,,0,0,0,8,9,2,136,155,,1,1,,2,1,0.119,,,,,,,,,,,,,,,,,,,,,,,,,,,,,,0,0,1,0,1,1,1,1,0,0,0,0,1,0,0,0,0,0,0,0,0,0,0,0,0,0,0,0,1,0,0,0,0,0,1,0,0,0,0,0,0,1,1,1,0,1,0,0,0,0,0,1,,,,,,56-60,56-65,County road,R,Saturday,,MC,White,0,1,0,0,County Road,County Sheriff,Snohomish County Sheriff's Office,1,0,1,0,0,,,,,,0,0,0,,,,,,,,,,,0,0,0,1,,,,,5,0,,,,,,,,,,,,,,,
2019,229,E940241,35,07/15/2019,20:03,15,7,,53,Pierce,0,1,0,1,1,2,1,0,1,1,,,,30,0,0,0.1,1,0,1,3,1,2,4,0,0,0,0,CR-MINTERWOOD DRIVE KP,,-122.7367083,47.35218889,0,1,6,12,2,25,4,0,0,1,7,42,1,2,2,1,1,1,2,53,0,49,40,2011,0,0,68,64,69,30,42,,1,1,52,1,7,,4,0,20,7,11,5,07/15/2019,20:55,2.23E+11,32885,0,0,0,0,1,0,0,0,0,96,,,,,,99,,,,,,98052,53,72,175,0,0,0,0,0,0,,0,,,,,,0,,,1,0,0,0,0,5,8,,,0,0,0,8,1,2,1,,,1,,,2,1,0.28,,,,,,,,,,,,,,,,,,,,,,,,,,,,,,0,0,1,0,1,1,0,1,0,0,0,0,0,1,0,0,0,0,0,1,0,0,0,0,0,0,0,0,0,1,0,0,0,1,0,,1,0,0,0,0,1,0,1,0,0,0,1,0,1,0,1,,,,,,51-55,46-55,County road,R,Monday,Not Used,PV,Multiracial,0,1,0,0,County Road,County Sheriff,Law Enforcement Support Agency,1,0,1,0,0,,,,,,0,0,0,,,,,,,,,,,98,98,98,204,201,,,,20,7,,,,,,,,,,,,,,,
2019,230,E940384,35,07/14/2019,23:26,14,7,,53,Pierce,0,1,0,3,1,2,1,0,2,2,,,,12,0,2,10.4,1,0,1,4,2,2,4,0,0,0,0,CR-CANYON RD E,,-122.3570861,47.10069167,0,1,50,54,3,40,80,0,0,1,7,12,1,1,5,5,1,1,1,53,0,37,705,2003,0,0,12,,,,,,1,1,27,1,7,,4,0,20,7,11,4,07/15/2019,1:27,2.23E+11,31686,0,0,0,3,1,51,0,0,0,96,,,,,,99,,,,,,98375,53,68,191,6,1,0,3,2,4,,0,,,,,,0,12/15/2014,01/15/2019,20,8,0,0,0,9,8,,,0,0,0,8,1,2,1,,,1,,,2,1,0.16,,,,,,,,,,,,,,,,,,,,,,,,,,,,,,0,0,0,0,1,1,0,1,0,0,0,0,0,0,0,0,0,0,0,0,0,0,0,1,1,0,0,0,1,1,0,0,0,0,1,1,0,0,0,0,0,1,0,1,0,0,0,0,0,1,0,1,,,,,,26-30,26-35,County road,U,Sunday,,MC,White,0,1,1,0,County Road,County Sheriff,Law Enforcement Support Agency,0,0,1,0,0,,,,,,0,0,4,,,,,,,,,,,0,0,0,1,,,,,17,7,,,,,,,,,,,,,,,
2019,230,E940384,35,07/14/2019,23:26,14,7,,53,Pierce,0,1,0,3,1,2,1,0,2,2,,,,12,0,2,10.4,1,0,1,4,2,2,4,0,0,0,0,CR-CANYON RD E,,-122.3570861,47.10069167,0,2,51,54,3,40,6,0,0,1,7,12,1,1,5,5,1,1,2,53,0,48,45,2006,0,0,12,,,,,,1,1,23,2,0,,0,0,3,0,11,0,,,,,0,0,0,3,1,10,0,0,0,96,,,,,,0,,,,,,98466,53,64,127,6,1,0,0,0,1,,0,,,,,,0,02/15/2015,02/15/2015,1,0,0,0,8,9,8,,,0,0,0,8,0,8,95,,,96,,,8,95,995,,,,,,,,,,,,,,,,,,,,,,,,,,,,,,0,0,0,0,1,1,0,1,0,0,0,0,0,0,0,0,0,0,0,0,0,0,0,1,1,0,0,0,1,1,0,0,0,0,0,,0,0,0,0,0,0,0,0,0,0,0,0,0,0,0,0,,,,,,21-25,16-25,County road,U,Sunday,Belt Used,PV,Not Fatal,0,1,1,0,County Road,County Sheriff,Law Enforcement Support Agency,0,0,1,0,0,,,,,,0,0,0,,,,,,,,,,,98,98,98,0,,,,,20,7,,,,,,,,,,,,,,,
2019,234,E941099,3,06/25/2019,14:57,25,6,,53,Pierce,0,1,0,1,1,2,2,0,3,2,,,,12,0,6,16.9,2,0,3,3,2,1,3,0,0,0,0,SR-161,244TH CT W,-122.2958,47.03495278,0,1,68,15,2,55,3,0,0,1,7,12,1,3,3,1,11,2,2,53,0,30,47,2000,0,0,12,2,,,,,1,1,16,1,7,,4,7,99,7,11,0,06/25/2019,14:57,53028777,28777,0,0,3,3,1,38,0,0,0,17,,,,,,99,,,,,,98338,53,66,130,6,2,0,0,0,0,,0,,,,,,0,,,99,0,0,0,0,9,8,,,0,0,0,8,9,2,1,,,1,,,2,1,0,,,,,,,,,,,,,,,,,,,,,,,,,,,,,,0,0,0,1,0,0,0,0,0,0,0,0,0,0,0,0,1,0,1,0,1,0,1,0,1,0,0,0,0,1,1,0,0,0,0,,1,0,0,0,0,0,0,0,1,0,1,0,0,0,0,0,,,,,,16-17,16-25,State route,U,Tuesday,Unknown,PV,White,1,0,0,0,State Route,State Patrol,Washington State Patrol,0,1,0,0,0,,,,,,0,0,0,,,,,,,,,,,98,98,98,1,,,,,20,7,,,,,,,,,,,,,,,
2019,234,E941099,3,06/25/2019,14:57,25,6,,53,Pierce,0,1,0,1,1,2,2,0,3,2,,,,12,0,6,16.9,2,0,3,3,2,1,3,0,0,0,0,SR-161,244TH CT W,-122.2958,47.03495278,0,2,69,62,4,55,66,1,0,1,7,12,1,3,3,1,1,1,3,37,0,82,881,2009,0,0,12,2,,,,,1,1,40,1,0,,0,0,3,0,11,0,,,,,6,1,0,3,1,0,0,0,0,96,,,,,,0,,,,,,98597,53,71,200,6,1,0,0,0,2,,0,,,,,,0,03/15/2017,03/15/2018,99,0,0,0,8,9,2,,,0,0,0,0,0,8,95,,,96,,,8,95,995,,,,,,,,,,,,,,,,,,,,,,,,,,,,,,0,0,0,1,0,0,0,0,0,0,0,0,0,0,0,0,1,0,1,0,1,0,1,0,1,0,0,0,0,1,1,0,0,0,0,,0,0,0,0,0,0,0,0,0,0,0,0,0,0,0,0,,,,,,36-40,36-45,State route,U,Tuesday,,MHTRUCK,Not Fatal,1,0,0,0,State Route,State Patrol,Washington State Patrol,0,1,0,0,0,,,,,,0,0,0,,,,,,,,,,,98,98,98,0,,,,,20,7,,,,,,,,,,,,,,,
2019,235,E941412,4,07/17/2019,9:45,17,7,,75,Whitman,0,10,0,1,1,2,1,0,1,1,,,,42,0,0,48.2,1,0,1,5,1,1,3,0,0,0,0,SR-27,,-117.0988833,47.19575833,0,1,6,12,2,55,34,0,0,1,2,42,2,3,2,1,14,1,1,53,0,49,471,1992,0,0,68,64,42,,,,1,1,61,1,7,,4,7,3,0,11,0,07/17/2019,9:45,53032768,32768,0,0,3,3,1,0,0,0,0,93,,,,,,99,,,,,,99328,53,72,230,6,1,0,0,0,0,,0,,,,,,0,,,20,0,0,0,0,9,8,,,0,0,0,8,0,2,996,244,155,1,1,1,2,1,0,,,,,,,,,,,,,,,,,,,,,,,,,,,,,,0,0,1,0,0,0,1,1,0,0,0,0,0,0,0,0,1,0,0,0,0,0,0,0,0,0,0,0,0,1,0,0,0,0,0,,1,0,0,0,0,0,1,1,1,0,0,0,0,0,1,0,,,,,,61-65,56-65,State route,R,Wednesday,Belt Used,PV,White,0,1,0,0,State Route,State Patrol,Washington State Patrol,1,1,0,0,0,,,,,,0,0,0,1,1,1,,,157,996,386,996,996,0,0,0,1,,,,,20,7,,,,,,,,,,,,,,,
2019,236,E941427,4,07/06/2019,16:41,6,7,,65,Stevens,0,1,0,1,1,2,1,0,3,2,,,,12,0,2,201.3,1,0,1,3,1,1,2,0,0,0,0,US-395,,-117.6602083,48.14169722,0,1,50,10,2,60,4,0,0,1,7,12,3,2,2,1,14,1,2,53,0,49,40,2006,0,0,68,12,,,,,1,1,29,2,1,,4,0,20,7,11,8,07/06/2019,18:16,2.11E+11,30632,0,0,0,3,1,28,0,0,0,96,,,,,,99,,,,,,99006,53,62,150,6,1,0,3,2,3,,0,,,,,,0,07/15/2015,09/15/2018,8,0,0,0,0,1,1,,,0,0,0,1,0,2,401,417,128,1,1,1,2,1,0,,,,,,,,,,,,,,,,,,,,,,,,,,,,,,0,0,0,0,0,0,1,1,1,0,0,0,0,0,0,0,0,0,0,1,0,0,0,0,0,0,0,0,0,1,0,0,0,1,0,,1,0,0,0,0,0,1,1,0,0,0,0,0,0,1,0,,,,,,26-30,26-35,US highway,R,Saturday,Not Used,PV,Hispanic,0,1,1,0,State Route,State Patrol,Washington State Patrol,0,1,0,0,0,thc,1.8,,,,0,0,3,1,1,,,,177,605,,,,98,98,98,1,,,,,20,7,,,,,,,nms,,,,,,,,
2019,236,E941427,4,07/06/2019,16:41,6,7,,65,Stevens,0,1,0,1,1,2,1,0,3,2,,,,12,0,2,201.3,1,0,1,3,1,1,2,0,0,0,0,US-395,,-117.6602083,48.14169722,0,2,51,62,4,60,14,0,0,1,7,1,2,2,2,1,14,2,2,53,0,59,403,2011,0,0,12,1,,,,,1,1,40,2,0,,3,0,3,0,11,4,,,,,0,0,3,3,1,0,0,0,0,96,,,,,,0,,,,,,99029,53,66,150,6,1,0,0,0,0,,0,,,,,,0,,,1,0,0,0,8,9,8,,,0,0,0,8,0,8,95,,,96,,,8,95,995,,,,,,,,,,,,,,,,,,,,,,,,,,,,,,0,0,0,0,0,0,1,1,1,0,0,0,0,0,0,0,0,0,0,1,0,0,0,0,0,0,0,0,0,1,0,0,0,0,0,,0,0,0,0,0,0,0,0,0,0,0,0,0,0,0,0,,,,,,36-40,36-45,US highway,R,Saturday,Belt Used,PV,Not Fatal,0,1,1,0,State Route,State Patrol,Washington State Patrol,0,1,0,0,0,,,,,,0,0,0,,,,,,,,,,,98,98,98,0,,,,,20,7,,,,,,,,,,,,,,,
2019,500,E941519,7,07/16/2019,6:07,16,7,,33,King,1030,1,0,4,1,2,1,0,1,1,,,,24,0,0,21.3,1,0,1,2,2,1,3,0,0,0,0,SR-167,,-122.244675,47.38493611,0,1,1,13,2,60,5,0,0,1,7,24,3,1,3,3,14,1,2,53,0,47,31,1995,0,0,63,24,69,64,24,,1,1,37,2,7,,4,0,20,7,11,8,07/17/2019,17:00,1.96E+11,33543,0,0,3,2,1,0,0,0,0,96,,,,,,9,,,,,,98023,53,67,120,1,1,0,0,0,0,,0,,,,,,0,,,20,0,0,0,0,9,2,,,0,0,0,1,1,2,996,996,167,1,1,1,2,1,0,,,,,,,,,,,,,,,,,,,,,,,,,,,,,,0,0,1,0,1,0,1,1,0,0,0,0,0,1,0,0,0,0,0,1,0,0,0,0,0,0,0,0,0,1,0,0,0,1,0,,1,0,0,0,0,0,1,1,0,0,0,1,0,0,1,1,,,,,,36-40,36-45,State route,U,Tuesday,Not Used,PV,White,0,1,0,0,State Route,State Patrol,Washington State Patrol,1,1,0,0,0,,,,,,0,0,0,1,1,1,,,996,401,417,,,0,0,0,1,,,,,20,7,,,,,,,,,,,,,,,
2019,237,E941558,172,07/17/2019,12:00,17,7,,61,Snohomish,1120,1,0,1,1,2,1,0,5,2,,,,12,0,2,1.6,1,0,1,3,2,1,3,0,0,4,3,SR-204,,-122.1199028,47.996125,0,2,51,62,4,55,14,0,0,1,7,12,1,3,3,1,1,4,2,53,0,23,401,2002,0,0,12,,,,,,1,1,18,1,0,,1,0,3,0,11,5,,,,,0,0,0,0,1,0,0,0,0,96,,,,,,0,,,,,,98258,53,74,215,0,0,0,0,0,1,,0,,,,,,0,07/15/2018,07/15/2018,8,0,0,0,8,9,8,,,0,0,0,8,0,8,95,,,96,,,8,95,995,,,,,,,,,,,,,,,,,,,,,,,,,,,,,,0,0,0,0,0,0,1,1,1,0,0,0,0,1,0,0,0,0,0,0,0,1,1,0,1,0,0,0,0,1,0,0,0,0,0,,0,0,0,0,0,0,0,0,0,0,0,1,0,0,0,0,,,,,,18-20,16-25,State route,U,Wednesday,Belt Used,PV,Not Fatal,0,1,1,0,State Route,Municipal/City Police,Lake Stevens Police Department,0,1,0,0,0,,,,,,0,0,1,,,,,,,,,,,98,98,98,0,,,,,20,7,,,,,,,,,,,,,,,
2019,237,E941558,172,07/17/2019,12:00,17,7,,61,Snohomish,1120,1,0,1,1,2,1,0,5,2,,,,12,0,2,1.6,1,0,1,3,2,1,3,0,0,0,0,SR-204,,-122.1199028,47.996125,0,1,50,10,2,98,5,0,0,1,7,12,1,3,3,1,1,1,2,53,0,12,32,2014,0,0,68,12,,,,,1,1,47,1,7,,4,0,3,0,11,5,07/17/2019,13:12,69053031876,31876,0,0,0,3,1,28,0,0,0,96,,,,,,99,,,,,,98290,53,74,235,6,1,0,0,0,0,,0,,,,,,0,,,8,0,0,1,0,9,8,,,0,0,0,8,9,2,401,417,695,1,1,1,2,1,0,,,,,,,,,,,,,,,,,,,,,,,,,,,,,,0,0,0,0,0,0,1,1,1,0,0,0,0,1,0,0,0,0,0,0,0,1,1,0,1,0,0,0,0,1,0,0,0,0,0,,1,0,0,0,0,0,1,1,0,0,0,0,0,0,1,0,,,,,,46-50,46-55,State route,U,Wednesday,Belt Used,PV,White,0,1,1,0,State Route,Municipal/City Police,Lake Stevens Police Department,0,1,0,0,0,,,carboxy-thc,13,,0,0,0,,,,,,,,,,,98,98,98,1,,,,,20,7,,,,,,,nms,,,,,,,,
2019,238,E941590,8,07/10/2019,6:59,10,7,,45,Mason,0,2,0,1,2,2,1,0,2,2,,,,12,0,6,346.1,1,0,1,3,1,1,2,0,0,0,0,US-101,,-123.127175,47.20284722,0,1,66,6,1,60,34,0,0,1,7,12,1,1,2,1,1,1,2,53,0,7,472,2007,0,0,68,12,,,,,1,1,47,2,0,,1,0,3,0,11,8,,,,,0,0,0,3,1,28,0,0,0,96,,,,,,0,,,,,,98584,53,58,140,6,1,0,0,0,0,,23,,,,,,4,,,20,0,0,0,8,9,8,,,0,0,0,8,0,8,95,,,96,,,8,95,995,,,,,,,,,,,,,,,,,,,,,,,,,,,,,,0,0,0,0,0,0,1,1,1,0,0,0,1,1,0,0,0,0,0,0,0,0,0,0,0,0,0,0,0,1,0,0,0,0,0,,0,0,0,0,0,0,0,0,0,1,0,0,0,0,0,0,,,,,,46-50,46-55,US highway,R,Wednesday,Belt Used,PV,Not Fatal,1,0,0,0,State Route,State Patrol,Washington State Patrol,0,1,0,0,0,,,,,,0,0,0,,,,,,,,,,,98,98,98,0,,,,,20,7,,,,,,,,,,,,,,,
2019,238,E941590,8,07/10/2019,6:59,10,7,,45,Mason,0,2,0,1,2,2,1,0,2,2,,,,12,0,6,346.1,1,0,1,3,1,1,2,0,0,0,0,US-101,,-123.127175,47.20284722,0,2,66,62,4,60,4,0,0,1,7,12,1,1,2,1,1,1,2,53,0,49,40,1989,0,0,12,,,,,,1,1,63,1,7,,4,7,3,0,11,0,07/10/2019,6:59,53031127,31127,0,0,0,2,1,0,0,0,0,96,,,,,,99,,,,,,98584,53,72,170,1,1,0,1,0,0,,0,,,,,,0,06/15/2017,01/15/2018,20,0,0,0,0,9,8,,,0,0,0,8,9,2,605,695,,1,1,,2,1,0,,,,,,,,,,,,,,,,,,,,,,,,,,,,,,0,0,0,0,0,0,1,1,1,0,0,0,1,1,0,0,0,0,0,0,0,0,0,0,0,0,0,0,0,1,0,0,0,0,0,,1,0,0,0,0,0,1,1,0,0,0,1,0,0,1,0,,,,,,61-65,56-65,US highway,R,Wednesday,Belt Used,PV,White,1,0,0,0,State Route,State Patrol,Washington State Patrol,0,1,0,0,0,thc,31,carboxy-thc,888,,0,0,2,,,,,,,,,,,0,0,0,1,,,,,20,7,,,,,,,,,,,,,,,
2019,239,E941869,290,07/18/2019,12:36,18,7,,53,Pierce,2230,1,0,1,1,2,1,1,1,1,,,,8,0,0,0,1,0,1,3,2,1,6,0,0,0,0,E 28TH ST,,-122.4073944,47.23896389,0,1,13,80,5,25,66,1,0,1,5,8,1,2,3,4,1,1,3,53,0,85,881,2014,0,0,8,,,,,,1,1,58,1,0,,0,0,3,0,11,0,,,,,0,0,0,2,1,0,0,0,0,96,,,,,,0,,,,,,98223,53,66,150,1,1,0,3,1,0,,97,,,,,,0,03/15/2017,07/15/2018,20,0,0,0,8,9,8,,,0,0,0,8,0,8,95,,,96,,,8,95,995,,,,,,,,,,,,,,,,,,,,,,,,,,,,,,0,0,0,0,0,0,0,0,0,1,0,1,0,1,0,0,0,0,0,0,0,0,0,0,0,0,0,0,0,0,1,1,0,0,0,,0,0,0,0,0,0,0,0,0,0,0,1,0,0,0,0,,,,,,56-60,56-65,City street,U,Thursday,,MHTRUCK,Not Fatal,0,0,0,0,State Route,Municipal/City Police,Tacoma Police Department,0,1,0,0,0,,,,,,0,0,2,,,,,,,,,,,98,98,98,0,,,,,20,7,,,,,,,,,,,,,,,
2019,240,E942131,12,07/20/2019,15:41,20,7,,7,Chelan,0,1,0,1,1,2,1,0,1,1,,,,32,0,0,3.3,1,0,1,5,1,2,4,0,0,0,0,CR-STINE HILL RD,,-120.53575,47.52848333,0,1,1,6,1,45,4,0,0,1,2,1,3,2,2,1,14,1,1,53,0,48,38,2008,0,0,63,32,35,1,,,1,1,29,1,1,,4,7,99,7,11,0,07/20/2019,15:41,53032507,32507,0,0,0,3,1,0,0,0,0,96,,,,,,99,,,,,,98815,53,67,210,6,1,0,0,1,1,,0,,,,,,3,11/15/2015,03/15/2019,1,9,0,0,0,9,8,,,0,0,0,8,9,8,95,,,96,,,8,95,995,,,,,,,,,,,,,,,,,,,,,,,,,,,,,,0,0,1,0,0,0,0,0,0,0,0,0,1,0,0,0,0,0,0,0,0,0,0,0,0,0,0,0,0,1,0,0,0,0,0,,1,0,0,0,0,0,0,0,0,1,0,0,0,0,0,0,,,,,,26-30,26-35,County road,R,Saturday,Unknown,PV,Hispanic,0,1,0,0,County Road,County Sheriff,Chelan County Sheriff's Office,1,0,1,0,0,,,,,,0,0,0,,,,,,,,,,,98,98,98,1,,,,,20,7,,,,,,,,,,,,,,,
2019,241,E942417,5,07/18/2019,14:41,18,7,,39,Klickitat,0,1,0,1,1,2,1,0,1,1,,,,39,0,0,71.9,1,0,1,3,1,1,3,0,0,0,0,SR-14,,-121.3627389,45.70759167,0,1,1,13,2,60,80,0,0,1,2,39,3,1,2,1,14,1,1,41,0,73,706,2013,0,0,63,39,,,,,1,1,71,1,7,,4,7,20,7,11,0,07/18/2019,14:41,53032270,32270,0,0,0,3,1,0,0,0,0,96,,,,,,99,,,,,,97124,41,71,220,6,1,0,0,0,1,,0,,,,,,0,02/15/2016,02/15/2016,20,8,0,0,0,9,8,,,0,0,0,8,9,8,95,,,96,,,8,95,995,,,,,,,,,,,,,,,,,,,,,,,,,,,,,,0,0,1,0,0,0,0,0,0,0,0,0,0,0,0,0,0,0,0,0,0,0,0,0,0,1,1,0,1,0,0,0,0,0,1,0,0,0,0,0,0,0,0,0,0,0,0,0,0,0,0,0,,,,,,71-75,66-75,State route,R,Thursday,,MC,White,0,1,0,0,State Route,State Patrol,Washington State Patrol,1,1,0,0,0,,,,,,0,0,0,,,,,,,,,,,0,0,0,1,,,,,19,0,,,,,,,,,,,,,,,