year,case,par,repjur,crash_dt,crash_tm,accday,accmon,holiday,county,co_char,city,weather,weather2,lightcond,surfcond,surftype,numfatal,nmforms,pforms,vforms,not_tm,arr_tm,hosp_tm,fhevent,hitrun,manncol,milepnt,reljunc,reljuncinter,intersectiontype,funcsystem,landuse,ownership,route,schlbus,spejur,contdev,devfunc,trafid1,trafid2,x,y,wk_zone,vnumber,crashtype,criticalevent,criticaleventcat,spdlim,body,trailer,emerg,hazcargo,leave,mhevent,roadalgn,roadprof,traflane,trafflow,vehmanvr,numoccs,regowner,regstate,spuse,make,model,modelyr,vrf1,vrf2,seqevent1,seqevent2,seqevent3,seqevent4,seqevent5,seqevent6,pnumber,ptype,age,sex,hispanic,race,injury,diedscene,restraint,restraintmisuse,seatpos,takehosp,death_dt,death_tm,cert,cernum_wa,commlic,licendor,licrestrict,liccomp,drivpres,drf1,drf2,drf3,drf4,distract1,distract2,distract3,distract4,distract5,distract6,dricond1,dricond2,dricond3,dricond4,dricond5,dricond6,dzip,licstate,drhgt_in,weight,noncdl,noncdltype,prevdwi,prevoth,prevacc,prevspd,prevsus,driviol1,driviol2,driviol3,driviol4,driviol5,driviol6,spdrel,first_dt,last_dt,airbag,ejection,ejectpath,extricat,injurwrk,methalc,methdrug,nmlocat,strikveh,prf1,prf2,prf3,druginv,alcinvol,drugsts,drugres1,drugres2,drugres3,drugtst1,drugtst2,drugtst3,alcsts,alctst,alcres,nmact1,nmact2,nmact3,nmact4,nmact5,nmact6,nmprior1,nmprior2,nmprior3,nmprior4,nmprior5,nmprior6,nmcond1,nmcond2,nmcond3,nmcond4,nmcond5,nmcond6,nmsafe_helmet,nmsafe_pads,nmsafe_oth,nmprev_ref,nmprev_lgt,nmprev_oth,crashlocation,nmcrashtype,crosswalk,schoolzone,sidewalk,train_inv,wildlife_inv,rotr_fars,intersect_fars,dd_inv,aid_inv,dpd_inv,id_inv,mj_inv,impnm_inv,ainm_inv,dpnm_inv,speed_inv,unlic_inv,unendmc_inv,drowsy_inv,drdist_inv,nmdist_inv,fty_inv,unrestfat_inv,dr1617_inv,dr1820_inv,dr1620_inv,dr2125_inv,dr1625_inv,dr65_inv,dr70_inv,dr75_inv,mc_inv,pv_inv,ht_inv,ped_inv,bike_inv,unrest_fat,mc_fat,unhelmet_mc,pv_fat,ht_fat,ped_fat,bike_fat,dr_alc7,dr_alc8,dr_drug,dr_imp,dr_dist,dr_spd,dr_fty,dr_unlic,dr_alc7only,dr_alc8only,dr_drugonly,dr_drink,nm_imp,nm_alc7,nm_alc8,nm_drug,nm_dist,agegrp1,agegrp2,roadclass,urbrur,dayweek,restuse,vehtype,race_me,intersect,lanedep,oppdir,wrongway,rep_typ,investag,repag_long,rotr,st_rd,cty_rd,city_rd,oth_rd,drug_thc,thc_res,drug_cthc,cthc_res,drug_cann,prevpersemin,prevperse,prevsusoth,drugtst4,drugtst5,drugtst6,drugtst7,drugtst8,drugres4,drugres5,drugres6,drugres7,drugres8,adspresent,adsengaged,adslevel,race1,race2,race3,race4,race5,helmet,helmetmisuse,nmdistract1,nmdistract2,nmdistract3,nmdistract4,nmdistract5,nmdistract6,lab,isedtcase,crf1,crf2,crf3,CoRoadName,CoMP,IntCoRoadName,IntCoMP
2019,506,E942491,3,07/13/2019,12:43,13,7,,53,Pierce,2230,1,0,1,1,2,1,0,2,2,,,,38,0,0,0,8,0,1,7,2,4,6,0,0,0,0,N 9TH ST,N MILDRED ST,-122.5225528,47.25786111,0,2,98,71,4,60,5,0,0,1,5,12,1,1,3,3,1,1,1,53,0,63,38,2017,0,0,12,,,,,,1,1,38,1,0,,0,0,3,0,11,0,,,,,0,0,3,3,1,0,0,0,0,0,,,,,,0,,,,,,98349,53,74,260,6,1,0,0,0,0,,0,,,,,,0,,,20,0,0,0,8,9,8,,,0,0,0,8,0,8,95,,,96,,,8,95,995,,,,,,,,,,,,,,,,,,,,,,,,,,,,,,0,0,0,0,0,0,0,0,0,0,0,0,0,0,0,0,0,0,0,0,0,0,0,0,0,1,0,0,0,1,0,0,0,0,0,,0,0,0,0,0,0,0,0,0,0,0,0,0,0,0,0,,,,,,36-40,36-45,City street,U,Saturday,Belt Used,PV,Not Fatal,0,0,0,0,City Street,State Patrol,Washington State Patrol,0,0,0,1,0,,,,,,0,0,0,,,,,,,,,,,98,98,98,0,,,,,20,7,,,,,,,,,,,,,,,
2019,506,E942491,3,07/13/2019,12:43,13,7,,53,Pierce,2230,1,0,1,1,2,1,0,2,2,,,,38,0,0,0,8,0,1,7,2,4,6,0,0,0,0,N 9TH ST,N MILDRED ST,-122.5225528,47.25786111,0,1,14,8,1,98,14,0,0,1,2,12,1,1,2,1,98,1,1,53,0,12,401,1999,0,0,71,38,41,12,25,,1,1,66,1,7,,4,0,99,7,11,4,07/13/2019,14:25,2.23E+11,31618,0,0,3,3,1,0,0,0,0,0,,,,,,1,,,,,,98405,53,75,210,6,1,0,0,0,0,,0,,,,,,0,,,1,0,0,0,0,9,8,,,0,0,0,8,9,8,95,,,96,,,8,95,995,,,,,,,,,,,,,,,,,,,,,,,,,,,,,,0,0,0,0,0,0,0,0,0,0,0,0,0,0,0,0,0,0,0,0,0,0,0,0,0,1,0,0,0,1,0,0,0,0,0,,1,0,0,0,0,0,0,0,0,0,0,0,0,0,0,0,,,,,,66-70,66-75,City street,U,Saturday,Unknown,PV,White,0,0,0,0,City Street,State Patrol,Washington State Patrol,0,0,0,1,0,,,,,,0,0,0,,,,,,,,,,,0,0,0,1,,,,,20,7,,,,,,,,,,,,,,,
2019,242,E942516,6,07/02/2019,10:20,2,7,,7,Chelan,0,99,0,9,99,2,1,0,1,1,,,,1,0,0,159,1,0,1,4,1,1,3,0,0,0,0,SR-20,,-120.705575,48.501325,0,1,7,13,2,60,14,0,0,1,2,1,2,2,2,1,14,1,1,53,0,2,404,1999,0,0,63,69,68,64,1,42,1,1,24,1,7,,4,7,3,0,11,0,07/02/2019,10:20,53029679,29679,0,0,0,3,1,58,0,0,0,96,,,,,,9,,,,,,98266,53,74,185,6,1,0,0,0,0,,0,,,,,,0,,,20,0,0,0,0,1,8,,,0,0,0,1,1,2,605,695,,1,1,,2,1,0.098,,,,,,,,,,,,,,,,,,,,,,,,,,,,,,0,0,0,0,1,1,1,1,1,0,0,0,0,0,0,0,0,0,0,0,0,0,0,1,1,0,0,0,0,1,0,0,0,0,0,,1,0,0,0,0,1,1,1,0,0,0,0,0,0,0,1,,,,,,21-25,16-25,State route,R,Tuesday,Belt Used,PV,White,0,1,0,0,State Route,State Patrol,Washington State Patrol,1,1,0,0,0,thc,8,carboxy-thc,8.9,,0,0,0,,,,,,,,,,,0,0,0,1,,,,,20,7,,,,,,,,,,,,,,,
2019,243,E942668,7,07/16/2019,4:47,16,7,,33,King,0,2,0,2,2,2,1,0,2,2,,,,12,0,2,13.7,1,0,1,4,2,1,3,0,0,0,0,SR-202,,-121.9995194,47.63253889,0,1,50,54,3,98,4,0,0,1,2,12,3,2,2,1,14,1,2,53,0,42,43,2000,0,0,12,,,,,,1,1,72,1,7,,4,7,20,7,11,0,07/16/2019,4:47,53031767,31767,0,0,0,3,1,51,0,0,0,96,,,,,,0,,,,,,98058,53,72,200,6,1,0,0,0,0,,0,,,,,,0,,,1,0,0,0,0,9,8,,,0,0,0,8,0,2,1,,,1,,,2,1,0,,,,,,,,,,,,,,,,,,,,,,,,,,,,,,0,0,0,0,1,0,0,0,0,0,0,0,0,0,0,0,0,0,0,1,0,0,0,0,0,1,1,0,0,1,1,0,0,1,0,,1,0,0,0,0,0,0,0,0,0,0,0,0,0,0,0,,,,,,71-75,66-75,State route,U,Tuesday,Not Used,PV,API,0,0,0,1,State Route,State Patrol,Washington State Patrol,0,1,0,0,0,,,,,,0,0,0,,,,,,,,,,,98,98,98,18,,,,,20,7,,,,,,,,,,,,,,,
2019,243,E942668,7,07/16/2019,4:47,16,7,,33,King,0,2,0,2,2,2,1,0,2,2,,,,12,0,2,13.7,1,0,1,4,2,1,3,0,0,0,0,SR-202,,-121.9995194,47.63253889,0,2,51,54,3,45,66,1,0,1,5,12,2,2,2,1,14,1,3,18,0,51,881,2015,0,0,12,,,,,,1,1,53,1,0,,2,0,3,0,11,4,,,,,6,1,3,3,1,0,0,0,0,96,,,,,,0,,,,,,98933,53,72,160,6,1,0,1,0,0,,0,,,,,,0,09/15/2017,09/15/2017,20,0,0,0,8,9,8,,,0,0,0,8,1,0,0,,,0,,,0,0,996,,,,,,,,,,,,,,,,,,,,,,,,,,,,,,0,0,0,0,1,0,0,0,0,0,0,0,0,0,0,0,0,0,0,1,0,0,0,0,0,1,1,0,0,1,1,0,0,0,0,,0,0,0,0,0,0,0,0,0,0,0,0,0,0,0,1,,,,,,51-55,46-55,State route,U,Tuesday,,MHTRUCK,Not Fatal,0,0,0,1,State Route,State Patrol,Washington State Patrol,0,1,0,0,0,,,,,,0,0,0,,,,,,,,,,,98,98,98,0,,,,,20,7,,,,,,,,,,,,,,,
2019,285,E943557,7,07/24/2019,9:33,24,7,,33,King,1830,1,0,1,1,2,1,0,3,3,,,,12,0,1,2.3,1,0,1,1,2,1,1,0,0,0,0,I-405,,-122.2184306,47.46775278,0,3,98,98,7,60,14,0,0,1,5,12,3,2,5,3,5,1,3,53,0,49,402,2019,0,0,12,,,,,,1,1,72,1,0,,1,0,3,0,11,0,,,,,0,0,3,3,1,0,0,0,0,0,,,,,,0,,,,,,98053,53,72,201,6,1,0,0,0,0,,0,,,,,,0,,,20,0,0,0,8,9,8,,,0,0,0,8,0,8,95,,,96,,,8,95,995,,,,,,,,,,,,,,,,,,,,,,,,,,,,,,0,0,0,0,0,0,1,1,0,0,0,0,1,0,0,0,1,0,0,0,0,0,0,0,0,1,1,0,0,1,1,0,0,0,0,,0,0,0,0,0,0,0,0,0,0,0,0,0,0,0,0,,,,,,71-75,66-75,Interstate,U,Wednesday,Belt Used,PV,Not Fatal,0,0,0,0,State Route,State Patrol,Washington State Patrol,0,1,0,0,0,,,,,,0,0,0,,,,,,,,,,,98,98,98,0,,,,,20,7,,,,,,,,,,,,,,,
2019,285,E943557,7,07/24/2019,9:33,24,7,,33,King,1830,1,0,1,1,2,1,0,3,3,,,,12,0,1,2.3,1,0,1,1,2,1,1,0,0,0,0,I-405,,-122.2184306,47.46775278,0,2,21,53,3,60,62,0,0,1,7,12,3,2,5,3,5,1,3,53,0,12,881,2000,0,0,12,12,,,,,1,1,34,1,0,,3,0,3,0,11,4,,,,,0,0,0,3,1,0,0,0,0,0,,,,,,0,,,,,,98292,53,71,233,6,1,0,0,0,0,,0,,,,,,0,,,20,0,0,0,8,9,8,,,0,0,0,8,0,8,95,,,96,,,8,95,995,,,,,,,,,,,,,,,,,,,,,,,,,,,,,,0,0,0,0,0,0,1,1,0,0,0,0,1,0,0,0,1,0,0,0,0,0,0,0,0,1,1,0,0,1,1,0,0,0,0,,0,0,0,0,0,0,0,0,0,0,0,0,0,0,0,0,,,,,,31-35,26-35,Interstate,U,Wednesday,,MHTRUCK,Not Fatal,0,0,0,0,State Route,State Patrol,Washington State Patrol,0,1,0,0,0,,,,,,0,0,0,,,,,,,,,,,98,98,98,0,,,,,20,7,,,,,,,,,,,,,,,
2019,285,E943557,7,07/24/2019,9:33,24,7,,33,King,1830,1,0,1,1,2,1,0,3,3,,,,12,0,1,2.3,1,0,1,1,2,1,1,0,0,0,0,I-405,,-122.2184306,47.46775278,0,1,20,50,3,60,34,0,0,1,2,12,3,2,5,3,14,1,1,53,0,12,481,1998,0,0,12,,,,,,1,1,49,1,7,,4,0,3,0,11,4,07/29/2019,11:22,1.96E+11,35057,0,0,3,3,1,26,0,0,0,93,,,,,,0,,,,,,98531,53,71,250,6,1,0,2,1,1,,23,,,,,,4,07/15/2016,04/15/2019,1,0,0,0,0,9,8,,,0,0,0,8,0,2,996,,,1,,,2,1,0,,,,,,,,,,,,,,,,,,,,,,,,,,,,,,0,0,0,0,0,0,1,1,0,0,0,0,1,0,0,0,1,0,0,0,0,0,0,0,0,1,1,0,0,1,1,0,0,0,0,,1,0,0,0,0,0,1,1,1,1,0,0,0,0,1,0,,,,,,46-50,46-55,Interstate,U,Wednesday,Belt Used,PV,White,0,0,0,0,State Route,State Patrol,Washington State Patrol,0,1,0,0,0,,,,,,0,0,0,,,,,,,,,,,0,0,0,1,,,,,20,7,,,,,,,,,,,,,,,
2019,245,E943969,2,07/12/2019,23:03,12,7,,77,Yakima,0,1,0,3,1,2,1,2,2,1,,,,8,0,0,61.6,2,0,4,4,2,1,2,0,3,3,3,US-97,FORT RD,-120.3297056,46.37501389,0,1,13,80,5,55,34,0,0,1,5,8,2,1,1,4,10,2,1,53,0,49,472,2016,0,0,8,8,,,,,1,1,37,1,0,,0,0,3,0,11,0,,,,,0,0,0,3,1,0,0,0,0,0,,,,,,0,,,,,,98942,53,67,170,6,1,0,0,0,0,,97,,,,,,0,,,20,0,0,0,8,9,2,,,0,0,0,0,0,0,0,,,0,,,0,0,996,,,,,,,,,,,,,,,,,,,,,,,,,,,,,,0,0,0,1,0,0,0,0,0,1,0,1,0,0,0,0,0,0,0,0,0,0,0,0,0,0,0,0,0,1,0,1,0,0,0,,0,0,0,0,0,0,0,0,0,0,0,0,0,0,0,0,,,,,,36-40,36-45,US highway,U,Friday,Belt Used,PV,Not Fatal,1,0,0,0,State Route,State Patrol,Washington State Patrol,0,1,0,0,0,,,,,,0,0,0,,,,,,,,,,,98,98,98,0,,,,,20,7,,,,,,,,,,,,,,,
2019,316,E944034,75,07/15/2019,6:18,15,7,,11,Clark,2420,1,0,1,1,2,1,0,1,1,,,,10,0,0,0,6,0,1,7,2,4,6,0,0,65,3,SE WHITNEY ST,,-122.3751361,45.58228056,0,1,15,90,6,25,34,0,0,1,7,10,1,1,2,1,1,1,1,53,0,7,472,2003,0,0,10,,,,,,1,1,55,1,7,,4,0,99,7,11,5,07/26/2019,23:54,24053033900,33900,0,0,3,3,1,39,0,0,0,96,,,,,,99,,,,,,98607,53,73,200,6,1,0,0,0,0,,0,,,,,,0,,,8,1,9,0,0,9,8,,,0,0,0,8,0,8,95,,,96,,,0,0,996,,,,,,,,,,,,,,,,,,,,,,,,,,,,,,1,0,0,0,0,0,0,0,0,0,0,0,0,0,0,0,0,0,0,0,0,0,0,0,0,0,0,0,0,1,0,0,0,0,0,,1,0,0,0,0,0,0,0,0,0,0,0,0,0,0,0,,,,,,51-55,46-55,City street,U,Monday,Unknown,PV,White,1,0,0,0,City Street,Municipal/City Police,Camas Police Department,0,0,0,1,0,,,,,,0,0,0,,,,,,,,,,,98,98,98,1,,,,,20,7,,,,,,,,,,,,,,,
2019,246,E944110,288,07/25/2019,23:03,25,7,,53,Pierce,2210,1,0,3,1,2,1,1,1,1,,,,9,1,0,0,1,0,1,7,2,4,6,0,0,0,0,W VALLEY HWY E,,-122.2521667,47.21118889,0,1,13,83,5,98,34,0,0,1,5,9,8,8,2,1,1,99,9,99,0,12,471,9999,0,0,9,,,,,,1,1,999,8,0,,9,0,99,7,11,8,,,,,99,9,9,9,1,0,0,0,0,92,,,,,,99,,,,,,99999,98,,999,9,9,99,99,99,99,,97,,,,,,0,,,99,9,0,0,8,9,8,,,0,0,0,8,9,0,0,,,0,,,0,0,996,,,,,,,,,,,,,,,,,,,,,,,,,,,,,,0,0,0,0,0,0,0,0,0,1,1,1,0,0,0,0,1,1,0,0,0,0,0,0,0,0,0,0,0,1,0,0,1,0,0,,0,0,0,0,0,0,0,0,1,0,0,0,0,0,0,0,,,,,,,,City street,U,Thursday,Unknown,PV,Not Fatal,0,0,0,0,City Street,Municipal/City Police,Sumner Police Department,0,0,0,1,0,,,,,,99,99,99,,,,,,,,,,,98,98,98,0,,,,,20,7,,,,,,,,,,,,,,,
2019,247,E944151,2,07/24/2019,14:12,24,7,,73,Whatcom,0,1,0,1,1,7,1,0,1,1,,,,35,0,0,7.9,1,0,1,5,1,2,4,0,0,0,0,CR-S PASS RD,,-122.1765667,48.96277222,0,1,1,13,2,35,80,0,0,1,2,35,1,1,2,1,1,1,1,53,0,71,706,2018,0,0,63,35,,,,,1,1,32,1,7,,4,7,20,7,11,0,07/24/2019,14:12,53033572,33572,0,0,0,2,1,0,0,0,0,96,,,,,,99,,,,,,98225,53,69,130,6,1,0,1,1,1,,0,,,,,,0,12/15/2015,04/15/2017,20,8,0,0,0,9,8,,,0,0,0,8,0,2,1,,,1,,,2,1,0,,,,,,,,,,,,,,,,,,,,,,,,,,,,,,0,0,1,0,0,0,0,0,0,0,0,0,0,0,1,0,0,0,0,0,0,0,0,0,0,0,0,0,1,0,0,0,0,0,1,0,0,0,0,0,0,0,0,0,0,0,0,0,0,0,0,0,,,,,,31-35,26-35,County road,R,Wednesday,,MC,White,0,1,0,0,County Road,State Patrol,Washington State Patrol,1,0,1,0,0,,,,,,0,0,0,,,,,,,,,,,0,0,0,1,,,,,5,0,,,,,,,,,,,,,,,
2019,248,E944172,189,07/27/2019,1:52,27,7,,61,Snohomish,1280,1,0,2,1,2,1,1,2,1,,,,8,0,0,6.9,1,0,1,3,2,1,3,0,0,0,0,SR-529,,-122.1806194,48.03826111,0,1,13,80,5,55,61,0,2,1,5,8,1,1,2,2,1,2,3,53,6,12,870,2019,0,0,8,,,,,,1,1,32,1,0,,0,0,99,7,11,0,,,,,0,0,3,3,1,10,0,0,0,96,,,,,,0,,,,,,98208,53,74,200,6,1,0,0,0,0,,0,,,,,,0,,,20,0,0,0,8,9,8,,,0,0,0,8,0,8,95,,,96,,,8,95,995,,,,,,,,,,,,,,,,,,,,,,,,,,,,,,0,0,0,0,0,0,0,0,0,1,1,0,0,0,0,0,0,0,0,0,0,0,0,0,0,0,0,0,0,0,1,1,0,0,0,,0,0,0,0,0,0,0,0,0,0,0,0,0,0,0,0,,,,,,31-35,26-35,State route,U,Saturday,,MHTRUCK,Not Fatal,0,0,0,0,State Route,Municipal/City Police,Marysville Police Department,0,1,0,0,0,,,,,,0,0,0,,,,,,,,,,,98,98,98,0,,,,,20,7,,,,,,,,,,,,,,,
2019,244,E944270,146,06/20/2019,17:04,20,6,,77,Yakima,0,1,0,1,1,2,1,0,13,2,,,,12,0,6,0.5,2,0,2,7,1,2,4,0,0,20,3,CR-ROSENKRANZ RD,N TIETON RD,-120.7523917,46.70945556,0,1,88,17,2,50,61,0,0,1,7,12,1,1,2,1,1,1,3,56,0,7,881,2018,0,0,12,,,,,,1,1,27,1,0,,0,0,3,0,11,0,,,,,6,0,0,3,1,39,0,0,0,96,,,,,,0,,,,,,98908,53,68,205,6,1,0,0,0,1,,97,,,,,,0,07/15/2016,11/15/2016,1,0,0,0,8,9,8,,,0,0,0,8,0,8,95,,,96,,,8,95,995,,,,,,,,,,,,,,,,,,,,,,,,,,,,,,0,0,0,1,0,0,0,0,0,0,0,0,0,0,0,0,0,0,0,0,0,0,0,0,0,0,0,0,0,1,1,0,0,0,0,,0,0,0,0,0,0,0,0,0,0,0,0,0,0,0,0,,,,,,26-30,26-35,County road,R,Thursday,,MHTRUCK,Not Fatal,1,0,0,0,County Road,County Sheriff,Yakima County Sheriff's Office,0,0,1,0,0,,,,,,0,0,1,,,,,,,,,,,98,98,98,0,,,,,20,7,,,,,,,,,,,,,,,
2019,244,E944270,146,06/20/2019,17:04,20,6,,77,Yakima,0,1,0,1,1,2,1,0,13,2,,,,12,0,6,0.5,2,0,2,7,1,2,4,0,0,0,0,CR-ROSENKRANZ RD,N TIETON RD,-120.7523917,46.70945556,0,2,89,66,4,25,21,0,0,1,7,12,8,8,2,1,1,12,3,53,0,12,462,2016,0,0,12,63,1,,,,1,1,60,1,0,,1,0,99,7,11,4,,,,,0,0,0,3,1,0,0,0,0,96,,,,,,0,,,,,,98947,53,66,165,6,1,0,0,2,0,,0,,,,,,0,02/15/2017,04/15/2017,8,0,0,0,8,9,8,,,0,0,0,8,0,8,95,,,96,,,8,95,995,,,,,,,,,,,,,,,,,,,,,,,,,,,,,,0,0,0,1,0,0,0,0,0,0,0,0,0,0,0,0,0,0,0,0,0,0,0,0,0,0,0,0,0,1,1,0,0,0,0,,0,0,0,0,0,0,0,0,0,0,0,0,0,0,0,0,,,,,,56-60,56-65,County road,R,Thursday,Unknown,PV,Not Fatal,1,0,0,0,County Road,County Sheriff,Yakima County Sheriff's Office,0,0,1,0,0,,,,,,0,0,0,,,,,,,,,,,98,98,98,0,,,,,20,7,,,,,,,,,,,,,,,
2019,249,E944303,1,07/23/2019,0:38,23,7,,77,Yakima,0,1,0,2,1,2,1,0,2,2,,,,12,0,6,0.3,1,0,1,5,1,2,4,0,0,0,0,CR-VAN BELLE RD,,-120.1692278,46.34652778,0,2,66,62,4,50,66,2,0,1,5,12,1,1,2,1,1,1,3,53,0,85,881,2018,0,0,12,,,,,,1,1,45,1,0,,0,0,3,0,11,0,,,,,6,1,0,3,1,0,0,0,0,96,,,,,,0,,,,,,98932,53,66,200,6,1,0,1,0,1,,0,,,,,,0,04/15/2016,07/15/2019,20,0,0,0,8,9,8,,,0,0,0,8,0,8,95,,,96,,,8,95,995,,,,,,,,,,,,,,,,,,,,,,,,,,,,,,0,0,0,0,1,1,0,1,0,0,0,0,1,1,0,0,0,0,0,0,0,0,0,1,1,0,0,0,0,1,1,0,0,0,0,,0,0,0,0,0,0,0,0,0,0,0,0,0,0,0,0,,,,,,41-45,36-45,County road,R,Tuesday,,MHTRUCK,Not Fatal,0,1,1,0,County Road,State Patrol,Washington State Patrol,0,0,1,0,0,,,,,,0,0,0,,,,,,,,,,,98,98,98,0,,,,,20,7,,,,,,,,,,,,,,,
2019,249,E944303,1,07/23/2019,0:38,23,7,,77,Yakima,0,1,0,2,1,2,1,0,2,2,,,,12,0,6,0.3,1,0,1,5,1,2,4,0,0,0,0,CR-VAN BELLE RD,,-120.1692278,46.34652778,0,1,66,6,1,50,4,0,0,1,2,12,1,1,2,1,1,1,1,53,0,42,31,1992,0,0,68,68,68,64,69,12,1,1,21,1,1,,4,7,3,0,11,0,07/23/2019,0:38,53032958,32958,0,0,0,2,1,28,0,0,0,96,,,,,,9,,,,,,98944,53,66,155,1,1,0,1,0,1,,0,,,,,,4,07/15/2018,08/15/2018,1,0,0,0,0,1,8,,,0,0,0,8,1,2,1,,,1,,,2,1,0.21,,,,,,,,,,,,,,,,,,,,,,,,,,,,,,0,0,0,0,1,1,0,1,0,0,0,0,1,1,0,0,0,0,0,0,0,0,0,1,1,0,0,0,0,1,1,0,0,0,0,,1,0,0,0,0,1,0,1,0,1,0,1,0,1,0,1,,,,,,21-25,16-25,County road,R,Tuesday,Belt Used,PV,Hispanic,0,1,1,0,County Road,State Patrol,Washington State Patrol,0,0,1,0,0,,,,,,1,0,1,,,,,,,,,,,0,0,0,201,298,,,,20,7,,,,,,,,,,,,,,,
2019,509,E944659,31,07/28/2019,22:17,28,7,,45,Mason,0,1,0,2,1,7,1,0,1,1,,,,1,0,0,9999.9,1,0,1,5,1,2,4,0,0,0,0,CR-BEAR CREEK DEWATTO,,-122.8377278,47.50793611,0,1,1,13,2,45,80,0,0,1,5,1,3,2,2,1,14,1,1,53,0,72,706,1997,0,0,63,1,,,,,1,1,58,1,7,,4,0,20,7,11,1,08/01/2019,14:04,1.96E+11,34853,0,0,0,3,1,0,0,0,0,92,,,,,,99,,,,,,98528,53,67,180,6,1,0,0,0,0,,0,,,,,,0,,,20,8,0,0,0,9,8,,,0,0,0,8,9,2,321,,,1,,,2,1,0.14,,,,,,,,,,,,,,,,,,,,,,,,,,,,,,0,0,1,0,1,1,1,1,0,0,0,0,0,0,0,0,1,0,0,0,0,0,0,0,0,0,0,0,1,0,0,0,0,0,1,0,0,0,0,0,0,1,1,1,1,0,0,0,0,0,0,1,,,,,,56-60,56-65,County road,R,Sunday,,MC,White,0,1,0,0,County Road,County Sheriff,Mason County Sheriff's Office,1,0,1,0,0,,,,,,0,0,0,,,,,,,,,,,0,0,0,1,,,,,19,0,,,,,,,,,,,,,,,
2019,250,E944660,40,07/26/2019,12:43,26,7,,63,Spokane,0,1,0,1,1,2,1,0,1,1,,,,1,0,0,8.8,1,0,1,5,1,2,4,0,0,0,0,CR-N WOOD RD,,-117.733475,47.774075,0,1,6,13,2,98,14,0,0,1,5,1,1,1,2,1,1,1,2,53,0,63,401,2002,0,0,63,69,68,64,1,,1,1,62,1,7,,4,7,99,7,11,0,07/26/2019,12:43,53033583,33583,0,0,0,2,1,0,0,0,0,93,,,,,,99,,,,,,99224,53,70,175,1,1,1,0,1,0,,0,,,,,,0,06/15/2016,09/15/2018,20,0,0,0,0,9,8,,,0,0,0,8,9,2,605,695,,1,1,,2,1,0.3,,,,,,,,,,,,,,,,,,,,,,,,,,,,,,0,0,1,0,1,1,1,1,1,0,0,0,0,1,0,0,1,0,0,0,0,0,0,0,0,0,0,0,0,1,0,0,0,0,0,,1,0,0,0,0,1,1,1,1,0,0,1,0,0,0,1,,,,,,61-65,56-65,County road,R,Friday,Unknown,PV,White,0,1,0,0,County Road,County Sheriff,Spokane County Sheriff's Office,1,0,1,0,0,thc,31,carboxy-thc,15,,0,1,1,,,,,,,,,,,98,98,98,1,,,,,20,7,,,,,,,,,,,,,,,
2019,251,E944760,32,07/12/2019,14:30,12,7,,47,Okanogan,0,1,0,1,1,2,1,0,1,1,,,,19,0,0,7.3,3,0,4,5,1,2,4,0,0,0,0,CR-TORODA CREEK RD,COUGAR CREEK RD,-118.9129861,48.77890833,0,1,6,10,2,50,83,0,0,1,5,19,8,8,2,1,11,1,1,6,0,53,703,2004,0,0,68,64,19,,,,1,1,63,8,7,,4,7,20,7,11,0,07/12/2019,14:30,53031224,31224,0,0,0,1,1,0,0,0,0,92,,,,,,99,,,,,,92341,6,75,270,6,1,0,0,0,0,,0,,,,,,0,,,20,8,0,0,0,9,8,,,0,0,0,8,9,2,1,,,1,,,2,1,0.26,,,,,,,,,,,,,,,,,,,,,,,,,,,,,,0,0,1,1,1,1,0,1,0,0,0,0,0,0,0,0,1,0,0,0,0,0,0,0,0,0,0,0,1,0,0,0,0,0,1,0,0,0,0,0,0,1,0,1,1,0,0,0,0,1,0,1,,,,,,61-65,56-65,County road,R,Friday,,MC,White,0,1,0,0,County Road,County Sheriff,Okanogan County Sheriff's Office,1,0,1,0,0,,,,,,0,0,0,,,,,,,,,,,0,0,0,1,,,,,19,0,,,,,,,,,,,,,,,
2019,277,E944819,3,07/27/2019,19:58,27,7,,53,Pierce,0,1,0,1,1,2,1,0,1,1,,,,53,0,0,45.4,1,0,1,3,2,1,3,0,0,0,0,SR-7,,-122.40725,47.06209167,0,1,2,51,3,50,14,0,0,1,2,1,1,1,5,5,1,1,1,53,0,48,401,1998,0,0,63,53,31,35,67,1,1,1,36,1,7,,4,7,3,0,11,0,07/27/2019,19:58,53034878,34878,0,0,0,3,1,58,0,0,0,96,,,,,,99,,,,,,98360,53,69,170,6,1,0,1,0,1,,0,,,,,,4,08/15/2014,08/15/2017,20,0,0,0,0,9,8,,,0,0,0,8,9,2,321,351,605,1,1,1,2,1,0.105,,,,,,,,,,,,,,,,,,,,,,,,,,,,,,0,0,0,0,1,1,1,1,1,0,0,0,1,0,0,0,0,0,0,0,0,0,0,0,0,0,0,0,0,1,0,0,0,0,0,,1,0,0,0,0,1,1,1,0,1,0,0,0,0,0,1,,,,,,36-40,36-45,State route,U,Saturday,Belt Used,PV,White,0,1,0,0,State Route,State Patrol,Washington State Patrol,1,1,0,0,0,thc,50,carboxy-thc,190,,0,0,1,1,,,,,695,,,,,0,0,0,1,,,,,20,7,,,,,,,nms,,,,,,,,