year,case,par,repjur,crash_dt,crash_tm,accday,accmon,holiday,county,co_char,city,weather,weather2,lightcond,surfcond,surftype,numfatal,nmforms,pforms,vforms,not_tm,arr_tm,hosp_tm,fhevent,hitrun,manncol,milepnt,reljunc,reljuncinter,intersectiontype,funcsystem,landuse,ownership,route,schlbus,spejur,contdev,devfunc,trafid1,trafid2,x,y,wk_zone,vnumber,crashtype,criticalevent,criticaleventcat,spdlim,body,trailer,emerg,hazcargo,leave,mhevent,roadalgn,roadprof,traflane,trafflow,vehmanvr,numoccs,regowner,regstate,spuse,make,model,modelyr,vrf1,vrf2,seqevent1,seqevent2,seqevent3,seqevent4,seqevent5,seqevent6,pnumber,ptype,age,sex,hispanic,race,injury,diedscene,restraint,restraintmisuse,seatpos,takehosp,death_dt,death_tm,cert,cernum_wa,commlic,licendor,licrestrict,liccomp,drivpres,drf1,drf2,drf3,drf4,distract1,distract2,distract3,distract4,distract5,distract6,dricond1,dricond2,dricond3,dricond4,dricond5,dricond6,dzip,licstate,drhgt_in,weight,noncdl,noncdltype,prevdwi,prevoth,prevacc,prevspd,prevsus,driviol1,driviol2,driviol3,driviol4,driviol5,driviol6,spdrel,first_dt,last_dt,airbag,ejection,ejectpath,extricat,injurwrk,methalc,methdrug,nmlocat,strikveh,prf1,prf2,prf3,druginv,alcinvol,drugsts,drugres1,drugres2,drugres3,drugtst1,drugtst2,drugtst3,alcsts,alctst,alcres,nmact1,nmact2,nmact3,nmact4,nmact5,nmact6,nmprior1,nmprior2,nmprior3,nmprior4,nmprior5,nmprior6,nmcond1,nmcond2,nmcond3,nmcond4,nmcond5,nmcond6,nmsafe_helmet,nmsafe_pads,nmsafe_oth,nmprev_ref,nmprev_lgt,nmprev_oth,crashlocation,nmcrashtype,crosswalk,schoolzone,sidewalk,train_inv,wildlife_inv,rotr_fars,intersect_fars,dd_inv,aid_inv,dpd_inv,id_inv,mj_inv,impnm_inv,ainm_inv,dpnm_inv,speed_inv,unlic_inv,unendmc_inv,drowsy_inv,drdist_inv,nmdist_inv,fty_inv,unrestfat_inv,dr1617_inv,dr1820_inv,dr1620_inv,dr2125_inv,dr1625_inv,dr65_inv,dr70_inv,dr75_inv,mc_inv,pv_inv,ht_inv,ped_inv,bike_inv,unrest_fat,mc_fat,unhelmet_mc,pv_fat,ht_fat,ped_fat,bike_fat,dr_alc7,dr_alc8,dr_drug,dr_imp,dr_dist,dr_spd,dr_fty,dr_unlic,dr_alc7only,dr_alc8only,dr_drugonly,dr_drink,nm_imp,nm_alc7,nm_alc8,nm_drug,nm_dist,agegrp1,agegrp2,roadclass,urbrur,dayweek,restuse,vehtype,race_me,intersect,lanedep,oppdir,wrongway,rep_typ,investag,repag_long,rotr,st_rd,cty_rd,city_rd,oth_rd,drug_thc,thc_res,drug_cthc,cthc_res,drug_cann,prevpersemin,prevperse,prevsusoth,drugtst4,drugtst5,drugtst6,drugtst7,drugtst8,drugres4,drugres5,drugres6,drugres7,drugres8,adspresent,adsengaged,adslevel,race1,race2,race3,race4,race5,helmet,helmetmisuse,nmdistract1,nmdistract2,nmdistract3,nmdistract4,nmdistract5,nmdistract6,lab,isedtcase,crf1,crf2,crf3,CoRoadName,CoMP,IntCoRoadName,IntCoMP
2019,264,E945003,2,07/05/2019,0:02,5,7,,61,Snohomish,0,1,0,2,1,2,1,0,4,2,,,,12,0,2,2.4,1,0,1,7,1,2,4,0,0,0,0,CR-NEWBERG RD,,-122.0050972,48.02346389,0,2,51,62,4,35,83,0,0,1,7,12,1,2,2,1,1,1,2,53,0,98,703,2008,0,0,12,,,,,,1,1,31,1,7,,4,7,20,7,11,0,07/05/2019,0:02,53031510,31510,0,0,3,2,1,0,0,0,0,96,,,,,,0,,,,,,98271,53,74,185,6,1,0,2,1,1,,0,,,,,,0,12/15/2015,09/15/2018,20,8,0,0,0,9,8,,,0,0,0,8,9,2,401,417,,1,1,,2,1,0.095,,,,,,,,,,,,,,,,,,,,,,,,,,,,,,0,0,0,0,1,1,1,1,0,0,0,0,0,0,1,0,0,0,0,0,0,0,0,0,0,0,0,0,1,1,0,0,0,0,1,0,0,0,0,0,0,1,1,1,0,0,0,0,0,0,0,1,,,,,,31-35,26-35,County road,R,Friday,,MC,White,0,1,1,0,County Road,County Sheriff,Snohomish County Sheriff's Office,0,0,1,0,0,,,,,,0,0,1,,,,,,,,,,,0,0,0,1,,,,,19,0,,,,,,,,,,,,,,,
2019,264,E945003,2,07/05/2019,0:02,5,7,,61,Snohomish,0,1,0,2,1,2,1,0,4,2,,,,12,0,2,2.4,1,0,1,7,1,2,4,0,0,0,0,CR-NEWBERG RD,,-122.0050972,48.02346389,0,1,50,10,2,35,34,0,0,1,7,12,1,2,2,1,6,3,1,53,0,20,471,1984,0,0,68,12,,,,,1,1,44,1,0,,0,0,99,7,11,0,,,,,0,0,0,3,1,33,0,0,0,96,,,,,,9,,,,,,98290,53,70,180,6,1,0,1,1,0,,97,,,,,,0,10/15/2015,10/15/2015,20,0,0,0,8,9,8,,,0,0,0,8,1,8,95,,,96,,,8,95,995,,,,,,,,,,,,,,,,,,,,,,,,,,,,,,0,0,0,0,1,1,1,1,0,0,0,0,0,0,1,0,0,0,0,0,0,0,0,0,0,0,0,0,1,1,0,0,0,0,0,,0,0,0,0,0,0,0,0,0,0,0,0,0,0,0,1,,,,,,41-45,36-45,County road,R,Friday,Unknown,PV,Not Fatal,0,1,1,0,County Road,County Sheriff,Snohomish County Sheriff's Office,0,0,1,0,0,,,,,,0,0,0,,,,,,,,,,,0,0,0,0,,,,,20,7,,,,,,,,,,,,,,,
2018,507,E945130,17,10/11/2018,23:50,11,10,0,17,Douglas,0,1,0,2,11,7,1,0,2,1,,,,1,0,0,0,1,0,1,7,1,2,4,0,0,0,0,CR-RD M NW,,-120.0288556,47.69366944,0,1,2,13,2,25,14,0,0,1,7,1,3,3,2,1,14,2,1,53,0,2,404,1998,0,0,63,1,,,,,1,1,37,2,7,1,4,0,3,0,11,4,10/19/2018,20:14,57053046278,46278,0,0,0,3,1,0,0,0,0,96,,,,,,99,,,,,,98858,53,66,160,6,1,0,0,0,0,,0,,,,,,4,,,20,9,0,0,0,9,8,,,0,0,0,8,1,2,1,,,1,,,2,1,0.1,,,,,,,,,,,,,,,,,,,,,,,,,,,,,,0,0,0,0,1,1,0,1,0,0,0,0,1,0,0,0,0,0,0,0,0,0,0,0,0,0,0,0,0,1,0,0,0,0,0,,1,0,0,0,0,1,0,1,0,1,0,0,0,1,0,1,,,,,,36-40,36-45,County road,R,Thursday,Belt Used,PV,White,0,1,0,0,County Road,County Sheriff,Douglas County Sheriff's Office,1,0,1,0,0,,,,,,0,0,0,,,,,,,,,,,,,,,,,,,,,,,,,,,,,,,,,,,
2019,252,E945239,250,07/21/2019,19:55,21,7,,5,Benton,1850,1,0,1,1,2,1,0,1,1,,,,33,0,0,0,3,0,3,7,2,4,6,0,0,28,3,N STEPTOE ST,TAPTEAL DR,-119.2437028,46.23605833,0,1,1,13,2,35,80,0,0,1,7,1,3,2,2,2,14,1,1,53,0,72,706,2014,0,0,63,33,1,,,,1,1,24,1,7,,4,0,20,7,11,5,07/26/2019,17:57,1.96E+11,33358,0,0,0,3,1,0,0,0,0,96,,,,,,9,,,,,,99216,53,67,190,6,1,0,0,0,0,,0,,,,,,0,,,20,8,0,0,0,9,8,,,0,0,0,8,1,2,1,,,1,,,2,1,0.12,,,,,,,,,,,,,,,,,,,,,,,,,,,,,,0,0,1,1,1,1,0,1,0,0,0,0,0,0,0,0,0,0,0,0,0,0,0,1,1,0,0,0,1,0,0,0,0,0,1,0,0,0,0,0,0,1,0,1,0,0,0,0,0,1,0,1,,,,,,21-25,16-25,City street,U,Sunday,,MC,White,1,0,0,0,City Street,Municipal/City Police,Richland Police Department,0,0,0,1,0,,,,,,0,0,0,,,,,,,,,,,0,0,0,1,,,,,5,0,,,,,,,,,,,,,,,
2019,256,E945425,146,07/29/2019,20:50,29,7,,77,Yakima,0,1,0,2,1,2,1,0,1,1,,,,52,0,0,10.2,1,0,1,7,1,2,4,0,3,0,0,CR-W WAPATO RCR,,-120.642425,46.447875,0,1,1,13,2,50,4,0,0,1,7,3,1,1,2,1,1,1,1,53,0,22,18,1996,0,0,63,52,1,3,,,1,1,61,1,1,,4,0,20,7,11,5,07/31/2019,14:00,2.59E+11,34021,0,0,0,2,1,0,0,0,0,96,,,,,,9,,,,,,98952,53,63,188,1,1,0,0,0,0,,11,,,,,,0,,,8,0,0,0,0,5,8,,,0,0,0,8,1,2,1,,,1,,,2,1,0.17,,,,,,,,,,,,,,,,,,,,,,,,,,,,,,0,0,1,0,1,1,0,1,0,0,0,0,0,1,0,0,0,0,0,1,0,0,0,0,0,0,0,0,0,1,0,0,0,1,0,,1,0,0,0,0,1,0,1,0,0,0,1,0,1,0,1,,,,,,61-65,56-65,County road,R,Monday,Not Used,PV,Hispanic,0,1,0,0,County Road,County Sheriff,Yakima County Sheriff's Office,1,0,1,0,0,,,,,,0,0,0,,,,,,,,,,,0,0,0,298,,,,,20,7,,,,,,,,,,,,,,,
2019,253,E945442,269,07/23/2019,5:47,23,7,,33,King,2005,1,0,9,1,1,1,0,1,1,,,,30,0,0,0,1,0,1,7,2,4,6,0,0,0,0,N RICHMOND BEACH RD,,-122.3518361,47.76331667,0,1,1,6,1,35,14,0,0,1,7,30,3,1,2,1,14,1,2,53,0,55,402,2005,0,0,63,30,38,42,,,1,1,18,2,7,,4,7,3,0,11,0,07/23/2019,5:47,2.01E+11,33392,0,0,3,3,1,0,0,0,0,96,,,,,,99,,,,,,98177,53,67,130,6,2,0,0,0,0,,0,,,,,,4,,,1,0,0,0,0,9,8,,,0,0,0,8,9,2,605,695,,1,1,,2,1,0.27,,,,,,,,,,,,,,,,,,,,,,,,,,,,,,0,0,1,0,1,1,1,1,1,0,0,0,1,0,0,0,0,0,0,0,0,1,1,0,1,0,0,0,0,1,0,0,0,0,0,,1,0,0,0,0,1,1,1,0,1,0,0,0,0,0,1,,,,,,18-20,16-25,City street,U,Tuesday,Belt Used,PV,White,0,1,0,0,City Street,Municipal/City Police,Shoreline Police Department,1,0,0,1,0,thc,8.6,carboxy-thc,31,,0,0,0,,,,,,,,,,,98,98,98,1,,,,,20,7,,,,,,,,,,,,,,,
2019,254,E945444,262,07/25/2019,13:01,25,7,,33,King,1958,1,0,1,1,2,1,0,10,2,,,,12,0,6,15.5,1,0,1,3,2,1,3,0,0,0,0,SR-99,,-122.2962722,47.44646111,0,1,98,10,2,40,4,0,0,1,7,12,1,1,2,1,1,1,2,53,0,34,34,2001,0,0,68,12,,,,,1,1,49,2,0,,3,0,3,0,11,4,,,,,0,0,0,3,1,28,0,0,0,6,,,,,,0,,,,,,98001,53,64,174,6,1,0,1,0,0,,97,,,,,,0,07/15/2015,07/15/2015,1,0,0,0,8,9,8,,,0,0,0,8,0,8,95,,,96,,,8,95,995,,,,,,,,,,,,,,,,,,,,,,,,,,,,,,0,0,0,0,0,0,0,0,0,0,0,0,0,0,0,0,1,0,0,0,0,0,0,0,0,0,0,0,0,1,0,0,0,0,0,,0,0,0,0,0,0,0,0,1,0,0,0,0,0,0,0,,,,,,46-50,46-55,State route,U,Thursday,Belt Used,PV,Not Fatal,0,1,1,0,State Route,Municipal/City Police,SeaTac Police Department,0,1,0,0,0,,,,,,0,0,0,,,,,,,,,,,98,98,98,0,,,,,20,7,,,,,,,,,,,,,,,
2019,254,E945444,262,07/25/2019,13:01,25,7,,33,King,1958,1,0,1,1,2,1,0,10,2,,,,12,0,6,15.5,1,0,1,3,2,1,3,0,0,0,0,SR-99,,-122.2962722,47.44646111,0,2,98,62,4,40,55,0,0,1,7,1,1,1,2,1,1,9,3,29,3,12,870,2019,0,0,12,1,,,,,1,1,39,1,0,,1,0,3,0,11,8,,,,,6,0,0,3,1,0,0,0,0,96,,,,,,0,,,,,,98188,53,75,214,6,1,0,0,0,0,,0,,,,,,0,,,20,0,0,0,8,9,8,,,0,0,0,8,0,8,95,,,96,,,8,95,995,,,,,,,,,,,,,,,,,,,,,,,,,,,,,,0,0,0,0,0,0,0,0,0,0,0,0,0,0,0,0,1,0,0,0,0,0,0,0,0,0,0,0,0,1,0,0,0,0,0,,0,0,0,0,0,0,0,0,0,0,0,0,0,0,0,0,,,,,,36-40,36-45,State route,U,Thursday,,BUS,Not Fatal,0,1,1,0,State Route,Municipal/City Police,SeaTac Police Department,0,1,0,0,0,,,,,,0,0,0,,,,,,,,,,,98,98,98,0,,,,,20,7,,,,,,,,,,,,,,,
2019,255,E945534,247,07/22/2019,21:05,22,7,,33,King,1820,1,0,3,1,2,1,0,1,1,,,,1,0,0,0,1,0,1,7,2,4,6,0,0,0,0,BEAR CREEK PKWY,,-122.1232444,47.66871944,0,1,6,6,1,30,80,0,0,1,7,1,2,1,2,1,6,1,1,32,0,53,705,2006,0,0,68,64,1,,,,1,1,22,1,7,,4,0,20,7,11,8,07/23/2019,14:00,1.96E+11,34071,0,0,0,3,1,0,0,0,0,96,,,,,,99,,,,,,98052,53,72,145,6,1,0,0,0,2,,0,,,,,,0,12/15/2014,03/15/2015,20,8,0,0,0,9,8,,,0,0,0,8,9,8,95,,,96,,,8,95,995,,,,,,,,,,,,,,,,,,,,,,,,,,,,,,0,0,1,0,0,0,0,0,0,0,0,0,0,0,0,0,0,0,0,0,0,0,0,1,1,0,0,0,1,0,0,0,0,0,1,0,0,0,0,0,0,0,0,0,0,0,0,0,0,0,0,0,,,,,,21-25,16-25,City street,U,Monday,,MC,White,0,1,0,0,City Street,Municipal/City Police,Redmond Police Department,1,0,0,1,0,,,,,,0,0,0,,,,,,,,,,,0,0,0,1,,,,,19,0,,,,,,,,,,,,,,,
2019,257,E945674,42,07/28/2019,6:10,28,7,,67,Thurston,0,1,0,4,1,2,1,0,1,1,,,,1,0,0,0.2,1,0,1,7,2,2,4,0,0,0,0,CR-VANTINE RD SE,,-122.8201,46.86505833,0,1,1,6,1,25,90,0,0,1,7,1,3,1,2,1,14,1,2,53,0,53,734,2018,0,0,63,1,,,,,1,1,45,1,7,,4,7,20,7,11,0,07/28/2019,6:26,53034223,34223,0,0,0,1,1,0,0,0,0,96,,,,,,99,,,,,,98576,53,76,320,6,1,0,0,0,0,,0,,,,,,4,,,20,1,9,0,0,9,8,,,0,0,0,8,1,2,996,,,1,,,2,1,0.22,,,,,,,,,,,,,,,,,,,,,,,,,,,,,,0,0,1,0,1,1,1,1,0,0,0,0,1,0,0,0,0,0,0,0,0,0,0,0,0,0,0,0,0,0,0,0,0,0,0,,0,0,0,0,0,1,1,1,0,1,0,0,0,0,0,1,,,,,,41-45,36-45,County road,U,Sunday,,OTHVT,White,0,1,0,0,County Road,County Sheriff,Thurston County Sheriff's Office,1,0,1,0,0,,,,,,0,0,0,,,,,,,,,,,0,0,0,1,,,,,17,7,,,,,,,,,,,,,,,
2019,258,E945795,305,07/26/2019,23:44,26,7,,11,Clark,2370,1,0,2,1,2,2,0,4,3,,,,12,0,6,0,2,0,3,7,2,4,6,0,0,20,3,NE 18TH ST,NE 187TH AVE,-122.4810639,45.63583333,0,3,82,66,4,40,14,0,0,1,7,12,8,8,2,1,11,2,1,53,0,34,401,2005,0,0,12,,,,,,1,1,50,2,7,,4,7,20,7,11,0,07/26/2019,23:44,2.37E+11,33582,0,0,0,3,1,0,0,0,0,92,,,,,,99,,,,,,98607,53,67,100,6,1,0,0,0,0,,0,,,,,,0,,,2,0,0,0,0,9,8,,,0,0,0,8,9,2,1,,,1,,,2,1,0,,,,,,,,,,,,,,,,,,,,,,,,,,,,,,0,0,0,1,1,0,0,0,0,0,0,0,1,0,0,0,1,0,0,1,0,0,0,1,1,0,0,0,1,1,0,0,0,1,0,,1,0,0,0,0,0,0,0,1,0,0,0,0,0,0,0,,,,,,46-50,46-55,City street,U,Friday,Not Used,PV,White,1,0,0,0,City Street,Municipal/City Police,Vancouver Police Department,0,0,0,1,0,,,,,,0,0,0,,,,,,,,,,,98,98,98,1,,,,,20,7,,,,,,,,,,,,,,,
2019,258,E945795,305,07/26/2019,23:44,26,7,,11,Clark,2370,1,0,2,1,2,2,0,4,3,,,,12,0,6,0,2,0,3,7,2,4,6,0,0,0,0,NE 18TH ST,NE 187TH AVE,-122.4810639,45.63583333,0,1,83,67,4,40,80,0,0,1,2,12,1,1,2,1,1,1,1,53,0,73,706,2017,0,0,12,,,,,,1,1,23,1,7,,4,7,20,7,11,0,07/26/2019,23:44,2.37E+11,33560,0,0,0,3,1,0,0,0,0,96,,,,,,99,,,,,,98682,53,73,135,6,1,0,2,2,1,,0,,,,,,3,02/15/2016,06/15/2019,20,8,0,0,0,9,8,,,0,0,0,8,1,2,1,,,1,,,2,1,0.026,,,,,,,,,,,,,,,,,,,,,,,,,,,,,,0,0,0,1,1,0,0,0,0,0,0,0,1,0,0,0,1,0,0,1,0,0,0,1,1,0,0,0,1,1,0,0,0,0,1,0,0,0,0,0,1,0,0,0,0,1,0,0,1,0,0,1,,,,,,21-25,16-25,City street,U,Friday,,MC,White,1,0,0,0,City Street,Municipal/City Police,Vancouver Police Department,0,0,0,1,0,,,,,,0,0,0,,,,,,,,,,,0,0,0,1,,,,,19,0,,,,,,,,,,,,,,,
2019,258,E945795,305,07/26/2019,23:44,26,7,,11,Clark,2370,1,0,2,1,2,2,0,4,3,,,,12,0,6,0,2,0,3,7,2,4,6,0,0,0,0,NE 18TH ST,NE 187TH AVE,-122.4810639,45.63583333,0,2,98,98,7,40,80,0,0,1,7,1,1,1,2,1,1,1,2,53,0,73,705,2008,0,0,1,,,,,,1,1,23,1,0,,3,0,20,7,11,4,,,,,6,0,3,3,1,0,0,0,0,92,,,,,,99,,,,,,98682,53,75,150,6,1,0,0,0,1,,0,,,,,,3,04/15/2016,04/15/2016,20,8,0,0,8,9,8,,,0,0,0,8,1,2,1,,,1,,,2,1,0.052,,,,,,,,,,,,,,,,,,,,,,,,,,,,,,0,0,0,1,1,0,0,0,0,0,0,0,1,0,0,0,1,0,0,1,0,0,0,1,1,0,0,0,1,1,0,0,0,0,0,0,0,0,0,0,1,0,0,0,1,1,0,0,1,0,0,1,,,,,,21-25,16-25,City street,U,Friday,,MC,Not Fatal,1,0,0,0,City Street,Municipal/City Police,Vancouver Police Department,0,0,0,1,0,,,,,,0,0,0,,,,,,,,,,,0,0,0,0,,,,,19,0,,,,,,,,,,,,,,,
2019,259,E945822,242,07/30/2019,1:25,30,7,,53,Pierce,1770,1,0,3,1,2,1,0,4,1,,,,42,0,0,0,1,0,1,7,2,4,6,0,0,0,0,W STEWART,,-122.3209528,47.19736111,0,1,98,6,1,35,4,0,0,1,7,42,1,1,2,1,1,4,2,53,0,37,31,2011,0,0,79,42,,,,,1,1,16,1,1,,4,0,3,0,11,5,07/30/2019,4:50,2.23E+11,33923,0,0,2,3,1,73,0,0,0,96,,,,,,99,,,,,,98375,53,68,165,6,2,0,0,0,0,,0,,,,,,4,,,8,0,0,1,0,9,8,,,0,0,0,8,9,2,1,,,1,,,2,1,0.096,,,,,,,,,,,,,,,,,,,,,,,,,,,,,,0,0,0,0,1,1,0,1,0,0,0,0,1,0,0,0,0,0,0,0,1,0,1,0,1,0,0,0,0,1,0,0,0,0,0,,1,0,0,0,0,1,0,1,0,1,0,0,0,1,0,1,,,,,,16-17,16-25,City street,U,Tuesday,Belt Used,PV,Hispanic,0,1,0,0,City Street,Municipal/City Police,Puyallup Police Department,1,0,0,1,0,,,,,,0,0,0,,,,,,,,,,,98,98,98,1,,,,,20,7,,,,,,,,,,,,,,,
2019,260,E945943,5,07/23/2019,15:12,23,7,,15,Cowlitz,0,1,0,1,1,2,1,0,1,1,,,,24,0,0,54.6,1,0,1,3,1,1,3,0,0,0,0,SR-4,,-123.0389861,46.17944722,0,1,7,13,2,55,80,0,0,1,2,24,3,1,2,1,14,1,1,6,0,34,706,1996,0,0,63,69,68,64,24,,1,1,67,1,7,,4,7,20,7,11,0,07/23/2019,15:12,53033287,33287,0,0,3,3,1,0,0,0,0,96,,,,,,9,,,,,,98601,53,69,162,6,1,0,0,0,0,,0,,,,,,4,,,20,8,0,0,0,9,8,,,0,0,0,8,1,2,189,,,1,,,2,1,0.134,,,,,,,,,,,,,,,,,,,,,,,,,,,,,,0,0,0,0,1,1,1,1,0,0,0,0,1,0,0,0,0,0,0,0,0,0,0,0,0,1,0,0,1,0,0,0,0,0,1,0,0,0,0,0,0,1,1,1,0,1,0,0,0,0,0,1,,,,,,66-70,66-75,State route,R,Tuesday,,MC,White,0,1,0,0,State Route,State Patrol,Washington State Patrol,1,1,0,0,0,,,,,,0,0,0,,,,,,,,,,,0,0,0,1,,,,,5,0,,,,,,,,,,,,,,,
2019,261,E946041,8,07/24/2019,14:52,24,7,,49,Pacific,0,1,0,1,1,2,1,0,1,1,,,,24,0,0,45.4,1,0,1,3,1,1,2,0,0,0,0,US-101,,-123.9195111,46.65268056,0,1,1,6,1,55,80,0,0,1,2,24,3,2,2,1,14,1,1,53,0,76,705,1992,0,0,63,24,,,,,1,1,44,1,7,,4,7,20,7,11,0,07/24/2019,14:52,53033067,33067,0,0,0,3,1,0,0,0,0,96,,,,,,99,,,,,,98586,53,69,185,6,1,0,0,0,0,,0,,,,,,4,02/15/2016,02/15/2016,20,8,0,0,0,9,8,,,0,0,0,8,9,2,1,,,1,,,2,1,0.29,,,,,,,,,,,,,,,,,,,,,,,,,,,,,,0,0,1,0,1,1,0,1,0,0,0,0,1,0,0,0,0,0,0,0,0,0,0,0,0,0,0,0,1,0,0,0,0,0,1,0,0,0,0,0,0,1,0,1,0,1,0,0,0,1,0,1,,,,,,41-45,36-45,US highway,R,Wednesday,,MC,White,0,1,0,0,State Route,State Patrol,WASHINGTON STATE PATROL,1,1,0,0,0,,,,,,0,0,1,,,,,,,,,,,0,0,0,1,,,,,5,0,,,,,,,,,,,,,,,
2019,266,E946448,248,08/03/2019,0:17,3,8,,33,King,1830,1,0,3,1,2,1,0,3,2,,,,12,0,1,24.6,8,0,1,3,2,1,3,0,0,0,0,SR-169,,-122.1867444,47.47766389,0,2,29,53,3,40,80,0,0,1,7,12,1,1,2,1,2,1,1,53,0,76,705,2007,0,0,12,,,,,,1,1,64,1,7,,4,7,20,7,11,0,08/03/2019,0:17,1.83E+11,34978,0,0,3,3,1,0,0,0,0,96,,,,,,0,,,,,,98042,53,69,170,6,1,0,1,1,0,,0,,,,,,0,04/15/2015,07/15/2018,20,8,0,0,0,9,8,,,0,0,0,8,0,2,401,417,,1,1,,2,1,0,,,,,,,,,,,,,,,,,,,,,,,,,,,,,,0,0,0,0,1,1,1,1,0,0,0,0,0,0,0,0,0,0,0,0,0,0,0,0,0,0,0,0,1,1,0,0,0,0,1,0,0,0,0,0,0,0,1,1,0,0,0,0,0,0,1,0,,,,,,61-65,56-65,State route,U,Saturday,,MC,White,0,0,0,0,State Route,Municipal/City Police,Renton Police Department,0,1,0,0,0,,,,,,0,0,0,,,,,,,,,,,0,0,0,1,,,,,19,0,,,,,,,,,,,,,,,
2019,266,E946448,248,08/03/2019,0:17,3,8,,33,King,1830,1,0,3,1,2,1,0,3,2,,,,12,0,1,24.6,8,0,1,3,2,1,3,0,0,0,0,SR-169,,-122.1867444,47.47766389,0,1,28,52,3,40,4,0,0,1,7,12,1,1,2,1,1,2,1,53,0,55,35,2013,0,0,12,,,,,,1,1,34,1,0,,0,0,3,0,11,0,,,,,0,0,0,3,1,0,0,0,0,96,,,,,,9,,,,,,98057,53,66,170,6,1,0,0,1,0,,97,,,,,,0,01/15/2018,01/15/2018,20,0,0,0,8,9,8,,,0,0,0,8,1,2,1,,,1,,,2,1,0.17,,,,,,,,,,,,,,,,,,,,,,,,,,,,,,0,0,0,0,1,1,1,1,0,0,0,0,0,0,0,0,0,0,0,0,0,0,0,0,0,0,0,0,1,1,0,0,0,0,0,,0,0,0,0,0,1,0,1,0,0,0,0,0,1,0,1,,,,,,31-35,26-35,State route,U,Saturday,Belt Used,PV,Not Fatal,0,0,0,0,State Route,Municipal/City Police,Renton Police Department,0,1,0,0,0,,,,,,0,0,0,,,,,,,,,,,98,98,98,0,,,,,20,7,,,,,,,,,,,,,,,
2019,267,E946872,3,08/03/2019,18:12,3,8,,53,Pierce,2230,1,0,1,1,2,1,0,4,3,,,,12,0,98,0.1,1,0,1,1,2,1,1,0,0,0,0,I-5,,-122.4269722,47.23494722,0,3,98,62,4,60,4,0,0,1,2,12,1,1,4,3,1,2,1,53,0,12,37,2017,0,0,12,,,,,,1,1,64,1,0,,0,0,3,0,11,0,,,,,0,0,0,3,1,0,0,0,0,96,,,,,,0,,,,,,98001,53,71,246,6,1,0,0,1,0,,0,,,,,,0,10/15/2018,10/15/2018,1,0,0,0,8,9,8,,,0,0,0,8,0,8,95,,,96,,,8,95,995,,,,,,,,,,,,,,,,,,,,,,,,,,,,,,0,0,0,0,1,1,0,1,0,0,0,0,0,0,0,0,0,0,0,0,0,0,0,1,1,0,0,0,1,1,0,0,0,0,0,,0,0,0,0,0,0,0,0,0,0,0,0,0,0,0,0,,,,,,61-65,56-65,Interstate,U,Saturday,Belt Used,PV,Not Fatal,0,0,0,0,State Route,State Patrol,Washington State Patrol,0,1,0,0,0,,,,,,0,0,0,,,,,,,,,,,98,98,98,0,,,,,20,7,,,,,,,,,,,,,,,
2019,267,E946872,3,08/03/2019,18:12,3,8,,53,Pierce,2230,1,0,1,1,2,1,0,4,3,,,,12,0,98,0.1,1,0,1,1,2,1,1,0,0,0,0,I-5,,-122.4269722,47.23494722,0,1,98,12,2,60,20,0,0,1,2,12,1,1,2,2,15,1,2,53,0,12,442,2002,0,0,64,12,69,12,64,24,1,1,62,2,0,,0,0,3,0,11,0,,,,,0,0,0,3,1,91,0,0,0,96,,,,,,9,,,,,,98406,53,66,150,6,1,0,0,0,0,,1,11,,,,,0,,,1,0,0,0,8,9,8,,,0,0,0,8,1,2,1,,,1,,,2,1,0.13,,,,,,,,,,,,,,,,,,,,,,,,,,,,,,0,0,0,0,1,1,0,1,0,0,0,0,0,0,0,0,0,0,0,0,0,0,0,1,1,0,0,0,1,1,0,0,0,0,0,,0,0,0,0,0,1,0,1,0,0,0,0,0,1,0,1,,,,,,61-65,56-65,Interstate,U,Saturday,Belt Used,PV,Not Fatal,0,0,0,0,State Route,State Patrol,Washington State Patrol,0,1,0,0,0,,,,,,0,0,0,,,,,,,,,,,98,98,98,0,,,,,20,7,,,,,,,,,,,,,,,
2019,267,E946872,3,08/03/2019,18:12,3,8,,53,Pierce,2230,1,0,1,1,2,1,0,4,3,,,,12,0,98,0.1,1,0,1,1,2,1,1,0,0,0,0,I-5,,-122.4269722,47.23494722,0,2,98,98,7,60,80,0,0,1,2,12,1,1,2,2,98,1,1,53,0,53,705,2005,0,0,12,,,,,,1,1,24,1,7,,4,7,20,7,11,0,08/03/2019,18:12,2.23E+11,34731,0,0,0,3,1,0,0,0,0,0,,,,,,99,,,,,,98409,53,70,190,6,1,0,0,0,2,,0,,,,,,0,08/15/2015,10/15/2015,20,8,0,0,0,9,8,,,0,0,0,8,9,2,1,,,1,,,2,1,0,,,,,,,,,,,,,,,,,,,,,,,,,,,,,,0,0,0,0,1,1,0,1,0,0,0,0,0,0,0,0,0,0,0,0,0,0,0,1,1,0,0,0,1,1,0,0,0,0,1,0,0,0,0,0,0,0,0,0,0,0,0,0,0,0,0,0,,,,,,21-25,16-25,Interstate,U,Saturday,,MC,Black,0,0,0,0,State Route,State Patrol,Washington State Patrol,0,1,0,0,0,,,,,,0,0,0,,,,,,,,,,,0,0,0,2,,,,,5,0,,,,,,,,,,,,,,,