year,case,par,repjur,crash_dt,crash_tm,accday,accmon,holiday,county,co_char,city,weather,weather2,lightcond,surfcond,surftype,numfatal,nmforms,pforms,vforms,not_tm,arr_tm,hosp_tm,fhevent,hitrun,manncol,milepnt,reljunc,reljuncinter,intersectiontype,funcsystem,landuse,ownership,route,schlbus,spejur,contdev,devfunc,trafid1,trafid2,x,y,wk_zone,vnumber,crashtype,criticalevent,criticaleventcat,spdlim,body,trailer,emerg,hazcargo,leave,mhevent,roadalgn,roadprof,traflane,trafflow,vehmanvr,numoccs,regowner,regstate,spuse,make,model,modelyr,vrf1,vrf2,seqevent1,seqevent2,seqevent3,seqevent4,seqevent5,seqevent6,pnumber,ptype,age,sex,hispanic,race,injury,diedscene,restraint,restraintmisuse,seatpos,takehosp,death_dt,death_tm,cert,cernum_wa,commlic,licendor,licrestrict,liccomp,drivpres,drf1,drf2,drf3,drf4,distract1,distract2,distract3,distract4,distract5,distract6,dricond1,dricond2,dricond3,dricond4,dricond5,dricond6,dzip,licstate,drhgt_in,weight,noncdl,noncdltype,prevdwi,prevoth,prevacc,prevspd,prevsus,driviol1,driviol2,driviol3,driviol4,driviol5,driviol6,spdrel,first_dt,last_dt,airbag,ejection,ejectpath,extricat,injurwrk,methalc,methdrug,nmlocat,strikveh,prf1,prf2,prf3,druginv,alcinvol,drugsts,drugres1,drugres2,drugres3,drugtst1,drugtst2,drugtst3,alcsts,alctst,alcres,nmact1,nmact2,nmact3,nmact4,nmact5,nmact6,nmprior1,nmprior2,nmprior3,nmprior4,nmprior5,nmprior6,nmcond1,nmcond2,nmcond3,nmcond4,nmcond5,nmcond6,nmsafe_helmet,nmsafe_pads,nmsafe_oth,nmprev_ref,nmprev_lgt,nmprev_oth,crashlocation,nmcrashtype,crosswalk,schoolzone,sidewalk,train_inv,wildlife_inv,rotr_fars,intersect_fars,dd_inv,aid_inv,dpd_inv,id_inv,mj_inv,impnm_inv,ainm_inv,dpnm_inv,speed_inv,unlic_inv,unendmc_inv,drowsy_inv,drdist_inv,nmdist_inv,fty_inv,unrestfat_inv,dr1617_inv,dr1820_inv,dr1620_inv,dr2125_inv,dr1625_inv,dr65_inv,dr70_inv,dr75_inv,mc_inv,pv_inv,ht_inv,ped_inv,bike_inv,unrest_fat,mc_fat,unhelmet_mc,pv_fat,ht_fat,ped_fat,bike_fat,dr_alc7,dr_alc8,dr_drug,dr_imp,dr_dist,dr_spd,dr_fty,dr_unlic,dr_alc7only,dr_alc8only,dr_drugonly,dr_drink,nm_imp,nm_alc7,nm_alc8,nm_drug,nm_dist,agegrp1,agegrp2,roadclass,urbrur,dayweek,restuse,vehtype,race_me,intersect,lanedep,oppdir,wrongway,rep_typ,investag,repag_long,rotr,st_rd,cty_rd,city_rd,oth_rd,drug_thc,thc_res,drug_cthc,cthc_res,drug_cann,prevpersemin,prevperse,prevsusoth,drugtst4,drugtst5,drugtst6,drugtst7,drugtst8,drugres4,drugres5,drugres6,drugres7,drugres8,adspresent,adsengaged,adslevel,race1,race2,race3,race4,race5,helmet,helmetmisuse,nmdistract1,nmdistract2,nmdistract3,nmdistract4,nmdistract5,nmdistract6,lab,isedtcase,crf1,crf2,crf3,CoRoadName,CoMP,IntCoRoadName,IntCoMP
2019,268,E946931,1,08/01/2019,18:53,1,8,,5,Benton,0,1,0,1,1,2,1,0,2,2,,,,12,0,2,180.2,1,0,1,4,1,1,3,0,0,0,0,SR-14,,-119.3449639,45.94404167,0,1,51,62,4,55,80,0,0,1,2,12,1,1,2,1,1,1,1,41,0,72,706,2004,0,0,12,,,,,,1,1,55,1,7,,4,7,20,7,11,0,08/01/2019,18:53,53034210,34210,0,0,3,3,1,0,0,0,0,96,,,,,,9,,,,,,97875,41,70,150,6,1,0,0,0,0,,0,,,,,,0,,,20,8,0,0,0,9,8,,,0,0,0,1,9,2,605,695,189,1,1,1,2,1,0,,,,,,,,,,,,,,,,,,,,,,,,,,,,,,0,0,0,0,0,0,1,1,1,0,0,0,0,0,0,0,1,0,0,0,0,0,0,0,0,0,0,0,1,1,0,0,0,0,1,0,0,0,0,0,0,0,1,1,0,0,0,0,0,0,1,0,,,,,,51-55,46-55,State route,R,Thursday,,MC,White,0,0,0,1,State Route,State Patrol,Washington State Patrol,0,1,0,0,0,thc,5.7,carboxy-thc,8,,0,0,0,,,,,,,,,,,0,0,0,1,,,,,5,0,,,,,,,wa nm,,,,,,,,
2019,268,E946931,1,08/01/2019,18:53,1,8,,5,Benton,0,1,0,1,1,2,1,0,2,2,,,,12,0,2,180.2,1,0,1,4,1,1,3,0,0,0,0,SR-14,,-119.3449639,45.94404167,0,2,50,10,2,55,4,0,0,1,2,12,1,1,2,1,1,1,1,41,0,37,32,2014,0,0,68,12,,,,,1,1,41,1,0,,2,0,3,0,11,4,,,,,0,0,0,3,1,28,0,0,0,92,,,,,,0,,,,,,99336,53,66,163,6,1,0,0,0,1,,97,,,,,,0,08/15/2019,08/15/2019,8,0,0,0,8,9,8,,,0,0,0,8,0,2,1,,,1,,,2,1,0,,,,,,,,,,,,,,,,,,,,,,,,,,,,,,0,0,0,0,0,0,1,1,1,0,0,0,0,0,0,0,1,0,0,0,0,0,0,0,0,0,0,0,1,1,0,0,0,0,0,,0,0,0,0,0,0,0,0,1,0,0,0,0,0,0,0,,,,,,41-45,36-45,State route,R,Thursday,Belt Used,PV,Not Fatal,0,0,0,1,State Route,State Patrol,Washington State Patrol,0,1,0,0,0,,,,,,0,0,0,,,,,,,,,,,98,98,98,0,,,,,20,7,,,,,,,,,,,,,,,
2019,269,E946977,305,08/02/2019,13:55,2,8,,11,Clark,2370,1,0,1,1,2,1,0,6,5,,,,12,0,1,0.3,3,1,2,3,2,1,1,0,0,3,3,I-205 RAMP LX03111,FOURTH PLAIN BLVD,-122.5755111,45.65748889,0,5,98,98,7,35,14,0,0,1,7,12,1,2,5,1,5,1,3,53,0,49,402,2019,0,0,12,,,,,,1,1,41,2,0,,0,0,3,0,11,0,,,,,0,0,3,3,1,0,0,0,0,0,,,,,,0,,,,,,97213,41,64,179,6,1,0,0,0,0,,0,,,,,,0,,,20,0,0,0,8,9,8,,,0,0,0,8,0,8,95,,,96,,,8,95,995,,,,,,,,,,,,,,,,,,,,,,,,,,,,,,0,0,0,1,0,0,0,0,0,0,0,0,0,0,0,0,0,0,0,0,0,1,1,0,1,1,1,1,1,1,0,0,0,0,0,,0,0,0,0,0,0,0,0,0,0,0,0,0,0,0,0,,,,,,41-45,36-45,Interstate,U,Friday,Belt Used,PV,Not Fatal,1,0,0,0,State Route,Municipal/City Police,Vancouver Police Department,0,1,0,0,0,,,,,,0,0,0,,,,,,,,,,,98,98,98,0,,,,,20,7,,,,,,,,,,,,,,,
2019,269,E946977,305,08/02/2019,13:55,2,8,,11,Clark,2370,1,0,1,1,2,1,0,6,5,,,,12,0,1,0.3,3,1,2,3,2,1,1,0,0,3,3,I-205 RAMP LX03111,FOURTH PLAIN BLVD,-122.5755111,45.65748889,0,1,20,50,3,35,4,0,0,1,7,12,1,2,5,1,1,1,1,53,0,49,40,2010,0,0,12,,,,,,1,1,60,2,0,,0,0,3,0,11,0,,,,,0,0,3,3,1,26,91,0,0,96,,,,,,9,,,,,,98604,53,68,160,6,1,0,0,4,0,,1,11,,,,,0,10/15/2015,11/15/2018,20,0,0,0,8,9,2,,,0,0,0,1,0,2,1,,,1,,,2,1,0,,,,,,,,,,,,,,,,,,,,,,,,,,,,,,0,0,0,1,0,0,0,0,0,0,0,0,0,0,0,0,0,0,0,0,0,1,1,0,1,1,1,1,1,1,0,0,0,0,0,,0,0,0,0,0,0,0,0,0,0,0,0,0,0,0,0,,,,,,56-60,56-65,Interstate,U,Friday,Belt Used,PV,Not Fatal,1,0,0,0,State Route,Municipal/City Police,Vancouver Police Department,0,1,0,0,0,,,,,,0,0,0,,,,,,,,,,,98,98,98,0,,,,,20,7,,,,,,,,,,,,,,,
2019,269,E946977,305,08/02/2019,13:55,2,8,,11,Clark,2370,1,0,1,1,2,1,0,6,5,,,,12,0,1,0.3,3,1,2,3,2,1,1,0,0,3,3,I-205 RAMP LX03111,FOURTH PLAIN BLVD,-122.5755111,45.65748889,0,4,98,98,7,35,34,0,0,1,5,12,1,2,5,1,5,2,1,53,0,12,471,2003,0,0,12,,,,,,1,1,80,1,0,,0,0,3,0,11,0,,,,,0,0,3,3,1,0,0,0,0,0,,,,,,0,,,,,,98662,53,72,190,6,1,0,0,0,0,,0,,,,,,0,,,20,0,0,0,8,9,8,,,0,0,0,8,0,8,95,,,96,,,8,95,995,,,,,,,,,,,,,,,,,,,,,,,,,,,,,,0,0,0,1,0,0,0,0,0,0,0,0,0,0,0,0,0,0,0,0,0,1,1,0,1,1,1,1,1,1,0,0,0,0,0,,0,0,0,0,0,0,0,0,0,0,0,0,0,0,0,0,,,,,,76-80,76+,Interstate,U,Friday,Belt Used,PV,Not Fatal,1,0,0,0,State Route,Municipal/City Police,Vancouver Police Department,0,1,0,0,0,,,,,,0,0,0,,,,,,,,,,,98,98,98,0,,,,,20,7,,,,,,,,,,,,,,,
2019,269,E946977,305,08/02/2019,13:55,2,8,,11,Clark,2370,1,0,1,1,2,1,0,6,5,,,,12,0,1,0.3,3,1,2,3,2,1,1,0,0,3,3,I-205 RAMP LX03111,FOURTH PLAIN BLVD,-122.5755111,45.65748889,0,2,21,53,3,35,80,0,0,1,7,12,1,2,5,1,5,1,1,53,0,37,703,2012,0,0,12,12,,,,,1,1,20,1,99,,4,7,20,7,11,0,08/02/2019,13:55,2.37E+11,34893,0,0,0,3,1,0,0,0,0,0,,,,,,99,,,,,,98682,53,71,230,6,1,0,1,2,0,,0,,,,,,0,08/15/2016,03/15/2018,20,8,0,0,0,9,8,,,0,0,0,8,9,2,1,,,1,,,2,1,0,,,,,,,,,,,,,,,,,,,,,,,,,,,,,,0,0,0,1,0,0,0,0,0,0,0,0,0,0,0,0,0,0,0,0,0,1,1,0,1,1,1,1,1,1,0,0,0,0,1,0,0,0,0,0,0,0,0,0,0,0,0,0,0,0,0,0,,,,,,18-20,16-25,Interstate,U,Friday,,MC,Oth/Unk,1,0,0,0,State Route,Municipal/City Police,Vancouver Police Department,0,1,0,0,0,,,,,,0,0,0,,,,,,,,,,,0,0,0,99,,,,,19,0,,,,,,,,,,,,,,,
2019,269,E946977,305,08/02/2019,13:55,2,8,,11,Clark,2370,1,0,1,1,2,1,0,6,5,,,,12,0,1,0.3,3,1,2,3,2,1,1,0,0,3,3,I-205 RAMP LX03111,FOURTH PLAIN BLVD,-122.5755111,45.65748889,0,3,98,98,7,35,34,0,0,1,7,12,1,2,5,1,5,1,1,53,0,35,472,2008,0,0,12,12,12,,,,1,1,68,1,0,,1,0,3,0,11,8,,,,,0,0,3,3,1,0,0,0,0,0,,,,,,0,,,,,,98683,53,64,170,6,1,0,0,0,0,,0,,,,,,0,,,1,0,0,0,8,9,8,,,0,0,0,8,0,8,95,,,96,,,8,95,995,,,,,,,,,,,,,,,,,,,,,,,,,,,,,,0,0,0,1,0,0,0,0,0,0,0,0,0,0,0,0,0,0,0,0,0,1,1,0,1,1,1,1,1,1,0,0,0,0,0,,0,0,0,0,0,0,0,0,0,0,0,0,0,0,0,0,,,,,,66-70,66-75,Interstate,U,Friday,Belt Used,PV,Not Fatal,1,0,0,0,State Route,Municipal/City Police,Vancouver Police Department,0,1,0,0,0,,,,,,0,0,0,,,,,,,,,,,98,98,98,0,,,,,20,7,,,,,,,,,,,,,,,
2019,270,E947144,2,07/25/2019,14:54,25,7,,73,Whatcom,740,1,0,1,1,1,1,0,1,1,,,,42,0,0,264.8,1,0,1,1,2,1,1,0,0,0,0,I-5,,-122.5890889,48.87705556,0,1,1,8,1,70,4,0,0,1,2,1,1,1,2,3,15,1,1,53,0,49,40,2002,0,0,63,42,67,1,42,,1,1,60,1,7,,4,7,3,0,11,0,07/25/2019,14:54,74053033880,33880,6,0,0,3,1,38,0,0,0,93,,,,,,99,,,,,,98248,53,74,200,6,1,1,1,2,0,,0,,,,,,0,08/15/2014,06/15/2016,1,0,0,0,0,9,8,,,0,0,0,8,0,2,605,695,,1,1,,2,1,0,,,,,,,,,,,,,,,,,,,,,,,,,,,,,,0,0,1,0,0,0,1,1,1,0,0,0,0,0,0,0,1,0,1,0,0,0,0,0,0,0,0,0,0,1,0,0,0,0,0,,1,0,0,0,0,0,1,1,1,0,1,0,0,0,1,0,,,,,,56-60,56-65,Interstate,U,Thursday,Belt Used,PV,Multiracial,0,1,0,0,State Route,State Patrol,Washington State Patrol,1,1,0,0,0,thc,17,carboxy-thc,14,,0,1,0,,,,,,,,,,,98,98,98,201,298,,,,20,7,,,,,,,,,,,,,,,
2019,271,E947666,8,08/03/2019,11:57,3,8,,31,Jefferson,0,1,0,1,1,2,2,0,2,2,,,,12,0,2,313.1,1,0,1,3,1,1,2,0,0,0,0,US-101,,-122.9839389,47.61368611,0,2,51,62,4,50,80,0,0,1,2,12,3,2,2,1,14,1,1,53,0,37,706,2005,0,0,12,,,,,,1,1,65,1,7,,4,7,20,7,11,0,08/03/2019,11:57,53034848,34848,0,0,0,3,1,0,0,0,0,96,,,,,,99,,,,,,98375,53,75,220,6,1,0,0,0,0,,0,,,,,,0,,,20,8,0,0,0,9,8,,,0,0,0,8,9,8,95,,,96,,,8,95,995,,,,,,,,,,,,,,,,,,,,,,,,,,,,,,0,0,0,0,0,0,0,0,0,0,0,0,0,0,0,0,0,0,0,0,0,0,0,0,0,1,1,0,1,0,0,0,0,0,1,0,0,0,0,0,0,0,0,0,0,0,0,0,0,0,0,0,,,,,,61-65,56-65,US highway,R,Saturday,,MC,White,0,1,1,0,State Route,State Patrol,Washington State Patrol,0,1,0,0,0,,,,,,0,0,0,,,,,,,,,,,0,0,0,1,,,,,5,0,,,,,,,,,,,,,,,
2019,271,E947666,8,08/03/2019,11:57,3,8,,31,Jefferson,0,1,0,1,1,2,2,0,2,2,,,,12,0,2,313.1,1,0,1,3,1,1,2,0,0,0,0,US-101,,-122.9839389,47.61368611,0,1,50,10,2,50,80,0,0,1,2,12,2,2,2,1,14,1,1,53,0,72,706,2019,0,0,68,12,,,,,1,1,71,1,7,,4,7,20,7,11,0,08/03/2019,11:57,53035036,35036,0,0,3,3,1,28,0,0,0,96,,,,,,99,,,,,,98501,53,68,225,6,1,0,0,0,0,,0,,,,,,0,,,20,8,0,0,0,9,8,,,0,0,0,8,9,8,95,,,96,,,8,95,995,,,,,,,,,,,,,,,,,,,,,,,,,,,,,,0,0,0,0,0,0,0,0,0,0,0,0,0,0,0,0,0,0,0,0,0,0,0,0,0,1,1,0,1,0,0,0,0,0,1,0,0,0,0,0,0,0,0,0,0,0,0,0,0,0,0,0,,,,,,71-75,66-75,US highway,R,Saturday,,MC,White,0,1,1,0,State Route,State Patrol,Washington State Patrol,0,1,0,0,0,,,,,,0,0,0,,,,,,,,,,,0,0,0,1,,,,,5,0,,,,,,,,,,,,,,,
2019,265,E947668,4,07/10/2019,15:37,10,7,,65,Stevens,0,1,0,1,1,2,1,0,4,2,,,,12,0,2,228.3,1,0,1,3,1,1,2,0,0,0,0,US-395,,-117.8843583,48.46324722,0,1,50,10,2,60,14,0,0,1,7,12,1,1,2,1,1,3,1,53,0,18,401,2004,0,0,68,12,,,,,1,1,24,1,0,,2,0,3,0,11,4,,,,,0,0,0,3,1,28,0,0,0,0,,,,,,2,,,,,,99013,53,73,350,6,1,0,3,0,13,,2,,,,,,0,10/15/2015,05/15/2019,8,0,0,0,8,9,8,,,0,0,0,8,0,8,95,,,96,,,8,95,995,,,,,,,,,,,,,,,,,,,,,,,,,,,,,,0,0,0,0,0,0,0,0,0,0,0,0,0,0,0,1,0,0,0,0,0,0,0,1,1,1,1,1,0,1,0,0,0,0,0,,0,0,0,0,0,0,0,0,0,0,0,0,0,0,0,0,,,,,,21-25,16-25,US highway,R,Wednesday,Belt Used,PV,Not Fatal,0,1,1,0,State Route,State Patrol,Washington State Patrol,0,1,0,0,0,,,,,,0,0,0,,,,,,,,,,,98,98,98,0,,,,,20,7,,,,,,,,,,,,,,,
2019,265,E947668,4,07/10/2019,15:37,10,7,,65,Stevens,0,1,0,1,1,2,1,0,4,2,,,,12,0,2,228.3,1,0,1,3,1,1,2,0,0,0,0,US-395,,-117.8843583,48.46324722,0,2,51,62,4,60,5,0,0,1,7,12,1,1,2,1,1,1,1,53,0,41,51,2010,0,0,12,,,,,,1,1,81,2,7,,4,7,3,0,11,0,07/10/2019,15:37,53031401,31401,0,0,3,3,1,0,0,0,0,0,,,,,,99,,,,,,99114,53,66,150,6,1,0,1,0,1,,0,,,,,,0,03/15/2016,05/15/2019,1,0,0,0,0,9,8,,,0,0,0,8,0,2,1,,,1,,,2,1,0,,,,,,,,,,,,,,,,,,,,,,,,,,,,,,0,0,0,0,0,0,0,0,0,0,0,0,0,0,0,1,0,0,0,0,0,0,0,1,1,1,1,1,0,1,0,0,0,0,0,,1,0,0,0,0,0,0,0,0,0,0,0,0,0,0,0,,,,,,81+,76+,US highway,R,Wednesday,Belt Used,PV,White,0,1,1,0,State Route,State Patrol,Washington State Patrol,0,1,0,0,0,,,,,,0,0,0,,,,,,,,,,,98,98,98,1,,,,,20,7,,,,,,,,,,,,,,,
2019,525,E947747,339,08/06/2019,11:45,6,8,,63,Spokane,2113,1,0,1,1,2,1,0,1,1,,,,1,0,0,0,1,0,1,4,2,4,6,0,0,0,0,N BOWDISH RD,,-117.2505806,47.66049722,0,1,98,8,1,35,80,0,0,1,5,1,1,1,2,1,1,1,1,53,0,72,706,2008,0,0,1,,,,,,1,1,48,1,1,,4,0,20,7,11,8,08/11/2019,16:45,2.11E+11,35722,0,0,0,3,1,26,0,0,0,93,,,,,,0,,,,,,99206,53,70,160,6,1,0,0,0,1,,58,,,,,,0,06/15/2016,06/15/2016,20,8,0,0,0,9,8,,,0,0,0,8,0,8,95,,,96,,,8,95,995,,,,,,,,,,,,,,,,,,,,,,,,,,,,,,0,0,0,0,0,0,0,0,0,0,0,0,0,0,0,0,1,0,0,0,0,0,0,0,0,0,0,0,1,0,0,0,0,0,1,0,0,0,0,0,0,0,0,0,1,0,0,0,0,0,0,0,,,,,,46-50,46-55,City street,U,Tuesday,,MC,Hispanic,1,0,0,0,City Street,Municipal/City Police,Spokane Valley Police Department,0,0,0,1,0,,,,,,0,0,0,,,,,,,,,,,0,0,0,1,,,,,19,0,,,,,,,,,,,,,,,
2019,272,E948081,297,08/06/2019,20:50,6,8,,33,King,2310,1,0,3,1,2,1,0,2,2,,,,1,0,0,0,1,0,1,7,2,4,6,0,0,0,0,INTERURBAN AVE S,,-122.2527694,47.46861389,0,2,98,62,4,35,4,0,0,1,7,12,3,1,2,2,14,1,1,53,0,34,34,2002,0,0,12,,,,,,1,1,26,1,0,,0,0,3,0,11,0,,,,,0,0,0,3,1,0,0,0,0,96,,,,,,0,,,,,,98023,53,70,180,6,1,0,0,0,0,,0,,,,,,0,,,8,0,0,0,8,9,8,,,0,0,0,8,0,8,95,,,96,,,8,95,995,,,,,,,,,,,,,,,,,,,,,,,,,,,,,,0,0,0,0,1,0,1,1,1,0,0,0,0,0,1,0,0,0,0,0,0,0,0,1,1,0,0,0,1,1,0,0,0,0,0,,0,0,0,0,0,0,0,0,0,0,0,0,0,0,0,0,,,,,,26-30,26-35,City street,U,Tuesday,Belt Used,PV,Not Fatal,0,0,0,0,City Street,Municipal/City Police,Tukwila Police Department,0,0,0,1,0,,,,,,0,0,0,,,,,,,,,,,98,98,98,0,,,,,20,7,,,,,,,,,,,,,,,
2019,272,E948081,297,08/06/2019,20:50,6,8,,33,King,2310,1,0,3,1,2,1,0,2,2,,,,1,0,0,0,1,0,1,7,2,4,6,0,0,0,0,INTERURBAN AVE S,,-122.2527694,47.46861389,0,1,98,8,1,35,80,0,0,1,7,1,2,1,5,5,14,1,1,53,0,37,705,2015,0,0,1,68,41,12,63,39,1,1,21,1,2,,4,7,20,7,11,0,08/06/2019,20:50,2.31E+11,35937,0,0,0,2,1,0,0,0,0,96,,,,,,99,,,,,,98168,53,71,370,6,1,0,0,0,0,,0,,,,,,0,,,20,8,0,0,0,9,8,,,0,0,0,8,9,2,605,,,1,,,2,1,0.045,,,,,,,,,,,,,,,,,,,,,,,,,,,,,,0,0,0,0,1,0,1,1,1,0,0,0,0,0,1,0,0,0,0,0,0,0,0,1,1,0,0,0,1,1,0,0,0,0,1,0,0,0,0,0,1,0,1,1,0,0,0,0,0,0,0,1,,,,,,21-25,16-25,City street,U,Tuesday,,MC,Hispanic,0,0,0,0,City Street,Municipal/City Police,Tukwila Police Department,0,0,0,1,0,thc,560,,,,0,0,0,,,,,,,,,,,0,0,0,1,,,,,19,0,,,,,,,,,,,,,,,
2019,273,E948106,4,08/04/2019,11:49,4,8,,63,Spokane,0,1,0,1,1,2,1,0,5,3,,,,12,0,6,296.4,2,0,2,3,1,1,2,0,0,0,0,US-2,CHATTAROY RD,-117.3540889,47.889375,0,3,98,65,4,60,21,1,0,1,2,1,1,1,3,2,1,2,1,53,0,12,461,2006,0,0,12,64,1,,,,1,1,34,2,0,,2,0,3,0,11,4,,,,,0,0,0,3,1,0,0,0,0,96,,,,,,0,,,,,,98367,53,64,115,6,1,0,0,0,0,,0,,,,,,0,,,20,0,0,0,8,9,8,,,0,0,0,8,0,8,95,,,96,,,8,95,995,,,,,,,,,,,,,,,,,,,,,,,,,,,,,,0,0,0,1,0,0,0,0,0,0,0,0,0,0,0,0,0,0,1,0,0,0,0,0,0,1,1,1,0,1,0,0,0,0,0,,0,0,0,0,0,0,0,0,0,0,0,0,0,0,0,0,,,,,,31-35,26-35,US highway,R,Sunday,Belt Used,PV,Not Fatal,1,0,0,0,State Route,State Patrol,Washington State Patrol,0,1,0,0,0,,,,,,0,0,0,,,,,,,,,,,98,98,98,0,,,,,20,7,,,,,,,,,,,,,,,
2019,273,E948106,4,08/04/2019,11:49,4,8,,63,Spokane,0,1,0,1,1,2,1,0,5,3,,,,12,0,6,296.4,2,0,2,3,1,1,2,0,0,20,3,US-2,CHATTAROY RD,-117.3540889,47.889375,0,1,78,16,2,60,4,0,0,1,2,12,1,1,2,1,10,2,1,53,0,14,20,2006,0,0,12,12,,,,,1,1,93,2,7,,4,0,3,0,11,4,08/05/2019,10:45,2.11E+11,34565,0,0,3,3,1,38,0,0,0,96,,,,,,0,,,,,,99006,53,60,125,6,1,0,0,0,0,,0,,,,,,0,,,1,0,0,0,0,9,8,,,0,0,0,8,0,8,95,,,96,,,8,95,995,,,,,,,,,,,,,,,,,,,,,,,,,,,,,,0,0,0,1,0,0,0,0,0,0,0,0,0,0,0,0,0,0,1,0,0,0,0,0,0,1,1,1,0,1,0,0,0,0,0,,1,0,0,0,0,0,0,0,0,0,1,0,0,0,0,0,,,,,,81+,76+,US highway,R,Sunday,Belt Used,PV,White,1,0,0,0,State Route,State Patrol,Washington State Patrol,0,1,0,0,0,,,,,,0,0,0,,,,,,,,,,,98,98,98,1,,,,,20,7,,,,,,,,,,,,,,,
2019,273,E948106,4,08/04/2019,11:49,4,8,,63,Spokane,0,1,0,1,1,2,1,0,5,3,,,,12,0,6,296.4,2,0,2,3,1,1,2,0,0,0,0,US-2,CHATTAROY RD,-117.3540889,47.889375,0,2,79,65,4,60,34,0,0,1,7,12,1,1,3,2,1,1,2,53,0,20,481,2018,0,0,12,,,,,,1,1,41,1,0,,0,0,3,0,11,0,,,,,0,0,0,3,1,0,0,0,0,96,,,,,,0,,,,,,99217,53,72,195,6,1,0,0,0,0,,0,,,,,,0,,,20,0,0,0,8,9,8,,,0,0,0,8,0,8,95,,,96,,,8,95,995,,,,,,,,,,,,,,,,,,,,,,,,,,,,,,0,0,0,1,0,0,0,0,0,0,0,0,0,0,0,0,0,0,1,0,0,0,0,0,0,1,1,1,0,1,0,0,0,0,0,,0,0,0,0,0,0,0,0,0,0,0,0,0,0,0,0,,,,,,41-45,36-45,US highway,R,Sunday,Belt Used,PV,Not Fatal,1,0,0,0,State Route,State Patrol,Washington State Patrol,0,1,0,0,0,,,,,,0,0,0,,,,,,,,,,,98,98,98,0,,,,,20,7,,,,,,,,,,,,,,,
2019,274,E948235,21,08/01/2019,5:21,1,8,,25,Grant,0,1,0,4,1,7,1,0,2,2,,,,12,0,6,4,2,0,2,4,1,2,4,0,0,0,0,CR-STRATFORD RD NE,RD 7 NE,-119.2778778,47.18979167,0,1,68,15,2,55,34,0,0,1,7,12,1,1,2,1,11,1,1,53,0,7,482,2012,0,0,12,,,,,,1,1,28,1,0,,0,0,3,0,11,0,,,,,0,0,0,3,1,38,0,0,0,93,,,,,,0,,,,,,98837,53,71,190,6,1,0,1,0,0,,46,,,,,,0,01/15/2016,01/15/2016,2,0,0,0,8,9,8,,,0,0,0,8,0,8,95,,,96,,,8,95,995,,,,,,,,,,,,,,,,,,,,,,,,,,,,,,0,0,0,1,0,0,0,0,0,0,0,0,0,1,1,0,1,0,1,0,0,0,0,0,0,0,0,0,1,1,0,0,0,0,0,,0,0,0,0,0,0,0,0,1,0,1,0,0,0,0,0,,,,,,26-30,26-35,County road,R,Thursday,Belt Used,PV,Not Fatal,1,0,0,0,County Road,County Sheriff,Grant County Sheriff's Office,0,0,1,0,0,,,,,,0,0,0,,,,,,,,,,,98,98,98,0,,,,,20,7,,,,,,,,,,,,,,,
2019,274,E948235,21,08/01/2019,5:21,1,8,,25,Grant,0,1,0,4,1,7,1,0,2,2,,,,12,0,6,4,2,0,2,4,1,2,4,0,0,0,0,CR-STRATFORD RD NE,RD 7 NE,-119.2778778,47.18979167,0,2,69,62,4,55,89,0,0,1,7,12,1,1,2,1,1,1,2,53,0,37,706,1983,0,0,12,,,,,,1,1,51,1,7,,4,7,20,7,11,0,08/01/2019,5:21,53034122,34122,0,0,0,0,1,0,0,0,0,96,,,,,,99,,,,,,98837,53,72,170,0,0,0,0,0,0,,0,,,,,,0,,,20,8,0,0,0,9,8,,,0,0,0,8,9,8,95,,,96,,,8,95,995,,,,,,,,,,,,,,,,,,,,,,,,,,,,,,0,0,0,1,0,0,0,0,0,0,0,0,0,1,1,0,1,0,1,0,0,0,0,0,0,0,0,0,1,1,0,0,0,0,1,0,0,0,0,0,0,0,0,0,0,0,0,1,0,0,0,0,,,,,,51-55,46-55,County road,R,Thursday,,OTHMC,White,1,0,0,0,County Road,County Sheriff,Grant County Sheriff's Office,0,0,1,0,0,,,,,,0,0,0,,,,,,,,,,,0,0,0,1,,,,,19,0,,,,,,,,,,,,,,,
2019,275,E948471,305,06/24/2019,21:31,24,6,,11,Clark,2370,1,0,3,1,2,1,1,1,1,,,,8,0,0,0,3,0,3,7,2,4,6,0,0,0,0,W FOURTH PLAIN BLVD,ROOSEVELT AVE,-122.689225,45.640325,0,1,13,80,5,35,2,0,0,1,7,8,1,2,4,1,1,1,2,53,0,35,32,1995,0,0,8,,,,,,1,1,25,1,0,,1,0,3,0,11,8,,,,,0,0,0,2,1,91,0,0,0,96,,,,,,9,,,,,,98660,53,71,230,1,1,0,0,0,0,,1,,,,,,0,01/15/2017,01/15/2017,20,0,0,0,8,9,2,,,0,0,0,1,1,2,1,,,1,,,2,1,0,,,,,,,,,,,,,,,,,,,,,,,,,,,,,,0,0,0,1,1,0,0,0,0,1,1,1,0,1,0,0,0,0,0,0,0,0,0,1,1,0,0,0,0,1,0,1,0,0,0,,0,0,0,0,0,0,0,0,0,0,0,1,0,0,0,1,,,,,,21-25,16-25,City street,U,Monday,Belt Used,PV,Not Fatal,0,0,0,0,City Street,Municipal/City Police,Vancouver Police Department,0,0,0,1,0,,,,,,0,0,1,,,,,,,,,,,0,0,0,0,,,,,20,7,,,,,,,,,,,,,,,