year,case,par,repjur,crash_dt,crash_tm,accday,accmon,holiday,county,co_char,city,weather,weather2,lightcond,surfcond,surftype,numfatal,nmforms,pforms,vforms,not_tm,arr_tm,hosp_tm,fhevent,hitrun,manncol,milepnt,reljunc,reljuncinter,intersectiontype,funcsystem,landuse,ownership,route,schlbus,spejur,contdev,devfunc,trafid1,trafid2,x,y,wk_zone,vnumber,crashtype,criticalevent,criticaleventcat,spdlim,body,trailer,emerg,hazcargo,leave,mhevent,roadalgn,roadprof,traflane,trafflow,vehmanvr,numoccs,regowner,regstate,spuse,make,model,modelyr,vrf1,vrf2,seqevent1,seqevent2,seqevent3,seqevent4,seqevent5,seqevent6,pnumber,ptype,age,sex,hispanic,race,injury,diedscene,restraint,restraintmisuse,seatpos,takehosp,death_dt,death_tm,cert,cernum_wa,commlic,licendor,licrestrict,liccomp,drivpres,drf1,drf2,drf3,drf4,distract1,distract2,distract3,distract4,distract5,distract6,dricond1,dricond2,dricond3,dricond4,dricond5,dricond6,dzip,licstate,drhgt_in,weight,noncdl,noncdltype,prevdwi,prevoth,prevacc,prevspd,prevsus,driviol1,driviol2,driviol3,driviol4,driviol5,driviol6,spdrel,first_dt,last_dt,airbag,ejection,ejectpath,extricat,injurwrk,methalc,methdrug,nmlocat,strikveh,prf1,prf2,prf3,druginv,alcinvol,drugsts,drugres1,drugres2,drugres3,drugtst1,drugtst2,drugtst3,alcsts,alctst,alcres,nmact1,nmact2,nmact3,nmact4,nmact5,nmact6,nmprior1,nmprior2,nmprior3,nmprior4,nmprior5,nmprior6,nmcond1,nmcond2,nmcond3,nmcond4,nmcond5,nmcond6,nmsafe_helmet,nmsafe_pads,nmsafe_oth,nmprev_ref,nmprev_lgt,nmprev_oth,crashlocation,nmcrashtype,crosswalk,schoolzone,sidewalk,train_inv,wildlife_inv,rotr_fars,intersect_fars,dd_inv,aid_inv,dpd_inv,id_inv,mj_inv,impnm_inv,ainm_inv,dpnm_inv,speed_inv,unlic_inv,unendmc_inv,drowsy_inv,drdist_inv,nmdist_inv,fty_inv,unrestfat_inv,dr1617_inv,dr1820_inv,dr1620_inv,dr2125_inv,dr1625_inv,dr65_inv,dr70_inv,dr75_inv,mc_inv,pv_inv,ht_inv,ped_inv,bike_inv,unrest_fat,mc_fat,unhelmet_mc,pv_fat,ht_fat,ped_fat,bike_fat,dr_alc7,dr_alc8,dr_drug,dr_imp,dr_dist,dr_spd,dr_fty,dr_unlic,dr_alc7only,dr_alc8only,dr_drugonly,dr_drink,nm_imp,nm_alc7,nm_alc8,nm_drug,nm_dist,agegrp1,agegrp2,roadclass,urbrur,dayweek,restuse,vehtype,race_me,intersect,lanedep,oppdir,wrongway,rep_typ,investag,repag_long,rotr,st_rd,cty_rd,city_rd,oth_rd,drug_thc,thc_res,drug_cthc,cthc_res,drug_cann,prevpersemin,prevperse,prevsusoth,drugtst4,drugtst5,drugtst6,drugtst7,drugtst8,drugres4,drugres5,drugres6,drugres7,drugres8,adspresent,adsengaged,adslevel,race1,race2,race3,race4,race5,helmet,helmetmisuse,nmdistract1,nmdistract2,nmdistract3,nmdistract4,nmdistract5,nmdistract6,lab,isedtcase,crf1,crf2,crf3,CoRoadName,CoMP,IntCoRoadName,IntCoMP
2019,278,E948517,2,05/03/2019,8:08,3,5,,61,Snohomish,0,10,0,1,1,2,1,0,4,2,,,,12,0,1,43.4,3,0,3,3,2,1,3,0,0,3,3,SR-99,156TH ST SW,-122.2879028,47.85777778,0,1,20,9,1,98,5,0,0,1,7,1,1,1,4,2,1,1,1,53,0,49,46,2013,0,0,12,1,,,,,1,1,41,1,7,,4,7,3,0,11,0,05/03/2019,8:08,53021176,21176,0,0,0,2,1,0,0,0,0,92,,,,,,99,,,,,,98037,53,72,170,1,1,0,1,2,1,,0,,,,,,0,08/15/2017,07/15/2018,20,0,0,0,0,9,8,,,0,0,0,8,9,2,996,401,417,1,1,1,2,1,0,,,,,,,,,,,,,,,,,,,,,,,,,,,,,,0,0,0,1,0,0,1,1,0,0,0,0,0,1,0,0,1,0,0,0,0,0,0,0,0,0,0,0,0,1,1,0,0,0,0,,1,0,0,0,0,0,1,1,1,0,0,1,0,0,1,0,,,,,,41-45,36-45,State route,U,Friday,Belt Used,PV,White,0,0,0,0,State Route,State Patrol,Washington State Patrol,0,1,0,0,0,,,,,,0,0,3,,,,,,,,,,,98,98,98,1,,,,,20,7,,,,,,,,,,,,,,,
2019,278,E948517,2,05/03/2019,8:08,3,5,,61,Snohomish,0,10,0,1,1,2,1,0,4,2,,,,12,0,1,43.4,3,0,3,3,2,1,3,0,0,3,3,SR-99,156TH ST SW,-122.2879028,47.85777778,0,2,21,60,4,98,61,0,0,1,5,12,1,1,4,2,5,3,3,53,0,38,882,2005,0,0,12,,,,,,1,1,35,1,0,,1,0,3,0,11,8,,,,,0,0,0,3,1,0,0,0,0,0,,,,,,0,,,,,,98037,53,70,185,6,1,0,0,0,0,,0,,,,,,0,,,20,0,0,0,8,9,8,,,0,0,0,8,0,8,95,,,96,,,8,95,995,,,,,,,,,,,,,,,,,,,,,,,,,,,,,,0,0,0,1,0,0,1,1,0,0,0,0,0,1,0,0,1,0,0,0,0,0,0,0,0,0,0,0,0,1,1,0,0,0,0,,0,0,0,0,0,0,0,0,0,0,0,0,0,0,0,0,,,,,,31-35,26-35,State route,U,Friday,,MHTRUCK,Not Fatal,0,0,0,0,State Route,State Patrol,Washington State Patrol,0,1,0,0,0,,,,,,0,0,0,,,,,,,,,,,98,98,98,0,,,,,20,7,,,,,,,,,,,,,,,
2019,280,E948778,349,07/31/2019,22:13,31,7,,53,Pierce,0,1,0,3,1,2,1,0,1,1,,,,33,0,0,0,1,0,1,96,6,96,8,0,2,0,0,41ST DIVISION DR,,-122.5901028,47.10625833,0,1,6,10,2,35,80,0,0,1,7,1,2,2,2,2,14,1,1,53,0,50,706,2017,0,0,64,33,1,30,,,1,1,41,1,7,,4,7,20,7,11,0,07/31/2019,22:45,53034341,34341,0,0,0,3,1,0,0,0,0,96,,,,,,0,,,,,,98433,53,72,205,6,1,0,0,0,0,,0,,,,,,4,,,20,8,0,0,0,9,8,,,0,0,0,8,0,8,95,,,96,,,8,95,995,,,,,,,,,,,,,,,,,,,,,,,,,,,,,,0,0,1,0,0,0,0,0,0,0,0,0,1,0,0,0,0,0,0,0,0,0,0,0,0,0,0,0,1,0,0,0,0,0,1,0,0,0,0,0,0,0,0,0,0,1,0,0,0,0,0,0,,,,,,41-45,36-45,Other,,Wednesday,,MC,White,0,1,0,0,Other,Municipal/City Police,"Hdqtrs, 1st Military Police Brigade",1,0,0,0,1,,,,,,0,0,0,,,,,,,,,,,0,0,0,1,,,,,19,0,,,,,,,,,,,,,,,
2019,281,E949359,8,08/02/2019,22:28,2,8,,45,Mason,2000,1,0,3,1,2,1,1,2,1,,,,8,0,0,1.6,1,0,1,3,2,1,3,0,0,0,0,SR-3,,-123.0916583,47.20078333,0,1,13,80,5,30,5,0,0,1,5,8,1,2,3,5,1,2,1,53,0,49,51,2012,0,0,8,,,,,,1,1,50,2,0,,0,0,3,0,11,0,,,,,0,0,3,3,1,0,0,0,0,96,,,,,,0,,,,,,98367,53,69,200,6,1,0,1,0,2,,0,,,,,,0,07/15/2017,08/15/2018,20,0,0,0,8,9,8,,,0,0,0,8,0,2,1,,,1,,,2,1,0,,,,,,,,,,,,,,,,,,,,,,,,,,,,,,0,0,0,0,0,0,0,0,0,0,0,0,0,0,0,0,0,1,0,0,0,0,0,0,0,0,0,0,0,1,0,1,0,0,0,,0,0,0,0,0,0,0,0,0,0,0,0,0,0,0,0,,,,,,46-50,46-55,State route,U,Friday,Belt Used,PV,Not Fatal,0,0,0,0,State Route,State Patrol,Washington State Patrol,0,1,0,0,0,,,,,,0,0,0,,,,,,,,,,,98,98,98,0,,,,,20,7,,,,,,,,,,,,,,,
2019,282,E949442,297,08/12/2019,19:08,12,8,,33,King,2310,1,0,1,1,1,1,0,4,2,,,,12,0,2,0.3,1,0,1,3,2,1,3,0,0,0,0,SR-99,,-122.2949361,47.49629722,0,1,50,10,2,98,15,0,0,1,5,1,1,2,4,1,1,2,2,53,0,20,422,2004,0,0,68,12,1,,,,1,1,16,1,0,,3,0,99,7,11,5,,,,,0,0,3,3,1,28,0,0,0,96,,,,,,99,,,,,,98168,53,68,140,6,2,0,0,0,0,,97,,,,,,0,,,8,9,0,0,8,9,8,,,0,0,0,8,9,8,95,,,96,,,8,95,995,,,,,,,,,,,,,,,,,,,,,,,,,,,,,,0,0,0,0,0,0,0,0,0,0,0,0,0,0,0,0,0,0,0,0,1,0,1,1,1,0,0,0,0,1,0,0,0,0,0,,0,0,0,0,0,0,0,0,0,0,0,0,0,0,0,0,,,,,,16-17,16-25,State route,U,Monday,Unknown,PV,Not Fatal,0,1,1,0,State Route,Municipal/City Police,Tukwila Police Department,0,1,0,0,0,,,,,,0,0,0,,,,,,,,,,,98,98,98,0,,,,,20,7,,,,,,,,,,,,,,,
2019,282,E949442,297,08/12/2019,19:08,12,8,,33,King,2310,1,0,1,1,1,1,0,4,2,,,,12,0,2,0.3,1,0,1,3,2,1,3,0,0,0,0,SR-99,,-122.2949361,47.49629722,0,2,51,62,4,98,6,0,0,1,5,12,1,2,4,1,1,2,2,53,0,35,51,2018,0,0,12,1,2,,,,1,1,23,2,1,,4,7,99,7,11,0,08/12/2019,19:08,2.31E+11,37074,0,0,3,3,1,0,0,0,0,96,,,,,,99,,,,,,98168,53,65,175,6,1,0,0,0,0,,0,,,,,,0,,,8,0,0,0,0,9,8,,,0,0,0,8,9,2,1,,,1,,,2,1,0,,,,,,,,,,,,,,,,,,,,,,,,,,,,,,0,0,0,0,0,0,0,0,0,0,0,0,0,0,0,0,0,0,0,0,1,0,1,1,1,0,0,0,0,1,0,0,0,0,0,,1,0,0,0,0,0,0,0,0,0,0,0,0,0,0,0,,,,,,21-25,16-25,State route,U,Monday,Unknown,PV,Hispanic,0,1,1,0,State Route,Municipal/City Police,Tukwila Police Department,0,1,0,0,0,,,,,,0,0,0,,,,,,,,,,,98,98,98,1,,,,,20,7,,,,,,,,,,,,,,,
2019,283,E949475,2,07/23/2019,22:42,23,7,,73,Whatcom,0,10,0,2,1,1,1,1,2,1,,,,8,0,0,3.3,1,0,1,3,2,1,3,0,0,0,0,SR-539,,-122.4859694,48.83045278,0,1,13,80,5,50,4,0,0,1,5,8,1,1,5,5,1,2,2,53,0,20,37,2002,0,0,8,,,,,,1,1,23,2,0,,0,0,3,0,11,0,,,,,0,0,0,2,1,0,0,0,0,96,,,,,,0,,,,,,98248,53,67,200,1,1,0,3,0,0,,97,,,,,,0,05/15/2016,04/15/2018,20,0,0,0,8,9,8,,,0,0,0,8,0,8,95,,,96,,,8,95,995,,,,,,,,,,,,,,,,,,,,,,,,,,,,,,0,0,0,0,0,0,0,0,0,1,0,1,0,1,0,0,0,1,0,0,0,0,0,1,1,0,0,0,0,1,0,1,0,0,0,,0,0,0,0,0,0,0,0,0,0,0,1,0,0,0,0,,,,,,21-25,16-25,State route,U,Tuesday,Belt Used,PV,Not Fatal,0,0,0,0,State Route,State Patrol,Washington State Patrol,0,1,0,0,0,,,,,,0,0,1,,,,,,,,,,,98,98,98,0,,,,,20,7,,,,,,,,,,,,,,,
2019,284,E949621,55,08/03/2019,1:00,3,8,,33,King,100,1,0,3,1,2,1,2,1,1,,,,8,0,0,1.8,3,0,2,3,2,1,3,0,3,3,3,SR-164,RIVERWALK DR SE,-122.1966778,47.28906944,0,1,13,80,5,35,34,0,0,1,7,8,1,1,5,1,1,1,1,53,0,12,481,2000,0,0,8,8,,,,,1,1,26,1,0,,0,0,3,0,11,0,,,,,0,0,0,3,1,0,0,0,0,96,,,,,,0,,,,,,98045,53,67,155,6,1,1,3,3,1,,0,,,,,,0,10/15/2014,08/15/2018,20,0,0,0,8,1,8,,,0,0,0,8,1,2,1,,,1,,,2,1,0.052,,,,,,,,,,,,,,,,,,,,,,,,,,,,,,0,0,0,1,1,0,0,0,0,1,0,1,0,0,0,0,0,0,0,0,0,0,0,0,0,0,0,0,0,1,0,1,0,0,0,,0,0,0,0,1,0,0,0,0,0,0,0,1,0,0,1,,,,,,26-30,26-35,State route,U,Saturday,Belt Used,PV,Not Fatal,1,0,0,0,State Route,Municipal/City Police,Auburn Police Department,0,1,0,0,0,,,,,,0,1,0,,,,,,,,,,,98,98,98,0,,,,,20,7,,,,,,,,,,,,,,,
2019,286,E949994,14,07/31/2019,22:32,31,7,,11,Clark,0,1,0,2,1,2,1,0,1,1,,,,42,0,0,9999.9,3,0,3,7,2,2,4,0,0,0,0,CR-NE 14TH ST,NE 249TH AVE,-122.4175861,45.63253889,0,1,1,13,2,40,4,0,0,1,7,42,3,1,2,1,14,1,2,53,0,34,34,1991,0,0,63,42,,,,,1,1,22,2,7,,4,7,20,7,11,0,07/31/2019,22:32,53034591,34591,0,0,0,2,1,0,0,0,0,96,,,,,,99,,,,,,98671,53,68,129,1,1,0,2,1,0,,0,,,,,,4,11/15/2015,05/15/2017,1,0,0,0,0,9,8,,,0,0,0,8,1,2,1,,,1,,,2,1,0.34,,,,,,,,,,,,,,,,,,,,,,,,,,,,,,0,0,1,1,1,1,0,1,0,0,0,0,1,1,0,0,0,0,0,1,0,0,0,1,1,0,0,0,0,1,0,0,0,1,0,,1,0,0,0,0,1,0,1,0,1,0,1,0,1,0,1,,,,,,21-25,16-25,County road,U,Wednesday,Not Used,PV,White,0,1,0,0,County Road,County Sheriff,Clark County Sheriff's Office,1,0,1,0,0,,,,,,0,0,2,,,,,,,,,,,0,0,0,1,,,,,20,7,,,,,,,,,,,,,,,
2019,287,E951171,26,08/17/2019,16:43,17,8,,35,Kitsap,0,1,0,1,1,2,1,0,2,2,,,,12,0,2,1.4,2,0,3,5,1,2,4,0,0,0,0,CR-MILLER BAY RD NE,NE WOOD BAY LN,-122.5622028,47.75853333,0,1,50,10,2,45,15,0,0,1,7,12,1,2,2,1,1,1,1,53,0,49,422,2005,0,0,68,12,,,,,1,1,55,1,7,,4,7,20,7,11,0,08/17/2019,16:43,53037414,37414,0,0,0,3,1,28,0,0,0,96,,,,,,0,,,,,,98029,53,75,235,6,1,0,0,1,0,,0,,,,,,0,01/15/2018,01/15/2018,8,0,0,0,0,9,8,,,0,0,0,8,0,2,605,695,,1,1,,2,1,0,,,,,,,,,,,,,,,,,,,,,,,,,,,,,,0,0,0,1,0,0,1,1,1,0,0,0,0,0,0,0,0,0,0,1,0,0,0,0,0,0,0,0,0,1,1,0,0,1,0,,1,0,0,0,0,0,1,1,0,0,0,0,0,0,1,0,,,,,,51-55,46-55,County road,R,Saturday,Not Used,PV,White,0,1,1,0,County Road,County Sheriff,Kitsap County Sheriff's Office,0,0,1,0,0,thc,12,carboxy-thc,22,,0,0,0,,,,,,,,,,,98,98,98,1,,,,,20,7,,,,,,,,,,,,,,,
2019,287,E951171,26,08/17/2019,16:43,17,8,,35,Kitsap,0,1,0,1,1,2,1,0,2,2,,,,12,0,2,1.4,2,0,3,5,1,2,4,0,0,0,0,CR-MILLER BAY RD NE,NE WOOD BAY LN,-122.5622028,47.75853333,0,2,51,62,4,45,63,0,0,1,7,12,1,2,2,1,1,1,3,53,0,84,881,2009,0,0,12,,,,,,1,1,60,1,0,,1,0,3,0,11,5,,,,,6,9,0,3,1,0,0,0,0,0,,,,,,0,,,,,,98368,53,67,300,6,1,0,0,0,0,,0,,,,,,0,,,20,0,0,0,8,2,3,,,0,0,0,0,0,8,95,,,96,,,2,10,0,,,,,,,,,,,,,,,,,,,,,,,,,,,,,,0,0,0,1,0,0,1,1,1,0,0,0,0,0,0,0,0,0,0,1,0,0,0,0,0,0,0,0,0,1,1,0,0,0,0,,0,0,0,0,0,0,0,0,0,0,0,0,0,0,0,0,,,,,,56-60,56-65,County road,R,Saturday,,MHTRUCK,Not Fatal,0,1,1,0,County Road,County Sheriff,Kitsap County Sheriff's Office,0,0,1,0,0,,,,,,0,0,0,,,,,,,,,,,98,98,98,0,,,,,20,7,,,,,,,,,,,,,,,
2019,288,E951465,4,08/17/2019,8:30,17,8,,65,Stevens,0,1,0,1,1,2,1,0,1,1,,,,1,0,0,71.9,1,0,1,5,1,1,3,0,0,0,0,SR-231,,-117.7285611,48.17846667,0,1,1,13,2,55,14,0,0,1,2,1,1,1,2,1,1,1,1,53,0,34,402,2006,0,0,63,1,,,,,1,1,48,2,7,,4,7,20,7,11,0,08/17/2019,8:30,53036928,36928,6,0,3,3,1,0,0,0,0,0,,,,,,2,,,,,,99181,53,65,220,6,1,0,0,1,1,,0,,,,,,0,03/15/2017,06/15/2019,8,1,6,0,0,9,8,,,0,0,0,8,0,2,1,,,1,,,2,1,0,,,,,,,,,,,,,,,,,,,,,,,,,,,,,,0,0,1,0,0,0,0,0,0,0,0,0,0,0,0,1,0,0,0,1,0,0,0,0,0,0,0,0,0,1,0,0,0,1,0,,1,0,0,0,0,0,0,0,0,0,0,0,0,0,0,0,,,,,,46-50,46-55,State route,R,Saturday,Not Used,PV,White,0,1,0,0,State Route,State Patrol,Washington State Patrol,1,1,0,0,0,,,,,,0,0,0,,,,,,,,,,,98,98,98,1,,,,,20,7,,,,,,,,,,,,,,,
2019,289,E951750,39,08/14/2019,14:35,14,8,,61,Snohomish,0,1,0,1,1,2,1,0,2,2,,,,1,0,0,0.2,1,0,1,7,2,2,4,0,0,0,0,CR-4TH AVE W,,-122.2392417,47.87877222,0,1,98,8,1,98,80,0,0,1,7,12,2,2,5,5,14,1,1,53,0,72,706,2004,0,0,68,1,12,,,,1,1,63,1,7,,4,7,20,7,11,0,08/14/2019,14:35,53036748,36748,0,0,0,3,1,28,0,0,0,96,,,,,,99,,,,,,98204,53,70,210,6,1,0,0,1,1,,0,,,,,,4,02/15/2015,06/15/2018,20,8,0,0,0,9,8,,,0,0,0,8,9,2,1,,,1,,,2,1,0.037,,,,,,,,,,,,,,,,,,,,,,,,,,,,,,0,0,0,0,1,0,0,0,0,0,0,0,1,0,0,0,0,0,0,0,0,0,0,0,0,0,0,0,1,1,0,0,0,0,1,0,0,0,0,0,1,0,0,0,0,1,0,0,1,0,0,1,,,,,,61-65,56-65,County road,U,Wednesday,,MC,White,0,0,0,0,County Road,County Sheriff,Snohomish County Sheriff's Office,0,0,1,0,0,,,,,,0,0,0,,,,,,,,,,,0,0,0,1,,,,,5,0,,,,,,,,,,,,,,,
2019,289,E951750,39,08/14/2019,14:35,14,8,,61,Snohomish,0,1,0,1,1,2,1,0,2,2,,,,1,0,0,0.2,1,0,1,7,2,2,4,0,0,0,0,CR-4TH AVE W,,-122.2392417,47.87877222,0,2,98,62,4,98,14,0,0,1,7,12,3,2,5,5,14,1,1,53,0,49,402,2017,0,0,12,,,,,,1,1,60,2,0,,0,0,99,7,11,0,,,,,0,0,3,3,1,0,0,0,0,96,,,,,,0,,,,,,98258,53,63,136,6,1,0,0,0,0,,0,,,,,,0,,,20,0,0,0,8,9,8,,,0,0,0,8,0,8,95,,,96,,,8,95,995,,,,,,,,,,,,,,,,,,,,,,,,,,,,,,0,0,0,0,1,0,0,0,0,0,0,0,1,0,0,0,0,0,0,0,0,0,0,0,0,0,0,0,1,1,0,0,0,0,0,,0,0,0,0,0,0,0,0,0,0,0,0,0,0,0,0,,,,,,56-60,56-65,County road,U,Wednesday,Unknown,PV,Not Fatal,0,0,0,0,County Road,County Sheriff,Snohomish County Sheriff's Office,0,0,1,0,0,,,,,,0,0,0,,,,,,,,,,,98,98,98,0,,,,,20,7,,,,,,,,,,,,,,,
2019,290,E951809,28,08/17/2019,5:20,17,8,,39,Klickitat,0,1,0,4,1,4,1,0,1,1,,,,38,0,0,0.2,1,0,1,7,2,2,4,0,0,0,0,CR-KNOX RD,,-120.9116139,45.85364444,0,1,1,9,1,50,34,0,0,1,7,1,1,2,8,1,1,1,1,53,0,7,482,2006,0,0,63,38,1,,,,1,1,42,1,7,,4,7,99,7,11,0,08/17/2019,5:20,53036879,36879,0,0,0,3,1,0,0,0,0,96,,,,,,99,,,,,,98620,53,73,224,6,1,0,0,0,0,,0,,,,,,0,,,20,1,9,0,0,9,8,,,0,0,0,8,9,8,95,,,96,,,8,95,995,,,,,,,,,,,,,,,,,,,,,,,,,,,,,,0,0,1,0,0,0,0,0,0,0,0,0,0,0,0,0,0,0,0,0,0,0,0,0,0,0,0,0,0,1,0,0,0,0,0,,1,0,0,0,0,0,0,0,0,0,0,0,0,0,0,0,,,,,,41-45,36-45,County road,U,Saturday,Unknown,PV,White,0,1,0,0,County Road,County Sheriff,Klickitat County Sheriff's Office,1,0,1,0,0,,,,,,0,0,0,,,,,,,,,,,98,98,98,1,,,,,20,7,,,,,,,,,,,,,,,
2019,317,E951909,2,08/17/2019,18:40,17,8,,29,Island,0,1,0,1,1,2,1,0,3,2,,,,12,0,2,26,2,0,3,3,1,1,3,0,0,20,3,SR-525,SMUGGLERS COVE RD,-122.5802611,48.10795556,0,1,82,15,2,55,14,0,0,1,2,12,1,1,2,1,11,2,1,53,0,55,401,2019,0,0,12,,,,,,1,1,65,2,0,,3,0,3,0,11,4,,,,,0,0,0,3,1,10,38,0,0,96,,,,,,0,,,,,,98026,53,68,190,6,1,0,0,0,0,,46,,,,,,0,,,8,0,0,0,8,9,8,,,0,0,0,8,0,8,95,,,96,,,8,95,995,,,,,,,,,,,,,,,,,,,,,,,,,,,,,,0,0,0,1,0,0,0,0,0,0,0,0,0,0,0,0,0,0,1,0,0,0,0,0,0,1,0,0,0,1,0,0,0,0,0,,0,0,0,0,0,0,0,0,0,0,1,0,0,0,0,0,,,,,,61-65,56-65,State route,R,Saturday,Belt Used,PV,Not Fatal,1,0,0,0,State Route,State Patrol,Washington State Patrol,0,1,0,0,0,,,,,,0,0,0,,,,,,,,,,,98,98,98,0,,,,,20,7,,,,,,,,,,,,,,,
2019,317,E951909,2,08/17/2019,18:40,17,8,,29,Island,0,1,0,1,1,2,1,0,3,2,,,,12,0,2,26,2,0,3,3,1,1,3,0,0,0,0,SR-525,SMUGGLERS COVE RD,-122.5802611,48.10795556,0,2,83,67,4,55,14,0,0,1,2,12,1,1,2,1,1,1,2,53,0,2,403,2017,0,0,12,,,,,,1,1,44,2,0,,3,0,3,0,11,4,,,,,0,0,0,3,1,0,0,0,0,96,,,,,,0,,,,,,98249,53,62,140,6,1,0,0,0,0,,0,,,,,,0,,,1,0,0,0,8,9,8,,,0,0,0,8,0,8,95,,,96,,,8,95,995,,,,,,,,,,,,,,,,,,,,,,,,,,,,,,0,0,0,1,0,0,0,0,0,0,0,0,0,0,0,0,0,0,1,0,0,0,0,0,0,1,0,0,0,1,0,0,0,0,0,,0,0,0,0,0,0,0,0,0,0,0,0,0,0,0,0,,,,,,41-45,36-45,State route,R,Saturday,Belt Used,PV,Not Fatal,1,0,0,0,State Route,State Patrol,Washington State Patrol,0,1,0,0,0,,,,,,0,0,0,,,,,,,,,,,98,98,98,0,,,,,20,7,,,,,,,,,,,,,,,
2019,291,E951931,5,08/03/2019,19:51,3,8,,41,Lewis,0,1,0,1,1,2,1,0,2,2,,,,12,0,6,73.9,8,0,1,3,1,1,2,0,0,0,0,US-12,,-122.7208167,46.53205556,0,1,68,15,2,55,14,0,0,1,2,12,1,1,3,1,11,1,1,53,0,12,402,2008,0,0,12,,,,,,1,1,48,1,0,,2,0,3,0,11,4,,,,,0,0,0,3,1,38,0,0,0,96,,,,,,0,,,,,,98570,53,71,170,6,1,0,0,0,0,,97,,,,,,0,,,8,0,0,0,8,9,2,,,0,0,0,0,1,8,95,,,96,,,8,95,995,,,,,,,,,,,,,,,,,,,,,,,,,,,,,,0,0,0,0,1,0,0,0,0,0,0,0,0,0,0,0,0,0,1,0,0,0,0,0,0,0,0,0,1,1,0,0,0,0,0,,0,0,0,0,0,0,0,0,0,0,1,0,0,0,0,1,,,,,,46-50,46-55,US highway,R,Saturday,Belt Used,PV,Not Fatal,0,0,0,0,State Route,State Patrol,Washington State Patrol,0,1,0,0,0,,,,,,0,0,0,,,,,,,,,,,98,98,98,0,,,,,20,7,,,,,,,,,,,,,,,
2019,291,E951931,5,08/03/2019,19:51,3,8,,41,Lewis,0,1,0,1,1,2,1,0,2,2,,,,12,0,6,73.9,8,0,1,3,1,1,2,0,0,0,0,US-12,,-122.7208167,46.53205556,0,2,69,62,4,55,80,0,0,1,2,12,1,1,3,1,1,1,1,53,0,72,706,2010,0,0,12,,,,,,1,1,28,1,7,,4,7,20,7,11,0,08/03/2019,19:51,1.40E+11,34996,0,0,0,3,1,0,0,0,0,96,,,,,,99,,,,,,98632,53,73,165,6,1,0,0,0,3,,0,,,,,,0,04/15/2017,09/15/2018,20,8,0,0,0,9,8,,,0,0,0,8,9,2,1,,,1,,,2,1,0,,,,,,,,,,,,,,,,,,,,,,,,,,,,,,0,0,0,0,1,0,0,0,0,0,0,0,0,0,0,0,0,0,1,0,0,0,0,0,0,0,0,0,1,1,0,0,0,0,1,0,0,0,0,0,0,0,0,0,0,0,0,0,0,0,0,0,,,,,,26-30,26-35,US highway,R,Saturday,,MC,White,0,0,0,0,State Route,State Patrol,Washington State Patrol,0,1,0,0,0,,,,,,0,0,0,,,,,,,,,,,0,0,0,1,,,,,5,0,,,,,,,,,,,,,,,
2019,292,E952454,59,08/14/2019,7:51,14,8,,33,King,109,1,0,1,1,2,1,1,2,1,,,,9,0,0,0,2,0,3,7,2,4,6,0,0,0,0,NE 8TH ST,134TH AVE NE,-122.1616583,47.61723333,0,1,13,83,5,35,5,0,0,1,7,9,1,2,5,1,11,2,2,53,0,49,46,2005,0,0,9,,,,,,1,1,48,2,0,,0,0,3,0,11,0,,,,,0,0,3,3,1,10,0,0,0,96,,,,,,0,,,,,,98004,53,61,117,6,1,0,0,0,0,,0,,,,,,0,,,20,0,0,0,8,9,8,,,0,0,0,8,0,8,95,,,96,,,8,95,995,,,,,,,,,,,,,,,,,,,,,,,,,,,,,,0,0,0,1,0,0,0,0,0,1,0,1,0,0,0,0,0,0,0,0,0,0,0,0,0,0,0,0,0,1,0,0,1,0,0,,0,0,0,0,0,0,0,0,0,0,0,0,0,0,0,0,,,,,,46-50,46-55,City street,U,Wednesday,Belt Used,PV,Not Fatal,1,0,0,0,City Street,Municipal/City Police,Bellevue Police Department,0,0,0,1,0,,,,,,0,0,0,,,,,,,,,,,98,98,98,0,,,,,20,7,,,,,,,,,,,,,,,
2019,295,E952976,290,08/23/2019,20:49,23,8,,53,Pierce,2230,1,0,3,1,2,1,1,2,2,,,,8,1,0,0,1,0,1,7,2,4,6,0,0,0,0,S HOSMER ST,,-122.4631194,47.17615556,0,1,13,80,5,35,4,0,0,1,5,8,1,1,5,5,1,99,9,99,0,41,51,9999,0,0,8,,,,,,1,1,999,8,0,,9,0,99,7,11,8,,,,,99,9,9,9,1,0,0,0,0,92,,,,,,99,,,,,,99999,99,,999,9,9,99,99,99,99,,97,,,,,,0,,,99,0,0,0,8,9,8,,,0,0,0,8,9,8,95,,,96,,,8,95,995,,,,,,,,,,,,,,,,,,,,,,,,,,,,,,0,0,0,0,0,0,0,0,0,0,0,0,0,0,0,0,1,0,0,0,0,0,0,0,0,0,0,0,0,1,0,1,0,0,0,,0,0,0,0,0,0,0,0,1,0,0,0,0,0,0,0,,,,,,,,City street,U,Friday,Unknown,PV,Not Fatal,0,0,0,0,City Street,Municipal/City Police,Tacoma Police Department,0,0,0,1,0,,,,,,99,99,99,,,,,,,,,,,98,98,98,0,,,,,20,7,,,,,,,,,,,,,,,