year,case,par,repjur,crash_dt,crash_tm,accday,accmon,holiday,county,co_char,city,weather,weather2,lightcond,surfcond,surftype,numfatal,nmforms,pforms,vforms,not_tm,arr_tm,hosp_tm,fhevent,hitrun,manncol,milepnt,reljunc,reljuncinter,intersectiontype,funcsystem,landuse,ownership,route,schlbus,spejur,contdev,devfunc,trafid1,trafid2,x,y,wk_zone,vnumber,crashtype,criticalevent,criticaleventcat,spdlim,body,trailer,emerg,hazcargo,leave,mhevent,roadalgn,roadprof,traflane,trafflow,vehmanvr,numoccs,regowner,regstate,spuse,make,model,modelyr,vrf1,vrf2,seqevent1,seqevent2,seqevent3,seqevent4,seqevent5,seqevent6,pnumber,ptype,age,sex,hispanic,race,injury,diedscene,restraint,restraintmisuse,seatpos,takehosp,death_dt,death_tm,cert,cernum_wa,commlic,licendor,licrestrict,liccomp,drivpres,drf1,drf2,drf3,drf4,distract1,distract2,distract3,distract4,distract5,distract6,dricond1,dricond2,dricond3,dricond4,dricond5,dricond6,dzip,licstate,drhgt_in,weight,noncdl,noncdltype,prevdwi,prevoth,prevacc,prevspd,prevsus,driviol1,driviol2,driviol3,driviol4,driviol5,driviol6,spdrel,first_dt,last_dt,airbag,ejection,ejectpath,extricat,injurwrk,methalc,methdrug,nmlocat,strikveh,prf1,prf2,prf3,druginv,alcinvol,drugsts,drugres1,drugres2,drugres3,drugtst1,drugtst2,drugtst3,alcsts,alctst,alcres,nmact1,nmact2,nmact3,nmact4,nmact5,nmact6,nmprior1,nmprior2,nmprior3,nmprior4,nmprior5,nmprior6,nmcond1,nmcond2,nmcond3,nmcond4,nmcond5,nmcond6,nmsafe_helmet,nmsafe_pads,nmsafe_oth,nmprev_ref,nmprev_lgt,nmprev_oth,crashlocation,nmcrashtype,crosswalk,schoolzone,sidewalk,train_inv,wildlife_inv,rotr_fars,intersect_fars,dd_inv,aid_inv,dpd_inv,id_inv,mj_inv,impnm_inv,ainm_inv,dpnm_inv,speed_inv,unlic_inv,unendmc_inv,drowsy_inv,drdist_inv,nmdist_inv,fty_inv,unrestfat_inv,dr1617_inv,dr1820_inv,dr1620_inv,dr2125_inv,dr1625_inv,dr65_inv,dr70_inv,dr75_inv,mc_inv,pv_inv,ht_inv,ped_inv,bike_inv,unrest_fat,mc_fat,unhelmet_mc,pv_fat,ht_fat,ped_fat,bike_fat,dr_alc7,dr_alc8,dr_drug,dr_imp,dr_dist,dr_spd,dr_fty,dr_unlic,dr_alc7only,dr_alc8only,dr_drugonly,dr_drink,nm_imp,nm_alc7,nm_alc8,nm_drug,nm_dist,agegrp1,agegrp2,roadclass,urbrur,dayweek,restuse,vehtype,race_me,intersect,lanedep,oppdir,wrongway,rep_typ,investag,repag_long,rotr,st_rd,cty_rd,city_rd,oth_rd,drug_thc,thc_res,drug_cthc,cthc_res,drug_cann,prevpersemin,prevperse,prevsusoth,drugtst4,drugtst5,drugtst6,drugtst7,drugtst8,drugres4,drugres5,drugres6,drugres7,drugres8,adspresent,adsengaged,adslevel,race1,race2,race3,race4,race5,helmet,helmetmisuse,nmdistract1,nmdistract2,nmdistract3,nmdistract4,nmdistract5,nmdistract6,lab,isedtcase,crf1,crf2,crf3,CoRoadName,CoMP,IntCoRoadName,IntCoMP
2019,307,E957223,2,08/31/2019,21:00,31,8,,29,Island,1550,1,0,3,1,2,1,0,2,2,,,,12,0,6,33,2,0,2,3,2,1,3,0,0,3,3,SR-20,NE 16TH AVE,-122.638,48.31122222,0,2,69,62,4,35,80,0,0,1,2,12,1,2,3,1,1,1,2,53,0,73,705,2008,0,0,12,,,,,,1,1,27,1,7,,4,0,20,7,11,4,08/31/2019,22:20,1.55E+11,39683,0,0,0,2,1,0,0,0,0,96,,,,,,9,,,,,,98277,53,73,160,1,1,1,1,1,5,,0,,,,,,0,03/15/2016,04/15/2019,20,8,0,0,0,1,8,,,0,0,0,8,1,0,0,,,0,,,2,1,0.05,,,,,,,,,,,,,,,,,,,,,,,,,,,,,,0,0,0,1,1,0,0,0,0,0,0,0,0,1,1,0,0,0,1,0,0,0,0,0,0,0,0,0,1,1,0,0,0,0,1,0,0,0,0,0,1,0,0,0,0,0,0,1,1,0,0,1,,,,,,26-30,26-35,State route,U,Saturday,,MC,Black,1,0,0,0,State Route,State Patrol,Washington State Patrol,0,1,0,0,0,,,,,,0,1,1,,,,,,,,,,,0,0,0,2,,,,,5,0,,,,,,,,,,,,,,,
2019,308,E957257,300,09/04/2019,18:12,4,9,,77,Yakima,2340,1,0,1,1,2,1,0,4,4,,,,12,0,1,0,1,0,1,7,2,4,6,0,0,0,0,W VALLEY MALL BLVD,,-120.5035083,46.56333611,0,3,98,98,7,40,4,0,0,1,5,12,1,1,2,2,5,1,1,53,0,35,43,2004,0,0,12,,,,,,1,1,36,2,0,,0,0,3,0,11,0,,,,,0,0,0,3,1,0,0,0,0,0,,,,,,0,,,,,,98903,53,61,140,6,1,0,0,1,0,,0,,,,,,0,08/15/2018,08/15/2018,20,0,0,0,8,9,8,,,0,0,0,8,0,8,95,,,96,,,8,95,995,,,,,,,,,,,,,,,,,,,,,,,,,,,,,,0,0,0,0,0,0,1,1,0,0,0,0,1,1,1,0,0,0,0,0,0,0,0,0,0,1,1,1,1,1,0,0,0,0,0,,0,0,0,0,0,0,0,0,0,0,0,0,0,0,0,0,,,,,,36-40,36-45,City street,U,Wednesday,Belt Used,PV,Not Fatal,0,0,0,0,City Street,Municipal/City Police,Union Gap Police Department,0,0,0,1,0,,,,,,0,0,0,,,,,,,,,,,98,98,98,0,,,,,20,7,,,,,,,,,,,,,,,
2019,308,E957257,300,09/04/2019,18:12,4,9,,77,Yakima,2340,1,0,1,1,2,1,0,4,4,,,,12,0,1,0,1,0,1,7,2,4,6,0,0,0,0,W VALLEY MALL BLVD,,-120.5035083,46.56333611,0,1,20,50,3,40,80,0,0,1,5,12,1,1,2,2,3,1,1,53,0,73,703,2014,0,0,12,12,,,,,1,1,44,2,1,,4,0,20,7,11,4,09/04/2019,18:44,2.59E+11,40096,0,0,0,2,1,0,0,0,0,96,,,,,,99,,,,,,98908,53,65,120,1,1,0,3,0,0,,0,,,,,,4,02/15/2015,06/15/2017,20,8,0,0,0,9,8,,,0,0,0,8,9,2,401,417,,1,1,,2,1,0,,,,,,,,,,,,,,,,,,,,,,,,,,,,,,0,0,0,0,0,0,1,1,0,0,0,0,1,1,1,0,0,0,0,0,0,0,0,0,0,1,1,1,1,1,0,0,0,0,1,0,0,0,0,0,0,0,1,1,0,1,0,1,0,0,1,0,,,,,,41-45,36-45,City street,U,Wednesday,,MC,Hispanic,0,0,0,0,City Street,Municipal/City Police,Union Gap Police Department,0,0,0,1,0,,,,,,0,0,4,,,,,,,,,,,0,0,0,298,,,,,19,0,,,,,,,,,,,,,,,
2019,308,E957257,300,09/04/2019,18:12,4,9,,77,Yakima,2340,1,0,1,1,2,1,0,4,4,,,,12,0,1,0,1,0,1,7,2,4,6,0,0,0,0,W VALLEY MALL BLVD,,-120.5035083,46.56333611,0,2,21,53,3,40,34,0,0,1,5,12,1,1,2,2,5,1,1,53,0,20,471,2003,0,0,12,12,,,,,1,1,76,1,0,,0,0,3,0,11,0,,,,,0,0,0,3,1,0,0,0,0,0,,,,,,0,,,,,,98908,53,72,240,6,1,0,0,0,0,,0,,,,,,0,,,20,0,0,0,8,9,8,,,0,0,0,8,0,8,95,,,96,,,8,95,995,,,,,,,,,,,,,,,,,,,,,,,,,,,,,,0,0,0,0,0,0,1,1,0,0,0,0,1,1,1,0,0,0,0,0,0,0,0,0,0,1,1,1,1,1,0,0,0,0,0,,0,0,0,0,0,0,0,0,0,0,0,0,0,0,0,0,,,,,,76-80,76+,City street,U,Wednesday,Belt Used,PV,Not Fatal,0,0,0,0,City Street,Municipal/City Police,Union Gap Police Department,0,0,0,1,0,,,,,,0,0,0,,,,,,,,,,,98,98,98,0,,,,,20,7,,,,,,,,,,,,,,,
2019,308,E957257,300,09/04/2019,18:12,4,9,,77,Yakima,2340,1,0,1,1,2,1,0,4,4,,,,12,0,1,0,1,0,1,7,2,4,6,0,0,0,0,W VALLEY MALL BLVD,,-120.5035083,46.56333611,0,4,98,98,7,40,34,0,0,1,5,12,1,1,2,1,5,1,1,53,0,7,482,2002,0,0,12,,,,,,1,1,39,1,0,,0,0,3,0,11,0,,,,,0,0,3,3,1,0,0,0,0,0,,,,,,0,,,,,,98908,53,74,285,6,1,0,1,0,0,,0,,,,,,0,09/15/2016,09/15/2016,20,0,0,0,8,9,8,,,0,0,0,8,0,8,95,,,96,,,8,95,995,,,,,,,,,,,,,,,,,,,,,,,,,,,,,,0,0,0,0,0,0,1,1,0,0,0,0,1,1,1,0,0,0,0,0,0,0,0,0,0,1,1,1,1,1,0,0,0,0,0,,0,0,0,0,0,0,0,0,0,0,0,0,0,0,0,0,,,,,,36-40,36-45,City street,U,Wednesday,Belt Used,PV,Not Fatal,0,0,0,0,City Street,Municipal/City Police,Union Gap Police Department,0,0,0,1,0,,,,,,0,0,0,,,,,,,,,,,98,98,98,0,,,,,20,7,,,,,,,,,,,,,,,
2019,319,E957569,3,08/20/2019,18:24,20,8,,67,Thurston,0,1,0,1,1,2,1,0,2,2,,,,12,0,1,16.6,8,0,1,4,1,1,3,0,0,0,0,SR-507,,-122.8149722,46.85812778,0,1,24,52,3,50,4,0,0,1,2,12,1,1,2,1,1,1,1,41,0,12,23,2013,0,0,12,,,,,,1,1,21,1,7,,4,0,3,0,11,4,08/21/2019,2:25,1.96E+11,37270,0,0,0,0,1,0,0,0,0,93,,,,,,9,,,,,,59901,30,,999,3,1,0,0,98,0,,0,,,,,,4,,,1,0,0,0,0,9,8,,,0,0,0,8,1,2,605,695,,1,1,,2,1,0.11,,,,,,,,,,,,,,,,,,,,,,,,,,,,,,0,0,0,0,1,1,1,1,1,0,0,0,1,1,0,0,1,0,0,0,0,0,0,1,1,1,1,0,0,1,1,0,0,0,0,,1,0,0,0,0,1,1,1,1,1,0,1,0,0,0,1,,,,,,21-25,16-25,State route,R,Tuesday,Belt Used,PV,White,0,0,0,0,State Route,State Patrol,Washington State Patrol,0,1,0,0,0,thc,6.7,carboxy-thc,32,,0,0,0,,,,,,,,,,,98,98,98,1,,,,,20,7,,,,,,,,,,,,,,,
2019,319,E957569,3,08/20/2019,18:24,20,8,,67,Thurston,0,1,0,1,1,2,1,0,2,2,,,,12,0,1,16.6,8,0,1,4,1,1,3,0,0,0,0,SR-507,,-122.8149722,46.85812778,0,2,25,53,3,50,61,0,0,1,5,12,1,1,2,1,11,1,3,53,0,23,898,1980,0,0,12,,,,,,1,1,71,1,0,,0,0,2,0,11,0,,,,,0,0,0,9,1,0,0,0,0,0,,,,,,0,,,,,,98589,53,72,230,6,1,0,0,0,0,,0,,,,,,0,,,20,0,0,0,8,9,8,,,0,0,0,8,0,8,95,,,96,,,8,95,995,,,,,,,,,,,,,,,,,,,,,,,,,,,,,,0,0,0,0,1,1,1,1,1,0,0,0,1,1,0,0,1,0,0,0,0,0,0,1,1,1,1,0,0,1,1,0,0,0,0,,0,0,0,0,0,0,0,0,0,0,0,0,0,0,0,0,,,,,,71-75,66-75,State route,R,Tuesday,,MHTRUCK,Not Fatal,0,0,0,0,State Route,State Patrol,Washington State Patrol,0,1,0,0,0,,,,,,0,0,0,,,,,,,,,,,0,0,0,0,,,,,20,7,,,,,,,,,,,,,,,
2019,320,E957866,2,09/07/2019,15:10,7,9,,29,Island,0,10,0,1,1,2,1,0,4,2,,,,1,0,0,9.8,8,0,1,5,2,2,4,0,0,0,0,CR-AULT FIELD RD,,-122.6671361,48.32586944,0,1,98,98,7,35,80,0,0,1,7,12,1,1,3,5,6,1,1,53,0,98,709,2019,0,0,1,12,,,,,1,1,24,1,7,,4,7,20,7,11,0,09/07/2019,15:10,53041032,41032,0,0,3,3,1,33,38,0,0,93,,,,,,99,,,,,,11575,36,71,999,6,1,0,0,1,0,,46,,,,,,0,06/15/2016,06/15/2016,20,8,0,0,0,9,8,,,0,0,0,8,9,2,1,,,1,,,2,1,0,,,,,,,,,,,,,,,,,,,,,,,,,,,,,,0,0,0,0,0,0,0,0,0,0,0,0,0,0,0,0,1,0,1,0,0,0,0,1,1,0,0,0,1,0,0,0,0,0,1,0,0,0,0,0,0,0,0,0,1,0,1,0,0,0,0,0,,,,,,21-25,16-25,County road,U,Saturday,,MC,Black,0,0,0,0,County Road,State Patrol,Washington State Patrol,0,0,1,0,0,,,,,,0,0,0,,,,,,,,,,,0,0,0,2,,,,,5,0,,,,,,,,,,,,,,,
2019,320,E957866,2,09/07/2019,15:10,7,9,,29,Island,0,10,0,1,1,2,1,0,4,2,,,,1,0,0,9.8,8,0,1,5,2,2,4,0,0,0,0,CR-AULT FIELD RD,,-122.6671361,48.32586944,0,2,98,98,7,35,73,0,0,1,5,12,1,1,3,5,10,3,2,53,0,98,850,1987,0,0,12,,,,,,1,1,48,1,0,,0,0,3,0,11,0,,,,,0,0,0,3,1,48,0,0,0,96,,,,,,0,,,,,,98277,53,67,180,6,1,0,0,0,0,,0,,,,,,0,,,20,0,0,0,8,9,8,,,0,0,0,8,0,8,95,,,96,,,8,95,995,,,,,,,,,,,,,,,,,,,,,,,,,,,,,,0,0,0,0,0,0,0,0,0,0,0,0,0,0,0,0,1,0,1,0,0,0,0,1,1,0,0,0,1,0,0,0,0,0,0,,0,0,0,0,0,0,0,0,0,0,0,0,0,0,0,0,,,,,,46-50,46-55,County road,U,Saturday,,MHOME,Not Fatal,0,0,0,0,County Road,State Patrol,Washington State Patrol,0,0,1,0,0,,,,,,0,0,0,,,,,,,,,,,0,0,0,0,,,,,20,7,,,,,,,,,,,,,,,
2019,311,E957923,5,08/20/2019,15:32,20,8,,15,Cowlitz,0,10,0,1,1,2,1,0,1,2,,,,14,0,0,7.3,1,0,1,4,1,1,3,0,0,0,0,SR-504,,-122.79515,46.31074444,0,1,11,13,2,55,34,0,0,1,2,14,2,3,2,1,14,1,1,53,0,12,473,2001,0,0,63,14,,,,,1,1,66,2,7,,4,7,2,0,11,0,08/20/2019,15:32,53037789,37789,0,0,3,3,1,0,0,0,0,96,,,,,,99,,,,,,98649,53,66,127,6,1,0,0,0,0,,0,,,,,,0,,,1,0,0,0,0,9,8,,,0,0,0,8,1,2,1,,,1,,,2,1,0,,,,,,,,,,,,,,,,,,,,,,,,,,,,,,0,0,0,0,1,0,0,0,0,0,0,0,0,0,0,0,0,0,0,0,0,0,0,0,0,1,0,0,0,1,1,0,0,0,0,,1,0,0,0,0,0,0,0,0,0,0,0,0,0,0,1,,,,,,66-70,66-75,State route,R,Tuesday,Belt Used,PV,White,0,1,0,0,State Route,State Patrol,Washington State Patrol,1,1,0,0,0,,,,,,0,0,0,,,,,,,,,,,98,98,98,1,,,,,20,7,,,,,,,,,,,,,,,
2019,310,E957982,6,08/01/2019,5:07,1,8,,25,Grant,0,1,0,4,1,2,2,0,4,2,,,,12,0,2,46.6,1,0,1,5,1,1,3,0,0,0,0,SR-24,,-119.6859806,46.66873611,0,2,51,62,4,60,6,0,0,1,2,12,2,2,2,1,14,2,1,53,0,6,52,2007,0,0,12,2,,,,,1,1,65,1,7,,4,0,3,0,11,1,08/12/2019,12:30,1.96E+11,36466,0,0,3,3,1,0,0,0,0,96,,,,,,0,,,,,,99343,53,70,190,6,1,0,0,0,2,,0,,,,,,0,02/15/2015,05/15/2017,1,0,0,0,0,9,8,,,0,0,0,8,0,2,1,,,1,,,2,1,0,,,,,,,,,,,,,,,,,,,,,,,,,,,,,,0,0,0,0,0,0,0,0,0,0,0,0,0,0,0,0,0,0,0,0,0,1,1,0,1,1,0,0,0,1,0,0,0,0,0,,1,0,0,0,0,0,0,0,0,0,0,0,0,0,0,0,,,,,,61-65,56-65,State route,R,Thursday,Belt Used,PV,White,0,1,1,0,State Route,State Patrol,Washington State Patrol,0,1,0,0,0,,,,,,0,0,0,,,,,,,,,,,98,98,98,1,,,,,20,7,,,,,,,,,,,,,,,
2019,310,E957982,6,08/01/2019,5:07,1,8,,25,Grant,0,1,0,4,1,2,2,0,4,2,,,,12,0,2,46.6,1,0,1,5,1,1,3,0,0,0,0,SR-24,,-119.6859806,46.66873611,0,1,50,10,2,60,5,0,0,1,2,12,1,2,2,1,6,2,2,53,0,37,39,2007,0,0,68,12,2,,,,1,1,18,1,0,,3,0,20,7,11,1,,,,,0,0,0,3,1,28,33,0,0,96,,,,,,0,,,,,,99349,53,64,135,6,1,0,1,0,1,,97,,,,,,0,03/15/2019,05/15/2019,1,0,0,0,8,1,1,,,0,0,0,0,0,2,1,,,1,,,2,1,0,,,,,,,,,,,,,,,,,,,,,,,,,,,,,,0,0,0,0,0,0,0,0,0,0,0,0,0,0,0,0,0,0,0,0,0,1,1,0,1,1,0,0,0,1,0,0,0,0,0,,0,0,0,0,0,0,0,0,0,0,0,0,0,0,0,0,,,,,,18-20,16-25,State route,R,Thursday,Not Used,PV,Not Fatal,0,1,1,0,State Route,State Patrol,Washington State Patrol,0,1,0,0,0,,,,,,0,0,0,,,,,,,,,,,98,98,98,0,,,,,20,7,,,,,,,,,,,,,,,
2019,321,E957985,4,09/06/2019,2:59,6,9,,63,Spokane,0,1,0,2,1,2,1,0,3,2,,,,12,0,2,5,1,0,1,3,2,1,3,0,0,0,0,SR-291,,-117.5068972,47.73443611,0,1,50,10,2,98,80,0,0,1,2,12,2,1,2,1,14,1,2,53,0,53,706,2004,0,0,68,12,,,,,1,1,25,1,7,,4,7,20,7,11,0,09/06/2019,2:59,53039967,39967,0,0,0,2,1,28,0,0,0,96,,,,,,9,,,,,,99205,53,72,180,1,1,1,1,0,2,,0,,,,,,3,05/15/2017,02/15/2019,20,8,0,0,0,9,8,,,0,0,0,8,1,2,1,,,1,,,2,1,0.16,,,,,,,,,,,,,,,,,,,,,,,,,,,,,,0,0,0,0,1,1,0,1,0,0,0,0,1,1,1,0,0,0,0,0,0,0,0,1,1,0,0,0,1,1,0,0,0,0,1,0,0,0,0,0,0,1,0,1,0,1,0,1,0,1,0,1,,,,,,21-25,16-25,State route,U,Friday,,MC,White,0,0,0,1,State Route,State Patrol,Washington State Patrol,0,1,0,0,0,,,,,,0,1,2,,,,,,,,,,,0,0,0,1,,,,,5,0,,,,,,,,,,,,,,,
2019,321,E957985,4,09/06/2019,2:59,6,9,,63,Spokane,0,1,0,2,1,2,1,0,3,2,,,,12,0,2,5,1,0,1,3,2,1,3,0,0,0,0,SR-291,,-117.5068972,47.73443611,0,2,51,62,4,55,2,0,0,1,2,12,3,1,2,1,14,2,2,53,0,20,16,2002,0,0,12,,,,,,1,1,23,1,0,,1,0,3,0,11,4,,,,,0,0,0,3,1,0,0,0,0,96,,,,,,0,,,,,,99206,53,72,150,6,1,0,1,1,1,,0,,,,,,0,11/15/2015,01/15/2016,8,0,0,0,8,9,8,,,0,0,0,8,0,8,95,,,96,,,8,95,995,,,,,,,,,,,,,,,,,,,,,,,,,,,,,,0,0,0,0,1,1,0,1,0,0,0,0,1,1,1,0,0,0,0,0,0,0,0,1,1,0,0,0,1,1,0,0,0,0,0,,0,0,0,0,0,0,0,0,0,0,0,0,0,0,0,0,,,,,,21-25,16-25,State route,U,Friday,Belt Used,PV,Not Fatal,0,0,0,1,State Route,State Patrol,Washington State Patrol,0,1,0,0,0,,,,,,0,0,0,,,,,,,,,,,98,98,98,0,,,,,20,7,,,,,,,,,,,,,,,
2019,323,E958440,42,09/09/2019,17:50,9,9,,67,Thurston,0,10,0,5,2,2,1,0,2,1,,,,42,0,0,0.2,1,0,1,7,1,2,4,0,0,0,0,CR-SUMMIT LAKE RD NW,,-123.1054778,47.03587222,0,1,1,13,2,35,4,0,0,1,7,42,1,2,2,1,1,2,2,53,0,19,23,2017,0,0,63,42,,,,,1,1,27,2,7,,4,0,3,0,11,4,09/09/2019,20:40,1.96E+11,41110,0,0,0,3,1,0,0,0,0,96,,,,,,9,,,,,,98502,53,64,130,6,1,0,0,0,0,,0,,,,,,3,,,8,0,0,0,0,9,8,,,0,0,0,8,1,2,348,,,1,,,2,1,0.16,,,,,,,,,,,,,,,,,,,,,,,,,,,,,,0,0,1,0,1,1,1,1,0,0,0,0,1,0,0,0,0,0,0,0,0,0,0,0,0,0,0,0,0,1,0,0,0,0,0,,1,0,0,0,0,1,1,1,0,1,0,0,0,0,0,1,,,,,,26-30,26-35,County road,R,Monday,Belt Used,PV,Multiracial,0,1,0,0,County Road,County Sheriff,Thurston County Sheriff's Office,1,0,1,0,0,,,,,,0,0,0,,,,,,,,,,,98,98,98,201,268,,,,20,7,,,,,,,,,,,,,,,
2019,312,E958461,2,09/02/2019,17:46,2,9,,73,Whatcom,0,1,0,1,1,2,1,0,4,2,,,,12,0,2,14.1,2,0,7,4,1,1,3,0,0,0,0,SR-542,DEMING RD,-122.2096028,48.821075,0,1,68,10,2,55,34,0,0,1,5,12,1,1,2,1,11,1,2,53,0,20,481,1987,0,0,12,,,,,,1,1,47,1,7,,4,7,99,7,11,0,09/02/2019,17:46,53039270,39270,0,0,3,2,1,38,0,0,0,96,,,,,,9,,,,,,98249,53,65,175,1,1,1,1,1,0,,0,,,,,,0,01/15/2017,08/15/2017,20,0,0,0,0,1,8,,,0,0,0,8,1,2,1,,,1,,,2,1,0.27,,,,,,,,,,,,,,,,,,,,,,,,,,,,,,0,0,0,1,1,1,0,1,0,0,0,0,0,1,0,0,0,0,1,0,0,0,0,0,0,0,0,0,0,1,1,0,0,0,0,,1,0,0,0,0,1,0,1,0,0,1,1,0,1,0,1,,,,,,46-50,46-55,State route,R,Monday,Unknown,PV,Multiracial,1,0,0,0,State Route,State Patrol,Washington State Patrol,0,1,0,0,0,,,,,,0,1,3,,,,,,,,,,,0,0,0,203,298,,,,20,7,,,,,,,,,,,,,,,
2019,312,E958461,2,09/02/2019,17:46,2,9,,73,Whatcom,0,1,0,1,1,2,1,0,4,2,,,,12,0,2,14.1,2,0,7,4,1,1,3,0,0,0,0,SR-542,DEMING RD,-122.2096028,48.821075,0,2,69,62,4,55,67,1,0,1,2,12,1,1,2,1,1,3,9,95,0,7,880,2017,0,0,12,,,,,,1,1,37,1,0,,0,0,3,0,11,0,,,,,0,0,0,3,1,0,0,0,0,96,,,,,,0,,,,,,98273,53,64,161,6,1,0,0,0,0,,0,,,,,,0,,,8,0,0,0,8,9,8,,,0,0,0,8,0,8,95,,,96,,,8,95,995,,,,,,,,,,,,,,,,,,,,,,,,,,,,,,0,0,0,1,1,1,0,1,0,0,0,0,0,1,0,0,0,0,1,0,0,0,0,0,0,0,0,0,0,1,1,0,0,0,0,,0,0,0,0,0,0,0,0,0,0,0,0,0,0,0,0,,,,,,36-40,36-45,State route,R,Monday,,MHTRUCK,Not Fatal,1,0,0,0,State Route,State Patrol,Washington State Patrol,0,1,0,0,0,,,,,,0,0,0,,,,,,,,,,,98,98,98,0,,,,,20,7,,,,,,,,,,,,,,,
2019,367,E959018,330,09/09/2019,8:32,9,9,,77,Yakima,2590,10,0,1,1,2,1,0,3,2,,,,12,0,6,0,2,0,3,7,2,4,6,0,0,20,3,S 16TH AVE,GRANT ST,-120.5303333,46.58247222,0,1,82,15,2,25,4,0,0,1,7,12,1,1,8,1,11,2,1,53,0,49,43,2004,0,0,12,,,,,,1,1,36,1,0,,1,0,3,0,11,8,,,,,0,0,3,3,1,38,0,0,0,96,,,,,,0,,,,,,98902,53,71,150,6,1,0,0,0,0,,46,,,,,,0,01/15/2018,01/15/2018,20,0,0,0,8,9,8,,,0,0,0,8,0,8,95,,,96,,,8,95,995,,,,,,,,,,,,,,,,,,,,,,,,,,,,,,0,0,0,1,0,0,0,0,0,0,0,0,0,0,0,0,0,0,1,0,0,0,0,0,0,1,1,1,0,1,0,0,0,0,0,,0,0,0,0,0,0,0,0,0,0,1,0,0,0,0,0,,,,,,36-40,36-45,City street,U,Monday,Belt Used,PV,Not Fatal,1,0,0,0,City Street,Municipal/City Police,Yakima Police Department,0,0,0,1,0,,,,,,0,0,1,,,,,,,,,,,98,98,98,0,,,,,20,7,,,,,,,,,,,,,,,
2019,367,E959018,330,09/09/2019,8:32,9,9,,77,Yakima,2590,10,0,1,1,2,1,0,3,2,,,,12,0,6,0,2,0,3,7,2,4,6,0,0,0,0,S 16TH AVE,GRANT ST,-120.5303333,46.58247222,0,2,83,67,4,35,4,0,0,1,7,12,1,1,5,5,1,1,1,53,0,6,16,1992,0,0,12,,,,,,1,1,84,1,7,,4,0,3,0,11,4,09/20/2019,9:16,2.59E+11,42068,0,0,3,3,1,0,0,0,0,96,,,,,,0,,,,,,98903,53,71,250,6,1,0,0,0,0,,0,,,,,,0,03/15/2017,03/15/2017,20,0,0,0,0,9,8,,,0,0,0,8,0,8,95,,,96,,,8,95,995,,,,,,,,,,,,,,,,,,,,,,,,,,,,,,0,0,0,1,0,0,0,0,0,0,0,0,0,0,0,0,0,0,1,0,0,0,0,0,0,1,1,1,0,1,0,0,0,0,0,,1,0,0,0,0,0,0,0,0,0,0,0,0,0,0,0,,,,,,81+,76+,City street,U,Monday,Belt Used,PV,White,1,0,0,0,City Street,Municipal/City Police,Yakima Police Department,0,0,0,1,0,,,,,,0,0,1,,,,,,,,,,,0,0,0,1,,,,,20,7,,,,,,,,,,,,,,,
2019,313,E959103,2,08/18/2019,11:33,18,8,,61,Snohomish,0,1,0,1,1,2,1,0,3,2,,,,12,0,2,12.2,1,0,1,3,1,1,2,0,0,0,0,US-2,,-122.0200417,47.88086667,0,2,51,62,4,60,6,0,0,1,7,12,1,1,2,1,1,2,2,53,0,63,37,2015,0,0,12,,,,,,1,1,68,1,0,,1,0,3,0,11,4,,,,,0,0,0,3,1,0,0,0,0,96,,,,,,0,,,,,,98208,53,70,250,6,1,0,0,0,1,,0,,,,,,0,06/15/2017,06/15/2017,1,0,0,0,8,9,8,,,0,0,0,8,0,8,95,,,96,,,8,95,995,,,,,,,,,,,,,,,,,,,,,,,,,,,,,,0,0,0,0,1,1,1,1,1,0,0,0,0,0,1,0,0,0,0,0,0,0,0,0,0,1,0,0,1,1,0,0,0,0,0,,0,0,0,0,0,0,0,0,0,0,0,0,0,0,0,0,,,,,,66-70,66-75,US highway,R,Sunday,Belt Used,PV,Not Fatal,0,1,1,0,State Route,State Patrol,Washington State Patrol,0,1,0,0,0,,,,,,0,0,0,,,,,,,,,,,98,98,98,0,,,,,20,7,,,,,,,,,,,,,,,
2019,313,E959103,2,08/18/2019,11:33,18,8,,61,Snohomish,0,1,0,1,1,2,1,0,3,2,,,,12,0,2,12.2,1,0,1,3,1,1,2,0,0,0,0,US-2,,-122.0200417,47.88086667,0,1,50,10,2,98,80,0,0,1,7,12,1,1,2,1,1,1,1,53,0,98,709,2012,0,0,68,12,,,,,1,1,62,1,7,,4,7,20,7,11,0,08/18/2019,11:33,53037163,37163,0,0,0,2,1,28,0,0,0,96,,,,,,9,,,,,,98272,53,72,180,6,1,0,0,0,0,,0,,,,,,0,,,20,8,0,0,0,1,8,,,0,0,0,8,1,2,605,695,,1,1,,2,1,0.14,,,,,,,,,,,,,,,,,,,,,,,,,,,,,,0,0,0,0,1,1,1,1,1,0,0,0,0,0,1,0,0,0,0,0,0,0,0,0,0,1,0,0,1,1,0,0,0,0,1,0,0,0,0,0,0,1,1,1,0,0,0,0,0,0,0,1,,,,,,61-65,56-65,US highway,R,Sunday,,MC,White,0,1,1,0,State Route,State Patrol,Washington State Patrol,0,1,0,0,0,thc,6.2,carboxy-thc,5.2,,0,0,0,,,,,,,,,,,0,0,0,1,,,,,5,0,,,,,,,,,,,,,,,