year,case,par,repjur,crash_dt,crash_tm,accday,accmon,holiday,county,co_char,city,weather,weather2,lightcond,surfcond,surftype,numfatal,nmforms,pforms,vforms,not_tm,arr_tm,hosp_tm,fhevent,hitrun,manncol,milepnt,reljunc,reljuncinter,intersectiontype,funcsystem,landuse,ownership,route,schlbus,spejur,contdev,devfunc,trafid1,trafid2,x,y,wk_zone,vnumber,crashtype,criticalevent,criticaleventcat,spdlim,body,trailer,emerg,hazcargo,leave,mhevent,roadalgn,roadprof,traflane,trafflow,vehmanvr,numoccs,regowner,regstate,spuse,make,model,modelyr,vrf1,vrf2,seqevent1,seqevent2,seqevent3,seqevent4,seqevent5,seqevent6,pnumber,ptype,age,sex,hispanic,race,injury,diedscene,restraint,restraintmisuse,seatpos,takehosp,death_dt,death_tm,cert,cernum_wa,commlic,licendor,licrestrict,liccomp,drivpres,drf1,drf2,drf3,drf4,distract1,distract2,distract3,distract4,distract5,distract6,dricond1,dricond2,dricond3,dricond4,dricond5,dricond6,dzip,licstate,drhgt_in,weight,noncdl,noncdltype,prevdwi,prevoth,prevacc,prevspd,prevsus,driviol1,driviol2,driviol3,driviol4,driviol5,driviol6,spdrel,first_dt,last_dt,airbag,ejection,ejectpath,extricat,injurwrk,methalc,methdrug,nmlocat,strikveh,prf1,prf2,prf3,druginv,alcinvol,drugsts,drugres1,drugres2,drugres3,drugtst1,drugtst2,drugtst3,alcsts,alctst,alcres,nmact1,nmact2,nmact3,nmact4,nmact5,nmact6,nmprior1,nmprior2,nmprior3,nmprior4,nmprior5,nmprior6,nmcond1,nmcond2,nmcond3,nmcond4,nmcond5,nmcond6,nmsafe_helmet,nmsafe_pads,nmsafe_oth,nmprev_ref,nmprev_lgt,nmprev_oth,crashlocation,nmcrashtype,crosswalk,schoolzone,sidewalk,train_inv,wildlife_inv,rotr_fars,intersect_fars,dd_inv,aid_inv,dpd_inv,id_inv,mj_inv,impnm_inv,ainm_inv,dpnm_inv,speed_inv,unlic_inv,unendmc_inv,drowsy_inv,drdist_inv,nmdist_inv,fty_inv,unrestfat_inv,dr1617_inv,dr1820_inv,dr1620_inv,dr2125_inv,dr1625_inv,dr65_inv,dr70_inv,dr75_inv,mc_inv,pv_inv,ht_inv,ped_inv,bike_inv,unrest_fat,mc_fat,unhelmet_mc,pv_fat,ht_fat,ped_fat,bike_fat,dr_alc7,dr_alc8,dr_drug,dr_imp,dr_dist,dr_spd,dr_fty,dr_unlic,dr_alc7only,dr_alc8only,dr_drugonly,dr_drink,nm_imp,nm_alc7,nm_alc8,nm_drug,nm_dist,agegrp1,agegrp2,roadclass,urbrur,dayweek,restuse,vehtype,race_me,intersect,lanedep,oppdir,wrongway,rep_typ,investag,repag_long,rotr,st_rd,cty_rd,city_rd,oth_rd,drug_thc,thc_res,drug_cthc,cthc_res,drug_cann,prevpersemin,prevperse,prevsusoth,drugtst4,drugtst5,drugtst6,drugtst7,drugtst8,drugres4,drugres5,drugres6,drugres7,drugres8,adspresent,adsengaged,adslevel,race1,race2,race3,race4,race5,helmet,helmetmisuse,nmdistract1,nmdistract2,nmdistract3,nmdistract4,nmdistract5,nmdistract6,lab,isedtcase,crf1,crf2,crf3,CoRoadName,CoMP,IntCoRoadName,IntCoMP
2019,324,E959445,7,09/10/2019,23:06,10,9,,33,King,1050,1,0,2,1,2,1,1,1,2,,,,8,1,0,21,1,0,1,1,2,1,1,0,0,0,0,I-405,,-122.1882472,47.71946667,0,1,13,80,5,60,66,1,0,1,5,8,1,2,5,3,1,99,9,99,0,99,884,9999,0,0,8,18,14,,,,1,1,999,8,0,,0,0,99,7,11,0,,,,,99,9,9,9,1,0,0,0,0,96,,,,,,99,,,,,,99999,99,,999,9,9,99,99,99,99,,0,,,,,,0,,,99,9,0,0,8,9,8,,,0,0,0,8,9,8,95,,,96,,,8,95,995,,,,,,,,,,,,,,,,,,,,,,,,,,,,,,0,0,0,0,0,0,0,0,0,0,0,0,0,0,0,0,0,0,0,0,0,0,0,0,0,0,0,0,0,1,1,1,0,0,0,,0,0,0,0,0,0,0,0,0,0,0,0,0,0,0,0,,,,,,,,Interstate,U,Tuesday,,MHTRUCK,Not Fatal,0,0,0,0,State Route,State Patrol,Washington State Patrol,0,1,0,0,0,,,,,,99,99,99,,,,,,,,,,,98,98,98,0,,,,,20,7,,,,,,,,,,,,,,,
2019,325,E959510,6,09/05/2019,13:35,5,9,,37,Kittitas,0,1,0,1,1,2,1,0,1,1,,,,1,0,0,110.8,1,0,1,1,1,1,1,0,0,0,0,I-90,,-120.4755028,46.97048611,0,1,6,1,1,70,34,0,0,1,7,1,1,1,2,2,1,1,1,53,0,41,471,2000,0,0,61,64,1,,,,1,1,69,1,7,,4,7,20,7,11,0,09/05/2019,13:35,62053040660,40660,0,0,0,3,1,80,0,0,0,96,,,,,,99,,,,,,99202,53,75,300,6,1,0,1,0,0,,0,,,,,,0,03/15/2015,03/15/2015,20,2,9,0,0,9,8,,,0,0,0,8,9,8,95,,,96,,,8,95,995,,,,,,,,,,,,,,,,,,,,,,,,,,,,,,0,0,1,0,0,0,0,0,0,0,0,0,0,0,0,0,0,0,0,1,0,0,0,0,0,1,0,0,0,1,0,0,0,1,0,,1,0,0,0,0,0,0,0,0,0,0,0,0,0,0,0,,,,,,66-70,66-75,Interstate,R,Thursday,Not Used,PV,White,0,1,0,0,State Route,State Patrol,Washington State Patrol,1,1,0,0,0,,,,,,0,0,0,,,,,,,,,,,98,98,98,1,,,,,20,7,,,,,,,,,,,,,,,
2019,497,E959529,1,08/27/2019,7:15,27,8,,39,Klickitat,0,1,0,1,1,2,1,0,1,1,,,,35,0,0,100.9,3,0,3,3,1,1,3,0,0,20,3,SR-97,SR-14,-120.8241222,45.69613889,0,1,14,14,2,55,6,0,0,1,7,1,1,2,2,1,6,1,1,41,0,48,45,2008,0,0,64,71,35,1,,,1,1,76,1,7,,4,0,3,0,11,8,09/02/2019,9:27,1.65E+11,,0,0,0,3,1,33,39,0,0,96,,,,,,0,,,,,,97058,41,71,230,6,1,0,0,0,0,,0,,,,,,0,04/15/2018,04/15/2018,1,0,0,0,0,9,8,,,0,0,0,8,0,8,95,,,96,,,8,95,995,,,,,,,,,,,,,,,,,,,,,,,,,,,,,,0,0,0,1,0,0,0,0,0,0,0,0,0,0,0,0,0,0,0,0,0,0,0,0,0,1,1,1,0,1,0,0,0,0,0,,1,0,0,0,0,0,0,0,0,0,0,0,0,0,0,0,,,,,,76-80,76+,State route,R,Tuesday,Belt Used,PV,White,1,0,0,0,State Route,State Patrol,Washington State Patrol,0,1,0,0,0,,,,,,0,0,1,,,,,,,,,,,98,98,98,1,,,,,20,7,,,,,,,,,,,,,,,
2019,336,E959764,29,09/07/2019,20:04,7,9,,41,Lewis,0,1,0,5,1,2,1,0,1,1,,,,35,0,0,1.5,1,0,1,5,1,2,4,0,0,0,0,CR-HIGHWAY 603,,-122.9985639,46.63107778,0,1,6,6,1,35,6,0,0,1,7,1,3,2,2,1,14,1,1,53,0,48,38,2007,0,0,68,64,35,1,,,1,1,22,1,7,,4,7,20,7,11,0,09/07/2019,20:04,53040277,40277,0,0,0,3,1,0,0,0,0,96,,,,,,99,,,,,,98532,53,73,230,6,1,0,2,2,4,,0,,,,,,4,01/15/2015,07/15/2019,8,1,9,0,0,9,8,,,0,0,0,8,9,2,1,,,1,,,2,1,0.12,,,,,,,,,,,,,,,,,,,,,,,,,,,,,,0,0,1,0,1,1,0,1,0,0,0,0,1,0,0,0,0,0,0,1,0,0,0,1,1,0,0,0,0,1,0,0,0,1,0,,1,0,0,0,0,1,0,1,0,1,0,0,0,1,0,1,,,,,,21-25,16-25,County road,R,Saturday,Not Used,PV,White,0,1,0,0,County Road,County Sheriff,Lewis County Sheriff's Office,1,0,1,0,0,,,,,,0,0,0,,,,,,,,,,,98,98,98,1,,,,,20,7,,,,,,,,,,,,,,,
2019,326,E960295,4,09/10/2019,22:48,10,9,,63,Spokane,2110,1,0,3,1,2,1,1,1,1,,,,8,1,0,280.4,1,0,1,1,2,1,1,0,0,0,0,I-90,,-117.3833306,47.65398056,0,1,13,80,5,60,99,0,0,1,5,8,1,1,4,3,1,99,9,99,0,99,999,9999,0,0,8,,,,,,1,1,999,9,0,,0,0,99,7,11,0,,,,,99,9,9,9,1,0,0,0,0,96,,,,,,99,,,,,,99999,99,,999,9,9,99,99,99,99,,97,,,,,,0,,,99,9,0,0,8,9,8,,,0,0,0,8,9,8,95,,,96,,,8,95,995,,,,,,,,,,,,,,,,,,,,,,,,,,,,,,0,0,0,0,0,0,0,0,0,1,1,1,0,0,0,0,0,0,0,0,0,0,0,0,0,0,0,0,0,0,0,1,0,0,0,,0,0,0,0,0,0,0,0,0,0,0,0,0,0,0,0,,,,,,,,Interstate,U,Tuesday,,NR-U,Not Fatal,0,0,0,0,State Route,State Patrol,Washington State Patrol,0,1,0,0,0,,,,,,99,99,99,,,,,,,,,,,98,98,98,0,,,,,20,7,,,,,,,,,,,,,,,
2019,507,E960349,35,09/14/2019,19:30,14,9,,53,Pierce,0,2,0,2,2,2,1,0,1,1,,,,1,0,0,0.3,1,0,1,7,2,2,4,0,0,0,0,CR-HOUSTON RD E,,-122.2546989,47.2008695,0,1,1,13,2,35,80,0,0,1,2,1,3,1,2,1,14,1,1,53,0,72,706,2014,0,0,63,1,,,,,1,1,63,1,7,,4,0,20,7,11,8,10/01/2019,4:50,2.23E+11,44535,0,0,0,0,1,0,0,0,0,96,,,,,,9,,,,,,98390,53,70,160,0,0,0,0,0,0,,0,,,,,,0,,,20,8,0,0,0,1,8,,,0,0,0,8,1,8,95,,,96,,,2,1,0.1,,,,,,,,,,,,,,,,,,,,,,,,,,,,,,0,0,1,0,1,1,0,1,0,0,0,0,0,1,1,0,0,0,0,0,0,0,0,0,0,0,0,0,1,0,0,0,0,0,1,0,0,0,0,0,0,1,0,1,0,0,0,1,0,1,0,1,,,,,,61-65,56-65,County road,U,Saturday,,MC,White,0,1,0,0,County Road,County Sheriff,Law Enforcement Support Agency,1,0,1,0,0,,,,,,0,0,0,,,,,,,,,,,0,0,0,1,,,,,19,0,,,,,,,,,,,,,,,
2019,327,E960431,35,09/10/2019,8:38,10,9,,53,Pierce,0,1,0,1,1,2,1,0,6,4,,,,12,0,2,9.2,1,0,1,4,2,2,4,0,0,0,0,CR-CANYON RD E,,-122.3576389,47.1178,0,2,51,62,4,45,20,0,0,1,5,12,1,1,3,2,1,3,2,53,0,6,441,2014,0,0,12,12,12,,,,1,1,30,2,0,,1,0,3,0,11,8,,,,,0,0,0,3,1,0,0,0,0,96,,,,,,0,,,,,,98375,53,66,170,6,1,0,0,0,0,,0,,,,,,0,,,1,0,0,0,8,9,8,,,0,0,0,8,0,8,95,,,96,,,8,95,995,,,,,,,,,,,,,,,,,,,,,,,,,,,,,,0,0,0,0,1,0,1,1,1,0,0,0,0,1,0,0,0,0,0,0,0,0,0,1,1,0,0,0,0,1,0,0,0,0,0,,0,0,0,0,0,0,0,0,0,0,0,0,0,0,0,0,,,,,,26-30,26-35,County road,U,Tuesday,Belt Used,PV,Not Fatal,0,1,1,0,County Road,County Sheriff,Law Enforcement Support Agency,0,0,1,0,0,,,,,,0,0,0,,,,,,,,,,,98,98,98,0,,,,,20,7,,,,,,,,,,,,,,,
2019,327,E960431,35,09/10/2019,8:38,10,9,,53,Pierce,0,1,0,1,1,2,1,0,6,4,,,,12,0,2,9.2,1,0,1,4,2,2,4,0,0,0,0,CR-CANYON RD E,,-122.3576389,47.1178,0,3,98,61,4,45,4,0,0,1,5,12,1,1,3,2,1,1,1,53,0,42,48,2019,0,0,12,,,,,,1,1,55,1,0,,1,0,3,0,11,8,,,,,0,0,0,3,1,0,0,0,0,96,,,,,,0,,,,,,98387,53,71,165,6,1,0,0,0,0,,0,,,,,,0,,,20,0,0,0,8,9,8,,,0,0,0,8,0,8,95,,,96,,,8,95,995,,,,,,,,,,,,,,,,,,,,,,,,,,,,,,0,0,0,0,1,0,1,1,1,0,0,0,0,1,0,0,0,0,0,0,0,0,0,1,1,0,0,0,0,1,0,0,0,0,0,,0,0,0,0,0,0,0,0,0,0,0,0,0,0,0,0,,,,,,51-55,46-55,County road,U,Tuesday,Belt Used,PV,Not Fatal,0,1,1,0,County Road,County Sheriff,Law Enforcement Support Agency,0,0,1,0,0,,,,,,0,0,0,,,,,,,,,,,98,98,98,0,,,,,20,7,,,,,,,,,,,,,,,
2019,327,E960431,35,09/10/2019,8:38,10,9,,53,Pierce,0,1,0,1,1,2,1,0,6,4,,,,12,0,2,9.2,1,0,1,4,2,2,4,0,0,0,0,CR-CANYON RD E,,-122.3576389,47.1178,0,4,98,61,4,45,4,0,0,1,5,12,1,1,3,2,1,1,2,53,0,52,46,2015,0,0,12,,,,,,1,1,24,2,0,,1,0,3,0,11,8,,,,,0,0,0,3,1,0,0,0,0,96,,,,,,0,,,,,,98387,53,63,155,6,1,0,0,0,0,,0,,,,,,0,,,20,0,0,0,8,9,8,,,0,0,0,8,0,8,95,,,96,,,8,95,995,,,,,,,,,,,,,,,,,,,,,,,,,,,,,,0,0,0,0,1,0,1,1,1,0,0,0,0,1,0,0,0,0,0,0,0,0,0,1,1,0,0,0,0,1,0,0,0,0,0,,0,0,0,0,0,0,0,0,0,0,0,0,0,0,0,0,,,,,,21-25,16-25,County road,U,Tuesday,Belt Used,PV,Not Fatal,0,1,1,0,County Road,County Sheriff,Law Enforcement Support Agency,0,0,1,0,0,,,,,,0,0,0,,,,,,,,,,,98,98,98,0,,,,,20,7,,,,,,,,,,,,,,,
2019,327,E960431,35,09/10/2019,8:38,10,9,,53,Pierce,0,1,0,1,1,2,1,0,6,4,,,,12,0,2,9.2,1,0,1,4,2,2,4,0,0,0,0,CR-CANYON RD E,,-122.3576389,47.1178,0,1,50,12,2,45,34,0,0,1,5,12,1,1,3,2,1,1,1,53,0,7,482,1994,0,0,64,65,12,,,,1,1,44,1,7,,4,7,3,0,11,0,09/10/2019,8:38,53040422,40422,0,0,0,2,1,28,0,0,0,96,,,,,,99,,,,,,98508,53,69,170,1,1,0,2,1,0,,0,,,,,,0,12/15/2016,02/15/2019,20,0,0,0,0,9,8,,,0,0,0,8,9,2,401,417,996,1,1,1,2,1,0.047,,,,,,,,,,,,,,,,,,,,,,,,,,,,,,0,0,0,0,1,0,1,1,1,0,0,0,0,1,0,0,0,0,0,0,0,0,0,1,1,0,0,0,0,1,0,0,0,0,0,,1,0,0,0,1,0,1,1,0,0,0,1,0,0,0,1,,,,,,41-45,36-45,County road,U,Tuesday,Belt Used,PV,White,0,1,1,0,County Road,County Sheriff,Law Enforcement Support Agency,0,0,1,0,0,thc,7.7,carboxy-thc,14,,0,0,3,1,1,,,,695,605,,,,0,0,0,1,,,,,20,7,,,,,,,,,,,,,,,
2019,328,E960514,2,09/08/2019,5:15,8,9,,61,Snohomish,1215,2,0,3,2,2,1,0,2,2,,,,25,0,0,180.7,1,0,1,1,2,1,1,0,0,0,0,I-5,,-122.2926722,47.81394444,0,2,98,50,3,60,5,0,0,1,5,12,1,1,4,3,1,1,1,53,0,12,37,2012,0,0,12,,,,,,1,1,83,1,0,,0,0,3,0,11,0,,,,,0,0,3,3,1,0,0,0,0,96,,,,,,0,,,,,,98223,53,66,130,6,1,0,0,0,0,,0,,,,,,0,,,20,0,0,0,8,9,8,,,0,0,0,8,0,8,95,,,96,,,8,95,995,,,,,,,,,,,,,,,,,,,,,,,,,,,,,,0,0,0,0,1,1,1,1,0,0,0,0,0,0,0,0,0,0,0,0,0,0,0,0,0,1,1,1,0,1,0,0,0,0,0,,0,0,0,0,0,0,0,0,0,0,0,0,0,0,0,0,,,,,,81+,76+,Interstate,U,Sunday,Belt Used,PV,Not Fatal,0,0,0,1,State Route,State Patrol,Washington State Patrol,0,1,0,0,0,,,,,,0,0,0,,,,,,,,,,,98,98,98,0,,,,,20,7,,,,,,,,,,,,,,,
2019,328,E960514,2,09/08/2019,5:15,8,9,,61,Snohomish,1215,2,0,3,2,2,1,0,2,2,,,,25,0,0,180.7,1,0,1,1,2,1,1,0,0,0,0,I-5,,-122.2926722,47.81394444,0,1,98,12,2,60,3,0,0,1,2,12,1,1,4,3,1,1,2,53,0,55,36,2008,0,0,64,25,69,12,,,1,1,26,1,1,,4,7,99,7,11,0,09/08/2019,5:15,1.22E+11,40517,0,0,0,3,1,51,0,0,0,96,,,,,,9,,,,,,98290,53,73,215,6,1,0,0,0,3,,0,,,,,,0,01/15/2015,07/15/2019,8,0,0,0,0,1,8,,,0,0,0,1,1,2,402,,,1,,,2,1,0.2,,,,,,,,,,,,,,,,,,,,,,,,,,,,,,0,0,0,0,1,1,1,1,0,0,0,0,0,0,0,0,0,0,0,0,0,0,0,0,0,1,1,1,0,1,0,0,0,0,0,,1,0,0,0,0,1,1,1,0,0,0,0,0,0,0,1,,,,,,26-30,26-35,Interstate,U,Sunday,Unknown,PV,Hispanic,0,0,0,1,State Route,State Patrol,Washington State Patrol,0,1,0,0,0,,,,,,0,0,0,,,,,,,,,,,98,98,98,298,,,,,20,7,,,,,,,,,,,,,,,
2019,330,E961241,127,09/12/2019,16:04,12,9,,33,King,735,1,0,1,1,2,1,0,1,1,,,,33,0,0,0,3,0,2,7,2,4,6,0,0,3,3,SW 356TH ST,8TH AVE SW,-122.3452389,47.28195556,0,1,6,12,2,40,80,0,0,1,7,30,2,2,5,5,14,1,1,53,0,50,705,2012,0,0,68,64,33,69,30,,1,1,42,1,7,,4,7,20,7,11,0,09/12/2019,16:04,73553040734,40734,0,0,3,3,1,0,0,0,0,17,,,,,,99,,,,,,98407,53,71,170,6,1,0,0,1,1,,0,,,,,,4,08/15/2016,08/15/2016,20,8,0,0,0,9,8,,,0,0,0,8,9,2,996,996,,1,1,,2,1,0.28,,,,,,,,,,,,,,,,,,,,,,,,,,,,,,0,0,1,1,1,1,1,1,0,0,0,0,1,0,0,0,1,0,0,0,0,0,0,0,0,0,0,0,1,0,0,0,0,0,1,0,0,0,0,0,0,1,1,1,1,1,0,0,0,0,0,1,,,,,,41-45,36-45,City street,U,Thursday,,MC,White,0,1,0,0,City Street,Municipal/City Police,Federal Way Dept of Public Safety,1,0,0,1,0,,,,,,0,0,0,,,,,,,,,,,0,0,0,1,,,,,19,0,,,,,,,,,,,,,,,
2019,331,E961539,4,09/13/2019,0:01,13,9,,43,Lincoln,0,99,0,2,99,2,1,0,1,1,,,,35,0,0,127.2,1,0,1,4,1,1,3,0,0,0,0,SR-28,,-118.1920778,47.54373056,0,1,6,12,2,60,4,0,0,1,2,35,2,1,2,1,14,1,1,30,0,12,23,2007,0,0,68,64,67,35,,,1,1,49,1,7,,4,7,3,0,11,0,09/13/2019,0:01,53040840,40840,0,0,0,3,1,0,0,0,0,96,,,,,,9,,,,,,99201,53,72,154,6,1,2,1,1,0,,0,,,,,,0,04/15/2016,01/15/2019,8,0,0,0,0,9,8,,,0,0,0,1,1,2,996,,,1,,,2,1,0.29,,,,,,,,,,,,,,,,,,,,,,,,,,,,,,0,0,1,0,1,1,1,1,0,0,0,0,0,0,0,0,0,0,0,0,0,0,0,0,0,0,0,0,0,1,0,0,0,0,0,,1,0,0,0,0,1,1,1,0,0,0,0,0,0,0,1,,,,,,46-50,46-55,State route,R,Friday,Belt Used,PV,White,0,1,0,0,State Route,State Patrol,Washington State Patrol,1,1,0,0,0,,,,,,0,0,4,,,,,,,,,,,98,98,98,1,,,,,20,7,,,,,,,,,,,,,,,
2019,332,E961693,3,09/02/2019,14:00,2,9,,67,Thurston,0,1,0,1,1,2,1,0,4,1,,,,42,0,0,355.4,1,0,1,3,1,1,2,0,0,0,0,US-101,,-123.0704917,47.09144167,0,1,1,13,2,60,34,1,0,1,2,2,1,2,2,3,1,4,1,53,0,7,482,2017,0,0,63,42,2,,,,1,1,37,1,0,,3,0,99,7,11,4,,,,,0,0,0,3,1,0,0,0,0,96,,,,,,1,,,,,,98584,53,71,205,6,1,0,0,0,1,,0,,,,,,0,03/15/2015,03/15/2015,99,0,0,0,8,9,2,,,0,0,0,0,0,8,95,,,96,,,8,95,995,,,,,,,,,,,,,,,,,,,,,,,,,,,,,,0,0,1,0,0,0,0,0,0,0,0,0,0,0,0,0,0,0,0,0,0,0,0,0,0,0,0,0,0,1,0,0,0,0,0,,0,0,0,0,0,0,0,0,0,0,0,0,0,0,0,0,,,,,,36-40,36-45,US highway,R,Monday,Unknown,PV,Not Fatal,0,1,0,0,State Route,State Patrol,Washington State Patrol,1,1,0,0,0,,,,,,0,0,0,,,,,,,,,,,98,98,98,0,,,,,20,7,,,,,,,,,,,,,,,
2019,333,E961830,2,09/18/2019,20:35,18,9,,61,Snohomish,170,1,0,3,1,2,1,0,2,2,,,,12,0,7,26.1,1,0,1,1,2,1,1,0,0,0,0,I-405,,-122.2032389,47.78912778,0,2,45,60,4,60,80,0,0,1,7,12,1,2,3,3,1,1,2,53,0,53,706,2007,0,0,12,64,24,,,,1,1,30,1,7,,4,7,20,7,11,0,09/18/2019,21:10,17053041401,41401,0,0,0,3,1,0,0,0,0,96,,,,,,99,,,,,,98001,53,73,200,6,1,0,3,0,0,,0,,,,,,4,11/15/2014,06/15/2016,20,8,0,0,0,9,8,,,0,0,0,8,9,2,605,,,1,,,2,1,0.022,,,,,,,,,,,,,,,,,,,,,,,,,,,,,,0,0,0,0,1,1,1,1,1,0,0,0,1,0,0,0,0,0,0,0,0,0,0,0,0,0,0,0,1,1,0,0,0,0,1,0,0,0,0,0,1,0,1,1,0,1,0,0,0,0,0,1,,,,,,26-30,26-35,Interstate,U,Wednesday,,MC,White,0,0,0,0,State Route,State Patrol,Washington State Patrol,0,1,0,0,0,thc,3,,,,0,0,4,,,,,,,,,,,0,0,0,1,,,,,19,0,,,,,,,,,,,,,,,
2019,333,E961830,2,09/18/2019,20:35,18,9,,61,Snohomish,170,1,0,3,1,2,1,0,2,2,,,,12,0,7,26.1,1,0,1,1,2,1,1,0,0,0,0,I-405,,-122.2032389,47.78912778,0,1,47,10,2,60,4,0,0,1,7,12,1,2,3,3,15,1,1,53,0,54,36,2006,0,0,12,64,24,,,,1,1,42,1,0,,2,0,3,0,11,8,,,,,0,0,0,3,1,91,0,0,0,96,,,,,,9,,,,,,98034,53,71,165,6,1,1,0,1,0,,1,,,,,,4,02/15/2016,03/15/2018,1,0,0,0,8,9,8,,,0,0,0,8,1,2,1,,,1,,,2,1,0.12,,,,,,,,,,,,,,,,,,,,,,,,,,,,,,0,0,0,0,1,1,1,1,1,0,0,0,1,0,0,0,0,0,0,0,0,0,0,0,0,0,0,0,1,1,0,0,0,0,0,,0,0,0,0,0,1,0,1,0,1,0,0,0,1,0,1,,,,,,41-45,36-45,Interstate,U,Wednesday,Belt Used,PV,Not Fatal,0,0,0,0,State Route,State Patrol,Washington State Patrol,0,1,0,0,0,,,,,,0,1,1,,,,,,,,,,,98,98,98,0,,,,,20,7,,,,,,,,,,,,,,,
2019,334,E961901,127,09/13/2019,0:28,13,9,,33,King,735,2,0,3,2,2,1,1,1,1,,,,9,1,0,5,1,0,1,3,2,1,3,0,0,0,0,SR-99,,-122.3141556,47.29613056,0,1,13,83,5,98,99,0,0,1,5,9,1,2,3,2,1,99,9,99,0,99,999,9999,0,0,9,,,,,,1,1,34,8,0,,0,0,99,7,11,0,,,,,99,9,9,9,1,0,0,0,0,92,,,,,,99,,,,,,99999,99,,999,9,9,99,99,99,99,,0,,,,,,0,,,99,9,0,0,8,9,8,,,0,0,0,8,9,8,95,,,96,,,8,95,995,,,,,,,,,,,,,,,,,,,,,,,,,,,,,,0,0,0,0,0,0,0,0,0,1,0,1,0,0,0,0,1,0,0,0,0,0,0,0,0,0,0,0,0,0,0,0,1,0,0,,0,0,0,0,0,0,0,0,1,0,0,0,0,0,0,0,,,,,,31-35,26-35,State route,U,Friday,,NR-U,Not Fatal,0,0,0,0,State Route,Municipal/City Police,Federal Way Dept of Public Safety,0,1,0,0,0,,,,,,99,99,99,,,,,,,,,,,98,98,98,0,,,,,20,7,,,,,,,,,,,,,,,
2019,335,E962250,5,09/14/2019,18:38,14,9,,11,Clark,0,1,0,5,1,2,1,0,2,2,,,,12,0,2,11.7,1,0,1,4,1,1,3,0,0,0,0,SR-500,,-122.476975,45.66495833,0,2,51,62,4,50,4,0,0,1,7,12,3,1,2,1,14,1,2,53,0,37,31,2012,0,0,12,,,,,,1,1,63,2,0,,0,0,3,0,11,0,,,,,0,0,0,3,1,0,0,0,0,96,,,,,,0,,,,,,98607,53,63,130,6,1,0,1,1,0,,0,,,,,,0,04/15/2018,08/15/2018,20,0,0,0,8,9,8,,,0,0,0,8,0,2,1,,,1,,,2,1,0,,,,,,,,,,,,,,,,,,,,,,,,,,,,,,0,0,0,0,1,1,0,1,0,0,0,0,1,0,0,0,0,0,0,0,0,0,0,0,0,0,0,0,1,1,0,0,0,0,0,,0,0,0,0,0,0,0,0,0,0,0,0,0,0,0,0,,,,,,61-65,56-65,State route,R,Saturday,Belt Used,PV,Not Fatal,0,1,1,0,State Route,State Patrol,Washington State Patrol,0,1,0,0,0,,,,,,0,0,0,,,,,,,,,,,98,98,98,0,,,,,20,7,,,,,,,,,,,,,,,
2019,335,E962250,5,09/14/2019,18:38,14,9,,11,Clark,0,1,0,5,1,2,1,0,2,2,,,,12,0,2,11.7,1,0,1,4,1,1,3,0,0,0,0,SR-500,,-122.476975,45.66495833,0,1,50,10,2,50,80,0,0,1,2,12,2,1,2,1,14,1,2,53,0,73,705,2017,0,0,68,12,,,,,1,1,29,1,7,,4,7,20,7,11,0,09/14/2019,18:47,53041859,41859,0,0,3,3,1,28,0,0,0,96,,,,,,99,,,,,,98682,53,74,225,6,1,0,1,0,0,,0,,,,,,4,08/15/2018,08/15/2018,20,8,0,0,0,9,8,,,0,0,0,8,9,2,1,,,1,,,2,1,0.15,,,,,,,,,,,,,,,,,,,,,,,,,,,,,,0,0,0,0,1,1,0,1,0,0,0,0,1,0,0,0,0,0,0,0,0,0,0,0,0,0,0,0,1,1,0,0,0,0,1,0,0,0,0,0,0,1,0,1,0,1,0,0,0,1,0,1,,,,,,26-30,26-35,State route,R,Saturday,,MC,White,0,1,1,0,State Route,State Patrol,Washington State Patrol,0,1,0,0,0,,,,,,0,0,0,,,,,,,,,,,0,0,0,1,,,,,5,0,,,,,,,,,,,,,,,
2019,337,E962462,18,07/21/2019,18:15,21,7,,19,Ferry,0,1,0,1,11,4,1,0,3,1,,,,1,0,0,0.4,1,0,1,7,2,2,4,0,0,0,0,CR-FISH HATCHERY RD,,-118.6560194,48.67808056,0,1,6,12,2,98,96,0,0,1,5,1,2,8,2,1,14,3,1,53,0,98,734,2018,0,0,64,1,,,,,1,1,71,1,7,,4,0,20,7,11,4,07/21/2019,19:38,1.84E+11,33215,0,0,0,1,1,0,0,0,0,96,,,,,,99,,,,,,99166,53,71,250,6,1,0,0,0,0,,0,,,,,,0,,,20,1,9,0,0,9,8,,,0,0,0,8,9,2,1,,,1,,,2,1,0.18,,,,,,,,,,,,,,,,,,,,,,,,,,,,,,0,0,1,0,1,1,0,1,0,0,0,0,0,0,0,0,0,0,0,0,0,0,0,0,0,1,1,0,0,0,0,0,0,0,0,,0,0,0,0,0,1,0,1,0,0,0,0,0,1,0,1,,,,,,71-75,66-75,County road,U,Sunday,,OTHVT,White,0,1,0,0,County Road,County Sheriff,Ferry County Sheriff's Office,1,0,1,0,0,,,,,,0,0,0,,,,,,,,,,,98,98,98,1,,,,,98,7,,,,,,,,,,,,,,,