year,case,par,repjur,crash_dt,crash_tm,accday,accmon,holiday,county,co_char,city,weather,weather2,lightcond,surfcond,surftype,numfatal,nmforms,pforms,vforms,not_tm,arr_tm,hosp_tm,fhevent,hitrun,manncol,milepnt,reljunc,reljuncinter,intersectiontype,funcsystem,landuse,ownership,route,schlbus,spejur,contdev,devfunc,trafid1,trafid2,x,y,wk_zone,vnumber,crashtype,criticalevent,criticaleventcat,spdlim,body,trailer,emerg,hazcargo,leave,mhevent,roadalgn,roadprof,traflane,trafflow,vehmanvr,numoccs,regowner,regstate,spuse,make,model,modelyr,vrf1,vrf2,seqevent1,seqevent2,seqevent3,seqevent4,seqevent5,seqevent6,pnumber,ptype,age,sex,hispanic,race,injury,diedscene,restraint,restraintmisuse,seatpos,takehosp,death_dt,death_tm,cert,cernum_wa,commlic,licendor,licrestrict,liccomp,drivpres,drf1,drf2,drf3,drf4,distract1,distract2,distract3,distract4,distract5,distract6,dricond1,dricond2,dricond3,dricond4,dricond5,dricond6,dzip,licstate,drhgt_in,weight,noncdl,noncdltype,prevdwi,prevoth,prevacc,prevspd,prevsus,driviol1,driviol2,driviol3,driviol4,driviol5,driviol6,spdrel,first_dt,last_dt,airbag,ejection,ejectpath,extricat,injurwrk,methalc,methdrug,nmlocat,strikveh,prf1,prf2,prf3,druginv,alcinvol,drugsts,drugres1,drugres2,drugres3,drugtst1,drugtst2,drugtst3,alcsts,alctst,alcres,nmact1,nmact2,nmact3,nmact4,nmact5,nmact6,nmprior1,nmprior2,nmprior3,nmprior4,nmprior5,nmprior6,nmcond1,nmcond2,nmcond3,nmcond4,nmcond5,nmcond6,nmsafe_helmet,nmsafe_pads,nmsafe_oth,nmprev_ref,nmprev_lgt,nmprev_oth,crashlocation,nmcrashtype,crosswalk,schoolzone,sidewalk,train_inv,wildlife_inv,rotr_fars,intersect_fars,dd_inv,aid_inv,dpd_inv,id_inv,mj_inv,impnm_inv,ainm_inv,dpnm_inv,speed_inv,unlic_inv,unendmc_inv,drowsy_inv,drdist_inv,nmdist_inv,fty_inv,unrestfat_inv,dr1617_inv,dr1820_inv,dr1620_inv,dr2125_inv,dr1625_inv,dr65_inv,dr70_inv,dr75_inv,mc_inv,pv_inv,ht_inv,ped_inv,bike_inv,unrest_fat,mc_fat,unhelmet_mc,pv_fat,ht_fat,ped_fat,bike_fat,dr_alc7,dr_alc8,dr_drug,dr_imp,dr_dist,dr_spd,dr_fty,dr_unlic,dr_alc7only,dr_alc8only,dr_drugonly,dr_drink,nm_imp,nm_alc7,nm_alc8,nm_drug,nm_dist,agegrp1,agegrp2,roadclass,urbrur,dayweek,restuse,vehtype,race_me,intersect,lanedep,oppdir,wrongway,rep_typ,investag,repag_long,rotr,st_rd,cty_rd,city_rd,oth_rd,drug_thc,thc_res,drug_cthc,cthc_res,drug_cann,prevpersemin,prevperse,prevsusoth,drugtst4,drugtst5,drugtst6,drugtst7,drugtst8,drugres4,drugres5,drugres6,drugres7,drugres8,adspresent,adsengaged,adslevel,race1,race2,race3,race4,race5,helmet,helmetmisuse,nmdistract1,nmdistract2,nmdistract3,nmdistract4,nmdistract5,nmdistract6,lab,isedtcase,crf1,crf2,crf3,CoRoadName,CoMP,IntCoRoadName,IntCoMP
2019,338,E963016,73,09/23/2019,7:51,23,9,,33,King,229,10,0,1,1,2,1,0,2,2,,,,12,0,2,0,1,0,1,7,2,4,6,0,0,0,0,S 112TH ST,,-122.3170694,47.50299722,0,1,50,10,2,98,6,0,0,1,7,12,2,1,2,1,14,1,5,53,0,48,34,1999,0,0,68,12,,,,,1,1,30,1,0,,3,0,20,7,11,8,,,,,0,0,0,2,1,28,0,0,0,0,,,,,,2,,,,,,98168,53,73,171,1,1,0,2,0,2,,97,,,,,,0,04/15/2016,06/15/2016,1,0,0,0,8,9,8,,,0,0,0,8,1,8,95,,,96,,,8,95,995,,,,,,,,,,,,,,,,,,,,,,,,,,,,,,0,0,0,0,1,0,1,1,1,0,0,0,0,1,0,1,0,0,0,1,0,0,0,0,0,0,0,0,0,1,0,0,0,0,0,,0,0,0,0,0,0,0,0,0,0,0,1,0,0,0,1,,,,,,26-30,26-35,City street,U,Monday,Not Used,PV,Not Fatal,0,0,0,1,City Street,Municipal/City Police,Burien Police Department,0,0,0,1,0,,,,,,0,0,1,,,,,,,,,,,0,0,0,0,,,,,20,7,,,,,,,,,,,,,,,
2019,338,E963016,73,09/23/2019,7:51,23,9,,33,King,229,10,0,1,1,2,1,0,2,2,,,,12,0,2,0,1,0,1,7,2,4,6,0,0,0,0,S 112TH ST,,-122.3170694,47.50299722,0,2,51,62,4,30,34,0,0,1,5,12,3,1,2,1,14,1,1,53,0,35,498,1991,0,0,12,,,,,,1,1,44,1,6,,4,7,20,7,11,0,09/23/2019,7:51,22953042254,42254,0,0,0,3,1,0,0,0,0,96,,,,,,99,,,,,,98168,53,65,165,6,1,0,1,1,1,,0,,,,,,0,04/15/2016,08/15/2019,20,0,0,0,0,9,8,,,0,0,0,8,9,2,605,695,,1,1,,2,1,0,,,,,,,,,,,,,,,,,,,,,,,,,,,,,,0,0,0,0,1,0,1,1,1,0,0,0,0,1,0,1,0,0,0,1,0,0,0,0,0,0,0,0,0,1,0,0,0,1,0,,1,0,0,0,0,0,1,1,0,0,0,0,0,0,1,0,,,,,,41-45,36-45,City street,U,Monday,Not Used,PV,Hispanic,0,0,0,1,City Street,Municipal/City Police,Burien Police Department,0,0,0,1,0,thc,42,carboxy-thc,29,,0,0,0,,,,,,,,,,,0,0,0,298,,,,,20,7,,,,,,,,,,,,,,,
2019,396,E963305,8,09/18/2019,23:12,18,9,,35,Kitsap,180,1,0,2,1,2,1,0,2,2,,,,12,0,2,33.7,1,0,1,3,2,1,3,0,0,0,0,SR-3,,-122.7156,47.52390556,0,1,98,10,2,55,34,0,0,1,7,1,1,2,3,2,1,1,2,53,0,12,471,1988,0,0,12,1,,,,,1,1,22,2,0,,2,0,3,0,11,8,,,,,0,0,0,2,1,51,91,0,0,96,,,,,,9,,,,,,98312,53,63,130,1,1,0,0,0,1,,9,11,71,,,,0,05/15/2019,05/15/2019,20,0,0,0,8,9,8,,,0,0,0,8,1,2,1,,,1,,,2,1,0.21,,,,,,,,,,,,,,,,,,,,,,,,,,,,,,0,0,0,0,1,1,0,1,0,0,0,0,0,1,0,0,1,0,0,0,0,0,0,1,1,0,0,0,0,1,0,0,0,0,0,,0,0,0,0,0,1,0,1,0,0,0,1,0,1,0,1,,,,,,21-25,16-25,State route,U,Wednesday,Belt Used,PV,Not Fatal,0,0,0,1,State Route,State Patrol,Washington State Patrol,0,1,0,0,0,,,,,,0,0,1,,,,,,,,,,,0,0,0,0,,,,,20,7,,,,,,,,,,,,,,,
2019,396,E963305,8,09/18/2019,23:12,18,9,,35,Kitsap,180,1,0,2,1,2,1,0,2,2,,,,12,0,2,33.7,1,0,1,3,2,1,3,0,0,0,0,SR-3,,-122.7156,47.52390556,0,2,98,54,3,55,34,0,0,1,7,12,1,2,3,2,1,1,2,53,0,20,471,1991,0,0,12,,,,,,1,1,32,1,7,,4,0,99,7,11,4,09/20/2019,14:26,1.96E+11,42033,0,0,3,3,1,0,0,0,0,92,,,,,,99,,,,,,98351,53,73,145,6,1,0,1,1,0,,0,,,,,,0,03/15/2016,03/15/2016,20,0,0,0,0,9,8,,,0,0,0,8,9,2,1,,,1,,,2,1,0,,,,,,,,,,,,,,,,,,,,,,,,,,,,,,0,0,0,0,1,1,0,1,0,0,0,0,0,1,0,0,1,0,0,0,0,0,0,1,1,0,0,0,0,1,0,0,0,0,0,,1,0,0,0,0,0,0,0,1,0,0,0,0,0,0,0,,,,,,31-35,26-35,State route,U,Wednesday,Unknown,PV,White,0,0,0,1,State Route,State Patrol,Washington State Patrol,0,1,0,0,0,,,,,,0,0,0,,,,,,,,,,,0,0,0,1,,,,,20,7,,,,,,,,,,,,,,,
2019,339,E963336,8,09/13/2019,13:27,13,9,,49,Pacific,0,2,0,1,2,1,1,0,2,2,,,,12,0,6,28.9,2,0,3,3,1,1,2,0,0,20,3,US-101,SR-4,-123.8576444,46.42936389,0,1,82,15,2,55,34,0,0,1,2,12,1,2,2,1,11,1,1,12,0,35,472,2000,0,0,12,,,,,,1,1,22,1,7,,4,7,3,0,11,0,09/13/2019,13:27,53040602,40602,0,0,3,3,1,38,48,0,0,96,,,,,,99,,,,,,32570,12,75,999,6,1,0,1,0,0,,0,,,,,,0,06/15/2019,07/15/2019,8,0,0,0,0,9,8,,,0,0,0,8,9,8,95,,,96,,,8,95,995,,,,,,,,,,,,,,,,,,,,,,,,,,,,,,0,0,0,1,0,0,0,0,0,0,0,0,0,0,0,0,0,0,1,0,0,0,0,1,1,1,0,0,0,1,1,0,0,0,0,,1,0,0,0,0,0,0,0,0,0,1,0,0,0,0,0,,,,,,21-25,16-25,US highway,R,Friday,Belt Used,PV,White,1,0,0,0,State Route,State Patrol,WASHINGTON STATE PATROL,0,1,0,0,0,,,,,,0,0,1,,,,,,,,,,,98,98,98,1,,,,,20,7,,,,,,,,,,,,,,,
2019,339,E963336,8,09/13/2019,13:27,13,9,,49,Pacific,0,2,0,1,2,1,1,0,2,2,,,,12,0,6,28.9,2,0,3,3,1,1,2,0,0,0,0,US-101,SR-4,-123.8576444,46.42936389,0,2,83,67,4,55,66,1,0,1,7,12,1,2,2,1,1,1,3,53,0,85,881,1999,0,0,12,,,,,,1,1,67,1,0,,0,0,3,0,11,0,,,,,6,1,3,3,1,0,0,0,0,96,,,,,,0,,,,,,98638,53,67,190,6,1,0,0,0,0,,0,,,,,,0,,,20,0,0,0,8,9,2,,,0,0,0,0,0,8,95,,,96,,,8,95,995,,,,,,,,,,,,,,,,,,,,,,,,,,,,,,0,0,0,1,0,0,0,0,0,0,0,0,0,0,0,0,0,0,1,0,0,0,0,1,1,1,0,0,0,1,1,0,0,0,0,,0,0,0,0,0,0,0,0,0,0,0,0,0,0,0,0,,,,,,66-70,66-75,US highway,R,Friday,,MHTRUCK,Not Fatal,1,0,0,0,State Route,State Patrol,WASHINGTON STATE PATROL,0,1,0,0,0,,,,,,0,0,0,,,,,,,,,,,0,0,0,0,,,,,20,7,,,,,,,,,,,,,,,
2019,340,E963892,4,09/20/2019,0:32,20,9,,75,Whitman,0,1,0,2,1,2,1,0,2,1,,,,1,0,0,102.3,1,0,1,3,1,1,3,0,0,0,0,SR-26,,-117.9452667,46.781875,0,1,1,13,2,65,14,0,0,1,7,1,2,1,2,1,14,2,2,53,0,20,401,1995,0,0,63,1,2,,,,1,1,45,1,0,,1,0,3,0,11,0,,,,,0,0,3,3,1,91,0,0,0,0,,,,,,2,9,,,,,98632,53,61,127,6,1,0,0,1,0,,1,,,,,,0,06/15/2018,06/15/2018,99,0,0,0,8,9,2,,,0,0,0,1,0,2,996,,,1,,,2,1,0,,,,,,,,,,,,,,,,,,,,,,,,,,,,,,0,0,1,0,0,0,1,1,0,0,0,0,0,0,0,1,0,0,0,1,0,0,0,0,0,0,0,0,0,1,0,0,0,0,0,,0,0,0,0,0,0,1,1,0,0,0,0,0,0,1,0,,,,,,41-45,36-45,State route,R,Friday,Belt Used,PV,Not Fatal,0,1,0,0,State Route,State Patrol,Washington State Patrol,1,1,0,0,0,,,,,,0,0,1,,,,,,,,,,,0,0,0,0,,,,,20,7,,,,,,,,,,,,,,,
2019,341,E964395,25,09/18/2019,19:56,18,9,,33,King,1958,10,0,3,1,2,2,0,3,2,,,,12,0,2,0,3,0,2,7,2,4,6,0,0,0,0,DES MOINES MEMORIAL DR S,S 202ND ST,-122.320275,47.42096667,0,1,50,10,2,25,3,0,0,1,5,12,1,1,2,1,1,2,0,92,0,37,31,1994,0,0,68,12,,,,,1,1,30,1,7,,4,7,20,7,11,0,09/18/2019,19:56,1.96E+11,41761,0,0,0,3,1,28,0,0,0,96,,,,,,99,,,,,,98198,53,72,220,6,1,0,0,0,0,,0,,,,,,4,,,20,2,9,0,0,9,8,,,0,0,0,8,9,2,695,605,,1,1,,2,1,0,,,,,,,,,,,,,,,,,,,,,,,,,,,,,,0,0,0,1,0,0,1,1,1,0,0,0,1,0,0,0,0,0,0,1,0,0,0,0,0,0,0,0,0,1,0,0,0,1,0,,1,0,0,0,0,0,1,1,0,1,0,0,0,0,1,0,,,,,,26-30,26-35,City street,U,Wednesday,Not Used,PV,White,0,1,1,0,City Street,County Sheriff,King County Police,0,0,0,1,0,thc,888,carboxy-thc,86,,0,0,0,,,,,,,,,,,0,0,0,1,,,,,20,7,,,,,,,,,,,,,,,
2019,341,E964395,25,09/18/2019,19:56,18,9,,33,King,1958,10,0,3,1,2,2,0,3,2,,,,12,0,2,0,3,0,2,7,2,4,6,0,0,0,0,DES MOINES MEMORIAL DR S,S 202ND ST,-122.320275,47.42096667,0,2,51,62,4,25,4,0,0,1,5,12,1,1,2,1,1,1,2,53,0,7,29,2015,0,0,12,,,,,,1,1,61,2,0,,3,0,3,0,11,4,,,,,0,0,0,3,1,0,0,0,0,96,,,,,,99,,,,,,98198,53,66,145,6,1,0,0,0,0,,0,,,,,,0,,,8,0,0,0,8,9,8,,,0,0,0,8,9,8,95,,,96,,,8,95,995,,,,,,,,,,,,,,,,,,,,,,,,,,,,,,0,0,0,1,0,0,1,1,1,0,0,0,1,0,0,0,0,0,0,1,0,0,0,0,0,0,0,0,0,1,0,0,0,0,0,,0,0,0,0,0,0,0,0,0,0,0,0,0,0,0,0,,,,,,61-65,56-65,City street,U,Wednesday,Belt Used,PV,Not Fatal,0,1,1,0,City Street,County Sheriff,King County Police,0,0,0,1,0,,,,,,0,0,0,,,,,,,,,,,98,98,98,0,,,,,20,7,,,,,,,,,,,,,,,
2019,521,E964563,22,09/21/2019,18:14,21,9,,27,Grays Harbor,0,1,0,1,1,7,1,0,1,1,,,,30,0,0,9999.9,1,0,1,5,1,2,4,0,0,0,0,CR-MIDDLE SATSOP RD,,-123.5170417,47.04985278,0,1,1,13,2,40,34,0,0,1,5,30,1,1,2,1,1,1,1,53,0,20,481,1997,0,0,63,30,42,,,,1,1,74,1,7,,4,0,20,7,11,8,10/06/2019,4:27,1.96E+11,44551,0,0,3,3,1,0,0,0,0,96,,,,,,0,,,,,,98563,53,65,180,6,1,0,0,1,0,,0,,,,,,0,06/15/2019,06/15/2019,8,0,0,0,0,9,8,,,0,0,0,8,0,2,996,,,1,,,2,1,0.19,,,,,,,,,,,,,,,,,,,,,,,,,,,,,,0,0,1,0,1,1,1,1,0,0,0,0,0,0,0,0,0,0,0,1,0,0,0,0,0,1,1,0,0,1,0,0,0,1,0,,1,0,0,0,0,1,1,1,0,0,0,0,0,0,0,1,,,,,,71-75,66-75,County road,R,Saturday,Not Used,PV,Multiracial,0,1,0,0,County Road,County Sheriff,Grays Harbor County Sheriff's Offic,1,0,1,0,0,,,,,,0,0,0,,,,,,,,,,,0,0,0,201,203,,,,20,7,,,,,,,,,,,,,,,
2019,342,E964781,59,09/22/2019,17:46,22,9,,33,King,109,2,0,1,2,2,1,1,1,1,,,,9,0,0,0,2,0,2,7,2,4,6,0,0,0,0,SE 8TH ST,145TH AVE SE,-122.1470806,47.60260278,0,1,13,83,5,25,20,0,0,1,7,9,1,1,2,1,1,1,2,53,0,49,442,2008,0,0,9,,,,,,1,1,28,1,0,,0,0,3,0,11,0,,,,,0,0,0,0,1,0,0,0,0,0,,,,,,0,,,,,,98087,53,67,145,1,1,0,0,1,0,,97,,,,,,0,05/15/2019,05/15/2019,20,0,0,0,8,9,8,,,0,0,0,8,0,8,95,,,96,,,8,95,995,,,,,,,,,,,,,,,,,,,,,,,,,,,,,,0,0,0,1,0,0,0,0,0,1,0,1,0,1,0,0,0,0,0,0,0,0,0,0,0,0,0,0,0,1,0,0,1,0,0,,0,0,0,0,0,0,0,0,0,0,0,1,0,0,0,0,,,,,,26-30,26-35,City street,U,Sunday,Belt Used,PV,Not Fatal,1,0,0,0,City Street,Municipal/City Police,Bellevue Police Department,0,0,0,1,0,,,,,,0,0,0,,,,,,,,,,,98,98,98,0,,,,,20,7,,,,,,,,,,,,,,,
2019,343,E965054,14,09/15/2019,15:53,15,9,,11,Clark,0,2,0,1,2,2,1,0,2,2,,,,12,0,2,5.5,1,0,1,5,1,2,4,0,0,0,0,CR-NE CEDAR CREEK RD,,-122.6454861,45.92420278,0,2,50,10,2,98,4,0,0,1,5,12,2,1,2,1,14,1,2,53,0,37,31,2001,0,0,68,12,,,,,1,1,51,2,99,,4,7,20,7,11,0,09/15/2019,15:53,53041718,41718,0,0,0,2,1,28,0,0,0,96,,,,,,99,,,,,,98601,53,65,135,1,1,0,3,0,0,,0,,,,,,0,02/15/2016,07/15/2018,8,0,0,0,0,9,8,,,0,0,0,8,9,2,401,417,,1,1,,2,1,0,,,,,,,,,,,,,,,,,,,,,,,,,,,,,,0,0,0,0,0,0,1,1,0,0,0,0,0,1,0,0,0,0,0,1,0,0,0,0,0,0,0,0,0,1,1,0,0,1,0,,1,0,0,0,0,0,1,1,0,0,0,1,0,0,1,0,,,,,,51-55,46-55,County road,R,Sunday,Not Used,PV,Oth/Unk,0,1,1,0,County Road,County Sheriff,Clark County Sheriff's Office,0,0,1,0,0,,,,,,0,0,5,,,,,,,,,,,98,98,98,99,,,,,20,7,,,,,,,,,,,,,,,
2019,343,E965054,14,09/15/2019,15:53,15,9,,11,Clark,0,2,0,1,2,2,1,0,2,2,,,,12,0,2,5.5,1,0,1,5,1,2,4,0,0,0,0,CR-NE CEDAR CREEK RD,,-122.6454861,45.92420278,0,1,51,62,4,50,67,1,0,1,5,12,3,1,2,1,14,1,1,53,0,12,880,2016,0,0,12,,,,,,1,1,54,1,0,,9,0,3,0,11,5,,,,,0,0,3,3,1,28,0,0,0,96,,,,,,0,,,,,,98642,53,71,265,6,1,0,0,0,0,,0,,,,,,0,,,8,0,0,0,8,9,8,,,0,0,0,8,0,8,95,,,96,,,8,95,995,,,,,,,,,,,,,,,,,,,,,,,,,,,,,,0,0,0,0,0,0,1,1,0,0,0,0,0,1,0,0,0,0,0,1,0,0,0,0,0,0,0,0,0,1,1,0,0,0,0,,0,0,0,0,0,0,0,0,0,0,0,0,0,0,0,0,,,,,,51-55,46-55,County road,R,Sunday,,MHTRUCK,Not Fatal,0,1,1,0,County Road,County Sheriff,Clark County Sheriff's Office,0,0,1,0,0,,,,,,0,0,0,,,,,,,,,,,98,98,98,0,,,,,20,7,,,,,,,,,,,,,,,
2019,345,E965465,8,09/22/2019,5:56,22,9,,27,Grays Harbor,0,2,0,4,2,2,1,0,1,1,,,,42,0,0,4.8,1,0,1,3,1,1,3,0,0,0,0,SR-8,,-123.3104944,47.04732778,0,1,1,13,2,60,3,0,0,1,2,42,3,1,2,3,14,1,2,53,0,35,48,2004,0,0,63,42,1,,,,1,1,24,1,7,,4,7,3,0,11,0,09/22/2019,5:56,53041621,41621,0,0,0,3,1,0,0,0,0,96,,,,,,99,,,,,,98501,53,67,165,6,1,0,0,0,0,,0,,,,,,0,,,1,0,0,0,0,9,8,,,0,0,0,8,9,2,300,695,605,1,1,1,2,1,0,,,,,,,,,,,,,,,,,,,,,,,,,,,,,,0,0,1,0,0,0,1,1,1,0,0,0,0,0,0,0,0,0,0,0,0,0,0,1,1,0,0,0,0,1,0,0,0,0,0,,1,0,0,0,0,0,1,1,0,0,0,0,0,0,1,0,,,,,,21-25,16-25,State route,R,Sunday,Belt Used,PV,White,0,1,0,0,State Route,State Patrol,Washington State Patrol,1,1,0,0,0,thc,2.8,carboxy-thc,12,,0,0,0,,,,,,,,,,,98,98,98,1,,,,,20,7,,,,,,,nms,,,,,,,,
2019,346,E965498,14,09/23/2019,10:48,23,9,,11,Clark,0,1,0,1,1,2,1,0,2,1,,,,32,1,0,3.1,1,0,1,5,1,2,4,0,0,0,0,CR-NW HAYES RD,,-122.6874,45.93005278,0,1,1,13,2,50,14,0,0,1,7,1,3,1,2,1,6,2,1,53,0,35,401,1995,0,0,63,32,67,30,1,,1,1,57,1,0,,1,0,3,0,11,0,,,,,0,0,0,0,1,33,91,0,0,96,,,,,,9,,,,,,98606,53,67,150,1,1,0,0,0,0,,1,7,,,,,4,,,20,0,0,0,8,9,8,,,0,0,0,8,1,2,401,417,,1,1,,2,1,0.092,,,,,,,,,,,,,,,,,,,,,,,,,,,,,,0,0,1,0,1,1,1,1,0,0,0,0,1,1,0,0,0,0,0,1,0,0,0,0,0,0,0,0,0,1,0,0,0,0,0,,0,0,0,0,0,1,1,1,0,1,0,1,0,0,0,1,,,,,,56-60,56-65,County road,R,Monday,Belt Used,PV,Not Fatal,0,1,0,0,County Road,County Sheriff,Clark County Sheriff's Office,1,0,1,0,0,,,,,,0,0,0,,,,,,,,,,,0,0,0,0,,,,,20,7,,,,,,,,,,,,,,,
2019,526,E965708,263,09/30/2019,8:57,30,9,,33,King,1960,1,0,1,1,1,1,2,1,1,,,,8,1,0,0,3,0,3,3,2,4,6,0,0,20,3,NE 125TH ST,28TH AVE NE,-122.2976889,47.71929444,0,1,13,80,5,98,8,0,0,1,5,8,8,8,5,5,11,99,9,99,0,99,399,9999,0,0,8,8,,,,,1,1,999,9,0,,0,0,99,7,11,0,,,,,99,9,9,9,1,0,0,0,0,92,,,,,,99,,,,,,99999,99,,999,9,9,99,99,99,99,,97,,,,,,0,,,99,0,0,0,8,9,8,,,0,0,0,8,9,8,95,,,96,,,8,95,995,,,,,,,,,,,,,,,,,,,,,,,,,,,,,,0,0,0,1,0,0,0,0,0,0,0,0,0,0,0,0,1,0,0,0,0,0,0,0,0,0,0,0,0,1,0,1,0,0,0,,0,0,0,0,0,0,0,0,1,0,0,0,0,0,0,0,,,,,,,,City street,U,Monday,Unknown,PV,Not Fatal,1,0,0,0,City Street,Municipal/City Police,Seattle Police Department,0,0,0,1,0,,,,,,99,99,99,,,,,,,,,,,98,98,98,0,,,,,20,7,,,,,,,,,,,,,,,
2019,347,E966298,278,10/01/2019,14:51,1,10,,63,Spokane,2110,1,0,1,1,2,1,0,1,1,,,,1,0,0,0,1,0,1,7,2,4,6,0,0,0,0,E FERRY AVE,,-117.3726139,47.66088889,0,1,98,6,1,98,80,0,0,1,7,1,3,1,2,1,14,1,1,53,0,98,706,2019,0,0,1,63,30,,,,1,1,34,1,7,,4,7,20,7,11,0,10/01/2019,14:51,2.11E+11,43403,0,0,0,2,1,0,0,0,0,96,,,,,,99,,,,,,99202,53,75,255,1,1,0,2,1,4,,0,,,,,,4,10/15/2014,01/15/2019,20,8,0,0,0,9,8,,,0,0,0,8,9,2,1,,,1,,,2,1,0,,,,,,,,,,,,,,,,,,,,,,,,,,,,,,0,0,0,0,0,0,0,0,0,0,0,0,1,1,1,0,0,0,0,0,0,0,0,0,0,0,0,0,1,0,0,0,0,0,1,0,0,0,0,0,0,0,0,0,0,1,0,1,0,0,0,0,,,,,,31-35,26-35,City street,U,Tuesday,,MC,White,0,1,0,0,City Street,Municipal/City Police,Spokane Police Department,1,0,0,1,0,,,,,,0,0,3,,,,,,,,,,,0,0,0,1,,,,,19,0,,,,,,,,,,,,,,,
2019,348,E967144,8,09/27/2019,15:55,27,9,,35,Kitsap,0,1,0,1,1,2,1,0,2,2,,,,12,0,6,6.1,2,0,3,4,1,1,3,1,0,0,0,SR-160,COTTONWOOD DR SE,-122.5194028,47.504825,0,1,69,62,4,45,80,0,0,1,2,12,1,2,2,1,1,1,1,53,0,37,706,2003,0,0,12,,,,,,1,1,45,1,7,,4,7,20,7,11,0,09/27/2019,15:55,53043515,43515,0,0,0,3,1,0,0,0,0,96,,,,,,99,,,,,,98367,53,73,195,6,1,0,0,1,0,,0,,,,,,4,06/15/2018,06/15/2018,20,8,0,0,0,9,8,,,0,0,0,8,9,2,1,,,1,,,2,1,0,,,,,,,,,,,,,,,,,,,,,,,,,,,,,,0,0,0,1,0,0,0,0,0,0,0,0,1,0,0,0,0,0,0,0,0,0,0,0,0,0,0,0,1,0,0,0,0,0,1,0,0,0,0,0,0,0,0,0,0,1,0,0,0,0,0,0,,,,,,41-45,36-45,State route,R,Friday,,MC,White,1,0,0,0,State Route,State Patrol,Washington State Patrol,0,1,0,0,0,,,,,,0,0,0,,,,,,,,,,,0,0,0,1,,,,,5,0,,,,,,,,,,,,,,,
2019,348,E967144,8,09/27/2019,15:55,27,9,,35,Kitsap,0,1,0,1,1,2,1,0,2,2,,,,12,0,6,6.1,2,0,3,4,1,1,3,1,0,0,0,SR-160,COTTONWOOD DR SE,-122.5194028,47.504825,0,2,68,15,2,45,50,0,0,1,5,12,1,2,2,1,11,1,3,53,2,82,981,2013,0,0,12,,,,,,1,1,61,2,0,,0,0,3,0,11,0,,,,,6,1,0,3,1,0,0,0,0,96,,,,,,0,,,,,,98367,53,67,160,6,1,0,0,1,0,,0,,,,,,0,05/15/2018,05/15/2018,20,0,0,0,8,9,2,,,0,0,0,0,0,2,1,,,1,,,2,1,0,,,,,,,,,,,,,,,,,,,,,,,,,,,,,,0,0,0,1,0,0,0,0,0,0,0,0,1,0,0,0,0,0,0,0,0,0,0,0,0,0,0,0,1,0,0,0,0,0,0,,0,0,0,0,0,0,0,0,0,0,0,0,0,0,0,0,,,,,,61-65,56-65,State route,R,Friday,,BUS,Not Fatal,1,0,0,0,State Route,State Patrol,Washington State Patrol,0,1,0,0,0,,,,,,0,0,0,,,,,,,,,,,98,98,98,0,,,,,20,7,,,,,,,,,,,,,,,
2019,349,E967503,129,09/28/2019,21:00,28,9,,53,Pierce,747,10,0,3,1,2,1,0,3,2,,,,12,0,6,0,8,0,1,7,2,4,6,0,3,0,0,PACIFIC HWY E,,-122.36895,47.24309167,0,1,68,15,2,35,34,0,0,1,7,12,1,1,5,5,11,1,1,53,0,20,481,2001,0,0,12,,,,,,1,1,32,1,0,,1,0,3,0,11,8,,,,,0,0,0,3,1,38,0,0,0,96,,,,,,9,,,,,,98443,53,73,156,6,1,0,1,1,0,,1,12,,,,,0,02/15/2016,05/15/2018,20,0,0,0,8,9,8,,,0,0,0,8,1,2,401,417,695,1,1,1,2,1,0.071,,,,,,,,,,,,,,,,,,,,,,,,,,,,,,0,0,0,0,1,0,1,1,1,0,0,0,0,0,0,0,0,0,1,0,0,0,0,0,0,0,0,0,0,1,0,0,0,0,0,,0,0,0,0,1,0,1,1,0,0,1,0,0,0,0,1,,,,,,31-35,26-35,City street,U,Saturday,Belt Used,PV,Not Fatal,0,0,0,0,City Street,Municipal/City Police,Fife Police Department,0,0,0,1,0,,,carboxy-thc,6.7,,0,0,0,,,,,,,,,,,98,98,98,0,,,,,20,7,,,,,,,,,,,,,,,
2019,349,E967503,129,09/28/2019,21:00,28,9,,53,Pierce,747,10,0,3,1,2,1,0,3,2,,,,12,0,6,0,8,0,1,7,2,4,6,0,3,0,0,PACIFIC HWY E,,-122.36895,47.24309167,0,2,69,62,4,35,2,0,0,1,7,12,1,1,5,5,1,2,1,53,0,49,42,1992,0,0,12,,,,,,1,1,60,2,0,,1,0,3,0,11,8,,,,,0,0,3,3,1,0,0,0,0,96,,,,,,0,,,,,,98444,53,61,220,6,1,0,0,1,1,,0,,,,,,0,09/15/2016,01/15/2017,20,0,0,0,8,9,8,,,0,0,0,8,0,8,95,,,96,,,8,95,995,,,,,,,,,,,,,,,,,,,,,,,,,,,,,,0,0,0,0,1,0,1,1,1,0,0,0,0,0,0,0,0,0,1,0,0,0,0,0,0,0,0,0,0,1,0,0,0,0,0,,0,0,0,0,0,0,0,0,0,0,0,0,0,0,0,0,,,,,,56-60,56-65,City street,U,Saturday,Belt Used,PV,Not Fatal,0,0,0,0,City Street,Municipal/City Police,Fife Police Department,0,0,0,1,0,,,,,,0,0,0,,,,,,,,,,,0,0,0,0,,,,,20,7,,,,,,,,,,,,,,,