year,case,par,repjur,crash_dt,crash_tm,accday,accmon,holiday,county,co_char,city,weather,weather2,lightcond,surfcond,surftype,numfatal,nmforms,pforms,vforms,not_tm,arr_tm,hosp_tm,fhevent,hitrun,manncol,milepnt,reljunc,reljuncinter,intersectiontype,funcsystem,landuse,ownership,route,schlbus,spejur,contdev,devfunc,trafid1,trafid2,x,y,wk_zone,vnumber,crashtype,criticalevent,criticaleventcat,spdlim,body,trailer,emerg,hazcargo,leave,mhevent,roadalgn,roadprof,traflane,trafflow,vehmanvr,numoccs,regowner,regstate,spuse,make,model,modelyr,vrf1,vrf2,seqevent1,seqevent2,seqevent3,seqevent4,seqevent5,seqevent6,pnumber,ptype,age,sex,hispanic,race,injury,diedscene,restraint,restraintmisuse,seatpos,takehosp,death_dt,death_tm,cert,cernum_wa,commlic,licendor,licrestrict,liccomp,drivpres,drf1,drf2,drf3,drf4,distract1,distract2,distract3,distract4,distract5,distract6,dricond1,dricond2,dricond3,dricond4,dricond5,dricond6,dzip,licstate,drhgt_in,weight,noncdl,noncdltype,prevdwi,prevoth,prevacc,prevspd,prevsus,driviol1,driviol2,driviol3,driviol4,driviol5,driviol6,spdrel,first_dt,last_dt,airbag,ejection,ejectpath,extricat,injurwrk,methalc,methdrug,nmlocat,strikveh,prf1,prf2,prf3,druginv,alcinvol,drugsts,drugres1,drugres2,drugres3,drugtst1,drugtst2,drugtst3,alcsts,alctst,alcres,nmact1,nmact2,nmact3,nmact4,nmact5,nmact6,nmprior1,nmprior2,nmprior3,nmprior4,nmprior5,nmprior6,nmcond1,nmcond2,nmcond3,nmcond4,nmcond5,nmcond6,nmsafe_helmet,nmsafe_pads,nmsafe_oth,nmprev_ref,nmprev_lgt,nmprev_oth,crashlocation,nmcrashtype,crosswalk,schoolzone,sidewalk,train_inv,wildlife_inv,rotr_fars,intersect_fars,dd_inv,aid_inv,dpd_inv,id_inv,mj_inv,impnm_inv,ainm_inv,dpnm_inv,speed_inv,unlic_inv,unendmc_inv,drowsy_inv,drdist_inv,nmdist_inv,fty_inv,unrestfat_inv,dr1617_inv,dr1820_inv,dr1620_inv,dr2125_inv,dr1625_inv,dr65_inv,dr70_inv,dr75_inv,mc_inv,pv_inv,ht_inv,ped_inv,bike_inv,unrest_fat,mc_fat,unhelmet_mc,pv_fat,ht_fat,ped_fat,bike_fat,dr_alc7,dr_alc8,dr_drug,dr_imp,dr_dist,dr_spd,dr_fty,dr_unlic,dr_alc7only,dr_alc8only,dr_drugonly,dr_drink,nm_imp,nm_alc7,nm_alc8,nm_drug,nm_dist,agegrp1,agegrp2,roadclass,urbrur,dayweek,restuse,vehtype,race_me,intersect,lanedep,oppdir,wrongway,rep_typ,investag,repag_long,rotr,st_rd,cty_rd,city_rd,oth_rd,drug_thc,thc_res,drug_cthc,cthc_res,drug_cann,prevpersemin,prevperse,prevsusoth,drugtst4,drugtst5,drugtst6,drugtst7,drugtst8,drugres4,drugres5,drugres6,drugres7,drugres8,adspresent,adsengaged,adslevel,race1,race2,race3,race4,race5,helmet,helmetmisuse,nmdistract1,nmdistract2,nmdistract3,nmdistract4,nmdistract5,nmdistract6,lab,isedtcase,crf1,crf2,crf3,CoRoadName,CoMP,IntCoRoadName,IntCoMP
2019,350,E967832,6,10/04/2019,10:04,4,10,,39,Klickitat,0,1,0,1,1,2,1,0,4,4,,,,12,0,2,30.9,1,0,1,3,1,1,3,0,3,0,0,SR-97,,-120.6165861,46.02800833,0,2,51,62,4,60,66,1,0,1,7,12,1,1,2,1,1,1,1,49,0,85,881,2017,0,0,12,,,,,,1,1,23,1,0,,0,0,3,0,11,0,,,,,6,3,0,3,1,0,0,0,0,0,,,,,,0,,,,,,84754,49,74,150,6,1,0,0,98,0,,0,,,,,,0,,,20,0,0,0,8,9,2,,,0,0,0,0,0,8,95,,,96,,,8,95,995,,,,,,,,,,,,,,,,,,,,,,,,,,,,,,0,0,0,0,1,1,0,1,0,0,0,0,0,0,0,0,0,0,0,0,0,0,0,1,1,1,0,0,0,1,1,0,0,0,0,,0,0,0,0,0,0,0,0,0,0,0,0,0,0,0,0,,,,,,21-25,16-25,State route,R,Friday,,MHTRUCK,Not Fatal,0,1,1,0,State Route,State Patrol,Washington State Patrol,0,1,0,0,0,,,,,,0,0,0,,,,,,,,,,,98,98,98,0,,,,,20,7,,,,,,,,,,,,,,,
2019,350,E967832,6,10/04/2019,10:04,4,10,,39,Klickitat,0,1,0,1,1,2,1,0,4,4,,,,12,0,2,30.9,1,0,1,3,1,1,3,0,3,0,0,SR-97,,-120.6165861,46.02800833,0,3,98,62,4,60,34,0,0,1,7,12,1,1,2,1,1,1,3,41,0,12,481,2016,0,0,12,,,,,,1,1,63,1,0,,0,0,3,0,11,0,,,,,0,0,0,3,1,0,0,0,0,0,,,,,,0,,,,,,97068,41,75,240,6,1,0,0,0,0,,0,,,,,,0,,,20,0,0,0,8,9,2,,,0,0,0,0,0,8,95,,,96,,,8,95,995,,,,,,,,,,,,,,,,,,,,,,,,,,,,,,0,0,0,0,1,1,0,1,0,0,0,0,0,0,0,0,0,0,0,0,0,0,0,1,1,1,0,0,0,1,1,0,0,0,0,,0,0,0,0,0,0,0,0,0,0,0,0,0,0,0,0,,,,,,61-65,56-65,State route,R,Friday,Belt Used,PV,Not Fatal,0,1,1,0,State Route,State Patrol,Washington State Patrol,0,1,0,0,0,,,,,,0,0,0,,,,,,,,,,,98,98,98,0,,,,,20,7,,,,,,,,,,,,,,,
2019,350,E967832,6,10/04/2019,10:04,4,10,,39,Klickitat,0,1,0,1,1,2,1,0,4,4,,,,12,0,2,30.9,1,0,1,3,1,1,3,0,3,0,0,SR-97,,-120.6165861,46.02800833,0,1,50,10,2,98,5,0,0,1,7,12,1,1,2,1,6,1,1,53,0,12,32,2011,0,0,68,12,12,12,,,1,1,67,1,7,,4,7,3,0,11,0,10/04/2019,10:04,53045041,45041,0,0,3,3,1,28,35,0,0,96,,,,,,99,,,,,,98624,53,72,180,6,1,0,0,0,0,,0,,,,,,0,,,8,0,0,0,0,1,8,,,0,0,0,8,1,2,1,,,1,,,2,1,0.44,,,,,,,,,,,,,,,,,,,,,,,,,,,,,,0,0,0,0,1,1,0,1,0,0,0,0,0,0,0,0,0,0,0,0,0,0,0,1,1,1,0,0,0,1,1,0,0,0,0,,1,0,0,0,0,1,0,1,0,0,0,0,0,1,0,1,,,,,,66-70,66-75,State route,R,Friday,Belt Used,PV,White,0,1,1,0,State Route,State Patrol,Washington State Patrol,0,1,0,0,0,,,,,,0,0,0,,,,,,,,,,,98,98,98,1,,,,,20,7,,,,,,,,,,,,,,,
2019,350,E967832,6,10/04/2019,10:04,4,10,,39,Klickitat,0,1,0,1,1,2,1,0,4,4,,,,12,0,2,30.9,1,0,1,3,1,1,3,0,3,0,0,SR-97,,-120.6165861,46.02800833,0,4,98,98,7,60,66,1,0,1,7,12,1,1,2,1,1,1,3,41,0,87,881,2016,0,0,12,,,,,,1,1,39,1,0,,0,0,3,0,11,0,,,,,6,1,0,3,1,0,0,0,0,96,,,,,,0,,,,,,98901,53,71,270,6,1,0,0,0,0,,0,,,,,,0,,,20,0,0,0,8,9,2,,,0,0,0,0,0,8,95,,,96,,,8,95,995,,,,,,,,,,,,,,,,,,,,,,,,,,,,,,0,0,0,0,1,1,0,1,0,0,0,0,0,0,0,0,0,0,0,0,0,0,0,1,1,1,0,0,0,1,1,0,0,0,0,,0,0,0,0,0,0,0,0,0,0,0,0,0,0,0,0,,,,,,36-40,36-45,State route,R,Friday,,MHTRUCK,Not Fatal,0,1,1,0,State Route,State Patrol,Washington State Patrol,0,1,0,0,0,,,,,,0,0,0,,,,,,,,,,,98,98,98,0,,,,,20,7,,,,,,,,,,,,,,,
2019,351,E967901,6,09/29/2019,19:05,29,9,,37,Kittitas,0,4,0,2,10,2,1,0,3,2,,,,12,0,6,145.5,1,0,1,3,1,1,3,0,0,0,0,SR-97,,-120.6435917,47.331025,0,1,98,6,1,60,34,0,0,1,7,12,3,2,2,1,14,1,3,53,0,23,472,2007,0,0,68,12,,,,,1,1,24,1,99,,4,0,20,7,11,5,09/29/2019,21:50,2.46E+11,42923,0,0,0,3,1,28,87,0,0,96,,,,,,0,,,,,,98926,53,75,195,6,1,0,2,0,3,,0,,,,,,4,01/15/2015,04/15/2018,20,0,0,0,0,9,8,,,0,0,0,8,0,0,0,,,0,,,2,1,0,,,,,,,,,,,,,,,,,,,,,,,,,,,,,,0,0,0,0,0,0,0,0,0,0,0,0,1,0,0,0,0,0,0,1,0,0,0,1,1,0,0,0,0,1,0,0,0,1,0,,1,0,0,0,0,0,0,0,0,1,0,0,0,0,0,0,,,,,,21-25,16-25,State route,R,Sunday,Not Used,PV,White,0,1,1,0,State Route,State Patrol,Washington State Patrol,0,1,0,0,0,,,,,,0,0,1,,,,,,,,,,,98,98,98,1,,,,,20,7,,,,,,,,,,,,,,,
2019,351,E967901,6,09/29/2019,19:05,29,9,,37,Kittitas,0,4,0,2,10,2,1,0,3,2,,,,12,0,6,145.5,1,0,1,3,1,1,3,0,0,0,0,SR-97,,-120.6435917,47.331025,0,2,98,62,4,60,4,0,0,1,7,12,2,2,2,1,14,2,1,53,0,20,37,2012,0,0,12,,,,,,1,1,43,1,0,,3,0,3,0,11,5,,,,,0,0,0,3,1,0,0,0,0,96,,,,,,0,,,,,,99301,53,72,280,6,1,0,0,0,0,,0,,,,,,0,,,8,0,0,0,8,9,8,,,0,0,0,8,0,8,95,,,96,,,8,95,995,,,,,,,,,,,,,,,,,,,,,,,,,,,,,,0,0,0,0,0,0,0,0,0,0,0,0,1,0,0,0,0,0,0,1,0,0,0,1,1,0,0,0,0,1,0,0,0,0,0,,0,0,0,0,0,0,0,0,0,0,0,0,0,0,0,0,,,,,,41-45,36-45,State route,R,Sunday,Belt Used,PV,Not Fatal,0,1,1,0,State Route,State Patrol,Washington State Patrol,0,1,0,0,0,,,,,,0,0,0,,,,,,,,,,,98,98,98,0,,,,,20,7,,,,,,,,,,,,,,,
2019,352,E968056,160,10/02/2019,14:39,2,10,,33,King,1030,1,0,1,1,2,1,0,2,2,,,,12,0,2,4.9,2,0,2,3,2,1,3,0,0,3,3,SR-516,SR-167,-122.2458472,47.37803333,0,1,69,54,3,35,80,0,0,1,7,12,1,1,6,1,6,1,2,32,0,76,705,2014,0,0,12,,,,,,1,1,23,1,7,,4,7,20,7,11,0,10/02/2019,14:39,1.03E+11,43707,0,0,0,2,1,0,0,0,0,96,,,,,,99,,,,,,98032,53,72,210,6,1,0,1,0,0,,0,,,,,,4,05/15/2016,12/15/2017,20,8,0,0,0,9,8,,,0,0,0,8,9,2,1,,,1,,,2,1,0,,,,,,,,,,,,,,,,,,,,,,,,,,,,,,0,0,0,1,0,0,0,0,0,0,0,0,1,0,1,0,1,0,0,0,0,0,0,1,1,0,0,0,1,0,1,0,0,0,1,0,0,0,0,0,0,0,0,0,0,1,0,0,0,0,0,0,,,,,,21-25,16-25,State route,U,Wednesday,,MC,Black,1,0,0,0,State Route,Municipal/City Police,Kent Police Department,0,1,0,0,0,,,,,,0,0,1,,,,,,,,,,,0,0,0,2,,,,,19,0,,,,,,,,,,,,,,,
2019,352,E968056,160,10/02/2019,14:39,2,10,,33,King,1030,1,0,1,1,2,1,0,2,2,,,,12,0,2,4.9,2,0,2,3,2,1,3,0,0,3,3,SR-516,SR-167,-122.2458472,47.37803333,0,2,68,63,4,35,61,0,0,1,7,12,1,1,5,1,11,1,3,53,0,12,881,2015,0,0,12,,,,,,1,1,27,1,0,,0,0,1,0,11,0,,,,,6,1,0,3,1,0,0,0,0,93,,,,,,0,,,,,,98391,53,67,287,6,1,0,0,0,0,,0,,,,,,0,,,20,0,0,0,8,9,8,,,0,0,0,8,0,2,1,,,1,,,2,1,0,,,,,,,,,,,,,,,,,,,,,,,,,,,,,,0,0,0,1,0,0,0,0,0,0,0,0,1,0,1,0,1,0,0,0,0,0,0,1,1,0,0,0,1,0,1,0,0,0,0,,0,0,0,0,0,0,0,0,1,0,0,0,0,0,0,0,,,,,,26-30,26-35,State route,U,Wednesday,,MHTRUCK,Not Fatal,1,0,0,0,State Route,Municipal/City Police,Kent Police Department,0,1,0,0,0,,,,,,0,0,0,,,,,,,,,,,98,98,98,0,,,,,20,7,,,,,,,,,,,,,,,
2019,353,E968196,1,10/04/2019,10:52,4,10,,21,Franklin,0,1,0,1,1,1,1,0,1,1,,,,1,0,0,41.8,1,0,1,3,1,1,2,0,0,0,0,US-395,,-119.0401611,46.41979722,0,1,1,12,2,70,34,0,0,1,2,1,1,2,2,2,1,1,3,16,0,12,481,2001,0,0,64,69,63,1,,,1,1,21,1,7,,4,7,20,7,11,0,10/04/2019,10:52,53043686,43686,0,0,0,3,1,58,0,0,0,92,,,,,,9,,,,,,31210,13,72,180,6,1,0,2,98,2,,0,,,,,,0,05/15/2017,09/15/2019,20,1,9,0,0,9,8,,,0,0,0,1,9,2,605,695,,1,1,,2,1,0,,,,,,,,,,,,,,,,,,,,,,,,,,,,,,0,0,1,0,0,0,1,1,1,0,0,0,0,0,0,0,1,0,0,1,0,0,0,1,1,0,0,0,0,1,0,0,0,1,0,,1,0,0,0,0,0,1,1,1,0,0,0,0,0,1,0,,,,,,21-25,16-25,US highway,R,Friday,Not Used,PV,White,0,0,0,0,State Route,State Patrol,Washington State Patrol,0,1,0,0,0,thc,2.9,carboxy-thc,7.2,,0,0,0,,,,,,,,,,,98,98,98,1,,,,,20,7,,,,,,,,,,,,,,,
2019,354,E968352,1,09/30/2019,1:29,30,9,,13,Columbia,0,1,0,2,2,2,1,0,1,1,,,,1,0,0,367.6,1,0,1,3,1,1,2,0,0,0,0,US-12,,-117.9517528,46.35675833,0,1,6,12,2,60,66,2,0,1,7,1,2,2,2,1,14,1,3,16,0,82,881,1998,0,0,68,64,1,,,,1,1,80,1,7,,4,7,3,0,11,0,09/30/2019,1:29,53044078,44078,6,3,0,3,1,0,0,0,0,96,,,,,,99,,,,,,83536,16,72,180,6,1,0,0,0,1,,0,,,,,,4,11/15/2016,11/15/2016,20,2,9,0,1,9,8,,,0,0,0,8,0,2,1,,,1,,,2,1,0,,,,,,,,,,,,,,,,,,,,,,,,,,,,,,0,0,1,0,0,0,0,0,0,0,0,0,1,0,0,0,0,0,0,0,0,0,0,0,0,1,1,1,0,0,1,0,0,0,0,,0,1,0,0,0,0,0,0,0,1,0,0,0,0,0,0,,,,,,76-80,76+,US highway,R,Monday,,MHTRUCK,White,0,1,0,0,State Route,State Patrol,Washington State Patrol,1,1,0,0,0,,,,,,0,0,0,,,,,,,,,,,0,0,0,1,,,,,20,7,,,,,,,,,,,,,,,
2019,397,E968496,5,10/02/2019,1:19,2,10,,15,Cowlitz,0,1,0,2,1,2,1,1,1,1,,,,8,0,0,0.2,20,1,1,1,1,1,1,0,0,0,0,I-5 RAMP,,-122.8579639,46.03962222,0,1,13,80,5,98,34,0,0,1,5,8,1,1,1,6,1,1,1,53,0,12,471,2000,0,0,8,,,,,,1,1,55,1,0,,0,0,3,0,11,0,,,,,0,0,0,3,1,0,0,0,0,96,,,,,,0,,,,,,98325,53,72,220,6,1,0,0,0,0,,0,,,,,,0,,,20,0,0,0,8,9,2,,,0,0,0,0,0,2,1,,,1,,,2,1,0,,,,,,,,,,,,,,,,,,,,,,,,,,,,,,0,0,0,0,0,0,0,0,0,0,0,0,0,0,0,0,0,0,0,0,0,0,0,0,0,0,0,0,0,1,0,1,0,0,0,,0,0,0,0,0,0,0,0,0,0,0,0,0,0,0,0,,,,,,51-55,46-55,Interstate,R,Wednesday,Belt Used,PV,Not Fatal,0,0,0,0,State Route,State Patrol,Washington State Patrol,0,1,0,0,0,,,,,,0,0,0,,,,,,,,,,,98,98,98,0,,,,,20,7,,,,,,,,,,,,,,,
2019,355,E968513,2,10/07/2019,0:44,7,10,,57,Skagit,0,10,0,2,1,2,1,0,2,2,,,,12,0,2,2.4,1,0,1,5,1,2,4,0,0,0,0,CR-ALGER CAIN LAKE RD,,-122.3182361,48.64076944,0,2,51,62,4,45,4,0,0,1,7,12,3,1,2,1,14,1,1,53,0,41,35,1998,0,0,12,,,,,,1,1,62,1,7,,4,7,20,7,11,0,10/07/2019,0:44,53044504,44504,0,0,3,3,1,0,0,0,0,96,,,,,,99,,,,,,98248,53,71,260,6,1,0,7,3,1,,0,,,,,,0,06/15/2016,08/15/2018,8,0,0,0,1,9,8,,,0,0,0,8,9,2,1,,,1,,,2,1,0,,,,,,,,,,,,,,,,,,,,,,,,,,,,,,0,0,0,0,1,1,1,1,1,0,0,0,0,0,0,0,0,0,0,1,0,0,0,0,0,0,0,0,0,1,0,0,0,1,0,,1,0,0,0,0,0,0,0,0,0,0,0,0,0,0,0,,,,,,61-65,56-65,County road,R,Monday,Not Used,PV,Multiracial,0,1,1,0,County Road,State Patrol,Washington State Patrol,0,0,1,0,0,,,,,,0,0,0,,,,,,,,,,,0,0,0,201,298,,,,20,7,,,,,,,,,,,,,,,
2019,355,E968513,2,10/07/2019,0:44,7,10,,57,Skagit,0,10,0,2,1,2,1,0,2,2,,,,12,0,2,2.4,1,0,1,5,1,2,4,0,0,0,0,CR-ALGER CAIN LAKE RD,,-122.3182361,48.64076944,0,1,50,10,2,45,21,0,0,1,7,12,2,1,2,1,14,1,3,53,0,12,461,2002,0,0,68,12,,,,,1,1,31,1,0,,0,0,3,0,11,0,,,,,0,0,0,3,1,28,0,0,0,96,,,,,,9,,,,,,98266,53,76,180,6,1,0,1,0,2,,1,,,,,,0,06/15/2015,10/15/2018,1,0,0,0,8,9,8,,,0,0,0,8,1,2,695,605,,1,1,,2,1,0.12,,,,,,,,,,,,,,,,,,,,,,,,,,,,,,0,0,0,0,1,1,1,1,1,0,0,0,0,0,0,0,0,0,0,1,0,0,0,0,0,0,0,0,0,1,0,0,0,0,0,,0,0,0,0,0,1,1,1,0,0,0,0,0,0,0,1,,,,,,31-35,26-35,County road,R,Monday,Belt Used,PV,Not Fatal,0,1,1,0,County Road,State Patrol,Washington State Patrol,0,0,1,0,0,thc,6.1,carboxy-thc,30,,0,0,4,,,,,,,,,,,98,98,98,0,,,,,20,7,,,,,,,,,,,,,,,
2019,356,E969027,25,10/04/2019,22:00,4,10,,33,King,0,99,0,9,99,4,1,0,1,1,,,,1,0,0,0,1,0,1,96,6,96,8,0,0,0,0,SE HUDSON RD - PRIVATE,,-121.8835222,47.31793333,0,1,98,13,2,98,34,0,0,1,7,3,3,3,8,1,13,1,2,53,0,12,471,1994,0,0,63,1,3,,,,1,1,65,1,7,,4,7,20,7,11,0,10/04/2019,22:00,53050085,50085,0,0,3,3,1,31,0,0,0,96,,,,,,99,,,,,,98051,53,72,195,6,1,0,0,0,0,,0,,,,,,0,,,20,2,9,0,0,9,8,,,0,0,0,8,9,2,695,605,,1,1,,2,1,0.19,,,,,,,,,,,,,,,,,,,,,,,,,,,,,,0,0,0,0,1,1,1,1,1,0,0,0,0,0,0,0,0,0,0,1,0,0,0,0,0,1,0,0,0,1,0,0,0,1,0,,1,0,0,0,0,1,1,1,0,0,0,0,0,0,0,1,,,,,,61-65,56-65,Other,,Friday,Not Used,PV,White,0,1,0,0,Other,County Sheriff,King County Police,1,0,0,0,1,thc,5.9,carboxy-thc,5.2,,0,0,0,,,,,,,,,,,0,0,0,1,,,,,20,7,,,,,,,,,,,,,,,
2019,358,E969643,3,09/28/2019,2:27,28,9,,53,Pierce,0,2,0,3,2,2,1,1,2,1,,,,15,0,0,50.4,1,0,1,3,2,1,3,0,0,0,0,SR-7,,-122.4347389,47.127725,0,1,13,83,5,35,61,0,2,1,5,15,1,1,5,5,1,2,3,53,6,12,870,2018,0,0,15,,,,,,1,1,26,2,0,,0,0,3,0,11,0,,,,,0,0,3,3,1,0,0,0,0,96,,,,,,0,,,,,,98198,53,61,127,6,1,0,0,0,0,,0,,,,,,0,,,20,0,0,0,8,9,8,,,0,0,0,8,0,2,1,,,1,,,2,1,0,,,,,,,,,,,,,,,,,,,,,,,,,,,,,,0,0,0,0,0,0,0,0,0,1,1,0,0,0,0,0,0,0,0,0,0,0,0,0,0,0,0,0,0,0,1,1,0,0,0,,0,0,0,0,0,0,0,0,0,0,0,0,0,0,0,0,,,,,,26-30,26-35,State route,U,Saturday,,MHTRUCK,Not Fatal,0,0,0,0,State Route,State Patrol,Washington State Patrol,0,1,0,0,0,,,,,,0,0,0,,,,,,,,,,,98,98,98,0,,,,,20,7,,,,,,,,,,,,,,,
2019,359,E970645,25,09/30/2019,2:20,30,9,,33,King,0,1,0,3,99,5,1,0,1,1,,,,3,0,0,0,3,0,3,7,1,2,4,0,0,20,3,CR-37TH AVE S,STAR LAKE RD,-122.2865611,47.35254722,0,1,0,14,2,25,4,0,0,1,7,3,1,2,2,1,1,1,2,53,0,42,42,2015,0,0,71,3,,,,,1,1,20,8,7,,4,7,99,7,11,0,09/30/2019,2:20,53044541,44541,0,0,0,3,1,39,0,0,0,96,,,,,,99,,,,,,98002,53,66,170,6,1,0,1,2,1,,0,,,,,,0,11/15/2017,03/15/2018,20,0,0,0,0,9,8,,,0,0,0,8,9,2,605,695,,1,1,,2,1,0.179,,,,,,,,,,,,,,,,,,,,,,,,,,,,,,0,0,0,1,1,1,1,1,1,0,0,0,0,0,0,0,0,0,0,0,0,1,1,0,1,0,0,0,0,1,0,0,0,0,0,,1,0,0,0,0,1,1,1,0,0,0,0,0,0,0,1,,,,,,18-20,16-25,County road,R,Monday,Unknown,PV,API,0,1,0,0,Other,County Sheriff,King County Police,1,0,0,0,1,thc,4.5,carboxy-thc,26,,0,0,0,,,,,,,,,,,98,98,98,68,,,,,20,7,,,,,,,nms,,,,,,,,
2019,360,E970646,25,10/04/2019,18:43,4,10,,33,King,0,1,0,5,1,2,1,1,1,1,,,,8,0,0,1.9,1,0,1,5,2,2,4,0,0,0,0,CR-RENTON AVE S,,-122.2455056,47.49697222,0,1,13,80,5,25,34,0,0,1,5,8,1,2,3,3,1,1,2,53,0,12,481,2000,0,0,8,,,,,,1,1,66,8,0,,0,0,3,0,11,0,,,,,0,0,0,0,1,10,0,0,0,96,,,,,,0,,,,,,98002,53,66,170,3,1,0,1,2,1,,72,75,,,,,0,11/15/2017,03/15/2018,20,0,0,0,8,9,8,,,0,0,0,8,0,8,95,,,96,,,8,95,995,,,,,,,,,,,,,,,,,,,,,,,,,,,,,,0,0,0,0,0,0,0,0,0,0,0,0,0,1,0,0,0,0,0,0,0,0,0,0,0,1,0,0,0,1,0,1,0,0,0,,0,0,0,0,0,0,0,0,0,0,0,1,0,0,0,0,,,,,,66-70,66-75,County road,U,Friday,Belt Used,PV,Not Fatal,0,0,0,0,County Road,County Sheriff,King County Police,0,0,1,0,0,,,,,,0,0,0,,,,,,,,,,,98,98,98,0,,,,,20,7,,,,,,,,,,,,,,,
2019,361,E970674,14,10/08/2019,8:32,8,10,,11,Clark,0,10,0,1,1,2,1,1,1,1,,,,9,0,0,0.3,2,0,2,3,1,2,4,0,0,0,0,CR-NE 9TH ST,NE 167TH AVE,-122.5003889,45.62841111,0,1,13,84,5,25,34,0,0,1,7,9,1,1,2,1,1,1,1,53,0,7,482,2015,0,0,9,,,,,,1,1,45,1,0,,0,0,3,0,11,0,,,,,0,0,0,0,1,0,0,0,0,93,,,,,,0,,,,,,98684,53,69,185,0,0,0,0,0,1,,97,,,,,,0,06/15/2018,06/15/2018,20,0,0,0,8,9,2,,,0,0,0,0,0,2,1,,,1,,,2,1,0,,,,,,,,,,,,,,,,,,,,,,,,,,,,,,0,0,0,1,0,0,0,0,0,0,0,0,0,1,0,0,1,0,0,0,0,0,0,0,0,0,0,0,0,1,0,0,1,0,0,,0,0,0,0,0,0,0,0,1,0,0,1,0,0,0,0,,,,,,41-45,36-45,County road,R,Tuesday,Belt Used,PV,Not Fatal,1,0,0,0,County Road,County Sheriff,Clark County Sheriff's Office,0,0,1,0,0,,,,,,0,0,0,,,,,,,,,,,98,98,98,0,,,,,20,7,,,,,,,,,,,,,,,
2019,362,E970943,33,04/10/2019,13:46,10,4,,49,Pacific,0,10,0,1,2,2,1,0,1,2,,,,14,0,0,0.7,1,0,1,7,1,2,4,0,0,0,0,CR-U ST,,-124.0446694,46.4761,0,1,11,6,1,35,2,0,0,1,7,14,1,1,2,1,1,1,1,53,0,13,2,1994,0,0,68,68,63,14,,,1,1,55,1,7,,4,0,1,0,11,8,04/20/2019,15:57,1.65E+11,,0,0,3,2,1,0,0,0,0,96,,,,,,99,,,,,,98631,53,68,205,1,1,1,2,1,0,,0,,,,,,3,03/15/2016,06/15/2017,20,0,0,0,0,9,8,,,0,0,0,8,9,8,95,,,96,,,8,95,995,,,,,,,,,,,,,,,,,,,,,,,,,,,,,,0,0,0,0,0,0,0,0,0,0,0,0,1,1,0,0,0,0,0,0,0,0,0,0,0,0,0,0,0,1,1,0,0,0,0,,1,0,0,0,0,0,0,0,0,1,0,1,0,0,0,0,,,,,,51-55,46-55,County road,R,Wednesday,Belt Used,PV,White,0,1,0,0,County Road,County Sheriff,Pacific County Sheriff's Office,1,0,1,0,0,,,,,,0,1,2,,,,,,,,,,,0,0,0,1,,,,,20,7,,,,,,,,,,,,,,,
2019,363,E970986,278,10/15/2019,18:53,15,10,,63,Spokane,2110,1,0,3,1,2,1,0,5,2,,,,12,0,6,0,2,0,2,7,2,4,6,0,0,0,0,N INDIAN TRAIL RD,W LOWELL AVE,-117.4833139,47.737175,0,1,83,67,4,35,80,0,0,1,5,12,1,1,4,1,1,1,1,53,0,73,706,2009,0,0,12,,,,,,1,1,36,1,7,,4,7,20,7,11,0,10/15/2019,18:53,2.11E+11,45995,0,0,0,2,1,0,0,0,0,96,,,,,,99,,,,,,99205,53,74,195,1,1,0,1,0,3,,0,,,,,,3,08/15/2015,02/15/2019,20,8,0,0,0,9,8,,,0,0,0,8,9,2,128,177,401,1,1,1,2,1,0,,,,,,,,,,,,,,,,,,,,,,,,,,,,,,0,0,0,1,0,0,1,1,0,0,0,0,1,1,1,0,0,0,0,0,0,0,0,0,0,0,0,0,1,1,0,0,0,0,1,0,0,0,0,0,0,0,1,1,0,1,0,1,0,0,1,0,,,,,,36-40,36-45,City street,U,Tuesday,,MC,White,1,0,0,0,City Street,Municipal/City Police,Spokane Police Department,0,0,0,1,0,,,,,,0,0,0,1,,,,,417,,,,,0,0,0,1,,,,,19,0,,,,,,,,,,,,,,,
2019,363,E970986,278,10/15/2019,18:53,15,10,,63,Spokane,2110,1,0,3,1,2,1,0,5,2,,,,12,0,6,0,2,0,2,7,2,4,6,0,0,20,3,N INDIAN TRAIL RD,W LOWELL AVE,-117.4833139,47.737175,0,2,82,15,2,98,14,0,0,1,5,12,1,1,4,1,11,4,1,53,0,41,402,2005,0,0,12,,,,,,1,1,44,1,0,,0,0,3,0,11,0,,,,,0,0,0,3,1,0,0,0,0,96,,,,,,0,,,,,,99205,53,70,180,6,1,0,0,0,0,,0,,,,,,0,,,20,0,0,0,8,9,8,,,0,0,0,8,0,8,95,,,96,,,8,95,995,,,,,,,,,,,,,,,,,,,,,,,,,,,,,,0,0,0,1,0,0,1,1,0,0,0,0,1,1,1,0,0,0,0,0,0,0,0,0,0,0,0,0,1,1,0,0,0,0,0,,0,0,0,0,0,0,0,0,0,0,0,0,0,0,0,0,,,,,,41-45,36-45,City street,U,Tuesday,Belt Used,PV,Not Fatal,1,0,0,0,City Street,Municipal/City Police,Spokane Police Department,0,0,0,1,0,,,,,,0,0,0,,,,,,,,,,,98,98,98,0,,,,,20,7,,,,,,,,,,,,,,,