year,case,par,repjur,crash_dt,crash_tm,accday,accmon,holiday,county,co_char,city,weather,weather2,lightcond,surfcond,surftype,numfatal,nmforms,pforms,vforms,not_tm,arr_tm,hosp_tm,fhevent,hitrun,manncol,milepnt,reljunc,reljuncinter,intersectiontype,funcsystem,landuse,ownership,route,schlbus,spejur,contdev,devfunc,trafid1,trafid2,x,y,wk_zone,vnumber,crashtype,criticalevent,criticaleventcat,spdlim,body,trailer,emerg,hazcargo,leave,mhevent,roadalgn,roadprof,traflane,trafflow,vehmanvr,numoccs,regowner,regstate,spuse,make,model,modelyr,vrf1,vrf2,seqevent1,seqevent2,seqevent3,seqevent4,seqevent5,seqevent6,pnumber,ptype,age,sex,hispanic,race,injury,diedscene,restraint,restraintmisuse,seatpos,takehosp,death_dt,death_tm,cert,cernum_wa,commlic,licendor,licrestrict,liccomp,drivpres,drf1,drf2,drf3,drf4,distract1,distract2,distract3,distract4,distract5,distract6,dricond1,dricond2,dricond3,dricond4,dricond5,dricond6,dzip,licstate,drhgt_in,weight,noncdl,noncdltype,prevdwi,prevoth,prevacc,prevspd,prevsus,driviol1,driviol2,driviol3,driviol4,driviol5,driviol6,spdrel,first_dt,last_dt,airbag,ejection,ejectpath,extricat,injurwrk,methalc,methdrug,nmlocat,strikveh,prf1,prf2,prf3,druginv,alcinvol,drugsts,drugres1,drugres2,drugres3,drugtst1,drugtst2,drugtst3,alcsts,alctst,alcres,nmact1,nmact2,nmact3,nmact4,nmact5,nmact6,nmprior1,nmprior2,nmprior3,nmprior4,nmprior5,nmprior6,nmcond1,nmcond2,nmcond3,nmcond4,nmcond5,nmcond6,nmsafe_helmet,nmsafe_pads,nmsafe_oth,nmprev_ref,nmprev_lgt,nmprev_oth,crashlocation,nmcrashtype,crosswalk,schoolzone,sidewalk,train_inv,wildlife_inv,rotr_fars,intersect_fars,dd_inv,aid_inv,dpd_inv,id_inv,mj_inv,impnm_inv,ainm_inv,dpnm_inv,speed_inv,unlic_inv,unendmc_inv,drowsy_inv,drdist_inv,nmdist_inv,fty_inv,unrestfat_inv,dr1617_inv,dr1820_inv,dr1620_inv,dr2125_inv,dr1625_inv,dr65_inv,dr70_inv,dr75_inv,mc_inv,pv_inv,ht_inv,ped_inv,bike_inv,unrest_fat,mc_fat,unhelmet_mc,pv_fat,ht_fat,ped_fat,bike_fat,dr_alc7,dr_alc8,dr_drug,dr_imp,dr_dist,dr_spd,dr_fty,dr_unlic,dr_alc7only,dr_alc8only,dr_drugonly,dr_drink,nm_imp,nm_alc7,nm_alc8,nm_drug,nm_dist,agegrp1,agegrp2,roadclass,urbrur,dayweek,restuse,vehtype,race_me,intersect,lanedep,oppdir,wrongway,rep_typ,investag,repag_long,rotr,st_rd,cty_rd,city_rd,oth_rd,drug_thc,thc_res,drug_cthc,cthc_res,drug_cann,prevpersemin,prevperse,prevsusoth,drugtst4,drugtst5,drugtst6,drugtst7,drugtst8,drugres4,drugres5,drugres6,drugres7,drugres8,adspresent,adsengaged,adslevel,race1,race2,race3,race4,race5,helmet,helmetmisuse,nmdistract1,nmdistract2,nmdistract3,nmdistract4,nmdistract5,nmdistract6,lab,isedtcase,crf1,crf2,crf3,CoRoadName,CoMP,IntCoRoadName,IntCoMP
2019,475,E982845,1,11/11/2019,18:04,11,11,,77,Yakima,0,1,0,2,1,2,1,0,1,1,,,,1,0,0,39.8,1,0,1,1,2,1,1,0,0,0,0,I-82,,-120.4574806,46.51834444,0,1,6,12,2,70,80,0,0,1,7,1,2,1,2,2,14,1,9,91,0,98,706,2001,0,0,64,1,,,,,1,1,53,1,7,,4,0,20,7,11,8,11/19/2019,6:57,2.59E+11,51693,5,0,0,2,1,0,0,0,0,96,,,,,,99,,,,,,98421,53,70,238,1,1,0,0,0,0,,71,,,,,,0,,,20,8,0,0,0,9,8,,,0,0,0,8,9,8,95,,,96,,,8,95,995,,,,,,,,,,,,,,,,,,,,,,,,,,,,,,0,0,1,0,0,0,0,0,0,0,0,0,0,1,1,0,0,0,0,0,0,0,0,0,0,0,0,0,1,0,0,0,0,0,1,0,0,0,0,0,0,0,0,0,0,0,0,1,0,0,0,0,,,,,,51-55,46-55,Interstate,U,Monday,,MC,White,0,1,0,0,State Route,State Patrol,Washington State Patrol,1,1,0,0,0,,,,,,0,0,0,,,,,,,,,,,0,0,0,1,,,,,5,0,,,,,,,,,,,,,,,
2019,410,E983590,189,11/17/2019,1:04,17,11,,61,Snohomish,1280,2,0,2,2,2,1,1,1,1,,,,8,0,0,0,1,0,1,7,2,4,6,0,0,0,0,61ST ST NE,,-122.1651528,48.05094167,0,1,13,80,5,25,6,0,0,1,5,8,1,2,2,1,1,1,2,53,0,6,52,2005,0,0,8,,,,,,1,1,18,1,0,,0,0,3,0,11,0,,,,,0,0,0,3,1,0,0,0,0,96,,,,,,0,,,,,,98270,53,69,140,6,1,0,0,0,0,,0,,,,,,0,,,20,0,0,0,8,9,8,,,0,0,0,8,0,8,95,,,96,,,8,95,995,,,,,,,,,,,,,,,,,,,,,,,,,,,,,,0,0,0,0,0,0,0,0,0,1,1,0,0,0,0,0,0,0,0,0,0,1,1,0,1,0,0,0,0,1,0,1,0,0,0,,0,0,0,0,0,0,0,0,0,0,0,0,0,0,0,0,,,,,,18-20,16-25,City street,U,Sunday,Belt Used,PV,Not Fatal,0,0,0,0,City Street,Municipal/City Police,Marysville Police Department,0,0,0,1,0,,,,,,0,0,0,,,,,,,,,,,98,98,98,0,,,,,20,7,,,,,,,,,,,,,,,
2019,411,E983667,2,11/05/2019,17:15,5,11,,73,Whatcom,1210,10,0,3,1,2,1,1,1,1,,,,8,0,0,0,1,0,1,7,2,4,6,0,0,0,0,4TH ST,,-122.4526056,48.94421111,0,1,13,80,5,25,34,0,0,1,7,8,1,1,2,1,1,1,1,53,0,20,481,1988,0,0,8,,,,,,1,1,19,1,0,,0,0,3,0,11,0,,,,,0,0,2,3,1,10,0,0,0,96,,,,,,0,,,,,,98264,53,72,130,6,2,0,0,2,0,,97,,,,,,0,08/15/2015,10/15/2018,20,0,0,0,8,9,8,,,0,0,0,8,0,2,1,,,1,,,2,1,0,,,,,,,,,,,,,,,,,,,,,,,,,,,,,,0,0,0,0,0,0,0,0,0,0,0,0,0,0,0,0,0,0,0,0,0,1,1,0,1,0,0,0,0,1,0,1,0,0,0,,0,0,0,0,0,0,0,0,0,0,0,0,0,0,0,0,,,,,,18-20,16-25,City street,U,Tuesday,Belt Used,PV,Not Fatal,0,0,0,0,City Street,State Patrol,Washington State Patrol,0,0,0,1,0,,,,,,0,0,0,,,,,,,,,,,0,0,0,0,,,,,20,7,,,,,,,,,,,,,,,
2019,412,E983677,2,11/14/2019,6:50,14,11,,73,Whatcom,150,1,0,3,1,2,1,0,1,1,,,,59,0,0,276.4,1,0,1,1,2,1,1,0,0,0,0,I-5,,-122.75365,48.99938056,0,1,2,6,1,98,4,0,0,1,7,25,2,1,3,3,14,1,2,8,0,37,32,2003,0,0,63,59,25,,,,1,1,38,2,7,,4,7,20,7,11,0,11/14/2019,6:50,15053054063,54063,0,0,3,3,1,0,0,0,0,96,,,,,,9,,,,,,81416,8,69,190,6,1,0,0,0,0,,0,,,,,,4,,,8,0,0,0,0,9,8,,,0,0,0,1,9,2,996,996,996,1,1,1,2,1,0,,,,,,,,,,,,,,,,,,,,,,,,,,,,,,0,0,0,0,0,0,1,1,0,0,0,0,1,0,0,0,0,0,0,1,0,0,0,0,0,0,0,0,0,1,0,0,0,1,0,,1,0,0,0,0,0,1,1,0,1,0,0,0,0,1,0,,,,,,36-40,36-45,Interstate,U,Thursday,Not Used,PV,White,0,1,0,0,State Route,State Patrol,Washington State Patrol,1,1,0,0,0,,,,,,0,0,0,1,1,1,,,334,401,417,,,98,98,98,1,,,,,20,7,,,,,,,,,,,,,,,
2019,502,E983710,2,11/18/2019,21:36,18,11,,73,Whatcom,0,2,0,2,2,2,1,0,1,1,,,,34,0,0,4.8,1,0,1,5,1,2,4,0,3,0,0,CR-HAXTON WAY,,-122.6326833,48.79552778,0,1,6,12,2,45,5,0,0,1,7,34,1,1,2,1,1,1,1,95,0,52,398,2017,0,0,68,64,34,,,,1,1,87,2,7,,4,0,3,0,11,5,11/19/2019,12:04,11053051259,51259,99,9,9,9,1,0,0,0,0,96,,,,,,98,,,,,,0,95,,999,9,9,99,99,99,99,,0,,,,,,0,,,20,0,0,0,0,9,8,,,0,0,0,8,0,8,95,,,96,,,8,95,995,,,,,,,,,,,,,,,,,,,,,,,,,,,,,,0,0,1,0,0,0,0,0,0,0,0,0,0,0,0,0,0,0,0,0,0,0,0,0,0,1,1,1,0,1,0,0,0,0,0,,1,0,0,0,0,0,0,0,0,0,0,0,0,0,0,0,,,,,,81+,76+,County road,R,Monday,Belt Used,PV,Multiracial,0,1,0,0,County Road,State Patrol,Washington State Patrol,1,0,1,0,0,,,,,,99,99,99,,,,,,,,,,,98,98,98,203,298,,,,20,7,,,,,,,,,,,,,,,
2019,414,E984511,2,11/20/2019,1:15,20,11,,57,Skagit,0,1,0,2,1,1,1,1,2,2,,,,8,0,0,238.2,1,0,1,1,1,1,1,0,0,0,0,I-5,,-122.3459861,48.583,0,2,98,80,5,60,66,1,0,1,5,8,1,1,2,3,1,1,3,40,0,82,881,2017,0,0,8,,,,,,1,1,46,1,0,,0,0,3,0,11,0,,,,,6,1,0,3,1,0,0,0,0,96,,,,,,0,,,,,,95338,6,71,190,6,1,0,0,0,0,,0,,,,,,0,,,20,0,0,0,8,9,8,,,0,0,0,8,0,8,95,,,96,,,8,95,995,,,,,,,,,,,,,,,,,,,,,,,,,,,,,,0,0,0,0,0,0,0,0,0,1,1,1,0,0,0,0,0,0,0,0,0,0,0,0,0,0,0,0,0,0,1,1,0,0,0,,0,0,0,0,0,0,0,0,0,0,0,0,0,0,0,0,,,,,,46-50,46-55,Interstate,R,Wednesday,,MHTRUCK,Not Fatal,0,0,0,0,State Route,State Patrol,Washington State Patrol,0,1,0,0,0,,,,,,0,0,0,,,,,,,,,,,98,98,98,0,,,,,20,7,,,,,,,,,,,,,,,
2019,414,E984511,2,11/20/2019,1:15,20,11,,57,Skagit,0,1,0,2,1,1,1,1,2,2,,,,8,1,0,238.2,1,0,1,1,1,1,1,0,0,0,0,I-5,,-122.3459861,48.583,0,1,13,80,5,70,99,0,0,1,5,8,1,1,2,3,1,99,9,99,0,99,999,9999,0,0,8,,,,,,1,1,999,8,0,,0,0,99,7,11,0,,,,,99,9,9,9,1,0,0,0,0,96,,,,,,99,,,,,,99999,99,,999,9,9,99,99,99,99,,0,,,,,,0,,,99,0,0,0,8,9,8,,,0,0,0,8,9,8,95,,,96,,,8,95,995,,,,,,,,,,,,,,,,,,,,,,,,,,,,,,0,0,0,0,0,0,0,0,0,1,1,1,0,0,0,0,0,0,0,0,0,0,0,0,0,0,0,0,0,0,1,1,0,0,0,,0,0,0,0,0,0,0,0,0,0,0,0,0,0,0,0,,,,,,,,Interstate,R,Wednesday,,NR-U,Not Fatal,0,0,0,0,State Route,State Patrol,Washington State Patrol,0,1,0,0,0,,,,,,99,99,99,,,,,,,,,,,98,98,98,0,,,,,20,7,,,,,,,,,,,,,,,
2019,491,E984535,39,11/10/2019,13:00,10,11,,61,Snohomish,0,1,0,1,1,2,1,0,1,1,,,,42,0,0,1.2,1,0,1,7,1,2,4,0,0,0,0,CR-ARLINGTON HEIGHTS RD,,-122.0951222,48.20989444,0,1,6,13,2,40,4,0,0,1,7,1,3,2,2,1,14,1,1,53,0,49,32,1988,0,0,63,69,68,64,42,1,1,1,50,1,7,,4,7,20,7,11,0,11/10/2019,13:00,53051294,51294,0,0,0,3,1,58,0,0,0,96,,,,,,99,,,,,,98223,53,64,155,6,1,0,0,1,1,,0,,,,,,0,04/15/2015,08/15/2015,20,0,0,0,0,9,8,,,0,0,0,8,9,2,1,,,1,,,2,1,0.23,,,,,,,,,,,,,,,,,,,,,,,,,,,,,,0,0,1,0,1,1,0,1,0,0,0,0,0,0,0,0,0,0,0,1,0,0,0,0,0,0,0,0,0,1,0,0,0,1,0,,1,0,0,0,0,1,0,1,0,0,0,0,0,1,0,1,,,,,,46-50,46-55,County road,R,Sunday,Not Used,PV,White,0,1,0,0,County Road,County Sheriff,Snohomish County Sheriff's Office,1,0,1,0,0,,,,,,0,0,0,,,,,,,,,,,0,0,0,1,,,,,20,7,,,,,,,,,,,,,,,
2019,415,E985772,8,11/11/2019,3:40,11,11,,31,Jefferson,0,10,0,2,1,2,3,0,3,1,,,,1,0,0,12.3,1,0,1,4,1,1,3,0,0,0,0,SR-19,,-122.7977444,48.04837778,0,1,2,6,1,40,3,0,0,1,7,1,1,1,2,1,1,3,1,53,0,55,36,2002,0,0,68,68,63,1,42,,1,1,20,1,7,,4,7,3,0,11,0,11/11/2019,3:40,53049821,49821,0,0,0,3,1,0,0,0,0,96,,,,,,9,,,,,,98368,53,72,180,6,1,0,0,0,0,,0,,,,,,4,,,1,0,0,0,0,9,8,,,0,0,0,1,1,8,95,,,96,,,8,95,995,,,,,,,,,,,,,,,,,,,,,,,,,,,,,,0,0,0,0,1,0,0,0,0,0,0,0,1,0,0,0,0,0,0,1,0,1,1,0,1,0,0,0,0,1,0,0,0,0,0,,1,0,0,0,0,0,0,0,0,1,0,0,0,0,0,1,,,,,,18-20,16-25,State route,R,Monday,Belt Used,PV,White,0,1,0,0,State Route,State Patrol,Washington State Patrol,1,1,0,0,0,,,,,,0,0,0,,,,,,,,,,,98,98,98,1,,,,,20,7,,,,,,,,,,,,,,,
2019,416,E985936,44,11/21/2019,1:27,21,11,,71,Walla Walla,0,1,0,2,1,2,1,0,1,1,,,,1,0,0,13.2,1,0,1,5,1,2,4,0,0,0,0,CR-HARVEY SHAW RD,,-118.4714444,46.26442222,0,1,1,13,2,50,34,0,0,1,5,1,3,1,2,1,14,1,3,53,0,23,481,1997,0,0,63,1,,,,,1,1,23,1,7,,4,7,99,7,11,0,11/21/2019,1:27,53052777,52777,0,0,0,3,1,0,0,0,0,93,,,,,,99,,,,,,99348,53,71,250,6,1,0,0,0,0,,0,,,,,,0,,,20,1,9,0,0,9,8,,,0,0,0,8,1,8,95,,,96,,,8,95,995,,,,,,,,,,,,,,,,,,,,,,,,,,,,,,0,0,1,0,1,0,0,0,0,0,0,0,0,0,0,0,1,0,0,0,0,0,0,1,1,0,0,0,0,1,0,0,0,0,0,,1,0,0,0,0,0,0,0,1,0,0,0,0,0,0,1,,,,,,21-25,16-25,County road,R,Thursday,Unknown,PV,White,0,1,0,0,County Road,County Sheriff,Walla Walla County Sheriff's Office,1,0,1,0,0,,,,,,0,0,0,,,,,,,,,,,0,0,0,1,,,,,20,7,,,,,,,,,,,,,,,
2019,417,E985970,35,11/22/2019,5:54,22,11,,53,Pierce,0,1,0,2,1,2,1,0,2,2,,,,12,0,2,12.2,1,0,1,4,1,2,4,0,0,0,0,CR-ORTING KAPOWSIN HWY,,-122.2519528,47.02861389,0,1,50,10,2,45,4,0,0,1,5,12,1,1,2,1,1,1,1,53,0,30,40,2015,0,0,68,68,68,12,,,1,1,42,1,7,,4,7,3,0,11,0,11/22/2019,5:54,53051608,51608,0,0,3,3,1,28,58,0,0,96,,,,,,99,,,,,,98360,53,70,190,6,1,0,0,0,0,,0,,,,,,0,,,2,0,0,0,0,9,8,,,0,0,0,8,9,2,1,,,1,,,2,1,0,,,,,,,,,,,,,,,,,,,,,,,,,,,,,,0,0,0,0,0,0,0,0,0,0,0,0,0,0,0,0,0,0,0,0,0,0,0,0,0,0,0,0,0,1,1,0,0,0,0,,1,0,0,0,0,0,0,0,0,0,0,0,0,0,0,0,,,,,,41-45,36-45,County road,R,Friday,Belt Used,PV,White,0,1,1,0,County Road,County Sheriff,Law Enforcement Support Agency,0,0,1,0,0,,,,,,0,0,0,,,,,,,,,,,98,98,98,1,,,,,20,7,,,,,,,,,,,,,,,
2019,417,E985970,35,11/22/2019,5:54,22,11,,53,Pierce,0,1,0,2,1,2,1,0,2,2,,,,12,0,2,12.2,1,0,1,4,1,2,4,0,0,0,0,CR-ORTING KAPOWSIN HWY,,-122.2519528,47.02861389,0,2,51,62,4,45,62,0,0,1,5,12,1,1,2,1,1,1,3,53,0,84,881,1993,0,0,12,,,,,,1,1,27,1,0,,0,0,3,0,11,0,,,,,0,0,0,3,1,0,0,0,0,96,,,,,,0,,,,,,98366,53,67,140,6,1,0,0,0,0,,0,,,,,,0,,,20,0,0,0,8,9,8,,,0,0,0,8,0,8,95,,,96,,,8,95,995,,,,,,,,,,,,,,,,,,,,,,,,,,,,,,0,0,0,0,0,0,0,0,0,0,0,0,0,0,0,0,0,0,0,0,0,0,0,0,0,0,0,0,0,1,1,0,0,0,0,,0,0,0,0,0,0,0,0,0,0,0,0,0,0,0,0,,,,,,26-30,26-35,County road,R,Friday,,MHTRUCK,Not Fatal,0,1,1,0,County Road,County Sheriff,Law Enforcement Support Agency,0,0,1,0,0,,,,,,0,0,0,,,,,,,,,,,0,0,0,0,,,,,20,7,,,,,,,,,,,,,,,
2019,476,E985989,25,11/22/2019,23:16,22,11,,33,King,0,5,0,2,2,2,1,0,2,1,,,,34,0,0,8,1,0,1,5,2,2,4,0,0,0,0,CR-KENT BLACK DIAMOND R,,-122.1376028,47.34590833,0,1,6,12,2,40,15,0,0,1,5,34,3,1,2,1,14,2,1,53,0,23,421,2000,0,0,68,64,34,,,,1,1,16,1,0,,0,0,3,0,11,0,,,,,0,0,0,3,1,0,0,0,0,0,,,,,,2,,,,,,98042,53,75,175,6,2,0,0,0,0,,0,,,,,,0,,,20,0,0,0,8,9,8,,,0,0,0,8,0,8,95,,,96,,,8,95,995,,,,,,,,,,,,,,,,,,,,,,,,,,,,,,0,0,1,0,0,0,0,0,0,0,0,0,0,0,0,1,0,0,0,0,1,0,1,0,1,0,0,0,0,1,0,0,0,0,0,,0,0,0,0,0,0,0,0,0,0,0,0,0,0,0,0,,,,,,16-17,16-25,County road,U,Friday,Belt Used,PV,Not Fatal,0,1,0,0,County Road,County Sheriff,King County Police,1,0,1,0,0,,,,,,0,0,0,,,,,,,,,,,98,98,98,0,,,,,20,7,,,,,,,,,,,,,,,
2019,523,E986677,180,11/22/2019,20:32,22,11,,15,Cowlitz,1190,1,0,3,1,2,1,1,1,1,,,,8,0,0,0,1,0,1,3,2,4,6,0,0,0,0,OCEAN BEACH HIGHWAY,,-122.9583556,46.14728056,0,1,13,80,5,35,2,0,0,1,5,8,1,1,5,5,1,1,1,53,0,20,36,2002,0,0,8,,,,,,1,1,69,2,0,,0,0,3,0,11,0,,,,,0,0,3,3,1,0,0,0,0,96,,,,,,0,,,,,,98632,53,69,180,6,1,0,0,0,0,,0,,,,,,0,,,20,0,0,0,8,9,8,,,0,0,0,0,0,8,95,,,96,,,8,95,995,,,,,,,,,,,,,,,,,,,,,,,,,,,,,,0,0,0,0,0,0,0,0,0,1,1,0,0,0,0,0,0,1,0,0,0,0,0,0,0,1,0,0,0,1,0,1,0,0,0,,0,0,0,0,0,0,0,0,0,0,0,0,0,0,0,0,,,,,,66-70,66-75,City street,U,Friday,Belt Used,PV,Not Fatal,0,0,0,0,State Route,Municipal/City Police,Longview Police Department,0,1,0,0,0,,,,,,0,0,0,,,,,,,,,,,98,98,98,0,,,,,20,7,,,,,,,,,,,,,,,
2019,477,E986976,339,11/24/2019,1:50,24,11,,63,Spokane,2113,1,0,3,1,2,1,0,3,2,,,,14,0,0,0,3,0,4,7,2,4,6,0,0,0,0,S BALFOUR BLVD,CHINOOK RD,-117.265525,47.64151389,0,1,11,5,1,98,4,0,0,1,5,14,8,8,2,1,10,3,2,53,0,41,49,2005,0,0,68,64,14,,,,1,1,41,1,0,,9,0,99,7,11,0,,,,,0,0,0,0,1,0,0,0,0,93,,,,,,99,,,,,,99206,53,72,200,0,0,0,0,0,1,,97,,,,,,0,07/15/2016,07/15/2016,99,0,0,0,8,9,8,,,0,0,0,8,9,8,95,,,96,,,8,95,995,,,,,,,,,,,,,,,,,,,,,,,,,,,,,,0,0,0,1,0,0,0,0,0,0,0,0,0,1,0,0,1,0,0,0,0,0,0,0,0,0,0,0,0,1,1,0,0,0,0,,0,0,0,0,0,0,0,0,1,0,0,1,0,0,0,0,,,,,,41-45,36-45,City street,U,Sunday,Unknown,PV,Not Fatal,0,1,0,0,City Street,Municipal/City Police,Spokane Valley Police Department,1,0,0,1,0,,,,,,0,0,0,,,,,,,,,,,98,98,98,0,,,,,20,7,,,,,,,,,,,,,,,
2019,419,E987024,59,11/20/2019,6:33,20,11,,33,King,109,1,0,3,1,2,1,1,1,1,,,,8,0,0,0,3,0,2,7,2,4,6,0,0,3,3,NE 24TH ST,BELLEVUE WAY NE,-122.2016361,47.63195833,0,1,13,80,5,25,14,0,0,1,7,8,1,1,3,1,11,1,2,53,0,59,403,2013,0,0,8,,,,,,1,1,76,1,0,,0,0,3,0,11,0,,,,,0,0,0,3,1,0,0,0,0,96,,,,,,0,,,,,,98053,53,72,230,6,1,0,0,0,0,,97,,,,,,0,,,20,0,0,0,8,9,8,,,0,0,0,8,0,8,95,,,96,,,8,95,995,,,,,,,,,,,,,,,,,,,,,,,,,,,,,,0,0,0,1,0,0,0,0,0,0,0,0,0,0,0,0,0,0,0,0,0,0,0,0,0,1,1,1,0,1,0,1,0,0,0,,0,0,0,0,0,0,0,0,0,0,0,0,0,0,0,0,,,,,,76-80,76+,City street,U,Wednesday,Belt Used,PV,Not Fatal,1,0,0,0,City Street,Municipal/City Police,Bellevue Police Department,0,0,0,1,0,,,,,,0,0,0,,,,,,,,,,,98,98,98,0,,,,,20,7,,,,,,,,,,,,,,,
2019,420,E987256,2,11/16/2019,0:01,16,11,,61,Snohomish,0,1,0,2,2,2,1,0,1,2,,,,31,0,0,2.5,1,0,1,5,2,1,3,0,0,0,0,SR-531,,-122.2668222,48.15569722,0,1,1,13,2,35,14,0,0,1,7,14,3,4,2,1,14,1,1,53,0,49,402,2009,0,0,63,31,38,19,14,,1,1,33,2,7,,4,7,20,7,11,0,11/16/2019,0:01,53051215,51215,0,0,0,3,1,0,0,0,0,96,,,,,,99,,,,,,98292,53,71,168,6,1,1,1,1,0,,0,,,,,,3,01/15/2017,01/15/2018,8,0,0,0,0,1,8,,,0,0,0,8,1,2,996,996,,1,1,,2,1,0.2,,,,,,,,,,,,,,,,,,,,,,,,,,,,,,0,0,1,0,1,1,1,1,0,0,0,0,1,0,0,0,0,0,0,1,0,0,0,0,0,0,0,0,0,1,0,0,0,1,0,,1,0,0,0,0,1,1,1,0,1,0,0,0,0,0,1,,,,,,31-35,26-35,State route,U,Saturday,Not Used,PV,White,0,1,0,0,State Route,State Patrol,Washington State Patrol,1,1,0,0,0,,,,,,0,1,1,,,,,,,,,,,98,98,98,1,,,,,20,7,,,,,,,,,,,,,,,
2019,421,E987417,106,11/27/2019,16:32,27,11,,33,King,532,1,0,1,1,2,1,0,3,3,,,,12,0,6,0,2,0,3,7,2,4,6,0,0,20,3,8TH AVE S,S 196TH ST,-122.324875,47.42691111,0,1,82,15,2,30,34,0,0,1,5,12,1,1,2,1,11,2,1,53,0,20,473,2016,0,0,12,,,,,,1,1,73,1,0,,0,0,3,0,11,0,,,,,0,0,0,3,1,38,0,0,0,96,,,,,,99,,,,,,98148,53,69,220,6,1,0,0,0,0,,97,,,,,,0,,,99,0,0,0,8,9,8,,,0,0,0,8,9,8,95,,,96,,,8,95,995,,,,,,,,,,,,,,,,,,,,,,,,,,,,,,0,0,0,1,1,1,1,1,1,0,0,0,0,1,1,0,1,0,1,0,0,0,0,1,1,1,1,0,1,1,0,0,0,0,0,,0,0,0,0,0,0,0,0,0,0,1,0,0,0,0,0,,,,,,71-75,66-75,City street,U,Wednesday,Belt Used,PV,Not Fatal,1,0,0,0,City Street,Municipal/City Police,Des Moines Police Department,0,0,0,1,0,,,,,,0,0,0,,,,,,,,,,,98,98,98,0,,,,,20,7,,,,,,,,,,,,,,,
2019,421,E987417,106,11/27/2019,16:32,27,11,,33,King,532,1,0,1,1,2,1,0,3,3,,,,12,0,6,0,2,0,3,7,2,4,6,0,0,0,0,8TH AVE S,S 196TH ST,-122.324875,47.42691111,0,2,83,67,4,30,80,0,0,1,7,12,1,1,2,1,1,1,1,53,0,53,705,2003,0,0,12,68,64,14,,,1,1,25,1,7,,4,7,20,7,11,0,11/27/2019,16:32,53253053266,53266,0,0,3,2,1,0,0,0,0,92,,,,,,99,,,,,,98198,53,75,200,1,1,0,1,0,4,,0,,,,,,0,05/15/2016,07/15/2019,20,8,0,0,0,9,8,,,0,0,0,8,9,2,996,401,417,1,1,1,2,1,0.1,,,,,,,,,,,,,,,,,,,,,,,,,,,,,,0,0,0,1,1,1,1,1,1,0,0,0,0,1,1,0,1,0,1,0,0,0,0,1,1,1,1,0,1,1,0,0,0,0,1,0,0,0,0,0,0,1,1,1,1,0,0,1,0,0,0,1,,,,,,21-25,16-25,City street,U,Wednesday,,MC,White,1,0,0,0,City Street,Municipal/City Police,Des Moines Police Department,0,0,0,1,0,thc,4.1,carboxy-thc,6.7,,0,0,5,1,1,,,,695,605,,,,0,0,0,1,,,,,19,0,,,,,,,nms,,,,,,,,
2019,422,E987639,8,11/21/2019,4:40,21,11,,31,Jefferson,0,1,0,3,1,2,1,0,1,1,,,,24,0,0,4.1,1,0,1,3,1,1,3,0,0,0,0,SR-104,,-122.8137139,47.92294722,0,1,6,12,2,60,20,0,0,1,7,1,1,2,2,1,1,1,5,53,0,7,442,1994,0,0,68,64,24,1,,,1,1,32,1,7,,4,0,99,7,11,8,11/21/2019,6:17,69053052352,52352,0,0,0,0,1,0,0,0,0,96,,,,,,99,,,,,,98370,53,66,175,0,0,0,1,1,0,,0,,,,,,4,04/15/2019,04/15/2019,1,1,9,0,0,9,8,,,0,0,0,8,9,2,401,417,695,1,1,1,2,1,0,,,,,,,,,,,,,,,,,,,,,,,,,,,,,,0,0,1,0,0,0,1,1,1,0,0,0,1,1,0,0,0,0,0,0,0,0,0,0,0,0,0,0,0,1,0,0,0,0,0,,1,0,0,0,0,0,1,1,0,1,0,1,0,0,1,0,,,,,,31-35,26-35,State route,R,Thursday,Unknown,PV,White,0,1,0,0,State Route,State Patrol,Washington State Patrol,1,1,0,0,0,thc,2.2,carboxy-thc,11,,0,0,0,1,,,,,605,,,,,0,0,0,1,,,,,20,7,,,,,,,nms,,,,,,,,
2019,423,E987726,55,11/15/2019,11:41,15,11,,33,King,100,10,0,1,2,2,1,0,3,2,,,,12,0,6,2,2,0,2,3,2,1,3,0,3,3,3,SR-164,DOGWOOD ST SE,-122.1925194,47.28839444,0,1,68,15,2,35,4,0,0,1,2,12,1,1,5,1,11,2,1,53,0,63,34,2009,0,0,12,,,,,,1,1,86,2,0,,2,0,3,0,11,5,,,,,0,0,3,3,1,38,0,0,0,96,,,,,,99,,,,,,98022,53,62,160,6,1,0,0,0,0,,97,,,,,,0,,,20,0,0,0,8,9,8,,,0,0,0,8,9,8,95,,,96,,,8,95,995,,,,,,,,,,,,,,,,,,,,,,,,,,,,,,0,0,0,1,0,0,0,0,0,0,0,0,0,0,0,0,0,0,1,0,0,0,0,0,0,1,1,1,0,1,0,0,0,0,0,,0,0,0,0,0,0,0,0,0,0,1,0,0,0,0,0,,,,,,81+,76+,State route,U,Friday,Belt Used,PV,Not Fatal,1,0,0,0,State Route,Municipal/City Police,Auburn Police Department,0,1,0,0,0,,,,,,0,0,0,,,,,,,,,,,98,98,98,0,,,,,20,7,,,,,,,,,,,,,,,