year,case,par,repjur,crash_dt,crash_tm,accday,accmon,holiday,county,co_char,city,weather,weather2,lightcond,surfcond,surftype,numfatal,nmforms,pforms,vforms,not_tm,arr_tm,hosp_tm,fhevent,hitrun,manncol,milepnt,reljunc,reljuncinter,intersectiontype,funcsystem,landuse,ownership,route,schlbus,spejur,contdev,devfunc,trafid1,trafid2,x,y,wk_zone,vnumber,crashtype,criticalevent,criticaleventcat,spdlim,body,trailer,emerg,hazcargo,leave,mhevent,roadalgn,roadprof,traflane,trafflow,vehmanvr,numoccs,regowner,regstate,spuse,make,model,modelyr,vrf1,vrf2,seqevent1,seqevent2,seqevent3,seqevent4,seqevent5,seqevent6,pnumber,ptype,age,sex,hispanic,race,injury,diedscene,restraint,restraintmisuse,seatpos,takehosp,death_dt,death_tm,cert,cernum_wa,commlic,licendor,licrestrict,liccomp,drivpres,drf1,drf2,drf3,drf4,distract1,distract2,distract3,distract4,distract5,distract6,dricond1,dricond2,dricond3,dricond4,dricond5,dricond6,dzip,licstate,drhgt_in,weight,noncdl,noncdltype,prevdwi,prevoth,prevacc,prevspd,prevsus,driviol1,driviol2,driviol3,driviol4,driviol5,driviol6,spdrel,first_dt,last_dt,airbag,ejection,ejectpath,extricat,injurwrk,methalc,methdrug,nmlocat,strikveh,prf1,prf2,prf3,druginv,alcinvol,drugsts,drugres1,drugres2,drugres3,drugtst1,drugtst2,drugtst3,alcsts,alctst,alcres,nmact1,nmact2,nmact3,nmact4,nmact5,nmact6,nmprior1,nmprior2,nmprior3,nmprior4,nmprior5,nmprior6,nmcond1,nmcond2,nmcond3,nmcond4,nmcond5,nmcond6,nmsafe_helmet,nmsafe_pads,nmsafe_oth,nmprev_ref,nmprev_lgt,nmprev_oth,crashlocation,nmcrashtype,crosswalk,schoolzone,sidewalk,train_inv,wildlife_inv,rotr_fars,intersect_fars,dd_inv,aid_inv,dpd_inv,id_inv,mj_inv,impnm_inv,ainm_inv,dpnm_inv,speed_inv,unlic_inv,unendmc_inv,drowsy_inv,drdist_inv,nmdist_inv,fty_inv,unrestfat_inv,dr1617_inv,dr1820_inv,dr1620_inv,dr2125_inv,dr1625_inv,dr65_inv,dr70_inv,dr75_inv,mc_inv,pv_inv,ht_inv,ped_inv,bike_inv,unrest_fat,mc_fat,unhelmet_mc,pv_fat,ht_fat,ped_fat,bike_fat,dr_alc7,dr_alc8,dr_drug,dr_imp,dr_dist,dr_spd,dr_fty,dr_unlic,dr_alc7only,dr_alc8only,dr_drugonly,dr_drink,nm_imp,nm_alc7,nm_alc8,nm_drug,nm_dist,agegrp1,agegrp2,roadclass,urbrur,dayweek,restuse,vehtype,race_me,intersect,lanedep,oppdir,wrongway,rep_typ,investag,repag_long,rotr,st_rd,cty_rd,city_rd,oth_rd,drug_thc,thc_res,drug_cthc,cthc_res,drug_cann,prevpersemin,prevperse,prevsusoth,drugtst4,drugtst5,drugtst6,drugtst7,drugtst8,drugres4,drugres5,drugres6,drugres7,drugres8,adspresent,adsengaged,adslevel,race1,race2,race3,race4,race5,helmet,helmetmisuse,nmdistract1,nmdistract2,nmdistract3,nmdistract4,nmdistract5,nmdistract6,lab,isedtcase,crf1,crf2,crf3,CoRoadName,CoMP,IntCoRoadName,IntCoMP
2019,438,E992424,122,12/10/2019,17:19,10,12,,61,Snohomish,690,2,0,2,2,2,1,1,1,1,,,,8,1,0,0,1,0,1,7,2,4,6,0,0,0,0,7TH AVE SE,,-122.2233806,47.91106389,0,1,13,80,5,25,4,0,0,1,5,8,1,1,3,5,1,1,1,53,0,55,33,2011,0,0,8,,,,,,1,1,63,2,0,,0,0,3,0,11,0,,,,,0,0,3,3,1,0,0,0,0,96,,,,,,0,,,,,,98203,53,63,175,6,1,0,0,0,0,,0,,,,,,0,,,20,0,0,0,8,9,8,,,0,0,0,8,0,8,95,,,96,,,8,95,995,,,,,,,,,,,,,,,,,,,,,,,,,,,,,,0,0,0,0,0,0,0,0,0,0,0,0,0,0,0,0,0,0,0,0,0,0,0,0,0,0,0,0,0,1,0,1,0,0,0,,0,0,0,0,0,0,0,0,0,0,0,0,0,0,0,0,,,,,,61-65,56-65,City street,U,Tuesday,Belt Used,PV,Not Fatal,0,0,0,0,City Street,Municipal/City Police,Everett Police Department,0,0,0,1,0,,,,,,0,0,0,,,,,,,,,,,98,98,98,0,,,,,20,7,,,,,,,,,,,,,,,
2019,472,E992886,297,12/11/2019,18:35,11,12,,33,King,2310,2,0,3,6,2,1,1,3,2,,,,8,0,0,0,3,0,2,7,2,4,6,0,0,0,0,S 124TH ST,46TH AVE S,-122.276,47.49231667,0,1,13,80,5,25,4,0,0,1,5,8,1,1,2,1,1,2,1,53,0,54,44,2016,0,0,8,,,,,,1,1,73,2,0,,0,0,3,0,11,0,,,,,0,0,3,3,1,38,0,0,0,96,,,,,,98,,,,,,98125,53,63,127,6,1,0,0,0,0,,46,,,,,,0,,,20,0,0,0,8,9,8,,,0,0,0,8,8,8,95,,,96,,,8,95,995,,,,,,,,,,,,,,,,,,,,,,,,,,,,,,0,0,0,1,0,0,0,0,0,1,1,0,0,0,0,0,0,0,1,0,0,0,0,1,1,1,1,0,0,1,0,1,0,0,0,,0,0,0,0,0,0,0,0,0,0,1,0,0,0,0,0,,,,,,71-75,66-75,City street,U,Wednesday,Belt Used,PV,Not Fatal,1,0,0,0,City Street,Municipal/City Police,Tukwila Police Department,0,0,0,1,0,,,,,,0,0,0,,,,,,,,,,,98,98,98,0,,,,,20,7,,,,,,,,,,,,,,,
2019,472,E992886,297,12/11/2019,18:35,11,12,,33,King,2310,2,0,3,6,2,1,1,3,2,,,,8,0,0,0,3,0,2,7,2,4,6,0,0,0,0,S 124TH ST,46TH AVE S,-122.276,47.49231667,0,2,98,98,7,25,34,0,0,1,5,8,1,1,2,1,1,1,1,53,0,12,481,2016,0,0,8,,,,,,1,1,24,1,0,,0,0,3,0,11,0,,,,,0,0,0,3,1,0,0,0,0,96,,,,,,98,,,,,,98405,53,68,195,6,1,0,0,2,0,,0,,,,,,0,11/15/2016,08/15/2018,20,0,0,0,8,9,8,,,0,0,0,8,8,8,95,,,96,,,8,95,995,,,,,,,,,,,,,,,,,,,,,,,,,,,,,,0,0,0,1,0,0,0,0,0,1,1,0,0,0,0,0,0,0,1,0,0,0,0,1,1,1,1,0,0,1,0,1,0,0,0,,0,0,0,0,0,0,0,0,0,0,0,0,0,0,0,0,,,,,,21-25,16-25,City street,U,Wednesday,Belt Used,PV,Not Fatal,1,0,0,0,City Street,Municipal/City Police,Tukwila Police Department,0,0,0,1,0,,,,,,0,0,0,,,,,,,,,,,98,98,98,0,,,,,20,7,,,,,,,,,,,,,,,
2019,439,E993268,1,12/13/2019,6:28,13,12,,5,Benton,0,1,0,2,4,2,1,0,1,1,,,,1,0,0,119,1,0,1,1,1,1,1,0,0,0,0,I-82,,-119.2231611,46.08466389,0,1,2,6,1,70,34,0,0,1,7,1,1,2,2,3,1,1,1,53,0,12,481,2001,0,0,63,1,38,,,,1,1,43,1,1,,4,7,20,7,11,0,12/13/2019,6:28,53054803,54803,0,0,0,3,1,0,0,0,0,96,,,,,,0,,,,,,99336,53,71,300,6,1,0,1,1,0,,0,,,,,,4,05/15/2015,01/15/2017,20,1,9,0,0,1,8,,,0,0,0,8,0,2,1,,,1,,,2,1,0,,,,,,,,,,,,,,,,,,,,,,,,,,,,,,0,0,0,0,0,0,0,0,0,0,0,0,1,0,0,0,0,0,0,1,0,0,0,0,0,0,0,0,0,1,0,0,0,1,0,,1,0,0,0,0,0,0,0,0,1,0,0,0,0,0,0,,,,,,41-45,36-45,Interstate,R,Friday,Not Used,PV,Hispanic,0,1,0,0,State Route,State Patrol,Washington State Patrol,1,1,0,0,0,,,,,,0,0,0,,,,,,,,,,,98,98,98,298,,,,,20,7,,,,,,,,,,,,,,,
2019,440,E993770,2,12/13/2019,22:09,13,12,,73,Whatcom,110,2,0,2,2,2,2,0,5,2,,,,12,0,1,255,1,0,1,1,2,1,1,0,0,0,0,I-5,,-122.4653333,48.77351111,0,2,25,53,3,60,5,0,0,1,7,12,1,2,2,3,1,3,1,95,0,34,44,2009,0,0,12,,,,,,1,1,41,2,0,,0,0,3,0,11,0,,,,,99,9,9,9,1,0,0,0,0,96,,,,,,0,,,,,,0,95,,999,9,9,99,99,99,99,,0,,,,,,0,,,20,0,0,0,8,9,8,,,0,0,0,8,8,8,95,,,96,,,8,95,995,,,,,,,,,,,,,,,,,,,,,,,,,,,,,,0,0,0,0,1,1,1,1,1,0,0,0,1,0,0,0,0,0,0,0,0,1,1,0,1,0,0,0,0,1,0,0,0,0,0,,0,0,0,0,0,0,0,0,0,0,0,0,0,0,0,0,,,,,,41-45,36-45,Interstate,U,Friday,Belt Used,PV,Not Fatal,0,0,0,0,State Route,State Patrol,Washington State Patrol,0,1,0,0,0,,,,,,99,99,99,,,,,,,,,,,98,98,98,0,,,,,20,7,,,,,,,,,,,,,,,
2019,440,E993770,2,12/13/2019,22:09,13,12,,73,Whatcom,110,2,0,2,2,2,2,0,5,2,,,,12,0,1,255,1,0,1,1,2,1,1,0,0,0,0,I-5,,-122.4653333,48.77351111,0,1,24,51,3,60,4,0,0,1,7,2,1,2,2,3,1,2,2,53,0,32,43,2015,0,0,12,63,42,1,2,,1,1,19,1,7,,4,7,99,7,11,0,12/13/2019,22:09,11053055244,55244,0,0,3,3,1,0,0,0,0,96,,,,,,99,,,,,,98226,53,70,186,6,1,0,2,1,4,,0,,,,,,4,10/15/2017,07/15/2019,99,0,0,0,0,9,8,,,0,0,0,8,8,2,402,605,,1,1,,2,1,0.128,,,,,,,,,,,,,,,,,,,,,,,,,,,,,,0,0,0,0,1,1,1,1,1,0,0,0,1,0,0,0,0,0,0,0,0,1,1,0,1,0,0,0,0,1,0,0,0,0,0,,1,0,0,0,0,1,1,1,0,1,0,0,0,0,0,1,,,,,,18-20,16-25,Interstate,U,Friday,Unknown,PV,API,0,0,0,0,State Route,State Patrol,Washington State Patrol,0,1,0,0,0,thc,1.4,,,,0,0,0,,,,,,,,,,,98,98,98,18,,,,,20,7,,,,,,,nms,,,,,,,,
2019,493,E993811,27,12/14/2019,22:26,14,12,,37,Kittitas,0,5,0,2,4,2,1,0,1,1,,,,38,0,0,7.3,8,0,1,5,1,2,4,0,0,0,0,CR-N THORP HWY,,-120.6853167,47.07516389,0,1,6,6,1,35,96,0,0,1,5,1,3,1,2,1,11,1,0,92,0,98,734,2015,0,0,63,69,68,64,38,1,1,1,38,1,7,,4,0,20,7,11,8,12/17/2019,17:00,1.96E+11,55929,0,0,0,1,1,87,0,0,0,96,,,,,,9,,,,,,98068,53,71,160,6,1,0,1,0,1,,0,,,,,,0,10/15/2019,12/15/2019,20,1,9,0,0,9,8,,,0,0,0,8,1,2,695,605,,1,1,,2,1,0.182,,,,,,,,,,,,,,,,,,,,,,,,,,,,,,0,0,1,0,1,1,1,1,1,0,0,0,0,0,0,0,0,0,0,0,0,0,0,0,0,0,0,0,0,0,0,0,0,0,0,,0,0,0,0,0,1,1,1,0,0,0,0,0,0,0,1,,,,,,36-40,36-45,County road,R,Saturday,,OTHVT,White,0,0,0,0,County Road,County Sheriff,Kittitas County Sheriff's Office,0,0,1,0,0,thc,2.6,carboxy-thc,22,,0,0,0,,,,,,,,,,,98,98,98,1,,,,,17,7,,,,,,,nms,,,,,,,,
2019,441,E994060,47,12/12/2019,20:45,12,12,,27,Grays Harbor,10,2,0,3,2,2,1,0,1,1,,,,39,0,0,0,3,0,3,7,2,4,6,0,0,0,0,N B ST   ROBERT GRAY ELEMENTAR,3RD AVE,-123.8142444,46.98606944,0,1,14,14,2,25,4,0,0,1,7,39,1,2,2,1,1,1,1,53,0,12,17,1993,0,0,71,39,,,,,1,1,37,1,7,,4,7,20,7,11,0,12/12/2019,20:45,1053055372,55372,6,0,0,3,1,0,0,0,0,92,,,,,,99,,,,,,98513,53,69,160,6,1,0,2,1,1,,0,,,,,,0,01/15/2018,08/15/2019,1,1,9,0,0,9,8,,,0,0,0,8,9,2,401,417,,1,1,,2,1,0,,,,,,,,,,,,,,,,,,,,,,,,,,,,,,0,0,0,1,0,0,1,1,0,0,0,0,0,0,0,0,1,0,0,1,0,0,0,0,0,0,0,0,0,1,0,0,0,1,0,,1,0,0,0,0,0,1,1,1,0,0,0,0,0,1,0,,,,,,36-40,36-45,City street,U,Thursday,Not Used,PV,White,1,0,0,0,City Street,Municipal/City Police,Aberdeen Police Department,0,0,0,1,0,,,,,,0,0,1,,,,,,,,,,,0,0,0,1,,,,,20,7,,,,,,,,,,,,,,,
2019,442,E994233,6,12/06/2019,9:40,6,12,,47,Okanogan,0,10,0,1,2,2,1,0,1,1,,,,1,0,0,50.9,1,0,1,4,1,1,3,0,3,0,0,SR-155,,-119.0965056,48.23701389,0,1,1,13,2,60,14,0,0,1,2,1,3,2,2,1,14,1,1,53,0,62,401,2001,0,0,63,1,,,,,1,1,43,1,1,,4,7,3,0,11,0,12/06/2019,9:40,53054332,54332,0,0,3,2,1,0,0,0,0,92,,,,,,9,,,,,,99203,53,69,140,1,1,2,2,1,3,,0,,,,,,0,07/15/2016,08/15/2019,1,2,9,0,0,1,8,,,0,0,0,8,1,2,1,,,1,,,2,1,0.318,,,,,,,,,,,,,,,,,,,,,,,,,,,,,,0,0,1,0,1,1,0,1,0,0,0,0,0,1,0,0,1,0,0,0,0,0,0,0,0,0,0,0,0,1,0,0,0,0,0,,1,0,0,0,0,1,0,1,1,0,0,1,0,1,0,1,,,,,,41-45,36-45,State route,R,Friday,Belt Used,PV,Hispanic,0,1,0,0,State Route,State Patrol,Washington State Patrol,1,1,0,0,0,,,,,,0,2,6,,,,,,,,,,,98,98,98,298,,,,,20,7,,,,,,,,,,,,,,,
2019,482,E994300,21,12/06/2019,16:03,6,12,,25,Grant,0,1,0,5,1,2,1,0,4,2,,,,12,0,2,0.7,1,0,1,5,1,2,4,0,0,0,0,CR-ROAD 7 NE,,-119.262925,47.18964722,0,1,50,10,2,55,4,0,0,1,7,12,1,1,2,1,1,1,1,53,0,7,26,2013,0,0,68,12,,,,,1,1,75,1,7,,4,0,3,0,11,8,12/06/2019,17:38,1.39E+11,54021,0,0,0,3,1,28,0,0,0,0,,,,,,1,,,,,,98837,53,66,280,6,1,0,0,0,0,,0,,,,,,0,,,8,0,0,0,0,9,8,,,0,0,0,8,0,8,95,,,96,,,8,95,995,,,,,,,,,,,,,,,,,,,,,,,,,,,,,,0,0,0,0,0,0,0,0,0,0,0,0,0,0,0,0,1,0,0,0,1,0,1,0,1,1,1,1,0,1,0,0,0,0,0,,1,0,0,0,0,0,0,0,0,0,0,0,0,0,0,0,,,,,,71-75,66-75,County road,R,Friday,Belt Used,PV,White,0,1,1,0,County Road,County Sheriff,Grant County Sheriff's Office,0,0,1,0,0,,,,,,0,0,0,,,,,,,,,,,98,98,98,1,,,,,20,7,,,,,,,,,,,,,,,
2019,482,E994300,21,12/06/2019,16:03,6,12,,25,Grant,0,1,0,5,1,2,1,0,4,2,,,,12,0,2,0.7,1,0,1,5,1,2,4,0,0,0,0,CR-ROAD 7 NE,,-119.262925,47.18964722,0,2,51,62,4,55,34,0,0,1,7,12,1,1,2,1,1,3,2,53,0,12,481,2008,0,0,12,,,,,,1,1,16,2,0,,2,0,3,0,11,4,,,,,0,0,1,3,1,0,0,0,0,3,6,,,,,0,,,,,,98837,53,64,175,6,2,0,0,0,0,,0,,,,,,0,,,1,0,0,0,8,9,8,,,0,0,0,8,0,8,95,,,96,,,8,95,995,,,,,,,,,,,,,,,,,,,,,,,,,,,,,,0,0,0,0,0,0,0,0,0,0,0,0,0,0,0,0,1,0,0,0,1,0,1,0,1,1,1,1,0,1,0,0,0,0,0,,0,0,0,0,0,0,0,0,1,0,0,0,0,0,0,0,,,,,,16-17,16-25,County road,R,Friday,Belt Used,PV,Not Fatal,0,1,1,0,County Road,County Sheriff,Grant County Sheriff's Office,0,0,1,0,0,,,,,,0,0,0,,,,,,,,,,,98,98,98,0,,,,,20,7,,,,,,,,,,,,,,,
2019,483,E994426,1,12/15/2019,16:46,15,12,,77,Yakima,0,10,0,2,2,1,1,1,1,1,,,,8,1,0,47.9,1,0,1,1,1,1,1,0,0,0,0,I-82,,-120.3451694,46.43636389,0,1,13,11,2,70,14,0,0,1,5,8,1,1,2,3,1,99,2,53,0,49,402,2008,0,0,63,8,,,,,1,1,35,1,0,,0,0,3,0,11,0,,,,,0,0,3,2,1,0,0,0,0,92,,,,,,99,,,,,,98948,53,72,180,1,1,0,0,0,0,,7,,,,,,0,09/15/2015,09/15/2015,20,0,0,0,8,9,8,,,0,0,0,8,9,0,0,,,0,,,0,0,996,,,,,,,,,,,,,,,,,,,,,,,,,,,,,,0,0,0,0,0,0,0,0,0,0,0,0,0,1,0,0,1,0,0,0,0,0,0,0,0,0,0,0,0,1,0,1,0,0,0,,0,0,0,0,0,0,0,0,1,0,0,1,0,0,0,0,,,,,,31-35,26-35,Interstate,R,Sunday,Belt Used,PV,Not Fatal,0,0,0,0,State Route,State Patrol,Washington State Patrol,0,1,0,0,0,,,,,,0,0,1,,,,,,,,,,,98,98,98,0,,,,,20,7,,,,,,,,,,,,,,,
2019,443,E994471,2,12/04/2019,21:57,4,12,,29,Island,0,1,0,3,1,2,1,0,1,1,,,,30,0,0,9999.9,1,0,1,5,1,2,4,0,0,0,0,CR-SE CAMANO DR,,-122.4603667,48.14683889,0,1,1,13,2,40,6,0,0,1,2,1,3,1,2,1,14,1,1,53,0,48,34,2002,0,0,63,30,1,,,,1,1,40,2,7,,4,7,20,7,11,0,12/04/2019,21:57,53053606,53606,0,0,3,3,1,0,0,0,0,96,,,,,,9,,,,,,98282,53,58,111,6,1,0,1,0,0,,0,,,,,,4,01/15/2018,01/15/2018,8,2,9,0,0,1,8,,,0,0,0,8,1,2,695,605,,1,1,,2,1,0.299,,,,,,,,,,,,,,,,,,,,,,,,,,,,,,0,0,1,0,1,1,1,1,1,0,0,0,1,0,0,0,0,0,0,1,0,0,0,0,0,0,0,0,0,1,0,0,0,1,0,,1,0,0,0,0,1,1,1,0,1,0,0,0,0,0,1,,,,,,36-40,36-45,County road,R,Wednesday,Not Used,PV,Oth/Unk,0,1,0,0,County Road,State Patrol,Washington State Patrol,1,0,1,0,0,thc,0.78,carboxy-thc,14,,0,0,0,,,,,,,,,,,98,98,98,99,,,,,20,7,,,,,,,nms,,,,,,,,
2019,445,E994918,160,12/17/2019,18:19,17,12,,33,King,1030,1,0,3,1,2,1,1,1,1,,,,8,0,0,1.3,3,0,3,4,2,1,3,0,0,0,0,SR-515,SE 235TH ST,-122.2021722,47.39094167,0,1,13,80,5,40,14,0,0,1,7,8,1,1,5,5,1,1,1,53,0,49,401,2000,0,0,8,,,,,,1,1,25,1,0,,0,0,99,7,11,0,,,,,0,0,0,3,1,0,0,0,0,96,,,,,,0,,,,,,98031,53,76,190,6,1,0,0,2,0,,0,,,,,,0,05/15/2017,11/15/2018,20,0,0,0,8,9,2,,,0,0,0,0,0,8,95,,,96,,,8,95,995,,,,,,,,,,,,,,,,,,,,,,,,,,,,,,0,0,0,1,0,0,0,0,0,1,0,1,0,0,0,0,0,0,0,0,0,0,0,1,1,0,0,0,0,1,0,1,0,0,0,,0,0,0,0,0,0,0,0,0,0,0,0,0,0,0,0,,,,,,21-25,16-25,State route,U,Tuesday,Unknown,PV,Not Fatal,1,0,0,0,State Route,Municipal/City Police,Kent Police Department,0,1,0,0,0,,,,,,0,0,0,,,,,,,,,,,98,98,98,0,,,,,20,7,,,,,,,,,,,,,,,
2019,446,E994935,269,12/15/2019,17:10,15,12,,33,King,2005,10,0,3,2,2,1,0,4,3,,,,12,0,6,0,1,0,1,3,2,4,6,0,0,0,0,NE 175TH ST,,-122.3293917,47.75595,0,2,66,62,4,35,21,0,0,1,7,12,1,1,6,1,1,1,1,6,0,7,461,1991,0,0,12,12,,,,,1,1,49,1,0,,3,0,3,0,11,8,,,,,0,0,0,3,1,0,0,0,0,96,,,,,,0,,,,,,74601,40,72,250,6,1,0,0,0,0,,0,,,,,,0,,,20,0,0,0,8,9,8,,,0,0,0,8,0,8,95,,,96,,,8,95,995,,,,,,,,,,,,,,,,,,,,,,,,,,,,,,0,0,0,0,1,1,0,1,0,0,0,0,0,0,0,0,0,0,0,0,0,0,0,0,0,0,0,0,0,1,0,0,0,0,0,,0,0,0,0,0,0,0,0,0,0,0,0,0,0,0,0,,,,,,46-50,46-55,City street,U,Sunday,Belt Used,PV,Not Fatal,0,1,1,0,State Route,Municipal/City Police,Shoreline Police Department,0,1,0,0,0,,,,,,0,0,0,,,,,,,,,,,0,0,0,0,,,,,20,7,,,,,,,,,,,,,,,
2019,446,E994935,269,12/15/2019,17:10,15,12,,33,King,2005,10,0,3,2,2,1,0,4,3,,,,12,0,6,0,1,0,1,3,2,4,6,0,0,0,0,NE 175TH ST,,-122.3293917,47.75595,0,3,98,98,7,35,14,0,0,1,7,12,1,1,6,1,1,1,1,41,0,49,402,2015,0,0,12,,,,,,1,1,26,2,0,,0,0,3,0,11,0,,,,,0,0,0,3,1,0,0,0,0,96,,,,,,0,,,,,,94015,6,67,125,6,1,0,0,0,0,,0,,,,,,0,,,20,0,0,0,8,9,8,,,0,0,0,8,0,8,95,,,96,,,8,95,995,,,,,,,,,,,,,,,,,,,,,,,,,,,,,,0,0,0,0,1,1,0,1,0,0,0,0,0,0,0,0,0,0,0,0,0,0,0,0,0,0,0,0,0,1,0,0,0,0,0,,0,0,0,0,0,0,0,0,0,0,0,0,0,0,0,0,,,,,,26-30,26-35,City street,U,Sunday,Belt Used,PV,Not Fatal,0,1,1,0,State Route,Municipal/City Police,Shoreline Police Department,0,1,0,0,0,,,,,,0,0,0,,,,,,,,,,,98,98,98,0,,,,,20,7,,,,,,,,,,,,,,,
2019,446,E994935,269,12/15/2019,17:10,15,12,,33,King,2005,10,0,3,2,2,1,0,4,3,,,,12,0,6,0,1,0,1,3,2,4,6,0,0,0,0,NE 175TH ST,,-122.3293917,47.75595,0,1,66,6,1,35,2,0,0,1,7,12,1,1,6,1,1,2,1,53,0,12,3,1994,0,0,68,12,,,,,1,1,44,1,7,,4,7,3,0,11,0,12/15/2019,17:10,2.01E+11,55156,0,0,3,3,1,0,0,0,0,96,,,,,,99,,,,,,98155,53,72,195,6,1,0,0,0,1,,0,,,,,,0,07/15/2019,07/15/2019,20,0,0,0,0,9,8,,,0,0,0,8,9,2,1,,,1,,,2,1,0.13,,,,,,,,,,,,,,,,,,,,,,,,,,,,,,0,0,0,0,1,1,0,1,0,0,0,0,0,0,0,0,0,0,0,0,0,0,0,0,0,0,0,0,0,1,0,0,0,0,0,,1,0,0,0,0,1,0,1,0,0,0,0,0,1,0,1,,,,,,41-45,36-45,City street,U,Sunday,Belt Used,PV,White,0,1,1,0,State Route,Municipal/City Police,Shoreline Police Department,0,1,0,0,0,,,,,,0,0,0,,,,,,,,,,,0,0,0,1,,,,,20,7,,,,,,,,,,,,,,,
2019,495,E995033,160,12/16/2019,13:04,16,12,,33,King,1030,10,0,1,1,2,1,0,2,2,,,,12,0,6,0.7,2,0,2,3,2,1,3,0,0,20,3,SR-181,OBERTO DR,-122.2482528,47.38850833,0,1,89,17,2,98,15,0,0,1,5,12,1,3,2,1,1,1,2,53,0,54,421,2016,0,0,12,,,,,,1,1,52,1,0,,0,0,99,7,11,0,,,,,0,0,0,3,1,38,91,0,0,96,,,,,,0,,,,,,98444,53,67,122,6,1,0,0,0,0,,2,,,,,,0,,,20,0,0,0,8,9,8,,,0,0,0,8,0,8,95,,,96,,,8,95,995,,,,,,,,,,,,,,,,,,,,,,,,,,,,,,0,0,0,1,0,0,0,0,0,0,0,0,0,0,0,0,0,0,1,0,0,0,0,0,0,0,0,0,1,1,0,0,0,0,0,,0,0,0,0,0,0,0,0,0,0,1,0,0,0,0,0,,,,,,51-55,46-55,State route,U,Monday,Unknown,PV,Not Fatal,1,0,0,0,State Route,Municipal/City Police,Kent Police Department,0,1,0,0,0,,,,,,0,0,0,,,,,,,,,,,98,98,98,0,,,,,20,7,,,,,,,,,,,,,,,
2019,495,E995033,160,12/16/2019,13:04,16,12,,33,King,1030,10,0,1,1,2,1,0,2,2,,,,12,0,6,0.7,2,0,2,3,2,1,3,0,0,0,0,SR-181,OBERTO DR,-122.2482528,47.38850833,0,2,88,66,4,35,80,0,0,1,7,12,1,3,5,1,1,1,1,53,0,72,706,2017,0,0,12,,,,,,1,1,49,1,7,,4,0,20,7,11,4,12/22/2019,17:27,1.96E+11,56617,0,0,3,3,1,0,0,0,0,96,,,,,,0,,,,,,98445,53,70,270,6,1,0,0,0,0,,0,,,,,,0,,,20,8,0,0,0,9,8,,,0,0,0,8,0,8,95,,,96,,,8,95,995,,,,,,,,,,,,,,,,,,,,,,,,,,,,,,0,0,0,1,0,0,0,0,0,0,0,0,0,0,0,0,0,0,1,0,0,0,0,0,0,0,0,0,1,1,0,0,0,0,1,0,0,0,0,0,0,0,0,0,0,0,0,0,0,0,0,0,,,,,,46-50,46-55,State route,U,Monday,,MC,White,1,0,0,0,State Route,Municipal/City Police,Kent Police Department,0,1,0,0,0,,,,,,0,0,0,,,,,,,,,,,0,0,0,1,,,,,19,0,,,,,,,,,,,,,,,
2019,447,E995304,7,12/19/2019,3:42,19,12,,33,King,0,5,0,2,2,2,1,1,1,1,,,,8,0,0,2.4,1,0,1,2,2,1,3,0,0,0,0,SR-516,,-122.2823722,47.39114722,0,1,13,80,5,55,34,0,0,1,5,8,2,2,2,3,14,1,1,53,0,12,471,2008,0,0,8,,,,,,1,1,60,1,0,,0,0,3,0,11,0,,,,,0,0,0,0,1,0,0,0,0,96,,,,,,0,,,,,,98188,53,69,185,3,1,0,0,1,0,,0,,,,,,0,11/15/2016,11/15/2016,20,0,0,0,8,9,8,,,0,0,0,8,0,8,95,,,96,,,8,95,995,,,,,,,,,,,,,,,,,,,,,,,,,,,,,,0,0,0,0,0,0,0,0,0,1,0,1,0,1,0,0,0,0,0,0,0,0,0,0,0,0,0,0,0,1,0,1,0,0,0,,0,0,0,0,0,0,0,0,0,0,0,1,0,0,0,0,,,,,,56-60,56-65,State route,U,Thursday,Belt Used,PV,Not Fatal,0,0,0,0,State Route,State Patrol,Washington State Patrol,0,1,0,0,0,,,,,,0,0,0,,,,,,,,,,,98,98,98,0,,,,,20,7,,,,,,,,,,,,,,,
2019,465,E995586,262,12/19/2019,17:16,19,12,,33,King,1958,2,0,3,2,2,1,1,1,1,,,,8,0,0,0,3,0,3,7,2,4,6,0,0,0,0,MILITARY RD S,S 179TH ST,-122.2739806,47.44284722,0,1,13,80,5,35,4,0,0,1,5,8,4,2,3,1,14,1,1,53,0,37,37,2019,0,0,8,,,,,,1,1,30,1,0,,0,0,3,0,11,0,,,,,0,0,0,2,1,10,38,0,0,96,,,,,,98,,,,,,98022,53,71,210,1,1,0,0,1,1,,97,,,,,,0,10/15/2018,11/15/2018,20,0,0,0,8,9,2,,,0,0,0,0,0,8,95,,,96,,,8,95,995,,,,,,,,,,,,,,,,,,,,,,,,,,,,,,0,0,0,1,0,0,0,0,0,0,0,0,0,1,0,0,0,0,1,0,0,0,0,0,0,0,0,0,0,1,0,1,0,0,0,,0,0,0,0,0,0,0,0,0,0,1,1,0,0,0,0,,,,,,26-30,26-35,City street,U,Thursday,Belt Used,PV,Not Fatal,1,0,0,0,City Street,Municipal/City Police,SeaTac Police Department,0,0,0,1,0,,,,,,0,0,1,,,,,,,,,,,98,98,98,0,,,,,20,7,,,,,,,,,,,,,,,