year,case,par,repjur,crash_dt,crash_tm,accday,accmon,holiday,county,co_char,city,weather,weather2,lightcond,surfcond,surftype,numfatal,nmforms,pforms,vforms,not_tm,arr_tm,hosp_tm,fhevent,hitrun,manncol,milepnt,reljunc,reljuncinter,intersectiontype,funcsystem,landuse,ownership,route,schlbus,spejur,contdev,devfunc,trafid1,trafid2,x,y,wk_zone,vnumber,crashtype,criticalevent,criticaleventcat,spdlim,body,trailer,emerg,hazcargo,leave,mhevent,roadalgn,roadprof,traflane,trafflow,vehmanvr,numoccs,regowner,regstate,spuse,make,model,modelyr,vrf1,vrf2,seqevent1,seqevent2,seqevent3,seqevent4,seqevent5,seqevent6,pnumber,ptype,age,sex,hispanic,race,injury,diedscene,restraint,restraintmisuse,seatpos,takehosp,death_dt,death_tm,cert,cernum_wa,commlic,licendor,licrestrict,liccomp,drivpres,drf1,drf2,drf3,drf4,distract1,distract2,distract3,distract4,distract5,distract6,dricond1,dricond2,dricond3,dricond4,dricond5,dricond6,dzip,licstate,drhgt_in,weight,noncdl,noncdltype,prevdwi,prevoth,prevacc,prevspd,prevsus,driviol1,driviol2,driviol3,driviol4,driviol5,driviol6,spdrel,first_dt,last_dt,airbag,ejection,ejectpath,extricat,injurwrk,methalc,methdrug,nmlocat,strikveh,prf1,prf2,prf3,druginv,alcinvol,drugsts,drugres1,drugres2,drugres3,drugtst1,drugtst2,drugtst3,alcsts,alctst,alcres,nmact1,nmact2,nmact3,nmact4,nmact5,nmact6,nmprior1,nmprior2,nmprior3,nmprior4,nmprior5,nmprior6,nmcond1,nmcond2,nmcond3,nmcond4,nmcond5,nmcond6,nmsafe_helmet,nmsafe_pads,nmsafe_oth,nmprev_ref,nmprev_lgt,nmprev_oth,crashlocation,nmcrashtype,crosswalk,schoolzone,sidewalk,train_inv,wildlife_inv,rotr_fars,intersect_fars,dd_inv,aid_inv,dpd_inv,id_inv,mj_inv,impnm_inv,ainm_inv,dpnm_inv,speed_inv,unlic_inv,unendmc_inv,drowsy_inv,drdist_inv,nmdist_inv,fty_inv,unrestfat_inv,dr1617_inv,dr1820_inv,dr1620_inv,dr2125_inv,dr1625_inv,dr65_inv,dr70_inv,dr75_inv,mc_inv,pv_inv,ht_inv,ped_inv,bike_inv,unrest_fat,mc_fat,unhelmet_mc,pv_fat,ht_fat,ped_fat,bike_fat,dr_alc7,dr_alc8,dr_drug,dr_imp,dr_dist,dr_spd,dr_fty,dr_unlic,dr_alc7only,dr_alc8only,dr_drugonly,dr_drink,nm_imp,nm_alc7,nm_alc8,nm_drug,nm_dist,agegrp1,agegrp2,roadclass,urbrur,dayweek,restuse,vehtype,race_me,intersect,lanedep,oppdir,wrongway,rep_typ,investag,repag_long,rotr,st_rd,cty_rd,city_rd,oth_rd,drug_thc,thc_res,drug_cthc,cthc_res,drug_cann,prevpersemin,prevperse,prevsusoth,drugtst4,drugtst5,drugtst6,drugtst7,drugtst8,drugres4,drugres5,drugres6,drugres7,drugres8,adspresent,adsengaged,adslevel,race1,race2,race3,race4,race5,helmet,helmetmisuse,nmdistract1,nmdistract2,nmdistract3,nmdistract4,nmdistract5,nmdistract6,lab,isedtcase,crf1,crf2,crf3,CoRoadName,CoMP,IntCoRoadName,IntCoMP
2019,484,E995595,7,12/18/2019,12:03,18,12,,33,King,980,10,0,1,1,2,1,0,4,3,,,,12,0,1,12.1,1,0,1,1,2,1,1,0,0,0,0,I-90,,-122.0940472,47.56213333,0,2,25,53,3,60,63,0,0,1,7,12,1,1,4,3,1,2,3,53,0,85,881,2012,0,0,12,,,,,,1,1,29,1,0,,0,0,3,0,11,0,,,,,6,1,3,3,1,0,0,0,0,96,,,,,,0,,,,,,98040,53,69,180,6,1,0,0,0,0,,0,,,,,,0,,,20,0,0,0,8,9,8,,,0,0,0,8,0,8,95,,,96,,,8,95,995,,,,,,,,,,,,,,,,,,,,,,,,,,,,,,0,0,0,0,0,0,0,0,0,0,0,0,1,0,0,0,0,0,0,1,0,0,0,0,0,0,0,0,0,1,1,0,0,0,0,,0,0,0,0,0,0,0,0,0,0,0,0,0,0,0,0,,,,,,26-30,26-35,Interstate,U,Wednesday,,MHTRUCK,Not Fatal,0,0,0,0,State Route,State Patrol,Washington State Patrol,0,1,0,0,0,,,,,,0,0,0,,,,,,,,,,,98,98,98,0,,,,,20,7,,,,,,,,,,,,,,,
2019,484,E995595,7,12/18/2019,12:03,18,12,,33,King,980,10,0,1,1,2,1,0,4,3,,,,12,0,1,12.1,1,0,1,1,2,1,1,0,0,0,0,I-90,,-122.0940472,47.56213333,0,1,24,51,3,60,20,0,0,1,7,12,1,1,4,3,1,1,1,53,0,37,441,2008,0,0,12,12,,,,,1,1,62,1,7,,4,7,20,7,11,0,12/18/2019,12:03,98053056898,56898,0,0,3,3,1,0,0,0,0,96,,,,,,99,,,,,,98118,53,73,215,6,1,0,0,0,0,,0,,,,,,3,,,1,0,0,0,0,9,8,,,0,0,0,1,9,2,1,,,1,,,2,1,0,,,,,,,,,,,,,,,,,,,,,,,,,,,,,,0,0,0,0,0,0,0,0,0,0,0,0,1,0,0,0,0,0,0,1,0,0,0,0,0,0,0,0,0,1,1,0,0,1,0,,1,0,0,0,0,0,0,0,0,1,0,0,0,0,0,0,,,,,,61-65,56-65,Interstate,U,Wednesday,Not Used,PV,White,0,0,0,0,State Route,State Patrol,Washington State Patrol,0,1,0,0,0,,,,,,0,0,0,,,,,,,,,,,98,98,98,1,,,,,20,7,,,,,,,,,,,,,,,
2019,484,E995595,7,12/18/2019,12:03,18,12,,33,King,980,10,0,1,1,2,1,0,4,3,,,,12,0,1,12.1,1,0,1,1,2,1,1,0,0,0,0,I-90,,-122.0940472,47.56213333,0,3,98,98,7,60,66,1,0,1,5,12,1,1,4,3,1,1,3,53,0,85,881,2020,0,0,12,,,,,,1,1,48,1,0,,0,0,3,0,11,0,,,,,6,1,3,3,1,0,0,0,0,96,,,,,,0,,,,,,98580,53,73,175,6,1,0,1,2,0,,0,,,,,,0,05/15/2018,06/15/2018,20,0,0,0,8,9,8,,,0,0,0,8,0,8,95,,,96,,,8,95,995,,,,,,,,,,,,,,,,,,,,,,,,,,,,,,0,0,0,0,0,0,0,0,0,0,0,0,1,0,0,0,0,0,0,1,0,0,0,0,0,0,0,0,0,1,1,0,0,0,0,,0,0,0,0,0,0,0,0,0,0,0,0,0,0,0,0,,,,,,46-50,46-55,Interstate,U,Wednesday,,MHTRUCK,Not Fatal,0,0,0,0,State Route,State Patrol,Washington State Patrol,0,1,0,0,0,,,,,,0,0,0,,,,,,,,,,,98,98,98,0,,,,,20,7,,,,,,,,,,,,,,,
2019,528,E995792,238,12/14/2019,8:35,14,12,,35,Kitsap,1730,10,0,1,2,2,1,0,2,1,,,,1,0,0,0,1,0,1,4,2,4,6,0,0,0,0,FJORD DR NE,,-122.6361556,47.72301389,0,1,7,6,1,25,4,0,0,1,7,3,2,2,2,1,14,2,1,53,0,41,49,2004,0,0,68,64,67,1,3,,1,1,19,1,7,,4,0,99,7,11,5,12/15/2019,17:54,2.23E+11,55398,0,0,0,3,1,58,0,0,0,96,,,,,,99,,,,,,98346,53,73,185,6,2,0,0,0,1,,0,,,,,,3,08/15/2019,08/15/2019,20,0,0,0,0,9,8,,,0,0,0,8,9,2,348,605,,1,1,,2,1,0,,,,,,,,,,,,,,,,,,,,,,,,,,,,,,0,0,0,0,0,0,1,1,1,0,0,0,1,0,0,0,0,0,0,0,0,1,1,0,1,0,0,0,0,1,0,0,0,0,0,,1,0,0,0,0,0,1,1,0,1,0,0,0,0,1,0,,,,,,18-20,16-25,City street,U,Saturday,Unknown,PV,White,0,1,0,0,County Road,Municipal/City Police,Poulsbo Police Department,1,0,1,0,0,,,,,,0,0,0,,,,,,,,,,,98,98,98,1,,,,,20,7,,,,,,,,,,,,,,,
2019,485,E995911,248,12/12/2019,20:09,12,12,,33,King,1960,10,0,3,2,2,1,1,1,1,,,,8,0,0,0,2,0,3,7,2,4,6,0,0,0,0,7TH AVE,SENECA ST,-122.2260722,47.47373333,0,1,13,80,5,30,6,0,0,1,7,8,1,1,4,1,1,1,1,53,0,49,47,2007,0,0,8,18,,,,,1,1,45,2,0,,0,0,3,0,11,0,,,,,0,0,3,3,1,10,0,0,0,93,,,,,,0,,,,,,98055,53,62,120,6,1,0,0,0,0,,0,,,,,,0,,,20,0,0,0,8,9,8,,,0,0,0,8,0,8,95,,,96,,,8,95,995,,,,,,,,,,,,,,,,,,,,,,,,,,,,,,0,0,0,1,0,0,0,0,0,1,0,1,0,0,0,0,1,0,0,0,0,0,0,0,0,0,0,0,0,1,0,1,0,0,0,,0,0,0,0,0,0,0,0,1,0,0,0,0,0,0,0,,,,,,41-45,36-45,City street,U,Thursday,Belt Used,PV,Not Fatal,1,0,0,0,City Street,Municipal/City Police,Renton Police Department,0,0,0,1,0,,,,,,0,0,0,,,,,,,,,,,98,98,98,0,,,,,20,7,,,,,,,,,,,,,,,
2019,449,E996124,8,12/17/2019,19:06,17,12,,27,Grays Harbor,0,10,0,2,2,2,1,0,1,1,,,,35,0,0,110.4,1,0,1,3,1,1,2,0,0,0,0,US-101,,-123.9313722,47.24352778,0,1,1,13,2,60,4,0,0,1,7,35,1,1,2,1,1,1,1,53,0,30,40,2012,0,0,63,67,35,,,,1,1,29,2,7,,4,7,3,0,11,0,12/17/2019,19:06,53055727,55727,0,0,0,2,1,0,0,0,0,92,,,,,,9,,,,,,98552,53,61,125,1,1,0,1,1,0,,0,,,,,,0,10/15/2018,10/15/2019,1,0,0,0,0,1,8,,,0,0,0,8,1,2,996,996,996,1,1,1,2,1,0.388,,,,,,,,,,,,,,,,,,,,,,,,,,,,,,0,0,1,0,1,1,1,1,0,0,0,0,0,1,0,0,1,0,0,0,0,0,0,0,0,0,0,0,0,1,0,0,0,0,0,,1,0,0,0,0,1,1,1,1,0,0,1,0,0,0,1,,,,,,26-30,26-35,US highway,R,Tuesday,Belt Used,PV,White,0,1,0,0,State Route,State Patrol,Washington State Patrol,1,1,0,0,0,,,,,,0,0,1,1,1,,,,124,996,,,,98,98,98,1,,,,,20,7,,,,,,,,,,,,,,,
2019,486,E996301,3,12/21/2019,3:16,21,12,,53,Pierce,0,2,0,3,2,2,1,0,1,1,,,,38,0,0,5.5,1,0,1,4,2,2,4,0,0,0,0,CR-112TH ST E,,-122.4115139,47.15511389,0,1,1,13,2,35,15,0,0,1,7,2,1,2,5,5,1,1,3,53,5,20,421,2012,0,0,63,38,18,19,2,,1,1,25,1,7,,4,7,3,0,11,0,12/21/2019,3:16,53056336,56336,0,0,0,3,1,16,0,0,0,96,,,,,,0,,,,,,98409,53,73,185,6,1,0,0,0,0,,0,,,,,,4,,,8,0,0,0,1,9,8,,,0,0,0,8,0,2,1,,,1,,,2,1,0,,,,,,,,,,,,,,,,,,,,,,,,,,,,,,0,0,1,0,0,0,0,0,0,0,0,0,1,0,0,0,0,0,0,0,0,0,0,1,1,0,0,0,0,1,0,0,0,0,0,,1,0,0,0,0,0,0,0,0,1,0,0,0,0,0,0,,,,,,21-25,16-25,County road,U,Saturday,Belt Used,PV,White,0,1,0,0,County Road,State Patrol,Washington State Patrol,1,0,1,0,0,,,,,,0,0,0,,,,,,,,,,,98,98,98,1,,,,,20,7,,,,,,,,,,,,,,,
2019,450,E996708,1,12/20/2019,11:34,20,12,,5,Benton,0,1,0,1,1,1,1,0,2,1,,,,1,0,0,97.3,1,0,1,1,1,1,1,0,0,0,0,I-82,,-119.4615861,46.25447222,0,1,7,6,1,70,2,0,0,1,7,1,1,2,2,2,1,2,1,53,0,12,3,2013,0,0,64,1,,,,,1,1,58,1,0,,3,0,3,0,11,4,,,,,6,0,0,3,1,91,0,0,0,96,,,,,,0,,,,,,99320,53,71,190,6,1,0,0,0,0,,1,,,,,,4,,,8,0,0,0,8,9,2,,,0,0,0,0,0,8,95,,,96,,,8,95,995,,,,,,,,,,,,,,,,,,,,,,,,,,,,,,0,0,0,0,0,0,0,0,0,0,0,0,1,0,0,0,0,0,0,0,0,0,0,0,0,0,0,0,0,1,0,0,0,0,0,,0,0,0,0,0,0,0,0,0,1,0,0,0,0,0,0,,,,,,56-60,56-65,Interstate,R,Friday,Belt Used,PV,Not Fatal,0,1,0,0,State Route,State Patrol,Washington State Patrol,1,1,0,0,0,,,,,,0,0,0,,,,,,,,,,,98,98,98,0,,,,,20,7,,,,,,,,,,,,,,,
2019,451,E996994,6,12/23/2019,13:30,23,12,,47,Okanogan,0,1,0,1,1,2,1,0,2,1,,,,34,0,0,315.4,1,0,1,3,1,1,2,0,0,98,3,US-97,,-119.4205778,48.91855556,0,1,1,13,2,60,6,0,0,1,7,1,3,2,2,1,14,2,1,53,0,48,34,2004,0,0,63,67,34,1,,,1,1,19,2,0,,2,0,3,0,11,8,,,,,0,0,0,3,1,0,0,0,0,93,,,,,,0,,,,,,98844,53,68,192,6,1,0,0,0,0,,0,,,,,,0,,,1,0,0,0,8,9,8,,,0,0,0,8,0,8,95,,,96,,,8,95,995,,,,,,,,,,,,,,,,,,,,,,,,,,,,,,0,0,1,0,0,0,0,0,0,0,0,0,0,0,0,0,1,0,0,0,0,1,1,0,1,0,0,0,0,1,0,0,0,0,0,,0,0,0,0,0,0,0,0,1,0,0,0,0,0,0,0,,,,,,18-20,16-25,US highway,R,Monday,Belt Used,PV,Not Fatal,0,1,0,0,State Route,State Patrol,Washington State Patrol,1,1,0,0,0,,,,,,0,0,0,,,,,,,,,,,98,98,98,0,,,,,20,7,,,,,,,,,,,,,,,
2019,444,E997028,173,12/09/2019,2:15,9,12,,53,Pierce,1124,2,0,2,0,0,1,1,1,1,,,,8,0,0,0,8,0,1,7,2,4,6,0,0,0,0,EDGEWATER DR SW,,-122.5327389,47.18090833,0,1,92,80,5,0,4,0,0,1,7,8,0,0,0,0,13,1,1,53,0,63,38,2019,0,0,8,,,,,,1,1,29,2,0,,0,0,99,7,11,0,,,,,0,0,0,3,1,91,0,0,0,96,,,,,,9,,,,,,98499,53,62,115,6,1,0,0,0,0,,1,,,,,,0,,,20,0,0,0,8,9,8,,,0,0,0,8,1,8,95,,,96,,,2,1,0.28,,,,,,,,,,,,,,,,,,,,,,,,,,,,,,0,0,0,0,1,1,0,1,0,0,0,0,0,0,0,0,0,0,0,0,0,0,0,0,0,0,0,0,0,1,0,1,0,0,0,,0,0,0,0,0,1,0,1,0,0,0,0,0,1,0,1,,,,,,26-30,26-35,City street,U,Monday,Unknown,PV,Not Fatal,0,0,0,0,City Street,Municipal/City Police,Lakewood Police Department,0,0,0,1,0,,,,,,0,0,0,,,,,,,,,,,98,98,98,0,,,,,20,7,,,,,,,,,,,,,,,
2019,452,E997096,29,12/13/2019,6:00,13,12,,41,Lewis,0,5,0,2,11,7,1,0,1,1,,,,58,0,0,9999.9,1,0,1,98,1,64,8,0,0,0,0,WEYEHAUSER 4000 LINE,,-123.2066555,46.518635,0,1,6,12,2,98,34,0,0,1,7,1,1,2,8,1,1,1,1,53,0,20,481,2019,0,0,64,67,58,1,,,1,1,57,1,7,,4,7,20,7,11,0,12/13/2019,6:00,53055393,55393,0,0,0,3,1,0,0,0,0,92,,,,,,99,,,,,,98626,53,69,175,6,1,0,0,0,0,,0,,,,,,0,,,8,2,3,0,0,9,8,,,0,0,0,8,9,2,1,,,1,,,2,1,0,,,,,,,,,,,,,,,,,,,,,,,,,,,,,,0,0,1,0,0,0,0,0,0,0,0,0,0,0,0,0,1,0,0,1,0,0,0,0,0,0,0,0,0,1,0,0,0,1,0,,1,0,0,0,0,0,0,0,1,0,0,0,0,0,0,0,,,,,,56-60,56-65,Other,R,Friday,Not Used,PV,White,0,1,0,0,Other,County Sheriff,Lewis County Sheriff's Office,1,0,0,0,1,,,,,,0,0,0,,,,,,,,,,,98,98,98,1,,,,,20,7,,,,,,,,,,,,,,,
2019,490,E997525,242,12/25/2019,15:46,25,12,,53,Pierce,1770,1,0,1,1,2,1,0,3,2,,,,12,0,6,6.1,2,0,2,3,2,1,3,0,0,3,3,SR-167,2ND ST NE,-122.2937917,47.19874167,0,2,82,66,4,35,4,0,0,1,7,12,1,1,4,1,11,1,1,53,0,55,33,2006,0,0,12,,,,,,1,1,90,2,7,,4,0,3,0,11,5,12/28/2019,20:41,2.23E+11,57490,0,0,3,3,1,0,0,0,0,96,,,,,,0,,,,,,98372,53,66,130,6,1,0,1,2,0,,0,,,,,,0,07/15/2015,06/15/2016,8,0,0,0,0,9,8,,,0,0,0,8,0,2,151,,,1,,,2,1,0,,,,,,,,,,,,,,,,,,,,,,,,,,,,,,0,0,0,1,0,0,1,1,0,0,0,0,0,0,0,0,0,0,1,0,0,0,0,1,1,1,1,1,0,1,1,0,0,0,0,,1,0,0,0,0,0,1,1,0,0,0,0,0,0,1,0,,,,,,81+,76+,State route,U,Wednesday,Belt Used,PV,White,1,0,0,0,State Route,Municipal/City Police,Puyallup Police Department,0,1,0,0,0,,,,,,0,0,0,,,,,,,,,,,98,98,98,1,,,,,20,7,,,,,,,,,,,,,,,
2019,490,E997525,242,12/25/2019,15:46,25,12,,53,Pierce,1770,1,0,1,1,2,1,0,3,2,,,,12,0,6,6.1,2,0,2,3,2,1,3,0,0,3,3,SR-167,2ND ST NE,-122.2937917,47.19874167,0,1,83,17,2,35,67,0,0,1,5,12,1,1,4,1,1,2,2,53,0,23,880,2017,0,0,12,,,,,,1,1,24,1,0,,0,0,3,0,11,0,,,,,0,0,0,3,1,38,0,0,0,96,,,,,,0,,,,,,98391,53,70,150,6,1,0,0,0,2,,39,,,,,,0,03/15/2015,11/15/2015,20,0,0,1,8,9,8,,,0,0,0,8,0,8,95,,,96,,,8,95,995,,,,,,,,,,,,,,,,,,,,,,,,,,,,,,0,0,0,1,0,0,1,1,0,0,0,0,0,0,0,0,0,0,1,0,0,0,0,1,1,1,1,1,0,1,1,0,0,0,0,,0,0,0,0,0,0,0,0,0,0,1,0,0,0,0,0,,,,,,21-25,16-25,State route,U,Wednesday,,MHTRUCK,Not Fatal,1,0,0,0,State Route,Municipal/City Police,Puyallup Police Department,0,1,0,0,0,,,,,,0,0,0,,,,,,,,,,,98,98,98,0,,,,,20,7,,,,,,,,,,,,,,,
2019,454,E997561,28,12/13/2019,8:45,13,12,,39,Klickitat,0,1,0,1,4,2,1,0,3,2,,,,12,0,6,5.8,1,0,1,5,1,2,4,0,0,0,0,CR-BICKLETON HWY,,-120.6948556,45.83841667,0,1,66,62,4,50,34,0,0,1,7,12,2,2,2,1,14,2,1,53,0,7,482,2016,0,0,12,,,,,,1,1,84,1,0,,1,0,3,0,11,8,,,,,6,0,0,3,1,0,0,0,0,96,,,,,,0,,,,,,98620,53,73,222,6,1,0,0,0,0,,0,,,,,,0,,,20,0,0,0,8,9,8,,,0,0,0,8,0,8,95,,,96,,,8,95,995,,,,,,,,,,,,,,,,,,,,,,,,,,,,,,0,0,0,0,0,0,0,0,0,0,0,0,0,0,0,0,0,0,0,0,0,0,0,0,0,1,1,1,0,1,0,0,0,0,0,,0,0,0,0,0,0,0,0,0,0,0,0,0,0,0,0,,,,,,81+,76+,County road,R,Friday,Belt Used,PV,Not Fatal,0,1,1,0,County Road,County Sheriff,Klickitat County Sheriff's Office,0,0,1,0,0,,,,,,0,0,0,,,,,,,,,,,98,98,98,0,,,,,20,7,,,,,,,,,,,,,,,
2019,454,E997561,28,12/13/2019,8:45,13,12,,39,Klickitat,0,1,0,1,4,2,1,0,3,2,,,,12,0,6,5.8,1,0,1,5,1,2,4,0,0,0,0,CR-BICKLETON HWY,,-120.6948556,45.83841667,0,2,66,8,1,50,6,0,0,1,7,12,3,2,2,1,14,1,2,53,0,48,34,1998,0,0,68,64,69,12,,,1,1,62,2,7,,4,7,3,0,11,0,12/13/2019,8:45,53055759,55759,0,0,0,3,1,28,58,87,0,96,,,,,,99,,,,,,98620,53,70,150,6,1,0,0,0,0,,0,,,,,,0,,,20,0,0,0,0,9,8,,,0,0,0,8,0,8,95,,,96,,,8,95,995,,,,,,,,,,,,,,,,,,,,,,,,,,,,,,0,0,0,0,0,0,0,0,0,0,0,0,0,0,0,0,0,0,0,0,0,0,0,0,0,1,1,1,0,1,0,0,0,0,0,,1,0,0,0,0,0,0,0,0,0,0,0,0,0,0,0,,,,,,61-65,56-65,County road,R,Friday,Belt Used,PV,White,0,1,1,0,County Road,County Sheriff,Klickitat County Sheriff's Office,0,0,1,0,0,,,,,,0,0,0,,,,,,,,,,,0,0,0,1,,,,,20,7,,,,,,,,,,,,,,,
2019,453,E997746,39,12/14/2019,18:23,14,12,,61,Snohomish,0,10,0,2,2,2,1,1,1,1,,,,8,0,0,7.2,1,0,1,5,2,2,4,0,3,0,0,CR-140TH ST NE,,-122.2229528,48.12295833,0,1,13,80,5,35,34,0,0,1,5,8,1,2,2,1,1,1,1,53,0,12,471,1996,0,0,8,,,,,,1,1,85,1,0,,0,0,3,0,11,0,,,,,0,0,3,3,1,0,0,0,0,96,,,,,,0,,,,,,98292,53,66,210,6,1,0,0,1,0,,0,,,,,,0,06/15/2016,06/15/2016,20,0,0,0,8,9,8,,,0,0,0,8,0,8,95,,,96,,,8,95,995,,,,,,,,,,,,,,,,,,,,,,,,,,,,,,0,0,0,0,0,0,0,0,0,1,1,1,0,0,0,0,0,0,0,0,0,0,0,0,0,1,1,1,0,1,0,1,0,0,0,,0,0,0,0,0,0,0,0,0,0,0,0,0,0,0,0,,,,,,81+,76+,County road,U,Saturday,Belt Used,PV,Not Fatal,0,0,0,0,County Road,County Sheriff,Snohomish County Sheriff's Office,0,0,1,0,0,,,,,,0,0,0,,,,,,,,,,,0,0,0,0,,,,,20,7,,,,,,,,,,,,,,,
2019,455,E997925,7,12/14/2019,18:40,14,12,,33,King,0,8,0,2,10,2,1,0,5,2,,,,12,0,6,59.2,1,0,1,3,1,1,2,0,0,0,0,US-2,,-121.1462167,47.71316667,0,2,66,62,4,50,14,0,0,1,2,12,1,2,3,1,1,3,2,53,0,49,401,2001,0,0,12,,,,,,1,1,51,1,0,,1,0,3,0,11,4,,,,,0,0,0,3,1,0,0,0,0,96,,,,,,0,,,,,,98059,53,63,130,6,1,0,0,0,0,,0,,,,,,0,,,20,0,0,0,8,9,8,,,0,0,0,8,0,8,95,,,96,,,8,95,995,,,,,,,,,,,,,,,,,,,,,,,,,,,,,,0,0,0,0,0,0,1,1,0,0,0,0,1,0,0,0,0,0,0,0,0,0,0,1,1,0,0,0,0,1,0,0,0,0,0,,0,0,0,0,0,0,0,0,0,0,0,0,0,0,0,0,,,,,,51-55,46-55,US highway,R,Saturday,Belt Used,PV,Not Fatal,0,1,1,0,State Route,State Patrol,Washington State Patrol,0,1,0,0,0,,,,,,0,0,0,,,,,,,,,,,98,98,98,0,,,,,20,7,,,,,,,,,,,,,,,
2019,455,E997925,7,12/14/2019,18:40,14,12,,33,King,0,8,0,2,10,2,1,0,5,2,,,,12,0,6,59.2,1,0,1,3,1,1,2,0,0,0,0,US-2,,-121.1462167,47.71316667,0,1,66,6,1,50,5,0,0,1,2,12,1,2,3,1,1,2,1,53,0,29,5,2014,0,0,68,12,,,,,1,1,21,1,6,,4,0,99,7,11,8,12/17/2019,13:19,1.96E+11,56914,0,0,0,3,1,28,87,0,0,96,,,,,,0,,,,,,98105,53,74,190,6,1,0,1,1,3,,0,,,,,,4,05/15/2015,09/15/2019,8,0,0,0,0,9,8,,,0,0,0,8,0,2,348,,,1,,,2,1,0,,,,,,,,,,,,,,,,,,,,,,,,,,,,,,0,0,0,0,0,0,1,1,0,0,0,0,1,0,0,0,0,0,0,0,0,0,0,1,1,0,0,0,0,1,0,0,0,0,0,,1,0,0,0,0,0,1,1,0,1,0,0,0,0,1,0,,,,,,21-25,16-25,US highway,R,Saturday,Unknown,PV,Hispanic,0,1,1,0,State Route,State Patrol,Washington State Patrol,0,1,0,0,0,,,,,,0,0,0,,,,,,,,,,,98,98,98,1,,,,,20,7,,,,,,,,,,,,,,,
2019,456,E998093,2,12/21/2019,0:36,21,12,,61,Snohomish,690,2,0,2,2,2,1,2,2,3,,,,14,0,0,190.1,1,0,1,1,2,1,1,0,0,0,0,I-5,,-122.1995083,47.92891389,0,1,11,11,2,60,34,0,0,1,2,14,1,1,5,3,1,1,1,53,0,20,481,2006,0,0,63,14,14,8,8,,1,1,25,1,0,,2,0,3,0,11,0,,,,,0,0,0,2,1,91,0,0,0,93,,,,,,9,,,,,,98271,53,67,135,1,1,0,1,1,1,,1,12,,,,,0,06/15/2015,10/15/2019,1,0,0,0,8,9,2,,,0,0,0,1,0,2,151,996,605,1,1,1,2,1,0,,,,,,,,,,,,,,,,,,,,,,,,,,,,,,0,0,0,0,0,0,1,1,1,1,0,1,0,1,0,0,1,0,0,0,0,0,0,1,1,0,0,0,0,1,0,1,0,0,0,,0,0,0,0,0,0,1,1,1,0,0,1,0,0,1,0,,,,,,21-25,16-25,Interstate,U,Saturday,Belt Used,PV,Not Fatal,0,1,0,0,State Route,State Patrol,Washington State Patrol,1,1,0,0,0,thc,1,,,,0,0,4,,,,,,,,,,,98,98,98,0,,,,,20,7,,,,,,,,,,,,,,,
2019,457,E998114,2,12/04/2019,1:40,4,12,,61,Snohomish,0,1,0,2,2,2,1,1,2,1,,,,8,0,0,27.4,1,0,1,3,2,1,2,0,0,0,0,US-2,,-121.7124417,47.86214167,0,1,13,80,5,50,4,0,0,1,7,8,1,1,2,1,1,2,2,53,0,41,49,2004,0,0,8,,,,,,1,1,32,2,0,,0,0,20,7,11,0,,,,,0,0,0,3,1,91,0,0,0,96,,,,,,9,,,,,,98394,53,59,105,6,1,0,0,1,3,,1,,,,,,0,02/15/2016,12/15/2016,20,0,0,0,8,9,8,,,0,0,0,8,1,8,95,,,96,,,8,95,995,,,,,,,,,,,,,,,,,,,,,,,,,,,,,,0,0,0,0,1,0,0,0,0,1,1,0,0,0,0,0,0,0,0,0,0,0,0,0,0,0,0,0,0,1,0,1,0,0,0,,0,0,0,0,0,0,0,0,0,0,0,0,0,0,0,1,,,,,,31-35,26-35,US highway,U,Wednesday,Not Used,PV,Not Fatal,0,0,0,0,State Route,State Patrol,Washington State Patrol,0,1,0,0,0,,,,,,0,0,0,,,,,,,,,,,98,98,98,0,,,,,20,7,,,,,,,,,,,,,,,
2019,458,E998216,4,12/27/2019,5:40,27,12,,63,Spokane,0,4,0,2,10,2,1,0,1,1,,,,24,0,0,266.2,1,0,1,1,1,1,1,0,0,0,0,I-90,,-117.6277167,47.54700556,0,1,7,6,1,70,34,1,0,1,2,1,1,2,2,3,1,1,2,53,0,12,481,1999,0,0,70,64,24,24,1,,1,1,57,1,7,,4,7,20,7,11,0,12/27/2019,5:40,53057094,57094,3,0,0,3,1,0,0,0,0,96,,,,,,0,,,,,,97321,41,69,180,6,1,0,1,0,0,,0,,,,,,4,07/15/2017,07/15/2017,20,1,9,0,0,1,8,,,0,0,0,8,0,2,1,,,1,,,2,1,0,,,,,,,,,,,,,,,,,,,,,,,,,,,,,,0,0,0,0,0,0,0,0,0,0,0,0,1,0,0,0,0,0,0,1,0,0,0,0,0,0,0,0,0,1,0,0,0,1,0,,1,0,0,0,0,0,0,0,0,1,0,0,0,0,0,0,,,,,,56-60,56-65,Interstate,R,Friday,Not Used,PV,White,0,1,0,0,State Route,State Patrol,Washington State Patrol,1,1,0,0,0,,,,,,0,0,0,,,,,,,,,,,0,0,0,1,,,,,20,7,,,,,,,,,,,,,,,