year,case,par,repjur,crash_dt,crash_tm,accday,accmon,holiday,county,co_char,city,weather,weather2,lightcond,surfcond,surftype,numfatal,nmforms,pforms,vforms,not_tm,arr_tm,hosp_tm,fhevent,hitrun,manncol,milepnt,reljunc,reljuncinter,intersectiontype,funcsystem,landuse,ownership,route,schlbus,spejur,contdev,devfunc,trafid1,trafid2,x,y,wk_zone,vnumber,crashtype,criticalevent,criticaleventcat,spdlim,body,trailer,emerg,hazcargo,leave,mhevent,roadalgn,roadprof,traflane,trafflow,vehmanvr,numoccs,regowner,regstate,spuse,make,model,modelyr,vrf1,vrf2,seqevent1,seqevent2,seqevent3,seqevent4,seqevent5,seqevent6,pnumber,ptype,age,sex,hispanic,race,injury,diedscene,restraint,restraintmisuse,seatpos,takehosp,death_dt,death_tm,cert,cernum_wa,commlic,licendor,licrestrict,liccomp,drivpres,drf1,drf2,drf3,drf4,distract1,distract2,distract3,distract4,distract5,distract6,dricond1,dricond2,dricond3,dricond4,dricond5,dricond6,dzip,licstate,drhgt_in,weight,noncdl,noncdltype,prevdwi,prevoth,prevacc,prevspd,prevsus,driviol1,driviol2,driviol3,driviol4,driviol5,driviol6,spdrel,first_dt,last_dt,airbag,ejection,ejectpath,extricat,injurwrk,methalc,methdrug,nmlocat,strikveh,prf1,prf2,prf3,druginv,alcinvol,drugsts,drugres1,drugres2,drugres3,drugtst1,drugtst2,drugtst3,alcsts,alctst,alcres,nmact1,nmact2,nmact3,nmact4,nmact5,nmact6,nmprior1,nmprior2,nmprior3,nmprior4,nmprior5,nmprior6,nmcond1,nmcond2,nmcond3,nmcond4,nmcond5,nmcond6,nmsafe_helmet,nmsafe_pads,nmsafe_oth,nmprev_ref,nmprev_lgt,nmprev_oth,crashlocation,nmcrashtype,crosswalk,schoolzone,sidewalk,train_inv,wildlife_inv,rotr_fars,intersect_fars,dd_inv,aid_inv,dpd_inv,id_inv,mj_inv,impnm_inv,ainm_inv,dpnm_inv,speed_inv,unlic_inv,unendmc_inv,drowsy_inv,drdist_inv,nmdist_inv,fty_inv,unrestfat_inv,dr1617_inv,dr1820_inv,dr1620_inv,dr2125_inv,dr1625_inv,dr65_inv,dr70_inv,dr75_inv,mc_inv,pv_inv,ht_inv,ped_inv,bike_inv,unrest_fat,mc_fat,unhelmet_mc,pv_fat,ht_fat,ped_fat,bike_fat,dr_alc7,dr_alc8,dr_drug,dr_imp,dr_dist,dr_spd,dr_fty,dr_unlic,dr_alc7only,dr_alc8only,dr_drugonly,dr_drink,nm_imp,nm_alc7,nm_alc8,nm_drug,nm_dist,agegrp1,agegrp2,roadclass,urbrur,dayweek,restuse,vehtype,race_me,intersect,lanedep,oppdir,wrongway,rep_typ,investag,repag_long,rotr,st_rd,cty_rd,city_rd,oth_rd,drug_thc,thc_res,drug_cthc,cthc_res,drug_cann,prevpersemin,prevperse,prevsusoth,drugtst4,drugtst5,drugtst6,drugtst7,drugtst8,drugres4,drugres5,drugres6,drugres7,drugres8,adspresent,adsengaged,adslevel,race1,race2,race3,race4,race5,helmet,helmetmisuse,nmdistract1,nmdistract2,nmdistract3,nmdistract4,nmdistract5,nmdistract6,lab,isedtcase,crf1,crf2,crf3,CoRoadName,CoMP,IntCoRoadName,IntCoMP
2020,4,EA01383,2,01/03/2020,2:40,3,1,,57,Skagit,0,10,,2,2,2,1,0,3,2,2:40,2:55,,12,0,6,41.9,1,0,1,3,1,1,3,0,0,0,0,SR-20,,-122.6488639,48.41132778,0,2,66,62,4,30,15,0,0,1,7,12,1,2,2,1,1,2,1,26,0,2,422,2017,0,,12,,,,,,1,1,24,1,0,,0,0,3,0,11,0,,,,,0,0,0,3,1,0,,,,96,,,,,,0,,,,,,49006,26,68,160,6,1,0,1,0,1,,0,,,,,,0,12/15/2016,10/15/2019,8,0,0,0,8,9,8,,,0,,,8,8,0,0,,,0,,,0,0,996,,,,,,,,,,,,,,,,,,,,,,,,,,,,,,0,0,0,0,1,1,1,1,1,0,0,0,0,0,0,0,0,0,0,0,0,1,1,1,1,0,0,0,0,1,0,0,0,0,0,,0,0,0,0,0,0,0,0,0,0,0,0,0,0,0,0,,,,,,21-25,16-25,State route,R,Friday,Belt Used,PV,Not Fatal,0,1,1,0,State Route,State Patrol,Washington State Patrol,0,1,0,0,0,,,,,,0,0,0,,,,,,,,,,,98,98,98,0,,,,,20,7,,,,,,,,1,0,,,,,,
2020,4,EA01383,2,01/03/2020,2:40,3,1,,57,Skagit,0,10,,2,2,2,1,0,3,2,2:40,2:55,,12,0,6,41.9,1,0,1,3,1,1,3,0,0,0,0,SR-20,,-122.6488639,48.41132778,0,1,66,8,1,30,4,0,0,1,7,12,1,2,2,1,1,1,1,53,0,20,22,2005,0,,68,68,68,12,,,1,1,19,1,7,,4,7,3,0,11,0,01/03/2020,2:40,53000122,122,0,0,0,3,1,8,28,,,96,,,,,,98,,,,,,98277,53,67,128,6,2,0,0,1,1,,0,,,,,,0,09/15/2017,02/15/2019,20,0,0,0,0,1,8,,,0,,,1,1,2,695,605,,1,1,,2,1,0.152,,,,,,,,,,,,,,,,,,,,,,,,,,,,,,0,0,0,0,1,1,1,1,1,0,0,0,0,0,0,0,0,0,0,0,0,1,1,1,1,0,0,0,0,1,0,0,0,0,0,,1,0,0,0,0,1,1,1,0,0,0,0,0,0,0,1,,,,,,18-20,16-25,State route,R,Friday,Belt Used,PV,Multiracial,0,1,1,0,State Route,State Patrol,Washington State Patrol,0,1,0,0,0,thc,11,carboxy-thc,100,,0,0,0,,,,,,,,,,,98,98,98,201,202,,,,20,7,,,,,,,nms,1,0,,,,,,
2019,473,EA01593,2,12/22/2019,2:31,22,12,,61,Snohomish,1407,1,0,3,1,2,1,0,5,2,,,,25,0,0,178.7,1,0,1,1,2,1,1,0,0,0,0,I-5,,-122.3160861,47.79163611,0,1,6,6,1,60,3,0,0,1,2,21,2,1,4,3,14,2,1,53,0,35,48,2009,0,0,64,25,21,12,2,,1,1,28,1,7,,4,7,99,7,11,0,12/22/2019,2:37,1.41E+11,58063,0,0,0,3,1,0,0,0,0,96,,,,,,99,,,,,,98012,53,66,120,6,1,0,3,3,4,,0,,,,,,3,10/15/2015,12/15/2019,99,0,0,0,0,9,8,,,0,0,0,8,8,2,695,605,,1,1,,2,1,0.091,,,,,,,,,,,,,,,,,,,,,,,,,,,,,,0,0,1,0,1,1,1,1,1,0,0,0,1,0,0,0,0,0,0,0,0,0,0,0,0,0,0,0,0,1,0,0,0,0,0,,1,0,0,0,0,1,1,1,0,1,0,0,0,0,0,1,,,,,,26-30,26-35,Interstate,U,Sunday,Unknown,PV,White,0,1,0,0,State Route,State Patrol,Washington State Patrol,1,1,0,0,0,thc,50,carboxy-thc,210,,0,0,0,,,,,,,,,,,98,98,98,1,,,,,20,7,,,,,,,nms,,,,,,,,
2019,473,EA01593,2,12/22/2019,2:31,22,12,,61,Snohomish,1407,1,0,3,1,2,1,0,5,2,,,,25,0,0,178.7,1,0,1,1,2,1,1,0,0,0,0,I-5,,-122.3160861,47.79163611,0,2,98,60,4,60,4,0,0,1,5,12,2,1,4,3,14,3,1,53,0,37,32,2008,0,0,12,,,,,,1,1,35,1,0,,0,0,3,0,11,0,,,,,0,0,0,3,1,0,0,0,0,0,,,,,,99,,,,,,99163,53,70,168,6,1,0,3,0,1,,0,,,,,,0,12/15/2015,09/15/2019,20,0,0,0,8,9,8,,,0,0,0,8,8,8,95,,,96,,,8,95,995,,,,,,,,,,,,,,,,,,,,,,,,,,,,,,0,0,1,0,1,1,1,1,1,0,0,0,1,0,0,0,0,0,0,0,0,0,0,0,0,0,0,0,0,1,0,0,0,0,0,,0,0,0,0,0,0,0,0,0,0,0,0,0,0,0,0,,,,,,31-35,26-35,Interstate,U,Sunday,Belt Used,PV,Not Fatal,0,1,0,0,State Route,State Patrol,Washington State Patrol,1,1,0,0,0,,,,,,0,0,2,,,,,,,,,,,98,98,98,0,,,,,20,7,,,,,,,,,,,,,,,
2019,474,EA01917,339,12/19/2019,16:44,19,12,,63,Spokane,2113,2,0,3,2,2,1,1,1,1,,,,8,0,0,0,1,0,1,7,2,4,6,0,0,0,0,E SPRAGUE AVE,,-117.2442778,47.65711944,0,1,13,80,5,35,15,0,0,1,7,8,1,1,7,5,1,1,1,53,0,41,421,2013,0,0,8,,,,,,1,1,21,8,0,,0,0,3,0,11,0,,,,,0,0,0,3,1,0,0,0,0,96,,,,,,0,,,,,,99037,53,70,165,6,1,0,0,1,0,,0,,,,,,0,04/15/2015,04/15/2015,20,0,0,0,8,9,8,,,0,0,0,8,8,8,95,,,96,,,8,95,995,,,,,,,,,,,,,,,,,,,,,,,,,,,,,,0,0,0,0,0,0,0,0,0,0,0,0,0,0,0,0,0,0,0,0,0,0,0,1,1,0,0,0,0,1,0,1,0,0,0,,0,0,0,0,0,0,0,0,0,0,0,0,0,0,0,0,,,,,,21-25,16-25,City street,U,Thursday,Belt Used,PV,Not Fatal,0,0,0,0,City Street,Municipal/City Police,Spokane Valley Police Department,0,0,0,1,0,,,,,,0,0,0,,,,,,,,,,,98,98,98,0,,,,,20,7,,,,,,,,,,,,,,,
2020,5,EA02006,7,01/05/2020,14:14,5,1,,33,King,1960,1,,1,2,1,1,0,4,2,14:23,14:34,15:02,12,0,11,0.1,5,1,1,1,2,1,1,0,0,0,0,I-5 RAMP,,-122.3307194,47.71005278,0,1,98,12,2,98,4,0,0,1,2,12,2,1,1,6,14,1,1,53,0,37,31,2014,0,,68,64,67,12,,,1,1,23,1,0,,1,0,3,0,11,5,,,,,0,0,0,3,1,0,,,,96,,,,,,9,,,,,,98132,53,72,155,6,1,0,0,0,1,,97,,,,,,4,08/15/2019,08/15/2019,8,0,0,0,8,9,8,,,0,,,8,1,2,695,605,,1,1,,2,1,0.15,,,,,,,,,,,,,,,,,,,,,,,,,,,,,,0,0,0,0,1,1,1,1,1,0,0,0,1,0,0,0,0,0,0,0,0,0,0,1,1,0,0,0,0,1,0,0,0,0,0,,0,0,0,0,0,1,1,1,0,1,0,0,0,0,0,1,,,,,,21-25,16-25,Interstate,U,Sunday,Belt Used,PV,Not Fatal,0,1,1,0,State Route,State Patrol,Washington State Patrol,0,1,0,0,0,thc,4.4,carboxy-thc,49,,0,0,0,,,,,,,,,,,98,98,98,0,,,,,20,7,,,,,,,,1,0,,,,,,
2020,5,EA02006,7,01/05/2020,14:14,5,1,,33,King,1960,1,,1,2,1,1,0,4,2,14:23,14:34,15:02,12,0,11,0.1,5,1,1,1,2,1,1,0,0,0,0,I-5 RAMP,,-122.3307194,47.71005278,0,2,98,98,7,98,5,0,0,1,7,12,2,1,1,6,14,3,1,53,0,29,5,2013,0,,12,,,,,,1,1,51,1,7,,4,0,3,0,11,5,01/07/2020,16:16,1.96E+11,1672,0,0,0,3,1,0,,,,96,,,,,,98,,,,,,98225,53,70,190,6,1,0,0,0,0,,0,,,,,,0,,,8,0,0,0,0,9,8,,,0,,,8,8,2,1,,,1,,,2,1,0,,,,,,,,,,,,,,,,,,,,,,,,,,,,,,0,0,0,0,1,1,1,1,1,0,0,0,1,0,0,0,0,0,0,0,0,0,0,1,1,0,0,0,0,1,0,0,0,0,0,,1,0,0,0,0,0,0,0,0,0,0,0,0,0,0,0,,,,,,51-55,46-55,Interstate,U,Sunday,Belt Used,PV,White,0,1,1,0,State Route,State Patrol,Washington State Patrol,0,1,0,0,0,,,,,,0,0,0,,,,,,,,,,,98,98,98,1,,,,,20,7,,,,,,,,1,0,,,,,,
2020,6,EA02860,1,01/07/2020,20:31,7,1,,39,Klickitat,0,2,,2,2,2,1,0,2,2,,,,12,0,8,5.4,1,0,1,3,1,1,2,0,0,0,0,US-97,,-120.8147056,45.72208056,0,2,65,62,4,55,14,0,0,1,2,12,2,2,2,1,14,1,2,53,0,35,401,1995,0,,12,,,,,,1,1,27,1,7,,4,7,3,0,11,0,01/07/2020,20:31,53000913,913,0,0,3,3,1,0,,,,96,,,,,,0,,,,,,98628,53,66,120,6,1,0,0,0,0,,0,,,,,,0,,,20,0,0,0,0,9,8,,,0,,,8,8,2,695,605,,1,1,,2,1,0,,,,,,,,,,,,,,,,,,,,,,,,,,,,,,0,0,0,0,1,1,1,1,1,0,0,0,0,0,0,0,0,0,0,0,0,0,0,0,0,0,0,0,0,1,0,0,0,0,0,,1,0,0,0,0,0,1,1,0,0,0,0,0,0,1,0,,,,,,26-30,26-35,US highway,R,Tuesday,Belt Used,PV,White,0,1,1,0,State Route,State Patrol,Washington State Patrol,0,1,0,0,0,thc,1.9,carboxy-thc,8.3,,0,0,0,,,,,,,,,,,0,0,0,1,,,,,20,7,,,,,,,nms,1,0,,,,,,
2020,6,EA02860,1,01/07/2020,20:31,7,1,,39,Klickitat,0,2,,2,2,2,1,0,2,2,,,,12,0,8,5.4,1,0,1,3,1,1,2,0,0,0,0,US-97,,-120.8147056,45.72208056,0,1,64,10,2,55,34,0,0,1,2,12,3,2,2,1,14,1,1,41,0,23,481,2018,0,,63,12,,,,,1,1,45,1,0,,1,0,3,0,11,4,,,,,99,0,9,9,1,28,,,,96,,,,,,9,,,,,,99999,99,,999,9,9,99,99,99,99,,1,,,,,,0,,,8,0,0,0,8,3,8,,,0,,,8,1,8,95,,,96,,,2,1,0.12,,,,,,,,,,,,,,,,,,,,,,,,,,,,,,0,0,0,0,1,1,1,1,1,0,0,0,0,0,0,0,0,0,0,0,0,0,0,0,0,0,0,0,0,1,0,0,0,0,0,,0,0,0,0,0,1,0,1,0,0,0,0,0,1,0,1,,,,,,41-45,36-45,US highway,R,Tuesday,Belt Used,PV,Not Fatal,0,1,1,0,State Route,State Patrol,Washington State Patrol,0,1,0,0,0,,,,,,99,99,99,,,,,,,,,,,98,98,98,0,,,,,20,7,,,,,,,,1,0,,,,,,
2020,7,EA03070,349,01/12/2020,1:45,12,1,,53,Pierce,0,2,,3,2,2,1,0,1,1,,,,30,0,0,0,3,0,6,7,1,80,8,0,2,0,0,COLORADO AVE,GARCIA BLVD,-122.5828861,47.09680278,0,1,2,6,1,35,4,0,0,1,7,30,1,1,2,1,1,1,1,53,0,55,36,2016,0,,63,30,,,,,1,1,25,2,7,,4,7,20,7,11,0,01/12/2020,1:45,53001668,1668,0,0,3,3,1,8,,,,96,,,,,,98,,,,,,53717,55,66,160,6,1,0,0,0,0,,0,,,,,,4,,,8,2,9,0,0,9,8,,,0,,,8,8,8,95,,,96,,,2,95,997,,,,,,,,,,,,,,,,,,,,,,,,,,,,,,0,0,0,1,0,0,0,0,0,0,0,0,1,0,0,0,0,0,0,1,0,0,0,1,1,0,0,0,0,1,0,0,0,1,0,,1,0,0,0,0,0,0,0,0,1,0,0,0,0,0,0,,,,,,21-25,16-25,Other,R,Sunday,Not Used,PV,Black,0,1,0,0,Other,Municipal/City Police,"Hdqtrs, 1st Military Police Brigade",1,0,0,0,1,,,,,,0,0,0,,,,,,,,,,,98,98,98,2,,,,,20,7,,,,,,,,1,0,,,,,,
2020,8,EA03444,2,01/14/2020,17:15,14,1,,57,Skagit,50,4,,2,10,2,1,0,2,2,17:17,17:29,18:11,12,0,11,9999.8,1,0,1,5,2,4,4,0,0,0,0,CR-HEART LAKE RD,,-122.6343472,48.46156944,0,1,98,6,1,35,34,0,0,1,7,12,3,2,2,1,5,1,2,53,0,20,471,1992,0,,12,,,,,,1,1,75,1,7,,4,0,99,7,11,4,01/14/2020,22:08,69053002427,2427,0,0,0,3,1,87,,,,96,,,,,,98,,,,,,98221,53,69,212,6,1,0,0,1,0,,0,,,,,,4,08/15/2019,08/15/2019,20,0,0,0,0,9,8,,,0,,,8,8,2,695,605,151,1,1,1,2,1,0,,,,,,,,,,,,,,,,,,,,,,,,,,,,,,0,0,0,0,0,0,1,1,1,0,0,0,1,0,0,0,0,0,0,0,0,0,0,0,0,1,1,1,0,1,0,0,0,0,0,,1,0,0,0,0,0,1,1,0,1,0,0,0,0,1,0,,,,,,71-75,66-75,County road,U,Tuesday,Unknown,PV,AIAN,0,0,0,0,City Street,State Patrol,Washington State Patrol,0,0,0,1,0,thc,1.8,carboxy-thc,18,,0,0,0,,,,,,,,,,,0,0,0,3,,,,,20,7,,,,,,,nms,1,23,,,,,,
2020,8,EA03444,2,01/14/2020,17:15,14,1,,57,Skagit,50,4,,2,3,2,1,0,2,2,17:17,17:29,18:11,12,0,11,9999.8,1,0,1,5,2,4,4,0,0,0,0,CR-HEART LAKE RD,,-122.6343472,48.46156944,0,2,98,50,3,35,34,0,0,1,7,12,3,2,2,1,14,1,1,53,0,7,472,2005,0,,12,,,,,,1,1,53,1,0,,0,0,3,0,11,0,,,,,6,0,3,3,1,87,,,,96,,,,,,0,,,,,,98221,53,66,185,6,1,0,0,0,0,,0,,,,,,0,,,20,0,0,0,8,9,8,,,0,,,8,8,0,0,,,0,,,0,0,996,,,,,,,,,,,,,,,,,,,,,,,,,,,,,,0,0,0,0,0,0,1,1,1,0,0,0,1,0,0,0,0,0,0,0,0,0,0,0,0,1,1,1,0,1,0,0,0,0,0,,0,0,0,0,0,0,0,0,0,0,0,0,0,0,0,0,,,,,,51-55,46-55,County road,U,Tuesday,Belt Used,PV,Not Fatal,0,0,0,0,City Street,State Patrol,Washington State Patrol,0,0,0,1,0,,,,,,0,0,0,,,,,,,,,,,98,98,98,0,,,,,20,7,,,,,,,,1,23,,,,,,
2020,9,EA03721,8,01/05/2020,19:56,5,1,,45,Mason,0,10,,2,2,1,1,1,1,1,,,,8,1,0,339.9,1,0,1,3,1,1,2,0,0,0,0,US-101,,-123.1671528,47.28520556,0,1,13,11,2,55,20,0,0,1,5,8,1,1,2,1,1,1,2,53,0,20,441,2003,0,,63,8,,,,,1,1,18,1,0,,1,0,99,7,11,8,,,,,0,0,0,0,1,0,,,,92,,,,,,98,,,,,,98584,53,65,120,0,0,0,0,0,0,,97,,,,,,0,,,99,9,0,0,8,9,8,,,0,,,8,8,0,0,,,0,,,0,0,996,,,,,,,,,,,,,,,,,,,,,,,,,,,,,,0,0,0,0,0,0,0,0,0,1,0,1,0,1,0,0,1,0,0,0,0,1,1,0,1,0,0,0,0,1,0,1,0,0,0,,0,0,0,0,0,0,0,0,1,0,0,1,0,0,0,0,,,,,,18-20,16-25,US highway,R,Sunday,Unknown,PV,Not Fatal,0,0,0,0,State Route,State Patrol,Washington State Patrol,0,1,0,0,0,,,,,,0,0,0,,,,,,,,,,,98,98,98,0,,,,,20,7,,,,,,,,1,0,,,,,,
2020,10,EA04228,2,01/01/2020,20:10,1,1,,29,Island,0,6,,2,2,2,1,0,1,1,20:04,20:08,,42,0,0,10,1,0,1,6,1,2,4,0,0,0,0,CR-S CAMANO DR,,-122.4455111,48.11166667,0,1,2,9,1,50,6,0,0,1,2,42,2,1,2,1,6,1,1,53,0,12,13,1995,0,,68,68,63,42,,,1,1,61,1,7,,4,7,20,7,11,0,01/01/2020,20:10,53000701,701,0,0,0,3,1,33,,,,96,,,,,,98,,,,,,98282,53,73,190,6,1,0,2,1,0,,0,,,,,,0,08/15/2016,08/15/2017,20,0,0,0,0,1,8,,,0,,,8,1,2,124,996,,1,1,,2,1,0.188,,,,,,,,,,,,,,,,,,,,,,,,,,,,,,0,0,0,0,1,1,1,1,0,0,0,0,0,0,0,0,0,0,0,1,0,0,0,0,0,0,0,0,0,1,0,0,0,1,0,,1,0,0,0,0,1,1,1,0,0,0,0,0,0,0,1,,,,,,61-65,56-65,County road,R,Wednesday,Not Used,PV,White,0,1,0,0,County Road,State Patrol,Washington State Patrol,1,0,1,0,0,,,,,,0,0,0,,,,,,,,,,,0,0,0,1,,,,,20,7,,,,,,,,1,0,,,,,,
2020,11,EA04367,7,01/11/2020,4:28,11,1,,33,King,0,2,,3,2,2,1,1,1,1,4:32,4:39,,8,0,0,33.3,1,0,1,3,2,1,3,0,0,0,0,SR-509,,-122.3269361,47.51165,0,1,13,80,5,60,14,0,0,1,5,8,1,2,2,3,1,1,1,53,0,49,403,2013,0,,8,,,,,,1,1,50,2,0,,0,0,3,0,11,0,,,,,0,0,0,3,1,0,,,,96,,,,,,0,,,,,,98188,53,67,135,6,1,0,0,0,0,,0,,,,,,0,,,20,0,0,0,8,9,8,,,0,,,8,8,8,95,,,96,,,8,95,995,,,,,,,,,,,,,,,,,,,,,,,,,,,,,,0,0,0,0,0,0,0,0,0,1,1,1,0,0,0,0,0,0,0,0,0,0,0,0,0,0,0,0,0,1,0,1,0,0,0,,0,0,0,0,0,0,0,0,0,0,0,0,0,0,0,0,,,,,,46-50,46-55,State route,U,Saturday,Belt Used,PV,Not Fatal,0,0,0,0,State Route,State Patrol,Washington State Patrol,0,1,0,0,0,,,,,,0,0,0,,,,,,,,,,,98,98,98,0,,,,,20,7,,,,,,,,1,0,,,,,,
2020,555,EA04849,127,01/19/2020,22:06,19,1,,33,King,735,1,,3,1,2,1,0,4,2,22:15,22:23,23:04,12,0,6,0,2,0,2,5,2,4,6,0,0,20,3,10TH AVE SW,SW 334th St,-122.3477083,47.302975,0,1,78,16,2,25,34,0,0,1,5,12,8,8,2,1,10,1,1,53,0,7,482,2014,0,,12,,,,,,1,1,49,1,0,,2,0,3,0,11,0,,,,,0,0,3,2,1,48,,,,96,,,,,,98,,,,,,98023,53,72,240,1,1,1,3,1,0,,37,,,,,,0,01/15/2017,03/15/2020,8,0,0,0,8,9,8,,,0,,,8,8,8,95,,,96,,,8,95,995,,,,,,,,,,,,,,,,,,,,,,,,,,,,,,0,0,0,1,0,0,0,0,0,0,0,0,0,1,0,0,0,0,0,0,0,0,0,0,0,1,1,1,0,1,0,0,0,0,0,,0,0,0,0,0,0,0,0,0,0,0,1,0,0,0,0,,,,,,46-50,46-55,City street,U,Sunday,Belt Used,PV,Not Fatal,1,0,0,0,City Street,Municipal/City Police,Federal Way Dept of Public Safety,0,0,0,1,0,,,,,,0,1,3,,,,,,,,,,,98,98,98,0,,,,,20,7,,,,,,,,1,0,,,,,,
2020,555,EA04849,127,01/19/2020,22:06,19,1,,33,King,735,1,,3,1,2,1,0,4,2,22:15,22:23,23:04,12,0,6,0,2,0,2,5,2,4,6,0,0,0,0,10TH AVE SW,SW 334th St,-122.3477083,47.302975,0,2,79,65,4,35,14,0,0,1,5,12,8,8,3,5,1,3,1,53,0,42,403,2015,0,,12,,,,,,1,1,80,2,0,,1,0,3,0,11,0,,,,,0,0,0,3,1,0,,,,96,,,,,,98,,,,,,98023,53,62,140,6,1,0,0,0,0,,0,,,,,,0,,,8,0,0,0,8,9,8,,,0,,,8,8,8,95,,,96,,,8,95,995,,,,,,,,,,,,,,,,,,,,,,,,,,,,,,0,0,0,1,0,0,0,0,0,0,0,0,0,1,0,0,0,0,0,0,0,0,0,0,0,1,1,1,0,1,0,0,0,0,0,,0,0,0,0,0,0,0,0,0,0,0,0,0,0,0,0,,,,,,76-80,76+,City street,U,Sunday,Belt Used,PV,Not Fatal,1,0,0,0,City Street,Municipal/City Police,Federal Way Dept of Public Safety,0,0,0,1,0,,,,,,0,0,0,,,,,,,,,,,98,98,98,0,,,,,20,7,,,,,,,,1,0,,,,,,
2020,12,EA04868,146,01/15/2020,6:00,15,1,,77,Yakima,0,1,,9,1,4,1,0,1,1,,,,34,0,0,9999.8,1,0,1,7,1,2,4,0,3,0,0,CR-KAYS RD,,-120.5676583,46.49196667,0,1,98,6,1,50,34,0,0,1,2,30,1,4,8,1,1,1,2,53,0,20,473,2005,0,,34,64,38,30,1,,1,1,60,1,1,,4,7,99,7,11,0,01/15/2020,6:00,53002324,2324,0,0,0,3,1,0,,,,96,,,,,,9,,,,,,97002,41,66,180,6,1,0,0,0,0,,0,,,,,,4,,,20,9,0,0,0,9,1,,,0,,,1,8,2,417,407,996,1,1,1,2,1,0.162,,,,,,,,,,,,,,,,,,,,,,,,,,,,,,0,0,0,0,1,1,1,1,1,0,0,0,1,0,0,0,0,0,0,0,0,0,0,0,0,0,0,0,0,1,0,0,0,0,0,,1,0,0,0,0,1,1,1,0,1,0,0,0,0,0,1,,,,,,56-60,56-65,County road,R,Wednesday,Unknown,PV,Hispanic,0,1,0,0,Other,County Sheriff,Yakima County Sheriff's Office,1,0,0,0,1,thc,7.4,carboxy-thc,7.1,,0,0,0,1,1,1,,,402,695,605,,,98,98,98,98,,,,,20,7,,,,,,,nms,1,0,,,,,,
2020,13,EA04977,205,01/16/2020,11:39,16,1,,57,Skagit,1410,10,,1,2,2,1,0,4,2,11:39,11:46,11:50,12,0,6,0,2,0,2,5,2,4,6,0,0,3,3,N 18TH ST,E Fir St,-122.318925,48.42839167,0,2,69,62,4,25,67,0,0,1,5,12,1,2,3,1,1,1,1,53,0,7,880,2015,0,,12,63,30,,,,1,1,26,1,0,,0,0,3,0,11,0,,,,,0,0,0,3,1,0,,,,96,,,,,,98,,,,,,98233,53,71,175,6,1,0,3,0,0,,0,,,,,,0,09/15/2017,08/15/2018,20,0,0,0,8,9,8,,,0,,,8,8,8,95,,,96,,,8,95,995,,,,,,,,,,,,,,,,,,,,,,,,,,,,,,0,0,0,1,0,0,0,0,0,0,0,0,0,0,0,0,0,0,1,1,0,0,0,0,0,0,0,0,0,1,1,0,0,0,0,,0,0,0,0,0,0,0,0,0,0,0,0,0,0,0,0,,,,,,26-30,26-35,City street,U,Thursday,,MHTRUCK,Not Fatal,1,0,0,0,City Street,Municipal/City Police,Mount Vernon Police Department,0,0,0,1,0,,,,,,0,0,0,,,,,,,,,,,98,98,98,0,,,,,20,7,,,,,,,,1,0,,,,,,
2020,13,EA04977,205,01/16/2020,11:39,16,1,,57,Skagit,1410,10,,1,2,2,1,0,4,2,11:39,11:46,11:50,12,0,6,0,2,0,2,5,2,4,6,0,0,3,3,N 18TH ST,E Fir St,-122.318925,48.42839167,0,1,68,15,2,25,4,0,0,1,5,12,1,2,3,1,11,3,1,53,0,24,1,1992,0,,12,,,,,,1,1,28,1,0,,0,0,3,0,11,0,,,,,0,0,3,3,1,38,,,,96,,,,,,98,,,,,,98273,53,71,121,6,1,0,0,1,0,,97,,,,,,0,04/15/2016,04/15/2016,20,0,0,0,8,9,8,,,0,,,8,8,2,1,,,1,,,2,1,0,,,,,,,,,,,,,,,,,,,,,,,,,,,,,,0,0,0,1,0,0,0,0,0,0,0,0,0,0,0,0,0,0,1,1,0,0,0,0,0,0,0,0,0,1,1,0,0,0,0,,0,0,0,0,0,0,0,0,0,0,1,0,0,0,0,0,,,,,,26-30,26-35,City street,U,Thursday,Belt Used,PV,Not Fatal,1,0,0,0,City Street,Municipal/City Police,Mount Vernon Police Department,0,0,0,1,0,,,,,,0,0,0,,,,,,,,,,,0,0,0,0,,,,,20,7,,,,,,,,1,0,,,,,,
2020,14,EA05178,2,01/09/2020,1:35,9,1,,57,Skagit,0,10,,2,4,2,1,0,1,1,1:33,1:46,,53,0,0,8,1,0,1,5,1,1,3,0,0,0,0,SR-011,,-122.4220361,48.58089444,0,1,7,11,2,50,2,0,0,1,2,1,1,1,2,1,1,1,1,53,0,20,22,2007,0,,63,69,68,64,53,1,1,1,25,2,1,,4,7,20,7,11,0,01/09/2020,1:35,53001176,1176,0,0,3,3,1,58,,,,96,,,,,,9,,,,,,98292,53,64,125,6,1,0,1,0,3,,0,,,,,,4,06/15/2016,11/15/2018,1,1,9,0,0,9,8,,,0,,,8,1,2,695,605,,1,1,,2,1,0.145,,,,,,,,,,,,,,,,,,,,,,,,,,,,,,0,0,0,0,1,1,1,1,1,0,0,0,1,0,0,0,0,0,0,1,0,0,0,1,1,0,0,0,0,1,0,0,0,1,0,,1,0,0,0,0,1,1,1,0,1,0,0,0,0,0,1,,,,,,21-25,16-25,State route,R,Thursday,Not Used,PV,Hispanic,0,1,0,0,State Route,State Patrol,Washington State Patrol,1,1,0,0,0,thc,23,carboxy-thc,97,,0,0,1,,,,,,,,,,,98,98,98,201,298,,,,20,7,,,,,,,nms,1,0,,,,,,