year,case,par,repjur,crash_dt,crash_tm,accday,accmon,holiday,county,co_char,city,weather,weather2,lightcond,surfcond,surftype,numfatal,nmforms,pforms,vforms,not_tm,arr_tm,hosp_tm,fhevent,hitrun,manncol,milepnt,reljunc,reljuncinter,intersectiontype,funcsystem,landuse,ownership,route,schlbus,spejur,contdev,devfunc,trafid1,trafid2,x,y,wk_zone,vnumber,crashtype,criticalevent,criticaleventcat,spdlim,body,trailer,emerg,hazcargo,leave,mhevent,roadalgn,roadprof,traflane,trafflow,vehmanvr,numoccs,regowner,regstate,spuse,make,model,modelyr,vrf1,vrf2,seqevent1,seqevent2,seqevent3,seqevent4,seqevent5,seqevent6,pnumber,ptype,age,sex,hispanic,race,injury,diedscene,restraint,restraintmisuse,seatpos,takehosp,death_dt,death_tm,cert,cernum_wa,commlic,licendor,licrestrict,liccomp,drivpres,drf1,drf2,drf3,drf4,distract1,distract2,distract3,distract4,distract5,distract6,dricond1,dricond2,dricond3,dricond4,dricond5,dricond6,dzip,licstate,drhgt_in,weight,noncdl,noncdltype,prevdwi,prevoth,prevacc,prevspd,prevsus,driviol1,driviol2,driviol3,driviol4,driviol5,driviol6,spdrel,first_dt,last_dt,airbag,ejection,ejectpath,extricat,injurwrk,methalc,methdrug,nmlocat,strikveh,prf1,prf2,prf3,druginv,alcinvol,drugsts,drugres1,drugres2,drugres3,drugtst1,drugtst2,drugtst3,alcsts,alctst,alcres,nmact1,nmact2,nmact3,nmact4,nmact5,nmact6,nmprior1,nmprior2,nmprior3,nmprior4,nmprior5,nmprior6,nmcond1,nmcond2,nmcond3,nmcond4,nmcond5,nmcond6,nmsafe_helmet,nmsafe_pads,nmsafe_oth,nmprev_ref,nmprev_lgt,nmprev_oth,crashlocation,nmcrashtype,crosswalk,schoolzone,sidewalk,train_inv,wildlife_inv,rotr_fars,intersect_fars,dd_inv,aid_inv,dpd_inv,id_inv,mj_inv,impnm_inv,ainm_inv,dpnm_inv,speed_inv,unlic_inv,unendmc_inv,drowsy_inv,drdist_inv,nmdist_inv,fty_inv,unrestfat_inv,dr1617_inv,dr1820_inv,dr1620_inv,dr2125_inv,dr1625_inv,dr65_inv,dr70_inv,dr75_inv,mc_inv,pv_inv,ht_inv,ped_inv,bike_inv,unrest_fat,mc_fat,unhelmet_mc,pv_fat,ht_fat,ped_fat,bike_fat,dr_alc7,dr_alc8,dr_drug,dr_imp,dr_dist,dr_spd,dr_fty,dr_unlic,dr_alc7only,dr_alc8only,dr_drugonly,dr_drink,nm_imp,nm_alc7,nm_alc8,nm_drug,nm_dist,agegrp1,agegrp2,roadclass,urbrur,dayweek,restuse,vehtype,race_me,intersect,lanedep,oppdir,wrongway,rep_typ,investag,repag_long,rotr,st_rd,cty_rd,city_rd,oth_rd,drug_thc,thc_res,drug_cthc,cthc_res,drug_cann,prevpersemin,prevperse,prevsusoth,drugtst4,drugtst5,drugtst6,drugtst7,drugtst8,drugres4,drugres5,drugres6,drugres7,drugres8,adspresent,adsengaged,adslevel,race1,race2,race3,race4,race5,helmet,helmetmisuse,nmdistract1,nmdistract2,nmdistract3,nmdistract4,nmdistract5,nmdistract6,lab,isedtcase,crf1,crf2,crf3,CoRoadName,CoMP,IntCoRoadName,IntCoMP
2020,15,EA05796,222,01/09/2020,7:24,9,1,,67,Thurston,1590,4,,3,2,2,1,1,1,1,,,,8,0,0,0,3,0,3,4,2,4,6,0,0,3,3,LILLY RD NE,Woodard Green Dr NE,-122.8443972,47.05788889,0,1,13,80,5,35,15,0,0,1,2,8,1,1,3,1,1,1,1,53,0,20,423,2018,0,,8,,,,,,1,1,54,1,0,,0,0,3,0,11,0,,,,,0,0,0,3,1,10,,,,0,,,,,,0,,,,,,98532,53,71,260,6,1,0,0,0,1,,0,,,,,,0,05/15/2019,05/15/2019,20,0,0,0,8,2,2,,,0,,,8,0,0,0,,,0,,,2,10,0,,,,,,,,,,,,,,,,,,,,,,,,,,,,,,0,0,0,1,0,0,0,0,0,0,0,0,0,0,0,0,0,1,0,0,0,0,0,0,0,0,0,0,0,1,0,1,0,0,0,,0,0,0,0,0,0,0,0,0,0,0,0,0,0,0,0,,,,,,51-55,46-55,City street,U,Thursday,Belt Used,PV,Not Fatal,1,0,0,0,City Street,Municipal/City Police,Olympia Police Department,0,0,0,1,0,,,,,,0,0,0,,,,,,,,,,,98,98,98,0,,,,,20,7,,,,,,,,1,0,,,,,,
2019,492,EA06086,21,12/13/2019,9:03,13,12,,25,Grant,0,5,0,1,4,2,1,0,8,2,,,,12,0,1,16.7,1,0,1,5,1,2,4,1,0,0,0,CR-ROAD 5 NW,,-119.9115306,47.16016667,0,2,21,53,3,60,50,0,0,1,2,12,1,1,2,1,5,27,3,53,2,84,981,2008,0,0,12,,,,,,1,1,56,2,0,,2,0,3,0,11,6,,,,,6,1,0,3,1,0,0,0,0,0,,,,,,0,,,,,,98823,53,61,165,6,1,0,0,0,0,,0,,,,,,0,,,20,0,0,0,8,9,8,,,0,0,0,8,8,8,95,,,96,,,8,95,995,,,,,,,,,,,,,,,,,,,,,,,,,,,,,,0,0,0,0,0,0,0,0,0,0,0,0,1,0,0,0,0,0,0,0,0,0,0,0,0,1,1,0,0,0,0,0,0,0,0,,0,0,0,0,0,0,0,0,0,0,0,0,0,0,0,0,,,,,,56-60,56-65,County road,R,Friday,,BUS,Not Fatal,0,0,0,0,County Road,County Sheriff,Grant County Sheriff's Office,0,0,1,0,0,,,,,,0,0,0,,,,,,,,,,,98,98,98,0,,,,,20,7,,,,,,,,,,,,,,,
2019,492,EA06086,21,12/13/2019,9:03,13,12,,25,Grant,0,5,0,1,4,2,1,0,8,2,,,,12,0,1,16.7,1,0,1,5,1,2,4,1,0,0,0,CR-ROAD 5 NW,,-119.9115306,47.16016667,0,1,20,6,1,60,51,0,0,1,2,12,1,1,2,1,1,41,3,53,3,98,983,2005,0,0,12,,,,,,1,1,71,1,7,,4,7,3,0,11,0,12/13/2019,9:03,53055018,55018,6,1,3,3,1,0,0,0,0,96,,,,,,98,,,,,,99208,53,70,165,6,1,0,0,1,0,,0,,,,,,4,04/15/2015,04/15/2015,20,0,0,0,1,9,8,,,0,0,0,8,8,8,95,,,96,,,8,95,995,,,,,,,,,,,,,,,,,,,,,,,,,,,,,,0,0,0,0,0,0,0,0,0,0,0,0,1,0,0,0,0,0,0,0,0,0,0,0,0,1,1,0,0,0,0,0,0,0,0,,0,0,0,0,0,0,0,0,0,1,0,0,0,0,0,0,,,,,,71-75,66-75,County road,R,Friday,,BUS,White,0,0,0,0,County Road,County Sheriff,Grant County Sheriff's Office,0,0,1,0,0,,,,,,0,0,0,,,,,,,,,,,98,98,98,1,,,,,20,7,,,,,,,,,,,,,,,
2020,16,EA06709,3,01/20/2020,19:05,20,1,,53,Pierce,0,1,,2,1,2,1,0,4,2,19:15,19:39,20:20,12,0,2,29.3,1,0,1,4,1,1,3,0,0,0,0,SR-7,,-122.3259667,46.86493611,0,2,51,62,4,50,34,0,0,1,2,12,3,1,2,1,14,3,1,53,0,37,471,2006,0,,12,,,,,,1,1,67,1,0,,3,0,3,0,11,5,,,,,0,0,0,3,1,0,,,,96,,,,,,0,,,,,,98328,53,73,210,6,1,0,0,2,1,,0,,,,,,0,12/15/2017,01/15/2019,8,0,0,0,8,9,8,,,0,,,8,8,0,0,,,0,,,0,0,996,,,,,,,,,,,,,,,,,,,,,,,,,,,,,,0,0,0,0,0,0,0,0,0,0,0,0,0,0,0,0,1,0,0,0,0,0,0,1,1,1,0,0,0,1,0,0,0,0,0,,0,0,0,0,0,0,0,0,0,0,0,0,0,0,0,0,,,,,,66-70,66-75,State route,R,Monday,Belt Used,PV,Not Fatal,0,1,1,0,State Route,State Patrol,Washington State Patrol,0,1,0,0,0,,,,,,0,0,0,,,,,,,,,,,98,98,98,0,,,,,20,7,,,,,,,,1,0,,,,,,
2020,16,EA06709,3,01/20/2020,19:05,20,1,,53,Pierce,0,1,,2,1,2,1,0,4,2,19:15,19:39,20:20,12,0,2,29.3,1,0,1,4,1,1,3,0,0,0,0,SR-7,,-122.3259667,46.86493611,0,1,50,10,2,50,4,0,0,1,2,12,2,1,2,1,14,1,1,53,0,30,40,2016,0,,68,12,,,,,1,1,21,1,0,,3,0,3,0,11,5,,,,,0,0,0,3,1,91,,,,9,,,,,,0,,,,,,98407,53,74,190,6,1,0,2,1,0,,2,,,,,,0,12/15/2017,08/15/2018,8,0,0,0,8,9,8,,,0,,,8,8,0,0,,,0,,,0,0,996,,,,,,,,,,,,,,,,,,,,,,,,,,,,,,0,0,0,0,0,0,0,0,0,0,0,0,0,0,0,0,1,0,0,0,0,0,0,1,1,1,0,0,0,1,0,0,0,0,0,,0,0,0,0,0,0,0,0,1,0,0,0,0,0,0,0,,,,,,21-25,16-25,State route,R,Monday,Belt Used,PV,Not Fatal,0,1,1,0,State Route,State Patrol,Washington State Patrol,0,1,0,0,0,,,,,,0,0,0,,,,,,,,,,,98,98,98,0,,,,,20,7,,,,,,,,1,0,,,,,,
2020,17,EA06826,8,01/04/2020,16:28,4,1,,45,Mason,0,2,,2,2,2,2,0,5,2,16:32,16:39,,12,0,2,0.4,1,0,1,5,1,2,4,0,0,0,0,CR-NE BELFAIR TAHUYA RD,,-122.896775,47.43155,0,2,51,62,4,35,34,0,0,1,2,12,3,2,2,1,14,4,2,53,0,12,471,1998,0,,12,,,,,,1,1,17,1,0,,3,0,3,0,11,4,,,,,99,9,9,9,1,0,,,,96,,,,,,0,,,,,,98524,99,,999,9,9,99,99,99,99,,0,,,,,,0,,,1,0,0,0,8,9,8,,,0,,,8,8,0,0,,,0,,,0,0,996,,,,,,,,,,,,,,,,,,,,,,,,,,,,,,0,0,0,0,1,1,0,1,0,0,0,0,0,0,0,0,0,0,0,1,1,0,1,0,1,0,0,0,0,1,1,0,0,0,0,,0,0,0,0,0,0,0,0,0,0,0,0,0,0,0,0,,,,,,16-17,16-25,County road,R,Saturday,Belt Used,PV,Not Fatal,0,1,1,0,County Road,State Patrol,Washington State Patrol,0,0,1,0,0,,,,,,99,99,99,,,,,,,,,,,0,0,0,0,,,,,20,7,,,,,,,,1,0,,,BELFAIR TAHUYA RD,0.383,,
2020,17,EA06826,8,01/04/2020,16:28,4,1,,45,Mason,0,2,,2,2,2,2,0,5,2,16:32,16:39,,12,0,2,0.4,1,0,1,5,1,2,4,0,0,0,0,CR-NE BELFAIR TAHUYA RD,,-122.896775,47.43155,0,1,50,10,2,35,67,0,0,1,2,12,2,2,2,1,14,1,1,53,0,12,880,2013,0,,68,12,,,,,1,1,51,1,0,,0,0,3,0,11,0,,,,,0,0,0,3,1,28,,,,96,,,,,,9,,,,,,98528,53,75,200,6,1,0,0,0,0,,97,,,,,,0,,,1,0,0,0,8,9,8,,,0,,,8,1,2,1,,,1,,,2,1,0.23,,,,,,,,,,,,,,,,,,,,,,,,,,,,,,0,0,0,0,1,1,0,1,0,0,0,0,0,0,0,0,0,0,0,1,1,0,1,0,1,0,0,0,0,1,1,0,0,0,0,,0,0,0,0,0,1,0,1,0,0,0,0,0,1,0,1,,,,,,51-55,46-55,County road,R,Saturday,,MHTRUCK,Not Fatal,0,1,1,0,County Road,State Patrol,Washington State Patrol,0,0,1,0,0,,,,,,0,0,0,,,,,,,,,,,98,98,98,0,,,,,20,7,,,,,,,,1,0,,,BELFAIR TAHUYA RD,0.383,,
2020,18,EA07317,7,01/25/2020,11:21,25,1,,33,King,0,2,,1,2,2,1,0,2,2,11:24,11:35,12:30,12,0,2,27.5,1,0,1,3,1,1,3,0,0,0,0,SR-18,,-121.8864278,47.49559444,0,1,50,10,2,55,14,0,0,1,2,12,1,1,3,1,1,1,2,53,0,12,402,2013,0,,68,12,,,,,1,1,47,2,7,,4,7,99,7,11,0,01/25/2020,11:21,53004641,4641,0,0,0,3,1,28,38,,,96,,,,,,8,,,,,,98045,53,65,220,6,1,0,0,0,1,,0,,,,,,0,04/15/2015,03/15/2015,8,0,0,0,0,9,8,,,0,,,8,8,2,1,,,1,,,2,1,997,,,,,,,,,,,,,,,,,,,,,,,,,,,,,,0,0,0,0,0,0,0,0,0,0,0,0,0,0,0,0,0,0,1,0,0,0,0,0,0,0,0,0,0,1,1,0,0,0,0,,1,0,0,0,0,0,0,0,0,0,1,0,0,0,0,0,,,,,,46-50,46-55,State route,R,Saturday,Unknown,PV,White,0,1,1,0,State Route,State Patrol,Washington State Patrol,0,1,0,0,0,,,,,,0,0,1,,,,,,,,,,,98,98,98,1,,,,,20,7,,,,,,,,1,0,,,,,,
2020,18,EA07317,7,01/25/2020,11:21,25,1,,33,King,0,2,,1,2,2,1,0,2,2,11:24,11:35,12:30,12,0,2,27.5,1,0,1,3,1,1,3,0,0,0,0,SR-18,,-121.8864278,47.49559444,0,2,51,62,4,55,66,1,0,1,2,12,1,1,3,1,1,1,2,2,0,87,884,2018,0,,12,,,,,,1,1,46,1,0,,1,0,20,7,11,5,,,,,6,1,0,3,1,0,,,,96,,,,,,0,,,,,,98372,53,73,220,6,1,0,1,0,3,,0,,,,,,0,05/15/2016,05/15/2019,20,0,0,0,8,9,8,,,0,,,8,8,0,0,,,0,,,0,0,996,,,,,,,,,,,,,,,,,,,,,,,,,,,,,,0,0,0,0,0,0,0,0,0,0,0,0,0,0,0,0,0,0,1,0,0,0,0,0,0,0,0,0,0,1,1,0,0,0,0,,0,0,0,0,0,0,0,0,0,0,0,0,0,0,0,0,,,,,,46-50,46-55,State route,R,Saturday,,MHTRUCK,Not Fatal,0,1,1,0,State Route,State Patrol,Washington State Patrol,0,1,0,0,0,,,,,,0,0,0,,,,,,,,,,,98,98,98,0,,,,,20,7,,,,,,,,1,0,,,,,,
2020,19,EA08187,184,01/26/2020,22:58,26,1,,61,Snohomish,1215,10,,3,2,2,1,2,1,1,22:59,23:07,23:31,8,0,0,4.4,1,0,1,3,2,1,3,0,0,0,0,SR-524,,-122.3001639,47.82109167,0,1,13,80,5,35,4,0,0,1,2,8,1,1,5,5,1,1,2,53,0,49,40,1997,0,,8,8,,,,,1,1,19,2,0,,0,0,3,0,11,0,,,,,0,0,0,3,1,0,,,,96,,,,,,0,,,,,,98012,53,64,140,6,1,0,0,0,0,,0,,,,,,0,,,20,0,0,0,8,9,8,,,0,,,8,8,8,95,,,96,,,8,95,995,,,,,,,,,,,,,,,,,,,,,,,,,,,,,,0,0,0,0,0,0,0,0,0,0,0,0,0,0,0,0,0,0,0,0,0,1,1,0,1,0,0,0,0,1,0,1,0,0,0,,0,0,0,0,0,0,0,0,0,0,0,0,0,0,0,0,,,,,,18-20,16-25,State route,U,Sunday,Belt Used,PV,Not Fatal,0,0,0,0,State Route,Municipal/City Police,Lynnwood Police Department,0,1,0,0,0,,,,,,0,0,0,,,,,,,,,,,0,0,0,0,,,,,20,7,,,,,,,,1,0,,,,,,
2020,20,EA08254,305,01/21/2020,6:29,21,1,,11,Clark,2370,10,,3,2,2,2,2,1,1,,,,8,0,0,0,1,0,1,3,2,4,6,0,0,0,0,NE 112TH AVE,,-122.5579389,45.638675,0,1,13,80,5,35,34,0,0,1,5,8,1,2,5,5,1,1,1,53,0,20,481,1995,0,,8,8,,,,,1,1,19,1,0,,0,0,3,0,11,0,,,,,0,0,3,3,1,10,,,,0,,,,,,0,,,,,,98607,53,71,150,6,1,0,0,0,0,,0,,,,,,0,,,20,0,0,0,8,9,8,,,0,,,8,8,2,1,,,1,,,2,1,0,,,,,,,,,,,,,,,,,,,,,,,,,,,,,,0,0,0,0,0,0,0,0,0,1,0,1,0,0,0,0,0,0,0,0,0,1,1,0,1,0,0,0,0,1,0,1,0,0,0,,0,0,0,0,0,0,0,0,0,0,0,0,0,0,0,0,,,,,,18-20,16-25,City street,U,Tuesday,Belt Used,PV,Not Fatal,0,0,0,0,City Street,Municipal/City Police,Vancouver Police Department,0,0,0,1,0,,,,,,0,0,0,,,,,,,,,,,0,0,0,0,,,,,20,7,,,,,,,,1,0,,,,,,
2020,21,EA08257,47,01/14/2020,7:33,14,1,,27,Grays Harbor,10,1,,3,1,2,1,1,1,1,7:35,7:39,7:56,8,1,0,0,3,0,2,5,2,4,6,0,0,20,3,E 1ST ST,N G St,-123.8161556,46.97769444,0,1,13,80,5,35,34,0,0,1,5,8,1,1,2,1,10,1,2,53,0,12,481,1993,0,,8,,,,,,1,1,22,1,0,,0,0,99,7,11,0,,,,,0,0,0,2,1,0,,,,92,,,,,,98,,,,,,98550,53,69,140,1,1,0,1,0,3,,97,,,,,,0,02/15/2015,03/15/2019,20,0,0,0,8,9,8,,,0,,,8,8,8,95,,,96,,,8,95,995,,,,,,,,,,,,,,,,,,,,,,,,,,,,,,0,0,0,1,0,0,0,0,0,1,0,1,0,1,0,0,1,0,0,0,0,0,0,1,1,0,0,0,0,1,0,1,0,0,0,,0,0,0,0,0,0,0,0,1,0,0,1,0,0,0,0,,,,,,21-25,16-25,City street,U,Tuesday,Unknown,PV,Not Fatal,1,0,0,0,City Street,Municipal/City Police,Aberdeen Police Department,0,0,0,1,0,,,,,,0,0,7,,,,,,,,,,,0,0,0,0,,,,,20,7,,,,,,,,1,0,,,,,,
2020,22,EA08634,7,01/13/2020,22:15,13,1,,33,King,1030,4,,3,4,1,1,0,1,1,,,,42,0,0,146.8,1,0,1,1,2,1,1,0,0,0,0,I-5,,-122.2961583,47.35826389,0,1,2,6,1,60,14,0,0,1,2,42,2,1,5,3,14,1,2,53,0,12,401,2003,0,,63,42,1,,,,1,1,24,2,7,,4,7,3,0,11,0,01/13/2020,22:15,1.03E+11,2190,0,0,0,3,1,0,,,,5,,,,,,98,,,,,,98391,53,63,140,6,1,0,0,0,0,,0,,,,,,4,,,20,0,0,0,0,9,8,,,0,,,8,8,2,605,,,1,,,2,1,0,,,,,,,,,,,,,,,,,,,,,,,,,,,,,,0,0,0,0,0,0,1,1,1,0,0,0,1,0,0,0,1,0,0,0,0,0,0,1,1,0,0,0,0,1,0,0,0,0,0,,1,0,0,0,0,0,1,1,1,1,0,0,0,0,1,0,,,,,,21-25,16-25,Interstate,U,Monday,Belt Used,PV,White,0,1,0,0,State Route,State Patrol,Washington State Patrol,1,1,0,0,0,thc,2.4,,,,0,0,0,,,,,,,,,,,98,98,98,1,,,,,20,7,,,,,,,nms,1,0,,,,,,
2020,75,EA09339,122,01/24/2020,16:20,24,1,,61,Snohomish,690,1,,1,1,2,1,1,1,1,16:21,16:26,16:50,8,0,0,0,1,0,1,4,2,4,6,0,0,0,0,S 2ND AVE,,-122.1955028,47.95463611,0,1,13,80,5,30,2,0,0,1,5,8,3,2,2,1,1,1,1,53,0,14,4,1996,0,,63,8,,,,,1,1,42,1,0,,0,0,3,0,11,0,,,,,0,0,0,3,1,91,,,,96,,,,,,9,,,,,,98270,53,62,108,6,1,0,1,1,0,,2,12,,,,,0,09/15/2015,02/15/2016,1,0,0,0,8,9,8,,,0,,,1,1,2,695,605,,1,1,,2,1,0.11,,,,,,,,,,,,,,,,,,,,,,,,,,,,,,0,0,0,0,1,1,1,1,1,0,0,0,0,0,0,0,0,0,0,0,0,0,0,0,0,0,0,0,0,1,0,1,0,0,0,,0,0,0,0,0,1,1,1,0,0,0,0,0,0,0,1,,,,,,41-45,36-45,City street,U,Friday,Belt Used,PV,Not Fatal,0,0,0,0,City Street,Municipal/City Police,Everett Police Department,0,0,0,1,0,thc,2.9,carboxy-thc,61,,0,0,0,,,,,,,,,,,0,0,0,0,,,,,20,7,,,,,,,,1,0,,,,,,
2020,24,EA09361,1,01/23/2020,12:22,23,1,,39,Klickitat,0,2,,1,2,2,1,0,1,1,12:26,12:45,,42,0,0,2.7,1,0,1,7,1,2,4,0,0,0,0,CR-GARRISON RD,,-120.9751083,45.89468056,0,1,6,12,2,98,14,0,0,1,2,42,2,2,2,1,14,1,1,53,0,37,402,2018,0,,68,64,42,,,,1,1,73,2,7,,4,7,1,0,11,0,01/23/2020,12:46,53004295,4295,0,0,0,3,1,0,,,,96,,,,,,0,,,,,,98620,53,58,130,6,1,0,0,0,0,,0,,,,,,0,,,8,0,0,0,1,9,8,,,0,,,8,8,2,1,,,1,,,2,1,0,,,,,,,,,,,,,,,,,,,,,,,,,,,,,,0,0,1,0,0,0,0,0,0,0,0,0,0,0,0,0,0,0,0,0,0,0,0,0,0,1,1,0,0,1,0,0,0,0,0,,1,0,0,0,0,0,0,0,0,0,0,0,0,0,0,0,,,,,,71-75,66-75,County road,R,Thursday,Belt Used,PV,White,0,1,0,0,County Road,County Sheriff,Klickitat County Sheriff's Office,1,0,1,0,0,,,,,,0,0,0,,,,,,,,,,,98,98,98,1,,,,,20,7,,,,,,,,1,0,,,GARRISON RD,2.685,,
2020,531,EA09539,189,01/24/2020,18:05,24,1,,61,Snohomish,1280,1,,3,1,2,1,1,1,1,18:04,18:13,18:33,8,0,0,0.1,3,1,2,1,2,1,1,0,0,3,3,I-5 RAMP,SR-528,-122.1836056,48.05185278,0,1,13,15,2,98,5,0,0,1,5,8,1,1,2,6,11,1,3,53,0,48,38,2018,0,,8,,,,,,1,1,42,2,0,,0,0,3,0,11,0,,,,,0,0,3,3,1,38,,,,96,,,,,,0,,,,,,98023,53,67,150,6,1,0,0,0,0,,46,,,,,,0,,,20,0,0,0,8,9,8,,,0,,,8,8,8,95,,,96,,,8,95,995,,,,,,,,,,,,,,,,,,,,,,,,,,,,,,0,0,0,1,0,0,0,0,0,0,0,0,0,0,0,0,0,0,1,0,0,0,0,0,0,0,0,0,0,1,0,1,0,0,0,,0,0,0,0,0,0,0,0,0,0,1,0,0,0,0,0,,,,,,41-45,36-45,Interstate,U,Friday,Belt Used,PV,Not Fatal,1,0,0,0,State Route,Municipal/City Police,Marysville Police Department,0,1,0,0,0,,,,,,0,0,0,,,,,,,,,,,98,98,98,0,,,,,20,7,,,,,,,,1,0,,,,,,
2020,34,EA10140,42,02/01/2020,13:46,1,2,,67,Thurston,0,1,,1,1,2,1,0,1,1,,,,42,0,0,4.5,1,0,1,5,1,2,4,0,0,0,0,CR-RAINIER RD SE,,-122.755,46.93015,0,1,1,13,2,50,4,0,0,1,5,42,1,1,2,1,1,1,1,53,0,37,31,2003,0,,63,42,,,,,1,1,39,1,7,,4,7,20,7,11,0,02/01/2020,13:46,53005380,5380,0,0,0,3,1,0,,,,96,,,,,,0,,,,,,98516,53,70,165,6,1,0,0,0,0,,0,,,,,,0,,,8,2,9,0,0,9,8,,,0,,,8,8,2,695,,,1,,,2,1,0.141,,,,,,,,,,,,,,,,,,,,,,,,,,,,,,0,0,1,0,1,1,1,1,1,0,0,0,0,0,0,0,0,0,0,1,0,0,0,0,0,0,0,0,0,1,0,0,0,1,0,,1,0,0,0,0,1,1,1,0,0,0,0,0,0,0,1,,,,,,36-40,36-45,County road,R,Saturday,Not Used,PV,White,0,1,0,0,County Road,County Sheriff,Thurston County Sheriff's Office,1,0,1,0,0,thc,8.9,,,,0,0,0,,,,,,,,,,,98,98,98,1,,,,,20,7,,,,,,,nms,1,0,,,RAINIER RD SE,4.515,,
2020,25,EA10311,184,01/31/2020,18:58,31,1,,61,Snohomish,1215,2,,3,2,2,1,1,3,1,,,,8,0,0,40.1,3,0,2,3,2,1,3,0,0,3,3,SR-99,200TH ST SW,-122.3181833,47.81758611,0,1,13,80,5,45,34,0,0,1,5,8,1,1,7,1,1,3,1,53,0,12,481,2013,0,,8,,,,,,1,1,33,1,0,,0,0,3,0,11,0,,,,,0,0,3,3,1,0,,,,96,,,,,,0,,,,,,98133,53,68,205,6,1,0,0,0,2,,0,,,,,,0,05/15/2017,02/15/2018,20,0,0,0,8,9,8,,,0,,,8,8,0,0,,,0,,,0,0,996,,,,,,,,,,,,,,,,,,,,,,,,,,,,,,0,0,0,1,0,0,0,0,0,0,0,0,0,0,0,0,0,0,0,0,0,0,0,0,0,0,0,0,0,1,0,1,0,0,0,,0,0,0,0,0,0,0,0,0,0,0,0,0,0,0,0,,,,,,31-35,26-35,State route,U,Friday,Belt Used,PV,Not Fatal,1,0,0,0,State Route,Municipal/City Police,Lynnwood Police Department,0,1,0,0,0,,,,,,0,0,0,,,,,,,,,,,98,98,98,0,,,,,20,7,,,,,,,,1,0,,,,,,
2020,76,EA10410,305,02/02/2020,14:47,2,2,,11,Clark,2370,1,,1,1,2,1,0,2,2,14:47,14:52,15:05,12,0,6,0,2,0,2,3,2,4,6,0,0,3,3,SE 164TH AVE,SE MILL PLAIN BLVD,-122.5043139,45.61547222,0,2,87,66,4,35,14,0,0,1,2,12,1,1,4,1,1,1,1,53,0,48,401,2016,0,,12,,,,,,1,1,34,1,0,,0,0,3,0,11,0,,,,,0,0,0,3,1,0,,,,96,,,,,,0,,,,,,98683,53,70,170,6,1,0,0,0,0,,0,,,,,,0,,,2,0,0,0,8,9,8,,,0,,,8,8,2,1,,,1,,,2,1,0,,,,,,,,,,,,,,,,,,,,,,,,,,,,,,0,0,0,1,0,0,0,0,0,0,0,0,1,0,0,0,0,0,0,0,0,0,0,0,0,0,0,0,1,1,0,0,0,0,0,,0,0,0,0,0,0,0,0,0,0,0,0,0,0,0,0,,,,,,31-35,26-35,City street,U,Sunday,Belt Used,PV,Not Fatal,1,0,0,0,City Street,Municipal/City Police,Vancouver Police Department,0,0,0,1,0,,,,,,0,0,0,,,,,,,,,,,98,98,98,0,,,,,20,7,,,,,,,,1,0,,,,,,
2020,76,EA10410,305,02/02/2020,14:47,2,2,,11,Clark,2370,1,,1,1,2,1,0,2,2,14:47,14:52,15:05,12,0,6,0,2,0,2,3,2,4,6,0,0,3,3,SE 164TH AVE,SE MILL PLAIN BLVD,-122.5043139,45.61547222,0,1,86,17,2,40,80,0,0,1,2,12,1,1,5,2,1,1,1,53,0,53,706,2008,0,,12,,,,,,1,1,38,1,7,,4,0,20,7,11,5,02/10/2020,1:43,1.65E+11,,0,0,0,3,1,0,,,,96,,,,,,0,,,,,,98685,53,73,220,6,1,0,0,0,1,,0,,,,,,3,09/15/2019,09/15/2019,20,8,0,0,0,9,8,,,0,,,8,8,0,0,,,0,,,0,0,996,,,,,,,,,,,,,,,,,,,,,,,,,,,,,,0,0,0,1,0,0,0,0,0,0,0,0,1,0,0,0,0,0,0,0,0,0,0,0,0,0,0,0,1,1,0,0,0,0,1,0,0,0,0,0,0,0,0,0,0,1,0,0,0,0,0,0,,,,,,36-40,36-45,City street,U,Sunday,,MC,White,1,0,0,0,City Street,Municipal/City Police,Vancouver Police Department,0,0,0,1,0,,,,,,0,0,0,,,,,,,,,,,0,0,0,1,,,,,5,0,,,,,,,,1,0,,,,,,
2020,35,EA10855,14,02/02/2020,16:28,2,2,,11,Clark,0,1,,1,1,2,1,0,1,1,,,,42,0,0,0.7,1,0,1,7,1,2,4,0,0,0,0,CR-SE 20TH ST,,-122.3247528,45.60718889,0,1,6,12,2,50,14,0,0,1,2,42,1,1,2,1,1,1,2,53,0,59,403,2004,0,,68,64,42,1,,,1,1,72,2,7,,4,7,3,0,11,0,02/02/2020,16:28,53005105,5105,0,0,3,3,1,0,,,,96,,,,,,98,,,,,,98671,53,61,117,6,1,0,0,0,0,,0,,,,,,0,,,8,0,0,0,0,9,8,,,0,,,8,8,2,1,,,1,,,2,1,0,,,,,,,,,,,,,,,,,,,,,,,,,,,,,,0,0,1,0,0,0,0,0,0,0,0,0,0,0,0,0,0,0,0,0,0,0,0,0,0,1,1,0,0,1,0,0,0,0,0,,1,0,0,0,0,0,0,0,0,0,0,0,0,0,0,0,,,,,,71-75,66-75,County road,R,Sunday,Belt Used,PV,White,0,1,0,0,County Road,County Sheriff,Clark County Sheriff's Office,1,0,1,0,0,,,,,,0,0,0,,,,,,,,,,,98,98,98,1,,,,,20,7,,,,,,,,1,0,,,SE 20TH ST,0.73,,