year,case,par,repjur,crash_dt,crash_tm,accday,accmon,holiday,county,co_char,city,weather,weather2,lightcond,surfcond,surftype,numfatal,nmforms,pforms,vforms,not_tm,arr_tm,hosp_tm,fhevent,hitrun,manncol,milepnt,reljunc,reljuncinter,intersectiontype,funcsystem,landuse,ownership,route,schlbus,spejur,contdev,devfunc,trafid1,trafid2,x,y,wk_zone,vnumber,crashtype,criticalevent,criticaleventcat,spdlim,body,trailer,emerg,hazcargo,leave,mhevent,roadalgn,roadprof,traflane,trafflow,vehmanvr,numoccs,regowner,regstate,spuse,make,model,modelyr,vrf1,vrf2,seqevent1,seqevent2,seqevent3,seqevent4,seqevent5,seqevent6,pnumber,ptype,age,sex,hispanic,race,injury,diedscene,restraint,restraintmisuse,seatpos,takehosp,death_dt,death_tm,cert,cernum_wa,commlic,licendor,licrestrict,liccomp,drivpres,drf1,drf2,drf3,drf4,distract1,distract2,distract3,distract4,distract5,distract6,dricond1,dricond2,dricond3,dricond4,dricond5,dricond6,dzip,licstate,drhgt_in,weight,noncdl,noncdltype,prevdwi,prevoth,prevacc,prevspd,prevsus,driviol1,driviol2,driviol3,driviol4,driviol5,driviol6,spdrel,first_dt,last_dt,airbag,ejection,ejectpath,extricat,injurwrk,methalc,methdrug,nmlocat,strikveh,prf1,prf2,prf3,druginv,alcinvol,drugsts,drugres1,drugres2,drugres3,drugtst1,drugtst2,drugtst3,alcsts,alctst,alcres,nmact1,nmact2,nmact3,nmact4,nmact5,nmact6,nmprior1,nmprior2,nmprior3,nmprior4,nmprior5,nmprior6,nmcond1,nmcond2,nmcond3,nmcond4,nmcond5,nmcond6,nmsafe_helmet,nmsafe_pads,nmsafe_oth,nmprev_ref,nmprev_lgt,nmprev_oth,crashlocation,nmcrashtype,crosswalk,schoolzone,sidewalk,train_inv,wildlife_inv,rotr_fars,intersect_fars,dd_inv,aid_inv,dpd_inv,id_inv,mj_inv,impnm_inv,ainm_inv,dpnm_inv,speed_inv,unlic_inv,unendmc_inv,drowsy_inv,drdist_inv,nmdist_inv,fty_inv,unrestfat_inv,dr1617_inv,dr1820_inv,dr1620_inv,dr2125_inv,dr1625_inv,dr65_inv,dr70_inv,dr75_inv,mc_inv,pv_inv,ht_inv,ped_inv,bike_inv,unrest_fat,mc_fat,unhelmet_mc,pv_fat,ht_fat,ped_fat,bike_fat,dr_alc7,dr_alc8,dr_drug,dr_imp,dr_dist,dr_spd,dr_fty,dr_unlic,dr_alc7only,dr_alc8only,dr_drugonly,dr_drink,nm_imp,nm_alc7,nm_alc8,nm_drug,nm_dist,agegrp1,agegrp2,roadclass,urbrur,dayweek,restuse,vehtype,race_me,intersect,lanedep,oppdir,wrongway,rep_typ,investag,repag_long,rotr,st_rd,cty_rd,city_rd,oth_rd,drug_thc,thc_res,drug_cthc,cthc_res,drug_cann,prevpersemin,prevperse,prevsusoth,drugtst4,drugtst5,drugtst6,drugtst7,drugtst8,drugres4,drugres5,drugres6,drugres7,drugres8,adspresent,adsengaged,adslevel,race1,race2,race3,race4,race5,helmet,helmetmisuse,nmdistract1,nmdistract2,nmdistract3,nmdistract4,nmdistract5,nmdistract6,lab,isedtcase,crf1,crf2,crf3,CoRoadName,CoMP,IntCoRoadName,IntCoMP
2020,26,EA11449,3,01/30/2020,21:21,30,1,,53,Pierce,0,2,,2,2,2,1,0,2,2,21:25,21:34,22:06,12,0,6,4.6,4,0,1,3,2,1,3,0,3,0,0,SR-167,,-122.3237,47.20729444,0,2,83,67,4,45,34,0,0,1,2,12,1,1,5,5,1,1,1,41,0,7,482,2017,0,,12,,,,,,1,1,25,1,0,,1,0,3,0,11,5,,,,,0,0,0,3,1,0,,,,96,,,,,,0,,,,,,97058,41,71,195,6,1,0,2,0,1,,0,,,,,,0,08/15/2018,10/15/2019,8,0,0,0,8,9,8,,,0,,,8,8,0,0,,,0,,,0,0,996,,,,,,,,,,,,,,,,,,,,,,,,,,,,,,0,0,0,0,1,1,0,1,0,0,0,0,0,0,0,0,0,0,1,0,0,0,0,1,1,0,0,0,0,1,0,0,0,0,0,,0,0,0,0,0,0,0,0,0,0,0,0,0,0,0,0,,,,,,21-25,16-25,State route,U,Thursday,Belt Used,PV,Not Fatal,0,0,0,0,State Route,State Patrol,Washington State Patrol,0,1,0,0,0,,,,,,0,0,0,,,,,,,,,,,98,98,98,0,,,,,20,7,,,,,,,,1,0,,,,,,
2020,26,EA11449,3,01/30/2020,21:21,30,1,,53,Pierce,0,2,,2,2,2,1,0,2,2,21:25,21:34,22:06,12,0,6,4.6,4,0,1,3,2,1,3,0,3,0,0,SR-167,,-122.3237,47.20729444,0,1,82,15,2,45,4,0,0,1,2,12,1,1,5,5,11,1,2,53,0,55,36,2008,0,,12,,,,,,1,1,58,1,7,,4,7,3,0,11,0,01/30/2020,21:21,1.77E+11,5198,0,0,3,3,1,38,,,,96,,,,,,9,,,,,,98371,53,70,230,6,1,0,2,0,1,,0,,,,,,0,07/15/2016,07/15/2018,8,0,0,0,0,1,8,,,0,,,8,1,2,1,,,1,,,2,1,0.235,,,,,,,,,,,,,,,,,,,,,,,,,,,,,,0,0,0,0,1,1,0,1,0,0,0,0,0,0,0,0,0,0,1,0,0,0,0,1,1,0,0,0,0,1,0,0,0,0,0,,1,0,0,0,0,1,0,1,0,0,1,0,0,1,0,1,,,,,,56-60,56-65,State route,U,Thursday,Belt Used,PV,White,0,0,0,0,State Route,State Patrol,Washington State Patrol,0,1,0,0,0,,,,,,0,0,0,,,,,,,,,,,98,98,98,1,,,,,20,7,,,,,,,,1,0,,,,,,
2020,37,EA11625,48,02/01/2020,0:54,1,2,,63,Spokane,22,6,,3,1,2,1,1,1,1,,,,8,0,0,270.6,1,0,1,3,2,1,2,0,0,0,0,US-2,,-117.5720222,47.64293611,0,1,13,80,5,45,34,0,0,1,5,8,1,1,5,5,1,1,1,53,0,12,471,1999,0,,8,,,,,,1,1,61,1,0,,0,0,3,0,11,0,,,,,0,0,0,3,1,0,,,,96,,,,,,0,,,,,,99029,53,70,200,6,1,0,0,0,1,,0,,,,,,0,08/15/2017,08/15/2017,20,0,0,0,8,3,8,,,0,,,8,8,0,0,,,0,,,0,0,996,,,,,,,,,,,,,,,,,,,,,,,,,,,,,,0,0,0,0,0,0,0,0,0,1,1,1,0,0,0,0,0,1,0,0,0,0,0,0,0,0,0,0,0,1,0,1,0,0,0,,0,0,0,0,0,0,0,0,0,0,0,0,0,0,0,0,,,,,,61-65,56-65,US highway,U,Saturday,Belt Used,PV,Not Fatal,0,0,0,0,State Route,Municipal/City Police,Airway Heights Police Department,0,1,0,0,0,,,,,,0,0,0,,,,,,,,,,,0,0,0,0,,,,,20,7,,,,,,,,1,0,,,,,,
2020,38,EA12058,4,02/04/2020,15:02,4,2,,1,Adams,0,1,,1,10,2,1,0,2,2,15:02,15:20,,12,0,6,57.2,1,0,1,5,1,1,3,0,0,0,0,SR-261,,-118.347825,47.04061944,0,1,66,10,2,55,6,0,0,1,2,12,3,2,2,1,14,1,1,53,0,52,47,2003,0,,68,12,,,,,1,1,76,2,7,,4,7,20,7,11,0,02/04/2020,15:02,53005528,5528,0,0,0,3,1,58,,,,96,,,,,,0,,,,,,99371,53,65,150,6,1,0,0,0,0,,0,,,,,,4,,,1,0,0,0,9,1,8,,,0,,,8,0,0,0,,,0,,,2,4,0,,,,,,,,,,,,,,,,,,,,,,,,,,,,,,0,0,0,0,0,0,0,0,0,0,0,0,1,0,0,0,0,0,0,1,0,0,0,0,0,1,1,1,0,1,1,0,0,1,0,,1,0,0,0,0,0,0,0,0,1,0,0,0,0,0,0,,,,,,76-80,76+,State route,R,Tuesday,Not Used,PV,White,0,1,1,0,State Route,State Patrol,Washington State Patrol,0,1,0,0,0,,,,,,0,0,0,,,,,,,,,,,98,98,98,1,,,,,20,7,,,,,,,,1,0,,,,,,
2020,38,EA12058,4,02/04/2020,15:02,4,2,,1,Adams,0,1,,1,10,2,1,0,2,2,15:02,15:20,,12,0,6,57.2,1,0,1,5,1,1,3,0,0,0,0,SR-261,,-118.347825,47.04061944,0,2,66,62,4,55,66,1,0,1,2,12,2,2,2,1,14,1,3,53,0,87,881,2010,0,,12,,,,,,1,1,57,1,0,,1,0,3,0,11,0,,,,,6,1,3,3,1,0,,,,96,,,,,,0,,,,,,99371,53,72,245,6,1,0,0,1,0,,0,,,,,,0,09/15/2015,09/15/2015,20,0,0,0,8,1,8,,,0,,,8,0,0,0,,,0,,,2,95,0,,,,,,,,,,,,,,,,,,,,,,,,,,,,,,0,0,0,0,0,0,0,0,0,0,0,0,1,0,0,0,0,0,0,1,0,0,0,0,0,1,1,1,0,1,1,0,0,0,0,,0,0,0,0,0,0,0,0,0,0,0,0,0,0,0,0,,,,,,56-60,56-65,State route,R,Tuesday,,MHTRUCK,Not Fatal,0,1,1,0,State Route,State Patrol,Washington State Patrol,0,1,0,0,0,,,,,,0,0,0,,,,,,,,,,,98,98,98,0,,,,,20,7,,,,,,,,1,0,,,,,,
2020,39,EA12519,5,02/02/2020,2:21,2,2,,11,Clark,1860,1,,3,1,1,2,0,4,1,2:21,2:28,18:47,38,1,0,0,3,0,3,7,2,4,6,0,0,20,3,S TIMM RD,S 11th St,-122.6828389,45.80754167,0,1,14,14,2,25,4,0,0,1,2,1,1,1,3,1,1,4,2,41,0,12,23,2011,0,,71,38,58,1,2,,1,1,25,1,0,,2,0,20,7,11,5,,,,,0,0,0,0,1,39,91,,,96,,,,,,9,,,,,,98682,53,65,145,0,0,0,0,0,0,,1,7,,,,,0,,,1,0,0,0,8,1,8,,,0,,,8,1,2,1,,,1,,,2,1,0.16,,,,,,,,,,,,,,,,,,,,,,,,,,,,,,0,0,0,1,1,1,0,1,0,0,0,0,0,1,0,0,0,0,0,0,0,0,0,1,1,0,0,0,0,1,0,0,0,0,0,,0,0,0,0,0,1,0,1,0,0,0,1,0,1,0,1,,,,,,21-25,16-25,City street,U,Sunday,Not Used,PV,Not Fatal,1,0,0,0,City Street,State Patrol,Washington State Patrol,0,0,0,1,0,,,,,,0,0,0,,,,,,,,,,,98,98,98,0,,,,,20,7,,,,,,,,1,0,,,,,,
2020,27,EA12581,6,01/27/2020,6:18,27,1,,37,Kittitas,0,1,,2,4,2,1,0,4,1,,,,1,0,0,103.3,1,0,1,1,1,1,1,0,0,0,0,I-90,,-120.6064444,47.01716111,0,1,7,6,1,70,34,0,0,1,2,1,1,1,2,2,1,4,1,53,0,20,482,2005,0,,64,1,,,,,1,1,48,1,0,,2,0,3,0,11,5,,,,,0,0,0,3,1,58,87,,,96,,,,,,0,,,,,,98023,53,68,200,6,1,0,0,1,0,,97,,,,,,4,02/15/2018,02/15/2018,8,0,0,0,8,9,8,,,0,,,8,8,0,0,,,0,,,0,0,996,,,,,,,,,,,,,,,,,,,,,,,,,,,,,,0,0,0,0,0,0,0,0,0,0,0,0,1,0,0,0,0,0,0,1,0,0,0,0,0,0,0,0,0,1,0,0,0,0,0,,0,0,0,0,0,0,0,0,0,1,0,0,0,0,0,0,,,,,,46-50,46-55,Interstate,R,Monday,Belt Used,PV,Not Fatal,0,1,0,0,State Route,State Patrol,Washington State Patrol,1,1,0,0,0,,,,,,0,0,0,,,,,,,,,,,98,98,98,0,,,,,20,7,,,,,,,,1,0,,,,,,
2020,40,EA13297,127,02/11/2020,1:41,11,2,,33,King,735,1,,2,1,2,1,1,1,1,,,,8,1,0,15.3,1,0,1,4,2,1,3,0,0,0,0,SR-509,,-122.3483056,47.32986389,0,1,13,80,5,98,99,0,0,1,5,8,1,2,2,1,1,99,9,99,0,99,999,9999,0,,8,,,,,,1,1,999,8,0,,0,0,99,7,11,0,,,,,99,9,9,9,1,0,,,,92,,,,,,98,,,,,,99999,99,,999,9,9,99,99,99,99,,0,,,,,,0,,,99,9,0,0,8,9,8,,,0,,,8,8,0,0,,,0,,,0,0,996,,,,,,,,,,,,,,,,,,,,,,,,,,,,,,0,0,0,0,0,0,0,0,0,1,0,1,0,0,0,0,1,1,0,0,0,0,0,0,0,0,0,0,0,0,0,1,0,0,0,,0,0,0,0,0,0,0,0,1,0,0,0,0,0,0,0,,,,,,,,State route,U,Tuesday,,NR-U,Not Fatal,0,0,0,0,State Route,Municipal/City Police,Federal Way Dept of Public Safety,0,1,0,0,0,,,,,,99,99,99,,,,,,,,,,,98,98,98,0,,,,,20,7,,,,,,,,1,0,,,,,,
2020,41,EA13834,7,02/01/2020,4:30,1,2,,33,King,0,2,,3,2,1,1,1,1,1,4:35,4:47,5:54,8,0,0,7.8,1,0,1,3,1,1,3,0,3,0,0,SR-164,,-122.1068639,47.23532778,0,1,13,80,5,50,4,0,0,1,2,8,1,2,3,1,1,1,1,53,0,55,33,2011,0,,8,,,,,,1,1,30,1,0,,0,0,3,0,11,0,,,,,0,0,0,3,1,0,,,,96,,,,,,0,,,,,,98022,53,66,115,6,1,0,1,0,0,,0,,,,,,0,06/15/2016,06/15/2016,20,0,0,0,8,9,8,,,0,,,8,8,0,0,,,0,,,0,0,996,,,,,,,,,,,,,,,,,,,,,,,,,,,,,,0,0,0,0,0,0,0,0,0,1,1,1,0,0,0,0,0,0,0,0,0,0,0,0,0,0,0,0,0,1,0,1,0,0,0,,0,0,0,0,0,0,0,0,0,0,0,0,0,0,0,0,,,,,,26-30,26-35,State route,R,Saturday,Belt Used,PV,Not Fatal,0,0,0,0,State Route,State Patrol,Washington State Patrol,0,1,0,0,0,,,,,,0,0,0,,,,,,,,,,,98,98,98,0,,,,,20,7,,,,,,,,1,0,,,,,,
2020,28,EA13867,14,01/21/2020,13:48,21,1,,11,Clark,0,2,,1,2,2,1,0,3,2,13:49,13:52,14:27,12,0,2,5.4,1,0,1,3,2,2,4,0,0,0,0,CR-NE 78TH ST,,-122.6373361,45.67874444,0,2,51,62,4,45,61,0,8,1,2,12,1,1,5,5,1,2,3,53,6,12,870,2019,0,,12,,,,,,1,1,25,1,0,,1,0,3,0,11,5,,,,,0,0,3,3,1,94,,,,96,,,,,,0,,,,,,98662,53,73,260,6,1,0,0,0,0,,0,,,,,,0,,,1,0,0,0,8,9,8,,,0,,,8,8,0,0,,,0,,,0,0,996,,,,,,,,,,,,,,,,,,,,,,,,,,,,,,0,0,0,0,0,0,1,1,1,0,0,0,1,0,0,0,0,0,0,0,0,0,0,1,1,0,0,0,0,1,1,0,0,0,0,,0,0,0,0,0,0,0,0,0,0,0,0,0,0,0,0,,,,,,21-25,16-25,County road,U,Tuesday,,MHTRUCK,Not Fatal,0,1,1,0,County Road,County Sheriff,Clark County Sheriff's Office,0,0,1,0,0,,,,,,0,0,0,,,,,,,,,,,98,98,98,0,,,,,20,7,,,,,,,,1,0,,,NE 78TH ST,5.36,,
2020,28,EA13867,14,01/21/2020,13:48,21,1,,11,Clark,0,2,,1,2,2,1,0,3,2,13:49,13:52,14:27,12,0,2,5.4,1,0,1,3,2,2,4,0,0,0,0,CR-NE 78TH ST,,-122.6373361,45.67874444,0,1,50,10,2,45,4,0,0,1,2,12,1,1,5,5,15,1,1,53,0,24,7,2007,0,,68,12,,,,,1,1,41,1,7,,4,0,3,0,11,4,01/21/2020,14:32,2.37E+11,3719,0,0,3,3,1,8,28,58,,96,,,,,,98,,,,,,98682,53,71,200,6,1,2,8,1,1,,0,,,,,,4,05/15/2015,05/15/2019,8,0,0,0,0,9,8,,,0,,,8,8,2,401,417,695,98,98,98,2,8,0,,,,,,,,,,,,,,,,,,,,,,,,,,,,,,0,0,0,0,0,0,1,1,1,0,0,0,1,0,0,0,0,0,0,0,0,0,0,1,1,0,0,0,0,1,1,0,0,0,0,,1,0,0,0,0,0,1,1,0,1,0,0,0,0,1,0,,,,,,41-45,36-45,County road,U,Tuesday,Belt Used,PV,White,0,1,1,0,County Road,County Sheriff,Clark County Sheriff's Office,0,0,1,0,0,thc,6.5,carboxy-thc,29,,0,0,4,98,,,,,605,,,,,98,98,98,1,,,,,20,7,,,,,,,nms,1,0,,,NE 78TH ST,5.36,,
2020,29,EA13868,14,01/31/2020,16:57,31,1,,11,Clark,0,10,,1,1,2,1,0,2,2,16:58,17:05,17:40,12,0,2,4.8,1,0,1,4,1,2,4,0,0,0,0,CR-NE 72ND AVE,,-122.599425,45.72986111,0,2,51,62,4,50,21,0,0,1,2,12,1,2,2,1,1,1,1,53,0,12,461,2006,0,,12,,,,,,1,1,26,1,0,,3,0,3,0,11,5,,,,,0,0,0,3,1,0,,,,96,,,,,,0,,,,,,98604,53,77,205,6,1,0,0,1,0,,0,,,,,,0,06/15/2016,06/15/2016,8,0,0,0,8,9,8,,,0,,,8,8,0,0,,,0,,,0,0,996,,,,,,,,,,,,,,,,,,,,,,,,,,,,,,0,0,0,0,0,0,0,0,0,0,0,0,0,0,0,0,0,0,1,0,1,0,1,0,1,0,0,0,0,1,0,0,0,0,0,,0,0,0,0,0,0,0,0,0,0,0,0,0,0,0,0,,,,,,26-30,26-35,County road,R,Friday,Belt Used,PV,Not Fatal,0,1,1,0,County Road,County Sheriff,Clark County Sheriff's Office,0,0,1,0,0,,,,,,0,0,0,,,,,,,,,,,98,98,98,0,,,,,20,7,,,,,,,,1,0,,,NE 72ND AVE,4.84,,
2020,29,EA13868,14,01/31/2020,16:57,31,1,,11,Clark,0,10,,1,1,2,1,0,2,2,16:58,17:05,17:40,12,0,2,4.8,1,0,1,4,1,2,4,0,0,0,0,CR-NE 72ND AVE,,-122.599425,45.72986111,0,1,50,10,2,50,4,0,0,1,2,12,1,2,2,1,1,1,2,53,0,42,48,2002,0,,68,12,,,,,1,1,17,1,7,,4,7,3,0,11,0,01/31/2020,17:25,53005030,5030,0,0,3,3,1,28,38,,,96,,,,,,98,,,,,,98662,53,74,240,6,2,0,0,0,0,,0,,,,,,0,,,8,0,0,1,0,9,8,,,0,,,8,8,2,1,,,1,,,2,1,0,,,,,,,,,,,,,,,,,,,,,,,,,,,,,,0,0,0,0,0,0,0,0,0,0,0,0,0,0,0,0,0,0,1,0,1,0,1,0,1,0,0,0,0,1,0,0,0,0,0,,1,0,0,0,0,0,0,0,0,0,1,0,0,0,0,0,,,,,,16-17,16-25,County road,R,Friday,Belt Used,PV,White,0,1,1,0,County Road,County Sheriff,Clark County Sheriff's Office,0,0,1,0,0,,,,,,0,0,0,,,,,,,,,,,98,98,98,1,,,,,20,7,,,,,,,,1,0,,,NE 72ND AVE,4.84,,
2020,42,EA13869,14,02/02/2020,19:35,2,2,,15,Cowlitz,0,1,,2,1,2,1,1,2,1,,,,8,0,0,0.8,1,0,1,3,1,2,4,0,0,0,0,CR-LAKESHORE DR,,-122.7361611,45.89408611,0,1,13,80,5,35,4,0,0,1,2,8,1,1,2,1,1,2,1,53,0,30,40,2014,0,,8,,,,,,1,1,19,1,0,,0,0,3,0,11,0,,,,,0,0,0,3,1,0,,,,96,,,,,,0,,,,,,98632,53,74,150,6,1,0,0,0,0,,0,,,,,,0,,,20,0,0,0,8,9,8,,,0,,,8,8,0,0,,,0,,,0,0,996,,,,,,,,,,,,,,,,,,,,,,,,,,,,,,0,0,0,0,0,0,0,0,0,1,0,1,0,0,0,0,0,0,0,0,0,1,1,0,1,0,0,0,0,1,0,1,0,0,0,,0,0,0,0,0,0,0,0,0,0,0,0,0,0,0,0,,,,,,18-20,16-25,County road,R,Sunday,Belt Used,PV,Not Fatal,0,0,0,0,County Road,County Sheriff,Clark County Sheriff's Office,0,0,1,0,0,,,,,,0,0,0,,,,,,,,,,,98,98,98,0,,,,,20,7,,,,,,,,1,0,,,NW LAKESHORE DR,0.76,,
2020,43,EA13932,122,02/09/2020,6:13,9,2,,61,Snohomish,690,5,,1,2,2,1,0,2,2,,,,12,1,6,0,2,0,2,3,2,4,6,0,0,3,3,EVERGREEN WAY,Madison St,-122.2190167,47.93620278,0,1,88,17,2,35,15,0,0,1,2,12,1,1,7,5,1,1,2,53,0,20,421,2004,0,,12,,,,,,1,1,29,1,0,,1,0,99,7,11,0,,,,,0,0,0,2,1,91,,,,96,,,,,,9,,,,,,98204,53,69,160,3,1,0,0,0,0,,1,7,,,,,0,,,1,9,0,0,8,9,8,,,0,,,8,1,2,1,,,1,,,2,1,0.099,,,,,,,,,,,,,,,,,,,,,,,,,,,,,,0,0,0,1,1,1,0,1,0,0,0,0,0,1,0,0,0,0,0,0,0,0,0,0,0,0,0,0,0,1,0,0,0,0,0,,0,0,0,0,0,1,0,1,0,0,0,1,0,1,0,1,,,,,,26-30,26-35,City street,U,Sunday,Unknown,PV,Not Fatal,1,0,0,0,City Street,Municipal/City Police,Everett Police Department,0,0,0,1,0,,,,,,0,0,0,,,,,,,,,,,98,98,98,0,,,,,20,7,,,,,,,,1,0,,,,,,
2020,43,EA13932,122,02/09/2020,6:13,9,2,,61,Snohomish,690,5,,1,2,2,1,0,2,2,,,,12,0,6,0,2,0,2,3,2,4,6,0,0,3,3,EVERGREEN WAY,Madison St,-122.2190167,47.93620278,0,2,89,66,4,30,34,0,0,1,2,12,1,1,6,5,1,1,1,53,0,20,471,1989,0,,12,,,,,,1,1,56,1,1,,4,7,3,0,11,0,02/09/2020,6:13,69053006417,6417,0,0,3,3,1,0,,,,96,,,,,,0,,,,,,98204,53,68,207,6,1,0,0,0,0,,0,,,,,,0,,,20,0,0,0,0,9,8,,,0,,,8,8,2,1,,,1,,,2,1,0,,,,,,,,,,,,,,,,,,,,,,,,,,,,,,0,0,0,1,1,1,0,1,0,0,0,0,0,1,0,0,0,0,0,0,0,0,0,0,0,0,0,0,0,1,0,0,0,0,0,,1,0,0,0,0,0,0,0,0,0,0,0,0,0,0,0,,,,,,56-60,56-65,City street,U,Sunday,Belt Used,PV,Hispanic,1,0,0,0,City Street,Municipal/City Police,Everett Police Department,0,0,0,1,0,,,,,,0,0,0,,,,,,,,,,,0,0,0,98,,,,,20,7,,,,,,,,1,0,,,,,,
2019,496,EA14388,5,12/19/2019,10:01,19,12,,15,Cowlitz,0,2,0,1,2,2,1,0,3,1,,,,5,0,0,23.1,1,0,1,1,1,1,1,0,0,0,0,I-5,,-122.7593778,45.93228611,0,1,0,98,7,70,67,0,0,1,5,5,3,1,3,3,15,3,1,53,0,12,880,2017,0,0,5,,,,,,1,1,76,1,0,,0,0,3,0,11,0,,,,,6,0,0,3,1,0,0,0,0,0,,,,,,0,,,,,,98022,53,71,200,6,1,0,0,0,0,,0,,,,,,0,,,20,0,0,0,8,9,8,,,0,0,0,8,8,8,95,,,96,,,8,95,995,,,,,,,,,,,,,,,,,,,,,,,,,,,,,,0,0,0,0,0,0,0,0,0,0,0,0,0,0,0,0,0,0,0,0,0,0,0,0,0,1,1,1,0,0,1,0,0,0,0,,0,0,0,0,0,0,0,0,0,0,0,0,0,0,0,0,,,,,,76-80,76+,Interstate,R,Thursday,,MHTRUCK,Not Fatal,0,0,0,0,State Route,State Patrol,Washington State Patrol,0,1,0,0,0,,,,,,0,0,0,,,,,,,,,,,98,98,98,0,,,,,20,7,,,,,,,,,,,,,,,
2020,44,EA14683,55,02/10/2020,19:20,10,2,,33,King,100,10,,3,1,2,1,0,4,3,19:28,19:35,20:18,12,0,1,0,3,0,4,3,2,4,6,0,0,3,3,15TH ST NW,WA-167,-122.2436222,47.32238056,0,1,20,50,3,35,6,0,0,1,2,12,1,1,2,2,1,1,1,53,0,35,51,2017,0,,12,,,,,,1,1,39,1,7,,4,0,20,7,11,5,02/10/2020,21:55,1.96E+11,7066,0,0,0,3,1,39,,,,96,,,,,,98,,,,,,98001,53,71,175,6,1,0,0,0,0,,0,,,,,,0,,,1,0,0,0,0,9,8,,,0,,,8,8,2,1,,,1,,,2,1,0.22,,,,,,,,,,,,,,,,,,,,,,,,,,,,,,0,0,0,1,1,1,0,1,0,0,0,0,0,0,0,0,0,0,0,1,0,1,1,0,1,0,0,0,0,1,0,0,0,1,0,,1,0,0,0,0,1,0,1,0,0,0,0,0,1,0,1,,,,,,36-40,36-45,City street,U,Monday,Not Used,PV,Multiracial,1,0,0,0,City Street,Municipal/City Police,Auburn Police Department,0,0,0,1,0,,,,,,0,0,0,,,,,,,,,,,98,98,98,201,203,,,,20,7,,,,,,,,1,0,,,,,,
2020,44,EA14683,55,02/10/2020,19:20,10,2,,33,King,100,10,,3,1,2,1,0,4,3,19:28,19:35,20:18,12,0,1,0,3,0,4,3,2,4,6,0,0,3,3,15TH ST NW,WA-167,-122.2436222,47.32238056,0,3,98,53,3,35,2,0,0,1,2,12,1,1,2,2,5,2,2,53,0,35,47,2011,0,,12,,,,,,1,1,18,1,0,,0,0,3,0,11,0,,,,,0,0,3,3,1,0,,,,96,,,,,,0,,,,,,98001,53,66,135,6,2,0,0,1,0,,0,,,,,,0,10/15/2019,10/15/2019,20,0,0,0,8,9,8,,,0,,,8,8,0,0,,,0,,,0,0,996,,,,,,,,,,,,,,,,,,,,,,,,,,,,,,0,0,0,1,1,1,0,1,0,0,0,0,0,0,0,0,0,0,0,1,0,1,1,0,1,0,0,0,0,1,0,0,0,0,0,,0,0,0,0,0,0,0,0,0,0,0,0,0,0,0,0,,,,,,18-20,16-25,City street,U,Monday,Belt Used,PV,Not Fatal,1,0,0,0,City Street,Municipal/City Police,Auburn Police Department,0,0,0,1,0,,,,,,0,0,0,,,,,,,,,,,98,98,98,0,,,,,20,7,,,,,,,,1,0,,,,,,
2020,44,EA14683,55,02/10/2020,19:20,10,2,,33,King,100,10,,3,1,2,1,0,4,3,19:28,19:35,20:18,12,0,1,0,3,0,4,3,2,4,6,0,0,3,3,15TH ST NW,WA-167,-122.2436222,47.32238056,0,2,21,53,3,35,14,0,0,1,2,12,1,1,2,2,5,1,1,53,0,2,403,2012,0,,12,12,,,,,1,1,62,1,0,,1,0,3,0,11,5,,,,,0,0,3,3,1,0,,,,96,,,,,,0,,,,,,98503,53,70,165,6,1,0,0,0,0,,0,,,,,,0,,,20,0,0,0,8,9,8,,,0,,,8,8,0,0,,,0,,,0,0,996,,,,,,,,,,,,,,,,,,,,,,,,,,,,,,0,0,0,1,1,1,0,1,0,0,0,0,0,0,0,0,0,0,0,1,0,1,1,0,1,0,0,0,0,1,0,0,0,0,0,,0,0,0,0,0,0,0,0,0,0,0,0,0,0,0,0,,,,,,61-65,56-65,City street,U,Monday,Belt Used,PV,Not Fatal,1,0,0,0,City Street,Municipal/City Police,Auburn Police Department,0,0,0,1,0,,,,,,0,0,0,,,,,,,,,,,98,98,98,0,,,,,20,7,,,,,,,,1,0,,,,,,
2020,45,EA15060,3,02/12/2020,23:57,12,2,,67,Thurston,0,5,,2,1,2,2,0,5,3,,,,12,0,2,89.4,1,0,1,1,2,1,1,0,0,0,0,I-5,,-122.9991833,46.81609444,0,3,98,90,6,70,5,0,0,1,2,54,1,1,3,3,1,2,2,53,0,41,51,2005,0,,54,,,,,,1,1,32,1,0,,0,0,3,0,11,0,,,,,0,0,0,3,1,0,,,,96,,,,,,0,,,,,,92106,6,65,180,6,1,0,0,0,0,,0,,,,,,0,,,20,0,0,0,8,9,8,,,0,,,8,8,0,0,,,0,,,0,0,996,,,,,,,,,,,,,,,,,,,,,,,,,,,,,,0,0,0,0,1,1,0,1,0,0,0,0,1,0,0,0,0,0,0,1,0,0,0,0,0,0,0,0,0,1,1,0,0,0,0,,0,0,0,0,0,0,0,0,0,0,0,0,0,0,0,0,,,,,,31-35,26-35,Interstate,U,Wednesday,Belt Used,PV,Not Fatal,0,0,0,1,State Route,State Patrol,Washington State Patrol,0,1,0,0,0,,,,,,0,0,0,,,,,,,,,,,98,98,98,0,,,,,20,7,,,,,,,,1,14,,,,,,