year,case,par,repjur,crash_dt,crash_tm,accday,accmon,holiday,county,co_char,city,weather,weather2,lightcond,surfcond,surftype,numfatal,nmforms,pforms,vforms,not_tm,arr_tm,hosp_tm,fhevent,hitrun,manncol,milepnt,reljunc,reljuncinter,intersectiontype,funcsystem,landuse,ownership,route,schlbus,spejur,contdev,devfunc,trafid1,trafid2,x,y,wk_zone,vnumber,crashtype,criticalevent,criticaleventcat,spdlim,body,trailer,emerg,hazcargo,leave,mhevent,roadalgn,roadprof,traflane,trafflow,vehmanvr,numoccs,regowner,regstate,spuse,make,model,modelyr,vrf1,vrf2,seqevent1,seqevent2,seqevent3,seqevent4,seqevent5,seqevent6,pnumber,ptype,age,sex,hispanic,race,injury,diedscene,restraint,restraintmisuse,seatpos,takehosp,death_dt,death_tm,cert,cernum_wa,commlic,licendor,licrestrict,liccomp,drivpres,drf1,drf2,drf3,drf4,distract1,distract2,distract3,distract4,distract5,distract6,dricond1,dricond2,dricond3,dricond4,dricond5,dricond6,dzip,licstate,drhgt_in,weight,noncdl,noncdltype,prevdwi,prevoth,prevacc,prevspd,prevsus,driviol1,driviol2,driviol3,driviol4,driviol5,driviol6,spdrel,first_dt,last_dt,airbag,ejection,ejectpath,extricat,injurwrk,methalc,methdrug,nmlocat,strikveh,prf1,prf2,prf3,druginv,alcinvol,drugsts,drugres1,drugres2,drugres3,drugtst1,drugtst2,drugtst3,alcsts,alctst,alcres,nmact1,nmact2,nmact3,nmact4,nmact5,nmact6,nmprior1,nmprior2,nmprior3,nmprior4,nmprior5,nmprior6,nmcond1,nmcond2,nmcond3,nmcond4,nmcond5,nmcond6,nmsafe_helmet,nmsafe_pads,nmsafe_oth,nmprev_ref,nmprev_lgt,nmprev_oth,crashlocation,nmcrashtype,crosswalk,schoolzone,sidewalk,train_inv,wildlife_inv,rotr_fars,intersect_fars,dd_inv,aid_inv,dpd_inv,id_inv,mj_inv,impnm_inv,ainm_inv,dpnm_inv,speed_inv,unlic_inv,unendmc_inv,drowsy_inv,drdist_inv,nmdist_inv,fty_inv,unrestfat_inv,dr1617_inv,dr1820_inv,dr1620_inv,dr2125_inv,dr1625_inv,dr65_inv,dr70_inv,dr75_inv,mc_inv,pv_inv,ht_inv,ped_inv,bike_inv,unrest_fat,mc_fat,unhelmet_mc,pv_fat,ht_fat,ped_fat,bike_fat,dr_alc7,dr_alc8,dr_drug,dr_imp,dr_dist,dr_spd,dr_fty,dr_unlic,dr_alc7only,dr_alc8only,dr_drugonly,dr_drink,nm_imp,nm_alc7,nm_alc8,nm_drug,nm_dist,agegrp1,agegrp2,roadclass,urbrur,dayweek,restuse,vehtype,race_me,intersect,lanedep,oppdir,wrongway,rep_typ,investag,repag_long,rotr,st_rd,cty_rd,city_rd,oth_rd,drug_thc,thc_res,drug_cthc,cthc_res,drug_cann,prevpersemin,prevperse,prevsusoth,drugtst4,drugtst5,drugtst6,drugtst7,drugtst8,drugres4,drugres5,drugres6,drugres7,drugres8,adspresent,adsengaged,adslevel,race1,race2,race3,race4,race5,helmet,helmetmisuse,nmdistract1,nmdistract2,nmdistract3,nmdistract4,nmdistract5,nmdistract6,lab,isedtcase,crf1,crf2,crf3,CoRoadName,CoMP,IntCoRoadName,IntCoMP
2020,45,EA15060,3,02/12/2020,23:57,12,2,,67,Thurston,0,5,,2,1,2,2,0,5,3,,,,12,0,2,89.4,1,0,1,1,2,1,1,0,0,0,0,I-5,,-122.9991833,46.81609444,0,2,52,54,3,70,66,2,0,1,2,12,1,1,3,3,1,1,3,18,0,51,881,2016,0,,12,64,25,,,,1,1,59,1,0,,0,0,3,0,11,0,,,,,6,1,0,3,1,0,,,,96,,,,,,0,,,,,,97206,41,69,190,6,1,0,0,0,1,,0,,,,,,0,10/15/2015,10/15/2015,1,0,0,0,8,9,8,,,0,,,8,8,0,0,,,0,,,0,0,996,,,,,,,,,,,,,,,,,,,,,,,,,,,,,,0,0,0,0,1,1,0,1,0,0,0,0,1,0,0,0,0,0,0,1,0,0,0,0,0,0,0,0,0,1,1,0,0,0,0,,0,0,0,0,0,0,0,0,0,0,0,0,0,0,0,0,,,,,,56-60,56-65,Interstate,U,Wednesday,,MHTRUCK,Not Fatal,0,0,0,1,State Route,State Patrol,Washington State Patrol,0,1,0,0,0,,,,,,0,0,0,,,,,,,,,,,98,98,98,0,,,,,20,7,,,,,,,,1,14,,,,,,
2020,45,EA15060,3,02/12/2020,23:57,12,2,,67,Thurston,0,5,,2,1,2,2,0,5,3,,,,12,0,2,89.4,1,0,1,1,2,1,1,0,0,0,0,I-5,,-122.9991833,46.81609444,0,1,52,54,3,70,4,0,0,1,2,12,1,1,3,3,1,2,1,53,0,55,33,2013,0,,12,60,54,,,,1,1,43,2,7,,4,7,3,0,11,0,02/12/2020,23:57,53007171,7171,0,0,3,3,1,51,,,,96,,,,,,98,,,,,,98512,53,60,125,6,1,0,1,1,0,,0,,,,,,4,11/15/2016,09/15/2016,8,0,0,0,0,9,8,,,0,,,8,8,2,1,,,1,,,2,1,0.255,,,,,,,,,,,,,,,,,,,,,,,,,,,,,,0,0,0,0,1,1,0,1,0,0,0,0,1,0,0,0,0,0,0,1,0,0,0,0,0,0,0,0,0,1,1,0,0,0,0,,1,0,0,0,0,1,0,1,0,1,0,0,0,1,0,1,,,,,,41-45,36-45,Interstate,U,Wednesday,Belt Used,PV,API,0,0,0,1,State Route,State Patrol,Washington State Patrol,0,1,0,0,0,,,,,,0,0,0,,,,,,,,,,,98,98,98,68,,,,,20,7,,,,,,,,1,14,,,,,,
2020,46,EA15163,27,02/02/2020,15:10,2,2,,37,Kittitas,0,1,,1,1,2,1,0,2,2,15:16,15:22,15:51,12,0,6,3.1,2,0,2,5,1,2,4,0,0,0,0,CR-COVE RD,HANSON RD,-120.6453472,46.98532222,0,2,88,66,4,50,66,0,0,1,2,12,1,1,2,1,1,1,3,53,0,86,890,1985,0,,12,,,,,,1,1,51,1,0,,0,0,20,7,11,0,,,,,6,1,0,3,1,0,,,,96,,,,,,0,,,,,,98837,53,68,250,6,1,0,0,0,0,,0,,,,,,0,,,20,0,0,0,8,9,8,,,0,,,8,8,2,1,,,1,,,2,1,0,,,,,,,,,,,,,,,,,,,,,,,,,,,,,,0,0,0,1,0,0,0,0,0,0,0,0,1,0,0,0,0,0,1,0,0,0,0,0,0,0,0,0,0,1,1,0,0,0,0,,0,0,0,0,0,0,0,0,0,0,0,0,0,0,0,0,,,,,,51-55,46-55,County road,R,Sunday,,MHTRUCK,Not Fatal,1,0,0,0,County Road,County Sheriff,Kittitas County Sheriff's Office,0,0,1,0,0,,,,,,0,0,0,,,,,,,,,,,0,0,0,0,,,,,20,7,,,,,,,,1,0,,,COVE RD,3.14,HANSON RD,3.08
2020,46,EA15163,27,02/02/2020,15:10,2,2,,37,Kittitas,0,1,,1,1,2,1,0,2,2,15:16,15:22,15:51,12,0,6,3.1,2,0,2,5,1,2,4,0,0,20,3,CR-COVE RD,HANSON RD,-120.6453472,46.98532222,0,1,89,17,2,35,34,0,0,1,2,12,1,1,2,1,1,1,1,53,0,35,472,2002,0,,12,,,,,,1,1,29,1,7,,4,8,3,0,11,1,02/02/2020,18:12,62053005678,5678,0,0,3,3,1,38,39,,,96,,,,,,98,,,,,,98926,53,71,220,6,1,0,0,0,0,,0,,,,,,3,,,1,0,0,1,0,9,8,,,0,,,8,8,8,95,,,96,,,8,95,995,,,,,,,,,,,,,,,,,,,,,,,,,,,,,,0,0,0,1,0,0,0,0,0,0,0,0,1,0,0,0,0,0,1,0,0,0,0,0,0,0,0,0,0,1,1,0,0,0,0,,1,0,0,0,0,0,0,0,0,1,1,0,0,0,0,0,,,,,,26-30,26-35,County road,R,Sunday,Belt Used,PV,Multiracial,1,0,0,0,County Road,County Sheriff,Kittitas County Sheriff's Office,0,0,1,0,0,,,,,,0,0,0,,,,,,,,,,,98,98,98,278,201,207,,,20,7,,,,,,,,1,0,,,COVE RD,3.14,HANSON RD,3.08
2020,30,EA16128,330,01/31/2020,10:48,31,1,,77,Yakima,2590,1,,1,1,2,1,0,1,1,10:51,10:55,,59,0,0,0,1,0,1,5,2,4,6,0,0,0,0,S 18TH ST,,-120.4793333,46.59223889,0,1,1,13,2,30,4,0,0,1,2,1,3,1,3,5,14,1,1,53,0,39,37,2009,0,,63,59,26,1,,,1,1,38,1,1,,4,7,3,0,11,0,01/31/2020,10:48,2.59E+11,5389,0,0,3,3,1,0,,,,96,,,,,,98,,,,,,98901,53,69,175,6,1,0,0,0,0,,0,,,,,,3,,,8,2,9,0,0,9,8,,,0,,,8,8,2,695,,,1,,,2,1,0.226,,,,,,,,,,,,,,,,,,,,,,,,,,,,,,0,0,1,0,1,1,1,1,1,0,0,0,1,0,0,0,0,0,0,0,0,0,0,0,0,0,0,0,0,1,0,0,0,0,0,,1,0,0,0,0,1,1,1,0,1,0,0,0,0,0,1,,,,,,36-40,36-45,City street,U,Friday,Belt Used,PV,Hispanic,0,1,0,0,City Street,Municipal/City Police,Yakima Police Department,1,0,0,1,0,,,carboxy-thc,6.4,,0,0,0,,,,,,,,,,,98,98,98,98,,,,,20,7,,,,,,,nms,1,0,,,,,,
2020,526,EA16333,127,02/03/2020,9:26,3,2,,33,King,735,1,,1,2,2,1,0,4,4,9:40,9:44,10:02,12,0,11,2.8,1,0,1,3,2,1,3,0,0,0,0,SR-99,,-122.3332,47.26825,0,2,32,53,3,50,66,0,0,1,2,12,1,2,4,1,5,1,3,53,0,51,881,2012,0,,12,,,,,,1,1,59,1,0,,0,0,2,0,11,0,,,,,6,0,0,3,1,0,,,,96,,,,,,0,,,,,,98030,53,72,200,6,1,0,0,0,0,,0,,,,,,0,,,20,0,0,0,8,9,8,,,0,,,8,8,8,95,,,96,,,8,95,995,,,,,,,,,,,,,,,,,,,,,,,,,,,,,,0,0,0,0,0,0,1,1,0,0,0,0,0,0,0,0,0,0,0,0,0,0,0,0,0,0,0,0,0,1,1,0,0,0,0,,0,0,0,0,0,0,0,0,0,0,0,0,0,0,0,0,,,,,,56-60,56-65,State route,U,Monday,,MHTRUCK,Not Fatal,0,0,0,0,State Route,Municipal/City Police,Federal Way Dept of Public Safety,0,1,0,0,0,,,,,,0,0,0,,,,,,,,,,,98,98,98,0,,,,,20,7,,,,,,,,0,0,,,,,,
2020,526,EA16333,127,02/03/2020,9:26,3,2,,33,King,735,1,,1,2,2,1,0,4,4,9:40,9:44,10:02,12,0,11,2.8,1,0,1,3,2,1,3,0,0,0,0,SR-99,,-122.3332,47.26825,0,4,98,62,4,50,4,0,0,1,5,12,1,2,4,1,1,1,1,53,0,22,18,2004,0,,12,63,34,,,,1,1,26,2,0,,2,0,3,0,11,5,,,,,0,0,3,3,1,0,,,,96,,,,,,0,,,,,,98047,53,64,330,6,1,0,1,1,0,,0,,,,,,0,07/15/2016,08/15/2018,8,0,0,0,8,9,8,,,0,,,8,8,8,95,,,96,,,8,95,995,,,,,,,,,,,,,,,,,,,,,,,,,,,,,,0,0,0,0,0,0,1,1,0,0,0,0,0,0,0,0,0,0,0,0,0,0,0,0,0,0,0,0,0,1,1,0,0,0,0,,0,0,0,0,0,0,0,0,0,0,0,0,0,0,0,0,,,,,,26-30,26-35,State route,U,Monday,Belt Used,PV,Not Fatal,0,0,0,0,State Route,Municipal/City Police,Federal Way Dept of Public Safety,0,1,0,0,0,,,,,,0,0,0,,,,,,,,,,,98,98,98,0,,,,,20,7,,,,,,,,0,0,,,,,,
2020,526,EA16333,127,02/03/2020,9:26,3,2,,33,King,735,1,,1,2,2,1,0,4,4,9:40,9:44,10:02,12,0,11,2.8,1,0,1,3,2,1,3,0,0,0,0,SR-99,,-122.3332,47.26825,0,3,98,62,4,50,15,0,0,1,5,12,1,2,4,1,1,1,1,53,0,37,421,2017,0,,12,,,,,,1,1,50,2,7,,4,7,3,0,11,0,02/03/2020,9:26,73553005644,5644,0,0,0,3,1,0,,,,96,,,,,,0,,,,,,98354,53,63,125,6,1,0,0,0,0,,0,,,,,,0,,,8,0,0,1,0,9,8,,,0,,,8,8,2,1,,,1,,,2,1,0,,,,,,,,,,,,,,,,,,,,,,,,,,,,,,0,0,0,0,0,0,1,1,0,0,0,0,0,0,0,0,0,0,0,0,0,0,0,0,0,0,0,0,0,1,1,0,0,0,0,,1,0,0,0,0,0,0,0,0,0,0,0,0,0,0,0,,,,,,46-50,46-55,State route,U,Monday,Belt Used,PV,White,0,0,0,0,State Route,Municipal/City Police,Federal Way Dept of Public Safety,0,1,0,0,0,,,,,,0,0,0,,,,,,,,,,,98,98,98,1,,,,,20,7,,,,,,,,0,0,,,,,,
2020,526,EA16333,127,02/03/2020,9:26,3,2,,33,King,735,1,,1,2,2,1,0,4,4,9:40,9:44,10:02,12,0,11,2.8,1,0,1,3,2,1,3,0,0,0,0,SR-99,,-122.3332,47.26825,0,1,32,8,1,50,66,1,0,1,2,12,1,2,4,1,1,1,3,53,0,87,881,1991,0,,12,68,12,12,,,1,1,51,1,0,,1,0,3,0,11,5,,,,,6,1,0,3,1,28,,,,96,,,,,,98,,,,,,98360,53,69,210,6,1,0,2,5,2,,97,,,,,,0,12/15/2016,03/15/2019,20,0,0,0,8,9,8,,,0,,,8,8,2,402,,,1,,,2,1,0,,,,,,,,,,,,,,,,,,,,,,,,,,,,,,0,0,0,0,0,0,1,1,0,0,0,0,0,0,0,0,0,0,0,0,0,0,0,0,0,0,0,0,0,1,1,0,0,0,0,,0,0,0,0,0,0,1,1,0,0,0,0,0,0,1,0,,,,,,51-55,46-55,State route,U,Monday,,MHTRUCK,Not Fatal,0,0,0,0,State Route,Municipal/City Police,Federal Way Dept of Public Safety,0,1,0,0,0,,,,,,0,0,2,,,,,,,,,,,0,0,0,0,,,,,20,7,,,,,,,,0,0,,,,,,
2020,192,EA16344,146,02/14/2020,19:09,14,2,,77,Yakima,0,1,,2,1,2,1,0,4,2,19:12,19:23,20:09,12,0,2,6.9,1,0,1,5,1,2,4,0,0,0,0,CR-YAKIMA VALLEY HWY,,-120.3498306,46.45044167,0,1,50,10,2,55,4,0,0,1,2,12,2,1,2,1,14,2,1,53,0,22,20,2004,0,,68,12,,,,,1,1,22,1,0,,3,0,3,0,11,5,,,,,0,0,0,3,1,28,91,,,96,,,,,,9,,,,,,98591,53,71,145,6,1,0,0,1,0,,1,,,,,,0,03/15/2018,03/15/2018,8,0,0,0,8,3,2,,,0,,,1,1,2,348,,,1,,,2,1,0.078,,,,,,,,,,,,,,,,,,,,,,,,,,,,,,0,0,0,0,1,0,1,1,1,0,0,0,0,1,0,0,0,0,0,1,0,0,0,1,1,0,0,0,0,1,0,0,0,0,0,,0,0,0,0,1,0,1,1,0,0,0,0,0,0,0,1,,,,,,21-25,16-25,County road,R,Friday,Belt Used,PV,Not Fatal,0,1,1,0,County Road,County Sheriff,Yakima County Sheriff's Office,0,0,1,0,0,,,,,,0,0,0,,,,,,,,,,,98,98,98,0,,,,,20,7,,,,,,,,0,0,,,YAKIMA VALLEY HIGHWAY,6.87,,
2020,192,EA16344,146,02/14/2020,19:09,14,2,,77,Yakima,0,1,,2,1,2,1,0,4,2,19:12,19:23,20:09,12,0,2,6.9,1,0,1,5,1,2,4,0,0,0,0,CR-YAKIMA VALLEY HWY,,-120.3498306,46.45044167,0,2,51,62,4,55,4,0,0,1,2,12,3,1,2,1,14,2,1,53,0,37,32,1999,0,,12,,,,,,1,1,22,1,1,,4,7,20,7,11,0,02/14/2020,19:09,53007275,7275,0,0,0,2,1,0,,,,96,,,,,,0,,,,,,98951,53,66,173,1,1,0,2,0,2,,0,,,,,,0,01/15/2015,11/15/2019,8,0,0,0,0,9,8,,,0,,,8,8,2,695,605,,1,1,,2,1,0,,,,,,,,,,,,,,,,,,,,,,,,,,,,,,0,0,0,0,1,0,1,1,1,0,0,0,0,1,0,0,0,0,0,1,0,0,0,1,1,0,0,0,0,1,0,0,0,1,0,,1,0,0,0,0,0,1,1,0,0,0,1,0,0,1,0,,,,,,21-25,16-25,County road,R,Friday,Not Used,PV,Hispanic,0,1,1,0,County Road,County Sheriff,Yakima County Sheriff's Office,0,0,1,0,0,thc,0.97,carboxy-thc,12,,0,0,4,,,,,,,,,,,0,0,0,3,,,,,20,7,,,,,,,nms,0,0,,,YAKIMA VALLEY HIGHWAY,6.87,,
2020,193,EA16566,297,02/08/2020,11:40,8,2,,33,King,2310,10,,1,2,2,1,0,2,1,11:48,12:01,12:23,1,0,0,0,3,0,2,3,2,4,6,0,0,0,0,E MARGINAL WAY S,S 86TH PL,-122.3031806,47.52676667,0,1,98,8,1,35,80,0,0,1,2,1,1,1,5,1,3,2,1,53,0,72,706,2006,0,,1,,,,,,1,1,62,1,7,,4,0,20,7,11,5,02/19/2020,9:53,1.96E+11,8097,0,0,3,3,1,6,,,,96,,,,,,98,,,,,,98338,53,73,260,6,1,0,1,2,0,,0,,,,,,0,03/15/2017,07/15/2019,20,8,0,0,0,9,8,,,0,,,8,8,2,1,,,1,,,2,1,0,,,,,,,,,,,,,,,,,,,,,,,,,,,,,,0,0,0,1,0,0,0,0,0,0,0,0,0,0,0,0,0,0,0,0,0,0,0,0,0,0,0,0,1,0,0,0,0,0,1,1,0,0,0,0,0,0,0,0,0,0,0,0,0,0,0,0,,,,,,61-65,56-65,City street,U,Saturday,,MC,White,0,0,0,0,City Street,Municipal/City Police,Tukwila Police Department,0,0,0,1,0,,,,,,0,0,0,,,,,,,,,,,0,0,0,1,,,,,16,0,,,,,,,,0,0,,,,,,
2020,47,EA16786,160,02/19/2020,6:57,19,2,,33,King,1030,1,,4,4,2,1,0,2,2,6:58,7:10,,12,0,6,0,1,0,1,3,2,4,6,0,0,0,0,ORILLIA RD S,,-122.2823194,47.41599722,0,1,66,5,1,40,4,0,0,1,2,12,3,2,2,1,14,1,1,53,0,51,47,2006,0,,68,12,,,,,1,1,74,1,7,,4,7,3,0,11,0,02/19/2020,6:57,1.96E+11,8360,0,0,3,3,1,28,87,,,92,,,,,,98,,,,,,98106,53,71,150,6,1,0,0,0,1,,0,,,,,,0,08/15/2017,08/15/2017,2,0,0,0,0,9,8,,,0,,,8,8,2,1,,,1,,,2,1,0,,,,,,,,,,,,,,,,,,,,,,,,,,,,,,0,0,0,0,0,0,0,0,0,0,0,0,0,0,0,0,1,0,0,0,0,0,0,0,0,1,1,0,0,1,1,0,0,0,0,,1,0,0,0,0,0,0,0,1,0,0,0,0,0,0,0,,,,,,71-75,66-75,City street,U,Wednesday,Belt Used,PV,API,0,1,1,0,City Street,Municipal/City Police,Kent Police Department,0,0,0,1,0,,,,,,0,0,0,,,,,,,,,,,98,98,98,18,,,,,20,7,,,,,,,,1,0,,,,,,
2020,47,EA16786,160,02/19/2020,6:57,19,2,,33,King,1030,1,,4,4,2,1,0,2,2,6:58,7:10,,12,0,6,0,1,0,1,3,2,4,6,0,0,0,0,ORILLIA RD S,,-122.2823194,47.41599722,0,2,66,62,4,40,66,1,0,1,2,12,2,2,2,1,14,1,3,53,0,82,881,1995,0,,12,,,,,,1,1,59,1,0,,0,0,3,0,11,0,,,,,6,1,0,3,1,0,,,,96,,,,,,0,,,,,,98168,53,70,240,6,1,0,0,0,0,,0,,,,,,0,,,20,0,0,0,8,9,8,,,0,,,8,8,0,0,,,0,,,0,0,996,,,,,,,,,,,,,,,,,,,,,,,,,,,,,,0,0,0,0,0,0,0,0,0,0,0,0,0,0,0,0,1,0,0,0,0,0,0,0,0,1,1,0,0,1,1,0,0,0,0,,0,0,0,0,0,0,0,0,0,0,0,0,0,0,0,0,,,,,,56-60,56-65,City street,U,Wednesday,,MHTRUCK,Not Fatal,0,1,1,0,City Street,Municipal/City Police,Kent Police Department,0,0,0,1,0,,,,,,0,0,0,,,,,,,,,,,0,0,0,0,,,,,20,7,,,,,,,,1,0,,,,,,
2020,31,EA17742,35,02/17/2020,15:00,17,2,,53,Pierce,0,1,,1,1,2,1,0,3,2,16:01,16:15,16:53,12,0,1,2.5,2,0,2,4,2,2,4,0,0,0,0,CR-Key Peninsula Hwy N,134TH AVE NW,-122.7162778,47.37059444,0,2,21,53,3,45,14,0,0,1,5,12,1,1,2,1,5,2,1,53,0,49,401,2010,0,,12,,,,,,1,1,37,2,0,,1,0,3,0,11,5,,,,,0,0,0,3,1,0,,,,96,,,,,,0,,,,,,98329,53,67,160,6,1,0,0,0,0,,0,,,,,,0,,,20,0,0,0,8,9,8,,,0,,,8,8,8,95,,,96,,,8,95,995,,,,,,,,,,,,,,,,,,,,,,,,,,,,,,0,0,0,1,0,0,0,0,0,0,0,0,0,0,0,0,0,0,0,0,0,0,0,0,0,1,1,1,0,1,0,0,0,0,0,,0,0,0,0,0,0,0,0,0,0,0,0,0,0,0,0,,,,,,36-40,36-45,County road,U,Monday,Belt Used,PV,Not Fatal,1,0,0,0,County Road,County Sheriff,Law Enforcement Support Agency,0,0,1,0,0,,,,,,0,0,0,,,,,,,,,,,98,98,98,0,,,,,20,7,,,,,,,,1,0,,,KEY PENINSULA HWY NW,2.51,134 AVE NW,0.17
2020,31,EA17742,35,02/17/2020,15:00,17,2,,53,Pierce,0,1,,1,1,2,1,0,3,2,16:01,16:15,16:53,12,0,1,2.5,2,0,2,4,2,2,4,0,0,0,0,CR-Key Peninsula Hwy N,134TH AVE NW,-122.7162778,47.37059444,0,1,20,50,3,45,5,0,0,1,5,12,1,1,2,1,1,1,1,53,0,63,32,2018,0,,12,,,,,,1,1,93,2,7,,4,7,3,0,11,0,02/17/2020,15:00,53009184,9184,0,0,3,3,1,0,,,,96,,,,,,98,,,,,,98367,53,62,139,6,1,0,0,0,0,,0,,,,,,0,,,1,0,0,0,0,9,8,,,0,,,8,8,2,1,,,1,,,2,1,0,,,,,,,,,,,,,,,,,,,,,,,,,,,,,,0,0,0,1,0,0,0,0,0,0,0,0,0,0,0,0,0,0,0,0,0,0,0,0,0,1,1,1,0,1,0,0,0,0,0,,1,0,0,0,0,0,0,0,0,0,0,0,0,0,0,0,,,,,,81+,76+,County road,U,Monday,Belt Used,PV,White,1,0,0,0,County Road,County Sheriff,Law Enforcement Support Agency,0,0,1,0,0,,,,,,0,0,0,,,,,,,,,,,98,98,98,1,,,,,20,7,,,,,,,,1,0,,,KEY PENINSULA HWY NW,2.51,134 AVE NW,0.17
2020,48,EA17799,8,02/22/2020,15:55,22,2,,9,Clallam,0,1,,1,1,2,1,0,7,3,16:17,16:35,17:09,12,0,1,268.3,2,0,3,3,1,1,2,0,0,0,0,US-101,LOUELLA RD,-123.0308306,48.03861667,0,3,98,98,7,50,14,0,0,1,2,12,3,1,2,1,14,4,1,53,0,48,401,2010,0,,12,,,,,,1,1,72,1,0,,1,0,3,0,11,5,,,,,0,0,0,3,1,0,,,,96,,,,,,0,,,,,,98271,53,73,195,6,1,0,0,0,0,,0,,,,,,0,,,8,0,0,0,8,3,2,,,0,,,8,0,0,0,,,0,,,2,95,0,,,,,,,,,,,,,,,,,,,,,,,,,,,,,,0,0,0,1,1,0,1,1,1,0,0,0,0,1,0,0,0,0,0,0,0,0,0,0,0,1,1,0,0,1,0,0,0,0,0,,0,0,0,0,0,0,0,0,0,0,0,0,0,0,0,0,,,,,,71-75,66-75,US highway,R,Saturday,Belt Used,PV,Not Fatal,1,0,0,0,State Route,State Patrol,Washington State Patrol,0,1,0,0,0,,,,,,0,0,0,,,,,,,,,,,98,98,98,0,,,,,20,7,,,,,,,,1,0,,,,,,
2020,48,EA17799,8,02/22/2020,15:55,22,2,,9,Clallam,0,1,,1,1,2,1,0,7,3,16:17,16:35,17:09,12,0,1,268.3,2,0,3,3,1,1,2,0,0,0,0,US-101,LOUELLA RD,-123.0308306,48.03861667,0,2,21,53,3,50,6,0,0,1,2,12,2,1,2,1,5,2,2,53,0,48,38,1993,0,,12,12,,,,,1,1,35,1,0,,2,0,3,0,11,5,,,,,0,0,0,0,1,0,,,,96,,,,,,9,,,,,,98363,53,77,215,0,0,1,0,1,2,,97,,,,,,0,04/15/2016,10/15/2018,1,0,0,0,8,3,8,,,0,,,8,1,2,695,,,1,,,2,1,0,,,,,,,,,,,,,,,,,,,,,,,,,,,,,,0,0,0,1,1,0,1,1,1,0,0,0,0,1,0,0,0,0,0,0,0,0,0,0,0,1,1,0,0,1,0,0,0,0,0,,0,0,0,0,0,0,1,1,0,0,0,1,0,0,1,1,,,,,,31-35,26-35,US highway,R,Saturday,Belt Used,PV,Not Fatal,1,0,0,0,State Route,State Patrol,Washington State Patrol,0,1,0,0,0,,,carboxy-thc,15,,0,0,1,,,,,,,,,,,0,0,0,0,,,,,20,7,,,,,,,,1,0,,,,,,
2020,48,EA17799,8,02/22/2020,15:55,22,2,,9,Clallam,0,1,,1,1,2,1,0,7,3,16:17,16:35,17:09,12,0,1,268.3,2,0,3,3,1,1,2,0,0,0,0,US-101,LOUELLA RD,-123.0308306,48.03861667,0,1,20,50,3,50,14,0,0,1,5,12,2,1,2,1,14,1,1,53,0,18,401,2005,0,,12,,,,,,1,1,70,2,0,,2,0,3,0,11,5,,,,,0,0,0,3,1,91,,,,96,,,,,,9,,,,,,98368,53,66,150,6,1,0,0,0,3,,1,,,,,,0,09/15/2015,03/15/2019,8,0,0,0,8,3,2,,,0,,,1,8,2,1,,,1,,,2,1,0,,,,,,,,,,,,,,,,,,,,,,,,,,,,,,0,0,0,1,1,0,1,1,1,0,0,0,0,1,0,0,0,0,0,0,0,0,0,0,0,1,1,0,0,1,0,0,0,0,0,,0,0,0,0,0,0,0,0,0,0,0,0,0,0,0,0,,,,,,66-70,66-75,US highway,R,Saturday,Belt Used,PV,Not Fatal,1,0,0,0,State Route,State Patrol,Washington State Patrol,0,1,0,0,0,,,,,,0,0,0,,,,,,,,,,,98,98,98,0,,,,,20,7,,,,,,,,1,0,,,,,,
2020,49,EA18287,40,02/25/2020,19:47,25,2,,63,Spokane,0,1,,2,1,2,1,0,1,1,19:48,19:55,,1,0,0,2.4,1,0,1,6,1,2,4,0,0,0,0,CR-N RAMBO RD,,-117.6252583,47.67131111,0,1,98,13,2,45,34,0,0,1,5,1,1,1,2,1,1,1,2,53,0,20,481,1998,0,,63,69,68,64,69,1,1,1,46,1,7,,4,7,20,7,11,0,02/25/2020,20:35,53009939,9939,0,0,0,0,1,58,,,,96,,,,,,98,,,,,,99224,53,73,230,0,0,0,0,0,0,,0,,,,,,0,10/15/2017,02/15/2017,20,1,9,0,0,9,8,,,0,,,8,8,2,996,401,417,1,1,1,2,1,0,,,,,,,,,,,,,,,,,,,,,,,,,,,,,,0,0,0,0,0,0,1,1,1,0,0,0,0,1,0,0,0,0,0,1,0,0,0,0,0,0,0,0,0,1,0,0,0,1,0,,1,0,0,0,0,0,1,1,0,0,0,1,0,0,1,0,,,,,,46-50,46-55,County road,R,Tuesday,Not Used,PV,White,0,0,0,0,County Road,County Sheriff,Spokane County Sheriff's Office,0,0,1,0,0,thc,4.9,carboxy-thc,14,,0,0,2,1,1,1,,,155,189,695,605,,0,0,0,1,,,,,20,7,,,,,,,nms,1,0,,,RAMBO RD,2.41,,
2020,235,EA18657,7,02/21/2020,8:57,21,2,,33,King,0,1,,1,4,2,1,0,4,2,8:55,9:10,9:27,12,0,6,59.3,1,0,1,3,1,1,2,0,0,0,0,US-2,,-121.1441861,47.71357778,0,1,66,5,1,50,34,1,0,1,2,12,1,2,3,1,1,2,1,53,0,12,481,2004,0,,68,12,,,,,1,1,75,1,0,,0,0,3,0,11,0,,,,,0,0,0,3,1,87,,,,96,,,,,,98,,,,,,98812,53,72,220,6,1,0,0,0,0,,0,,,,,,0,,,8,0,0,0,8,3,8,,,0,,,8,0,0,0,,,0,,,0,0,996,,,,,,,,,,,,,,,,,,,,,,,,,,,,,,0,0,0,0,0,0,0,0,0,0,0,0,0,0,0,0,0,0,0,0,0,0,0,0,0,1,1,1,0,1,0,0,0,0,0,,0,0,0,0,0,0,0,0,0,0,0,0,0,0,0,0,,,,,,71-75,66-75,US highway,R,Friday,Belt Used,PV,Not Fatal,0,1,1,0,State Route,State Patrol,Washington State Patrol,0,1,0,0,0,,,,,,0,0,0,,,,,,,,,,,98,98,98,0,,,,,20,7,,,,,,,,0,0,,,,,,