year,case,par,repjur,crash_dt,crash_tm,accday,accmon,holiday,county,co_char,city,weather,weather2,lightcond,surfcond,surftype,numfatal,nmforms,pforms,vforms,not_tm,arr_tm,hosp_tm,fhevent,hitrun,manncol,milepnt,reljunc,reljuncinter,intersectiontype,funcsystem,landuse,ownership,route,schlbus,spejur,contdev,devfunc,trafid1,trafid2,x,y,wk_zone,vnumber,crashtype,criticalevent,criticaleventcat,spdlim,body,trailer,emerg,hazcargo,leave,mhevent,roadalgn,roadprof,traflane,trafflow,vehmanvr,numoccs,regowner,regstate,spuse,make,model,modelyr,vrf1,vrf2,seqevent1,seqevent2,seqevent3,seqevent4,seqevent5,seqevent6,pnumber,ptype,age,sex,hispanic,race,injury,diedscene,restraint,restraintmisuse,seatpos,takehosp,death_dt,death_tm,cert,cernum_wa,commlic,licendor,licrestrict,liccomp,drivpres,drf1,drf2,drf3,drf4,distract1,distract2,distract3,distract4,distract5,distract6,dricond1,dricond2,dricond3,dricond4,dricond5,dricond6,dzip,licstate,drhgt_in,weight,noncdl,noncdltype,prevdwi,prevoth,prevacc,prevspd,prevsus,driviol1,driviol2,driviol3,driviol4,driviol5,driviol6,spdrel,first_dt,last_dt,airbag,ejection,ejectpath,extricat,injurwrk,methalc,methdrug,nmlocat,strikveh,prf1,prf2,prf3,druginv,alcinvol,drugsts,drugres1,drugres2,drugres3,drugtst1,drugtst2,drugtst3,alcsts,alctst,alcres,nmact1,nmact2,nmact3,nmact4,nmact5,nmact6,nmprior1,nmprior2,nmprior3,nmprior4,nmprior5,nmprior6,nmcond1,nmcond2,nmcond3,nmcond4,nmcond5,nmcond6,nmsafe_helmet,nmsafe_pads,nmsafe_oth,nmprev_ref,nmprev_lgt,nmprev_oth,crashlocation,nmcrashtype,crosswalk,schoolzone,sidewalk,train_inv,wildlife_inv,rotr_fars,intersect_fars,dd_inv,aid_inv,dpd_inv,id_inv,mj_inv,impnm_inv,ainm_inv,dpnm_inv,speed_inv,unlic_inv,unendmc_inv,drowsy_inv,drdist_inv,nmdist_inv,fty_inv,unrestfat_inv,dr1617_inv,dr1820_inv,dr1620_inv,dr2125_inv,dr1625_inv,dr65_inv,dr70_inv,dr75_inv,mc_inv,pv_inv,ht_inv,ped_inv,bike_inv,unrest_fat,mc_fat,unhelmet_mc,pv_fat,ht_fat,ped_fat,bike_fat,dr_alc7,dr_alc8,dr_drug,dr_imp,dr_dist,dr_spd,dr_fty,dr_unlic,dr_alc7only,dr_alc8only,dr_drugonly,dr_drink,nm_imp,nm_alc7,nm_alc8,nm_drug,nm_dist,agegrp1,agegrp2,roadclass,urbrur,dayweek,restuse,vehtype,race_me,intersect,lanedep,oppdir,wrongway,rep_typ,investag,repag_long,rotr,st_rd,cty_rd,city_rd,oth_rd,drug_thc,thc_res,drug_cthc,cthc_res,drug_cann,prevpersemin,prevperse,prevsusoth,drugtst4,drugtst5,drugtst6,drugtst7,drugtst8,drugres4,drugres5,drugres6,drugres7,drugres8,adspresent,adsengaged,adslevel,race1,race2,race3,race4,race5,helmet,helmetmisuse,nmdistract1,nmdistract2,nmdistract3,nmdistract4,nmdistract5,nmdistract6,lab,isedtcase,crf1,crf2,crf3,CoRoadName,CoMP,IntCoRoadName,IntCoMP
2020,235,EA18657,7,02/21/2020,8:57,21,2,,33,King,0,1,,1,4,2,1,0,4,2,8:55,9:10,9:27,12,0,6,59.3,1,0,1,3,1,1,2,0,0,0,0,US-2,,-121.1441861,47.71357778,0,2,66,62,4,50,34,0,0,1,2,12,1,2,3,1,1,2,1,53,0,49,472,2016,0,,12,,,,,,1,1,49,1,7,,4,0,3,0,11,5,02/21/2020,10:31,81053008128,8128,0,0,0,3,1,0,,,,96,,,,,,0,,,,,,98815,53,75,230,6,1,0,1,0,1,,0,,,,,,0,01/15/2015,03/15/2018,8,0,0,0,0,9,8,,,0,,,8,8,2,1,,,1,,,2,1,0,,,,,,,,,,,,,,,,,,,,,,,,,,,,,,0,0,0,0,0,0,0,0,0,0,0,0,0,0,0,0,0,0,0,0,0,0,0,0,0,1,1,1,0,1,0,0,0,0,0,,1,0,0,0,0,0,0,0,0,0,0,0,0,0,0,0,,,,,,46-50,46-55,US highway,R,Friday,Belt Used,PV,White,0,1,1,0,State Route,State Patrol,Washington State Patrol,0,1,0,0,0,,,,,,0,0,0,,,,,,,,,,,98,98,98,1,,,,,20,7,,,,,,,,0,0,,,,,,
2020,234,EA18725,26,02/26/2020,12:24,26,2,,35,Kitsap,0,1,,1,1,2,1,0,4,2,12:32,12:59,13:47,12,0,6,1.6,8,0,1,5,2,2,4,0,0,0,0,CR-SEABECK HWY NW,,-122.7350389,47.597225,0,2,69,62,4,35,80,0,0,1,5,12,1,1,2,1,1,1,1,53,0,72,706,1996,0,,12,,,,,,1,1,57,1,7,,4,0,20,7,11,1,02/26/2020,14:12,1.96E+11,9717,0,0,0,3,1,0,,,,96,,,,,,0,,,,,,98312,53,74,245,6,1,0,1,0,0,,0,,,,,,0,05/15/2018,05/15/2018,20,8,0,0,0,9,8,,,0,,,8,8,2,155,,,1,,,2,1,0.029,,,,,,,,,,,,,,,,,,,,,,,,,,,,,,0,0,0,0,1,0,1,1,0,0,0,0,0,0,0,0,0,0,0,0,0,0,0,0,0,0,0,0,1,1,0,0,0,0,1,0,0,0,0,0,1,0,1,1,0,0,0,0,0,0,0,1,,,,,,56-60,56-65,County road,U,Wednesday,,MC,White,0,0,0,0,County Road,County Sheriff,Kitsap County Sheriff's Office,0,0,1,0,0,,,,,,0,0,0,,,,,,,,,,,0,0,0,1,,,,,5,0,,,,,,,,0,0,,,SEABECK HIGHWAY NW,1.614,,
2020,234,EA18725,26,02/26/2020,12:24,26,2,,35,Kitsap,0,1,,1,1,2,1,0,4,2,12:32,12:59,13:47,12,0,6,1.6,8,0,1,5,2,2,4,0,0,0,0,CR-SEABECK HWY NW,,-122.7350389,47.597225,0,1,68,15,2,35,4,0,0,1,5,12,1,1,2,1,11,3,2,53,0,37,32,1994,0,,12,,,,,,1,1,29,2,0,,0,0,3,0,11,0,,,,,0,0,0,3,1,10,,,,0,,,,,,98,,,,,,98370,53,62,175,6,1,0,1,0,0,,46,,,,,,0,05/15/2018,05/15/2018,1,0,0,0,8,9,8,,,0,,,8,8,8,95,,,96,,,8,95,995,,,,,,,,,,,,,,,,,,,,,,,,,,,,,,0,0,0,0,1,0,1,1,0,0,0,0,0,0,0,0,0,0,0,0,0,0,0,0,0,0,0,0,1,1,0,0,0,0,0,,0,0,0,0,0,0,0,0,0,0,0,0,0,0,0,0,,,,,,26-30,26-35,County road,U,Wednesday,Belt Used,PV,Not Fatal,0,0,0,0,County Road,County Sheriff,Kitsap County Sheriff's Office,0,0,1,0,0,,,,,,0,0,0,,,,,,,,,,,0,0,0,0,,,,,20,7,,,,,,,,0,0,,,SEABECK HIGHWAY NW,1.614,,
2020,50,EA18986,14,02/18/2020,19:31,18,2,,11,Clark,0,1,,3,1,2,1,0,5,2,19:48,19:51,20:08,12,0,6,5.4,4,0,1,3,2,2,4,0,0,0,0,CR-NE 78TH ST,,-122.6339944,45.67874167,0,2,83,67,4,45,34,0,0,1,2,12,1,2,5,5,1,1,1,53,0,7,482,2010,0,,12,,,,,,1,1,35,2,0,,2,0,3,0,11,5,,,,,0,0,0,3,1,0,,,,96,,,,,,98,,,,,,98604,53,69,120,6,1,0,0,0,1,,0,,,,,,3,08/15/2017,08/15/2017,20,0,0,0,8,9,8,,,0,,,8,8,2,1,,,1,,,2,1,0,,,,,,,,,,,,,,,,,,,,,,,,,,,,,,0,0,0,0,0,0,0,0,0,0,0,0,1,0,0,0,0,0,1,0,0,0,0,0,0,0,0,0,0,1,0,0,0,0,0,,0,0,0,0,0,0,0,0,0,1,0,0,0,0,0,0,,,,,,31-35,26-35,County road,U,Tuesday,Belt Used,PV,Not Fatal,0,0,0,0,County Road,County Sheriff,Clark County Sheriff's Office,0,0,1,0,0,,,,,,0,0,0,,,,,,,,,,,98,98,98,0,,,,,20,7,,,,,,,,1,0,,,NE 78TH ST,5.41,,
2020,50,EA18986,14,02/18/2020,19:31,18,2,,11,Clark,0,1,,3,1,2,1,0,5,2,19:48,19:51,20:08,12,0,6,5.4,4,0,1,3,2,2,4,0,0,0,0,CR-NE 78TH ST,,-122.6339944,45.67874167,0,1,82,15,2,45,6,0,0,1,2,12,1,2,5,5,11,4,1,53,0,12,25,2017,0,,12,,,,,,1,1,54,2,7,,4,7,3,0,11,0,02/18/2020,19:31,53009825,9825,0,0,0,3,1,38,,,,96,,,,,,98,,,,,,98671,53,68,250,6,1,0,0,0,1,,0,,,,,,0,08/15/2018,08/15/2018,7,0,0,0,0,9,8,,,0,,,8,8,2,1,,,1,,,2,1,0,,,,,,,,,,,,,,,,,,,,,,,,,,,,,,0,0,0,0,0,0,0,0,0,0,0,0,1,0,0,0,0,0,1,0,0,0,0,0,0,0,0,0,0,1,0,0,0,0,0,,1,0,0,0,0,0,0,0,0,0,1,0,0,0,0,0,,,,,,51-55,46-55,County road,U,Tuesday,Belt Used,PV,White,0,0,0,0,County Road,County Sheriff,Clark County Sheriff's Office,0,0,1,0,0,,,,,,0,0,0,,,,,,,,,,,98,98,98,1,,,,,20,7,,,,,,,,1,0,,,NE 78TH ST,5.41,,
2020,33,EA19534,159,01/30/2020,2:42,30,1,,5,Benton,1020,1,,3,1,2,1,0,1,1,,,,33,0,0,0,3,0,5,4,2,4,6,0,0,0,0,W 10TH AVE,S STEPTOE ST,-119.2440806,46.20095833,0,1,14,14,2,35,14,0,0,1,2,1,1,1,2,1,1,1,1,53,0,2,405,2005,0,,68,64,69,71,33,67,1,1,29,2,1,,4,7,3,0,11,0,01/30/2020,2:42,1.02E+11,4620,0,0,3,3,1,0,,,,96,,,,,,8,,,,,,99301,53,66,134,6,1,0,0,0,2,,0,,,,,,5,04/15/2015,10/15/2019,8,2,1,0,0,9,8,,,0,,,8,8,2,1,,,1,,,2,1,0,,,,,,,,,,,,,,,,,,,,,,,,,,,,,,0,0,0,1,0,0,0,0,0,0,0,0,1,0,0,0,0,0,0,0,0,0,0,0,0,0,0,0,0,1,0,0,0,0,0,,1,0,0,0,0,0,0,0,0,1,0,0,0,0,0,0,,,,,,26-30,26-35,City street,U,Thursday,Belt Used,PV,Hispanic,1,0,0,0,City Street,Municipal/City Police,Kennewick Police Department,0,0,0,1,0,,,,,,0,0,0,,,,,,,,,,,98,98,98,98,,,,,20,7,,,,,,,,1,0,,,,,,
2020,532,EA19824,146,02/28/2020,19:16,28,2,,77,Yakima,0,1,,2,1,2,1,0,2,2,19:18,19:22,20:08,12,0,6,1.4,2,0,2,5,1,1,3,0,3,20,3,SR-220,BECKER RD,-120.3569917,46.37525278,0,1,82,15,2,50,80,0,0,1,2,12,1,1,2,1,11,1,2,53,0,98,705,2007,0,,12,,,,,,1,1,65,1,7,,4,0,20,7,11,0,03/05/2020,6:35,1.96E+11,12237,0,0,3,2,1,38,,,,96,,,,,,0,,,,,,98936,53,69,175,1,1,0,1,0,0,,46,71,79,,,,0,12/15/2019,12/15/2019,20,8,0,0,0,9,8,,,0,,,8,8,0,0,,,0,,,0,0,996,,,,,,,,,,,,,,,,,,,,,,,,,,,,,,0,0,0,1,0,0,0,0,0,0,0,0,0,1,1,0,0,0,1,0,0,0,0,0,0,1,0,0,1,1,0,0,0,0,1,0,0,0,0,0,0,0,0,0,0,0,1,1,0,0,0,0,,,,,,61-65,56-65,State route,R,Friday,,MC,White,1,0,0,0,County Road,County Sheriff,Yakima County Sheriff's Office,0,0,1,0,0,,,,,,0,0,2,,,,,,,,,,,0,0,0,1,,,,,5,0,,,,,,,,1,0,,,FORT RD.,1.35,BECKER RD.,0.99
2020,532,EA19824,146,02/28/2020,19:16,28,2,,77,Yakima,0,1,,2,1,2,1,0,2,2,19:18,19:22,20:08,12,0,6,1.4,2,0,2,5,1,1,3,0,3,0,0,SR-220,BECKER RD,-120.3569917,46.37525278,0,2,83,67,4,55,4,0,0,1,5,12,1,1,2,1,1,1,1,53,0,20,2,2006,0,,12,,,,,,1,1,64,2,0,,1,0,3,0,11,5,,,,,0,0,0,3,1,0,,,,96,,,,,,0,,,,,,98951,53,68,152,6,1,0,0,0,0,,0,,,,,,0,,,1,0,0,0,8,9,8,,,0,,,8,8,0,0,,,0,,,0,0,996,,,,,,,,,,,,,,,,,,,,,,,,,,,,,,0,0,0,1,0,0,0,0,0,0,0,0,0,1,1,0,0,0,1,0,0,0,0,0,0,1,0,0,1,1,0,0,0,0,0,,0,0,0,0,0,0,0,0,0,0,0,0,0,0,0,0,,,,,,61-65,56-65,State route,R,Friday,Belt Used,PV,Not Fatal,1,0,0,0,County Road,County Sheriff,Yakima County Sheriff's Office,0,0,1,0,0,,,,,,0,0,0,,,,,,,,,,,98,98,98,0,,,,,20,7,,,,,,,,1,0,,,FORT RD.,1.35,BECKER RD.,0.99
2020,537,EA20154,160,02/29/2020,1:33,29,2,,33,King,1030,10,,3,2,2,1,0,1,1,,,,33,0,0,0,1,0,1,4,2,4,6,0,0,0,0,84TH AVE S,,-122.2280667,47.42580278,0,1,2,13,2,40,4,0,0,1,2,42,1,1,5,5,98,1,2,53,0,58,32,1994,0,,63,33,69,68,64,42,1,1,24,1,2,,4,0,20,7,11,5,03/01/2020,13:33,1.96E+11,12041,0,0,2,2,1,74,,,,96,,,,,,98,,,,,,98038,53,67,140,1,1,2,1,1,1,,97,,,,,,4,01/15/2016,07/15/2019,20,0,0,0,0,9,8,,,0,,,8,8,2,1,,,1,,,2,1,0.169,,,,,,,,,,,,,,,,,,,,,,,,,,,,,,0,0,0,0,1,1,0,1,0,0,0,0,1,1,0,0,0,0,0,1,0,0,0,1,1,0,0,0,0,1,0,0,0,1,0,,1,0,0,0,0,1,0,1,0,1,0,1,0,1,0,1,,,,,,21-25,16-25,City street,U,Saturday,Not Used,PV,Hispanic,0,1,0,0,City Street,Municipal/City Police,Kent Police Department,1,0,0,1,0,,,,,,0,1,2,,,,,,,,,,,0,0,0,1,,,,,20,7,,,,,,,,1,0,,,,,,
2020,52,EA20417,278,03/03/2020,4:26,3,3,,63,Spokane,2110,1,,2,1,2,1,1,1,1,,,,8,0,0,271.8,3,0,3,3,2,1,2,0,0,0,0,US-2,LUCAS DR,-117.5461417,47.64313056,0,1,13,80,5,55,10,0,0,1,5,8,8,8,5,5,1,1,2,53,0,48,44,2006,0,,8,,,,,,1,1,21,2,0,,0,0,3,0,11,0,,,,,0,0,0,3,1,10,,,,0,,,,,,0,,,,,,99001,53,67,150,6,1,0,0,0,1,,0,,,,,,0,10/15/2016,10/15/2016,20,0,0,0,8,3,2,,,0,,,8,8,8,95,,,96,,,8,95,995,,,,,,,,,,,,,,,,,,,,,,,,,,,,,,0,0,0,1,0,0,0,0,0,1,0,1,0,0,0,0,0,0,0,0,0,0,0,1,1,0,0,0,0,1,0,1,0,0,0,,0,0,0,0,0,0,0,0,0,0,0,0,0,0,0,0,,,,,,21-25,16-25,US highway,U,Tuesday,Belt Used,PV,Not Fatal,0,0,0,0,State Route,Municipal/City Police,Spokane Police Department,0,1,0,0,0,,,,,,0,0,0,,,,,,,,,,,98,98,98,0,,,,,20,7,,,,,,,,1,0,,,,,,
2020,53,EA20934,35,03/04/2020,3:35,4,3,,53,Pierce,0,10,,2,2,2,1,0,1,1,,,,42,0,0,1.3,1,0,1,3,2,2,4,0,0,0,0,CR-SPANAWAY LOOP RD S,,-122.4583667,47.10693611,0,1,1,13,2,40,4,0,0,1,5,42,3,1,5,5,14,1,1,53,0,37,32,2007,0,,63,67,42,1,,,1,1,55,1,7,,4,7,3,0,11,0,03/04/2020,3:35,53010312,10312,0,0,0,3,1,0,,,,0,,,,,,1,,,,,,98387,53,67,160,6,1,0,1,0,0,,0,,,,,,3,01/15/2019,01/15/2019,2,0,0,0,0,9,8,,,0,,,8,8,2,401,417,407,1,1,1,2,1,0,,,,,,,,,,,,,,,,,,,,,,,,,,,,,,0,0,1,0,0,0,1,1,0,0,0,0,1,0,0,0,0,0,0,0,0,0,0,0,0,0,0,0,0,1,0,0,0,0,0,,1,0,0,0,0,0,1,1,0,1,0,0,0,0,1,0,,,,,,51-55,46-55,County road,U,Wednesday,Belt Used,PV,Black,0,1,0,0,County Road,County Sheriff,Law Enforcement Support Agency,1,0,1,0,0,,,,,,0,0,0,1,,,,,402,,,,,98,98,98,2,,,,,20,7,,,,,,,,1,0,,,SPANAWAY LOOP RD S,1.32,,
2019,392,EA21730,5,10/26/2019,2:30,26,10,,39,Klickitat,0,1,0,2,1,2,1,0,3,1,,,,24,0,0,21.9,1,0,1,5,1,2,4,0,0,0,0,CR-GLENWOOD HWY,,-121.014275,45.88155833,0,1,2,13,2,50,3,0,0,1,2,42,3,2,2,1,14,3,1,53,0,54,38,2002,0,0,63,69,63,24,42,,1,1,25,1,0,,2,0,3,0,11,0,,,,,0,0,0,3,1,58,91,0,0,96,,,,,,9,,,,,,98620,53,73,155,6,1,1,0,1,0,,1,,,,,,0,03/15/2015,03/15/2015,8,0,0,0,8,9,8,,,0,0,0,8,1,2,695,605,,1,1,,2,1,0.15,,,,,,,,,,,,,,,,,,,,,,,,,,,,,,0,0,0,0,1,1,1,1,1,0,0,0,0,0,0,0,0,0,0,1,0,0,0,1,1,0,0,0,0,1,0,0,0,0,0,,0,0,0,0,0,1,1,1,0,0,0,0,0,0,0,1,,,,,,21-25,16-25,County road,R,Saturday,Belt Used,PV,Not Fatal,0,1,0,0,County Road,County Sheriff,Klickitat County Sheriff's Office,1,0,1,0,0,thc,2.3,carboxy-thc,7.8,,0,1,0,,,,,,,,,,,98,98,98,0,,,,,20,7,,,,,,,,,,,,,,,
2020,54,EA21778,5,02/24/2020,0:42,24,2,,15,Cowlitz,1010,1,,2,1,2,1,0,1,1,,,,25,0,0,38.3,1,0,1,1,2,1,1,0,0,0,0,I-5,,-122.8915417,46.12434444,0,1,7,6,1,70,4,0,0,1,2,25,3,1,3,3,14,1,1,53,0,42,48,2007,0,,64,25,,,,,1,1,20,1,1,,4,7,20,7,11,0,02/24/2020,0:42,1.01E+11,9545,0,0,0,3,1,0,,,,96,,,,,,98,,,,,,98671,53,70,153,6,1,0,2,1,3,,0,,,,,,3,01/15/2015,08/15/2020,1,1,9,0,0,9,8,,,0,,,8,8,8,95,,,96,,,2,98,997,,,,,,,,,,,,,,,,,,,,,,,,,,,,,,0,0,0,0,0,0,0,0,0,0,0,0,1,0,0,0,0,0,0,1,0,1,1,0,1,0,0,0,0,1,0,0,0,1,0,,1,0,0,0,0,0,0,0,0,1,0,0,0,0,0,0,,,,,,18-20,16-25,Interstate,U,Monday,Not Used,PV,Hispanic,0,1,0,0,State Route,State Patrol,Washington State Patrol,1,1,0,0,0,,,,,,0,0,0,,,,,,,,,,,98,98,98,1,,,,,20,7,,,,,,,,1,0,,,,,,
2020,55,EA22120,8,02/14/2020,18:12,14,2,,45,Mason,0,10,,2,2,2,1,0,5,2,18:14,18:31,19:12,12,0,6,8.7,1,0,1,4,1,1,3,0,0,0,0,SR-108,,-123.1489028,47.10342778,0,2,66,62,4,50,14,0,0,1,2,12,2,1,2,1,14,4,2,53,0,49,402,2020,0,,12,,,,,,1,1,37,1,0,,1,0,3,0,11,5,,,,,0,0,3,3,1,0,,,,96,,,,,,0,,,,,,98282,53,71,185,6,1,0,0,0,0,,0,,,,,,0,,,8,0,0,0,8,9,8,,,0,,,8,8,0,0,,,0,,,0,0,996,,,,,,,,,,,,,,,,,,,,,,,,,,,,,,0,0,0,0,0,0,1,1,1,0,0,0,1,0,0,0,0,0,0,0,0,0,0,1,1,0,0,0,0,1,0,0,0,0,0,,0,0,0,0,0,0,0,0,0,0,0,0,0,0,0,0,,,,,,36-40,36-45,State route,R,Friday,Belt Used,PV,Not Fatal,0,1,1,0,State Route,State Patrol,Washington State Patrol,0,1,0,0,0,,,,,,0,0,0,,,,,,,,,,,98,98,98,0,,,,,20,7,,,,,,,,1,0,,,,,,
2020,55,EA22120,8,02/14/2020,18:12,14,2,,45,Mason,0,10,,2,2,2,1,0,5,2,18:14,18:31,19:12,12,0,6,8.7,1,0,1,4,1,1,3,0,0,0,0,SR-108,,-123.1489028,47.10342778,0,1,66,6,1,50,2,0,0,1,2,12,3,1,2,1,6,1,2,53,0,37,32,2002,0,,68,12,,,,,1,1,25,1,7,,4,0,3,0,11,5,02/15/2020,18:46,1.96E+11,8005,0,0,0,3,1,33,,,,96,,,,,,98,,,,,,98592,53,76,185,6,1,0,5,0,0,,0,,,,,,4,01/15/2016,11/15/2020,8,0,0,0,0,9,8,,,0,,,8,8,2,695,605,,1,1,,2,1,0,,,,,,,,,,,,,,,,,,,,,,,,,,,,,,0,0,0,0,0,0,1,1,1,0,0,0,1,0,0,0,0,0,0,0,0,0,0,1,1,0,0,0,0,1,0,0,0,0,0,,1,0,0,0,0,0,1,1,0,1,0,0,0,0,1,0,,,,,,21-25,16-25,State route,R,Friday,Belt Used,PV,White,0,1,1,0,State Route,State Patrol,Washington State Patrol,0,1,0,0,0,thc,0.91,carboxy-thc,5.9,,0,0,1,,,,,,,,,,,98,98,98,1,,,,,20,7,,,,,,,nms,1,0,,,,,,
2020,56,EA22189,284,03/08/2020,4:38,8,3,,53,Pierce,2160,10,,6,2,5,1,0,1,5,4:39,4:49,,53,0,0,0,1,0,1,7,2,4,6,0,0,0,0,STEVENS ST,,-122.5909889,47.17166944,1,1,6,12,2,25,4,0,0,1,2,53,1,1,2,1,1,1,1,53,0,12,37,2010,0,,64,53,42,14,14,14,1,1,23,2,7,,4,7,99,7,11,0,03/08/2020,4:38,2.16E+11,11286,0,0,0,3,1,0,,,,96,,,,,,9,,,,,,98070,53,64,140,6,1,0,0,0,3,,0,,,,,,3,09/15/2017,04/15/2018,8,1,9,0,0,9,8,,,0,,,8,1,2,1,,,1,,,2,1,0.235,,,,,,,,,,,,,,,,,,,,,,,,,,,,,,0,0,1,0,1,1,0,1,0,0,0,0,1,0,0,0,0,0,0,0,0,0,0,1,1,0,0,0,0,1,0,0,0,0,0,,1,0,0,0,0,1,0,1,0,1,0,0,0,1,0,1,,,,,,21-25,16-25,City street,U,Sunday,Unknown,PV,White,0,1,0,0,City Street,Municipal/City Police,Steilacoom Police Department,1,0,0,1,0,,,,,,0,0,0,,,,,,,,,,,98,98,98,1,,,,,20,7,,,,,,,,1,14,,,,,,
2020,252,EA22336,59,03/06/2020,20:25,6,3,,33,King,109,10,,1,1,2,1,1,1,1,,,,8,0,0,0,3,0,2,4,2,4,6,0,0,2,3,156TH AVE NE,NE 13TH ST,-122.1324083,47.62098889,0,1,13,80,5,30,14,0,0,1,5,8,1,1,3,2,11,1,9,53,0,34,404,2017,0,,8,,,,,,1,1,31,2,0,,0,0,3,0,11,0,,,,,0,0,3,3,1,39,,,,10,,,,,,0,,,,,,98033,53,67,135,6,1,0,0,0,0,,97,,,,,,0,,,20,0,0,0,8,9,8,,,0,,,8,8,0,0,,,0,,,0,0,996,,,,,,,,,,,,,,,,,,,,,,,,,,,,,,0,0,0,1,0,0,0,0,0,0,0,0,0,0,0,0,1,0,0,0,0,0,0,0,0,0,0,0,0,1,0,1,0,0,0,,0,0,0,0,0,0,0,0,1,0,0,0,0,0,0,0,,,,,,31-35,26-35,City street,U,Friday,Belt Used,PV,Not Fatal,1,0,0,0,City Street,Municipal/City Police,Bellevue Police Department,0,0,0,1,0,,,,,,0,0,0,,,,,,,,,,,98,98,98,0,,,,,20,7,,,,,,,,0,0,,,,,,
2020,58,EA22810,14,03/02/2020,23:29,2,3,,11,Clark,0,10,,2,2,2,1,0,1,1,,,,39,0,0,1,1,0,1,5,2,2,4,0,0,0,0,CR-NE 117TH ST,,-122.6568528,45.70580556,0,1,6,9,1,35,4,0,0,1,2,39,1,2,1,2,1,1,1,53,0,7,20,2001,0,,64,65,64,39,1,,1,1,29,1,7,,4,7,3,0,11,0,03/02/2020,23:29,53010289,10289,0,0,0,3,1,58,,,,96,,,,,,98,,,,,,98686,53,70,170,6,1,0,1,3,2,,0,,,,,,4,10/15/2016,07/15/2019,8,0,0,0,0,9,8,,,0,,,8,8,2,1,,,1,,,2,1,0.069,,,,,,,,,,,,,,,,,,,,,,,,,,,,,,0,0,1,0,1,0,0,0,0,0,0,0,1,0,0,0,0,0,0,0,0,0,0,0,0,0,0,0,0,1,0,0,0,0,0,,1,0,0,0,1,0,0,0,0,1,0,0,1,0,0,1,,,,,,26-30,26-35,County road,U,Monday,Belt Used,PV,White,0,1,0,0,County Road,County Sheriff,Clark County Sheriff's Office,1,0,1,0,0,,,,,,0,0,0,,,,,,,,,,,98,98,98,1,,,,,20,7,,,,,,,,1,0,,,NE 117TH ST,1.02,,
2020,59,EA22930,25,03/08/2020,20:15,8,3,,33,King,0,1,,3,1,2,1,1,1,1,,,,8,0,0,3.1,3,0,3,4,2,2,4,0,0,0,0,CR-16th Ave SW,SW 110TH ST,-122.355125,47.50494722,0,1,13,80,5,35,4,0,0,1,5,8,1,1,5,5,1,1,1,53,0,37,32,2006,0,,8,,,,,,1,1,45,1,0,,0,0,3,0,11,0,,,,,0,0,0,3,1,10,,,,0,,,,,,0,,,,,,98118,53,72,190,6,1,0,0,0,0,,97,,,,,,0,,,20,0,0,0,8,3,2,,,0,,,8,8,0,0,,,0,,,0,0,996,,,,,,,,,,,,,,,,,,,,,,,,,,,,,,0,0,0,1,0,0,0,0,0,1,1,0,0,0,0,0,0,0,0,0,0,0,0,0,0,0,0,0,0,1,0,1,0,0,0,,0,0,0,0,0,0,0,0,0,0,0,0,0,0,0,0,,,,,,41-45,36-45,County road,U,Sunday,Belt Used,PV,Not Fatal,0,0,0,0,County Road,County Sheriff,King County Police,0,0,1,0,0,,,,,,0,0,0,,,,,,,,,,,98,98,98,0,,,,,20,7,,,,,,,,1,0,,,16 AVE SW,3.1,SW 110 ST,0.302
2020,60,EA23013,305,03/07/2020,15:46,7,3,,11,Clark,2370,2,,1,2,2,1,0,2,2,15:47,15:55,,12,0,6,0,3,0,6,5,2,4,6,0,0,0,0,NE 49TH ST,NE 137th Ave,-122.5319417,45.65713889,0,1,66,8,1,98,4,0,0,1,5,12,3,1,2,2,14,1,1,53,0,49,40,1993,0,,63,69,65,12,,,1,1,70,1,7,,4,7,20,7,11,0,03/07/2020,15:46,2.37E+11,12511,0,0,0,2,1,0,,,,0,,,,,,1,,,,,,98682,53,65,170,1,1,0,0,0,0,,0,,,,,,0,11/15/2016,03/15/2019,1,0,0,0,0,9,8,,,0,,,8,8,2,1,,,1,,,2,1,0,,,,,,,,,,,,,,,,,,,,,,,,,,,,,,0,0,0,1,0,0,0,0,0,0,0,0,0,1,0,0,0,0,0,1,0,0,0,0,0,1,1,0,0,1,0,0,0,1,0,,1,0,0,0,0,0,0,0,0,0,0,1,0,0,0,0,,,,,,66-70,66-75,City street,U,Saturday,Not Used,PV,White,1,0,0,0,City Street,Municipal/City Police,Vancouver Police Department,0,0,0,1,0,,,,,,0,0,2,,,,,,,,,,,0,0,0,1,,,,,20,7,,,,,,,,1,0,,,,,,