year,case,par,repjur,crash_dt,crash_tm,accday,accmon,holiday,county,co_char,city,weather,weather2,lightcond,surfcond,surftype,numfatal,nmforms,pforms,vforms,not_tm,arr_tm,hosp_tm,fhevent,hitrun,manncol,milepnt,reljunc,reljuncinter,intersectiontype,funcsystem,landuse,ownership,route,schlbus,spejur,contdev,devfunc,trafid1,trafid2,x,y,wk_zone,vnumber,crashtype,criticalevent,criticaleventcat,spdlim,body,trailer,emerg,hazcargo,leave,mhevent,roadalgn,roadprof,traflane,trafflow,vehmanvr,numoccs,regowner,regstate,spuse,make,model,modelyr,vrf1,vrf2,seqevent1,seqevent2,seqevent3,seqevent4,seqevent5,seqevent6,pnumber,ptype,age,sex,hispanic,race,injury,diedscene,restraint,restraintmisuse,seatpos,takehosp,death_dt,death_tm,cert,cernum_wa,commlic,licendor,licrestrict,liccomp,drivpres,drf1,drf2,drf3,drf4,distract1,distract2,distract3,distract4,distract5,distract6,dricond1,dricond2,dricond3,dricond4,dricond5,dricond6,dzip,licstate,drhgt_in,weight,noncdl,noncdltype,prevdwi,prevoth,prevacc,prevspd,prevsus,driviol1,driviol2,driviol3,driviol4,driviol5,driviol6,spdrel,first_dt,last_dt,airbag,ejection,ejectpath,extricat,injurwrk,methalc,methdrug,nmlocat,strikveh,prf1,prf2,prf3,druginv,alcinvol,drugsts,drugres1,drugres2,drugres3,drugtst1,drugtst2,drugtst3,alcsts,alctst,alcres,nmact1,nmact2,nmact3,nmact4,nmact5,nmact6,nmprior1,nmprior2,nmprior3,nmprior4,nmprior5,nmprior6,nmcond1,nmcond2,nmcond3,nmcond4,nmcond5,nmcond6,nmsafe_helmet,nmsafe_pads,nmsafe_oth,nmprev_ref,nmprev_lgt,nmprev_oth,crashlocation,nmcrashtype,crosswalk,schoolzone,sidewalk,train_inv,wildlife_inv,rotr_fars,intersect_fars,dd_inv,aid_inv,dpd_inv,id_inv,mj_inv,impnm_inv,ainm_inv,dpnm_inv,speed_inv,unlic_inv,unendmc_inv,drowsy_inv,drdist_inv,nmdist_inv,fty_inv,unrestfat_inv,dr1617_inv,dr1820_inv,dr1620_inv,dr2125_inv,dr1625_inv,dr65_inv,dr70_inv,dr75_inv,mc_inv,pv_inv,ht_inv,ped_inv,bike_inv,unrest_fat,mc_fat,unhelmet_mc,pv_fat,ht_fat,ped_fat,bike_fat,dr_alc7,dr_alc8,dr_drug,dr_imp,dr_dist,dr_spd,dr_fty,dr_unlic,dr_alc7only,dr_alc8only,dr_drugonly,dr_drink,nm_imp,nm_alc7,nm_alc8,nm_drug,nm_dist,agegrp1,agegrp2,roadclass,urbrur,dayweek,restuse,vehtype,race_me,intersect,lanedep,oppdir,wrongway,rep_typ,investag,repag_long,rotr,st_rd,cty_rd,city_rd,oth_rd,drug_thc,thc_res,drug_cthc,cthc_res,drug_cann,prevpersemin,prevperse,prevsusoth,drugtst4,drugtst5,drugtst6,drugtst7,drugtst8,drugres4,drugres5,drugres6,drugres7,drugres8,adspresent,adsengaged,adslevel,race1,race2,race3,race4,race5,helmet,helmetmisuse,nmdistract1,nmdistract2,nmdistract3,nmdistract4,nmdistract5,nmdistract6,lab,isedtcase,crf1,crf2,crf3,CoRoadName,CoMP,IntCoRoadName,IntCoMP
2020,60,EA23013,305,03/07/2020,15:46,7,3,,11,Clark,2370,2,,1,2,2,1,0,2,2,15:47,15:55,,12,0,6,0,3,0,6,5,2,4,6,0,0,0,0,NE 49TH ST,NE 137th Ave,-122.5319417,45.65713889,0,2,66,62,4,35,15,0,0,1,5,12,2,1,2,2,14,1,1,53,0,37,422,2019,0,,12,,,,,,1,1,41,2,0,,0,0,3,0,11,0,,,,,0,0,0,3,1,0,,,,96,,,,,,0,,,,,,98682,53,63,165,6,1,0,0,0,0,,0,,,,,,0,,,20,0,0,0,8,9,8,,,0,,,8,8,8,95,,,96,,,8,95,995,,,,,,,,,,,,,,,,,,,,,,,,,,,,,,0,0,0,1,0,0,0,0,0,0,0,0,0,1,0,0,0,0,0,1,0,0,0,0,0,1,1,0,0,1,0,0,0,0,0,,0,0,0,0,0,0,0,0,0,0,0,0,0,0,0,0,,,,,,41-45,36-45,City street,U,Saturday,Belt Used,PV,Not Fatal,1,0,0,0,City Street,Municipal/City Police,Vancouver Police Department,0,0,0,1,0,,,,,,0,0,0,,,,,,,,,,,98,98,98,0,,,,,20,7,,,,,,,,1,0,,,,,,
2020,61,EA23371,305,03/12/2020,5:19,12,3,,11,Clark,2370,1,,3,1,2,1,1,1,1,5:20,5:28,5:45,8,0,0,0,1,0,1,3,2,4,6,0,0,0,0,NE ANDRESEN RD,,-122.6021806,45.65893056,0,1,13,80,5,40,4,0,0,1,2,8,1,3,2,2,1,1,1,41,0,48,34,2011,0,,8,,,,,,1,1,27,1,0,,2,0,3,0,11,8,,,,,0,0,0,3,1,10,,,,0,,,,,,0,,,,,,97006,41,71,170,6,1,0,0,0,0,,0,,,,,,0,,,20,0,0,0,8,1,8,,,0,,,8,0,2,695,605,,1,1,,2,1,0,,,,,,,,,,,,,,,,,,,,,,,,,,,,,,0,0,0,0,0,0,1,1,1,1,1,1,0,0,0,0,0,0,0,0,0,0,0,0,0,0,0,0,0,1,0,1,0,0,0,,0,0,0,0,0,0,1,1,0,0,0,0,0,0,1,0,,,,,,26-30,26-35,City street,U,Thursday,Belt Used,PV,Not Fatal,0,0,0,0,City Street,Municipal/City Police,Vancouver Police Department,0,0,0,1,0,thc,6.1,carboxy-thc,98,,0,0,0,,,,,,,,,,,98,98,98,0,,,,,20,7,,,,,,,,1,0,,,,,,
2020,62,EA23540,278,03/03/2020,0:11,3,3,,63,Spokane,2110,1,,3,1,2,1,0,1,1,0:13,0:17,,59,0,0,0,1,0,1,3,2,4,6,0,0,0,0,N HAMILTON ST,,-117.3965222,47.67706667,0,1,1,13,2,98,6,0,0,1,2,19,1,1,5,1,1,1,1,53,0,18,24,2012,0,,63,59,46,19,,,1,1,57,1,7,,4,7,99,7,11,0,03/03/2020,0:11,2.11E+11,10821,0,0,0,3,1,0,,,,92,,,,,,98,,,,,,98507,53,66,200,6,1,0,0,0,0,,0,,,,,,0,,,1,0,0,0,0,9,8,,,0,,,8,8,2,1,,,1,,,2,1,0.089,,,,,,,,,,,,,,,,,,,,,,,,,,,,,,0,0,1,0,1,1,0,1,0,0,0,0,0,0,0,0,1,0,0,0,0,0,0,0,0,0,0,0,0,1,0,0,0,0,0,,1,0,0,0,0,1,0,1,1,0,0,0,0,1,0,1,,,,,,56-60,56-65,City street,U,Tuesday,Unknown,PV,White,0,1,0,0,City Street,Municipal/City Police,Spokane Police Department,1,0,0,1,0,,,,,,0,0,0,,,,,,,,,,,98,98,98,1,,,,,20,7,,,,,,,,1,0,,,,,,
2020,63,EA23541,3,03/11/2020,18:57,11,3,,53,Pierce,2230,1,,1,1,2,2,0,3,1,,,,33,0,0,0,3,0,3,3,2,1,3,0,0,0,0,SR-509,S 32ND ST,-122.4340361,47.23216111,0,1,6,12,2,35,4,0,0,1,2,1,1,2,4,1,1,3,2,53,0,12,37,2007,0,,68,64,33,38,1,,1,1,45,1,7,,4,7,20,7,11,0,03/11/2020,18:57,2.23E+11,11887,0,0,0,3,1,0,,,,96,,,,,,9,,,,,,98040,53,71,170,6,1,0,0,0,1,,0,,,,,,0,10/15/2015,10/15/2015,1,0,0,0,0,9,8,,,0,,,8,1,2,401,417,605,1,1,1,2,1,0,,,,,,,,,,,,,,,,,,,,,,,,,,,,,,0,0,1,1,1,0,1,1,1,0,0,0,0,0,0,0,0,0,0,1,0,0,0,0,0,0,0,0,0,1,0,0,0,1,0,,1,0,0,0,0,0,1,1,0,0,0,0,0,0,1,1,,,,,,41-45,36-45,State route,U,Wednesday,Not Used,PV,Black,0,1,0,0,City Street,State Patrol,Washington State Patrol,1,0,0,1,0,thc,4.5,,,,0,0,0,,,,,,,,,,,98,98,98,2,,,,,20,7,,,,,,,nms,1,0,,,,,,
2020,64,EA23857,1,03/01/2020,1:47,1,3,,77,Yakima,0,1,,6,1,2,1,1,3,1,,,,8,0,0,68.8,1,0,1,4,2,1,2,0,3,0,0,US-97,,-120.430275,46.44931389,0,1,13,80,5,55,66,1,0,1,5,8,2,1,2,3,14,3,3,53,0,82,881,2001,0,,8,,,,,,1,1,53,1,0,,0,0,3,0,11,0,,,,,6,1,0,3,1,0,,,,96,,,,,,0,,,,,,98903,53,63,165,6,1,0,0,0,0,,0,,,,,,0,,,20,0,0,0,8,9,8,,,0,,,8,8,0,0,,,0,,,0,0,996,,,,,,,,,,,,,,,,,,,,,,,,,,,,,,0,0,0,0,0,0,0,0,0,1,1,1,0,0,0,0,0,0,0,0,0,0,0,0,0,0,0,0,0,0,1,1,0,0,0,,0,0,0,0,0,0,0,0,0,0,0,0,0,0,0,0,,,,,,51-55,46-55,US highway,U,Sunday,,MHTRUCK,Not Fatal,0,0,0,0,State Route,State Patrol,Washington State Patrol,0,1,0,0,0,,,,,,0,0,0,,,,,,,,,,,98,98,98,0,,,,,20,7,,,,,,,,1,0,,,,,,
2020,538,EA24009,250,03/13/2020,19:05,13,3,,5,Benton,1850,2,,2,2,2,1,0,3,2,16:10,16:12,16:35,12,0,6,0,2,0,3,4,2,4,6,0,0,20,3,JADWIN AVE,COAST ST,-119.2846056,46.30725,0,1,82,15,2,35,5,0,0,1,2,12,4,1,2,1,11,1,1,53,0,49,46,2007,0,,12,,,,,,1,1,78,1,7,,4,0,3,0,11,5,03/18/2020,15:25,1.85E+11,12770,0,0,3,3,1,38,,,,0,,,,,,1,,,,,,99354,53,73,165,6,1,0,0,0,0,,46,,,,,,0,,,8,0,0,0,0,9,8,,,0,,,8,8,0,0,,,0,,,0,0,996,,,,,,,,,,,,,,,,,,,,,,,,,,,,,,0,0,0,1,0,0,0,0,0,0,0,0,0,0,0,0,0,0,1,0,0,0,0,0,0,1,1,1,0,1,0,0,0,0,0,,1,0,0,0,0,0,0,0,0,0,1,0,0,0,0,0,,,,,,76-80,76+,City street,U,Friday,Belt Used,PV,White,0,0,0,0,City Street,Municipal/City Police,Richland Police Department,0,0,0,1,0,,,,,,0,0,0,,,,,,,,,,,98,98,98,1,,,,,20,7,,,,,,,,1,0,,,,,,
2020,538,EA24009,250,03/13/2020,19:05,13,3,,5,Benton,1850,2,,2,2,2,1,0,3,2,16:10,16:12,16:35,12,0,6,0,2,0,3,4,2,4,6,0,0,0,0,JADWIN AVE,COAST ST,-119.2846056,46.30725,0,2,83,67,4,35,4,0,0,1,2,12,3,1,2,2,14,2,1,53,0,49,32,2015,0,,12,,,,,,1,1,27,1,0,,0,0,3,0,11,0,,,,,0,0,3,3,1,0,,,,96,,,,,,0,,,,,,99354,53,68,160,6,1,1,0,0,1,,0,,,,,,0,06/15/2016,02/15/2018,8,0,0,0,8,9,8,,,0,,,8,8,0,0,,,0,,,0,0,996,,,,,,,,,,,,,,,,,,,,,,,,,,,,,,0,0,0,1,0,0,0,0,0,0,0,0,0,0,0,0,0,0,1,0,0,0,0,0,0,1,1,1,0,1,0,0,0,0,0,,0,0,0,0,0,0,0,0,0,0,0,0,0,0,0,0,,,,,,26-30,26-35,City street,U,Friday,Belt Used,PV,Not Fatal,0,0,0,0,City Street,Municipal/City Police,Richland Police Department,0,0,0,1,0,,,,,,0,1,1,,,,,,,,,,,98,98,98,0,,,,,20,7,,,,,,,,1,0,,,,,,
2020,67,EA24052,5,03/12/2020,14:17,12,3,,59,Skamania,0,1,,1,1,2,1,0,4,3,14:18,14:28,15:13,12,0,8,36,1,0,1,3,1,1,3,0,0,0,0,SR-14,,-121.9999917,45.63593611,0,3,98,62,4,55,61,1,0,1,2,12,2,1,2,1,14,1,3,30,0,12,881,2019,0,,12,,,,,,1,1,40,1,0,,0,0,3,0,11,0,,,,,0,0,0,3,1,0,,,,96,,,,,,0,,,,,,59932,30,,999,6,1,0,0,98,0,,0,,,,,,0,,,20,0,0,0,8,9,8,,,0,,,8,8,0,0,,,0,,,0,0,996,,,,,,,,,,,,,,,,,,,,,,,,,,,,,,0,0,0,0,0,0,0,0,0,0,0,0,0,0,0,0,1,0,0,0,0,0,0,0,0,0,0,0,0,1,1,0,0,0,0,,0,0,0,0,0,0,0,0,0,0,0,0,0,0,0,0,,,,,,36-40,36-45,State route,R,Thursday,,MHTRUCK,Not Fatal,0,1,1,0,State Route,State Patrol,Washington State Patrol,0,1,0,0,0,,,,,,0,0,0,,,,,,,,,,,98,98,98,0,,,,,20,7,,,,,,,,1,0,,,,,,
2020,67,EA24052,5,03/12/2020,14:17,12,3,,59,Skamania,0,1,,1,1,2,1,0,4,3,14:18,14:28,15:13,12,0,8,36,1,0,1,3,1,1,3,0,0,0,0,SR-14,,-121.9999917,45.63593611,0,1,64,10,2,55,4,0,0,1,2,12,2,1,2,1,14,2,1,53,0,59,31,2005,0,,68,12,12,63,35,,1,1,57,2,7,,4,7,3,0,11,0,03/12/2020,14:17,53012410,12410,0,0,0,3,1,28,,,,92,,,,,,98,,,,,,98648,53,71,240,6,1,0,0,0,0,,0,,,,,,0,,,8,0,0,0,0,9,8,,,0,,,8,8,0,0,,,0,,,2,4,0,,,,,,,,,,,,,,,,,,,,,,,,,,,,,,0,0,0,0,0,0,0,0,0,0,0,0,0,0,0,0,1,0,0,0,0,0,0,0,0,0,0,0,0,1,1,0,0,0,0,,1,0,0,0,0,0,0,0,1,0,0,0,0,0,0,0,,,,,,56-60,56-65,State route,R,Thursday,Belt Used,PV,White,0,1,1,0,State Route,State Patrol,Washington State Patrol,0,1,0,0,0,,,,,,0,0,0,,,,,,,,,,,98,98,98,1,,,,,20,7,,,,,,,,1,0,,,,,,
2020,67,EA24052,5,03/12/2020,14:17,12,3,,59,Skamania,0,1,,1,1,2,1,0,4,3,14:18,14:28,15:13,12,0,8,36,1,0,1,3,1,1,3,0,0,0,0,SR-14,,-121.9999917,45.63593611,0,2,65,62,4,55,66,0,0,1,2,12,3,1,2,1,14,1,3,53,0,98,809,2000,0,,12,,,,,,1,1,61,1,0,,0,0,3,0,11,0,,,,,6,1,0,3,1,0,,,,96,,,,,,0,,,,,,99362,53,70,245,6,1,0,0,0,1,,0,,,,,,0,03/15/2017,03/15/2017,20,0,0,0,8,9,8,,,0,,,8,8,0,0,,,0,,,0,0,996,,,,,,,,,,,,,,,,,,,,,,,,,,,,,,0,0,0,0,0,0,0,0,0,0,0,0,0,0,0,0,1,0,0,0,0,0,0,0,0,0,0,0,0,1,1,0,0,0,0,,0,0,0,0,0,0,0,0,0,0,0,0,0,0,0,0,,,,,,61-65,56-65,State route,R,Thursday,,MHTRUCK,Not Fatal,0,1,1,0,State Route,State Patrol,Washington State Patrol,0,1,0,0,0,,,,,,0,0,0,,,,,,,,,,,98,98,98,0,,,,,20,7,,,,,,,,1,0,,,,,,
2020,65,EA24118,1,03/14/2020,21:04,14,3,,5,Benton,0,1,,2,1,1,1,0,1,1,,,,1,0,0,101,1,0,1,1,2,1,1,0,0,0,0,I-82,,-119.3865583,46.25853611,0,1,1,13,2,70,16,0,0,1,2,1,1,1,2,3,1,1,1,53,0,20,431,1996,0,,63,1,,,,,1,1,32,2,7,,4,7,3,0,11,0,03/14/2020,21:04,53012610,12610,0,0,0,3,1,58,,,,96,,,,,,98,,,,,,99336,53,67,208,6,1,0,0,0,2,,0,,,,,,0,12/15/2018,07/15/2019,20,0,0,0,0,9,8,,,0,,,8,9,2,605,,,1,,,2,1,0,,,,,,,,,,,,,,,,,,,,,,,,,,,,,,0,0,1,0,0,0,1,1,1,0,0,0,0,0,0,0,0,0,0,0,0,0,0,0,0,0,0,0,0,1,0,0,0,0,0,,1,0,0,0,0,0,1,1,0,0,0,0,0,0,1,0,,,,,,31-35,26-35,Interstate,U,Saturday,Belt Used,PV,White,0,0,0,0,State Route,State Patrol,Washington State Patrol,0,1,0,0,0,thc,0.61,,,,0,0,2,,,,,,,,,,,0,0,0,1,,,,,20,7,,,,,,,nms,1,0,,,,,,
2020,66,EA24161,305,03/15/2020,21:56,15,3,,11,Clark,2370,1,,3,1,2,1,1,1,1,23:23,0:05,,8,0,0,0,3,0,2,3,2,4,6,0,0,3,3,E FOURTH PLAIN BLVD,FORT VANCOUVER WAY,-122.647925,45.63853056,0,1,13,80,5,30,6,0,0,1,2,8,1,1,4,2,1,1,1,53,0,12,24,2008,0,,8,,,,,,1,1,64,1,0,,0,0,3,0,11,0,,,,,0,0,3,3,1,0,,,,96,,,,,,9,,,,,,98310,53,78,200,6,1,0,1,2,9,,97,,,,,,0,09/15/2015,06/15/2019,20,0,0,0,8,9,8,,,0,,,8,1,2,695,605,189,1,1,1,2,1,0.039,,,,,,,,,,,,,,,,,,,,,,,,,,,,,,0,0,0,1,1,0,1,1,1,1,0,1,0,0,0,0,0,0,0,0,0,0,0,0,0,0,0,0,0,1,0,1,0,0,0,,0,0,0,0,1,0,1,1,0,0,0,0,0,0,0,1,,,,,,61-65,56-65,City street,U,Sunday,Belt Used,PV,Not Fatal,1,0,0,0,City Street,Municipal/City Police,Vancouver Police Department,0,0,0,1,0,thc,29,carboxy-thc,888,,0,0,0,1,1,,,,321,351,,,,98,98,98,0,,,,,20,7,,,,,,,,1,0,,,,,,
2020,68,EA24602,1,03/11/2020,20:45,11,3,,5,Benton,0,1,,2,1,1,1,0,4,2,21:50,22:02,22:31,12,0,1,103.5,1,0,1,1,2,1,1,0,0,0,0,I-82,,-119.3553306,46.23027778,0,2,98,50,3,70,4,0,0,1,2,12,1,1,2,2,1,3,1,53,0,59,31,2002,0,,12,,,,,,1,1,51,2,0,,0,0,3,0,11,0,,,,,0,0,3,3,1,0,,,,96,,,,,,0,,,,,,99338,53,66,155,6,1,0,0,1,1,,0,,,,,,0,07/15/2018,03/15/2018,1,0,0,0,8,9,8,,,0,,,8,8,8,95,,,96,,,8,95,995,,,,,,,,,,,,,,,,,,,,,,,,,,,,,,0,0,0,0,0,0,0,0,0,0,0,0,0,0,0,0,0,0,0,0,0,0,0,0,0,0,0,0,0,1,0,0,0,0,0,,0,0,0,0,0,0,0,0,0,0,0,0,0,0,0,0,,,,,,51-55,46-55,Interstate,U,Wednesday,Belt Used,PV,Not Fatal,0,0,0,0,State Route,State Patrol,Washington State Patrol,0,1,0,0,0,,,,,,0,0,0,,,,,,,,,,,98,98,98,0,,,,,20,7,,,,,,,,1,23,,,,,,
2020,69,EA24930,5,03/06/2020,15:50,6,3,,11,Clark,0,2,,1,2,2,3,0,5,2,,,,12,0,2,5.4,1,0,1,3,2,1,3,0,0,0,0,SR-503,,-122.5514389,45.7455,0,1,50,10,2,55,5,0,0,1,2,12,2,2,5,5,14,1,2,53,0,30,42,2015,0,,68,12,,,,,1,1,41,2,7,,4,7,3,0,11,0,03/06/2020,15:50,10753011063,11063,0,0,0,3,1,28,,,,96,,,,,,98,,,,,,98604,53,61,185,6,1,0,0,0,1,,0,,,,,,3,07/15/2017,07/15/2017,8,0,0,0,0,9,8,,,0,,,8,8,2,401,417,308,1,1,1,2,1,0,,,,,,,,,,,,,,,,,,,,,,,,,,,,,,0,0,0,0,0,0,1,1,0,0,0,0,1,0,0,0,0,0,0,1,0,0,0,0,0,0,0,0,0,1,0,0,0,0,0,,1,0,0,0,0,0,1,1,0,1,0,0,0,0,1,0,,,,,,41-45,36-45,State route,U,Friday,Belt Used,PV,White,0,0,0,1,State Route,State Patrol,Washington State Patrol,0,1,0,0,0,,,,,,0,0,0,1,1,,,,151,996,,,,98,98,98,1,,,,,20,7,,,,,,,,1,0,,,,,,
2020,69,EA24930,5,03/06/2020,15:50,6,3,,11,Clark,0,2,,1,2,2,3,0,5,2,,,,12,0,2,5.4,1,0,1,3,2,1,3,0,0,0,0,SR-503,,-122.5514389,45.7455,0,2,51,62,4,55,20,0,0,1,2,12,3,2,5,5,14,4,2,53,0,37,441,2007,0,,12,,,,,,1,1,31,2,7,,4,7,3,0,11,0,03/06/2020,15:50,10753012046,12046,0,0,3,3,1,0,,,,96,,,,,,0,,,,,,98606,53,60,160,6,1,0,0,0,1,,0,,,,,,0,07/15/2016,07/15/2016,8,0,0,0,0,9,8,,,0,,,8,8,2,1,,,1,,,2,1,0,,,,,,,,,,,,,,,,,,,,,,,,,,,,,,0,0,0,0,0,0,1,1,0,0,0,0,1,0,0,0,0,0,0,1,0,0,0,0,0,0,0,0,0,1,0,0,0,0,0,,1,0,0,0,0,0,0,0,0,0,0,0,0,0,0,0,,,,,,31-35,26-35,State route,U,Friday,Belt Used,PV,White,0,0,0,1,State Route,State Patrol,Washington State Patrol,0,1,0,0,0,,,,,,0,0,0,,,,,,,,,,,98,98,98,1,,,,,20,7,,,,,,,,1,0,,,,,,
2020,151,EA25062,25,03/14/2020,21:19,14,3,,33,King,0,1,,2,1,2,1,1,3,1,21:21,21:31,21:52,8,0,0,14.5,1,0,1,3,2,2,4,0,0,0,0,CR-ISSAQUAH HOBART RD S,,-122.0232389,47.49263611,0,1,13,80,5,45,14,0,0,1,5,8,1,1,2,1,1,3,1,53,0,62,404,2015,0,,8,,,,,,1,1,49,8,0,,0,0,3,0,11,0,,,,,0,0,0,3,1,0,,,,96,,,,,,0,,,,,,98027,53,64,162,6,1,0,0,0,0,,0,,,,,,0,,,20,0,0,0,8,5,3,,,0,,,0,0,8,95,,,96,,,8,95,995,,,,,,,,,,,,,,,,,,,,,,,,,,,,,,0,0,0,0,0,0,0,0,0,0,0,0,0,0,0,0,0,1,0,0,0,0,0,0,0,0,0,0,0,1,0,1,0,0,0,,0,0,0,0,0,0,0,0,0,0,0,0,0,0,0,0,,,,,,46-50,46-55,County road,U,Saturday,Belt Used,PV,Not Fatal,0,0,0,0,County Road,County Sheriff,King County Police,0,0,1,0,0,,,,,,0,0,0,,,,,,,,,,,98,98,98,0,,,,,20,7,,,,,,,,1,0,,,ISSAQUAH HOBART RD,14.45,,
2020,70,EA25184,206,01/06/2020,7:42,6,1,,61,Snohomish,1407,10,,1,1,2,1,0,1,1,,,,30,0,0,0,1,0,1,4,2,4,6,0,0,0,0,44TH AVE W,,-122.2923194,47.79980556,0,1,6,8,1,30,14,0,0,1,2,2,1,1,4,1,1,1,2,53,0,35,401,2008,0,,68,64,30,38,39,19,1,1,27,2,7,,4,7,99,7,11,0,01/06/2020,7:42,1.41E+11,2936,0,0,0,2,1,0,,,,0,,,,,,1,,,,,,98466,53,64,115,1,1,0,0,2,0,,0,,,,,,0,07/15/2018,02/15/2019,99,0,0,0,0,9,8,,,0,,,8,8,2,695,605,,1,1,,2,1,0,,,,,,,,,,,,,,,,,,,,,,,,,,,,,,0,0,1,0,0,0,1,1,1,0,0,0,0,1,0,0,0,0,0,0,0,0,0,0,0,0,0,0,0,1,0,0,0,0,0,,1,0,0,0,0,0,1,1,0,0,0,1,0,0,1,0,,,,,,26-30,26-35,City street,U,Monday,Unknown,PV,Multiracial,0,1,0,0,City Street,Municipal/City Police,Mountlake Terrace Police Department,1,0,0,1,0,thc,41,carboxy-thc,160,,0,0,1,,,,,,,,,,,98,98,98,201,203,,,,20,7,,,,,,,nms,1,0,,,,,,
2020,71,EA25233,3,03/08/2020,22:10,8,3,,67,Thurston,2320,1,,3,1,2,1,0,1,1,,,,1,0,0,0.2,5,1,1,1,2,1,1,0,0,0,0,I-5,,-122.9118806,47.0014,0,1,6,12,2,98,4,0,0,1,2,1,2,2,1,6,14,1,1,53,0,30,40,2018,0,,64,1,42,,,,1,1,30,2,7,,4,7,3,0,11,0,03/08/2020,22:19,2.32E+11,11458,0,0,0,3,1,0,,,,92,,,,,,98,,,,,,98502,53,66,150,6,1,0,2,1,0,,0,,,,,,4,03/15/2018,01/15/2018,8,0,0,0,0,9,8,,,0,,,8,8,2,1,,,1,,,2,1,0.219,,,,,,,,,,,,,,,,,,,,,,,,,,,,,,0,0,1,0,1,1,0,1,0,0,0,0,1,0,0,0,1,0,0,0,0,0,0,0,0,0,0,0,0,1,0,0,0,0,0,,1,0,0,0,0,1,0,1,1,1,0,0,0,1,0,1,,,,,,26-30,26-35,Interstate,U,Sunday,Belt Used,PV,White,0,1,0,0,State Route,State Patrol,Washington State Patrol,1,1,0,0,0,,,,,,0,0,0,,,,,,,,,,,98,98,98,1,,,,,20,7,,,,,,,,1,0,,,,,,
2020,77,EA25457,14,03/15/2020,14:41,15,3,,11,Clark,0,1,,1,1,2,1,1,2,2,14:43,14:58,15:12,9,0,0,4.6,1,0,1,5,1,2,4,0,0,0,0,CR-NE 182ND AVE,,-122.4865417,45.81445,0,1,13,83,5,50,80,0,0,1,2,12,1,4,2,1,1,1,1,53,0,37,706,1982,0,,9,68,12,,,,1,1,57,1,7,,4,0,20,7,11,5,03/15/2020,16:00,53012583,12583,0,0,1,3,1,0,,,,96,,,,,,0,,,,,,98604,53,70,190,6,1,0,0,0,0,,0,,,,,,0,,,20,8,0,0,0,9,8,,,0,,,8,8,2,1,,,1,,,2,1,0,,,,,,,,,,,,,,,,,,,,,,,,,,,,,,0,0,0,0,0,0,0,0,0,0,0,0,0,0,0,0,0,1,0,0,0,1,1,0,1,0,0,0,1,1,0,0,1,0,1,0,0,0,0,0,0,0,0,0,0,0,0,0,0,0,0,0,,,,,,56-60,56-65,County road,R,Sunday,,MC,White,0,0,0,0,County Road,County Sheriff,Clark County Sheriff's Office,0,0,1,0,0,,,,,,0,0,0,,,,,,,,,,,0,0,0,1,,,,,5,0,,,,,,,,1,0,,,NE 182ND AVE,4.61,,
2020,77,EA25457,14,03/15/2020,14:41,15,3,,11,Clark,0,1,,1,1,2,1,1,2,2,14:43,14:58,15:12,9,0,0,4.6,1,0,1,5,1,2,4,0,0,0,0,CR-NE 182ND AVE,,-122.4865417,45.81445,0,2,98,62,4,50,34,0,0,1,5,12,1,4,2,1,1,1,2,53,0,23,471,2002,0,,12,,,,,,1,1,18,2,0,,1,0,3,0,11,5,,,,,0,0,0,3,1,0,,,,0,,,,,,0,,,,,,98629,53,63,157,6,2,0,0,0,0,,0,,,,,,0,,,20,0,0,0,8,9,8,,,0,,,8,8,0,0,,,0,,,0,0,996,,,,,,,,,,,,,,,,,,,,,,,,,,,,,,0,0,0,0,0,0,0,0,0,0,0,0,0,0,0,0,0,1,0,0,0,1,1,0,1,0,0,0,1,1,0,0,1,0,0,,0,0,0,0,0,0,0,0,0,0,0,0,0,0,0,0,,,,,,18-20,16-25,County road,R,Sunday,Belt Used,PV,Not Fatal,0,0,0,0,County Road,County Sheriff,Clark County Sheriff's Office,0,0,1,0,0,,,,,,0,0,0,,,,,,,,,,,98,98,98,0,,,,,20,7,,,,,,,,1,0,,,NE 182ND AVE,4.61,,
2020,78,EA25787,31,03/18/2020,3:00,18,3,,45,Mason,0,1,,2,1,2,1,0,1,1,7:32,7:43,,1,0,0,9999.8,1,0,1,98,1,64,8,0,0,0,0,FOREST SERVICES RD 2300,,-778.3049361,78.30493611,0,1,2,13,2,35,14,0,0,1,2,1,3,2,2,1,14,1,1,53,0,20,401,2002,0,,63,69,63,1,,,1,1,65,1,7,,4,7,20,7,11,0,03/18/2020,3:00,53013090,13090,0,0,0,3,1,0,,,,96,,,,,,98,,,,,,98584,53,70,240,6,1,1,0,1,0,,0,,,,,,0,07/15/2017,07/15/2017,8,0,0,0,9,9,8,,,0,,,8,8,2,996,996,334,1,1,1,2,1,0.121,,,,,,,,,,,,,,,,,,,,,,,,,,,,,,0,0,0,0,1,1,1,1,0,0,0,0,0,0,0,0,0,0,0,1,0,0,0,0,0,1,0,0,0,1,0,0,0,1,0,,1,0,0,0,0,1,1,1,0,0,0,0,0,0,0,1,,,,,,61-65,56-65,Other,R,Wednesday,Not Used,PV,White,0,1,0,0,Other,County Sheriff,Mason County Sheriff's Office,1,0,0,0,1,,,,,,0,1,0,,,,,,,,,,,98,98,98,1,,,,,20,7,,,,,,,,1,0,,,,,,