year,case,par,repjur,crash_dt,crash_tm,accday,accmon,holiday,county,co_char,city,weather,weather2,lightcond,surfcond,surftype,numfatal,nmforms,pforms,vforms,not_tm,arr_tm,hosp_tm,fhevent,hitrun,manncol,milepnt,reljunc,reljuncinter,intersectiontype,funcsystem,landuse,ownership,route,schlbus,spejur,contdev,devfunc,trafid1,trafid2,x,y,wk_zone,vnumber,crashtype,criticalevent,criticaleventcat,spdlim,body,trailer,emerg,hazcargo,leave,mhevent,roadalgn,roadprof,traflane,trafflow,vehmanvr,numoccs,regowner,regstate,spuse,make,model,modelyr,vrf1,vrf2,seqevent1,seqevent2,seqevent3,seqevent4,seqevent5,seqevent6,pnumber,ptype,age,sex,hispanic,race,injury,diedscene,restraint,restraintmisuse,seatpos,takehosp,death_dt,death_tm,cert,cernum_wa,commlic,licendor,licrestrict,liccomp,drivpres,drf1,drf2,drf3,drf4,distract1,distract2,distract3,distract4,distract5,distract6,dricond1,dricond2,dricond3,dricond4,dricond5,dricond6,dzip,licstate,drhgt_in,weight,noncdl,noncdltype,prevdwi,prevoth,prevacc,prevspd,prevsus,driviol1,driviol2,driviol3,driviol4,driviol5,driviol6,spdrel,first_dt,last_dt,airbag,ejection,ejectpath,extricat,injurwrk,methalc,methdrug,nmlocat,strikveh,prf1,prf2,prf3,druginv,alcinvol,drugsts,drugres1,drugres2,drugres3,drugtst1,drugtst2,drugtst3,alcsts,alctst,alcres,nmact1,nmact2,nmact3,nmact4,nmact5,nmact6,nmprior1,nmprior2,nmprior3,nmprior4,nmprior5,nmprior6,nmcond1,nmcond2,nmcond3,nmcond4,nmcond5,nmcond6,nmsafe_helmet,nmsafe_pads,nmsafe_oth,nmprev_ref,nmprev_lgt,nmprev_oth,crashlocation,nmcrashtype,crosswalk,schoolzone,sidewalk,train_inv,wildlife_inv,rotr_fars,intersect_fars,dd_inv,aid_inv,dpd_inv,id_inv,mj_inv,impnm_inv,ainm_inv,dpnm_inv,speed_inv,unlic_inv,unendmc_inv,drowsy_inv,drdist_inv,nmdist_inv,fty_inv,unrestfat_inv,dr1617_inv,dr1820_inv,dr1620_inv,dr2125_inv,dr1625_inv,dr65_inv,dr70_inv,dr75_inv,mc_inv,pv_inv,ht_inv,ped_inv,bike_inv,unrest_fat,mc_fat,unhelmet_mc,pv_fat,ht_fat,ped_fat,bike_fat,dr_alc7,dr_alc8,dr_drug,dr_imp,dr_dist,dr_spd,dr_fty,dr_unlic,dr_alc7only,dr_alc8only,dr_drugonly,dr_drink,nm_imp,nm_alc7,nm_alc8,nm_drug,nm_dist,agegrp1,agegrp2,roadclass,urbrur,dayweek,restuse,vehtype,race_me,intersect,lanedep,oppdir,wrongway,rep_typ,investag,repag_long,rotr,st_rd,cty_rd,city_rd,oth_rd,drug_thc,thc_res,drug_cthc,cthc_res,drug_cann,prevpersemin,prevperse,prevsusoth,drugtst4,drugtst5,drugtst6,drugtst7,drugtst8,drugres4,drugres5,drugres6,drugres7,drugres8,adspresent,adsengaged,adslevel,race1,race2,race3,race4,race5,helmet,helmetmisuse,nmdistract1,nmdistract2,nmdistract3,nmdistract4,nmdistract5,nmdistract6,lab,isedtcase,crf1,crf2,crf3,CoRoadName,CoMP,IntCoRoadName,IntCoMP
2020,79,EA25971,305,03/20/2020,5:59,20,3,,11,Clark,2370,1,,2,1,2,1,1,1,1,6:09,6:16,6:45,8,0,0,0,1,0,1,4,2,4,6,0,0,0,0,NE 78TH ST,,-122.5928806,45.67889722,0,1,13,80,5,35,4,0,0,1,2,8,1,1,1,2,1,1,1,53,0,35,50,2011,0,,8,,,,,,1,1,32,1,0,,2,0,3,0,11,5,,,,,0,0,3,3,1,0,,,,96,,,,,,0,,,,,,98682,53,65,200,6,1,0,0,1,0,,0,,,,,,0,10/15/2016,10/15/2016,20,0,0,0,8,9,8,,,0,,,8,8,2,1,,,1,,,2,1,0,,,,,,,,,,,,,,,,,,,,,,,,,,,,,,0,0,0,0,0,0,0,0,0,0,0,0,0,0,0,0,0,0,0,0,0,0,0,0,0,0,0,0,0,1,0,1,0,0,0,,0,0,0,0,0,0,0,0,0,0,0,0,0,0,0,0,,,,,,31-35,26-35,City street,U,Friday,Belt Used,PV,Not Fatal,0,0,0,0,City Street,Municipal/City Police,Vancouver Police Department,0,0,0,1,0,,,,,,0,0,0,,,,,,,,,,,98,98,98,0,,,,,20,7,,,,,,,,1,0,,,,,,
2020,80,EA26001,1,03/20/2020,17:38,20,3,,5,Benton,0,1,,1,1,2,1,0,2,2,18:43,18:46,,12,0,2,24,1,0,1,4,1,1,3,0,0,0,0,SR-221,,-119.7153389,46.199375,0,2,51,62,4,55,4,0,0,1,2,12,1,2,2,1,1,1,3,16,0,48,34,2018,0,,12,,,,,,1,1,43,1,0,,2,0,3,0,11,0,,,,,0,0,0,3,1,0,,,,96,,,,,,9,,,,,,83629,16,70,192,6,1,0,0,0,0,,0,,,,,,0,,,8,0,0,0,8,9,8,,,0,,,8,1,2,695,605,,1,1,,2,1,0.13,,,,,,,,,,,,,,,,,,,,,,,,,,,,,,0,0,0,0,1,1,1,1,1,0,0,0,0,0,0,0,0,0,0,0,0,0,0,0,0,0,0,0,0,1,0,0,0,0,0,,0,0,0,0,0,1,1,1,0,0,0,0,0,0,0,1,,,,,,41-45,36-45,State route,R,Friday,Belt Used,PV,Not Fatal,0,1,1,0,State Route,State Patrol,Washington State Patrol,0,1,0,0,0,thc,2.8,carboxy-thc,16,,0,0,0,,,,,,,,,,,98,98,98,0,,,,,20,7,,,,,,,,1,0,,,,,,
2020,80,EA26001,1,03/20/2020,17:38,20,3,,5,Benton,0,1,,1,1,2,1,0,2,2,18:43,18:46,,12,0,2,24,1,0,1,4,1,1,3,0,0,0,0,SR-221,,-119.7153389,46.199375,0,1,50,10,2,55,4,0,0,1,2,12,1,2,2,1,1,1,1,53,0,37,31,2008,0,,68,12,,,,,1,1,35,1,1,,4,7,3,0,11,0,03/20/2020,17:38,53014862,14862,0,0,0,3,1,28,,,,96,,,,,,0,,,,,,99350,53,72,235,6,1,0,0,0,1,,0,,,,,,0,10/15/2018,10/15/2018,8,0,0,0,0,9,8,,,0,,,8,8,2,1,,,1,,,2,1,0,,,,,,,,,,,,,,,,,,,,,,,,,,,,,,0,0,0,0,1,1,1,1,1,0,0,0,0,0,0,0,0,0,0,0,0,0,0,0,0,0,0,0,0,1,0,0,0,0,0,,1,0,0,0,0,0,0,0,0,0,0,0,0,0,0,0,,,,,,31-35,26-35,State route,R,Friday,Belt Used,PV,Hispanic,0,1,1,0,State Route,State Patrol,Washington State Patrol,0,1,0,0,0,,,,,,0,0,0,,,,,,,,,,,98,98,98,98,,,,,20,7,,,,,,,,1,0,,,,,,
2020,539,EA26160,2,03/21/2020,14:11,21,3,,29,Island,0,1,,1,1,2,1,0,2,2,14:17,14:24,15:33,12,0,1,23.6,3,0,3,3,1,1,3,0,0,0,0,SR-525,PLANTATION DR,-122.5674194,48.07364444,0,1,20,50,3,50,34,0,0,1,2,12,1,1,2,1,1,1,1,53,0,12,481,1982,0,,12,,,,,,1,1,58,1,7,,4,0,3,0,11,5,03/31/2020,11:54,1.96E+11,16223,0,0,0,3,1,26,,,,96,,,,,,0,,,,,,98253,53,72,260,6,1,0,1,0,0,,58,,,,,,0,12/15/2016,12/15/2016,20,0,0,0,0,9,8,,,0,,,8,8,0,0,,,0,,,0,0,996,,,,,,,,,,,,,,,,,,,,,,,,,,,,,,0,0,0,1,0,0,0,0,0,0,0,0,0,0,0,0,0,0,0,0,0,0,0,0,0,0,0,0,0,1,0,0,0,0,0,,1,0,0,0,0,0,0,0,0,0,0,0,0,0,0,0,,,,,,56-60,56-65,State route,R,Saturday,Belt Used,PV,White,1,0,0,0,State Route,State Patrol,Washington State Patrol,0,1,0,0,0,,,,,,0,0,0,,,,,,,,,,,0,0,0,1,,,,,20,7,,,,,,,,1,0,,,,,,
2020,539,EA26160,2,03/21/2020,14:11,21,3,,29,Island,0,1,,1,1,2,1,0,2,2,14:17,14:24,15:33,12,0,1,23.6,3,0,3,3,1,1,3,0,0,0,0,SR-525,PLANTATION DR,-122.5674194,48.07364444,0,2,21,53,3,50,15,0,0,1,5,12,1,1,2,1,5,1,3,51,0,20,421,2005,0,,12,,,,,,1,1,44,1,0,,1,0,3,0,11,0,,,,,6,0,3,3,1,0,,,,96,,,,,,0,,,,,,98253,53,73,200,6,1,0,0,0,0,,0,,,,,,0,,,20,0,0,0,8,9,8,,,0,,,8,8,0,0,,,0,,,0,0,996,,,,,,,,,,,,,,,,,,,,,,,,,,,,,,0,0,0,1,0,0,0,0,0,0,0,0,0,0,0,0,0,0,0,0,0,0,0,0,0,0,0,0,0,1,0,0,0,0,0,,0,0,0,0,0,0,0,0,0,0,0,0,0,0,0,0,,,,,,41-45,36-45,State route,R,Saturday,Belt Used,PV,Not Fatal,1,0,0,0,State Route,State Patrol,Washington State Patrol,0,1,0,0,0,,,,,,0,0,0,,,,,,,,,,,98,98,98,0,,,,,20,7,,,,,,,,1,0,,,,,,
2020,82,EA26421,3,02/29/2020,22:22,29,2,,53,Pierce,747,1,,3,1,2,1,0,1,1,,,,25,0,0,136.1,1,0,1,1,2,1,1,0,0,0,0,I-5,,-122.3852778,47.24134722,1,1,1,6,1,50,4,0,0,1,2,25,1,1,3,3,1,1,2,53,0,14,17,1999,0,,63,25,69,1,,,1,1,44,2,7,,4,7,3,0,11,0,02/29/2020,22:22,74753009933,9933,0,0,0,3,1,58,,,,96,,,,,,9,,,,,,98444,53,62,150,6,1,0,0,0,0,,0,,,,,,4,,,20,1,9,0,0,1,8,,,0,,,8,1,2,1,,,1,,,2,1,0.316,,,,,,,,,,,,,,,,,,,,,,,,,,,,,,0,0,1,0,1,1,0,1,0,0,0,0,1,0,0,0,0,0,0,0,0,0,0,0,0,0,0,0,0,1,0,0,0,0,0,,1,0,0,0,0,1,0,1,0,1,0,0,0,1,0,1,,,,,,41-45,36-45,Interstate,U,Saturday,Belt Used,PV,White,0,1,0,0,State Route,State Patrol,Washington State Patrol,1,1,0,0,0,,,,,,0,0,0,,,,,,,,,,,0,0,0,1,,,,,20,7,,,,,,,,1,0,,,,,,
2020,83,EA27720,4,03/28/2020,1:31,28,3,,63,Spokane,0,1,,2,1,2,1,0,2,2,1:30,1:59,,12,0,8,73.6,1,0,1,2,1,1,2,0,0,0,0,US-195,,-117.3867639,47.37865,0,1,64,10,2,60,34,0,0,1,2,12,4,1,2,1,14,1,1,30,0,20,481,2006,0,,68,64,12,,,,1,1,32,1,7,,4,7,99,7,11,0,03/28/2020,1:31,53014240,14240,6,0,0,3,1,28,,,,96,,,,,,9,,,,,,99031,53,71,220,6,1,0,1,0,1,,0,,,,,,0,08/15/2016,05/15/2016,1,0,0,0,0,1,8,,,0,,,8,1,2,1,,,1,,,2,1,0.218,,,,,,,,,,,,,,,,,,,,,,,,,,,,,,0,0,0,0,1,1,0,1,0,0,0,0,0,0,0,0,0,0,0,0,0,0,0,0,0,0,0,0,0,1,1,0,0,0,0,,1,0,0,0,0,1,0,1,0,0,0,0,0,1,0,1,,,,,,31-35,26-35,US highway,R,Saturday,Unknown,PV,White,0,1,1,0,State Route,State Patrol,Washington State Patrol,0,1,0,0,0,,,,,,0,0,0,,,,,,,,,,,98,98,98,1,,,,,20,7,,,,,,,,1,0,,,,,,
2020,83,EA27720,4,03/28/2020,1:31,28,3,,63,Spokane,0,1,,2,1,2,1,0,2,2,1:30,1:59,,12,0,8,73.6,1,0,1,2,1,1,2,0,0,0,0,US-195,,-117.3867639,47.37865,0,2,65,62,4,60,63,1,0,2,5,12,4,1,2,1,14,1,3,30,0,85,881,2016,0,,63,12,,,,,1,1,48,1,0,,0,0,3,0,11,0,,,,,6,1,0,3,1,0,,,,96,,,,,,0,,,,,,99206,53,73,195,6,1,0,4,2,0,,0,,,,,,0,07/15/2017,03/15/2019,99,0,0,0,8,9,8,,,0,,,8,8,0,0,,,0,,,0,0,996,,,,,,,,,,,,,,,,,,,,,,,,,,,,,,0,0,0,0,1,1,0,1,0,0,0,0,0,0,0,0,0,0,0,0,0,0,0,0,0,0,0,0,0,1,1,0,0,0,0,,0,0,0,0,0,0,0,0,0,0,0,0,0,0,0,0,,,,,,46-50,46-55,US highway,R,Saturday,,MHTRUCK,Not Fatal,0,1,1,0,State Route,State Patrol,Washington State Patrol,0,1,0,0,0,,,,,,0,0,0,,,,,,,,,,,98,98,98,0,,,,,20,7,,,,,,,,1,0,,,,,,
2020,95,EA27726,122,04/03/2020,23:44,3,4,,61,Snohomish,690,2,,3,2,2,1,1,1,1,,,,8,1,0,5.8,1,0,1,3,2,1,3,0,0,0,0,SR-529,,-122.1856778,48.02389444,0,1,13,80,5,55,99,0,0,1,5,8,1,1,2,2,1,99,9,99,0,99,999,9999,0,,8,,,,,,1,1,999,9,0,,0,0,99,7,11,0,,,,,99,9,9,9,1,0,,,,92,,,,,,98,,,,,,99999,99,,999,9,9,99,99,99,99,,97,,,,,,0,,,99,9,0,0,8,9,8,,,0,,,8,8,0,0,,,0,,,0,0,996,,,,,,,,,,,,,,,,,,,,,,,,,,,,,,0,0,0,0,0,0,0,0,0,1,0,1,0,0,0,0,1,0,0,0,0,0,0,0,0,0,0,0,0,0,0,1,0,0,0,,0,0,0,0,0,0,0,0,1,0,0,0,0,0,0,0,,,,,,,,State route,U,Friday,,NR-U,Not Fatal,0,0,0,0,State Route,Municipal/City Police,Everett Police Department,0,1,0,0,0,,,,,,99,99,99,,,,,,,,,,,98,98,98,0,,,,,20,7,,,,,,,,1,0,,,,,,
2020,85,EA27983,4,04/05/2020,10:16,5,4,,1,Adams,0,1,,1,1,2,1,0,1,1,10:20,10:25,,1,0,0,76.7,1,0,1,2,1,1,2,0,0,0,0,US-395,,-118.6841722,46.82020556,0,1,7,12,2,70,34,0,0,1,2,1,1,1,2,2,1,1,1,53,0,12,481,2007,0,,64,1,,,,,1,1,52,2,7,,4,7,20,7,11,0,04/05/2020,10:16,1.87E+11,16087,0,0,0,3,1,58,,,,96,,,,,,9,,,,,,99141,53,62,176,6,1,0,0,0,0,,0,,,,,,0,,,8,1,9,0,9,1,8,,,0,,,1,1,2,695,605,,1,1,,2,1,0.257,,,,,,,,,,,,,,,,,,,,,,,,,,,,,,0,0,0,0,1,1,1,1,1,0,0,0,0,0,0,0,0,0,0,1,0,0,0,0,0,0,0,0,0,1,0,0,0,1,0,,1,0,0,0,0,1,1,1,0,0,0,0,0,0,0,1,,,,,,51-55,46-55,US highway,R,Sunday,Not Used,PV,White,0,1,0,0,State Route,State Patrol,Washington State Patrol,1,1,0,0,0,thc,10,carboxy-thc,58,,0,0,0,,,,,,,,,,,98,98,98,1,,,,,20,7,,,,,,,nms,1,0,,,,,,
2020,86,EA28579,3,04/10/2020,13:00,10,4,,53,Pierce,0,1,,1,1,2,1,0,4,2,13:08,13:15,13:36,12,0,6,6.6,2,0,2,4,2,2,4,0,0,0,0,CR-112TH ST S,B ST S,-122.4329139,47.15541111,0,1,89,17,2,40,4,0,0,1,2,12,1,1,4,1,1,3,1,53,0,37,31,1998,0,,12,,,,,,1,1,31,2,1,,4,8,3,0,11,4,04/10/2020,13:24,2.23E+11,17502,0,0,0,3,1,38,,,,96,,,,,,98,,,,,,98499,53,59,119,6,1,0,2,0,0,,0,,,,,,0,07/15/2015,06/15/2018,20,0,0,0,0,9,8,,,0,,,8,8,0,0,,,0,,,0,0,996,,,,,,,,,,,,,,,,,,,,,,,,,,,,,,0,0,0,1,0,0,0,0,0,0,0,0,0,0,0,0,0,0,1,0,0,0,0,0,0,0,0,0,0,1,0,0,0,0,0,,1,0,0,0,0,0,0,0,0,0,1,0,0,0,0,0,,,,,,31-35,26-35,County road,U,Friday,Belt Used,PV,Hispanic,1,0,0,0,County Road,State Patrol,Washington State Patrol,0,0,1,0,0,,,,,,0,0,0,,,,,,,,,,,0,0,0,98,,,,,20,7,,,,,,,,1,0,,,112 ST S,6.63,B ST S,0
2020,86,EA28579,3,04/10/2020,13:00,10,4,,53,Pierce,0,1,,1,1,2,1,0,4,2,13:08,13:15,13:36,12,0,6,6.6,2,0,2,4,2,2,4,0,0,0,0,CR-112TH ST S,B ST S,-122.4329139,47.15541111,0,2,88,66,4,40,14,0,5,1,2,12,1,1,4,1,1,1,3,53,5,12,401,2016,0,,12,,,,,,1,1,46,1,0,,0,0,3,0,11,0,,,,,0,0,0,3,1,16,,,,96,,,,,,0,,,,,,98532,53,69,220,6,1,0,0,1,0,,0,,,,,,0,08/15/2015,08/15/2015,8,0,0,0,8,9,8,,,0,,,8,8,0,0,,,0,,,0,0,996,,,,,,,,,,,,,,,,,,,,,,,,,,,,,,0,0,0,1,0,0,0,0,0,0,0,0,0,0,0,0,0,0,1,0,0,0,0,0,0,0,0,0,0,1,0,0,0,0,0,,0,0,0,0,0,0,0,0,0,0,0,0,0,0,0,0,,,,,,46-50,46-55,County road,U,Friday,Belt Used,PV,Not Fatal,1,0,0,0,County Road,State Patrol,Washington State Patrol,0,0,1,0,0,,,,,,0,0,0,,,,,,,,,,,98,98,98,0,,,,,20,7,,,,,,,,1,0,,,112 ST S,6.63,B ST S,0
2020,87,EA28702,59,03/22/2020,15:59,22,3,,33,King,109,10,,1,1,2,1,1,2,1,,,,9,0,0,0,2,0,3,4,2,4,6,0,0,0,0,NORTHUP WAY,NE 8th St,-122.1072694,47.61686667,0,1,13,15,2,35,20,0,0,1,2,9,3,2,3,1,11,2,2,53,0,37,441,2004,0,,9,,,,,,1,1,44,2,0,,0,0,3,0,11,0,,,,,0,0,0,3,1,38,,,,92,,,,,,0,,,,,,98005,53,63,130,6,1,0,0,0,0,,97,,,,,,0,,,20,0,0,0,8,3,8,,,0,,,8,8,0,0,,,0,,,0,0,996,,,,,,,,,,,,,,,,,,,,,,,,,,,,,,0,0,0,1,0,0,0,0,0,0,0,0,0,0,0,0,1,0,1,0,0,0,0,0,0,0,0,0,0,1,0,0,1,0,0,,0,0,0,0,0,0,0,0,1,0,1,0,0,0,0,0,,,,,,41-45,36-45,City street,U,Sunday,Belt Used,PV,Not Fatal,1,0,0,0,City Street,Municipal/City Police,Bellevue Police Department,0,0,0,1,0,,,,,,0,0,0,,,,,,,,,,,98,98,98,0,,,,,20,7,,,,,,,,1,0,,,,,,
2020,88,EA28746,330,04/12/2020,22:45,12,4,,77,Yakima,2590,1,,3,1,2,1,1,1,1,,,,9,0,0,0,1,0,1,7,2,4,6,0,0,0,0,S 3RD AVE,,-120.5094444,46.59125556,0,1,13,83,5,30,34,0,0,1,2,9,1,3,4,1,1,1,1,53,0,12,481,2005,0,,9,,,,,,1,1,35,1,0,,0,0,3,0,11,0,,,,,0,0,0,3,1,0,,,,96,,,,,,0,,,,,,98902,53,69,145,6,1,1,1,0,0,,0,,,,,,0,02/15/2016,02/15/2016,20,0,0,0,8,9,8,,,0,,,8,8,0,0,,,0,,,0,0,996,,,,,,,,,,,,,,,,,,,,,,,,,,,,,,0,0,0,0,0,0,0,0,0,1,0,1,0,0,0,0,0,0,0,0,0,0,0,0,0,0,0,0,0,1,0,0,1,0,0,,0,0,0,0,0,0,0,0,0,0,0,0,0,0,0,0,,,,,,31-35,26-35,City street,U,Sunday,Belt Used,PV,Not Fatal,0,0,0,0,City Street,Municipal/City Police,Yakima Police Department,0,0,0,1,0,,,,,,0,1,0,,,,,,,,,,,98,98,98,0,,,,,20,7,,,,,,,,1,0,,,,,,
2020,89,EA28768,39,04/10/2020,15:38,10,4,,61,Snohomish,0,1,,1,1,2,1,0,2,1,,,,1,0,0,1,1,0,1,6,1,2,4,0,0,0,0,CR-80TH AVE NW,,-122.3413611,48.26035556,0,1,2,6,1,35,1,0,0,1,2,1,1,2,2,1,1,2,1,53,0,32,45,2002,0,,68,68,63,1,,,1,1,25,1,0,,1,0,20,7,11,5,,,,,0,0,0,3,1,8,,,,96,,,,,,9,,,,,,98043,53,68,135,6,1,0,1,0,0,,97,,,,,,4,02/15/2018,02/15/2018,8,1,9,0,8,9,8,,,0,,,8,1,2,401,,,1,,,2,1,0.099,,,,,,,,,,,,,,,,,,,,,,,,,,,,,,0,0,0,0,1,1,1,1,0,0,0,0,1,0,0,0,0,0,0,0,0,0,0,1,1,0,0,0,0,1,0,0,0,0,0,,0,0,0,0,0,1,1,1,0,1,0,0,0,0,0,1,,,,,,21-25,16-25,County road,R,Friday,Not Used,PV,Not Fatal,0,1,0,0,County Road,County Sheriff,Snohomish County Sheriff's Office,1,0,1,0,0,,,,,,0,0,0,,,,,,,,,,,98,98,98,0,,,,,20,7,,,,,,,,1,0,,,80TH AVE NW,0.957,,
2020,91,EA29075,21,04/06/2020,18:49,6,4,,25,Grant,0,1,,1,1,4,1,0,3,1,20:57,21:07,,1,0,0,5.8,1,0,1,7,1,2,4,0,0,0,0,CR-ROAD 16 NE,,-119.3494806,47.32078611,0,1,2,6,1,50,3,0,0,1,2,1,3,1,8,1,14,3,2,53,0,55,36,2002,0,,63,1,,,,,1,1,20,1,0,,2,0,20,7,11,0,,,,,0,0,3,2,1,58,,,,96,,,,,,9,,,,,,98837,53,77,180,1,1,0,0,1,0,,97,,,,,,4,08/15/2017,04/15/2019,20,0,0,0,8,9,8,,,0,,,8,1,2,695,605,402,1,1,1,2,1,0.12,,,,,,,,,,,,,,,,,,,,,,,,,,,,,,0,0,0,0,1,1,1,1,1,0,0,0,1,1,0,0,0,0,0,1,0,1,1,0,1,0,0,0,0,1,0,0,0,0,0,,0,0,0,0,0,1,1,1,0,1,0,1,0,0,0,1,,,,,,18-20,16-25,County road,R,Monday,Not Used,PV,Not Fatal,0,1,0,0,County Road,County Sheriff,Grant County Sheriff's Office,1,0,1,0,0,thc,6.7,carboxy-thc,54,,0,0,2,1,,,,,407,,,,,98,98,98,0,,,,,20,7,,,,,,,,1,0,,,16 NE,5.775,,
2020,92,EA29099,14,04/06/2020,21:22,6,4,,11,Clark,0,1,,2,1,2,1,1,2,1,21:24,21:30,21:53,8,0,0,6.5,1,0,1,5,1,2,4,0,0,0,0,CR-NE 72ND AVE,,-122.5996639,45.75491389,0,1,13,80,5,50,14,0,0,1,2,8,1,1,2,1,1,2,1,53,0,55,401,2017,0,,8,,,,,,1,1,56,1,0,,0,0,3,0,11,0,,,,,0,0,0,3,1,0,,,,96,,,,,,0,,,,,,98661,53,66,155,6,1,0,1,1,4,,0,,,,,,0,05/15/2015,05/15/2019,20,0,0,0,8,9,8,,,0,,,8,8,0,0,,,0,,,0,0,996,,,,,,,,,,,,,,,,,,,,,,,,,,,,,,0,0,0,0,0,0,0,0,0,1,0,1,0,0,0,0,0,0,0,0,0,0,0,0,0,0,0,0,0,1,0,1,0,0,0,,0,0,0,0,0,0,0,0,0,0,0,0,0,0,0,0,,,,,,56-60,56-65,County road,R,Monday,Belt Used,PV,Not Fatal,0,0,0,0,County Road,County Sheriff,Clark County Sheriff's Office,0,0,1,0,0,,,,,,0,0,0,,,,,,,,,,,98,98,98,0,,,,,20,7,,,,,,,,1,0,,,NE 72ND AVE,6.54,,
2020,93,EA29100,14,04/09/2020,19:41,9,4,,11,Clark,0,1,,5,1,2,1,0,2,2,19:41,19:42,,33,0,0,0.5,1,0,1,5,2,2,4,0,0,0,0,CR-NE WARD RD,,-122.5175917,45.67845556,0,2,98,98,7,45,80,0,0,1,2,12,2,1,2,2,14,1,1,53,0,72,706,2017,0,,12,,,,,,1,1,48,1,0,,2,0,20,7,11,0,,,,,0,0,0,3,1,0,,,,96,,,,,,0,,,,,,98382,53,67,180,6,1,0,0,0,0,,0,,,,,,0,,,20,8,0,0,8,9,8,,,0,,,8,8,0,0,,,0,,,0,0,996,,,,,,,,,,,,,,,,,,,,,,,,,,,,,,0,0,1,0,1,1,0,1,0,0,0,0,1,0,0,0,0,0,0,0,0,0,0,0,0,0,0,0,1,0,0,0,0,0,0,0,0,0,0,0,0,0,0,0,0,0,0,0,0,0,0,0,,,,,,46-50,46-55,County road,U,Thursday,,MC,Not Fatal,0,1,0,0,County Road,County Sheriff,Clark County Sheriff's Office,1,0,1,0,0,,,,,,0,0,0,,,,,,,,,,,0,0,0,0,,,,,5,0,,,,,,,,1,0,,,NE WARD RD,0.46,,
2020,93,EA29100,14,04/09/2020,19:41,9,4,,11,Clark,0,1,,5,1,2,1,0,2,2,19:41,19:42,,33,0,0,0.5,1,0,1,5,2,2,4,0,0,0,0,CR-NE WARD RD,,-122.5175917,45.67845556,0,1,6,9,1,45,80,0,0,1,2,42,2,1,2,2,14,1,1,53,0,72,706,1997,0,,64,33,42,69,12,,1,1,52,2,7,,4,7,20,7,11,0,04/09/2020,19:41,53017368,17368,0,0,0,3,1,0,,,,96,,,,,,98,,,,,,98682,53,63,160,6,1,0,0,0,0,,0,,,,,,3,,,20,8,0,0,0,9,8,,,0,,,8,8,2,1,,,1,,,2,1,0.092,,,,,,,,,,,,,,,,,,,,,,,,,,,,,,0,0,1,0,1,1,0,1,0,0,0,0,1,0,0,0,0,0,0,0,0,0,0,0,0,0,0,0,1,0,0,0,0,0,1,0,0,0,0,0,0,1,0,1,0,1,0,0,0,1,0,1,,,,,,51-55,46-55,County road,U,Thursday,,MC,White,0,1,0,0,County Road,County Sheriff,Clark County Sheriff's Office,1,0,1,0,0,,,,,,0,0,0,,,,,,,,,,,0,0,0,1,,,,,5,0,,,,,,,,1,0,,,NE WARD RD,0.46,,
2020,96,EA29239,39,04/13/2020,16:19,13,4,,61,Snohomish,0,1,,1,1,2,1,0,1,1,,,,18,0,0,3,1,0,1,5,1,2,4,0,0,0,0,CR-PIONEER HWY,,-122.2536056,48.20647222,0,1,1,13,2,50,80,0,0,1,2,1,3,1,2,1,14,1,1,53,0,72,706,2006,0,,63,18,1,,,,1,1,61,2,7,,4,7,20,7,11,0,04/13/2020,16:19,53017654,17654,0,0,3,3,1,0,,,,92,,,,,,98,,,,,,98926,53,65,145,6,1,0,0,0,0,,0,,,,,,0,,,20,8,0,0,0,9,8,,,0,,,8,8,2,1,,,1,,,2,1,0,,,,,,,,,,,,,,,,,,,,,,,,,,,,,,0,0,1,0,0,0,0,0,0,0,0,0,0,0,0,0,1,0,0,0,0,0,0,0,0,0,0,0,1,0,0,0,0,0,1,0,0,0,0,0,0,0,0,0,1,0,0,0,0,0,0,0,,,,,,61-65,56-65,County road,R,Monday,,MC,White,0,1,0,0,County Road,County Sheriff,Snohomish County Sheriff's Office,1,0,1,0,0,,,,,,0,0,0,,,,,,,,,,,0,0,0,1,,,,,19,0,,,,,,,,1,0,,,PIONEER HWY,2.98,,
2020,94,EA29436,1,04/10/2020,19:30,10,4,,39,Klickitat,0,1,,1,1,2,1,0,6,1,19:31,20:15,20:57,39,0,0,72.5,1,0,1,3,1,1,3,0,0,0,0,SR-14,,-121.3510417,45.70999167,0,1,7,13,2,60,15,0,0,1,2,39,3,2,2,1,14,6,1,53,0,23,421,2004,0,,63,69,68,64,39,1,1,1,38,2,7,,4,7,20,7,11,0,04/10/2020,19:30,53018073,18073,0,0,0,2,1,0,,,,96,,,,,,9,,,,,,98610,53,69,145,1,1,0,1,1,0,,0,,,,,,0,07/15/2015,07/15/2015,8,1,9,0,0,9,8,,,0,,,1,8,2,996,401,417,1,1,1,2,1,0,,,,,,,,,,,,,,,,,,,,,,,,,,,,,,0,0,0,0,0,0,1,1,1,0,0,0,0,1,0,0,0,0,0,1,0,0,0,0,0,0,0,0,0,1,0,0,0,1,0,,1,0,0,0,0,0,1,1,0,0,0,1,0,0,1,0,,,,,,36-40,36-45,State route,R,Friday,Not Used,PV,White,0,1,0,0,State Route,State Patrol,Washington State Patrol,1,1,0,0,0,thc,17,carboxy-thc,23,,0,0,0,1,1,1,,,189,188,695,605,151,98,98,98,1,,,,,20,7,,,,,,,nms,1,0,,,,,,