year,case,par,repjur,crash_dt,crash_tm,accday,accmon,holiday,county,co_char,city,weather,weather2,lightcond,surfcond,surftype,numfatal,nmforms,pforms,vforms,not_tm,arr_tm,hosp_tm,fhevent,hitrun,manncol,milepnt,reljunc,reljuncinter,intersectiontype,funcsystem,landuse,ownership,route,schlbus,spejur,contdev,devfunc,trafid1,trafid2,x,y,wk_zone,vnumber,crashtype,criticalevent,criticaleventcat,spdlim,body,trailer,emerg,hazcargo,leave,mhevent,roadalgn,roadprof,traflane,trafflow,vehmanvr,numoccs,regowner,regstate,spuse,make,model,modelyr,vrf1,vrf2,seqevent1,seqevent2,seqevent3,seqevent4,seqevent5,seqevent6,pnumber,ptype,age,sex,hispanic,race,injury,diedscene,restraint,restraintmisuse,seatpos,takehosp,death_dt,death_tm,cert,cernum_wa,commlic,licendor,licrestrict,liccomp,drivpres,drf1,drf2,drf3,drf4,distract1,distract2,distract3,distract4,distract5,distract6,dricond1,dricond2,dricond3,dricond4,dricond5,dricond6,dzip,licstate,drhgt_in,weight,noncdl,noncdltype,prevdwi,prevoth,prevacc,prevspd,prevsus,driviol1,driviol2,driviol3,driviol4,driviol5,driviol6,spdrel,first_dt,last_dt,airbag,ejection,ejectpath,extricat,injurwrk,methalc,methdrug,nmlocat,strikveh,prf1,prf2,prf3,druginv,alcinvol,drugsts,drugres1,drugres2,drugres3,drugtst1,drugtst2,drugtst3,alcsts,alctst,alcres,nmact1,nmact2,nmact3,nmact4,nmact5,nmact6,nmprior1,nmprior2,nmprior3,nmprior4,nmprior5,nmprior6,nmcond1,nmcond2,nmcond3,nmcond4,nmcond5,nmcond6,nmsafe_helmet,nmsafe_pads,nmsafe_oth,nmprev_ref,nmprev_lgt,nmprev_oth,crashlocation,nmcrashtype,crosswalk,schoolzone,sidewalk,train_inv,wildlife_inv,rotr_fars,intersect_fars,dd_inv,aid_inv,dpd_inv,id_inv,mj_inv,impnm_inv,ainm_inv,dpnm_inv,speed_inv,unlic_inv,unendmc_inv,drowsy_inv,drdist_inv,nmdist_inv,fty_inv,unrestfat_inv,dr1617_inv,dr1820_inv,dr1620_inv,dr2125_inv,dr1625_inv,dr65_inv,dr70_inv,dr75_inv,mc_inv,pv_inv,ht_inv,ped_inv,bike_inv,unrest_fat,mc_fat,unhelmet_mc,pv_fat,ht_fat,ped_fat,bike_fat,dr_alc7,dr_alc8,dr_drug,dr_imp,dr_dist,dr_spd,dr_fty,dr_unlic,dr_alc7only,dr_alc8only,dr_drugonly,dr_drink,nm_imp,nm_alc7,nm_alc8,nm_drug,nm_dist,agegrp1,agegrp2,roadclass,urbrur,dayweek,restuse,vehtype,race_me,intersect,lanedep,oppdir,wrongway,rep_typ,investag,repag_long,rotr,st_rd,cty_rd,city_rd,oth_rd,drug_thc,thc_res,drug_cthc,cthc_res,drug_cann,prevpersemin,prevperse,prevsusoth,drugtst4,drugtst5,drugtst6,drugtst7,drugtst8,drugres4,drugres5,drugres6,drugres7,drugres8,adspresent,adsengaged,adslevel,race1,race2,race3,race4,race5,helmet,helmetmisuse,nmdistract1,nmdistract2,nmdistract3,nmdistract4,nmdistract5,nmdistract6,lab,isedtcase,crf1,crf2,crf3,CoRoadName,CoMP,IntCoRoadName,IntCoMP
2020,113,EA31480,2,04/30/2020,14:25,30,4,,57,Skagit,1970,10,,1,1,2,1,0,5,3,14:30,14:35,15:17,12,0,6,0,2,0,2,5,2,4,6,0,0,20,3,WARNER ST,Township St,-122.2259056,48.50239167,0,1,87,17,2,25,4,0,0,1,2,1,1,1,2,1,1,3,2,53,0,54,35,2001,0,,12,1,64,14,,,1,1,26,1,0,,1,0,20,7,11,0,,,,,0,0,0,2,1,8,,,,96,,,,,,9,,,,,,98284,53,74,180,1,1,0,1,1,1,,1,,,,,,3,10/15/2015,12/15/2019,1,0,0,0,8,9,8,,,0,,,1,8,2,177,401,417,1,1,1,2,1,0,,,,,,,,,,,,,,,,,,,,,,,,,,,,,,0,0,0,1,0,0,1,1,0,0,0,0,1,1,0,0,0,0,0,1,0,0,0,0,0,0,0,0,0,1,0,0,0,0,0,,0,0,0,0,0,0,1,1,0,1,0,1,0,0,1,0,,,,,,26-30,26-35,City street,U,Thursday,Not Used,PV,Not Fatal,1,0,0,0,City Street,State Patrol,Washington State Patrol,0,0,0,1,0,,,,,,0,0,7,,,,,,,,,,,98,98,98,0,,,,,20,7,,,,,,,,1,0,,,,,,
2020,113,EA31480,2,04/30/2020,14:25,30,4,,57,Skagit,1970,10,,1,1,2,1,0,5,3,14:30,14:35,15:17,12,0,6,0,2,0,2,5,2,4,6,0,0,0,0,WARNER ST,Township St,-122.2259056,48.50239167,0,2,86,66,4,25,4,0,0,1,2,12,1,1,2,1,1,2,1,53,0,14,6,1994,0,,12,,,,,,1,1,40,1,0,,0,0,3,0,11,0,,,,,0,0,3,3,1,0,,,,0,,,,,,0,,,,,,98284,53,74,290,6,1,0,1,0,0,,0,,,,,,0,04/15/2017,04/15/2017,20,0,0,0,8,9,8,,,0,,,8,8,0,0,,,0,,,0,0,996,,,,,,,,,,,,,,,,,,,,,,,,,,,,,,0,0,0,1,0,0,1,1,0,0,0,0,1,1,0,0,0,0,0,1,0,0,0,0,0,0,0,0,0,1,0,0,0,0,0,,0,0,0,0,0,0,0,0,0,0,0,0,0,0,0,0,,,,,,36-40,36-45,City street,U,Thursday,Belt Used,PV,Not Fatal,1,0,0,0,City Street,State Patrol,Washington State Patrol,0,0,0,1,0,,,,,,0,0,0,,,,,,,,,,,0,0,0,0,,,,,20,7,,,,,,,,1,0,,,,,,
2020,114,EA31552,290,05/01/2020,19:08,1,5,,53,Pierce,2230,10,,1,1,2,2,0,3,1,18:17,18:27,19:34,59,0,0,0,1,0,1,3,2,4,6,0,0,0,0,S 74TH ST,,-122.4848778,47.19034167,0,1,1,13,2,35,2,0,0,1,2,59,2,3,5,5,14,3,9,53,0,7,28,2016,0,,63,59,,,,,1,1,20,1,7,,4,0,99,7,11,0,05/01/2020,19:55,2.23E+11,21087,0,0,0,0,1,0,,,,96,,,,,,98,,,,,,97007,41,71,130,0,0,0,0,0,0,,0,,,,,,3,,,99,1,9,0,0,9,8,,,0,,,8,8,8,95,,,96,,,8,95,995,,,,,,,,,,,,,,,,,,,,,,,,,,,,,,0,0,1,0,0,0,0,0,0,0,0,0,1,1,0,0,0,0,0,0,0,1,1,0,1,0,0,0,0,1,0,0,0,0,0,,1,0,0,0,0,0,0,0,0,1,0,1,0,0,0,0,,,,,,18-20,16-25,City street,U,Friday,Unknown,PV,Black,0,1,0,0,City Street,Municipal/City Police,Tacoma Police Department,1,0,0,1,0,,,,,,0,0,0,,,,,,,,,,,98,98,98,2,,,,,20,7,,,,,,,,1,0,,,,,,
2020,115,EA31740,3,05/02/2020,5:04,2,5,,53,Pierce,0,2,,2,2,2,1,0,2,1,4:09,4:16,,52,0,0,10.9,3,0,3,3,2,1,3,0,0,0,0,SR-302,131ST ST KP N,-122.7079694,47.37727778,0,1,1,13,2,45,34,0,0,1,2,42,1,4,2,1,1,2,2,53,0,7,472,1999,0,,63,52,67,42,1,,1,1,39,1,7,,4,7,20,7,11,0,05/02/2020,5:04,53021086,21086,0,0,0,2,1,0,,,,96,,,,,,9,,,,,,98352,53,72,160,1,1,0,1,1,2,,0,,,,,,0,01/15/2016,07/15/2018,20,2,9,0,0,1,1,,,0,,,1,1,2,401,417,128,1,1,1,2,1,0,,,,,,,,,,,,,,,,,,,,,,,,,,,,,,0,0,1,1,1,0,1,1,0,0,0,0,0,1,0,0,0,0,0,1,0,0,0,0,0,0,0,0,0,1,0,0,0,1,0,,1,0,0,0,0,0,1,1,0,0,0,1,0,0,1,1,,,,,,36-40,36-45,State route,U,Saturday,Not Used,PV,White,0,1,0,0,State Route,State Patrol,Washington State Patrol,1,1,0,0,0,,,,,,0,0,2,1,,,,,177,,,,,0,0,0,1,,,,,20,7,,,,,,,,1,0,,,,,,
2020,116,EA31779,305,04/24/2020,19:32,24,4,,11,Clark,2370,1,,5,1,2,1,0,2,1,19:35,19:40,20:03,39,0,0,0,3,0,3,3,2,4,6,0,0,0,0,SE 164TH AVE,SE 5TH ST,-122.5042889,45.61819722,0,1,1,13,2,40,5,0,0,1,2,39,1,1,2,2,1,2,1,41,0,49,46,2015,0,,63,39,,,,,1,1,30,1,0,,2,0,3,0,11,0,,,,,0,0,0,3,1,91,,,,96,,,,,,9,,,,,,97217,41,66,180,6,1,0,0,0,0,,1,,,,,,0,,,8,0,0,0,8,3,2,,,0,,,1,8,2,351,605,,1,1,,2,1,0,,,,,,,,,,,,,,,,,,,,,,,,,,,,,,0,0,1,1,0,0,1,1,1,0,0,0,0,0,0,0,0,0,0,0,0,0,0,0,0,0,0,0,0,1,0,0,0,0,0,,0,0,0,0,0,0,1,1,0,0,0,0,0,0,1,0,,,,,,26-30,26-35,City street,U,Friday,Belt Used,PV,Not Fatal,0,1,0,0,City Street,Municipal/City Police,Vancouver Police Department,1,0,0,1,0,thc,10,carboxy-thc,888,,0,0,0,,,,,,,,,,,98,98,98,0,,,,,20,7,,,,,,,,1,0,,,,,,
2020,117,EA31844,339,04/28/2020,17:35,28,4,,63,Spokane,2113,1,,1,1,2,1,0,5,2,,,,12,0,6,9999.8,2,0,3,4,2,4,6,0,0,0,0,E 4TH AVE,S McKinnon Rd,-117.3325694,47.65350556,0,1,98,10,2,35,80,0,0,1,2,12,1,1,2,1,6,1,2,16,0,53,706,2014,0,,68,12,64,59,,,1,1,30,1,7,,4,7,20,7,11,0,04/28/2020,17:35,2.11E+11,20122,0,0,0,2,1,33,,,,96,,,,,,98,,,,,,99206,53,73,160,1,1,0,1,0,1,,0,,,,,,4,11/15/2015,12/15/2017,20,8,0,0,0,9,8,,,0,,,8,8,2,401,417,128,1,1,1,2,1,0,,,,,,,,,,,,,,,,,,,,,,,,,,,,,,0,0,0,1,0,0,1,1,1,0,0,0,1,1,1,0,0,0,0,0,0,0,0,0,0,0,0,0,1,1,0,0,0,0,1,0,0,0,0,0,0,0,1,1,0,1,0,1,0,0,1,0,,,,,,26-30,26-35,City street,U,Tuesday,,MC,White,1,0,0,0,City Street,Municipal/City Police,Spokane Valley Police Department,0,0,0,1,0,,,,,,0,0,4,1,1,1,,,177,151,996,,,0,0,0,1,,,,,19,0,,,,,,,,1,0,,,,,,
2020,117,EA31844,339,04/28/2020,17:35,28,4,,63,Spokane,2113,1,,1,1,2,1,0,5,2,,,,12,0,6,9999.8,2,0,3,4,2,4,6,0,0,0,0,E 4TH AVE,S McKinnon Rd,-117.3325694,47.65350556,0,2,98,60,4,35,15,0,0,1,2,12,1,1,2,1,11,4,2,53,0,3,421,2003,0,,12,,,,,,1,1,38,2,0,,1,0,3,0,11,0,,,,,0,0,0,3,1,0,,,,96,,,,,,0,,,,,,99207,53,68,200,6,1,0,0,0,0,,0,,,,,,0,,,20,0,0,0,8,9,8,,,0,,,8,8,2,695,,,1,,,2,1,0,,,,,,,,,,,,,,,,,,,,,,,,,,,,,,0,0,0,1,0,0,1,1,1,0,0,0,1,1,1,0,0,0,0,0,0,0,0,0,0,0,0,0,1,1,0,0,0,0,0,,0,0,0,0,0,0,1,1,0,0,0,0,0,0,1,0,,,,,,36-40,36-45,City street,U,Tuesday,Belt Used,PV,Not Fatal,1,0,0,0,City Street,Municipal/City Police,Spokane Valley Police Department,0,0,0,1,0,,,carboxy-thc,5.1,,0,0,0,,,,,,,,,,,98,98,98,0,,,,,20,7,,,,,,,,1,0,,,,,,
2020,118,EA31937,35,05/01/2020,1:18,1,5,,53,Pierce,0,1,,6,1,2,1,0,2,1,1:19,1:28,2:03,30,0,0,9,1,0,1,3,2,2,4,0,0,0,0,CR-CANYON ROAD E,,-122.3576417,47.12261667,0,1,1,9,1,45,4,0,0,1,2,30,1,1,6,1,1,2,2,53,0,41,50,2016,0,,63,30,30,,,,1,1,19,1,7,,4,7,99,7,11,0,05/01/2020,1:18,53020476,20476,0,0,0,3,1,0,,,,96,,,,,,9,,,,,,98375,53,75,148,6,1,0,0,0,1,,0,,,,,,0,04/15/2020,04/15/2020,8,0,0,0,0,1,1,,,0,,,1,1,2,695,605,,1,1,,2,1,0.117,,,,,,,,,,,,,,,,,,,,,,,,,,,,,,0,0,1,0,1,1,1,1,1,0,0,0,0,0,0,0,0,0,0,0,0,1,1,0,1,0,0,0,0,1,0,0,0,0,0,,1,0,0,0,0,1,1,1,0,0,0,0,0,0,0,1,,,,,,18-20,16-25,County road,U,Friday,Unknown,PV,Multiracial,0,1,0,0,County Road,County Sheriff,Law Enforcement Support Agency,1,0,1,0,0,thc,11,carboxy-thc,66,,0,0,0,,,,,,,,,,,98,98,98,202,205,298,,,20,7,,,,,,,nms,1,0,,,CANYON RD E,8.96,,
2020,120,EA32098,35,05/01/2020,13:49,1,5,,53,Pierce,0,1,,1,1,2,1,0,1,1,,,,98,0,0,1.8,1,0,1,6,1,2,4,0,0,0,0,CR-TISCH RD S,,-122.515725,46.96060556,0,1,1,13,2,35,90,0,0,1,5,98,2,1,2,1,14,1,1,53,0,98,739,2007,0,,63,98,,,,,1,1,18,1,7,,4,7,20,7,11,0,05/01/2020,13:49,53021407,21407,0,0,0,0,1,0,,,,96,,,,,,9,,,,,,98338,53,69,112,0,0,0,0,0,0,,0,,,,,,4,,,20,1,9,0,0,9,8,,,0,,,1,8,2,695,605,,1,1,,2,1,0,,,,,,,,,,,,,,,,,,,,,,,,,,,,,,0,0,1,0,0,0,1,1,1,0,0,0,1,1,0,0,0,0,0,0,0,1,1,0,1,0,0,0,0,0,0,0,0,0,0,,0,0,0,0,0,0,1,1,0,1,0,1,0,0,1,0,,,,,,18-20,16-25,County road,R,Friday,,OTHVT,White,0,1,0,0,County Road,County Sheriff,Law Enforcement Support Agency,1,0,1,0,0,thc,7.3,carboxy-thc,17,,0,0,0,,,,,,,,,,,0,0,0,1,,,,,19,0,,,,,,,,1,0,,,TISCH RD S,1.75,,
2020,123,EA32328,278,05/04/2020,23:10,4,5,,63,Spokane,2110,1,,3,1,2,1,0,2,2,23:15,23:19,23:54,14,0,0,0,3,0,3,6,2,4,6,0,0,0,0,E SOUTH RIVERTON AVE,N Cook St,-117.3738222,47.67811667,0,1,11,12,2,98,4,0,0,1,2,14,8,8,2,1,1,2,2,53,0,49,40,1997,0,,68,64,14,3,,,1,1,17,1,0,,3,0,3,0,11,5,,,,,0,0,0,0,1,0,,,,92,,,,,,98,,,,,,99207,53,72,155,0,0,0,0,0,0,,97,,,,,,0,,,20,0,0,0,8,9,8,,,0,,,8,8,2,695,605,401,1,1,1,2,1,0.039,,,,,,,,,,,,,,,,,,,,,,,,,,,,,,0,0,0,1,1,0,1,1,1,0,0,0,0,1,0,0,1,0,0,0,1,0,1,0,1,0,0,0,0,1,0,0,0,0,0,,0,0,0,0,1,0,1,1,1,0,0,1,0,0,0,1,,,,,,16-17,16-25,City street,U,Monday,Belt Used,PV,Not Fatal,0,1,0,0,City Street,Municipal/City Police,Spokane Police Department,1,0,0,1,0,thc,8.1,carboxy-thc,50,,0,0,0,,,,,,,,,,,0,0,0,0,,,,,20,7,,,,,,,,1,0,,,,,,
2020,124,EA32339,2,04/08/2020,22:06,8,4,,61,Snohomish,0,1,,2,1,2,1,0,2,1,22:24,22:30,22:50,35,0,0,185.1,1,0,1,1,2,1,1,0,0,0,0,I-5,,-122.2456167,47.86511667,0,1,1,13,2,60,80,0,0,1,2,35,3,1,4,3,14,2,1,53,0,53,706,2003,0,,63,35,,,,,1,1,37,1,0,,3,0,20,7,11,5,,,,,0,0,0,3,1,91,,,,96,,,,,,9,,,,,,98208,53,76,250,6,1,0,3,0,1,,1,,,,,,3,06/15/2015,10/15/2019,20,8,0,0,8,9,8,,,0,,,8,1,2,1,,,1,,,2,1,0.081,,,,,,,,,,,,,,,,,,,,,,,,,,,,,,0,0,1,0,1,1,0,1,0,0,0,0,1,0,0,0,0,0,0,0,0,0,0,0,0,0,0,0,1,0,0,0,0,0,0,0,0,0,0,0,0,1,0,1,0,1,0,0,0,1,0,1,,,,,,36-40,36-45,Interstate,U,Wednesday,,MC,Not Fatal,0,1,0,0,State Route,State Patrol,Washington State Patrol,1,1,0,0,0,,,,,,0,0,1,,,,,,,,,,,0,0,0,0,,,,,5,0,,,,,,,,1,0,,,,,,
2020,125,EA32382,40,05/06/2020,8:52,6,5,,63,Spokane,0,2,,1,2,2,1,0,1,1,,,,42,0,0,9.3,1,0,1,5,1,2,4,0,0,0,0,CR-N ELK CHATTAROY RD,,-117.2606417,47.95193889,0,1,7,12,2,45,34,0,0,1,5,42,1,2,2,1,1,1,1,53,0,41,471,1999,0,,68,64,42,,,,1,1,92,2,7,,4,7,20,7,11,0,05/06/2020,8:52,53021381,21381,0,0,0,3,1,0,,,,92,,,,,,98,,,,,,99003,53,61,150,6,1,0,0,0,0,,0,,,,,,0,,,1,0,0,0,0,9,8,,,0,,,8,8,2,1,,,1,,,2,1,0,,,,,,,,,,,,,,,,,,,,,,,,,,,,,,0,0,0,0,0,0,0,0,0,0,0,0,0,0,0,0,1,0,0,1,0,0,0,0,0,1,1,1,0,1,0,0,0,1,0,,1,0,0,0,0,0,0,0,1,0,0,0,0,0,0,0,,,,,,81+,76+,County road,R,Wednesday,Not Used,PV,White,0,1,0,0,County Road,County Sheriff,Spokane County Sheriff's Office,1,0,1,0,0,,,,,,0,0,0,,,,,,,,,,,0,0,0,1,,,,,20,7,,,,,,,,1,0,,,ELK-CHATTAROY RD,9.31,,
2020,126,EA32402,42,05/05/2020,16:42,5,5,,67,Thurston,0,1,,1,1,2,1,0,1,1,,,,42,0,0,1.4,1,0,1,6,1,2,4,0,0,0,0,CR-JAMES RD SW,,-123.0735028,46.80743056,0,1,7,9,1,40,80,0,0,1,5,42,2,1,2,1,3,1,2,55,0,72,706,2019,0,,68,64,67,42,,,1,1,49,1,7,,4,7,20,7,11,0,05/05/2020,16:42,53021567,21567,0,0,0,3,1,0,,,,96,,,,,,98,,,,,,98579,53,70,230,6,1,0,0,0,0,,0,,,,,,3,,,20,8,0,0,0,9,8,,,0,,,8,8,2,605,,,1,,,2,1,0.19,,,,,,,,,,,,,,,,,,,,,,,,,,,,,,0,0,0,0,1,1,1,1,1,0,0,0,1,0,0,0,0,0,0,0,0,0,0,0,0,0,0,0,1,0,0,0,0,0,1,0,0,0,0,0,0,1,1,1,0,1,0,0,0,0,0,1,,,,,,46-50,46-55,County road,R,Tuesday,,MC,White,0,1,0,0,County Road,County Sheriff,Thurston County Sheriff's Office,1,0,1,0,0,thc,1.1,,,,0,0,0,,,,,,,,,,,0,0,0,1,,,,,5,0,,,,,,,,1,0,,,JAMES RD SW,1.416,,
2020,127,EA32570,25,05/07/2020,8:24,7,5,,33,King,0,1,,1,1,2,1,0,3,2,8:26,8:31,,12,0,2,0.2,2,0,3,3,2,1,3,0,0,3,3,SR-104,HOME DEPOT/COSTCO ENTRY,-122.342525,47.77761389,0,2,69,62,4,35,80,0,0,1,2,12,1,1,5,1,1,1,1,53,0,72,706,2004,0,,12,,,,,,1,1,45,1,7,,4,7,20,7,11,0,05/07/2020,8:24,53021530,21530,0,0,0,3,1,0,,,,96,,,,,,0,,,,,,98072,53,72,205,6,1,0,0,0,0,,0,,,,,,0,,,20,8,0,0,0,9,8,,,0,,,8,8,2,695,605,,1,1,,2,1,0,,,,,,,,,,,,,,,,,,,,,,,,,,,,,,0,0,0,1,0,0,1,1,1,0,0,0,0,0,0,0,1,0,1,0,0,0,0,0,0,0,0,0,1,1,0,0,0,0,1,0,0,0,0,0,0,0,1,1,0,0,0,0,0,0,1,0,,,,,,41-45,36-45,State route,U,Thursday,,MC,White,1,0,0,0,State Route,County Sheriff,King County Police,0,1,0,0,0,thc,39,carboxy-thc,22,,0,0,0,,,,,,,,,,,0,0,0,1,,,,,5,0,,,,,,,nms,1,0,,,,,,
2020,127,EA32570,25,05/07/2020,8:24,7,5,,33,King,0,1,,1,1,2,1,0,3,2,8:26,8:31,,12,0,2,0.2,2,0,3,3,2,1,3,0,0,3,3,SR-104,HOME DEPOT/COSTCO ENTRY,-122.342525,47.77761389,0,1,68,15,2,35,14,0,0,1,2,12,1,1,5,1,11,2,1,53,0,7,402,2001,0,,12,,,,,,1,1,60,1,0,,0,0,3,0,11,0,,,,,0,0,0,3,1,38,,,,15,,,,,,98,,,,,,98290,53,65,160,6,1,0,1,0,1,,97,,,,,,0,03/15/2018,06/15/2019,20,0,0,0,8,9,8,,,0,,,8,8,0,0,,,0,,,0,0,996,,,,,,,,,,,,,,,,,,,,,,,,,,,,,,0,0,0,1,0,0,1,1,1,0,0,0,0,0,0,0,1,0,1,0,0,0,0,0,0,0,0,0,1,1,0,0,0,0,0,,0,0,0,0,0,0,0,0,1,0,1,0,0,0,0,0,,,,,,56-60,56-65,State route,U,Thursday,Belt Used,PV,Not Fatal,1,0,0,0,State Route,County Sheriff,King County Police,0,1,0,0,0,,,,,,0,0,0,,,,,,,,,,,98,98,98,0,,,,,20,7,,,,,,,,1,0,,,,,,
2020,128,EA32583,297,05/03/2020,23:25,3,5,,33,King,2310,1,,3,1,2,1,1,1,1,,,,8,1,0,9999.8,3,1,4,1,2,1,1,0,0,3,3,I-5 RAMP,SOUTHCENTER BLVD,-122.2624167,47.46460833,0,1,13,80,5,35,4,0,0,1,5,8,8,8,1,6,10,99,9,53,0,20,2,2007,0,,8,,,,,,1,1,999,9,0,,9,0,99,7,11,8,,,,,99,0,9,9,1,38,,,,96,,,,,,98,,,,,,99999,99,,999,9,9,99,99,99,99,,1,,,,,,3,,,99,0,0,0,8,9,8,,,0,,,8,8,0,0,,,0,,,0,0,996,,,,,,,,,,,,,,,,,,,,,,,,,,,,,,0,0,0,1,0,0,0,0,0,0,0,0,1,0,0,0,0,0,1,0,0,0,0,0,0,0,0,0,0,1,0,1,0,0,0,,0,0,0,0,0,0,0,0,0,1,1,0,0,0,0,0,,,,,,,,Interstate,U,Sunday,Unknown,PV,Not Fatal,0,0,0,0,City Street,Municipal/City Police,Tukwila Police Department,0,0,0,1,0,,,,,,99,99,99,,,,,,,,,,,98,98,98,0,,,,,20,7,,,,,,,,1,0,,,,,,
2020,129,EA32709,7,05/08/2020,1:13,8,5,,33,King,100,1,,3,1,2,1,0,2,2,1:15,1:23,1:52,12,0,2,18.3,1,0,1,3,2,1,3,0,0,0,0,SR-167,,-122.2446861,47.32770278,0,2,52,54,3,98,14,0,0,1,2,12,1,1,3,3,1,1,1,53,0,49,402,2016,0,,12,,,,,,1,1,62,1,0,,3,0,3,0,11,5,,,,,0,0,0,3,1,0,,,,96,,,,,,0,,,,,,98059,53,65,125,6,1,0,1,1,0,,0,,,,,,0,12/15/2015,09/15/2017,20,0,0,0,8,9,8,,,0,,,8,8,2,1,,,1,,,2,1,0,,,,,,,,,,,,,,,,,,,,,,,,,,,,,,0,0,0,0,1,1,1,1,1,0,0,0,0,0,0,0,0,0,0,0,0,0,0,0,0,0,0,0,0,1,0,0,0,0,0,,0,0,0,0,0,0,0,0,0,0,0,0,0,0,0,0,,,,,,61-65,56-65,State route,U,Friday,Belt Used,PV,Not Fatal,0,0,0,1,State Route,State Patrol,Washington State Patrol,0,1,0,0,0,,,,,,0,0,0,,,,,,,,,,,98,98,98,0,,,,,20,7,,,,,,,,1,0,,,,,,
2020,129,EA32709,7,05/08/2020,1:13,8,5,,33,King,100,1,,3,1,2,1,0,2,2,1:15,1:23,1:52,12,0,2,18.3,1,0,1,3,2,1,3,0,0,0,0,SR-167,,-122.2446861,47.32770278,0,1,52,54,3,98,6,0,0,1,2,12,1,1,3,3,1,1,1,53,0,49,47,2003,0,,12,,,,,,1,1,33,2,7,,4,7,3,0,11,0,05/08/2020,1:13,10053022458,22458,0,0,3,3,1,51,,,,96,,,,,,9,,,,,,98407,53,62,190,6,1,0,0,1,0,,0,,,,,,0,12/15/2018,12/15/2018,8,0,0,0,0,1,8,,,0,,,1,1,2,695,605,,1,1,,2,1,0.24,,,,,,,,,,,,,,,,,,,,,,,,,,,,,,0,0,0,0,1,1,1,1,1,0,0,0,0,0,0,0,0,0,0,0,0,0,0,0,0,0,0,0,0,1,0,0,0,0,0,,1,0,0,0,0,1,1,1,0,0,0,0,0,0,0,1,,,,,,31-35,26-35,State route,U,Friday,Belt Used,PV,White,0,0,0,1,State Route,State Patrol,Washington State Patrol,0,1,0,0,0,thc,12,carboxy-thc,888,,0,0,0,,,,,,,,,,,98,98,98,1,,,,,20,7,,,,,,,,1,0,,,,,,
2020,130,EA33044,3,05/10/2020,6:55,10,5,,53,Pierce,0,1,,1,1,2,1,0,1,1,,,,35,0,0,10.6,1,0,1,4,2,1,3,0,0,0,0,SR-162,,-122.1544472,47.09616944,0,1,1,6,1,45,80,0,0,1,5,43,3,1,2,1,6,1,1,53,0,72,706,2019,0,,63,35,43,,,,1,1,55,1,7,,4,7,20,7,11,0,05/10/2020,6:55,53021751,21751,0,0,0,3,1,0,,,,96,,,,,,9,,,,,,98371,53,73,240,6,1,0,0,1,0,,0,,,,,,3,01/15/2019,01/15/2019,20,8,0,0,0,9,8,,,0,,,1,8,2,695,605,,1,1,,2,1,0,,,,,,,,,,,,,,,,,,,,,,,,,,,,,,0,0,1,0,0,0,1,1,1,0,0,0,1,0,0,0,0,0,0,0,0,0,0,0,0,0,0,0,1,0,0,0,0,0,1,0,0,0,0,0,0,0,1,1,0,1,0,0,0,0,1,0,,,,,,51-55,46-55,State route,U,Sunday,,MC,White,0,1,0,0,State Route,State Patrol,Washington State Patrol,1,1,0,0,0,thc,18,carboxy-thc,19,,0,0,0,,,,,,,,,,,0,0,0,1,,,,,5,0,,,,,,,,1,0,,,,,,
2020,131,EA33074,39,05/08/2020,20:58,8,5,,61,Snohomish,0,1,,2,1,2,1,0,4,2,21:01,21:11,21:34,12,0,2,4.1,1,0,1,4,2,2,4,0,0,0,0,CR-84TH ST NE,,-122.0265889,48.07230278,0,2,51,62,4,50,14,0,0,1,2,12,1,1,2,1,1,3,1,53,0,14,402,2006,0,,12,,,,,,1,1,79,1,7,,4,7,20,7,11,0,05/08/2020,20:58,53022587,22587,0,0,3,2,1,0,,,,96,,,,,,0,,,,,,98022,53,66,150,1,1,0,2,3,0,,0,,,,,,0,07/15/2015,12/15/2018,1,0,0,0,0,9,8,,,0,,,8,8,2,401,417,,1,1,,2,1,0,,,,,,,,,,,,,,,,,,,,,,,,,,,,,,0,0,0,0,0,0,1,1,0,0,0,0,0,1,0,0,1,0,0,1,0,0,0,0,0,1,1,1,0,1,0,0,0,1,0,,1,0,0,0,0,0,1,1,0,0,0,1,0,0,1,0,,,,,,76-80,76+,County road,U,Friday,Not Used,PV,White,0,1,1,0,County Road,County Sheriff,Snohomish County Sheriff's Office,0,0,1,0,0,,,,,,0,0,4,,,,,,,,,,,98,98,98,1,,,,,20,7,,,,,,,,1,0,,,84TH ST NE,4.063,,
2020,131,EA33074,39,05/08/2020,20:58,8,5,,61,Snohomish,0,1,,2,1,2,1,0,4,2,21:01,21:11,21:34,12,0,2,4.1,1,0,1,4,2,2,4,0,0,0,0,CR-84TH ST NE,,-122.0265889,48.07230278,0,1,50,10,2,50,14,0,0,1,2,12,1,1,2,1,1,1,2,53,0,49,401,1985,0,,68,12,,,,,1,1,31,1,0,,3,0,99,7,11,5,,,,,0,0,0,2,1,28,,,,92,,,,,,98,,,,,,98252,53,72,200,1,1,0,1,0,0,,97,,,,,,0,02/15/2018,06/15/2020,20,0,0,0,8,9,8,,,0,,,8,8,8,95,,,96,,,8,95,995,,,,,,,,,,,,,,,,,,,,,,,,,,,,,,0,0,0,0,0,0,1,1,0,0,0,0,0,1,0,0,1,0,0,1,0,0,0,0,0,1,1,1,0,1,0,0,0,0,0,,0,0,0,0,0,0,0,0,1,0,0,1,0,0,0,0,,,,,,31-35,26-35,County road,U,Friday,Unknown,PV,Not Fatal,0,1,1,0,County Road,County Sheriff,Snohomish County Sheriff's Office,0,0,1,0,0,,,,,,0,0,2,,,,,,,,,,,0,0,0,0,,,,,20,7,,,,,,,,1,0,,,84TH ST NE,4.063,,