year,case,par,repjur,crash_dt,crash_tm,accday,accmon,holiday,county,co_char,city,weather,weather2,lightcond,surfcond,surftype,numfatal,nmforms,pforms,vforms,not_tm,arr_tm,hosp_tm,fhevent,hitrun,manncol,milepnt,reljunc,reljuncinter,intersectiontype,funcsystem,landuse,ownership,route,schlbus,spejur,contdev,devfunc,trafid1,trafid2,x,y,wk_zone,vnumber,crashtype,criticalevent,criticaleventcat,spdlim,body,trailer,emerg,hazcargo,leave,mhevent,roadalgn,roadprof,traflane,trafflow,vehmanvr,numoccs,regowner,regstate,spuse,make,model,modelyr,vrf1,vrf2,seqevent1,seqevent2,seqevent3,seqevent4,seqevent5,seqevent6,pnumber,ptype,age,sex,hispanic,race,injury,diedscene,restraint,restraintmisuse,seatpos,takehosp,death_dt,death_tm,cert,cernum_wa,commlic,licendor,licrestrict,liccomp,drivpres,drf1,drf2,drf3,drf4,distract1,distract2,distract3,distract4,distract5,distract6,dricond1,dricond2,dricond3,dricond4,dricond5,dricond6,dzip,licstate,drhgt_in,weight,noncdl,noncdltype,prevdwi,prevoth,prevacc,prevspd,prevsus,driviol1,driviol2,driviol3,driviol4,driviol5,driviol6,spdrel,first_dt,last_dt,airbag,ejection,ejectpath,extricat,injurwrk,methalc,methdrug,nmlocat,strikveh,prf1,prf2,prf3,druginv,alcinvol,drugsts,drugres1,drugres2,drugres3,drugtst1,drugtst2,drugtst3,alcsts,alctst,alcres,nmact1,nmact2,nmact3,nmact4,nmact5,nmact6,nmprior1,nmprior2,nmprior3,nmprior4,nmprior5,nmprior6,nmcond1,nmcond2,nmcond3,nmcond4,nmcond5,nmcond6,nmsafe_helmet,nmsafe_pads,nmsafe_oth,nmprev_ref,nmprev_lgt,nmprev_oth,crashlocation,nmcrashtype,crosswalk,schoolzone,sidewalk,train_inv,wildlife_inv,rotr_fars,intersect_fars,dd_inv,aid_inv,dpd_inv,id_inv,mj_inv,impnm_inv,ainm_inv,dpnm_inv,speed_inv,unlic_inv,unendmc_inv,drowsy_inv,drdist_inv,nmdist_inv,fty_inv,unrestfat_inv,dr1617_inv,dr1820_inv,dr1620_inv,dr2125_inv,dr1625_inv,dr65_inv,dr70_inv,dr75_inv,mc_inv,pv_inv,ht_inv,ped_inv,bike_inv,unrest_fat,mc_fat,unhelmet_mc,pv_fat,ht_fat,ped_fat,bike_fat,dr_alc7,dr_alc8,dr_drug,dr_imp,dr_dist,dr_spd,dr_fty,dr_unlic,dr_alc7only,dr_alc8only,dr_drugonly,dr_drink,nm_imp,nm_alc7,nm_alc8,nm_drug,nm_dist,agegrp1,agegrp2,roadclass,urbrur,dayweek,restuse,vehtype,race_me,intersect,lanedep,oppdir,wrongway,rep_typ,investag,repag_long,rotr,st_rd,cty_rd,city_rd,oth_rd,drug_thc,thc_res,drug_cthc,cthc_res,drug_cann,prevpersemin,prevperse,prevsusoth,drugtst4,drugtst5,drugtst6,drugtst7,drugtst8,drugres4,drugres5,drugres6,drugres7,drugres8,adspresent,adsengaged,adslevel,race1,race2,race3,race4,race5,helmet,helmetmisuse,nmdistract1,nmdistract2,nmdistract3,nmdistract4,nmdistract5,nmdistract6,lab,isedtcase,crf1,crf2,crf3,CoRoadName,CoMP,IntCoRoadName,IntCoMP
2020,132,EA33333,8,05/04/2020,9:41,4,5,,35,Kitsap,0,1,,1,1,1,1,0,2,2,9:46,9:47,,12,0,6,34.2,2,0,2,3,2,1,3,0,0,3,3,SR-3,SAM CHRISTOPHERSON,-122.704525,47.52563889,0,1,88,17,2,40,80,0,0,1,2,12,1,3,3,1,6,1,2,53,0,53,706,2008,0,,12,,,,,,1,1,35,1,7,,4,7,20,7,11,0,05/04/2020,9:41,53021682,21682,0,0,3,2,1,8,33,39,,96,,,,,,98,,,,,,98366,53,72,170,1,1,1,0,1,2,,0,,,,,,0,06/15/2016,08/15/2019,20,8,0,0,0,9,8,,,0,,,8,8,2,401,417,128,1,1,1,2,1,0,,,,,,,,,,,,,,,,,,,,,,,,,,,,,,0,0,0,1,0,0,1,1,1,0,0,0,0,1,1,0,0,0,0,0,0,0,0,0,0,0,0,0,1,1,0,0,0,0,1,0,0,0,0,0,0,0,1,1,0,0,0,1,0,0,1,0,,,,,,31-35,26-35,State route,U,Monday,,MC,White,1,0,0,0,State Route,State Patrol,Washington State Patrol,0,1,0,0,0,thc,0.55,carboxy-thc,10,,0,1,10,1,1,1,,,177,695,605,,,0,0,0,1,,,,,5,0,,,,,,,nms,1,0,,,,,,
2020,132,EA33333,8,05/04/2020,9:41,4,5,,35,Kitsap,0,1,,1,1,1,1,0,2,2,9:46,9:47,,12,0,6,34.2,2,0,2,3,2,1,3,0,0,3,3,SR-3,SAM CHRISTOPHERSON,-122.704525,47.52563889,0,2,89,66,4,35,14,0,0,1,2,12,1,3,3,1,1,1,2,53,0,48,401,2007,0,,12,,,,,,1,1,52,1,0,,0,0,3,0,11,0,,,,,0,0,0,3,1,0,,,,96,,,,,,0,,,,,,98366,53,67,150,6,1,0,0,0,0,,0,,,,,,0,,,1,0,0,0,8,3,8,,,0,,,8,8,0,0,,,0,,,0,0,996,,,,,,,,,,,,,,,,,,,,,,,,,,,,,,0,0,0,1,0,0,1,1,1,0,0,0,0,1,1,0,0,0,0,0,0,0,0,0,0,0,0,0,1,1,0,0,0,0,0,,0,0,0,0,0,0,0,0,0,0,0,0,0,0,0,0,,,,,,51-55,46-55,State route,U,Monday,Belt Used,PV,Not Fatal,1,0,0,0,State Route,State Patrol,Washington State Patrol,0,1,0,0,0,,,,,,0,0,0,,,,,,,,,,,98,98,98,0,,,,,20,7,,,,,,,,1,0,,,,,,
2020,133,EA33505,290,05/09/2020,12:53,9,5,,53,Pierce,2230,1,,1,1,2,1,0,5,4,12:52,12:55,,12,0,7,0,1,0,1,5,2,4,6,0,0,0,0,MCKINLEY AVE,,-122.4209917,47.18280278,0,2,48,53,3,30,4,0,0,1,2,12,1,1,2,1,1,1,1,53,0,58,38,2011,0,,12,,,,,,1,1,21,1,0,,0,0,99,7,11,0,,,,,0,0,0,3,1,0,,,,92,,,,,,98,,,,,,98404,53,70,165,6,1,0,0,0,0,,0,,,,,,0,,,20,0,0,0,8,9,8,,,0,,,8,8,8,95,,,96,,,8,95,995,,,,,,,,,,,,,,,,,,,,,,,,,,,,,,0,0,0,0,1,1,1,1,1,0,0,0,0,0,0,0,1,0,0,0,1,0,1,1,1,0,0,0,1,1,0,0,0,0,0,,0,0,0,0,0,0,0,0,1,0,0,0,0,0,0,0,,,,,,21-25,16-25,City street,U,Saturday,Unknown,PV,Not Fatal,0,0,0,0,City Street,Municipal/City Police,Tacoma Police Department,0,0,0,1,0,,,,,,0,0,0,,,,,,,,,,,98,98,98,0,,,,,20,7,,,,,,,,1,0,,,,,,
2020,133,EA33505,290,05/09/2020,12:53,9,5,,53,Pierce,2230,1,,1,1,2,1,0,5,4,12:52,12:55,,12,0,7,0,1,0,1,5,2,4,6,0,0,0,0,MCKINLEY AVE,,-122.4209917,47.18280278,0,3,98,62,4,30,34,0,0,1,2,12,1,1,2,1,1,1,2,53,0,35,471,1989,0,,12,68,64,38,,,1,1,16,1,0,,1,0,99,7,11,5,,,,,0,0,1,3,1,0,,,,96,,,,,,0,,,,,,98404,53,74,140,6,2,0,0,0,0,,0,,,,,,0,,,20,0,0,0,8,9,8,,,0,,,8,8,8,95,,,96,,,8,95,995,,,,,,,,,,,,,,,,,,,,,,,,,,,,,,0,0,0,0,1,1,1,1,1,0,0,0,0,0,0,0,1,0,0,0,1,0,1,1,1,0,0,0,1,1,0,0,0,0,0,,0,0,0,0,0,0,0,0,0,0,0,0,0,0,0,0,,,,,,16-17,16-25,City street,U,Saturday,Unknown,PV,Not Fatal,0,0,0,0,City Street,Municipal/City Police,Tacoma Police Department,0,0,0,1,0,,,,,,0,0,0,,,,,,,,,,,0,0,0,0,,,,,20,7,,,,,,,,1,0,,,,,,
2020,133,EA33505,290,05/09/2020,12:53,9,5,,53,Pierce,2230,1,,1,1,2,1,0,5,4,12:52,12:55,,12,0,7,0,1,0,1,5,2,4,6,0,0,0,0,MCKINLEY AVE,,-122.4209917,47.18280278,0,1,48,51,3,30,80,0,0,1,2,12,1,1,2,1,6,1,1,53,0,72,706,2005,0,,12,68,12,12,,,1,1,41,1,7,,4,7,20,7,11,0,05/09/2020,12:53,2.23E+11,23475,0,0,0,3,1,8,,,,96,,,,,,98,,,,,,98408,53,76,220,6,1,0,1,0,1,,0,,,,,,0,11/15/2017,02/15/2017,20,8,0,0,0,9,8,,,0,,,8,8,2,695,605,,1,1,,2,1,0.21,,,,,,,,,,,,,,,,,,,,,,,,,,,,,,0,0,0,0,1,1,1,1,1,0,0,0,0,0,0,0,1,0,0,0,1,0,1,1,1,0,0,0,1,1,0,0,0,0,1,0,0,0,0,0,0,1,1,1,0,0,0,0,0,0,0,1,,,,,,41-45,36-45,City street,U,Saturday,,MC,White,0,0,0,0,City Street,Municipal/City Police,Tacoma Police Department,0,0,0,1,0,thc,25,carboxy-thc,37,,0,0,2,,,,,,,,,,,0,0,0,1,,,,,19,0,,,,,,,,1,0,,,,,,
2020,133,EA33505,290,05/09/2020,12:53,9,5,,53,Pierce,2230,1,,1,1,2,1,0,5,4,12:52,12:55,,12,0,7,0,1,0,1,5,2,4,6,0,0,0,0,MCKINLEY AVE,,-122.4209917,47.18280278,0,4,98,62,4,30,2,0,0,1,2,12,1,1,2,1,1,2,1,53,0,12,13,1999,0,,12,,,,,,1,1,54,1,0,,0,0,99,7,11,0,,,,,0,0,0,3,1,0,,,,96,,,,,,0,,,,,,98444,53,68,160,6,1,0,0,0,0,,0,,,,,,0,,,20,0,0,0,8,9,8,,,0,,,8,8,8,95,,,96,,,8,95,995,,,,,,,,,,,,,,,,,,,,,,,,,,,,,,0,0,0,0,1,1,1,1,1,0,0,0,0,0,0,0,1,0,0,0,1,0,1,1,1,0,0,0,1,1,0,0,0,0,0,,0,0,0,0,0,0,0,0,0,0,0,0,0,0,0,0,,,,,,51-55,46-55,City street,U,Saturday,Unknown,PV,Not Fatal,0,0,0,0,City Street,Municipal/City Police,Tacoma Police Department,0,0,0,1,0,,,,,,0,0,0,,,,,,,,,,,0,0,0,0,,,,,20,7,,,,,,,,1,0,,,,,,
2020,134,EA33537,297,05/11/2020,14:19,11,5,,33,King,2310,10,,1,1,2,1,0,2,2,14:20,14:28,,1,0,0,0,1,0,1,7,2,4,6,0,0,0,0,CHRISTENSEN RD,,-122.2492111,47.46219444,0,1,98,8,1,35,80,0,0,1,2,12,2,6,5,1,14,1,1,53,0,72,706,2005,0,,1,68,12,,,,1,1,65,1,7,,4,7,20,7,11,0,05/11/2020,14:19,2.31E+11,22761,0,0,0,3,1,28,,,,96,,,,,,98,,,,,,98052,53,69,212,6,1,0,0,0,1,,0,,,,,,0,02/15/2019,02/15/2019,20,8,0,0,0,9,8,,,0,,,8,8,2,1,,,1,,,2,1,0,,,,,,,,,,,,,,,,,,,,,,,,,,,,,,0,0,0,0,0,0,0,0,0,0,0,0,0,0,0,0,0,0,0,0,0,0,0,0,0,1,0,0,1,1,0,0,0,0,1,0,0,0,0,0,0,0,0,0,0,0,0,0,0,0,0,0,,,,,,61-65,56-65,City street,U,Monday,,MC,White,0,0,0,0,City Street,Municipal/City Police,Tukwila Police Department,0,0,0,1,0,,,,,,0,0,0,,,,,,,,,,,0,0,0,1,,,,,5,0,,,,,,,,1,0,,,,,,
2020,134,EA33537,297,05/11/2020,14:19,11,5,,33,King,2310,10,,1,1,2,1,0,2,2,14:20,14:28,,1,0,0,0,1,0,1,7,2,4,6,0,0,0,0,CHRISTENSEN RD,,-122.2492111,47.46219444,0,2,98,62,4,35,4,0,0,1,2,12,3,5,5,1,14,1,1,53,0,37,31,2009,0,,12,,,,,,1,1,43,1,0,,0,0,3,0,11,0,,,,,0,0,0,3,1,0,,,,96,,,,,,98,,,,,,98168,53,66,120,6,1,0,0,0,0,,0,,,,,,0,,,20,0,0,0,8,9,8,,,0,,,8,8,8,95,,,96,,,8,95,995,,,,,,,,,,,,,,,,,,,,,,,,,,,,,,0,0,0,0,0,0,0,0,0,0,0,0,0,0,0,0,0,0,0,0,0,0,0,0,0,1,0,0,1,1,0,0,0,0,0,,0,0,0,0,0,0,0,0,0,0,0,0,0,0,0,0,,,,,,41-45,36-45,City street,U,Monday,Belt Used,PV,Not Fatal,0,0,0,0,City Street,Municipal/City Police,Tukwila Police Department,0,0,0,1,0,,,,,,0,0,0,,,,,,,,,,,98,98,98,0,,,,,20,7,,,,,,,,1,0,,,,,,
2020,135,EA33684,3,05/09/2020,14:51,9,5,,53,Pierce,800,1,,1,1,2,1,0,2,1,14:50,14:59,15:40,1,0,0,12.7,1,0,1,3,2,1,3,0,0,0,0,SR-16,,-122.6144556,47.35795833,0,1,98,9,1,60,80,0,0,1,2,1,1,1,2,3,15,2,1,53,0,72,706,2006,0,,1,,,,,,1,1,55,1,7,,4,0,20,7,11,5,05/09/2020,21:16,2.23E+11,22543,0,0,3,2,1,0,,,,96,,,,,,98,,,,,,98499,53,72,175,6,1,0,0,0,0,,0,,,,,,0,,,20,8,0,0,0,9,8,,,0,,,8,8,8,95,,,96,,,8,95,995,,,,,,,,,,,,,,,,,,,,,,,,,,,,,,0,0,0,0,0,0,0,0,0,0,0,0,0,0,1,0,0,0,0,0,0,0,0,0,0,0,0,0,1,0,0,0,0,0,1,1,0,0,0,0,0,0,0,0,0,0,0,0,0,0,0,0,,,,,,51-55,46-55,State route,U,Saturday,,MC,White,0,0,0,0,State Route,State Patrol,Washington State Patrol,0,1,0,0,0,,,,,,0,0,0,,,,,,,,,,,0,0,0,1,,,,,16,0,,,,,,,,1,0,,,,,,
2020,152,EA33740,269,05/13/2020,14:32,13,5,,33,King,2005,1,,1,1,2,1,0,3,3,14:35,14:38,15:08,12,0,6,0,2,0,2,3,2,4,6,0,0,0,0,NE 175TH ST,10TH AVE NE,-122.3187639,47.75579444,0,3,98,62,4,30,14,0,0,1,2,12,1,2,2,1,1,1,1,53,0,48,401,2017,0,,12,,,,,,1,1,56,2,0,,0,0,3,0,11,0,,,,,0,0,0,3,1,0,,,,96,,,,,,0,,,,,,98115,53,62,152,6,1,0,0,0,0,,0,,,,,,0,,,20,0,0,0,8,9,8,,,0,,,8,8,0,0,,,0,,,0,0,996,,,,,,,,,,,,,,,,,,,,,,,,,,,,,,0,0,0,1,0,0,1,1,1,0,0,0,0,0,0,0,0,0,0,0,0,0,0,0,0,0,0,0,0,1,0,0,0,0,0,,0,0,0,0,0,0,0,0,0,0,0,0,0,0,0,0,,,,,,56-60,56-65,City street,U,Wednesday,Belt Used,PV,Not Fatal,1,0,0,0,City Street,Municipal/City Police,Shoreline Police Department,0,0,0,1,0,,,,,,0,0,0,,,,,,,,,,,98,98,98,0,,,,,20,7,,,,,,,,1,0,,,,,,
2020,152,EA33740,269,05/13/2020,14:32,13,5,,33,King,2005,1,,1,1,2,1,0,3,3,14:35,14:38,15:08,12,0,6,0,2,0,2,3,2,4,6,0,0,3,3,NE 175TH ST,10TH AVE NE,-122.3187639,47.75579444,0,2,89,66,4,30,14,0,0,1,2,12,1,2,2,1,1,1,2,53,0,37,402,1998,0,,12,68,12,68,63,38,1,1,61,2,7,,4,0,3,0,11,5,05/23/2020,23:29,1.96E+11,24020,0,0,3,3,1,0,,,,96,,,,,,0,,,,,,98125,53,61,139,6,1,0,0,0,0,,0,,,,,,0,,,1,0,0,0,0,9,8,,,0,,,8,8,2,695,605,996,1,1,1,2,1,0,,,,,,,,,,,,,,,,,,,,,,,,,,,,,,0,0,0,1,0,0,1,1,1,0,0,0,0,0,0,0,0,0,0,0,0,0,0,0,0,0,0,0,0,1,0,0,0,0,0,,1,0,0,0,0,0,1,1,0,0,0,0,0,0,1,0,,,,,,61-65,56-65,City street,U,Wednesday,Belt Used,PV,White,1,0,0,0,City Street,Municipal/City Police,Shoreline Police Department,0,0,0,1,0,thc,3,carboxy-thc,83,,0,0,0,1,,,,,348,,,,,0,0,0,1,,,,,20,7,,,,,,,,1,0,,,,,,
2020,152,EA33740,269,05/13/2020,14:32,13,5,,33,King,2005,1,,1,1,2,1,0,3,3,14:35,14:38,15:08,12,0,6,0,2,0,2,3,2,4,6,0,0,3,3,NE 175TH ST,10TH AVE NE,-122.3187639,47.75579444,0,1,88,17,2,35,34,0,0,1,2,12,1,2,4,1,1,1,1,53,0,7,482,2018,0,,12,,,,,,1,1,36,1,0,,0,0,3,0,11,0,,,,,0,0,3,3,1,39,,,,96,,,,,,98,,,,,,98373,53,73,160,6,1,0,0,0,0,,97,,,,,,0,07/15/2017,07/15/2017,20,0,0,0,8,9,8,,,0,,,8,8,8,95,,,96,,,8,95,995,,,,,,,,,,,,,,,,,,,,,,,,,,,,,,0,0,0,1,0,0,1,1,1,0,0,0,0,0,0,0,0,0,0,0,0,0,0,0,0,0,0,0,0,1,0,0,0,0,0,,0,0,0,0,0,0,0,0,0,0,0,0,0,0,0,0,,,,,,36-40,36-45,City street,U,Wednesday,Belt Used,PV,Not Fatal,1,0,0,0,City Street,Municipal/City Police,Shoreline Police Department,0,0,0,1,0,,,,,,0,0,1,,,,,,,,,,,98,98,98,0,,,,,20,7,,,,,,,,1,0,,,,,,
2020,136,EA33940,12,04/18/2020,20:27,18,4,,7,Chelan,320,1,,2,1,1,1,0,2,2,20:29,20:37,21:10,12,0,2,5.6,1,0,1,4,2,1,3,0,0,0,0,SR-150,,-120.0521361,47.85501667,0,1,51,62,4,40,14,0,0,1,2,12,3,1,2,1,14,1,2,53,0,2,405,2005,0,,12,,,,,,1,1,34,1,0,,2,0,3,0,11,8,,,,,0,0,0,3,1,0,,,,96,,,,,,0,,,,,,98816,53,67,170,6,1,0,0,1,2,,0,,,,,,0,11/15/2015,12/15/2017,8,0,0,0,8,9,8,,,0,,,8,8,8,95,,,96,,,8,95,995,,,,,,,,,,,,,,,,,,,,,,,,,,,,,,0,0,0,0,1,1,0,1,0,0,0,0,0,0,1,0,0,0,0,0,0,0,0,0,0,0,0,0,1,1,0,0,0,0,0,,0,0,0,0,0,0,0,0,0,0,0,0,0,0,0,0,,,,,,31-35,26-35,State route,U,Saturday,Belt Used,PV,Not Fatal,0,0,0,1,State Route,County Sheriff,Chelan County Sheriff's Office,0,1,0,0,0,,,,,,0,0,0,,,,,,,,,,,98,98,98,0,,,,,20,7,,,,,,,,1,0,,,,,,
2020,136,EA33940,12,04/18/2020,20:27,18,4,,7,Chelan,320,1,,2,1,1,1,0,2,2,20:29,20:37,21:10,12,0,2,5.6,1,0,1,4,2,1,3,0,0,0,0,SR-150,,-120.0521361,47.85501667,0,2,50,10,2,98,80,0,0,1,2,12,2,1,2,1,14,1,1,53,0,72,706,2013,0,,68,12,,,,,1,1,48,1,7,,4,7,20,7,11,0,04/18/2020,20:27,32053019022,19022,0,0,0,2,1,28,58,,,96,,,,,,98,,,,,,98816,53,72,205,6,1,0,0,0,1,,0,,,,,,0,06/15/2019,06/15/2019,20,8,0,0,0,9,8,,,0,,,8,8,2,1,,,1,,,2,1,0.184,,,,,,,,,,,,,,,,,,,,,,,,,,,,,,0,0,0,0,1,1,0,1,0,0,0,0,0,0,1,0,0,0,0,0,0,0,0,0,0,0,0,0,1,1,0,0,0,0,1,0,0,0,0,0,0,1,0,1,0,0,0,0,0,1,0,1,,,,,,46-50,46-55,State route,U,Saturday,,MC,White,0,0,0,1,State Route,County Sheriff,Chelan County Sheriff's Office,0,1,0,0,0,,,,,,0,0,0,,,,,,,,,,,0,0,0,1,,,,,5,0,,,,,,,,1,0,,,,,,
2020,137,EA34049,8,05/09/2020,16:07,9,5,,35,Kitsap,0,1,,1,1,2,1,0,6,2,16:07,16:11,16:26,12,0,2,8.9,3,0,4,3,2,1,3,0,0,3,3,SR-3,SR-303,-122.6890333,47.66471667,0,2,81,67,4,35,16,0,0,1,2,12,1,1,6,2,5,5,2,53,0,20,431,1997,0,,12,,,,,,1,1,54,2,0,,1,0,3,0,11,4,,,,,0,0,0,3,1,0,,,,96,,,,,,0,,,,,,98363,53,59,140,6,1,0,0,0,0,,0,,,,,,0,,,1,0,0,0,8,9,8,,,0,,,8,8,8,95,,,96,,,8,95,995,,,,,,,,,,,,,,,,,,,,,,,,,,,,,,0,0,0,1,0,0,0,0,0,0,0,0,1,0,0,0,1,0,0,0,0,0,0,0,0,1,1,1,0,1,0,0,0,0,0,,0,0,0,0,0,0,0,0,0,0,0,0,0,0,0,0,,,,,,51-55,46-55,State route,U,Saturday,Belt Used,PV,Not Fatal,1,0,0,0,State Route,State Patrol,Washington State Patrol,0,1,0,0,0,,,,,,0,0,0,,,,,,,,,,,0,0,0,0,,,,,20,7,,,,,,,,1,0,,,,,,
2020,137,EA34049,8,05/09/2020,16:07,9,5,,35,Kitsap,0,1,,1,1,2,1,0,6,2,16:07,16:11,16:26,12,0,2,8.9,3,0,4,3,2,1,3,0,0,21,3,SR-3,SR-303,-122.6890333,47.66471667,0,1,80,6,1,35,4,0,0,1,2,12,1,1,3,6,10,1,2,53,0,49,32,2003,0,,68,12,,,,,1,1,79,2,7,,4,0,3,0,11,4,05/10/2020,1:56,1.96E+11,22538,0,0,0,3,1,0,,,,92,,,,,,98,,,,,,98370,53,64,143,6,1,0,0,0,0,,0,,,,,,4,,,1,0,0,0,0,9,8,,,0,,,8,8,2,1,,,1,,,2,1,0,,,,,,,,,,,,,,,,,,,,,,,,,,,,,,0,0,0,1,0,0,0,0,0,0,0,0,1,0,0,0,1,0,0,0,0,0,0,0,0,1,1,1,0,1,0,0,0,0,0,,1,0,0,0,0,0,0,0,1,1,0,0,0,0,0,0,,,,,,76-80,76+,State route,U,Saturday,Belt Used,PV,White,1,0,0,0,State Route,State Patrol,Washington State Patrol,0,1,0,0,0,,,,,,0,0,0,,,,,,,,,,,98,98,98,1,,,,,20,7,,,,,,,,1,0,,,,,,
2020,138,EA34127,3,05/07/2020,21:40,7,5,,67,Thurston,0,1,,2,1,2,1,0,1,1,,,,38,0,0,1.5,1,0,1,5,1,2,4,0,0,0,0,CR-RESERVATION RD SE,,-122.6988111,47.03037778,0,1,2,8,1,50,1,0,0,1,2,1,1,1,2,1,6,1,1,53,0,30,42,1989,0,,68,68,63,38,35,42,1,1,30,1,7,,4,7,3,0,11,0,05/07/2020,21:40,53022839,22839,0,0,0,3,1,58,,,,96,,,,,,98,,,,,,98391,53,72,140,6,1,0,0,0,0,,0,,,,,,3,,,20,0,0,0,0,9,8,,,0,,,8,8,2,1,,,1,,,2,1,0.22,,,,,,,,,,,,,,,,,,,,,,,,,,,,,,0,0,0,0,1,1,0,1,0,0,0,0,1,0,0,0,0,0,0,0,0,0,0,0,0,0,0,0,0,1,0,0,0,0,0,,1,0,0,0,0,1,0,1,0,1,0,0,0,1,0,1,,,,,,26-30,26-35,County road,R,Thursday,Belt Used,PV,White,0,1,0,0,County Road,State Patrol,Washington State Patrol,1,0,1,0,0,,,,,,0,0,0,,,,,,,,,,,0,0,0,1,,,,,20,7,,,,,,,,1,0,,,RESERVATION RD SE,1.458,,
2020,140,EA34295,169,05/14/2020,19:02,14,5,,67,Thurston,1102,10,,1,1,2,1,0,3,1,,,,5,0,0,0,1,0,1,7,2,4,6,0,0,0,0,EMMITT LN SE,,-122.8250056,46.99498056,0,1,0,98,7,0,34,0,0,1,3,5,1,1,8,8,1,3,1,53,0,20,481,2009,0,,5,5,,,,,1,1,43,1,0,,0,0,3,0,11,0,,,,,0,0,0,3,1,0,,,,92,,,,,,0,,,,,,98513,53,66,240,6,1,0,0,0,4,,97,,,,,,0,09/15/2015,10/15/2019,20,0,0,0,8,2,8,,,0,,,8,0,0,0,,,0,,,2,10,0,,,,,,,,,,,,,,,,,,,,,,,,,,,,,,0,0,0,0,0,0,0,0,0,0,0,0,0,0,0,0,1,0,0,1,0,0,0,0,0,0,0,0,0,1,0,0,0,0,0,,0,0,0,0,0,0,0,0,1,0,0,0,0,0,0,0,,,,,,41-45,36-45,City street,U,Thursday,Belt Used,PV,Not Fatal,0,0,0,0,City Street,Municipal/City Police,Lacey Police Department,0,0,0,1,0,,,,,,0,0,1,,,,,,,,,,,98,98,98,0,,,,,20,7,,,,,,,,1,0,,,,,,
2020,141,EA34305,26,05/09/2020,14:57,9,5,,35,Kitsap,0,1,,1,1,2,1,1,1,1,14:50,15:03,,9,1,0,4.5,1,0,1,5,2,2,4,0,0,0,0,CR-BETHEL BURLEY RD SE,,-122.6313833,47.46756944,0,1,13,80,5,45,4,0,0,1,2,9,1,2,2,1,1,1,2,30,0,21,21,2003,0,,63,9,,,,,1,1,40,1,0,,0,0,99,7,11,0,,,,,0,0,0,0,1,91,,,,96,,,,,,9,,,,,,98366,53,,999,0,0,0,0,0,1,,1,,,,,,0,05/15/2017,05/15/2017,20,0,0,0,8,3,8,,,0,,,1,8,8,95,,,96,,,8,95,995,,,,,,,,,,,,,,,,,,,,,,,,,,,,,,0,0,0,0,0,0,0,0,0,0,0,0,0,1,0,0,0,0,0,0,0,0,0,0,0,0,0,0,0,1,0,0,1,0,0,,0,0,0,0,0,0,0,0,0,0,0,1,0,0,0,0,,,,,,36-40,36-45,County road,U,Saturday,Unknown,PV,Not Fatal,0,0,0,0,County Road,County Sheriff,Kitsap County Sheriff's Office,0,0,1,0,0,,,,,,0,0,1,,,,,,,,,,,98,98,98,0,,,,,20,7,,,,,,,,1,0,,,BETHEL BURLEY RD SE,4.48,,
2020,142,EA34308,1,05/15/2020,10:25,15,5,,5,Benton,0,1,,1,1,2,1,0,1,1,,,,1,0,0,92.5,1,0,1,1,1,1,1,0,0,0,0,I-82,,-119.5574278,46.26755278,0,1,6,12,2,70,6,0,0,1,2,1,2,1,2,2,14,1,2,53,0,6,52,2002,0,,64,65,1,,,,1,1,26,1,2,,4,7,3,0,11,0,05/15/2020,10:25,53023705,23705,0,0,0,3,1,0,,,,15,,,,,,9,,,,,,99352,53,70,165,6,1,0,0,0,2,,0,,,,,,3,09/15/2017,06/15/2019,8,0,0,0,0,1,8,,,0,,,8,1,2,695,605,,1,1,,2,1,0.14,,,,,,,,,,,,,,,,,,,,,,,,,,,,,,0,0,1,0,1,1,1,1,1,0,0,0,1,0,0,0,1,0,0,0,0,0,0,0,0,0,0,0,0,1,0,0,0,0,0,,1,0,0,0,0,1,1,1,1,1,0,0,0,0,0,1,,,,,,26-30,26-35,Interstate,R,Friday,Belt Used,PV,Hispanic,0,1,0,0,State Route,State Patrol,Washington State Patrol,1,1,0,0,0,thc,8.2,carboxy-thc,17,,0,0,1,,,,,,,,,,,98,98,98,201,206,,,,20,7,,,,,,,,1,0,,,,,,