year,case,par,repjur,crash_dt,crash_tm,accday,accmon,holiday,county,co_char,city,weather,weather2,lightcond,surfcond,surftype,numfatal,nmforms,pforms,vforms,not_tm,arr_tm,hosp_tm,fhevent,hitrun,manncol,milepnt,reljunc,reljuncinter,intersectiontype,funcsystem,landuse,ownership,route,schlbus,spejur,contdev,devfunc,trafid1,trafid2,x,y,wk_zone,vnumber,crashtype,criticalevent,criticaleventcat,spdlim,body,trailer,emerg,hazcargo,leave,mhevent,roadalgn,roadprof,traflane,trafflow,vehmanvr,numoccs,regowner,regstate,spuse,make,model,modelyr,vrf1,vrf2,seqevent1,seqevent2,seqevent3,seqevent4,seqevent5,seqevent6,pnumber,ptype,age,sex,hispanic,race,injury,diedscene,restraint,restraintmisuse,seatpos,takehosp,death_dt,death_tm,cert,cernum_wa,commlic,licendor,licrestrict,liccomp,drivpres,drf1,drf2,drf3,drf4,distract1,distract2,distract3,distract4,distract5,distract6,dricond1,dricond2,dricond3,dricond4,dricond5,dricond6,dzip,licstate,drhgt_in,weight,noncdl,noncdltype,prevdwi,prevoth,prevacc,prevspd,prevsus,driviol1,driviol2,driviol3,driviol4,driviol5,driviol6,spdrel,first_dt,last_dt,airbag,ejection,ejectpath,extricat,injurwrk,methalc,methdrug,nmlocat,strikveh,prf1,prf2,prf3,druginv,alcinvol,drugsts,drugres1,drugres2,drugres3,drugtst1,drugtst2,drugtst3,alcsts,alctst,alcres,nmact1,nmact2,nmact3,nmact4,nmact5,nmact6,nmprior1,nmprior2,nmprior3,nmprior4,nmprior5,nmprior6,nmcond1,nmcond2,nmcond3,nmcond4,nmcond5,nmcond6,nmsafe_helmet,nmsafe_pads,nmsafe_oth,nmprev_ref,nmprev_lgt,nmprev_oth,crashlocation,nmcrashtype,crosswalk,schoolzone,sidewalk,train_inv,wildlife_inv,rotr_fars,intersect_fars,dd_inv,aid_inv,dpd_inv,id_inv,mj_inv,impnm_inv,ainm_inv,dpnm_inv,speed_inv,unlic_inv,unendmc_inv,drowsy_inv,drdist_inv,nmdist_inv,fty_inv,unrestfat_inv,dr1617_inv,dr1820_inv,dr1620_inv,dr2125_inv,dr1625_inv,dr65_inv,dr70_inv,dr75_inv,mc_inv,pv_inv,ht_inv,ped_inv,bike_inv,unrest_fat,mc_fat,unhelmet_mc,pv_fat,ht_fat,ped_fat,bike_fat,dr_alc7,dr_alc8,dr_drug,dr_imp,dr_dist,dr_spd,dr_fty,dr_unlic,dr_alc7only,dr_alc8only,dr_drugonly,dr_drink,nm_imp,nm_alc7,nm_alc8,nm_drug,nm_dist,agegrp1,agegrp2,roadclass,urbrur,dayweek,restuse,vehtype,race_me,intersect,lanedep,oppdir,wrongway,rep_typ,investag,repag_long,rotr,st_rd,cty_rd,city_rd,oth_rd,drug_thc,thc_res,drug_cthc,cthc_res,drug_cann,prevpersemin,prevperse,prevsusoth,drugtst4,drugtst5,drugtst6,drugtst7,drugtst8,drugres4,drugres5,drugres6,drugres7,drugres8,adspresent,adsengaged,adslevel,race1,race2,race3,race4,race5,helmet,helmetmisuse,nmdistract1,nmdistract2,nmdistract3,nmdistract4,nmdistract5,nmdistract6,lab,isedtcase,crf1,crf2,crf3,CoRoadName,CoMP,IntCoRoadName,IntCoMP
2020,143,EA34338,7,05/16/2020,3:10,16,5,,33,King,1030,10,,3,2,2,1,0,2,1,,,,35,0,0,148.8,1,0,1,1,2,1,1,0,0,0,0,I-5,,-122.2899778,47.38593333,0,1,1,13,2,60,3,0,0,1,2,35,1,1,5,3,1,2,2,53,0,49,50,2007,0,,63,35,67,31,2,,1,1,21,1,6,,4,7,20,7,11,0,05/16/2020,3:10,1.03E+11,22890,0,0,0,3,1,0,,,,92,,,,,,9,,,,,,98204,53,72,180,6,1,0,0,0,0,,0,,,,,,4,,,8,1,9,0,0,9,8,,,0,,,1,9,2,189,695,605,1,1,1,2,1,0,,,,,,,,,,,,,,,,,,,,,,,,,,,,,,0,0,1,0,0,0,1,1,1,0,0,0,1,0,0,0,1,0,0,1,0,0,0,1,1,0,0,0,0,1,0,0,0,1,0,,1,0,0,0,0,0,1,1,1,1,0,0,0,0,1,0,,,,,,21-25,16-25,Interstate,U,Saturday,Not Used,PV,Hispanic,0,1,0,0,State Route,State Patrol,Washington State Patrol,1,1,0,0,0,thc,50,carboxy-thc,120,,0,0,0,,,,,,,,,,,98,98,98,68,,,,,20,7,,,,,,,nms,1,0,,,,,,
2020,144,EA34402,241,04/13/2020,6:54,13,4,,75,Whitman,1760,1,,1,1,2,1,0,2,2,6:57,7:03,7:25,12,0,6,4.5,2,0,3,3,2,1,3,0,0,3,3,SR-270,AIRPORT RD,-117.1443611,46.72170278,0,1,83,17,2,55,6,0,0,1,2,12,1,1,6,1,1,1,2,16,0,35,51,2018,0,,12,,,,,,1,1,32,1,0,,1,0,20,7,11,5,,,,,0,0,1,3,1,39,,,,92,,,,,,98,,,,,,83501,16,76,260,6,1,0,1,0,0,,97,,,,,,0,03/15/2020,03/15/2020,1,0,0,0,8,9,8,,,0,,,8,8,0,0,,,0,,,0,0,996,,,,,,,,,,,,,,,,,,,,,,,,,,,,,,0,0,0,1,0,0,0,0,0,0,0,0,0,0,0,0,1,0,0,0,0,0,0,0,0,0,0,0,0,1,0,0,0,0,0,,0,0,0,0,0,0,0,0,1,0,0,0,0,0,0,0,,,,,,31-35,26-35,State route,U,Monday,Not Used,PV,Not Fatal,1,0,0,0,State Route,Municipal/City Police,Pullman Police Department,0,1,0,0,0,,,,,,0,0,0,,,,,,,,,,,98,98,98,0,,,,,20,7,,,,,,,,1,0,,,,,,
2020,144,EA34402,241,04/13/2020,6:54,13,4,,75,Whitman,1760,1,,1,1,2,1,0,2,2,6:57,7:03,7:25,12,0,6,4.5,2,0,3,3,2,1,3,0,0,3,3,SR-270,AIRPORT RD,-117.1443611,46.72170278,0,2,82,66,4,55,3,0,0,1,2,12,1,1,3,1,11,1,1,16,0,41,35,1992,0,,12,,,,,,1,1,45,1,7,,4,0,99,7,11,5,04/16/2020,17:04,2.11E+11,18352,0,0,1,3,1,0,,,,96,,,,,,0,,,,,,83871,16,71,190,6,1,0,0,0,0,,0,,,,,,0,,,20,0,0,0,0,9,8,,,0,,,8,8,2,1,,,1,,,2,1,0,,,,,,,,,,,,,,,,,,,,,,,,,,,,,,0,0,0,1,0,0,0,0,0,0,0,0,0,0,0,0,1,0,0,0,0,0,0,0,0,0,0,0,0,1,0,0,0,0,0,,1,0,0,0,0,0,0,0,0,0,0,0,0,0,0,0,,,,,,41-45,36-45,State route,U,Monday,Unknown,PV,White,1,0,0,0,State Route,Municipal/City Police,Pullman Police Department,0,1,0,0,0,,,,,,0,0,0,,,,,,,,,,,0,0,0,1,,,,,20,7,,,,,,,,1,0,,,,,,
2020,145,EA34578,2,05/03/2020,19:13,3,5,,29,Island,0,1,,1,1,2,1,0,2,2,19:14,19:21,,12,0,6,1.8,8,0,1,3,2,2,4,0,0,0,0,CR-W CRESCENT HARBOR RD,,-122.6287583,48.30835833,0,1,98,10,2,50,80,0,0,1,2,12,1,2,2,1,6,1,1,53,0,76,706,2002,0,,68,12,,,,,1,1,35,1,7,,4,7,20,7,11,0,05/03/2020,19:13,53021073,21073,0,0,0,3,1,8,33,,,96,,,,,,98,,,,,,98277,53,76,235,6,1,0,2,1,3,,0,,,,,,4,11/15/2016,03/15/2017,20,8,0,0,0,1,8,,,0,,,8,1,2,402,695,605,1,1,1,2,1,0.087,,,,,,,,,,,,,,,,,,,,,,,,,,,,,,0,0,0,0,1,1,1,1,1,0,0,0,1,0,0,0,0,0,0,0,0,0,0,0,0,0,0,0,1,0,1,0,0,0,1,1,0,0,0,0,0,1,1,1,0,1,0,0,0,0,0,1,,,,,,31-35,26-35,County road,U,Sunday,,MC,White,0,0,0,0,County Road,State Patrol,Washington State Patrol,0,0,1,0,0,thc,7.8,carboxy-thc,12,,0,0,2,,,,,,,,,,,0,0,0,1,,,,,16,0,,,,,,,nms,1,0,,,,,,
2020,145,EA34578,2,05/03/2020,19:13,3,5,,29,Island,0,1,,1,1,2,1,0,2,2,19:14,19:21,,12,0,6,1.8,8,0,1,3,2,2,4,0,0,0,0,CR-W CRESCENT HARBOR RD,,-122.6287583,48.30835833,0,2,98,60,4,50,67,1,0,1,5,12,1,2,2,1,11,1,1,53,0,7,880,2001,0,,12,,,,,,1,1,50,2,0,,0,0,3,0,11,0,,,,,0,0,0,3,1,0,,,,96,,,,,,0,,,,,,98277,53,68,211,6,1,0,0,1,0,,0,,,,,,0,08/15/2016,08/15/2016,20,0,0,0,8,9,8,,,0,,,8,8,0,0,,,0,,,0,0,996,,,,,,,,,,,,,,,,,,,,,,,,,,,,,,0,0,0,0,1,1,1,1,1,0,0,0,1,0,0,0,0,0,0,0,0,0,0,0,0,0,0,0,1,0,1,0,0,0,0,,0,0,0,0,0,0,0,0,0,0,0,0,0,0,0,0,,,,,,46-50,46-55,County road,U,Sunday,,MHTRUCK,Not Fatal,0,0,0,0,County Road,State Patrol,Washington State Patrol,0,0,1,0,0,,,,,,0,0,0,,,,,,,,,,,98,98,98,0,,,,,20,7,,,,,,,,1,0,,,,,,
2020,146,EA34671,6,04/27/2020,12:05,27,4,,25,Grant,0,1,,1,1,2,1,0,2,2,12:08,12:18,14:01,12,0,6,5.3,1,0,1,4,1,1,3,0,0,0,0,SR-243,,-119.8438306,46.63335,0,1,98,10,2,60,4,0,0,1,2,12,1,1,2,1,1,1,1,53,0,22,20,2007,0,,63,69,68,12,2,,1,1,38,2,1,,4,7,99,7,11,0,04/27/2020,12:05,53020465,20465,0,0,0,3,1,58,,,,92,,,,,,98,,,,,,99349,53,69,134,6,1,0,0,0,0,,0,,,,,,0,,,99,0,0,0,0,9,8,,,0,,,8,8,8,95,,,96,,,8,95,995,,,,,,,,,,,,,,,,,,,,,,,,,,,,,,0,0,0,0,0,0,0,0,0,0,0,0,0,0,0,0,1,0,0,0,0,0,0,0,0,0,0,0,0,1,0,0,0,0,0,,1,0,0,0,0,0,0,0,1,0,0,0,0,0,0,0,,,,,,36-40,36-45,State route,R,Monday,Unknown,PV,Hispanic,0,1,1,0,State Route,State Patrol,Washington State Patrol,0,1,0,0,0,,,,,,0,0,0,,,,,,,,,,,98,98,98,1,,,,,20,7,,,,,,,,1,0,,,,,,
2020,146,EA34671,6,04/27/2020,12:05,27,4,,25,Grant,0,1,,1,1,2,1,0,2,2,12:08,12:18,14:01,12,0,6,5.3,1,0,1,4,1,1,3,0,0,0,0,SR-243,,-119.8438306,46.63335,0,2,98,62,4,60,34,0,0,1,2,12,1,1,2,1,1,1,1,53,0,20,481,2006,0,,12,,,,,,1,1,31,1,0,,2,0,3,0,11,5,,,,,0,0,0,3,1,0,,,,96,,,,,,0,,,,,,99349,53,70,225,6,1,0,0,0,0,,0,,,,,,0,,,8,0,0,0,8,9,8,,,0,,,8,8,8,95,,,96,,,8,95,995,,,,,,,,,,,,,,,,,,,,,,,,,,,,,,0,0,0,0,0,0,0,0,0,0,0,0,0,0,0,0,1,0,0,0,0,0,0,0,0,0,0,0,0,1,0,0,0,0,0,,0,0,0,0,0,0,0,0,0,0,0,0,0,0,0,0,,,,,,31-35,26-35,State route,R,Monday,Belt Used,PV,Not Fatal,0,1,1,0,State Route,State Patrol,Washington State Patrol,0,1,0,0,0,,,,,,0,0,0,,,,,,,,,,,98,98,98,0,,,,,20,7,,,,,,,,1,0,,,,,,
2020,147,EA34888,1,05/18/2020,22:04,18,5,,77,Yakima,840,10,,2,1,2,1,0,2,1,22:13,22:45,,1,0,0,72.3,1,0,1,1,2,1,1,0,0,0,0,I-82,,-119.9288444,46.27281667,0,1,2,6,1,70,16,1,0,1,2,1,2,2,2,2,14,2,1,53,0,12,423,2001,0,,63,1,,,,,1,1,71,1,6,,4,7,3,0,11,0,05/18/2020,22:04,84053023683,23683,0,0,0,3,1,0,,,,96,,,,,,98,,,,,,98938,53,72,190,6,1,0,0,0,0,,0,,,,,,4,,,20,0,0,0,0,9,8,,,0,,,8,8,2,1,,,1,,,2,1,0,,,,,,,,,,,,,,,,,,,,,,,,,,,,,,0,0,0,0,0,0,0,0,0,0,0,0,1,0,0,0,0,0,0,0,0,0,0,0,0,1,1,0,0,1,0,0,0,0,0,,1,0,0,0,0,0,0,0,0,1,0,0,0,0,0,0,,,,,,71-75,66-75,Interstate,U,Monday,Belt Used,PV,Hispanic,0,1,0,0,State Route,State Patrol,Washington State Patrol,1,1,0,0,0,,,,,,0,0,0,,,,,,,,,,,98,98,98,98,,,,,20,7,,,,,,,,1,0,,,,,,
2020,148,EA34904,5,05/09/2020,20:00,9,5,,41,Lewis,0,1,,5,1,2,1,0,4,2,19:58,19:59,20:19,12,0,6,105.9,8,0,1,3,1,1,2,0,0,0,0,US-12,,-122.1317333,46.53006944,0,2,98,98,7,55,34,0,0,1,2,12,1,1,2,1,11,3,1,53,0,12,481,2019,0,,12,,,,,,1,1,52,2,0,,0,0,3,0,11,0,,,,,0,0,0,3,1,0,,,,96,,,,,,0,,,,,,98377,53,64,150,6,1,0,0,0,2,,0,,,,,,0,09/15/2016,06/15/2018,20,0,0,0,8,3,8,,,0,,,8,8,0,0,,,0,,,0,0,996,,,,,,,,,,,,,,,,,,,,,,,,,,,,,,0,0,0,0,0,0,0,0,0,0,0,0,0,1,1,0,1,0,0,0,0,0,0,0,0,0,0,0,1,1,0,0,0,0,0,,0,0,0,0,0,0,0,0,0,0,0,0,0,0,0,0,,,,,,51-55,46-55,US highway,R,Saturday,Belt Used,PV,Not Fatal,0,0,0,0,State Route,State Patrol,Washington State Patrol,0,1,0,0,0,,,,,,0,0,0,,,,,,,,,,,98,98,98,0,,,,,20,7,,,,,,,,1,0,,,,,,
2020,148,EA34904,5,05/09/2020,20:00,9,5,,41,Lewis,0,1,,5,1,2,1,0,4,2,19:58,19:59,20:19,12,0,6,105.9,8,0,1,3,1,1,2,0,0,0,0,US-12,,-122.1317333,46.53006944,0,1,98,10,2,55,80,0,0,1,2,12,1,1,2,1,6,1,2,53,0,72,706,2017,0,,68,12,,,,,1,1,38,1,7,,4,0,20,7,11,5,05/10/2020,15:41,1.96E+11,21966,0,0,3,2,1,0,,,,92,,,,,,98,,,,,,98444,53,68,215,1,1,1,2,0,1,,0,,,,,,0,10/15/2017,02/15/2017,20,8,0,0,0,9,8,,,0,,,8,8,8,95,,,96,,,8,95,995,,,,,,,,,,,,,,,,,,,,,,,,,,,,,,0,0,0,0,0,0,0,0,0,0,0,0,0,1,1,0,1,0,0,0,0,0,0,0,0,0,0,0,1,1,0,0,0,0,1,0,0,0,0,0,0,0,0,0,1,0,0,1,0,0,0,0,,,,,,36-40,36-45,US highway,R,Saturday,,MC,White,0,0,0,0,State Route,State Patrol,Washington State Patrol,0,1,0,0,0,,,,,,0,1,2,,,,,,,,,,,0,0,0,1,,,,,19,0,,,,,,,,1,0,,,,,,
2020,149,EA35085,11,05/01/2020,23:25,1,5,,5,Benton,0,10,,2,1,2,1,0,1,1,23:36,23:57,,38,0,0,8.8,1,0,1,5,1,2,4,0,0,0,0,CR-S PLYMOUTH RD,,-119.3713889,46.057825,0,1,2,13,2,50,15,0,0,1,2,1,3,1,2,1,14,1,1,53,0,23,421,2007,0,,63,38,1,,,,1,1,39,1,7,,4,7,20,7,11,0,05/01/2020,23:25,53021101,21101,0,0,0,2,1,0,,,,96,,,,,,98,,,,,,98312,53,77,220,1,1,0,0,0,1,,0,,,,,,3,02/15/2018,12/15/2019,20,1,9,0,0,9,8,,,0,,,8,8,2,695,605,,1,1,,2,1,0.15,,,,,,,,,,,,,,,,,,,,,,,,,,,,,,0,0,0,0,1,1,1,1,1,0,0,0,1,1,0,0,0,0,0,1,0,0,0,0,0,0,0,0,0,1,0,0,0,1,0,,1,0,0,0,0,1,1,1,0,1,0,1,0,0,0,1,,,,,,36-40,36-45,County road,R,Friday,Not Used,PV,Black,0,1,0,0,County Road,County Sheriff,Benton County Sheriff's Office,1,0,1,0,0,thc,4.3,carboxy-thc,9.9,,0,0,2,,,,,,,,,,,98,98,98,2,,,,,20,7,,,,,,,,1,0,,,PLYMOUTH RD,8.78,,
2020,153,EA35894,8,05/12/2020,15:20,12,5,,49,Pacific,0,10,,1,1,2,1,0,3,1,15:24,15:33,16:13,42,0,0,5.2,1,0,1,5,1,1,3,0,0,0,0,SR-103,,-124.0523667,46.40570556,0,1,6,12,2,50,34,0,0,1,2,42,1,1,2,1,1,3,1,41,0,12,481,2012,0,,68,64,42,38,,,1,1,22,1,7,,4,0,3,0,11,5,05/12/2020,19:51,1.65E+11,,0,0,0,1,1,0,,,,0,,,,,,2,,,,,,97006,41,71,210,1,1,0,0,0,2,,0,,,,,,0,10/15/2015,08/15/2019,1,0,0,0,9,9,8,,,0,,,8,8,8,95,,,96,,,8,95,995,,,,,,,,,,,,,,,,,,,,,,,,,,,,,,0,0,1,0,0,0,0,0,0,0,0,0,0,1,0,1,0,0,0,0,0,0,0,1,1,0,0,0,0,1,0,0,0,0,0,,1,0,0,0,0,0,0,0,0,0,0,1,0,0,0,0,,,,,,21-25,16-25,State route,R,Tuesday,Belt Used,PV,White,0,1,0,0,State Route,State Patrol,WASHINGTON STATE PATROL,1,1,0,0,0,,,,,,0,0,3,,,,,,,,,,,98,98,98,1,,,,,20,7,,,,,,,,1,0,,,,,,
2020,158,EA35921,22,05/23/2020,17:12,23,5,,27,Grays Harbor,0,10,,1,1,4,1,0,2,1,17:12,17:29,18:36,1,0,0,9999.8,8,0,1,7,1,2,4,0,0,0,0,CR-LABELLE LN,,-123.2281056,47.04881667,0,1,98,5,1,98,90,0,0,1,2,1,1,1,8,1,10,2,2,53,0,53,734,2009,0,,1,63,38,,,,1,1,62,1,0,,2,0,20,7,11,0,,,,,0,0,0,1,1,0,,,,96,,,,,,9,,,,,,98022,53,69,230,6,1,0,0,0,0,,97,,,,,,0,,,20,1,9,0,8,9,8,,,0,,,8,1,2,695,605,,1,1,,2,1,0.049,,,,,,,,,,,,,,,,,,,,,,,,,,,,,,0,0,0,0,1,0,1,1,1,0,0,0,0,0,0,0,0,0,0,0,0,0,0,0,0,0,0,0,0,0,0,0,0,0,0,,0,0,0,0,1,0,1,1,0,0,0,0,0,0,0,1,,,,,,61-65,56-65,County road,R,Saturday,,OTHVT,Not Fatal,0,0,0,0,Other,County Sheriff,Grays Harbor County Sheriff's Offic,0,0,0,0,1,thc,2.3,carboxy-thc,47,,0,0,0,,,,,,,,,,,0,0,0,0,,,,,17,7,,,,,,,,1,0,,,,,,
2020,155,EA36385,290,05/26/2020,10:05,26,5,,53,Pierce,2230,1,,1,1,1,1,0,2,2,10:05,10:12,10:33,12,0,6,0,2,0,2,3,2,1,3,0,0,20,3,SR-509,S 27th St,-122.4349556,47.23706667,0,1,89,17,2,25,34,0,0,1,2,12,1,3,2,1,4,1,3,53,0,12,481,2017,0,,12,,,,,,1,1,79,1,0,,0,0,3,0,11,0,,,,,0,0,0,3,1,38,,,,96,,,,,,98,,,,,,98444,53,73,190,6,1,0,1,0,0,,97,,,,,,0,04/15/2018,04/15/2018,8,0,0,0,8,9,8,,,0,,,8,8,8,95,,,96,,,8,95,995,,,,,,,,,,,,,,,,,,,,,,,,,,,,,,0,0,0,1,0,0,1,1,1,0,0,0,0,0,1,0,0,0,1,0,0,0,0,0,0,1,1,1,1,1,0,0,0,0,0,,0,0,0,0,0,0,0,0,0,0,1,0,0,0,0,0,,,,,,76-80,76+,State route,U,Tuesday,Belt Used,PV,Not Fatal,1,0,0,0,City Street,Municipal/City Police,Tacoma Police Department,0,0,0,1,0,,,,,,0,0,0,,,,,,,,,,,98,98,98,0,,,,,20,7,,,,,,,,1,0,,,,,,
2020,155,EA36385,290,05/26/2020,10:05,26,5,,53,Pierce,2230,1,,1,1,1,1,0,2,2,10:05,10:12,10:33,12,0,6,0,2,0,2,3,2,1,3,0,0,0,0,SR-509,S 27th St,-122.4349556,47.23706667,0,2,88,66,4,25,80,0,0,1,2,12,1,3,5,1,1,1,1,53,0,34,706,2006,0,,12,,,,,,1,1,26,1,7,,4,0,20,7,11,5,05/26/2020,10:56,2.23E+11,24643,0,0,0,2,1,0,,,,96,,,,,,0,,,,,,98503,53,77,250,6,1,0,0,0,0,,0,,,,,,0,12/15/2015,06/15/2016,20,8,0,0,0,9,8,,,0,,,8,8,2,401,417,695,1,1,1,2,1,0,,,,,,,,,,,,,,,,,,,,,,,,,,,,,,0,0,0,1,0,0,1,1,1,0,0,0,0,0,1,0,0,0,1,0,0,0,0,0,0,1,1,1,1,1,0,0,0,0,1,0,0,0,0,0,0,0,1,1,0,0,0,0,0,0,1,0,,,,,,26-30,26-35,State route,U,Tuesday,,MC,Multiracial,1,0,0,0,City Street,Municipal/City Police,Tacoma Police Department,0,0,0,1,0,thc,6.1,carboxy-thc,27,,0,0,2,1,,,,,605,,,,,0,0,0,202,201,,,,19,0,,,,,,,nms,1,0,,,,,,
2020,156,EA36401,38,05/12/2020,19:15,12,5,,59,Skamania,0,2,,1,2,2,1,0,1,1,19:30,19:53,,1,0,0,9999.9,1,0,1,7,1,64,8,0,0,0,0,FS RD 65  PANTHER CK RD,,-121.8538833,45.84654167,0,1,1,54,3,35,34,0,0,1,2,1,3,2,8,1,14,1,1,53,0,23,481,1995,0,,63,1,,,,,1,1,21,1,7,,4,7,20,7,11,0,05/12/2020,19:15,53024348,24348,0,0,0,3,1,0,,,,96,,,,,,98,,,,,,98648,53,67,120,6,1,0,0,0,0,,0,,,,,,0,,,20,1,9,0,0,9,8,,,0,,,8,8,8,95,,,96,,,8,95,995,,,,,,,,,,,,,,,,,,,,,,,,,,,,,,0,0,1,0,0,0,0,0,0,0,0,0,0,0,0,0,0,0,0,1,0,0,0,1,1,0,0,0,0,1,0,0,0,1,0,,1,0,0,0,0,0,0,0,0,0,0,0,0,0,0,0,,,,,,21-25,16-25,Other,R,Tuesday,Not Used,PV,White,0,1,0,0,Other,County Sheriff,Skamania County Sheriff's Office,1,0,0,0,1,,,,,,0,0,0,,,,,,,,,,,0,0,0,1,,,,,20,7,,,,,,,,1,0,,,,,,
2020,160,EA37663,25,05/29/2020,23:04,29,5,,33,King,0,10,,3,1,2,1,0,1,1,,,,1,0,0,2.2,1,0,1,5,2,2,4,0,0,0,0,CR-MILITARY RD S,,-122.2712083,47.28525278,0,1,7,9,1,35,2,0,0,1,5,1,2,1,2,1,6,1,1,53,0,58,37,2008,0,,68,64,1,,,,1,1,19,1,7,,4,7,20,7,11,0,05/29/2020,23:04,53025439,25439,0,0,0,2,1,33,,,,96,,,,,,98,,,,,,98002,53,69,150,6,1,0,0,0,0,,0,,,,,,3,,,8,1,9,0,0,9,8,,,0,,,8,8,2,1,,,1,,,2,1,0.12,,,,,,,,,,,,,,,,,,,,,,,,,,,,,,0,0,0,0,1,1,0,1,0,0,0,0,1,0,0,0,0,0,0,1,0,1,1,0,1,0,0,0,0,1,0,0,0,1,0,,1,0,0,0,0,1,0,1,0,1,0,0,0,1,0,1,,,,,,18-20,16-25,County road,U,Friday,Not Used,PV,White,0,1,0,0,County Road,County Sheriff,King County Police,1,0,1,0,0,,,,,,0,0,0,,,,,,,,,,,98,98,98,1,,,,,20,7,,,,,,,,1,0,,,MILITARY RD S,2.193,,
2020,161,EA37664,25,06/01/2020,16:22,1,6,,33,King,0,1,,1,1,2,1,0,2,2,16:22,16:22,,12,0,1,1,8,0,1,4,1,2,4,0,0,0,0,CR-SW CEMETERY RD,,-122.4472028,47.42923056,0,1,20,50,3,35,80,0,0,1,2,12,1,2,2,1,1,1,1,53,0,76,705,2002,0,,12,,,,,,1,1,63,1,7,,4,7,20,7,11,0,06/01/2020,16:22,53026062,26062,0,0,0,2,1,26,,,,92,,,,,,98,,,,,,98070,53,68,160,6,1,0,0,0,0,,0,,,,,,0,,,20,8,0,0,0,9,8,,,0,,,8,8,2,996,996,401,1,1,1,2,1,0,,,,,,,,,,,,,,,,,,,,,,,,,,,,,,0,0,0,0,0,0,1,1,1,0,0,0,0,0,1,0,1,0,0,0,0,0,0,0,0,0,0,0,1,1,0,0,0,0,1,0,0,0,0,0,0,0,1,1,1,0,0,0,0,0,1,0,,,,,,61-65,56-65,County road,R,Monday,,MC,White,0,0,0,0,County Road,County Sheriff,King County Police,0,0,1,0,0,thc,1,,,,0,0,0,1,1,,,,417,605,,,,0,0,0,1,,,,,5,0,,,,,,,nms,1,0,,,SW CEMETERY RD,1.018,,
2020,161,EA37664,25,06/01/2020,16:22,1,6,,33,King,0,1,,1,1,2,1,0,2,2,16:22,16:22,,12,0,1,1,8,0,1,4,1,2,4,0,0,0,0,CR-SW CEMETERY RD,,-122.4472028,47.42923056,0,2,21,53,3,35,20,0,0,1,5,12,1,2,2,1,5,1,1,53,0,7,442,2002,0,,12,,,,,,1,1,57,2,0,,0,0,3,0,11,0,,,,,0,0,0,3,1,0,,,,96,,,,,,0,,,,,,98070,53,61,115,6,1,0,0,0,1,,0,,,,,,0,10/15/2016,11/15/2017,20,0,0,0,8,9,8,,,0,,,8,8,0,0,,,0,,,0,0,996,,,,,,,,,,,,,,,,,,,,,,,,,,,,,,0,0,0,0,0,0,1,1,1,0,0,0,0,0,1,0,1,0,0,0,0,0,0,0,0,0,0,0,1,1,0,0,0,0,0,,0,0,0,0,0,0,0,0,0,0,0,0,0,0,0,0,,,,,,56-60,56-65,County road,R,Monday,Belt Used,PV,Not Fatal,0,0,0,0,County Road,County Sheriff,King County Police,0,0,1,0,0,,,,,,0,0,3,,,,,,,,,,,98,98,98,0,,,,,20,7,,,,,,,,1,0,,,SW CEMETERY RD,1.018,,
2020,162,EA37695,339,06/02/2020,23:54,2,6,,63,Spokane,2113,1,,3,1,2,1,0,2,2,23:55,23:58,0:29,12,0,7,0,3,0,2,3,2,4,6,0,0,3,3,E SPRAGUE AVE,S THIERMAN RD,-117.3150694,47.65698889,0,2,44,61,4,35,80,0,0,1,5,12,1,2,4,4,1,1,1,53,0,37,706,2004,0,,12,,,,,,1,1,52,8,0,,3,0,20,7,11,5,,,,,0,0,0,2,1,0,,,,96,,,,,,0,,,,,,99206,53,69,165,6,1,0,0,0,2,,0,,,,,,0,03/15/2015,06/15/2020,20,8,0,0,8,9,8,,,0,,,8,8,8,95,,,96,,,8,95,995,,,,,,,,,,,,,,,,,,,,,,,,,,,,,,0,0,0,1,1,1,1,1,1,0,0,0,1,1,1,0,0,0,0,0,0,0,0,0,0,0,0,0,1,0,0,0,0,0,0,0,0,0,0,0,0,0,0,0,0,0,0,0,0,0,0,0,,,,,,51-55,46-55,City street,U,Tuesday,,MC,Not Fatal,0,0,0,0,City Street,Municipal/City Police,Spokane Valley Police Department,0,0,0,1,0,,,,,,0,0,3,,,,,,,,,,,0,0,0,0,,,,,5,0,,,,,,,,1,0,,,,,,
2020,162,EA37695,339,06/02/2020,23:54,2,6,,63,Spokane,2113,1,,3,1,2,1,0,2,2,23:55,23:58,0:29,12,0,7,0,3,0,2,3,2,4,6,0,0,3,3,E SPRAGUE AVE,S THIERMAN RD,-117.3150694,47.65698889,0,1,45,10,2,35,80,0,0,1,5,12,1,2,4,4,1,1,1,53,0,72,706,2020,0,,12,,,,,,1,1,30,1,7,,4,0,20,7,11,5,06/03/2020,0:43,2.11E+11,25973,0,0,0,2,1,0,,,,96,,,,,,98,,,,,,99207,53,67,193,1,1,0,1,0,2,,0,,,,,,4,11/15/2015,10/15/2017,20,8,0,0,0,9,8,,,0,,,8,8,2,695,605,,1,1,,2,1,0.181,,,,,,,,,,,,,,,,,,,,,,,,,,,,,,0,0,0,1,1,1,1,1,1,0,0,0,1,1,1,0,0,0,0,0,0,0,0,0,0,0,0,0,1,0,0,0,0,0,1,1,0,0,0,0,0,1,1,1,0,1,0,1,0,0,0,1,,,,,,26-30,26-35,City street,U,Tuesday,,MC,White,0,0,0,0,City Street,Municipal/City Police,Spokane Valley Police Department,0,0,0,1,0,thc,1.8,carboxy-thc,16,,0,0,1,,,,,,,,,,,0,0,0,1,,,,,17,7,,,,,,,nms,1,0,,,,,,