year,case,par,repjur,crash_dt,crash_tm,accday,accmon,holiday,county,co_char,city,weather,weather2,lightcond,surfcond,surftype,numfatal,nmforms,pforms,vforms,not_tm,arr_tm,hosp_tm,fhevent,hitrun,manncol,milepnt,reljunc,reljuncinter,intersectiontype,funcsystem,landuse,ownership,route,schlbus,spejur,contdev,devfunc,trafid1,trafid2,x,y,wk_zone,vnumber,crashtype,criticalevent,criticaleventcat,spdlim,body,trailer,emerg,hazcargo,leave,mhevent,roadalgn,roadprof,traflane,trafflow,vehmanvr,numoccs,regowner,regstate,spuse,make,model,modelyr,vrf1,vrf2,seqevent1,seqevent2,seqevent3,seqevent4,seqevent5,seqevent6,pnumber,ptype,age,sex,hispanic,race,injury,diedscene,restraint,restraintmisuse,seatpos,takehosp,death_dt,death_tm,cert,cernum_wa,commlic,licendor,licrestrict,liccomp,drivpres,drf1,drf2,drf3,drf4,distract1,distract2,distract3,distract4,distract5,distract6,dricond1,dricond2,dricond3,dricond4,dricond5,dricond6,dzip,licstate,drhgt_in,weight,noncdl,noncdltype,prevdwi,prevoth,prevacc,prevspd,prevsus,driviol1,driviol2,driviol3,driviol4,driviol5,driviol6,spdrel,first_dt,last_dt,airbag,ejection,ejectpath,extricat,injurwrk,methalc,methdrug,nmlocat,strikveh,prf1,prf2,prf3,druginv,alcinvol,drugsts,drugres1,drugres2,drugres3,drugtst1,drugtst2,drugtst3,alcsts,alctst,alcres,nmact1,nmact2,nmact3,nmact4,nmact5,nmact6,nmprior1,nmprior2,nmprior3,nmprior4,nmprior5,nmprior6,nmcond1,nmcond2,nmcond3,nmcond4,nmcond5,nmcond6,nmsafe_helmet,nmsafe_pads,nmsafe_oth,nmprev_ref,nmprev_lgt,nmprev_oth,crashlocation,nmcrashtype,crosswalk,schoolzone,sidewalk,train_inv,wildlife_inv,rotr_fars,intersect_fars,dd_inv,aid_inv,dpd_inv,id_inv,mj_inv,impnm_inv,ainm_inv,dpnm_inv,speed_inv,unlic_inv,unendmc_inv,drowsy_inv,drdist_inv,nmdist_inv,fty_inv,unrestfat_inv,dr1617_inv,dr1820_inv,dr1620_inv,dr2125_inv,dr1625_inv,dr65_inv,dr70_inv,dr75_inv,mc_inv,pv_inv,ht_inv,ped_inv,bike_inv,unrest_fat,mc_fat,unhelmet_mc,pv_fat,ht_fat,ped_fat,bike_fat,dr_alc7,dr_alc8,dr_drug,dr_imp,dr_dist,dr_spd,dr_fty,dr_unlic,dr_alc7only,dr_alc8only,dr_drugonly,dr_drink,nm_imp,nm_alc7,nm_alc8,nm_drug,nm_dist,agegrp1,agegrp2,roadclass,urbrur,dayweek,restuse,vehtype,race_me,intersect,lanedep,oppdir,wrongway,rep_typ,investag,repag_long,rotr,st_rd,cty_rd,city_rd,oth_rd,drug_thc,thc_res,drug_cthc,cthc_res,drug_cann,prevpersemin,prevperse,prevsusoth,drugtst4,drugtst5,drugtst6,drugtst7,drugtst8,drugres4,drugres5,drugres6,drugres7,drugres8,adspresent,adsengaged,adslevel,race1,race2,race3,race4,race5,helmet,helmetmisuse,nmdistract1,nmdistract2,nmdistract3,nmdistract4,nmdistract5,nmdistract6,lab,isedtcase,crf1,crf2,crf3,CoRoadName,CoMP,IntCoRoadName,IntCoMP
2020,175,EA39893,40,06/11/2020,20:58,11,6,,63,Spokane,0,10,,5,1,2,1,0,2,2,21:00,21:05,22:18,12,0,6,1.4,2,0,2,5,1,2,4,0,0,0,0,CR-N SHORT RD,W MONTGOMERY RD,-117.4803861,47.98949167,0,2,89,66,4,45,14,0,0,1,2,12,1,1,2,1,1,1,1,53,0,20,401,2002,0,,12,,,,,,1,1,52,2,7,,4,7,3,0,11,0,06/11/2020,20:58,53027602,27602,0,0,3,3,1,0,,,,96,,,,,,0,,,,,,99006,53,65,137,6,1,0,0,0,0,,0,,,,,,0,,,8,0,0,0,0,9,8,,,0,,,8,8,2,1,,,1,,,2,1,0,,,,,,,,,,,,,,,,,,,,,,,,,,,,,,0,0,0,1,0,0,0,0,0,0,0,0,0,0,0,0,0,0,0,0,0,1,1,0,1,0,0,0,0,1,0,0,0,0,0,,1,0,0,0,0,0,0,0,0,0,0,0,0,0,0,0,,,,,,51-55,46-55,County road,R,Thursday,Belt Used,PV,White,1,0,0,0,County Road,County Sheriff,Spokane County Sheriff's Office,0,0,1,0,0,,,,,,0,0,0,,,,,,,,,,,98,98,98,1,,,,,20,7,,,,,,,,1,0,,,SHORT RD,143,MONTGOMERY RD,2.65
2020,176,EA39894,40,06/12/2020,2:13,12,6,,63,Spokane,0,1,,2,2,2,1,0,2,1,,,,1,0,0,1.7,1,0,1,5,1,2,4,0,0,0,0,CR-W TRAILS RD,,-117.5259833,47.67868056,0,1,1,87,6,45,4,0,0,1,2,1,1,2,2,1,1,2,1,53,0,37,32,1996,0,,63,1,42,,,,1,1,26,1,2,,4,7,3,0,11,0,06/12/2020,2:38,53027921,27921,0,0,0,2,1,0,,,,92,,,,,,98,,,,,,98311,53,71,155,1,1,0,1,0,3,,0,,,,,,0,07/15/2017,06/15/2019,20,0,0,0,0,9,8,,,0,,,8,8,2,996,996,401,1,1,1,2,1,0,,,,,,,,,,,,,,,,,,,,,,,,,,,,,,0,0,1,0,0,0,1,1,1,0,0,0,0,1,0,0,1,0,0,0,0,0,0,0,0,0,0,0,0,1,0,0,0,0,0,,1,0,0,0,0,0,1,1,1,0,0,1,0,0,1,0,,,,,,26-30,26-35,County road,R,Friday,Belt Used,PV,Hispanic,0,1,0,0,County Road,County Sheriff,Spokane County Sheriff's Office,1,0,1,0,0,thc,2.4,,,,0,0,3,1,1,,,,417,605,,,,0,0,0,201,298,,,,20,7,,,,,,,nms,1,0,,,TRAILS RD,1.7,,
2020,177,EA40321,31,06/14/2020,18:51,14,6,,45,Mason,0,1,,1,1,2,1,0,1,1,18:55,19:07,,30,0,0,3.5,1,0,1,5,1,2,4,0,0,0,0,CR-E BROCKDALE RD,,-123.1068028,47.2653,0,1,7,13,2,45,4,0,0,1,2,30,3,1,2,1,14,1,1,53,0,37,32,1992,0,,63,69,68,64,30,42,1,1,33,1,7,,4,7,3,0,11,0,06/14/2020,18:51,53027659,27659,0,0,0,2,1,58,,,,96,,,,,,98,,,,,,98311,53,72,190,1,1,0,1,0,3,,0,,,,,,3,07/15/2017,06/15/2019,1,0,0,0,0,9,8,,,0,,,8,8,2,401,417,605,1,1,1,2,1,0.206,,,,,,,,,,,,,,,,,,,,,,,,,,,,,,0,0,0,0,1,1,1,1,1,0,0,0,1,1,0,0,0,0,0,0,0,0,0,0,0,0,0,0,0,1,0,0,0,0,0,,1,0,0,0,0,1,1,1,0,1,0,1,0,0,0,1,,,,,,31-35,26-35,County road,R,Sunday,Belt Used,PV,White,0,1,0,0,County Road,County Sheriff,Mason County Sheriff's Office,1,0,1,0,0,thc,1.9,,,,0,0,3,,,,,,,,,,,0,0,0,1,,,,,20,7,,,,,,,nms,1,0,,,BROCKDALE RD,3.528,,
2020,178,EA40438,41,05/24/2020,16:59,24,5,,65,Stevens,0,1,,1,1,2,1,0,1,1,,,,42,0,0,1.3,1,0,1,7,1,2,4,0,0,0,0,CR-COZY NOOK RD,,-117.7159972,48.30274444,0,1,7,6,1,50,14,0,0,1,5,42,3,2,2,1,14,1,2,53,0,35,402,2012,0,,63,69,68,64,42,,1,1,51,1,7,,4,7,3,0,11,0,05/24/2020,16:59,53024969,24969,0,0,0,0,1,8,37,,,96,,,,,,98,,,,,,99109,53,,999,0,0,0,0,0,0,,0,,,,,,4,,,8,0,0,0,0,9,8,,,0,,,8,8,8,95,,,96,,,8,95,995,,,,,,,,,,,,,,,,,,,,,,,,,,,,,,0,0,0,0,0,0,0,0,0,0,0,0,1,1,0,0,0,0,0,0,0,0,0,0,0,0,0,0,0,1,0,0,0,0,0,,1,0,0,0,0,0,0,0,0,1,0,1,0,0,0,0,,,,,,51-55,46-55,County road,R,Sunday,Belt Used,PV,White,0,1,0,0,County Road,County Sheriff,Stevens County Sheriff's Office,1,0,1,0,0,,,,,,0,0,0,,,,,,,,,,,98,98,98,1,,,,,20,7,,,,,,,,1,20,,,COZY NOOK,1.34,,
2020,180,EA40788,173,06/18/2020,0:44,18,6,,53,Pierce,1124,1,,3,1,2,1,1,1,1,,,,8,0,0,0,1,0,1,3,2,1,6,0,0,0,0,BRIDGEPORT WAY SW,,-122.5043694,47.14773056,0,1,13,80,5,35,4,0,0,1,2,8,1,2,4,1,1,1,1,53,0,7,24,2007,0,,8,,,,,,1,1,41,1,0,,0,0,3,0,11,0,,,,,0,0,0,3,1,0,,,,92,,,,,,98,,,,,,98499,53,75,175,6,1,0,0,0,0,,0,,,,,,0,,,20,0,0,0,8,9,8,,,0,,,8,8,0,0,,,0,,,0,0,996,,,,,,,,,,,,,,,,,,,,,,,,,,,,,,0,0,0,0,0,0,0,0,0,1,0,1,0,0,0,0,1,0,0,0,0,0,0,0,0,0,0,0,0,1,0,1,0,0,0,,0,0,0,0,0,0,0,0,1,0,0,0,0,0,0,0,,,,,,41-45,36-45,City street,U,Thursday,Belt Used,PV,Not Fatal,0,0,0,0,State Route,Municipal/City Police,Lakewood Police Department,0,1,0,0,0,,,,,,0,0,0,,,,,,,,,,,98,98,98,0,,,,,20,7,,,,,,,,1,0,,,,,,
2020,390,EA40851,14,06/13/2020,19:30,13,6,,11,Clark,0,2,,1,2,2,1,1,1,1,19:30,19:37,,30,0,0,1.2,1,0,1,6,1,2,4,0,0,0,0,CR-NE 139TH ST,,-122.5878111,45.72234167,0,1,1,13,2,40,15,0,0,1,2,8,1,1,2,1,1,1,1,41,0,20,422,2006,0,,63,30,8,38,42,,1,1,25,8,0,,1,0,3,0,11,0,,,,,0,0,0,3,1,0,,,,98,,,,,,98,,,,,,97303,41,73,170,6,1,0,0,0,1,,97,,,,,,0,03/15/2017,03/15/2017,1,0,0,0,8,9,8,,,0,,,8,8,2,1,,,1,,,2,1,0,,,,,,,,,,,,,,,,,,,,,,,,,,,,,,0,0,1,0,0,0,0,0,0,0,0,0,0,0,0,0,1,0,0,0,0,0,0,1,1,0,0,0,0,1,0,1,0,0,0,,0,0,0,0,0,0,0,0,1,0,0,0,0,0,0,0,,,,,,21-25,16-25,County road,R,Saturday,Belt Used,PV,Not Fatal,0,1,0,0,County Road,County Sheriff,Clark County Sheriff's Office,1,0,1,0,0,,,,,,0,0,0,,,,,,,,,,,98,98,98,0,,,,,20,7,,,,,,,,1,0,,,NE 139TH ST,1.18,,
2020,181,EA40857,14,06/12/2020,23:55,12,6,,11,Clark,0,10,,3,2,2,1,0,1,1,23:56,0:03,,32,0,0,0,3,0,3,5,2,2,4,0,0,3,3,CR-NE 137TH AVE,NE 99TH ST,-122.5320472,45.69364167,0,1,14,14,2,35,80,0,0,1,2,32,1,1,3,1,1,1,2,53,0,76,703,2014,0,,71,32,2,,,,1,1,23,1,7,,4,7,20,7,11,0,06/12/2020,23:55,53027631,27631,0,0,0,3,1,39,,,,96,,,,,,98,,,,,,98674,53,67,165,6,7,0,4,0,2,,0,,,,,,3,07/15/2015,07/15/2019,20,8,0,0,0,9,8,,,0,,,8,8,2,407,996,402,1,1,1,2,1,0.176,,,,,,,,,,,,,,,,,,,,,,,,,,,,,,0,0,0,1,1,1,1,1,0,0,0,0,1,0,0,0,0,0,0,0,0,0,0,1,1,0,0,0,1,0,0,0,0,0,1,0,0,0,0,0,0,1,1,1,0,1,0,0,0,0,0,1,,,,,,21-25,16-25,County road,U,Friday,,MC,White,1,0,0,0,County Road,County Sheriff,Clark County Sheriff's Office,0,0,1,0,0,,,,,,0,0,0,,,,,,,,,,,0,0,0,1,,,,,5,0,,,,,,,,1,0,,,NE 137TH AVE,0,NE 99TH ST,1.75
2020,182,EA41179,2,06/12/2020,21:56,12,6,,57,Skagit,50,2,,2,2,1,1,1,3,1,,,,15,0,0,48,2,0,2,3,2,1,3,0,0,3,3,SR-20,CHRISTIANSEN RD,-122.5709806,48.46281944,0,1,13,83,5,55,4,0,0,1,2,15,1,1,2,3,1,3,1,53,0,34,34,2013,0,,15,,,,,,1,1,21,2,0,,1,0,3,0,11,0,,,,,0,0,0,3,1,0,,,,96,,,,,,0,,,,,,98277,53,61,128,6,1,0,0,0,2,,0,,,,,,0,01/15/2016,09/15/2018,20,0,0,0,8,1,8,,,0,,,8,0,2,1,,,1,,,2,1,0,,,,,,,,,,,,,,,,,,,,,,,,,,,,,,0,0,0,1,0,0,0,0,0,1,1,1,0,0,0,0,0,0,0,0,0,0,0,1,1,0,0,0,0,1,0,1,0,0,0,,0,0,0,0,0,0,0,0,0,0,0,0,0,0,0,0,,,,,,21-25,16-25,State route,U,Friday,Belt Used,PV,Not Fatal,1,0,0,0,State Route,State Patrol,Washington State Patrol,0,1,0,0,0,,,,,,0,0,0,,,,,,,,,,,98,98,98,0,,,,,20,7,,,,,,,,1,0,,,,,,
2020,183,EA41186,44,06/13/2020,12:20,13,6,,71,Walla Walla,0,1,,1,1,4,1,0,3,1,15:33,15:47,18:00,1,0,0,4.5,1,0,1,6,1,2,4,0,0,0,0,CR-BYRNES RD,,-118.7679556,46.05686944,0,1,98,9,1,50,96,0,0,1,5,1,2,1,8,1,14,3,2,53,0,98,734,2010,0,,1,,,,,,1,1,14,2,0,,0,0,3,0,11,0,,,,,0,0,0,1,1,0,,,,96,,,,,,0,,,,,,99320,53,,999,0,0,99,99,99,99,,97,,,,,,0,,,20,9,0,0,8,9,8,,,0,,,8,8,0,0,,,0,,,0,0,996,,,,,,,,,,,,,,,,,,,,,,,,,,,,,,0,0,0,0,0,0,0,0,0,0,0,0,0,1,0,0,0,0,0,0,0,0,0,0,0,0,0,0,0,0,0,0,0,0,0,,0,0,0,0,0,0,0,0,0,0,0,1,0,0,0,0,,,,,,10ÔÂ15ÈÕ,0-15,County road,R,Saturday,,OTHVT,Not Fatal,0,1,0,0,County Road,County Sheriff,Walla Walla County Sheriff's Office,1,0,1,0,0,,,,,,99,99,99,,,,,,,,,,,0,0,0,0,,,,,17,7,,,,,,,,1,0,,,BYRNES RD,4.459,,
2020,184,EA41234,4,06/13/2020,2:50,13,6,,1,Adams,0,2,,2,2,2,1,0,1,1,,,,58,0,0,27.1,1,0,1,3,1,1,3,0,0,0,0,SR-17,,-119.1443778,46.89894167,0,1,1,13,2,60,34,0,0,1,2,1,1,1,2,1,1,1,1,53,0,20,481,2008,0,,63,58,67,58,1,,1,1,46,1,7,,4,7,20,7,11,0,06/13/2020,2:50,53027763,27763,0,0,3,2,1,0,,,,96,,,,,,9,,,,,,98251,53,74,260,1,1,0,3,0,0,,0,,,,,,4,08/15/2016,05/15/2018,20,1,9,0,9,1,8,,,0,,,8,1,2,1,,,1,,,2,1,0.17,,,,,,,,,,,,,,,,,,,,,,,,,,,,,,0,0,1,0,1,1,0,1,0,0,0,0,1,1,0,0,0,0,0,1,0,0,0,0,0,0,0,0,0,1,0,0,0,1,0,,1,0,0,0,0,1,0,1,0,1,0,1,0,1,0,1,,,,,,46-50,46-55,State route,R,Saturday,Not Used,PV,White,0,1,0,0,State Route,State Patrol,Washington State Patrol,1,1,0,0,0,,,,,,0,0,2,,,,,,,,,,,98,98,98,1,,,,,20,7,,,,,,,,1,0,,,,,,
2020,185,EA41583,4,06/18/2020,22:05,18,6,,63,Spokane,0,1,,2,1,2,1,0,3,2,22:12,22:24,23:11,12,0,2,79.8,1,0,1,5,1,1,3,0,0,0,0,SR-27,,-117.2136667,47.54799444,0,1,50,10,2,55,34,0,0,1,2,12,1,2,2,1,6,1,3,53,0,20,481,2006,0,,68,12,63,24,,,1,1,37,1,0,,0,0,3,0,11,0,,,,,0,0,0,3,1,33,,,,96,,,,,,9,,,,,,99012,53,67,150,6,1,1,3,2,2,,1,53,,,,,0,09/15/2015,10/15/2018,1,0,0,0,8,1,8,,,0,,,8,1,2,695,605,,1,1,,2,1,0.21,,,,,,,,,,,,,,,,,,,,,,,,,,,,,,0,0,0,0,1,1,1,1,1,0,0,0,0,0,0,0,0,0,0,0,0,0,0,0,0,1,1,0,0,1,0,0,0,0,0,,0,0,0,0,0,1,1,1,0,0,0,0,0,0,0,1,,,,,,36-40,36-45,State route,R,Thursday,Belt Used,PV,Not Fatal,0,1,1,0,State Route,State Patrol,Washington State Patrol,0,1,0,0,0,thc,6.6,carboxy-thc,69,,0,1,3,,,,,,,,,,,98,98,98,0,,,,,20,7,,,,,,,,1,0,,,,,,
2020,185,EA41583,4,06/18/2020,22:05,18,6,,63,Spokane,0,1,,2,1,2,1,0,3,2,22:12,22:24,23:11,12,0,2,79.8,1,0,1,5,1,1,3,0,0,0,0,SR-27,,-117.2136667,47.54799444,0,2,51,62,4,55,4,0,0,1,2,12,1,2,2,1,1,2,1,53,0,12,17,1996,0,,12,,,,,,1,1,72,1,0,,1,0,3,0,11,5,,,,,0,0,3,3,1,0,,,,96,,,,,,0,,,,,,99206,53,68,180,6,1,0,0,0,0,,0,,,,,,0,,,1,0,0,0,8,9,8,,,0,,,8,8,0,0,,,0,,,0,0,996,,,,,,,,,,,,,,,,,,,,,,,,,,,,,,0,0,0,0,1,1,1,1,1,0,0,0,0,0,0,0,0,0,0,0,0,0,0,0,0,1,1,0,0,1,0,0,0,0,0,,0,0,0,0,0,0,0,0,0,0,0,0,0,0,0,0,,,,,,71-75,66-75,State route,R,Thursday,Belt Used,PV,Not Fatal,0,1,1,0,State Route,State Patrol,Washington State Patrol,0,1,0,0,0,,,,,,0,0,0,,,,,,,,,,,0,0,0,0,,,,,20,7,,,,,,,,1,0,,,,,,
2020,186,EA41787,40,06/19/2020,1:05,19,6,,63,Spokane,0,1,,2,1,2,1,0,1,1,,,,32,0,0,5.6,1,0,1,5,1,2,4,0,0,0,0,CR-S WELLS RD,,-117.4919333,47.33354444,0,1,1,13,2,98,4,0,0,1,2,1,3,2,2,1,14,1,1,53,0,10,41,1996,0,,63,32,1,,,,1,1,90,1,7,,4,7,20,7,11,0,06/19/2020,1:34,53028759,28759,0,0,0,3,1,0,,,,96,,,,,,0,,,,,,99149,53,67,160,6,1,0,0,0,0,,0,,,,,,0,,,1,1,9,0,0,9,8,,,0,,,8,8,2,1,,,1,,,2,1,0.25,,,,,,,,,,,,,,,,,,,,,,,,,,,,,,0,0,1,0,1,1,0,1,0,0,0,0,0,0,0,0,0,0,0,1,0,0,0,0,0,1,1,1,0,1,0,0,0,1,0,,1,0,0,0,0,1,0,1,0,0,0,0,0,1,0,1,,,,,,81+,76+,County road,R,Friday,Not Used,PV,White,0,1,0,0,County Road,County Sheriff,Spokane County Sheriff's Office,1,0,1,0,0,,,,,,0,0,0,,,,,,,,,,,0,0,0,1,,,,,20,7,,,,,,,,1,0,,,WELLS RD,5.55,,
2020,187,EA41882,2,06/20/2020,4:55,20,6,,57,Skagit,0,10,,2,2,2,1,0,2,2,4:53,5:01,5:50,12,0,2,41.7,1,0,1,3,1,1,3,0,0,0,0,SR-20,,-122.6459056,48.40942778,1,2,51,62,4,30,4,0,0,1,2,12,1,1,2,1,1,1,2,53,0,54,36,1999,0,,12,,,,,,1,1,19,1,0,,1,0,3,0,11,5,,,,,0,0,0,3,1,0,,,,96,,,,,,0,,,,,,98221,53,71,160,6,1,0,2,1,0,,0,,,,,,0,11/15/2019,07/15/2019,1,0,0,0,8,3,2,,,0,,,8,8,0,0,,,0,,,0,0,996,,,,,,,,,,,,,,,,,,,,,,,,,,,,,,0,0,0,0,1,0,1,1,1,0,0,0,1,0,0,0,0,0,0,1,0,1,1,0,1,0,0,0,0,1,0,0,0,0,0,,0,0,0,0,0,0,0,0,0,0,0,0,0,0,0,0,,,,,,18-20,16-25,State route,R,Saturday,Belt Used,PV,Not Fatal,0,1,1,0,State Route,State Patrol,Washington State Patrol,0,1,0,0,0,,,,,,0,0,0,,,,,,,,,,,0,0,0,0,,,,,20,7,,,,,,,,1,0,,,,,,
2020,187,EA41882,2,06/20/2020,4:55,20,6,,57,Skagit,0,10,,2,2,2,1,0,2,2,4:53,5:01,5:50,12,0,2,41.7,1,0,1,3,1,1,3,0,0,0,0,SR-20,,-122.6459056,48.40942778,1,1,50,10,2,30,4,0,0,1,2,12,2,1,2,1,14,1,1,53,0,30,40,2001,0,,68,12,,,,,1,1,28,1,7,,4,7,20,7,11,0,06/20/2020,4:55,53030877,30877,0,0,3,3,1,0,,,,96,,,,,,9,,,,,,98277,53,70,165,6,1,1,1,2,2,,0,,,,,,3,01/15/2016,10/15/2018,20,0,0,0,0,1,8,,,0,,,1,1,2,401,417,695,1,1,1,2,1,0.027,,,,,,,,,,,,,,,,,,,,,,,,,,,,,,0,0,0,0,1,0,1,1,1,0,0,0,1,0,0,0,0,0,0,1,0,1,1,0,1,0,0,0,0,1,0,0,0,1,0,,1,0,0,0,1,0,1,1,0,1,0,0,0,0,0,1,,,,,,26-30,26-35,State route,R,Saturday,Not Used,PV,Black,0,1,1,0,State Route,State Patrol,Washington State Patrol,0,1,0,0,0,thc,1.1,carboxy-thc,5.5,,0,0,1,1,,,,,605,,,,,98,98,98,2,,,,,20,7,,,,,,,nms,1,0,,,,,,
2020,189,EA42062,160,06/21/2020,15:11,21,6,,33,King,1030,1,,1,1,2,1,0,1,1,,,,1,0,0,0,3,0,2,7,2,4,6,0,0,20,3,144TH AVE SE,SE 259th Pl,-122.14955,47.36881389,0,1,98,9,1,25,80,0,0,1,2,1,4,1,2,1,6,1,2,53,0,73,703,2011,0,,68,1,64,42,,,1,1,36,1,7,,4,7,20,7,11,0,06/21/2020,15:11,1.03E+11,28688,0,0,0,0,1,8,,,,96,,,,,,98,,,,,,98188,53,71,190,0,0,0,2,2,0,,0,,,,,,4,05/15/2017,06/15/2018,20,8,0,0,0,9,8,,,0,,,8,8,2,996,401,417,1,1,1,2,1,0,,,,,,,,,,,,,,,,,,,,,,,,,,,,,,0,0,0,1,0,0,1,1,0,0,0,0,1,1,1,0,0,0,0,0,0,0,0,0,0,0,0,0,1,0,0,0,0,0,1,0,0,0,0,0,0,0,1,1,0,1,0,1,0,0,1,0,,,,,,36-40,36-45,City street,U,Sunday,,MC,White,1,0,0,0,City Street,Municipal/City Police,Kent Police Department,0,0,0,1,0,,,,,,0,0,6,,,,,,,,,,,0,0,0,1,,,,,5,0,,,,,,,,1,0,,,,,,
2020,188,EA42064,2,06/18/2020,14:24,18,6,,73,Whatcom,0,1,,1,1,2,1,1,1,1,12:25,12:34,,9,0,0,5.2,3,0,2,5,1,2,4,0,3,0,0,CR-SLATER RD,FERNDALE RD,-122.59555,48.81919722,0,1,13,83,5,50,4,0,0,1,2,9,1,1,2,1,1,1,1,53,0,37,32,2009,0,,9,,,,,,1,1,70,2,0,,0,0,3,0,11,0,,,,,0,0,3,3,1,0,,,,96,,,,,,0,,,,,,98248,53,66,150,6,1,0,0,0,0,,0,,,,,,0,,,20,0,0,0,8,3,2,,,0,,,8,8,0,0,,,0,,,0,0,996,,,,,,,,,,,,,,,,,,,,,,,,,,,,,,0,0,0,1,0,0,0,0,0,0,0,0,0,0,0,0,0,1,0,0,0,0,0,0,0,1,1,0,0,1,0,0,1,0,0,,0,0,0,0,0,0,0,0,0,0,0,0,0,0,0,0,,,,,,66-70,66-75,County road,R,Thursday,Belt Used,PV,Not Fatal,1,0,0,0,County Road,State Patrol,Washington State Patrol,0,0,1,0,0,,,,,,0,0,0,,,,,,,,,,,98,98,98,0,,,,,20,7,,,,,,,,1,0,,,SLATER RD,5.16,FERNDALE RD,1.89
2020,190,EA42263,8,06/10/2020,21:19,10,6,,45,Mason,0,1,,5,1,2,1,0,1,1,,,,42,0,0,318.8,1,0,1,3,1,1,2,0,0,0,0,US-101,,-123.0433806,47.54768056,0,1,1,13,2,50,6,0,0,1,2,42,1,1,2,1,1,1,2,53,0,48,38,2015,0,,63,42,,,,,1,1,43,1,7,,4,7,20,7,11,0,06/10/2020,21:19,53026951,26951,0,0,3,2,1,0,,,,96,,,,,,98,,,,,,98320,53,72,260,1,1,2,1,0,4,,0,,,,,,0,12/15/2016,06/15/2019,8,0,0,0,0,1,1,,,0,,,1,0,2,401,417,,1,1,,2,1,0,,,,,,,,,,,,,,,,,,,,,,,,,,,,,,0,0,1,0,0,0,1,1,0,0,0,0,0,1,0,0,0,0,0,1,0,0,0,0,0,0,0,0,0,1,0,0,0,1,0,,1,0,0,0,0,0,1,1,0,0,0,1,0,0,1,0,,,,,,41-45,36-45,US highway,R,Wednesday,Not Used,PV,White,0,1,0,0,State Route,State Patrol,Washington State Patrol,1,1,0,0,0,,,,,,0,0,11,,,,,,,,,,,98,98,98,1,,,,,20,7,,,,,,,,1,0,,,,,,
2020,542,EA42544,35,06/25/2020,1:46,25,6,,53,Pierce,0,1,,3,1,2,1,0,3,2,1:46,1:52,2:17,12,0,6,3.3,2,0,2,5,2,2,4,0,0,3,3,CR-84TH ST E,WALLER RD,-122.3891306,47.18087778,0,1,68,15,2,35,4,0,0,1,2,12,1,1,2,1,11,1,9,99,0,20,2,2010,0,,12,,,,,,1,1,32,2,0,,1,0,3,0,11,0,,,,,0,0,0,0,1,38,48,,,96,,,,,,98,,,,,,98371,53,,999,0,0,99,99,99,99,,97,,,,,,0,,,8,0,0,0,8,9,8,,,0,,,8,8,8,95,,,96,,,8,95,995,,,,,,,,,,,,,,,,,,,,,,,,,,,,,,0,0,0,1,0,0,0,0,0,0,0,0,0,1,0,0,0,0,1,1,0,0,0,0,0,0,0,0,0,1,0,0,0,0,0,,0,0,0,0,0,0,0,0,0,0,1,1,0,0,0,0,,,,,,31-35,26-35,County road,U,Thursday,Belt Used,PV,Not Fatal,1,0,0,0,County Road,County Sheriff,Law Enforcement Support Agency,0,0,1,0,0,,,,,,99,99,99,,,,,,,,,,,98,98,98,0,,,,,20,7,,,,,,,,1,0,,,WALLER RD E,3.31,084 ST E,1.5
2020,542,EA42544,35,06/25/2020,1:46,25,6,,53,Pierce,0,1,,3,1,2,1,0,3,2,1:46,1:52,2:17,12,0,6,3.3,2,0,2,5,2,2,4,0,0,3,3,CR-84TH ST E,WALLER RD,-122.3891306,47.18087778,0,2,69,62,4,35,8,0,0,1,2,12,1,1,2,1,1,2,9,99,0,35,43,2001,0,,12,,,,,,1,1,60,1,7,,4,0,20,7,11,5,06/30/2020,15:06,2.23E+11,30765,0,0,0,2,1,0,,,,96,,,,,,0,,,,,,98446,53,68,280,1,1,0,1,2,0,,0,,,,,,0,08/15/2016,02/15/2018,8,0,0,0,0,9,8,,,0,,,8,8,8,95,,,96,,,8,95,995,,,,,,,,,,,,,,,,,,,,,,,,,,,,,,0,0,0,1,0,0,0,0,0,0,0,0,0,1,0,0,0,0,1,1,0,0,0,0,0,0,0,0,0,1,0,0,0,1,0,,1,0,0,0,0,0,0,0,0,0,0,1,0,0,0,0,,,,,,56-60,56-65,County road,U,Thursday,Not Used,PV,Multiracial,1,0,0,0,County Road,County Sheriff,Law Enforcement Support Agency,0,0,1,0,0,,,,,,0,0,6,,,,,,,,,,,98,98,98,202,201,,,,20,7,,,,,,,,1,0,,,WALLER RD E,3.31,084 ST E,1.5