year,case,par,repjur,crash_dt,crash_tm,accday,accmon,holiday,county,co_char,city,weather,weather2,lightcond,surfcond,surftype,numfatal,nmforms,pforms,vforms,not_tm,arr_tm,hosp_tm,fhevent,hitrun,manncol,milepnt,reljunc,reljuncinter,intersectiontype,funcsystem,landuse,ownership,route,schlbus,spejur,contdev,devfunc,trafid1,trafid2,x,y,wk_zone,vnumber,crashtype,criticalevent,criticaleventcat,spdlim,body,trailer,emerg,hazcargo,leave,mhevent,roadalgn,roadprof,traflane,trafflow,vehmanvr,numoccs,regowner,regstate,spuse,make,model,modelyr,vrf1,vrf2,seqevent1,seqevent2,seqevent3,seqevent4,seqevent5,seqevent6,pnumber,ptype,age,sex,hispanic,race,injury,diedscene,restraint,restraintmisuse,seatpos,takehosp,death_dt,death_tm,cert,cernum_wa,commlic,licendor,licrestrict,liccomp,drivpres,drf1,drf2,drf3,drf4,distract1,distract2,distract3,distract4,distract5,distract6,dricond1,dricond2,dricond3,dricond4,dricond5,dricond6,dzip,licstate,drhgt_in,weight,noncdl,noncdltype,prevdwi,prevoth,prevacc,prevspd,prevsus,driviol1,driviol2,driviol3,driviol4,driviol5,driviol6,spdrel,first_dt,last_dt,airbag,ejection,ejectpath,extricat,injurwrk,methalc,methdrug,nmlocat,strikveh,prf1,prf2,prf3,druginv,alcinvol,drugsts,drugres1,drugres2,drugres3,drugtst1,drugtst2,drugtst3,alcsts,alctst,alcres,nmact1,nmact2,nmact3,nmact4,nmact5,nmact6,nmprior1,nmprior2,nmprior3,nmprior4,nmprior5,nmprior6,nmcond1,nmcond2,nmcond3,nmcond4,nmcond5,nmcond6,nmsafe_helmet,nmsafe_pads,nmsafe_oth,nmprev_ref,nmprev_lgt,nmprev_oth,crashlocation,nmcrashtype,crosswalk,schoolzone,sidewalk,train_inv,wildlife_inv,rotr_fars,intersect_fars,dd_inv,aid_inv,dpd_inv,id_inv,mj_inv,impnm_inv,ainm_inv,dpnm_inv,speed_inv,unlic_inv,unendmc_inv,drowsy_inv,drdist_inv,nmdist_inv,fty_inv,unrestfat_inv,dr1617_inv,dr1820_inv,dr1620_inv,dr2125_inv,dr1625_inv,dr65_inv,dr70_inv,dr75_inv,mc_inv,pv_inv,ht_inv,ped_inv,bike_inv,unrest_fat,mc_fat,unhelmet_mc,pv_fat,ht_fat,ped_fat,bike_fat,dr_alc7,dr_alc8,dr_drug,dr_imp,dr_dist,dr_spd,dr_fty,dr_unlic,dr_alc7only,dr_alc8only,dr_drugonly,dr_drink,nm_imp,nm_alc7,nm_alc8,nm_drug,nm_dist,agegrp1,agegrp2,roadclass,urbrur,dayweek,restuse,vehtype,race_me,intersect,lanedep,oppdir,wrongway,rep_typ,investag,repag_long,rotr,st_rd,cty_rd,city_rd,oth_rd,drug_thc,thc_res,drug_cthc,cthc_res,drug_cann,prevpersemin,prevperse,prevsusoth,drugtst4,drugtst5,drugtst6,drugtst7,drugtst8,drugres4,drugres5,drugres6,drugres7,drugres8,adspresent,adsengaged,adslevel,race1,race2,race3,race4,race5,helmet,helmetmisuse,nmdistract1,nmdistract2,nmdistract3,nmdistract4,nmdistract5,nmdistract6,lab,isedtcase,crf1,crf2,crf3,CoRoadName,CoMP,IntCoRoadName,IntCoMP
2020,207,EA43973,146,06/25/2020,12:49,25,6,,77,Yakima,0,1,,1,1,2,2,0,3,2,12:51,12:59,,12,0,6,2.8,8,0,1,5,1,2,4,0,3,0,0,CR-LATERAL A RD,,-120.4804667,46.47733056,0,2,86,71,4,55,63,0,0,2,5,12,1,1,2,1,1,1,3,53,0,85,881,2017,0,,12,,,,,,1,1,27,1,0,,0,0,3,0,11,0,,,,,6,1,0,3,1,0,,,,96,,,,,,0,,,,,,98951,53,70,225,6,1,0,0,0,0,,0,,,,,,0,,,20,0,0,0,8,9,8,,,0,,,8,8,8,95,,,96,,,8,95,995,,,,,,,,,,,,,,,,,,,,,,,,,,,,,,0,0,0,0,0,0,0,0,0,0,0,0,0,1,0,0,0,0,1,0,0,0,0,0,0,0,0,0,0,1,1,0,0,0,0,,0,0,0,0,0,0,0,0,0,0,0,0,0,0,0,0,,,,,,26-30,26-35,County road,R,Thursday,,MHTRUCK,Not Fatal,0,0,0,0,County Road,County Sheriff,Yakima County Sheriff's Office,0,0,1,0,0,,,,,,0,0,0,,,,,,,,,,,98,98,98,0,,,,,20,7,,,,,,,,1,0,,,LATERAL A RD.,2.78,,
2020,319,EA44131,25,06/25/2020,22:43,25,6,,33,King,0,1,,2,1,2,1,0,2,2,22:49,23:19,0:15,12,0,2,7.5,1,0,1,5,1,2,4,0,0,0,0,CR-CUMBERLAND KANASKET,,-121.9137417,47.29377222,0,2,51,62,4,40,14,0,0,1,2,12,1,1,2,1,1,1,2,53,0,2,404,1996,0,,12,,,,,,1,1,27,2,0,,3,0,3,0,11,5,,,,,0,0,0,3,1,0,,,,96,,,,,,0,,,,,,98051,53,62,125,6,1,0,0,1,3,,0,,,,,,0,12/15/2016,12/15/2016,1,0,0,0,8,9,8,,,0,,,8,8,8,95,,,96,,,8,95,995,,,,,,,,,,,,,,,,,,,,,,,,,,,,,,0,0,0,0,0,0,1,1,0,0,0,0,1,0,0,0,0,0,0,1,0,0,0,1,1,0,0,0,0,1,0,0,0,0,0,,0,0,0,0,0,0,0,0,0,0,0,0,0,0,0,0,,,,,,26-30,26-35,County road,R,Thursday,Belt Used,PV,Not Fatal,0,1,1,0,County Road,County Sheriff,King County Police,0,0,1,0,0,,,,,,0,0,0,,,,,,,,,,,0,0,0,0,,,,,20,7,,,,,,,,1,0,,,CUMBERLAND-KANASKAT RD SE,7.505,,
2020,319,EA44131,25,06/25/2020,22:43,25,6,,33,King,0,1,,2,1,2,1,0,2,2,22:49,23:19,0:15,12,0,2,7.5,1,0,1,5,1,2,4,0,0,0,0,CR-CUMBERLAND KANASKET,,-121.9137417,47.29377222,0,1,50,9,1,40,5,0,0,1,2,12,1,1,2,1,1,1,1,53,0,41,51,2005,0,,68,12,,,,,1,1,24,2,7,,4,0,20,7,11,1,07/03/2020,8:19,1.96E+11,30579,0,0,3,3,1,58,,,,96,,,,,,98,,,,,,98391,53,63,110,6,1,0,4,1,1,,0,,,,,,3,06/15/2016,05/15/2019,8,0,0,0,0,9,8,,,0,,,8,8,2,151,,,1,,,2,1,0,,,,,,,,,,,,,,,,,,,,,,,,,,,,,,0,0,0,0,0,0,1,1,0,0,0,0,1,0,0,0,0,0,0,1,0,0,0,1,1,0,0,0,0,1,0,0,0,1,0,,1,0,0,0,0,0,1,1,0,1,0,0,0,0,1,0,,,,,,21-25,16-25,County road,R,Thursday,Not Used,PV,White,0,1,1,0,County Road,County Sheriff,King County Police,0,0,1,0,0,,,,,,0,0,2,,,,,,,,,,,98,98,98,1,,,,,20,7,,,,,,,,1,0,,,CUMBERLAND-KANASKAT RD SE,7.505,,
2020,209,EA44132,262,06/26/2020,14:12,26,6,,33,King,1958,1,,1,1,2,1,1,1,1,14:13,14:18,,8,0,0,12.9,1,0,1,3,2,1,3,0,0,0,0,SR-99,,-122.2980806,47.40880278,0,1,13,80,5,40,15,0,0,1,5,8,1,1,3,2,1,1,1,53,0,12,422,2008,0,,8,,,,,,1,1,43,2,0,,1,0,3,0,11,0,,,,,0,0,0,3,1,0,,,,96,,,,,,0,,,,,,98003,53,66,190,6,1,0,0,0,0,,0,,,,,,0,,,8,0,0,0,8,9,8,,,0,,,8,8,8,95,,,96,,,8,95,995,,,,,,,,,,,,,,,,,,,,,,,,,,,,,,0,0,0,0,0,0,0,0,0,1,0,1,0,0,0,0,0,0,0,0,0,0,0,0,0,0,0,0,0,1,0,1,0,0,0,,0,0,0,0,0,0,0,0,0,0,0,0,0,0,0,0,,,,,,41-45,36-45,State route,U,Friday,Belt Used,PV,Not Fatal,0,0,0,0,State Route,Municipal/City Police,SeaTac Police Department,0,1,0,0,0,,,,,,0,0,0,,,,,,,,,,,98,98,98,0,,,,,20,7,,,,,,,,1,0,,,,,,
2020,211,EA44281,146,06/24/2020,10:45,24,6,,77,Yakima,0,1,,1,1,2,2,0,5,3,10:51,10:58,11:38,12,0,6,1.8,2,0,2,5,1,2,4,0,3,0,0,CR-LATERAL A RD,KAYS RD,-120.4803361,46.492,0,2,89,66,4,55,66,0,0,2,2,12,1,1,2,1,1,1,3,53,0,82,881,1996,0,,12,1,12,,,,1,1,58,1,0,,2,0,3,0,11,5,,,,,6,1,3,3,1,0,,,,96,,,,,,0,,,,,,98902,53,74,240,6,1,0,1,1,0,,0,,,,,,0,03/15/2017,05/15/2018,20,0,0,0,8,9,8,,,0,,,8,8,8,95,,,96,,,8,95,995,,,,,,,,,,,,,,,,,,,,,,,,,,,,,,0,0,0,1,0,0,0,0,0,0,0,0,0,0,0,0,0,0,0,0,0,1,1,0,1,0,0,0,0,1,1,0,0,0,0,,0,0,0,0,0,0,0,0,0,0,0,0,0,0,0,0,,,,,,56-60,56-65,County road,R,Wednesday,,MHTRUCK,Not Fatal,1,0,0,0,County Road,County Sheriff,Yakima County Sheriff's Office,0,0,1,0,0,,,,,,0,0,0,,,,,,,,,,,0,0,0,0,,,,,20,7,,,,,,,,1,0,,,LATERAL A RD.,1.76,KAYS RD.,1.06
2020,211,EA44281,146,06/24/2020,10:45,24,6,,77,Yakima,0,1,,1,1,2,2,0,5,3,10:51,10:58,11:38,12,0,6,1.8,2,0,2,5,1,2,4,0,3,20,3,CR-LATERAL A RD,KAYS RD,-120.4803361,46.492,0,1,88,17,2,50,14,0,0,1,2,12,1,1,2,1,1,2,2,53,0,63,401,2000,0,,12,1,2,,,,1,1,63,1,1,,4,7,99,7,11,0,06/24/2020,10:45,53029577,29577,0,0,0,3,1,39,,,,96,,,,,,98,,,,,,98951,53,66,220,6,1,0,1,1,0,,0,,,,,,0,06/15/2018,06/15/2018,99,0,0,0,0,9,8,,,0,,,8,8,2,1,,,1,,,2,1,0,,,,,,,,,,,,,,,,,,,,,,,,,,,,,,0,0,0,1,0,0,0,0,0,0,0,0,0,0,0,0,0,0,0,0,0,1,1,0,1,0,0,0,0,1,1,0,0,0,0,,1,0,0,0,0,0,0,0,0,0,0,0,0,0,0,0,,,,,,61-65,56-65,County road,R,Wednesday,Unknown,PV,Hispanic,1,0,0,0,County Road,County Sheriff,Yakima County Sheriff's Office,0,0,1,0,0,,,,,,0,0,0,,,,,,,,,,,98,98,98,98,,,,,20,7,,,,,,,,1,0,,,LATERAL A RD.,1.76,KAYS RD.,1.06
2020,211,EA44281,146,06/24/2020,10:45,24,6,,77,Yakima,0,1,,1,1,2,2,0,5,3,10:51,10:58,11:38,12,0,6,1.8,2,0,2,5,1,2,4,0,3,0,0,CR-LATERAL A RD,KAYS RD,-120.4803361,46.492,0,3,98,62,4,55,34,0,0,1,5,12,1,1,2,1,1,2,2,53,0,23,481,2002,0,,12,,,,,,1,1,18,2,0,,0,0,3,0,11,0,,,,,0,0,0,3,1,0,,,,96,,,,,,0,,,,,,98951,53,65,147,6,2,0,0,0,0,,0,,,,,,0,,,20,0,0,0,8,9,8,,,0,,,8,8,8,95,,,96,,,8,95,995,,,,,,,,,,,,,,,,,,,,,,,,,,,,,,0,0,0,1,0,0,0,0,0,0,0,0,0,0,0,0,0,0,0,0,0,1,1,0,1,0,0,0,0,1,1,0,0,0,0,,0,0,0,0,0,0,0,0,0,0,0,0,0,0,0,0,,,,,,18-20,16-25,County road,R,Wednesday,Belt Used,PV,Not Fatal,1,0,0,0,County Road,County Sheriff,Yakima County Sheriff's Office,0,0,1,0,0,,,,,,0,0,0,,,,,,,,,,,98,98,98,0,,,,,20,7,,,,,,,,1,0,,,LATERAL A RD.,1.76,KAYS RD.,1.06
2020,543,EA44374,122,06/25/2020,18:42,25,6,,61,Snohomish,690,1,,1,1,2,1,0,8,3,19:02,19:07,19:22,33,0,0,1.1,1,0,1,3,2,1,3,0,0,0,0,SR-526,,-122.2795611,47.92243056,0,1,6,12,2,45,2,0,0,1,5,12,2,1,3,2,14,2,2,53,0,37,33,1992,0,,64,33,69,12,,,1,1,17,1,7,,4,0,3,0,11,5,06/29/2020,22:13,69053030029,30029,0,0,3,3,1,28,,,,96,,,,,,98,,,,,,98270,53,66,120,6,2,0,0,0,0,,0,,,,,,4,,,99,2,9,0,0,9,8,,,0,,,8,8,2,348,,,1,,,2,1,0,,,,,,,,,,,,,,,,,,,,,,,,,,,,,,0,0,1,0,0,0,1,1,0,0,0,0,1,0,0,0,0,0,0,0,1,0,1,0,1,0,0,0,0,1,0,0,0,0,0,,1,0,0,0,0,0,1,1,0,1,0,0,0,0,1,0,,,,,,16-17,16-25,State route,U,Thursday,Belt Used,PV,API,0,1,1,0,State Route,Municipal/City Police,Everett Police Department,0,1,0,0,0,,,,,,0,0,0,,,,,,,,,,,0,0,0,48,,,,,20,7,,,,,,,,1,0,,,,,,
2020,543,EA44374,122,06/25/2020,18:42,25,6,,61,Snohomish,690,1,,1,1,2,1,0,8,3,19:02,19:07,19:22,33,0,0,1.1,1,0,1,3,2,1,3,0,0,0,0,SR-526,,-122.2795611,47.92243056,0,3,98,98,7,60,34,0,0,1,2,12,3,1,2,3,14,1,1,53,0,12,471,2004,0,,12,,,,,,1,1,39,1,0,,0,0,99,7,11,0,,,,,0,0,0,3,1,0,,,,96,,,,,,0,,,,,,98271,53,68,140,6,1,0,0,0,0,,0,,,,,,0,,,99,0,0,0,8,9,8,,,0,,,8,8,0,0,,,0,,,0,0,996,,,,,,,,,,,,,,,,,,,,,,,,,,,,,,0,0,1,0,0,0,1,1,0,0,0,0,1,0,0,0,0,0,0,0,1,0,1,0,1,0,0,0,0,1,0,0,0,0,0,,0,0,0,0,0,0,0,0,0,0,0,0,0,0,0,0,,,,,,36-40,36-45,State route,U,Thursday,Unknown,PV,Not Fatal,0,1,1,0,State Route,Municipal/City Police,Everett Police Department,0,1,0,0,0,,,,,,0,0,0,,,,,,,,,,,98,98,98,0,,,,,20,7,,,,,,,,1,0,,,,,,
2020,543,EA44374,122,06/25/2020,18:42,25,6,,61,Snohomish,690,1,,1,1,2,1,0,8,3,19:02,19:07,19:22,33,0,0,1.1,1,0,1,3,2,1,3,0,0,0,0,SR-526,,-122.2795611,47.92243056,0,2,98,62,4,60,34,0,0,1,5,12,3,1,2,2,14,5,1,53,0,12,481,2019,0,,12,12,,,,,1,1,36,1,0,,1,0,3,0,11,5,,,,,0,0,0,3,1,0,,,,96,,,,,,0,,,,,,98275,53,66,175,6,1,0,1,0,1,,0,,,,,,0,06/15/2020,03/15/2020,99,0,0,0,8,9,8,,,0,,,8,8,0,0,,,0,,,0,0,996,,,,,,,,,,,,,,,,,,,,,,,,,,,,,,0,0,1,0,0,0,1,1,0,0,0,0,1,0,0,0,0,0,0,0,1,0,1,0,1,0,0,0,0,1,0,0,0,0,0,,0,0,0,0,0,0,0,0,0,0,0,0,0,0,0,0,,,,,,36-40,36-45,State route,U,Thursday,Belt Used,PV,Not Fatal,0,1,1,0,State Route,Municipal/City Police,Everett Police Department,0,1,0,0,0,,,,,,0,0,0,,,,,,,,,,,98,98,98,0,,,,,20,7,,,,,,,,1,0,,,,,,
2020,212,EA44532,8,06/27/2020,0:30,27,6,,27,Grays Harbor,0,10,,2,1,2,1,0,2,1,0:42,1:01,1:57,42,0,0,24.3,1,0,1,5,1,1,3,0,0,0,0,SR-109,,-124.1831861,47.15524444,0,1,1,13,2,50,4,0,0,1,2,42,3,1,2,1,14,2,1,53,0,35,43,2004,0,,63,42,,,,,1,1,27,1,0,,2,0,3,0,11,5,,,,,0,0,0,3,1,91,,,,96,,,,,,9,,,,,,98346,53,69,140,6,1,0,0,0,1,,1,,,,,,4,02/15/2018,02/15/2018,1,0,0,0,8,9,8,,,0,,,8,1,8,95,,,96,,,8,95,995,,,,,,,,,,,,,,,,,,,,,,,,,,,,,,0,0,1,0,1,0,0,0,0,0,0,0,1,0,0,0,0,0,0,0,0,0,0,0,0,0,0,0,0,1,0,0,0,0,0,,0,0,0,0,0,0,0,0,0,1,0,0,0,0,0,1,,,,,,26-30,26-35,State route,R,Saturday,Belt Used,PV,Not Fatal,0,1,0,0,State Route,State Patrol,Washington State Patrol,1,1,0,0,0,,,,,,0,0,0,,,,,,,,,,,98,98,98,0,,,,,20,7,,,,,,,,1,0,,,,,,
2020,213,EA44550,4,06/29/2020,19:42,29,6,,63,Spokane,2113,1,,1,1,2,1,0,2,2,19:43,19:53,20:20,12,0,6,7.3,2,0,3,3,2,1,3,0,0,0,0,SR-290,BUTLER RD,-117.2623306,47.68517778,0,1,83,67,4,50,4,0,0,1,2,12,1,1,5,5,1,1,2,53,0,30,40,1998,0,,12,,,,,,1,1,22,1,0,,3,0,3,0,11,5,,,,,0,0,3,3,1,8,91,,,96,,,,,,9,,,,,,43004,39,74,200,6,1,1,2,2,2,,1,,,,,,3,02/15/2016,02/15/2020,1,0,0,0,8,1,8,,,0,,,8,1,8,95,,,96,,,2,1,0.17,,,,,,,,,,,,,,,,,,,,,,,,,,,,,,0,0,0,1,1,1,1,1,1,0,0,0,1,0,0,0,0,0,0,1,0,0,0,1,1,0,0,0,0,1,0,0,0,0,0,,0,0,0,0,0,1,0,1,0,1,0,0,0,1,0,1,,,,,,21-25,16-25,State route,U,Monday,Belt Used,PV,Not Fatal,1,0,0,0,State Route,State Patrol,Washington State Patrol,0,1,0,0,0,,,,,,1,0,1,,,,,,,,,,,0,0,0,0,,,,,20,7,,,,,,,,1,0,,,,,,
2020,213,EA44550,4,06/29/2020,19:42,29,6,,63,Spokane,2113,1,,1,1,2,1,0,2,2,19:43,19:53,20:20,12,0,6,7.3,2,0,3,3,2,1,3,0,0,20,3,SR-290,BUTLER RD,-117.2623306,47.68517778,0,2,82,66,4,98,34,0,0,1,2,12,1,1,8,1,11,1,1,30,0,20,481,2001,0,,12,,,,,,1,1,36,1,7,,4,7,20,7,11,0,06/29/2020,19:42,2.11E+11,29869,0,0,0,3,1,0,,,,96,,,,,,9,,,,,,59935,30,,999,6,1,0,0,98,0,,0,,,,,,0,,,1,1,9,0,0,1,8,,,0,,,1,1,2,695,605,,1,1,,2,1,0.064,,,,,,,,,,,,,,,,,,,,,,,,,,,,,,0,0,0,1,1,1,1,1,1,0,0,0,1,0,0,0,0,0,0,1,0,0,0,1,1,0,0,0,0,1,0,0,0,1,0,,1,0,0,0,1,0,1,1,0,0,0,0,0,0,0,1,,,,,,36-40,36-45,State route,U,Monday,Not Used,PV,White,1,0,0,0,State Route,State Patrol,Washington State Patrol,0,1,0,0,0,thc,888,carboxy-thc,42,,0,0,0,,,,,,,,,,,98,98,98,1,,,,,20,7,,,,,,,nms,1,0,,,,,,
2020,214,EA44784,2,07/01/2020,20:22,1,7,,73,Whatcom,740,10,,5,8,1,1,0,3,2,,,,12,0,2,261,1,0,1,1,2,1,1,0,0,0,0,I-5,,-122.5583417,48.82795833,0,2,52,54,3,70,4,0,0,1,2,12,1,1,2,2,1,1,2,53,0,49,40,2001,0,,12,,,,,,1,1,18,2,0,,1,0,3,0,11,4,,,,,0,0,0,3,1,0,,,,96,,,,,,0,,,,,,98248,53,66,160,6,2,0,0,1,1,,0,,,,,,0,01/15/2019,07/15/2020,1,0,0,0,8,9,8,,,0,,,8,8,8,95,,,96,,,8,95,995,,,,,,,,,,,,,,,,,,,,,,,,,,,,,,0,0,0,0,1,1,0,1,0,0,0,0,0,0,0,0,0,0,0,0,0,1,1,0,1,1,1,1,0,1,0,0,0,0,0,,0,0,0,0,0,0,0,0,0,0,0,0,0,0,0,0,,,,,,18-20,16-25,Interstate,U,Wednesday,Belt Used,PV,Not Fatal,0,0,0,1,State Route,State Patrol,Washington State Patrol,0,1,0,0,0,,,,,,0,0,0,,,,,,,,,,,98,98,98,0,,,,,20,7,,,,,,,,1,0,,,,,,
2020,214,EA44784,2,07/01/2020,20:22,1,7,,73,Whatcom,740,10,,5,8,1,1,0,3,2,,,,12,0,2,261,1,0,1,1,2,1,1,0,0,0,0,I-5,,-122.5583417,48.82795833,0,1,52,54,3,70,4,0,0,1,2,12,1,1,2,2,1,2,2,53,0,59,34,1998,0,,12,,,,,,1,1,75,1,0,,3,0,3,0,11,5,,,,,8,0,0,3,1,51,,,,96,,,,,,9,,,,,,98388,53,70,230,6,1,0,2,2,0,,1,12,,,,,0,08/15/2019,06/15/2019,1,0,0,0,8,3,8,,,0,,,1,1,2,1,,,1,,,2,1,0.13,,,,,,,,,,,,,,,,,,,,,,,,,,,,,,0,0,0,0,1,1,0,1,0,0,0,0,0,0,0,0,0,0,0,0,0,1,1,0,1,1,1,1,0,1,0,0,0,0,0,,0,0,0,0,0,1,0,1,0,0,0,0,0,1,0,1,,,,,,71-75,66-75,Interstate,U,Wednesday,Belt Used,PV,Not Fatal,0,0,0,1,State Route,State Patrol,Washington State Patrol,0,1,0,0,0,,,,,,0,0,0,,,,,,,,,,,0,0,0,0,,,,,20,7,,,,,,,,1,0,,,,,,
2020,215,EA44921,4,07/03/2020,21:02,3,7,,63,Spokane,0,1,,5,1,2,1,0,1,1,21:02,21:10,,11,0,0,299.3,1,0,1,3,1,1,2,0,0,0,0,US-2,,-117.3514028,47.93073056,0,1,13,87,6,60,80,0,0,1,2,11,1,2,2,1,1,1,1,53,0,72,706,2007,0,,11,68,64,35,42,,1,1,56,1,7,,4,7,20,7,11,0,07/03/2020,21:02,53031950,31950,0,0,0,3,1,0,,,,0,,,,,,0,,,,,,99009,53,74,230,6,1,0,1,0,3,,0,,,,,,0,07/15/2016,11/15/2019,20,8,0,0,0,1,8,,,0,,,8,1,2,401,417,605,1,1,1,2,1,0.035,,,,,,,,,,,,,,,,,,,,,,,,,,,,,,0,1,0,0,1,0,1,1,1,0,0,0,0,0,0,0,0,0,0,0,0,0,0,0,0,0,0,0,1,0,0,0,0,0,1,1,0,0,0,0,1,0,1,1,0,0,0,0,0,0,0,1,,,,,,56-60,56-65,US highway,R,Friday,,MC,White,0,0,0,0,State Route,State Patrol,Washington State Patrol,0,1,0,0,0,thc,0.94,,,,0,0,0,,,,,,,,,,,0,0,0,1,,,,,16,0,,,,,,,nms,1,0,,,,,,
2020,216,EA44928,4,07/04/2020,2:55,4,7,,63,Spokane,2113,1,,3,1,1,1,0,1,1,3:03,3:07,,1,0,0,0.3,5,1,1,1,2,1,1,0,0,0,0,I-90 RAMP 090S128446,,-117.3244639,47.65614722,0,1,98,13,2,98,4,0,0,1,2,1,3,2,2,6,14,1,1,53,0,41,35,2001,0,,63,1,,,,,1,1,21,1,7,,4,7,20,7,11,0,07/04/2020,2:55,2.11E+11,31061,0,0,3,3,1,58,,,,96,,,,,,9,,,,,,99201,53,63,115,6,1,0,1,1,0,,0,,,,,,4,07/15/2018,07/15/2018,1,1,9,0,0,1,8,,,0,,,8,1,2,1,,,1,,,2,1,0.208,,,,,,,,,,,,,,,,,,,,,,,,,,,,,,0,0,0,0,1,1,0,1,0,0,0,0,1,0,0,0,0,0,0,1,0,0,0,1,1,0,0,0,0,1,0,0,0,1,0,,1,0,0,0,0,1,0,1,0,1,0,0,0,1,0,1,,,,,,21-25,16-25,Interstate,U,Saturday,Not Used,PV,White,0,1,0,0,State Route,State Patrol,Washington State Patrol,1,1,0,0,0,,,,,,0,0,0,,,,,,,,,,,98,98,98,1,,,,,20,7,,,,,,,,1,0,,,,,,
2020,217,EA44959,26,07/03/2020,21:45,3,7,,35,Kitsap,0,1,,5,1,2,1,0,3,3,,,,12,0,1,0.2,1,0,1,3,2,2,4,0,0,0,0,CR-SILVERDALE WAY NW,,-122.7007583,47.64053056,0,1,25,53,3,30,4,0,0,1,2,12,1,1,2,1,1,1,1,53,0,53,33,2006,0,,12,,,,,,1,1,61,2,0,,0,0,3,0,11,0,,,,,0,0,3,3,1,0,,,,96,,,,,,0,,,,,,98383,53,64,110,6,1,0,0,0,0,,0,,,,,,0,,,20,0,0,0,8,9,8,,,0,,,8,8,0,0,,,0,,,0,0,996,,,,,,,,,,,,,,,,,,,,,,,,,,,,,,0,0,0,0,1,1,0,1,0,0,0,0,1,0,0,0,0,0,0,0,0,0,0,0,0,0,0,0,1,1,0,0,0,0,0,,0,0,0,0,0,0,0,0,0,0,0,0,0,0,0,0,,,,,,61-65,56-65,County road,U,Friday,Belt Used,PV,Not Fatal,0,0,0,0,County Road,County Sheriff,Kitsap County Sheriff's Office,0,0,1,0,0,,,,,,0,0,0,,,,,,,,,,,98,98,98,0,,,,,20,7,,,,,,,,1,0,,,SILVERDALE WAY NW,0.241,,
2020,217,EA44959,26,07/03/2020,21:45,3,7,,35,Kitsap,0,1,,5,1,2,1,0,3,3,,,,12,0,1,0.2,1,0,1,3,2,2,4,0,0,0,0,CR-SILVERDALE WAY NW,,-122.7007583,47.64053056,0,2,98,62,4,30,4,0,0,1,5,12,1,1,2,1,1,1,1,53,0,55,33,2011,0,,12,,,,,,1,1,61,1,0,,0,0,3,0,11,0,,,,,0,0,3,3,1,0,,,,96,,,,,,0,,,,,,98383,53,68,155,6,1,0,0,0,0,,0,,,,,,0,,,20,0,0,0,8,9,8,,,0,,,8,8,0,0,,,0,,,0,0,996,,,,,,,,,,,,,,,,,,,,,,,,,,,,,,0,0,0,0,1,1,0,1,0,0,0,0,1,0,0,0,0,0,0,0,0,0,0,0,0,0,0,0,1,1,0,0,0,0,0,,0,0,0,0,0,0,0,0,0,0,0,0,0,0,0,0,,,,,,61-65,56-65,County road,U,Friday,Belt Used,PV,Not Fatal,0,0,0,0,County Road,County Sheriff,Kitsap County Sheriff's Office,0,0,1,0,0,,,,,,0,0,0,,,,,,,,,,,98,98,98,0,,,,,20,7,,,,,,,,1,0,,,SILVERDALE WAY NW,0.241,,
2020,217,EA44959,26,07/03/2020,21:45,3,7,,35,Kitsap,0,1,,5,1,2,1,0,3,3,,,,12,0,1,0.2,1,0,1,3,2,2,4,0,0,0,0,CR-SILVERDALE WAY NW,,-122.7007583,47.64053056,0,3,24,51,3,30,80,0,0,1,2,12,1,1,2,1,1,1,1,53,0,73,704,2019,0,,12,68,12,,,,1,1,30,1,7,,4,7,20,7,11,0,07/03/2020,21:45,53031120,31120,0,0,0,3,1,0,,,,96,,,,,,98,,,,,,98383,53,69,205,6,1,0,0,0,0,,0,,,,,,4,,,20,8,0,0,0,9,8,,,0,,,8,8,2,1,,,1,,,2,1,0.176,,,,,,,,,,,,,,,,,,,,,,,,,,,,,,0,0,0,0,1,1,0,1,0,0,0,0,1,0,0,0,0,0,0,0,0,0,0,0,0,0,0,0,1,1,0,0,0,0,1,0,0,0,0,0,0,1,0,1,0,1,0,0,0,1,0,1,,,,,,26-30,26-35,County road,U,Friday,,MC,White,0,0,0,0,County Road,County Sheriff,Kitsap County Sheriff's Office,0,0,1,0,0,,,,,,0,0,0,,,,,,,,,,,0,0,0,1,,,,,5,0,,,,,,,,1,0,,,SILVERDALE WAY NW,0.241,,
2020,218,EA45303,290,07/06/2020,15:38,6,7,,53,Pierce,2230,1,,1,1,2,1,0,2,2,15:45,15:48,16:24,12,0,2,0,1,0,1,4,2,4,6,0,0,0,0,S 56TH ST,,-122.4548667,47.20649722,0,1,50,10,2,30,2,0,0,1,2,12,1,1,5,5,1,1,2,53,0,37,31,1999,0,,68,12,,,,,1,1,39,1,7,,4,7,99,7,11,0,07/06/2020,15:38,2.23E+11,31638,0,0,0,2,1,28,,,,96,,,,,,98,,,,,,98405,53,71,200,6,1,0,0,0,0,,0,,,,,,4,04/15/2020,04/15/2020,1,0,0,0,0,9,8,,,0,,,8,8,2,401,417,128,1,1,1,2,1,0,,,,,,,,,,,,,,,,,,,,,,,,,,,,,,0,0,0,0,0,0,1,1,1,0,0,0,1,0,0,0,0,0,0,0,0,0,0,0,0,0,0,0,0,1,0,0,0,0,0,,1,0,0,0,0,0,1,1,0,1,0,0,0,0,1,0,,,,,,36-40,36-45,City street,U,Monday,Unknown,PV,White,0,1,1,0,City Street,Municipal/City Police,Tacoma Police Department,0,0,0,1,0,thc,27,carboxy-thc,27,,0,0,1,1,1,1,,,177,157,695,605,,0,0,0,1,,,,,20,7,,,,,,,0,1,0,,,,,,