year,case,par,repjur,crash_dt,crash_tm,accday,accmon,holiday,county,co_char,city,weather,weather2,lightcond,surfcond,surftype,numfatal,nmforms,pforms,vforms,not_tm,arr_tm,hosp_tm,fhevent,hitrun,manncol,milepnt,reljunc,reljuncinter,intersectiontype,funcsystem,landuse,ownership,route,schlbus,spejur,contdev,devfunc,trafid1,trafid2,x,y,wk_zone,vnumber,crashtype,criticalevent,criticaleventcat,spdlim,body,trailer,emerg,hazcargo,leave,mhevent,roadalgn,roadprof,traflane,trafflow,vehmanvr,numoccs,regowner,regstate,spuse,make,model,modelyr,vrf1,vrf2,seqevent1,seqevent2,seqevent3,seqevent4,seqevent5,seqevent6,pnumber,ptype,age,sex,hispanic,race,injury,diedscene,restraint,restraintmisuse,seatpos,takehosp,death_dt,death_tm,cert,cernum_wa,commlic,licendor,licrestrict,liccomp,drivpres,drf1,drf2,drf3,drf4,distract1,distract2,distract3,distract4,distract5,distract6,dricond1,dricond2,dricond3,dricond4,dricond5,dricond6,dzip,licstate,drhgt_in,weight,noncdl,noncdltype,prevdwi,prevoth,prevacc,prevspd,prevsus,driviol1,driviol2,driviol3,driviol4,driviol5,driviol6,spdrel,first_dt,last_dt,airbag,ejection,ejectpath,extricat,injurwrk,methalc,methdrug,nmlocat,strikveh,prf1,prf2,prf3,druginv,alcinvol,drugsts,drugres1,drugres2,drugres3,drugtst1,drugtst2,drugtst3,alcsts,alctst,alcres,nmact1,nmact2,nmact3,nmact4,nmact5,nmact6,nmprior1,nmprior2,nmprior3,nmprior4,nmprior5,nmprior6,nmcond1,nmcond2,nmcond3,nmcond4,nmcond5,nmcond6,nmsafe_helmet,nmsafe_pads,nmsafe_oth,nmprev_ref,nmprev_lgt,nmprev_oth,crashlocation,nmcrashtype,crosswalk,schoolzone,sidewalk,train_inv,wildlife_inv,rotr_fars,intersect_fars,dd_inv,aid_inv,dpd_inv,id_inv,mj_inv,impnm_inv,ainm_inv,dpnm_inv,speed_inv,unlic_inv,unendmc_inv,drowsy_inv,drdist_inv,nmdist_inv,fty_inv,unrestfat_inv,dr1617_inv,dr1820_inv,dr1620_inv,dr2125_inv,dr1625_inv,dr65_inv,dr70_inv,dr75_inv,mc_inv,pv_inv,ht_inv,ped_inv,bike_inv,unrest_fat,mc_fat,unhelmet_mc,pv_fat,ht_fat,ped_fat,bike_fat,dr_alc7,dr_alc8,dr_drug,dr_imp,dr_dist,dr_spd,dr_fty,dr_unlic,dr_alc7only,dr_alc8only,dr_drugonly,dr_drink,nm_imp,nm_alc7,nm_alc8,nm_drug,nm_dist,agegrp1,agegrp2,roadclass,urbrur,dayweek,restuse,vehtype,race_me,intersect,lanedep,oppdir,wrongway,rep_typ,investag,repag_long,rotr,st_rd,cty_rd,city_rd,oth_rd,drug_thc,thc_res,drug_cthc,cthc_res,drug_cann,prevpersemin,prevperse,prevsusoth,drugtst4,drugtst5,drugtst6,drugtst7,drugtst8,drugres4,drugres5,drugres6,drugres7,drugres8,adspresent,adsengaged,adslevel,race1,race2,race3,race4,race5,helmet,helmetmisuse,nmdistract1,nmdistract2,nmdistract3,nmdistract4,nmdistract5,nmdistract6,lab,isedtcase,crf1,crf2,crf3,CoRoadName,CoMP,IntCoRoadName,IntCoMP
2020,218,EA45303,290,07/06/2020,15:38,6,7,,53,Pierce,2230,1,,1,1,2,1,0,2,2,15:45,15:48,16:24,12,0,2,0,1,0,1,4,2,4,6,0,0,0,0,S 56TH ST,,-122.4548667,47.20649722,0,2,51,62,4,30,34,0,0,1,2,12,1,1,5,5,1,1,1,53,0,20,473,2005,0,,12,,,,,,1,1,43,2,0,,3,0,99,7,11,5,,,,,0,0,0,3,1,0,,,,96,,,,,,0,,,,,,98406,53,61,110,6,1,0,1,1,0,,0,,,,,,0,03/15/2017,03/15/2017,1,0,0,0,8,9,8,,,0,,,8,8,8,95,,,96,,,8,95,995,,,,,,,,,,,,,,,,,,,,,,,,,,,,,,0,0,0,0,0,0,1,1,1,0,0,0,1,0,0,0,0,0,0,0,0,0,0,0,0,0,0,0,0,1,0,0,0,0,0,,0,0,0,0,0,0,0,0,0,0,0,0,0,0,0,0,,,,,,41-45,36-45,City street,U,Monday,Unknown,PV,Not Fatal,0,1,1,0,City Street,Municipal/City Police,Tacoma Police Department,0,0,0,1,0,,,,,,0,0,1,,,,,,,,,,,98,98,98,0,,,,,20,7,,,,,,,,1,0,,,,,,
2020,219,EA45328,6,06/29/2020,8:06,29,6,,37,Kittitas,0,1,,1,1,2,2,0,3,2,8:10,8:21,,14,0,0,68.3,1,0,1,1,1,1,1,0,0,0,0,I-90,,-121.1938167,47.25331389,0,1,11,11,2,70,34,0,0,1,2,14,2,2,2,3,14,1,1,53,0,20,481,2004,0,,63,14,,,,,1,1,58,1,0,,0,0,3,0,11,0,,,,,0,0,0,3,1,91,,,,96,,,,,,9,,,,,,98037,53,67,155,6,1,0,0,0,2,,1,12,,,,,0,10/15/2017,03/15/2018,1,0,0,0,8,3,2,,,0,,,1,8,2,515,513,695,1,1,1,2,1,0,,,,,,,,,,,,,,,,,,,,,,,,,,,,,,0,0,0,0,0,0,1,1,1,0,0,0,0,0,0,0,0,0,0,0,0,0,0,0,0,0,0,0,0,1,0,0,0,0,0,,0,0,0,0,0,0,1,1,0,0,0,0,0,0,1,0,,,,,,56-60,56-65,Interstate,R,Monday,Belt Used,PV,Not Fatal,0,1,0,0,State Route,State Patrol,Washington State Patrol,1,1,0,0,0,thc,1,carboxy-thc,20,,0,0,0,1,,,,,605,,,,,98,98,98,0,,,,,20,7,,,,,,,,1,23,,,,,,
2020,389,EA45352,7,07/04/2020,1:36,4,7,,33,King,1960,1,,3,1,1,1,2,1,1,1:39,1:46,2:03,8,0,0,166.3,1,0,1,1,2,1,1,0,0,0,0,I-5,,-122.3292,47.61623056,0,1,13,80,5,60,4,0,0,1,2,8,1,1,5,3,98,1,1,53,0,39,32,2013,0,,8,8,,,,,1,1,27,1,0,,0,0,3,0,11,0,,,,,0,0,0,3,1,8,39,,,96,,,,,,9,,,,,,98106,53,67,130,6,1,0,0,1,0,,97,,,,,,0,08/15/2017,08/15/2017,20,0,0,0,8,3,8,,,0,,,1,8,2,401,417,,1,1,,2,1,0,,,,,,,,,,,,,,,,,,,,,,,,,,,,,,0,0,0,0,0,0,1,1,0,1,0,1,0,0,0,0,0,0,0,0,0,0,0,0,0,0,0,0,0,1,0,1,0,0,0,,0,0,0,0,0,0,1,1,0,0,0,0,0,0,1,0,,,,,,26-30,26-35,Interstate,U,Saturday,Belt Used,PV,Not Fatal,0,0,0,0,State Route,State Patrol,Washington State Patrol,0,1,0,0,0,,,,,,0,0,0,,,,,,,,,,,98,98,98,0,,,,,20,7,,,,,,,,1,0,,,,,,
2020,220,EA45455,40,06/28/2020,0:35,28,6,,63,Spokane,0,1,,2,11,5,1,0,2,1,,,,1,0,0,0.7,1,0,1,7,1,2,4,0,0,0,0,CR-E HAYS RD,,-117.2517167,47.374675,0,1,98,6,1,98,96,0,0,1,2,1,3,2,2,1,14,2,1,53,0,98,734,2019,0,,1,,,,,,1,1,38,1,7,,4,7,20,7,11,0,06/28/2020,0:35,53029841,29841,0,0,0,1,1,0,,,,96,,,,,,9,,,,,,98223,53,74,245,6,1,0,0,0,0,,0,,,,,,4,,,20,2,9,0,0,9,8,,,0,,,8,1,2,1,,,1,,,2,1,0.22,,,,,,,,,,,,,,,,,,,,,,,,,,,,,,0,0,0,0,1,1,0,1,0,0,0,0,1,0,0,0,0,0,0,0,0,0,0,0,0,0,0,0,0,0,0,0,0,0,0,,0,0,0,0,0,1,0,1,0,1,0,0,0,1,0,1,,,,,,36-40,36-45,County road,R,Sunday,,OTHVT,White,0,1,0,0,County Road,County Sheriff,Spokane County Sheriff's Office,1,0,1,0,0,,,,,,0,0,0,,,,,,,,,,,0,0,0,1,,,,,17,7,,,,,,,,1,0,,,HAYS RD,0.65,,
2020,544,EA45610,305,07/05/2020,17:47,5,7,,11,Clark,2370,1,,1,1,2,1,0,1,1,17:48,17:54,18:17,42,0,0,0,1,0,1,3,2,4,6,0,0,0,0,SE 192ND AVE,,-122.4758556,45.60346667,0,1,1,13,2,40,4,0,0,1,2,42,3,2,2,2,14,1,1,53,0,55,33,2009,0,,63,42,30,38,,,1,1,82,1,7,,4,0,3,0,11,5,07/08/2020,10:40,2.37E+11,31228,0,0,3,3,1,28,,,,92,,,,,,0,,,,,,98683,53,71,150,6,1,0,0,0,0,,69,,,,,,0,,,8,0,0,0,0,9,8,,,0,,,8,8,2,177,,,1,,,2,1,0,,,,,,,,,,,,,,,,,,,,,,,,,,,,,,0,0,1,0,0,0,1,1,0,0,0,0,0,0,0,0,1,0,0,0,0,0,0,0,0,1,1,1,0,1,0,0,0,0,0,,1,0,0,0,0,0,1,1,1,0,0,0,0,0,1,0,,,,,,81+,76+,City street,U,Sunday,Belt Used,PV,White,0,1,0,0,City Street,Municipal/City Police,Vancouver Police Department,1,0,0,1,0,,,,,,0,0,0,,,,,,,,,,,98,98,98,1,,,,,20,7,,,,,,,,1,0,,,,,,
2020,221,EA45713,339,06/29/2020,22:03,29,6,,63,Spokane,2113,1,,3,1,2,1,0,1,1,,,,53,0,0,0,1,0,1,5,2,4,6,0,0,0,0,E 4TH AVE,,-117.2499444,47.65341944,0,1,1,13,2,98,14,0,0,1,2,38,1,1,2,1,1,1,2,53,0,34,402,2007,0,,63,53,41,38,,,1,1,35,1,7,,4,7,3,0,11,0,06/29/2020,22:03,2.11E+11,30082,0,0,0,0,1,8,,,,96,,,,,,98,,,,,,99206,53,76,220,0,0,0,0,0,0,,0,,,,,,3,,,8,0,0,0,0,9,8,,,0,,,8,8,2,151,,,1,,,2,1,0.186,,,,,,,,,,,,,,,,,,,,,,,,,,,,,,0,0,1,0,1,1,1,1,0,0,0,0,1,1,0,0,0,0,0,0,0,0,0,0,0,0,0,0,0,1,0,0,0,0,0,,1,0,0,0,0,1,1,1,0,1,0,1,0,0,0,1,,,,,,31-35,26-35,City street,U,Monday,Belt Used,PV,White,0,0,0,1,City Street,Municipal/City Police,Spokane Valley Police Department,0,0,0,1,0,,,,,,0,0,0,,,,,,,,,,,98,98,98,1,,,,,20,7,,,,,,,,1,0,,,,,,
2020,222,EA45808,2,07/03/2020,12:43,3,7,,73,Whatcom,0,2,,1,2,2,1,0,3,2,12:44,13:02,13:32,12,0,2,2.5,2,0,3,3,2,1,3,0,0,0,0,SR-546,VINUP RD,-122.4298056,48.96424167,0,1,50,8,1,45,66,0,0,1,2,12,1,1,2,1,1,1,3,95,0,85,881,2012,0,,68,12,,,,,1,1,47,1,0,,0,0,3,0,11,0,,,,,99,9,9,9,1,28,38,,,96,,,,,,98,,,,,,0,95,,999,9,9,99,99,99,99,,97,,,,,,0,,,20,0,0,0,8,9,8,,,0,,,8,8,2,402,407,,1,1,,2,1,0,,,,,,,,,,,,,,,,,,,,,,,,,,,,,,0,0,0,1,0,0,1,1,0,0,0,0,0,0,0,0,0,0,1,0,0,0,0,0,0,1,0,0,0,1,1,0,0,0,0,,0,0,0,0,0,0,1,1,0,0,1,0,0,0,1,0,,,,,,46-50,46-55,State route,U,Friday,,MHTRUCK,Not Fatal,1,0,0,0,State Route,State Patrol,Washington State Patrol,0,1,0,0,0,,,,,,99,99,99,,,,,,,,,,,98,98,98,0,,,,,20,7,,,,,,,,1,0,,,,,,
2020,222,EA45808,2,07/03/2020,12:43,3,7,,73,Whatcom,0,2,,1,2,2,1,0,3,2,12:44,13:02,13:32,12,0,2,2.5,2,0,3,3,2,1,3,0,0,0,0,SR-546,VINUP RD,-122.4298056,48.96424167,0,2,51,62,4,45,15,0,0,1,2,12,1,1,2,1,1,2,2,53,0,49,422,2002,0,,12,,,,,,1,1,67,2,7,,4,7,3,0,11,0,07/03/2020,12:43,53030903,30903,0,0,0,3,1,0,,,,96,,,,,,0,,,,,,98295,53,68,178,6,1,0,0,0,0,,0,,,,,,0,,,8,0,0,0,0,9,8,,,0,,,8,8,2,155,,,1,,,2,1,0,,,,,,,,,,,,,,,,,,,,,,,,,,,,,,0,0,0,1,0,0,1,1,0,0,0,0,0,0,0,0,0,0,1,0,0,0,0,0,0,1,0,0,0,1,1,0,0,0,0,,1,0,0,0,0,0,1,1,0,0,0,0,0,0,1,0,,,,,,66-70,66-75,State route,U,Friday,Belt Used,PV,API,1,0,0,0,State Route,State Patrol,Washington State Patrol,0,1,0,0,0,,,,,,0,0,0,,,,,,,,,,,98,98,98,7,,,,,20,7,,,,,,,,1,0,,,,,,
2020,223,EA45931,38,06/29/2020,8:00,29,6,,59,Skamania,0,1,,1,1,4,1,0,1,1,12:16,13:19,,1,0,0,9999.8,1,0,1,98,1,64,8,0,0,0,0,USFS 5603 ROAD,,-122.2110056,46.38488333,0,1,1,13,2,98,63,1,0,1,2,1,3,2,8,1,14,1,3,53,0,85,881,2012,0,,63,1,,,,,1,1,34,1,6,,4,7,3,0,11,0,06/29/2020,8:00,53032248,32248,6,1,0,3,1,0,,,,96,,,,,,98,,,,,,98902,53,76,260,6,1,0,2,1,2,,0,,,,,,4,03/15/2016,01/15/2018,20,0,0,0,1,9,8,,,0,,,8,8,2,1,,,1,,,2,1,0,,,,,,,,,,,,,,,,,,,,,,,,,,,,,,0,0,1,0,0,0,0,0,0,0,0,0,1,0,0,0,0,0,0,0,0,0,0,0,0,0,0,0,0,0,1,0,0,0,0,,0,1,0,0,0,0,0,0,0,1,0,0,0,0,0,0,,,,,,31-35,26-35,Other,R,Monday,,MHTRUCK,Hispanic,0,1,0,0,Other,County Sheriff,Skamania County Sheriff's Office,1,0,0,0,1,,,,,,0,0,1,,,,,,,,,,,98,98,98,98,,,,,20,7,,,,,,,,1,0,,,,,,
2020,224,EA46032,146,06/12/2020,14:00,12,6,,77,Yakima,0,1,,1,1,5,1,0,5,1,14:05,14:46,15:54,1,0,0,9999.9,1,0,1,98,1,64,8,0,0,0,0,FS 580 R,,-121.1077028,46.66443056,0,1,98,9,1,98,15,0,0,1,2,1,3,2,8,1,14,5,1,53,0,20,421,1993,0,,64,1,,,,,1,1,19,2,0,,1,0,20,7,11,5,,,,,0,0,0,2,1,58,,,,96,,,,,,98,,,,,,98902,53,65,160,1,1,0,0,1,2,,97,,,,,,0,05/15/2017,07/15/2020,20,0,0,0,8,3,2,,,0,,,8,8,0,0,,,0,,,0,0,996,,,,,,,,,,,,,,,,,,,,,,,,,,,,,,0,0,0,0,0,0,0,0,0,0,0,0,0,1,0,0,0,0,0,1,0,1,1,0,1,0,0,0,0,1,0,0,0,0,0,,0,0,0,0,0,0,0,0,0,0,0,1,0,0,0,0,,,,,,18-20,16-25,Other,R,Friday,Not Used,PV,Not Fatal,0,1,0,0,Other,County Sheriff,Yakima County Sheriff's Office,1,0,0,0,1,,,,,,0,0,1,,,,,,,,,,,0,0,0,0,,,,,20,7,,,,,,,,1,0,,,,,,
2020,225,EA46391,1,07/02/2020,1:30,2,7,,77,Yakima,0,1,,2,1,1,1,0,2,1,1:32,1:50,2:19,1,0,0,47.6,1,0,1,1,1,1,1,0,0,0,0,I-82,,-120.3454333,46.43923889,0,1,6,12,2,70,4,0,0,1,2,1,1,1,2,2,1,2,2,53,0,37,31,1996,0,,64,1,,,,,1,1,38,8,1,,4,0,20,7,11,5,07/11/2020,13:52,1.96E+11,32510,0,0,0,3,1,0,,,,96,,,,,,9,,,,,,98948,53,67,180,6,1,0,1,0,0,,0,,,,,,0,09/15/2018,09/15/2018,20,1,9,0,0,9,8,,,0,,,1,8,2,695,401,417,1,1,1,2,1,0,,,,,,,,,,,,,,,,,,,,,,,,,,,,,,0,0,1,0,0,0,1,1,1,0,0,0,0,0,0,0,0,0,0,1,0,0,0,0,0,0,0,0,0,1,0,0,0,1,0,,1,0,0,0,0,0,1,1,0,0,0,0,0,0,1,0,,,,,,36-40,36-45,Interstate,R,Thursday,Not Used,PV,Hispanic,0,1,0,0,State Route,State Patrol,Washington State Patrol,1,1,0,0,0,,,carboxy-thc,22,,0,0,0,,,,,,,,,,,0,0,0,1,,,,,20,7,,,,,,,,1,0,,,,,,
2020,242,EA46957,3,07/12/2020,23:32,12,7,,53,Pierce,0,1,,3,1,2,1,1,2,1,23:21,23:38,0:00,15,0,0,52.6,3,0,2,3,2,1,3,0,0,3,3,SR-7,108TH ST S,-122.4342389,47.15930278,0,1,13,83,5,35,5,0,0,1,5,15,1,1,4,1,1,2,1,53,0,42,55,2016,0,,15,,,,,,1,1,24,2,0,,0,0,3,0,11,0,,,,,0,0,0,3,1,0,,,,96,,,,,,0,,,,,,94509,6,62,110,6,1,0,0,0,1,,0,,,,,,0,02/15/2019,02/15/2019,20,0,0,0,8,9,8,,,0,,,8,8,0,0,,,0,,,0,0,996,,,,,,,,,,,,,,,,,,,,,,,,,,,,,,0,0,0,1,0,0,0,0,0,1,0,1,0,0,0,0,0,0,0,0,0,0,0,1,1,0,0,0,0,1,0,1,0,0,0,,0,0,0,0,0,0,0,0,0,0,0,0,0,0,0,0,,,,,,21-25,16-25,State route,U,Sunday,Belt Used,PV,Not Fatal,1,0,0,0,State Route,State Patrol,Washington State Patrol,0,1,0,0,0,,,,,,0,0,0,,,,,,,,,,,98,98,98,0,,,,,20,7,,,,,,,,1,0,,,,,,
2020,226,EA46993,4,07/11/2020,1:29,11,7,,75,Whitman,0,1,,3,1,1,1,0,1,1,,,,35,0,0,15.2,1,0,1,5,1,1,3,0,0,0,0,SR-23,,-117.6009306,47.09683056,0,1,2,9,1,55,67,0,0,1,2,1,4,1,2,1,14,1,3,53,0,12,880,2006,0,,63,35,1,,,,1,1,18,1,7,,4,7,20,7,11,0,07/11/2020,1:29,53031933,31933,0,0,0,3,1,58,,,,96,,,,,,9,,,,,,99171,53,74,165,6,1,0,0,0,0,,0,,,,,,0,,,20,1,3,0,0,1,8,,,0,,,0,1,8,95,,,96,,,2,1,0.25,,,,,,,,,,,,,,,,,,,,,,,,,,,,,,0,0,0,0,1,1,0,1,0,0,0,0,0,0,0,0,0,0,0,0,0,1,1,0,1,0,0,0,0,0,1,0,0,0,0,,0,1,0,0,0,1,0,1,0,0,0,0,0,1,0,1,,,,,,18-20,16-25,State route,R,Saturday,,MHTRUCK,White,0,1,0,0,State Route,State Patrol,Washington State Patrol,1,1,0,0,0,,,,,,0,0,0,,,,,,,,,,,98,98,98,1,,,,,20,7,,,,,,,,1,0,,,,,,
2020,227,EA47157,55,07/11/2020,0:16,11,7,,33,King,100,1,,3,1,2,1,0,2,2,0:17,0:22,,12,0,6,0,2,0,2,3,2,4,6,0,0,3,3,W VALLEY HWY N,15th St NW,-122.2498667,47.32250278,0,1,86,17,2,35,5,0,0,1,5,12,1,1,5,1,1,1,1,53,0,12,37,2003,0,,12,,,,,,1,1,57,1,7,,4,7,99,7,11,0,07/11/2020,0:16,10053032950,32950,0,0,0,3,1,39,,,,96,,,,,,98,,,,,,98003,53,70,243,6,1,0,1,0,0,,0,,,,,,0,12/15/2015,12/15/2015,99,0,0,0,0,9,8,,,0,,,8,8,2,401,417,128,1,1,1,2,1,0,,,,,,,,,,,,,,,,,,,,,,,,,,,,,,0,0,0,1,0,0,1,1,0,0,0,0,0,0,0,0,0,0,0,0,0,0,0,0,0,0,0,0,0,1,1,0,0,0,0,,1,0,0,0,0,0,1,1,0,0,0,0,0,0,1,0,,,,,,56-60,56-65,City street,U,Saturday,Unknown,PV,White,1,0,0,0,City Street,Municipal/City Police,Auburn Police Department,0,0,0,1,0,,,,,,0,0,0,1,,,,,177,,,,,98,98,98,1,,,,,20,7,,,,,,,,1,0,,,,,,
2020,227,EA47157,55,07/11/2020,0:16,11,7,,33,King,100,1,,3,1,2,1,0,2,2,0:17,0:22,,12,0,6,0,2,0,2,3,2,4,6,0,0,3,3,W VALLEY HWY N,15th St NW,-122.2498667,47.32250278,0,2,87,66,4,40,66,1,0,1,5,12,1,1,5,1,1,1,3,18,0,51,881,2019,0,,12,,,,,,1,1,58,8,0,,0,0,3,0,11,0,,,,,6,1,0,3,1,0,,,,96,,,,,,0,,,,,,98422,53,72,190,6,1,0,0,0,0,,0,,,,,,0,,,20,0,0,0,8,9,8,,,0,,,8,8,0,0,,,0,,,0,0,996,,,,,,,,,,,,,,,,,,,,,,,,,,,,,,0,0,0,1,0,0,1,1,0,0,0,0,0,0,0,0,0,0,0,0,0,0,0,0,0,0,0,0,0,1,1,0,0,0,0,,0,0,0,0,0,0,0,0,0,0,0,0,0,0,0,0,,,,,,56-60,56-65,City street,U,Saturday,,MHTRUCK,Not Fatal,1,0,0,0,City Street,Municipal/City Police,Auburn Police Department,0,0,0,1,0,,,,,,0,0,0,,,,,,,,,,,98,98,98,0,,,,,20,7,,,,,,,,1,0,,,,,,
2020,228,EA47362,26,07/10/2020,0:15,10,7,,35,Kitsap,0,1,,2,1,2,1,0,1,1,,,,42,0,0,1.9,1,0,1,5,1,2,4,0,0,0,0,CR-MILLER BAY RD NE,,-122.5617722,47.76666111,0,1,7,9,1,45,4,0,0,1,2,42,1,1,2,1,1,1,2,53,0,51,46,2000,0,,68,64,42,,,,1,1,37,2,7,,4,7,20,7,11,0,07/10/2020,0:15,53031570,31570,0,0,0,3,1,0,,,,96,,,,,,9,,,,,,98346,53,61,223,6,1,0,0,0,0,,0,,,,,,0,,,1,0,0,0,0,9,8,,,0,,,8,1,2,124,996,,1,1,,2,1,0.173,,,,,,,,,,,,,,,,,,,,,,,,,,,,,,0,0,0,0,1,1,1,1,0,0,0,0,0,0,0,0,0,0,0,1,0,0,0,0,0,0,0,0,0,1,0,0,0,1,0,,1,0,0,0,0,1,1,1,0,0,0,0,0,0,0,1,,,,,,36-40,36-45,County road,R,Friday,Not Used,PV,AIAN,0,1,0,0,County Road,County Sheriff,Kitsap County Sheriff's Office,1,0,1,0,0,,,,,,0,0,0,,,,,,,,,,,98,98,98,3,,,,,20,7,,,,,,,,1,0,,,MILLER BAY RD NE,1.938,,
2020,230,EA47878,35,07/14/2020,21:20,14,7,,53,Pierce,0,1,,2,1,2,1,0,2,1,21:30,21:40,22:17,17,0,0,0.9,1,0,1,5,2,2,4,0,3,0,0,CR-WALLER RD E,,-122.3862111,47.21433056,0,1,1,13,2,35,4,0,0,1,5,17,3,2,2,1,14,2,2,53,0,30,46,2000,0,,63,17,1,,,,1,1,55,1,0,,9,0,3,0,11,5,,,,,0,0,0,3,1,0,,,,96,,,,,,9,,,,,,98404,53,67,195,6,1,0,0,0,0,,97,,,,,,0,,,20,0,0,0,8,9,8,,,0,,,1,8,2,151,,,1,,,2,1,0,,,,,,,,,,,,,,,,,,,,,,,,,,,,,,0,0,1,0,0,0,1,1,0,0,0,0,0,0,0,0,0,0,0,0,0,0,0,0,0,0,0,0,0,1,0,0,0,0,0,,0,0,0,0,0,0,1,1,0,0,0,0,0,0,1,0,,,,,,51-55,46-55,County road,U,Tuesday,Belt Used,PV,Not Fatal,0,1,0,0,County Road,County Sheriff,Law Enforcement Support Agency,1,0,1,0,0,,,,,,0,0,0,,,,,,,,,,,98,98,98,0,,,,,20,7,,,,,,,,1,0,,,WALLER RD E,0.94,,
2020,229,EA47886,6,07/05/2020,10:05,5,7,,25,Grant,0,1,,1,1,2,1,1,1,1,10:20,10:36,11:38,9,0,0,79.9,3,0,3,4,1,1,3,0,0,0,0,SR-17,MMOORE RD NE,-119.4694528,47.54283056,0,1,13,83,5,60,80,0,0,1,2,9,2,1,2,1,14,1,1,53,0,37,706,2003,0,,9,,,,,,1,1,55,1,0,,3,0,20,7,11,5,,,,,0,0,0,3,1,0,,,,96,,,,,,0,,,,,,85086,4,73,185,6,1,0,0,0,0,,0,,,,,,0,,,20,8,0,0,8,3,8,,,0,,,8,8,8,95,,,96,,,8,95,995,,,,,,,,,,,,,,,,,,,,,,,,,,,,,,0,0,0,1,0,0,0,0,0,0,0,0,0,0,0,0,0,0,0,0,0,0,0,0,0,0,0,0,1,0,0,0,1,0,0,0,0,0,0,0,0,0,0,0,0,0,0,0,0,0,0,0,,,,,,51-55,46-55,State route,R,Sunday,,MC,Not Fatal,1,0,0,0,State Route,State Patrol,Washington State Patrol,0,1,0,0,0,,,,,,0,0,0,,,,,,,,,,,0,0,0,0,,,,,19,0,,,,,,,,1,0,,,,,,
2020,231,EA48114,278,07/17/2020,12:37,17,7,,63,Spokane,2110,1,,1,1,2,1,1,1,1,,,,8,0,0,0,1,0,1,4,2,4,6,0,0,0,0,S SOUTHEAST BLVD,,-117.3753806,47.63109167,0,1,1,13,2,98,4,0,0,1,5,8,1,1,3,5,1,1,2,53,0,35,47,2004,0,,63,8,,,,,1,1,19,1,0,,0,0,3,0,11,0,,,,,0,0,1,3,1,0,,,,0,,,,,,2,,,,,,99202,53,68,170,6,2,0,0,0,0,,97,,,,,,0,,,20,0,0,0,8,9,8,,,0,,,8,8,0,0,,,0,,,0,0,996,,,,,,,,,,,,,,,,,,,,,,,,,,,,,,0,0,1,0,0,0,0,0,0,0,0,0,0,0,0,1,0,0,0,0,0,1,1,0,1,0,0,0,0,1,0,1,0,0,0,,0,0,0,0,0,0,0,0,0,0,0,0,0,0,0,0,,,,,,18-20,16-25,City street,U,Friday,Belt Used,PV,Not Fatal,0,0,0,0,City Street,Municipal/City Police,Spokane Police Department,0,0,0,1,0,,,,,,0,0,0,,,,,,,,,,,98,98,98,0,,,,,20,7,,,,,,,,1,0,,,,,,
2020,232,EA48230,146,07/14/2020,16:40,14,7,,77,Yakima,0,1,,1,1,2,2,0,3,2,16:42,16:50,17:14,12,0,6,0.6,8,0,1,6,1,2,4,0,0,0,0,CR-WENDELL PHILLIPS RD,,-120.0622583,46.29489444,0,2,88,55,3,98,34,0,0,1,2,12,1,1,2,1,1,1,2,53,0,12,481,1995,0,,12,,,,,,1,1,20,1,0,,0,0,3,0,11,0,,,,,0,0,0,3,1,0,,,,96,,,,,,0,,,,,,98938,53,67,172,6,1,0,0,0,1,,0,,,,,,0,04/15/2019,04/15/2019,20,0,0,0,8,9,8,,,0,,,8,8,2,1,,,1,,,2,1,0,,,,,,,,,,,,,,,,,,,,,,,,,,,,,,0,0,0,0,0,0,0,0,0,0,0,0,0,1,0,0,0,0,1,0,0,1,1,0,1,0,0,0,0,1,0,0,0,0,0,,0,0,0,0,0,0,0,0,0,0,0,0,0,0,0,0,,,,,,18-20,16-25,County road,R,Tuesday,Belt Used,PV,Not Fatal,0,0,0,0,County Road,County Sheriff,Yakima County Sheriff's Office,0,0,1,0,0,,,,,,0,0,0,,,,,,,,,,,0,0,0,0,,,,,20,7,,,,,,,,1,0,,,WENDELL PHILLIPS RD.,0.6,,
2020,232,EA48230,146,07/14/2020,16:40,14,7,,77,Yakima,0,1,,1,0,0,2,0,3,2,16:42,16:50,17:14,12,0,6,0.6,8,0,1,6,1,2,4,0,0,0,0,CR-WENDELL PHILLIPS RD,,-120.0622583,46.29489444,0,1,89,17,2,0,90,0,0,1,2,12,0,0,0,0,1,2,0,53,0,98,733,2005,0,,12,,,,,,1,1,14,1,1,,4,7,20,7,11,0,07/14/2020,16:40,53034557,34557,0,0,0,1,1,38,,,,96,,,,,,98,,,,,,98944,53,,999,0,0,0,0,0,0,,0,,,,,,0,,,20,1,9,0,0,9,8,,,0,,,8,8,2,1,,,1,,,2,1,0,,,,,,,,,,,,,,,,,,,,,,,,,,,,,,0,0,0,0,0,0,0,0,0,0,0,0,0,1,0,0,0,0,1,0,0,1,1,0,1,0,0,0,0,1,0,0,0,0,0,,0,0,0,0,0,0,0,0,0,0,1,1,0,0,0,0,,,,,,10ÔÂ15ÈÕ,0-15,County road,R,Tuesday,,OTHVT,Hispanic,0,0,0,0,County Road,County Sheriff,Yakima County Sheriff's Office,0,0,1,0,0,,,,,,0,0,0,,,,,,,,,,,0,0,0,98,,,,,17,7,,,,,,,,1,0,,,WENDELL PHILLIPS RD.,0.6,,