year,case,par,repjur,crash_dt,crash_tm,accday,accmon,holiday,county,co_char,city,weather,weather2,lightcond,surfcond,surftype,numfatal,nmforms,pforms,vforms,not_tm,arr_tm,hosp_tm,fhevent,hitrun,manncol,milepnt,reljunc,reljuncinter,intersectiontype,funcsystem,landuse,ownership,route,schlbus,spejur,contdev,devfunc,trafid1,trafid2,x,y,wk_zone,vnumber,crashtype,criticalevent,criticaleventcat,spdlim,body,trailer,emerg,hazcargo,leave,mhevent,roadalgn,roadprof,traflane,trafflow,vehmanvr,numoccs,regowner,regstate,spuse,make,model,modelyr,vrf1,vrf2,seqevent1,seqevent2,seqevent3,seqevent4,seqevent5,seqevent6,pnumber,ptype,age,sex,hispanic,race,injury,diedscene,restraint,restraintmisuse,seatpos,takehosp,death_dt,death_tm,cert,cernum_wa,commlic,licendor,licrestrict,liccomp,drivpres,drf1,drf2,drf3,drf4,distract1,distract2,distract3,distract4,distract5,distract6,dricond1,dricond2,dricond3,dricond4,dricond5,dricond6,dzip,licstate,drhgt_in,weight,noncdl,noncdltype,prevdwi,prevoth,prevacc,prevspd,prevsus,driviol1,driviol2,driviol3,driviol4,driviol5,driviol6,spdrel,first_dt,last_dt,airbag,ejection,ejectpath,extricat,injurwrk,methalc,methdrug,nmlocat,strikveh,prf1,prf2,prf3,druginv,alcinvol,drugsts,drugres1,drugres2,drugres3,drugtst1,drugtst2,drugtst3,alcsts,alctst,alcres,nmact1,nmact2,nmact3,nmact4,nmact5,nmact6,nmprior1,nmprior2,nmprior3,nmprior4,nmprior5,nmprior6,nmcond1,nmcond2,nmcond3,nmcond4,nmcond5,nmcond6,nmsafe_helmet,nmsafe_pads,nmsafe_oth,nmprev_ref,nmprev_lgt,nmprev_oth,crashlocation,nmcrashtype,crosswalk,schoolzone,sidewalk,train_inv,wildlife_inv,rotr_fars,intersect_fars,dd_inv,aid_inv,dpd_inv,id_inv,mj_inv,impnm_inv,ainm_inv,dpnm_inv,speed_inv,unlic_inv,unendmc_inv,drowsy_inv,drdist_inv,nmdist_inv,fty_inv,unrestfat_inv,dr1617_inv,dr1820_inv,dr1620_inv,dr2125_inv,dr1625_inv,dr65_inv,dr70_inv,dr75_inv,mc_inv,pv_inv,ht_inv,ped_inv,bike_inv,unrest_fat,mc_fat,unhelmet_mc,pv_fat,ht_fat,ped_fat,bike_fat,dr_alc7,dr_alc8,dr_drug,dr_imp,dr_dist,dr_spd,dr_fty,dr_unlic,dr_alc7only,dr_alc8only,dr_drugonly,dr_drink,nm_imp,nm_alc7,nm_alc8,nm_drug,nm_dist,agegrp1,agegrp2,roadclass,urbrur,dayweek,restuse,vehtype,race_me,intersect,lanedep,oppdir,wrongway,rep_typ,investag,repag_long,rotr,st_rd,cty_rd,city_rd,oth_rd,drug_thc,thc_res,drug_cthc,cthc_res,drug_cann,prevpersemin,prevperse,prevsusoth,drugtst4,drugtst5,drugtst6,drugtst7,drugtst8,drugres4,drugres5,drugres6,drugres7,drugres8,adspresent,adsengaged,adslevel,race1,race2,race3,race4,race5,helmet,helmetmisuse,nmdistract1,nmdistract2,nmdistract3,nmdistract4,nmdistract5,nmdistract6,lab,isedtcase,crf1,crf2,crf3,CoRoadName,CoMP,IntCoRoadName,IntCoMP
2020,233,EA48375,4,06/20/2020,16:07,20,6,,1,Adams,1630,1,,1,1,2,1,0,4,2,16:10,16:12,16:28,12,0,6,21.9,2,0,2,3,2,1,3,0,0,20,3,SR-17,CUNNINGHAM RD,-119.1333306,46.82631667,0,1,89,17,2,35,4,0,0,1,2,12,1,1,2,1,4,2,2,53,0,21,20,1998,0,,12,,,,,,1,1,74,1,6,,4,0,3,0,11,5,06/26/2020,16:23,2.11E+11,30399,0,0,0,3,1,38,,,,96,,,,,,98,,,,,,99344,53,66,200,6,1,0,0,0,0,,0,,,,,,0,,,8,0,0,0,0,9,8,,,0,,,8,8,2,151,,,1,,,2,1,0,,,,,,,,,,,,,,,,,,,,,,,,,,,,,,0,0,0,1,0,0,1,1,0,0,0,0,0,0,0,0,0,0,1,0,0,0,0,0,0,1,1,0,0,1,0,0,0,0,0,,1,0,0,0,0,0,1,1,0,0,1,0,0,0,1,0,,,,,,71-75,66-75,State route,U,Saturday,Belt Used,PV,Hispanic,1,0,0,0,State Route,State Patrol,Washington State Patrol,0,1,0,0,0,,,,,,0,0,0,,,,,,,,,,,0,0,0,1,,,,,20,7,,,,,,,,1,0,,,,,,
2020,233,EA48375,4,06/20/2020,16:07,20,6,,1,Adams,1630,1,,1,1,2,1,0,4,2,16:10,16:12,16:28,12,0,6,21.9,2,0,2,3,2,1,3,0,0,0,0,SR-17,CUNNINGHAM RD,-119.1333306,46.82631667,0,2,88,66,4,60,34,1,0,1,5,12,1,1,3,1,1,2,2,53,0,20,481,2007,0,,12,,,,,,1,1,48,1,0,,0,0,3,0,11,0,,,,,0,0,0,3,1,0,,,,96,,,,,,0,,,,,,99344,53,72,180,6,1,0,0,0,1,,0,,,,,,0,09/15/2019,09/15/2019,8,0,0,0,8,9,8,,,0,,,8,8,0,0,,,0,,,0,0,996,,,,,,,,,,,,,,,,,,,,,,,,,,,,,,0,0,0,1,0,0,1,1,0,0,0,0,0,0,0,0,0,0,1,0,0,0,0,0,0,1,1,0,0,1,0,0,0,0,0,,0,0,0,0,0,0,0,0,0,0,0,0,0,0,0,0,,,,,,46-50,46-55,State route,U,Saturday,Belt Used,PV,Not Fatal,1,0,0,0,State Route,State Patrol,Washington State Patrol,0,1,0,0,0,,,,,,0,0,0,,,,,,,,,,,98,98,98,0,,,,,20,7,,,,,,,,1,0,,,,,,
2020,236,EA48550,38,07/18/2020,12:55,18,7,,59,Skamania,0,1,,1,1,2,1,0,1,1,,,,24,0,0,9999.8,1,0,1,5,1,64,8,0,0,0,0,USFS 90 RD,,-122.2309167,46.05845278,0,1,2,13,2,25,80,0,0,1,2,24,3,2,2,1,14,1,1,41,0,53,705,2004,0,,63,24,,,,,1,1,30,1,7,,4,7,20,7,11,0,07/18/2020,12:55,53035843,35843,0,0,0,3,1,0,,,,96,,,,,,98,,,,,,97756,41,69,165,6,1,0,0,0,0,,0,,,,,,3,04/15/2015,12/15/2016,20,8,0,0,0,9,8,,,0,,,8,8,2,695,605,,1,1,,2,1,0,,,,,,,,,,,,,,,,,,,,,,,,,,,,,,0,0,0,0,0,0,1,1,1,0,0,0,1,0,0,0,0,0,0,0,0,0,0,0,0,0,0,0,1,0,0,0,0,0,1,0,0,0,0,0,0,0,1,1,0,1,0,0,0,0,1,0,,,,,,26-30,26-35,Other,R,Saturday,,MC,White,0,1,0,0,Other,County Sheriff,Skamania County Sheriff's Office,1,0,0,0,1,thc,13,carboxy-thc,33,,0,0,2,,,,,,,,,,,0,0,0,1,,,,,5,0,,,,,,,nms,1,0,,,,,,
2020,237,EA48702,6,07/18/2020,19:35,18,7,,17,Douglas,0,1,,1,1,2,1,0,3,2,19:34,19:45,20:49,12,0,6,20,1,0,1,3,1,1,3,0,0,0,0,SR-28,,-120.0658917,47.27953056,0,1,98,13,2,60,4,0,0,1,2,12,4,2,2,1,14,2,1,53,0,35,39,2001,0,,63,69,68,12,63,24,1,1,41,1,0,,3,0,3,0,11,5,,,,,0,0,0,3,1,58,91,,,0,,,,,,8,9,,,,,98848,53,64,188,6,1,0,0,0,0,,1,,,,,,0,,,8,0,0,0,8,9,8,,,0,,,8,1,2,1,,,1,,,2,1,0.19,,,,,,,,,,,,,,,,,,,,,,,,,,,,,,0,0,0,0,1,1,0,1,0,0,0,0,0,0,0,0,0,0,0,0,0,0,0,0,0,0,0,0,0,1,0,0,0,0,0,,0,0,0,0,0,1,0,1,0,0,0,0,0,1,0,1,,,,,,41-45,36-45,State route,R,Saturday,Belt Used,PV,Not Fatal,0,1,1,0,State Route,State Patrol,Washington State Patrol,0,1,0,0,0,,,,,,0,0,0,,,,,,,,,,,98,98,98,0,,,,,20,7,,,,,,,,1,0,,,,,,
2020,237,EA48702,6,07/18/2020,19:35,18,7,,17,Douglas,0,1,,1,1,2,1,0,3,2,19:34,19:45,20:49,12,0,6,20,1,0,1,3,1,1,3,0,0,0,0,SR-28,,-120.0658917,47.27953056,0,2,98,62,4,60,34,0,0,1,2,12,4,2,2,1,14,1,1,53,0,20,473,2015,0,,12,67,,,,,1,1,30,1,0,,3,0,3,0,11,5,,,,,0,0,0,3,1,0,,,,96,,,,,,0,,,,,,98848,53,74,195,6,1,0,0,0,0,,0,,,,,,0,,,8,0,0,0,8,9,8,,,0,,,8,8,0,0,,,0,,,0,0,996,,,,,,,,,,,,,,,,,,,,,,,,,,,,,,0,0,0,0,1,1,0,1,0,0,0,0,0,0,0,0,0,0,0,0,0,0,0,0,0,0,0,0,0,1,0,0,0,0,0,,0,0,0,0,0,0,0,0,0,0,0,0,0,0,0,0,,,,,,26-30,26-35,State route,R,Saturday,Belt Used,PV,Not Fatal,0,1,1,0,State Route,State Patrol,Washington State Patrol,0,1,0,0,0,,,,,,0,0,0,,,,,,,,,,,98,98,98,0,,,,,20,7,,,,,,,,1,0,,,,,,
2020,238,EA48844,160,07/16/2020,22:00,16,7,,33,King,1030,1,,3,1,2,1,1,1,1,,,,8,1,0,9999.8,1,0,1,3,2,4,6,0,0,0,0,CR-S 272ND ST,,-122.2800111,47.35782222,0,1,13,11,2,35,99,0,0,1,5,8,1,2,4,1,1,99,9,99,0,99,999,9999,0,,63,8,,,,,1,1,999,9,0,,9,0,99,7,11,0,,,,,99,0,9,9,1,0,,,,92,,,,,,98,,,,,,99999,99,,999,9,9,99,99,99,99,,97,,,,,,0,,,99,0,0,0,8,9,8,,,0,,,8,8,0,0,,,0,,,0,0,996,,,,,,,,,,,,,,,,,,,,,,,,,,,,,,0,0,0,0,0,0,0,0,0,0,0,0,0,0,0,0,1,0,0,0,0,0,0,0,0,0,0,0,0,0,0,1,0,0,0,,0,0,0,0,0,0,0,0,1,0,0,0,0,0,0,0,,,,,,,,City street,U,Thursday,,NR-U,Not Fatal,0,0,0,0,City Street,Municipal/City Police,Kent Police Department,0,0,0,1,0,,,,,,99,99,99,,,,,,,,,,,98,98,98,0,,,,,20,7,,,,,,,,1,0,,,,,,
2020,239,EA48857,6,07/03/2020,11:19,3,7,,47,Okanogan,0,1,,1,1,2,1,0,5,2,11:45,12:03,13:46,12,0,2,231.5,1,0,1,4,1,1,3,0,0,0,0,SR-20,,-119.6073056,48.35046389,0,2,51,62,4,60,34,0,0,1,2,12,3,1,2,1,14,3,1,53,0,7,482,2012,0,,12,63,17,,,,1,1,73,1,0,,1,0,3,0,11,5,,,,,0,0,3,3,1,0,,,,96,,,,,,98,,,,,,98840,53,76,220,6,1,0,1,0,0,,0,,,,,,0,06/15/2018,06/15/2018,8,0,0,0,8,9,8,,,0,,,8,8,8,95,,,96,,,8,95,995,,,,,,,,,,,,,,,,,,,,,,,,,,,,,,0,0,0,0,0,0,1,1,1,0,0,0,0,1,0,0,1,0,0,1,0,0,0,1,1,1,1,0,0,1,0,0,0,0,0,,0,0,0,0,0,0,0,0,0,0,0,0,0,0,0,0,,,,,,71-75,66-75,State route,R,Friday,Belt Used,PV,Not Fatal,0,1,1,0,State Route,State Patrol,Washington State Patrol,0,1,0,0,0,,,,,,0,0,0,,,,,,,,,,,98,98,98,0,,,,,20,7,,,,,,,,1,0,,,,,,
2020,239,EA48857,6,07/03/2020,11:19,3,7,,47,Okanogan,0,1,,1,1,2,1,0,5,2,11:45,12:03,13:46,12,0,2,231.5,1,0,1,4,1,1,3,0,0,0,0,SR-20,,-119.6073056,48.35046389,0,1,50,10,2,60,4,0,0,1,2,12,2,1,2,1,14,2,2,53,0,37,32,1990,0,,68,12,,,,,1,1,22,1,0,,3,0,20,7,11,5,,,,,0,0,0,0,1,28,,,,92,,,,,,98,,,,,,99998,53,71,150,0,0,0,0,0,0,,97,,,,,,0,,,20,0,0,0,8,9,8,,,0,,,8,8,2,401,417,695,1,1,1,2,1,0,,,,,,,,,,,,,,,,,,,,,,,,,,,,,,0,0,0,0,0,0,1,1,1,0,0,0,0,1,0,0,1,0,0,1,0,0,0,1,1,1,1,0,0,1,0,0,0,0,0,,0,0,0,0,0,0,1,1,1,0,0,1,0,0,1,0,,,,,,21-25,16-25,State route,R,Friday,Not Used,PV,Not Fatal,0,1,1,0,State Route,State Patrol,Washington State Patrol,0,1,0,0,0,thc,0.66,carboxy-thc,47,,0,0,0,1,,,,,605,,,,,0,0,0,0,,,,,20,7,,,,,,,nms,1,0,,,,,,
2020,240,EA48948,35,07/17/2020,21:31,17,7,,53,Pierce,0,1,,2,1,2,1,0,1,1,,,,93,0,0,1.8,1,0,1,5,2,2,4,0,0,0,0,CR-CRAMER ROAD KP N,,-122.7226306,47.35701944,0,1,7,13,2,35,34,0,0,1,2,93,4,1,2,1,14,1,2,53,0,12,481,1992,0,,63,69,68,64,93,,1,1,34,2,7,,4,7,20,7,11,0,07/17/2020,21:31,53033542,33542,0,0,3,2,1,58,,,,96,,,,,,0,,,,,,98349,53,65,150,1,1,0,1,0,0,,0,,,,,,0,11/15/2019,11/15/2019,20,1,2,0,0,9,8,,,0,,,8,8,2,401,417,695,1,1,1,2,1,0,,,,,,,,,,,,,,,,,,,,,,,,,,,,,,0,0,0,0,0,0,1,1,1,0,0,0,0,1,0,0,0,0,0,1,0,0,0,0,0,0,0,0,0,1,0,0,0,1,0,,1,0,0,0,0,0,1,1,0,0,0,1,0,0,1,0,,,,,,31-35,26-35,County road,U,Friday,Not Used,PV,White,0,1,0,0,County Road,County Sheriff,Law Enforcement Support Agency,1,0,1,0,0,thc,18,carboxy-thc,51,,0,0,1,1,,,,,605,,,,,0,0,0,1,,,,,20,7,,,,,,,nms,1,0,,,CRAMER RD NW,1.77,,
2020,241,EA49130,1,07/18/2020,4:49,18,7,,5,Benton,0,1,,4,1,1,1,0,2,2,,,,12,0,2,80.4,1,0,1,1,2,1,1,0,0,0,0,I-82,,-119.7799417,46.22147778,0,1,50,12,2,70,34,0,0,1,2,12,1,1,2,2,1,1,1,53,0,20,481,2000,0,,64,65,12,43,,,1,1,60,1,7,,4,7,20,7,11,0,07/18/2020,4:49,53032959,32959,6,0,0,3,1,0,,,,96,,,,,,9,,,,,,98935,53,73,210,6,1,0,0,0,0,,0,,,,,,0,,,1,1,9,0,0,9,1,,,0,,,1,8,2,996,996,401,1,1,1,2,1,0,,,,,,,,,,,,,,,,,,,,,,,,,,,,,,0,0,0,0,0,0,1,1,0,0,0,0,0,0,0,0,0,0,0,1,0,0,0,0,0,0,0,0,0,1,1,0,0,1,0,,1,0,0,0,0,0,1,1,0,0,0,0,0,0,1,0,,,,,,56-60,56-65,Interstate,U,Saturday,Not Used,PV,White,0,1,1,0,State Route,State Patrol,Washington State Patrol,0,1,0,0,0,,,,,,0,0,0,1,,,,,417,,,,,98,98,98,1,,,,,20,7,,,,,,,,1,0,,,,,,
2020,241,EA49130,1,07/18/2020,4:49,18,7,,5,Benton,0,1,,4,1,1,1,0,2,2,,,,12,0,2,80.4,1,0,1,1,2,1,1,0,0,0,0,I-82,,-119.7799417,46.22147778,0,2,51,62,4,60,66,1,0,1,2,12,1,1,2,2,1,1,1,53,0,51,881,2000,0,,12,63,59,38,,,1,1,33,1,0,,0,0,3,0,11,0,,,,,6,0,0,3,1,0,,,,96,,,,,,0,,,,,,99301,53,71,183,6,1,0,1,1,0,,0,,,,,,0,02/15/2016,11/15/2019,1,0,0,0,8,3,8,,,0,,,8,8,2,1,,,1,,,2,1,0,,,,,,,,,,,,,,,,,,,,,,,,,,,,,,0,0,0,0,0,0,1,1,0,0,0,0,0,0,0,0,0,0,0,1,0,0,0,0,0,0,0,0,0,1,1,0,0,0,0,,0,0,0,0,0,0,0,0,0,0,0,0,0,0,0,0,,,,,,31-35,26-35,Interstate,U,Saturday,,MHTRUCK,Not Fatal,0,1,1,0,State Route,State Patrol,Washington State Patrol,0,1,0,0,0,,,,,,0,0,0,,,,,,,,,,,98,98,98,0,,,,,20,7,,,,,,,,1,0,,,,,,
2020,243,EA49431,160,07/18/2020,2:34,18,7,,33,King,1030,1,,3,1,2,1,1,2,1,,,,8,0,0,0.4,1,0,1,4,2,1,3,0,0,0,0,SR-515,,-122.2023556,47.37793333,0,1,13,80,5,35,4,0,0,1,2,8,1,1,5,5,1,2,1,53,0,49,32,2014,0,,8,,,,,,1,1,23,1,0,,0,0,3,0,11,0,,,,,0,0,3,3,1,0,,,,96,,,,,,9,,,,,,98051,53,63,147,6,1,0,1,0,0,,12,,,,,,0,02/15/2018,02/15/2018,20,0,0,0,8,3,8,,,0,,,1,0,2,695,605,402,1,1,1,2,1,0,,,,,,,,,,,,,,,,,,,,,,,,,,,,,,0,0,0,0,0,0,1,1,1,1,1,0,0,0,0,0,0,0,0,0,0,0,0,1,1,0,0,0,0,1,0,1,0,0,0,,0,0,0,0,0,0,1,1,0,0,0,0,0,0,1,0,,,,,,21-25,16-25,State route,U,Saturday,Belt Used,PV,Not Fatal,0,0,0,0,State Route,Municipal/City Police,Kent Police Department,0,1,0,0,0,thc,3.1,carboxy-thc,25,,0,0,0,1,1,1,,,996,996,996,,,98,98,98,0,,,,,20,7,,,,,,,,1,0,,,,,,
2020,244,EA49476,4,07/18/2020,12:35,18,7,,63,Spokane,0,1,,1,1,2,1,0,1,1,,,,39,0,0,263.5,1,0,1,1,1,1,1,0,0,0,0,I-90,,-117.6693278,47.51988056,0,1,1,13,2,70,6,0,0,1,2,39,1,1,2,2,1,1,1,53,0,6,52,2007,0,,63,39,1,,,,1,1,40,1,7,,4,0,3,0,11,1,07/19/2020,17:18,2.11E+11,33789,0,0,3,2,1,0,,,,92,,,,,,0,,,,,,83854,16,73,233,1,1,1,0,0,0,,0,,,,,,0,12/15/2016,12/15/2016,20,0,0,0,0,9,8,,,0,,,8,8,2,1,,,1,,,2,1,0,,,,,,,,,,,,,,,,,,,,,,,,,,,,,,0,0,1,0,0,0,0,0,0,0,0,0,0,1,0,0,1,0,0,0,0,0,0,0,0,0,0,0,0,1,0,0,0,0,0,,1,0,0,0,0,0,0,0,1,0,0,1,0,0,0,0,,,,,,36-40,36-45,Interstate,R,Saturday,Belt Used,PV,White,0,1,0,0,State Route,State Patrol,Washington State Patrol,1,1,0,0,0,,,,,,0,1,0,,,,,,,,,,,98,98,98,1,,,,,20,7,,,,,,,,1,0,,,,,,
2020,245,EA49734,13,07/20/2020,15:13,20,7,,9,Clallam,0,1,,1,1,2,1,0,3,2,15:26,15:55,16:39,12,0,6,3.7,8,0,1,6,1,2,4,0,0,0,0,CR-OBRIEN RD,,-123.3017167,48.09077778,0,2,69,62,4,35,80,0,0,1,2,12,1,2,2,1,1,2,2,53,0,72,706,1991,0,,12,,,,,,1,1,64,1,0,,3,0,20,7,11,5,,,,,0,0,3,3,1,0,,,,96,,,,,,0,,,,,,98362,53,71,180,6,1,0,0,0,0,,0,,,,,,0,,,20,8,0,0,8,9,8,,,0,,,8,8,8,95,,,96,,,8,95,995,,,,,,,,,,,,,,,,,,,,,,,,,,,,,,0,0,0,0,0,0,0,0,0,0,0,0,0,0,0,0,0,0,1,0,0,0,0,0,0,0,0,0,1,1,0,0,0,0,0,0,0,0,0,0,0,0,0,0,0,0,0,0,0,0,0,0,,,,,,61-65,56-65,County road,R,Monday,,MC,Not Fatal,0,0,0,0,County Road,County Sheriff,Clallam County Sheriff's Office,0,0,1,0,0,,,,,,0,0,0,,,,,,,,,,,0,0,0,0,,,,,5,0,,,,,,,,1,0,,,O'BRIEN RD.,3.72,,
2020,245,EA49734,13,07/20/2020,15:13,20,7,,9,Clallam,0,1,,1,1,2,1,0,3,2,15:26,15:55,16:39,12,0,6,3.7,8,0,1,6,1,2,4,0,0,0,0,CR-OBRIEN RD,,-123.3017167,48.09077778,0,1,68,15,2,35,34,0,0,1,2,12,1,2,2,1,11,1,1,53,0,20,481,2006,0,,12,,,,,,1,1,34,2,0,,0,0,3,0,11,0,,,,,0,0,0,3,1,38,,,,96,,,,,,98,,,,,,98382,53,60,270,6,1,0,0,0,0,,46,,,,,,0,,,20,0,0,0,8,9,8,,,0,,,8,0,8,95,,,96,,,2,98,0,,,,,,,,,,,,,,,,,,,,,,,,,,,,,,0,0,0,0,0,0,0,0,0,0,0,0,0,0,0,0,0,0,1,0,0,0,0,0,0,0,0,0,1,1,0,0,0,0,0,,0,0,0,0,0,0,0,0,0,0,1,0,0,0,0,0,,,,,,31-35,26-35,County road,R,Monday,Belt Used,PV,Not Fatal,0,0,0,0,County Road,County Sheriff,Clallam County Sheriff's Office,0,0,1,0,0,,,,,,0,0,0,,,,,,,,,,,98,98,98,0,,,,,20,7,,,,,,,,1,0,,,O'BRIEN RD.,3.72,,
2020,246,EA49865,82,07/24/2020,6:26,24,7,,41,Lewis,300,10,,1,1,2,1,0,1,1,7:28,7:34,,43,0,0,0.4,3,1,2,1,2,1,1,0,0,3,3,I-5,HARRISON AVE,-122.9777528,46.72760278,0,1,1,15,2,98,20,0,0,1,2,43,1,1,2,6,11,1,1,53,0,37,441,2002,0,,63,43,,,,,1,1,54,8,7,,4,7,20,7,11,0,07/24/2020,6:26,30053036391,36391,0,0,0,3,1,8,30,50,,96,,,,,,98,,,,,,98579,53,72,170,6,1,0,0,0,1,,0,,,,,,0,11/15/2017,11/15/2017,8,0,0,0,0,9,8,,,0,,,8,8,2,401,695,605,1,1,1,2,1,0,,,,,,,,,,,,,,,,,,,,,,,,,,,,,,0,0,1,1,0,0,1,1,1,0,0,0,0,0,0,0,0,0,0,1,0,0,0,0,0,0,0,0,0,1,0,0,0,1,0,,1,0,0,0,0,0,1,1,0,0,0,0,0,0,1,0,,,,,,51-55,46-55,Interstate,U,Friday,Not Used,PV,White,1,0,0,1,State Route,Municipal/City Police,Centralia Police Department,0,1,0,0,0,thc,5.1,carboxy-thc,20,,0,0,0,,,,,,,,,,,98,98,98,1,,,,,20,7,,,,,,,nms,1,0,,,,,,
2020,247,EA50101,2,07/20/2020,17:05,20,7,,29,Island,0,1,,1,1,2,1,0,7,2,17:09,17:13,18:13,12,0,6,19.2,2,0,2,3,1,1,3,0,0,20,3,SR-525,BUSH POINT RD,-122.5454833,48.01518333,0,1,82,15,2,45,4,0,0,1,2,12,1,2,2,1,11,2,2,53,0,20,32,1993,0,,12,,,,,,1,1,17,1,7,,4,0,3,0,11,0,07/20/2020,21:11,1.96E+11,33497,0,0,1,3,1,48,,,,96,,,,,,98,,,,,,98236,53,67,135,6,2,0,0,0,0,,0,,,,,,0,,,1,0,0,0,0,9,8,,,0,,,8,8,2,695,605,,1,1,,2,1,0,,,,,,,,,,,,,,,,,,,,,,,,,,,,,,0,0,0,1,0,0,1,1,1,0,0,0,0,0,0,0,0,0,0,0,1,0,1,0,1,0,0,0,0,1,1,0,0,0,0,,1,0,0,0,0,0,1,1,0,0,0,0,0,0,1,0,,,,,,16-17,16-25,State route,R,Monday,Belt Used,PV,White,1,0,0,0,State Route,State Patrol,Washington State Patrol,0,1,0,0,0,thc,0.87,carboxy-thc,7.8,,0,0,0,,,,,,,,,,,0,0,0,1,,,,,20,7,,,,,,,nms,1,0,,,,,,
2020,247,EA50101,2,07/20/2020,17:05,20,7,,29,Island,0,1,,1,1,2,1,0,7,2,17:09,17:13,18:13,12,0,6,19.2,2,0,2,3,1,1,3,0,0,0,0,SR-525,BUSH POINT RD,-122.5454833,48.01518333,0,2,83,67,4,45,67,1,0,1,2,12,1,2,4,1,1,5,1,53,0,12,880,2017,0,,12,,,,,,1,1,40,1,0,,0,0,3,0,11,0,,,,,0,0,0,3,1,0,,,,96,,,,,,0,,,,,,98857,53,78,270,6,1,0,0,0,0,,0,,,,,,0,,,1,0,0,0,8,9,8,,,0,,,8,8,8,95,,,96,,,8,95,995,,,,,,,,,,,,,,,,,,,,,,,,,,,,,,0,0,0,1,0,0,1,1,1,0,0,0,0,0,0,0,0,0,0,0,1,0,1,0,1,0,0,0,0,1,1,0,0,0,0,,0,0,0,0,0,0,0,0,0,0,0,0,0,0,0,0,,,,,,36-40,36-45,State route,R,Monday,,MHTRUCK,Not Fatal,1,0,0,0,State Route,State Patrol,Washington State Patrol,0,1,0,0,0,,,,,,0,0,0,,,,,,,,,,,98,98,98,0,,,,,20,7,,,,,,,,1,0,,,,,,
2020,248,EA50209,29,07/18/2020,18:45,18,7,,41,Lewis,0,1,,5,1,2,1,0,2,2,18:47,18:55,,12,0,6,3.4,8,0,1,7,1,2,4,0,0,0,0,CR-LARMON RD,,-122.7253167,46.54658333,0,2,83,72,4,50,80,0,0,1,2,12,1,1,2,1,1,1,2,41,0,72,706,2001,0,,12,,,,,,1,1,37,8,7,,4,8,20,7,11,5,07/18/2020,20:20,1.60E+11,33582,0,0,3,2,1,0,,,,92,,,,,,98,,,,,,98532,53,67,155,6,1,0,3,0,0,,0,,,,,,0,01/15/2018,03/15/2020,20,8,0,0,0,9,8,,,0,,,8,8,2,996,401,417,1,1,1,2,1,0,,,,,,,,,,,,,,,,,,,,,,,,,,,,,,0,0,0,0,0,0,1,1,0,0,0,0,0,0,1,0,1,0,1,0,0,0,0,0,0,1,1,1,1,1,0,0,0,0,1,0,0,0,0,0,0,0,1,1,1,0,0,0,0,0,1,0,,,,,,36-40,36-45,County road,R,Saturday,,MC,White,0,0,0,0,County Road,County Sheriff,Lewis County Sheriff's Office,0,0,1,0,0,,,,,,0,0,1,1,1,,,,128,177,,,,0,0,0,1,,,,,19,0,,,,,,,,1,0,,,LARMON RD,3.394,,
2020,248,EA50209,29,07/18/2020,18:45,18,7,,41,Lewis,0,1,,5,0,0,1,0,2,2,18:47,18:55,,12,0,6,3.4,8,0,1,7,1,2,4,0,0,0,0,CR-LARMON RD,,-122.7253167,46.54658333,0,1,82,15,2,0,34,1,0,1,5,12,0,0,0,0,11,1,1,53,0,7,482,2006,0,,12,,,,,,1,1,76,1,0,,0,0,3,0,11,0,,,,,0,0,3,3,1,38,,,,92,,,,,,98,,,,,,98577,53,68,175,6,1,0,0,0,3,,97,,,,,,0,05/15/2016,04/15/2017,20,0,0,0,8,9,8,,,0,,,8,8,0,0,,,0,,,0,0,996,,,,,,,,,,,,,,,,,,,,,,,,,,,,,,0,0,0,0,0,0,1,1,0,0,0,0,0,0,1,0,1,0,1,0,0,0,0,0,0,1,1,1,1,1,0,0,0,0,0,,0,0,0,0,0,0,0,0,1,0,1,0,0,0,0,0,,,,,,76-80,76+,County road,R,Saturday,Belt Used,PV,Not Fatal,0,0,0,0,County Road,County Sheriff,Lewis County Sheriff's Office,0,0,1,0,0,,,,,,0,0,0,,,,,,,,,,,98,98,98,0,,,,,20,7,,,,,,,,1,0,,,LARMON RD,3.394,,