year,case,par,repjur,crash_dt,crash_tm,accday,accmon,holiday,county,co_char,city,weather,weather2,lightcond,surfcond,surftype,numfatal,nmforms,pforms,vforms,not_tm,arr_tm,hosp_tm,fhevent,hitrun,manncol,milepnt,reljunc,reljuncinter,intersectiontype,funcsystem,landuse,ownership,route,schlbus,spejur,contdev,devfunc,trafid1,trafid2,x,y,wk_zone,vnumber,crashtype,criticalevent,criticaleventcat,spdlim,body,trailer,emerg,hazcargo,leave,mhevent,roadalgn,roadprof,traflane,trafflow,vehmanvr,numoccs,regowner,regstate,spuse,make,model,modelyr,vrf1,vrf2,seqevent1,seqevent2,seqevent3,seqevent4,seqevent5,seqevent6,pnumber,ptype,age,sex,hispanic,race,injury,diedscene,restraint,restraintmisuse,seatpos,takehosp,death_dt,death_tm,cert,cernum_wa,commlic,licendor,licrestrict,liccomp,drivpres,drf1,drf2,drf3,drf4,distract1,distract2,distract3,distract4,distract5,distract6,dricond1,dricond2,dricond3,dricond4,dricond5,dricond6,dzip,licstate,drhgt_in,weight,noncdl,noncdltype,prevdwi,prevoth,prevacc,prevspd,prevsus,driviol1,driviol2,driviol3,driviol4,driviol5,driviol6,spdrel,first_dt,last_dt,airbag,ejection,ejectpath,extricat,injurwrk,methalc,methdrug,nmlocat,strikveh,prf1,prf2,prf3,druginv,alcinvol,drugsts,drugres1,drugres2,drugres3,drugtst1,drugtst2,drugtst3,alcsts,alctst,alcres,nmact1,nmact2,nmact3,nmact4,nmact5,nmact6,nmprior1,nmprior2,nmprior3,nmprior4,nmprior5,nmprior6,nmcond1,nmcond2,nmcond3,nmcond4,nmcond5,nmcond6,nmsafe_helmet,nmsafe_pads,nmsafe_oth,nmprev_ref,nmprev_lgt,nmprev_oth,crashlocation,nmcrashtype,crosswalk,schoolzone,sidewalk,train_inv,wildlife_inv,rotr_fars,intersect_fars,dd_inv,aid_inv,dpd_inv,id_inv,mj_inv,impnm_inv,ainm_inv,dpnm_inv,speed_inv,unlic_inv,unendmc_inv,drowsy_inv,drdist_inv,nmdist_inv,fty_inv,unrestfat_inv,dr1617_inv,dr1820_inv,dr1620_inv,dr2125_inv,dr1625_inv,dr65_inv,dr70_inv,dr75_inv,mc_inv,pv_inv,ht_inv,ped_inv,bike_inv,unrest_fat,mc_fat,unhelmet_mc,pv_fat,ht_fat,ped_fat,bike_fat,dr_alc7,dr_alc8,dr_drug,dr_imp,dr_dist,dr_spd,dr_fty,dr_unlic,dr_alc7only,dr_alc8only,dr_drugonly,dr_drink,nm_imp,nm_alc7,nm_alc8,nm_drug,nm_dist,agegrp1,agegrp2,roadclass,urbrur,dayweek,restuse,vehtype,race_me,intersect,lanedep,oppdir,wrongway,rep_typ,investag,repag_long,rotr,st_rd,cty_rd,city_rd,oth_rd,drug_thc,thc_res,drug_cthc,cthc_res,drug_cann,prevpersemin,prevperse,prevsusoth,drugtst4,drugtst5,drugtst6,drugtst7,drugtst8,drugres4,drugres5,drugres6,drugres7,drugres8,adspresent,adsengaged,adslevel,race1,race2,race3,race4,race5,helmet,helmetmisuse,nmdistract1,nmdistract2,nmdistract3,nmdistract4,nmdistract5,nmdistract6,lab,isedtcase,crf1,crf2,crf3,CoRoadName,CoMP,IntCoRoadName,IntCoMP
2020,249,EA50368,158,07/26/2020,14:55,26,7,,15,Cowlitz,1010,1,,1,1,2,1,0,4,3,14:55,14:59,15:28,12,0,6,0,2,0,2,7,1,4,6,0,0,20,3,S 5TH AVE,Chestnut St,-122.9112667,46.13628056,0,2,89,66,4,25,5,0,0,1,2,12,1,1,8,1,4,2,1,53,0,37,39,2018,0,,12,68,64,14,,,1,1,26,2,0,,3,0,3,0,11,5,,,,,0,0,0,3,1,10,,,,0,,,,,,0,,,,,,98611,53,65,130,6,1,0,0,1,0,,0,,,,,,0,12/15/2018,12/15/2018,8,0,0,0,8,9,8,,,0,,,8,8,0,0,,,0,,,0,0,996,,,,,,,,,,,,,,,,,,,,,,,,,,,,,,0,0,0,1,0,0,0,0,0,0,0,0,1,1,1,0,0,0,0,0,0,0,0,0,0,0,0,0,1,1,0,0,0,0,0,,0,0,0,0,0,0,0,0,0,0,0,0,0,0,0,0,,,,,,26-30,26-35,City street,R,Sunday,Belt Used,PV,Not Fatal,1,0,0,0,City Street,Municipal/City Police,Kelso Police Department,0,0,0,1,0,,,,,,0,0,0,,,,,,,,,,,98,98,98,0,,,,,20,7,,,,,,,,1,0,,,,,,
2020,249,EA50368,158,07/26/2020,14:55,26,7,,15,Cowlitz,1010,1,,1,1,2,1,0,4,3,14:55,14:59,15:28,12,0,6,0,2,0,2,7,1,4,6,0,0,0,0,S 5TH AVE,Chestnut St,-122.9112667,46.13628056,0,1,88,17,2,25,80,0,0,1,2,12,1,1,8,1,1,1,2,53,0,53,706,2001,0,,12,,,,,,1,1,56,1,7,,4,7,20,7,11,0,07/26/2020,14:55,1.01E+11,34468,0,0,3,2,1,0,,,,96,,,,,,98,,,,,,98832,53,68,220,1,1,0,3,0,0,,0,,,,,,3,07/15/2017,04/15/2018,20,8,0,0,0,9,8,,,0,,,8,8,8,95,,,96,,,8,95,995,,,,,,,,,,,,,,,,,,,,,,,,,,,,,,0,0,0,1,0,0,0,0,0,0,0,0,1,1,1,0,0,0,0,0,0,0,0,0,0,0,0,0,1,1,0,0,0,0,1,0,0,0,0,0,0,0,0,0,0,1,0,1,0,0,0,0,,,,,,56-60,56-65,City street,R,Sunday,,MC,White,1,0,0,0,City Street,Municipal/City Police,Kelso Police Department,0,0,0,1,0,,,,,,0,0,2,,,,,,,,,,,0,0,0,1,,,,,5,0,,,,,,,,1,0,,,,,,
2020,461,EA50369,242,07/23/2020,10:41,23,7,,53,Pierce,1770,1,,1,1,2,1,0,2,2,,,,12,0,6,0,2,0,3,5,2,4,6,0,0,20,3,5TH ST NE,5th Ave NE,-122.2876806,47.19549167,0,2,82,66,4,30,4,0,0,1,2,12,1,1,2,1,11,1,1,53,0,55,35,2017,0,,12,,,,,,1,1,54,1,0,,0,0,3,0,11,0,,,,,0,0,3,3,1,10,,,,0,,,,,,0,,,,,,98208,53,66,155,6,1,0,0,0,1,,0,,,,,,0,06/15/2019,06/15/2019,2,0,0,0,8,9,8,,,0,,,8,8,8,95,,,96,,,8,95,995,,,,,,,,,,,,,,,,,,,,,,,,,,,,,,0,0,0,1,0,0,0,0,0,0,0,0,1,1,1,0,0,0,0,0,0,0,0,0,0,0,0,0,1,1,0,0,0,0,0,,0,0,0,0,0,0,0,0,0,0,0,0,0,0,0,0,,,,,,51-55,46-55,City street,U,Thursday,Belt Used,PV,Not Fatal,1,0,0,0,City Street,Municipal/City Police,Puyallup Police Department,0,0,0,1,0,,,,,,0,0,0,,,,,,,,,,,98,98,98,0,,,,,20,7,,,,,,,,1,0,,,,,,
2020,461,EA50369,242,07/23/2020,10:41,23,7,,53,Pierce,1770,1,,1,1,2,1,0,2,2,,,,12,0,6,0,2,0,3,5,2,4,6,0,0,0,0,5TH ST NE,5th Ave NE,-122.2876806,47.19549167,0,1,83,67,4,30,80,0,0,1,2,12,1,1,2,1,1,1,2,53,0,37,706,1998,0,,12,,,,,,1,1,40,1,7,,4,0,20,7,11,5,07/29/2020,21:30,1.96E+11,35755,0,0,3,2,1,0,,,,96,,,,,,98,,,,,,98372,53,68,200,1,1,0,2,0,3,,0,,,,,,3,12/15/2015,08/15/2019,20,8,0,0,0,9,8,,,0,,,8,8,8,95,,,96,,,8,95,995,,,,,,,,,,,,,,,,,,,,,,,,,,,,,,0,0,0,1,0,0,0,0,0,0,0,0,1,1,1,0,0,0,0,0,0,0,0,0,0,0,0,0,1,1,0,0,0,0,1,1,0,0,0,0,0,0,0,0,0,1,0,1,0,0,0,0,,,,,,36-40,36-45,City street,U,Thursday,,MC,White,1,0,0,0,City Street,Municipal/City Police,Puyallup Police Department,0,0,0,1,0,,,,,,0,0,6,,,,,,,,,,,0,0,0,1,,,,,16,0,,,,,,,,1,0,,,,,,
2020,545,EA50520,3,07/24/2020,16:40,24,7,,53,Pierce,2230,1,,1,1,2,1,0,1,1,,,,1,0,0,0.9,20,1,1,1,2,1,1,0,0,0,0,I-5,,-122.4626361,47.22665556,0,1,98,9,1,98,80,0,0,1,2,1,2,2,3,6,15,1,1,53,0,72,706,2012,0,,1,,,,,,1,1,51,1,7,,4,0,20,7,11,5,08/06/2020,14:42,2.23E+11,37570,0,0,0,3,1,28,,,,96,,,,,,0,,,,,,98503,53,73,350,6,1,0,0,0,0,,69,,,,,,0,,,20,8,0,0,0,9,8,,,0,,,8,8,0,0,,,0,,,0,0,996,,,,,,,,,,,,,,,,,,,,,,,,,,,,,,0,0,0,0,0,0,0,0,0,0,0,0,0,0,0,0,0,0,0,0,0,0,0,0,0,0,0,0,1,0,0,0,0,0,1,0,0,0,0,0,0,0,0,0,0,0,0,0,0,0,0,0,,,,,,51-55,46-55,Interstate,U,Friday,,MC,White,1,0,0,0,State Route,State Patrol,Washington State Patrol,0,1,0,0,0,,,,,,0,0,0,,,,,,,,,,,0,0,0,1,,,,,19,0,,,,,,,,1,0,,,,,,
2020,250,EA50954,297,07/24/2020,23:03,24,7,,33,King,2310,1,,3,1,2,1,0,2,2,,,,12,0,1,0,1,0,1,3,2,4,6,0,0,0,0,E MARGINAL WAY S,,-122.3072278,47.53070833,0,2,32,98,7,35,51,0,0,1,2,12,1,1,5,1,1,1,3,53,3,98,907,2010,0,,12,2,,,,,1,1,53,1,0,,0,0,99,7,11,0,,,,,6,1,1,3,1,0,,,,96,,,,,,0,,,,,,98058,53,73,205,6,1,0,0,0,0,,0,,,,,,0,,,20,0,0,0,8,9,8,,,0,,,8,8,8,95,,,96,,,8,95,995,,,,,,,,,,,,,,,,,,,,,,,,,,,,,,0,0,0,0,1,1,0,1,0,0,0,0,0,0,0,0,0,0,0,0,0,0,0,0,0,0,0,0,0,1,0,0,0,0,0,,0,0,0,0,0,0,0,0,0,0,0,0,0,0,0,0,,,,,,51-55,46-55,City street,U,Friday,,BUS,Not Fatal,0,0,0,0,City Street,Municipal/City Police,Tukwila Police Department,0,0,0,1,0,,,,,,0,0,0,,,,,,,,,,,98,98,98,0,,,,,20,7,,,,,,,,1,0,,,,,,
2020,250,EA50954,297,07/24/2020,23:03,24,7,,33,King,2310,1,,3,1,2,1,0,2,2,,,,12,0,1,0,1,0,1,3,2,4,6,0,0,0,0,E MARGINAL WAY S,,-122.3072278,47.53070833,0,1,32,98,7,35,14,0,0,1,2,2,1,1,5,1,1,1,1,53,0,12,401,2017,0,,12,2,,,,,1,1,42,1,7,,4,7,3,0,11,0,07/24/2020,23:03,2.31E+11,35084,0,0,0,3,1,8,,,,96,,,,,,98,,,,,,98059,53,68,195,6,1,0,0,1,0,,0,,,,,,0,08/15/2019,08/15/2019,99,0,0,1,0,9,8,,,0,,,8,8,2,1,,,1,,,2,1,0.275,,,,,,,,,,,,,,,,,,,,,,,,,,,,,,0,0,0,0,1,1,0,1,0,0,0,0,0,0,0,0,0,0,0,0,0,0,0,0,0,0,0,0,0,1,0,0,0,0,0,,1,0,0,0,0,1,0,1,0,0,0,0,0,1,0,1,,,,,,41-45,36-45,City street,U,Friday,Belt Used,PV,AIAN,0,0,0,0,City Street,Municipal/City Police,Tukwila Police Department,0,0,0,1,0,,,,,,0,0,0,,,,,,,,,,,98,98,98,3,,,,,20,7,,,,,,,,1,0,,,,,,
2020,251,EA51119,278,07/28/2020,19:47,28,7,,63,Spokane,2110,1,,1,1,2,1,0,4,2,19:48,19:52,20:10,12,1,6,0,2,0,2,4,2,4,6,0,0,3,3,N PERRY ST,E Indiana Ave,-117.3903556,47.67473056,0,2,69,62,4,30,14,0,0,1,5,12,1,1,4,1,1,1,2,53,0,23,401,2005,0,,12,63,39,,,,1,1,30,1,0,,9,0,99,7,11,0,,,,,0,0,3,2,1,0,,,,96,,,,,,0,,,,,,99207,53,65,120,1,1,2,2,0,0,,97,,,,,,0,05/15/2015,12/15/2018,99,0,0,0,8,9,8,,,0,,,8,8,8,95,,,96,,,8,95,995,,,,,,,,,,,,,,,,,,,,,,,,,,,,,,0,0,0,1,0,0,1,1,0,0,0,0,0,1,0,0,0,0,0,1,0,0,0,0,0,0,0,0,0,1,0,0,0,0,0,,0,0,0,0,0,0,0,0,0,0,0,1,0,0,0,0,,,,,,26-30,26-35,City street,U,Tuesday,Unknown,PV,Not Fatal,1,0,0,0,City Street,Municipal/City Police,Spokane Police Department,0,0,0,1,0,,,,,,0,1,6,,,,,,,,,,,98,98,98,0,,,,,20,7,,,,,,,,1,0,,,,,,
2020,251,EA51119,278,07/28/2020,19:47,28,7,,63,Spokane,2110,1,,1,1,2,1,0,4,2,19:48,19:52,20:10,12,0,6,0,2,0,2,4,2,4,6,0,0,3,3,N PERRY ST,E Indiana Ave,-117.3903556,47.67473056,0,1,68,15,2,30,20,0,0,1,2,12,1,1,4,1,11,3,1,53,0,7,442,2000,0,,12,,,,,,1,1,63,2,0,,0,0,3,0,11,0,,,,,0,0,3,2,1,0,,,,96,,,,,,9,,,,,,99217,53,67,109,1,1,0,5,0,0,,97,,,,,,0,03/15/2017,03/15/2020,8,0,0,0,8,3,8,,,0,,,1,8,2,996,401,417,1,1,1,2,1,0,,,,,,,,,,,,,,,,,,,,,,,,,,,,,,0,0,0,1,0,0,1,1,0,0,0,0,0,1,0,0,0,0,0,1,0,0,0,0,0,0,0,0,0,1,0,0,0,0,0,,0,0,0,0,0,0,1,1,0,0,0,1,0,0,1,0,,,,,,61-65,56-65,City street,U,Tuesday,Belt Used,PV,Not Fatal,1,0,0,0,City Street,Municipal/City Police,Spokane Police Department,0,0,0,1,0,,,,,,0,0,2,,,,,,,,,,,98,98,98,0,,,,,20,7,,,,,,,,1,0,,,,,,
2020,253,EA51244,262,07/29/2020,20:49,29,7,,33,King,1958,1,,3,1,2,1,0,1,1,,,,33,0,0,0,1,0,1,4,2,4,6,0,0,0,0,MILITARY RD S,,-122.2743417,47.44348333,0,1,1,13,2,35,80,0,0,1,2,59,3,2,3,5,14,1,2,53,0,53,706,2004,0,,63,33,59,38,,,1,1,29,1,6,,4,7,20,7,11,0,07/29/2020,20:49,1.96E+11,35100,0,0,3,2,1,0,,,,96,,,,,,98,,,,,,98168,53,65,175,6,1,0,1,1,0,,0,,,,,,4,03/15/2018,08/15/2019,20,8,0,0,0,9,8,,,0,,,8,8,2,1,,,1,,,2,1,0.279,,,,,,,,,,,,,,,,,,,,,,,,,,,,,,0,0,1,0,1,1,0,1,0,0,0,0,1,0,1,0,0,0,0,0,0,0,0,0,0,0,0,0,1,0,0,0,0,0,1,0,0,0,0,0,0,1,0,1,0,1,0,0,0,1,0,1,,,,,,26-30,26-35,City street,U,Wednesday,,MC,Hispanic,0,1,0,0,City Street,Municipal/City Police,SeaTac Police Department,1,0,0,1,0,,,,,,0,0,1,,,,,,,,,,,0,0,0,98,,,,,5,0,,,,,,,,1,0,,,,,,
2020,256,EA51246,326,07/27/2020,9:41,27,7,,33,King,2565,1,,1,1,2,1,1,1,1,,,,9,0,0,0,2,0,3,5,2,4,6,0,0,0,0,NE 171ST ST,143rd Pl NE,-122.1480417,47.75168056,0,1,13,15,2,35,4,0,0,1,2,9,1,2,3,5,11,1,2,53,0,49,32,2004,0,,9,,,,,,1,1,18,1,0,,0,0,3,0,11,0,,,,,0,0,0,3,1,38,,,,96,,,,,,98,,,,,,98021,53,70,170,6,2,0,0,0,0,,97,,,,,,0,,,20,0,0,0,8,9,8,,,0,,,8,8,8,95,,,96,,,8,95,995,,,,,,,,,,,,,,,,,,,,,,,,,,,,,,0,0,0,1,0,0,0,0,0,0,0,0,0,0,0,0,0,0,1,0,0,1,1,0,1,0,0,0,0,1,0,0,1,0,0,,0,0,0,0,0,0,0,0,0,0,1,0,0,0,0,0,,,,,,18-20,16-25,City street,U,Monday,Belt Used,PV,Not Fatal,1,0,0,0,City Street,County Sheriff,Woodinville Police Department,0,0,0,1,0,,,,,,0,0,0,,,,,,,,,,,98,98,98,0,,,,,20,7,,,,,,,,1,0,,,,,,
2020,257,EA51298,24,07/23/2020,19:23,23,7,,31,Jefferson,0,1,,1,1,2,1,0,1,1,,,,1,0,0,4.3,1,0,1,6,1,2,4,0,0,0,0,CR-HASTINGS AVE W,,-122.8596694,48.10414167,0,1,98,6,1,40,20,0,0,1,2,1,3,1,2,1,14,1,2,53,0,41,441,2003,0,,63,69,67,1,,,1,1,37,8,6,,4,0,20,7,11,1,07/23/2020,20:23,1.96E+11,34119,0,0,0,2,1,58,,,,92,,,,,,98,,,,,,93022,6,67,130,3,1,0,0,0,0,,0,,,,,,3,,,20,1,6,0,0,9,8,,,0,,,8,1,2,605,151,,1,1,,2,1,0.227,,,,,,,,,,,,,,,,,,,,,,,,,,,,,,0,0,0,0,1,1,1,1,1,0,0,0,1,1,0,0,1,0,0,1,0,0,0,0,0,0,0,0,0,1,0,0,0,1,0,,1,0,0,0,0,1,1,1,1,1,0,1,0,0,0,1,,,,,,36-40,36-45,County road,R,Thursday,Not Used,PV,Hispanic,0,1,0,0,County Road,County Sheriff,Jefferson County Sheriff's Office,1,0,1,0,0,thc,0.58,,,,0,0,0,,,,,,,,,,,98,98,98,1,,,,,20,7,,,,,,,nms,1,0,,,HASTINGS AVE W,4.302,,
2020,258,EA51338,2,07/26/2020,3:40,26,7,,57,Skagit,0,1,,2,1,7,1,0,1,1,3:37,3:52,,42,0,0,4.3,1,0,1,6,1,2,4,0,0,0,0,CR-COLONY RD,,-122.3612944,48.58789167,0,1,6,12,2,35,80,0,0,1,2,42,2,1,2,1,14,1,5,53,0,53,706,2018,0,,68,64,42,,,,1,1,34,1,7,,4,7,20,7,11,0,07/26/2020,3:40,53034137,34137,0,0,0,0,1,8,,,,96,,,,,,9,,,,,,98226,53,69,210,0,0,0,0,0,1,,0,,,,,,3,02/15/2017,02/15/2017,20,8,0,0,0,9,8,,,0,,,1,9,2,401,417,128,1,1,1,2,1,0,,,,,,,,,,,,,,,,,,,,,,,,,,,,,,0,0,1,0,0,0,1,1,0,0,0,0,1,1,1,0,0,0,0,0,0,0,0,0,0,0,0,0,1,0,0,0,0,0,1,0,0,0,0,0,0,0,1,1,0,1,0,1,0,0,1,0,,,,,,31-35,26-35,County road,R,Sunday,,MC,White,0,1,0,0,County Road,State Patrol,Washington State Patrol,1,0,1,0,0,,,,,,0,0,0,1,1,,,,177,996,,,,0,0,0,1,,,,,19,0,,,,,,,,1,0,,,COLONY ROAD,4.31,,
2020,546,EA51551,14,07/22/2020,19:05,22,7,,11,Clark,0,1,,1,1,2,1,0,1,1,,,,42,0,0,0.3,1,0,1,6,1,2,4,0,0,0,0,CR-NE PUP CREEK RD,,-122.5319528,45.93420833,0,1,1,13,2,50,2,0,0,1,2,42,3,1,2,1,14,1,1,53,0,14,4,1997,0,,63,42,,,,,1,1,89,8,7,,4,0,2,0,11,8,07/26/2020,4:51,2.37E+11,34957,0,0,3,3,1,0,,,,92,,,,,,0,,,,,,98674,53,65,120,6,1,0,1,0,0,,0,,,,,,0,04/15/2016,04/15/2016,1,0,0,0,0,9,8,,,0,,,8,8,0,0,,,0,,,0,0,996,,,,,,,,,,,,,,,,,,,,,,,,,,,,,,0,0,1,0,0,0,0,0,0,0,0,0,0,0,0,0,1,0,0,0,0,0,0,0,0,1,1,1,0,1,0,0,0,0,0,,1,0,0,0,0,0,0,0,1,0,0,0,0,0,0,0,,,,,,81+,76+,County road,R,Wednesday,Belt Used,PV,White,0,1,0,0,County Road,County Sheriff,Clark County Sheriff's Office,1,0,1,0,0,,,,,,0,0,0,,,,,,,,,,,0,0,0,1,,,,,20,7,,,,,,,,1,0,,,NE PUP CREEK RD,0.28,,
2020,259,EA51565,7,07/14/2020,17:46,14,7,,33,King,1830,1,,1,1,1,1,0,1,1,,,,25,0,0,3,1,0,1,1,2,1,1,0,0,0,0,I-405,,-122.2050917,47.47099167,0,1,7,8,1,60,80,0,0,1,2,25,2,2,4,3,15,1,1,53,0,72,706,2013,0,,64,25,,,,,1,1,59,1,7,,4,7,20,7,11,0,07/14/2020,17:46,1.83E+11,32543,6,0,3,3,1,0,,,,96,,,,,,98,,,,,,98444,53,73,200,6,1,0,0,0,0,,0,,,,,,4,,,20,8,0,0,0,9,8,,,0,,,8,8,2,1,,,1,,,2,1,0,,,,,,,,,,,,,,,,,,,,,,,,,,,,,,0,0,0,0,0,0,0,0,0,0,0,0,1,0,0,0,0,0,0,0,0,0,0,0,0,0,0,0,1,0,0,0,0,0,1,0,0,0,0,0,0,0,0,0,0,1,0,0,0,0,0,0,,,,,,56-60,56-65,Interstate,U,Tuesday,,MC,White,0,1,0,0,State Route,State Patrol,Washington State Patrol,1,1,0,0,0,,,,,,0,0,0,,,,,,,,,,,0,0,0,1,,,,,5,0,,,,,,,,1,0,,,,,,
2020,260,EA51571,7,07/29/2020,21:42,29,7,,33,King,2310,1,,2,1,2,1,0,3,3,,,,24,0,0,1.1,1,0,1,3,2,1,3,0,0,0,0,SR-599,,-122.2827917,47.49504167,0,2,7,9,1,60,80,0,0,1,2,24,2,1,2,3,14,1,1,53,0,76,706,2000,0,,64,24,69,12,12,,1,1,33,1,7,,4,7,20,7,11,0,07/29/2020,21:42,2.31E+11,36133,0,0,3,2,1,8,,,,96,,,,,,98,,,,,,98032,53,69,225,6,1,0,0,0,0,,0,,,,,,4,,,20,8,0,0,0,9,8,,,0,,,8,8,2,1,,,1,,,2,1,0,,,,,,,,,,,,,,,,,,,,,,,,,,,,,,0,0,0,0,1,0,1,1,1,0,0,0,1,0,1,0,0,0,0,0,0,0,0,1,1,0,0,0,1,1,0,0,0,0,1,0,0,0,0,0,0,0,0,0,0,1,0,0,0,0,0,0,,,,,,31-35,26-35,State route,U,Wednesday,,MC,API,0,1,0,0,State Route,State Patrol,Washington State Patrol,1,1,0,0,0,,,,,,0,0,0,,,,,,,,,,,0,0,0,48,,,,,5,0,,,,,,,,1,0,,,,,,
2020,260,EA51571,7,07/29/2020,21:42,29,7,,33,King,2310,1,,2,1,2,1,0,3,3,,,,24,1,0,1.1,1,0,1,3,2,1,3,0,0,0,0,SR-599,,-122.2827917,47.49504167,0,1,98,98,7,60,4,0,0,1,2,12,2,1,2,3,14,1,1,53,0,35,43,2018,0,,12,,,,,,1,1,23,1,0,,0,0,99,7,11,0,,,,,0,0,0,3,1,0,,,,96,,,,,,9,,,,,,98058,53,69,190,6,1,0,0,0,0,,12,,,,,,0,,,8,0,0,0,8,9,8,,,0,,,1,1,2,695,605,,1,1,,2,1,0.05,,,,,,,,,,,,,,,,,,,,,,,,,,,,,,0,0,0,0,1,0,1,1,1,0,0,0,1,0,1,0,0,0,0,0,0,0,0,1,1,0,0,0,1,1,0,0,0,0,0,,0,0,0,0,1,0,1,1,0,0,0,0,0,0,0,1,,,,,,21-25,16-25,State route,U,Wednesday,Unknown,PV,Not Fatal,0,1,0,0,State Route,State Patrol,Washington State Patrol,1,1,0,0,0,thc,13,carboxy-thc,56,,0,0,0,,,,,,,,,,,98,98,98,0,,,,,20,7,,,,,,,,1,0,,,,,,
2020,260,EA51571,7,07/29/2020,21:42,29,7,,33,King,2310,1,,2,1,2,1,0,3,3,,,,24,1,0,1.1,1,0,1,3,2,1,3,0,0,0,0,SR-599,,-122.2827917,47.49504167,0,3,98,98,7,60,99,0,0,1,5,12,2,1,2,3,14,99,9,99,0,99,999,9999,0,,12,,,,,,1,1,999,9,0,,9,0,99,7,11,0,,,,,99,9,9,9,1,0,,,,96,,,,,,98,,,,,,99999,99,,999,9,9,99,99,99,99,,0,,,,,,0,,,99,0,0,0,8,9,8,,,0,,,8,8,0,0,,,0,,,0,0,996,,,,,,,,,,,,,,,,,,,,,,,,,,,,,,0,0,0,0,1,0,1,1,1,0,0,0,1,0,1,0,0,0,0,0,0,0,0,1,1,0,0,0,1,1,0,0,0,0,0,,0,0,0,0,0,0,0,0,0,0,0,0,0,0,0,0,,,,,,,,State route,U,Wednesday,,NR-U,Not Fatal,0,1,0,0,State Route,State Patrol,Washington State Patrol,1,1,0,0,0,,,,,,99,99,99,,,,,,,,,,,98,98,98,0,,,,,20,7,,,,,,,,1,0,,,,,,
2020,320,EA51645,25,07/29/2020,16:05,29,7,,33,King,0,1,,1,1,2,1,0,5,2,,,,12,0,6,5.4,1,0,1,5,1,2,4,0,0,0,0,CR-VEAZIE CUMBERLAND RD,,-121.9370278,47.27109722,0,2,98,60,4,40,4,0,0,1,5,12,1,1,2,1,12,4,1,53,0,20,37,2015,0,,12,,,,,,1,1,23,8,0,,0,0,3,0,11,0,,,,,0,0,0,1,1,0,,,,96,,,,,,0,,,,,,98003,53,71,270,1,1,0,0,0,1,,97,,,,,,0,02/15/2015,10/15/2020,20,0,0,0,8,9,8,,,0,,,8,8,0,0,,,0,,,0,0,996,,,,,,,,,,,,,,,,,,,,,,,,,,,,,,0,0,0,0,0,0,0,0,0,0,0,0,0,1,0,0,0,0,0,0,0,0,0,1,1,1,1,1,1,1,0,0,0,0,0,,0,0,0,0,0,0,0,0,0,0,0,1,0,0,0,0,,,,,,21-25,16-25,County road,R,Wednesday,Belt Used,PV,Not Fatal,0,0,0,0,County Road,County Sheriff,King County Police,0,0,1,0,0,,,,,,0,0,3,,,,,,,,,,,98,98,98,0,,,,,20,7,,,,,,,,1,0,,,VEAZIE-CUMBERLAND RD SE,5.385,,
2020,320,EA51645,25,07/29/2020,16:05,29,7,,33,King,0,1,,1,1,2,1,0,5,2,,,,12,0,6,5.4,1,0,1,5,1,2,4,0,0,0,0,CR-VEAZIE CUMBERLAND RD,,-121.9370278,47.27109722,0,1,98,10,2,40,80,0,0,1,2,12,1,1,2,1,6,1,1,53,0,34,706,2017,0,,12,,,,,,1,1,78,8,7,,4,0,20,7,11,1,08/12/2020,10:57,1.96E+11,37705,0,0,0,3,1,33,,,,96,,,,,,98,,,,,,98033,53,73,240,6,1,0,0,0,0,,0,,,,,,0,,,20,8,0,0,0,9,8,,,0,,,8,8,0,0,,,0,,,0,0,996,,,,,,,,,,,,,,,,,,,,,,,,,,,,,,0,0,0,0,0,0,0,0,0,0,0,0,0,1,0,0,0,0,0,0,0,0,0,1,1,1,1,1,1,1,0,0,0,0,1,0,0,0,0,0,0,0,0,0,0,0,0,0,0,0,0,0,,,,,,76-80,76+,County road,R,Wednesday,,MC,White,0,0,0,0,County Road,County Sheriff,King County Police,0,0,1,0,0,,,,,,0,0,0,,,,,,,,,,,0,0,0,1,,,,,19,0,,,,,,,,1,0,,,VEAZIE-CUMBERLAND RD SE,5.385,,
2020,547,EA51909,31,07/21/2020,17:56,21,7,,45,Mason,0,1,,1,1,2,1,0,1,1,18:01,18:18,18:47,42,0,0,2,1,0,1,5,1,2,4,0,0,0,0,CR-SE LYNCH RD,,-123.0569889,47.15383889,0,1,7,13,2,35,4,0,0,1,2,42,3,1,2,1,14,1,1,53,0,12,16,2011,0,,63,69,68,64,42,,1,1,82,1,7,,4,0,3,0,11,1,08/07/2020,18:42,1.96E+11,36852,0,0,3,3,1,0,,,,92,,,,,,1,,,,,,98501,53,72,210,6,1,0,1,1,0,,0,,,,,,0,05/15/2016,08/15/2019,8,0,0,0,0,5,8,,,0,,,8,0,8,95,,,96,,,8,95,995,,,,,,,,,,,,,,,,,,,,,,,,,,,,,,0,0,0,0,0,0,0,0,0,0,0,0,0,0,0,0,1,0,0,0,0,0,0,0,0,1,1,1,0,1,0,0,0,0,0,,1,0,0,0,0,0,0,0,1,0,0,0,0,0,0,0,,,,,,81+,76+,County road,R,Tuesday,Belt Used,PV,White,0,1,0,0,County Road,County Sheriff,Mason County Sheriff's Office,1,0,1,0,0,,,,,,0,0,0,,,,,,,,,,,98,98,98,1,,,,,20,7,,,,,,,,1,0,,,LYNCH RD,2,,