year,case,par,repjur,crash_dt,crash_tm,accday,accmon,holiday,county,co_char,city,weather,weather2,lightcond,surfcond,surftype,numfatal,nmforms,pforms,vforms,not_tm,arr_tm,hosp_tm,fhevent,hitrun,manncol,milepnt,reljunc,reljuncinter,intersectiontype,funcsystem,landuse,ownership,route,schlbus,spejur,contdev,devfunc,trafid1,trafid2,x,y,wk_zone,vnumber,crashtype,criticalevent,criticaleventcat,spdlim,body,trailer,emerg,hazcargo,leave,mhevent,roadalgn,roadprof,traflane,trafflow,vehmanvr,numoccs,regowner,regstate,spuse,make,model,modelyr,vrf1,vrf2,seqevent1,seqevent2,seqevent3,seqevent4,seqevent5,seqevent6,pnumber,ptype,age,sex,hispanic,race,injury,diedscene,restraint,restraintmisuse,seatpos,takehosp,death_dt,death_tm,cert,cernum_wa,commlic,licendor,licrestrict,liccomp,drivpres,drf1,drf2,drf3,drf4,distract1,distract2,distract3,distract4,distract5,distract6,dricond1,dricond2,dricond3,dricond4,dricond5,dricond6,dzip,licstate,drhgt_in,weight,noncdl,noncdltype,prevdwi,prevoth,prevacc,prevspd,prevsus,driviol1,driviol2,driviol3,driviol4,driviol5,driviol6,spdrel,first_dt,last_dt,airbag,ejection,ejectpath,extricat,injurwrk,methalc,methdrug,nmlocat,strikveh,prf1,prf2,prf3,druginv,alcinvol,drugsts,drugres1,drugres2,drugres3,drugtst1,drugtst2,drugtst3,alcsts,alctst,alcres,nmact1,nmact2,nmact3,nmact4,nmact5,nmact6,nmprior1,nmprior2,nmprior3,nmprior4,nmprior5,nmprior6,nmcond1,nmcond2,nmcond3,nmcond4,nmcond5,nmcond6,nmsafe_helmet,nmsafe_pads,nmsafe_oth,nmprev_ref,nmprev_lgt,nmprev_oth,crashlocation,nmcrashtype,crosswalk,schoolzone,sidewalk,train_inv,wildlife_inv,rotr_fars,intersect_fars,dd_inv,aid_inv,dpd_inv,id_inv,mj_inv,impnm_inv,ainm_inv,dpnm_inv,speed_inv,unlic_inv,unendmc_inv,drowsy_inv,drdist_inv,nmdist_inv,fty_inv,unrestfat_inv,dr1617_inv,dr1820_inv,dr1620_inv,dr2125_inv,dr1625_inv,dr65_inv,dr70_inv,dr75_inv,mc_inv,pv_inv,ht_inv,ped_inv,bike_inv,unrest_fat,mc_fat,unhelmet_mc,pv_fat,ht_fat,ped_fat,bike_fat,dr_alc7,dr_alc8,dr_drug,dr_imp,dr_dist,dr_spd,dr_fty,dr_unlic,dr_alc7only,dr_alc8only,dr_drugonly,dr_drink,nm_imp,nm_alc7,nm_alc8,nm_drug,nm_dist,agegrp1,agegrp2,roadclass,urbrur,dayweek,restuse,vehtype,race_me,intersect,lanedep,oppdir,wrongway,rep_typ,investag,repag_long,rotr,st_rd,cty_rd,city_rd,oth_rd,drug_thc,thc_res,drug_cthc,cthc_res,drug_cann,prevpersemin,prevperse,prevsusoth,drugtst4,drugtst5,drugtst6,drugtst7,drugtst8,drugres4,drugres5,drugres6,drugres7,drugres8,adspresent,adsengaged,adslevel,race1,race2,race3,race4,race5,helmet,helmetmisuse,nmdistract1,nmdistract2,nmdistract3,nmdistract4,nmdistract5,nmdistract6,lab,isedtcase,crf1,crf2,crf3,CoRoadName,CoMP,IntCoRoadName,IntCoMP
2020,286,EA56516,6,07/22/2020,20:40,22,7,,25,Grant,0,1,,2,1,2,1,0,2,2,,,,12,0,8,33.9,1,0,1,3,1,1,3,0,0,0,0,SR-17,,-119.1192778,46.993375,0,1,66,10,2,60,34,0,0,1,2,12,2,2,2,1,14,1,1,53,0,35,471,1993,0,,68,12,,,,,1,1,51,1,1,,4,0,3,0,11,5,08/04/2020,6:10,2.11E+11,39507,0,0,0,3,1,28,58,,,96,,,,,,98,,,,,,99344,53,66,130,6,1,0,0,0,0,,0,,,,,,0,,,20,0,0,0,0,9,8,,,0,,,8,8,8,95,,,96,,,2,95,997,,,,,,,,,,,,,,,,,,,,,,,,,,,,,,0,0,0,0,0,0,0,0,0,0,0,0,0,0,0,0,0,0,0,0,0,0,0,0,0,0,0,0,0,1,1,0,0,0,0,,1,0,0,0,0,0,0,0,0,0,0,0,0,0,0,0,,,,,,51-55,46-55,State route,R,Wednesday,Belt Used,PV,Hispanic,0,0,0,1,State Route,State Patrol,Washington State Patrol,0,1,0,0,0,,,,,,0,0,0,,,,,,,,,,,0,0,0,98,,,,,20,7,,,,,,,,1,0,,,,,,
2020,297,EA56523,6,08/04/2020,12:37,4,8,,25,Grant,0,1,,1,1,2,1,0,2,2,12:45,13:20,,12,0,2,50.7,1,0,1,3,2,1,3,0,0,0,0,SR-17,,-119.3302806,47.17406667,0,2,51,62,4,60,14,0,0,1,2,12,1,1,2,1,1,1,1,53,0,49,402,2018,0,,12,,,,,,1,1,39,1,0,,1,0,3,0,11,5,,,,,0,0,0,3,1,0,,,,96,,,,,,0,,,,,,98801,53,73,280,6,1,0,0,0,0,,0,,,,,,0,,,8,0,0,0,8,9,8,,,0,,,8,8,0,0,,,0,,,0,0,996,,,,,,,,,,,,,,,,,,,,,,,,,,,,,,0,0,0,0,0,0,0,0,0,0,0,0,0,0,0,0,1,0,0,1,0,0,0,0,0,1,1,0,0,1,0,0,0,0,0,,0,0,0,0,0,0,0,0,0,0,0,0,0,0,0,0,,,,,,36-40,36-45,State route,U,Tuesday,Belt Used,PV,Not Fatal,0,1,1,0,State Route,State Patrol,Washington State Patrol,0,1,0,0,0,,,,,,0,0,0,,,,,,,,,,,98,98,98,0,,,,,20,7,,,,,,,,1,0,,,,,,
2020,297,EA56523,6,08/04/2020,12:37,4,8,,25,Grant,0,1,,1,1,2,1,0,2,2,12:45,13:20,,12,0,2,50.7,1,0,1,3,2,1,3,0,0,0,0,SR-17,,-119.3302806,47.17406667,0,1,50,10,2,60,14,0,0,1,2,12,1,1,2,1,1,1,2,53,0,21,401,1997,0,,68,12,,,,,1,1,72,2,7,,4,0,20,7,11,5,08/18/2020,17:01,2.11E+11,38459,0,0,3,3,1,28,,,,92,,,,,,0,,,,,,98823,53,61,184,6,1,0,0,0,0,,0,,,,,,0,,,8,0,0,0,0,9,8,,,0,,,8,8,8,95,,,96,,,8,95,995,,,,,,,,,,,,,,,,,,,,,,,,,,,,,,0,0,0,0,0,0,0,0,0,0,0,0,0,0,0,0,1,0,0,1,0,0,0,0,0,1,1,0,0,1,0,0,0,1,0,,1,0,0,0,0,0,0,0,1,0,0,0,0,0,0,0,,,,,,71-75,66-75,State route,U,Tuesday,Not Used,PV,White,0,1,1,0,State Route,State Patrol,Washington State Patrol,0,1,0,0,0,,,,,,0,0,0,,,,,,,,,,,0,0,0,1,,,,,20,7,,,,,,,,1,0,,,,,,
2020,287,EA56550,40,08/17/2020,20:32,17,8,,63,Spokane,0,1,,2,1,2,1,0,2,2,20:33,20:48,21:19,12,0,1,1.9,1,0,1,6,1,2,4,0,0,0,0,CR-W RUTTER PKWY,,-117.5072639,47.77289167,0,1,24,51,3,45,6,0,0,1,2,12,1,1,2,1,1,1,2,53,0,48,45,2019,0,,12,2,,,,,1,1,23,1,0,,1,0,99,7,11,5,,,,,0,0,3,2,1,0,,,,92,,,,,,9,,,,,,99212,53,73,200,1,1,1,1,0,1,,97,,,,,,3,03/15/2018,04/15/2020,99,0,0,0,8,9,8,,,0,,,8,1,2,605,,,1,,,2,1,0.2,,,,,,,,,,,,,,,,,,,,,,,,,,,,,,0,0,0,0,1,1,1,1,1,0,0,0,1,1,0,0,1,0,0,0,0,0,0,1,1,0,0,0,0,1,0,0,0,0,0,,0,0,0,0,0,1,1,1,1,1,0,1,0,0,0,1,,,,,,21-25,16-25,County road,R,Monday,Unknown,PV,Not Fatal,0,0,0,0,County Road,County Sheriff,Spokane County Sheriff's Office,0,0,1,0,0,thc,1.1,,,,0,1,3,,,,,,,,,,,98,98,98,0,,,,,20,7,,,,,,,,1,0,,,RUTTER PARKWAY,1.889,,
2020,287,EA56550,40,08/17/2020,20:32,17,8,,63,Spokane,0,1,,2,1,2,1,0,2,2,20:33,20:48,21:19,12,0,1,1.9,1,0,1,6,1,2,4,0,0,0,0,CR-W RUTTER PKWY,,-117.5072639,47.77289167,0,2,25,53,3,45,14,0,0,1,2,2,1,1,2,1,1,1,1,53,0,2,404,2004,0,,12,2,,,,,1,1,49,2,7,,4,0,3,0,11,5,08/17/2020,22:50,2.11E+11,38385,0,0,3,3,1,0,,,,96,,,,,,0,,,,,,99218,53,67,150,6,1,0,0,0,0,,0,,,,,,0,,,99,0,0,0,0,9,8,,,0,,,8,8,2,996,996,,1,1,,2,1,0,,,,,,,,,,,,,,,,,,,,,,,,,,,,,,0,0,0,0,1,1,1,1,1,0,0,0,1,1,0,0,1,0,0,0,0,0,0,1,1,0,0,0,0,1,0,0,0,0,0,,1,0,0,0,0,0,1,1,0,0,0,0,0,0,1,0,,,,,,46-50,46-55,County road,R,Monday,Belt Used,PV,White,0,0,0,0,County Road,County Sheriff,Spokane County Sheriff's Office,0,0,1,0,0,,,,,,0,0,0,,,,,,,,,,,98,98,98,1,,,,,20,7,,,,,,,,1,0,,,RUTTER PARKWAY,1.889,,
2020,288,EA56611,5,08/05/2020,6:57,5,8,,11,Clark,2370,1,,1,1,2,1,0,3,3,,,,12,0,1,2,1,0,1,1,2,1,1,0,0,0,0,I-5,,-122.66195,45.64409444,1,1,28,52,3,60,66,0,0,1,5,12,1,1,5,3,1,1,3,95,0,85,881,2010,0,,12,,,,,,1,1,55,1,0,,0,0,3,0,11,0,,,,,99,9,9,9,1,0,,,,12,,,,,,98,,,,,,0,95,,999,9,9,99,99,99,99,,97,,,,,,0,,,20,0,0,0,8,3,8,,,0,,,8,8,2,1,,,1,,,2,1,0,,,,,,,,,,,,,,,,,,,,,,,,,,,,,,0,0,0,0,0,0,0,0,0,0,0,0,0,0,0,0,1,0,0,0,0,0,0,1,1,0,0,0,0,1,1,0,0,0,0,,0,0,0,0,0,0,0,0,1,0,0,0,0,0,0,0,,,,,,51-55,46-55,Interstate,U,Wednesday,,MHTRUCK,Not Fatal,0,0,0,0,State Route,State Patrol,Washington State Patrol,0,1,0,0,0,,,,,,99,99,99,,,,,,,,,,,98,98,98,0,,,,,20,7,,,,,,,,1,0,,,,,,
2020,288,EA56611,5,08/05/2020,6:57,5,8,,11,Clark,2370,1,,1,1,2,1,0,3,3,,,,12,0,1,2,1,0,1,1,2,1,1,0,0,0,0,I-5,,-122.66195,45.64409444,1,2,29,53,3,60,14,0,0,1,2,12,1,1,5,3,2,1,2,53,0,2,404,2019,0,,12,12,,,,,1,1,44,2,7,,4,7,3,0,11,0,08/05/2020,6:57,2.37E+11,36085,0,0,0,3,1,0,,,,96,,,,,,98,,,,,,98382,53,62,160,6,1,0,0,1,0,,0,,,,,,0,11/15/2017,11/15/2017,8,0,0,0,0,9,8,,,0,,,8,8,2,1,,,1,,,2,1,0,,,,,,,,,,,,,,,,,,,,,,,,,,,,,,0,0,0,0,0,0,0,0,0,0,0,0,0,0,0,0,1,0,0,0,0,0,0,1,1,0,0,0,0,1,1,0,0,0,0,,1,0,0,0,0,0,0,0,0,0,0,0,0,0,0,0,,,,,,41-45,36-45,Interstate,U,Wednesday,Belt Used,PV,White,0,0,0,0,State Route,State Patrol,Washington State Patrol,0,1,0,0,0,,,,,,0,0,0,,,,,,,,,,,98,98,98,1,,,,,20,7,,,,,,,,1,0,,,,,,
2020,288,EA56611,5,08/05/2020,6:57,5,8,,11,Clark,2370,1,,1,1,2,1,0,3,3,,,,12,0,1,2,1,0,1,1,2,1,1,0,0,0,0,I-5,,-122.66195,45.64409444,1,3,98,98,7,60,66,1,0,1,5,12,1,1,5,3,2,1,3,41,0,82,881,2017,0,,12,,,,,,1,1,25,1,0,,0,0,3,0,11,0,,,,,6,1,0,3,1,0,,,,96,,,,,,0,,,,,,98686,53,68,150,6,1,0,0,0,0,,0,,,,,,0,,,20,0,0,0,8,9,8,,,0,,,8,8,0,0,,,0,,,0,0,996,,,,,,,,,,,,,,,,,,,,,,,,,,,,,,0,0,0,0,0,0,0,0,0,0,0,0,0,0,0,0,1,0,0,0,0,0,0,1,1,0,0,0,0,1,1,0,0,0,0,,0,0,0,0,0,0,0,0,0,0,0,0,0,0,0,0,,,,,,21-25,16-25,Interstate,U,Wednesday,,MHTRUCK,Not Fatal,0,0,0,0,State Route,State Patrol,Washington State Patrol,0,1,0,0,0,,,,,,0,0,0,,,,,,,,,,,98,98,98,0,,,,,20,7,,,,,,,,1,0,,,,,,
2020,289,EA56853,278,08/19/2020,17:39,19,8,,63,Spokane,2110,1,,1,1,2,1,0,3,2,17:43,17:45,,1,0,0,0,3,0,4,3,2,4,6,0,0,0,0,N NEVADA ST,E WOLVERTON CT,-117.3953028,47.68516667,0,2,98,62,4,98,20,0,0,1,5,12,3,2,2,1,14,2,1,53,0,37,441,2013,0,,12,,,,,,1,1,48,2,0,,0,0,3,0,11,0,,,,,0,0,0,3,1,0,,,,96,,,,,,0,,,,,,99202,53,64,270,6,1,0,0,0,0,,0,,,,,,0,,,20,0,0,0,8,3,8,,,0,,,8,8,0,0,,,0,,,0,0,996,,,,,,,,,,,,,,,,,,,,,,,,,,,,,,0,0,0,1,0,0,1,1,1,0,0,0,0,0,0,0,0,0,0,0,0,0,0,0,0,0,0,0,1,1,0,0,0,0,0,,0,0,0,0,0,0,0,0,0,0,0,0,0,0,0,0,,,,,,46-50,46-55,City street,U,Wednesday,Belt Used,PV,Not Fatal,0,0,0,0,City Street,Municipal/City Police,Spokane Police Department,0,0,0,1,0,,,,,,0,0,0,,,,,,,,,,,98,98,98,0,,,,,20,7,,,,,,,,1,0,,,,,,
2020,289,EA56853,278,08/19/2020,17:39,19,8,,63,Spokane,2110,1,,1,1,2,1,0,3,2,17:43,17:45,,1,0,0,0,3,0,4,3,2,4,6,0,0,0,0,N NEVADA ST,E WOLVERTON CT,-117.3953028,47.68516667,0,1,98,9,1,98,80,0,0,1,2,1,2,2,2,1,14,1,1,53,0,72,706,2001,0,,1,68,12,,,,1,1,38,1,7,,4,7,20,7,11,0,08/19/2020,17:39,2.11E+11,38737,0,0,0,3,1,8,,,,96,,,,,,98,,,,,,99212,53,67,160,6,1,0,3,0,1,,0,,,,,,0,12/15/2016,10/15/2019,20,8,0,0,0,9,8,,,0,,,8,8,2,695,605,,1,1,,2,1,0,,,,,,,,,,,,,,,,,,,,,,,,,,,,,,0,0,0,1,0,0,1,1,1,0,0,0,0,0,0,0,0,0,0,0,0,0,0,0,0,0,0,0,1,1,0,0,0,0,1,1,0,0,0,0,0,0,1,1,0,0,0,0,0,0,1,0,,,,,,36-40,36-45,City street,U,Wednesday,,MC,White,0,0,0,0,City Street,Municipal/City Police,Spokane Police Department,0,0,0,1,0,thc,15,carboxy-thc,17,,0,0,1,,,,,,,,,,,0,0,0,1,,,,,16,0,,,,,,,nms,1,0,,,,,,
2020,290,EA56931,14,08/19/2020,17:19,19,8,,11,Clark,0,1,,1,1,2,1,0,2,2,17:21,17:25,,12,0,6,2.1,2,0,3,5,2,2,4,0,0,3,3,CR-NE MINNEHAHA ST,NE 47TH AVE,-122.6222972,45.66787778,0,1,98,98,7,40,21,0,0,1,2,12,1,1,2,2,98,1,2,53,0,12,461,1997,0,,12,,,,,,1,1,26,1,0,,0,0,99,7,11,0,,,,,0,0,3,2,1,39,,,,96,,,,,,9,,,,,,98662,53,63,203,1,1,1,0,1,0,,1,12,,,,,0,10/15/2015,09/15/2018,20,0,0,0,8,9,8,,,0,,,8,1,2,1,,,1,,,2,1,0.2,,,,,,,,,,,,,,,,,,,,,,,,,,,,,,0,0,0,1,1,1,1,1,1,0,0,0,0,1,1,0,0,0,0,0,0,0,0,0,0,0,0,0,1,1,0,0,0,0,0,,0,0,0,0,0,1,0,1,0,0,0,1,0,1,0,1,,,,,,26-30,26-35,County road,U,Wednesday,Unknown,PV,Not Fatal,1,0,0,0,County Road,County Sheriff,Clark County Sheriff's Office,0,0,1,0,0,,,,,,0,1,8,,,,,,,,,,,0,0,0,0,,,,,20,7,,,,,,,,1,0,,,NE MINNEHAHA ST,2.09,NE 47TH AVE,0
2020,290,EA56931,14,08/19/2020,17:19,19,8,,11,Clark,0,1,,1,1,2,1,0,2,2,17:21,17:25,,12,0,6,2.1,2,0,3,5,2,2,4,0,0,3,3,CR-NE MINNEHAHA ST,NE 47TH AVE,-122.6222972,45.66787778,0,2,98,98,7,40,80,0,0,1,2,12,1,1,2,2,1,1,1,53,0,73,704,2020,0,,12,,,,,,1,1,59,1,7,,4,7,20,7,11,0,08/19/2020,17:19,53039304,39304,0,0,3,2,1,0,,,,96,,,,,,0,,,,,,98665,53,72,185,6,1,0,0,0,0,,0,,,,,,0,,,20,8,0,0,0,9,8,,,0,,,8,8,2,695,605,996,1,1,1,2,1,0,,,,,,,,,,,,,,,,,,,,,,,,,,,,,,0,0,0,1,1,1,1,1,1,0,0,0,0,1,1,0,0,0,0,0,0,0,0,0,0,0,0,0,1,1,0,0,0,0,1,0,0,0,0,0,0,0,1,1,0,0,0,0,0,0,1,0,,,,,,56-60,56-65,County road,U,Wednesday,,MC,White,1,0,0,0,County Road,County Sheriff,Clark County Sheriff's Office,0,0,1,0,0,thc,2,carboxy-thc,18,,0,0,0,,,,,,,,,,,0,0,0,1,,,,,5,0,,,,,,,nms,1,0,,,NE MINNEHAHA ST,2.09,NE 47TH AVE,0
2020,291,EA56983,3,08/14/2020,20:35,14,8,,53,Pierce,800,1,,1,1,2,1,0,1,1,20:35,20:42,,57,0,0,12.4,1,0,1,3,2,1,3,0,0,0,0,SR-16,,-122.6123278,47.35324444,0,1,7,8,1,60,10,0,0,1,2,57,1,1,2,3,6,1,1,53,0,20,38,2005,0,,64,57,,,,,1,1,53,1,7,,4,7,3,0,11,0,08/14/2020,20:35,80053038166,38166,0,0,0,3,1,33,,,,96,,,,,,9,,,,,,98335,53,74,235,6,1,0,0,0,0,,0,,,,,,4,,,20,0,0,0,0,1,8,,,0,,,9,1,2,996,402,695,1,1,1,2,1,0.26,,,,,,,,,,,,,,,,,,,,,,,,,,,,,,0,0,0,0,1,1,1,1,1,0,0,0,1,0,0,0,0,0,0,0,0,0,0,0,0,0,0,0,0,1,0,0,0,0,0,,1,0,0,0,0,1,1,1,0,1,0,0,0,0,0,1,,,,,,51-55,46-55,State route,U,Friday,Belt Used,PV,White,0,1,0,0,State Route,State Patrol,Washington State Patrol,1,1,0,0,0,thc,2.4,carboxy-thc,5.7,,0,0,0,1,,,,,605,,,,,98,98,98,1,,,,,20,7,,,,,,,nms,1,0,,,,,,
2020,292,EA57119,290,08/20/2020,23:38,20,8,,53,Pierce,2230,2,,3,2,2,2,0,3,3,,,,43,0,0,0,3,0,5,7,2,4,6,0,0,0,0,S PARK AVE,S 88th St,-122.4419778,47.17738056,0,1,14,14,2,25,4,0,0,1,2,43,1,1,2,2,1,2,2,53,0,22,2,2003,0,,71,43,63,14,14,,1,1,47,1,1,,4,7,20,7,11,0,08/20/2020,23:38,2.23E+11,39184,0,0,3,2,1,0,,,,96,,,,,,98,,,,,,98444,53,64,140,1,1,0,0,0,1,,0,,,,,,3,04/15/2017,04/15/2017,1,0,0,0,0,9,8,,,0,,,8,8,2,996,,,1,,,2,1,0.186,,,,,,,,,,,,,,,,,,,,,,,,,,,,,,0,0,0,1,1,1,1,1,0,0,0,0,1,1,0,0,0,0,0,1,0,0,0,0,0,0,0,0,0,1,0,0,0,1,0,,1,0,0,0,0,1,1,1,0,1,0,1,0,0,0,1,,,,,,46-50,46-55,City street,U,Thursday,Not Used,PV,Hispanic,1,0,0,0,City Street,Municipal/City Police,Tacoma Police Department,0,0,0,1,0,,,,,,0,0,1,,,,,,,,,,,98,98,98,98,,,,,20,7,,,,,,,,1,0,,,,,,
2020,293,EA57711,229,07/30/2020,17:00,30,7,,21,Franklin,1660,1,,1,1,2,1,1,1,1,16:59,17:05,17:25,9,0,0,0,2,0,2,7,2,4,6,0,0,0,0,W OCTAVE ST,N 8th Ave,-119.1006056,46.23848056,0,1,13,83,5,25,4,0,0,1,5,9,1,1,2,1,1,1,1,53,0,35,47,2011,0,,9,,,,,,1,1,25,1,0,,0,0,3,0,11,0,,,,,0,0,0,3,1,0,,,,96,,,,,,0,,,,,,99301,53,68,160,6,1,0,1,0,2,,76,,,,,,0,05/15/2016,03/15/2020,20,0,0,0,8,9,8,,,0,,,8,8,8,95,,,96,,,8,95,995,,,,,,,,,,,,,,,,,,,,,,,,,,,,,,0,0,0,1,0,0,0,0,0,1,0,1,0,0,0,0,0,0,0,0,0,0,0,1,1,0,0,0,0,1,0,0,1,0,0,,0,0,0,0,0,0,0,0,0,0,0,0,0,0,0,0,,,,,,21-25,16-25,City street,U,Thursday,Belt Used,PV,Not Fatal,1,0,0,0,City Street,Municipal/City Police,Pasco Police Department,0,0,0,1,0,,,,,,0,0,0,,,,,,,,,,,98,98,98,0,,,,,20,7,,,,,,,,1,0,,,,,,
2020,298,EA57921,1,08/20/2020,8:52,20,8,,39,Klickitat,0,1,,1,1,2,1,0,1,1,8:51,8:56,,1,0,0,14.5,1,0,1,3,1,1,2,0,0,0,0,US-97,,-120.7930306,45.84741944,0,1,2,13,2,60,61,0,0,1,2,1,3,2,2,1,14,1,2,6,0,12,881,1999,0,,63,1,,,,,1,1,26,1,7,,4,7,20,7,11,0,08/20/2020,8:52,53039031,39031,0,0,0,3,1,0,,,,92,,,,,,98,,,,,,97739,41,77,270,6,1,0,0,0,0,,0,,,,,,0,,,1,1,9,0,0,9,8,,,0,,,8,8,2,1,,,1,,,2,1,0,,,,,,,,,,,,,,,,,,,,,,,,,,,,,,0,0,0,0,0,0,0,0,0,0,0,0,0,0,0,0,1,0,0,0,0,0,0,0,0,0,0,0,0,0,1,0,0,0,0,,0,1,0,0,0,0,0,0,1,0,0,0,0,0,0,0,,,,,,26-30,26-35,US highway,R,Thursday,,MHTRUCK,White,0,1,0,0,State Route,State Patrol,Washington State Patrol,1,1,0,0,0,,,,,,0,0,0,,,,,,,,,,,0,0,0,1,,,,,20,7,,,,,,,,1,0,,,,,,
2020,299,EA58109,40,07/24/2020,19:27,24,7,,63,Spokane,0,1,,1,1,2,1,0,2,2,,,,12,0,6,3.5,1,0,1,5,1,2,4,0,0,0,0,CR-E ELDER RD,,-117.0832944,47.50713056,0,1,66,13,2,45,4,0,0,1,2,12,1,1,2,1,1,1,2,53,0,20,16,2002,0,,63,69,68,12,,,1,1,48,1,7,,4,7,3,0,11,0,07/24/2020,19:27,53034637,34637,0,0,0,3,1,58,,,,96,,,,,,98,,,,,,99208,53,72,215,6,1,0,0,0,0,,0,,,,,,0,,,20,0,0,0,0,9,8,,,0,,,8,8,2,996,155,,1,1,,2,1,0.227,,,,,,,,,,,,,,,,,,,,,,,,,,,,,,0,0,0,0,1,1,1,1,0,0,0,0,0,0,0,0,0,0,0,0,0,0,0,0,0,0,0,0,0,1,0,0,0,0,0,,1,0,0,0,0,1,1,1,0,0,0,0,0,0,0,1,,,,,,46-50,46-55,County road,R,Friday,Belt Used,PV,White,0,1,1,0,County Road,County Sheriff,Spokane County Sheriff's Office,0,0,1,0,0,,,,,,0,0,0,,,,,,,,,,,98,98,98,1,,,,,20,7,,,,,,,,1,0,,,ELDER RD,3.45,,
2020,299,EA58109,40,07/24/2020,19:27,24,7,,63,Spokane,0,1,,1,1,2,1,0,2,2,,,,12,0,6,3.5,1,0,1,5,1,2,4,0,0,0,0,CR-E ELDER RD,,-117.0832944,47.50713056,0,2,66,62,4,98,34,0,0,1,2,12,1,1,2,1,1,1,2,53,0,23,481,2015,0,,12,,,,,,1,1,60,2,0,,2,0,3,0,11,0,,,,,0,0,0,3,1,0,,,,96,,,,,,0,,,,,,99224,53,70,125,6,1,0,0,0,0,,0,,,,,,0,,,8,0,0,0,8,3,8,,,0,,,8,8,0,0,,,0,,,0,0,996,,,,,,,,,,,,,,,,,,,,,,,,,,,,,,0,0,0,0,1,1,1,1,0,0,0,0,0,0,0,0,0,0,0,0,0,0,0,0,0,0,0,0,0,1,0,0,0,0,0,,0,0,0,0,0,0,0,0,0,0,0,0,0,0,0,0,,,,,,56-60,56-65,County road,R,Friday,Belt Used,PV,Not Fatal,0,1,1,0,County Road,County Sheriff,Spokane County Sheriff's Office,0,0,1,0,0,,,,,,0,0,0,,,,,,,,,,,98,98,98,0,,,,,20,7,,,,,,,,1,0,,,ELDER RD,3.45,,
2020,300,EA58152,3,08/12/2020,12:38,12,8,,53,Pierce,0,1,,1,1,2,2,0,3,2,12:46,12:52,,12,0,6,48.5,2,0,2,3,2,1,3,0,0,0,0,SR-7,174TH ST S,-122.4348917,47.09929444,0,2,89,66,4,40,34,0,0,1,2,12,1,1,5,5,1,1,3,53,0,12,481,2018,0,,12,63,1,42,,,1,1,58,1,7,,4,7,3,0,11,0,08/12/2020,12:38,53037484,37484,0,0,0,3,1,0,,,,96,,,,,,0,,,,,,98371,53,74,210,6,1,0,1,0,1,,0,,,,,,0,05/15/2017,03/15/2019,8,0,0,0,0,9,8,,,0,,,8,8,2,1,,,1,,,2,1,0.052,,,,,,,,,,,,,,,,,,,,,,,,,,,,,,0,0,0,1,1,0,0,0,0,0,0,0,1,0,0,0,0,0,0,0,1,0,1,0,1,0,0,0,0,1,0,0,0,0,0,,1,0,0,0,1,0,0,0,0,0,0,0,1,0,0,1,,,,,,56-60,56-65,State route,U,Wednesday,Belt Used,PV,White,1,0,0,0,State Route,State Patrol,Washington State Patrol,0,1,0,0,0,,,,,,0,0,0,,,,,,,,,,,98,98,98,1,,,,,20,7,,,,,,,,1,0,,,,,,
2020,300,EA58152,3,08/12/2020,12:38,12,8,,53,Pierce,0,1,,1,1,2,2,0,3,2,12:46,12:52,,12,0,6,48.5,2,0,2,3,2,1,3,0,0,20,3,SR-7,174TH ST S,-122.4348917,47.09929444,0,1,88,17,2,35,3,0,0,1,2,12,1,1,2,1,1,2,2,53,0,54,38,2006,0,,12,63,1,43,,,1,1,17,1,0,,3,0,3,0,11,0,,,,,0,0,3,3,1,8,39,,,96,,,,,,98,,,,,,98404,53,72,148,6,2,0,0,0,0,,2,,,,,,2,,,20,0,0,0,8,9,8,,,0,,,8,8,0,0,,,0,,,0,0,996,,,,,,,,,,,,,,,,,,,,,,,,,,,,,,0,0,0,1,1,0,0,0,0,0,0,0,1,0,0,0,0,0,0,0,1,0,1,0,1,0,0,0,0,1,0,0,0,0,0,,0,0,0,0,0,0,0,0,0,1,0,0,0,0,0,0,,,,,,16-17,16-25,State route,U,Wednesday,Belt Used,PV,Not Fatal,1,0,0,0,State Route,State Patrol,Washington State Patrol,0,1,0,0,0,,,,,,0,0,0,,,,,,,,,,,98,98,98,0,,,,,20,7,,,,,,,,1,0,,,,,,
2020,301,EA58658,146,08/20/2020,8:18,20,8,,77,Yakima,0,10,,1,1,2,2,0,3,2,8:21,8:36,9:18,12,0,6,2,2,0,2,5,1,2,4,0,3,0,0,CR-HARRAH RD,EVANS RD,-120.5440056,46.43348056,0,2,89,66,4,50,63,0,0,1,5,12,1,2,2,1,1,1,3,53,0,12,881,1995,0,,12,2,63,24,,,1,1,41,1,0,,3,0,3,0,11,5,,,,,0,0,0,2,1,0,,,,96,,,,,,0,,,,,,98908,53,70,190,6,1,0,0,0,0,,0,,,,,,0,,,20,0,0,0,8,9,8,,,0,,,8,8,0,0,,,0,,,0,0,996,,,,,,,,,,,,,,,,,,,,,,,,,,,,,,0,0,0,1,1,1,1,1,1,0,0,0,0,1,0,0,0,0,1,0,0,0,0,1,1,0,0,0,0,1,1,0,0,0,0,,0,0,0,0,0,0,0,0,0,0,0,0,0,0,0,0,,,,,,41-45,36-45,County road,R,Thursday,,MHTRUCK,Not Fatal,1,0,0,0,County Road,County Sheriff,Yakima County Sheriff's Office,0,0,1,0,0,,,,,,0,0,0,,,,,,,,,,,0,0,0,0,,,,,20,7,,,,,,,,1,0,,,HARRAH RD.,2,EVANS RD.,2.01