year,case,par,repjur,crash_dt,crash_tm,accday,accmon,holiday,county,co_char,city,weather,weather2,lightcond,surfcond,surftype,numfatal,nmforms,pforms,vforms,not_tm,arr_tm,hosp_tm,fhevent,hitrun,manncol,milepnt,reljunc,reljuncinter,intersectiontype,funcsystem,landuse,ownership,route,schlbus,spejur,contdev,devfunc,trafid1,trafid2,x,y,wk_zone,vnumber,crashtype,criticalevent,criticaleventcat,spdlim,body,trailer,emerg,hazcargo,leave,mhevent,roadalgn,roadprof,traflane,trafflow,vehmanvr,numoccs,regowner,regstate,spuse,make,model,modelyr,vrf1,vrf2,seqevent1,seqevent2,seqevent3,seqevent4,seqevent5,seqevent6,pnumber,ptype,age,sex,hispanic,race,injury,diedscene,restraint,restraintmisuse,seatpos,takehosp,death_dt,death_tm,cert,cernum_wa,commlic,licendor,licrestrict,liccomp,drivpres,drf1,drf2,drf3,drf4,distract1,distract2,distract3,distract4,distract5,distract6,dricond1,dricond2,dricond3,dricond4,dricond5,dricond6,dzip,licstate,drhgt_in,weight,noncdl,noncdltype,prevdwi,prevoth,prevacc,prevspd,prevsus,driviol1,driviol2,driviol3,driviol4,driviol5,driviol6,spdrel,first_dt,last_dt,airbag,ejection,ejectpath,extricat,injurwrk,methalc,methdrug,nmlocat,strikveh,prf1,prf2,prf3,druginv,alcinvol,drugsts,drugres1,drugres2,drugres3,drugtst1,drugtst2,drugtst3,alcsts,alctst,alcres,nmact1,nmact2,nmact3,nmact4,nmact5,nmact6,nmprior1,nmprior2,nmprior3,nmprior4,nmprior5,nmprior6,nmcond1,nmcond2,nmcond3,nmcond4,nmcond5,nmcond6,nmsafe_helmet,nmsafe_pads,nmsafe_oth,nmprev_ref,nmprev_lgt,nmprev_oth,crashlocation,nmcrashtype,crosswalk,schoolzone,sidewalk,train_inv,wildlife_inv,rotr_fars,intersect_fars,dd_inv,aid_inv,dpd_inv,id_inv,mj_inv,impnm_inv,ainm_inv,dpnm_inv,speed_inv,unlic_inv,unendmc_inv,drowsy_inv,drdist_inv,nmdist_inv,fty_inv,unrestfat_inv,dr1617_inv,dr1820_inv,dr1620_inv,dr2125_inv,dr1625_inv,dr65_inv,dr70_inv,dr75_inv,mc_inv,pv_inv,ht_inv,ped_inv,bike_inv,unrest_fat,mc_fat,unhelmet_mc,pv_fat,ht_fat,ped_fat,bike_fat,dr_alc7,dr_alc8,dr_drug,dr_imp,dr_dist,dr_spd,dr_fty,dr_unlic,dr_alc7only,dr_alc8only,dr_drugonly,dr_drink,nm_imp,nm_alc7,nm_alc8,nm_drug,nm_dist,agegrp1,agegrp2,roadclass,urbrur,dayweek,restuse,vehtype,race_me,intersect,lanedep,oppdir,wrongway,rep_typ,investag,repag_long,rotr,st_rd,cty_rd,city_rd,oth_rd,drug_thc,thc_res,drug_cthc,cthc_res,drug_cann,prevpersemin,prevperse,prevsusoth,drugtst4,drugtst5,drugtst6,drugtst7,drugtst8,drugres4,drugres5,drugres6,drugres7,drugres8,adspresent,adsengaged,adslevel,race1,race2,race3,race4,race5,helmet,helmetmisuse,nmdistract1,nmdistract2,nmdistract3,nmdistract4,nmdistract5,nmdistract6,lab,isedtcase,crf1,crf2,crf3,CoRoadName,CoMP,IntCoRoadName,IntCoMP
2020,301,EA58658,146,08/20/2020,8:18,20,8,,77,Yakima,0,10,,1,1,2,2,0,3,2,8:21,8:36,9:18,12,0,6,2,2,0,2,5,1,2,4,0,3,20,3,CR-HARRAH RD,EVANS RD,-120.5440056,46.43348056,0,1,88,17,2,50,14,0,0,1,2,12,1,2,2,1,1,2,2,53,0,12,402,2005,0,,12,2,79,24,,,1,1,23,1,7,,4,7,99,7,11,0,08/20/2020,8:18,53038763,38763,0,0,0,2,1,38,,,,96,,,,,,98,,,,,,98951,53,72,180,1,1,0,0,0,1,,0,,,,,,0,07/15/2016,11/15/2017,99,0,0,0,0,9,8,,,0,,,8,8,2,402,695,605,1,1,1,2,1,0.222,,,,,,,,,,,,,,,,,,,,,,,,,,,,,,0,0,0,1,1,1,1,1,1,0,0,0,0,1,0,0,0,0,1,0,0,0,0,1,1,0,0,0,0,1,1,0,0,0,0,,1,0,0,0,0,1,1,1,0,0,1,1,0,0,0,1,,,,,,21-25,16-25,County road,R,Thursday,Unknown,PV,AIAN,1,0,0,0,County Road,County Sheriff,Yakima County Sheriff's Office,0,0,1,0,0,thc,1.9,carboxy-thc,8.6,,0,0,1,,,,,,,,,,,98,98,98,3,,,,,20,7,,,,,,,nms,1,0,,,HARRAH RD.,2,EVANS RD.,2.01
2020,321,EA58729,5,08/26/2020,13:45,26,8,,41,Lewis,0,1,,1,1,2,1,0,2,2,13:49,13:53,14:15,12,0,2,50.2,1,0,1,4,1,1,3,0,0,0,0,SR-6,,-122.9992306,46.65261944,0,1,50,10,2,55,4,0,0,1,2,12,1,1,2,1,1,1,2,53,0,34,34,2006,0,,68,12,,,,,1,1,21,1,0,,3,0,3,0,11,5,,,,,0,0,0,0,1,28,,,,6,,,,,,9,,,,,,98532,53,69,230,0,0,0,0,0,0,,0,,,,,,0,,,8,0,0,0,8,9,8,,,0,,,1,0,2,695,605,,1,1,,2,1,0,,,,,,,,,,,,,,,,,,,,,,,,,,,,,,0,0,0,0,0,0,1,1,1,0,0,0,0,1,0,0,1,0,0,0,0,0,0,1,1,0,0,0,0,1,0,0,0,0,0,,0,0,0,0,0,0,1,1,1,0,0,1,0,0,1,0,,,,,,21-25,16-25,State route,R,Wednesday,Belt Used,PV,Not Fatal,0,1,1,0,State Route,State Patrol,Washington State Patrol,0,1,0,0,0,thc,4.9,carboxy-thc,21,,0,0,0,,,,,,,,,,,98,98,98,0,,,,,20,7,,,,,,,,1,0,,,,,,
2020,321,EA58729,5,08/26/2020,13:45,26,8,,41,Lewis,0,1,,1,1,2,1,0,2,2,13:49,13:53,14:15,12,0,2,50.2,1,0,1,4,1,1,3,0,0,0,0,SR-6,,-122.9992306,46.65261944,0,2,51,62,4,55,1,0,0,1,2,12,1,1,2,1,1,1,1,53,0,69,54,2006,0,,12,,,,,,1,1,42,2,7,,4,7,3,0,11,0,08/26/2020,13:45,53039814,39814,0,0,0,3,1,0,,,,96,,,,,,98,,,,,,98532,53,67,150,6,1,0,0,0,1,,0,,,,,,0,12/15/2017,12/15/2017,1,0,0,0,0,9,8,,,0,,,8,8,2,124,996,996,1,1,1,2,1,0,,,,,,,,,,,,,,,,,,,,,,,,,,,,,,0,0,0,0,0,0,1,1,1,0,0,0,0,1,0,0,1,0,0,0,0,0,0,1,1,0,0,0,0,1,0,0,0,0,0,,1,0,0,0,0,0,1,1,0,0,0,0,0,0,1,0,,,,,,41-45,36-45,State route,R,Wednesday,Belt Used,PV,White,0,1,1,0,State Route,State Patrol,Washington State Patrol,0,1,0,0,0,,,,,,0,0,0,1,,,,,996,,,,,98,98,98,1,,,,,20,7,,,,,,,,1,0,,,,,,
2020,302,EA58732,55,08/21/2020,5:13,21,8,,33,King,100,10,,3,1,2,1,1,1,1,,,,8,1,0,0,1,0,1,4,2,4,6,0,0,0,0,C ST SW,,-122.2309861,47.27655833,0,1,13,80,5,45,99,0,0,1,5,8,1,1,4,1,1,99,9,99,0,99,999,9999,0,,8,,,,,,1,1,998,8,0,,9,0,99,7,11,0,,,,,99,0,9,9,1,0,,,,92,,,,,,98,,,,,,99999,99,,999,9,9,99,99,99,99,,99,,,,,,0,,,99,0,0,0,8,9,8,,,0,,,8,8,0,0,,,0,,,0,0,996,,,,,,,,,,,,,,,,,,,,,,,,,,,,,,0,0,0,0,0,0,0,0,0,0,0,0,0,0,0,0,1,0,0,0,0,0,0,0,0,0,0,0,0,0,0,1,0,0,0,,0,0,0,0,0,0,0,0,1,0,0,0,0,0,0,0,,,,,,,,City street,U,Friday,,NR-U,Not Fatal,0,0,0,0,City Street,Municipal/City Police,Auburn Police Department,0,0,0,1,0,,,,,,99,99,99,,,,,,,,,,,98,98,98,0,,,,,20,7,,,,,,,,1,0,,,,,,
2020,303,EA58808,39,08/08/2020,0:38,8,8,,61,Snohomish,0,1,,2,1,2,1,1,1,1,0:40,0:46,1:18,8,1,0,0.2,1,0,1,3,1,2,4,0,0,0,0,CR-110TH ST SE,,-122.1901444,47.89827778,0,1,98,13,2,25,99,0,0,1,5,8,2,2,2,1,14,99,9,99,0,99,999,9999,0,,63,8,,,,,1,1,999,9,0,,9,0,99,7,11,0,,,,,99,9,9,9,1,0,,,,96,,,,,,98,,,,,,99999,99,,999,9,9,99,99,99,99,,97,,,,,,0,,,99,0,0,0,8,9,8,,,0,,,8,8,0,0,,,0,,,0,0,996,,,,,,,,,,,,,,,,,,,,,,,,,,,,,,0,0,0,0,0,0,0,0,0,1,0,1,0,0,0,0,0,1,0,0,0,0,0,0,0,0,0,0,0,0,0,1,0,0,0,,0,0,0,0,0,0,0,0,0,0,0,0,0,0,0,0,,,,,,,,County road,R,Saturday,,NR-U,Not Fatal,0,0,0,0,County Road,County Sheriff,Snohomish County Sheriff's Office,0,0,1,0,0,,,,,,99,99,99,,,,,,,,,,,98,98,98,0,,,,,20,7,,,,,,,,1,0,,,110TH ST SE,0.232,,
2020,304,EA58989,146,07/26/2020,11:33,26,7,,77,Yakima,0,1,,1,1,2,1,0,6,2,11:40,11:49,12:23,12,0,6,5.1,2,0,2,5,1,2,4,0,0,20,3,CR-SCOON RD,INDEPENDENCE RD,-120.0199917,46.37454444,0,1,89,17,2,50,34,0,0,1,2,12,1,1,2,1,1,4,0,53,0,20,481,2020,0,,12,,,,,,1,1,35,1,1,,4,7,20,7,11,0,07/26/2020,11:33,53034558,34558,0,0,0,3,1,38,39,,,96,,,,,,98,,,,,,98031,53,68,200,6,1,0,1,0,1,,0,,,,,,0,07/15/2018,02/15/2019,8,0,0,0,0,9,8,,,0,,,8,8,2,1,,,1,,,2,1,0,,,,,,,,,,,,,,,,,,,,,,,,,,,,,,0,0,0,1,0,0,0,0,0,0,0,0,0,0,0,0,0,0,1,1,0,0,0,0,0,0,0,0,0,1,0,0,0,1,0,,1,0,0,0,0,0,0,0,0,0,1,0,0,0,0,0,,,,,,31-35,26-35,County road,R,Sunday,Not Used,PV,Hispanic,1,0,0,0,County Road,County Sheriff,Yakima County Sheriff's Office,0,0,1,0,0,,,,,,0,0,0,,,,,,,,,,,98,98,98,98,,,,,20,7,,,,,,,,1,0,,,INDEPENDENCE RD.,5.07,SCOON RD.,3.03
2020,304,EA58989,146,07/26/2020,11:33,26,7,,77,Yakima,0,1,,1,1,2,1,0,6,2,11:40,11:49,12:23,12,0,6,5.1,2,0,2,5,1,2,4,0,0,0,0,CR-SCOON RD,INDEPENDENCE RD,-120.0199917,46.37454444,0,2,88,66,4,50,34,0,0,1,5,12,1,1,2,1,1,2,3,53,0,12,481,2000,0,,12,,,,,,1,1,50,1,0,,1,0,99,7,11,0,,,,,0,0,0,3,1,0,,,,96,,,,,,0,,,,,,98944,53,66,150,6,1,0,0,1,0,,0,,,,,,0,10/15/2018,10/15/2018,1,0,0,0,8,9,8,,,0,,,8,8,0,0,,,0,,,0,0,996,,,,,,,,,,,,,,,,,,,,,,,,,,,,,,0,0,0,1,0,0,0,0,0,0,0,0,0,0,0,0,0,0,1,1,0,0,0,0,0,0,0,0,0,1,0,0,0,0,0,,0,0,0,0,0,0,0,0,0,0,0,0,0,0,0,0,,,,,,46-50,46-55,County road,R,Sunday,Unknown,PV,Not Fatal,1,0,0,0,County Road,County Sheriff,Yakima County Sheriff's Office,0,0,1,0,0,,,,,,0,0,0,,,,,,,,,,,98,98,98,0,,,,,20,7,,,,,,,,1,0,,,INDEPENDENCE RD.,5.07,SCOON RD.,3.03
2020,305,EA59057,223,08/20/2020,13:58,20,8,,47,Okanogan,1600,10,,1,1,2,1,0,2,2,,,,12,0,2,6.1,1,0,1,4,2,1,3,0,0,0,0,SR-215,,-119.5125667,48.41680556,0,1,50,10,2,35,20,0,0,1,2,12,1,1,3,5,1,1,3,53,0,37,441,2001,0,,68,12,,,,,1,1,55,1,7,,4,0,20,7,11,4,08/20/2020,15:02,1.60E+11,39202,0,0,0,3,1,28,,,,92,,,,,,98,,,,,,98841,53,70,225,6,1,0,0,0,1,,0,,,,,,0,04/15/2018,04/15/2018,8,0,0,0,0,9,8,,,0,,,8,8,2,1,,,1,,,2,1,0,,,,,,,,,,,,,,,,,,,,,,,,,,,,,,0,0,0,0,0,0,0,0,0,0,0,0,0,0,0,0,1,0,0,1,0,0,0,0,0,0,0,0,0,1,1,0,0,1,0,,1,0,0,0,0,0,0,0,1,0,0,0,0,0,0,0,,,,,,51-55,46-55,State route,U,Thursday,Not Used,PV,AIAN,0,1,1,0,State Route,Municipal/City Police,Omak Police Department,0,1,0,0,0,,,,,,0,0,0,,,,,,,,,,,98,98,98,3,,,,,20,7,,,,,,,,1,0,,,,,,
2020,305,EA59057,223,08/20/2020,13:58,20,8,,47,Okanogan,1600,10,,1,1,2,1,0,2,2,,,,12,0,2,6.1,1,0,1,4,2,1,3,0,0,0,0,SR-215,,-119.5125667,48.41680556,0,2,51,62,4,35,66,0,0,1,5,12,1,1,3,5,1,1,3,53,0,87,881,1990,0,,12,,,,,,1,1,37,1,0,,0,0,3,0,11,0,,,,,6,3,0,3,1,0,,,,96,,,,,,0,,,,,,98841,53,76,220,6,1,0,4,0,0,,0,,,,,,0,04/15/2015,09/15/2019,20,0,0,0,8,9,8,,,0,,,8,8,8,95,,,96,,,8,95,995,,,,,,,,,,,,,,,,,,,,,,,,,,,,,,0,0,0,0,0,0,0,0,0,0,0,0,0,0,0,0,1,0,0,1,0,0,0,0,0,0,0,0,0,1,1,0,0,0,0,,0,0,0,0,0,0,0,0,0,0,0,0,0,0,0,0,,,,,,36-40,36-45,State route,U,Thursday,,MHTRUCK,Not Fatal,0,1,1,0,State Route,Municipal/City Police,Omak Police Department,0,1,0,0,0,,,,,,0,0,0,,,,,,,,,,,0,0,0,0,,,,,20,7,,,,,,,,1,0,,,,,,
2020,306,EA59118,3,08/24/2020,5:45,24,8,,67,Thurston,1102,1,,4,1,2,1,1,4,1,,,,8,0,0,111.8,1,0,1,1,2,1,1,0,0,0,0,I-5,,-122.7694167,47.06275556,0,1,13,80,5,60,34,0,0,1,5,8,1,1,3,3,1,4,1,53,0,20,481,2015,0,,8,,,,,,1,1,32,1,0,,0,0,3,0,11,0,,,,,0,0,0,3,1,0,,,,96,,,,,,0,,,,,,98258,53,73,175,6,1,0,0,0,0,,0,,,,,,0,,,20,0,0,0,8,3,8,,,0,,,8,8,0,0,,,0,,,0,0,996,,,,,,,,,,,,,,,,,,,,,,,,,,,,,,0,0,0,0,0,0,0,0,0,0,0,0,0,0,0,0,0,0,0,0,0,0,0,0,0,0,0,0,0,1,0,1,0,0,0,,0,0,0,0,0,0,0,0,0,0,0,0,0,0,0,0,,,,,,31-35,26-35,Interstate,U,Monday,Belt Used,PV,Not Fatal,0,0,0,0,State Route,State Patrol,Washington State Patrol,0,1,0,0,0,,,,,,0,0,0,,,,,,,,,,,98,98,98,0,,,,,20,7,,,,,,,,1,0,,,,,,
2020,307,EA59208,1,08/24/2020,17:41,24,8,,5,Benton,0,1,,1,1,2,1,0,1,1,,,,31,0,0,5.5,1,0,1,5,1,1,3,0,0,0,0,SR-225,,-119.4934194,46.32340278,0,1,1,13,2,50,80,0,0,1,2,31,1,1,2,1,1,1,1,26,0,98,706,2016,0,,63,31,,,,,1,1,40,1,7,,4,7,20,7,11,0,08/24/2020,17:41,53039803,39803,0,0,0,3,1,0,,,,96,,,,,,98,,,,,,49408,26,71,180,6,1,0,0,0,0,,0,,,,,,3,,,20,8,0,0,0,9,8,,,0,,,8,8,2,996,,,1,,,2,1,0.187,,,,,,,,,,,,,,,,,,,,,,,,,,,,,,0,0,1,0,1,1,1,1,0,0,0,0,1,0,0,0,0,0,0,0,0,0,0,0,0,0,0,0,1,0,0,0,0,0,1,0,0,0,0,0,0,1,1,1,0,1,0,0,0,0,0,1,,,,,,36-40,36-45,State route,R,Monday,,MC,White,0,1,0,0,State Route,State Patrol,Washington State Patrol,1,1,0,0,0,,,,,,0,0,0,,,,,,,,,,,0,0,0,1,,,,,5,0,,,,,,,,1,0,,,,,,
2020,548,EA59236,278,08/28/2020,16:06,28,8,,63,Spokane,2110,1,,1,1,2,1,1,1,1,16:07,16:11,16:30,15,0,0,0,8,0,1,3,2,4,6,0,0,0,0,W 3RD AVE,,-117.4267556,47.65349444,0,1,13,83,5,98,14,0,0,1,5,15,1,1,3,4,11,1,3,53,0,59,403,2017,0,,15,,,,,,1,1,19,1,0,,0,0,3,0,11,0,,,,,0,0,3,3,1,0,,,,96,,,,,,0,,,,,,99205,53,72,170,6,2,0,0,0,0,,0,,,,,,0,,,20,0,0,0,8,3,2,,,0,,,8,0,0,0,,,0,,,2,95,0,,,,,,,,,,,,,,,,,,,,,,,,,,,,,,0,0,0,0,0,0,0,0,0,1,0,1,0,0,0,0,0,0,0,0,0,1,1,0,1,0,0,0,0,1,0,1,0,0,0,,0,0,0,0,0,0,0,0,0,0,0,0,0,0,0,0,,,,,,18-20,16-25,City street,U,Friday,Belt Used,PV,Not Fatal,0,0,0,0,City Street,Municipal/City Police,Spokane Police Department,0,0,0,1,0,,,,,,0,0,0,,,,,,,,,,,98,98,98,0,,,,,20,7,,,,,,,,1,0,,,,,,
2020,314,EA59310,278,08/28/2020,0:18,28,8,,63,Spokane,2110,1,,2,1,2,1,0,1,1,,,,1,0,0,0,1,0,1,5,2,4,6,0,0,0,0,N AUBREY L WHITE PKWY,,-117.4996556,47.71099444,0,1,6,12,2,25,1,0,0,1,2,1,2,1,2,1,14,1,2,53,0,12,3,2001,0,,68,64,1,2,,,1,1,51,1,7,,4,7,99,7,11,0,08/28/2020,0:33,2.11E+11,43414,0,0,0,2,1,0,,,,96,,,,,,98,,,,,,99201,53,68,180,1,1,1,0,1,0,,0,,,,,,4,05/15/2020,05/15/2020,99,1,9,0,0,9,8,,,0,,,8,8,2,996,695,605,1,1,1,2,1,0.182,,,,,,,,,,,,,,,,,,,,,,,,,,,,,,0,0,1,0,1,1,1,1,1,0,0,0,1,1,0,0,0,0,0,0,0,0,0,0,0,0,0,0,0,1,0,0,0,0,0,,1,0,0,0,0,1,1,1,0,1,0,1,0,0,0,1,,,,,,51-55,46-55,City street,U,Friday,Unknown,PV,White,0,1,0,0,City Street,Municipal/City Police,Spokane Police Department,1,0,0,1,0,thc,3.2,carboxy-thc,24,,0,1,1,1,1,,,,401,417,,,,98,98,98,1,,,,,20,7,,,,,,,nms,1,0,,,,,,
2020,308,EA59397,25,08/22/2020,23:24,22,8,,33,King,0,1,,3,1,2,1,0,8,2,23:42,23:58,0:43,12,0,6,0.9,1,0,1,5,2,2,4,0,0,40,3,CR-SE COVINGTON SAWYER,,-122.1000444,47.34351111,0,1,66,6,1,35,2,0,0,1,2,12,2,2,2,1,14,3,2,53,0,34,34,1998,0,,68,68,64,69,68,12,1,1,17,1,0,,1,0,3,0,11,5,,,,,0,0,3,3,1,0,,,,96,,,,,,98,,,,,,98038,53,74,140,6,2,0,0,0,0,,97,,,,,,4,,,8,0,0,0,8,9,8,,,0,,,8,8,8,95,,,96,,,8,95,995,,,,,,,,,,,,,,,,,,,,,,,,,,,,,,0,0,0,0,0,0,0,0,0,0,0,0,1,0,0,0,0,0,0,0,1,1,1,0,1,0,0,0,0,1,0,0,0,0,0,,0,0,0,0,0,0,0,0,0,1,0,0,0,0,0,0,,,,,,16-17,16-25,County road,U,Saturday,Belt Used,PV,Not Fatal,0,1,1,0,County Road,County Sheriff,King County Police,0,0,1,0,0,,,,,,0,0,0,,,,,,,,,,,0,0,0,0,,,,,20,7,,,,,,,,1,18,,,SE COVINGTON SAWYER RD,0.91,,
2020,308,EA59397,25,08/22/2020,23:24,22,8,,33,King,0,1,,3,1,2,1,0,8,2,23:42,23:58,0:43,12,0,6,0.9,1,0,1,5,2,2,4,0,0,0,0,CR-SE COVINGTON SAWYER,,-122.1000444,47.34351111,0,2,66,62,4,35,6,0,0,1,2,12,3,2,2,1,14,5,2,53,0,30,42,2017,0,,12,,,,,,1,1,20,2,0,,1,0,3,0,11,5,,,,,0,0,3,3,1,0,,,,96,,,,,,0,,,,,,98055,53,63,123,6,1,0,0,0,0,,0,,,,,,0,,,8,0,0,0,8,9,8,,,0,,,8,8,8,95,,,96,,,8,95,995,,,,,,,,,,,,,,,,,,,,,,,,,,,,,,0,0,0,0,0,0,0,0,0,0,0,0,1,0,0,0,0,0,0,0,1,1,1,0,1,0,0,0,0,1,0,0,0,0,0,,0,0,0,0,0,0,0,0,0,0,0,0,0,0,0,0,,,,,,18-20,16-25,County road,U,Saturday,Belt Used,PV,Not Fatal,0,1,1,0,County Road,County Sheriff,King County Police,0,0,1,0,0,,,,,,0,0,0,,,,,,,,,,,98,98,98,0,,,,,20,7,,,,,,,,1,18,,,SE COVINGTON SAWYER RD,0.91,,
2020,309,EA59461,3,08/28/2020,14:07,28,8,,53,Pierce,0,1,,1,1,2,1,0,2,2,14:09,14:17,,12,0,6,46.5,8,0,1,3,2,1,3,0,0,0,0,SR-7,,-122.4223417,47.07418611,0,2,68,15,2,40,21,0,0,1,2,12,1,1,5,1,11,1,3,53,0,20,461,2007,0,,12,,,,,,1,1,65,1,0,,0,0,3,0,11,0,,,,,0,0,3,3,1,0,,,,96,,,,,,0,,,,,,98304,53,76,195,6,1,0,0,0,0,,0,,,,,,0,,,20,0,0,0,8,9,8,,,0,,,8,8,0,0,,,0,,,0,0,996,,,,,,,,,,,,,,,,,,,,,,,,,,,,,,0,0,0,0,0,0,0,0,0,0,0,0,1,1,1,0,0,0,0,0,0,0,0,0,0,1,0,0,1,1,0,0,0,0,0,,0,0,0,0,0,0,0,0,0,0,0,0,0,0,0,0,,,,,,61-65,56-65,State route,U,Friday,Belt Used,PV,Not Fatal,0,0,0,0,State Route,State Patrol,Washington State Patrol,0,1,0,0,0,,,,,,0,0,0,,,,,,,,,,,98,98,98,0,,,,,20,7,,,,,,,,1,0,,,,,,
2020,309,EA59461,3,08/28/2020,14:07,28,8,,53,Pierce,0,1,,1,1,2,1,0,2,2,14:09,14:17,,12,0,6,46.5,8,0,1,3,2,1,3,0,0,0,0,SR-7,,-122.4223417,47.07418611,0,1,69,62,4,40,80,0,0,1,2,12,1,1,5,1,1,1,2,53,0,73,706,2007,0,,12,,,,,,1,1,27,1,6,,4,7,20,7,11,0,08/28/2020,14:07,53041113,41113,0,0,0,2,1,0,,,,96,,,,,,98,,,,,,98902,53,74,195,1,1,0,3,0,2,,0,,,,,,4,06/15/2018,08/15/2020,20,8,0,0,0,9,8,,,0,,,8,8,2,1,,,1,,,2,1,0,,,,,,,,,,,,,,,,,,,,,,,,,,,,,,0,0,0,0,0,0,0,0,0,0,0,0,1,1,1,0,0,0,0,0,0,0,0,0,0,1,0,0,1,1,0,0,0,0,1,0,0,0,0,0,0,0,0,0,0,1,0,1,0,0,0,0,,,,,,26-30,26-35,State route,U,Friday,,MC,Hispanic,0,0,0,0,State Route,State Patrol,Washington State Patrol,0,1,0,0,0,,,,,,0,0,3,,,,,,,,,,,0,0,0,98,,,,,5,0,,,,,,,,1,0,,,,,,
2020,315,EA59617,3,08/15/2020,23:11,15,8,,67,Thurston,2320,1,,2,1,2,1,0,1,1,,,,25,0,0,0.2,5,1,1,1,2,1,1,0,0,0,0,I-5,,-122.9058306,47.02016667,0,1,1,13,2,98,14,0,0,1,2,25,3,4,1,6,14,1,1,53,0,49,402,2011,0,,63,25,1,69,64,25,1,1,65,1,7,,4,7,3,0,11,0,08/15/2020,23:48,2.32E+11,38949,0,0,0,3,1,0,,,,96,,,,,,98,,,,,,98032,53,68,200,6,1,0,0,0,0,,0,,,,,,4,,,1,0,0,0,0,9,8,,,0,,,8,8,2,996,,,1,,,2,1,0,,,,,,,,,,,,,,,,,,,,,,,,,,,,,,0,0,1,0,0,0,1,1,0,0,0,0,1,0,0,0,0,0,0,0,0,0,0,0,0,1,0,0,0,1,0,0,0,0,0,,1,0,0,0,0,0,1,1,0,1,0,0,0,0,1,0,,,,,,61-65,56-65,Interstate,U,Saturday,Belt Used,PV,White,0,1,0,0,State Route,State Patrol,Washington State Patrol,1,1,0,0,0,,,,,,0,0,0,,,,,,,,,,,98,98,98,1,,,,,20,7,,,,,,,,1,0,,,,,,
2020,310,EA59760,2,08/23/2020,11:15,23,8,,73,Whatcom,0,1,,1,1,1,1,0,3,2,11:20,12:04,,12,0,2,143.4,1,0,1,4,1,1,3,0,0,0,0,SR-20,,-120.8815778,48.67960833,0,1,50,10,2,55,80,0,0,1,2,12,2,2,2,1,14,1,1,53,0,76,706,2016,0,,68,12,,,,,1,1,33,1,7,,4,7,20,7,11,0,08/23/2020,11:15,53038944,38944,6,0,0,3,1,28,,,,96,,,,,,98,,,,,,98226,53,72,190,6,1,0,2,0,0,,0,,,,,,4,11/15/2017,03/15/2019,20,8,0,0,0,9,8,,,0,,,8,8,2,402,515,513,14,14,14,2,4,0,,,,,,,,,,,,,,,,,,,,,,,,,,,,,,0,0,0,0,0,0,1,1,0,0,0,0,1,0,0,0,0,0,0,0,0,0,0,0,0,0,0,0,1,1,0,0,0,0,1,0,0,0,0,0,0,0,1,1,0,1,0,0,0,0,1,0,,,,,,31-35,26-35,State route,R,Sunday,,MC,White,0,1,1,0,State Route,State Patrol,Washington State Patrol,0,1,0,0,0,,,,,,0,0,0,,,,,,,,,,,0,0,0,1,,,,,5,0,,,,,,,,1,0,,,,,,
2020,310,EA59760,2,08/23/2020,11:15,23,8,,73,Whatcom,0,1,,1,1,1,1,0,3,2,11:20,12:04,,12,0,2,143.4,1,0,1,4,1,1,3,0,0,0,0,SR-20,,-120.8815778,48.67960833,0,2,51,62,4,55,34,1,0,1,2,12,3,2,2,1,14,2,1,53,0,7,482,2012,0,,12,,,,,,1,1,55,1,0,,0,0,3,0,11,0,,,,,0,0,3,3,1,0,,,,96,,,,,,0,,,,,,98273,53,68,290,6,1,0,0,0,0,,0,,,,,,0,,,20,0,0,0,8,9,8,,,0,,,8,8,0,0,,,0,,,0,0,996,,,,,,,,,,,,,,,,,,,,,,,,,,,,,,0,0,0,0,0,0,1,1,0,0,0,0,1,0,0,0,0,0,0,0,0,0,0,0,0,0,0,0,1,1,0,0,0,0,0,,0,0,0,0,0,0,0,0,0,0,0,0,0,0,0,0,,,,,,51-55,46-55,State route,R,Sunday,Belt Used,PV,Not Fatal,0,1,1,0,State Route,State Patrol,Washington State Patrol,0,1,0,0,0,,,,,,0,0,0,,,,,,,,,,,98,98,98,0,,,,,20,7,,,,,,,,1,0,,,,,,
2020,557,EA59797,83,08/26/2020,20:48,26,8,,41,Lewis,310,1,,5,1,2,1,1,1,1,,,,8,0,0,0,3,0,2,3,2,4,6,0,0,3,3,W MAIN ST,SW Chehalis Ave,-122.9697806,46.66144167,0,1,13,80,5,25,34,0,0,1,5,8,1,1,3,1,1,1,1,53,0,20,481,2019,0,,8,,,,,,1,1,69,1,0,,0,0,3,0,11,0,,,,,0,0,0,3,1,0,,,,96,,,,,,9,,,,,,98532,53,71,240,6,1,0,0,1,0,,2,,,,,,0,12/15/2019,12/15/2019,20,0,0,0,8,9,8,,,0,,,1,1,8,95,,,96,,,2,95,997,,,,,,,,,,,,,,,,,,,,,,,,,,,,,,0,0,0,1,1,0,0,0,0,0,0,0,0,0,0,0,0,0,0,0,0,0,0,0,0,1,0,0,0,1,0,1,0,0,0,,0,0,0,0,0,0,0,0,0,0,0,0,0,0,0,1,,,,,,66-70,66-75,City street,U,Wednesday,Belt Used,PV,Not Fatal,1,0,0,0,City Street,Municipal/City Police,Chehalis Police Department,0,0,0,1,0,,,,,,0,0,0,,,,,,,,,,,98,98,98,0,,,,,20,7,,,,,,,,1,0,,,,,,