year,case,par,repjur,crash_dt,crash_tm,accday,accmon,holiday,county,co_char,city,weather,weather2,lightcond,surfcond,surftype,numfatal,nmforms,pforms,vforms,not_tm,arr_tm,hosp_tm,fhevent,hitrun,manncol,milepnt,reljunc,reljuncinter,intersectiontype,funcsystem,landuse,ownership,route,schlbus,spejur,contdev,devfunc,trafid1,trafid2,x,y,wk_zone,vnumber,crashtype,criticalevent,criticaleventcat,spdlim,body,trailer,emerg,hazcargo,leave,mhevent,roadalgn,roadprof,traflane,trafflow,vehmanvr,numoccs,regowner,regstate,spuse,make,model,modelyr,vrf1,vrf2,seqevent1,seqevent2,seqevent3,seqevent4,seqevent5,seqevent6,pnumber,ptype,age,sex,hispanic,race,injury,diedscene,restraint,restraintmisuse,seatpos,takehosp,death_dt,death_tm,cert,cernum_wa,commlic,licendor,licrestrict,liccomp,drivpres,drf1,drf2,drf3,drf4,distract1,distract2,distract3,distract4,distract5,distract6,dricond1,dricond2,dricond3,dricond4,dricond5,dricond6,dzip,licstate,drhgt_in,weight,noncdl,noncdltype,prevdwi,prevoth,prevacc,prevspd,prevsus,driviol1,driviol2,driviol3,driviol4,driviol5,driviol6,spdrel,first_dt,last_dt,airbag,ejection,ejectpath,extricat,injurwrk,methalc,methdrug,nmlocat,strikveh,prf1,prf2,prf3,druginv,alcinvol,drugsts,drugres1,drugres2,drugres3,drugtst1,drugtst2,drugtst3,alcsts,alctst,alcres,nmact1,nmact2,nmact3,nmact4,nmact5,nmact6,nmprior1,nmprior2,nmprior3,nmprior4,nmprior5,nmprior6,nmcond1,nmcond2,nmcond3,nmcond4,nmcond5,nmcond6,nmsafe_helmet,nmsafe_pads,nmsafe_oth,nmprev_ref,nmprev_lgt,nmprev_oth,crashlocation,nmcrashtype,crosswalk,schoolzone,sidewalk,train_inv,wildlife_inv,rotr_fars,intersect_fars,dd_inv,aid_inv,dpd_inv,id_inv,mj_inv,impnm_inv,ainm_inv,dpnm_inv,speed_inv,unlic_inv,unendmc_inv,drowsy_inv,drdist_inv,nmdist_inv,fty_inv,unrestfat_inv,dr1617_inv,dr1820_inv,dr1620_inv,dr2125_inv,dr1625_inv,dr65_inv,dr70_inv,dr75_inv,mc_inv,pv_inv,ht_inv,ped_inv,bike_inv,unrest_fat,mc_fat,unhelmet_mc,pv_fat,ht_fat,ped_fat,bike_fat,dr_alc7,dr_alc8,dr_drug,dr_imp,dr_dist,dr_spd,dr_fty,dr_unlic,dr_alc7only,dr_alc8only,dr_drugonly,dr_drink,nm_imp,nm_alc7,nm_alc8,nm_drug,nm_dist,agegrp1,agegrp2,roadclass,urbrur,dayweek,restuse,vehtype,race_me,intersect,lanedep,oppdir,wrongway,rep_typ,investag,repag_long,rotr,st_rd,cty_rd,city_rd,oth_rd,drug_thc,thc_res,drug_cthc,cthc_res,drug_cann,prevpersemin,prevperse,prevsusoth,drugtst4,drugtst5,drugtst6,drugtst7,drugtst8,drugres4,drugres5,drugres6,drugres7,drugres8,adspresent,adsengaged,adslevel,race1,race2,race3,race4,race5,helmet,helmetmisuse,nmdistract1,nmdistract2,nmdistract3,nmdistract4,nmdistract5,nmdistract6,lab,isedtcase,crf1,crf2,crf3,CoRoadName,CoMP,IntCoRoadName,IntCoMP
2020,322,EA59843,146,08/21/2020,23:55,21,8,,77,Yakima,0,1,,2,1,2,1,0,1,1,23:57,0:04,,34,0,0,8.6,1,0,1,5,1,2,4,0,0,0,0,CR-VAN BELLE RD,,-119.9971056,46.34553333,0,1,2,13,2,50,4,0,0,1,2,1,1,1,2,1,1,1,2,53,0,12,37,2008,0,,63,34,67,35,35,1,1,1,33,1,1,,4,0,20,7,11,5,08/22/2020,1:14,2.22E+11,38762,0,0,0,0,1,0,,,,96,,,,,,9,,,,,,98944,53,68,195,0,0,0,0,0,0,,0,,,,,,4,,,8,1,9,0,0,9,8,,,0,,,8,1,2,695,605,,1,1,,2,1,0.227,,,,,,,,,,,,,,,,,,,,,,,,,,,,,,0,0,0,0,1,1,1,1,1,0,0,0,1,1,0,0,0,0,0,1,0,0,0,0,0,0,0,0,0,1,0,0,0,1,0,,1,0,0,0,0,1,1,1,0,1,0,1,0,0,0,1,,,,,,31-35,26-35,County road,R,Friday,Not Used,PV,Hispanic,0,1,0,0,County Road,County Sheriff,Yakima County Sheriff's Office,1,0,1,0,0,thc,3.8,carboxy-thc,15,,0,0,0,,,,,,,,,,,98,98,98,98,,,,,20,7,,,,,,,nms,1,18,,,VAN BELLE RD.,8.62,,
2020,312,EA59884,6,08/26/2020,13:18,26,8,,7,Chelan,0,1,,1,1,2,1,0,5,2,13:19,13:29,14:06,12,0,1,106,1,0,1,2,1,1,2,0,0,0,0,US-2,,-120.5641778,47.54123056,0,2,25,53,3,60,92,0,0,1,2,12,1,1,2,3,1,1,0,53,0,98,998,2010,0,,12,,,,,,1,1,59,1,1,,4,7,20,7,11,0,08/26/2020,13:18,53039765,39765,0,0,0,1,1,0,,,,96,,,,,,0,,,,,,98801,53,69,185,6,1,0,1,1,0,,0,,,,,,0,06/15/2019,06/15/2019,20,1,9,0,1,9,8,,,0,,,8,8,2,1,,,1,,,2,1,0,,,,,,,,,,,,,,,,,,,,,,,,,,,,,,0,0,0,0,0,0,0,0,0,0,0,0,0,0,0,0,0,0,0,0,0,0,0,0,0,0,0,0,0,1,0,0,0,0,0,,0,0,0,0,0,0,0,0,0,0,0,0,0,0,0,0,,,,,,56-60,56-65,US highway,R,Wednesday,,OTHVT,Hispanic,0,0,0,0,State Route,State Patrol,Washington State Patrol,0,1,0,0,0,,,,,,0,0,0,,,,,,,,,,,0,0,0,98,,,,,20,7,,,,,,,,1,0,,,,,,
2020,312,EA59884,6,08/26/2020,13:18,26,8,,7,Chelan,0,1,,1,1,2,1,0,5,2,13:19,13:29,14:06,12,0,1,106,1,0,1,2,1,1,2,0,0,0,0,US-2,,-120.5641778,47.54123056,0,1,24,51,3,60,34,0,0,1,2,12,1,1,2,3,1,4,2,53,0,7,472,2003,0,,12,,,,,,1,1,32,1,0,,0,0,20,7,11,0,,,,,0,0,0,3,1,26,,,,96,,,,,,98,,,,,,98826,53,71,210,6,1,0,2,1,2,,97,,,,,,0,09/15/2017,01/15/2018,1,0,0,0,8,3,8,,,0,,,8,8,2,1,,,1,,,2,1,0,,,,,,,,,,,,,,,,,,,,,,,,,,,,,,0,0,0,0,0,0,0,0,0,0,0,0,0,0,0,0,0,0,0,0,0,0,0,0,0,0,0,0,0,1,0,0,0,0,0,,0,0,0,0,0,0,0,0,0,0,0,0,0,0,0,0,,,,,,31-35,26-35,US highway,R,Wednesday,Not Used,PV,Not Fatal,0,0,0,0,State Route,State Patrol,Washington State Patrol,0,1,0,0,0,,,,,,0,0,0,,,,,,,,,,,98,98,98,0,,,,,20,7,,,,,,,,1,0,,,,,,
2020,313,EA59908,4,08/24/2020,7:44,24,8,,63,Spokane,0,1,,1,1,2,1,0,2,2,7:51,7:54,,12,0,6,181.1,2,0,2,3,1,1,2,0,0,20,3,US-395,DENISON-CHATTEROY,-117.4397194,47.90368611,0,1,87,17,2,35,4,0,0,1,2,12,1,1,2,1,4,1,2,16,0,41,35,2002,0,,12,64,42,,,,1,1,20,1,7,,4,7,3,0,11,0,08/24/2020,7:44,53039356,39356,0,0,0,2,1,38,,,,96,,,,,,9,,,,,,99006,53,69,170,1,1,1,0,0,2,,0,,,,,,0,10/15/2019,01/15/2019,8,0,0,0,0,9,8,,,0,,,1,8,2,695,605,,1,1,,2,1,0,,,,,,,,,,,,,,,,,,,,,,,,,,,,,,0,0,0,1,0,0,1,1,1,0,0,0,0,1,0,0,0,0,1,0,0,1,1,0,1,0,0,0,0,1,0,0,0,0,0,,1,0,0,0,0,0,1,1,0,0,1,1,0,0,1,0,,,,,,18-20,16-25,US highway,R,Monday,Belt Used,PV,White,1,0,0,0,State Route,State Patrol,Washington State Patrol,0,1,0,0,0,thc,8.9,carboxy-thc,36,,0,0,2,,,,,,,,,,,98,98,98,1,,,,,20,7,,,,,,,nms,1,0,,,,,,
2020,313,EA59908,4,08/24/2020,7:44,24,8,,63,Spokane,0,1,,1,1,2,1,0,2,2,7:51,7:54,,12,0,6,181.1,2,0,2,3,1,1,2,0,0,0,0,US-395,DENISON-CHATTEROY,-117.4397194,47.90368611,0,2,86,66,4,60,21,0,0,1,5,12,1,1,4,1,1,1,2,53,0,12,462,2015,0,,12,1,,,,,1,1,50,1,0,,2,0,3,0,11,0,,,,,0,0,0,3,1,0,,,,96,,,,,,0,,,,,,99109,53,72,200,6,1,0,0,0,0,,0,,,,,,0,,,8,0,0,0,8,9,8,,,0,,,8,8,0,0,,,0,,,0,0,996,,,,,,,,,,,,,,,,,,,,,,,,,,,,,,0,0,0,1,0,0,1,1,1,0,0,0,0,1,0,0,0,0,1,0,0,1,1,0,1,0,0,0,0,1,0,0,0,0,0,,0,0,0,0,0,0,0,0,0,0,0,0,0,0,0,0,,,,,,46-50,46-55,US highway,R,Monday,Belt Used,PV,Not Fatal,1,0,0,0,State Route,State Patrol,Washington State Patrol,0,1,0,0,0,,,,,,0,0,0,,,,,,,,,,,98,98,98,0,,,,,20,7,,,,,,,,1,0,,,,,,
2020,316,EA60052,25,08/24/2020,11:11,24,8,,33,King,735,1,,1,1,2,1,0,2,2,11:24,11:35,11:52,12,0,2,9999.8,1,0,1,3,1,4,6,0,0,0,0,CR-PEASLEY CANYON RD S,,-122.2780417,47.31093056,0,1,50,10,2,40,6,0,0,1,5,12,2,2,2,1,6,1,1,53,0,48,38,2012,0,,68,12,,,,,1,1,60,2,0,,2,0,3,0,11,5,,,,,0,0,0,3,1,33,91,,,96,,,,,,9,,,,,,98001,53,67,160,6,1,0,0,0,0,,1,12,,,,,0,,,8,0,0,0,8,9,8,,,0,,,8,8,2,1,,,1,,,2,1,0.18,,,,,,,,,,,,,,,,,,,,,,,,,,,,,,0,0,0,0,1,1,1,1,1,0,0,0,0,0,0,0,0,0,0,0,0,0,0,0,0,0,0,0,1,1,0,0,0,0,0,,0,0,0,0,0,1,0,1,0,0,0,0,0,1,0,1,,,,,,56-60,56-65,City street,R,Monday,Belt Used,PV,Not Fatal,0,1,1,0,City Street,County Sheriff,King County Police,0,0,0,1,0,,,,,,0,0,0,,,,,,,,,,,98,98,98,0,,,,,20,7,,,,,,,,1,0,,,,,,
2020,316,EA60052,25,08/24/2020,11:11,24,8,,33,King,735,1,,1,1,2,1,0,2,2,11:24,11:35,11:52,12,0,2,9999.8,1,0,1,3,1,4,6,0,0,0,0,CR-PEASLEY CANYON RD S,,-122.2780417,47.31093056,0,2,51,62,4,40,80,0,0,1,5,12,3,2,2,1,14,1,1,53,0,37,706,2004,0,,12,,,,,,1,1,63,1,7,,4,7,20,7,11,0,08/24/2020,11:11,73553039837,39837,0,0,3,3,1,0,,,,96,,,,,,98,,,,,,98003,53,70,210,6,1,0,0,0,1,,0,,,,,,0,04/15/2019,04/15/2019,20,8,0,0,0,9,8,,,0,,,8,8,2,695,605,996,1,1,1,2,1,0,,,,,,,,,,,,,,,,,,,,,,,,,,,,,,0,0,0,0,1,1,1,1,1,0,0,0,0,0,0,0,0,0,0,0,0,0,0,0,0,0,0,0,1,1,0,0,0,0,1,0,0,0,0,0,0,0,1,1,0,0,0,0,0,0,1,0,,,,,,61-65,56-65,City street,R,Monday,,MC,White,0,1,1,0,City Street,County Sheriff,King County Police,0,0,0,1,0,thc,1.4,carboxy-thc,5.4,,0,0,0,,,,,,,,,,,0,0,0,1,,,,,5,0,,,,,,,nms,1,0,,,,,,
2020,317,EA60275,3,08/18/2020,14:47,18,8,,53,Pierce,0,1,,1,0,0,1,0,4,3,,,,12,0,6,18.3,8,0,1,3,2,1,3,0,0,0,0,SR-161,,-122.2947667,47.05485278,0,1,76,15,2,0,20,0,0,1,2,12,0,0,0,0,11,1,1,53,0,9,442,1997,0,,12,68,12,,,,1,1,79,1,7,,4,0,99,7,11,5,08/21/2020,16:45,2.23E+11,39557,0,0,3,3,1,38,,,,96,,,,,,98,,,,,,98338,53,70,180,6,1,0,0,0,0,,0,,,,,,0,,,20,0,0,0,0,9,8,,,0,,,8,8,0,0,,,0,,,0,0,996,,,,,,,,,,,,,,,,,,,,,,,,,,,,,,0,0,0,0,0,0,0,0,0,0,0,0,0,0,0,0,0,0,1,0,0,0,0,0,0,1,1,1,0,1,0,0,0,0,0,,1,0,0,0,0,0,0,0,0,0,1,0,0,0,0,0,,,,,,76-80,76+,State route,U,Tuesday,Unknown,PV,White,0,0,0,0,State Route,State Patrol,Washington State Patrol,0,1,0,0,0,,,,,,0,0,0,,,,,,,,,,,0,0,0,1,,,,,20,7,,,,,,,,1,0,,,,,,
2020,317,EA60275,3,08/18/2020,14:47,18,8,,53,Pierce,0,1,,1,1,2,1,0,4,3,,,,12,0,6,18.3,8,0,1,3,2,1,3,0,0,0,0,SR-161,,-122.2947667,47.05485278,0,2,98,98,7,40,34,0,0,1,2,12,1,1,5,5,1,2,1,53,0,23,481,2003,0,,12,,,,,,1,1,49,1,0,,0,0,3,0,11,0,,,,,0,0,0,3,1,0,,,,96,,,,,,0,,,,,,98387,53,68,310,6,1,0,1,1,1,,0,,,,,,0,04/15/2018,04/15/2018,20,0,0,0,8,9,8,,,0,,,8,8,0,0,,,0,,,0,0,996,,,,,,,,,,,,,,,,,,,,,,,,,,,,,,0,0,0,0,0,0,0,0,0,0,0,0,0,0,0,0,0,0,1,0,0,0,0,0,0,1,1,1,0,1,0,0,0,0,0,,0,0,0,0,0,0,0,0,0,0,0,0,0,0,0,0,,,,,,46-50,46-55,State route,U,Tuesday,Belt Used,PV,Not Fatal,0,0,0,0,State Route,State Patrol,Washington State Patrol,0,1,0,0,0,,,,,,0,0,1,,,,,,,,,,,98,98,98,0,,,,,20,7,,,,,,,,1,0,,,,,,
2020,317,EA60275,3,08/18/2020,14:47,18,8,,53,Pierce,0,1,,1,1,2,1,0,4,3,,,,12,0,6,18.3,8,0,1,3,2,1,3,0,0,0,0,SR-161,,-122.2947667,47.05485278,0,3,77,65,4,98,14,0,0,1,7,12,1,1,5,5,1,1,9,99,0,55,402,2016,0,,12,,,,,,1,1,69,1,0,,0,0,3,0,11,0,,,,,0,0,0,3,1,0,,,,96,,,,,,0,,,,,,98501,53,62,140,6,1,0,0,0,0,,0,,,,,,0,,,20,0,0,0,8,9,8,,,0,,,8,8,0,0,,,0,,,0,0,996,,,,,,,,,,,,,,,,,,,,,,,,,,,,,,0,0,0,0,0,0,0,0,0,0,0,0,0,0,0,0,0,0,1,0,0,0,0,0,0,1,1,1,0,1,0,0,0,0,0,,0,0,0,0,0,0,0,0,0,0,0,0,0,0,0,0,,,,,,66-70,66-75,State route,U,Tuesday,Belt Used,PV,Not Fatal,0,0,0,0,State Route,State Patrol,Washington State Patrol,0,1,0,0,0,,,,,,0,0,0,,,,,,,,,,,98,98,98,0,,,,,20,7,,,,,,,,1,0,,,,,,
2020,324,EA60363,189,08/29/2020,2:03,29,8,,61,Snohomish,1280,1,,3,1,2,2,2,1,1,,,,41,0,0,0,3,0,10,7,2,4,6,0,0,0,0,84TH ST NE,55TTH AVE NE,-122.1564167,48.07169167,0,1,6,14,2,25,2,0,0,1,2,8,1,1,2,1,1,1,2,53,0,20,2,1971,0,,64,41,69,9,71,42,1,1,42,1,0,,9,0,99,7,11,5,,,,,0,0,0,0,1,0,,,,96,,,,,,9,,,,,,98204,53,72,185,0,0,0,0,0,0,,97,,,,,,0,,,20,0,0,0,8,9,8,,,0,,,1,1,2,695,605,,1,1,,2,1,0,,,,,,,,,,,,,,,,,,,,,,,,,,,,,,0,0,1,1,1,0,1,1,1,1,0,1,0,1,0,0,0,0,0,0,0,0,0,0,0,0,0,0,0,1,0,0,1,0,0,,0,0,0,0,0,0,1,1,0,0,0,1,0,0,1,1,,,,,,41-45,36-45,City street,U,Saturday,Unknown,PV,Not Fatal,0,0,0,0,City Street,Municipal/City Police,Marysville Police Department,0,0,0,1,0,thc,7.4,carboxy-thc,38,,0,0,0,,,,,,,,,,,0,0,0,0,,,,,20,7,,,,,,,,1,0,,,,,,
2020,325,EA60411,3,08/29/2020,3:07,29,8,,67,Thurston,0,1,,2,1,2,1,0,3,2,,,,12,0,2,114.6,1,0,1,1,2,1,1,0,0,0,0,I-5,,-122.7110417,47.068925,0,2,52,54,3,60,5,0,0,1,2,12,1,1,3,3,1,2,1,53,0,49,46,2004,0,,12,,,,,,1,1,29,2,0,,3,0,3,0,11,5,,,,,0,0,0,3,1,0,,,,96,,,,,,98,,,,,,98102,53,64,150,6,1,0,0,0,0,,0,,,,,,0,,,1,0,0,0,8,9,8,,,0,,,8,8,8,95,,,96,,,8,95,995,,,,,,,,,,,,,,,,,,,,,,,,,,,,,,0,0,0,0,1,0,1,1,0,0,0,0,0,0,0,0,0,0,1,1,1,0,1,0,1,0,0,0,0,1,0,0,0,0,0,,0,0,0,0,0,0,0,0,0,0,0,0,0,0,0,0,,,,,,26-30,26-35,Interstate,U,Saturday,Belt Used,PV,Not Fatal,0,0,0,1,State Route,State Patrol,Washington State Patrol,0,1,0,0,0,,,,,,0,0,0,,,,,,,,,,,98,98,98,0,,,,,20,7,,,,,,,,1,0,,,,,,
2020,325,EA60411,3,08/29/2020,3:07,29,8,,67,Thurston,0,1,,2,1,2,1,0,3,2,,,,12,0,2,114.6,1,0,1,1,2,1,1,0,0,0,0,I-5,,-122.7110417,47.068925,0,1,52,54,3,60,4,0,0,1,2,12,1,1,3,3,1,1,2,53,0,35,39,2003,0,,12,,,,,,1,1,17,1,7,,4,7,20,7,11,0,08/29/2020,3:07,53040049,40049,0,0,2,3,1,38,51,73,,96,,,,,,9,,,,,,98501,53,67,140,6,2,0,0,0,0,,0,,,,,,0,,,1,0,0,0,0,9,8,,,0,,,1,1,2,528,,,1,,,2,1,0,,,,,,,,,,,,,,,,,,,,,,,,,,,,,,0,0,0,0,1,0,1,1,0,0,0,0,0,0,0,0,0,0,1,1,1,0,1,0,1,0,0,0,0,1,0,0,0,1,0,,1,0,0,0,0,0,1,1,0,0,1,0,0,0,1,1,,,,,,16-17,16-25,Interstate,U,Saturday,Not Used,PV,White,0,0,0,1,State Route,State Patrol,Washington State Patrol,0,1,0,0,0,,,,,,0,0,0,,,,,,,,,,,98,98,98,1,,,,,20,7,,,,,,,,1,0,,,,,,
2020,332,EA60457,38,09/01/2020,16:40,1,9,,59,Skamania,0,1,,1,1,2,1,0,1,1,,,,30,0,0,9,1,0,1,5,1,2,4,0,0,0,0,CR-WASHOUGAL RIVER RD,,-122.2430278,45.61227778,0,1,1,13,2,35,34,0,0,1,2,30,3,1,2,1,14,1,2,53,0,23,481,1991,0,,63,30,,,,,1,1,50,1,7,,4,7,20,7,11,0,09/01/2020,16:40,53041249,41249,0,0,2,2,1,24,74,,,96,,,,,,98,,,,,,98661,53,73,200,1,1,1,0,0,1,,0,,,,,,3,10/15/2016,01/15/2016,20,0,0,0,0,9,8,,,0,,,8,8,2,1,,,1,,,2,1,0.186,,,,,,,,,,,,,,,,,,,,,,,,,,,,,,0,0,1,0,1,1,0,1,0,0,0,0,1,1,0,0,0,0,0,1,0,0,0,0,0,0,0,0,0,1,0,0,0,1,0,,1,0,0,0,0,1,0,1,0,1,0,1,0,1,0,1,,,,,,46-50,46-55,County road,R,Tuesday,Not Used,PV,White,0,1,0,0,County Road,County Sheriff,Skamania County Sheriff's Office,1,0,1,0,0,,,,,,0,1,3,,,,,,,,,,,0,0,0,1,,,,,20,7,,,,,,,,1,0,,,WASHOUGAL RIVER ROAD,9,,
2020,326,EA60712,5,08/14/2020,18:21,14,8,,59,Skamania,0,1,,5,1,2,1,0,1,1,,,,11,0,0,33.3,1,0,1,3,1,1,3,0,0,0,0,SR-14,,-122.0422556,45.61704722,0,1,13,87,6,55,80,0,0,1,2,11,1,1,2,1,1,1,1,53,0,76,706,2003,0,,11,,,,,,1,1,58,1,7,,4,7,20,7,11,0,08/14/2020,18:21,53038926,38926,0,0,0,3,1,0,,,,96,,,,,,98,,,,,,98683,53,69,185,6,1,0,0,0,0,,0,,,,,,3,,,20,8,0,0,0,9,8,,,0,,,8,8,2,996,996,,1,1,,2,1,0,,,,,,,,,,,,,,,,,,,,,,,,,,,,,,0,1,0,0,0,0,1,1,0,0,0,0,1,0,0,0,0,0,0,0,0,0,0,0,0,0,0,0,1,0,0,0,0,0,1,0,0,0,0,0,0,0,1,1,0,1,0,0,0,0,1,0,,,,,,56-60,56-65,State route,R,Friday,,MC,White,0,0,0,0,State Route,State Patrol,Washington State Patrol,0,1,0,0,0,,,,,,0,0,0,,,,,,,,,,,0,0,0,1,,,,,5,0,,,,,,,,1,0,,,,,,
2020,327,EA60735,269,09/02/2020,20:28,2,9,,33,King,2005,1,,3,1,2,1,1,1,1,,,,8,0,0,0,1,0,1,4,2,4,6,0,0,0,0,NW RICHMOND BEACH RD,,-122.3632417,47.76509167,0,1,13,80,5,30,14,0,0,1,5,8,1,1,3,5,1,1,1,53,0,2,408,2018,0,,8,,,,,,1,1,48,8,0,,0,0,3,0,11,0,,,,,6,0,3,3,1,10,,,,0,,,,,,0,,,,,,98133,53,64,182,6,1,0,1,0,0,,0,,,,,,0,11/15/2015,11/15/2015,20,0,0,0,8,9,8,,,0,,,8,8,8,95,,,96,,,8,95,995,,,,,,,,,,,,,,,,,,,,,,,,,,,,,,0,0,0,0,0,0,0,0,0,0,0,0,0,0,0,0,0,0,0,0,0,0,0,0,0,0,0,0,0,1,0,1,0,0,0,,0,0,0,0,0,0,0,0,0,0,0,0,0,0,0,0,,,,,,46-50,46-55,City street,U,Wednesday,Belt Used,PV,Not Fatal,0,0,0,0,City Street,Municipal/City Police,Shoreline Police Department,0,0,0,1,0,,,,,,0,0,0,,,,,,,,,,,98,98,98,0,,,,,20,7,,,,,,,,1,0,,,,,,
2020,328,EA60792,14,08/18/2020,11:41,18,8,,11,Clark,0,1,,1,1,2,2,0,2,1,,,,1,0,0,2.2,1,0,1,5,1,2,4,0,0,0,0,CR-NE LUCIA FALLS RD,,-122.4427306,45.840575,0,1,7,13,2,40,34,0,0,1,2,1,4,2,2,1,14,2,1,53,0,12,481,2012,0,,63,69,68,64,1,42,1,1,45,1,7,,4,7,3,0,11,0,08/18/2020,11:41,53038489,38489,0,0,0,3,1,0,,,,92,,,,,,98,,,,,,98604,53,67,210,6,1,0,0,0,0,,0,,,,,,0,,,8,0,0,0,0,9,8,,,0,,,8,8,2,1,,,1,,,2,1,0,,,,,,,,,,,,,,,,,,,,,,,,,,,,,,0,0,0,0,0,0,0,0,0,0,0,0,0,0,0,0,1,0,0,0,0,0,0,0,0,0,0,0,0,1,0,0,0,0,0,,1,0,0,0,0,0,0,0,1,0,0,0,0,0,0,0,,,,,,41-45,36-45,County road,R,Tuesday,Belt Used,PV,White,0,1,0,0,County Road,County Sheriff,Clark County Sheriff's Office,1,0,1,0,0,,,,,,0,0,0,,,,,,,,,,,98,98,98,1,,,,,20,7,,,,,,,,1,0,,,NE LUCIA FALLS RD,2.22,,
2020,549,EA60897,160,09/02/2020,5:53,2,9,,33,King,1030,1,,1,1,2,1,0,2,2,5:54,6:03,6:59,12,0,6,1.4,2,0,2,3,2,1,3,0,0,3,3,SR-181,S 228TH ST,-122.2493333,47.39761111,0,2,82,66,4,50,66,1,0,1,5,12,1,1,8,1,11,1,3,6,0,82,881,2017,0,,12,,,,,,1,1,36,1,0,,0,0,3,0,11,0,,,,,6,1,0,3,1,0,,,,96,,,,,,0,,,,,,95993,6,66,180,6,1,0,0,0,0,,0,,,,,,0,,,20,0,0,0,8,9,8,,,0,,,8,8,0,0,,,0,,,0,0,996,,,,,,,,,,,,,,,,,,,,,,,,,,,,,,0,0,0,1,0,0,1,1,0,0,0,0,0,0,0,0,0,0,0,1,0,0,0,0,0,1,0,0,0,1,1,0,0,0,0,,0,0,0,0,0,0,0,0,0,0,0,0,0,0,0,0,,,,,,36-40,36-45,State route,U,Wednesday,,MHTRUCK,Not Fatal,1,0,0,0,State Route,Municipal/City Police,Kent Police Department,0,1,0,0,0,,,,,,0,0,0,,,,,,,,,,,98,98,98,0,,,,,20,7,,,,,,,,1,0,,,,,,
2020,549,EA60897,160,09/02/2020,5:53,2,9,,33,King,1030,1,,1,1,2,1,0,2,2,5:54,6:03,6:59,12,0,6,1.4,2,0,2,3,2,1,3,0,0,3,3,SR-181,S 228TH ST,-122.2493333,47.39761111,0,1,83,17,2,35,14,0,0,1,2,12,1,1,5,1,1,1,1,53,0,35,401,2016,0,,12,,,,,,1,1,66,1,7,,4,0,20,7,11,5,09/11/2020,15:40,1.96E+11,42658,0,0,0,3,1,39,,,,96,,,,,,98,,,,,,98055,53,72,240,6,1,0,0,1,1,,0,,,,,,0,09/15/2017,09/15/2017,8,0,0,0,0,9,8,,,0,,,8,8,2,348,,,1,,,2,1,0,,,,,,,,,,,,,,,,,,,,,,,,,,,,,,0,0,0,1,0,0,1,1,0,0,0,0,0,0,0,0,0,0,0,1,0,0,0,0,0,1,0,0,0,1,1,0,0,1,0,,1,0,0,0,0,0,1,1,0,0,0,0,0,0,1,0,,,,,,66-70,66-75,State route,U,Wednesday,Not Used,PV,White,1,0,0,0,State Route,Municipal/City Police,Kent Police Department,0,1,0,0,0,,,,,,0,0,0,,,,,,,,,,,98,98,98,1,,,,,20,7,,,,,,,,1,0,,,,,,
2020,329,EA60960,13,08/31/2020,15:49,31,8,,9,Clallam,0,1,,1,1,2,1,0,1,1,,,,11,0,0,0.9,1,0,1,7,1,2,4,0,0,0,0,CR-OLD MILL RD,,-123.4425694,48.07946944,0,1,13,87,6,35,80,0,0,1,2,11,2,2,2,1,14,1,1,53,0,72,706,2007,0,,11,,,,,,1,1,60,8,7,,4,0,20,7,11,5,08/31/2020,18:49,1.70E+11,41930,0,0,0,3,1,0,,,,96,,,,,,98,,,,,,98362,53,69,200,6,1,0,0,0,0,,0,,,,,,0,,,20,8,0,0,0,9,8,,,0,,,8,8,2,189,522,996,1,1,1,2,1,0.063,,,,,,,,,,,,,,,,,,,,,,,,,,,,,,0,1,0,0,1,0,1,1,1,0,0,0,0,0,0,0,0,0,0,0,0,0,0,0,0,0,0,0,1,0,0,0,0,0,1,0,0,0,0,0,1,0,1,1,0,0,0,0,0,0,0,1,,,,,,56-60,56-65,County road,R,Monday,,MC,White,0,0,0,0,County Road,County Sheriff,Clallam County Sheriff's Office,0,0,1,0,0,thc,0.52,carboxy-thc,7.7,,0,0,0,1,1,,,,695,605,,,,0,0,0,1,,,,,5,0,,,,,,,nms,1,0,,,OLD MILL RD.,0.89,,
2020,330,EA61136,129,08/28/2020,22:02,28,8,,53,Pierce,747,1,,3,1,2,1,1,1,1,,,,8,0,0,0,3,0,3,3,2,4,6,0,3,0,0,PACIFIC HWY E,44TH AVE E,-122.3705278,47.24309444,0,1,13,80,5,35,34,0,0,1,5,8,1,1,5,5,1,1,1,53,0,7,482,2019,0,,8,,,,,,1,1,55,1,0,,0,0,3,0,11,0,,,,,0,0,0,3,1,0,,,,96,,,,,,0,,,,,,98023,53,73,395,6,1,0,1,0,0,,0,,,,,,0,11/15/2016,11/15/2016,20,0,0,0,8,9,8,,,0,,,0,0,8,95,,,96,,,2,98,0,,,,,,,,,,,,,,,,,,,,,,,,,,,,,,0,0,0,1,0,0,0,0,0,0,0,0,0,0,0,0,0,0,0,0,0,0,0,0,0,0,0,0,0,1,0,1,0,0,0,,0,0,0,0,0,0,0,0,0,0,0,0,0,0,0,0,,,,,,51-55,46-55,City street,U,Friday,Belt Used,PV,Not Fatal,0,0,0,0,City Street,Municipal/City Police,Fife Police Department,0,0,0,1,0,,,,,,0,0,0,,,,,,,,,,,98,98,98,0,,,,,20,7,,,,,,,,1,0,,,,,,