year,case,par,repjur,crash_dt,crash_tm,accday,accmon,holiday,county,co_char,city,weather,weather2,lightcond,surfcond,surftype,numfatal,nmforms,pforms,vforms,not_tm,arr_tm,hosp_tm,fhevent,hitrun,manncol,milepnt,reljunc,reljuncinter,intersectiontype,funcsystem,landuse,ownership,route,schlbus,spejur,contdev,devfunc,trafid1,trafid2,x,y,wk_zone,vnumber,crashtype,criticalevent,criticaleventcat,spdlim,body,trailer,emerg,hazcargo,leave,mhevent,roadalgn,roadprof,traflane,trafflow,vehmanvr,numoccs,regowner,regstate,spuse,make,model,modelyr,vrf1,vrf2,seqevent1,seqevent2,seqevent3,seqevent4,seqevent5,seqevent6,pnumber,ptype,age,sex,hispanic,race,injury,diedscene,restraint,restraintmisuse,seatpos,takehosp,death_dt,death_tm,cert,cernum_wa,commlic,licendor,licrestrict,liccomp,drivpres,drf1,drf2,drf3,drf4,distract1,distract2,distract3,distract4,distract5,distract6,dricond1,dricond2,dricond3,dricond4,dricond5,dricond6,dzip,licstate,drhgt_in,weight,noncdl,noncdltype,prevdwi,prevoth,prevacc,prevspd,prevsus,driviol1,driviol2,driviol3,driviol4,driviol5,driviol6,spdrel,first_dt,last_dt,airbag,ejection,ejectpath,extricat,injurwrk,methalc,methdrug,nmlocat,strikveh,prf1,prf2,prf3,druginv,alcinvol,drugsts,drugres1,drugres2,drugres3,drugtst1,drugtst2,drugtst3,alcsts,alctst,alcres,nmact1,nmact2,nmact3,nmact4,nmact5,nmact6,nmprior1,nmprior2,nmprior3,nmprior4,nmprior5,nmprior6,nmcond1,nmcond2,nmcond3,nmcond4,nmcond5,nmcond6,nmsafe_helmet,nmsafe_pads,nmsafe_oth,nmprev_ref,nmprev_lgt,nmprev_oth,crashlocation,nmcrashtype,crosswalk,schoolzone,sidewalk,train_inv,wildlife_inv,rotr_fars,intersect_fars,dd_inv,aid_inv,dpd_inv,id_inv,mj_inv,impnm_inv,ainm_inv,dpnm_inv,speed_inv,unlic_inv,unendmc_inv,drowsy_inv,drdist_inv,nmdist_inv,fty_inv,unrestfat_inv,dr1617_inv,dr1820_inv,dr1620_inv,dr2125_inv,dr1625_inv,dr65_inv,dr70_inv,dr75_inv,mc_inv,pv_inv,ht_inv,ped_inv,bike_inv,unrest_fat,mc_fat,unhelmet_mc,pv_fat,ht_fat,ped_fat,bike_fat,dr_alc7,dr_alc8,dr_drug,dr_imp,dr_dist,dr_spd,dr_fty,dr_unlic,dr_alc7only,dr_alc8only,dr_drugonly,dr_drink,nm_imp,nm_alc7,nm_alc8,nm_drug,nm_dist,agegrp1,agegrp2,roadclass,urbrur,dayweek,restuse,vehtype,race_me,intersect,lanedep,oppdir,wrongway,rep_typ,investag,repag_long,rotr,st_rd,cty_rd,city_rd,oth_rd,drug_thc,thc_res,drug_cthc,cthc_res,drug_cann,prevpersemin,prevperse,prevsusoth,drugtst4,drugtst5,drugtst6,drugtst7,drugtst8,drugres4,drugres5,drugres6,drugres7,drugres8,adspresent,adsengaged,adslevel,race1,race2,race3,race4,race5,helmet,helmetmisuse,nmdistract1,nmdistract2,nmdistract3,nmdistract4,nmdistract5,nmdistract6,lab,isedtcase,crf1,crf2,crf3,CoRoadName,CoMP,IntCoRoadName,IntCoMP
2020,331,EA61291,1,08/31/2020,19:00,31,8,,77,Yakima,0,1,,1,1,2,1,0,1,1,,,,1,0,0,0.3,5,1,1,1,1,1,1,0,0,0,0,I-82,,-120.3977806,46.47029167,0,1,6,13,2,98,34,0,0,1,2,1,2,8,1,6,14,1,1,53,0,49,472,2001,0,,63,69,64,1,,,1,1,65,1,1,,4,7,3,0,11,0,08/31/2020,19:00,53040706,40706,6,0,0,3,1,58,,,,96,,,,,,98,,,,,,98953,53,68,210,6,1,0,0,0,0,,0,,,,,,0,,,20,2,9,0,0,1,8,,,0,,,9,1,2,1,,,1,,,2,1,0.03,,,,,,,,,,,,,,,,,,,,,,,,,,,,,,0,0,1,0,1,0,0,0,0,0,0,0,0,0,0,0,0,0,0,0,0,0,0,0,0,1,0,0,0,1,0,0,0,0,0,,1,0,0,0,1,0,0,0,0,0,0,0,1,0,0,1,,,,,,61-65,56-65,Interstate,R,Monday,Belt Used,PV,Hispanic,0,0,0,0,State Route,State Patrol,Washington State Patrol,0,1,0,0,0,,,,,,0,0,0,,,,,,,,,,,98,98,98,98,,,,,20,7,,,,,,,,1,0,,,,,,
2020,333,EA61306,6,08/28/2020,18:00,28,8,,7,Chelan,0,1,,1,1,2,3,0,5,3,18:10,18:35,20:04,12,0,2,154.7,1,0,1,3,1,1,2,0,0,0,0,US-97,,-120.6105694,47.39430556,0,2,51,62,4,60,34,0,0,1,2,12,1,2,3,1,1,2,2,53,0,20,471,1997,0,,12,,,,,,1,1,19,2,1,,4,7,3,0,11,0,08/28/2020,18:00,53040961,40961,0,0,0,3,1,0,,,,96,,,,,,98,,,,,,98119,53,66,127,6,1,0,0,0,0,,0,,,,,,0,,,1,0,0,0,0,9,8,,,0,,,8,8,2,1,,,1,,,2,1,0,,,,,,,,,,,,,,,,,,,,,,,,,,,,,,0,0,0,0,0,0,1,1,1,0,0,0,0,0,0,0,0,0,0,0,0,1,1,0,1,1,0,0,0,1,1,0,0,0,0,,1,0,0,0,0,0,0,0,0,0,0,0,0,0,0,0,,,,,,18-20,16-25,US highway,R,Friday,Belt Used,PV,Hispanic,0,1,1,0,State Route,State Patrol,Washington State Patrol,0,1,0,0,0,,,,,,0,0,0,,,,,,,,,,,0,0,0,202,201,203,,,20,7,,,,,,,,1,0,,,,,,
2020,333,EA61306,6,08/28/2020,18:00,28,8,,7,Chelan,0,1,,1,1,2,3,0,5,3,18:10,18:35,20:04,12,0,2,154.7,1,0,1,3,1,1,2,0,0,0,0,US-97,,-120.6105694,47.39430556,0,3,98,98,7,60,61,0,0,1,2,12,1,2,3,1,1,1,1,53,0,20,870,1995,0,,12,,,,,,1,1,65,2,0,,0,0,3,0,11,0,,,,,0,0,0,3,1,0,,,,96,,,,,,98,,,,,,98840,53,66,160,6,1,0,0,0,1,,0,,,,,,0,08/15/2016,08/15/2016,20,0,0,0,8,9,8,,,0,,,8,8,0,0,,,0,,,0,0,996,,,,,,,,,,,,,,,,,,,,,,,,,,,,,,0,0,0,0,0,0,1,1,1,0,0,0,0,0,0,0,0,0,0,0,0,1,1,0,1,1,0,0,0,1,1,0,0,0,0,,0,0,0,0,0,0,0,0,0,0,0,0,0,0,0,0,,,,,,61-65,56-65,US highway,R,Friday,,MHTRUCK,Not Fatal,0,1,1,0,State Route,State Patrol,Washington State Patrol,0,1,0,0,0,,,,,,0,0,0,,,,,,,,,,,0,0,0,0,,,,,20,7,,,,,,,,1,0,,,,,,
2020,333,EA61306,6,08/28/2020,18:00,28,8,,7,Chelan,0,1,,1,1,2,3,0,5,3,18:10,18:35,20:04,12,0,2,154.7,1,0,1,3,1,1,2,0,0,0,0,US-97,,-120.6105694,47.39430556,0,1,50,10,2,60,15,0,0,1,2,12,1,2,3,1,6,2,1,53,0,49,422,2005,0,,68,12,68,12,,,1,1,43,2,0,,3,0,3,0,11,5,,,,,0,0,3,3,1,33,,,,96,,,,,,98,,,,,,98902,53,59,110,6,1,0,1,1,1,,97,,,,,,0,06/15/2018,12/15/2020,8,0,0,0,8,3,8,,,0,,,8,8,2,695,,,1,,,2,1,0,,,,,,,,,,,,,,,,,,,,,,,,,,,,,,0,0,0,0,0,0,1,1,1,0,0,0,0,0,0,0,0,0,0,0,0,1,1,0,1,1,0,0,0,1,1,0,0,0,0,,0,0,0,0,0,0,1,1,0,0,0,0,0,0,1,0,,,,,,41-45,36-45,US highway,R,Friday,Belt Used,PV,Not Fatal,0,1,1,0,State Route,State Patrol,Washington State Patrol,0,1,0,0,0,,,carboxy-thc,5.9,,0,0,1,,,,,,,,,,,98,98,98,0,,,,,20,7,,,,,,,,1,0,,,,,,
2020,334,EA61388,14,08/30/2020,11:23,30,8,,11,Clark,0,1,,1,1,2,1,0,3,2,,,,11,0,0,1.3,1,0,1,6,1,2,4,0,0,0,0,CR-SE VERNON RD,,-122.2936444,45.62036389,0,1,13,87,6,50,80,0,0,1,2,11,1,2,2,1,1,2,1,53,0,72,706,2019,0,,11,63,24,12,,,1,1,41,1,0,,9,0,20,7,11,0,,,,,0,0,0,3,1,0,,,,96,,,,,,0,,,,,,98607,53,73,210,6,1,0,0,1,2,,0,,,,,,0,09/15/2015,09/15/2019,20,8,0,0,8,9,8,,,0,,,8,8,0,0,,,0,,,0,0,996,,,,,,,,,,,,,,,,,,,,,,,,,,,,,,0,1,0,0,0,0,0,0,0,0,0,0,0,0,0,0,0,0,0,0,0,0,0,0,0,0,0,0,1,0,0,0,0,0,0,0,0,0,0,0,0,0,0,0,0,0,0,0,0,0,0,0,,,,,,41-45,36-45,County road,R,Sunday,,MC,Not Fatal,0,0,0,0,County Road,County Sheriff,Clark County Sheriff's Office,0,0,1,0,0,,,,,,0,0,0,,,,,,,,,,,0,0,0,0,,,,,19,0,,,,,,,,1,0,,,SE VERNON RD,1.32,,
2020,334,EA61388,14,08/30/2020,11:23,30,8,,11,Clark,0,1,,1,1,2,1,0,3,2,,,,11,0,0,1.3,1,0,1,6,1,2,4,0,0,0,0,CR-SE VERNON RD,,-122.2936444,45.62036389,0,2,98,98,7,50,80,0,0,1,5,12,1,2,2,1,1,1,1,53,0,37,705,2013,0,,12,,,,,,1,1,40,1,0,,2,0,20,7,11,0,,,,,0,0,0,3,1,0,,,,96,,,,,,0,,,,,,98671,53,71,165,6,1,0,0,2,1,,0,,,,,,0,08/15/2016,04/15/2019,20,8,0,0,8,9,8,,,0,,,8,8,0,0,,,0,,,0,0,996,,,,,,,,,,,,,,,,,,,,,,,,,,,,,,0,1,0,0,0,0,0,0,0,0,0,0,0,0,0,0,0,0,0,0,0,0,0,0,0,0,0,0,1,0,0,0,0,0,0,0,0,0,0,0,0,0,0,0,0,0,0,0,0,0,0,0,,,,,,36-40,36-45,County road,R,Sunday,,MC,Not Fatal,0,0,0,0,County Road,County Sheriff,Clark County Sheriff's Office,0,0,1,0,0,,,,,,0,0,0,,,,,,,,,,,0,0,0,0,,,,,19,0,,,,,,,,1,0,,,SE VERNON RD,1.32,,
2020,335,EA61437,32,07/17/2020,13:10,17,7,,47,Okanogan,0,1,,9,1,2,1,0,1,1,,,,17,0,0,9999.9,1,0,1,6,1,2,4,0,3,0,0,CR-COLUMBIA RIVER RD,,-119.2279694,48.11639167,0,1,1,13,2,50,34,0,0,1,2,17,3,2,2,1,14,1,1,53,0,7,482,2001,0,,63,67,17,1,,,1,1,52,1,7,,4,7,3,0,11,0,07/17/2020,13:10,53033143,33143,0,0,0,3,1,0,,,,0,,,,,,8,,,,,,98840,53,71,185,6,1,0,0,0,0,,0,,,,,,0,,,8,0,0,0,0,9,8,,,0,,,8,8,8,95,,,96,,,2,95,997,,,,,,,,,,,,,,,,,,,,,,,,,,,,,,0,0,1,0,0,0,0,0,0,0,0,0,0,0,0,0,0,0,0,0,0,0,0,0,0,0,0,0,0,1,0,0,0,0,0,,1,0,0,0,0,0,0,0,0,0,0,0,0,0,0,0,,,,,,51-55,46-55,County road,R,Friday,Belt Used,PV,White,0,1,0,0,Other,County Sheriff,Okanogan County Sheriff's Office,1,0,0,0,1,,,,,,0,0,0,,,,,,,,,,,98,98,98,1,,,,,20,7,,,,,,,,1,0,,,,,,
2020,336,EA61472,3,09/04/2020,23:21,4,9,,53,Pierce,1124,1,,3,1,2,1,1,2,2,23:21,23:26,,8,0,0,0.6,1,0,1,3,2,1,3,0,0,0,0,SR-512,,-122.4686056,47.16041944,0,2,98,80,5,45,14,0,0,1,5,8,1,1,4,3,1,1,1,53,0,48,401,2017,0,,8,,,,,,1,1,74,2,0,,0,0,99,7,11,0,,,,,0,0,0,3,1,0,,,,96,,,,,,98,,,,,,98467,53,64,150,6,1,0,0,0,0,,0,,,,,,0,,,20,0,0,0,8,9,8,,,0,,,8,8,0,0,,,0,,,0,0,996,,,,,,,,,,,,,,,,,,,,,,,,,,,,,,0,0,0,0,0,0,0,0,0,1,0,1,0,0,0,0,0,0,0,0,0,0,0,0,0,1,1,0,0,1,0,1,0,0,0,,0,0,0,0,0,0,0,0,0,0,0,0,0,0,0,0,,,,,,71-75,66-75,State route,U,Friday,Unknown,PV,Not Fatal,0,0,0,0,State Route,State Patrol,Washington State Patrol,0,1,0,0,0,,,,,,0,0,0,,,,,,,,,,,98,98,98,0,,,,,20,7,,,,,,,,1,0,,,,,,
2020,336,EA61472,3,09/04/2020,23:21,4,9,,53,Pierce,1124,1,,3,1,2,1,1,2,2,23:21,23:26,,8,1,0,0.6,1,0,1,3,2,1,3,0,0,0,0,SR-512,,-122.4686056,47.16041944,0,1,13,80,5,45,99,0,0,1,5,8,1,1,4,3,1,99,9,99,0,99,999,9999,0,,8,,,,,,1,1,999,9,0,,0,0,99,7,11,0,,,,,99,9,9,9,1,0,,,,96,,,,,,98,,,,,,99999,99,,999,9,9,99,99,99,99,,97,,,,,,0,,,99,0,0,0,8,9,8,,,0,,,8,8,0,0,,,0,,,0,0,996,,,,,,,,,,,,,,,,,,,,,,,,,,,,,,0,0,0,0,0,0,0,0,0,1,0,1,0,0,0,0,0,0,0,0,0,0,0,0,0,1,1,0,0,1,0,1,0,0,0,,0,0,0,0,0,0,0,0,0,0,0,0,0,0,0,0,,,,,,,,State route,U,Friday,,NR-U,Not Fatal,0,0,0,0,State Route,State Patrol,Washington State Patrol,0,1,0,0,0,,,,,,99,99,99,,,,,,,,,,,98,98,98,0,,,,,20,7,,,,,,,,1,0,,,,,,
2020,337,EA61519,173,09/06/2020,21:19,6,9,,53,Pierce,1124,1,,3,1,2,1,0,1,1,,,,30,0,0,0,1,0,1,3,2,4,6,0,0,0,0,WASHINGTON BLVD SW,,-122.5639917,47.14854167,0,1,1,13,2,35,3,0,0,1,2,30,3,1,3,1,14,1,1,53,0,35,48,2006,0,,63,30,30,,,,1,1,29,1,7,,4,0,3,0,11,5,09/07/2020,1:03,76353042788,42788,0,0,3,3,1,0,,,,96,,,,,,98,,,,,,18052,42,69,999,6,1,0,0,0,0,,0,,,,,,2,,,8,0,0,0,0,9,8,,,0,,,8,8,8,95,,,96,,,8,95,995,,,,,,,,,,,,,,,,,,,,,,,,,,,,,,0,0,1,0,0,0,0,0,0,0,0,0,1,0,0,0,0,0,0,0,0,0,0,0,0,0,0,0,0,1,0,0,0,0,0,,1,0,0,0,0,0,0,0,0,1,0,0,0,0,0,0,,,,,,26-30,26-35,City street,U,Sunday,Belt Used,PV,Black,0,1,0,0,City Street,Municipal/City Police,Lakewood Police Department,1,0,0,1,0,,,,,,0,0,0,,,,,,,,,,,98,98,98,2,,,,,20,7,,,,,,,,1,0,,,,,,
2020,338,EA61650,1,09/02/2020,16:10,2,9,,77,Yakima,1420,1,,1,1,2,1,0,3,3,16:22,16:24,17:13,12,0,6,5.1,2,0,2,3,2,1,3,0,0,0,0,SR-24,RIVARD RD,-120.3855528,46.54999167,0,1,89,17,2,50,4,0,0,1,2,12,1,1,2,1,1,1,2,53,0,49,32,2016,0,,12,,,,,,1,1,28,2,6,,4,0,3,0,11,5,09/04/2020,4:29,1.96E+11,41402,0,0,3,3,1,38,,,,96,,,,,,98,,,,,,98936,53,60,135,6,1,0,0,0,0,,0,,,,,,0,,,8,0,0,0,0,9,8,,,0,,,8,8,2,1,,,1,,,2,1,0,,,,,,,,,,,,,,,,,,,,,,,,,,,,,,0,0,0,1,0,0,0,0,0,0,0,0,0,0,0,0,0,0,1,0,0,0,0,0,0,0,0,0,0,1,1,0,0,0,0,,1,0,0,0,0,0,0,0,0,0,1,0,0,0,0,0,,,,,,26-30,26-35,State route,U,Wednesday,Belt Used,PV,Hispanic,1,0,0,0,State Route,State Patrol,Washington State Patrol,0,1,0,0,0,,,,,,0,0,0,,,,,,,,,,,98,98,98,98,,,,,20,7,,,,,,,,1,0,,,,,,
2020,338,EA61650,1,09/02/2020,16:10,2,9,,77,Yakima,1420,1,,1,1,2,1,0,3,3,16:22,16:24,17:13,12,0,6,5.1,2,0,2,3,2,1,3,0,0,0,0,SR-24,RIVARD RD,-120.3855528,46.54999167,0,3,98,62,4,55,34,0,0,1,2,38,1,1,3,1,1,1,2,53,0,12,481,2005,0,,63,38,,,,,1,1,42,1,0,,0,0,3,0,11,0,,,,,0,0,3,3,1,0,,,,96,,,,,,0,,,,,,98936,53,71,250,6,1,0,3,0,0,,0,,,,,,0,02/15/2016,08/15/2019,20,0,0,0,8,3,8,,,0,,,8,8,0,0,,,0,,,9,99,999,,,,,,,,,,,,,,,,,,,,,,,,,,,,,,0,0,0,1,0,0,0,0,0,0,0,0,0,0,0,0,0,0,1,0,0,0,0,0,0,0,0,0,0,1,1,0,0,0,0,,0,0,0,0,0,0,0,0,0,0,0,0,0,0,0,0,,,,,,41-45,36-45,State route,U,Wednesday,Belt Used,PV,Not Fatal,1,0,0,0,State Route,State Patrol,Washington State Patrol,0,1,0,0,0,,,,,,0,0,0,,,,,,,,,,,98,98,98,0,,,,,20,7,,,,,,,,1,0,,,,,,
2020,338,EA61650,1,09/02/2020,16:10,2,9,,77,Yakima,1420,1,,1,1,2,1,0,3,3,16:22,16:24,17:13,12,0,6,5.1,2,0,2,3,2,1,3,0,0,0,0,SR-24,RIVARD RD,-120.3855528,46.54999167,0,2,88,66,4,55,66,1,0,1,2,12,1,1,3,1,1,1,3,53,0,84,881,2018,0,,12,,,,,,1,1,28,1,0,,0,0,3,0,11,0,,,,,6,1,0,3,1,0,,,,96,,,,,,0,,,,,,98942,53,68,190,6,1,0,0,0,2,,0,,,,,,0,06/15/2016,10/15/2020,20,0,0,0,8,3,8,,,0,,,8,8,0,0,,,0,,,0,0,996,,,,,,,,,,,,,,,,,,,,,,,,,,,,,,0,0,0,1,0,0,0,0,0,0,0,0,0,0,0,0,0,0,1,0,0,0,0,0,0,0,0,0,0,1,1,0,0,0,0,,0,0,0,0,0,0,0,0,0,0,0,0,0,0,0,0,,,,,,26-30,26-35,State route,U,Wednesday,,MHTRUCK,Not Fatal,1,0,0,0,State Route,State Patrol,Washington State Patrol,0,1,0,0,0,,,,,,0,0,0,,,,,,,,,,,98,98,98,0,,,,,20,7,,,,,,,,1,0,,,,,,
2020,339,EA61769,4,09/07/2020,18:30,7,9,,63,Spokane,2113,1,,1,1,2,1,0,3,2,18:29,18:35,19:04,12,0,6,11.5,2,0,2,3,2,1,3,0,0,20,3,SR-290,N FLORA RD,-117.1754528,47.69675278,0,1,89,17,2,35,14,0,0,1,2,12,1,1,2,1,1,1,2,53,0,63,401,2001,0,,12,,,,,,1,1,37,2,7,,4,0,3,0,11,5,09/07/2020,19:14,2.11E+11,41427,0,0,0,2,1,8,39,,,96,,,,,,9,,,,,,99206,53,65,140,1,1,1,6,1,1,,0,,,,,,0,08/15/2017,09/15/2018,8,0,0,0,0,1,8,,,0,,,1,1,2,695,605,401,1,1,1,2,1,0.01,,,,,,,,,,,,,,,,,,,,,,,,,,,,,,0,0,0,1,1,0,1,1,1,0,0,0,0,1,0,0,0,0,0,0,1,0,1,0,1,0,0,0,0,1,0,0,0,0,0,,1,0,0,0,1,0,1,1,0,0,0,1,0,0,0,1,,,,,,36-40,36-45,State route,U,Monday,Belt Used,PV,White,1,0,0,0,State Route,State Patrol,Washington State Patrol,0,1,0,0,0,thc,37,carboxy-thc,18,,0,0,5,1,,,,,417,,,,,98,98,98,1,,,,,20,7,,,,,,,nms,1,0,,,,,,
2020,339,EA61769,4,09/07/2020,18:30,7,9,,63,Spokane,2113,1,,1,1,2,1,0,3,2,18:29,18:35,19:04,12,0,6,11.5,2,0,2,3,2,1,3,0,0,0,0,SR-290,N FLORA RD,-117.1754528,47.69675278,0,2,88,66,4,50,34,0,0,1,2,12,1,1,5,1,1,2,2,53,0,20,481,1995,0,,12,,,,,,1,1,16,1,0,,0,0,3,0,11,0,,,,,0,0,1,3,1,0,,,,96,,,,,,0,,,,,,99207,53,67,120,6,2,0,0,0,0,,0,,,,,,0,,,20,0,0,0,8,9,8,,,0,,,8,8,0,0,,,0,,,0,0,996,,,,,,,,,,,,,,,,,,,,,,,,,,,,,,0,0,0,1,1,0,1,1,1,0,0,0,0,1,0,0,0,0,0,0,1,0,1,0,1,0,0,0,0,1,0,0,0,0,0,,0,0,0,0,0,0,0,0,0,0,0,0,0,0,0,0,,,,,,16-17,16-25,State route,U,Monday,Belt Used,PV,Not Fatal,1,0,0,0,State Route,State Patrol,Washington State Patrol,0,1,0,0,0,,,,,,0,0,0,,,,,,,,,,,0,0,0,0,,,,,20,7,,,,,,,,1,0,,,,,,
2020,340,EA62082,305,09/02/2020,18:42,2,9,,11,Clark,2370,1,,1,1,2,1,1,1,1,18:43,18:48,19:02,8,1,0,0,3,0,2,3,2,4,6,0,0,3,3,E MILL PLAIN BLVD,GRAND BLVD,-122.6406361,45.62828056,0,1,13,80,5,35,14,0,0,1,5,8,1,1,5,1,1,99,9,99,0,23,401,2002,0,,8,,,,,,1,1,21,2,0,,0,0,3,0,11,0,,,,,0,0,3,2,1,0,,,,92,,,,,,98,,,,,,98604,53,62,110,1,1,2,0,0,1,,97,,,,,,0,08/15/2019,08/15/2020,20,0,0,0,8,9,8,,,0,,,8,8,8,95,,,96,,,8,95,995,,,,,,,,,,,,,,,,,,,,,,,,,,,,,,0,0,0,1,0,0,0,0,0,1,1,1,0,1,0,0,1,0,0,0,0,0,0,1,1,0,0,0,0,1,0,1,0,0,0,,0,0,0,0,0,0,0,0,1,0,0,1,0,0,0,0,,,,,,21-25,16-25,City street,U,Wednesday,Belt Used,PV,Not Fatal,1,0,0,0,City Street,Municipal/City Police,Vancouver Police Department,0,0,0,1,0,,,,,,1,0,5,,,,,,,,,,,98,98,98,0,,,,,20,7,,,,,,,,1,0,,,,,,
2020,341,EA62201,40,09/08/2020,14:24,8,9,,63,Spokane,0,1,,1,1,2,1,0,1,1,,,,1,0,0,81.6,1,0,1,5,1,1,3,0,0,0,0,SR-27,,-117.2234556,47.57346667,0,1,2,6,1,98,14,0,0,1,2,1,3,2,2,1,14,1,2,53,0,63,402,2006,0,,63,1,42,,,,1,1,39,1,7,,4,7,3,0,11,0,09/08/2020,14:24,53042554,42554,0,0,3,2,1,8,37,,,96,,,,,,98,,,,,,99037,53,71,206,1,1,0,1,0,1,,0,,,,,,0,08/15/2018,11/15/2019,99,0,0,0,0,9,8,,,0,,,8,8,2,321,351,128,1,1,1,2,1,0,,,,,,,,,,,,,,,,,,,,,,,,,,,,,,0,0,0,0,0,0,1,1,0,0,0,0,0,1,0,0,0,0,0,0,0,0,0,0,0,0,0,0,0,1,0,0,0,0,0,,1,0,0,0,0,0,1,1,0,0,0,1,0,0,1,0,,,,,,36-40,36-45,State route,R,Tuesday,Belt Used,PV,White,0,1,0,0,State Route,County Sheriff,Spokane County Sheriff's Office,1,1,0,0,0,,,,,,0,0,3,1,1,1,,,177,996,401,417,,98,98,98,1,,,,,20,7,,,,,,,,1,20,,,,,,
2020,342,EA62414,57,09/07/2020,20:53,7,9,,11,Clark,107,5,,2,1,2,1,0,1,1,,,,53,1,0,0,1,0,1,5,2,4,6,0,0,0,0,NE 112TH AVE/SW 20TH AVE,,-122.5579056,45.76388333,0,1,1,13,2,25,3,0,0,1,2,1,1,8,2,1,1,1,5,53,0,37,31,1996,0,,63,53,1,,,,1,1,43,1,7,,4,7,99,7,11,0,09/07/2020,20:53,10753058581,58581,0,0,0,2,1,0,,,,92,,,,,,98,,,,,,98604,53,72,190,1,1,0,0,0,0,,0,,,,,,0,,,20,1,9,0,0,9,8,,,0,,,8,8,8,95,,,96,,,8,95,995,,,,,,,,,,,,,,,,,,,,,,,,,,,,,,0,0,1,0,0,0,0,0,0,0,0,0,0,1,0,0,1,0,0,0,0,0,0,0,0,0,0,0,0,1,0,0,0,0,0,,1,0,0,0,0,0,0,0,1,0,0,1,0,0,0,0,,,,,,41-45,36-45,City street,U,Monday,Unknown,PV,White,0,1,0,0,City Street,Municipal/City Police,Battleground Police Department,1,0,0,1,0,,,,,,0,0,0,,,,,,,,,,,0,0,0,1,,,,,20,7,,,,,,,,1,0,,,,,,
2020,343,EA62435,2,09/05/2020,0:35,5,9,,61,Snohomish,1407,1,,3,1,2,1,0,1,1,,,,24,0,0,179.4,1,0,1,1,2,1,1,0,0,0,0,I-5,,-122.3137139,47.80093056,0,1,6,12,2,60,80,0,0,1,2,24,2,1,4,3,14,1,2,53,0,53,705,2006,0,,64,24,1,,,,1,1,24,1,6,,4,7,20,7,11,0,09/05/2020,0:35,1.41E+11,42749,0,0,0,2,1,0,,,,96,,,,,,98,,,,,,98087,53,69,160,1,1,0,0,0,1,,0,,,,,,4,09/15/2017,09/15/2017,20,8,0,0,0,9,8,,,0,,,8,8,2,1,,,1,,,2,1,0.222,,,,,,,,,,,,,,,,,,,,,,,,,,,,,,0,0,1,0,1,1,0,1,0,0,0,0,1,1,1,0,0,0,0,0,0,0,0,1,1,0,0,0,1,0,0,0,0,0,1,0,0,0,0,0,0,1,0,1,0,1,0,1,0,1,0,1,,,,,,21-25,16-25,Interstate,U,Saturday,,MC,Hispanic,0,1,0,0,State Route,State Patrol,Washington State Patrol,1,1,0,0,0,,,,,,0,0,1,,,,,,,,,,,0,0,0,3,,,,,5,0,,,,,,,,1,0,,,,,,
2020,344,EA62513,6,09/04/2020,19:43,4,9,,47,Okanogan,0,1,,2,1,2,1,0,2,1,,,,11,0,0,205.8,1,0,1,4,1,1,3,0,0,0,0,SR-20,,-120.0388917,48.35467778,0,1,13,87,6,60,82,0,0,1,2,11,1,1,2,1,1,2,1,53,0,72,706,2014,0,,11,64,38,1,,,1,1,69,1,0,,3,0,20,7,11,5,,,,,0,0,3,3,1,0,,,,96,,,,,,0,,,,,,98576,53,65,155,6,1,0,0,2,1,,0,,,,,,0,01/15/2016,03/15/2020,20,8,0,0,8,9,8,,,0,,,8,8,0,0,,,0,,,0,0,996,,,,,,,,,,,,,,,,,,,,,,,,,,,,,,0,1,0,0,0,0,0,0,0,0,0,0,0,0,0,0,0,0,0,0,0,0,0,0,0,1,0,0,1,0,0,0,0,0,0,0,0,0,0,0,0,0,0,0,0,0,0,0,0,0,0,0,,,,,,66-70,66-75,State route,R,Friday,,MC,Not Fatal,0,0,0,0,State Route,State Patrol,Washington State Patrol,0,1,0,0,0,,,,,,0,0,0,,,,,,,,,,,0,0,0,0,,,,,5,0,,,,,,,,1,0,,,,,,
2020,345,EA62527,21,09/05/2020,19:20,5,9,,25,Grant,0,1,,1,1,4,2,0,2,2,19:29,19:51,,12,0,2,3.2,1,0,1,7,1,2,4,0,0,0,0,CR-SAND DUNES RD SE,,-119.3003306,47.06604444,0,1,50,10,2,35,90,0,0,1,5,12,2,1,2,1,6,1,9,99,0,76,734,2008,0,,68,12,,,,,1,1,23,1,7,,4,7,20,7,11,0,09/05/2020,19:54,53041322,41322,0,0,3,2,1,28,,,,96,,,,,,98,,,,,,98258,53,66,120,1,1,1,2,0,4,,0,,,,,,3,05/15/2016,04/15/2019,20,1,9,0,0,9,8,,,0,,,8,8,8,95,,,96,,,8,95,995,,,,,,,,,,,,,,,,,,,,,,,,,,,,,,0,0,0,0,0,0,0,0,0,0,0,0,1,1,1,0,0,0,0,0,0,0,0,1,1,0,0,0,1,0,0,0,0,0,0,,0,0,0,0,0,0,0,0,0,1,0,1,0,0,0,0,,,,,,21-25,16-25,County road,R,Saturday,,OTHVT,White,0,1,1,0,County Road,County Sheriff,Grant County Sheriff's Office,0,0,1,0,0,,,,,,0,1,6,,,,,,,,,,,0,0,0,1,,,,,5,0,,,,,,,,1,0,,,SAND DUNES RD,3.18,,