year,case,par,repjur,crash_dt,crash_tm,accday,accmon,holiday,county,co_char,city,weather,weather2,lightcond,surfcond,surftype,numfatal,nmforms,pforms,vforms,not_tm,arr_tm,hosp_tm,fhevent,hitrun,manncol,milepnt,reljunc,reljuncinter,intersectiontype,funcsystem,landuse,ownership,route,schlbus,spejur,contdev,devfunc,trafid1,trafid2,x,y,wk_zone,vnumber,crashtype,criticalevent,criticaleventcat,spdlim,body,trailer,emerg,hazcargo,leave,mhevent,roadalgn,roadprof,traflane,trafflow,vehmanvr,numoccs,regowner,regstate,spuse,make,model,modelyr,vrf1,vrf2,seqevent1,seqevent2,seqevent3,seqevent4,seqevent5,seqevent6,pnumber,ptype,age,sex,hispanic,race,injury,diedscene,restraint,restraintmisuse,seatpos,takehosp,death_dt,death_tm,cert,cernum_wa,commlic,licendor,licrestrict,liccomp,drivpres,drf1,drf2,drf3,drf4,distract1,distract2,distract3,distract4,distract5,distract6,dricond1,dricond2,dricond3,dricond4,dricond5,dricond6,dzip,licstate,drhgt_in,weight,noncdl,noncdltype,prevdwi,prevoth,prevacc,prevspd,prevsus,driviol1,driviol2,driviol3,driviol4,driviol5,driviol6,spdrel,first_dt,last_dt,airbag,ejection,ejectpath,extricat,injurwrk,methalc,methdrug,nmlocat,strikveh,prf1,prf2,prf3,druginv,alcinvol,drugsts,drugres1,drugres2,drugres3,drugtst1,drugtst2,drugtst3,alcsts,alctst,alcres,nmact1,nmact2,nmact3,nmact4,nmact5,nmact6,nmprior1,nmprior2,nmprior3,nmprior4,nmprior5,nmprior6,nmcond1,nmcond2,nmcond3,nmcond4,nmcond5,nmcond6,nmsafe_helmet,nmsafe_pads,nmsafe_oth,nmprev_ref,nmprev_lgt,nmprev_oth,crashlocation,nmcrashtype,crosswalk,schoolzone,sidewalk,train_inv,wildlife_inv,rotr_fars,intersect_fars,dd_inv,aid_inv,dpd_inv,id_inv,mj_inv,impnm_inv,ainm_inv,dpnm_inv,speed_inv,unlic_inv,unendmc_inv,drowsy_inv,drdist_inv,nmdist_inv,fty_inv,unrestfat_inv,dr1617_inv,dr1820_inv,dr1620_inv,dr2125_inv,dr1625_inv,dr65_inv,dr70_inv,dr75_inv,mc_inv,pv_inv,ht_inv,ped_inv,bike_inv,unrest_fat,mc_fat,unhelmet_mc,pv_fat,ht_fat,ped_fat,bike_fat,dr_alc7,dr_alc8,dr_drug,dr_imp,dr_dist,dr_spd,dr_fty,dr_unlic,dr_alc7only,dr_alc8only,dr_drugonly,dr_drink,nm_imp,nm_alc7,nm_alc8,nm_drug,nm_dist,agegrp1,agegrp2,roadclass,urbrur,dayweek,restuse,vehtype,race_me,intersect,lanedep,oppdir,wrongway,rep_typ,investag,repag_long,rotr,st_rd,cty_rd,city_rd,oth_rd,drug_thc,thc_res,drug_cthc,cthc_res,drug_cann,prevpersemin,prevperse,prevsusoth,drugtst4,drugtst5,drugtst6,drugtst7,drugtst8,drugres4,drugres5,drugres6,drugres7,drugres8,adspresent,adsengaged,adslevel,race1,race2,race3,race4,race5,helmet,helmetmisuse,nmdistract1,nmdistract2,nmdistract3,nmdistract4,nmdistract5,nmdistract6,lab,isedtcase,crf1,crf2,crf3,CoRoadName,CoMP,IntCoRoadName,IntCoMP
2020,398,EA64388,26,09/15/2020,13:13,15,9,,35,Kitsap,0,1,,1,1,2,1,0,2,2,13:22,13:31,14:08,12,0,6,2.6,2,0,3,5,1,2,4,0,0,20,3,CR-SW LAKEWAY BLVD,SIDNEY RD,-122.6612333,47.4397,0,2,78,16,2,35,34,0,0,1,2,12,1,1,2,1,10,1,1,53,0,20,473,2004,0,,12,,,,,,1,1,83,1,7,,4,0,99,7,11,5,10/12/2020,2:35,2.23E+11,47391,0,0,3,3,1,39,,,,96,,,,,,0,,,,,,98367,53,68,260,6,1,0,0,0,0,,0,,,,,,0,,,8,0,0,0,0,9,8,,,0,,,8,8,8,95,,,96,,,8,95,995,,,,,,,,,,,,,,,,,,,,,,,,,,,,,,0,0,0,1,0,0,0,0,0,0,0,0,0,0,0,0,0,0,0,0,0,0,0,0,0,1,1,1,0,1,0,0,0,0,0,,1,0,0,0,0,0,0,0,0,0,0,0,0,0,0,0,,,,,,81+,76+,County road,R,Tuesday,Unknown,PV,Multiracial,1,0,0,0,County Road,County Sheriff,Kitsap County Sheriff's Office,0,0,1,0,0,,,,,,0,0,0,,,,,,,,,,,98,98,98,298,,,,,20,7,,,,,,,,1,0,,,SIDNEY RD SW,2.644,LAKEWAY BLVD (SW),0
2020,398,EA64388,26,09/15/2020,13:13,15,9,,35,Kitsap,0,1,,1,1,2,1,0,2,2,13:22,13:31,14:08,12,0,6,2.6,2,0,3,5,1,2,4,0,0,0,0,CR-SW LAKEWAY BLVD,SIDNEY RD,-122.6612333,47.4397,0,1,79,65,4,45,15,0,0,1,2,12,1,1,2,1,1,1,1,53,0,41,421,2019,0,,12,68,64,38,43,,1,1,52,2,0,,1,0,3,0,11,5,,,,,0,0,3,3,1,0,,,,96,,,,,,0,,,,,,98531,53,67,175,6,1,0,0,0,0,,0,,,,,,0,,,8,0,0,0,8,9,8,,,0,,,8,8,0,0,,,0,,,0,0,996,,,,,,,,,,,,,,,,,,,,,,,,,,,,,,0,0,0,1,0,0,0,0,0,0,0,0,0,0,0,0,0,0,0,0,0,0,0,0,0,1,1,1,0,1,0,0,0,0,0,,0,0,0,0,0,0,0,0,0,0,0,0,0,0,0,0,,,,,,51-55,46-55,County road,R,Tuesday,Belt Used,PV,Not Fatal,1,0,0,0,County Road,County Sheriff,Kitsap County Sheriff's Office,0,0,1,0,0,,,,,,0,0,0,,,,,,,,,,,98,98,98,0,,,,,20,7,,,,,,,,1,0,,,SIDNEY RD SW,2.644,LAKEWAY BLVD (SW),0
2020,355,EA64491,163,09/01/2020,20:38,1,9,,33,King,1050,1,,1,1,2,1,0,3,3,20:56,20:56,21:08,12,0,1,0,3,0,2,3,2,4,6,0,0,3,3,100TH AVE NE,NE 132ND ST,-122.2077306,47.71848056,0,1,20,50,3,35,1,0,0,1,5,12,1,1,4,1,1,1,3,53,0,22,398,1966,0,,12,,,,,,1,1,58,1,7,,4,0,99,7,11,5,09/02/2020,8:33,1.96E+11,41188,0,0,3,3,1,0,,,,96,,,,,,98,,,,,,98034,53,70,170,6,1,3,3,3,0,,0,,,,,,4,05/15/2016,07/15/2019,20,0,0,0,0,9,8,,,0,,,8,8,0,0,,,0,,,0,0,996,,,,,,,,,,,,,,,,,,,,,,,,,,,,,,0,0,0,1,0,0,0,0,0,0,0,0,1,0,0,0,0,0,0,0,0,0,0,0,0,1,0,0,0,1,0,0,0,0,0,,1,0,0,0,0,0,0,0,0,1,0,0,0,0,0,0,,,,,,56-60,56-65,City street,U,Tuesday,Unknown,PV,White,1,0,0,0,City Street,Municipal/City Police,Kirkland Police Department,0,0,0,1,0,,,,,,0,1,2,,,,,,,,,,,0,0,0,1,,,,,20,7,,,,,,,,1,0,,,,,,
2020,355,EA64491,163,09/01/2020,20:38,1,9,,33,King,1050,1,,1,1,2,1,0,3,3,20:56,20:56,21:08,12,0,1,0,3,0,2,3,2,4,6,0,0,3,3,100TH AVE NE,NE 132ND ST,-122.2077306,47.71848056,0,2,21,53,3,35,6,0,0,1,5,12,1,1,4,1,5,1,1,53,0,12,24,2007,0,,12,12,,,,,1,1,29,1,0,,2,0,3,0,11,5,,,,,0,0,3,3,1,0,,,,96,,,,,,0,,,,,,98034,53,74,240,6,1,0,1,0,0,,0,,,,,,0,05/15/2016,05/15/2016,1,0,0,0,8,9,8,,,0,,,8,8,0,0,,,0,,,0,0,996,,,,,,,,,,,,,,,,,,,,,,,,,,,,,,0,0,0,1,0,0,0,0,0,0,0,0,1,0,0,0,0,0,0,0,0,0,0,0,0,1,0,0,0,1,0,0,0,0,0,,0,0,0,0,0,0,0,0,0,0,0,0,0,0,0,0,,,,,,26-30,26-35,City street,U,Tuesday,Belt Used,PV,Not Fatal,1,0,0,0,City Street,Municipal/City Police,Kirkland Police Department,0,0,0,1,0,,,,,,0,0,0,,,,,,,,,,,98,98,98,0,,,,,20,7,,,,,,,,1,0,,,,,,
2020,355,EA64491,163,09/01/2020,20:38,1,9,,33,King,1050,1,,1,1,2,1,0,3,3,20:56,20:56,21:08,12,0,1,0,3,0,2,3,2,4,6,0,0,3,3,100TH AVE NE,NE 132ND ST,-122.2077306,47.71848056,0,3,98,98,7,35,52,0,0,1,2,12,1,1,5,1,11,1,3,94,3,92,988,2018,0,,12,,,,,,1,1,66,2,0,,2,0,3,0,11,0,,,,,6,1,1,3,1,0,,,,96,,,,,,0,,,,,,98117,53,68,167,6,1,0,0,0,0,,0,,,,,,0,,,20,0,0,0,8,9,8,,,0,,,8,8,0,0,,,0,,,0,0,996,,,,,,,,,,,,,,,,,,,,,,,,,,,,,,0,0,0,1,0,0,0,0,0,0,0,0,1,0,0,0,0,0,0,0,0,0,0,0,0,1,0,0,0,1,0,0,0,0,0,,0,0,0,0,0,0,0,0,0,0,0,0,0,0,0,0,,,,,,66-70,66-75,City street,U,Tuesday,,BUS,Not Fatal,1,0,0,0,City Street,Municipal/City Police,Kirkland Police Department,0,0,0,1,0,,,,,,0,0,0,,,,,,,,,,,98,98,98,0,,,,,20,7,,,,,,,,1,0,,,,,,
2020,358,EA64517,3,09/02/2020,12:12,2,9,,53,Pierce,1124,1,,1,1,2,1,0,7,4,,,,12,0,1,0.3,1,0,1,3,2,1,3,0,0,0,0,SR-512,,-122.4735083,47.16163889,0,3,98,98,7,45,4,0,0,1,2,12,1,1,4,3,2,1,2,53,0,37,31,2002,0,,12,12,,,,,1,1,47,1,0,,1,0,3,0,11,0,,,,,0,0,0,3,1,0,,,,96,,,,,,98,,,,,,98327,53,64,180,6,1,0,0,0,0,,0,,,,,,0,,,20,0,0,0,8,9,8,,,0,,,8,8,8,95,,,96,,,8,95,995,,,,,,,,,,,,,,,,,,,,,,,,,,,,,,0,0,0,0,0,0,1,1,0,0,0,0,1,1,0,0,0,0,0,0,0,0,0,1,1,0,0,0,0,1,0,0,0,0,0,,0,0,0,0,0,0,0,0,0,0,0,0,0,0,0,0,,,,,,46-50,46-55,State route,U,Wednesday,Belt Used,PV,Not Fatal,0,0,0,0,State Route,State Patrol,Washington State Patrol,0,1,0,0,0,,,,,,0,0,0,,,,,,,,,,,98,98,98,0,,,,,20,7,,,,,,,,1,0,,,,,,
2020,358,EA64517,3,09/02/2020,12:12,2,9,,53,Pierce,1124,1,,1,1,2,1,0,7,4,,,,12,0,1,0.3,1,0,1,3,2,1,3,0,0,0,0,SR-512,,-122.4735083,47.16163889,0,1,28,52,3,45,4,0,0,1,2,12,1,1,4,3,1,1,2,53,0,49,40,2003,0,,12,12,,,,,1,1,28,1,0,,0,0,3,0,11,0,,,,,0,0,0,2,1,0,,,,96,,,,,,98,,,,,,98404,53,72,180,1,1,0,2,1,2,,97,,,,,,4,06/15/2017,09/15/2020,20,0,0,0,8,3,8,,,0,,,8,8,8,95,,,96,,,8,95,995,,,,,,,,,,,,,,,,,,,,,,,,,,,,,,0,0,0,0,0,0,1,1,0,0,0,0,1,1,0,0,0,0,0,0,0,0,0,1,1,0,0,0,0,1,0,0,0,0,0,,0,0,0,0,0,0,0,0,0,1,0,1,0,0,0,0,,,,,,26-30,26-35,State route,U,Wednesday,Belt Used,PV,Not Fatal,0,0,0,0,State Route,State Patrol,Washington State Patrol,0,1,0,0,0,,,,,,0,0,3,,,,,,,,,,,98,98,98,0,,,,,20,7,,,,,,,,1,0,,,,,,
2020,358,EA64517,3,09/02/2020,12:12,2,9,,53,Pierce,1124,1,,1,1,2,1,0,7,4,,,,12,0,1,0.3,1,0,1,3,2,1,3,0,0,0,0,SR-512,,-122.4735083,47.16163889,0,4,98,98,7,45,34,0,0,1,2,12,1,1,4,3,1,4,1,53,0,49,472,2017,0,,12,,,,,,1,1,35,1,0,,0,0,3,0,11,0,,,,,0,0,3,3,1,0,,,,96,,,,,,98,,,,,,98445,53,69,185,6,1,0,0,1,0,,0,,,,,,0,06/15/2018,06/15/2018,20,0,0,0,8,9,8,,,0,,,8,8,8,95,,,96,,,8,95,995,,,,,,,,,,,,,,,,,,,,,,,,,,,,,,0,0,0,0,0,0,1,1,0,0,0,0,1,1,0,0,0,0,0,0,0,0,0,1,1,0,0,0,0,1,0,0,0,0,0,,0,0,0,0,0,0,0,0,0,0,0,0,0,0,0,0,,,,,,31-35,26-35,State route,U,Wednesday,Belt Used,PV,Not Fatal,0,0,0,0,State Route,State Patrol,Washington State Patrol,0,1,0,0,0,,,,,,0,0,0,,,,,,,,,,,98,98,98,0,,,,,20,7,,,,,,,,1,0,,,,,,
2020,358,EA64517,3,09/02/2020,12:12,2,9,,53,Pierce,1124,1,,1,1,2,1,0,7,4,,,,12,0,1,0.3,1,0,1,3,2,1,3,0,0,0,0,SR-512,,-122.4735083,47.16163889,0,2,29,53,3,45,4,0,0,1,2,12,1,1,4,3,2,1,1,53,0,48,34,1999,0,,12,,,,,,1,1,23,1,7,,4,0,2,0,11,5,09/04/2020,8:55,2.23E+11,41500,0,0,3,3,1,0,,,,96,,,,,,98,,,,,,98513,53,77,155,6,1,0,0,1,0,,0,,,,,,0,04/15/2020,04/15/2020,20,0,0,0,0,9,8,,,0,,,8,8,2,401,417,,1,1,,2,1,0,,,,,,,,,,,,,,,,,,,,,,,,,,,,,,0,0,0,0,0,0,1,1,0,0,0,0,1,1,0,0,0,0,0,0,0,0,0,1,1,0,0,0,0,1,0,0,0,0,0,,1,0,0,0,0,0,1,1,0,0,0,0,0,0,1,0,,,,,,21-25,16-25,State route,U,Wednesday,Belt Used,PV,White,0,0,0,0,State Route,State Patrol,Washington State Patrol,0,1,0,0,0,,,,,,0,0,0,,,,,,,,,,,0,0,0,1,,,,,20,7,,,,,,,,1,0,,,,,,
2020,359,EA64569,1,09/12/2020,20:56,12,9,,77,Yakima,0,5,,2,1,2,1,0,2,2,,,,12,0,2,2.5,1,0,1,5,1,1,3,0,3,0,0,SR-223,,-120.1961056,46.33261667,0,1,50,80,5,55,62,1,0,1,2,12,1,1,2,1,1,1,3,53,0,20,881,1989,0,,68,12,,,,,1,1,38,1,0,,2,0,3,0,11,0,,,,,0,0,0,3,1,28,38,,,12,,,,,,98,,,,,,98903,53,70,220,6,1,0,3,2,1,,0,,,,,,0,04/15/2016,06/15/2020,20,0,0,0,8,3,8,,,0,,,8,8,0,0,,,0,,,0,0,996,,,,,,,,,,,,,,,,,,,,,,,,,,,,,,0,0,0,0,1,0,0,0,0,0,0,0,0,0,0,0,1,0,1,0,0,0,0,0,0,0,0,0,0,1,1,0,0,0,0,,0,0,0,0,0,0,0,0,1,0,1,0,0,0,0,0,,,,,,36-40,36-45,State route,R,Saturday,,MHTRUCK,Not Fatal,0,1,1,0,State Route,State Patrol,Washington State Patrol,0,1,0,0,0,,,,,,0,0,5,,,,,,,,,,,0,0,0,0,,,,,20,7,,,,,,,,1,0,,,,,,
2020,359,EA64569,1,09/12/2020,20:56,12,9,,77,Yakima,0,5,,2,1,2,1,0,2,2,,,,12,0,2,2.5,1,0,1,5,1,1,3,0,3,0,0,SR-223,,-120.1961056,46.33261667,0,2,51,62,4,55,34,0,0,1,2,12,1,1,2,1,1,1,2,53,0,20,481,2004,0,,12,,,,,,1,1,37,1,1,,4,7,3,0,11,0,09/12/2020,20:56,53043626,43626,0,0,0,3,1,0,,,,96,,,,,,98,,,,,,98935,53,68,190,6,1,0,2,0,0,,0,,,,,,0,07/15/2016,04/15/2019,8,0,0,0,0,9,8,,,0,,,8,8,2,1,,,1,,,2,1,0.025,,,,,,,,,,,,,,,,,,,,,,,,,,,,,,0,0,0,0,1,0,0,0,0,0,0,0,0,0,0,0,1,0,1,0,0,0,0,0,0,0,0,0,0,1,1,0,0,0,0,,1,0,0,0,1,0,0,0,0,0,0,0,1,0,0,1,,,,,,36-40,36-45,State route,R,Saturday,Belt Used,PV,Hispanic,0,1,1,0,State Route,State Patrol,Washington State Patrol,0,1,0,0,0,,,,,,0,0,0,,,,,,,,,,,98,98,98,98,,,,,20,7,,,,,,,,1,0,,,,,,
2020,360,EA64583,290,09/18/2020,5:53,18,9,,53,Pierce,2230,10,,3,1,2,1,0,1,1,,,,42,0,0,0,3,0,3,4,2,4,6,0,0,0,0,96TH ST S,S HOSMER ST,-122.4637083,47.17016667,0,1,6,8,1,35,4,0,0,1,2,42,1,2,3,5,1,1,2,53,0,39,32,1997,0,,68,64,42,40,,,1,1,32,1,2,,4,7,3,0,11,0,09/18/2020,5:53,2.23E+11,144339,0,0,0,0,1,0,,,,96,,,,,,98,,,,,,98003,53,,999,0,0,0,0,0,0,,0,,,,,,3,,,1,0,0,0,0,9,8,,,0,,,8,8,2,695,605,,1,1,,2,1,0.121,,,,,,,,,,,,,,,,,,,,,,,,,,,,,,0,0,1,1,1,1,1,1,1,0,0,0,1,1,0,0,0,0,0,0,0,0,0,0,0,0,0,0,0,1,0,0,0,0,0,,1,0,0,0,0,1,1,1,0,1,0,1,0,0,0,1,,,,,,31-35,26-35,City street,U,Friday,Belt Used,PV,Hispanic,1,0,0,0,City Street,Municipal/City Police,Tacoma Police Department,0,0,0,1,0,thc,12,carboxy-thc,20,,0,0,0,,,,,,,,,,,0,0,0,98,,,,,20,7,,,,,,,nms,1,0,,,,,,
2020,366,EA64658,35,09/18/2020,21:34,18,9,,53,Pierce,0,2,,3,2,2,1,1,1,1,,,,8,0,0,4.9,1,0,1,5,2,2,4,0,0,0,0,CR-78TH AVE E,,-122.3256472,47.08265833,0,1,13,80,5,35,15,0,0,1,5,8,1,3,2,1,1,1,1,53,0,23,421,2007,0,,8,,,,,,1,1,38,1,0,,0,0,3,0,11,0,,,,,0,0,0,2,1,0,,,,96,,,,,,98,,,,,,98372,53,66,130,1,1,0,0,0,0,,0,,,,,,0,,,20,0,0,0,8,9,8,,,0,,,8,8,8,95,,,96,,,8,95,995,,,,,,,,,,,,,,,,,,,,,,,,,,,,,,0,0,0,0,0,0,0,0,0,0,0,0,0,1,0,0,0,0,0,0,0,0,0,0,0,0,0,0,0,1,0,1,0,0,0,,0,0,0,0,0,0,0,0,0,0,0,1,0,0,0,0,,,,,,36-40,36-45,County road,U,Friday,Belt Used,PV,Not Fatal,0,0,0,0,County Road,County Sheriff,Law Enforcement Support Agency,0,0,1,0,0,,,,,,0,0,0,,,,,,,,,,,98,98,98,0,,,,,20,7,,,,,,,,1,0,,,078 AVE E,4.85,,
2020,362,EA64910,11,08/20/2020,5:28,20,8,,5,Benton,0,1,,4,0,0,1,0,2,2,5:20,5:52,6:38,12,0,6,5.5,8,0,1,5,1,2,4,0,0,20,3,CR-S PLYMOUTH RD,,-119.3542306,46.00878611,0,1,82,15,2,0,34,0,0,1,2,12,0,0,0,0,11,1,2,53,0,20,481,2003,0,,12,,,,,,1,1,32,1,1,,4,7,20,7,11,0,08/20/2020,5:28,53038477,38477,0,0,0,0,1,38,,,,96,,,,,,98,,,,,,97838,41,71,175,0,0,0,0,0,3,,0,,,,,,0,07/15/2018,01/15/2020,1,1,9,0,0,9,8,,,0,,,8,8,2,1,,,1,,,2,1,0,,,,,,,,,,,,,,,,,,,,,,,,,,,,,,0,0,0,0,0,0,0,0,0,0,0,0,0,1,0,0,0,0,1,1,0,0,0,1,1,0,0,0,0,1,1,0,0,1,0,,1,0,0,0,0,0,0,0,0,0,1,1,0,0,0,0,,,,,,31-35,26-35,County road,R,Thursday,Not Used,PV,Hispanic,0,0,0,0,County Road,County Sheriff,Benton County Sheriff's Office,0,0,1,0,0,,,,,,0,0,3,,,,,,,,,,,98,98,98,1,,,,,20,7,,,,,,,,1,0,,,PLYMOUTH RD,5.52,,
2020,362,EA64910,11,08/20/2020,5:28,20,8,,5,Benton,0,1,,4,1,2,1,0,2,2,5:20,5:52,6:38,12,0,6,5.5,8,0,1,5,1,2,4,0,0,0,0,CR-S PLYMOUTH RD,,-119.3542306,46.00878611,0,2,83,67,4,50,66,0,0,1,2,12,1,2,2,1,1,1,3,53,0,84,884,1999,0,,12,,,,,,1,1,21,1,0,,2,0,3,0,11,5,,,,,0,0,0,2,1,0,,,,96,,,,,,98,,,,,,98930,53,72,220,6,1,0,2,0,0,,0,,,,,,0,12/15/2019,12/15/2019,20,0,0,0,8,9,8,,,0,,,8,8,2,1,,,1,,,2,1,0,,,,,,,,,,,,,,,,,,,,,,,,,,,,,,0,0,0,0,0,0,0,0,0,0,0,0,0,1,0,0,0,0,1,1,0,0,0,1,1,0,0,0,0,1,1,0,0,0,0,,0,0,0,0,0,0,0,0,0,0,0,0,0,0,0,0,,,,,,21-25,16-25,County road,R,Thursday,,MHTRUCK,Not Fatal,0,0,0,0,County Road,County Sheriff,Benton County Sheriff's Office,0,0,1,0,0,,,,,,0,0,0,,,,,,,,,,,0,0,0,0,,,,,20,7,,,,,,,,1,0,,,PLYMOUTH RD,5.52,,
2020,363,EA64952,4,09/18/2020,21:20,18,9,,63,Spokane,0,5,,2,1,2,1,0,1,1,,,,1,0,0,76.5,1,0,1,5,1,1,3,0,0,0,0,SR-27,,-117.1778167,47.51192778,0,1,1,9,1,55,80,0,0,1,2,1,3,1,2,1,6,1,1,53,0,72,706,2016,0,,63,1,,,,,1,1,41,1,7,,4,7,20,7,11,0,09/18/2020,21:20,53043489,43489,0,0,3,3,1,8,33,,,96,,,,,,9,,,,,,99218,53,72,210,6,1,0,1,1,3,,0,,,,,,0,07/15/2016,05/15/2019,20,8,0,0,0,1,8,,,0,,,9,1,2,1,,,1,,,2,1,0.106,,,,,,,,,,,,,,,,,,,,,,,,,,,,,,0,0,1,0,1,1,0,1,0,0,0,0,0,0,0,0,0,0,0,0,0,0,0,0,0,0,0,0,1,0,0,0,0,0,1,1,0,0,0,0,0,1,0,1,0,0,0,0,0,1,0,1,,,,,,41-45,36-45,State route,R,Friday,,MC,White,0,1,0,0,State Route,State Patrol,Washington State Patrol,1,1,0,0,0,,,,,,0,0,1,,,,,,,,,,,0,0,0,1,,,,,16,0,,,,,,,,1,0,,,,,,
2020,365,EA65166,3,09/19/2020,21:36,19,9,,67,Thurston,0,2,,2,2,2,1,0,3,2,21:28,21:39,,12,1,1,16.2,1,0,1,5,1,2,4,0,0,0,0,CR-OLD HIGHWAY 99 SE,,-122.8600806,46.92220556,0,1,24,51,3,50,15,0,0,1,2,12,1,1,2,1,1,1,1,53,0,2,422,2016,0,,12,68,64,42,,,1,1,37,1,0,,0,0,3,0,11,0,,,,,0,0,3,3,1,91,,,,96,,,,,,98,,,,,,98501,53,68,155,6,1,0,0,0,0,,1,7,,,,,3,,,8,0,0,0,8,9,8,,,0,,,8,8,2,695,605,,1,1,,2,1,0.19,,,,,,,,,,,,,,,,,,,,,,,,,,,,,,0,0,0,0,1,1,1,1,1,0,0,0,1,0,0,0,0,0,0,0,0,0,0,0,0,0,0,0,0,1,0,0,0,0,0,,0,0,0,0,0,1,1,1,0,1,0,0,0,0,0,1,,,,,,36-40,36-45,County road,R,Saturday,Belt Used,PV,Not Fatal,0,0,0,0,County Road,State Patrol,Washington State Patrol,0,0,1,0,0,thc,1,carboxy-thc,7.5,,0,0,0,,,,,,,,,,,98,98,98,0,,,,,20,7,,,,,,,,1,0,,,OLD HWY 99 SW,16.222,,
2020,365,EA65166,3,09/19/2020,21:36,19,9,,67,Thurston,0,2,,2,2,2,1,0,3,2,21:28,21:39,,12,0,1,16.2,1,0,1,5,1,2,4,0,0,0,0,CR-OLD HIGHWAY 99 SE,,-122.8600806,46.92220556,0,2,25,53,3,50,4,0,0,1,2,12,1,1,2,1,1,2,1,53,0,35,47,2007,0,,12,68,64,42,,,1,1,51,1,0,,3,0,3,0,11,4,,,,,0,0,0,3,1,0,,,,96,,,,,,0,,,,,,98501,53,68,150,6,1,0,0,0,1,,0,,,,,,0,10/15/2016,10/15/2016,8,0,0,0,8,3,8,,,0,,,8,8,0,0,,,0,,,0,0,996,,,,,,,,,,,,,,,,,,,,,,,,,,,,,,0,0,0,0,1,1,1,1,1,0,0,0,1,0,0,0,0,0,0,0,0,0,0,0,0,0,0,0,0,1,0,0,0,0,0,,0,0,0,0,0,0,0,0,0,0,0,0,0,0,0,0,,,,,,51-55,46-55,County road,R,Saturday,Belt Used,PV,Not Fatal,0,0,0,0,County Road,State Patrol,Washington State Patrol,0,0,1,0,0,,,,,,0,0,0,,,,,,,,,,,98,98,98,0,,,,,20,7,,,,,,,,1,0,,,OLD HWY 99 SW,16.222,,
2020,367,EA65523,5,09/07/2020,0:01,7,9,,11,Clark,0,1,,2,1,2,1,0,1,1,,,,59,0,0,26.2,1,0,1,4,1,1,3,0,0,0,0,SR-503,,-122.3690194,45.94704167,0,1,1,9,1,50,80,0,0,1,2,59,1,1,2,1,1,1,2,53,0,53,705,2007,0,,63,59,,,,,1,1,29,1,7,,4,7,20,7,11,0,09/07/2020,0:14,53041773,41773,6,0,0,2,1,0,,,,96,,,,,,98,,,,,,98601,53,70,180,6,1,0,2,3,2,,0,,,,,,4,12/15/2016,03/15/2018,20,8,0,0,0,9,8,,,0,,,8,8,2,605,,,1,,,2,1,0.128,,,,,,,,,,,,,,,,,,,,,,,,,,,,,,0,0,1,0,1,1,1,1,1,0,0,0,1,0,1,0,0,0,0,0,0,0,0,0,0,0,0,0,1,0,0,0,0,0,1,0,0,0,0,0,0,1,1,1,0,1,0,0,0,0,0,1,,,,,,26-30,26-35,State route,R,Monday,,MC,White,0,1,0,0,State Route,State Patrol,Washington State Patrol,1,1,0,0,0,thc,3.1,,,,0,0,0,,,,,,,,,,,0,0,0,1,,,,,99,7,,,,,,,nms,1,0,,,,,,
2020,368,EA65688,31,09/20/2020,13:30,20,9,,45,Mason,0,1,,1,1,7,1,0,2,1,13:34,13:42,14:04,35,0,0,4.3,1,0,1,5,1,2,4,0,0,0,0,CR-E MASON LAKE RD,,-123.0205194,47.29555556,0,1,6,13,2,45,2,0,0,1,2,35,3,1,2,1,14,2,1,53,0,12,3,1997,0,,63,69,68,64,35,1,1,1,31,1,7,,4,7,3,0,11,0,09/20/2020,13:30,53044086,44086,0,0,0,3,1,58,,,,96,,,,,,98,,,,,,98546,53,73,175,6,1,1,1,0,0,,0,,,,,,3,08/15/2018,08/15/2018,99,0,0,0,0,9,8,,,0,,,8,8,2,695,,,1,,,2,1,0.138,,,,,,,,,,,,,,,,,,,,,,,,,,,,,,0,0,1,0,1,1,1,1,1,0,0,0,1,0,0,0,0,0,0,0,0,0,0,0,0,0,0,0,0,1,0,0,0,0,0,,1,0,0,0,0,1,1,1,0,1,0,0,0,0,0,1,,,,,,31-35,26-35,County road,R,Sunday,Belt Used,PV,White,0,1,0,0,County Road,County Sheriff,Mason County Sheriff's Office,1,0,1,0,0,,,carboxy-thc,5.5,,0,1,1,,,,,,,,,,,0,0,0,1,,,,,20,7,,,,,,,nms,1,0,,,MASON LAKE RD,4.32,,
2020,369,EA65735,2,08/15/2020,15:43,15,8,,61,Snohomish,0,1,,1,1,2,1,0,3,2,15:52,16:10,16:29,12,0,2,20.2,1,0,1,3,2,1,3,0,0,0,0,SR-522,,-122.0550333,47.83051667,0,1,50,10,2,55,14,0,0,1,2,12,2,2,1,2,14,1,1,53,0,63,402,2019,0,,68,12,1,2,,,1,1,54,2,0,,3,0,3,0,11,5,,,,,0,0,3,3,1,58,91,,,92,,,,,,9,,,,,,98155,53,68,145,6,1,0,0,1,0,,1,,,,,,0,04/15/2019,04/15/2019,8,0,0,0,8,3,8,,,0,,,8,1,2,1,,,1,,,2,1,0,,,,,,,,,,,,,,,,,,,,,,,,,,,,,,0,0,0,0,1,0,0,0,0,0,0,0,0,0,0,0,1,0,0,0,0,0,0,0,0,0,0,0,0,1,0,0,0,0,0,,0,0,0,0,0,0,0,0,1,0,0,0,0,0,0,1,,,,,,51-55,46-55,State route,U,Saturday,Belt Used,PV,Not Fatal,0,1,1,0,State Route,State Patrol,Washington State Patrol,0,1,0,0,0,,,,,,0,0,0,,,,,,,,,,,98,98,98,0,,,,,20,7,,,,,,,,1,0,,,,,,