year,case,par,repjur,crash_dt,crash_tm,accday,accmon,holiday,county,co_char,city,weather,weather2,lightcond,surfcond,surftype,numfatal,nmforms,pforms,vforms,not_tm,arr_tm,hosp_tm,fhevent,hitrun,manncol,milepnt,reljunc,reljuncinter,intersectiontype,funcsystem,landuse,ownership,route,schlbus,spejur,contdev,devfunc,trafid1,trafid2,x,y,wk_zone,vnumber,crashtype,criticalevent,criticaleventcat,spdlim,body,trailer,emerg,hazcargo,leave,mhevent,roadalgn,roadprof,traflane,trafflow,vehmanvr,numoccs,regowner,regstate,spuse,make,model,modelyr,vrf1,vrf2,seqevent1,seqevent2,seqevent3,seqevent4,seqevent5,seqevent6,pnumber,ptype,age,sex,hispanic,race,injury,diedscene,restraint,restraintmisuse,seatpos,takehosp,death_dt,death_tm,cert,cernum_wa,commlic,licendor,licrestrict,liccomp,drivpres,drf1,drf2,drf3,drf4,distract1,distract2,distract3,distract4,distract5,distract6,dricond1,dricond2,dricond3,dricond4,dricond5,dricond6,dzip,licstate,drhgt_in,weight,noncdl,noncdltype,prevdwi,prevoth,prevacc,prevspd,prevsus,driviol1,driviol2,driviol3,driviol4,driviol5,driviol6,spdrel,first_dt,last_dt,airbag,ejection,ejectpath,extricat,injurwrk,methalc,methdrug,nmlocat,strikveh,prf1,prf2,prf3,druginv,alcinvol,drugsts,drugres1,drugres2,drugres3,drugtst1,drugtst2,drugtst3,alcsts,alctst,alcres,nmact1,nmact2,nmact3,nmact4,nmact5,nmact6,nmprior1,nmprior2,nmprior3,nmprior4,nmprior5,nmprior6,nmcond1,nmcond2,nmcond3,nmcond4,nmcond5,nmcond6,nmsafe_helmet,nmsafe_pads,nmsafe_oth,nmprev_ref,nmprev_lgt,nmprev_oth,crashlocation,nmcrashtype,crosswalk,schoolzone,sidewalk,train_inv,wildlife_inv,rotr_fars,intersect_fars,dd_inv,aid_inv,dpd_inv,id_inv,mj_inv,impnm_inv,ainm_inv,dpnm_inv,speed_inv,unlic_inv,unendmc_inv,drowsy_inv,drdist_inv,nmdist_inv,fty_inv,unrestfat_inv,dr1617_inv,dr1820_inv,dr1620_inv,dr2125_inv,dr1625_inv,dr65_inv,dr70_inv,dr75_inv,mc_inv,pv_inv,ht_inv,ped_inv,bike_inv,unrest_fat,mc_fat,unhelmet_mc,pv_fat,ht_fat,ped_fat,bike_fat,dr_alc7,dr_alc8,dr_drug,dr_imp,dr_dist,dr_spd,dr_fty,dr_unlic,dr_alc7only,dr_alc8only,dr_drugonly,dr_drink,nm_imp,nm_alc7,nm_alc8,nm_drug,nm_dist,agegrp1,agegrp2,roadclass,urbrur,dayweek,restuse,vehtype,race_me,intersect,lanedep,oppdir,wrongway,rep_typ,investag,repag_long,rotr,st_rd,cty_rd,city_rd,oth_rd,drug_thc,thc_res,drug_cthc,cthc_res,drug_cann,prevpersemin,prevperse,prevsusoth,drugtst4,drugtst5,drugtst6,drugtst7,drugtst8,drugres4,drugres5,drugres6,drugres7,drugres8,adspresent,adsengaged,adslevel,race1,race2,race3,race4,race5,helmet,helmetmisuse,nmdistract1,nmdistract2,nmdistract3,nmdistract4,nmdistract5,nmdistract6,lab,isedtcase,crf1,crf2,crf3,CoRoadName,CoMP,IntCoRoadName,IntCoMP
2020,369,EA65735,2,08/15/2020,15:43,15,8,,61,Snohomish,0,1,,1,1,2,1,0,3,2,15:52,16:10,16:29,12,0,2,20.2,1,0,1,3,2,1,3,0,0,0,0,SR-522,,-122.0550333,47.83051667,0,2,51,62,4,55,4,0,0,1,2,12,3,2,1,2,14,2,1,53,0,32,59,2017,0,,12,1,,,,,1,1,27,1,0,,3,0,3,0,11,5,,,,,0,0,0,3,1,0,,,,96,,,,,,0,,,,,,98296,53,72,165,6,1,0,0,2,2,,0,,,,,,0,12/15/2015,12/15/2018,8,0,0,0,8,9,8,,,0,,,8,8,8,95,,,96,,,8,95,995,,,,,,,,,,,,,,,,,,,,,,,,,,,,,,0,0,0,0,1,0,0,0,0,0,0,0,0,0,0,0,1,0,0,0,0,0,0,0,0,0,0,0,0,1,0,0,0,0,0,,0,0,0,0,0,0,0,0,0,0,0,0,0,0,0,0,,,,,,26-30,26-35,State route,U,Saturday,Belt Used,PV,Not Fatal,0,1,1,0,State Route,State Patrol,Washington State Patrol,0,1,0,0,0,,,,,,0,0,0,,,,,,,,,,,98,98,98,0,,,,,20,7,,,,,,,,1,0,,,,,,
2020,370,EA65822,1,09/22/2020,3:20,22,9,,77,Yakima,2590,1,,2,1,2,2,0,4,3,3:27,3:31,4:08,12,0,2,33.7,1,0,1,1,2,1,1,0,0,0,0,I-82,,-120.4803056,46.59862778,0,3,98,60,4,60,34,0,0,1,2,12,1,1,2,3,1,1,1,53,0,49,472,2009,0,,12,,,,,,1,1,62,1,0,,0,0,3,0,11,0,,,,,6,0,0,3,1,0,,,,96,,,,,,0,,,,,,98903,53,71,180,6,1,0,0,0,0,,0,,,,,,0,,,1,0,0,0,8,9,8,,,0,,,8,8,0,0,,,0,,,0,0,996,,,,,,,,,,,,,,,,,,,,,,,,,,,,,,0,0,0,0,0,0,1,1,0,0,0,0,0,0,0,0,0,0,0,0,0,0,0,0,0,0,0,0,0,1,0,0,0,0,0,,0,0,0,0,0,0,0,0,0,0,0,0,0,0,0,0,,,,,,61-65,56-65,Interstate,U,Tuesday,Belt Used,PV,Not Fatal,0,0,0,1,State Route,State Patrol,Washington State Patrol,0,1,0,0,0,,,,,,0,0,0,,,,,,,,,,,98,98,98,0,,,,,20,7,,,,,,,,1,0,,,,,,
2020,370,EA65822,1,09/22/2020,3:20,22,9,,77,Yakima,2590,1,,2,1,2,2,0,4,3,3:27,3:31,4:08,12,0,2,33.7,1,0,1,1,2,1,1,0,0,0,0,I-82,,-120.4803056,46.59862778,0,2,52,54,3,60,34,0,0,1,2,12,1,1,2,3,1,1,1,53,0,7,482,2017,0,,12,12,,,,,1,1,60,1,0,,3,0,3,0,11,5,,,,,6,0,3,3,1,0,,,,96,,,,,,0,,,,,,98936,53,69,206,6,1,1,1,0,2,,0,,,,,,0,08/15/2016,11/15/2017,1,0,0,0,8,9,8,,,0,,,8,8,0,0,,,0,,,0,0,996,,,,,,,,,,,,,,,,,,,,,,,,,,,,,,0,0,0,0,0,0,1,1,0,0,0,0,0,0,0,0,0,0,0,0,0,0,0,0,0,0,0,0,0,1,0,0,0,0,0,,0,0,0,0,0,0,0,0,0,0,0,0,0,0,0,0,,,,,,56-60,56-65,Interstate,U,Tuesday,Belt Used,PV,Not Fatal,0,0,0,1,State Route,State Patrol,Washington State Patrol,0,1,0,0,0,,,,,,0,1,0,,,,,,,,,,,98,98,98,0,,,,,20,7,,,,,,,,1,0,,,,,,
2020,370,EA65822,1,09/22/2020,3:20,22,9,,77,Yakima,2590,1,,2,1,2,2,0,4,3,3:27,3:31,4:08,12,0,2,33.7,1,0,1,1,2,1,1,0,0,0,0,I-82,,-120.4803056,46.59862778,0,1,52,54,3,60,14,0,0,1,2,12,1,1,2,3,1,2,2,53,0,20,401,1995,0,,12,,,,,,1,1,35,1,7,,4,7,3,0,11,0,09/22/2020,3:20,2.59E+11,44417,0,0,0,3,1,50,,,,96,,,,,,98,,,,,,98948,53,75,299,6,1,0,0,0,0,,0,,,,,,0,,,1,0,0,0,0,9,8,,,0,,,8,8,2,401,417,151,1,1,1,2,1,0,,,,,,,,,,,,,,,,,,,,,,,,,,,,,,0,0,0,0,0,0,1,1,0,0,0,0,0,0,0,0,0,0,0,0,0,0,0,0,0,0,0,0,0,1,0,0,0,0,0,,1,0,0,0,0,0,1,1,0,0,0,0,0,0,1,0,,,,,,31-35,26-35,Interstate,U,Tuesday,Belt Used,PV,AIAN,0,0,0,1,State Route,State Patrol,Washington State Patrol,0,1,0,0,0,,,,,,0,0,0,1,,,,,996,,,,,0,0,0,3,,,,,20,7,,,,,,,,1,0,,,,,,
2020,371,EA67030,122,09/26/2020,20:54,26,9,,61,Snohomish,690,10,,3,2,2,1,0,2,2,20:57,21:04,21:11,12,0,6,0.2,2,0,2,3,2,1,3,0,0,3,3,SR-529,HEWITT AVE,-122.1909944,47.97910556,0,1,86,17,2,35,80,0,0,1,5,12,1,1,5,1,1,1,2,53,0,72,706,2005,0,,12,,,,,,1,1,39,1,7,,4,0,20,7,11,5,09/26/2020,22:39,69053045218,45218,0,0,0,2,1,39,,,,96,,,,,,9,,,,,,98201,53,71,180,6,1,0,1,0,0,,0,,,,,,0,06/15/2016,06/15/2016,20,8,0,0,0,9,8,,,0,,,8,1,2,695,605,,1,1,,2,1,0.181,,,,,,,,,,,,,,,,,,,,,,,,,,,,,,0,0,0,1,1,1,1,1,1,0,0,0,0,0,1,0,0,0,0,0,0,0,0,0,0,0,0,0,1,1,0,0,0,0,1,0,0,0,0,0,0,1,1,1,0,0,0,0,0,0,0,1,,,,,,36-40,36-45,State route,U,Saturday,,MC,White,1,0,0,0,State Route,Municipal/City Police,Everett Police Department,0,1,0,0,0,thc,11,carboxy-thc,33,,0,0,0,,,,,,,,,,,0,0,0,1,,,,,19,0,,,,,,,nms,1,0,,,,,,
2020,371,EA67030,122,09/26/2020,20:54,26,9,,61,Snohomish,690,10,,3,2,2,1,0,2,2,20:57,21:04,21:11,12,0,6,0.2,2,0,2,3,2,1,3,0,0,3,3,SR-529,HEWITT AVE,-122.1909944,47.97910556,0,2,87,66,4,35,15,0,0,1,5,12,1,1,5,1,1,1,1,53,0,20,421,2005,0,,12,,,,,,1,1,41,2,0,,0,0,3,0,11,0,,,,,0,0,0,3,1,0,,,,96,,,,,,0,,,,,,98208,53,67,173,6,1,0,0,0,0,,0,,,,,,0,,,20,0,0,0,8,9,8,,,0,,,8,8,0,0,,,0,,,0,0,996,,,,,,,,,,,,,,,,,,,,,,,,,,,,,,0,0,0,1,1,1,1,1,1,0,0,0,0,0,1,0,0,0,0,0,0,0,0,0,0,0,0,0,1,1,0,0,0,0,0,,0,0,0,0,0,0,0,0,0,0,0,0,0,0,0,0,,,,,,41-45,36-45,State route,U,Saturday,Belt Used,PV,Not Fatal,1,0,0,0,State Route,Municipal/City Police,Everett Police Department,0,1,0,0,0,,,,,,0,0,0,,,,,,,,,,,98,98,98,0,,,,,20,7,,,,,,,,1,0,,,,,,
2020,372,EA67064,35,09/26/2020,22:40,26,9,,53,Pierce,0,1,,2,2,1,1,1,1,1,,,,8,1,0,8.7,1,0,1,4,1,2,4,0,0,0,0,CR-ORVILLE RD E,,-122.1957028,47.00111944,0,1,13,80,5,40,99,0,0,1,5,8,1,1,2,1,1,99,9,99,0,99,999,9999,0,,8,,,,,,1,1,999,9,0,,9,0,99,7,11,0,,,,,99,9,9,9,1,0,,,,96,,,,,,98,,,,,,99999,99,,999,9,9,99,99,99,99,,97,,,,,,0,,,99,9,0,0,8,9,8,,,0,,,8,8,0,0,,,0,,,0,0,996,,,,,,,,,,,,,,,,,,,,,,,,,,,,,,0,0,0,0,0,0,0,0,0,1,1,0,0,0,0,0,0,0,0,0,0,0,0,0,0,0,0,0,0,0,0,1,0,0,0,,0,0,0,0,0,0,0,0,0,0,0,0,0,0,0,0,,,,,,,,County road,R,Saturday,,NR-U,Not Fatal,0,0,0,0,County Road,County Sheriff,Law Enforcement Support Agency,0,0,1,0,0,,,,,,99,99,99,,,,,,,,,,,98,98,98,0,,,,,20,7,,,,,,,,1,0,,,ORVILLE RD E,8.71,,
2020,428,EA67096,39,09/25/2020,19:51,25,9,,61,Snohomish,0,2,,2,2,2,1,0,1,1,19:54,20:05,20:55,42,0,0,8.5,1,0,1,5,1,2,4,0,0,0,0,CR-311TH AVE SE,,-121.8147083,47.85246944,0,1,6,12,2,35,15,0,0,1,2,42,1,2,2,1,1,1,1,53,0,20,421,2004,0,,68,64,42,,,,1,1,20,2,7,,4,0,20,7,11,5,09/26/2020,1:50,69053044837,44837,0,0,0,3,1,0,,,,92,,,,,,98,,,,,,98394,53,69,135,6,1,0,1,1,2,,0,,,,,,0,01/15/2017,05/15/2019,20,2,1,1,0,9,8,,,0,,,8,8,2,401,417,,1,1,,2,1,0,,,,,,,,,,,,,,,,,,,,,,,,,,,,,,0,0,1,0,0,0,1,1,0,0,0,0,0,0,0,0,1,0,0,1,0,1,1,0,1,0,0,0,0,1,0,0,0,1,0,,1,0,0,0,0,0,1,1,1,0,0,0,0,0,1,0,,,,,,18-20,16-25,County road,R,Friday,Not Used,PV,White,0,1,0,0,County Road,County Sheriff,Snohomish County Sheriff's Office,1,0,1,0,0,,,,,,0,0,1,,,,,,,,,,,98,98,98,1,,,,,20,7,,,,,,,,1,0,,,311TH AVE SE,8.54,,
2020,374,EA67404,127,09/25/2020,4:34,25,9,,33,King,735,2,,3,2,2,1,1,1,1,4:38,4:43,5:29,8,0,0,0,1,0,1,3,2,4,6,0,0,0,0,S 320TH ST,,-122.3020139,47.31511389,0,1,13,80,5,35,1,0,0,1,5,8,8,8,7,5,1,1,1,53,0,58,37,2009,0,,8,,,,,,1,1,33,2,0,,0,0,3,0,11,0,,,,,0,0,3,3,1,0,,,,96,,,,,,98,,,,,,98422,53,64,165,6,1,0,0,0,0,,0,,,,,,0,,,20,0,0,0,8,9,8,,,0,,,8,8,8,95,,,96,,,8,95,995,,,,,,,,,,,,,,,,,,,,,,,,,,,,,,0,0,0,0,0,0,0,0,0,1,1,0,0,0,0,0,0,1,0,0,0,0,0,0,0,0,0,0,0,1,0,1,0,0,0,,0,0,0,0,0,0,0,0,0,0,0,0,0,0,0,0,,,,,,31-35,26-35,City street,U,Friday,Belt Used,PV,Not Fatal,0,0,0,0,City Street,Municipal/City Police,Federal Way Dept of Public Safety,0,0,0,1,0,,,,,,0,0,0,,,,,,,,,,,98,98,98,0,,,,,20,7,,,,,,,,1,0,,,,,,
2020,558,EA67727,290,09/29/2020,18:30,29,9,,53,Pierce,2230,1,,5,1,2,1,0,6,3,,,,12,0,6,0,2,0,2,7,2,4,6,0,0,0,0,S 7TH ST,S Madison St,-122.4904639,47.25442222,0,1,88,17,2,25,34,0,0,1,5,12,1,1,8,1,1,3,9,99,0,7,482,2015,0,,12,14,,,,,1,1,18,1,0,,1,0,3,0,11,0,,,,,0,0,0,0,1,0,,,,96,,,,,,98,,,,,,98404,53,74,320,0,0,0,0,0,0,,97,,,,,,3,,,8,0,0,0,8,9,8,,,0,,,8,8,8,95,,,96,,,8,95,995,,,,,,,,,,,,,,,,,,,,,,,,,,,,,,0,0,0,1,0,0,0,0,0,0,0,0,1,1,0,0,1,0,0,0,0,1,1,0,1,0,0,0,0,1,1,0,0,0,0,,0,0,0,0,0,0,0,0,0,1,0,1,0,0,0,0,,,,,,18-20,16-25,City street,U,Tuesday,Belt Used,PV,Not Fatal,1,0,0,0,City Street,Municipal/City Police,Tacoma Police Department,0,0,0,1,0,,,,,,0,0,0,,,,,,,,,,,98,98,98,0,,,,,20,7,,,,,,,,1,0,,,,,,
2020,558,EA67727,290,09/29/2020,18:30,29,9,,53,Pierce,2230,1,,5,1,2,1,0,6,3,,,,12,0,6,0,2,0,2,7,2,4,6,0,0,0,0,S 7TH ST,S Madison St,-122.4904639,47.25442222,0,2,89,17,2,25,6,0,0,1,5,12,1,1,8,1,1,3,2,53,0,48,34,1997,0,,12,,,,,,1,1,45,1,7,,4,0,3,0,11,5,10/05/2020,19:30,1.96E+11,48968,0,0,3,2,1,0,,,,92,,,,,,98,,,,,,98404,53,69,150,1,1,0,1,0,0,,97,,,,,,0,02/15/2018,02/15/2018,8,0,0,0,0,9,8,,,0,,,8,8,8,95,,,96,,,8,95,995,,,,,,,,,,,,,,,,,,,,,,,,,,,,,,0,0,0,1,0,0,0,0,0,0,0,0,1,1,0,0,1,0,0,0,0,1,1,0,1,0,0,0,0,1,1,0,0,0,0,,1,0,0,0,0,0,0,0,1,0,0,1,0,0,0,0,,,,,,41-45,36-45,City street,U,Tuesday,Belt Used,PV,Black,1,0,0,0,City Street,Municipal/City Police,Tacoma Police Department,0,0,0,1,0,,,,,,0,0,1,,,,,,,,,,,0,0,0,2,,,,,20,7,,,,,,,,1,0,,,,,,
2020,375,EA67848,39,09/26/2020,0:08,26,9,,61,Snohomish,0,10,,2,2,2,1,1,1,1,,,,8,0,0,0.1,1,0,1,3,1,2,4,0,3,0,0,CR-33RD AVE NE,,-122.1872306,48.05375556,0,1,13,80,5,35,34,0,0,1,2,8,1,1,3,5,1,1,1,53,0,7,472,1993,0,,8,,,,,,1,1,49,2,0,,0,0,3,0,11,0,,,,,0,0,0,3,1,0,,,,96,,,,,,98,,,,,,98271,53,72,175,6,1,0,0,0,1,,0,,,,,,0,09/15/2018,09/15/2018,20,0,0,0,8,9,8,,,0,,,8,8,2,401,417,,1,1,,2,1,0,,,,,,,,,,,,,,,,,,,,,,,,,,,,,,0,0,0,0,0,0,1,1,0,1,0,1,0,0,0,0,0,0,0,0,0,0,0,0,0,0,0,0,0,1,0,1,0,0,0,,0,0,0,0,0,0,1,1,0,0,0,0,0,0,1,0,,,,,,46-50,46-55,County road,R,Saturday,Belt Used,PV,Not Fatal,0,0,0,0,County Road,County Sheriff,Snohomish County Sheriff's Office,0,0,1,0,0,,,,,,0,0,0,,,,,,,,,,,0,0,0,0,,,,,20,7,,,,,,,,1,0,,,33RD AVE NE,0.064,,
2020,377,EA68157,2,09/26/2020,8:20,26,9,,57,Skagit,0,2,,1,2,1,1,0,2,2,8:20,8:38,,1,0,0,14,1,0,1,5,1,1,3,0,0,0,0,SR-011,,-122.4820278,48.64353056,0,1,6,6,1,40,80,0,0,1,2,12,3,4,2,1,14,1,1,53,0,76,705,2017,0,,68,64,1,69,12,,1,1,25,1,7,,4,7,20,7,11,0,09/26/2020,9:53,23053045456,45456,0,0,0,3,1,0,,,,96,,,,,,98,,,,,,98225,53,75,200,6,1,0,1,0,1,,0,,,,,,4,11/15/2018,04/15/2019,20,8,0,0,0,9,8,,,0,,,8,8,2,1,,,1,,,2,1,0,,,,,,,,,,,,,,,,,,,,,,,,,,,,,,0,0,1,0,0,0,0,0,0,0,0,0,1,0,0,0,0,0,0,0,0,0,0,1,1,0,0,0,1,1,0,0,0,0,1,0,0,0,0,0,0,0,0,0,0,1,0,0,0,0,0,0,,,,,,21-25,16-25,State route,R,Saturday,,MC,White,0,1,0,0,State Route,State Patrol,Washington State Patrol,1,1,0,0,0,,,,,,0,0,0,,,,,,,,,,,0,0,0,1,,,,,5,0,,,,,,,,1,0,,,,,,
2020,377,EA68157,2,09/26/2020,8:20,26,9,,57,Skagit,0,2,,1,2,1,1,0,2,2,8:20,8:38,,1,0,0,14,1,0,1,5,1,1,3,0,0,0,0,SR-011,,-122.4820278,48.64353056,0,2,98,62,4,40,34,0,0,1,5,12,2,4,2,1,14,1,1,53,0,49,472,1995,0,,12,,,,,,1,1,29,1,0,,0,0,3,0,11,0,,,,,0,0,0,3,1,0,,,,96,,,,,,0,,,,,,98225,53,69,180,6,1,0,0,0,0,,0,,,,,,0,,,20,0,0,0,8,9,8,,,0,,,8,8,0,0,,,0,,,0,0,996,,,,,,,,,,,,,,,,,,,,,,,,,,,,,,0,0,1,0,0,0,0,0,0,0,0,0,1,0,0,0,0,0,0,0,0,0,0,1,1,0,0,0,1,1,0,0,0,0,0,,0,0,0,0,0,0,0,0,0,0,0,0,0,0,0,0,,,,,,26-30,26-35,State route,R,Saturday,Belt Used,PV,Not Fatal,0,1,0,0,State Route,State Patrol,Washington State Patrol,1,1,0,0,0,,,,,,0,0,0,,,,,,,,,,,0,0,0,0,,,,,20,7,,,,,,,,1,0,,,,,,
2020,378,EA68257,146,09/23/2020,7:58,23,9,,77,Yakima,0,1,,1,1,2,1,0,1,1,7:58,8:06,,38,0,0,1.4,1,0,1,6,1,2,4,0,0,0,0,CR-WANETA RD,,-119.9783778,46.28474167,0,1,6,12,2,50,34,0,0,1,2,38,1,2,2,1,1,1,1,53,0,12,481,2001,0,,68,64,38,67,30,69,1,1,57,1,6,,4,7,3,0,11,0,09/23/2020,7:58,53044083,44083,0,0,3,3,1,0,,,,92,,,,,,98,,,,,,98930,53,71,250,6,1,0,0,0,0,,0,,,,,,0,,,8,0,0,0,0,9,8,,,0,,,8,8,2,996,,,1,,,2,1,0,,,,,,,,,,,,,,,,,,,,,,,,,,,,,,0,0,1,0,0,0,1,1,0,0,0,0,0,0,0,0,1,0,0,0,0,0,0,0,0,0,0,0,0,1,0,0,0,0,0,,1,0,0,0,0,0,1,1,1,0,0,0,0,0,1,0,,,,,,56-60,56-65,County road,R,Wednesday,Belt Used,PV,Hispanic,0,1,0,0,County Road,County Sheriff,Yakima County Sheriff's Office,1,0,1,0,0,,,,,,0,0,0,,,,,,,,,,,98,98,98,98,,,,,20,7,,,,,,,,1,0,,,WANETA RD.,1.37,,
2020,379,EA68391,4,09/25/2020,19:38,25,9,,63,Spokane,0,2,,3,2,2,1,0,4,2,19:38,19:52,20:41,12,0,6,291.8,2,0,2,2,2,1,2,0,0,21,3,US-2,COLBERT RD,-117.3475306,47.82440278,0,1,87,17,2,98,14,0,0,1,2,12,1,1,3,2,1,3,1,53,0,48,401,2015,0,,12,,,,,,1,1,36,2,7,,4,7,3,0,11,0,09/25/2020,19:38,53045058,45058,0,0,0,3,1,38,,,,96,,,,,,9,,,,,,99005,53,61,160,6,1,0,0,0,0,,0,,,,,,0,,,8,0,0,0,0,1,8,,,0,,,8,1,8,95,,,96,,,2,1,0.33,,,,,,,,,,,,,,,,,,,,,,,,,,,,,,0,0,0,1,1,1,0,1,0,0,0,0,0,0,0,0,0,0,1,0,0,0,0,0,0,0,0,0,0,1,0,0,0,0,0,,1,0,0,0,0,1,0,1,0,0,1,0,0,1,0,1,,,,,,36-40,36-45,US highway,U,Friday,Belt Used,PV,White,1,0,0,0,State Route,State Patrol,Spokane State Patrol,0,1,0,0,0,,,,,,0,0,0,,,,,,,,,,,98,98,98,1,,,,,20,7,,,,,,,,1,0,,,,,,
2020,379,EA68391,4,09/25/2020,19:38,25,9,,63,Spokane,0,2,,3,2,2,1,0,4,2,19:38,19:52,20:41,12,0,6,291.8,2,0,2,2,2,1,2,0,0,0,0,US-2,COLBERT RD,-117.3475306,47.82440278,0,2,86,66,4,60,34,0,0,1,2,12,1,1,3,2,1,1,1,53,0,12,471,1998,0,,12,,,,,,1,1,32,1,0,,0,0,3,0,11,0,,,,,0,0,0,3,1,0,,,,96,,,,,,98,,,,,,99207,53,72,200,6,1,0,0,0,1,,0,,,,,,0,01/15/2018,01/15/2018,1,0,0,0,8,9,8,,,0,,,8,8,8,95,,,96,,,8,95,995,,,,,,,,,,,,,,,,,,,,,,,,,,,,,,0,0,0,1,1,1,0,1,0,0,0,0,0,0,0,0,0,0,1,0,0,0,0,0,0,0,0,0,0,1,0,0,0,0,0,,0,0,0,0,0,0,0,0,0,0,0,0,0,0,0,0,,,,,,31-35,26-35,US highway,U,Friday,Belt Used,PV,Not Fatal,1,0,0,0,State Route,State Patrol,Spokane State Patrol,0,1,0,0,0,,,,,,0,0,0,,,,,,,,,,,0,0,0,0,,,,,20,7,,,,,,,,1,0,,,,,,
2020,381,EA68503,278,10/02/2020,20:29,2,10,,63,Spokane,2110,1,,3,1,2,1,1,1,1,,,,8,0,0,0,3,0,3,3,2,4,6,0,0,3,3,N MARKET ST,E GARLAND AVE,-117.3650472,47.69342222,0,1,13,80,5,98,66,1,0,1,5,8,1,1,4,1,1,1,3,19,0,82,881,2019,0,,8,,,,,,1,1,52,1,0,,0,0,3,0,11,0,,,,,6,1,0,3,1,0,,,,96,,,,,,0,,,,,,99022,53,66,200,6,1,0,0,0,0,,0,,,,,,0,,,20,0,0,0,8,3,2,,,0,,,8,8,0,0,,,0,,,0,0,996,,,,,,,,,,,,,,,,,,,,,,,,,,,,,,0,0,0,1,0,0,0,0,0,1,0,1,0,0,0,0,0,0,0,0,0,0,0,0,0,0,0,0,0,0,1,1,0,0,0,,0,0,0,0,0,0,0,0,0,0,0,0,0,0,0,0,,,,,,51-55,46-55,City street,U,Friday,,MHTRUCK,Not Fatal,1,0,0,0,City Street,Municipal/City Police,Spokane Police Department,0,0,0,1,0,,,,,,0,0,0,,,,,,,,,,,98,98,98,0,,,,,20,7,,,,,,,,1,0,,,,,,
2020,382,EA68589,2,09/14/2020,5:07,14,9,,61,Snohomish,690,5,,2,1,2,1,0,2,2,,,,24,0,0,195.3,1,0,1,1,2,1,1,0,0,0,0,I-5,,-122.17485,47.99746667,0,2,98,98,7,60,66,1,0,1,2,12,2,2,3,3,14,1,3,95,0,84,881,2011,0,,12,,,,,,1,1,36,1,0,,0,0,3,0,11,0,,,,,99,9,9,9,1,0,,,,96,,,,,,0,,,,,,0,95,,999,9,9,99,99,99,99,,0,,,,,,0,,,20,0,0,0,8,9,8,,,0,,,8,8,2,1,,,1,,,2,1,0,,,,,,,,,,,,,,,,,,,,,,,,,,,,,,0,0,0,0,0,0,1,1,0,0,0,0,1,1,0,0,0,0,0,1,0,0,0,0,0,0,0,0,0,1,1,0,0,0,0,,0,0,0,0,0,0,0,0,0,0,0,0,0,0,0,0,,,,,,36-40,36-45,Interstate,U,Monday,,MHTRUCK,Not Fatal,0,1,0,0,State Route,State Patrol,Washington State Patrol,1,1,0,0,0,,,,,,99,99,99,,,,,,,,,,,98,98,98,0,,,,,20,7,,,,,,,,1,0,,,,,,
2020,382,EA68589,2,09/14/2020,5:07,14,9,,61,Snohomish,690,5,,2,1,2,1,0,2,2,,,,24,0,0,195.3,1,0,1,1,2,1,1,0,0,0,0,I-5,,-122.17485,47.99746667,0,1,2,6,1,60,20,0,0,1,2,24,2,2,3,3,14,1,2,53,0,37,441,2003,0,,63,24,69,12,,,1,1,36,2,7,,4,7,20,7,11,0,09/14/2020,5:07,69053043867,43867,0,0,0,1,1,0,,,,96,,,,,,9,,,,,,98201,53,62,125,1,1,0,0,0,0,,0,,,,,,4,,,8,1,9,0,0,9,8,,,0,,,1,8,2,401,417,,1,1,,2,1,0,,,,,,,,,,,,,,,,,,,,,,,,,,,,,,0,0,0,0,0,0,1,1,0,0,0,0,1,1,0,0,0,0,0,1,0,0,0,0,0,0,0,0,0,1,1,0,0,1,0,,1,0,0,0,0,0,1,1,0,1,0,1,0,0,1,0,,,,,,36-40,36-45,Interstate,U,Monday,Not Used,PV,White,0,1,0,0,State Route,State Patrol,Washington State Patrol,1,1,0,0,0,,,,,,0,0,0,,,,,,,,,,,98,98,98,1,,,,,20,7,,,,,,,,1,0,,,,,,
2020,383,EA68726,2,09/22/2020,20:30,22,9,,57,Skagit,0,10,,2,1,2,1,0,1,1,21:50,21:56,,59,0,0,1.2,1,0,1,5,1,2,4,0,0,0,0,CR-BOW HILL RD,,-122.3562778,48.5589,0,1,6,12,2,50,80,0,0,1,2,59,2,1,2,1,14,1,1,53,0,72,706,2005,0,,68,64,59,1,,,1,1,58,1,7,,4,7,20,7,11,0,09/22/2020,20:30,53044777,44777,0,0,0,3,1,0,,,,96,,,,,,9,,,,,,98274,53,71,190,6,1,0,0,0,1,,0,,,,,,4,08/15/2017,06/15/2017,20,8,0,0,0,1,8,,,0,,,0,1,2,1,,,1,,,2,1,0.148,,,,,,,,,,,,,,,,,,,,,,,,,,,,,,0,0,1,0,1,1,0,1,0,0,0,0,1,0,0,0,0,0,0,0,0,0,0,0,0,0,0,0,1,0,0,0,0,0,1,0,0,0,0,0,0,1,0,1,0,1,0,0,0,1,0,1,,,,,,56-60,56-65,County road,R,Tuesday,,MC,White,0,1,0,0,County Road,State Patrol,Washington State Patrol,1,0,1,0,0,,,,,,0,0,1,,,,,,,,,,,0,0,0,1,,,,,5,0,,,,,,,,1,0,,,BOW HILL ROAD,1.174,,