year,case,par,repjur,crash_dt,crash_tm,accday,accmon,holiday,county,co_char,city,weather,weather2,lightcond,surfcond,surftype,numfatal,nmforms,pforms,vforms,not_tm,arr_tm,hosp_tm,fhevent,hitrun,manncol,milepnt,reljunc,reljuncinter,intersectiontype,funcsystem,landuse,ownership,route,schlbus,spejur,contdev,devfunc,trafid1,trafid2,x,y,wk_zone,vnumber,crashtype,criticalevent,criticaleventcat,spdlim,body,trailer,emerg,hazcargo,leave,mhevent,roadalgn,roadprof,traflane,trafflow,vehmanvr,numoccs,regowner,regstate,spuse,make,model,modelyr,vrf1,vrf2,seqevent1,seqevent2,seqevent3,seqevent4,seqevent5,seqevent6,pnumber,ptype,age,sex,hispanic,race,injury,diedscene,restraint,restraintmisuse,seatpos,takehosp,death_dt,death_tm,cert,cernum_wa,commlic,licendor,licrestrict,liccomp,drivpres,drf1,drf2,drf3,drf4,distract1,distract2,distract3,distract4,distract5,distract6,dricond1,dricond2,dricond3,dricond4,dricond5,dricond6,dzip,licstate,drhgt_in,weight,noncdl,noncdltype,prevdwi,prevoth,prevacc,prevspd,prevsus,driviol1,driviol2,driviol3,driviol4,driviol5,driviol6,spdrel,first_dt,last_dt,airbag,ejection,ejectpath,extricat,injurwrk,methalc,methdrug,nmlocat,strikveh,prf1,prf2,prf3,druginv,alcinvol,drugsts,drugres1,drugres2,drugres3,drugtst1,drugtst2,drugtst3,alcsts,alctst,alcres,nmact1,nmact2,nmact3,nmact4,nmact5,nmact6,nmprior1,nmprior2,nmprior3,nmprior4,nmprior5,nmprior6,nmcond1,nmcond2,nmcond3,nmcond4,nmcond5,nmcond6,nmsafe_helmet,nmsafe_pads,nmsafe_oth,nmprev_ref,nmprev_lgt,nmprev_oth,crashlocation,nmcrashtype,crosswalk,schoolzone,sidewalk,train_inv,wildlife_inv,rotr_fars,intersect_fars,dd_inv,aid_inv,dpd_inv,id_inv,mj_inv,impnm_inv,ainm_inv,dpnm_inv,speed_inv,unlic_inv,unendmc_inv,drowsy_inv,drdist_inv,nmdist_inv,fty_inv,unrestfat_inv,dr1617_inv,dr1820_inv,dr1620_inv,dr2125_inv,dr1625_inv,dr65_inv,dr70_inv,dr75_inv,mc_inv,pv_inv,ht_inv,ped_inv,bike_inv,unrest_fat,mc_fat,unhelmet_mc,pv_fat,ht_fat,ped_fat,bike_fat,dr_alc7,dr_alc8,dr_drug,dr_imp,dr_dist,dr_spd,dr_fty,dr_unlic,dr_alc7only,dr_alc8only,dr_drugonly,dr_drink,nm_imp,nm_alc7,nm_alc8,nm_drug,nm_dist,agegrp1,agegrp2,roadclass,urbrur,dayweek,restuse,vehtype,race_me,intersect,lanedep,oppdir,wrongway,rep_typ,investag,repag_long,rotr,st_rd,cty_rd,city_rd,oth_rd,drug_thc,thc_res,drug_cthc,cthc_res,drug_cann,prevpersemin,prevperse,prevsusoth,drugtst4,drugtst5,drugtst6,drugtst7,drugtst8,drugres4,drugres5,drugres6,drugres7,drugres8,adspresent,adsengaged,adslevel,race1,race2,race3,race4,race5,helmet,helmetmisuse,nmdistract1,nmdistract2,nmdistract3,nmdistract4,nmdistract5,nmdistract6,lab,isedtcase,crf1,crf2,crf3,CoRoadName,CoMP,IntCoRoadName,IntCoMP
2020,384,EA69391,55,09/30/2020,20:28,30,9,,53,Pierce,100,1,,5,1,2,1,1,1,1,20:42,21:03,21:30,8,0,0,0,3,0,2,4,2,4,6,0,0,20,3,LAKELAND HILLS WAY SE,69TH ST SE,-122.2105639,47.24675556,0,1,13,80,5,30,4,0,0,1,5,8,1,1,3,1,1,1,1,53,0,49,40,2005,0,,8,,,,,,1,1,16,1,0,,0,0,3,0,11,0,,,,,0,0,2,3,1,38,39,73,,6,,,,,,98,,,,,,98001,53,67,180,6,2,0,0,0,0,,97,,,,,,0,,,20,0,0,0,8,3,8,,,0,,,8,8,0,0,,,0,,,0,0,996,,,,,,,,,,,,,,,,,,,,,,,,,,,,,,0,0,0,1,0,0,0,0,0,0,0,0,0,0,0,0,1,0,1,0,1,0,1,0,1,0,0,0,0,1,0,1,0,0,0,,0,0,0,0,0,0,0,0,1,0,1,0,0,0,0,0,,,,,,16-17,16-25,City street,U,Wednesday,Belt Used,PV,Not Fatal,1,0,0,0,City Street,Municipal/City Police,Auburn Police Department,0,0,0,1,0,,,,,,0,0,0,,,,,,,,,,,98,98,98,0,,,,,20,7,,,,,,,,1,0,,,,,,
2020,386,EA69768,55,10/04/2020,22:31,4,10,,33,King,100,1,,3,1,2,1,0,1,1,,,,10,0,0,0,6,0,1,5,2,4,6,0,0,65,3,W MAIN ST,,-122.2389722,47.30771667,0,1,98,98,7,25,4,0,0,1,2,10,1,1,2,1,5,1,1,53,0,55,36,2013,0,,10,,,,,,1,1,51,2,7,,4,7,3,0,11,0,10/04/2020,22:31,10053046438,46438,0,0,0,3,1,38,39,,,96,,,,,,98,,,,,,98444,53,66,129,6,1,0,0,0,0,,0,,,,,,0,,,8,1,9,0,9,9,8,,,0,,,8,8,2,1,,,1,,,2,1,0,,,,,,,,,,,,,,,,,,,,,,,,,,,,,,1,0,0,0,0,0,0,0,0,0,0,0,0,0,0,0,0,0,1,0,0,0,0,0,0,0,0,0,0,1,0,0,0,0,0,,1,0,0,0,0,0,0,0,0,0,1,0,0,0,0,0,,,,,,51-55,46-55,City street,U,Sunday,Belt Used,PV,Multiracial,1,0,0,0,City Street,Municipal/City Police,Auburn Police Department,0,0,0,1,0,,,,,,0,0,0,,,,,,,,,,,98,98,98,202,298,,,,20,7,,,,,,,,1,0,,,,,,
2020,387,EA69798,160,10/03/2020,16:51,3,10,,33,King,1030,10,,1,1,2,1,1,3,3,17:01,17:04,17:34,8,0,0,0,3,0,2,4,2,4,6,0,0,3,3,SE 208TH ST,108TH AVE SE,-122.197,47.41583889,0,3,98,98,7,40,15,0,0,1,5,12,1,2,5,1,5,1,1,53,0,35,421,2011,0,,12,,,,,,1,1,39,2,0,,0,0,3,0,11,0,,,,,0,0,3,3,1,0,,,,96,,,,,,0,,,,,,98031,53,62,130,6,1,0,0,0,0,,0,,,,,,0,,,20,0,0,0,8,9,8,,,0,,,8,8,0,0,,,0,,,0,0,996,,,,,,,,,,,,,,,,,,,,,,,,,,,,,,0,0,0,1,0,0,0,0,0,0,0,0,0,0,0,0,0,0,0,0,0,1,1,0,1,0,0,0,0,1,0,1,0,0,0,,0,0,0,0,0,0,0,0,0,0,0,0,0,0,0,0,,,,,,36-40,36-45,City street,U,Saturday,Belt Used,PV,Not Fatal,1,0,0,0,City Street,Municipal/City Police,Kent Police Department,0,0,0,1,0,,,,,,0,0,0,,,,,,,,,,,98,98,98,0,,,,,20,7,,,,,,,,1,0,,,,,,
2020,387,EA69798,160,10/03/2020,16:51,3,10,,33,King,1030,10,,1,1,2,1,1,3,3,17:01,17:04,17:34,8,0,0,0,3,0,2,4,2,4,6,0,0,3,3,SE 208TH ST,108TH AVE SE,-122.197,47.41583889,0,1,13,8,1,40,14,0,0,1,2,8,1,2,5,1,5,1,1,53,0,49,402,2003,0,,8,12,,,,,1,1,43,2,0,,1,0,3,0,11,5,,,,,0,0,3,3,1,0,,,,0,,,,,,1,,,,,,98042,53,61,150,6,1,0,0,0,0,,0,,,,,,0,,,20,0,0,0,8,9,8,,,0,,,8,8,0,0,,,0,,,0,0,996,,,,,,,,,,,,,,,,,,,,,,,,,,,,,,0,0,0,1,0,0,0,0,0,0,0,0,0,0,0,0,0,0,0,0,0,1,1,0,1,0,0,0,0,1,0,1,0,0,0,,0,0,0,0,0,0,0,0,0,0,0,0,0,0,0,0,,,,,,41-45,36-45,City street,U,Saturday,Belt Used,PV,Not Fatal,1,0,0,0,City Street,Municipal/City Police,Kent Police Department,0,0,0,1,0,,,,,,0,0,0,,,,,,,,,,,98,98,98,0,,,,,20,7,,,,,,,,1,0,,,,,,
2020,387,EA69798,160,10/03/2020,16:51,3,10,,33,King,1030,10,,1,1,2,1,1,3,3,17:01,17:04,17:34,8,0,0,0,3,0,2,4,2,4,6,0,0,3,3,SE 208TH ST,108TH AVE SE,-122.197,47.41583889,0,2,98,98,7,40,3,0,0,1,2,12,1,2,5,1,5,1,2,53,0,49,51,2011,0,,12,12,,,,,1,1,20,1,0,,1,0,3,0,11,5,,,,,0,0,3,3,1,0,,,,96,,,,,,0,,,,,,98042,53,68,145,6,1,0,0,1,0,,0,,,,,,0,09/15/2018,09/15/2018,20,0,0,0,8,9,8,,,0,,,8,8,0,0,,,0,,,0,0,996,,,,,,,,,,,,,,,,,,,,,,,,,,,,,,0,0,0,1,0,0,0,0,0,0,0,0,0,0,0,0,0,0,0,0,0,1,1,0,1,0,0,0,0,1,0,1,0,0,0,,0,0,0,0,0,0,0,0,0,0,0,0,0,0,0,0,,,,,,18-20,16-25,City street,U,Saturday,Belt Used,PV,Not Fatal,1,0,0,0,City Street,Municipal/City Police,Kent Police Department,0,0,0,1,0,,,,,,0,0,0,,,,,,,,,,,98,98,98,0,,,,,20,7,,,,,,,,1,0,,,,,,
2020,559,EA70015,330,10/05/2020,16:10,5,10,,77,Yakima,2590,1,,1,1,2,1,0,2,2,16:18,16:25,16:57,12,0,6,0,2,0,3,4,2,4,6,0,0,20,3,W WASHINGTON AVE,S 48th Ave,-120.5712806,46.57664444,0,1,82,15,2,40,4,0,0,1,2,12,1,1,2,1,11,1,2,53,0,35,47,2016,0,,12,,,,,,1,1,25,2,0,,2,0,3,0,11,5,,,,,0,0,0,3,1,10,38,39,,0,,,,,,98,,,,,,98901,53,62,145,6,1,0,1,0,0,,37,,,,,,0,10/15/2020,10/15/2020,1,0,0,0,8,9,8,,,0,,,8,8,0,0,,,0,,,0,0,996,,,,,,,,,,,,,,,,,,,,,,,,,,,,,,0,0,0,1,0,0,0,0,0,0,0,0,0,0,0,0,0,0,1,0,0,0,0,1,1,1,1,1,0,1,0,0,0,0,0,,0,0,0,0,0,0,0,0,0,0,1,0,0,0,0,0,,,,,,21-25,16-25,City street,U,Monday,Belt Used,PV,Not Fatal,1,0,0,0,City Street,Municipal/City Police,Yakima Police Department,0,0,0,1,0,,,,,,0,0,0,,,,,,,,,,,98,98,98,0,,,,,20,7,,,,,,,,1,0,,,,,,
2020,559,EA70015,330,10/05/2020,16:10,5,10,,77,Yakima,2590,1,,1,1,2,1,0,2,2,16:18,16:25,16:57,12,0,6,0,2,0,3,4,2,4,6,0,0,0,0,W WASHINGTON AVE,S 48th Ave,-120.5712806,46.57664444,0,2,83,67,4,40,20,0,0,1,2,12,1,1,5,5,1,1,1,53,0,7,442,1999,0,,12,,,,,,1,1,90,2,7,,4,0,3,0,11,5,10/13/2020,15:30,1.96E+11,47636,0,0,3,3,1,0,,,,96,,,,,,98,,,,,,98903,53,63,160,6,1,0,0,0,0,,0,,,,,,0,,,1,0,0,0,0,9,8,,,0,,,8,8,0,0,,,0,,,0,0,996,,,,,,,,,,,,,,,,,,,,,,,,,,,,,,0,0,0,1,0,0,0,0,0,0,0,0,0,0,0,0,0,0,1,0,0,0,0,1,1,1,1,1,0,1,0,0,0,0,0,,1,0,0,0,0,0,0,0,0,0,0,0,0,0,0,0,,,,,,81+,76+,City street,U,Monday,Belt Used,PV,White,1,0,0,0,City Street,Municipal/City Police,Yakima Police Department,0,0,0,1,0,,,,,,0,0,0,,,,,,,,,,,0,0,0,1,,,,,20,7,,,,,,,,1,0,,,,,,
2020,392,EA70054,8,10/06/2020,19:50,6,10,,27,Grays Harbor,0,1,,2,1,2,1,1,2,1,19:51,20:02,,9,0,0,27.6,1,0,1,3,1,1,2,0,0,0,0,US-12,,-123.3067028,46.93024167,0,1,13,83,5,55,34,0,0,1,5,9,1,1,2,1,1,2,1,53,0,49,472,2004,0,,9,,,,,,1,1,64,1,0,,0,0,3,0,11,0,,,,,0,0,0,3,1,0,,,,96,,,,,,0,,,,,,98541,53,72,210,6,1,0,0,0,1,,0,,,,,,0,04/15/2020,04/15/2020,20,0,0,0,8,3,8,,,0,,,8,8,8,95,,,96,,,2,95,997,,,,,,,,,,,,,,,,,,,,,,,,,,,,,,0,0,0,0,0,0,0,0,0,0,0,0,0,0,0,0,0,0,0,0,0,0,0,0,0,0,0,0,0,1,0,0,1,0,0,,0,0,0,0,0,0,0,0,0,0,0,0,0,0,0,0,,,,,,61-65,56-65,US highway,R,Tuesday,Belt Used,PV,Not Fatal,0,0,0,0,State Route,State Patrol,Washington State Patrol,0,1,0,0,0,,,,,,0,0,0,,,,,,,,,,,98,98,98,0,,,,,20,7,,,,,,,,1,0,,,,,,
2020,393,EA70514,7,10/02/2020,19:34,2,10,,33,King,0,1,,2,1,2,1,0,1,1,19:38,19:55,,1,0,0,23.5,1,0,1,3,1,1,3,0,0,0,0,SR-18,,-121.9418917,47.46331944,0,1,98,8,1,55,80,0,0,1,2,1,1,2,2,3,1,1,1,53,0,72,706,2020,0,,1,,,,,,1,1,45,1,7,,4,0,20,7,11,5,10/02/2020,21:03,1.96E+11,46419,0,0,0,3,1,0,,,,12,,,,,,98,,,,,,83607,16,66,185,6,1,0,0,0,2,,0,,,,,,0,08/15/2018,07/15/2018,20,8,0,0,0,9,8,,,0,,,8,8,2,1,,,1,,,2,1,0.111,,,,,,,,,,,,,,,,,,,,,,,,,,,,,,0,0,0,0,1,1,0,1,0,0,0,0,0,0,0,0,1,0,0,0,0,0,0,0,0,0,0,0,1,0,0,0,0,0,1,0,0,0,0,0,0,1,0,1,1,0,0,0,0,1,0,1,,,,,,41-45,36-45,State route,R,Friday,,MC,White,0,0,0,0,State Route,State Patrol,Washington State Patrol,0,1,0,0,0,,,,,,0,0,0,,,,,,,,,,,0,0,0,1,,,,,5,0,,,,,,,,1,0,,,,,,
2020,560,EA70533,248,10/10/2020,2:11,10,10,,33,King,1830,2,,3,2,2,1,1,1,1,2:19,2:26,3:03,8,0,0,28.5,3,0,2,3,2,1,3,0,0,3,3,SR-167,S 3RD ST,-122.2171694,47.47978889,0,1,13,80,5,35,6,0,0,1,2,8,1,1,8,1,1,1,1,53,0,49,46,2014,0,,8,,,,,,1,1,54,1,0,,0,0,3,0,11,0,,,,,0,0,3,3,1,0,,,,96,,,,,,0,,,,,,98125,53,66,155,6,1,0,0,0,0,,0,,,,,,0,,,20,0,0,0,8,2,8,,,0,,,8,0,0,0,,,0,,,2,10,0,,,,,,,,,,,,,,,,,,,,,,,,,,,,,,0,0,0,1,0,0,0,0,0,0,0,0,0,0,0,0,0,0,0,0,0,0,0,0,0,0,0,0,0,1,0,1,0,0,0,,0,0,0,0,0,0,0,0,0,0,0,0,0,0,0,0,,,,,,51-55,46-55,State route,U,Saturday,Belt Used,PV,Not Fatal,1,0,0,0,State Route,Municipal/City Police,Renton Police Department,0,1,0,0,0,,,,,,0,0,0,,,,,,,,,,,98,98,98,0,,,,,20,7,,,,,,,,1,0,,,,,,
2020,395,EA70924,1,10/04/2020,20:25,4,10,,77,Yakima,0,1,,3,1,2,1,0,1,1,20:27,20:39,21:15,1,0,0,25.6,1,0,1,1,1,1,1,0,0,0,0,I-82,,-120.4640917,46.68669167,0,1,7,9,1,70,15,0,0,1,2,1,1,2,2,2,1,1,1,53,0,54,421,2002,0,,64,1,,,,,1,1,29,2,6,,4,0,3,0,11,5,10/04/2020,21:23,2.59E+11,46532,0,0,3,3,1,0,,,,96,,,,,,9,,,,,,98902,53,67,155,6,1,0,1,0,1,,0,,,,,,0,02/15/2018,12/15/2020,20,0,0,0,0,9,8,,,0,,,1,8,2,128,177,996,1,1,1,2,1,0,,,,,,,,,,,,,,,,,,,,,,,,,,,,,,0,0,0,0,0,0,1,1,0,0,0,0,0,0,0,0,0,0,0,0,0,0,0,0,0,0,0,0,0,1,0,0,0,0,0,,1,0,0,0,0,0,1,1,0,0,0,0,0,0,1,0,,,,,,26-30,26-35,Interstate,R,Sunday,Belt Used,PV,Hispanic,0,1,0,0,State Route,State Patrol,Washington State Patrol,1,1,0,0,0,,,,,,0,0,0,1,1,1,,,996,996,401,417,,98,98,98,1,,,,,20,7,,,,,,,,1,0,,,,,,
2020,462,EA71532,4,10/06/2020,19:00,6,10,,19,Ferry,0,1,,2,1,2,1,0,1,1,19:00,19:19,19:43,35,0,0,308.6,1,0,1,4,1,1,3,0,0,0,0,SR-20,,-118.6512,48.59901944,0,1,2,13,2,55,34,0,0,1,2,1,3,1,2,1,14,1,1,53,0,20,481,1995,0,,63,69,68,68,63,35,1,1,64,1,7,,4,0,20,7,11,5,10/06/2020,21:32,1.84E+11,47645,0,0,0,3,1,0,,,,96,,,,,,9,,,,,,99166,53,66,185,6,1,0,0,0,0,,0,,,,,,3,,,20,1,9,0,0,9,8,,,0,,,8,1,8,95,,,96,,,2,1,0.29,,,,,,,,,,,,,,,,,,,,,,,,,,,,,,0,0,0,0,1,1,0,1,0,0,0,0,1,0,0,0,0,0,0,1,0,0,0,0,0,0,0,0,0,1,0,0,0,1,0,,1,0,0,0,0,1,0,1,0,1,0,0,0,1,0,1,,,,,,61-65,56-65,State route,R,Tuesday,Not Used,PV,White,0,1,0,0,State Route,State Patrol,Washington State Patrol,1,1,0,0,0,,,,,,0,0,0,,,,,,,,,,,0,0,0,1,,,,,20,7,,,,,,,,1,0,,,,,,
2020,399,EA71625,55,10/05/2020,17:01,5,10,,53,Pierce,100,1,,1,1,2,1,1,1,1,,,,8,0,0,0,1,0,1,3,2,4,6,0,0,0,0,LAKE TAPPS PKWY E,,-122.2135111,47.24395833,0,1,13,80,5,45,4,0,0,1,2,8,2,2,6,1,14,1,2,53,0,35,398,1991,0,,8,,,,,,1,1,16,1,0,,0,0,3,0,11,0,,,,,0,0,3,3,1,10,,,,0,,,,,,0,,,,,,98092,53,69,125,6,2,0,0,0,0,,0,,,,,,0,,,20,0,0,0,8,9,8,,,0,,,8,8,0,0,,,0,,,0,0,996,,,,,,,,,,,,,,,,,,,,,,,,,,,,,,0,0,0,0,0,0,0,0,0,0,0,0,0,0,0,0,0,0,0,0,1,0,1,0,1,0,0,0,0,1,0,1,0,0,0,,0,0,0,0,0,0,0,0,0,0,0,0,0,0,0,0,,,,,,16-17,16-25,City street,U,Monday,Belt Used,PV,Not Fatal,0,0,0,0,City Street,Municipal/City Police,Auburn Police Department,0,0,0,1,0,,,,,,0,0,0,,,,,,,,,,,0,0,0,0,,,,,20,7,,,,,,,,1,0,,,,,,
2020,400,EA71709,5,10/12/2020,22:41,12,10,,11,Clark,2370,1,,3,1,2,1,1,1,1,,,,8,0,0,4.1,1,0,1,3,2,1,3,0,0,0,0,SR-500,,-122.5815861,45.65598056,0,1,13,80,5,55,4,0,0,1,2,8,2,2,2,3,15,1,1,53,0,63,38,2016,0,,8,,,,,,1,1,27,1,0,,0,0,3,0,11,0,,,,,0,0,0,3,1,0,,,,13,,,,,,0,,,,,,98684,53,73,185,6,1,0,0,0,1,,0,,,,,,0,04/15/2018,04/15/2018,20,0,0,0,8,3,2,,,0,,,8,8,2,1,,,1,,,2,1,0,,,,,,,,,,,,,,,,,,,,,,,,,,,,,,0,0,0,0,0,0,0,0,0,0,0,0,0,0,0,0,1,0,0,0,0,0,0,0,0,0,0,0,0,1,0,1,0,0,0,,0,0,0,0,0,0,0,0,1,0,0,0,0,0,0,0,,,,,,26-30,26-35,State route,U,Monday,Belt Used,PV,Not Fatal,0,0,0,0,State Route,State Patrol,Washington State Patrol,0,1,0,0,0,,,,,,0,0,0,,,,,,,,,,,98,98,98,0,,,,,20,7,,,,,,,,1,0,,,,,,
2020,401,EA71761,278,10/13/2020,23:17,13,10,,63,Spokane,2110,1,,3,1,2,1,0,3,2,,,,12,0,6,0,2,0,2,4,2,4,6,0,0,0,0,S REGAL ST,E THURSTON AVE,-117.3686,47.61728056,0,2,87,66,4,98,14,0,0,1,5,12,1,1,4,1,1,2,2,53,0,34,402,2009,0,,12,,,,,,1,1,18,1,0,,1,0,3,0,11,5,,,,,0,0,0,3,1,0,,,,96,,,,,,0,,,,,,99203,53,71,200,6,1,0,0,0,0,,0,,,,,,0,,,8,0,0,0,8,3,2,,,0,,,8,8,0,0,,,0,,,0,0,996,,,,,,,,,,,,,,,,,,,,,,,,,,,,,,0,0,0,1,1,1,1,1,1,0,0,0,1,1,0,0,0,0,0,0,0,1,1,0,1,0,0,0,0,1,0,0,0,0,0,,0,0,0,0,0,0,0,0,0,0,0,0,0,0,0,0,,,,,,18-20,16-25,City street,U,Tuesday,Belt Used,PV,Not Fatal,1,0,0,0,City Street,Municipal/City Police,Spokane Police Department,0,0,0,1,0,,,,,,0,0,0,,,,,,,,,,,98,98,98,0,,,,,20,7,,,,,,,,1,0,,,,,,
2020,401,EA71761,278,10/13/2020,23:17,13,10,,63,Spokane,2110,1,,3,1,2,1,0,3,2,,,,12,0,6,0,2,0,2,4,2,4,6,0,0,20,3,S REGAL ST,E THURSTON AVE,-117.3686,47.61728056,0,1,86,17,2,98,5,0,0,1,5,12,1,1,2,1,1,1,1,53,0,7,25,2009,0,,12,63,40,30,1,38,1,1,20,1,7,,4,0,3,0,11,5,10/14/2020,1:36,2.11E+11,47763,0,0,0,0,1,39,,,,96,,,,,,98,,,,,,99223,53,69,120,0,0,0,0,1,2,,0,,,,,,3,06/15/2019,11/15/2020,8,0,0,0,0,9,8,,,0,,,8,8,2,695,605,151,1,1,1,2,1,0.081,,,,,,,,,,,,,,,,,,,,,,,,,,,,,,0,0,0,1,1,1,1,1,1,0,0,0,1,1,0,0,0,0,0,0,0,1,1,0,1,0,0,0,0,1,0,0,0,0,0,,1,0,0,0,0,1,1,1,0,1,0,1,0,0,0,1,,,,,,18-20,16-25,City street,U,Tuesday,Belt Used,PV,White,1,0,0,0,City Street,Municipal/City Police,Spokane Police Department,0,0,0,1,0,thc,20,carboxy-thc,36,,0,0,2,,,,,,,,,,,98,98,98,1,,,,,20,7,,,,,,,nms,1,0,,,,,,
2020,402,EA71846,242,09/25/2020,21:29,25,9,,53,Pierce,1770,1,,2,1,2,1,1,1,1,,,,8,0,0,25.4,1,0,1,3,2,1,3,0,0,0,0,SR-161,,-122.2929806,47.15792778,0,1,13,80,5,35,34,0,0,1,5,8,1,1,6,5,1,1,1,53,0,20,481,2001,0,,8,,,,,,1,1,28,1,0,,0,0,3,0,11,0,,,,,0,0,0,3,1,0,,,,96,,,,,,98,,,,,,98531,53,72,220,6,1,0,0,0,0,,0,,,,,,0,,,20,0,0,0,8,3,2,,,0,,,8,8,8,95,,,96,,,8,95,995,,,,,,,,,,,,,,,,,,,,,,,,,,,,,,0,0,0,0,0,0,0,0,0,0,0,0,0,0,0,0,0,0,0,0,0,0,0,0,0,0,0,0,0,1,0,1,0,0,0,,0,0,0,0,0,0,0,0,0,0,0,0,0,0,0,0,,,,,,26-30,26-35,State route,U,Friday,Belt Used,PV,Not Fatal,0,0,0,0,State Route,Municipal/City Police,Puyallup Police Department,0,1,0,0,0,,,,,,0,0,0,,,,,,,,,,,98,98,98,0,,,,,20,7,,,,,,,,1,0,,,,,,
2020,406,EA71988,262,10/13/2020,5:16,13,10,,33,King,1958,2,,3,2,2,1,1,1,1,,,,8,0,0,0,1,0,1,3,2,4,6,0,0,0,0,S 188TH ST,,-122.2907444,47.43447778,0,1,13,80,5,40,34,0,0,1,5,8,1,3,5,5,1,1,3,53,0,23,481,2004,0,,8,,,,,,1,1,54,1,0,,0,0,3,0,11,0,,,,,0,0,3,3,1,10,,,,0,,,,,,98,,,,,,98166,53,76,220,6,1,0,0,0,0,,0,,,,,,0,,,20,0,0,0,8,9,8,,,0,,,8,8,8,95,,,96,,,8,95,995,,,,,,,,,,,,,,,,,,,,,,,,,,,,,,0,0,0,0,0,0,0,0,0,1,1,1,0,0,0,0,0,0,0,0,0,0,0,0,0,0,0,0,0,1,0,1,0,0,0,,0,0,0,0,0,0,0,0,0,0,0,0,0,0,0,0,,,,,,51-55,46-55,City street,U,Tuesday,Belt Used,PV,Not Fatal,0,0,0,0,City Street,Municipal/City Police,SeaTac Police Department,0,0,0,1,0,,,,,,0,0,0,,,,,,,,,,,98,98,98,0,,,,,20,7,,,,,,,,1,0,,,,,,
2020,403,EA72111,122,10/09/2020,20:42,9,10,,61,Snohomish,690,2,,3,2,2,1,0,1,1,20:45,20:53,,39,0,0,0,3,0,3,3,2,1,3,0,0,3,3,SR-526 RAMP 526X00143,AIRPORT RD,-122.2718611,47.92230556,0,1,14,14,2,45,15,0,0,1,2,39,1,1,4,1,1,1,2,53,0,23,421,2001,0,,71,39,,,,,1,1,37,2,7,,4,7,20,7,11,0,10/09/2020,20:42,69053048211,48211,0,0,0,3,1,0,,,,92,,,,,,98,,,,,,98294,53,70,165,6,1,0,0,1,0,,0,,,,,,0,11/15/2018,11/15/2018,1,0,0,0,0,9,8,,,0,,,8,8,2,695,605,,1,1,,2,1,0.171,,,,,,,,,,,,,,,,,,,,,,,,,,,,,,0,0,0,1,1,1,1,1,1,0,0,0,0,0,0,0,1,0,0,1,0,0,0,0,0,0,0,0,0,1,0,0,0,1,0,,1,0,0,0,0,1,1,1,1,0,0,0,0,0,0,1,,,,,,36-40,36-45,State route,U,Friday,Not Used,PV,White,1,0,0,0,State Route,Municipal/City Police,Everett Police Department,0,1,0,0,0,thc,34,carboxy-thc,41,,0,0,0,,,,,,,,,,,98,98,98,1,,,,,20,7,,,,,,,nms,1,0,,,,,,
2020,569,EA72522,6,10/02/2020,16:03,2,10,,17,Douglas,0,1,,1,1,2,1,0,6,2,,,,12,0,1,198.3,8,0,1,3,1,1,2,0,0,0,0,US-97,,-120.2281083,47.62576111,0,1,20,50,3,45,80,0,0,1,5,12,1,1,2,1,1,2,1,53,0,37,704,1985,0,,12,,,,,,1,1,72,1,0,,3,0,20,7,11,8,,,,,0,0,3,3,1,26,,,,96,,,,,,98,,,,,,98815,53,64,145,6,1,0,0,0,0,,0,,,,,,0,,,20,8,0,0,8,9,8,,,0,,,8,8,0,0,,,0,,,0,0,996,,,,,,,,,,,,,,,,,,,,,,,,,,,,,,0,0,0,0,0,0,0,0,0,0,0,0,0,0,0,0,0,0,0,0,0,0,0,0,0,1,1,0,1,1,0,0,0,0,0,1,0,0,0,0,0,0,0,0,0,0,0,0,0,0,0,0,,,,,,71-75,66-75,US highway,R,Friday,,MC,Not Fatal,0,0,0,0,State Route,State Patrol,Washington State Patrol,0,1,0,0,0,,,,,,0,0,0,,,,,,,,,,,0,0,0,0,,,,,16,0,,,,,,,,0,0,,,,,,
2020,569,EA72522,6,10/02/2020,16:03,2,10,,17,Douglas,0,1,,1,1,2,1,0,6,2,,,,12,0,1,198.3,8,0,1,3,1,1,2,0,0,0,0,US-97,,-120.2281083,47.62576111,0,2,21,53,3,45,4,0,0,1,5,12,1,1,2,1,5,4,1,53,0,20,22,2005,0,,12,,,,,,1,1,30,1,0,,0,0,3,0,11,0,,,,,0,0,0,3,1,0,,,,96,,,,,,98,,,,,,98855,53,72,143,6,1,0,0,0,0,,0,,,,,,0,,,20,0,0,0,8,9,8,,,0,,,8,8,0,0,,,0,,,0,0,996,,,,,,,,,,,,,,,,,,,,,,,,,,,,,,0,0,0,0,0,0,0,0,0,0,0,0,0,0,0,0,0,0,0,0,0,0,0,0,0,1,1,0,1,1,0,0,0,0,0,,0,0,0,0,0,0,0,0,0,0,0,0,0,0,0,0,,,,,,26-30,26-35,US highway,R,Friday,Belt Used,PV,Not Fatal,0,0,0,0,State Route,State Patrol,Washington State Patrol,0,1,0,0,0,,,,,,0,0,0,,,,,,,,,,,98,98,98,0,,,,,20,7,,,,,,,,0,0,,,,,,