year,case,par,repjur,crash_dt,crash_tm,accday,accmon,holiday,county,co_char,city,weather,weather2,lightcond,surfcond,surftype,numfatal,nmforms,pforms,vforms,not_tm,arr_tm,hosp_tm,fhevent,hitrun,manncol,milepnt,reljunc,reljuncinter,intersectiontype,funcsystem,landuse,ownership,route,schlbus,spejur,contdev,devfunc,trafid1,trafid2,x,y,wk_zone,vnumber,crashtype,criticalevent,criticaleventcat,spdlim,body,trailer,emerg,hazcargo,leave,mhevent,roadalgn,roadprof,traflane,trafflow,vehmanvr,numoccs,regowner,regstate,spuse,make,model,modelyr,vrf1,vrf2,seqevent1,seqevent2,seqevent3,seqevent4,seqevent5,seqevent6,pnumber,ptype,age,sex,hispanic,race,injury,diedscene,restraint,restraintmisuse,seatpos,takehosp,death_dt,death_tm,cert,cernum_wa,commlic,licendor,licrestrict,liccomp,drivpres,drf1,drf2,drf3,drf4,distract1,distract2,distract3,distract4,distract5,distract6,dricond1,dricond2,dricond3,dricond4,dricond5,dricond6,dzip,licstate,drhgt_in,weight,noncdl,noncdltype,prevdwi,prevoth,prevacc,prevspd,prevsus,driviol1,driviol2,driviol3,driviol4,driviol5,driviol6,spdrel,first_dt,last_dt,airbag,ejection,ejectpath,extricat,injurwrk,methalc,methdrug,nmlocat,strikveh,prf1,prf2,prf3,druginv,alcinvol,drugsts,drugres1,drugres2,drugres3,drugtst1,drugtst2,drugtst3,alcsts,alctst,alcres,nmact1,nmact2,nmact3,nmact4,nmact5,nmact6,nmprior1,nmprior2,nmprior3,nmprior4,nmprior5,nmprior6,nmcond1,nmcond2,nmcond3,nmcond4,nmcond5,nmcond6,nmsafe_helmet,nmsafe_pads,nmsafe_oth,nmprev_ref,nmprev_lgt,nmprev_oth,crashlocation,nmcrashtype,crosswalk,schoolzone,sidewalk,train_inv,wildlife_inv,rotr_fars,intersect_fars,dd_inv,aid_inv,dpd_inv,id_inv,mj_inv,impnm_inv,ainm_inv,dpnm_inv,speed_inv,unlic_inv,unendmc_inv,drowsy_inv,drdist_inv,nmdist_inv,fty_inv,unrestfat_inv,dr1617_inv,dr1820_inv,dr1620_inv,dr2125_inv,dr1625_inv,dr65_inv,dr70_inv,dr75_inv,mc_inv,pv_inv,ht_inv,ped_inv,bike_inv,unrest_fat,mc_fat,unhelmet_mc,pv_fat,ht_fat,ped_fat,bike_fat,dr_alc7,dr_alc8,dr_drug,dr_imp,dr_dist,dr_spd,dr_fty,dr_unlic,dr_alc7only,dr_alc8only,dr_drugonly,dr_drink,nm_imp,nm_alc7,nm_alc8,nm_drug,nm_dist,agegrp1,agegrp2,roadclass,urbrur,dayweek,restuse,vehtype,race_me,intersect,lanedep,oppdir,wrongway,rep_typ,investag,repag_long,rotr,st_rd,cty_rd,city_rd,oth_rd,drug_thc,thc_res,drug_cthc,cthc_res,drug_cann,prevpersemin,prevperse,prevsusoth,drugtst4,drugtst5,drugtst6,drugtst7,drugtst8,drugres4,drugres5,drugres6,drugres7,drugres8,adspresent,adsengaged,adslevel,race1,race2,race3,race4,race5,helmet,helmetmisuse,nmdistract1,nmdistract2,nmdistract3,nmdistract4,nmdistract5,nmdistract6,lab,isedtcase,crf1,crf2,crf3,CoRoadName,CoMP,IntCoRoadName,IntCoMP
2020,572,EA81348,278,11/14/2020,19:30,14,11,,63,Spokane,2113,2,,3,2,2,1,1,1,1,,,,8,0,0,0,3,0,2,3,2,4,6,0,0,0,0,W SUNSET BLVD,S CANNON ST,-117.4422056,47.65183611,0,1,13,80,5,30,34,0,0,1,5,8,1,1,5,5,1,1,1,53,0,23,481,2007,0,,8,,,,,,1,1,24,1,0,,0,0,3,0,11,0,,,,,0,0,0,0,1,0,,,,96,,,,,,9,,,,,,99208,53,72,220,0,0,0,0,1,0,,12,,,,,,0,11/15/2017,11/15/2020,20,0,0,0,8,9,2,,,0,,,1,8,8,95,,,96,,,8,95,995,,,,,,,,,,,,,,,,,,,,,,,,,,,,,,0,0,0,1,0,0,0,0,0,1,1,0,0,1,0,0,0,0,0,0,0,0,0,1,1,0,0,0,0,1,0,1,0,0,0,,0,0,0,0,0,0,0,0,0,0,0,1,0,0,0,0,,,,,,21-25,16-25,City street,U,Saturday,Belt Used,PV,Not Fatal,0,0,0,0,City Street,Municipal/City Police,Spokane Police Department,0,0,0,1,0,,,,,,0,0,1,,,,,,,,,,,98,98,98,0,,,,,20,7,,,,,,,,0,0,,,,,,
2020,444,EA81605,26,11/10/2020,17:01,10,11,,35,Kitsap,0,2,,3,2,2,1,1,1,1,,,,8,1,0,1.2,1,0,1,5,1,2,4,0,3,0,0,CR-SUQUAMISH WAY NE,,-122.5606806,47.72831111,0,1,13,11,2,40,34,0,0,1,5,8,3,2,8,1,14,1,1,53,0,41,471,1996,0,,63,8,,,,,1,1,75,1,0,,0,0,99,7,11,0,,,,,0,0,3,3,1,0,,,,96,,,,,,98,,,,,,98370,53,67,170,6,1,0,1,0,1,,7,,,,,,0,02/15/2019,02/15/2020,1,0,0,0,8,9,8,,,0,,,8,8,0,0,,,0,,,0,0,996,,,,,,,,,,,,,,,,,,,,,,,,,,,,,,0,0,0,0,0,0,0,0,0,1,0,1,0,0,0,0,0,0,0,0,0,0,0,0,0,1,1,1,0,1,0,1,0,0,0,,0,0,0,0,0,0,0,0,0,0,0,0,0,0,0,0,,,,,,71-75,66-75,County road,R,Tuesday,Unknown,PV,Not Fatal,0,0,0,0,County Road,County Sheriff,Kitsap County Sheriff's Office,0,0,1,0,0,,,,,,0,0,0,,,,,,,,,,,0,0,0,0,,,,,20,7,,,,,,,,1,0,,,SUQUAMISH WAY NE,1.161,,
2020,445,EA81764,25,11/14/2020,9:18,14,11,,33,King,0,10,,1,1,1,1,1,1,1,9:26,9:42,10:05,8,0,0,0.6,3,0,2,5,1,2,4,0,0,0,0,CR-SW BANK RD,100TH AVE SW,-122.4618194,47.44743056,0,1,13,80,5,25,34,0,0,1,5,8,1,1,2,1,11,1,2,53,0,49,472,2001,0,,8,,,,,,1,1,75,2,0,,0,0,99,7,11,0,,,,,0,0,3,3,1,10,38,,,0,,,,,,0,,,,,,98070,53,65,140,6,1,0,0,0,0,,0,,,,,,0,,,20,0,0,0,8,9,8,,,0,,,8,8,8,95,,,96,,,8,95,995,,,,,,,,,,,,,,,,,,,,,,,,,,,,,,0,0,0,1,0,0,0,0,0,1,0,1,0,0,0,0,0,0,1,0,0,0,0,0,0,1,1,1,0,1,0,1,0,0,0,,0,0,0,0,0,0,0,0,0,0,1,0,0,0,0,0,,,,,,71-75,66-75,County road,R,Saturday,Unknown,PV,Not Fatal,1,0,0,0,County Road,County Sheriff,King County Police,0,0,1,0,0,,,,,,0,0,0,,,,,,,,,,,98,98,98,0,,,,,20,7,,,,,,,,1,0,,,SW BANK RD,0.551,100 AVE SW,0.12
2020,528,EA82050,242,11/12/2020,16:04,12,11,,53,Pierce,1770,2,,1,2,2,1,0,2,2,16:04,16:16,16:37,12,0,6,5.4,8,0,1,3,2,1,3,0,0,0,0,SR-167,,-122.2945028,47.19895556,0,2,69,62,4,35,80,0,0,1,5,12,1,1,5,5,1,1,1,53,0,72,706,2017,0,,12,,,,,,1,1,61,1,7,,4,0,20,7,11,5,11/13/2020,3:43,1.96E+11,53444,0,0,0,3,1,0,,,,96,,,,,,0,,,,,,98070,53,73,210,6,1,0,0,0,0,,0,,,,,,0,,,20,8,0,0,0,9,8,,,0,,,8,8,2,996,,,1,,,2,1,0,,,,,,,,,,,,,,,,,,,,,,,,,,,,,,0,0,0,0,0,0,1,1,0,0,0,0,0,0,0,0,0,0,1,0,0,0,0,0,0,1,1,1,1,1,0,0,0,0,1,0,0,0,0,0,0,0,1,1,0,0,0,0,0,0,1,0,,,,,,61-65,56-65,State route,U,Thursday,,MC,White,0,0,0,0,State Route,Municipal/City Police,Puyallup Police Department,0,1,0,0,0,,,,,,0,0,0,,,,,,,,,,,0,0,0,1,,,,,5,0,,,,,,,,0,0,,,,,,
2020,528,EA82050,242,11/12/2020,16:04,12,11,,53,Pierce,1770,2,,1,2,2,1,0,2,2,16:04,16:16,16:37,12,0,6,5.4,8,0,1,3,2,1,3,0,0,0,0,SR-167,,-122.2945028,47.19895556,0,1,68,15,2,35,10,0,0,1,5,12,1,1,5,5,11,1,1,53,0,48,44,2003,0,,12,,,,,,1,1,76,2,0,,1,0,3,0,11,5,,,,,0,0,0,3,1,38,48,,,96,,,,,,9,,,,,,98371,53,67,125,6,1,0,0,0,0,,97,,,,,,0,,,20,0,0,0,8,9,8,,,0,,,1,8,8,95,,,96,,,8,95,995,,,,,,,,,,,,,,,,,,,,,,,,,,,,,,0,0,0,0,0,0,1,1,0,0,0,0,0,0,0,0,0,0,1,0,0,0,0,0,0,1,1,1,1,1,0,0,0,0,0,,0,0,0,0,0,0,0,0,0,0,1,0,0,0,0,0,,,,,,76-80,76+,State route,U,Thursday,Belt Used,PV,Not Fatal,0,0,0,0,State Route,Municipal/City Police,Puyallup Police Department,0,1,0,0,0,,,,,,0,0,0,,,,,,,,,,,98,98,98,0,,,,,20,7,,,,,,,,0,0,,,,,,
2020,446,EA82357,4,11/18/2020,7:18,18,11,,65,Stevens,0,1,,4,4,2,1,0,2,2,,,,12,0,6,199.8,1,0,1,2,1,1,2,0,0,0,0,US-395,,-117.6491222,48.1208,0,2,66,62,4,60,14,0,0,1,2,12,1,1,2,1,1,1,3,53,0,12,401,2018,0,,12,,,,,,1,1,39,1,0,,3,0,3,0,11,5,,,,,0,0,0,3,1,16,,,,96,,,,,,0,,,,,,99006,53,71,215,6,1,0,0,1,0,,0,,,,,,0,01/15/2018,01/15/2018,8,0,0,0,8,9,8,,,0,,,8,8,0,0,,,0,,,0,0,996,,,,,,,,,,,,,,,,,,,,,,,,,,,,,,0,0,0,0,0,0,0,0,0,0,0,0,1,0,0,0,0,0,0,0,0,0,0,0,0,1,1,1,0,1,0,0,0,0,0,,0,0,0,0,0,0,0,0,0,0,0,0,0,0,0,0,,,,,,36-40,36-45,US highway,R,Wednesday,Belt Used,PV,Not Fatal,0,1,1,0,State Route,State Patrol,Washington State Patrol,0,1,0,0,0,,,,,,0,0,0,,,,,,,,,,,98,98,98,0,,,,,20,7,,,,,,,,1,0,,,,,,
2020,446,EA82357,4,11/18/2020,7:18,18,11,,65,Stevens,0,1,,4,4,2,1,0,2,2,,,,12,0,6,199.8,1,0,1,2,1,1,2,0,0,0,0,US-395,,-117.6491222,48.1208,0,1,66,5,1,60,34,0,0,1,2,12,1,1,2,1,1,1,1,53,0,12,471,2003,0,,68,12,,,,,1,1,80,1,7,,4,7,3,0,11,0,11/18/2020,7:18,53054522,54522,0,0,0,3,1,28,87,,,96,,,,,,0,,,,,,99101,53,69,185,6,1,0,0,0,2,,0,,,,,,4,03/15/2017,12/15/2020,1,0,0,0,0,9,8,,,0,,,8,8,2,1,,,14,,,2,4,0,,,,,,,,,,,,,,,,,,,,,,,,,,,,,,0,0,0,0,0,0,0,0,0,0,0,0,1,0,0,0,0,0,0,0,0,0,0,0,0,1,1,1,0,1,0,0,0,0,0,,1,0,0,0,0,0,0,0,0,1,0,0,0,0,0,0,,,,,,76-80,76+,US highway,R,Wednesday,Belt Used,PV,White,0,1,1,0,State Route,State Patrol,Washington State Patrol,0,1,0,0,0,,,,,,0,0,0,,,,,,,,,,,98,98,98,1,,,,,20,7,,,,,,,,1,0,,,,,,
2020,447,EA82464,122,11/18/2020,10:07,18,11,,61,Snohomish,690,2,,1,2,2,1,0,4,1,10:10,10:12,10:39,20,0,0,0.1,5,0,1,1,2,1,1,0,0,0,0,I-5 RAMP,,-122.225425,47.92290556,0,1,1,51,3,60,61,0,5,1,2,20,1,2,1,6,1,4,3,53,6,12,870,2017,0,,63,20,,,,,1,1,25,1,0,,0,0,3,0,11,0,,,,,0,0,0,3,1,94,,,,12,,,,,,98,,,,,,98107,53,74,185,6,1,0,0,0,0,,97,,,,,,0,,,8,0,0,0,8,9,8,,,0,,,8,8,8,95,,,96,,,8,95,995,,,,,,,,,,,,,,,,,,,,,,,,,,,,,,0,0,1,0,0,0,0,0,0,0,0,0,0,0,0,0,1,0,0,0,0,0,0,1,1,0,0,0,0,0,1,0,0,0,0,,0,0,0,0,0,0,0,0,1,0,0,0,0,0,0,0,,,,,,21-25,16-25,Interstate,U,Wednesday,,MHTRUCK,Not Fatal,0,1,0,0,State Route,Municipal/City Police,Everett Police Department,1,1,0,0,0,,,,,,0,0,0,,,,,,,,,,,98,98,98,0,,,,,20,7,,,,,,,,1,0,,,,,,
2020,451,EA82572,7,11/18/2020,4:25,18,11,,33,King,0,2,,3,2,2,1,0,4,2,4:54,5:07,,12,0,1,10.9,1,0,1,3,2,1,3,0,0,0,0,SR-18,,-122.1377083,47.34841667,0,1,20,50,3,60,34,0,0,1,5,12,1,2,2,3,1,1,5,53,0,12,481,2015,0,,12,,,,,,1,1,66,1,0,,0,0,3,0,11,0,,,,,6,0,0,3,1,0,,,,96,,,,,,0,,,,,,98367,53,70,250,6,1,0,0,2,0,,0,,,,,,0,12/15/2016,02/15/2017,8,0,0,0,8,9,8,,,0,,,8,8,0,0,,,0,,,0,0,996,,,,,,,,,,,,,,,,,,,,,,,,,,,,,,0,0,0,0,0,0,0,0,0,0,0,0,0,1,0,0,0,0,0,0,0,0,0,0,0,1,0,0,0,1,0,0,0,0,0,,0,0,0,0,0,0,0,0,0,0,0,0,0,0,0,0,,,,,,66-70,66-75,State route,U,Wednesday,Belt Used,PV,Not Fatal,0,0,0,0,State Route,State Patrol,Washington State Patrol,0,1,0,0,0,,,,,,0,0,0,,,,,,,,,,,98,98,98,0,,,,,20,7,,,,,,,,1,23,,,,,,
2020,451,EA82572,7,11/18/2020,4:25,18,11,,33,King,0,2,,3,2,2,1,0,4,2,4:54,5:07,,12,0,1,10.9,1,0,1,3,2,1,3,0,0,0,0,SR-18,,-122.1377083,47.34841667,0,2,21,53,3,60,4,0,0,1,5,12,1,2,2,3,5,3,5,53,0,37,32,1998,0,,12,,,,,,1,1,47,1,0,,1,0,99,7,11,5,,,,,0,0,0,2,1,54,91,,,96,,,,,,98,,,,,,98501,53,72,200,1,1,1,1,0,1,,1,,,,,,0,05/15/2015,12/15/2020,8,0,0,0,8,3,8,,,0,,,8,8,0,0,,,0,,,0,0,996,,,,,,,,,,,,,,,,,,,,,,,,,,,,,,0,0,0,0,0,0,0,0,0,0,0,0,0,1,0,0,0,0,0,0,0,0,0,0,0,1,0,0,0,1,0,0,0,0,0,,0,0,0,0,0,0,0,0,0,0,0,1,0,0,0,0,,,,,,46-50,46-55,State route,U,Wednesday,Unknown,PV,Not Fatal,0,0,0,0,State Route,State Patrol,Washington State Patrol,0,1,0,0,0,,,,,,0,0,6,,,,,,,,,,,0,0,0,0,,,,,20,7,,,,,,,,1,23,,,,,,
2020,449,EA82611,278,11/19/2020,20:00,19,11,,63,Spokane,2110,1,,2,1,2,1,1,1,1,,,,8,0,0,0,3,0,2,3,2,4,6,0,0,0,0,W WELLESLEY AVE,N BELT ST,-117.4432306,47.70075556,0,1,13,80,5,30,14,0,0,1,5,8,1,1,5,1,11,1,2,53,0,49,401,2019,0,,8,,,,,,1,1,20,2,0,,0,0,3,0,11,0,,,,,0,0,0,3,1,0,,,,96,,,,,,0,,,,,,99202,53,69,192,6,1,0,0,1,3,,0,,,,,,0,07/15/2016,10/15/2018,20,0,0,0,8,3,2,,,0,,,8,8,0,0,,,0,,,0,0,996,,,,,,,,,,,,,,,,,,,,,,,,,,,,,,0,0,0,1,0,0,0,0,0,1,0,1,0,0,0,0,0,0,0,0,0,1,1,0,1,0,0,0,0,1,0,1,0,0,0,,0,0,0,0,0,0,0,0,0,0,0,0,0,0,0,0,,,,,,18-20,16-25,City street,U,Thursday,Belt Used,PV,Not Fatal,1,0,0,0,City Street,Municipal/City Police,Spokane Police Department,0,0,0,1,0,,,,,,0,0,2,,,,,,,,,,,98,98,98,0,,,,,20,7,,,,,,,,1,0,,,,,,
2020,452,EA82776,14,11/14/2020,20:55,14,11,,11,Clark,0,2,,2,2,2,1,0,3,2,,,,12,0,6,4.3,2,0,2,5,2,2,4,0,0,0,0,CR-NE 72ND AVE,NE 139TH ST,-122.5994222,45.72230556,0,2,88,66,4,50,34,0,0,1,2,12,1,1,2,1,1,1,1,53,0,23,481,2007,0,,12,,,,,,1,1,37,1,0,,0,0,99,7,11,0,,,,,0,0,3,3,1,0,,,,96,,,,,,0,,,,,,98604,53,74,190,6,1,0,1,0,0,,0,,,,,,0,07/15/2020,07/15/2020,1,0,0,0,8,9,8,,,0,,,8,8,0,0,,,0,,,0,0,996,,,,,,,,,,,,,,,,,,,,,,,,,,,,,,0,0,0,1,0,0,0,0,0,0,0,0,0,0,0,0,0,0,1,0,1,0,1,0,1,0,0,0,0,1,0,0,0,0,0,,0,0,0,0,0,0,0,0,0,0,0,0,0,0,0,0,,,,,,36-40,36-45,County road,U,Saturday,Unknown,PV,Not Fatal,1,0,0,0,County Road,County Sheriff,Clark County Sheriff's Office,0,0,1,0,0,,,,,,0,0,0,,,,,,,,,,,98,98,98,0,,,,,20,7,,,,,,,,1,0,,,NE 72ND AVE,4.27,NE 139TH ST,1.75
2020,452,EA82776,14,11/14/2020,20:55,14,11,,11,Clark,0,2,,2,2,2,1,0,3,2,,,,12,0,6,4.3,2,0,2,5,2,2,4,0,0,20,3,CR-NE 72ND AVE,NE 139TH ST,-122.5994222,45.72230556,0,1,89,17,2,40,2,0,0,1,2,12,1,1,2,1,4,2,2,53,0,37,31,2007,0,,12,63,18,,,,1,1,16,1,0,,3,0,3,0,11,5,,,,,0,0,2,3,1,38,73,,,96,,,,,,0,,,,,,98682,53,70,145,6,2,0,0,0,0,,97,,,,,,0,,,20,0,0,0,8,9,8,,,0,,,8,8,0,0,,,0,,,0,0,996,,,,,,,,,,,,,,,,,,,,,,,,,,,,,,0,0,0,1,0,0,0,0,0,0,0,0,0,0,0,0,0,0,1,0,1,0,1,0,1,0,0,0,0,1,0,0,0,0,0,,0,0,0,0,0,0,0,0,0,0,1,0,0,0,0,0,,,,,,16-17,16-25,County road,U,Saturday,Belt Used,PV,Not Fatal,1,0,0,0,County Road,County Sheriff,Clark County Sheriff's Office,0,0,1,0,0,,,,,,0,0,0,,,,,,,,,,,98,98,98,0,,,,,20,7,,,,,,,,1,0,,,NE 72ND AVE,4.27,NE 139TH ST,1.75
2020,453,EA82947,8,11/12/2020,17:15,12,11,,29,Island,1550,1,,2,1,2,1,0,3,2,17:30,17:35,,12,0,6,0,2,0,3,4,2,4,6,0,0,20,3,SE REGATTA DR,SE 8th Ave,-122.6358222,48.29200278,0,1,82,15,2,30,4,0,0,1,2,12,1,2,2,1,11,2,1,53,0,42,43,1998,0,,12,,,,,,1,1,93,1,7,,4,0,20,7,11,0,11/12/2020,22:57,47053053127,53127,0,0,3,3,1,38,,,,96,,,,,,98,,,,,,98277,53,72,204,6,1,0,0,0,0,,46,,,,,,0,,,20,0,0,0,0,9,8,,,0,,,8,8,8,95,,,96,,,8,95,995,,,,,,,,,,,,,,,,,,,,,,,,,,,,,,0,0,0,1,0,0,0,0,0,0,0,0,0,0,0,0,0,0,1,1,0,0,0,0,0,1,1,1,0,1,0,0,0,1,0,,1,0,0,0,0,0,0,0,0,0,1,0,0,0,0,0,,,,,,81+,76+,City street,U,Thursday,Not Used,PV,White,1,0,0,0,City Street,State Patrol,Washington State Patrol,0,0,0,1,0,,,,,,0,0,0,,,,,,,,,,,0,0,0,1,,,,,20,7,,,,,,,,1,0,,,,,,
2020,453,EA82947,8,11/12/2020,17:15,12,11,,29,Island,1550,1,,2,1,2,1,0,3,2,17:30,17:35,,12,0,6,0,2,0,3,4,2,4,6,0,0,0,0,SE REGATTA DR,SE 8th Ave,-122.6358222,48.29200278,0,2,83,67,4,30,34,0,0,1,5,12,1,2,2,1,1,1,1,53,0,20,481,2003,0,,12,,,,,,1,1,52,1,0,,0,0,3,0,11,0,,,,,0,0,0,3,1,0,,,,96,,,,,,98,,,,,,98277,53,68,132,6,1,0,0,1,1,,0,,,,,,0,11/15/2016,11/15/2018,20,0,0,0,8,9,8,,,0,,,8,8,8,95,,,96,,,8,95,995,,,,,,,,,,,,,,,,,,,,,,,,,,,,,,0,0,0,1,0,0,0,0,0,0,0,0,0,0,0,0,0,0,1,1,0,0,0,0,0,1,1,1,0,1,0,0,0,0,0,,0,0,0,0,0,0,0,0,0,0,0,0,0,0,0,0,,,,,,51-55,46-55,City street,U,Thursday,Belt Used,PV,Not Fatal,1,0,0,0,City Street,State Patrol,Washington State Patrol,0,0,0,1,0,,,,,,0,0,0,,,,,,,,,,,98,98,98,0,,,,,20,7,,,,,,,,1,0,,,,,,
2020,454,EA83012,8,11/13/2020,15:08,13,11,,9,Clallam,0,10,,1,2,2,1,0,7,3,15:11,15:14,15:39,12,0,6,260.5,2,0,2,3,2,1,2,0,0,3,3,US-101,CARLSBORG RD,-123.1729667,48.07963333,0,3,98,98,7,45,14,0,0,1,2,12,1,1,2,2,1,4,1,53,0,23,402,2011,0,,12,,,,,,1,1,30,2,0,,2,0,20,7,11,5,,,,,0,0,0,3,1,0,,,,96,,,,,,98,,,,,,98363,53,66,160,6,1,0,1,0,3,,0,,,,,,0,07/15/2016,03/15/2018,20,0,0,0,8,9,8,,,0,,,8,8,8,95,,,96,,,8,95,995,,,,,,,,,,,,,,,,,,,,,,,,,,,,,,0,0,0,1,0,0,0,0,0,0,0,0,1,0,0,0,0,0,0,1,0,0,0,1,1,0,0,0,0,1,0,0,0,0,0,,0,0,0,0,0,0,0,0,0,0,0,0,0,0,0,0,,,,,,26-30,26-35,US highway,U,Friday,Not Used,PV,Not Fatal,1,0,0,0,State Route,State Patrol,Washington State Patrol,0,1,0,0,0,,,,,,0,0,0,,,,,,,,,,,98,98,98,0,,,,,20,7,,,,,,,,1,0,,,,,,
2020,454,EA83012,8,11/13/2020,15:08,13,11,,9,Clallam,0,10,,1,2,2,1,0,7,3,15:11,15:14,15:39,12,0,6,260.5,2,0,2,3,2,1,2,0,0,3,3,US-101,CARLSBORG RD,-123.1729667,48.07963333,0,1,79,17,2,45,5,0,0,1,2,12,1,1,4,2,6,1,1,53,0,41,35,2002,0,,12,12,,,,,1,1,23,1,7,,4,0,20,7,11,1,11/22/2020,0:33,69053056266,56266,0,0,0,3,1,39,,,,96,,,,,,98,,,,,,98382,53,71,165,6,1,0,0,0,0,,2,,,,,,3,,,1,0,0,0,0,9,8,,,0,,,8,8,8,95,,,96,,,8,95,995,,,,,,,,,,,,,,,,,,,,,,,,,,,,,,0,0,0,1,0,0,0,0,0,0,0,0,1,0,0,0,0,0,0,1,0,0,0,1,1,0,0,0,0,1,0,0,0,1,0,,1,0,0,0,0,0,0,0,0,1,0,0,0,0,0,0,,,,,,21-25,16-25,US highway,U,Friday,Not Used,PV,White,1,0,0,0,State Route,State Patrol,Washington State Patrol,0,1,0,0,0,,,,,,0,0,0,,,,,,,,,,,98,98,98,1,,,,,20,7,,,,,,,,1,0,,,,,,
2020,454,EA83012,8,11/13/2020,15:08,13,11,,9,Clallam,0,10,,1,2,2,1,0,7,3,15:11,15:14,15:39,12,0,6,260.5,2,0,2,3,2,1,2,0,0,3,3,US-101,CARLSBORG RD,-123.1729667,48.07963333,0,2,78,67,4,35,14,0,0,1,2,12,1,1,3,1,10,2,2,53,0,20,404,2017,0,,12,,,,,,1,1,32,2,0,,1,0,3,0,11,5,,,,,0,0,0,3,1,0,,,,96,,,,,,98,,,,,,98382,53,65,135,6,1,0,0,0,0,,0,,,,,,0,,,8,0,0,0,8,9,8,,,0,,,8,8,8,95,,,96,,,8,95,995,,,,,,,,,,,,,,,,,,,,,,,,,,,,,,0,0,0,1,0,0,0,0,0,0,0,0,1,0,0,0,0,0,0,1,0,0,0,1,1,0,0,0,0,1,0,0,0,0,0,,0,0,0,0,0,0,0,0,0,0,0,0,0,0,0,0,,,,,,31-35,26-35,US highway,U,Friday,Belt Used,PV,Not Fatal,1,0,0,0,State Route,State Patrol,Washington State Patrol,0,1,0,0,0,,,,,,0,0,0,,,,,,,,,,,98,98,98,0,,,,,20,7,,,,,,,,1,0,,,,,,
2020,455,EA83045,290,11/21/2020,14:28,21,11,,53,Pierce,2230,10,,1,1,2,1,0,3,2,14:46,14:57,15:18,12,0,6,5.2,1,0,1,3,2,1,3,0,3,0,0,SR-509,,-122.3709083,47.27021667,0,1,66,6,1,40,4,0,0,1,2,12,1,1,4,1,6,1,1,53,0,35,47,2008,0,,68,12,,,,,1,1,38,1,7,,4,7,20,7,11,0,11/21/2020,14:28,2.23E+11,54621,6,0,0,3,1,28,,,,96,,,,,,98,,,,,,98023,53,73,195,6,1,0,0,2,0,,0,,,,,,3,12/15/2016,06/15/2016,8,0,0,0,0,9,8,,,0,,,8,8,2,695,,,1,,,2,1,0,,,,,,,,,,,,,,,,,,,,,,,,,,,,,,0,0,0,0,0,0,1,1,1,0,0,0,1,0,0,0,0,0,0,1,0,0,0,0,0,0,0,0,0,1,0,0,0,1,0,,1,0,0,0,0,0,1,1,0,1,0,0,0,0,1,0,,,,,,36-40,36-45,State route,U,Saturday,Not Used,PV,Black,0,1,1,0,State Route,Municipal/City Police,Tacoma Police Department,0,1,0,0,0,,,carboxy-thc,14,,0,0,0,,,,,,,,,,,98,98,98,2,,,,,20,7,,,,,,,nms,1,0,,,,,,
2020,455,EA83045,290,11/21/2020,14:28,21,11,,53,Pierce,2230,10,,1,1,2,1,0,3,2,14:46,14:57,15:18,12,0,6,5.2,1,0,1,3,2,1,3,0,3,0,0,SR-509,,-122.3709083,47.27021667,0,2,66,62,4,40,6,0,0,1,2,12,1,1,4,1,1,2,1,53,0,63,37,2013,0,,12,,,,,,1,1,56,2,0,,3,0,3,0,11,5,,,,,0,0,0,3,1,0,,,,96,,,,,,98,,,,,,98023,53,68,200,6,1,0,0,0,0,,0,,,,,,0,,,8,0,0,0,8,9,8,,,0,,,8,8,0,0,,,0,,,8,95,995,,,,,,,,,,,,,,,,,,,,,,,,,,,,,,0,0,0,0,0,0,1,1,1,0,0,0,1,0,0,0,0,0,0,1,0,0,0,0,0,0,0,0,0,1,0,0,0,0,0,,0,0,0,0,0,0,0,0,0,0,0,0,0,0,0,0,,,,,,56-60,56-65,State route,U,Saturday,Belt Used,PV,Not Fatal,0,1,1,0,State Route,Municipal/City Police,Tacoma Police Department,0,1,0,0,0,,,,,,0,0,0,,,,,,,,,,,98,98,98,0,,,,,20,7,,,,,,,,1,0,,,,,,
2020,564,EA83637,42,11/23/2020,6:10,23,11,,67,Thurston,1790,2,,2,2,2,1,1,1,1,,,,8,0,0,23.1,3,0,2,4,1,1,3,0,0,3,3,SR-507,CENTER ST,-122.6888056,46.888375,0,1,13,80,5,30,34,0,0,1,5,8,1,1,2,1,11,1,1,53,0,12,481,2013,0,,8,,,,,,1,1,53,1,0,,0,0,3,0,11,0,,,,,0,0,3,3,1,38,,,,96,,,,,,98,,,,,,98597,53,70,200,6,1,0,0,0,0,,46,,,,,,0,,,20,0,0,0,8,9,8,,,0,,,8,8,8,95,,,96,,,8,95,995,,,,,,,,,,,,,,,,,,,,,,,,,,,,,,0,0,0,1,0,0,0,0,0,0,0,0,0,0,0,0,0,0,1,0,0,0,0,0,0,0,0,0,0,1,0,1,0,0,0,,0,0,0,0,0,0,0,0,0,0,1,0,0,0,0,0,,,,,,51-55,46-55,State route,R,Monday,Belt Used,PV,Not Fatal,1,0,0,0,State Route,County Sheriff,Thurston County Sheriff's Office,0,1,0,0,0,,,,,,0,0,0,,,,,,,,,,,98,98,98,0,,,,,20,7,,,,,,,,1,0,,,,,,