year,case,par,repjur,crash_dt,crash_tm,accday,accmon,holiday,county,co_char,city,weather,weather2,lightcond,surfcond,surftype,numfatal,nmforms,pforms,vforms,not_tm,arr_tm,hosp_tm,fhevent,hitrun,manncol,milepnt,reljunc,reljuncinter,intersectiontype,funcsystem,landuse,ownership,route,schlbus,spejur,contdev,devfunc,trafid1,trafid2,x,y,wk_zone,vnumber,crashtype,criticalevent,criticaleventcat,spdlim,body,trailer,emerg,hazcargo,leave,mhevent,roadalgn,roadprof,traflane,trafflow,vehmanvr,numoccs,regowner,regstate,spuse,make,model,modelyr,vrf1,vrf2,seqevent1,seqevent2,seqevent3,seqevent4,seqevent5,seqevent6,pnumber,ptype,age,sex,hispanic,race,injury,diedscene,restraint,restraintmisuse,seatpos,takehosp,death_dt,death_tm,cert,cernum_wa,commlic,licendor,licrestrict,liccomp,drivpres,drf1,drf2,drf3,drf4,distract1,distract2,distract3,distract4,distract5,distract6,dricond1,dricond2,dricond3,dricond4,dricond5,dricond6,dzip,licstate,drhgt_in,weight,noncdl,noncdltype,prevdwi,prevoth,prevacc,prevspd,prevsus,driviol1,driviol2,driviol3,driviol4,driviol5,driviol6,spdrel,first_dt,last_dt,airbag,ejection,ejectpath,extricat,injurwrk,methalc,methdrug,nmlocat,strikveh,prf1,prf2,prf3,druginv,alcinvol,drugsts,drugres1,drugres2,drugres3,drugtst1,drugtst2,drugtst3,alcsts,alctst,alcres,nmact1,nmact2,nmact3,nmact4,nmact5,nmact6,nmprior1,nmprior2,nmprior3,nmprior4,nmprior5,nmprior6,nmcond1,nmcond2,nmcond3,nmcond4,nmcond5,nmcond6,nmsafe_helmet,nmsafe_pads,nmsafe_oth,nmprev_ref,nmprev_lgt,nmprev_oth,crashlocation,nmcrashtype,crosswalk,schoolzone,sidewalk,train_inv,wildlife_inv,rotr_fars,intersect_fars,dd_inv,aid_inv,dpd_inv,id_inv,mj_inv,impnm_inv,ainm_inv,dpnm_inv,speed_inv,unlic_inv,unendmc_inv,drowsy_inv,drdist_inv,nmdist_inv,fty_inv,unrestfat_inv,dr1617_inv,dr1820_inv,dr1620_inv,dr2125_inv,dr1625_inv,dr65_inv,dr70_inv,dr75_inv,mc_inv,pv_inv,ht_inv,ped_inv,bike_inv,unrest_fat,mc_fat,unhelmet_mc,pv_fat,ht_fat,ped_fat,bike_fat,dr_alc7,dr_alc8,dr_drug,dr_imp,dr_dist,dr_spd,dr_fty,dr_unlic,dr_alc7only,dr_alc8only,dr_drugonly,dr_drink,nm_imp,nm_alc7,nm_alc8,nm_drug,nm_dist,agegrp1,agegrp2,roadclass,urbrur,dayweek,restuse,vehtype,race_me,intersect,lanedep,oppdir,wrongway,rep_typ,investag,repag_long,rotr,st_rd,cty_rd,city_rd,oth_rd,drug_thc,thc_res,drug_cthc,cthc_res,drug_cann,prevpersemin,prevperse,prevsusoth,drugtst4,drugtst5,drugtst6,drugtst7,drugtst8,drugres4,drugres5,drugres6,drugres7,drugres8,adspresent,adsengaged,adslevel,race1,race2,race3,race4,race5,helmet,helmetmisuse,nmdistract1,nmdistract2,nmdistract3,nmdistract4,nmdistract5,nmdistract6,lab,isedtcase,crf1,crf2,crf3,CoRoadName,CoMP,IntCoRoadName,IntCoMP
2020,456,EA83702,1,11/18/2020,20:49,18,11,,77,Yakima,0,1,,2,1,2,1,0,2,2,20:54,21:15,22:02,12,0,1,66.8,1,0,1,4,1,1,2,0,3,0,0,US-97,,-120.4083306,46.426025,0,1,24,51,3,55,4,0,0,1,2,12,1,1,2,3,1,1,2,53,0,20,37,2014,0,,12,1,,,,,1,1,32,1,0,,2,0,99,7,11,5,,,,,0,0,2,2,1,74,91,,,96,,,,,,9,,,,,,98944,53,69,230,1,1,2,0,1,0,,1,,,,,,0,06/15/2016,06/15/2019,1,0,0,0,8,1,8,,,0,,,8,1,2,1,,,1,,,2,1,0.23,,,,,,,,,,,,,,,,,,,,,,,,,,,,,,0,0,0,0,1,1,0,1,0,0,0,0,0,1,0,0,0,0,0,0,0,0,0,0,0,0,0,0,0,1,0,0,0,0,0,,0,0,0,0,0,1,0,1,0,0,0,1,0,1,0,1,,,,,,31-35,26-35,US highway,R,Wednesday,Unknown,PV,Not Fatal,0,0,0,0,State Route,State Patrol,Washington State Patrol,0,1,0,0,0,,,,,,0,1,5,,,,,,,,,,,98,98,98,0,,,,,20,7,,,,,,,,1,0,,,,,,
2020,456,EA83702,1,11/18/2020,20:49,18,11,,77,Yakima,0,1,,2,1,2,1,0,2,2,20:54,21:15,22:02,12,0,1,66.8,1,0,1,4,1,1,2,0,3,0,0,US-97,,-120.4083306,46.426025,0,2,25,53,3,55,4,0,0,1,2,12,1,1,2,3,1,1,2,53,0,20,37,2005,0,,12,63,24,1,,,1,1,60,2,7,,4,7,3,0,11,0,11/18/2020,20:49,53053891,53891,0,0,0,0,1,0,,,,96,,,,,,0,,,,,,98948,53,65,210,0,0,0,0,0,0,,0,,,,,,0,11/15/2016,11/15/2016,20,0,0,0,0,9,8,,,0,,,8,8,2,1,,,14,,,2,4,0.14,,,,,,,,,,,,,,,,,,,,,,,,,,,,,,0,0,0,0,1,1,0,1,0,0,0,0,0,1,0,0,0,0,0,0,0,0,0,0,0,0,0,0,0,1,0,0,0,0,0,,1,0,0,0,0,1,0,1,0,0,0,1,0,1,0,1,,,,,,56-60,56-65,US highway,R,Wednesday,Belt Used,PV,AIAN,0,0,0,0,State Route,State Patrol,Washington State Patrol,0,1,0,0,0,,,,,,0,0,1,,,,,,,,,,,98,98,98,3,,,,,20,7,,,,,,,,1,0,,,,,,
2020,457,EA83720,5,11/13/2020,15:37,13,11,,11,Clark,2370,10,,1,2,1,1,0,1,1,,,,42,0,0,5.3,1,0,1,1,2,1,1,0,0,0,0,I-205,,-122.58065,45.66898056,0,1,6,12,2,60,14,0,0,1,2,42,1,1,2,2,1,1,1,41,0,49,403,2019,0,,64,42,,,,,1,1,60,2,7,,4,0,3,0,11,4,11/13/2020,18:06,2.37E+11,54420,0,0,0,3,1,0,,,,96,,,,,,98,,,,,,97023,41,67,220,6,1,0,0,0,3,,0,,,,,,0,07/15/2019,08/15/2020,8,0,0,0,0,9,8,,,0,,,8,8,2,996,321,151,1,1,1,2,1,0,,,,,,,,,,,,,,,,,,,,,,,,,,,,,,0,0,1,0,0,0,1,1,0,0,0,0,0,0,0,0,0,0,0,0,0,0,0,0,0,0,0,0,0,1,0,0,0,0,0,,1,0,0,0,0,0,1,1,0,0,0,0,0,0,1,0,,,,,,56-60,56-65,Interstate,U,Friday,Belt Used,PV,White,0,1,0,0,State Route,State Patrol,Washington State Patrol,1,1,0,0,0,,,,,,0,0,0,1,1,,,,996,996,,,,98,98,98,1,,,,,20,7,,,,,,,,1,0,,,,,,
2020,498,EA83726,163,11/20/2020,12:33,20,11,,33,King,1050,1,,1,2,2,1,0,3,2,12:39,12:40,13:09,12,0,6,0,2,0,3,3,2,4,6,0,0,20,3,124TH AVE NE,NE 104TH ST,-122.1757667,47.69316944,0,1,82,15,2,35,4,0,0,1,5,12,1,1,3,1,11,1,2,53,0,37,38,2018,0,,12,,,,,,1,1,18,1,0,,0,0,3,0,11,0,,,,,0,0,0,3,1,48,,,,96,,,,,,0,,,,,,98005,53,72,165,6,2,0,0,0,1,,46,,,,,,0,08/15/2019,08/15/2019,8,0,0,0,8,9,8,,,0,,,8,8,0,0,,,0,,,0,0,996,,,,,,,,,,,,,,,,,,,,,,,,,,,,,,0,0,0,1,0,0,0,0,0,0,0,0,0,0,0,0,0,0,0,0,0,1,1,0,1,1,1,1,0,1,0,0,0,0,0,,0,0,0,0,0,0,0,0,0,0,0,0,0,0,0,0,,,,,,18-20,16-25,City street,U,Friday,Belt Used,PV,Not Fatal,1,0,0,0,City Street,Municipal/City Police,Kirkland Police Department,0,0,0,1,0,,,,,,0,0,0,,,,,,,,,,,98,98,98,0,,,,,20,7,,,,,,,,1,0,,,,,,
2020,498,EA83726,163,11/20/2020,12:33,20,11,,33,King,1050,1,,1,2,2,1,0,3,2,12:39,12:40,13:09,12,0,6,0,2,0,3,3,2,4,6,0,0,0,0,124TH AVE NE,NE 104TH ST,-122.1757667,47.69316944,0,2,83,67,4,35,4,0,0,1,5,12,1,1,3,5,1,2,1,53,0,37,32,2010,0,,12,68,64,38,,,1,1,80,2,0,,2,0,3,0,11,4,,,,,0,0,0,3,1,0,,,,96,,,,,,0,,,,,,98012,53,62,120,6,1,0,0,0,0,,0,,,,,,0,,,1,0,0,0,8,9,8,,,0,,,8,8,0,0,,,0,,,0,0,996,,,,,,,,,,,,,,,,,,,,,,,,,,,,,,0,0,0,1,0,0,0,0,0,0,0,0,0,0,0,0,0,0,0,0,0,1,1,0,1,1,1,1,0,1,0,0,0,0,0,,0,0,0,0,0,0,0,0,0,0,0,0,0,0,0,0,,,,,,76-80,76+,City street,U,Friday,Belt Used,PV,Not Fatal,1,0,0,0,City Street,Municipal/City Police,Kirkland Police Department,0,0,0,1,0,,,,,,0,0,0,,,,,,,,,,,98,98,98,0,,,,,20,7,,,,,,,,1,0,,,,,,
2020,458,EA83757,297,11/22/2020,22:46,22,11,,33,King,2310,2,,3,2,2,1,0,1,1,,,,43,0,0,0,1,0,1,7,2,4,6,0,0,0,0,48TH AVE S,,-122.2665028,47.48848056,0,1,14,14,2,25,4,0,0,1,2,3,1,1,2,1,1,1,1,53,0,49,32,2015,0,,71,43,67,3,,,1,1,20,1,7,,4,7,99,7,11,0,11/22/2020,22:46,2.31E+11,55302,0,0,0,3,1,0,,,,96,,,,,,98,,,,,,85138,4,65,115,6,1,0,0,0,1,,0,,,,,,0,09/15/2018,09/15/2018,8,0,0,0,0,9,8,,,0,,,8,8,2,1,,,1,,,2,1,0.244,,,,,,,,,,,,,,,,,,,,,,,,,,,,,,0,0,0,0,1,1,0,1,0,0,0,0,0,0,0,0,0,0,0,0,0,1,1,0,1,0,0,0,0,1,0,0,0,0,0,,1,0,0,0,0,1,0,1,0,0,0,0,0,1,0,1,,,,,,18-20,16-25,City street,U,Sunday,Unknown,PV,White,0,1,0,0,City Street,Municipal/City Police,Tukwila Police Department,1,0,0,1,0,,,,,,0,0,0,,,,,,,,,,,98,98,98,1,,,,,20,7,,,,,,,,1,0,,,,,,
2020,459,EA83966,2,11/19/2020,20:10,19,11,,73,Whatcom,0,1,,2,1,2,1,1,2,1,20:13,20:16,,8,0,0,3.2,3,0,3,5,1,2,4,0,0,0,0,CR-BIRCH BAY LYNDEN RD,PERCIE RD,-122.6769167,48.93554444,0,1,13,80,5,50,20,0,0,1,2,8,1,1,2,1,1,2,2,53,0,37,441,2001,0,,8,,,,,,1,1,61,1,0,,0,0,3,0,11,0,,,,,0,0,0,3,1,0,,,,96,,,,,,0,,,,,,98203,53,69,200,6,1,0,1,0,4,,0,,,,,,0,07/15/2016,05/15/2020,20,0,0,0,8,3,2,,,0,,,8,8,0,0,,,0,,,0,0,996,,,,,,,,,,,,,,,,,,,,,,,,,,,,,,0,0,0,1,0,0,0,0,0,1,0,1,0,0,0,0,0,0,0,0,0,0,0,0,0,0,0,0,0,1,0,1,0,0,0,,0,0,0,0,0,0,0,0,0,0,0,0,0,0,0,0,,,,,,61-65,56-65,County road,R,Thursday,Belt Used,PV,Not Fatal,1,0,0,0,County Road,State Patrol,Washington State Patrol,0,0,1,0,0,,,,,,0,0,0,,,,,,,,,,,98,98,98,0,,,,,20,7,,,,,,,,1,0,,,BIRCH BAY LYNDEN RD,3.24,PERCIE RD,0
2020,460,EA84145,12,11/21/2020,6:41,21,11,,7,Chelan,0,10,,4,4,2,1,0,4,4,,,,12,0,8,0.6,2,0,3,5,2,2,4,0,0,0,0,CR-MALAGA ALCOA HWY,APPLEYARD DR,-120.2899833,47.38986389,0,1,64,6,1,40,4,0,0,1,2,12,2,1,2,1,14,1,2,53,0,48,38,2008,0,,68,12,68,68,12,68,1,1,26,1,1,,4,7,3,0,11,0,11/21/2020,6:41,53054861,54861,0,0,0,3,1,87,,,,96,,,,,,0,,,,,,98801,53,71,310,6,1,0,0,1,0,,0,,,,,,4,11/15/2020,11/15/2020,1,0,0,0,0,9,8,,,0,,,8,8,2,1,,,1,,,2,1,0,,,,,,,,,,,,,,,,,,,,,,,,,,,,,,0,0,0,1,0,0,0,0,0,0,0,0,1,0,0,0,0,0,0,0,0,0,0,0,0,0,0,0,0,1,0,0,0,0,0,,1,0,0,0,0,0,0,0,0,1,0,0,0,0,0,0,,,,,,26-30,26-35,County road,U,Saturday,Belt Used,PV,Hispanic,0,1,1,0,County Road,County Sheriff,Chelan County Sheriff's Office,0,0,1,0,0,,,,,,0,0,0,,,,,,,,,,,98,98,98,1,,,,,20,7,,,,,,,,1,0,,,MALAGA ALCOA HWY,0.55,,
2020,460,EA84145,12,11/21/2020,6:41,21,11,,7,Chelan,0,10,,4,4,2,1,0,4,4,,,,12,0,8,0.6,2,0,3,5,2,2,4,0,0,0,0,CR-MALAGA ALCOA HWY,APPLEYARD DR,-120.2899833,47.38986389,0,4,98,62,4,40,14,0,0,1,5,12,3,1,2,1,14,1,1,53,0,37,403,2004,0,,68,12,,,,,1,1,35,1,0,,0,0,3,0,11,0,,,,,0,0,0,3,1,0,,,,96,,,,,,0,,,,,,98801,53,65,198,6,1,0,0,0,0,,0,,,,,,0,,,20,0,0,0,8,9,8,,,0,,,8,8,0,0,,,0,,,0,0,996,,,,,,,,,,,,,,,,,,,,,,,,,,,,,,0,0,0,1,0,0,0,0,0,0,0,0,1,0,0,0,0,0,0,0,0,0,0,0,0,0,0,0,0,1,0,0,0,0,0,,0,0,0,0,0,0,0,0,0,0,0,0,0,0,0,0,,,,,,31-35,26-35,County road,U,Saturday,Belt Used,PV,Not Fatal,0,1,1,0,County Road,County Sheriff,Chelan County Sheriff's Office,0,0,1,0,0,,,,,,0,0,0,,,,,,,,,,,98,98,98,0,,,,,20,7,,,,,,,,1,0,,,MALAGA ALCOA HWY,0.55,,
2020,460,EA84145,12,11/21/2020,6:41,21,11,,7,Chelan,0,10,,4,4,2,1,0,4,4,,,,12,0,8,0.6,2,0,3,5,2,2,4,0,0,0,0,CR-MALAGA ALCOA HWY,APPLEYARD DR,-120.2899833,47.38986389,0,3,98,62,4,40,6,0,0,1,2,12,3,1,2,1,14,1,1,53,0,35,49,2004,0,,63,12,,,,,1,1,31,1,0,,2,0,3,0,11,8,,,,,0,0,3,3,1,0,,,,96,,,,,,0,,,,,,98802,53,65,180,6,1,0,0,0,0,,0,,,,,,0,,,8,0,0,0,8,9,8,,,0,,,8,8,0,0,,,0,,,0,0,996,,,,,,,,,,,,,,,,,,,,,,,,,,,,,,0,0,0,1,0,0,0,0,0,0,0,0,1,0,0,0,0,0,0,0,0,0,0,0,0,0,0,0,0,1,0,0,0,0,0,,0,0,0,0,0,0,0,0,0,0,0,0,0,0,0,0,,,,,,31-35,26-35,County road,U,Saturday,Belt Used,PV,Not Fatal,0,1,1,0,County Road,County Sheriff,Chelan County Sheriff's Office,0,0,1,0,0,,,,,,0,0,0,,,,,,,,,,,98,98,98,0,,,,,20,7,,,,,,,,1,0,,,MALAGA ALCOA HWY,0.55,,
2020,460,EA84145,12,11/21/2020,6:41,21,11,,7,Chelan,0,10,,4,4,2,1,0,4,4,,,,12,0,8,0.6,2,0,3,5,2,2,4,0,0,0,0,CR-MALAGA ALCOA HWY,APPLEYARD DR,-120.2899833,47.38986389,0,2,65,62,4,40,6,0,0,1,5,12,3,1,2,1,14,1,2,53,0,48,34,1996,0,,63,12,,,,,1,1,55,1,0,,0,0,3,0,11,0,,,,,0,0,0,3,1,0,,,,96,,,,,,0,,,,,,98828,53,63,120,6,1,0,0,0,0,,0,,,,,,0,,,20,0,0,0,8,9,8,,,0,,,8,8,0,0,,,0,,,0,0,996,,,,,,,,,,,,,,,,,,,,,,,,,,,,,,0,0,0,1,0,0,0,0,0,0,0,0,1,0,0,0,0,0,0,0,0,0,0,0,0,0,0,0,0,1,0,0,0,0,0,,0,0,0,0,0,0,0,0,0,0,0,0,0,0,0,0,,,,,,51-55,46-55,County road,U,Saturday,Belt Used,PV,Not Fatal,0,1,1,0,County Road,County Sheriff,Chelan County Sheriff's Office,0,0,1,0,0,,,,,,0,0,0,,,,,,,,,,,0,0,0,0,,,,,20,7,,,,,,,,1,0,,,MALAGA ALCOA HWY,0.55,,
2020,464,EA85180,330,11/16/2020,16:50,16,11,,77,Yakima,2590,1,,3,2,2,1,0,3,2,16:51,17:02,17:24,12,0,6,0,2,0,2,4,2,4,6,0,0,20,3,S 64TH AVE,Occidental Rd,-120.5937667,46.56373056,0,1,82,15,2,35,4,0,0,1,2,12,1,1,3,1,11,2,1,53,0,37,32,2008,0,,12,,,,,,1,1,88,1,7,,4,0,3,0,11,5,11/17/2020,8:21,1.96E+11,54348,0,0,3,3,1,38,,,,96,,,,,,98,,,,,,98903,53,70,185,6,1,0,0,0,0,,37,,,,,,0,,,8,0,0,0,0,9,8,,,0,,,8,8,0,0,,,0,,,0,0,996,,,,,,,,,,,,,,,,,,,,,,,,,,,,,,0,0,0,1,0,0,0,0,0,0,0,0,0,0,0,0,0,0,1,0,0,0,0,0,0,1,1,1,0,1,0,0,0,0,0,,1,0,0,0,0,0,0,0,0,0,1,0,0,0,0,0,,,,,,81+,76+,City street,U,Monday,Belt Used,PV,White,1,0,0,0,City Street,Municipal/City Police,Yakima Police Department,0,0,0,1,0,,,,,,0,0,0,,,,,,,,,,,98,98,98,1,,,,,20,7,,,,,,,,1,0,,,,,,
2020,464,EA85180,330,11/16/2020,16:50,16,11,,77,Yakima,2590,1,,3,2,2,1,0,3,2,16:51,17:02,17:24,12,0,6,0,2,0,2,4,2,4,6,0,0,0,0,S 64TH AVE,Occidental Rd,-120.5937667,46.56373056,0,2,83,67,4,40,34,0,0,1,2,12,1,1,2,1,1,1,1,53,0,12,471,2005,0,,12,,,,,,1,1,56,1,0,,0,0,3,0,11,0,,,,,0,0,3,3,1,0,,,,96,,,,,,0,,,,,,98903,53,72,200,6,1,0,0,0,0,,0,,,,,,0,,,20,0,0,0,8,9,8,,,0,,,8,8,0,0,,,0,,,0,0,996,,,,,,,,,,,,,,,,,,,,,,,,,,,,,,0,0,0,1,0,0,0,0,0,0,0,0,0,0,0,0,0,0,1,0,0,0,0,0,0,1,1,1,0,1,0,0,0,0,0,,0,0,0,0,0,0,0,0,0,0,0,0,0,0,0,0,,,,,,56-60,56-65,City street,U,Monday,Belt Used,PV,Not Fatal,1,0,0,0,City Street,Municipal/City Police,Yakima Police Department,0,0,0,1,0,,,,,,0,0,0,,,,,,,,,,,98,98,98,0,,,,,20,7,,,,,,,,1,0,,,,,,
2020,465,EA85186,17,11/14/2020,18:09,14,11,,17,Douglas,200,2,,2,2,2,1,0,2,2,18:55,19:05,19:30,14,0,0,0.8,3,0,3,5,1,1,3,0,0,0,0,SR-173,17TH ST,-119.6682528,48.00636667,0,1,14,14,2,25,2,0,0,1,2,14,4,1,2,1,14,2,2,53,0,37,32,2011,0,,71,14,,,,,1,1,35,1,0,,1,0,99,7,11,5,,,,,0,0,0,2,1,0,,,,96,,,,,,9,,,,,,98813,53,73,220,1,1,0,0,0,0,,97,,,,,,4,,,8,0,0,0,8,9,8,,,0,,,8,1,2,695,605,,1,1,,2,1,0.031,,,,,,,,,,,,,,,,,,,,,,,,,,,,,,0,0,0,1,1,0,1,1,1,0,0,0,1,1,0,0,0,0,0,0,0,0,0,0,0,0,0,0,0,1,1,0,0,0,0,,0,0,0,0,1,0,1,1,0,1,0,1,0,0,0,1,,,,,,31-35,26-35,State route,R,Saturday,Unknown,PV,Not Fatal,1,0,0,0,State Route,County Sheriff,Douglas County Sheriff's Office,0,1,0,0,0,thc,4.5,carboxy-thc,39,,0,0,0,,,,,,,,,,,98,98,98,0,,,,,20,7,,,,,,,,1,0,,,,,,
2019,508,EA85528,13,06/20/2019,17:00,20,6,,9,Clallam,0,1,0,1,1,4,1,0,1,1,,,,24,0,0,7,1,0,1,98,1,98,8,0,0,0,0,SEIKU MAINLINE,,-124.4812003,48.2779143,0,1,1,13,2,98,34,0,0,1,5,1,3,1,8,8,14,1,3,53,0,12,481,1999,0,0,63,24,1,3,,,1,1,33,1,7,,4,7,20,7,11,0,06/20/2019,17:00,53028175,28175,0,0,0,3,1,0,0,0,0,96,,,,,,9,,,,,,98381,53,70,150,6,1,0,1,0,0,,0,,,,,,0,05/15/2018,05/15/2018,20,1,9,0,0,1,1,,,0,0,0,1,0,2,605,695,,1,1,,2,1,0,,,,,,,,,,,,,,,,,,,,,,,,,,,,,,0,0,1,0,0,0,1,1,1,0,0,0,0,0,0,0,0,0,0,1,0,0,0,0,0,0,0,0,0,1,0,0,0,1,0,,1,0,0,0,0,0,1,1,0,0,0,0,0,0,1,0,,,,,,31-35,26-35,Other,R,Thursday,Not Used,PV,White,0,0,0,0,Other,,,0,0,0,0,1,thc,7,carboxy-thc,6.3,,0,0,0,,,,,,,,,,,0,0,0,1,,,,,20,7,,,,,,,,,,,,,,,
2020,495,EA85731,2,11/29/2020,17:12,29,11,,73,Whatcom,0,1,,2,1,2,1,1,2,1,,,,8,0,0,0.9,1,0,1,6,1,2,4,0,3,0,0,CR-SLATER RD,,-122.6892917,48.81952778,0,1,13,80,5,25,34,0,0,1,5,8,1,1,2,1,1,2,1,53,0,20,481,2002,0,,8,,,,,,1,1,44,1,0,,0,0,3,0,11,0,,,,,0,0,2,2,1,74,,,,96,,,,,,0,,,,,,98148,53,65,130,1,1,0,1,0,0,,71,89,,,,,0,02/15/2017,08/15/2018,20,0,0,0,8,9,8,,,0,,,8,8,0,0,,,0,,,0,0,996,,,,,,,,,,,,,,,,,,,,,,,,,,,,,,0,0,0,0,0,0,0,0,0,0,0,0,0,1,0,0,0,0,0,0,0,0,0,0,0,0,0,0,0,1,0,1,0,0,0,,0,0,0,0,0,0,0,0,0,0,0,1,0,0,0,0,,,,,,41-45,36-45,County road,R,Sunday,Belt Used,PV,Not Fatal,0,0,0,0,County Road,State Patrol,Washington State Patrol,0,0,1,0,0,,,,,,0,0,1,,,,,,,,,,,98,98,98,0,,,,,20,7,,,,,,,,1,0,,,SLATER RD,0.89,,
2020,466,EA85825,25,11/27/2020,17:47,27,11,,33,King,0,1,,2,1,2,1,0,3,2,17:48,17:58,18:35,12,0,6,10.5,1,0,1,3,2,2,4,0,0,0,0,CR-ISSAQUAH HOBART RD S,,-121.9886306,47.44716667,0,1,66,10,2,35,3,0,0,1,2,12,2,1,2,1,14,1,1,53,0,12,37,2007,0,,68,12,1,,,,1,1,36,8,1,,4,7,20,7,11,0,11/27/2020,17:47,53058492,58492,0,0,0,3,1,28,58,,,96,,,,,,98,,,,,,98034,53,72,210,6,1,0,0,0,1,,0,,,,,,0,09/15/2018,09/15/2018,20,2,9,0,0,9,8,,,0,,,8,8,2,1,,,1,,,2,1,0.225,,,,,,,,,,,,,,,,,,,,,,,,,,,,,,0,0,0,0,1,1,0,1,0,0,0,0,0,0,0,0,0,0,0,1,0,0,0,0,0,0,0,0,0,1,0,0,0,1,0,,1,0,0,0,0,1,0,1,0,0,0,0,0,1,0,1,,,,,,36-40,36-45,County road,U,Friday,Not Used,PV,Hispanic,0,1,1,0,County Road,County Sheriff,King County Police,0,0,1,0,0,,,,,,0,0,0,,,,,,,,,,,98,98,98,298,,,,,20,7,,,,,,,,1,0,,,ISSAQUAH HOBART RD,10.474,,
2020,466,EA85825,25,11/27/2020,17:47,27,11,,33,King,0,1,,2,1,2,1,0,3,2,17:48,17:58,18:35,12,0,6,10.5,1,0,1,3,2,2,4,0,0,0,0,CR-ISSAQUAH HOBART RD S,,-121.9886306,47.44716667,0,2,66,62,4,35,14,0,0,1,2,12,3,1,2,1,14,2,1,53,0,59,403,2010,0,,12,,,,,,1,1,53,1,0,,1,0,3,0,11,0,,,,,0,0,0,3,1,0,,,,96,,,,,,0,,,,,,98034,53,73,210,6,1,0,0,0,0,,0,,,,,,0,,,1,0,0,0,8,9,8,,,0,,,8,8,0,0,,,0,,,0,0,996,,,,,,,,,,,,,,,,,,,,,,,,,,,,,,0,0,0,0,1,1,0,1,0,0,0,0,0,0,0,0,0,0,0,1,0,0,0,0,0,0,0,0,0,1,0,0,0,0,0,,0,0,0,0,0,0,0,0,0,0,0,0,0,0,0,0,,,,,,51-55,46-55,County road,U,Friday,Belt Used,PV,Not Fatal,0,1,1,0,County Road,County Sheriff,King County Police,0,0,1,0,0,,,,,,0,0,0,,,,,,,,,,,98,98,98,0,,,,,20,7,,,,,,,,1,0,,,ISSAQUAH HOBART RD,10.474,,
2020,467,EA86059,330,11/20/2020,17:59,20,11,,77,Yakima,2590,10,,2,2,2,1,2,1,1,18:02,18:06,18:25,8,1,0,0,1,0,1,7,2,4,6,0,0,0,0,N GORDON RD,,-120.5170194,46.62554167,0,1,13,80,5,25,15,0,0,1,2,8,1,1,2,1,1,1,2,53,0,12,422,2003,0,,63,8,8,,,,1,1,55,1,0,,0,0,3,0,11,0,,,,,0,0,3,2,1,23,,,,96,,,,,,9,,,,,,98901,53,68,166,1,1,1,1,0,0,,1,7,,,,,0,07/15/2016,03/15/2019,20,0,0,0,8,9,8,,,0,,,8,1,0,0,,,0,,,0,0,996,,,,,,,,,,,,,,,,,,,,,,,,,,,,,,0,0,0,0,1,0,0,0,0,1,0,1,0,1,0,0,0,0,0,0,0,0,0,0,0,0,0,0,0,1,0,1,0,0,0,,0,0,0,0,0,0,0,0,0,0,0,1,0,0,0,1,,,,,,51-55,46-55,City street,U,Friday,Belt Used,PV,Not Fatal,0,0,0,0,City Street,Municipal/City Police,Yakima Police Department,0,0,0,1,0,,,,,,0,0,2,,,,,,,,,,,98,98,98,0,,,,,20,7,,,,,,,,1,0,,,,,,
2020,468,EA86258,146,11/26/2020,17:15,26,11,,77,Yakima,0,1,,2,1,2,1,0,3,2,17:21,17:39,18:06,12,0,2,4,1,0,1,5,1,2,4,0,0,0,0,CR-YAKIMA VALLEY HWY,,-120.3923472,46.47682222,0,2,51,62,4,55,4,0,0,1,2,12,1,1,2,1,1,2,1,53,0,20,25,2014,0,,12,,,,,,1,1,19,2,0,,1,0,3,0,11,5,,,,,0,0,0,3,1,0,,,,96,,,,,,98,,,,,,98902,53,62,118,6,1,0,0,1,0,,0,,,,,,0,07/15/2019,07/15/2019,8,0,0,0,8,9,8,,,0,,,8,8,8,95,,,96,,,8,95,995,,,,,,,,,,,,,,,,,,,,,,,,,,,,,,0,0,0,0,1,1,0,1,0,0,0,0,0,1,0,0,1,0,0,1,0,1,1,1,1,0,0,0,0,1,0,0,0,0,0,,0,0,0,0,0,0,0,0,0,0,0,0,0,0,0,0,,,,,,18-20,16-25,County road,R,Thursday,Belt Used,PV,Not Fatal,0,1,1,0,County Road,County Sheriff,Yakima County Sheriff's Office,0,0,1,0,0,,,,,,0,0,0,,,,,,,,,,,98,98,98,0,,,,,20,7,,,,,,,,1,0,,,YAKIMA VALLEY HIGHWAY,4.03,,
2020,468,EA86258,146,11/26/2020,17:15,26,11,,77,Yakima,0,1,,2,1,2,1,0,3,2,17:21,17:39,18:06,12,0,2,4,1,0,1,5,1,2,4,0,0,0,0,CR-YAKIMA VALLEY HWY,,-120.3923472,46.47682222,0,1,50,10,2,55,4,0,0,1,2,12,1,1,2,1,1,1,1,53,0,6,42,1999,0,,68,12,,,,,1,1,25,1,1,,4,7,20,7,11,0,11/26/2020,17:15,53056121,56121,0,0,0,0,1,28,,,,92,,,,,,0,,,,,,98921,53,70,160,0,0,0,0,0,0,,0,,,,,,0,,,20,0,0,0,0,9,8,,,0,,,8,8,2,1,,,1,,,2,1,0.238,,,,,,,,,,,,,,,,,,,,,,,,,,,,,,0,0,0,0,1,1,0,1,0,0,0,0,0,1,0,0,1,0,0,1,0,1,1,1,1,0,0,0,0,1,0,0,0,1,0,,1,0,0,0,0,1,0,1,1,0,0,1,0,1,0,1,,,,,,21-25,16-25,County road,R,Thursday,Not Used,PV,Hispanic,0,1,1,0,County Road,County Sheriff,Yakima County Sheriff's Office,0,0,1,0,0,,,,,,0,0,0,,,,,,,,,,,0,0,0,298,,,,,20,7,,,,,,,,1,0,,,YAKIMA VALLEY HIGHWAY,4.03,,