year,case,par,repjur,crash_dt,crash_tm,accday,accmon,holiday,county,co_char,city,weather,weather2,lightcond,surfcond,surftype,numfatal,nmforms,pforms,vforms,not_tm,arr_tm,hosp_tm,fhevent,hitrun,manncol,milepnt,reljunc,reljuncinter,intersectiontype,funcsystem,landuse,ownership,route,schlbus,spejur,contdev,devfunc,trafid1,trafid2,x,y,wk_zone,vnumber,crashtype,criticalevent,criticaleventcat,spdlim,body,trailer,emerg,hazcargo,leave,mhevent,roadalgn,roadprof,traflane,trafflow,vehmanvr,numoccs,regowner,regstate,spuse,make,model,modelyr,vrf1,vrf2,seqevent1,seqevent2,seqevent3,seqevent4,seqevent5,seqevent6,pnumber,ptype,age,sex,hispanic,race,injury,diedscene,restraint,restraintmisuse,seatpos,takehosp,death_dt,death_tm,cert,cernum_wa,commlic,licendor,licrestrict,liccomp,drivpres,drf1,drf2,drf3,drf4,distract1,distract2,distract3,distract4,distract5,distract6,dricond1,dricond2,dricond3,dricond4,dricond5,dricond6,dzip,licstate,drhgt_in,weight,noncdl,noncdltype,prevdwi,prevoth,prevacc,prevspd,prevsus,driviol1,driviol2,driviol3,driviol4,driviol5,driviol6,spdrel,first_dt,last_dt,airbag,ejection,ejectpath,extricat,injurwrk,methalc,methdrug,nmlocat,strikveh,prf1,prf2,prf3,druginv,alcinvol,drugsts,drugres1,drugres2,drugres3,drugtst1,drugtst2,drugtst3,alcsts,alctst,alcres,nmact1,nmact2,nmact3,nmact4,nmact5,nmact6,nmprior1,nmprior2,nmprior3,nmprior4,nmprior5,nmprior6,nmcond1,nmcond2,nmcond3,nmcond4,nmcond5,nmcond6,nmsafe_helmet,nmsafe_pads,nmsafe_oth,nmprev_ref,nmprev_lgt,nmprev_oth,crashlocation,nmcrashtype,crosswalk,schoolzone,sidewalk,train_inv,wildlife_inv,rotr_fars,intersect_fars,dd_inv,aid_inv,dpd_inv,id_inv,mj_inv,impnm_inv,ainm_inv,dpnm_inv,speed_inv,unlic_inv,unendmc_inv,drowsy_inv,drdist_inv,nmdist_inv,fty_inv,unrestfat_inv,dr1617_inv,dr1820_inv,dr1620_inv,dr2125_inv,dr1625_inv,dr65_inv,dr70_inv,dr75_inv,mc_inv,pv_inv,ht_inv,ped_inv,bike_inv,unrest_fat,mc_fat,unhelmet_mc,pv_fat,ht_fat,ped_fat,bike_fat,dr_alc7,dr_alc8,dr_drug,dr_imp,dr_dist,dr_spd,dr_fty,dr_unlic,dr_alc7only,dr_alc8only,dr_drugonly,dr_drink,nm_imp,nm_alc7,nm_alc8,nm_drug,nm_dist,agegrp1,agegrp2,roadclass,urbrur,dayweek,restuse,vehtype,race_me,intersect,lanedep,oppdir,wrongway,rep_typ,investag,repag_long,rotr,st_rd,cty_rd,city_rd,oth_rd,drug_thc,thc_res,drug_cthc,cthc_res,drug_cann,prevpersemin,prevperse,prevsusoth,drugtst4,drugtst5,drugtst6,drugtst7,drugtst8,drugres4,drugres5,drugres6,drugres7,drugres8,adspresent,adsengaged,adslevel,race1,race2,race3,race4,race5,helmet,helmetmisuse,nmdistract1,nmdistract2,nmdistract3,nmdistract4,nmdistract5,nmdistract6,lab,isedtcase,crf1,crf2,crf3,CoRoadName,CoMP,IntCoRoadName,IntCoMP
2020,472,EA86312,7,12/01/2020,23:35,1,12,,33,King,1640,1,,3,1,2,2,0,7,7,,,,12,0,2,13.2,1,0,1,3,2,1,3,0,0,0,0,SR-167,,-122.2607278,47.26889167,0,5,98,98,7,60,34,0,0,1,5,54,1,1,2,3,1,1,2,53,0,20,481,2005,0,,54,,,,,,1,1,24,1,0,,0,0,3,0,11,0,,,,,0,0,0,3,1,0,,,,96,,,,,,0,,,,,,98032,53,68,200,6,1,0,0,0,0,,0,,,,,,0,,,20,0,0,0,8,9,8,,,0,,,8,8,0,0,,,0,,,0,0,996,,,,,,,,,,,,,,,,,,,,,,,,,,,,,,0,0,0,0,1,0,0,0,0,0,0,0,0,0,0,0,0,0,0,0,0,0,0,1,1,0,0,0,1,1,1,0,0,0,0,,0,0,0,0,0,0,0,0,0,0,0,0,0,0,0,0,,,,,,21-25,16-25,State route,U,Tuesday,Belt Used,PV,Not Fatal,0,0,0,1,State Route,State Patrol,Washington State Patrol,0,1,0,0,0,,,,,,0,0,0,,,,,,,,,,,98,98,98,0,,,,,20,7,,,,,,,,1,14,,,,,,
2020,472,EA86312,7,12/01/2020,23:35,1,12,,33,King,1640,1,,3,1,2,2,0,7,7,,,,12,0,2,13.2,1,0,1,3,2,1,3,0,0,0,0,SR-167,,-122.2607278,47.26889167,0,7,98,98,7,60,4,0,0,1,5,54,1,1,2,3,1,1,2,53,0,34,35,2014,0,,54,,,,,,1,1,34,1,0,,0,0,3,0,11,0,,,,,0,0,0,3,1,0,,,,96,,,,,,0,,,,,,98056,53,67,160,6,1,0,0,0,0,,0,,,,,,0,,,20,0,0,0,8,9,8,,,0,,,8,8,0,0,,,0,,,0,0,996,,,,,,,,,,,,,,,,,,,,,,,,,,,,,,0,0,0,0,1,0,0,0,0,0,0,0,0,0,0,0,0,0,0,0,0,0,0,1,1,0,0,0,1,1,1,0,0,0,0,,0,0,0,0,0,0,0,0,0,0,0,0,0,0,0,0,,,,,,31-35,26-35,State route,U,Tuesday,Belt Used,PV,Not Fatal,0,0,0,1,State Route,State Patrol,Washington State Patrol,0,1,0,0,0,,,,,,0,0,0,,,,,,,,,,,98,98,98,0,,,,,20,7,,,,,,,,1,14,,,,,,
2020,472,EA86312,7,12/01/2020,23:35,1,12,,33,King,1640,1,,3,1,2,2,0,7,7,,,,12,0,2,13.2,1,0,1,3,2,1,3,0,0,0,0,SR-167,,-122.2607278,47.26889167,0,6,98,98,7,60,4,0,0,1,2,54,1,1,2,3,1,1,1,53,0,37,31,2006,0,,54,,,,,,1,1,21,1,0,,0,0,3,0,11,0,,,,,0,0,0,3,1,0,,,,96,,,,,,0,,,,,,98144,53,70,190,6,1,0,0,0,0,,0,,,,,,0,,,20,0,0,0,8,9,8,,,0,,,8,8,0,0,,,0,,,0,0,996,,,,,,,,,,,,,,,,,,,,,,,,,,,,,,0,0,0,0,1,0,0,0,0,0,0,0,0,0,0,0,0,0,0,0,0,0,0,1,1,0,0,0,1,1,1,0,0,0,0,,0,0,0,0,0,0,0,0,0,0,0,0,0,0,0,0,,,,,,21-25,16-25,State route,U,Tuesday,Belt Used,PV,Not Fatal,0,0,0,1,State Route,State Patrol,Washington State Patrol,0,1,0,0,0,,,,,,0,0,0,,,,,,,,,,,98,98,98,0,,,,,20,7,,,,,,,,1,14,,,,,,
2020,472,EA86312,7,12/01/2020,23:35,1,12,,33,King,1640,1,,3,1,2,2,0,7,7,,,,12,0,2,13.2,1,0,1,3,2,1,3,0,0,0,0,SR-167,,-122.2607278,47.26889167,0,2,52,54,3,60,80,0,0,1,2,12,1,1,2,3,1,1,3,53,0,73,705,2011,0,,12,12,,,,,1,1,49,1,7,,4,7,20,7,11,0,12/01/2020,23:35,1.64E+11,56477,0,0,0,3,1,0,,,,96,,,,,,0,,,,,,98166,53,64,140,6,1,0,1,1,0,,0,,,,,,0,05/15/2018,05/15/2018,20,8,0,0,0,9,8,,,0,,,8,8,2,1,,,14,,,2,4,0,,,,,,,,,,,,,,,,,,,,,,,,,,,,,,0,0,0,0,1,0,0,0,0,0,0,0,0,0,0,0,0,0,0,0,0,0,0,1,1,0,0,0,1,1,1,0,0,0,1,0,0,0,0,0,0,0,0,0,0,0,0,0,0,0,0,0,,,,,,46-50,46-55,State route,U,Tuesday,,MC,White,0,0,0,1,State Route,State Patrol,Washington State Patrol,0,1,0,0,0,,,,,,0,0,0,,,,,,,,,,,0,0,0,1,,,,,5,0,,,,,,,,1,14,,,,,,
2020,472,EA86312,7,12/01/2020,23:35,1,12,,33,King,1640,1,,3,1,2,2,0,7,7,,,,12,0,2,13.2,1,0,1,3,2,1,3,0,0,0,0,SR-167,,-122.2607278,47.26889167,0,4,98,98,7,60,66,2,0,1,2,12,1,1,2,3,1,1,3,53,0,87,881,2017,0,,12,2,,,,,1,1,33,1,0,,0,0,3,0,11,0,,,,,6,1,0,3,1,0,,,,96,,,,,,0,,,,,,98338,53,69,290,6,1,0,0,0,0,,0,,,,,,0,,,99,0,0,0,8,9,8,,,0,,,8,8,0,0,,,0,,,0,0,996,,,,,,,,,,,,,,,,,,,,,,,,,,,,,,0,0,0,0,1,0,0,0,0,0,0,0,0,0,0,0,0,0,0,0,0,0,0,1,1,0,0,0,1,1,1,0,0,0,0,,0,0,0,0,0,0,0,0,0,0,0,0,0,0,0,0,,,,,,31-35,26-35,State route,U,Tuesday,,MHTRUCK,Not Fatal,0,0,0,1,State Route,State Patrol,Washington State Patrol,0,1,0,0,0,,,,,,0,0,0,,,,,,,,,,,98,98,98,0,,,,,20,7,,,,,,,,1,14,,,,,,
2020,472,EA86312,7,12/01/2020,23:35,1,12,,33,King,1640,1,,3,1,2,2,0,7,7,,,,12,0,2,13.2,1,0,1,3,2,1,3,0,0,0,0,SR-167,,-122.2607278,47.26889167,0,3,98,98,7,60,66,2,0,1,5,12,1,1,2,3,1,1,3,53,0,87,881,2017,0,,12,,,,,,1,1,30,1,0,,0,0,3,0,11,0,,,,,6,1,0,3,1,0,,,,96,,,,,,0,,,,,,98360,53,70,240,6,1,0,0,0,0,,0,,,,,,0,,,20,0,0,0,8,9,8,,,0,,,8,8,0,0,,,0,,,0,0,996,,,,,,,,,,,,,,,,,,,,,,,,,,,,,,0,0,0,0,1,0,0,0,0,0,0,0,0,0,0,0,0,0,0,0,0,0,0,1,1,0,0,0,1,1,1,0,0,0,0,,0,0,0,0,0,0,0,0,0,0,0,0,0,0,0,0,,,,,,26-30,26-35,State route,U,Tuesday,,MHTRUCK,Not Fatal,0,0,0,1,State Route,State Patrol,Washington State Patrol,0,1,0,0,0,,,,,,0,0,0,,,,,,,,,,,98,98,98,0,,,,,20,7,,,,,,,,1,14,,,,,,
2020,472,EA86312,7,12/01/2020,23:35,1,12,,33,King,1640,1,,3,1,2,2,0,7,7,,,,12,0,2,13.2,1,0,1,3,2,1,3,0,0,0,0,SR-167,,-122.2607278,47.26889167,0,1,52,54,3,98,34,0,0,1,2,12,1,1,2,3,1,1,2,53,0,20,481,2016,0,,12,12,2,54,54,54,1,1,37,1,7,,4,7,99,7,11,0,12/01/2020,23:35,1.64E+11,57602,0,0,3,3,1,51,,,,96,,,,,,9,,,,,,98371,53,70,160,6,1,0,0,0,0,,0,,,,,,0,,,99,0,0,0,0,9,8,,,0,,,8,1,2,1,,,1,,,2,1,0,,,,,,,,,,,,,,,,,,,,,,,,,,,,,,0,0,0,0,1,0,0,0,0,0,0,0,0,0,0,0,0,0,0,0,0,0,0,1,1,0,0,0,1,1,1,0,0,0,0,,1,0,0,0,0,0,0,0,0,0,0,0,0,0,0,1,,,,,,36-40,36-45,State route,U,Tuesday,Unknown,PV,White,0,0,0,1,State Route,State Patrol,Washington State Patrol,0,1,0,0,0,,,,,,0,0,0,,,,,,,,,,,98,98,98,1,,,,,20,7,,,,,,,,1,14,,,,,,
2020,473,EA86405,31,12/01/2020,9:10,1,12,,45,Mason,0,5,,1,4,2,1,0,2,2,9:29,9:32,10:17,12,0,2,11.3,1,0,1,5,1,2,4,0,0,0,0,CR-W SHELTON MATLOCK RD,,-123.3028556,47.24304722,0,1,50,10,2,98,2,0,0,1,2,12,3,2,2,1,14,1,1,53,0,37,33,2000,0,,68,12,,,,,1,1,51,2,7,,4,7,3,0,11,0,12/01/2020,9:10,53057071,57071,0,0,0,3,1,28,87,,,96,,,,,,98,,,,,,98584,53,64,175,6,1,0,1,0,0,,0,,,,,,0,11/15/2017,11/15/2017,20,0,0,0,0,9,8,,,0,,,8,8,2,695,605,,1,1,,2,1,0,,,,,,,,,,,,,,,,,,,,,,,,,,,,,,0,0,0,0,0,0,1,1,1,0,0,0,0,0,0,0,0,0,0,0,0,0,0,0,0,0,0,0,0,1,1,0,0,0,0,,1,0,0,0,0,0,1,1,0,0,0,0,0,0,1,0,,,,,,51-55,46-55,County road,R,Tuesday,Belt Used,PV,White,0,1,1,0,County Road,County Sheriff,Mason County Sheriff's Office,0,0,1,0,0,thc,5.1,carboxy-thc,36,,0,0,0,,,,,,,,,,,98,98,98,1,,,,,20,7,,,,,,,nms,1,0,,,SHELTON MATLOCK RD,11.3,,
2020,473,EA86405,31,12/01/2020,9:10,1,12,,45,Mason,0,5,,1,4,2,1,0,2,2,9:29,9:32,10:17,12,0,2,11.3,1,0,1,5,1,2,4,0,0,0,0,CR-W SHELTON MATLOCK RD,,-123.3028556,47.24304722,0,2,51,62,4,98,63,1,0,1,2,12,2,2,2,1,14,1,3,53,0,85,881,2020,0,,12,1,,,,,1,1,36,1,0,,1,0,3,0,11,5,,,,,6,1,3,3,1,0,,,,96,,,,,,0,,,,,,98592,53,68,140,6,1,0,0,1,0,,0,,,,,,0,10/15/2016,10/15/2016,1,0,0,0,8,9,8,,,0,,,8,8,0,0,,,0,,,0,0,996,,,,,,,,,,,,,,,,,,,,,,,,,,,,,,0,0,0,0,0,0,1,1,1,0,0,0,0,0,0,0,0,0,0,0,0,0,0,0,0,0,0,0,0,1,1,0,0,0,0,,0,0,0,0,0,0,0,0,0,0,0,0,0,0,0,0,,,,,,36-40,36-45,County road,R,Tuesday,,MHTRUCK,Not Fatal,0,1,1,0,County Road,County Sheriff,Mason County Sheriff's Office,0,0,1,0,0,,,,,,0,0,0,,,,,,,,,,,98,98,98,0,,,,,20,7,,,,,,,,1,0,,,SHELTON MATLOCK RD,11.3,,
2020,514,EA86530,42,12/02/2020,12:11,2,12,,67,Thurston,0,1,,1,1,2,1,1,1,1,,,,18,0,0,11.4,3,0,3,5,2,2,4,0,0,98,3,CR-LITTLEROCK RD SW,93RD AVE SW,-122.9724083,46.95286944,1,1,98,98,7,50,34,0,0,1,5,8,1,1,2,1,1,1,1,53,0,12,471,2011,0,,63,18,8,,,,1,1,74,1,0,,0,0,3,0,11,0,,,,,0,0,3,3,1,10,,,,0,,,,,,0,,,,,,98512,53,72,200,6,1,0,0,0,0,,97,,,,,,0,03/15/2020,03/15/2020,1,0,0,0,8,9,8,,,0,,,8,8,0,0,,,0,,,0,0,996,,,,,,,,,,,,,,,,,,,,,,,,,,,,,,0,0,0,1,0,0,0,0,0,1,0,1,0,0,0,0,0,1,0,0,0,0,0,0,0,1,1,0,0,1,0,1,0,0,0,,0,0,0,0,0,0,0,0,0,0,0,0,0,0,0,0,,,,,,71-75,66-75,County road,U,Wednesday,Belt Used,PV,Not Fatal,0,0,0,0,County Road,County Sheriff,Thurston County Sheriff's Office,0,0,1,0,0,,,,,,0,0,1,,,,,,,,,,,98,98,98,0,,,,,20,7,,,,,,,,1,0,,,LITTLEROCK RD SW,11.42,93RD AVE SW,10.96
2020,565,EA86753,290,12/05/2020,12:15,5,12,,53,Pierce,2230,1,,1,1,2,1,0,1,3,,,,30,0,0,0,1,0,1,3,2,4,6,0,0,0,0,S TACOMA WAY,,-122.4837722,47.20905,0,1,1,13,2,25,34,0,0,1,5,14,1,1,2,2,1,1,1,53,0,20,481,2001,0,,63,30,14,14,30,,1,1,73,1,7,,4,0,3,0,11,5,12/25/2020,11:41,2.23E+11,61896,0,0,3,2,1,0,,,,96,,,,,,98,,,,,,98499,53,72,164,1,1,0,1,0,0,,0,,,,,,0,06/15/2017,02/15/2019,1,0,0,0,0,9,8,,,0,,,8,8,8,95,,,96,,,8,95,995,,,,,,,,,,,,,,,,,,,,,,,,,,,,,,0,0,1,0,0,0,0,0,0,0,0,0,0,1,0,0,0,0,0,0,0,0,0,0,0,1,1,0,0,1,0,0,0,0,0,,1,0,0,0,0,0,0,0,0,0,0,1,0,0,0,0,,,,,,71-75,66-75,City street,U,Saturday,Belt Used,PV,White,0,1,0,0,City Street,Municipal/City Police,Tacoma Police Department,1,0,0,1,0,,,,,,0,0,1,,,,,,,,,,,98,98,98,1,,,,,20,7,,,,,,,,1,14,,,,,,
2020,474,EA86958,3,12/04/2020,5:04,4,12,,67,Thurston,0,10,,2,2,2,1,0,2,2,,,,12,0,2,358.9,1,0,1,3,2,1,2,0,0,0,0,US-101,,-123.0187972,47.06656667,0,2,52,54,3,60,4,0,0,1,2,12,3,2,2,3,14,1,2,53,0,24,1,1999,0,,12,,,,,,1,1,47,1,7,,4,7,20,7,11,0,12/04/2020,5:04,53062435,62435,0,0,0,3,1,0,,,,96,,,,,,0,,,,,,23803,51,70,280,6,1,0,1,2,1,,0,,,,,,0,03/15/2018,02/15/2019,8,0,0,0,0,9,8,,,0,,,8,8,2,1,,,1,,,2,1,0,,,,,,,,,,,,,,,,,,,,,,,,,,,,,,0,0,0,0,0,0,1,1,1,0,0,0,0,0,0,0,0,0,0,1,0,0,0,0,0,0,0,0,0,1,0,0,0,1,0,,1,0,0,0,0,0,0,0,0,0,0,0,0,0,0,0,,,,,,46-50,46-55,US highway,U,Friday,Not Used,PV,White,0,0,0,1,State Route,State Patrol,Washington State Patrol,0,1,0,0,0,,,,,,0,0,0,,,,,,,,,,,0,0,0,1,,,,,20,7,,,,,,,,1,0,,,,,,
2020,474,EA86958,3,12/04/2020,5:04,4,12,,67,Thurston,0,10,,2,2,2,1,0,2,2,,,,12,0,2,358.9,1,0,1,3,2,1,2,0,0,0,0,US-101,,-123.0187972,47.06656667,0,1,52,54,3,60,34,0,0,1,2,12,2,2,2,3,14,1,1,53,0,35,472,2008,0,,12,,,,,,1,1,53,1,0,,1,0,3,0,11,5,,,,,0,0,3,3,1,51,91,,,96,,,,,,9,,,,,,98335,53,72,179,6,1,0,3,2,1,,1,,,,,,0,06/15/2016,06/15/2018,1,0,0,0,8,9,8,,,0,,,1,8,2,695,605,,1,1,,2,1,0,,,,,,,,,,,,,,,,,,,,,,,,,,,,,,0,0,0,0,0,0,1,1,1,0,0,0,0,0,0,0,0,0,0,1,0,0,0,0,0,0,0,0,0,1,0,0,0,0,0,,0,0,0,0,0,0,1,1,0,0,0,0,0,0,1,0,,,,,,51-55,46-55,US highway,U,Friday,Belt Used,PV,Not Fatal,0,0,0,1,State Route,State Patrol,Washington State Patrol,0,1,0,0,0,thc,16,carboxy-thc,75,,0,0,3,,,,,,,,,,,98,98,98,0,,,,,20,7,,,,,,,,1,0,,,,,,
2020,475,EA87208,39,12/01/2020,8:24,1,12,,61,Snohomish,0,1,,1,1,2,1,1,1,1,,,,8,1,0,0.4,1,0,1,5,2,2,4,0,0,0,0,CR-35TH AVE W,,-122.2802556,47.85587778,0,1,13,11,2,35,34,0,0,1,2,8,1,1,2,1,1,1,2,53,0,20,481,1988,0,,63,8,,,,,1,1,53,1,0,,0,0,99,7,11,0,,,,,0,0,0,3,1,0,,,,96,,,,,,9,,,,,,98087,53,70,245,6,1,0,0,0,0,,97,,,,,,0,,,20,0,0,0,8,9,8,,,0,,,1,8,2,996,695,605,1,1,1,2,1,0,,,,,,,,,,,,,,,,,,,,,,,,,,,,,,0,0,0,0,0,0,1,1,1,0,0,0,0,0,0,0,0,0,0,0,0,0,0,0,0,0,0,0,0,1,0,1,0,0,0,,0,0,0,0,0,0,1,1,0,0,0,0,0,0,1,0,,,,,,51-55,46-55,County road,U,Tuesday,Unknown,PV,Not Fatal,0,0,0,0,County Road,County Sheriff,Snohomish County Sheriff's Office,0,0,1,0,0,thc,5.5,carboxy-thc,180,,0,0,0,,,,,,,,,,,0,0,0,0,,,,,20,7,,,,,,,nms,1,0,,,35TH AVE W,0.413,,
2020,469,EA87213,39,10/25/2020,15:08,25,10,,61,Snohomish,0,1,,1,1,2,1,0,2,2,15:11,15:18,15:41,12,0,6,0.1,8,0,1,5,1,2,4,0,0,0,0,CR-PIONEER HWY E,,-122.2059306,48.18778889,0,2,98,60,4,35,5,0,0,1,5,12,1,2,2,1,11,1,1,41,0,12,27,2013,0,,12,,,,,,1,1,37,1,0,,0,0,3,0,11,0,,,,,0,0,0,3,1,0,,,,96,,,,,,0,,,,,,97116,41,66,170,6,1,0,0,0,0,,97,,,,,,0,,,8,0,0,0,8,9,8,,,0,,,8,8,0,0,,,0,,,0,0,996,,,,,,,,,,,,,,,,,,,,,,,,,,,,,,0,0,0,0,1,0,1,1,1,0,0,0,0,0,0,0,0,0,0,0,0,0,0,0,0,0,0,0,1,1,0,0,0,0,0,,0,0,0,0,0,0,0,0,0,0,0,0,0,0,0,0,,,,,,36-40,36-45,County road,R,Sunday,Belt Used,PV,Not Fatal,0,0,0,0,County Road,County Sheriff,Snohomish County Sheriff's Office,0,0,1,0,0,,,,,,0,0,0,,,,,,,,,,,98,98,98,0,,,,,20,7,,,,,,,,1,0,,,PIONEER HWY EAST,0.066,,
2020,469,EA87213,39,10/25/2020,15:08,25,10,,61,Snohomish,0,1,,1,1,2,1,0,2,2,15:11,15:18,15:41,12,0,6,0.1,8,0,1,5,1,2,4,0,0,0,0,CR-PIONEER HWY E,,-122.2059306,48.18778889,0,1,98,10,2,50,80,0,0,1,2,12,1,2,2,1,6,1,1,53,0,72,706,2003,0,,68,12,,,,,1,1,50,1,7,,4,0,20,7,11,5,10/25/2020,15:48,69053050091,50091,6,0,3,3,1,33,,,,96,,,,,,98,,,,,,98223,53,69,235,6,1,0,1,0,0,,0,,,,,,0,12/15/2016,12/15/2016,20,8,0,0,0,9,8,,,0,,,8,8,2,695,605,,1,1,,2,1,0.031,,,,,,,,,,,,,,,,,,,,,,,,,,,,,,0,0,0,0,1,0,1,1,1,0,0,0,0,0,0,0,0,0,0,0,0,0,0,0,0,0,0,0,1,1,0,0,0,0,1,1,0,0,0,0,1,0,1,1,0,0,0,0,0,0,0,1,,,,,,46-50,46-55,County road,R,Sunday,,MC,White,0,0,0,0,County Road,County Sheriff,Snohomish County Sheriff's Office,0,0,1,0,0,thc,16,carboxy-thc,110,,0,0,0,,,,,,,,,,,0,0,0,1,,,,,16,0,,,,,,,nms,1,0,,,PIONEER HWY EAST,0.066,,
2020,470,EA87238,25,08/19/2020,18:02,19,8,,33,King,0,1,,1,1,2,1,0,3,1,,,,38,0,0,0,3,0,3,5,2,2,4,0,0,0,0,CR-SE 192ND ST,148TH AVE SE,-122.1439667,47.43035278,0,1,1,80,5,40,4,0,0,1,2,42,1,1,2,1,1,3,1,53,0,35,50,2010,0,,63,38,42,1,,,1,1,48,1,0,,3,0,3,0,11,5,,,,,0,0,0,3,1,0,,,,96,,,,,,0,,,,,,98042,53,69,189,6,1,0,0,0,0,,97,,,,,,3,,,20,0,0,0,8,9,8,,,0,,,8,8,8,95,,,96,,,8,95,995,,,,,,,,,,,,,,,,,,,,,,,,,,,,,,0,0,1,1,0,0,0,0,0,0,0,0,1,0,0,0,0,0,0,0,0,0,0,0,0,0,0,0,0,1,0,0,0,0,0,,0,0,0,0,0,0,0,0,0,1,0,0,0,0,0,0,,,,,,46-50,46-55,County road,U,Wednesday,Belt Used,PV,Not Fatal,1,0,0,0,County Road,County Sheriff,King County Police,0,0,1,0,0,,,,,,0,0,0,,,,,,,,,,,98,98,98,0,,,,,20,7,,,,,,,,1,0,,,SE 192 ST,0,148 AVE SE,3.12
2020,476,EA87388,290,12/07/2020,20:27,7,12,,53,Pierce,2230,10,,3,1,2,1,0,3,2,,,,42,0,0,55.4,1,0,1,3,2,1,3,0,0,0,0,SR-7,,-122.4338667,47.19988611,0,1,1,13,2,35,34,0,0,1,5,42,1,1,5,5,1,2,2,53,0,20,481,1995,0,,63,42,69,12,,,1,1,56,1,0,,3,0,3,0,11,5,,,,,0,0,3,2,1,0,,,,96,,,,,,9,,,,,,98407,53,69,165,1,1,0,1,0,0,,97,,,,,,0,08/15/2016,08/15/2018,1,0,0,0,8,9,8,,,0,,,1,8,8,95,,,96,,,8,95,995,,,,,,,,,,,,,,,,,,,,,,,,,,,,,,0,0,1,0,0,0,0,0,0,0,0,0,0,1,0,0,0,0,0,0,0,0,0,0,0,1,0,0,0,1,1,0,0,0,0,,0,0,0,0,0,0,0,0,0,0,0,1,0,0,0,0,,,,,,56-60,56-65,State route,U,Monday,Belt Used,PV,Not Fatal,0,1,0,0,State Route,Municipal/City Police,Tacoma Police Department,1,1,0,0,0,,,,,,0,0,2,,,,,,,,,,,0,0,0,0,,,,,20,7,,,,,,,,1,0,,,,,,
2020,476,EA87388,290,12/07/2020,20:27,7,12,,53,Pierce,2230,10,,3,1,2,1,0,3,2,,,,42,0,0,55.4,1,0,1,3,2,1,3,0,0,0,0,SR-7,,-122.4338667,47.19988611,0,2,98,61,4,35,67,0,0,1,5,12,1,1,5,5,1,1,1,53,0,12,880,2018,0,,12,,,,,,1,1,67,1,0,,0,0,3,0,11,0,,,,,0,0,0,3,1,0,,,,96,,,,,,98,,,,,,98446,53,71,240,6,1,0,0,0,0,,0,,,,,,0,,,20,0,0,0,8,9,8,,,0,,,8,8,8,95,,,96,,,8,95,995,,,,,,,,,,,,,,,,,,,,,,,,,,,,,,0,0,1,0,0,0,0,0,0,0,0,0,0,1,0,0,0,0,0,0,0,0,0,0,0,1,0,0,0,1,1,0,0,0,0,,0,0,0,0,0,0,0,0,0,0,0,0,0,0,0,0,,,,,,66-70,66-75,State route,U,Monday,,MHTRUCK,Not Fatal,0,1,0,0,State Route,Municipal/City Police,Tacoma Police Department,1,1,0,0,0,,,,,,0,0,0,,,,,,,,,,,98,98,98,0,,,,,20,7,,,,,,,,1,0,,,,,,
2020,490,EA87538,263,12/08/2020,10:30,8,12,,33,King,1960,2,,1,2,2,1,1,1,1,,,,8,0,0,0,3,0,2,4,2,4,6,0,0,20,3,QUEEN ANNE AVE N,W BLAINE ST,-122.3569806,47.63474444,0,1,13,80,5,25,34,0,0,1,5,8,1,1,2,1,11,1,3,53,0,20,481,2014,0,,8,,,,,,1,1,27,1,0,,0,0,3,0,11,0,,,,,0,0,3,3,1,10,38,,,0,,,,,,0,,,,,,98115,53,77,215,6,1,0,0,0,3,,46,,,,,,0,10/15/2019,10/15/2020,20,0,0,0,8,3,2,,,0,,,0,8,0,0,,,0,,,0,0,996,,,,,,,,,,,,,,,,,,,,,,,,,,,,,,0,0,0,1,0,0,0,0,0,1,0,1,0,0,0,0,0,0,1,0,0,0,0,0,0,0,0,0,0,1,0,1,0,0,0,,0,0,0,0,0,0,0,0,0,0,1,0,0,0,0,0,,,,,,26-30,26-35,City street,U,Tuesday,Belt Used,PV,Not Fatal,1,0,0,0,City Street,Municipal/City Police,Seattle Police Department,0,0,0,1,0,,,,,,0,0,0,,,,,,,,,,,98,98,98,0,,,,,20,7,,,,,,,,1,0,,,,,,
2020,566,EA87870,248,12/09/2020,5:10,9,12,,33,King,1830,1,,3,2,2,1,0,3,2,5:33,5:40,6:11,12,0,2,0,1,0,1,4,2,4,6,0,0,0,0,MONSTER RD SW,,-122.2463583,47.47468611,0,2,51,62,4,35,20,0,0,1,2,12,2,2,1,2,14,1,3,53,0,20,441,2000,0,,12,,,,,,1,1,56,1,0,,3,0,3,0,11,5,,,,,0,0,0,3,1,0,,,,96,,,,,,98,,,,,,98030,53,64,140,6,1,0,0,0,2,,0,,,,,,0,09/15/2017,02/15/2020,20,0,0,1,8,9,8,,,0,,,8,8,0,0,,,0,,,0,0,996,,,,,,,,,,,,,,,,,,,,,,,,,,,,,,0,0,0,0,0,0,0,0,0,0,0,0,0,0,0,0,1,0,0,0,0,1,1,0,1,0,0,0,0,1,0,0,0,0,0,,0,0,0,0,0,0,0,0,0,0,0,0,0,0,0,0,,,,,,56-60,56-65,City street,U,Wednesday,Belt Used,PV,Not Fatal,0,1,1,0,City Street,Municipal/City Police,Renton Police Department,0,0,0,1,0,,,,,,0,0,0,,,,,,,,,,,98,98,98,0,,,,,20,7,,,,,,,,1,0,,,,,,