year,case,par,repjur,crash_dt,crash_tm,accday,accmon,holiday,county,co_char,city,weather,weather2,lightcond,surfcond,surftype,numfatal,nmforms,pforms,vforms,not_tm,arr_tm,hosp_tm,fhevent,hitrun,manncol,milepnt,reljunc,reljuncinter,intersectiontype,funcsystem,landuse,ownership,route,schlbus,spejur,contdev,devfunc,trafid1,trafid2,x,y,wk_zone,vnumber,crashtype,criticalevent,criticaleventcat,spdlim,body,trailer,emerg,hazcargo,leave,mhevent,roadalgn,roadprof,traflane,trafflow,vehmanvr,numoccs,regowner,regstate,spuse,make,model,modelyr,vrf1,vrf2,seqevent1,seqevent2,seqevent3,seqevent4,seqevent5,seqevent6,pnumber,ptype,age,sex,hispanic,race,injury,diedscene,restraint,restraintmisuse,seatpos,takehosp,death_dt,death_tm,cert,cernum_wa,commlic,licendor,licrestrict,liccomp,drivpres,drf1,drf2,drf3,drf4,distract1,distract2,distract3,distract4,distract5,distract6,dricond1,dricond2,dricond3,dricond4,dricond5,dricond6,dzip,licstate,drhgt_in,weight,noncdl,noncdltype,prevdwi,prevoth,prevacc,prevspd,prevsus,driviol1,driviol2,driviol3,driviol4,driviol5,driviol6,spdrel,first_dt,last_dt,airbag,ejection,ejectpath,extricat,injurwrk,methalc,methdrug,nmlocat,strikveh,prf1,prf2,prf3,druginv,alcinvol,drugsts,drugres1,drugres2,drugres3,drugtst1,drugtst2,drugtst3,alcsts,alctst,alcres,nmact1,nmact2,nmact3,nmact4,nmact5,nmact6,nmprior1,nmprior2,nmprior3,nmprior4,nmprior5,nmprior6,nmcond1,nmcond2,nmcond3,nmcond4,nmcond5,nmcond6,nmsafe_helmet,nmsafe_pads,nmsafe_oth,nmprev_ref,nmprev_lgt,nmprev_oth,crashlocation,nmcrashtype,crosswalk,schoolzone,sidewalk,train_inv,wildlife_inv,rotr_fars,intersect_fars,dd_inv,aid_inv,dpd_inv,id_inv,mj_inv,impnm_inv,ainm_inv,dpnm_inv,speed_inv,unlic_inv,unendmc_inv,drowsy_inv,drdist_inv,nmdist_inv,fty_inv,unrestfat_inv,dr1617_inv,dr1820_inv,dr1620_inv,dr2125_inv,dr1625_inv,dr65_inv,dr70_inv,dr75_inv,mc_inv,pv_inv,ht_inv,ped_inv,bike_inv,unrest_fat,mc_fat,unhelmet_mc,pv_fat,ht_fat,ped_fat,bike_fat,dr_alc7,dr_alc8,dr_drug,dr_imp,dr_dist,dr_spd,dr_fty,dr_unlic,dr_alc7only,dr_alc8only,dr_drugonly,dr_drink,nm_imp,nm_alc7,nm_alc8,nm_drug,nm_dist,agegrp1,agegrp2,roadclass,urbrur,dayweek,restuse,vehtype,race_me,intersect,lanedep,oppdir,wrongway,rep_typ,investag,repag_long,rotr,st_rd,cty_rd,city_rd,oth_rd,drug_thc,thc_res,drug_cthc,cthc_res,drug_cann,prevpersemin,prevperse,prevsusoth,drugtst4,drugtst5,drugtst6,drugtst7,drugtst8,drugres4,drugres5,drugres6,drugres7,drugres8,adspresent,adsengaged,adslevel,race1,race2,race3,race4,race5,helmet,helmetmisuse,nmdistract1,nmdistract2,nmdistract3,nmdistract4,nmdistract5,nmdistract6,lab,isedtcase,crf1,crf2,crf3,CoRoadName,CoMP,IntCoRoadName,IntCoMP
2020,486,EA88835,6,10/26/2020,17:58,26,10,,25,Grant,0,10,,3,1,2,1,0,2,2,,,,12,0,6,25.3,2,0,2,3,1,1,3,0,0,0,0,SR-26,SR-262,-119.4753278,46.86253056,0,2,87,66,4,98,66,2,0,1,5,12,1,1,3,1,1,1,3,53,0,85,881,2020,0,,12,,,,,,1,1,45,1,0,,0,0,3,0,11,0,,,,,6,1,0,3,1,0,,,,96,,,,,,0,,,,,,98837,53,68,150,6,1,0,0,0,0,,0,,,,,,0,,,20,0,0,0,8,9,8,,,0,,,8,8,8,95,,,96,,,8,95,995,,,,,,,,,,,,,,,,,,,,,,,,,,,,,,0,0,0,1,1,1,0,1,0,0,0,0,0,1,0,0,0,0,0,0,0,0,0,0,0,0,0,0,0,1,1,0,0,0,0,,0,0,0,0,0,0,0,0,0,0,0,0,0,0,0,0,,,,,,41-45,36-45,State route,R,Monday,,MHTRUCK,Not Fatal,1,0,0,0,State Route,State Patrol,Washington State Patrol,0,1,0,0,0,,,,,,0,0,0,,,,,,,,,,,98,98,98,0,,,,,20,7,,,,,,,,1,0,,,,,,
2020,487,EA88903,2,12/07/2020,17:10,7,12,,73,Whatcom,0,2,,2,2,2,1,1,1,1,,,,8,0,0,1.3,1,0,1,5,1,2,4,0,0,0,0,CR-ENTERPRISE RD,,-122.5745917,48.92449167,0,1,13,80,5,50,34,0,0,1,5,8,1,1,2,1,1,1,2,53,0,7,472,2000,0,,8,,,,,,1,1,55,1,0,,0,0,3,0,11,0,,,,,0,0,0,3,1,0,,,,96,,,,,,0,,,,,,98248,53,69,150,6,1,0,1,0,0,,0,,,,,,0,04/15/2016,04/15/2016,20,0,0,0,8,3,2,,,0,,,8,8,8,95,,,96,,,2,98,997,,,,,,,,,,,,,,,,,,,,,,,,,,,,,,0,0,0,0,0,0,0,0,0,1,0,1,0,0,0,0,0,1,0,0,0,0,0,0,0,0,0,0,0,1,0,1,0,0,0,,0,0,0,0,0,0,0,0,0,0,0,0,0,0,0,0,,,,,,51-55,46-55,County road,R,Monday,Belt Used,PV,Not Fatal,0,0,0,0,County Road,State Patrol,Washington State Patrol,0,0,1,0,0,,,,,,0,0,0,,,,,,,,,,,98,98,98,0,,,,,20,7,,,,,,,,1,0,,,ENTERPRISE RD N,1.25,,
2020,500,EA89052,26,12/11/2020,0:54,11,12,,35,Kitsap,0,1,,2,2,2,1,0,3,1,0:57,1:13,1:56,1,0,0,3.5,1,0,1,5,1,2,4,0,0,0,0,CR-BANNER RD SE,,-122.5458667,47.46376389,0,1,6,9,1,45,4,0,0,1,5,1,1,2,2,1,1,3,1,53,0,55,35,2009,0,,68,64,1,,,,1,1,19,1,0,,3,0,99,7,11,0,,,,,0,0,0,3,1,0,,,,96,,,,,,9,,,,,,98366,53,75,160,6,1,0,0,0,1,,97,,,,,,4,09/15/2020,09/15/2020,20,0,0,0,8,9,8,,,0,,,8,1,8,95,,,96,,,8,95,995,,,,,,,,,,,,,,,,,,,,,,,,,,,,,,0,0,1,0,1,0,0,0,0,0,0,0,1,0,0,0,0,0,0,0,0,1,1,0,1,0,0,0,0,1,0,0,0,0,0,,0,0,0,0,0,0,0,0,0,1,0,0,0,0,0,1,,,,,,18-20,16-25,County road,R,Friday,Unknown,PV,Not Fatal,0,1,0,0,County Road,County Sheriff,Kitsap County Sheriff's Office,1,0,1,0,0,,,,,,0,0,0,,,,,,,,,,,98,98,98,0,,,,,20,7,,,,,,,,1,0,,,BANNER RD SE,3.452,,
2020,488,EA89281,8,12/08/2020,2:01,8,12,,45,Mason,0,2,,2,2,2,1,0,2,1,2:00,2:13,2:40,42,0,0,338.6,1,0,1,3,1,1,2,0,0,0,0,US-101,,-123.1815028,47.29919167,0,1,1,9,1,55,2,0,0,1,2,42,1,2,2,1,1,2,1,53,0,54,37,1999,0,,63,42,,,,,1,1,56,1,7,,4,7,20,7,11,0,12/08/2020,2:01,53057321,57321,6,0,3,3,1,0,,,,96,,,,,,9,,,,,,98584,53,70,180,6,8,1,0,0,2,,0,,,,,,0,05/15/2017,12/15/2019,1,0,0,0,0,9,8,,,0,,,8,1,2,401,417,,1,1,,2,1,0.334,,,,,,,,,,,,,,,,,,,,,,,,,,,,,,0,0,1,0,1,1,1,1,0,0,0,0,0,0,0,0,0,0,0,1,0,0,0,0,0,0,0,0,0,1,0,0,0,1,0,,1,0,0,0,0,1,1,1,0,0,0,0,0,0,0,1,,,,,,56-60,56-65,US highway,R,Tuesday,Not Used,PV,White,0,1,0,0,State Route,State Patrol,Washington State Patrol,1,1,0,0,0,,,,,,0,1,2,,,,,,,,,,,0,0,0,1,,,,,20,7,,,,,,,,1,0,,,,,,
2020,489,EA89307,52,12/14/2020,15:38,14,12,,57,Skagit,50,1,,1,1,2,1,1,1,1,15:37,15:45,15:52,8,0,0,3.5,3,0,2,3,2,1,3,0,0,3,3,SR-20,22ND ST,-122.6127167,48.50451667,0,1,13,80,5,25,34,0,0,1,5,8,1,2,3,1,11,1,1,53,0,20,481,2001,0,,8,,,,,,1,1,66,8,0,,0,0,3,0,11,0,,,,,0,0,3,3,1,10,38,,,0,,,,,,0,,,,,,98221,53,69,240,6,1,0,0,0,0,,46,,,,,,0,,,20,0,0,0,8,9,8,,,0,,,8,8,0,0,,,0,,,0,0,996,,,,,,,,,,,,,,,,,,,,,,,,,,,,,,0,0,0,1,0,0,0,0,0,1,0,1,0,0,0,0,0,0,1,0,0,0,0,0,0,1,0,0,0,1,0,1,0,0,0,,0,0,0,0,0,0,0,0,0,0,1,0,0,0,0,0,,,,,,66-70,66-75,State route,U,Monday,Belt Used,PV,Not Fatal,1,0,0,0,State Route,Municipal/City Police,Anacortes Police Department,0,1,0,0,0,,,,,,0,0,0,,,,,,,,,,,98,98,98,0,,,,,20,7,,,,,,,,1,0,,,,,,
2020,491,EA89833,2,12/14/2020,17:32,14,12,,29,Island,0,1,,2,2,2,1,0,1,1,,,,1,0,0,36.8,1,0,1,3,2,1,3,0,0,0,0,SR-20,,-122.6176139,48.35806111,0,1,1,13,2,50,4,0,0,1,2,1,3,2,2,1,14,1,1,53,0,37,31,2001,0,,63,1,,,,,1,1,43,2,7,,4,7,3,0,11,0,12/14/2020,17:32,53058825,58825,0,0,3,3,1,0,,,,92,,,,,,98,,,,,,98277,53,68,180,6,1,0,0,0,0,,0,,,,,,0,,,20,0,0,0,0,9,8,,,0,,,8,8,8,95,,,96,,,8,95,995,,,,,,,,,,,,,,,,,,,,,,,,,,,,,,0,0,1,0,0,0,0,0,0,0,0,0,0,0,0,0,1,0,0,0,0,0,0,0,0,0,0,0,0,1,0,0,0,0,0,,1,0,0,0,0,0,0,0,1,0,0,0,0,0,0,0,,,,,,41-45,36-45,State route,U,Monday,Belt Used,PV,White,0,1,0,0,State Route,State Patrol,Washington State Patrol,1,1,0,0,0,,,,,,0,0,0,,,,,,,,,,,98,98,98,1,,,,,20,7,,,,,,,,1,0,,,,,,
2020,492,EA90144,1,12/10/2020,15:30,10,12,,21,Franklin,1660,10,,1,1,2,1,0,6,5,15:32,15:53,,12,0,2,13.5,5,1,1,1,2,1,1,0,0,0,0,I-182,,-119.1003083,46.24865556,0,3,98,61,4,60,34,0,0,1,2,12,3,1,2,3,14,1,1,53,0,7,472,2006,0,,12,64,57,,,,1,1,44,1,0,,1,0,3,0,11,0,,,,,0,0,0,3,1,0,,,,96,,,,,,0,,,,,,99301,53,69,200,6,1,0,1,0,2,,0,,,,,,0,04/15/2016,11/15/2019,8,0,0,0,8,3,2,,,0,,,8,8,0,0,,,0,,,0,0,996,,,,,,,,,,,,,,,,,,,,,,,,,,,,,,0,0,0,0,0,0,0,0,0,0,0,0,0,0,0,0,0,0,0,0,0,0,0,0,0,1,1,1,0,1,1,0,0,0,0,,0,0,0,0,0,0,0,0,0,0,0,0,0,0,0,0,,,,,,41-45,36-45,Interstate,U,Thursday,Belt Used,PV,Not Fatal,0,0,0,1,State Route,State Patrol,Washington State Patrol,0,1,0,0,0,,,,,,0,0,0,,,,,,,,,,,98,98,98,0,,,,,20,7,,,,,,,,1,14,,,,,,
2020,492,EA90144,1,12/10/2020,15:30,10,12,,21,Franklin,1660,10,,1,1,2,1,0,6,5,15:32,15:53,,12,0,2,13.5,5,1,1,1,2,1,1,0,0,0,0,I-182,,-119.1003083,46.24865556,0,4,98,90,6,60,4,0,0,1,2,54,2,1,2,3,14,2,1,53,0,34,34,2009,0,,54,,,,,,1,1,46,1,0,,0,0,3,0,11,0,,,,,6,0,0,3,1,0,,,,96,,,,,,0,,,,,,99301,53,69,200,6,1,0,0,0,0,,0,,,,,,0,,,20,0,0,0,8,9,8,,,0,,,8,8,0,0,,,0,,,0,0,996,,,,,,,,,,,,,,,,,,,,,,,,,,,,,,0,0,0,0,0,0,0,0,0,0,0,0,0,0,0,0,0,0,0,0,0,0,0,0,0,1,1,1,0,1,1,0,0,0,0,,0,0,0,0,0,0,0,0,0,0,0,0,0,0,0,0,,,,,,46-50,46-55,Interstate,U,Thursday,Belt Used,PV,Not Fatal,0,0,0,1,State Route,State Patrol,Washington State Patrol,0,1,0,0,0,,,,,,0,0,0,,,,,,,,,,,98,98,98,0,,,,,20,7,,,,,,,,1,14,,,,,,
2020,492,EA90144,1,12/10/2020,15:30,10,12,,21,Franklin,1660,10,,1,1,2,1,0,6,5,15:32,15:53,,12,0,2,13.5,5,1,1,1,2,1,1,0,0,0,0,I-182,,-119.1003083,46.24865556,0,5,98,90,6,60,4,0,0,1,5,54,2,1,2,3,14,1,1,53,0,49,40,2007,0,,54,,,,,,1,1,38,1,0,,0,0,3,0,11,0,,,,,0,0,0,3,1,0,,,,96,,,,,,0,,,,,,99301,53,68,145,6,1,0,0,0,0,,0,,,,,,0,,,20,0,0,0,8,9,8,,,0,,,8,8,0,0,,,0,,,0,0,996,,,,,,,,,,,,,,,,,,,,,,,,,,,,,,0,0,0,0,0,0,0,0,0,0,0,0,0,0,0,0,0,0,0,0,0,0,0,0,0,1,1,1,0,1,1,0,0,0,0,,0,0,0,0,0,0,0,0,0,0,0,0,0,0,0,0,,,,,,36-40,36-45,Interstate,U,Thursday,Belt Used,PV,Not Fatal,0,0,0,1,State Route,State Patrol,Washington State Patrol,0,1,0,0,0,,,,,,0,0,0,,,,,,,,,,,98,98,98,0,,,,,20,7,,,,,,,,1,14,,,,,,
2020,492,EA90144,1,12/10/2020,15:30,10,12,,21,Franklin,1660,10,,1,1,2,1,0,6,5,15:32,15:53,,12,0,2,13.5,5,1,1,1,2,1,1,0,0,0,0,I-182,,-119.1003083,46.24865556,0,2,52,63,4,60,66,1,0,1,2,12,3,1,2,3,14,1,3,53,0,86,881,2021,0,,12,12,54,54,,,1,1,51,1,0,,0,0,3,0,11,0,,,,,6,1,0,3,1,0,,,,96,,,,,,0,,,,,,99336,53,63,160,6,1,0,0,0,0,,0,,,,,,0,,,20,0,0,0,8,3,2,,,0,,,8,8,0,0,,,0,,,0,0,996,,,,,,,,,,,,,,,,,,,,,,,,,,,,,,0,0,0,0,0,0,0,0,0,0,0,0,0,0,0,0,0,0,0,0,0,0,0,0,0,1,1,1,0,1,1,0,0,0,0,,0,0,0,0,0,0,0,0,0,0,0,0,0,0,0,0,,,,,,51-55,46-55,Interstate,U,Thursday,,MHTRUCK,Not Fatal,0,0,0,1,State Route,State Patrol,Washington State Patrol,0,1,0,0,0,,,,,,0,0,0,,,,,,,,,,,98,98,98,0,,,,,20,7,,,,,,,,1,14,,,,,,
2020,492,EA90144,1,12/10/2020,15:30,10,12,,21,Franklin,1660,10,,1,1,2,1,0,6,5,15:32,15:53,,12,0,2,13.5,5,1,1,1,2,1,1,0,0,0,0,I-182,,-119.1003083,46.24865556,0,1,52,54,3,98,34,0,0,1,2,12,2,1,1,6,98,1,3,53,0,7,482,2016,0,,12,,,,,,1,1,79,1,7,,4,7,3,0,11,0,12/10/2020,15:30,1.66E+11,58103,6,0,0,3,1,51,,,,96,,,,,,0,,,,,,99349,53,68,210,6,1,0,1,1,0,,0,,,,,,0,02/15/2019,02/15/2019,8,0,0,0,0,9,8,,,0,,,8,8,0,0,,,0,,,0,0,996,,,,,,,,,,,,,,,,,,,,,,,,,,,,,,0,0,0,0,0,0,0,0,0,0,0,0,0,0,0,0,0,0,0,0,0,0,0,0,0,1,1,1,0,1,1,0,0,0,0,,1,0,0,0,0,0,0,0,0,0,0,0,0,0,0,0,,,,,,76-80,76+,Interstate,U,Thursday,Belt Used,PV,White,0,0,0,1,State Route,State Patrol,Washington State Patrol,0,1,0,0,0,,,,,,0,0,0,,,,,,,,,,,98,98,98,1,,,,,20,7,,,,,,,,1,14,,,,,,
2020,493,EA90535,19,12/09/2020,21:35,9,12,,21,Franklin,0,5,,2,4,2,1,0,1,1,21:47,21:59,,35,0,0,7.9,1,0,1,5,1,2,4,0,0,0,0,CR-PASCO KAHLOTUS RD,,-118.9120444,46.28435556,0,1,2,10,2,55,34,0,0,1,2,35,1,2,2,1,1,1,1,53,0,23,481,2009,0,,68,68,63,35,1,,1,1,37,1,7,,4,7,20,7,11,0,12/09/2020,21:35,53058299,58299,0,0,0,3,1,58,87,,,96,,,,,,9,,,,,,99301,53,71,165,6,1,1,0,0,0,,0,,,,,,3,12/15/2017,12/15/2017,20,1,9,0,0,1,8,,,0,,,8,1,8,95,,,96,,,2,1,0.17,,,,,,,,,,,,,,,,,,,,,,,,,,,,,,0,0,0,0,1,1,0,1,0,0,0,0,1,0,0,0,0,0,0,1,0,0,0,0,0,0,0,0,0,1,0,0,0,1,0,,1,0,0,0,0,1,0,1,0,1,0,0,0,1,0,1,,,,,,36-40,36-45,County road,R,Wednesday,Not Used,PV,White,0,1,0,0,County Road,County Sheriff,Franklin County Sheriff's Office,1,0,1,0,0,,,,,,0,1,0,,,,,,,,,,,98,98,98,1,,,,,20,7,,,,,,,,1,0,,,PASCO-KAHLOTUS ROAD,7.85,,
2020,494,EA90642,2,12/04/2020,15:18,4,12,,61,Snohomish,690,1,,1,1,2,1,0,2,2,15:17,15:27,15:42,12,0,7,187.4,1,0,1,1,2,1,1,0,0,0,0,I-5,,-122.2195417,47.89227778,0,1,47,10,2,60,80,0,0,1,2,12,1,1,4,3,15,1,1,53,0,98,706,2019,0,,12,,,,,,1,1,63,2,7,,4,0,20,7,11,5,12/12/2020,22:52,69053059444,59444,0,0,3,3,1,35,,,,96,,,,,,98,,,,,,98208,53,69,195,6,1,0,0,0,0,,0,,,,,,0,,,20,8,0,0,0,9,8,,,0,,,8,8,0,0,,,0,,,0,0,996,,,,,,,,,,,,,,,,,,,,,,,,,,,,,,0,0,0,0,0,0,0,0,0,0,0,0,0,0,0,0,0,0,0,0,0,0,0,0,0,0,0,0,1,1,0,0,0,0,1,0,0,0,0,0,0,0,0,0,0,0,0,0,0,0,0,0,,,,,,61-65,56-65,Interstate,U,Friday,,MC,White,0,0,0,0,State Route,State Patrol,Washington State Patrol,0,1,0,0,0,,,,,,0,0,0,,,,,,,,,,,0,0,0,1,,,,,5,0,,,,,,,,1,0,,,,,,
2020,494,EA90642,2,12/04/2020,15:18,4,12,,61,Snohomish,690,1,,1,1,2,1,0,2,2,15:17,15:27,15:42,12,0,7,187.4,1,0,1,1,2,1,1,0,0,0,0,I-5,,-122.2195417,47.89227778,0,2,45,60,4,60,4,0,0,1,5,12,1,1,4,3,15,1,1,53,0,19,21,2005,0,,12,,,,,,1,1,58,1,0,,0,0,3,0,11,0,,,,,0,0,0,3,1,0,,,,96,,,,,,0,,,,,,98223,53,67,200,6,1,0,1,2,1,,0,,,,,,0,07/15/2016,06/15/2019,20,0,0,0,8,9,8,,,0,,,8,8,0,0,,,0,,,0,0,996,,,,,,,,,,,,,,,,,,,,,,,,,,,,,,0,0,0,0,0,0,0,0,0,0,0,0,0,0,0,0,0,0,0,0,0,0,0,0,0,0,0,0,1,1,0,0,0,0,0,,0,0,0,0,0,0,0,0,0,0,0,0,0,0,0,0,,,,,,56-60,56-65,Interstate,U,Friday,Belt Used,PV,Not Fatal,0,0,0,0,State Route,State Patrol,Washington State Patrol,0,1,0,0,0,,,,,,0,0,0,,,,,,,,,,,98,98,98,0,,,,,20,7,,,,,,,,1,0,,,,,,
2020,496,EA90757,290,12/19/2020,0:40,19,12,,53,Pierce,2230,2,,3,2,2,1,1,1,1,,,,8,1,0,0,2,0,3,3,2,4,6,0,0,0,0,S 72ND ST,S I St,-122.4455806,47.19191667,0,1,13,80,5,35,99,0,0,1,5,8,1,1,4,1,1,99,9,99,0,99,999,9999,0,,8,,,,,,1,1,999,9,0,,9,0,99,7,11,0,,,,,99,9,9,9,1,0,,,,96,,,,,,98,,,,,,99999,99,,999,9,9,99,99,99,99,,0,,,,,,0,,,99,0,0,0,8,9,8,,,0,,,8,8,0,0,,,0,,,0,0,996,,,,,,,,,,,,,,,,,,,,,,,,,,,,,,0,0,0,1,0,0,0,0,0,0,0,0,0,0,0,0,0,0,0,0,0,0,0,0,0,0,0,0,0,0,0,1,0,0,0,,0,0,0,0,0,0,0,0,0,0,0,0,0,0,0,0,,,,,,,,City street,U,Saturday,,NR-U,Not Fatal,1,0,0,0,City Street,Municipal/City Police,Tacoma Police Department,0,0,0,1,0,,,,,,99,99,99,,,,,,,,,,,98,98,98,0,,,,,20,7,,,,,,,,1,0,,,,,,
2020,497,EA91148,290,12/20/2020,1:13,20,12,,53,Pierce,2230,2,,3,2,2,1,0,4,1,1:43,2:00,2:33,30,0,0,7.2,1,0,1,4,2,1,3,0,3,0,0,SR-509,,-122.4052944,47.28460833,0,1,6,12,2,35,3,0,0,1,2,30,2,1,2,1,14,4,2,53,0,30,42,2008,0,,68,64,30,1,2,,1,1,18,1,0,,2,0,3,0,11,5,,,,,0,0,3,3,1,0,,,,96,,,,,,9,,,,,,98042,53,71,155,6,1,1,1,2,0,,97,,,,,,0,06/15/2018,06/15/2019,8,0,0,0,8,9,8,,,0,,,1,8,8,95,,,96,,,8,95,995,,,,,,,,,,,,,,,,,,,,,,,,,,,,,,0,0,1,0,0,0,0,0,0,0,0,0,0,0,0,0,0,0,0,1,0,1,1,0,1,0,0,0,0,1,0,0,0,0,0,,0,0,0,0,0,0,0,0,0,0,0,0,0,0,0,0,,,,,,18-20,16-25,State route,U,Sunday,Belt Used,PV,Not Fatal,0,1,0,0,State Route,Municipal/City Police,Tacoma Police Department,1,1,0,0,0,,,,,,0,0,0,,,,,,,,,,,98,98,98,0,,,,,20,7,,,,,,,,1,0,,,,,,
2020,501,EA91837,303,12/20/2020,0:56,20,12,,53,Pierce,2337,10,,2,2,2,1,0,2,2,,,,12,1,2,0,1,0,1,5,2,4,6,0,0,0,0,35TH ST W,,-122.5298361,47.22820833,0,1,50,10,2,35,4,0,0,1,2,12,1,2,2,1,1,1,2,53,0,19,21,2006,0,,68,12,,,,,1,1,17,1,0,,1,0,3,0,11,0,,,,,0,0,3,3,1,8,28,,,96,,,,,,98,,,,,,98409,53,67,240,6,2,0,1,0,1,,97,,,,,,0,01/15/2020,01/15/2020,8,0,0,0,8,9,8,,,0,,,8,8,2,695,605,,1,1,,2,1,0.018,,,,,,,,,,,,,,,,,,,,,,,,,,,,,,0,0,0,0,1,0,1,1,1,0,0,0,0,0,0,0,0,0,0,0,1,1,1,0,1,0,0,0,0,1,0,0,0,0,0,,0,0,0,0,1,0,1,1,0,0,0,0,0,0,0,1,,,,,,16-17,16-25,City street,U,Sunday,Belt Used,PV,Not Fatal,0,1,1,0,City Street,Municipal/City Police,University Place Police Department,0,0,0,1,0,thc,15,carboxy-thc,888,,0,0,0,,,,,,,,,,,98,98,98,0,,,,,20,7,,,,,,,,1,0,,,,,,
2020,501,EA91837,303,12/20/2020,0:56,20,12,,53,Pierce,2337,10,,2,2,2,1,0,2,2,,,,12,0,2,0,1,0,1,5,2,4,6,0,0,0,0,35TH ST W,,-122.5298361,47.22820833,0,2,51,62,4,35,4,0,0,1,2,12,1,2,2,1,1,1,1,53,0,41,51,2008,0,,12,,,,,,1,1,19,2,2,,4,7,3,0,11,0,12/20/2020,0:56,2.34E+11,62687,0,0,3,3,1,0,,,,96,,,,,,98,,,,,,98444,53,64,165,6,1,0,0,0,0,,0,,,,,,0,,,1,0,0,0,0,9,8,,,0,,,8,8,2,695,605,,1,1,,2,1,0,,,,,,,,,,,,,,,,,,,,,,,,,,,,,,0,0,0,0,1,0,1,1,1,0,0,0,0,0,0,0,0,0,0,0,1,1,1,0,1,0,0,0,0,1,0,0,0,0,0,,1,0,0,0,0,0,1,1,0,0,0,0,0,0,1,0,,,,,,18-20,16-25,City street,U,Sunday,Belt Used,PV,Hispanic,0,1,1,0,City Street,Municipal/City Police,University Place Police Department,0,0,0,1,0,thc,10,carboxy-thc,48,,0,0,0,,,,,,,,,,,98,98,98,2,,,,,20,7,,,,,,,nms,1,0,,,,,,
2020,502,EA91879,3,12/10/2020,2:58,10,12,,53,Pierce,800,5,,3,2,2,1,1,2,1,,,,8,0,0,12.9,1,0,1,3,2,1,3,0,0,0,0,SR-16,,-122.6157,47.36078611,0,1,13,80,5,60,21,0,0,1,5,8,1,1,2,3,1,2,3,53,0,12,461,2013,0,,8,,,,,,1,1,32,1,0,,0,0,3,0,11,0,,,,,0,0,0,3,1,0,,,,96,,,,,,0,,,,,,98032,53,68,195,6,1,0,0,0,1,,0,,,,,,0,02/15/2018,02/15/2018,20,0,0,0,8,3,2,,,0,,,8,8,0,0,,,0,,,0,0,996,,,,,,,,,,,,,,,,,,,,,,,,,,,,,,0,0,0,0,0,0,0,0,0,1,0,1,0,0,0,0,0,0,0,0,0,0,0,0,0,0,0,0,0,1,0,1,0,0,0,,0,0,0,0,0,0,0,0,0,0,0,0,0,0,0,0,,,,,,31-35,26-35,State route,U,Thursday,Belt Used,PV,Not Fatal,0,0,0,0,State Route,State Patrol,Washington State Patrol,0,1,0,0,0,,,,,,0,0,1,,,,,,,,,,,98,98,98,0,,,,,20,7,,,,,,,,1,0,,,,,,
2020,503,EA91976,4,12/21/2020,10:39,21,12,,51,Pend Oreille,0,2,,1,2,2,1,0,2,2,10:42,10:54,11:25,12,0,6,420.3,2,0,2,4,1,1,3,0,0,0,0,SR-20,MCKENZIE,-117.2872389,48.31018056,0,2,83,67,4,55,61,0,0,1,2,12,1,1,2,1,1,1,2,53,0,12,881,2004,0,,12,64,2,,,,1,1,82,1,0,,3,0,99,7,11,5,,,,,6,0,3,3,1,0,,,,96,,,,,,0,,,,,,99152,53,72,200,6,1,0,0,0,1,,0,,,,,,0,04/15/2017,04/15/2017,1,0,0,0,8,9,8,,,0,,,8,8,0,0,,,0,,,0,0,996,,,,,,,,,,,,,,,,,,,,,,,,,,,,,,0,0,0,1,0,0,0,0,0,0,0,0,0,0,0,0,0,0,1,0,0,0,0,0,0,1,1,1,0,1,1,0,0,0,0,,0,0,0,0,0,0,0,0,0,0,0,0,0,0,0,0,,,,,,81+,76+,State route,R,Monday,,MHTRUCK,Not Fatal,1,0,0,0,State Route,State Patrol,Washington State Patrol,0,1,0,0,0,,,,,,0,0,0,,,,,,,,,,,98,98,98,0,,,,,20,7,,,,,,,,1,0,,,,,,
2020,503,EA91976,4,12/21/2020,10:39,21,12,,51,Pend Oreille,0,2,,1,2,2,1,0,2,2,10:42,10:54,11:25,12,0,6,420.3,2,0,2,4,1,1,3,0,0,20,3,SR-20,MCKENZIE,-117.2872389,48.31018056,0,1,82,15,2,35,34,0,0,1,2,12,1,1,2,1,11,1,1,53,0,20,481,1999,0,,12,63,3,,,,1,1,90,1,7,,4,7,3,0,11,0,12/21/2020,10:39,53060614,60614,0,0,3,3,1,38,,,,96,,,,,,9,,,,,,99156,53,68,120,6,1,0,0,0,0,,0,,,,,,0,,,8,0,0,0,0,9,8,,,0,,,8,8,2,1,,,1,,,2,1,0,,,,,,,,,,,,,,,,,,,,,,,,,,,,,,0,0,0,1,0,0,0,0,0,0,0,0,0,0,0,0,0,0,1,0,0,0,0,0,0,1,1,1,0,1,1,0,0,0,0,,1,0,0,0,0,0,0,0,0,0,1,0,0,0,0,0,,,,,,81+,76+,State route,R,Monday,Belt Used,PV,White,1,0,0,0,State Route,State Patrol,Washington State Patrol,0,1,0,0,0,,,,,,0,0,0,,,,,,,,,,,0,0,0,1,,,,,20,7,,,,,,,,1,0,,,,,,