year,case,par,repjur,crash_dt,crash_tm,accday,accmon,holiday,county,co_char,city,weather,weather2,lightcond,surfcond,surftype,numfatal,nmforms,pforms,vforms,not_tm,arr_tm,hosp_tm,fhevent,hitrun,manncol,milepnt,reljunc,reljuncinter,intersectiontype,funcsystem,landuse,ownership,route,schlbus,spejur,contdev,devfunc,trafid1,trafid2,x,y,wk_zone,vnumber,crashtype,criticalevent,criticaleventcat,spdlim,body,trailer,emerg,hazcargo,leave,mhevent,roadalgn,roadprof,traflane,trafflow,vehmanvr,numoccs,regowner,regstate,spuse,make,model,modelyr,vrf1,vrf2,seqevent1,seqevent2,seqevent3,seqevent4,seqevent5,seqevent6,pnumber,ptype,age,sex,hispanic,race,injury,diedscene,restraint,restraintmisuse,seatpos,takehosp,death_dt,death_tm,cert,cernum_wa,commlic,licendor,licrestrict,liccomp,drivpres,drf1,drf2,drf3,drf4,distract1,distract2,distract3,distract4,distract5,distract6,dricond1,dricond2,dricond3,dricond4,dricond5,dricond6,dzip,licstate,drhgt_in,weight,noncdl,noncdltype,prevdwi,prevoth,prevacc,prevspd,prevsus,driviol1,driviol2,driviol3,driviol4,driviol5,driviol6,spdrel,first_dt,last_dt,airbag,ejection,ejectpath,extricat,injurwrk,methalc,methdrug,nmlocat,strikveh,prf1,prf2,prf3,druginv,alcinvol,drugsts,drugres1,drugres2,drugres3,drugtst1,drugtst2,drugtst3,alcsts,alctst,alcres,nmact1,nmact2,nmact3,nmact4,nmact5,nmact6,nmprior1,nmprior2,nmprior3,nmprior4,nmprior5,nmprior6,nmcond1,nmcond2,nmcond3,nmcond4,nmcond5,nmcond6,nmsafe_helmet,nmsafe_pads,nmsafe_oth,nmprev_ref,nmprev_lgt,nmprev_oth,crashlocation,nmcrashtype,crosswalk,schoolzone,sidewalk,train_inv,wildlife_inv,rotr_fars,intersect_fars,dd_inv,aid_inv,dpd_inv,id_inv,mj_inv,impnm_inv,ainm_inv,dpnm_inv,speed_inv,unlic_inv,unendmc_inv,drowsy_inv,drdist_inv,nmdist_inv,fty_inv,unrestfat_inv,dr1617_inv,dr1820_inv,dr1620_inv,dr2125_inv,dr1625_inv,dr65_inv,dr70_inv,dr75_inv,mc_inv,pv_inv,ht_inv,ped_inv,bike_inv,unrest_fat,mc_fat,unhelmet_mc,pv_fat,ht_fat,ped_fat,bike_fat,dr_alc7,dr_alc8,dr_drug,dr_imp,dr_dist,dr_spd,dr_fty,dr_unlic,dr_alc7only,dr_alc8only,dr_drugonly,dr_drink,nm_imp,nm_alc7,nm_alc8,nm_drug,nm_dist,agegrp1,agegrp2,roadclass,urbrur,dayweek,restuse,vehtype,race_me,intersect,lanedep,oppdir,wrongway,rep_typ,investag,repag_long,rotr,st_rd,cty_rd,city_rd,oth_rd,drug_thc,thc_res,drug_cthc,cthc_res,drug_cann,prevpersemin,prevperse,prevsusoth,drugtst4,drugtst5,drugtst6,drugtst7,drugtst8,drugres4,drugres5,drugres6,drugres7,drugres8,adspresent,adsengaged,adslevel,race1,race2,race3,race4,race5,helmet,helmetmisuse,nmdistract1,nmdistract2,nmdistract3,nmdistract4,nmdistract5,nmdistract6,lab,isedtcase,crf1,crf2,crf3,CoRoadName,CoMP,IntCoRoadName,IntCoMP
2020,504,EA92060,2,12/16/2020,15:59,16,12,,61,Snohomish,0,1,,1,2,2,2,0,3,2,16:01,16:07,,12,0,6,4.3,8,0,1,3,2,1,3,0,0,0,0,SR-9,,-122.12165,47.84145,0,1,68,15,2,45,4,0,0,1,2,12,1,1,3,1,11,2,1,53,0,37,31,1998,0,,12,,,,,,1,1,49,2,7,,4,0,99,7,11,5,12/16/2020,22:28,1.96E+11,60357,0,0,0,3,1,38,48,,,96,,,,,,98,,,,,,98296,53,59,120,6,1,0,0,0,0,,0,,,,,,0,,,8,0,0,0,0,9,8,,,0,,,8,8,2,695,605,,1,1,,2,1,0,,,,,,,,,,,,,,,,,,,,,,,,,,,,,,0,0,0,0,0,0,1,1,1,0,0,0,0,0,0,0,0,0,1,0,0,0,0,0,0,0,0,0,0,1,0,0,0,0,0,,1,0,0,0,0,0,1,1,0,0,1,0,0,0,1,0,,,,,,46-50,46-55,State route,U,Wednesday,Unknown,PV,White,1,0,0,0,State Route,State Patrol,Washington State Patrol,0,1,0,0,0,thc,6,carboxy-thc,67,,0,0,0,,,,,,,,,,,0,0,0,1,,,,,20,7,,,,,,,nms,1,0,,,,,,
2020,504,EA92060,2,12/16/2020,15:59,16,12,,61,Snohomish,0,1,,1,2,2,2,0,3,2,16:01,16:07,,12,0,6,4.3,8,0,1,3,2,1,3,0,0,0,0,SR-9,,-122.12165,47.84145,0,2,69,62,4,45,34,1,0,1,2,12,1,1,3,1,1,1,1,53,0,20,481,2011,0,,12,,,,,,1,1,58,1,0,,2,0,3,0,11,0,,,,,0,0,3,3,1,0,,,,96,,,,,,0,,,,,,98296,53,75,225,6,1,0,1,0,0,,0,,,,,,0,03/15/2020,03/15/2020,8,0,0,0,8,9,8,,,0,,,8,8,8,95,,,96,,,2,95,997,,,,,,,,,,,,,,,,,,,,,,,,,,,,,,0,0,0,0,0,0,1,1,1,0,0,0,0,0,0,0,0,0,1,0,0,0,0,0,0,0,0,0,0,1,0,0,0,0,0,,0,0,0,0,0,0,0,0,0,0,0,0,0,0,0,0,,,,,,56-60,56-65,State route,U,Wednesday,Belt Used,PV,Not Fatal,1,0,0,0,State Route,State Patrol,Washington State Patrol,0,1,0,0,0,,,,,,0,0,0,,,,,,,,,,,98,98,98,0,,,,,20,7,,,,,,,,1,0,,,,,,
2020,505,EA92348,2,12/18/2020,19:37,18,12,,57,Skagit,0,2,,2,2,2,1,0,2,2,19:58,,21:23,12,0,2,44.9,1,0,1,3,2,1,3,0,0,0,0,SR-20,,-122.6074417,48.43606667,0,2,51,62,4,50,4,0,0,1,2,12,1,1,2,1,1,1,1,53,0,37,32,2014,0,,12,,,,,,1,1,45,2,0,,3,0,3,0,11,5,,,,,0,0,3,3,1,0,,,,96,,,,,,0,,,,,,98221,53,66,130,6,1,0,0,0,1,,0,,,,,,0,03/15/2019,03/15/2019,8,0,0,0,8,9,8,,,0,,,8,8,0,0,,,0,,,0,0,996,,,,,,,,,,,,,,,,,,,,,,,,,,,,,,0,0,0,0,0,0,0,0,0,0,0,0,0,0,0,0,0,0,0,0,0,0,0,0,0,0,0,0,0,1,0,0,0,0,0,,0,0,0,0,0,0,0,0,0,0,0,0,0,0,0,0,,,,,,41-45,36-45,State route,U,Friday,Belt Used,PV,Not Fatal,0,1,1,0,State Route,State Patrol,Washington State Patrol,0,1,0,0,0,,,,,,0,0,0,,,,,,,,,,,98,98,98,0,,,,,20,7,,,,,,,,1,0,,,,,,
2020,505,EA92348,2,12/18/2020,19:37,18,12,,57,Skagit,0,2,,2,2,2,1,0,2,2,19:58,,21:23,12,0,2,44.9,1,0,1,3,2,1,3,0,0,0,0,SR-20,,-122.6074417,48.43606667,0,1,50,10,2,50,4,0,0,1,2,12,1,1,2,1,1,1,1,53,0,22,16,1997,0,,68,12,,,,,1,1,35,2,7,,4,7,3,0,11,0,12/18/2020,19:37,53059857,59857,0,0,3,3,1,28,,,,96,,,,,,98,,,,,,98226,53,64,212,6,1,0,1,0,1,,0,,,,,,0,07/15/2017,06/15/2017,8,0,0,0,0,9,8,,,0,,,8,8,2,1,,,1,,,2,1,0,,,,,,,,,,,,,,,,,,,,,,,,,,,,,,0,0,0,0,0,0,0,0,0,0,0,0,0,0,0,0,0,0,0,0,0,0,0,0,0,0,0,0,0,1,0,0,0,0,0,,1,0,0,0,0,0,0,0,0,0,0,0,0,0,0,0,,,,,,31-35,26-35,State route,U,Friday,Belt Used,PV,Multiracial,0,1,1,0,State Route,State Patrol,Washington State Patrol,0,1,0,0,0,,,,,,0,0,0,,,,,,,,,,,0,0,0,298,,,,,20,7,,,,,,,,1,0,,,,,,
2020,506,EA92704,2,12/20/2020,14:22,20,12,,61,Snohomish,0,10,,1,2,2,1,0,1,1,,,,30,0,0,17.7,1,0,1,4,1,1,3,0,0,0,0,SR-530,,-121.8906917,48.27213056,0,1,7,6,1,50,2,0,0,1,2,30,3,1,2,1,14,1,1,53,0,37,31,1998,0,,68,64,30,,,,1,1,26,2,7,,4,7,3,0,11,0,12/20/2020,14:22,53060167,60167,0,0,0,3,1,0,,,,96,,,,,,0,,,,,,98026,53,68,120,6,1,0,0,1,1,,0,,,,,,4,11/15/2018,05/15/2018,1,0,0,0,0,9,8,,,0,,,8,8,2,1,,,1,,,2,1,0,,,,,,,,,,,,,,,,,,,,,,,,,,,,,,0,0,0,0,0,0,0,0,0,0,0,0,1,0,0,0,0,0,0,0,0,0,0,0,0,0,0,0,0,1,0,0,0,0,0,,1,0,0,0,0,0,0,0,0,1,0,0,0,0,0,0,,,,,,26-30,26-35,State route,R,Sunday,Belt Used,PV,White,0,1,0,0,State Route,State Patrol,Washington State Patrol,1,1,0,0,0,,,,,,0,0,0,,,,,,,,,,,0,0,0,1,,,,,20,7,,,,,,,,1,0,,,,,,
2020,507,EA93632,2,12/24/2020,4:20,24,12,,61,Snohomish,0,1,,2,1,2,1,1,1,1,,,,8,0,0,210.5,1,0,1,1,1,1,1,0,0,0,0,I-5,,-122.2176556,48.21269167,0,1,13,80,5,60,14,0,0,1,5,8,1,2,3,3,1,1,1,53,0,55,402,2018,0,,8,,,,,,1,1,50,2,0,,0,0,3,0,11,0,,,,,0,0,0,3,1,0,,,,96,,,,,,0,,,,,,98282,53,67,185,6,1,0,0,0,0,,0,,,,,,0,,,20,0,0,0,8,3,2,,,0,,,8,8,0,0,,,0,,,0,0,996,,,,,,,,,,,,,,,,,,,,,,,,,,,,,,0,0,0,0,0,0,0,0,0,1,0,1,0,0,0,0,0,0,0,0,0,0,0,0,0,0,0,0,0,1,0,1,0,0,0,,0,0,0,0,0,0,0,0,0,0,0,0,0,0,0,0,,,,,,46-50,46-55,Interstate,R,Thursday,Belt Used,PV,Not Fatal,0,0,0,0,State Route,State Patrol,Washington State Patrol,0,1,0,0,0,,,,,,0,0,0,,,,,,,,,,,98,98,98,0,,,,,20,7,,,,,,,,1,0,,,,,,
2020,508,EA93821,2,12/24/2020,6:39,24,12,,61,Snohomish,690,1,,2,4,2,1,0,4,4,6:45,6:57,,25,0,0,195,1,0,1,1,2,1,1,0,0,0,0,I-5,,-122.1788028,47.99383056,0,1,7,6,1,60,4,0,0,1,2,25,1,2,3,3,1,1,2,53,0,49,32,1998,0,,64,25,12,12,,,1,1,30,1,1,,4,7,20,7,11,0,12/24/2020,6:39,69053061066,61066,0,0,0,0,1,87,,,,96,,,,,,98,,,,,,98204,53,68,200,0,0,0,0,0,0,,0,,,,,,4,,,20,1,9,0,0,9,8,,,0,,,8,8,2,1,,,1,,,2,1,0,,,,,,,,,,,,,,,,,,,,,,,,,,,,,,0,0,0,0,0,0,0,0,0,0,0,0,1,1,0,0,0,0,0,1,0,0,0,0,0,0,0,0,0,1,0,0,0,1,0,,1,0,0,0,0,0,0,0,0,1,0,1,0,0,0,0,,,,,,26-30,26-35,Interstate,U,Thursday,Not Used,PV,Hispanic,0,1,0,0,State Route,State Patrol,Washington State Patrol,1,1,0,0,0,,,,,,0,0,0,,,,,,,,,,,0,0,0,298,,,,,20,7,,,,,,,,1,0,,,,,,
2020,508,EA93821,2,12/24/2020,6:39,24,12,,61,Snohomish,690,1,,2,4,2,1,0,4,4,6:45,6:57,,25,0,0,195,1,0,1,1,2,1,1,0,0,0,0,I-5,,-122.1788028,47.99383056,0,2,98,98,7,60,14,0,0,1,5,12,1,2,3,3,5,1,1,53,0,2,404,2019,0,,12,,,,,,1,1,28,2,0,,0,0,3,0,11,0,,,,,0,0,0,3,1,0,,,,96,,,,,,98,,,,,,98223,53,63,120,6,1,0,0,1,1,,0,,,,,,0,05/15/2018,05/15/2018,20,0,0,0,8,9,8,,,0,,,8,8,8,95,,,96,,,8,95,995,,,,,,,,,,,,,,,,,,,,,,,,,,,,,,0,0,0,0,0,0,0,0,0,0,0,0,1,1,0,0,0,0,0,1,0,0,0,0,0,0,0,0,0,1,0,0,0,0,0,,0,0,0,0,0,0,0,0,0,0,0,0,0,0,0,0,,,,,,26-30,26-35,Interstate,U,Thursday,Belt Used,PV,Not Fatal,0,1,0,0,State Route,State Patrol,Washington State Patrol,1,1,0,0,0,,,,,,0,0,0,,,,,,,,,,,98,98,98,0,,,,,20,7,,,,,,,,1,0,,,,,,
2020,508,EA93821,2,12/24/2020,6:39,24,12,,61,Snohomish,690,1,,2,4,2,1,0,4,4,6:45,6:57,,25,0,0,195,1,0,1,1,2,1,1,0,0,0,0,I-5,,-122.1788028,47.99383056,0,4,98,50,3,60,4,0,0,1,5,25,1,2,3,3,1,1,1,53,0,49,32,2017,0,,64,25,,,,,1,1,40,1,0,,0,0,3,0,11,0,,,,,0,0,0,3,1,0,,,,96,,,,,,98,,,,,,98233,53,71,275,6,1,0,0,2,0,,0,,,,,,0,04/15/2016,06/15/2019,20,0,0,0,8,9,8,,,0,,,8,8,8,95,,,96,,,8,95,995,,,,,,,,,,,,,,,,,,,,,,,,,,,,,,0,0,0,0,0,0,0,0,0,0,0,0,1,1,0,0,0,0,0,1,0,0,0,0,0,0,0,0,0,1,0,0,0,0,0,,0,0,0,0,0,0,0,0,0,0,0,0,0,0,0,0,,,,,,36-40,36-45,Interstate,U,Thursday,Belt Used,PV,Not Fatal,0,1,0,0,State Route,State Patrol,Washington State Patrol,1,1,0,0,0,,,,,,0,0,0,,,,,,,,,,,98,98,98,0,,,,,20,7,,,,,,,,1,0,,,,,,
2020,508,EA93821,2,12/24/2020,6:39,24,12,,61,Snohomish,690,1,,2,4,2,1,0,4,4,6:45,6:57,,25,0,0,195,1,0,1,1,2,1,1,0,0,0,0,I-5,,-122.1788028,47.99383056,0,3,98,50,3,60,14,0,0,1,2,12,1,2,3,3,1,1,1,41,0,37,402,2007,0,,12,,,,,,1,1,50,2,0,,1,0,3,0,11,5,,,,,0,0,0,3,1,0,,,,96,,,,,,98,,,,,,98444,53,66,160,6,1,0,0,1,0,,0,,,,,,0,08/15/2019,08/15/2019,20,0,0,0,8,9,8,,,0,,,8,8,8,95,,,96,,,8,95,995,,,,,,,,,,,,,,,,,,,,,,,,,,,,,,0,0,0,0,0,0,0,0,0,0,0,0,1,1,0,0,0,0,0,1,0,0,0,0,0,0,0,0,0,1,0,0,0,0,0,,0,0,0,0,0,0,0,0,0,0,0,0,0,0,0,0,,,,,,46-50,46-55,Interstate,U,Thursday,Belt Used,PV,Not Fatal,0,1,0,0,State Route,State Patrol,Washington State Patrol,1,1,0,0,0,,,,,,0,0,0,,,,,,,,,,,98,98,98,0,,,,,20,7,,,,,,,,1,0,,,,,,
2020,509,EA93964,2,12/15/2020,1:35,15,12,,61,Snohomish,690,2,,3,2,2,1,0,1,1,,,,1,0,0,0.6,5,1,1,1,2,1,1,0,0,0,0,I-5,,-122.20975,47.91008056,0,1,6,12,2,98,34,0,0,1,2,1,1,2,2,6,1,1,1,53,0,49,471,1993,0,,64,1,,,,,1,1,40,1,7,,4,7,3,0,11,0,12/15/2020,1:35,69053059057,59057,0,0,0,3,1,0,,,,96,,,,,,98,,,,,,98117,53,70,170,6,1,0,1,0,0,,0,,,,,,4,03/15/2019,03/15/2019,20,2,9,0,0,9,8,,,0,,,8,8,2,996,407,402,1,1,1,2,1,0,,,,,,,,,,,,,,,,,,,,,,,,,,,,,,0,0,1,0,0,0,1,1,0,0,0,0,1,0,0,0,0,0,0,0,0,0,0,0,0,0,0,0,0,1,0,0,0,0,0,,1,0,0,0,0,0,1,1,0,1,0,0,0,0,1,0,,,,,,36-40,36-45,Interstate,U,Tuesday,Belt Used,PV,White,0,1,0,0,State Route,State Patrol,Washington State Patrol,1,1,0,0,0,,,,,,0,0,0,1,1,1,,,996,343,996,404,417,0,0,0,1,,,,,20,7,,,,,,,,1,0,,,,,,
2020,510,EA94341,39,12/02/2020,22:22,2,12,,61,Snohomish,0,1,,2,2,2,1,0,2,1,,,,31,0,0,1.7,1,0,1,7,1,2,4,0,0,0,0,CR-HIGH ROCK RD,,-121.9615389,47.80235556,0,1,1,13,2,35,4,0,0,1,2,31,3,2,2,1,14,2,2,34,0,34,35,2021,0,,63,31,42,,,,1,1,34,1,0,,1,0,3,0,11,5,,,,,0,0,0,3,1,0,,,,96,,,,,,9,,,,,,98272,53,76,185,6,1,0,1,2,1,,97,,,,,,4,11/15/2018,07/15/2020,8,0,0,0,8,9,8,,,0,,,8,1,0,0,,,0,,,0,0,996,,,,,,,,,,,,,,,,,,,,,,,,,,,,,,0,0,1,0,1,0,0,0,0,0,0,0,1,0,0,0,0,0,0,0,0,0,0,0,0,0,0,0,0,1,0,0,0,0,0,,0,0,0,0,0,0,0,0,0,1,0,0,0,0,0,1,,,,,,31-35,26-35,County road,R,Wednesday,Belt Used,PV,Not Fatal,0,1,0,0,County Road,County Sheriff,Snohomish County Sheriff's Office,1,0,1,0,0,,,,,,0,0,7,,,,,,,,,,,98,98,98,0,,,,,20,7,,,,,,,,1,0,,,HIGH ROCK RD,1.685,,
2020,511,EA94737,8,12/26/2020,13:27,26,12,,9,Clallam,1990,10,,1,1,2,2,0,4,2,13:32,13:55,14:45,12,0,2,266.1,1,0,1,3,2,1,2,0,0,0,0,US-101,,-123.0560417,48.06201944,0,1,50,10,2,55,6,0,0,1,2,12,1,2,2,1,1,2,2,53,0,6,52,2001,0,,68,12,,,,,1,1,40,2,7,,4,7,20,7,11,0,12/26/2020,13:27,1.99E+11,62559,0,0,3,3,1,28,,,,92,,,,,,98,,,,,,98365,53,66,190,6,1,0,1,0,1,,0,,,,,,0,02/15/2018,04/15/2019,8,0,0,0,0,9,8,,,0,,,8,8,2,1,,,1,,,2,1,0.015,,,,,,,,,,,,,,,,,,,,,,,,,,,,,,0,0,0,0,1,0,0,0,0,0,0,0,0,0,0,0,1,0,0,1,0,0,0,0,0,0,0,0,0,1,1,0,0,1,0,,1,0,0,0,1,0,0,0,1,0,0,0,1,0,0,1,,,,,,36-40,36-45,US highway,U,Saturday,Not Used,PV,White,0,1,1,0,State Route,State Patrol,Washington State Patrol,0,1,0,0,0,,,,,,0,0,1,,,,,,,,,,,98,98,98,1,,,,,20,7,,,,,,,,1,0,,,,,,
2020,511,EA94737,8,12/26/2020,13:27,26,12,,9,Clallam,1990,10,,1,1,2,2,0,4,2,13:32,13:55,14:45,12,0,2,266.1,1,0,1,3,2,1,2,0,0,0,0,US-101,,-123.0560417,48.06201944,0,2,51,62,4,55,67,0,0,1,2,12,1,2,2,1,1,2,1,53,0,7,880,2018,0,,12,,,,,,1,1,62,1,0,,3,0,3,0,11,5,,,,,0,0,0,3,1,0,,,,96,,,,,,0,,,,,,98370,53,70,160,6,1,0,0,0,0,,0,,,,,,0,,,8,0,0,0,8,9,8,,,0,,,8,8,0,0,,,0,,,0,0,996,,,,,,,,,,,,,,,,,,,,,,,,,,,,,,0,0,0,0,1,0,0,0,0,0,0,0,0,0,0,0,1,0,0,1,0,0,0,0,0,0,0,0,0,1,1,0,0,0,0,,0,0,0,0,0,0,0,0,0,0,0,0,0,0,0,0,,,,,,61-65,56-65,US highway,U,Saturday,,MHTRUCK,Not Fatal,0,1,1,0,State Route,State Patrol,Washington State Patrol,0,1,0,0,0,,,,,,0,0,0,,,,,,,,,,,98,98,98,0,,,,,20,7,,,,,,,,1,0,,,,,,
2021,1,EA94835,16,01/01/2021,1:53,1,1,,15,Cowlitz,0,2,,2,2,2,1,0,1,1,,,,17,0,0,2.3,1,0,1,5,1,2,4,0,0,0,0,CR-HEADQUARTERS RD,,-122.8562306,46.24555556,0,1,98,9,1,35,83,0,0,1,5,17,2,2,2,1,14,1,0,53,0,98,709,9999,0,,64,17,35,1,,,1,1,37,1,7,,4,7,20,7,11,0,01/01/2021,2:00,53000038,38,0,0,0,3,1,6,,,,96,,,,,,9,,,,,,98611,53,65,195,6,1,0,0,1,1,,0,,,,,,0,09/15/2016,04/15/2016,20,8,0,0,0,9,8,,,0,,,8,1,2,1,,,1,,,2,1,0.176,,,,,,,,,,,,,,,,,,,,,,,,,,,,,,0,0,0,0,1,1,0,1,0,0,0,0,0,0,0,0,0,0,0,0,0,0,0,0,0,0,0,0,1,0,0,0,0,0,1,1,0,0,0,0,0,1,0,1,0,0,0,0,0,1,0,1,,,,,,36-40,36-45,County road,R,Friday,,MC,White,0,1,0,0,County Road,County Sheriff,Cowlitz County Sheriff's Office,1,0,1,0,0,,,,,,0,0,0,,,,,,,,,,,0,0,0,1,,,,,17,,,,,,,,,1,0,,,HEADQUARTERS RD,2.25,NULL,
2021,2,EA95013,4,01/01/2021,22:07,1,1,,51,Pend Oreille,0,98,,2,2,2,1,1,1,1,,,,8,1,0,418.8,1,0,1,4,1,1,3,0,0,0,0,SR-20,,-117.3003917,48.32980556,0,1,13,80,5,55,34,0,0,1,5,8,1,1,2,1,1,99,9,99,0,12,471,1994,0,,8,,,,,,1,1,999,9,0,,9,0,99,7,11,0,,,,,0,0,0,3,1,0,,,,96,,,,,,98,,,,,,99205,53,68,180,6,1,0,1,0,0,,7,,,,,,0,01/15/2019,01/15/2019,99,0,0,0,8,9,8,,,0,,,8,8,0,0,,,0,,,0,0,996,,,,,,,,,,,,,,,,,,,,,,,,,,,,,,0,0,0,0,0,0,0,0,0,0,0,0,0,0,0,0,0,0,0,0,0,0,0,0,0,0,0,0,0,1,0,1,0,0,0,,0,0,0,0,0,0,0,0,0,0,0,0,0,0,0,0,,,,,,,,State route,R,Friday,Unknown,PV,Not Fatal,0,0,0,0,State Route,State Patrol,Washington State Patrol,0,1,0,0,0,,,,,,0,0,0,,,,,,,,,,,0,0,0,0,,,,,20,,,,,,,,,1,0,,,,,,
2021,3,EA95083,2,01/02/2021,10:50,2,1,,29,Island,0,2,,1,2,2,1,0,3,1,,,,30,0,0,,1,0,1,5,1,2,4,0,0,0,0,CR-SE CAMANO DR,,-122.4607556,48.14726111,0,1,2,6,1,40,4,0,0,1,2,30,2,1,2,1,14,3,2,53,0,49,40,2004,0,,63,30,,,,,1,1,20,1,7,,4,7,3,0,11,0,01/02/2021,10:50,53000212,212,0,0,0,0,1,0,,,,96,,,,,,9,,,,,,98282,53,66,136,0,0,0,0,0,0,,0,,,,,,3,,,1,0,0,0,0,9,8,,,0,,,1,9,2,695,605,,1,1,,2,1,0,,,,,,,,,,,,,,,,,,,,,,,,,,,,,,0,0,0,0,0,0,1,1,1,0,0,0,1,1,0,0,0,0,0,0,0,1,1,0,1,0,0,0,0,1,0,0,0,0,0,,1,0,0,0,0,0,1,1,0,1,0,1,0,0,1,0,,,,,,18-20,16-25,County road,R,Saturday,Belt Used,PV,White,0,1,0,0,County Road,State Patrol,Washington State Patrol,1,0,1,0,0,thc,18,carboxy-thc,54,,0,0,0,,,,,,,,,,,98,98,98,1,,,,,20,,,,,,,,nms,1,0,,,EAST CAMANO DR,9.03,HARTMAN PL,0
2021,4,EA95193,16,01/01/2021,5:00,1,1,,15,Cowlitz,1190,10,,3,99,2,1,0,2,1,,,,58,0,0,2.8,3,0,3,3,2,1,3,0,0,20,3,SR-432,MT SOLO RD,-123.0035972,46.14720833,0,1,1,13,2,35,4,0,0,1,2,3,1,3,2,1,1,2,2,53,0,58,37,2007,0,,63,58,67,3,1,,1,1,19,1,7,,4,7,3,0,11,0,01/01/2021,5:00,1.19E+11,464,0,0,2,3,1,73,,,,96,,,,,,99,,,,,,98661,53,75,157,6,7,0,0,0,0,,0,,,,,,4,,,8,0,0,0,0,9,8,,,0,,,9,9,2,695,605,,1,1,,2,1,0.178,,,,,,,,,,,,,,,,,,,,,,,,,,,,,,0,0,1,1,1,1,1,1,1,0,0,0,1,0,0,0,0,0,0,0,0,1,1,0,1,0,0,0,0,1,0,0,0,0,0,,1,0,0,0,0,1,1,1,0,1,0,0,0,0,0,1,,,,,,18-20,16-25,State route,U,Friday,Belt Used,PV,API,0,1,0,0,State Route,County Sheriff,Cowlitz County Sheriff's Office,1,1,0,0,0,thc,4.2,carboxy-thc,13,,0,0,0,,,,,,,,,,,98,98,98,68,,,,,20,,,,,,,,nms,1,0,,,,,,
2020,512,EA95217,122,12/19/2020,19:51,19,12,,61,Snohomish,690,2,,3,2,2,1,1,1,1,,,,8,0,0,0,3,0,2,3,2,4,6,0,0,3,3,EVERGREEN WAY,75TH ST SE,-122.2207806,47.93009167,0,1,13,80,5,35,14,0,0,1,5,8,1,1,3,1,11,1,1,53,0,37,402,2012,0,,8,,,,,,1,1,27,1,0,,0,0,99,7,11,0,,,,,0,0,3,3,1,10,38,,,0,,,,,,0,,,,,,98275,53,74,185,6,1,0,0,0,0,,97,,,,,,0,,,20,0,0,0,8,9,8,,,0,,,8,8,0,0,,,0,,,0,0,996,,,,,,,,,,,,,,,,,,,,,,,,,,,,,,0,0,0,1,0,0,0,0,0,1,1,1,0,0,0,0,0,0,1,0,0,0,0,0,0,0,0,0,0,1,0,1,0,0,0,,0,0,0,0,0,0,0,0,0,0,1,0,0,0,0,0,,,,,,26-30,26-35,City street,U,Saturday,Unknown,PV,Not Fatal,1,0,0,0,City Street,Municipal/City Police,Everett Police Department,0,0,0,1,0,,,,,,0,0,0,,,,,,,,,,,98,98,98,0,,,,,20,7,,,,,,,,1,0,,,,,,
2021,5,EA96301,4,01/05/2021,14:25,5,1,,75,Whitman,0,1,,1,1,2,1,0,4,2,,,,12,0,2,17.8,1,0,1,3,1,1,2,0,0,0,0,US-195,,-117.1956611,46.67389167,0,2,51,62,4,60,16,0,0,1,2,12,1,1,2,1,1,3,2,16,0,12,423,2001,0,,12,,,,,,1,1,18,2,0,,1,0,3,0,11,0,,,,,0,0,0,3,1,0,,,,96,,,,,,98,,,,,,83536,16,68,160,6,1,0,0,0,0,,0,,,,,,0,,,20,0,0,0,8,3,2,,,0,,,0,0,0,0,,,0,,,0,0,996,,,,,,,,,,,,,,,,,,,,,,,,,,,,,,0,0,0,0,0,0,1,1,0,0,0,0,0,0,0,0,0,0,0,0,0,1,1,0,1,1,1,1,0,1,0,0,0,0,0,,0,0,0,0,0,0,0,0,0,0,0,0,0,0,0,0,,,,,,18-20,16-25,US highway,R,Tuesday,Belt Used,PV,Not Fatal,0,1,1,0,State Route,State Patrol,Washington State Patrol,0,1,0,0,0,,,,,,0,0,0,,,,,,,,,,,98,98,98,0,,,,,20,,,,,,,,,1,0,,,,,,
2021,5,EA96301,4,01/05/2021,14:25,5,1,,75,Whitman,0,1,,1,1,2,1,0,4,2,,,,12,0,2,17.8,1,0,1,3,1,1,2,0,0,0,0,US-195,,-117.1956611,46.67389167,0,1,50,10,2,60,34,0,0,1,2,12,1,1,2,1,1,1,9,16,0,20,481,2018,0,,68,12,,,,,1,1,88,1,7,,4,7,3,0,11,0,01/05/2021,14:25,53000476,476,0,0,1,3,1,28,,,,96,,,,,,98,,,,,,83832,16,69,170,6,1,0,0,0,0,,0,,,,,,0,,,8,0,0,0,0,9,8,,,0,,,8,8,2,996,,,1,,,2,1,0,,,,,,,,,,,,,,,,,,,,,,,,,,,,,,0,0,0,0,0,0,1,1,0,0,0,0,0,0,0,0,0,0,0,0,0,1,1,0,1,1,1,1,0,1,0,0,0,0,0,,1,0,0,0,0,0,1,1,0,0,0,0,0,0,1,0,,,,,,81+,76+,US highway,R,Tuesday,Belt Used,PV,White,0,1,1,0,State Route,State Patrol,Washington State Patrol,0,1,0,0,0,,,,,,0,0,0,,,,,,,,,,,98,98,98,1,,,,,20,,,,,,,,,1,0,,,,,,
2021,6,EA96367,4,01/06/2021,10:15,6,1,,63,Spokane,2110,2,,1,2,1,1,0,3,3,,,,12,0,6,291.8,2,0,2,2,1,1,2,0,0,20,3,US-2,COLBERT RD,-117.3475306,47.82440278,0,3,98,98,7,98,14,0,0,1,2,12,1,1,2,1,5,1,1,53,0,48,401,2013,0,,12,,,,,,1,1,86,2,7,,4,0,3,0,11,0,01/06/2021,12:13,2.11E+11,1105,0,0,3,3,1,0,,,,96,,,,,,98,,,,,,99021,53,62,157,6,1,0,0,0,0,,0,,,,,,0,,,2,0,0,0,0,9,8,,,0,,,8,8,2,996,996,996,1,1,1,2,1,0,,,,,,,,,,,,,,,,,,,,,,,,,,,,,,0,0,0,1,0,0,1,1,0,0,0,0,0,0,0,0,1,0,1,0,0,0,0,0,0,1,1,1,0,1,0,0,0,0,0,,1,0,0,0,0,0,1,1,0,0,0,0,0,0,1,0,,,,,,81+,76+,US highway,R,Wednesday,Belt Used,PV,White,1,0,0,0,State Route,State Patrol,Washington State Patrol,0,1,0,0,0,,,,,,0,0,0,,,,,,,,,,,98,98,98,1,,,,,20,,,,,,,,,1,0,,,,,,