year,case,par,repjur,crash_dt,crash_tm,accday,accmon,holiday,county,co_char,city,weather,weather2,lightcond,surfcond,surftype,numfatal,nmforms,pforms,vforms,not_tm,arr_tm,hosp_tm,fhevent,hitrun,manncol,milepnt,reljunc,reljuncinter,intersectiontype,funcsystem,landuse,ownership,route,schlbus,spejur,contdev,devfunc,trafid1,trafid2,x,y,wk_zone,vnumber,crashtype,criticalevent,criticaleventcat,spdlim,body,trailer,emerg,hazcargo,leave,mhevent,roadalgn,roadprof,traflane,trafflow,vehmanvr,numoccs,regowner,regstate,spuse,make,model,modelyr,vrf1,vrf2,seqevent1,seqevent2,seqevent3,seqevent4,seqevent5,seqevent6,pnumber,ptype,age,sex,hispanic,race,injury,diedscene,restraint,restraintmisuse,seatpos,takehosp,death_dt,death_tm,cert,cernum_wa,commlic,licendor,licrestrict,liccomp,drivpres,drf1,drf2,drf3,drf4,distract1,distract2,distract3,distract4,distract5,distract6,dricond1,dricond2,dricond3,dricond4,dricond5,dricond6,dzip,licstate,drhgt_in,weight,noncdl,noncdltype,prevdwi,prevoth,prevacc,prevspd,prevsus,driviol1,driviol2,driviol3,driviol4,driviol5,driviol6,spdrel,first_dt,last_dt,airbag,ejection,ejectpath,extricat,injurwrk,methalc,methdrug,nmlocat,strikveh,prf1,prf2,prf3,druginv,alcinvol,drugsts,drugres1,drugres2,drugres3,drugtst1,drugtst2,drugtst3,alcsts,alctst,alcres,nmact1,nmact2,nmact3,nmact4,nmact5,nmact6,nmprior1,nmprior2,nmprior3,nmprior4,nmprior5,nmprior6,nmcond1,nmcond2,nmcond3,nmcond4,nmcond5,nmcond6,nmsafe_helmet,nmsafe_pads,nmsafe_oth,nmprev_ref,nmprev_lgt,nmprev_oth,crashlocation,nmcrashtype,crosswalk,schoolzone,sidewalk,train_inv,wildlife_inv,rotr_fars,intersect_fars,dd_inv,aid_inv,dpd_inv,id_inv,mj_inv,impnm_inv,ainm_inv,dpnm_inv,speed_inv,unlic_inv,unendmc_inv,drowsy_inv,drdist_inv,nmdist_inv,fty_inv,unrestfat_inv,dr1617_inv,dr1820_inv,dr1620_inv,dr2125_inv,dr1625_inv,dr65_inv,dr70_inv,dr75_inv,mc_inv,pv_inv,ht_inv,ped_inv,bike_inv,unrest_fat,mc_fat,unhelmet_mc,pv_fat,ht_fat,ped_fat,bike_fat,dr_alc7,dr_alc8,dr_drug,dr_imp,dr_dist,dr_spd,dr_fty,dr_unlic,dr_alc7only,dr_alc8only,dr_drugonly,dr_drink,nm_imp,nm_alc7,nm_alc8,nm_drug,nm_dist,agegrp1,agegrp2,roadclass,urbrur,dayweek,restuse,vehtype,race_me,intersect,lanedep,oppdir,wrongway,rep_typ,investag,repag_long,rotr,st_rd,cty_rd,city_rd,oth_rd,drug_thc,thc_res,drug_cthc,cthc_res,drug_cann,prevpersemin,prevperse,prevsusoth,drugtst4,drugtst5,drugtst6,drugtst7,drugtst8,drugres4,drugres5,drugres6,drugres7,drugres8,adspresent,adsengaged,adslevel,race1,race2,race3,race4,race5,helmet,helmetmisuse,nmdistract1,nmdistract2,nmdistract3,nmdistract4,nmdistract5,nmdistract6,lab,isedtcase,crf1,crf2,crf3,CoRoadName,CoMP,IntCoRoadName,IntCoMP
2021,6,EA96367,4,01/06/2021,10:15,6,1,,63,Spokane,2110,2,,1,2,1,1,0,3,3,,,,12,0,6,291.8,2,0,2,2,1,1,2,0,0,21,3,US-2,COLBERT RD,-117.3475306,47.82440278,0,1,68,15,2,60,34,0,0,1,2,12,1,1,3,2,11,1,1,53,0,7,482,2001,0,,12,12,,,,,1,1,49,1,0,,0,0,3,0,11,0,,,,,0,0,0,3,1,38,,,,92,,,,,,98,,,,,,99025,53,67,195,6,1,0,1,0,0,,2,,,,,,0,08/15/2016,08/15/2016,20,0,0,0,8,9,8,,,0,,,8,8,0,0,,,0,,,0,0,996,,,,,,,,,,,,,,,,,,,,,,,,,,,,,,0,0,0,1,0,0,1,1,0,0,0,0,0,0,0,0,1,0,1,0,0,0,0,0,0,1,1,1,0,1,0,0,0,0,0,,0,0,0,0,0,0,0,0,1,0,1,0,0,0,0,0,,,,,,46-50,46-55,US highway,R,Wednesday,Belt Used,PV,Not Fatal,1,0,0,0,State Route,State Patrol,Washington State Patrol,0,1,0,0,0,,,,,,0,0,0,,,,,,,,,,,98,98,98,0,,,,,20,,,,,,,,,1,0,,,,,,
2021,6,EA96367,4,01/06/2021,10:15,6,1,,63,Spokane,2110,2,,1,2,1,1,0,3,3,,,,12,0,6,291.8,2,0,2,2,1,1,2,0,0,0,0,US-2,COLBERT RD,-117.3475306,47.82440278,0,2,69,62,4,60,4,0,0,1,2,12,1,1,3,2,1,1,2,53,0,55,33,2011,0,,12,,,,,,1,1,56,1,0,,3,0,3,0,11,0,,,,,0,0,0,3,1,0,,,,96,,,,,,98,,,,,,99206,53,73,185,6,1,0,0,0,2,,0,,,,,,0,10/15/2017,05/15/2018,2,0,0,0,8,9,8,,,0,,,8,8,0,0,,,0,,,0,0,996,,,,,,,,,,,,,,,,,,,,,,,,,,,,,,0,0,0,1,0,0,1,1,0,0,0,0,0,0,0,0,1,0,1,0,0,0,0,0,0,1,1,1,0,1,0,0,0,0,0,,0,0,0,0,0,0,0,0,0,0,0,0,0,0,0,0,,,,,,56-60,56-65,US highway,R,Wednesday,Belt Used,PV,Not Fatal,1,0,0,0,State Route,State Patrol,Washington State Patrol,0,1,0,0,0,,,,,,0,0,0,,,,,,,,,,,98,98,98,0,,,,,20,,,,,,,,,1,0,,,,,,
2021,7,EA97117,278,01/10/2021,16:45,10,1,,63,Spokane,2110,10,,5,1,2,1,1,1,1,,,,8,0,0,0,1,0,1,7,2,4,6,0,0,0,0,N CINCINNATI ST,,-117.3978556,47.70277778,0,1,13,80,5,25,34,0,0,1,5,8,1,1,2,1,8,1,2,30,0,12,481,1986,0,,8,,,,,,1,1,40,1,0,,0,0,99,7,11,0,,,,,0,0,0,3,1,0,,,,96,,,,,,9,,,,,,99207,53,74,225,6,1,0,0,0,0,,97,,,,,,0,,,20,0,0,0,8,9,8,,,0,,,0,1,2,1,,,1,,,2,1,0.098,,,,,,,,,,,,,,,,,,,,,,,,,,,,,,0,0,0,0,1,1,0,1,0,1,1,1,0,0,0,0,0,0,0,0,0,0,0,0,0,0,0,0,0,1,0,1,0,0,0,,0,0,0,0,0,1,0,1,0,0,0,0,0,1,0,1,,,,,,36-40,36-45,City street,U,Sunday,Unknown,PV,Not Fatal,0,0,0,0,City Street,Municipal/City Police,Spokane Police Department,0,0,0,1,0,,,,,,0,0,0,,,,,,,,,,,0,0,0,0,,,,,20,,,,,,,,,1,0,,,,,,
2021,615,EA98151,263,01/03/2021,7:00,3,1,,33,King,1960,2,,3,2,2,1,0,1,1,,,,30,0,0,32.7,1,0,1,3,2,1,3,0,0,0,0,SR-99,,-122.3448556,47.71500278,0,1,1,13,2,35,14,0,0,1,5,30,1,2,2,1,1,1,2,53,0,20,401,2002,0,,63,30,,,,,1,1,56,2,7,,4,0,99,7,11,5,01/03/2021,8:48,1.96E+11,6683,0,0,0,2,1,0,,,,96,,,,,,1,,,,,,98133,53,64,140,1,1,0,1,0,0,,0,,,,,,0,05/15/2017,08/15/2019,8,0,0,0,0,9,8,,,0,,,8,8,2,407,402,167,1,1,1,2,1,0,,,,,,,,,,,,,,,,,,,,,,,,,,,,,,0,0,1,0,0,0,1,1,0,0,0,0,0,1,0,0,0,0,0,0,0,0,0,0,0,0,0,0,0,1,0,0,0,0,0,,1,0,0,0,0,0,1,1,0,0,0,1,0,0,1,0,,,,,,56-60,56-65,State route,U,Sunday,Unknown,PV,AIAN,0,1,0,0,State Route,Municipal/City Police,Seattle Police Department,1,1,0,0,0,,,,,,0,0,2,1,1,1,,,177,522,996,417,,98,98,98,3,,,,,20,,,,,,,,,1,0,,,,,,
2021,9,EA98229,5,01/14/2021,11:23,14,1,,15,Cowlitz,0,10,,1,1,2,1,0,3,2,,,,12,0,2,5,1,0,1,3,2,1,3,0,0,0,0,SR-432,,-122.9690833,46.12653056,0,1,50,10,2,50,6,0,0,1,5,12,1,1,2,1,1,2,2,53,0,48,38,1993,0,,68,12,,,,,1,1,45,1,7,,4,0,20,7,11,5,01/14/2021,14:47,1.19E+11,2392,0,0,0,0,1,28,,,,96,,,,,,99,,,,,,98611,53,66,145,0,0,0,0,0,0,,0,,,,,,0,,,1,0,0,0,0,9,8,,,0,,,9,9,2,417,,,1,,,2,1,0,,,,,,,,,,,,,,,,,,,,,,,,,,,,,,0,0,0,0,0,0,1,1,0,0,0,0,0,1,0,0,0,0,0,1,0,0,0,0,0,0,0,0,0,1,0,0,0,1,0,,1,0,0,0,0,0,1,1,0,0,0,1,0,0,1,0,,,,,,41-45,36-45,State route,U,Thursday,Not Used,PV,White,0,1,1,0,State Route,State Patrol,Washington State Patrol,0,1,0,0,0,,,,,,0,0,0,,,,,,,,,,,0,0,0,1,,,,,20,,,,,,,,,1,0,,,,,,
2021,9,EA98229,5,01/14/2021,11:23,14,1,,15,Cowlitz,0,10,,1,1,2,1,0,3,2,,,,12,0,2,5,1,0,1,3,2,1,3,0,0,0,0,SR-432,,-122.9690833,46.12653056,0,2,51,62,4,50,5,0,0,1,5,12,1,1,2,1,1,1,9,99,0,20,29,2014,0,,12,,,,,,1,1,52,2,0,,2,0,3,0,11,4,,,,,0,0,3,3,1,0,,,,96,,,,,,0,,,,,,98626,53,63,130,6,1,0,0,0,1,,0,,,,,,0,08/15/2016,08/15/2016,8,0,0,0,8,9,8,,,0,,,8,0,0,0,,,0,,,0,0,996,,,,,,,,,,,,,,,,,,,,,,,,,,,,,,0,0,0,0,0,0,1,1,0,0,0,0,0,1,0,0,0,0,0,1,0,0,0,0,0,0,0,0,0,1,0,0,0,0,0,,0,0,0,0,0,0,0,0,0,0,0,0,0,0,0,0,,,,,,51-55,46-55,State route,U,Thursday,Belt Used,PV,Not Fatal,0,1,1,0,State Route,State Patrol,Washington State Patrol,0,1,0,0,0,,,,,,0,0,0,,,,,,,,,,,98,98,98,0,,,,,20,,,,,,,,,1,0,,,,,,
2021,10,EA98278,278,01/13/2021,6:56,13,1,,63,Spokane,2110,6,,6,1,2,1,0,1,1,,,,16,0,0,0,2,0,2,7,2,4,6,0,0,0,0,S POST ST,W 27th Ave,-117.4234833,47.62994167,0,1,0,98,7,25,14,0,0,1,5,16,1,1,2,1,1,1,1,53,0,37,402,2012,0,,16,,,,,,1,1,42,2,7,,4,7,99,7,11,0,01/13/2021,7:00,2.11E+11,2179,0,0,3,3,1,0,,,,96,,,,,,99,,,,,,99223,53,69,155,6,1,0,1,0,0,,0,,,,,,0,10/15/2019,10/15/2019,8,0,0,0,0,9,8,,,0,,,9,9,2,996,996,996,1,1,1,2,1,0,,,,,,,,,,,,,,,,,,,,,,,,,,,,,,0,0,0,1,0,0,1,1,0,0,0,0,0,0,0,0,0,0,0,0,0,0,0,0,0,0,0,0,0,1,0,0,0,0,0,,1,0,0,0,0,0,1,1,0,0,0,0,0,0,1,0,,,,,,41-45,36-45,City street,U,Wednesday,Unknown,PV,White,0,0,0,0,City Street,Municipal/City Police,Spokane Police Department,0,0,0,1,0,,,,,,0,0,0,,,,,,,,,,,98,98,98,1,,,,,20,,,,,,,,,1,0,,,,,,
2021,8,EA98325,4,01/14/2021,18:10,14,1,,63,Spokane,2113,1,,3,1,2,1,1,2,1,,,,8,0,0,87.9,1,0,1,3,2,1,3,0,0,0,0,SR-27,,-117.2397861,47.65989722,0,1,13,80,5,35,4,0,0,1,5,8,1,1,5,5,1,2,1,16,0,20,37,2014,0,,8,,,,,,1,1,22,1,0,,0,0,3,0,11,0,,,,,0,0,1,3,1,10,,,,0,,,,,,98,,,,,,83815,16,72,150,6,1,0,1,0,0,,0,,,,,,0,12/15/2016,12/15/2016,20,0,0,0,8,9,8,,,0,,,8,8,0,0,,,0,,,0,0,996,,,,,,,,,,,,,,,,,,,,,,,,,,,,,,0,0,0,0,0,0,0,0,0,1,0,1,0,0,0,0,0,0,0,0,0,0,0,1,1,0,0,0,0,1,0,1,0,0,0,,0,0,0,0,0,0,0,0,0,0,0,0,0,0,0,0,,,,,,21-25,16-25,State route,U,Thursday,Belt Used,PV,Not Fatal,0,0,0,0,State Route,State Patrol,Washington State Patrol,0,1,0,0,0,,,,,,0,0,0,,,,,,,,,,,98,98,98,0,,,,,20,,,,,,,,,1,0,,,,,,
2021,11,EA98449,3,01/02/2021,12:29,2,1,,53,Pierce,0,2,,1,2,2,2,0,4,2,,,,12,0,6,5.3,2,0,2,4,1,1,3,0,0,4,3,SR-702,8TH AVE,-122.4423944,46.93731667,0,1,87,17,2,35,4,0,0,1,2,12,1,2,2,1,4,2,2,53,0,41,35,1985,0,,12,,,,,,1,1,30,2,7,,4,7,20,7,11,0,01/02/2021,12:29,53001059,1059,0,0,0,2,1,38,,,,96,,,,,,98,,,,,,98375,53,62,165,1,1,1,1,0,1,,0,,,,,,0,05/15/2018,04/15/2019,20,0,0,0,0,9,8,,,0,,,8,8,2,695,,,1,,,2,1,0,,,,,,,,,,,,,,,,,,,,,,,,,,,,,,0,0,0,1,0,0,1,1,1,0,0,0,0,1,0,0,0,0,1,1,0,0,0,0,0,0,0,0,0,1,1,0,0,1,0,,1,0,0,0,0,0,1,1,0,0,1,1,0,0,1,0,,,,,,26-30,26-35,State route,R,Saturday,Not Used,PV,Multiracial,1,0,0,0,State Route,State Patrol,Washington State Patrol,0,1,0,0,0,,,,,,0,1,3,,,,,,,,,,,0,0,0,203,201,,,,20,,,,,,,,,1,0,,,,,,
2021,11,EA98449,3,01/02/2021,12:29,2,1,,53,Pierce,0,2,,1,2,2,2,0,4,2,,,,12,0,6,5.3,2,0,2,4,1,1,3,0,0,4,3,SR-702,8TH AVE,-122.4423944,46.93731667,0,2,86,66,4,55,67,1,0,1,2,12,1,2,2,1,1,2,2,53,0,12,880,2006,0,,12,,,,,,1,1,31,1,0,,0,0,3,0,11,0,,,,,0,0,0,3,1,0,,,,0,,,,,,98,,,,,,98387,53,73,285,6,1,0,1,1,0,,0,,,,,,0,06/15/2016,06/15/2016,20,0,0,0,8,9,8,,,0,,,8,8,8,95,,,96,,,8,95,995,,,,,,,,,,,,,,,,,,,,,,,,,,,,,,0,0,0,1,0,0,1,1,1,0,0,0,0,1,0,0,0,0,1,1,0,0,0,0,0,0,0,0,0,1,1,0,0,0,0,,0,0,0,0,0,0,0,0,0,0,0,0,0,0,0,0,,,,,,31-35,26-35,State route,R,Saturday,,MHTRUCK,Not Fatal,1,0,0,0,State Route,State Patrol,Washington State Patrol,0,1,0,0,0,,,,,,0,0,1,,,,,,,,,,,98,98,98,0,,,,,20,,,,,,,,,1,0,,,,,,
2021,12,EA98536,1,01/07/2021,22:51,7,1,,5,Benton,0,5,,2,1,2,1,0,4,3,,,,12,0,2,86,1,0,1,1,1,1,1,0,0,0,0,I-82,,-119.6734667,46.22353333,0,2,51,54,3,70,34,0,0,1,2,12,3,2,2,3,14,1,1,53,0,12,481,1999,0,,12,12,,,,,1,1,65,1,0,,2,0,3,0,11,0,,,,,6,0,3,3,1,0,,,,96,,,,,,98,,,,,,98901,53,71,170,6,1,0,0,0,0,,0,,,,,,0,,,1,0,0,0,8,3,2,,,0,,,8,8,0,0,,,0,,,0,0,996,,,,,,,,,,,,,,,,,,,,,,,,,,,,,,0,0,0,0,1,1,1,1,1,0,0,0,0,1,0,0,0,0,0,1,0,0,0,1,1,1,0,0,0,1,0,0,0,0,0,,0,0,0,0,0,0,0,0,0,0,0,0,0,0,0,0,,,,,,61-65,56-65,Interstate,R,Thursday,Belt Used,PV,Not Fatal,0,0,0,1,State Route,State Patrol,Washington State Patrol,0,1,0,0,0,,,,,,0,0,0,,,,,,,,,,,0,0,0,0,,,,,20,,,,,,,,,1,0,,,,,,
2021,12,EA98536,1,01/07/2021,22:51,7,1,,5,Benton,0,5,,2,1,2,1,0,4,3,,,,12,0,2,86,1,0,1,1,1,1,1,0,0,0,0,I-82,,-119.6734667,46.22353333,0,3,98,98,7,70,2,0,0,1,2,12,3,2,2,3,14,2,2,53,0,20,16,1998,0,,12,,,,,,1,1,25,1,0,,0,0,3,0,11,0,,,,,0,0,3,2,1,0,,,,0,,,,,,0,,,,,,98944,53,68,145,1,1,1,1,1,1,,0,,,,,,0,11/15/2018,01/15/2018,20,0,0,0,8,3,2,,,0,,,0,8,0,0,,,0,,,0,0,996,,,,,,,,,,,,,,,,,,,,,,,,,,,,,,0,0,0,0,1,1,1,1,1,0,0,0,0,1,0,0,0,0,0,1,0,0,0,1,1,1,0,0,0,1,0,0,0,0,0,,0,0,0,0,0,0,0,0,0,0,0,1,0,0,0,0,,,,,,21-25,16-25,Interstate,R,Thursday,Belt Used,PV,Not Fatal,0,0,0,1,State Route,State Patrol,Washington State Patrol,0,1,0,0,0,,,,,,0,1,3,,,,,,,,,,,0,0,0,0,,,,,20,,,,,,,,,1,0,,,,,,
2021,12,EA98536,1,01/07/2021,22:51,7,1,,5,Benton,0,5,,2,1,2,1,0,4,3,,,,12,0,2,86,1,0,1,1,1,1,1,0,0,0,0,I-82,,-119.6734667,46.22353333,0,1,50,54,3,70,14,0,0,1,2,12,2,2,2,3,14,1,1,53,0,53,402,2002,0,,12,,,,,,1,1,60,1,7,,4,7,20,7,11,0,01/07/2021,22:51,53001438,1438,0,0,0,3,1,51,,,,96,,,,,,9,,,,,,99338,53,73,190,6,1,0,0,0,0,,0,,,,,,0,,,8,0,0,0,0,1,8,,,0,,,1,1,2,605,,,1,,,2,1,0.32,,,,,,,,,,,,,,,,,,,,,,,,,,,,,,0,0,0,0,1,1,1,1,1,0,0,0,0,1,0,0,0,0,0,1,0,0,0,1,1,1,0,0,0,1,0,0,0,1,0,,1,0,0,0,0,1,1,1,0,0,0,0,0,0,0,1,,,,,,56-60,56-65,Interstate,R,Thursday,Not Used,PV,Multiracial,0,0,0,1,State Route,State Patrol,Washington State Patrol,0,1,0,0,0,thc,0.52,,,,0,0,0,,,,,,,,,,,98,98,98,203,201,,,,20,,,,,,,,nms,1,0,,,,,,
2021,616,EA99060,2,01/16/2021,18:15,16,1,,57,Skagit,0,1,,3,1,2,1,0,1,1,,,,42,0,0,,1,0,1,7,1,2,4,0,0,0,0,CR-PACIFIC HWY,,-122.3189861,48.30686111,0,1,6,12,2,50,5,0,0,1,5,42,2,1,2,1,14,1,1,53,0,41,51,2014,0,,68,64,42,,,,1,1,73,1,7,,4,0,3,0,11,1,02/03/2021,3:10,1.96E+11,6778,6,0,0,3,1,0,,,,92,,,,,,98,,,,,,98274,53,73,185,6,1,0,0,0,0,,0,,,,,,0,,,8,0,0,0,0,9,8,,,0,,,9,9,0,0,,,0,,,0,0,996,,,,,,,,,,,,,,,,,,,,,,,,,,,,,,0,0,1,0,0,0,0,0,0,0,0,0,0,0,0,0,1,0,0,0,0,0,0,0,0,1,1,0,0,1,0,0,0,0,0,,1,0,0,0,0,0,0,0,1,0,0,0,0,0,0,0,,,,,,71-75,66-75,County road,R,Saturday,Belt Used,PV,White,0,1,0,0,County Road,State Patrol,Washington State Patrol,1,0,1,0,0,,,,,,0,0,0,,,,,,,,,,,98,98,98,1,,,,,20,,,,,,,,,1,0,,,PACIFIC HIGHWAY,0.023,NULL,
2021,13,EA99067,35,01/17/2021,21:14,17,1,,53,Pierce,0,5,,2,1,1,1,1,1,1,,,,8,0,0,6.3,1,0,1,4,1,2,4,0,0,0,0,CR-KEY PENINSULA HWY SW,,-122.7648583,47.25771944,0,1,13,80,5,45,4,0,0,1,5,8,1,2,2,1,1,1,2,53,0,49,40,1998,0,,8,,,,,,1,1,19,2,0,,0,0,3,0,11,0,,,,,0,0,0,3,1,0,,,,0,,,,,,0,,,,,,98329,53,62,120,6,1,0,1,2,0,,0,,,,,,0,11/15/2017,09/15/2018,20,0,0,0,8,9,8,,,0,,,8,8,8,95,,,96,,,8,95,995,,,,,,,,,,,,,,,,,,,,,,,,,,,,,,0,0,0,0,0,0,0,0,0,1,0,1,0,0,0,0,0,0,0,0,0,1,1,0,1,0,0,0,0,1,0,1,0,0,0,,0,0,0,0,0,0,0,0,0,0,0,0,0,0,0,0,,,,,,18-20,16-25,County road,R,Sunday,Belt Used,PV,Not Fatal,0,0,0,0,County Road,County Sheriff,Law Enforcement Support Agency,0,0,1,0,0,,,,,,0,0,0,,,,,,,,,,,0,0,0,0,,,,,20,,,,,,,,,1,0,,,KEY PENINSULA HWY SW,6.25,NULL,
2021,14,EA99218,4,01/18/2021,6:55,18,1,,1,Adams,0,5,,3,4,2,1,0,2,1,,,,38,0,0,229.5,1,0,1,1,1,1,1,0,0,0,0,I-90,,-118.2149278,47.21461667,0,1,2,6,1,60,34,1,0,1,2,1,1,2,2,2,1,2,1,53,0,20,481,2006,0,,63,38,1,,,,1,1,26,1,6,,4,7,20,7,11,0,01/18/2021,6:55,53002943,2943,0,0,0,3,1,87,,,,96,,,,,,99,,,,,,98520,53,72,250,6,1,0,1,0,0,,0,,,,,,4,05/15/2017,05/15/2017,20,1,9,0,9,9,8,,,0,,,1,9,2,695,605,,1,1,,2,1,0,,,,,,,,,,,,,,,,,,,,,,,,,,,,,,0,0,0,0,0,0,1,1,1,0,0,0,1,0,0,0,0,0,0,1,0,0,0,0,0,0,0,0,0,1,0,0,0,1,0,,1,0,0,0,0,0,1,1,0,1,0,0,0,0,1,0,,,,,,26-30,26-35,Interstate,R,Monday,Not Used,PV,Hispanic,0,1,0,0,State Route,State Patrol,Washington State Patrol,1,1,0,0,0,,,carboxy-thc,220,,0,0,0,,,,,,,,,,,98,98,98,1,,,,,20,,,,,,,,nms,1,0,,,,,,
2021,15,EA99542,8,01/15/2021,13:41,15,1,,45,Mason,0,1,,1,2,2,1,0,3,2,,,,12,0,2,3.8,1,0,1,3,2,1,3,0,0,0,0,SR-3,,-123.0819667,47.21763056,0,2,51,62,4,50,34,0,0,1,2,12,3,1,2,1,14,2,1,53,0,20,481,2014,0,,12,,,,,,1,1,76,1,0,,2,0,3,0,11,0,,,,,0,0,0,3,1,0,,,,96,,,,,,98,,,,,,98366,53,71,210,6,1,0,0,0,0,,0,,,,,,0,,,8,0,0,0,8,9,8,,,0,,,8,8,0,0,,,0,,,0,0,996,,,,,,,,,,,,,,,,,,,,,,,,,,,,,,0,0,0,0,0,0,0,0,0,0,0,0,0,0,0,0,1,0,0,1,0,0,0,0,0,1,1,1,0,1,0,0,0,0,0,,0,0,0,0,0,0,0,0,0,0,0,0,0,0,0,0,,,,,,76-80,76+,State route,U,Friday,Belt Used,PV,Not Fatal,0,1,1,0,State Route,State Patrol,Washington State Patrol,0,1,0,0,0,,,,,,0,0,0,,,,,,,,,,,98,98,98,0,,,,,20,,,,,,,,,1,0,,,,,,
2021,15,EA99542,8,01/15/2021,13:41,15,1,,45,Mason,0,1,,1,2,2,1,0,3,2,,,,12,0,2,3.8,1,0,1,3,2,1,3,0,0,0,0,SR-3,,-123.0819667,47.21763056,0,1,50,10,2,50,16,0,0,1,2,12,2,1,2,1,14,1,1,53,0,23,431,2002,0,,68,12,,,,,1,1,62,1,0,,3,0,20,7,11,5,,,,,0,0,0,3,1,28,,,,92,,,,,,1,,,,,,98367,53,72,300,6,1,0,0,0,2,,52,,,,,,0,01/15/2017,07/15/2019,8,0,0,0,8,9,8,,,0,,,8,8,0,0,,,0,,,0,0,996,,,,,,,,,,,,,,,,,,,,,,,,,,,,,,0,0,0,0,0,0,0,0,0,0,0,0,0,0,0,0,1,0,0,1,0,0,0,0,0,1,1,1,0,1,0,0,0,0,0,,0,0,0,0,0,0,0,0,1,0,0,0,0,0,0,0,,,,,,61-65,56-65,State route,U,Friday,Not Used,PV,Not Fatal,0,1,1,0,State Route,State Patrol,Washington State Patrol,0,1,0,0,0,,,,,,0,0,1,,,,,,,,,,,98,98,98,0,,,,,20,,,,,,,,,1,0,,,,,,
2021,16,EA99781,29,01/01/2021,10:00,1,1,,41,Lewis,0,10,,1,2,2,1,0,1,1,,,,24,0,0,0.7,1,0,1,5,1,2,4,0,0,0,0,CR-N FORK RD,,-122.8513639,46.60853333,0,1,6,12,2,40,34,0,0,1,2,24,3,1,2,1,14,1,1,53,0,12,471,2008,0,,68,64,24,2,,,1,1,71,1,7,,4,7,20,7,11,0,01/01/2021,10:00,53000831,831,0,0,0,3,1,0,,,,92,,,,,,99,,,,,,98532,53,71,185,6,1,0,1,0,0,,0,,,,,,0,09/15/2017,09/15/2017,20,0,0,0,0,9,8,,,0,,,9,9,2,996,996,,1,1,,2,1,0.178,,,,,,,,,,,,,,,,,,,,,,,,,,,,,,0,0,1,0,1,1,1,1,0,0,0,0,0,0,0,0,1,0,0,1,0,0,0,0,0,1,1,0,0,1,0,0,0,1,0,,1,0,0,0,0,1,1,1,1,0,0,0,0,0,0,1,,,,,,71-75,66-75,County road,R,Friday,Not Used,PV,White,0,1,0,0,County Road,County Sheriff,Lewis County Sheriff's Office,1,0,1,0,0,,,,,,0,0,0,,,,,,,,,,,98,98,98,1,,,,,20,,,,,,,,,1,0,,,NORTH FORK RD,0.748,NULL,
2020,516,EB00058,13,06/06/2020,15:35,6,6,,9,Clallam,0,10,,1,2,5,1,0,2,1,15:49,16:53,17:32,1,0,0,1.5,1,0,1,96,6,96,8,0,0,0,0,LOGGING ROAD,,-123.2280333,48.00813333,0,1,98,6,1,98,96,0,0,1,2,1,3,2,8,8,14,2,1,53,0,98,734,2017,0,,1,,,,,,1,1,26,1,7,,4,7,20,7,11,0,06/06/2020,15:35,1.99E+11,26224,6,0,0,1,1,0,,,,96,,,,,,0,,,,,,98362,53,69,180,6,1,0,3,0,0,,0,,,,,,4,06/15/2017,12/15/2019,20,1,9,0,0,1,8,,,0,,,8,1,2,1,,,1,,,2,1,0.067,,,,,,,,,,,,,,,,,,,,,,,,,,,,,,0,0,0,0,1,0,0,0,0,0,0,0,1,0,0,0,0,0,0,0,0,0,0,0,0,0,0,0,0,0,0,0,0,0,0,,0,0,0,0,1,0,0,0,0,1,0,0,1,0,0,1,,,,,,26-30,26-35,Other,,Saturday,,OTHVT,White,0,1,0,0,Other,County Sheriff,Clallam County Sheriff's Office,1,0,0,0,1,,,,,,0,0,0,,,,,,,,,,,0,0,0,1,,,,,17,7,,,,,,,,1,0,,,,,,
2021,18,EB00140,35,01/01/2021,16:51,1,1,,53,Pierce,0,2,,2,2,2,1,1,3,1,,,,8,0,0,0.3,3,0,2,3,2,2,4,0,0,0,0,CR-160TH ST E,58TH AVE E,-122.35205,47.11095556,0,1,13,80,5,35,4,0,0,1,5,8,1,1,3,3,1,3,1,53,0,58,41,2018,0,,8,,,,,,1,1,20,1,0,,0,0,3,0,11,0,,,,,0,0,0,3,1,0,,,,92,,,,,,98,,,,,,98445,53,69,120,6,1,0,2,1,1,,0,,,,,,0,10/15/2018,06/15/2020,20,0,0,0,8,9,8,,,0,,,8,8,8,95,,,96,,,8,95,995,,,,,,,,,,,,,,,,,,,,,,,,,,,,,,0,0,0,1,0,0,0,0,0,0,0,0,0,0,0,0,1,1,0,0,0,1,1,0,1,0,0,0,0,1,0,1,0,0,0,,0,0,0,0,0,0,0,0,1,0,0,0,0,0,0,0,,,,,,18-20,16-25,County road,U,Friday,Belt Used,PV,Not Fatal,1,0,0,0,County Road,County Sheriff,Law Enforcement Support Agency,0,0,1,0,0,,,,,,0,0,0,,,,,,,,,,,98,98,98,0,,,,,20,,,,,,,,,1,0,,,160 ST E,0.25,NULL,