year,case,par,repjur,crash_dt,crash_tm,accday,accmon,holiday,county,co_char,city,weather,weather2,lightcond,surfcond,surftype,numfatal,nmforms,pforms,vforms,not_tm,arr_tm,hosp_tm,fhevent,hitrun,manncol,milepnt,reljunc,reljuncinter,intersectiontype,funcsystem,landuse,ownership,route,schlbus,spejur,contdev,devfunc,trafid1,trafid2,x,y,wk_zone,vnumber,crashtype,criticalevent,criticaleventcat,spdlim,body,trailer,emerg,hazcargo,leave,mhevent,roadalgn,roadprof,traflane,trafflow,vehmanvr,numoccs,regowner,regstate,spuse,make,model,modelyr,vrf1,vrf2,seqevent1,seqevent2,seqevent3,seqevent4,seqevent5,seqevent6,pnumber,ptype,age,sex,hispanic,race,injury,diedscene,restraint,restraintmisuse,seatpos,takehosp,death_dt,death_tm,cert,cernum_wa,commlic,licendor,licrestrict,liccomp,drivpres,drf1,drf2,drf3,drf4,distract1,distract2,distract3,distract4,distract5,distract6,dricond1,dricond2,dricond3,dricond4,dricond5,dricond6,dzip,licstate,drhgt_in,weight,noncdl,noncdltype,prevdwi,prevoth,prevacc,prevspd,prevsus,driviol1,driviol2,driviol3,driviol4,driviol5,driviol6,spdrel,first_dt,last_dt,airbag,ejection,ejectpath,extricat,injurwrk,methalc,methdrug,nmlocat,strikveh,prf1,prf2,prf3,druginv,alcinvol,drugsts,drugres1,drugres2,drugres3,drugtst1,drugtst2,drugtst3,alcsts,alctst,alcres,nmact1,nmact2,nmact3,nmact4,nmact5,nmact6,nmprior1,nmprior2,nmprior3,nmprior4,nmprior5,nmprior6,nmcond1,nmcond2,nmcond3,nmcond4,nmcond5,nmcond6,nmsafe_helmet,nmsafe_pads,nmsafe_oth,nmprev_ref,nmprev_lgt,nmprev_oth,crashlocation,nmcrashtype,crosswalk,schoolzone,sidewalk,train_inv,wildlife_inv,rotr_fars,intersect_fars,dd_inv,aid_inv,dpd_inv,id_inv,mj_inv,impnm_inv,ainm_inv,dpnm_inv,speed_inv,unlic_inv,unendmc_inv,drowsy_inv,drdist_inv,nmdist_inv,fty_inv,unrestfat_inv,dr1617_inv,dr1820_inv,dr1620_inv,dr2125_inv,dr1625_inv,dr65_inv,dr70_inv,dr75_inv,mc_inv,pv_inv,ht_inv,ped_inv,bike_inv,unrest_fat,mc_fat,unhelmet_mc,pv_fat,ht_fat,ped_fat,bike_fat,dr_alc7,dr_alc8,dr_drug,dr_imp,dr_dist,dr_spd,dr_fty,dr_unlic,dr_alc7only,dr_alc8only,dr_drugonly,dr_drink,nm_imp,nm_alc7,nm_alc8,nm_drug,nm_dist,agegrp1,agegrp2,roadclass,urbrur,dayweek,restuse,vehtype,race_me,intersect,lanedep,oppdir,wrongway,rep_typ,investag,repag_long,rotr,st_rd,cty_rd,city_rd,oth_rd,drug_thc,thc_res,drug_cthc,cthc_res,drug_cann,prevpersemin,prevperse,prevsusoth,drugtst4,drugtst5,drugtst6,drugtst7,drugtst8,drugres4,drugres5,drugres6,drugres7,drugres8,adspresent,adsengaged,adslevel,race1,race2,race3,race4,race5,helmet,helmetmisuse,nmdistract1,nmdistract2,nmdistract3,nmdistract4,nmdistract5,nmdistract6,lab,isedtcase,crf1,crf2,crf3,CoRoadName,CoMP,IntCoRoadName,IntCoMP
2020,517,EB00484,6,12/06/2020,20:40,6,12,,25,Grant,0,1,,2,2,2,1,0,7,3,20:46,20:56,,12,0,8,4.5,1,0,1,4,1,1,3,0,0,0,0,SR-243,,-119.8268861,46.63319444,0,1,64,10,2,60,62,0,0,1,2,12,1,1,2,1,1,1,3,53,0,82,881,2013,0,,68,12,12,,,,1,1,43,1,0,,2,0,3,0,11,5,,,,,0,0,0,2,1,28,60,,,0,,,,,,2,,,,,,98052,53,68,175,6,1,0,1,0,0,,97,,,,,,0,01/15/2019,01/15/2019,20,0,0,0,8,3,2,,,0,,,8,8,0,0,,,0,,,0,0,996,,,,,,,,,,,,,,,,,,,,,,,,,,,,,,0,0,0,0,0,0,0,0,0,0,0,0,0,0,0,1,0,0,0,0,0,0,0,0,0,0,0,0,0,1,1,0,0,0,0,,0,0,0,0,0,0,0,0,0,0,0,0,0,0,0,0,,,,,,41-45,36-45,State route,R,Sunday,,MHTRUCK,Not Fatal,0,1,1,0,State Route,State Patrol,Washington State Patrol,0,1,0,0,0,,,,,,0,0,0,,,,,,,,,,,98,98,98,0,,,,,20,7,,,,,,,,1,0,,,,,,
2020,517,EB00484,6,12/06/2020,20:40,6,12,,25,Grant,0,1,,2,2,2,1,0,7,3,20:46,20:56,,12,0,8,4.5,1,0,1,4,1,1,3,0,0,0,0,SR-243,,-119.8268861,46.63319444,0,2,65,62,4,60,4,0,0,1,2,12,1,1,2,1,1,4,1,53,0,12,17,2008,0,,12,,,,,,1,1,40,1,0,,0,0,3,0,11,0,,,,,0,0,0,3,1,0,,,,96,,,,,,0,,,,,,99349,53,65,127,6,1,0,0,0,0,,0,,,,,,0,,,20,0,0,0,8,9,8,,,0,,,8,8,0,0,,,0,,,0,0,996,,,,,,,,,,,,,,,,,,,,,,,,,,,,,,0,0,0,0,0,0,0,0,0,0,0,0,0,0,0,1,0,0,0,0,0,0,0,0,0,0,0,0,0,1,1,0,0,0,0,,0,0,0,0,0,0,0,0,0,0,0,0,0,0,0,0,,,,,,36-40,36-45,State route,R,Sunday,Belt Used,PV,Not Fatal,0,1,1,0,State Route,State Patrol,Washington State Patrol,0,1,0,0,0,,,,,,0,0,0,,,,,,,,,,,98,98,98,0,,,,,20,7,,,,,,,,1,0,,,,,,
2020,517,EB00484,6,12/06/2020,20:40,6,12,,25,Grant,0,1,,2,2,2,1,0,7,3,20:46,20:56,,12,0,8,4.5,1,0,1,4,1,1,3,0,0,0,0,SR-243,,-119.8268861,46.63319444,0,3,98,62,4,60,15,0,0,1,2,12,1,1,2,1,1,2,2,53,0,20,421,2001,0,,12,1,,,,,1,1,54,2,1,,4,7,3,0,11,0,12/06/2020,20:40,1.29E+11,58021,0,0,0,3,1,0,,,,96,,,,,,98,,,,,,99349,53,60,182,6,1,0,0,1,0,,0,,,,,,0,02/15/2017,02/15/2017,8,0,0,0,0,9,8,,,0,,,8,8,0,0,,,0,,,0,0,996,,,,,,,,,,,,,,,,,,,,,,,,,,,,,,0,0,0,0,0,0,0,0,0,0,0,0,0,0,0,1,0,0,0,0,0,0,0,0,0,0,0,0,0,1,1,0,0,0,0,,1,0,0,0,0,0,0,0,0,0,0,0,0,0,0,0,,,,,,51-55,46-55,State route,R,Sunday,Belt Used,PV,Hispanic,0,1,1,0,State Route,State Patrol,Washington State Patrol,0,1,0,0,0,,,,,,0,0,0,,,,,,,,,,,98,98,98,298,,,,,20,7,,,,,,,,1,0,,,,,,
2021,24,EB00489,263,01/22/2021,17:38,22,1,,33,King,1960,1,,6,1,2,1,1,1,1,,,,8,0,0,0,3,0,3,3,2,1,3,0,0,0,0,SR-519,S MASSACHUSETTS ST,-122.3290639,47.58827222,0,1,13,80,5,98,20,0,0,1,5,8,8,8,3,5,1,1,1,53,0,35,443,2001,0,,8,,,,,,1,1,49,1,0,,0,0,99,7,11,0,,,,,0,0,0,3,1,0,,,,0,,,,,,98,,,,,,98104,53,70,190,6,1,0,1,0,0,,0,,,,,,0,02/15/2019,02/15/2019,20,0,0,0,8,9,8,,,0,,,8,8,8,95,,,96,,,8,95,995,,,,,,,,,,,,,,,,,,,,,,,,,,,,,,0,0,0,1,0,0,0,0,0,1,0,1,0,0,0,0,0,0,0,0,0,0,0,0,0,0,0,0,0,1,0,1,0,0,0,,0,0,0,0,0,0,0,0,0,0,0,0,0,0,0,0,,,,,,46-50,46-55,State route,U,Friday,Unknown,PV,Not Fatal,0,0,0,0,State Route,Municipal/City Police,Seattle Police Department,0,1,0,0,0,,,,,,0,0,0,,,,,,,,,,,98,98,98,0,,,,,20,,,,,,,,,1,0,,,,,,
2021,20,EB00613,5,01/22/2021,12:27,22,1,,11,Clark,240,1,,1,1,2,1,0,1,1,,,,25,0,0,12.1,1,0,1,2,2,1,3,0,0,0,0,SR-14,,-122.4345667,45.580525,0,1,7,11,2,60,14,0,0,1,2,25,1,1,3,3,1,1,2,53,0,12,401,2004,0,,63,69,64,25,1,,1,1,65,2,7,,4,7,3,0,11,0,01/22/2021,12:27,24053004405,4405,0,0,3,3,1,58,,,,96,,,,,,9,,,,,,98607,53,60,123,6,1,0,0,0,0,,0,,,,,,4,,,1,2,9,0,0,1,8,,,0,,,9,1,2,996,,,1,,,2,1,0.166,,,,,,,,,,,,,,,,,,,,,,,,,,,,,,0,0,0,0,1,1,1,1,0,0,0,0,1,0,0,0,0,0,0,0,0,0,0,0,0,1,0,0,0,1,0,0,0,0,0,,1,0,0,0,0,1,1,1,0,1,0,0,0,0,0,1,,,,,,61-65,56-65,State route,U,Friday,Belt Used,PV,White,0,1,0,0,State Route,State Patrol,WASHINGTON STATE PATROL,1,1,0,0,0,,,,,,0,0,0,,,,,,,,,,,98,98,98,1,,,,,20,,,,,,,,,1,0,,,,,,
2021,21,EB00697,35,01/09/2021,7:33,9,1,,53,Pierce,0,10,,4,4,2,1,0,1,1,,,,34,0,0,6.6,1,0,1,4,2,2,4,0,0,0,0,CR-224TH ST E,,-122.2590222,47.05268056,0,1,2,6,1,45,34,0,0,1,5,34,1,2,2,1,1,1,2,53,0,49,472,1996,0,,63,34,1,,,,1,1,29,2,7,,4,7,20,7,11,0,01/09/2021,7:33,53001182,1182,0,0,3,3,1,87,,,,96,,,,,,98,,,,,,98338,53,61,140,6,1,0,0,1,0,,0,,,,,,4,10/15/2016,10/15/2016,20,0,0,0,0,9,8,,,0,,,8,8,2,695,600,,1,1,,2,1,0,,,,,,,,,,,,,,,,,,,,,,,,,,,,,,0,0,0,0,0,0,1,1,1,0,0,0,1,0,0,0,0,0,0,1,0,0,0,0,0,0,0,0,0,1,0,0,0,1,0,,1,0,0,0,0,0,1,1,0,1,0,0,0,0,1,0,,,,,,26-30,26-35,County road,U,Saturday,Not Used,PV,White,0,1,0,0,County Road,County Sheriff,Law Enforcement Support Agency,1,0,1,0,0,thc,50,carboxy-thc,42,,0,0,0,,,,,,,,,,,0,0,0,1,,,,,20,,,,,,,,nms,1,0,,,224 ST E,6.59,NULL,
2021,22,EB00762,3,01/07/2021,0:49,7,1,,67,Thurston,1590,10,,3,1,2,1,1,1,1,,,,8,0,0,0.1,20,0,1,1,2,1,1,0,0,0,0,I-5 RAMP,,-122.8780667,47.03620278,0,1,13,80,5,60,4,0,0,1,2,8,1,1,2,6,1,1,1,53,0,55,36,2013,0,,8,,,,,,1,1,71,1,0,,1,0,3,0,11,0,,,,,0,0,3,3,1,0,,,,96,,,,,,98,,,,,,98502,53,67,220,6,1,0,1,0,4,,0,,,,,,0,11/15/2016,09/15/2020,1,0,0,0,8,3,2,,,0,,,8,8,0,0,,,0,,,0,0,996,,,,,,,,,,,,,,,,,,,,,,,,,,,,,,0,0,0,0,0,0,0,0,0,1,0,1,0,0,0,0,0,0,0,0,0,0,0,0,0,1,1,0,0,1,0,1,0,0,0,,0,0,0,0,0,0,0,0,0,0,0,0,0,0,0,0,,,,,,71-75,66-75,Interstate,U,Thursday,Belt Used,PV,Not Fatal,0,0,0,0,State Route,State Patrol,Washington State Patrol,0,1,0,0,0,,,,,,0,0,0,,,,,,,,,,,98,98,98,0,,,,,20,,,,,,,,,1,0,,,,,,
2021,188,EB00988,8,01/25/2021,7:59,25,1,,35,Kitsap,0,1,,1,1,2,1,0,2,2,,,,12,0,6,54.8,2,0,2,3,1,1,3,0,0,20,3,SR-3,PIONEER HILL RD NW,-122.6512417,47.78395556,0,1,87,17,2,35,20,0,0,1,5,12,1,1,3,1,1,1,2,53,0,37,441,2003,0,,12,,,,,,1,1,23,2,7,,4,0,99,7,11,5,01/26/2021,15:04,1.73E+11,4213,0,0,0,2,1,39,,,,96,,,,,,98,,,,,,98370,53,69,165,1,1,0,3,1,1,,0,,,,,,0,07/15/2018,10/15/2020,1,0,0,0,0,9,8,,,0,,,8,8,2,151,695,996,1,1,1,2,1,0,,,,,,,,,,,,,,,,,,,,,,,,,,,,,,0,0,0,1,0,0,1,1,1,0,0,0,0,1,0,0,0,0,0,0,0,0,0,1,1,0,0,0,0,1,0,0,0,0,0,,1,0,0,0,0,0,1,1,0,0,0,1,0,0,1,0,,,,,,21-25,16-25,State route,R,Monday,Unknown,PV,White,1,0,0,0,State Route,State Patrol,Washington State Patrol,0,1,0,0,0,thc,2,carboxy-thc,46,,0,0,1,1,1,1,,,605,522,996,401,417,98,98,98,1,,,,,20,,,,,,,,nms,0,0,,,,,,
2021,188,EB00988,8,01/25/2021,7:59,25,1,,35,Kitsap,0,1,,1,1,2,1,0,2,2,,,,12,0,6,54.8,2,0,2,3,1,1,3,0,0,0,0,SR-3,PIONEER HILL RD NW,-122.6512417,47.78395556,0,2,86,66,4,50,34,0,0,1,2,12,1,1,3,1,1,1,2,53,0,12,481,2001,0,,12,,,,,,1,1,23,1,0,,2,0,3,0,11,0,,,,,0,0,0,3,1,0,,,,96,,,,,,98,,,,,,98528,53,61,180,6,1,0,0,0,0,,0,,,,,,0,,,1,0,0,0,8,9,8,,,0,,,8,8,8,95,,,96,,,8,95,995,,,,,,,,,,,,,,,,,,,,,,,,,,,,,,0,0,0,1,0,0,1,1,1,0,0,0,0,1,0,0,0,0,0,0,0,0,0,1,1,0,0,0,0,1,0,0,0,0,0,,0,0,0,0,0,0,0,0,0,0,0,0,0,0,0,0,,,,,,21-25,16-25,State route,R,Monday,Belt Used,PV,Not Fatal,1,0,0,0,State Route,State Patrol,Washington State Patrol,0,1,0,0,0,,,,,,0,0,0,,,,,,,,,,,98,98,98,0,,,,,20,,,,,,,,,0,0,,,,,,
2021,23,EB01018,7,01/24/2021,19:23,24,1,,33,King,1960,2,,2,2,2,1,1,2,1,,,,8,0,0,173.1,1,0,1,1,2,1,1,0,0,0,0,I-5,,-122.3270417,47.71375278,0,1,13,80,5,60,14,0,0,1,5,8,3,1,6,3,14,2,1,53,0,2,404,2001,0,,8,,,,,,1,1,50,1,0,,0,0,3,0,11,0,,,,,0,0,0,3,1,0,,,,96,,,,,,98,,,,,,98125,53,67,185,6,1,0,0,0,0,,0,,,,,,0,,,20,0,0,0,8,9,8,,,0,,,8,8,0,0,,,0,,,0,0,996,,,,,,,,,,,,,,,,,,,,,,,,,,,,,,0,0,0,0,0,0,0,0,0,0,0,0,0,0,0,0,0,0,0,0,0,0,0,0,0,0,0,0,0,1,0,1,0,0,0,,0,0,0,0,0,0,0,0,0,0,0,0,0,0,0,0,,,,,,46-50,46-55,Interstate,U,Sunday,Belt Used,PV,Not Fatal,0,0,0,0,State Route,State Patrol,Washington State Patrol,0,1,0,0,0,,,,,,0,0,0,,,,,,,,,,,98,98,98,0,,,,,20,,,,,,,,,1,19,23,,,,,
2021,25,EB01105,1,01/01/2021,16:45,1,1,,77,Yakima,2400,2,,2,2,2,1,0,3,2,,,,12,0,2,67.8,1,0,1,4,2,1,2,0,3,0,0,US-97,,-120.4229806,46.43674167,0,1,52,54,3,55,34,0,0,1,2,12,1,1,2,3,1,1,1,53,0,49,482,2002,0,,12,,,,,,1,1,33,1,0,,3,0,20,7,11,5,,,,,0,0,3,2,1,51,,,,96,,,,,,9,,,,,,98902,53,66,150,1,1,2,0,0,1,,1,71,,,,,0,04/15/2016,08/15/2019,8,0,0,0,8,9,2,,,0,,,1,8,0,0,,,0,,,0,0,996,,,,,,,,,,,,,,,,,,,,,,,,,,,,,,0,0,0,0,0,0,1,1,1,0,0,0,0,1,0,0,0,0,0,0,0,0,0,0,0,1,0,0,0,1,0,0,0,0,0,,0,0,0,0,0,0,0,0,0,0,0,1,0,0,0,0,,,,,,31-35,26-35,US highway,U,Friday,Not Used,PV,Not Fatal,0,0,0,1,State Route,State Patrol,Washington State Patrol,0,1,0,0,0,,,,,,0,1,7,,,,,,,,,,,98,98,98,0,,,,,20,,,,,,,,,1,0,,,,,,
2021,25,EB01105,1,01/01/2021,16:45,1,1,,77,Yakima,2400,2,,2,2,2,1,0,3,2,,,,12,0,2,67.8,1,0,1,4,2,1,2,0,3,0,0,US-97,,-120.4229806,46.43674167,0,2,52,54,3,55,34,0,0,1,2,12,1,1,2,3,1,2,1,53,0,23,481,2013,0,,12,,,,,,1,1,67,1,1,,4,7,3,0,11,0,01/01/2021,16:45,2.40E+11,412,0,0,0,3,1,0,,,,96,,,,,,98,,,,,,98948,53,67,220,6,1,0,0,0,0,,0,,,,,,0,,,8,0,0,0,0,9,8,,,0,,,8,8,2,695,605,,1,1,,2,1,0,,,,,,,,,,,,,,,,,,,,,,,,,,,,,,0,0,0,0,0,0,1,1,1,0,0,0,0,1,0,0,0,0,0,0,0,0,0,0,0,1,0,0,0,1,0,0,0,0,0,,1,0,0,0,0,0,1,1,0,0,0,0,0,0,1,0,,,,,,66-70,66-75,US highway,U,Friday,Belt Used,PV,Hispanic,0,0,0,1,State Route,State Patrol,Washington State Patrol,0,1,0,0,0,thc,2.7,carboxy-thc,18,,0,0,0,,,,,,,,,,,98,98,98,98,,,,,20,,,,,,,,nms,1,0,,,,,,
2021,32,EB01125,39,01/22/2021,19:39,22,1,,61,Snohomish,0,1,,2,1,2,1,1,2,1,,,,8,0,0,3.7,1,0,1,6,1,2,4,0,0,0,0,CR-220TH ST NW,,-122.2739806,48.19554444,0,1,13,80,5,35,14,0,0,1,5,8,1,1,2,1,1,2,1,53,0,2,404,2019,0,,8,,,,,,1,1,45,1,0,,0,0,3,0,11,0,,,,,0,0,0,3,1,0,,,,96,,,,,,0,,,,,,98292,53,67,170,6,1,0,0,0,0,,0,,,,,,0,,,20,0,0,0,8,9,8,,,0,,,8,0,0,0,,,0,,,0,0,996,,,,,,,,,,,,,,,,,,,,,,,,,,,,,,0,0,0,0,0,0,0,0,0,0,0,0,0,0,0,0,0,0,0,0,0,0,0,0,0,0,0,0,0,1,0,1,0,0,0,,0,0,0,0,0,0,0,0,0,0,0,0,0,0,0,0,,,,,,41-45,36-45,County road,R,Friday,Belt Used,PV,Not Fatal,0,0,0,0,County Road,County Sheriff,Snohomish County Sheriff's Office,0,0,1,0,0,,,,,,0,0,0,,,,,,,,,,,98,98,98,0,,,,,20,,,,,,,,,1,0,,,220TH ST NW,3.727,NULL,
2021,26,EB01130,5,01/25/2021,7:56,25,1,,41,Lewis,0,4,,4,10,2,2,0,3,2,,,,12,0,6,9,1,0,1,4,1,1,3,0,0,0,0,SR-7,,-122.2000278,46.66132778,0,1,66,6,1,55,14,0,0,1,2,12,1,1,2,1,1,2,1,53,0,53,405,2003,0,,68,12,,,,,1,1,21,2,1,,4,7,20,7,11,0,01/25/2021,7:56,1.38E+11,5020,0,0,3,3,1,28,87,,,96,,,,,,98,,,,,,98377,53,60,188,6,1,1,0,0,0,,0,,,,,,4,09/15/2018,09/15/2018,1,0,0,0,0,9,8,,,0,,,8,8,2,695,605,,1,1,,2,1,0,,,,,,,,,,,,,,,,,,,,,,,,,,,,,,0,0,0,0,0,0,1,1,1,0,0,0,1,0,0,0,0,0,0,1,0,0,0,1,1,0,0,0,0,1,0,0,0,1,0,,1,0,0,0,0,0,1,1,0,1,0,0,0,0,1,0,,,,,,21-25,16-25,State route,R,Monday,Not Used,PV,Hispanic,0,1,1,0,State Route,State Patrol,Washington State Patrol,0,1,0,0,0,thc,3.7,carboxy-thc,38,,0,1,1,,,,,,,,,,,98,98,98,201,268,,,,20,,,,,,,,nms,1,0,,,,,,
2021,26,EB01130,5,01/25/2021,7:56,25,1,,41,Lewis,0,4,,4,10,2,2,0,3,2,,,,12,0,6,9,1,0,1,4,1,1,3,0,0,0,0,SR-7,,-122.2000278,46.66132778,0,2,66,62,4,55,34,0,0,1,2,12,1,1,2,1,1,1,1,53,0,35,481,2011,0,,12,,,,,,1,1,55,1,0,,3,0,20,7,11,0,,,,,0,0,0,3,1,0,,,,96,,,,,,98,,,,,,98387,53,73,240,6,1,0,0,0,0,,0,,,,,,0,,,8,0,0,0,8,9,8,,,0,,,8,8,2,1,,,1,,,2,1,0,,,,,,,,,,,,,,,,,,,,,,,,,,,,,,0,0,0,0,0,0,1,1,1,0,0,0,1,0,0,0,0,0,0,1,0,0,0,1,1,0,0,0,0,1,0,0,0,0,0,,0,0,0,0,0,0,0,0,0,0,0,0,0,0,0,0,,,,,,51-55,46-55,State route,R,Monday,Not Used,PV,Not Fatal,0,1,1,0,State Route,State Patrol,Washington State Patrol,0,1,0,0,0,,,,,,0,0,0,,,,,,,,,,,98,98,98,0,,,,,20,,,,,,,,,1,0,,,,,,
2021,28,EB02003,7,01/13/2021,21:34,13,1,,33,King,0,1,,2,1,1,1,0,3,3,,,,12,0,8,37.7,1,0,1,1,1,1,1,0,0,0,0,I-90,,-121.6391722,47.43245833,0,1,66,54,3,70,34,0,0,1,2,12,1,1,3,3,1,1,9,48,0,7,482,2005,0,,12,12,,,,,1,1,26,1,7,,4,7,20,7,11,0,01/13/2021,21:34,1.50E+11,3931,0,0,0,2,1,51,,,,96,,,,,,98,,,,,,78130,48,,999,3,1,0,0,1,0,,0,,,,,,0,11/15/2018,11/15/2018,1,0,0,0,0,1,8,,,0,,,8,1,2,1,,,1,,,2,1,0.242,,,,,,,,,,,,,,,,,,,,,,,,,,,,,,0,0,0,0,1,1,0,1,0,0,0,0,0,1,0,0,0,0,0,1,0,0,0,0,0,0,0,0,0,1,1,0,0,1,0,,1,0,0,0,0,1,0,1,0,0,0,1,0,1,0,1,,,,,,26-30,26-35,Interstate,R,Wednesday,Not Used,PV,White,0,0,0,1,State Route,State Patrol,Washington State Patrol,0,1,0,0,0,,,,,,0,0,0,,,,,,,,,,,98,98,98,1,,,,,20,,,,,,,,,1,0,,,,,,
2021,28,EB02003,7,01/13/2021,21:34,13,1,,33,King,0,1,,2,1,1,1,0,3,3,,,,12,0,8,37.7,1,0,1,1,1,1,1,0,0,0,0,I-90,,-121.6391722,47.43245833,0,2,66,54,3,60,66,2,0,1,5,12,1,1,3,3,1,1,3,37,0,82,881,2019,0,,12,,,,,,1,1,46,1,0,,0,0,3,0,11,0,,,,,6,3,0,3,1,0,,,,96,,,,,,98,,,,,,98373,53,70,260,6,1,0,0,0,0,,0,,,,,,0,,,20,0,0,0,8,9,8,,,0,,,8,8,0,0,,,0,,,0,0,996,,,,,,,,,,,,,,,,,,,,,,,,,,,,,,0,0,0,0,1,1,0,1,0,0,0,0,0,1,0,0,0,0,0,1,0,0,0,0,0,0,0,0,0,1,1,0,0,0,0,,0,0,0,0,0,0,0,0,0,0,0,0,0,0,0,0,,,,,,46-50,46-55,Interstate,R,Wednesday,,MHTRUCK,Not Fatal,0,0,0,1,State Route,State Patrol,Washington State Patrol,0,1,0,0,0,,,,,,0,0,0,,,,,,,,,,,98,98,98,0,,,,,20,,,,,,,,,1,0,,,,,,
2021,28,EB02003,7,01/13/2021,21:34,13,1,,33,King,0,1,,2,1,1,1,0,3,3,,,,12,0,8,37.7,1,0,1,1,1,1,1,0,0,0,0,I-90,,-121.6391722,47.43245833,0,3,98,54,3,60,66,1,0,1,2,12,1,1,3,3,1,1,3,53,0,85,881,2019,0,,12,,,,,,1,1,59,1,0,,1,0,3,0,11,5,,,,,6,1,0,3,1,0,,,,96,,,,,,98,,,,,,98823,53,72,250,6,1,0,0,2,0,,0,,,,,,0,12/15/2018,12/15/2020,20,0,0,0,8,9,8,,,0,,,8,8,2,1,,,1,,,2,1,0,,,,,,,,,,,,,,,,,,,,,,,,,,,,,,0,0,0,0,1,1,0,1,0,0,0,0,0,1,0,0,0,0,0,1,0,0,0,0,0,0,0,0,0,1,1,0,0,0,0,,0,0,0,0,0,0,0,0,0,0,0,0,0,0,0,0,,,,,,56-60,56-65,Interstate,R,Wednesday,,MHTRUCK,Not Fatal,0,0,0,1,State Route,State Patrol,Washington State Patrol,0,1,0,0,0,,,,,,0,0,0,,,,,,,,,,,98,98,98,0,,,,,20,,,,,,,,,1,0,,,,,,
2021,30,EB02768,25,01/16/2021,0:37,16,1,,33,King,1030,10,,3,1,2,1,0,1,1,,,,38,0,0,0,1,0,1,4,2,4,6,0,0,0,0,132ND AVE SE,,-122.1654278,47.36308056,0,1,10,12,2,35,4,0,0,1,5,42,1,2,2,1,1,1,2,53,0,12,17,2005,0,,68,64,38,42,,,1,1,25,1,7,,4,7,20,7,11,0,01/16/2021,0:37,1.03E+11,2704,0,0,0,2,1,37,,,,96,,,,,,98,,,,,,98198,53,64,135,1,1,0,3,2,0,,0,,,,,,3,10/15/2016,04/15/2018,8,1,9,0,0,9,8,,,0,,,8,8,2,695,605,,1,1,,2,1,0.151,,,,,,,,,,,,,,,,,,,,,,,,,,,,,,0,0,1,0,1,1,1,1,1,0,0,0,1,1,0,0,0,0,0,1,0,0,0,1,1,0,0,0,0,1,0,0,0,1,0,,1,0,0,0,0,1,1,1,0,1,0,1,0,0,0,1,,,,,,21-25,16-25,City street,U,Saturday,Not Used,PV,Black,0,1,0,0,City Street,County Sheriff,King County Police,1,0,0,1,0,thc,30,carboxy-thc,200,,0,0,4,,,,,,,,,,,98,98,98,2,,,,,20,,,,,,,,nms,1,20,,,,,,
2021,603,EB04005,278,02/06/2021,20:00,6,2,,63,Spokane,2110,10,,3,1,2,1,1,1,1,,,,8,0,0,0,1,0,1,3,2,4,6,0,0,0,0,E FRANCIS AVE,,-117.3980417,47.71501111,0,1,13,80,5,98,2,0,0,1,5,8,8,8,5,5,1,1,2,53,0,37,32,2001,0,,8,,,,,,1,1,29,1,0,,0,0,3,0,11,0,,,,,0,0,0,3,1,0,,,,92,,,,,,98,,,,,,99218,53,73,150,6,1,0,0,0,0,,0,,,,,,0,06/15/2016,04/15/2016,20,0,0,0,8,9,8,,,0,,,8,8,8,95,,,96,,,2,98,0,,,,,,,,,,,,,,,,,,,,,,,,,,,,,,0,0,0,0,0,0,0,0,0,0,0,0,0,0,0,0,1,0,0,0,0,0,0,0,0,0,0,0,0,1,0,1,0,0,0,,0,0,0,0,0,0,0,0,1,0,0,0,0,0,0,0,,,,,,26-30,26-35,City street,U,Saturday,Belt Used,PV,Not Fatal,1,0,0,0,City Street,Municipal/City Police,Spokane Police Department,0,0,0,1,0,,,,,,0,0,2,,,,,,,,,,,98,98,98,0,,,,,20,,,,,,,,,1,0,,,,,,
2021,33,EB04026,2,02/02/2021,16:12,2,2,,57,Skagit,0,10,,1,1,2,1,0,4,4,,,,12,0,1,46.1,3,0,3,3,1,1,3,0,0,0,0,SR-20,TIBBLES LN,-122.5956611,48.44827778,0,3,98,98,7,50,3,0,0,1,2,12,1,2,2,1,5,1,1,53,0,67,32,2012,0,,12,,,,,,1,1,24,1,0,,0,0,3,0,11,0,,,,,0,0,9,3,1,0,,,,96,,,,,,98,,,,,,66109,20,68,120,6,1,0,0,0,0,,0,,,,,,0,,,8,0,0,0,8,9,8,,,0,,,8,8,0,0,,,0,,,0,0,996,,,,,,,,,,,,,,,,,,,,,,,,,,,,,,0,0,0,1,0,0,1,1,1,0,0,0,0,0,0,0,0,0,0,0,0,0,0,1,1,1,0,0,0,1,1,0,0,0,0,,0,0,0,0,0,0,0,0,0,0,0,0,0,0,0,0,,,,,,21-25,16-25,State route,R,Tuesday,Belt Used,PV,Not Fatal,1,0,0,0,State Route,State Patrol,Washington State Patrol,0,1,0,0,0,,,,,,0,0,0,,,,,,,,,,,98,98,98,0,,,,,20,,,,,,,,,1,0,,,,,,