year,case,par,repjur,crash_dt,crash_tm,accday,accmon,holiday,county,co_char,city,weather,weather2,lightcond,surfcond,surftype,numfatal,nmforms,pforms,vforms,not_tm,arr_tm,hosp_tm,fhevent,hitrun,manncol,milepnt,reljunc,reljuncinter,intersectiontype,funcsystem,landuse,ownership,route,schlbus,spejur,contdev,devfunc,trafid1,trafid2,x,y,wk_zone,vnumber,crashtype,criticalevent,criticaleventcat,spdlim,body,trailer,emerg,hazcargo,leave,mhevent,roadalgn,roadprof,traflane,trafflow,vehmanvr,numoccs,regowner,regstate,spuse,make,model,modelyr,vrf1,vrf2,seqevent1,seqevent2,seqevent3,seqevent4,seqevent5,seqevent6,pnumber,ptype,age,sex,hispanic,race,injury,diedscene,restraint,restraintmisuse,seatpos,takehosp,death_dt,death_tm,cert,cernum_wa,commlic,licendor,licrestrict,liccomp,drivpres,drf1,drf2,drf3,drf4,distract1,distract2,distract3,distract4,distract5,distract6,dricond1,dricond2,dricond3,dricond4,dricond5,dricond6,dzip,licstate,drhgt_in,weight,noncdl,noncdltype,prevdwi,prevoth,prevacc,prevspd,prevsus,driviol1,driviol2,driviol3,driviol4,driviol5,driviol6,spdrel,first_dt,last_dt,airbag,ejection,ejectpath,extricat,injurwrk,methalc,methdrug,nmlocat,strikveh,prf1,prf2,prf3,druginv,alcinvol,drugsts,drugres1,drugres2,drugres3,drugtst1,drugtst2,drugtst3,alcsts,alctst,alcres,nmact1,nmact2,nmact3,nmact4,nmact5,nmact6,nmprior1,nmprior2,nmprior3,nmprior4,nmprior5,nmprior6,nmcond1,nmcond2,nmcond3,nmcond4,nmcond5,nmcond6,nmsafe_helmet,nmsafe_pads,nmsafe_oth,nmprev_ref,nmprev_lgt,nmprev_oth,crashlocation,nmcrashtype,crosswalk,schoolzone,sidewalk,train_inv,wildlife_inv,rotr_fars,intersect_fars,dd_inv,aid_inv,dpd_inv,id_inv,mj_inv,impnm_inv,ainm_inv,dpnm_inv,speed_inv,unlic_inv,unendmc_inv,drowsy_inv,drdist_inv,nmdist_inv,fty_inv,unrestfat_inv,dr1617_inv,dr1820_inv,dr1620_inv,dr2125_inv,dr1625_inv,dr65_inv,dr70_inv,dr75_inv,mc_inv,pv_inv,ht_inv,ped_inv,bike_inv,unrest_fat,mc_fat,unhelmet_mc,pv_fat,ht_fat,ped_fat,bike_fat,dr_alc7,dr_alc8,dr_drug,dr_imp,dr_dist,dr_spd,dr_fty,dr_unlic,dr_alc7only,dr_alc8only,dr_drugonly,dr_drink,nm_imp,nm_alc7,nm_alc8,nm_drug,nm_dist,agegrp1,agegrp2,roadclass,urbrur,dayweek,restuse,vehtype,race_me,intersect,lanedep,oppdir,wrongway,rep_typ,investag,repag_long,rotr,st_rd,cty_rd,city_rd,oth_rd,drug_thc,thc_res,drug_cthc,cthc_res,drug_cann,prevpersemin,prevperse,prevsusoth,drugtst4,drugtst5,drugtst6,drugtst7,drugtst8,drugres4,drugres5,drugres6,drugres7,drugres8,adspresent,adsengaged,adslevel,race1,race2,race3,race4,race5,helmet,helmetmisuse,nmdistract1,nmdistract2,nmdistract3,nmdistract4,nmdistract5,nmdistract6,lab,isedtcase,crf1,crf2,crf3,CoRoadName,CoMP,IntCoRoadName,IntCoMP
2021,33,EB04026,2,02/02/2021,16:12,2,2,,57,Skagit,0,10,,1,1,2,1,0,4,4,,,,12,0,1,46.1,3,0,3,3,1,1,3,0,0,0,0,SR-20,TIBBLES LN,-122.5956611,48.44827778,0,2,21,53,3,50,34,0,0,1,5,12,1,2,2,1,5,1,2,53,0,12,481,1999,0,,12,12,,,,,1,1,55,1,0,,0,0,3,0,11,0,,,,,0,0,0,3,1,0,,,,96,,,,,,98,,,,,,98221,53,76,190,6,1,0,0,0,0,,0,,,,,,0,,,20,0,0,0,8,9,8,,,0,,,8,8,0,0,,,0,,,0,0,996,,,,,,,,,,,,,,,,,,,,,,,,,,,,,,0,0,0,1,0,0,1,1,1,0,0,0,0,0,0,0,0,0,0,0,0,0,0,1,1,1,0,0,0,1,1,0,0,0,0,,0,0,0,0,0,0,0,0,0,0,0,0,0,0,0,0,,,,,,51-55,46-55,State route,R,Tuesday,Belt Used,PV,Not Fatal,1,0,0,0,State Route,State Patrol,Washington State Patrol,0,1,0,0,0,,,,,,0,0,0,,,,,,,,,,,0,0,0,0,,,,,20,,,,,,,,,1,0,,,,,,
2021,33,EB04026,2,02/02/2021,16:12,2,2,,57,Skagit,0,10,,1,1,2,1,0,4,4,,,,12,0,1,46.1,3,0,3,3,1,1,3,0,0,0,0,SR-20,TIBBLES LN,-122.5956611,48.44827778,0,4,98,62,4,50,63,0,0,1,2,12,1,2,2,1,1,1,3,53,0,84,881,2021,0,,12,,,,,,1,1,68,1,0,,0,0,3,0,11,0,,,,,6,1,0,3,1,0,,,,96,,,,,,98,,,,,,98230,53,68,220,6,1,0,0,0,1,,0,,,,,,0,02/15/2020,02/15/2020,20,0,0,0,8,9,8,,,0,,,8,8,0,0,,,0,,,0,0,996,,,,,,,,,,,,,,,,,,,,,,,,,,,,,,0,0,0,1,0,0,1,1,1,0,0,0,0,0,0,0,0,0,0,0,0,0,0,1,1,1,0,0,0,1,1,0,0,0,0,,0,0,0,0,0,0,0,0,0,0,0,0,0,0,0,0,,,,,,66-70,66-75,State route,R,Tuesday,,MHTRUCK,Not Fatal,1,0,0,0,State Route,State Patrol,Washington State Patrol,0,1,0,0,0,,,,,,0,0,0,,,,,,,,,,,98,98,98,0,,,,,20,,,,,,,,,1,0,,,,,,
2021,33,EB04026,2,02/02/2021,16:12,2,2,,57,Skagit,0,10,,1,1,2,1,0,4,4,,,,12,0,1,46.1,3,0,3,3,1,1,3,0,0,0,0,SR-20,TIBBLES LN,-122.5956611,48.44827778,0,1,20,50,3,50,5,0,0,1,2,12,1,2,2,1,6,1,2,53,0,30,42,1998,0,,12,68,12,,,,1,1,28,2,7,,4,7,3,0,11,0,02/02/2021,16:12,53005863,5863,0,0,3,3,1,33,,,,96,,,,,,9,,,,,,98277,53,65,160,6,1,0,0,0,0,,0,,,,,,0,,,1,0,0,0,0,9,8,,,0,,,1,8,2,695,605,,1,1,,2,1,0,,,,,,,,,,,,,,,,,,,,,,,,,,,,,,0,0,0,1,0,0,1,1,1,0,0,0,0,0,0,0,0,0,0,0,0,0,0,1,1,1,0,0,0,1,1,0,0,0,0,,1,0,0,0,0,0,1,1,0,0,0,0,0,0,1,0,,,,,,26-30,26-35,State route,R,Tuesday,Belt Used,PV,White,1,0,0,0,State Route,State Patrol,Washington State Patrol,0,1,0,0,0,thc,65,carboxy-thc,130,,0,0,0,,,,,,,,,,,0,0,0,1,,,,,20,,,,,,,,,1,0,,,,,,
2021,34,EB04462,11,01/21/2021,17:05,21,1,,5,Benton,0,1,,5,1,2,1,0,2,2,,,,12,0,2,17,1,0,1,6,1,2,4,0,0,0,0,CR-ROUTE 4 S,,-119.4286028,46.50484167,0,1,50,12,2,60,2,0,0,1,2,12,1,2,2,2,1,1,2,53,0,20,36,2002,0,,64,65,12,,,,1,1,43,1,7,,4,7,3,0,11,0,01/21/2021,17:05,53003621,3621,0,0,0,3,1,28,,,,0,,,,,,2,,,,,,99337,53,71,283,6,1,0,0,1,2,,0,,,,,,0,12/15/2017,06/15/2020,8,0,0,0,0,9,8,,,0,,,9,9,2,401,417,,1,1,,2,1,0,,,,,,,,,,,,,,,,,,,,,,,,,,,,,,0,0,0,0,0,0,1,1,0,0,0,0,0,0,0,1,0,0,0,0,0,0,0,0,0,0,0,0,0,1,0,0,0,0,0,,1,0,0,0,0,0,1,1,0,0,0,0,0,0,1,0,,,,,,41-45,36-45,County road,R,Thursday,Belt Used,PV,White,0,1,1,0,Other,County Sheriff,Benton County Sheriff's Office,0,0,0,0,1,,,,,,0,0,1,,,,,,,,,,,98,98,98,1,,,,,20,,,,,,,,,1,0,,,,,,
2021,34,EB04462,11,01/21/2021,17:05,21,1,,5,Benton,0,1,,5,1,2,1,0,2,2,,,,12,0,2,17,1,0,1,6,1,2,4,0,0,0,0,CR-ROUTE 4 S,,-119.4286028,46.50484167,0,2,51,62,4,60,34,0,0,1,2,12,1,2,2,2,1,1,1,53,0,20,481,2009,0,,12,,,,,,1,1,39,1,0,,2,0,3,0,11,5,,,,,0,0,3,3,1,0,,,,0,,,,,,0,,,,,,99337,53,72,240,6,1,0,0,0,1,,0,,,,,,0,01/15/2018,01/15/2018,8,0,0,0,8,9,8,,,0,,,8,0,0,0,,,0,,,0,0,996,,,,,,,,,,,,,,,,,,,,,,,,,,,,,,0,0,0,0,0,0,1,1,0,0,0,0,0,0,0,1,0,0,0,0,0,0,0,0,0,0,0,0,0,1,0,0,0,0,0,,0,0,0,0,0,0,0,0,0,0,0,0,0,0,0,0,,,,,,36-40,36-45,County road,R,Thursday,Belt Used,PV,Not Fatal,0,1,1,0,Other,County Sheriff,Benton County Sheriff's Office,0,0,0,0,1,,,,,,0,0,0,,,,,,,,,,,98,98,98,0,,,,,20,,,,,,,,,1,0,,,,,,
2021,125,EB04562,14,02/08/2021,11:12,8,2,,11,Clark,0,10,,1,2,2,1,0,3,2,,,,12,0,6,,2,0,2,5,1,2,4,0,0,3,3,CR-NE 199TH ST,NE 72ND AVE,-122.5996028,45.76575556,0,2,83,66,4,50,15,0,0,1,5,12,1,1,4,1,1,2,1,53,0,23,421,2006,0,,12,,,,,,1,1,41,8,0,,1,0,3,0,11,8,,,,,0,0,0,3,1,0,,,,96,,,,,,98,,,,,,98629,53,74,280,6,1,0,1,0,0,,0,,,,,,0,05/15/2020,05/15/2020,8,0,0,0,8,9,8,,,0,,,8,8,8,95,,,96,,,8,95,995,,,,,,,,,,,,,,,,,,,,,,,,,,,,,,0,0,0,1,1,1,1,1,1,0,0,0,0,1,0,0,0,0,0,0,0,0,0,0,0,0,0,0,0,1,0,0,0,0,0,,0,0,0,0,0,0,0,0,0,0,0,0,0,0,0,0,,,,,,41-45,36-45,County road,R,Monday,Belt Used,PV,Not Fatal,1,0,0,0,County Road,County Sheriff,Clark County Sheriff's Office,0,0,1,0,0,,,,,,0,0,0,,,,,,,,,,,98,98,98,0,,,,,20,,,,,,,,,1,0,,,NE 199TH ST,0,NE 72ND AVE,7.27
2021,125,EB04562,14,02/08/2021,11:12,8,2,,11,Clark,0,10,,1,2,2,1,0,3,2,,,,12,0,6,,2,0,2,5,1,2,4,0,0,3,3,CR-NE 199TH ST,NE 72ND AVE,-122.5996028,45.76575556,0,1,82,15,2,50,14,0,0,1,2,12,1,1,2,1,11,1,1,53,0,20,404,2008,0,,12,,,,,,1,1,47,1,7,,4,0,3,0,11,5,02/17/2021,20:20,2.37E+11,10852,0,0,0,2,1,39,,,,96,,,,,,9,,,,,,98663,53,77,255,1,1,0,0,0,0,,0,,,,,,0,07/15/2016,06/15/2020,99,0,0,0,0,9,8,,,0,,,8,1,2,695,605,401,1,1,1,2,1,0.147,,,,,,,,,,,,,,,,,,,,,,,,,,,,,,0,0,0,1,1,1,1,1,1,0,0,0,0,1,0,0,0,0,0,0,0,0,0,0,0,0,0,0,0,1,0,0,0,0,0,,1,0,0,0,0,1,1,1,0,0,0,1,0,0,0,1,,,,,,46-50,46-55,County road,R,Monday,Belt Used,PV,White,1,0,0,0,County Road,County Sheriff,Clark County Sheriff's Office,0,0,1,0,0,thc,1.4,carboxy-thc,33,,0,0,6,1,,,,,417,,,,,98,98,98,1,,,,,20,,,,,,,,nms,1,0,,,NE 199TH ST,0,NE 72ND AVE,7.27
2020,518,EB04925,39,11/21/2020,20:38,21,11,,61,Snohomish,0,1,,2,1,2,1,0,1,1,20:40,20:46,,42,0,0,0.4,1,0,1,6,1,2,4,0,0,0,0,CR-TROMBLEY,,-121.985825,47.91488333,0,1,1,13,2,35,4,0,0,1,2,42,4,2,8,1,14,1,1,53,0,52,46,2006,0,,63,42,,,,,1,1,26,1,7,,4,7,3,0,11,0,11/21/2020,20:38,53056753,56753,0,0,0,3,1,0,,,,96,,,,,,9,,,,,,98290,53,72,200,6,1,0,1,1,2,,0,,,,,,4,05/15/2016,01/15/2016,8,0,0,0,0,9,8,,,0,,,1,1,2,695,605,,1,1,,2,1,0.202,,,,,,,,,,,,,,,,,,,,,,,,,,,,,,0,0,1,0,1,1,1,1,1,0,0,0,1,0,0,0,0,0,0,0,0,0,0,0,0,0,0,0,0,1,0,0,0,0,0,,1,0,0,0,0,1,1,1,0,1,0,0,0,0,0,1,,,,,,26-30,26-35,County road,R,Saturday,Belt Used,PV,White,0,1,0,0,County Road,County Sheriff,Snohomish County Sheriff's Office,1,0,1,0,0,thc,31,carboxy-thc,14,,0,0,0,,,,,,,,,,,98,98,98,1,,,,,20,7,,,,,,,nms,1,0,,,TROMBLEY RD,0.373,,
2021,35,EB05287,39,02/07/2021,1:25,7,2,,61,Snohomish,0,10,,2,1,2,1,1,3,2,,,,9,0,0,,1,0,1,4,1,2,4,0,0,0,0,CR-84TH ST NE,,-122.0340417,48.07239167,0,2,98,98,7,50,20,0,0,1,5,9,1,2,2,1,1,2,2,53,0,37,441,2003,0,,9,,,,,,1,1,59,2,0,,0,0,3,0,11,0,,,,,0,0,3,3,1,10,,,,0,,,,,,98,,,,,,98252,53,67,200,6,1,0,0,0,0,,0,,,,,,0,,,20,0,0,0,8,9,8,,,0,,,8,8,0,0,,,0,,,0,0,996,,,,,,,,,,,,,,,,,,,,,,,,,,,,,,0,0,0,0,0,0,0,0,0,1,0,1,0,0,0,0,0,0,0,0,0,0,0,0,0,0,0,0,0,1,0,0,1,0,0,,0,0,0,0,0,0,0,0,0,0,0,0,0,0,0,0,,,,,,56-60,56-65,County road,R,Sunday,Belt Used,PV,Not Fatal,0,0,0,0,County Road,County Sheriff,Snohomish County Sheriff's Office,0,0,1,0,0,,,,,,0,0,0,,,,,,,,,,,98,98,98,0,,,,,20,,,,,,,,,1,0,,,84TH ST NE,3.585,NULL,
2021,35,EB05287,39,02/07/2021,1:25,7,2,,61,Snohomish,0,10,,2,1,2,1,1,3,2,,,,9,0,0,,1,0,1,4,1,2,4,0,0,0,0,CR-84TH ST NE,,-122.0340417,48.07239167,0,1,13,83,5,50,34,0,0,1,2,9,1,2,2,1,1,1,2,53,0,12,481,2010,0,,9,,,,,,1,1,34,2,0,,0,0,3,0,11,0,,,,,0,0,0,3,1,10,,,,0,,,,,,98,,,,,,98258,53,63,145,6,1,0,2,4,2,,0,,,,,,0,06/15/2018,02/15/2020,1,0,0,0,8,9,8,,,0,,,8,8,0,0,,,0,,,0,0,996,,,,,,,,,,,,,,,,,,,,,,,,,,,,,,0,0,0,0,0,0,0,0,0,1,0,1,0,0,0,0,0,0,0,0,0,0,0,0,0,0,0,0,0,1,0,0,1,0,0,,0,0,0,0,0,0,0,0,0,0,0,0,0,0,0,0,,,,,,31-35,26-35,County road,R,Sunday,Belt Used,PV,Not Fatal,0,0,0,0,County Road,County Sheriff,Snohomish County Sheriff's Office,0,0,1,0,0,,,,,,0,0,0,,,,,,,,,,,98,98,98,0,,,,,20,,,,,,,,,1,0,,,84TH ST NE,3.585,NULL,
2021,36,EB05893,8,02/07/2021,19:22,7,2,,27,Grays Harbor,0,10,,2,2,2,1,0,2,2,,,,12,0,2,1.5,1,0,1,5,1,2,8,0,3,0,0,MOCLIPS HWY,,-124.1961722,47.25812222,0,2,51,62,4,50,15,0,0,1,2,12,3,2,2,1,14,1,2,53,0,49,422,2016,0,,12,,,,,,1,1,40,1,0,,2,0,20,7,11,0,,,,,0,0,3,3,1,0,,,,96,,,,,,98,,,,,,98562,53,69,210,6,1,0,1,0,0,,0,,,,,,0,09/15/2017,09/15/2017,8,0,0,0,8,9,8,,,0,,,8,8,0,0,,,0,,,0,0,996,,,,,,,,,,,,,,,,,,,,,,,,,,,,,,0,0,0,0,1,1,1,1,1,0,0,0,0,0,0,0,0,0,0,1,0,0,0,0,0,1,1,0,0,1,0,0,0,0,0,,0,0,0,0,0,0,0,0,0,0,0,0,0,0,0,0,,,,,,36-40,36-45,Other,R,Sunday,Not Used,PV,Not Fatal,0,1,1,0,Other,State Patrol,Washington State Patrol,0,0,0,0,1,,,,,,0,0,0,,,,,,,,,,,98,98,98,0,,,,,20,,,,,,,,,1,0,,,,,,
2021,36,EB05893,8,02/07/2021,19:22,7,2,,27,Grays Harbor,0,10,,2,2,2,1,0,2,2,,,,12,0,2,1.5,1,0,1,5,1,2,8,0,3,0,0,MOCLIPS HWY,,-124.1961722,47.25812222,0,1,50,10,2,50,4,0,0,1,2,12,2,2,2,1,14,1,2,53,0,20,34,2000,0,,68,12,,,,,1,1,74,1,7,,4,7,20,7,11,0,02/07/2021,19:22,53007694,7694,0,0,3,3,1,28,,,,96,,,,,,98,,,,,,98587,53,69,156,6,1,0,0,0,0,,0,,,,,,0,,,20,0,0,0,0,9,8,,,0,,,8,8,2,695,605,401,1,1,1,2,1,0.146,,,,,,,,,,,,,,,,,,,,,,,,,,,,,,0,0,0,0,1,1,1,1,1,0,0,0,0,0,0,0,0,0,0,1,0,0,0,0,0,1,1,0,0,1,0,0,0,1,0,,1,0,0,0,0,1,1,1,0,0,0,0,0,0,0,1,,,,,,71-75,66-75,Other,R,Sunday,Not Used,PV,White,0,1,1,0,Other,State Patrol,Washington State Patrol,0,0,0,0,1,thc,7.2,carboxy-thc,16,,0,0,0,1,,,,,417,,,,,98,98,98,1,,,,,20,,,,,,,,nms,1,0,,,,,,
2021,37,EB06299,40,01/04/2021,1:22,4,1,,63,Spokane,0,10,,6,4,2,1,0,1,1,,,,35,0,0,2.2,1,0,1,5,1,2,4,0,0,0,0,CR-S DISHMAN MICA RD,,-117.2523083,47.59050556,0,1,1,13,2,45,4,0,0,1,5,35,3,8,2,1,14,1,1,16,0,7,29,2015,0,,63,35,43,2,,,1,1,19,2,7,,4,0,99,7,11,4,01/05/2021,12:41,2.11E+11,334,0,0,0,3,1,0,,,,96,,,,,,99,,,,,,83851,16,64,130,6,1,0,1,0,1,,0,,,,,,4,09/15/2020,09/15/2020,99,0,0,0,0,9,8,,,0,,,9,9,2,1,,,1,,,2,1,0.108,,,,,,,,,,,,,,,,,,,,,,,,,,,,,,0,0,1,0,1,1,0,1,0,0,0,0,1,0,0,0,0,0,0,0,0,1,1,0,1,0,0,0,0,1,0,0,0,0,0,,1,0,0,0,0,1,0,1,0,1,0,0,0,1,0,1,,,,,,18-20,16-25,County road,R,Monday,Unknown,PV,AIAN,0,1,0,0,County Road,County Sheriff,Spokane County Sheriff's Office,1,0,1,0,0,,,,,,0,0,0,,,,,,,,,,,98,98,98,3,,,,,20,,,,,,,,,1,0,,,DISHMAN-MICA RD,2.18,NULL,
2021,38,EB06398,5,01/31/2021,9:49,31,1,,11,Clark,0,10,,1,2,2,1,0,2,1,,,,5,1,0,17.7,1,0,1,1,1,1,1,0,0,0,0,I-5,,-122.7066861,45.86395556,0,1,0,98,7,70,14,0,0,1,5,5,1,2,3,3,1,2,2,53,0,49,401,2021,0,,5,,,,,,1,1,30,1,0,,0,0,3,0,11,0,,,,,0,0,0,2,1,0,,,,96,,,,,,98,,,,,,97204,41,68,140,1,1,0,0,0,0,,97,,,,,,0,01/15/2016,09/15/2017,20,0,0,0,8,9,8,,,0,,,9,9,0,0,,,0,,,0,0,996,,,,,,,,,,,,,,,,,,,,,,,,,,,,,,0,0,0,0,0,0,0,0,0,0,0,0,0,1,0,0,0,0,0,1,0,0,0,0,0,0,0,0,0,1,0,0,0,0,0,,0,0,0,0,0,0,0,0,0,0,0,1,0,0,0,0,,,,,,26-30,26-35,Interstate,R,Sunday,Belt Used,PV,Not Fatal,0,0,0,0,State Route,State Patrol,WASHINGTON STATE PATROL,0,1,0,0,0,,,,,,0,0,2,,,,,,,,,,,98,98,98,0,,,,,20,,,,,,,,,1,0,,,,,,
2021,39,EB06443,5,02/12/2021,10:23,12,2,,11,Clark,0,4,,1,4,2,1,0,2,2,,,,12,0,6,11.1,1,0,1,4,1,1,3,0,0,0,0,SR-500,,-122.4857556,45.67065556,0,1,66,6,1,50,4,0,0,1,2,12,1,4,2,1,1,1,1,53,0,35,47,2019,0,,68,12,,,,,1,1,52,2,1,,4,7,3,0,11,0,02/12/2021,10:23,53008093,8093,0,0,0,3,1,58,87,,,96,,,,,,98,,,,,,98661,53,62,150,6,1,0,1,1,1,,0,,,,,,4,06/15/2019,05/15/2019,2,0,0,0,0,9,8,,,0,,,8,8,2,996,404,,1,1,,2,1,0,,,,,,,,,,,,,,,,,,,,,,,,,,,,,,0,0,0,0,0,0,1,1,0,0,0,0,1,0,0,0,0,0,0,0,0,0,0,0,0,0,0,0,0,1,1,0,0,0,0,,1,0,0,0,0,0,1,1,0,1,0,0,0,0,1,0,,,,,,51-55,46-55,State route,R,Friday,Belt Used,PV,Hispanic,0,1,1,0,State Route,State Patrol,WASHINGTON STATE PATROL,0,1,0,0,0,,,,,,0,0,0,,,,,,,,,,,98,98,98,98,,,,,20,,,,,,,,,1,0,,,,,,
2021,39,EB06443,5,02/12/2021,10:23,12,2,,11,Clark,0,4,,1,4,2,1,0,2,2,,,,12,0,6,11.1,1,0,1,4,1,1,3,0,0,0,0,SR-500,,-122.4857556,45.67065556,0,2,66,62,4,50,67,0,0,1,2,12,1,4,2,1,1,1,3,53,0,7,880,2019,0,,12,,,,,,1,1,28,1,0,,0,0,3,0,11,0,,,,,0,0,0,3,1,0,,,,0,,,,,,98,,,,,,98682,53,68,228,6,1,0,1,0,1,,0,,,,,,0,04/15/2017,11/15/2018,20,0,0,0,8,9,8,,,0,,,8,8,8,95,,,96,,,8,95,995,,,,,,,,,,,,,,,,,,,,,,,,,,,,,,0,0,0,0,0,0,1,1,0,0,0,0,1,0,0,0,0,0,0,0,0,0,0,0,0,0,0,0,0,1,1,0,0,0,0,,0,0,0,0,0,0,0,0,0,0,0,0,0,0,0,0,,,,,,26-30,26-35,State route,R,Friday,,MHTRUCK,Not Fatal,0,1,1,0,State Route,State Patrol,WASHINGTON STATE PATROL,0,1,0,0,0,,,,,,0,0,0,,,,,,,,,,,98,98,98,0,,,,,20,,,,,,,,,1,0,,,,,,
2021,40,EB06654,5,02/10/2021,22:35,10,2,,11,Clark,2370,1,,3,1,1,1,1,5,1,,,,8,0,0,1.9,1,0,1,1,2,1,1,0,0,0,0,I-205,,-122.5590889,45.62376944,0,1,13,80,5,60,4,0,0,1,2,8,1,8,3,3,1,5,2,53,0,6,51,2011,0,,8,,,,,,1,1,42,1,0,,0,0,20,7,11,0,,,,,0,0,0,3,1,0,,,,96,,,,,,98,,,,,,98606,53,72,185,6,1,0,0,0,0,,0,,,,,,0,,,20,0,0,0,8,9,8,,,0,,,8,8,0,0,,,0,,,0,0,996,,,,,,,,,,,,,,,,,,,,,,,,,,,,,,0,0,0,0,0,0,0,0,0,1,0,1,0,0,0,0,0,0,0,0,0,0,0,0,0,0,0,0,0,1,0,1,0,0,0,,0,0,0,0,0,0,0,0,0,0,0,0,0,0,0,0,,,,,,41-45,36-45,Interstate,U,Wednesday,Not Used,PV,Not Fatal,0,0,0,0,State Route,State Patrol,Washington State Patrol,0,1,0,0,0,,,,,,0,0,0,,,,,,,,,,,98,98,98,0,,,,,20,,,,,,,,,1,0,,,,,,
2021,41,EB06747,6,02/13/2021,1:05,13,2,,47,Okanogan,0,10,,2,1,2,1,0,3,1,,,,1,0,0,66.8,1,0,1,4,1,1,3,0,3,0,0,SR-155,,-119.2915556,48.36681944,0,1,98,11,2,60,34,0,0,1,2,1,1,2,2,1,1,3,2,53,0,12,481,1998,0,,63,69,68,68,1,,1,1,20,1,0,,1,0,3,0,11,5,,,,,0,0,0,0,1,58,,,,96,,,,,,9,,,,,,98841,53,67,155,0,0,0,0,0,0,,12,79,,,,,0,,,8,0,0,0,8,9,8,,,0,,,1,1,2,695,605,,1,1,,2,1,0.072,,,,,,,,,,,,,,,,,,,,,,,,,,,,,,0,0,0,0,1,0,1,1,1,0,0,0,0,1,0,0,0,0,0,1,0,1,1,0,1,0,0,0,0,1,0,0,0,0,0,,0,0,0,0,1,0,1,1,0,0,0,1,0,0,0,1,,,,,,18-20,16-25,State route,R,Saturday,Belt Used,PV,Not Fatal,0,0,0,0,State Route,State Patrol,Washington State Patrol,0,1,0,0,0,thc,3.8,carboxy-thc,44,,0,0,0,,,,,,,,,,,0,0,0,0,,,,,20,,,,,,,,,1,0,,,,,,
2021,42,EB07082,315,02/11/2021,18:26,11,2,,7,Chelan,2460,1,,3,1,2,2,2,3,2,,,,12,0,7,0.8,1,0,1,3,2,1,3,0,0,0,0,SR-285,,-120.3177167,47.42840278,0,1,46,8,1,30,14,0,0,1,2,8,1,1,3,4,98,2,1,53,0,49,403,2017,0,,64,69,12,63,19,8,1,1,63,1,0,,2,0,3,0,11,5,,,,,0,0,0,3,1,0,,,,0,,,,,,1,,,,,,98802,53,73,220,6,1,0,0,0,0,,97,,,,,,0,,,1,0,0,0,8,9,8,,,0,,,0,0,0,0,,,0,,,0,0,996,,,,,,,,,,,,,,,,,,,,,,,,,,,,,,0,0,0,0,0,0,0,0,0,0,0,0,0,0,0,0,0,0,0,0,0,1,1,0,1,0,0,0,0,1,0,0,0,0,0,,0,0,0,0,0,0,0,0,0,0,0,0,0,0,0,0,,,,,,61-65,56-65,State route,U,Thursday,Belt Used,PV,Not Fatal,0,0,0,0,State Route,Municipal/City Police,Wenatchee Police Department,0,1,0,0,0,,,,,,0,0,0,,,,,,,,,,,98,98,98,0,,,,,20,,,,,,,,,1,0,,,,,,
2021,42,EB07082,315,02/11/2021,18:26,11,2,,7,Chelan,2460,1,,3,1,2,2,2,3,2,,,,12,0,7,0.8,1,0,1,3,2,1,3,0,0,0,0,SR-285,,-120.3177167,47.42840278,0,2,45,61,4,30,4,0,0,1,5,12,1,1,3,4,1,1,2,53,0,49,32,2010,0,,12,,,,,,1,1,20,2,0,,0,0,3,0,11,0,,,,,0,0,0,3,1,0,,,,96,,,,,,98,,,,,,98858,53,60,140,6,1,0,0,0,0,,0,,,,,,0,,,20,0,0,0,8,9,8,,,0,,,8,8,0,0,,,0,,,0,0,996,,,,,,,,,,,,,,,,,,,,,,,,,,,,,,0,0,0,0,0,0,0,0,0,0,0,0,0,0,0,0,0,0,0,0,0,1,1,0,1,0,0,0,0,1,0,0,0,0,0,,0,0,0,0,0,0,0,0,0,0,0,0,0,0,0,0,,,,,,18-20,16-25,State route,U,Thursday,Belt Used,PV,Not Fatal,0,0,0,0,State Route,Municipal/City Police,Wenatchee Police Department,0,1,0,0,0,,,,,,0,0,0,,,,,,,,,,,98,98,98,0,,,,,20,,,,,,,,,1,0,,,,,,
2021,43,EB07085,25,02/13/2021,20:56,13,2,,33,King,0,10,,2,1,2,1,0,2,1,,,,1,0,0,2.7,1,0,1,7,1,2,4,0,0,0,0,CR-236TH AVE SE,,-122.0269056,47.21740278,0,1,1,9,1,35,96,0,0,1,2,1,1,1,2,1,1,2,1,53,0,98,734,2019,0,,63,1,,,,,1,1,51,1,7,,4,7,20,7,11,0,02/13/2021,20:56,53008152,8152,0,0,0,1,1,87,,,,96,,,,,,9,,,,,,98022,53,65,180,6,1,0,0,0,0,,0,,,,,,4,,,20,1,9,0,0,9,8,,,0,,,0,1,2,1,,,1,,,2,1,0.254,,,,,,,,,,,,,,,,,,,,,,,,,,,,,,0,0,1,0,1,1,0,1,0,0,0,0,1,0,0,0,0,0,0,0,0,0,0,0,0,0,0,0,0,0,0,0,0,0,0,,0,0,0,0,0,1,0,1,0,1,0,0,0,1,0,1,,,,,,51-55,46-55,County road,R,Saturday,,OTHVT,White,0,1,0,0,County Road,County Sheriff,King County Police,1,0,1,0,0,,,,,,0,0,0,,,,,,,,,,,0,0,0,1,,,,,17,,,,,,,,,1,0,,,236 AVE SE,2.7,NULL,