year,case,par,repjur,crash_dt,crash_tm,accday,accmon,holiday,county,co_char,city,weather,weather2,lightcond,surfcond,surftype,numfatal,nmforms,pforms,vforms,not_tm,arr_tm,hosp_tm,fhevent,hitrun,manncol,milepnt,reljunc,reljuncinter,intersectiontype,funcsystem,landuse,ownership,route,schlbus,spejur,contdev,devfunc,trafid1,trafid2,x,y,wk_zone,vnumber,crashtype,criticalevent,criticaleventcat,spdlim,body,trailer,emerg,hazcargo,leave,mhevent,roadalgn,roadprof,traflane,trafflow,vehmanvr,numoccs,regowner,regstate,spuse,make,model,modelyr,vrf1,vrf2,seqevent1,seqevent2,seqevent3,seqevent4,seqevent5,seqevent6,pnumber,ptype,age,sex,hispanic,race,injury,diedscene,restraint,restraintmisuse,seatpos,takehosp,death_dt,death_tm,cert,cernum_wa,commlic,licendor,licrestrict,liccomp,drivpres,drf1,drf2,drf3,drf4,distract1,distract2,distract3,distract4,distract5,distract6,dricond1,dricond2,dricond3,dricond4,dricond5,dricond6,dzip,licstate,drhgt_in,weight,noncdl,noncdltype,prevdwi,prevoth,prevacc,prevspd,prevsus,driviol1,driviol2,driviol3,driviol4,driviol5,driviol6,spdrel,first_dt,last_dt,airbag,ejection,ejectpath,extricat,injurwrk,methalc,methdrug,nmlocat,strikveh,prf1,prf2,prf3,druginv,alcinvol,drugsts,drugres1,drugres2,drugres3,drugtst1,drugtst2,drugtst3,alcsts,alctst,alcres,nmact1,nmact2,nmact3,nmact4,nmact5,nmact6,nmprior1,nmprior2,nmprior3,nmprior4,nmprior5,nmprior6,nmcond1,nmcond2,nmcond3,nmcond4,nmcond5,nmcond6,nmsafe_helmet,nmsafe_pads,nmsafe_oth,nmprev_ref,nmprev_lgt,nmprev_oth,crashlocation,nmcrashtype,crosswalk,schoolzone,sidewalk,train_inv,wildlife_inv,rotr_fars,intersect_fars,dd_inv,aid_inv,dpd_inv,id_inv,mj_inv,impnm_inv,ainm_inv,dpnm_inv,speed_inv,unlic_inv,unendmc_inv,drowsy_inv,drdist_inv,nmdist_inv,fty_inv,unrestfat_inv,dr1617_inv,dr1820_inv,dr1620_inv,dr2125_inv,dr1625_inv,dr65_inv,dr70_inv,dr75_inv,mc_inv,pv_inv,ht_inv,ped_inv,bike_inv,unrest_fat,mc_fat,unhelmet_mc,pv_fat,ht_fat,ped_fat,bike_fat,dr_alc7,dr_alc8,dr_drug,dr_imp,dr_dist,dr_spd,dr_fty,dr_unlic,dr_alc7only,dr_alc8only,dr_drugonly,dr_drink,nm_imp,nm_alc7,nm_alc8,nm_drug,nm_dist,agegrp1,agegrp2,roadclass,urbrur,dayweek,restuse,vehtype,race_me,intersect,lanedep,oppdir,wrongway,rep_typ,investag,repag_long,rotr,st_rd,cty_rd,city_rd,oth_rd,drug_thc,thc_res,drug_cthc,cthc_res,drug_cann,prevpersemin,prevperse,prevsusoth,drugtst4,drugtst5,drugtst6,drugtst7,drugtst8,drugres4,drugres5,drugres6,drugres7,drugres8,adspresent,adsengaged,adslevel,race1,race2,race3,race4,race5,helmet,helmetmisuse,nmdistract1,nmdistract2,nmdistract3,nmdistract4,nmdistract5,nmdistract6,lab,isedtcase,crf1,crf2,crf3,CoRoadName,CoMP,IntCoRoadName,IntCoMP
2021,617,EB07358,248,02/12/2021,11:45,12,2,,33,King,1830,1,,1,1,2,1,0,1,1,,,,41,0,0,4.1,1,0,1,3,2,1,3,0,0,0,0,SR-900,,-122.1953056,47.50234167,0,1,1,8,1,40,4,0,0,1,2,41,2,3,4,1,14,1,1,53,0,13,1,1992,0,,63,41,,,,,1,1,81,1,7,,4,0,3,0,11,8,02/14/2021,2:50,1.83E+11,8144,0,0,0,0,1,0,,,,92,,,,,,98,,,,,,98056,53,68,200,0,0,0,2,2,0,,0,,,,,,0,07/15/2017,04/15/2017,8,0,0,0,0,9,8,,,0,,,8,8,2,1,,,1,,,2,1,0,,,,,,,,,,,,,,,,,,,,,,,,,,,,,,0,0,1,0,0,0,0,0,0,0,0,0,0,1,0,0,1,0,0,0,0,0,0,0,0,1,1,1,0,1,0,0,0,0,0,,1,0,0,0,0,0,0,0,1,0,0,1,0,0,0,0,,,,,,81+,76+,State route,U,Friday,Belt Used,PV,White,1,0,0,0,State Route,Municipal/City Police,Renton Police Department,0,1,0,0,0,,,,,,0,0,2,,,,,,,,,,,0,0,0,1,,,,,20,,,,,,,,,1,0,,,,,,
2021,45,EB07892,29,02/01/2021,0:00,1,2,,41,Lewis,0,2,,2,2,2,1,0,1,1,,,,24,0,0,0.6,1,0,1,5,1,2,4,0,0,0,0,CR-CENTRALIA ALPHA RD,,-122.9293056,46.69326667,0,1,6,12,2,35,83,0,0,1,2,24,3,2,2,1,14,1,2,53,0,37,704,2005,0,,68,64,24,,,,1,1,37,1,7,,4,7,20,7,11,0,02/01/2021,0:00,53007458,7458,0,0,3,2,1,23,,,,96,,,,,,98,,,,,,98585,53,72,220,6,1,2,1,1,0,,0,,,,,,4,07/15/2017,08/15/2020,20,8,0,0,0,9,8,,,0,,,9,9,2,1,,,1,,,2,1,0.245,,,,,,,,,,,,,,,,,,,,,,,,,,,,,,0,0,1,0,1,1,0,1,0,0,0,0,1,0,1,0,0,0,0,0,0,0,0,0,0,0,0,0,1,0,0,0,0,0,1,0,0,0,0,0,0,1,0,1,0,1,0,0,0,1,0,1,,,,,,36-40,36-45,County road,R,Monday,,MC,White,0,1,0,0,County Road,County Sheriff,Lewis County Sheriff's Office,1,0,1,0,0,,,,,,0,2,0,,,,,,,,,,,0,0,0,1,,,,,5,,,,,,,,,1,0,,,CENTRALIA ALPHA RD,0.6,NULL,
2021,116,EB08960,4,02/20/2021,21:00,20,2,,51,Pend Oreille,0,10,,2,1,2,1,0,3,2,,,,12,0,2,430.4,1,0,1,4,1,1,3,0,0,0,0,SR-20,,-117.155625,48.22951667,0,2,51,62,4,55,34,0,0,1,2,12,1,2,2,1,1,2,1,16,0,7,482,2012,0,,12,,,,,,1,1,36,1,0,,2,0,20,7,11,0,,,,,6,0,0,3,1,0,,,,96,,,,,,9,,,,,,83856,16,73,290,6,1,0,1,0,0,,0,,,,,,0,12/15/2018,12/15/2018,8,0,0,0,8,9,8,,,0,,,8,1,2,1,,,1,,,2,1,0.15,,,,,,,,,,,,,,,,,,,,,,,,,,,,,,0,0,0,0,1,1,1,1,1,0,0,0,0,0,0,0,0,0,0,0,0,0,0,1,1,0,0,0,0,1,0,0,0,0,0,,0,0,0,0,0,1,0,1,0,0,0,0,0,1,0,1,,,,,,36-40,36-45,State route,R,Saturday,Not Used,PV,Not Fatal,0,1,1,0,State Route,State Patrol,Washington State Patrol,0,1,0,0,0,,,,,,0,0,0,,,,,,,,,,,98,98,98,0,,,,,20,,,,,,,,,0,0,,,,,,
2021,116,EB08960,4,02/20/2021,21:00,20,2,,51,Pend Oreille,0,10,,2,1,2,1,0,3,2,,,,12,0,2,430.4,1,0,1,4,1,1,3,0,0,0,0,SR-20,,-117.155625,48.22951667,0,1,50,10,2,55,4,0,0,1,2,12,1,8,2,1,1,1,1,53,0,12,23,2010,0,,68,12,,,,,1,1,24,2,7,,4,7,3,0,11,0,02/20/2021,21:00,53009087,9087,0,0,3,3,1,28,,,,96,,,,,,9,,,,,,99119,53,70,200,6,1,0,1,0,0,,0,,,,,,0,07/15/2020,07/15/2020,8,0,0,0,0,1,8,,,0,,,1,1,2,695,605,996,1,1,1,2,1,0.197,,,,,,,,,,,,,,,,,,,,,,,,,,,,,,0,0,0,0,1,1,1,1,1,0,0,0,0,0,0,0,0,0,0,0,0,0,0,1,1,0,0,0,0,1,0,0,0,0,0,,1,0,0,0,0,1,1,1,0,0,0,0,0,0,0,1,,,,,,21-25,16-25,State route,R,Saturday,Belt Used,PV,AIAN,0,1,1,0,State Route,State Patrol,Washington State Patrol,0,1,0,0,0,thc,14,carboxy-thc,29,,0,0,0,1,1,,,,996,334,,,,98,98,98,3,,,,,20,,,,,,,,nms,0,0,,,,,,
2021,117,EB09180,2,02/19/2021,5:30,19,2,,61,Snohomish,171,2,,6,2,2,2,2,1,1,,,,8,1,0,8.6,1,0,1,4,2,1,3,0,0,0,0,SR-524,,-122.2271194,47.81288056,0,1,13,11,2,35,4,0,0,1,2,8,1,2,2,1,1,1,2,53,0,20,37,2018,0,,63,8,8,,,,1,1,27,1,0,,0,0,99,7,11,0,,,,,0,0,0,2,1,0,,,,96,,,,,,99,,,,,,98012,53,69,195,1,1,0,1,1,1,,97,,,,,,0,12/15/2019,10/15/2020,99,0,0,0,8,9,8,,,0,,,8,8,8,95,,,96,,,8,95,995,,,,,,,,,,,,,,,,,,,,,,,,,,,,,,0,0,0,0,0,0,0,0,0,1,0,1,0,1,0,0,0,0,0,0,0,0,0,0,0,0,0,0,0,1,0,1,0,0,0,,0,0,0,0,0,0,0,0,0,0,0,1,0,0,0,0,,,,,,26-30,26-35,State route,U,Friday,Unknown,PV,Not Fatal,0,0,0,0,State Route,State Patrol,Washington State Patrol,0,1,0,0,0,,,,,,0,0,1,,,,,,,,,,,98,98,98,0,,,,,20,,,,,,,,,0,0,,,,,,
2021,599,EB09646,45,02/25/2021,15:50,25,2,,73,Whatcom,0,10,,1,1,2,1,0,2,2,,,,12,0,6,5.8,8,0,1,5,1,2,4,0,0,0,0,CR-HANNEGAN RD,,-122.4427417,48.86155833,0,1,68,15,2,50,34,0,0,1,2,12,1,1,2,1,11,1,1,53,0,49,472,2004,0,,12,,,,,,1,1,86,2,7,,4,0,3,0,11,8,03/19/2021,3:58,1.96E+11,13813,0,0,3,3,1,38,,,,96,,,,,,98,,,,,,98226,53,65,140,6,1,0,0,0,0,,46,,,,,,0,,,1,0,0,0,0,9,8,,,0,,,8,8,0,0,,,0,,,0,0,996,,,,,,,,,,,,,,,,,,,,,,,,,,,,,,0,0,0,0,0,0,0,0,0,0,0,0,0,0,0,0,0,0,1,0,0,0,0,0,0,1,1,1,0,1,0,0,0,0,0,,1,0,0,0,0,0,0,0,0,0,1,0,0,0,0,0,,,,,,81+,76+,County road,R,Thursday,Belt Used,PV,White,0,0,0,0,County Road,County Sheriff,Whatcom County Sheriff's Office,0,0,1,0,0,,,,,,0,0,0,,,,,,,,,,,98,98,98,1,,,,,20,,,,,,,,,1,0,,,HANNEGAN RD,5.8,NULL,
2021,599,EB09646,45,02/25/2021,15:50,25,2,,73,Whatcom,0,10,,1,1,2,1,0,2,2,,,,12,0,6,5.8,8,0,1,5,1,2,4,0,0,0,0,CR-HANNEGAN RD,,-122.4427417,48.86155833,0,2,69,62,4,50,6,0,0,1,2,12,1,1,2,1,1,1,1,53,0,12,13,1994,0,,12,,,,,,1,1,31,1,0,,1,0,3,0,11,8,,,,,0,0,0,3,1,0,,,,96,,,,,,98,,,,,,98226,53,71,245,6,1,0,0,0,0,,0,,,,,,0,,,20,0,0,0,8,9,8,,,0,,,8,8,0,0,,,0,,,0,0,996,,,,,,,,,,,,,,,,,,,,,,,,,,,,,,0,0,0,0,0,0,0,0,0,0,0,0,0,0,0,0,0,0,1,0,0,0,0,0,0,1,1,1,0,1,0,0,0,0,0,,0,0,0,0,0,0,0,0,0,0,0,0,0,0,0,0,,,,,,31-35,26-35,County road,R,Thursday,Belt Used,PV,Not Fatal,0,0,0,0,County Road,County Sheriff,Whatcom County Sheriff's Office,0,0,1,0,0,,,,,,0,0,0,,,,,,,,,,,0,0,0,0,,,,,20,,,,,,,,,1,0,,,HANNEGAN RD,5.8,NULL,
2021,46,EB10266,1,02/26/2021,10:44,26,2,,77,Yakima,0,1,,1,1,2,1,0,2,2,,,,12,0,7,0.2,20,1,1,1,2,1,1,0,0,0,0,I-82 RAMP,,-120.4753694,46.54045556,0,1,98,21,2,35,6,0,0,1,2,12,1,1,1,6,12,1,1,53,0,2,1,2007,0,,12,,,,,,1,1,22,2,0,,2,0,3,0,11,5,,,,,0,0,0,0,1,48,,,,96,,,,,,0,,,,,,98908,53,63,140,0,0,0,1,1,1,,97,,,,,,0,02/15/2020,09/15/2021,20,0,0,0,8,9,8,,,0,,,0,8,0,0,,,0,,,0,0,996,,,,,,,,,,,,,,,,,,,,,,,,,,,,,,0,0,0,0,1,0,1,1,0,0,0,0,0,1,0,0,0,0,0,0,0,0,0,1,1,0,0,0,0,1,0,0,0,0,0,,0,0,0,0,0,0,0,0,0,0,0,1,0,0,0,0,,,,,,21-25,16-25,Interstate,U,Friday,Belt Used,PV,Not Fatal,0,0,0,0,State Route,State Patrol,Washington State Patrol,0,1,0,0,0,,,,,,0,0,0,,,,,,,,,,,98,98,98,0,,,,,20,,,,,,,,,1,0,,,,,,
2021,46,EB10266,1,02/26/2021,10:44,26,2,,77,Yakima,0,1,,1,1,2,1,0,2,2,,,,12,0,7,0.2,20,1,1,1,2,1,1,0,0,0,0,I-82 RAMP,,-120.4753694,46.54045556,0,2,98,98,7,35,6,0,0,1,2,3,1,1,1,6,1,1,1,53,0,48,45,2012,0,,12,68,64,1,3,,1,1,60,1,7,,4,0,3,0,11,5,02/27/2021,20:08,2.59E+11,10220,0,0,3,3,1,0,,,,0,,,,,,98,,,,,,98953,53,74,200,6,1,0,0,1,0,,0,,,,,,0,10/15/2017,10/15/2017,8,0,0,0,0,1,8,,,0,,,9,1,2,348,996,151,1,1,1,2,1,0.036,,,,,,,,,,,,,,,,,,,,,,,,,,,,,,0,0,0,0,1,0,1,1,0,0,0,0,0,1,0,0,0,0,0,0,0,0,0,1,1,0,0,0,0,1,0,0,0,0,0,,1,0,0,0,1,0,1,1,0,0,0,0,0,0,0,1,,,,,,56-60,56-65,Interstate,U,Friday,Belt Used,PV,White,0,0,0,0,State Route,State Patrol,Washington State Patrol,0,1,0,0,0,,,,,,0,0,0,1,,,,,996,,,,,98,98,98,1,,,,,20,,,,,,,,,1,0,,,,,,
2021,47,EB10644,8,02/19/2021,18:05,19,2,,35,Kitsap,0,10,,2,2,2,1,1,2,3,,,,12,0,6,3.2,8,0,1,4,1,1,3,0,0,0,0,SR-160,,-122.5814528,47.50508611,0,2,98,50,3,45,6,0,0,1,2,12,1,1,2,1,1,1,1,53,0,55,35,2009,0,,12,8,68,12,,,1,1,74,1,0,,1,0,3,0,11,5,,,,,0,0,3,3,1,0,,,,0,,,,,,98,,,,,,98366,53,69,180,6,1,0,0,0,0,,0,,,,,,0,,,1,0,0,0,8,9,8,,,0,,,8,8,8,95,,,96,,,8,95,995,,,,,,,,,,,,,,,,,,,,,,,,,,,,,,0,0,0,0,0,0,0,0,0,0,0,0,0,0,0,0,0,0,0,0,0,0,0,0,0,1,1,0,0,1,0,1,0,0,0,,0,0,0,0,0,0,0,0,0,0,0,0,0,0,0,0,,,,,,71-75,66-75,State route,R,Friday,Belt Used,PV,Not Fatal,0,1,1,0,State Route,State Patrol,Washington State Patrol,0,1,0,0,0,,,,,,0,0,0,,,,,,,,,,,98,98,98,0,,,,,20,,,,,,,,,1,0,,,,,,
2021,47,EB10644,8,02/19/2021,18:05,19,2,,35,Kitsap,0,10,,2,2,2,1,1,2,3,,,,12,0,6,3.2,8,0,1,4,1,1,3,0,0,0,0,SR-160,,-122.5814528,47.50508611,0,3,98,62,4,45,4,0,0,1,2,12,1,1,2,1,5,1,3,53,0,12,17,2009,0,,12,,,,,,1,1,29,1,0,,0,0,3,0,11,0,,,,,0,0,3,3,1,0,,,,0,,,,,,98,,,,,,98367,53,68,136,6,1,0,0,0,0,,0,,,,,,0,,,1,0,0,0,8,9,8,,,0,,,8,8,8,95,,,96,,,8,95,995,,,,,,,,,,,,,,,,,,,,,,,,,,,,,,0,0,0,0,0,0,0,0,0,0,0,0,0,0,0,0,0,0,0,0,0,0,0,0,0,1,1,0,0,1,0,1,0,0,0,,0,0,0,0,0,0,0,0,0,0,0,0,0,0,0,0,,,,,,26-30,26-35,State route,R,Friday,Belt Used,PV,Not Fatal,0,1,1,0,State Route,State Patrol,Washington State Patrol,0,1,0,0,0,,,,,,0,0,0,,,,,,,,,,,98,98,98,0,,,,,20,,,,,,,,,1,0,,,,,,
2021,48,EB10945,5,02/23/2021,3:08,23,2,,11,Clark,0,10,,2,1,2,1,1,5,4,,,,8,0,0,9.1,1,0,1,1,2,1,1,0,0,0,0,I-5,,-122.6611306,45.74499167,0,2,98,80,5,60,4,0,0,1,2,8,1,1,4,3,1,1,9,13,0,34,34,2017,0,,8,,,,,,1,1,37,1,0,,0,0,3,0,11,0,,,,,0,0,0,3,1,0,,,,96,,,,,,98,,,,,,97267,41,70,170,6,1,0,1,1,1,,0,,,,,,0,01/15/2019,12/15/2020,20,0,0,0,8,9,8,,,0,,,8,8,0,0,,,0,,,0,0,996,,,,,,,,,,,,,,,,,,,,,,,,,,,,,,0,0,0,0,0,0,0,0,0,1,0,1,0,0,0,0,0,0,0,0,0,0,0,0,0,0,0,0,0,1,1,1,0,0,0,,0,0,0,0,0,0,0,0,0,0,0,0,0,0,0,0,,,,,,36-40,36-45,Interstate,U,Tuesday,Belt Used,PV,Not Fatal,0,0,0,0,State Route,State Patrol,Washington State Patrol,0,1,0,0,0,,,,,,0,0,0,,,,,,,,,,,98,98,98,0,,,,,20,,,,,,,,,1,0,,,,,,
2021,48,EB10945,5,02/23/2021,3:08,23,2,,11,Clark,0,10,,2,1,2,1,1,5,4,,,,8,0,0,9.1,1,0,1,1,2,1,1,0,0,0,0,I-5,,-122.6611306,45.74499167,0,3,98,80,5,60,66,1,0,1,2,8,1,1,4,3,1,1,3,18,0,82,881,2020,0,,8,,,,,,1,1,31,2,0,,0,0,3,0,11,0,,,,,6,1,3,3,1,0,,,,96,,,,,,98,,,,,,97322,41,61,215,6,1,0,2,1,0,,0,,,,,,0,06/15/2018,05/15/2019,20,0,0,0,8,9,8,,,0,,,0,8,0,0,,,0,,,0,0,996,,,,,,,,,,,,,,,,,,,,,,,,,,,,,,0,0,0,0,0,0,0,0,0,1,0,1,0,0,0,0,0,0,0,0,0,0,0,0,0,0,0,0,0,1,1,1,0,0,0,,0,0,0,0,0,0,0,0,0,0,0,0,0,0,0,0,,,,,,31-35,26-35,Interstate,U,Tuesday,,MHTRUCK,Not Fatal,0,0,0,0,State Route,State Patrol,Washington State Patrol,0,1,0,0,0,,,,,,0,0,0,,,,,,,,,,,98,98,98,0,,,,,20,,,,,,,,,1,0,,,,,,
2021,48,EB10945,5,02/23/2021,3:08,23,2,,11,Clark,0,10,,2,1,2,1,1,5,4,,,,8,0,0,9.1,1,0,1,1,2,1,1,0,0,0,0,I-5,,-122.6611306,45.74499167,0,1,13,80,5,60,66,1,0,1,2,8,1,1,4,3,1,1,3,18,0,85,881,2013,0,,8,,,,,,1,1,42,1,0,,0,0,3,0,11,0,,,,,6,0,0,3,1,0,,,,96,,,,,,98,,,,,,98374,53,68,178,6,1,0,0,2,0,,0,,,,,,0,12/15/2017,06/15/2018,20,0,0,0,8,9,8,,,0,,,8,8,0,0,,,0,,,0,0,996,,,,,,,,,,,,,,,,,,,,,,,,,,,,,,0,0,0,0,0,0,0,0,0,1,0,1,0,0,0,0,0,0,0,0,0,0,0,0,0,0,0,0,0,1,1,1,0,0,0,,0,0,0,0,0,0,0,0,0,0,0,0,0,0,0,0,,,,,,41-45,36-45,Interstate,U,Tuesday,,MHTRUCK,Not Fatal,0,0,0,0,State Route,State Patrol,Washington State Patrol,0,1,0,0,0,,,,,,0,0,0,,,,,,,,,,,98,98,98,0,,,,,20,,,,,,,,,1,0,,,,,,
2021,48,EB10945,5,02/23/2021,3:08,23,2,,11,Clark,0,10,,2,1,2,1,1,5,4,,,,8,0,0,9.1,1,0,1,1,2,1,1,0,0,0,0,I-5,,-122.6611306,45.74499167,0,4,98,80,5,60,4,0,0,1,5,8,1,1,4,3,1,2,1,53,0,37,31,2008,0,,8,,,,,,1,1,47,2,0,,0,0,99,7,11,0,,,,,0,0,0,3,1,0,,,,96,,,,,,98,,,,,,98665,53,61,210,6,1,0,0,0,0,,0,,,,,,0,08/15/2016,02/15/2017,20,0,0,0,8,9,8,,,0,,,8,8,0,0,,,0,,,0,0,996,,,,,,,,,,,,,,,,,,,,,,,,,,,,,,0,0,0,0,0,0,0,0,0,1,0,1,0,0,0,0,0,0,0,0,0,0,0,0,0,0,0,0,0,1,1,1,0,0,0,,0,0,0,0,0,0,0,0,0,0,0,0,0,0,0,0,,,,,,46-50,46-55,Interstate,U,Tuesday,Unknown,PV,Not Fatal,0,0,0,0,State Route,State Patrol,Washington State Patrol,0,1,0,0,0,,,,,,0,0,3,,,,,,,,,,,98,98,98,0,,,,,20,,,,,,,,,1,0,,,,,,
2020,527,EB10973,199,01/03/2020,16:47,3,1,,53,Pierce,1350,2,,5,2,2,1,1,1,1,,,,8,0,0,2,1,0,1,3,2,1,3,0,3,0,0,SR-99,,-122.3362278,47.25696389,0,1,13,80,5,45,6,0,0,1,5,8,1,1,5,5,1,1,1,53,0,48,45,2016,0,,8,,,,,,1,1,51,1,0,,0,0,3,0,11,0,,,,,0,0,3,3,1,0,,,,96,,,,,,98,,,,,,98406,53,72,205,6,1,0,0,0,1,,0,,,,,,0,02/15/2019,02/15/2019,20,0,0,0,8,9,8,,,0,,,8,8,8,95,,,96,,,2,98,0,,,,,,,,,,,,,,,,,,,,,,,,,,,,,,0,0,0,0,0,0,0,0,0,1,0,1,0,0,0,0,0,0,0,0,0,0,0,0,0,0,0,0,0,1,0,1,0,0,0,,0,0,0,0,0,0,0,0,0,0,0,0,0,0,0,0,,,,,,51-55,46-55,State route,U,Friday,Belt Used,PV,Not Fatal,0,0,0,0,State Route,Municipal/City Police,Milton Police Department,0,1,0,0,0,,,,,,0,0,0,,,,,,,,,,,98,98,98,0,,,,,20,7,,,,,,,,0,0,,,,,,
2021,49,EB11024,38,02/21/2021,11:30,21,2,,59,Skamania,0,2,,1,2,2,1,0,1,1,,,,1,0,0,11.2,1,0,1,5,1,2,4,0,0,0,0,CR-COOK UNDERWOOD RD,,-121.5576306,45.73218056,0,1,1,13,2,40,15,0,0,1,2,1,3,2,2,1,14,1,1,53,0,37,421,2012,0,,63,67,1,,,,1,1,67,1,7,,4,7,20,7,11,0,02/21/2021,11:30,53010560,10560,0,0,3,3,1,0,,,,0,,,,,,2,,,,,,98605,53,72,240,6,1,0,0,0,0,,0,,,,,,0,,,1,0,0,0,0,9,8,,,0,,,9,9,2,1,,,1,,,2,1,0,,,,,,,,,,,,,,,,,,,,,,,,,,,,,,0,0,1,0,0,0,0,0,0,0,0,0,0,0,0,1,0,0,0,1,0,0,0,0,0,1,0,0,0,1,0,0,0,1,0,,1,0,0,0,0,0,0,0,0,0,0,0,0,0,0,0,,,,,,66-70,66-75,County road,R,Sunday,Not Used,PV,White,0,1,0,0,County Road,County Sheriff,Skamania County Sheriff's Office,1,0,1,0,0,,,,,,0,0,0,,,,,,,,,,,98,98,98,1,,,,,20,,,,,,,,,1,0,,,COOK-UNDERWOOD ROAD,11.2,NULL,
2021,59,EB11102,1,02/25/2021,12:20,25,2,,77,Yakima,0,1,,1,1,2,1,0,4,3,,,,12,0,2,58.9,2,0,3,3,1,1,2,0,3,0,0,US-97,ROCKY FORD RD,-120.3205306,46.3387,0,2,98,98,7,60,6,0,0,1,2,12,1,1,2,1,1,1,1,53,0,12,24,2018,0,,12,,,,,,1,1,49,2,0,,0,0,3,0,11,0,,,,,0,0,0,3,1,0,,,,96,,,,,,98,,,,,,98930,53,60,138,6,1,0,0,0,0,,0,,,,,,0,,,20,0,0,0,8,9,8,,,0,,,8,8,0,0,,,0,,,0,0,996,,,,,,,,,,,,,,,,,,,,,,,,,,,,,,0,0,0,1,0,0,0,0,0,0,0,0,0,0,0,0,0,0,1,0,0,0,0,0,0,1,1,1,0,1,1,0,0,0,0,,0,0,0,0,0,0,0,0,0,0,0,0,0,0,0,0,,,,,,46-50,46-55,US highway,R,Thursday,Belt Used,PV,Not Fatal,1,0,0,0,State Route,State Patrol,Washington State Patrol,0,1,0,0,0,,,,,,0,0,0,,,,,,,,,,,98,98,98,0,,,,,20,,,,,,,,,1,0,,,,,,
2021,59,EB11102,1,02/25/2021,12:20,25,2,,77,Yakima,0,1,,1,1,2,1,0,4,3,,,,12,0,2,58.9,2,0,3,3,1,1,2,0,3,0,0,US-97,ROCKY FORD RD,-120.3205306,46.3387,0,3,69,62,4,60,66,1,0,1,2,12,1,1,2,1,1,2,3,53,0,87,881,2007,0,,12,63,24,,,,1,1,65,1,0,,0,0,3,0,11,0,,,,,6,1,0,3,1,0,,,,96,,,,,,98,,,,,,98935,53,66,190,6,1,0,3,0,1,,0,,,,,,0,12/15/2017,01/15/2020,20,0,0,0,8,9,8,,,0,,,8,8,0,0,,,0,,,0,0,996,,,,,,,,,,,,,,,,,,,,,,,,,,,,,,0,0,0,1,0,0,0,0,0,0,0,0,0,0,0,0,0,0,1,0,0,0,0,0,0,1,1,1,0,1,1,0,0,0,0,,0,0,0,0,0,0,0,0,0,0,0,0,0,0,0,0,,,,,,61-65,56-65,US highway,R,Thursday,,MHTRUCK,Not Fatal,1,0,0,0,State Route,State Patrol,Washington State Patrol,0,1,0,0,0,,,,,,0,0,0,,,,,,,,,,,98,98,98,0,,,,,20,,,,,,,,,1,0,,,,,,
2021,59,EB11102,1,02/25/2021,12:20,25,2,,77,Yakima,0,1,,1,1,2,1,0,4,3,,,,12,0,2,58.9,2,0,3,3,1,1,2,0,3,0,0,US-97,ROCKY FORD RD,-120.3205306,46.3387,0,1,68,15,2,60,4,0,0,1,2,12,1,1,2,1,11,1,2,53,0,14,17,2005,0,,12,12,,,,,1,1,93,1,7,,4,0,3,0,11,5,03/09/2021,15:41,1.96E+11,11837,0,0,0,3,1,38,48,,,96,,,,,,98,,,,,,98948,53,69,230,6,1,0,0,0,0,,0,,,,,,0,,,1,0,0,0,0,9,8,,,0,,,8,8,0,0,,,0,,,0,0,996,,,,,,,,,,,,,,,,,,,,,,,,,,,,,,0,0,0,1,0,0,0,0,0,0,0,0,0,0,0,0,0,0,1,0,0,0,0,0,0,1,1,1,0,1,1,0,0,0,0,,1,0,0,0,0,0,0,0,0,0,1,0,0,0,0,0,,,,,,81+,76+,US highway,R,Thursday,Belt Used,PV,White,1,0,0,0,State Route,State Patrol,Washington State Patrol,0,1,0,0,0,,,,,,0,0,0,,,,,,,,,,,98,98,98,1,,,,,20,,,,,,,,,1,0,,,,,,
2021,51,EB11532,7,02/25/2021,19:25,25,2,,33,King,100,10,,3,1,1,1,0,2,2,,,,12,0,2,6.8,1,0,1,2,2,1,3,0,0,0,0,SR-18,,-122.1838972,47.29860556,0,2,52,54,3,60,20,0,0,1,2,2,3,1,2,3,14,1,1,53,0,37,441,2007,0,,12,63,2,,,,1,1,36,1,7,,4,7,99,7,11,0,02/25/2021,19:25,10053011622,11622,0,0,3,3,1,0,,,,0,,,,,,98,,,,,,98042,53,69,200,6,1,0,0,0,0,,0,,,,,,0,,,99,0,0,0,0,9,8,,,0,,,9,9,2,402,407,,1,1,,2,1,0,,,,,,,,,,,,,,,,,,,,,,,,,,,,,,0,0,0,0,0,0,1,1,1,0,0,0,0,1,0,0,0,0,0,0,0,0,0,0,0,0,0,0,0,1,0,0,0,0,0,,1,0,0,0,0,0,1,1,0,0,0,0,0,0,1,0,,,,,,36-40,36-45,State route,U,Thursday,Unknown,PV,API,0,0,0,1,State Route,State Patrol,Washington State Patrol,0,1,0,0,0,,,,,,0,0,0,,,,,,,,,,,98,98,98,68,,,,,20,,,,,,,,,1,0,,,,,,
2021,51,EB11532,7,02/25/2021,19:25,25,2,,33,King,100,10,,3,1,1,1,0,2,2,,,,12,0,2,6.8,1,0,1,2,2,1,3,0,0,0,0,SR-18,,-122.1838972,47.29860556,0,1,52,54,3,60,14,0,0,1,2,12,4,1,2,3,14,1,1,53,0,20,403,2005,0,,12,,,,,,1,1,39,1,0,,3,0,99,7,11,5,,,,,0,0,0,2,1,6,51,,,96,,,,,,9,,,,,,98349,53,68,175,1,1,0,4,0,1,,97,,,,,,0,01/15/2017,04/15/2021,1,0,0,0,8,9,8,,,0,,,1,0,2,401,417,695,1,1,1,2,1,0,,,,,,,,,,,,,,,,,,,,,,,,,,,,,,0,0,0,0,0,0,1,1,1,0,0,0,0,1,0,0,0,0,0,0,0,0,0,0,0,0,0,0,0,1,0,0,0,0,0,,0,0,0,0,0,0,1,1,0,0,0,1,0,0,1,0,,,,,,36-40,36-45,State route,U,Thursday,Unknown,PV,Not Fatal,0,0,0,1,State Route,State Patrol,Washington State Patrol,0,1,0,0,0,thc,4.7,carboxy-thc,63,,0,0,1,1,1,1,,,605,321,351,,,98,98,98,0,,,,,20,,,,,,,,,1,0,,,,,,