year,case,par,repjur,crash_dt,crash_tm,accday,accmon,holiday,county,co_char,city,weather,weather2,lightcond,surfcond,surftype,numfatal,nmforms,pforms,vforms,not_tm,arr_tm,hosp_tm,fhevent,hitrun,manncol,milepnt,reljunc,reljuncinter,intersectiontype,funcsystem,landuse,ownership,route,schlbus,spejur,contdev,devfunc,trafid1,trafid2,x,y,wk_zone,vnumber,crashtype,criticalevent,criticaleventcat,spdlim,body,trailer,emerg,hazcargo,leave,mhevent,roadalgn,roadprof,traflane,trafflow,vehmanvr,numoccs,regowner,regstate,spuse,make,model,modelyr,vrf1,vrf2,seqevent1,seqevent2,seqevent3,seqevent4,seqevent5,seqevent6,pnumber,ptype,age,sex,hispanic,race,injury,diedscene,restraint,restraintmisuse,seatpos,takehosp,death_dt,death_tm,cert,cernum_wa,commlic,licendor,licrestrict,liccomp,drivpres,drf1,drf2,drf3,drf4,distract1,distract2,distract3,distract4,distract5,distract6,dricond1,dricond2,dricond3,dricond4,dricond5,dricond6,dzip,licstate,drhgt_in,weight,noncdl,noncdltype,prevdwi,prevoth,prevacc,prevspd,prevsus,driviol1,driviol2,driviol3,driviol4,driviol5,driviol6,spdrel,first_dt,last_dt,airbag,ejection,ejectpath,extricat,injurwrk,methalc,methdrug,nmlocat,strikveh,prf1,prf2,prf3,druginv,alcinvol,drugsts,drugres1,drugres2,drugres3,drugtst1,drugtst2,drugtst3,alcsts,alctst,alcres,nmact1,nmact2,nmact3,nmact4,nmact5,nmact6,nmprior1,nmprior2,nmprior3,nmprior4,nmprior5,nmprior6,nmcond1,nmcond2,nmcond3,nmcond4,nmcond5,nmcond6,nmsafe_helmet,nmsafe_pads,nmsafe_oth,nmprev_ref,nmprev_lgt,nmprev_oth,crashlocation,nmcrashtype,crosswalk,schoolzone,sidewalk,train_inv,wildlife_inv,rotr_fars,intersect_fars,dd_inv,aid_inv,dpd_inv,id_inv,mj_inv,impnm_inv,ainm_inv,dpnm_inv,speed_inv,unlic_inv,unendmc_inv,drowsy_inv,drdist_inv,nmdist_inv,fty_inv,unrestfat_inv,dr1617_inv,dr1820_inv,dr1620_inv,dr2125_inv,dr1625_inv,dr65_inv,dr70_inv,dr75_inv,mc_inv,pv_inv,ht_inv,ped_inv,bike_inv,unrest_fat,mc_fat,unhelmet_mc,pv_fat,ht_fat,ped_fat,bike_fat,dr_alc7,dr_alc8,dr_drug,dr_imp,dr_dist,dr_spd,dr_fty,dr_unlic,dr_alc7only,dr_alc8only,dr_drugonly,dr_drink,nm_imp,nm_alc7,nm_alc8,nm_drug,nm_dist,agegrp1,agegrp2,roadclass,urbrur,dayweek,restuse,vehtype,race_me,intersect,lanedep,oppdir,wrongway,rep_typ,investag,repag_long,rotr,st_rd,cty_rd,city_rd,oth_rd,drug_thc,thc_res,drug_cthc,cthc_res,drug_cann,prevpersemin,prevperse,prevsusoth,drugtst4,drugtst5,drugtst6,drugtst7,drugtst8,drugres4,drugres5,drugres6,drugres7,drugres8,adspresent,adsengaged,adslevel,race1,race2,race3,race4,race5,helmet,helmetmisuse,nmdistract1,nmdistract2,nmdistract3,nmdistract4,nmdistract5,nmdistract6,lab,isedtcase,crf1,crf2,crf3,CoRoadName,CoMP,IntCoRoadName,IntCoMP
2021,52,EB11683,1,03/05/2021,23:54,5,3,,5,Benton,0,1,,2,1,2,1,0,2,2,,,,12,0,2,172.8,1,0,1,4,1,1,3,0,0,0,0,SR-14,,-119.4871667,45.94558611,0,2,51,62,4,65,3,0,0,1,2,12,1,1,2,1,1,1,2,53,0,30,47,2000,0,,12,,,,,,1,1,68,1,1,,4,7,3,0,11,0,03/05/2021,23:54,53011360,11360,0,0,0,3,1,0,,,,0,,,,,,98,,,,,,99336,53,68,185,6,1,0,0,0,1,,0,,,,,,0,03/15/2019,03/15/2019,8,0,0,0,0,9,8,,,0,,,9,9,8,95,,,96,,,2,98,997,,,,,,,,,,,,,,,,,,,,,,,,,,,,,,0,0,0,0,1,0,0,0,0,0,0,0,0,1,0,0,0,0,0,0,0,0,0,0,0,1,0,0,0,1,0,0,0,0,0,,1,0,0,0,0,0,0,0,0,0,0,0,0,0,0,0,,,,,,66-70,66-75,State route,R,Friday,Belt Used,PV,Hispanic,0,1,1,0,State Route,State Patrol,Washington State Patrol,0,1,0,0,0,,,,,,0,0,0,,,,,,,,,,,98,98,98,98,,,,,20,,,,,,,,,1,0,,,,,,
2021,52,EB11683,1,03/05/2021,23:54,5,3,,5,Benton,0,1,,2,1,2,1,0,2,2,,,,12,0,2,172.8,1,0,1,4,1,1,3,0,0,0,0,SR-14,,-119.4871667,45.94558611,0,1,50,10,2,65,34,0,0,1,2,12,1,1,2,1,1,1,2,53,0,23,481,2007,0,,68,12,,,,,1,1,42,1,0,,3,0,3,0,11,5,,,,,0,0,0,0,1,28,,,,96,,,,,,9,,,,,,99362,53,65,180,0,0,0,0,0,1,,1,,,,,,0,09/15/2018,09/15/2018,99,0,0,0,8,9,8,,,0,,,8,1,8,95,,,96,,,2,98,997,,,,,,,,,,,,,,,,,,,,,,,,,,,,,,0,0,0,0,1,0,0,0,0,0,0,0,0,1,0,0,0,0,0,0,0,0,0,0,0,1,0,0,0,1,0,0,0,0,0,,0,0,0,0,0,0,0,0,0,0,0,1,0,0,0,1,,,,,,41-45,36-45,State route,R,Friday,Belt Used,PV,Not Fatal,0,1,1,0,State Route,State Patrol,Washington State Patrol,0,1,0,0,0,,,,,,0,0,0,,,,,,,,,,,98,98,98,0,,,,,20,,,,,,,,,1,0,,,,,,
2021,53,EB11738,7,02/19/2021,16:45,19,2,,33,King,1960,10,,1,2,1,1,0,1,1,,,,25,0,0,0.3,5,1,1,1,2,1,1,0,0,0,0,I-5,,-122.3209139,47.68081111,0,1,6,12,2,98,4,0,0,1,2,20,2,2,1,6,14,1,2,53,0,7,26,2008,0,,64,25,69,63,25,69,1,1,23,1,7,,4,7,20,7,11,0,02/19/2021,16:45,1.96E+11,9859,0,0,0,3,1,0,,,,96,,,,,,99,,,,,,76712,48,,999,6,1,1,1,1,0,,0,,,,,,3,11/15/2017,03/15/2019,8,2,9,0,0,9,8,,,0,,,1,9,2,996,401,417,1,1,1,2,1,0,,,,,,,,,,,,,,,,,,,,,,,,,,,,,,0,0,1,0,0,0,1,1,0,0,0,0,1,0,0,0,0,0,0,1,0,0,0,1,1,0,0,0,0,1,0,0,0,1,0,,1,0,0,0,0,0,1,1,0,1,0,0,0,0,1,0,,,,,,21-25,16-25,Interstate,U,Friday,Not Used,PV,Multiracial,0,1,0,0,State Route,State Patrol,Washington State Patrol,1,1,0,0,0,,,,,,2,0,0,,,,,,,,,,,98,98,98,202,201,,,,20,,,,,,,,,1,0,,,,,,
2021,54,EB11756,7,02/21/2021,9:59,21,2,,33,King,1960,10,,1,1,1,1,0,1,1,,,,1,0,0,0.1,5,1,1,1,2,1,1,0,0,0,0,I-5 RAMP,,-122.3221472,47.64144722,0,1,6,12,2,98,4,0,0,1,2,1,2,1,1,6,14,1,1,53,0,30,40,2001,0,,64,1,24,,,,1,1,44,2,7,,4,0,20,7,11,5,02/21/2021,11:39,1.96E+11,9358,0,0,3,3,1,0,,,,96,,,,,,99,,,,,,98121,53,69,140,6,1,0,0,0,0,,0,,,,,,4,,,20,1,9,0,0,9,8,,,0,,,9,9,2,996,522,605,1,1,1,2,1,0.226,,,,,,,,,,,,,,,,,,,,,,,,,,,,,,0,0,1,0,1,1,1,1,1,0,0,0,1,0,0,0,0,0,0,1,0,0,0,0,0,0,0,0,0,1,0,0,0,1,0,,1,0,0,0,0,1,1,1,0,1,0,0,0,0,0,1,,,,,,41-45,36-45,Interstate,U,Sunday,Not Used,PV,White,0,1,0,0,State Route,State Patrol,Washington State Patrol,1,1,0,0,0,thc,1,,,,0,0,0,,,,,,,,,,,98,98,98,1,,,,,20,,,,,,,,nms,1,0,,,,,,
2021,55,EB11869,3,03/05/2021,22:21,5,3,,67,Thurston,0,10,,2,1,2,1,1,1,2,,,,12,0,1,97,1,0,1,1,1,1,1,0,0,0,0,I-5,,-122.9479306,46.91946111,0,2,98,50,3,70,4,0,0,1,2,8,1,1,4,3,1,1,9,99,0,41,35,2002,0,,12,8,64,25,,,1,1,22,1,0,,0,0,3,0,11,0,,,,,0,0,0,3,1,0,,,,96,,,,,,98,,,,,,98531,53,68,164,6,1,0,0,0,0,,0,,,,,,0,,,1,0,0,0,8,9,2,,,0,,,8,8,0,0,,,0,,,0,0,996,,,,,,,,,,,,,,,,,,,,,,,,,,,,,,0,0,0,0,0,0,0,0,0,1,1,0,0,0,0,0,0,0,0,0,0,0,0,1,1,0,0,0,0,1,0,1,0,0,0,,0,0,0,0,0,0,0,0,0,0,0,0,0,0,0,0,,,,,,21-25,16-25,Interstate,R,Friday,Belt Used,PV,Not Fatal,0,0,0,0,State Route,State Patrol,Washington State Patrol,0,1,0,0,0,,,,,,0,0,0,,,,,,,,,,,98,98,98,0,,,,,20,,,,,,,,,1,23,,,,,,
2021,56,EB11870,35,03/07/2021,11:07,7,3,,53,Pierce,0,10,,1,99,2,1,0,2,2,,,,12,0,2,7.8,2,0,2,4,2,2,4,0,0,3,3,CR-128TH ST E,CANYON RD E,-122.3574028,47.13988056,0,1,79,17,2,35,4,0,0,1,2,12,1,1,3,1,1,1,1,53,0,55,33,2017,0,,12,,,,,,1,1,32,1,0,,1,0,99,7,11,5,,,,,0,0,3,3,1,8,,,,96,,,,,,9,,,,,,98402,53,73,240,6,1,0,0,0,0,,97,,,,,,3,,,99,0,0,0,8,9,8,,,0,,,1,8,2,337,401,417,1,1,1,2,1,0,,,,,,,,,,,,,,,,,,,,,,,,,,,,,,0,0,0,1,0,0,1,1,0,0,0,0,1,0,0,0,0,0,0,0,0,0,0,0,0,0,0,0,0,1,0,0,0,0,0,,0,0,0,0,0,0,1,1,0,1,0,0,0,0,1,0,,,,,,31-35,26-35,County road,U,Sunday,Unknown,PV,Not Fatal,1,0,0,0,County Road,County Sheriff,Law Enforcement Support Agency,0,0,1,0,0,thc,5.4,carboxy-thc,45,,0,0,0,,,,,,,,,,,98,98,98,0,,,,,20,,,,,,,,,1,0,,,CANYON RD E,7.77,128 ST E,3.15
2021,56,EB11870,35,03/07/2021,11:07,7,3,,53,Pierce,0,10,,1,99,2,1,0,2,2,,,,12,0,2,7.8,2,0,2,4,2,2,4,0,0,3,3,CR-128TH ST E,CANYON RD E,-122.3574028,47.13988056,0,2,78,66,4,35,14,0,0,1,2,12,1,1,7,1,10,1,1,53,0,41,403,2020,0,,12,,,,,,1,1,31,2,7,,4,7,3,0,11,0,03/07/2021,11:07,53013088,13088,0,0,3,3,1,0,,,,96,,,,,,98,,,,,,98444,53,65,130,6,1,0,0,0,0,,0,,,,,,0,,,8,0,0,0,0,9,8,,,0,,,8,8,2,1,,,1,,,2,1,0,,,,,,,,,,,,,,,,,,,,,,,,,,,,,,0,0,0,1,0,0,1,1,0,0,0,0,1,0,0,0,0,0,0,0,0,0,0,0,0,0,0,0,0,1,0,0,0,0,0,,1,0,0,0,0,0,0,0,0,0,0,0,0,0,0,0,,,,,,31-35,26-35,County road,U,Sunday,Belt Used,PV,White,1,0,0,0,County Road,County Sheriff,Law Enforcement Support Agency,0,0,1,0,0,,,,,,0,0,0,,,,,,,,,,,98,98,98,1,,,,,20,,,,,,,,,1,0,,,CANYON RD E,7.77,128 ST E,3.15
2021,57,EB11954,290,03/06/2021,20:23,6,3,,53,Pierce,2230,1,,3,1,2,1,1,2,2,,,,8,0,0,0,2,0,2,4,2,4,6,0,0,0,0,S 84TH ST,S Alaska St,-122.4580194,47.18105,0,2,13,80,5,30,34,0,0,1,5,12,1,2,4,1,1,2,2,53,0,12,481,2013,0,,8,12,,,,,1,1,47,1,0,,0,0,3,0,11,0,,,,,0,0,0,3,1,0,,,,96,,,,,,98,,,,,,98030,53,69,245,6,1,0,1,1,0,,0,,,,,,0,03/15/2017,03/15/2017,1,0,0,0,8,9,8,,,0,,,8,8,2,695,605,,1,1,,2,1,0,,,,,,,,,,,,,,,,,,,,,,,,,,,,,,0,0,0,1,0,0,1,1,1,1,1,0,0,0,0,0,0,0,0,0,0,0,0,0,0,0,0,0,1,1,0,1,0,0,0,,0,0,0,0,0,0,1,1,0,0,0,0,0,0,1,0,,,,,,46-50,46-55,City street,U,Saturday,Belt Used,PV,Not Fatal,1,0,0,0,City Street,Municipal/City Police,Tacoma Police Department,0,0,0,1,0,,,,,,0,0,0,,,,,,,,,,,98,98,98,0,,,,,20,,,,,,,,,1,0,,,,,,
2021,58,EB12098,1,03/01/2021,14:40,1,3,,21,Franklin,1660,1,,1,1,1,1,0,7,6,,,,12,0,2,6.3,1,0,1,1,2,1,1,0,0,0,0,I-182,,-119.2378528,46.26707778,0,4,98,98,7,70,34,0,0,1,5,12,1,1,3,2,1,1,1,53,0,35,481,2009,0,,64,12,,,,,1,1,41,2,0,,0,0,3,0,11,0,,,,,0,0,0,3,1,0,,,,0,,,,,,0,,,,,,98168,53,63,150,6,1,0,0,1,0,,0,,,,,,0,08/15/2019,08/15/2019,20,0,0,0,8,9,8,,,0,,,8,8,0,0,,,0,,,0,0,996,,,,,,,,,,,,,,,,,,,,,,,,,,,,,,0,0,0,0,0,0,1,1,0,0,0,0,0,0,0,0,0,0,0,1,1,1,1,1,1,1,1,1,0,1,0,0,0,0,0,,0,0,0,0,0,0,0,0,0,0,0,0,0,0,0,0,,,,,,41-45,36-45,Interstate,U,Monday,Belt Used,PV,Not Fatal,0,0,0,1,State Route,State Patrol,Washington State Patrol,0,1,0,0,0,,,,,,0,0,0,,,,,,,,,,,98,98,98,0,,,,,20,,,,,,,,,1,0,,,,,,
2021,58,EB12098,1,03/01/2021,14:40,1,3,,21,Franklin,1660,1,,1,1,1,1,0,7,6,,,,12,0,2,6.3,1,0,1,1,2,1,1,0,0,0,0,I-182,,-119.2378528,46.26707778,0,2,52,54,3,70,4,0,0,1,2,12,1,1,3,2,1,1,2,53,0,37,32,2003,0,,12,,,,,,1,1,16,2,0,,1,0,3,0,11,5,,,,,0,0,3,3,1,0,,,,0,,,,,,0,,,,,,99301,53,62,104,6,2,0,0,0,1,,0,,,,,,0,11/15/2020,11/15/2020,8,0,0,0,8,9,8,,,0,,,8,8,0,0,,,0,,,0,0,996,,,,,,,,,,,,,,,,,,,,,,,,,,,,,,0,0,0,0,0,0,1,1,0,0,0,0,0,0,0,0,0,0,0,1,1,1,1,1,1,1,1,1,0,1,0,0,0,0,0,,0,0,0,0,0,0,0,0,0,0,0,0,0,0,0,0,,,,,,16-17,16-25,Interstate,U,Monday,Belt Used,PV,Not Fatal,0,0,0,1,State Route,State Patrol,Washington State Patrol,0,1,0,0,0,,,,,,0,0,0,,,,,,,,,,,98,98,98,0,,,,,20,,,,,,,,,1,0,,,,,,
2021,58,EB12098,1,03/01/2021,14:40,1,3,,21,Franklin,1660,1,,1,1,1,1,0,7,6,,,,12,0,2,6.3,1,0,1,1,2,1,1,0,0,0,0,I-182,,-119.2378528,46.26707778,0,6,98,98,7,70,4,0,0,1,5,12,1,1,3,2,1,1,1,53,0,55,35,2018,0,,12,,,,,,1,1,18,2,0,,0,0,3,0,11,0,,,,,0,0,0,3,1,0,,,,0,,,,,,0,,,,,,99301,53,64,140,6,1,0,3,1,4,,0,,,,,,0,11/15/2016,03/15/2018,20,0,0,0,8,9,8,,,0,,,8,8,0,0,,,0,,,0,0,996,,,,,,,,,,,,,,,,,,,,,,,,,,,,,,0,0,0,0,0,0,1,1,0,0,0,0,0,0,0,0,0,0,0,1,1,1,1,1,1,1,1,1,0,1,0,0,0,0,0,,0,0,0,0,0,0,0,0,0,0,0,0,0,0,0,0,,,,,,18-20,16-25,Interstate,U,Monday,Belt Used,PV,Not Fatal,0,0,0,1,State Route,State Patrol,Washington State Patrol,0,1,0,0,0,,,,,,0,0,0,,,,,,,,,,,98,98,98,0,,,,,20,,,,,,,,,1,0,,,,,,
2021,58,EB12098,1,03/01/2021,14:40,1,3,,21,Franklin,1660,1,,1,1,1,1,0,7,6,,,,12,0,2,6.3,1,0,1,1,2,1,1,0,0,0,0,I-182,,-119.2378528,46.26707778,0,1,52,54,3,70,4,0,0,1,2,12,1,1,3,2,1,1,1,53,0,63,32,2010,0,,12,12,12,,,,1,1,82,2,7,,4,7,20,7,11,0,03/01/2021,14:40,1.66E+11,11098,0,0,3,3,1,51,,,,96,,,,,,0,,,,,,99352,53,64,190,6,1,0,0,0,0,,0,,,,,,0,,,8,0,0,0,0,9,8,,,0,,,8,8,2,996,996,996,1,1,1,2,1,0,,,,,,,,,,,,,,,,,,,,,,,,,,,,,,0,0,0,0,0,0,1,1,0,0,0,0,0,0,0,0,0,0,0,1,1,1,1,1,1,1,1,1,0,1,0,0,0,1,0,,1,0,0,0,0,0,1,1,0,0,0,0,0,0,1,0,,,,,,81+,76+,Interstate,U,Monday,Not Used,PV,White,0,0,0,1,State Route,State Patrol,Washington State Patrol,0,1,0,0,0,,,,,,0,0,0,,,,,,,,,,,98,98,98,1,,,,,20,,,,,,,,,1,0,,,,,,
2021,58,EB12098,1,03/01/2021,14:40,1,3,,21,Franklin,1660,1,,1,1,1,1,0,7,6,,,,12,0,2,6.3,1,0,1,1,2,1,1,0,0,0,0,I-182,,-119.2378528,46.26707778,0,3,98,98,7,70,14,0,0,1,5,12,1,1,3,2,1,1,2,53,0,30,402,2012,0,,12,,,,,,1,1,22,2,0,,1,0,3,0,11,0,,,,,0,0,0,3,1,0,,,,0,,,,,,0,,,,,,99353,53,64,190,6,1,0,0,0,0,,0,,,,,,0,,,20,0,0,0,8,9,8,,,0,,,8,8,0,0,,,0,,,0,0,996,,,,,,,,,,,,,,,,,,,,,,,,,,,,,,0,0,0,0,0,0,1,1,0,0,0,0,0,0,0,0,0,0,0,1,1,1,1,1,1,1,1,1,0,1,0,0,0,0,0,,0,0,0,0,0,0,0,0,0,0,0,0,0,0,0,0,,,,,,21-25,16-25,Interstate,U,Monday,Belt Used,PV,Not Fatal,0,0,0,1,State Route,State Patrol,Washington State Patrol,0,1,0,0,0,,,,,,0,0,0,,,,,,,,,,,98,98,98,0,,,,,20,,,,,,,,,1,0,,,,,,
2021,58,EB12098,1,03/01/2021,14:40,1,3,,21,Franklin,1660,1,,1,1,1,1,0,7,6,,,,12,0,2,6.3,1,0,1,1,2,1,1,0,0,0,0,I-182,,-119.2378528,46.26707778,0,5,98,98,7,70,14,0,0,1,2,12,1,1,3,2,1,2,2,53,0,37,402,2014,0,,64,12,,,,,1,1,44,2,0,,0,0,3,0,11,0,,,,,0,0,0,3,1,0,,,,0,,,,,,0,,,,,,99353,53,67,170,6,1,0,0,0,0,,0,,,,,,0,,,20,0,0,0,8,9,8,,,0,,,8,8,0,0,,,0,,,0,0,996,,,,,,,,,,,,,,,,,,,,,,,,,,,,,,0,0,0,0,0,0,1,1,0,0,0,0,0,0,0,0,0,0,0,1,1,1,1,1,1,1,1,1,0,1,0,0,0,0,0,,0,0,0,0,0,0,0,0,0,0,0,0,0,0,0,0,,,,,,41-45,36-45,Interstate,U,Monday,Belt Used,PV,Not Fatal,0,0,0,1,State Route,State Patrol,Washington State Patrol,0,1,0,0,0,,,,,,0,0,0,,,,,,,,,,,98,98,98,0,,,,,20,,,,,,,,,1,0,,,,,,
2020,521,EB12223,39,10/30/2020,21:31,30,10,,61,Snohomish,0,1,,3,1,2,1,0,2,1,,,,38,0,0,0.3,1,0,1,5,2,2,4,0,0,0,0,CR-E GIBSON RD,,-122.2495694,47.88349722,0,1,1,8,1,35,20,0,0,1,2,38,1,2,2,1,1,2,1,53,0,7,442,1998,0,,63,38,,,,,1,1,44,1,0,,0,0,3,0,11,0,,,,,0,0,0,2,1,0,,,,3,,,,,,98,,,,,,98204,53,64,150,1,1,0,0,0,0,,97,,,,,,0,07/15/2016,07/15/2016,20,0,0,0,8,9,8,,,0,,,8,8,8,95,,,96,,,2,95,997,,,,,,,,,,,,,,,,,,,,,,,,,,,,,,0,0,1,0,0,0,0,0,0,0,0,0,0,1,0,0,1,0,0,1,0,0,0,0,0,0,0,0,0,1,0,0,0,0,0,,0,0,0,0,0,0,0,0,1,0,0,1,0,0,0,0,,,,,,41-45,36-45,County road,U,Friday,Belt Used,PV,Not Fatal,0,1,0,0,County Road,County Sheriff,Snohomish County Sheriff's Office,1,0,1,0,0,,,,,,0,0,1,,,,,,,,,,,0,0,0,0,,,,,20,7,,,,,,,,1,0,,,E GIBSON RD,0.255,,
2021,60,EB12645,42,03/08/2021,12:26,8,3,,67,Thurston,0,10,,1,1,2,1,0,1,1,,,,5,0,0,4.8,1,0,1,3,2,2,4,0,0,0,0,CR-PACIFIC AVE SE,,-122.7722389,47.039475,0,1,0,13,2,45,80,0,0,1,5,31,3,1,2,1,14,1,1,53,0,71,706,2007,0,,63,5,30,31,,,1,1,34,1,7,,4,7,20,7,11,0,03/08/2021,12:26,53012515,12515,0,0,0,3,1,0,,,,96,,,,,,98,,,,,,98503,53,68,195,6,1,0,0,0,0,,0,,,,,,0,,,20,8,0,0,0,9,8,,,0,,,8,8,2,695,605,,1,1,,2,1,0.22,,,,,,,,,,,,,,,,,,,,,,,,,,,,,,0,0,0,0,1,1,1,1,1,0,0,0,0,0,0,0,0,0,0,0,0,0,0,0,0,0,0,0,1,0,0,0,0,0,1,0,0,0,0,0,0,1,1,1,0,0,0,0,0,0,0,1,,,,,,31-35,26-35,County road,U,Monday,,MC,White,0,1,0,0,County Road,County Sheriff,Thurston County Sheriff's Office,1,0,1,0,0,thc,4.7,carboxy-thc,18,,0,0,0,,,,,,,,,,,0,0,0,1,,,,,5,,,,,,,,nms,1,0,,,PACIFIC AVE SE,4.837,NULL,
2021,61,EB12777,8,03/10/2021,18:40,10,3,,9,Clallam,0,1,,5,1,2,1,1,1,1,,,,8,0,0,252.7,1,0,1,3,2,1,2,0,0,0,0,US-101,,-123.3374167,48.100825,0,1,13,80,5,45,5,0,0,1,2,8,1,1,2,3,1,1,1,53,0,20,29,2018,0,,8,,,,,,1,1,72,2,0,,0,0,3,0,11,0,,,,,0,0,3,3,1,0,,,,96,,,,,,98,,,,,,98305,53,59,123,6,1,0,0,0,0,,0,,,,,,0,,,20,0,0,0,8,9,8,,,0,,,8,8,8,95,,,96,,,8,95,995,,,,,,,,,,,,,,,,,,,,,,,,,,,,,,0,0,0,0,0,0,0,0,0,0,0,0,0,0,0,0,0,0,0,0,0,0,0,0,0,1,1,0,0,1,0,1,0,0,0,,0,0,0,0,0,0,0,0,0,0,0,0,0,0,0,0,,,,,,71-75,66-75,US highway,U,Wednesday,Belt Used,PV,Not Fatal,0,0,0,0,State Route,State Patrol,Washington State Patrol,0,1,0,0,0,,,,,,0,0,0,,,,,,,,,,,98,98,98,0,,,,,20,,,,,,,,,1,0,,,,,,
2021,62,EB12826,21,03/09/2021,2:06,9,3,,25,Grant,0,1,,2,1,7,1,0,3,1,,,,1,0,0,27.8,1,0,1,5,1,2,4,0,0,0,0,CR-DODSON RD N,,-119.5551833,47.27924722,0,1,7,9,1,60,4,0,0,1,2,1,1,1,2,1,1,3,2,53,0,54,35,2004,0,,68,64,1,,,,1,1,44,1,0,,2,0,3,0,11,5,,,,,0,0,0,2,1,0,,,,12,,,,,,9,,,,,,98953,53,66,190,2,1,0,2,0,0,,1,,,,,,4,01/15/2017,01/15/2020,20,0,0,0,8,9,8,,,0,,,1,8,2,401,417,,1,1,,2,1,0,,,,,,,,,,,,,,,,,,,,,,,,,,,,,,0,0,0,0,0,0,1,1,0,0,0,0,1,1,0,0,1,0,0,1,0,0,0,0,0,0,0,0,0,1,0,0,0,0,0,,0,0,0,0,0,0,1,1,1,1,0,1,0,0,1,0,,,,,,41-45,36-45,County road,R,Tuesday,Belt Used,PV,Not Fatal,0,1,0,0,County Road,County Sheriff,Grant County Sheriff's Office,1,0,1,0,0,,,,,,0,0,2,,,,,,,,,,,98,98,98,0,,,,,20,,,,,,,,,1,0,,,DODSON RD,27.79,NULL,
2021,63,EB12953,4,03/11/2021,0:30,11,3,,43,Lincoln,0,1,,2,1,2,1,0,1,1,,,,1,0,0,40.6,1,0,1,5,1,1,3,0,0,0,0,SR-174,,-118.7227389,47.77111389,0,1,1,13,2,60,4,0,0,1,2,1,2,2,2,1,14,1,2,53,0,32,42,1999,0,,68,68,63,1,,,1,1,28,1,7,,4,7,99,7,11,0,03/11/2021,0:30,53012208,12208,0,0,0,3,1,58,,,,96,,,,,,9,,,,,,99185,53,66,135,6,1,0,1,0,3,,0,,,,,,3,05/15/2019,10/15/2020,20,1,9,0,0,9,8,,,0,,,8,1,2,1,,,1,,,2,1,0.271,,,,,,,,,,,,,,,,,,,,,,,,,,,,,,0,0,1,0,1,1,0,1,0,0,0,0,1,0,0,0,0,0,0,0,0,0,0,0,0,0,0,0,0,1,0,0,0,0,0,,1,0,0,0,0,1,0,1,0,1,0,0,0,1,0,1,,,,,,26-30,26-35,State route,R,Thursday,Unknown,PV,White,0,1,0,0,State Route,State Patrol,Washington State Patrol,1,1,0,0,0,,,,,,0,0,4,,,,,,,,,,,0,0,0,1,,,,,20,,,,,,,,,1,0,,,,,,
2021,64,EB13106,7,03/08/2021,7:21,8,3,,33,King,0,10,,1,4,2,1,0,1,1,,,,24,0,0,32.7,1,0,1,2,2,1,3,0,0,0,0,SR-509,,-122.3248972,47.50324167,0,1,2,5,1,60,80,0,0,1,2,24,1,1,3,3,1,1,1,53,0,53,704,2020,0,,63,24,,,,,1,1,26,1,7,,4,7,20,7,11,0,03/08/2021,7:21,53011695,11695,0,0,0,3,1,87,,,,96,,,,,,98,,,,,,98226,53,71,170,6,1,0,0,0,0,,0,,,,,,0,,,20,8,0,0,0,9,8,,,0,,,8,8,0,0,,,0,,,0,0,996,,,,,,,,,,,,,,,,,,,,,,,,,,,,,,0,0,0,0,0,0,0,0,0,0,0,0,0,0,0,0,0,0,0,0,0,0,0,0,0,0,0,0,1,0,0,0,0,0,1,0,0,0,0,0,0,0,0,0,0,0,0,0,0,0,0,0,,,,,,26-30,26-35,State route,U,Monday,,MC,Other,0,1,0,0,State Route,State Patrol,Washington State Patrol,1,1,0,0,0,,,,,,0,0,0,,,,,,,,,,,0,0,0,98,,,,,5,,,,,,,,,1,0,,,,,,
2021,65,EB13444,3,02/26/2021,16:50,26,2,,53,Pierce,0,1,,1,1,2,1,0,4,3,,,,12,0,1,128.8,1,0,1,1,2,1,1,0,0,0,0,I-5,,-122.4658556,47.17815833,0,2,29,53,3,60,4,0,0,1,5,12,1,1,4,3,2,1,2,53,0,35,43,2019,0,,12,12,,,,,1,1,81,2,7,,4,0,3,0,11,0,02/26/2021,17:19,2.23E+11,10348,0,0,0,3,1,0,,,,96,,,,,,98,,,,,,98444,53,62,140,6,1,0,0,2,0,,0,,,,,,0,01/15/2020,02/15/2021,8,0,0,0,0,9,8,,,0,,,8,8,2,136,155,996,1,1,1,2,1,0,,,,,,,,,,,,,,,,,,,,,,,,,,,,,,0,0,0,0,0,0,1,1,0,0,0,0,1,0,0,0,0,0,0,0,0,1,1,0,1,1,1,1,0,1,1,0,0,0,0,,1,0,0,0,0,0,1,1,0,0,0,0,0,0,1,0,,,,,,81+,76+,Interstate,U,Friday,Belt Used,PV,White,0,0,0,0,State Route,State Patrol,Washington State Patrol,0,1,0,0,0,,,,,,0,0,0,,,,,,,,,,,98,98,98,1,,,,,20,,,,,,,,,1,0,,,,,,