year,case,par,repjur,crash_dt,crash_tm,accday,accmon,holiday,county,co_char,city,weather,weather2,lightcond,surfcond,surftype,numfatal,nmforms,pforms,vforms,not_tm,arr_tm,hosp_tm,fhevent,hitrun,manncol,milepnt,reljunc,reljuncinter,intersectiontype,funcsystem,landuse,ownership,route,schlbus,spejur,contdev,devfunc,trafid1,trafid2,x,y,wk_zone,vnumber,crashtype,criticalevent,criticaleventcat,spdlim,body,trailer,emerg,hazcargo,leave,mhevent,roadalgn,roadprof,traflane,trafflow,vehmanvr,numoccs,regowner,regstate,spuse,make,model,modelyr,vrf1,vrf2,seqevent1,seqevent2,seqevent3,seqevent4,seqevent5,seqevent6,pnumber,ptype,age,sex,hispanic,race,injury,diedscene,restraint,restraintmisuse,seatpos,takehosp,death_dt,death_tm,cert,cernum_wa,commlic,licendor,licrestrict,liccomp,drivpres,drf1,drf2,drf3,drf4,distract1,distract2,distract3,distract4,distract5,distract6,dricond1,dricond2,dricond3,dricond4,dricond5,dricond6,dzip,licstate,drhgt_in,weight,noncdl,noncdltype,prevdwi,prevoth,prevacc,prevspd,prevsus,driviol1,driviol2,driviol3,driviol4,driviol5,driviol6,spdrel,first_dt,last_dt,airbag,ejection,ejectpath,extricat,injurwrk,methalc,methdrug,nmlocat,strikveh,prf1,prf2,prf3,druginv,alcinvol,drugsts,drugres1,drugres2,drugres3,drugtst1,drugtst2,drugtst3,alcsts,alctst,alcres,nmact1,nmact2,nmact3,nmact4,nmact5,nmact6,nmprior1,nmprior2,nmprior3,nmprior4,nmprior5,nmprior6,nmcond1,nmcond2,nmcond3,nmcond4,nmcond5,nmcond6,nmsafe_helmet,nmsafe_pads,nmsafe_oth,nmprev_ref,nmprev_lgt,nmprev_oth,crashlocation,nmcrashtype,crosswalk,schoolzone,sidewalk,train_inv,wildlife_inv,rotr_fars,intersect_fars,dd_inv,aid_inv,dpd_inv,id_inv,mj_inv,impnm_inv,ainm_inv,dpnm_inv,speed_inv,unlic_inv,unendmc_inv,drowsy_inv,drdist_inv,nmdist_inv,fty_inv,unrestfat_inv,dr1617_inv,dr1820_inv,dr1620_inv,dr2125_inv,dr1625_inv,dr65_inv,dr70_inv,dr75_inv,mc_inv,pv_inv,ht_inv,ped_inv,bike_inv,unrest_fat,mc_fat,unhelmet_mc,pv_fat,ht_fat,ped_fat,bike_fat,dr_alc7,dr_alc8,dr_drug,dr_imp,dr_dist,dr_spd,dr_fty,dr_unlic,dr_alc7only,dr_alc8only,dr_drugonly,dr_drink,nm_imp,nm_alc7,nm_alc8,nm_drug,nm_dist,agegrp1,agegrp2,roadclass,urbrur,dayweek,restuse,vehtype,race_me,intersect,lanedep,oppdir,wrongway,rep_typ,investag,repag_long,rotr,st_rd,cty_rd,city_rd,oth_rd,drug_thc,thc_res,drug_cthc,cthc_res,drug_cann,prevpersemin,prevperse,prevsusoth,drugtst4,drugtst5,drugtst6,drugtst7,drugtst8,drugres4,drugres5,drugres6,drugres7,drugres8,adspresent,adsengaged,adslevel,race1,race2,race3,race4,race5,helmet,helmetmisuse,nmdistract1,nmdistract2,nmdistract3,nmdistract4,nmdistract5,nmdistract6,lab,isedtcase,crf1,crf2,crf3,CoRoadName,CoMP,IntCoRoadName,IntCoMP
2021,65,EB13444,3,02/26/2021,16:50,26,2,,53,Pierce,0,1,,1,1,2,1,0,4,3,,,,12,0,1,128.8,1,0,1,1,2,1,1,0,0,0,0,I-5,,-122.4658556,47.17815833,0,3,98,98,7,60,34,0,0,1,5,12,1,1,4,3,5,2,2,53,0,12,471,1998,0,,12,,,,,,1,1,19,1,0,,0,0,3,0,11,0,,,,,0,0,3,3,1,0,,,,96,,,,,,98,,,,,,98445,53,70,190,6,1,0,0,1,1,,0,,,,,,0,09/15/2019,10/15/2020,20,0,0,0,8,9,8,,,0,,,8,8,0,0,,,0,,,0,0,996,,,,,,,,,,,,,,,,,,,,,,,,,,,,,,0,0,0,0,0,0,1,1,0,0,0,0,1,0,0,0,0,0,0,0,0,1,1,0,1,1,1,1,0,1,1,0,0,0,0,,0,0,0,0,0,0,0,0,0,0,0,0,0,0,0,0,,,,,,18-20,16-25,Interstate,U,Friday,Belt Used,PV,Not Fatal,0,0,0,0,State Route,State Patrol,Washington State Patrol,0,1,0,0,0,,,,,,0,0,0,,,,,,,,,,,0,0,0,0,,,,,20,,,,,,,,,1,0,,,,,,
2021,65,EB13444,3,02/26/2021,16:50,26,2,,53,Pierce,0,1,,1,1,2,1,0,4,3,,,,12,0,1,128.8,1,0,1,1,2,1,1,0,0,0,0,I-5,,-122.4658556,47.17815833,0,1,28,52,3,60,66,1,0,1,5,12,1,1,4,3,1,1,3,53,0,82,881,2003,0,,12,,,,,,1,1,31,1,0,,0,0,3,0,11,0,,,,,6,3,0,3,1,26,,,,96,,,,,,98,,,,,,98597,53,74,242,6,1,0,0,0,0,,2,58,,,,,4,,,20,0,0,0,8,9,8,,,0,,,8,8,0,0,,,0,,,0,0,996,,,,,,,,,,,,,,,,,,,,,,,,,,,,,,0,0,0,0,0,0,1,1,0,0,0,0,1,0,0,0,0,0,0,0,0,1,1,0,1,1,1,1,0,1,1,0,0,0,0,,0,0,0,0,0,0,0,0,0,1,0,0,0,0,0,0,,,,,,31-35,26-35,Interstate,U,Friday,,MHTRUCK,Not Fatal,0,0,0,0,State Route,State Patrol,Washington State Patrol,0,1,0,0,0,,,,,,0,0,0,,,,,,,,,,,98,98,98,0,,,,,20,,,,,,,,,1,0,,,,,,
2021,66,EB14067,278,03/16/2021,3:24,16,3,,63,Spokane,2110,1,,3,1,2,1,0,2,1,,,,21,0,0,0,1,0,1,4,2,4,6,0,0,0,0,N NAPA ST,,-117.3812333,47.66075,0,1,6,12,2,30,4,0,0,1,5,21,1,1,1,3,1,2,1,53,0,12,16,2000,0,,64,21,,,,,1,1,20,8,0,,3,0,99,7,11,0,,,,,0,0,0,3,1,0,,,,92,,,,,,98,,,,,,99207,53,74,150,6,1,0,0,0,0,,97,,,,,,0,,,8,0,0,0,8,9,8,,,0,,,8,8,2,695,,,1,,,2,1,0.19,,,,,,,,,,,,,,,,,,,,,,,,,,,,,,0,0,1,0,1,1,1,1,1,0,0,0,0,0,0,0,1,0,0,0,0,1,1,0,1,0,0,0,0,1,0,0,0,0,0,,0,0,0,0,0,1,1,1,1,0,0,0,0,0,0,1,,,,,,18-20,16-25,City street,U,Tuesday,Unknown,PV,Not Fatal,0,1,0,0,City Street,Municipal/City Police,Spokane Police Department,1,0,0,1,0,thc,1.4,carboxy-thc,44,,0,0,0,,,,,,,,,,,98,98,98,0,,,,,20,,,,,,,,nms,1,0,,,,,,
2021,67,EB14081,305,03/07/2021,21:55,7,3,,11,Clark,2370,10,,3,2,2,1,0,1,1,,,,42,0,0,0,1,0,1,3,2,4,6,0,0,0,0,E MILL PLAIN BLVD,,-122.5743417,45.62126944,0,1,6,9,1,35,2,0,0,1,2,42,1,1,2,3,1,1,2,53,0,58,37,2003,0,,64,42,,,,,1,1,19,1,1,,4,0,3,0,11,5,03/12/2021,18:38,2.37E+11,12577,0,0,0,3,1,8,,,,96,,,,,,98,,,,,,98664,53,67,157,6,1,0,0,0,0,,0,,,,,,0,,,8,0,0,1,0,9,8,,,0,,,8,8,2,1,,,1,,,2,1,0,,,,,,,,,,,,,,,,,,,,,,,,,,,,,,0,0,1,0,0,0,0,0,0,0,0,0,0,0,0,0,0,0,0,0,0,1,1,0,1,0,0,0,0,1,0,0,0,0,0,,1,0,0,0,0,0,0,0,0,0,0,0,0,0,0,0,,,,,,18-20,16-25,City street,U,Sunday,Belt Used,PV,Hispanic,0,1,0,0,City Street,Municipal/City Police,Vancouver Police Department,1,0,0,1,0,,,,,,0,0,0,,,,,,,,,,,98,98,98,98,,,,,20,,,,,,,,,1,0,,,,,,
2021,68,EB14232,3,03/05/2021,22:22,5,3,,53,Pierce,1124,10,,3,1,1,1,0,2,2,,,,12,0,1,128.4,1,0,1,1,2,1,1,0,0,0,0,I-5,,-122.4697194,47.17320556,0,2,25,53,3,60,52,0,0,1,5,12,4,1,4,3,14,1,3,53,3,92,988,2012,0,,12,,,,,,1,1,37,1,0,,0,0,3,0,11,0,,,,,6,3,0,3,1,0,,,,96,,,,,,98,,,,,,98498,53,69,220,6,1,0,0,1,0,,0,,,,,,0,04/15/2018,04/15/2018,20,0,0,0,8,9,8,,,0,,,8,8,0,0,,,0,,,0,0,996,,,,,,,,,,,,,,,,,,,,,,,,,,,,,,0,0,0,0,1,1,0,1,0,0,0,0,1,0,0,0,0,0,0,1,0,0,0,0,0,0,0,0,0,1,0,0,0,0,0,,0,0,0,0,0,0,0,0,0,0,0,0,0,0,0,0,,,,,,36-40,36-45,Interstate,U,Friday,,BUS,Not Fatal,0,0,0,0,State Route,State Patrol,Washington State Patrol,0,1,0,0,0,,,,,,0,0,0,,,,,,,,,,,98,98,98,0,,,,,20,,,,,,,,,1,0,,,,,,
2021,68,EB14232,3,03/05/2021,22:22,5,3,,53,Pierce,1124,10,,3,1,1,1,0,2,2,,,,12,0,1,128.4,1,0,1,1,2,1,1,0,0,0,0,I-5,,-122.4697194,47.17320556,0,1,24,51,3,60,4,0,0,1,2,12,4,1,4,3,14,1,1,53,0,49,40,2016,0,,12,,,,,,1,1,44,2,7,,4,0,20,7,11,5,03/06/2021,1:38,76353012335,12335,0,0,0,3,1,0,,,,96,,,,,,9,,,,,,98502,53,63,115,6,1,0,0,1,0,,0,,,,,,3,12/15/2016,12/15/2016,8,0,0,0,0,1,8,,,0,,,9,1,2,1,,,1,,,2,1,0.18,,,,,,,,,,,,,,,,,,,,,,,,,,,,,,0,0,0,0,1,1,0,1,0,0,0,0,1,0,0,0,0,0,0,1,0,0,0,0,0,0,0,0,0,1,0,0,0,1,0,,1,0,0,0,0,1,0,1,0,1,0,0,0,1,0,1,,,,,,41-45,36-45,Interstate,U,Friday,Not Used,PV,API,0,0,0,0,State Route,State Patrol,Washington State Patrol,0,1,0,0,0,,,,,,0,0,0,,,,,,,,,,,98,98,98,28,,,,,20,,,,,,,,,1,0,,,,,,
2021,70,EB14483,3,03/16/2021,13:20,16,3,,67,Thurston,1102,1,,1,1,2,1,1,1,1,,,,8,0,0,108.4,1,0,1,1,2,1,1,0,0,0,0,I-5,,-122.8357611,47.04561944,0,1,13,80,5,60,63,0,0,1,5,8,1,1,3,3,1,1,3,53,0,85,881,2015,0,,8,,,,,,1,1,43,1,0,,0,0,20,7,11,0,,,,,6,1,0,3,1,0,,,,96,,,,,,98,,,,,,98223,53,69,200,6,1,0,0,2,1,,0,,,,,,0,09/15/2018,07/15/2020,20,0,0,0,8,3,2,,,0,,,8,8,0,0,,,0,,,0,0,996,,,,,,,,,,,,,,,,,,,,,,,,,,,,,,0,0,0,0,0,0,0,0,0,0,0,0,0,0,0,0,0,0,0,0,0,0,0,0,0,0,0,0,0,0,1,1,0,0,0,,0,0,0,0,0,0,0,0,0,0,0,0,0,0,0,0,,,,,,41-45,36-45,Interstate,U,Tuesday,,MHTRUCK,Not Fatal,0,0,0,0,State Route,State Patrol,Washington State Patrol,0,1,0,0,0,,,,,,0,0,0,,,,,,,,,,,98,98,98,0,,,,,20,,,,,,,,,1,0,,,,,,
2020,524,EB14704,39,12/22/2020,0:01,22,12,,61,Snohomish,0,1,,2,10,2,1,1,1,1,,,,8,1,0,1.2,1,0,1,5,1,2,4,0,0,0,0,CR-PIONEER HWY E,,-122.2270806,48.18858056,0,1,13,11,2,50,99,0,0,1,5,8,1,1,2,1,1,99,9,99,0,99,999,9999,0,,63,8,,,,,1,1,999,9,0,,9,0,99,7,11,8,,,,,99,9,9,9,1,0,,,,96,,,,,,98,,,,,,99999,99,,999,9,9,99,99,99,99,,97,,,,,,0,,,99,9,0,0,8,9,8,,,0,,,8,8,0,0,,,0,,,0,0,996,,,,,,,,,,,,,,,,,,,,,,,,,,,,,,0,0,0,0,0,0,0,0,0,1,0,1,0,0,0,0,0,0,0,0,0,0,0,0,0,0,0,0,0,0,0,1,0,0,0,,0,0,0,0,0,0,0,0,0,0,0,0,0,0,0,0,,,,,,,,County road,R,Tuesday,,NR-U,Not Fatal,0,0,0,0,County Road,County Sheriff,Snohomish County Sheriff's Office,0,0,1,0,0,,,,,,99,99,99,,,,,,,,,,,98,98,98,0,,,,,20,7,,,,,,,,1,0,,,PIONEER HWY EAST,1.231,,
2021,71,EB15307,3,03/20/2021,16:10,20,3,,67,Thurston,0,1,,1,1,2,2,0,6,4,,,,12,0,6,7.2,1,0,1,4,1,1,3,0,0,0,0,SR-510,,-122.6801694,47.00545,0,4,98,98,7,45,4,0,0,1,5,54,1,1,2,1,1,1,2,53,0,49,40,2011,0,,54,,,,,,1,1,17,2,0,,0,0,3,0,11,0,,,,,0,0,1,3,1,0,,,,96,,,,,,98,,,,,,98503,53,67,150,6,2,0,0,0,0,,0,,,,,,0,,,20,0,0,0,8,3,2,,,0,,,8,8,0,0,,,0,,,0,0,996,,,,,,,,,,,,,,,,,,,,,,,,,,,,,,0,0,0,0,0,0,1,1,0,0,0,0,0,1,0,0,0,0,0,0,1,0,1,0,1,0,0,0,0,1,0,0,0,0,0,,0,0,0,0,0,0,0,0,0,0,0,0,0,0,0,0,,,,,,16-17,16-25,State route,R,Saturday,Belt Used,PV,Not Fatal,0,1,1,0,State Route,State Patrol,Washington State Patrol,0,1,0,0,0,,,,,,0,0,0,,,,,,,,,,,98,98,98,0,,,,,20,,,,,,,,,1,14,,,,,,
2021,71,EB15307,3,03/20/2021,16:10,20,3,,67,Thurston,0,1,,1,1,2,2,0,6,4,,,,12,0,6,7.2,1,0,1,4,1,1,3,0,0,0,0,SR-510,,-122.6801694,47.00545,0,1,66,13,2,45,4,0,0,1,2,12,1,1,2,1,1,2,2,53,0,35,43,2006,0,,63,69,68,12,12,54,1,1,36,2,7,,4,7,3,0,11,0,03/20/2021,16:10,53014572,14572,0,0,0,2,1,8,28,58,,96,,,,,,9,,,,,,98506,53,61,145,1,1,0,1,0,0,,0,,,,,,0,04/15/2017,07/15/2019,1,0,0,0,0,9,8,,,0,,,1,8,2,401,417,,1,1,,2,1,0,,,,,,,,,,,,,,,,,,,,,,,,,,,,,,0,0,0,0,0,0,1,1,0,0,0,0,0,1,0,0,0,0,0,0,1,0,1,0,1,0,0,0,0,1,0,0,0,0,0,,1,0,0,0,0,0,1,1,0,0,0,1,0,0,1,0,,,,,,36-40,36-45,State route,R,Saturday,Belt Used,PV,White,0,1,1,0,State Route,State Patrol,Washington State Patrol,0,1,0,0,0,,,,,,0,0,1,,,,,,,,,,,98,98,98,1,,,,,20,,,,,,,,,1,14,,,,,,
2021,71,EB15307,3,03/20/2021,16:10,20,3,,67,Thurston,0,1,,1,1,2,2,0,6,4,,,,12,0,6,7.2,1,0,1,4,1,1,3,0,0,0,0,SR-510,,-122.6801694,47.00545,0,2,66,62,4,45,14,0,0,1,2,12,1,1,2,1,1,2,1,53,0,20,404,2018,0,,12,,,,,,1,1,46,2,0,,1,0,3,0,11,0,,,,,0,0,0,3,1,0,,,,96,,,,,,98,,,,,,98597,53,63,220,6,1,0,0,0,0,,0,,,,,,0,,,8,0,0,0,8,9,8,,,0,,,8,8,0,0,,,0,,,0,0,996,,,,,,,,,,,,,,,,,,,,,,,,,,,,,,0,0,0,0,0,0,1,1,0,0,0,0,0,1,0,0,0,0,0,0,1,0,1,0,1,0,0,0,0,1,0,0,0,0,0,,0,0,0,0,0,0,0,0,0,0,0,0,0,0,0,0,,,,,,46-50,46-55,State route,R,Saturday,Belt Used,PV,Not Fatal,0,1,1,0,State Route,State Patrol,Washington State Patrol,0,1,0,0,0,,,,,,0,0,0,,,,,,,,,,,98,98,98,0,,,,,20,,,,,,,,,1,14,,,,,,
2021,71,EB15307,3,03/20/2021,16:10,20,3,,67,Thurston,0,1,,1,1,2,2,0,6,4,,,,12,0,6,7.2,1,0,1,4,1,1,3,0,0,0,0,SR-510,,-122.6801694,47.00545,0,3,98,62,4,45,5,0,0,1,2,12,1,1,2,1,1,1,2,53,0,49,46,2019,0,,12,,,,,,1,1,47,2,0,,1,0,3,0,11,5,,,,,0,0,0,3,1,0,,,,96,,,,,,98,,,,,,98597,53,64,150,6,1,0,0,0,0,,0,,,,,,0,,,8,0,0,0,8,3,2,,,0,,,8,8,0,0,,,0,,,0,0,996,,,,,,,,,,,,,,,,,,,,,,,,,,,,,,0,0,0,0,0,0,1,1,0,0,0,0,0,1,0,0,0,0,0,0,1,0,1,0,1,0,0,0,0,1,0,0,0,0,0,,0,0,0,0,0,0,0,0,0,0,0,0,0,0,0,0,,,,,,46-50,46-55,State route,R,Saturday,Belt Used,PV,Not Fatal,0,1,1,0,State Route,State Patrol,Washington State Patrol,0,1,0,0,0,,,,,,0,0,0,,,,,,,,,,,98,98,98,0,,,,,20,,,,,,,,,1,14,,,,,,
2021,72,EB15552,35,03/19/2021,17:05,19,3,,53,Pierce,0,1,,1,1,2,1,0,3,2,,,,12,0,6,1.5,2,0,2,4,2,2,4,0,0,3,3,CR-WOODLAND AVE E,72ND ST E,-122.3364194,47.19138333,0,1,86,17,2,35,4,0,0,1,2,12,2,2,4,1,14,2,1,53,0,49,40,1997,0,,12,,,,,,1,1,47,1,0,,9,0,3,0,11,5,,,,,0,0,0,0,1,39,,,,96,,,,,,9,,,,,,98404,53,69,145,0,0,0,0,0,0,,2,11,,,,,3,,,1,0,0,0,8,9,8,,,0,,,8,1,8,95,,,96,,,2,1,0.19,,,,,,,,,,,,,,,,,,,,,,,,,,,,,,0,0,0,1,1,1,1,1,0,0,0,0,1,1,0,0,0,0,0,0,0,0,0,0,0,0,0,0,0,1,0,0,0,0,0,,0,0,0,0,0,1,0,1,0,1,0,1,0,1,0,1,,,,,,46-50,46-55,County road,U,Friday,Belt Used,PV,Not Fatal,1,0,0,0,County Road,County Sheriff,Law Enforcement Support Agency,0,0,1,0,0,,,,,,0,0,0,,,,,,,,,,,0,0,0,0,,,,,20,,,,,,,,,1,0,,,PIONEER WAY E,1.45,072 ST E,7.73
2021,72,EB15552,35,03/19/2021,17:05,19,3,,53,Pierce,0,1,,1,1,2,1,0,3,2,,,,12,0,6,1.5,2,0,2,4,2,2,4,0,0,3,3,CR-WOODLAND AVE E,72ND ST E,-122.3364194,47.19138333,0,2,87,66,4,35,14,0,0,1,2,12,1,2,2,1,1,1,1,53,0,49,401,1999,0,,12,,,,,,1,1,63,2,7,,4,7,3,0,11,0,03/19/2021,17:05,53014021,14021,6,0,0,3,1,0,,,,96,,,,,,98,,,,,,98465,53,67,165,6,1,0,0,0,0,,0,,,,,,0,,,20,0,0,0,0,9,8,,,0,,,8,8,2,337,996,996,1,1,1,2,1,0,,,,,,,,,,,,,,,,,,,,,,,,,,,,,,0,0,0,1,1,1,1,1,0,0,0,0,1,1,0,0,0,0,0,0,0,0,0,0,0,0,0,0,0,1,0,0,0,0,0,,1,0,0,0,0,0,1,1,0,0,0,0,0,0,1,0,,,,,,61-65,56-65,County road,U,Friday,Belt Used,PV,White,1,0,0,0,County Road,County Sheriff,Law Enforcement Support Agency,0,0,1,0,0,,,,,,0,0,0,,,,,,,,,,,0,0,0,1,,,,,20,,,,,,,,,1,0,,,PIONEER WAY E,1.45,072 ST E,7.73
2021,73,EB15826,40,03/06/2021,3:03,6,3,,63,Spokane,0,1,,2,1,2,1,0,2,1,,,,42,0,0,,1,0,1,4,1,2,4,0,0,0,0,CR-N GOVERNMENT WAY,,-117.4689639,47.66539722,0,1,1,13,2,35,16,0,0,1,2,42,1,1,2,1,1,2,2,53,0,23,431,2000,0,,63,42,,,,,1,1,39,1,0,,2,0,99,7,11,0,,,,,0,0,0,2,1,0,,,,96,,,,,,9,,,,,,99001,53,69,180,1,1,1,0,1,0,,1,71,,,,,0,04/15/2020,04/15/2020,20,9,0,0,8,9,8,,,0,,,1,8,2,695,605,401,1,1,1,2,1,0,,,,,,,,,,,,,,,,,,,,,,,,,,,,,,0,0,1,0,0,0,1,1,1,0,0,0,0,1,0,0,0,0,0,0,0,0,0,0,0,0,0,0,0,1,0,0,0,0,0,,0,0,0,0,0,0,1,1,0,0,0,1,0,0,1,0,,,,,,36-40,36-45,County road,R,Saturday,Unknown,PV,Not Fatal,0,1,0,0,County Road,County Sheriff,Spokane County Sheriff's Office,1,0,1,0,0,thc,3.3,carboxy-thc,53,,0,1,1,1,,,,,417,,,,,98,98,98,0,,,,,20,,,,,,,,,1,0,,,GOVERNMENT WY,2.02,NULL,
2020,523,EB16319,39,11/09/2020,15:47,9,11,,61,Snohomish,1120,10,,1,1,2,1,0,2,2,15:49,16:03,,12,0,6,9999.8,8,0,1,4,1,4,6,0,0,0,0,CR-N MACHIAS RD,,-122.0458667,48.01080833,0,2,88,66,4,35,34,0,0,1,2,12,3,1,2,1,14,1,3,53,0,12,481,1999,0,,12,,,,,,1,1,41,1,0,,0,0,3,0,11,0,,,,,0,0,0,3,1,0,,,,96,,,,,,0,,,,,,98252,53,73,245,6,1,0,0,1,0,,0,,,,,,0,12/15/2017,12/15/2017,20,0,0,0,8,9,8,,,0,,,8,8,0,0,,,0,,,0,0,996,,,,,,,,,,,,,,,,,,,,,,,,,,,,,,0,0,0,0,0,0,1,1,0,0,0,0,0,0,0,0,0,0,1,0,0,0,0,0,0,1,1,1,0,1,0,0,0,0,0,,0,0,0,0,0,0,0,0,0,0,0,0,0,0,0,0,,,,,,41-45,36-45,City street,R,Monday,Belt Used,PV,Not Fatal,0,0,0,0,City Street,County Sheriff,Snohomish County Sheriff's Office,0,0,0,1,0,,,,,,0,0,0,,,,,,,,,,,0,0,0,0,,,,,20,7,,,,,,,,1,0,,,,,,
2020,523,EB16319,39,11/09/2020,15:47,9,11,,61,Snohomish,1120,10,,1,1,2,1,0,2,2,15:49,16:03,,12,0,6,9999.8,8,0,1,4,1,4,6,0,0,0,0,CR-N MACHIAS RD,,-122.0458667,48.01080833,0,1,89,17,2,35,4,0,0,1,2,12,1,1,2,1,1,1,1,53,0,20,16,2000,0,,12,,,,,,1,1,86,2,7,,4,7,3,0,11,0,11/09/2020,15:47,1.12E+11,52742,0,0,3,3,1,38,,,,96,,,,,,98,,,,,,98258,53,66,200,6,1,0,0,0,0,,0,,,,,,0,,,20,0,0,0,0,9,8,,,0,,,8,8,2,155,996,996,1,1,1,2,1,0,,,,,,,,,,,,,,,,,,,,,,,,,,,,,,0,0,0,0,0,0,1,1,0,0,0,0,0,0,0,0,0,0,1,0,0,0,0,0,0,1,1,1,0,1,0,0,0,0,0,,1,0,0,0,0,0,1,1,0,0,1,0,0,0,1,0,,,,,,81+,76+,City street,R,Monday,Belt Used,PV,White,0,0,0,0,City Street,County Sheriff,Snohomish County Sheriff's Office,0,0,0,1,0,,,,,,0,0,0,,,,,,,,,,,98,98,98,1,,,,,20,7,,,,,,,,1,0,,,,,,
2021,74,EB16509,35,03/24/2021,21:19,24,3,,53,Pierce,0,2,,2,2,2,1,0,1,1,,,,42,0,0,9,1,0,1,4,1,2,4,0,0,0,0,CR-ORVILLE RD E,,-122.2004028,47.00528056,0,1,2,9,1,45,34,0,0,1,2,42,2,1,2,1,14,1,1,53,0,12,481,2015,0,,63,42,1,,,,1,1,43,1,7,,4,0,20,7,11,0,03/24/2021,21:48,53014621,14621,6,0,0,3,1,0,,,,96,,,,,,98,,,,,,98338,53,72,270,6,1,0,1,0,1,,0,,,,,,3,11/15/2017,11/15/2018,8,0,0,0,0,9,8,,,0,,,8,8,2,1,,,1,,,2,1,0.17,,,,,,,,,,,,,,,,,,,,,,,,,,,,,,0,0,0,0,1,1,0,1,0,0,0,0,1,0,0,0,0,0,0,1,0,0,0,0,0,0,0,0,0,1,0,0,0,1,0,,1,0,0,0,0,1,0,1,0,1,0,0,0,1,0,1,,,,,,41-45,36-45,County road,R,Wednesday,Not Used,PV,White,0,1,0,0,County Road,County Sheriff,Law Enforcement Support Agency,1,0,1,0,0,,,,,,0,0,1,,,,,,,,,,,98,98,98,1,,,,,20,,,,,,,,,1,0,,,ORVILLE RD E,9.3,NULL,
2021,75,EB17222,303,03/27/2021,19:40,27,3,,53,Pierce,2337,1,,5,1,2,1,0,2,2,,,,12,0,6,0,2,0,3,3,2,4,6,0,0,3,3,BRIDGEPORT WAY W,67th Ave W,-122.5274889,47.19933333,0,2,68,15,2,35,14,0,0,1,2,12,1,2,5,5,11,1,1,53,0,13,401,2005,0,,12,,,,,,1,1,54,2,0,,0,0,3,0,11,0,,,,,0,0,3,3,1,0,,,,96,,,,,,98,,,,,,98023,53,61,200,6,1,0,0,1,0,,0,,,,,,0,11/15/2017,11/15/2017,1,0,0,0,8,9,8,,,0,,,8,8,8,95,,,96,,,8,95,995,,,,,,,,,,,,,,,,,,,,,,,,,,,,,,0,0,0,1,0,0,0,0,0,0,0,0,1,0,1,0,0,0,0,0,0,0,0,0,0,0,0,0,1,1,0,0,0,0,0,,0,0,0,0,0,0,0,0,0,0,0,0,0,0,0,0,,,,,,51-55,46-55,City street,U,Saturday,Belt Used,PV,Not Fatal,1,0,0,0,City Street,Municipal/City Police,University Place Police Department,0,0,0,1,0,,,,,,0,0,0,,,,,,,,,,,98,98,98,0,,,,,20,,,,,,,,,1,0,,,,,,
2021,75,EB17222,303,03/27/2021,19:40,27,3,,53,Pierce,2337,1,,5,1,2,1,0,2,2,,,,12,0,6,0,2,0,3,3,2,4,6,0,0,3,3,BRIDGEPORT WAY W,67th Ave W,-122.5274889,47.19933333,0,1,69,17,2,35,80,0,0,1,2,12,1,2,4,1,1,1,1,53,0,73,705,2006,0,,12,,,,,,1,1,26,1,7,,4,8,20,7,11,5,03/27/2021,20:11,2.23E+11,15210,6,0,0,2,1,0,,,,96,,,,,,98,,,,,,98466,53,68,180,6,1,0,0,0,1,,0,,,,,,3,02/15/2017,02/15/2017,20,8,0,0,0,9,8,,,0,,,8,8,8,95,,,96,,,8,95,995,,,,,,,,,,,,,,,,,,,,,,,,,,,,,,0,0,0,1,0,0,0,0,0,0,0,0,1,0,1,0,0,0,0,0,0,0,0,0,0,0,0,0,1,1,0,0,0,0,1,0,0,0,0,0,0,0,0,0,0,1,0,0,0,0,0,0,,,,,,26-30,26-35,City street,U,Saturday,,MC,White,1,0,0,0,City Street,Municipal/City Police,University Place Police Department,0,0,0,1,0,,,,,,0,0,0,,,,,,,,,,,0,0,0,1,,,,,98,,,,,,,,,1,0,,,,,,
2021,560,EB17328,26,03/27/2021,23:18,27,3,,35,Kitsap,0,1,,2,1,2,1,1,1,1,,,,8,0,0,2.8,1,0,1,5,1,2,4,0,0,0,0,CR-SIDNEY RD SW,,-122.6611778,47.44194167,0,1,13,80,5,45,14,0,0,1,2,8,1,1,2,1,1,1,2,53,0,7,402,1999,0,,8,,,,,,1,1,39,2,0,,0,0,99,7,11,0,,,,,0,0,0,3,1,0,,,,96,,,,,,9,,,,,,98367,53,64,195,6,1,0,0,0,0,,97,,,,,,0,,,20,0,0,0,8,9,8,,,0,,,8,1,8,95,,,96,,,2,10,0.06,,,,,,,,,,,,,,,,,,,,,,,,,,,,,,0,0,0,0,1,0,0,0,0,1,1,0,0,0,0,0,0,0,0,0,0,0,0,0,0,0,0,0,0,1,0,1,0,0,0,,0,0,0,0,1,0,0,0,0,0,0,0,1,0,0,1,,,,,,36-40,36-45,County road,R,Saturday,Unknown,PV,Not Fatal,0,0,0,0,County Road,County Sheriff,Kitsap County Sheriff's Office,0,0,1,0,0,,,,,,0,0,0,,,,,,,,,,,0,0,0,0,,,,,20,,,,,,,,,1,0,,,SIDNEY RD SW,2.803,NULL,