year,case,par,repjur,crash_dt,crash_tm,accday,accmon,holiday,county,co_char,city,weather,weather2,lightcond,surfcond,surftype,numfatal,nmforms,pforms,vforms,not_tm,arr_tm,hosp_tm,fhevent,hitrun,manncol,milepnt,reljunc,reljuncinter,intersectiontype,funcsystem,landuse,ownership,route,schlbus,spejur,contdev,devfunc,trafid1,trafid2,x,y,wk_zone,vnumber,crashtype,criticalevent,criticaleventcat,spdlim,body,trailer,emerg,hazcargo,leave,mhevent,roadalgn,roadprof,traflane,trafflow,vehmanvr,numoccs,regowner,regstate,spuse,make,model,modelyr,vrf1,vrf2,seqevent1,seqevent2,seqevent3,seqevent4,seqevent5,seqevent6,pnumber,ptype,age,sex,hispanic,race,injury,diedscene,restraint,restraintmisuse,seatpos,takehosp,death_dt,death_tm,cert,cernum_wa,commlic,licendor,licrestrict,liccomp,drivpres,drf1,drf2,drf3,drf4,distract1,distract2,distract3,distract4,distract5,distract6,dricond1,dricond2,dricond3,dricond4,dricond5,dricond6,dzip,licstate,drhgt_in,weight,noncdl,noncdltype,prevdwi,prevoth,prevacc,prevspd,prevsus,driviol1,driviol2,driviol3,driviol4,driviol5,driviol6,spdrel,first_dt,last_dt,airbag,ejection,ejectpath,extricat,injurwrk,methalc,methdrug,nmlocat,strikveh,prf1,prf2,prf3,druginv,alcinvol,drugsts,drugres1,drugres2,drugres3,drugtst1,drugtst2,drugtst3,alcsts,alctst,alcres,nmact1,nmact2,nmact3,nmact4,nmact5,nmact6,nmprior1,nmprior2,nmprior3,nmprior4,nmprior5,nmprior6,nmcond1,nmcond2,nmcond3,nmcond4,nmcond5,nmcond6,nmsafe_helmet,nmsafe_pads,nmsafe_oth,nmprev_ref,nmprev_lgt,nmprev_oth,crashlocation,nmcrashtype,crosswalk,schoolzone,sidewalk,train_inv,wildlife_inv,rotr_fars,intersect_fars,dd_inv,aid_inv,dpd_inv,id_inv,mj_inv,impnm_inv,ainm_inv,dpnm_inv,speed_inv,unlic_inv,unendmc_inv,drowsy_inv,drdist_inv,nmdist_inv,fty_inv,unrestfat_inv,dr1617_inv,dr1820_inv,dr1620_inv,dr2125_inv,dr1625_inv,dr65_inv,dr70_inv,dr75_inv,mc_inv,pv_inv,ht_inv,ped_inv,bike_inv,unrest_fat,mc_fat,unhelmet_mc,pv_fat,ht_fat,ped_fat,bike_fat,dr_alc7,dr_alc8,dr_drug,dr_imp,dr_dist,dr_spd,dr_fty,dr_unlic,dr_alc7only,dr_alc8only,dr_drugonly,dr_drink,nm_imp,nm_alc7,nm_alc8,nm_drug,nm_dist,agegrp1,agegrp2,roadclass,urbrur,dayweek,restuse,vehtype,race_me,intersect,lanedep,oppdir,wrongway,rep_typ,investag,repag_long,rotr,st_rd,cty_rd,city_rd,oth_rd,drug_thc,thc_res,drug_cthc,cthc_res,drug_cann,prevpersemin,prevperse,prevsusoth,drugtst4,drugtst5,drugtst6,drugtst7,drugtst8,drugres4,drugres5,drugres6,drugres7,drugres8,adspresent,adsengaged,adslevel,race1,race2,race3,race4,race5,helmet,helmetmisuse,nmdistract1,nmdistract2,nmdistract3,nmdistract4,nmdistract5,nmdistract6,lab,isedtcase,crf1,crf2,crf3,CoRoadName,CoMP,IntCoRoadName,IntCoMP
2021,604,EB17396,40,03/16/2021,22:08,16,3,,63,Spokane,0,1,,2,1,2,1,0,1,1,,,,1,0,0,8.6,1,0,1,5,1,2,4,0,0,0,0,CR-N MONROE RD,,-117.4983222,47.917725,0,1,1,13,2,45,2,0,0,1,2,1,1,1,2,1,1,1,9,99,0,37,31,1999,0,,63,1,,,,,1,1,45,1,7,,4,0,99,7,11,0,03/18/2021,20:40,2.11E+11,14071,0,0,0,0,1,0,,,,96,,,,,,98,,,,,,98207,53,71,160,0,0,0,0,0,0,,0,,,,,,4,,,20,1,9,0,0,9,8,,,0,,,9,9,2,605,401,417,1,1,1,2,1,0.01,,,,,,,,,,,,,,,,,,,,,,,,,,,,,,0,0,1,0,1,0,1,1,1,0,0,0,1,1,0,0,0,0,0,0,0,0,0,0,0,0,0,0,0,1,0,0,0,0,0,,1,0,0,0,1,0,1,1,0,1,0,1,0,0,0,1,,,,,,41-45,36-45,County road,R,Tuesday,Unknown,PV,White,0,1,0,0,County Road,County Sheriff,Spokane County Sheriff's Office,1,0,1,0,0,thc,1.4,,,,0,0,0,,,,,,,,,,,0,0,0,1,,,,,20,,,,,,,,nms,1,0,,,MONROE RD,8.55,NULL,
2021,76,EB17427,2,03/16/2021,12:53,16,3,,57,Skagit,0,1,,1,1,2,1,0,2,2,,,,12,0,2,,1,0,1,4,1,2,4,0,0,0,0,CR-HIGGINS AIRPORT WAY,,-122.4135583,48.45470833,0,1,50,10,2,50,14,0,0,1,2,12,1,1,2,1,1,1,1,53,0,38,402,1997,0,,68,12,,,,,1,1,25,1,7,,4,7,3,0,11,0,03/16/2021,12:53,53013205,13205,0,0,0,3,1,28,,,,92,,,,,,98,,,,,,98225,53,75,170,6,1,0,1,0,0,,0,,,,,,0,08/15/2017,08/15/2017,1,0,0,0,0,9,8,,,0,,,8,8,2,695,605,,1,1,,2,1,0,,,,,,,,,,,,,,,,,,,,,,,,,,,,,,0,0,0,0,0,0,1,1,1,0,0,0,0,0,0,0,1,0,0,0,0,0,0,1,1,1,0,0,0,1,1,0,0,0,0,,1,0,0,0,0,0,1,1,1,0,0,0,0,0,1,0,,,,,,21-25,16-25,County road,R,Tuesday,Belt Used,PV,White,0,1,1,0,County Road,State Patrol,Washington State Patrol,0,0,1,0,0,thc,13,carboxy-thc,58,,0,0,0,,,,,,,,,,,0,0,0,1,,,,,20,,,,,,,,nms,1,0,,,HIGGINS AIRPORT WAY,0.28,NULL,
2021,76,EB17427,2,03/16/2021,12:53,16,3,,57,Skagit,0,1,,1,1,2,1,0,2,2,,,,12,0,2,,1,0,1,4,1,2,4,0,0,0,0,CR-HIGGINS AIRPORT WAY,,-122.4135583,48.45470833,0,2,51,62,4,50,61,0,0,1,2,12,1,1,2,1,1,1,3,53,0,38,882,2020,0,,12,,,,,,1,1,69,1,0,,2,0,3,0,11,5,,,,,0,0,3,3,1,0,,,,96,,,,,,98,,,,,,98284,53,72,220,6,1,0,0,2,2,,0,,,,,,0,05/15/2017,02/15/2020,20,0,0,0,8,9,8,,,0,,,8,8,2,1,,,1,,,2,1,0,,,,,,,,,,,,,,,,,,,,,,,,,,,,,,0,0,0,0,0,0,1,1,1,0,0,0,0,0,0,0,1,0,0,0,0,0,0,1,1,1,0,0,0,1,1,0,0,0,0,,0,0,0,0,0,0,0,0,0,0,0,0,0,0,0,0,,,,,,66-70,66-75,County road,R,Tuesday,,MHTRUCK,Not Fatal,0,1,1,0,County Road,State Patrol,Washington State Patrol,0,0,1,0,0,,,,,,0,0,0,,,,,,,,,,,98,98,98,0,,,,,20,,,,,,,,,1,0,,,HIGGINS AIRPORT WAY,0.28,NULL,
2021,417,EB17886,278,03/30/2021,8:25,30,3,,63,Spokane,2110,1,,1,1,2,1,1,1,1,,,,8,0,0,0,3,0,2,5,2,4,6,0,0,20,3,S REGAL ST,E 53rd Ave,-117.3683778,47.60586944,0,1,13,80,5,98,4,0,0,1,5,8,1,1,2,1,10,1,1,53,0,12,23,2013,0,,8,,,,,,1,1,53,1,0,,0,0,3,0,11,0,,,,,0,0,0,3,1,38,,,,96,,,,,,98,,,,,,99223,53,70,190,6,1,0,0,0,0,,97,,,,,,0,,,20,0,0,0,8,9,8,,,0,,,8,8,9,999,,,99,,,9,99,999,,,,,,,,,,,,,,,,,,,,,,,,,,,,,,0,0,0,1,0,0,0,0,0,1,0,1,0,0,0,0,0,0,1,0,0,0,0,0,0,0,0,0,0,1,0,1,0,0,0,,0,0,0,0,0,0,0,0,0,0,1,0,0,0,0,0,,,,,,51-55,46-55,City street,U,Tuesday,Belt Used,PV,Not Fatal,1,0,0,0,City Street,Municipal/City Police,Spokane Police Department,0,0,0,1,0,,,,,,0,0,0,,,,,,,,,,,98,98,98,0,,,,,20,,,,,,,,,1,0,,,,,,
2021,77,EB18085,247,03/23/2021,23:59,23,3,,33,King,1820,1,,3,1,2,1,0,1,1,,,,39,0,0,4.3,3,0,2,4,2,1,3,0,0,3,3,SR-202,NE 124TH ST,-122.1318444,47.71115833,0,1,6,12,2,40,14,0,0,1,5,39,1,1,5,1,1,1,1,53,0,35,402,2005,0,,64,39,1,,,,1,1,22,1,7,,4,7,20,7,11,0,03/23/2021,23:59,1.82E+11,14836,0,0,0,3,1,0,,,,96,,,,,,98,,,,,,98052,53,68,190,6,1,0,0,1,0,,0,,,,,,4,12/15/2017,12/15/2017,8,2,9,0,0,9,8,,,0,,,8,8,2,996,695,605,1,1,1,2,1,0,,,,,,,,,,,,,,,,,,,,,,,,,,,,,,0,0,1,1,0,0,1,1,1,0,0,0,1,0,0,0,0,0,0,1,0,0,0,1,1,0,0,0,0,1,0,0,0,1,0,,1,0,0,0,0,0,1,1,0,1,0,0,0,0,1,0,,,,,,21-25,16-25,State route,U,Tuesday,Not Used,PV,Multiracial,0,1,0,0,State Route,Municipal/City Police,Redmond Police Department,1,1,0,0,0,thc,50,carboxy-thc,330,,0,0,0,1,1,1,,,124,996,996,996,334,98,98,98,268,201,228,,,20,,,,,,,,nms,1,0,,,,,,
2021,78,EB18166,1,03/24/2021,2:58,24,3,,77,Yakima,0,10,,2,1,2,4,0,5,2,,,,12,0,2,8.2,1,0,1,5,1,1,3,0,3,0,0,SR-22,,-120.2405611,46.32559167,0,2,51,62,4,60,14,0,0,1,2,12,1,1,2,1,1,1,2,53,0,2,404,1997,0,,12,1,,,,,1,1,19,2,7,,4,7,3,0,11,0,03/24/2021,2:58,53014370,14370,0,0,0,2,1,0,,,,96,,,,,,98,,,,,,98948,53,62,114,3,7,0,0,1,0,,0,,,,,,0,02/15/2020,02/15/2020,1,2,9,0,0,9,8,,,0,,,8,8,2,1,,,1,,,2,1,0,,,,,,,,,,,,,,,,,,,,,,,,,,,,,,0,0,0,0,1,1,0,1,0,0,0,0,0,1,0,0,1,0,0,1,0,1,1,0,1,0,0,0,0,1,0,0,0,0,0,,1,0,0,0,0,0,0,0,0,0,0,1,0,0,0,0,,,,,,18-20,16-25,State route,R,Wednesday,Belt Used,PV,AIAN,0,1,1,0,State Route,State Patrol,Washington State Patrol,0,1,0,0,0,,,,,,0,0,0,,,,,,,,,,,0,0,0,3,,,,,20,,,,,,,,,1,0,,,,,,
2021,78,EB18166,1,03/24/2021,2:58,24,3,,77,Yakima,0,10,,2,1,2,4,0,5,2,,,,12,0,2,8.2,1,0,1,5,1,1,3,0,3,0,0,SR-22,,-120.2405611,46.32559167,0,1,50,10,2,60,20,0,0,1,2,12,1,1,2,1,1,4,2,53,0,6,441,2002,0,,68,12,,,,,1,1,29,1,7,,4,7,3,0,11,0,03/24/2021,2:58,53014304,14304,0,0,3,2,1,28,,,,92,,,,,,98,,,,,,98952,53,71,220,1,1,0,0,0,0,,0,,,,,,0,,,1,0,0,0,0,9,8,,,0,,,8,8,2,1,,,1,,,2,1,0.341,,,,,,,,,,,,,,,,,,,,,,,,,,,,,,0,0,0,0,1,1,0,1,0,0,0,0,0,1,0,0,1,0,0,1,0,1,1,0,1,0,0,0,0,1,0,0,0,0,0,,1,0,0,0,0,1,0,1,1,0,0,1,0,1,0,1,,,,,,26-30,26-35,State route,R,Wednesday,Belt Used,PV,AIAN,0,1,1,0,State Route,State Patrol,Washington State Patrol,0,1,0,0,0,,,,,,0,0,0,,,,,,,,,,,98,98,98,3,,,,,20,,,,,,,,,1,0,,,,,,
2021,97,EB18345,3,03/24/2021,12:47,24,3,,53,Pierce,0,10,,1,2,2,1,0,2,2,,,,12,0,2,19.9,3,0,3,3,2,1,3,0,0,0,0,SR-161,196TH ST E,-122.2940528,47.07763333,0,1,68,15,2,45,34,0,0,1,2,12,1,2,5,5,11,1,2,53,0,49,472,2006,0,,68,12,,,,,1,1,47,2,0,,2,0,3,0,11,5,,,,,0,0,0,3,1,38,,,,96,,,,,,98,,,,,,98338,53,64,115,6,1,0,0,0,1,,49,,,,,,0,04/15/2016,09/15/2018,1,0,0,0,8,9,8,,,0,,,8,8,8,95,,,96,,,8,95,995,,,,,,,,,,,,,,,,,,,,,,,,,,,,,,0,0,0,1,0,0,0,0,0,0,0,0,0,0,0,0,0,0,1,0,0,0,0,0,0,1,1,0,0,1,0,0,0,0,0,,0,0,0,0,0,0,0,0,0,0,1,0,0,0,0,0,,,,,,46-50,46-55,State route,U,Wednesday,Belt Used,PV,Not Fatal,0,0,0,0,State Route,State Patrol,Washington State Patrol,0,1,0,0,0,,,,,,0,0,1,,,,,,,,,,,98,98,98,0,,,,,20,,,,,,,,,1,0,,,,,,
2021,97,EB18345,3,03/24/2021,12:47,24,3,,53,Pierce,0,10,,1,2,2,1,0,2,2,,,,12,0,2,19.9,3,0,3,3,2,1,3,0,0,0,0,SR-161,196TH ST E,-122.2940528,47.07763333,0,2,69,62,4,45,20,0,0,1,2,12,1,2,5,5,1,1,1,53,0,20,444,2006,0,,12,,,,,,1,1,70,2,7,,4,0,3,0,11,5,04/11/2021,17:13,2.23E+11,17341,0,0,0,3,1,0,,,,96,,,,,,98,,,,,,98338,53,63,143,6,1,0,0,0,0,,0,,,,,,0,,,8,0,0,0,0,9,8,,,0,,,8,8,8,95,,,96,,,8,95,995,,,,,,,,,,,,,,,,,,,,,,,,,,,,,,0,0,0,1,0,0,0,0,0,0,0,0,0,0,0,0,0,0,1,0,0,0,0,0,0,1,1,0,0,1,0,0,0,0,0,,1,0,0,0,0,0,0,0,0,0,0,0,0,0,0,0,,,,,,66-70,66-75,State route,U,Wednesday,Belt Used,PV,White,0,0,0,0,State Route,State Patrol,Washington State Patrol,0,1,0,0,0,,,,,,0,0,0,,,,,,,,,,,98,98,98,1,,,,,20,,,,,,,,,1,0,,,,,,
2021,79,EB18517,35,03/31/2021,13:49,31,3,,53,Pierce,0,1,,1,1,2,1,0,4,1,,,,30,0,0,0.5,3,0,3,4,2,2,4,0,3,0,0,CR-PIONEER WAY E,STEWART AVE E,-122.3518667,47.20146111,0,1,7,8,1,40,4,0,0,1,2,30,1,1,2,1,6,4,3,94,0,37,32,2002,0,,68,64,30,,,,1,1,17,1,0,,3,0,3,0,11,5,,,,,0,0,3,3,1,33,,,,96,,,,,,98,,,,,,98338,53,63,170,6,2,0,0,0,0,,97,,,,,,3,,,1,0,0,0,8,9,8,,,0,,,8,8,8,95,,,96,,,8,95,995,,,,,,,,,,,,,,,,,,,,,,,,,,,,,,0,0,0,1,0,0,0,0,0,0,0,0,1,0,0,0,0,0,0,0,1,0,1,0,1,0,0,0,0,1,0,0,0,0,0,,0,0,0,0,0,0,0,0,0,1,0,0,0,0,0,0,,,,,,16-17,16-25,County road,U,Wednesday,Belt Used,PV,Not Fatal,1,0,0,0,County Road,County Sheriff,Law Enforcement Support Agency,0,0,1,0,0,,,,,,0,0,0,,,,,,,,,,,98,98,98,0,,,,,20,,,,,,,,,1,0,,,PIONEER WAY E,0.45,STEWART AVE E,0
2021,80,EB18553,7,03/19/2021,3:23,19,3,,33,King,0,10,,6,1,1,1,1,1,1,,,,8,0,0,10.8,1,0,1,2,2,1,3,0,0,0,0,SR-018,,-122.1395194,47.34770833,0,1,13,80,5,60,66,1,0,1,2,8,1,2,2,3,1,1,3,18,0,82,881,2018,0,,8,,,,,,1,1,64,1,0,,0,0,3,0,11,0,,,,,6,1,3,3,1,0,,,,96,,,,,,98,,,,,,98335,53,71,190,6,1,0,0,0,0,,0,,,,,,0,,,20,0,0,0,8,9,8,,,0,,,8,8,8,95,,,96,,,8,95,995,,,,,,,,,,,,,,,,,,,,,,,,,,,,,,0,0,0,0,0,0,0,0,0,0,0,0,0,0,0,0,0,0,0,0,0,0,0,0,0,0,0,0,0,0,1,1,0,0,0,,0,0,0,0,0,0,0,0,0,0,0,0,0,0,0,0,,,,,,61-65,56-65,State route,U,Friday,,MHTRUCK,Not Fatal,0,0,0,0,State Route,State Patrol,Washington State Patrol,0,1,0,0,0,,,,,,0,0,0,,,,,,,,,,,98,98,98,0,,,,,20,,,,,,,,,1,0,,,,,,
2021,82,EB18684,197,04/01/2021,16:35,1,4,,61,Snohomish,1338,1,,1,1,2,1,0,2,2,,,,12,0,6,3.4,1,0,1,3,2,1,3,0,0,0,0,SR-527,,-122.2154833,47.84082778,0,2,66,62,4,40,14,0,0,1,2,12,1,1,5,5,1,1,1,53,0,12,401,2003,0,,12,,,,,,1,1,41,1,0,,3,0,3,0,11,0,,,,,0,0,0,0,1,0,,,,96,,,,,,98,,,,,,98204,53,67,150,0,0,0,1,0,0,,0,,,,,,0,08/15/2019,08/15/2019,8,0,0,0,8,9,8,,,0,,,8,8,8,95,,,96,,,8,95,995,,,,,,,,,,,,,,,,,,,,,,,,,,,,,,0,0,0,0,0,0,1,1,1,0,0,0,0,1,0,0,0,0,0,0,0,0,0,1,1,0,0,0,0,1,0,0,0,0,0,,0,0,0,0,0,0,0,0,0,0,0,1,0,0,0,0,,,,,,41-45,36-45,State route,U,Thursday,Belt Used,PV,Not Fatal,0,1,1,0,State Route,Municipal/City Police,Mill Creek Police Department,0,1,0,0,0,,,,,,0,0,0,,,,,,,,,,,98,98,98,0,,,,,20,,,,,,,,,1,0,,,,,,
2021,82,EB18684,197,04/01/2021,16:35,1,4,,61,Snohomish,1338,1,,1,1,2,1,0,2,2,,,,12,0,6,3.4,1,0,1,3,2,1,3,0,0,0,0,SR-527,,-122.2154833,47.84082778,0,1,66,9,1,40,10,0,0,1,2,12,1,1,5,5,1,1,1,53,0,48,44,2005,0,,68,12,,,,,1,1,22,1,7,,4,7,3,0,11,0,04/01/2021,16:35,1.34E+11,16381,0,0,0,3,1,28,,,,96,,,,,,98,,,,,,98208,53,69,138,6,1,0,0,0,0,,0,,,,,,0,,,1,0,0,0,0,9,8,,,0,,,8,8,2,996,695,605,1,1,1,2,1,0,,,,,,,,,,,,,,,,,,,,,,,,,,,,,,0,0,0,0,0,0,1,1,1,0,0,0,0,1,0,0,0,0,0,0,0,0,0,1,1,0,0,0,0,1,0,0,0,0,0,,1,0,0,0,0,0,1,1,0,0,0,0,0,0,1,0,,,,,,21-25,16-25,State route,U,Thursday,Belt Used,PV,White,0,1,1,0,State Route,Municipal/City Police,Mill Creek Police Department,0,1,0,0,0,thc,17,carboxy-thc,44,,0,0,0,,,,,,,,,,,98,98,98,1,,,,,20,,,,,,,,nms,1,0,,,,,,
2021,81,EB18722,2,03/31/2021,11:20,31,3,,29,Island,0,1,,1,1,2,1,0,4,2,,,,12,0,6,23.2,1,0,1,3,1,1,3,0,0,0,0,SR-20,,-122.7225194,48.21002222,0,1,66,8,1,55,14,0,0,1,2,12,3,1,4,1,6,2,1,53,0,63,402,2008,0,,68,12,,,,,1,1,44,2,7,,4,0,3,0,11,0,03/31/2021,13:29,53016673,16673,0,0,0,3,1,33,58,,,96,,,,,,98,,,,,,98277,53,66,125,6,1,0,0,0,0,,0,,,,,,3,,,1,0,0,0,0,9,8,,,0,,,8,8,2,316,996,996,1,1,1,2,1,0,,,,,,,,,,,,,,,,,,,,,,,,,,,,,,0,0,0,0,0,0,1,1,1,0,0,0,1,0,0,0,0,0,0,0,1,0,1,0,1,0,0,0,0,1,0,0,0,0,0,,1,0,0,0,0,0,1,1,0,1,0,0,0,0,1,0,,,,,,41-45,36-45,State route,R,Wednesday,Belt Used,PV,White,0,1,1,0,State Route,State Patrol,Washington State Patrol,0,1,0,0,0,thc,36,,,,0,0,0,1,1,1,,,695,605,996,996,,98,98,98,1,,,,,20,,,,,,,,nms,1,0,,,,,,
2021,81,EB18722,2,03/31/2021,11:20,31,3,,29,Island,0,1,,1,1,2,1,0,4,2,,,,12,0,6,23.2,1,0,1,3,1,1,3,0,0,0,0,SR-20,,-122.7225194,48.21002222,0,2,66,62,4,55,34,0,0,1,2,12,2,1,4,1,14,2,2,53,0,20,481,2009,0,,12,,,,,,1,1,16,1,0,,2,0,3,0,11,0,,,,,0,0,1,3,1,0,,,,96,,,,,,98,,,,,,98382,53,68,140,6,2,0,0,0,0,,0,,,,,,0,,,1,0,0,0,8,9,8,,,0,,,8,8,0,0,,,0,,,0,0,996,,,,,,,,,,,,,,,,,,,,,,,,,,,,,,0,0,0,0,0,0,1,1,1,0,0,0,1,0,0,0,0,0,0,0,1,0,1,0,1,0,0,0,0,1,0,0,0,0,0,,0,0,0,0,0,0,0,0,0,0,0,0,0,0,0,0,,,,,,16-17,16-25,State route,R,Wednesday,Belt Used,PV,Not Fatal,0,1,1,0,State Route,State Patrol,Washington State Patrol,0,1,0,0,0,,,,,,0,0,0,,,,,,,,,,,98,98,98,0,,,,,20,,,,,,,,,1,0,,,,,,
2021,83,EB18792,14,04/02/2021,13:00,2,4,,11,Clark,0,1,,1,1,2,1,0,2,2,,,,12,0,6,0.2,2,0,3,5,2,2,4,0,0,0,0,CR-NE 25TH AVE,NE 81ST ST,-122.6462639,45.68093611,0,1,68,15,2,30,4,0,0,1,2,12,1,2,3,5,11,1,2,53,0,35,47,2010,0,,12,,,,,,1,1,18,2,0,,0,0,3,0,11,0,,,,,0,0,1,3,1,48,,,,96,,,,,,98,,,,,,98604,53,66,145,6,2,0,0,0,1,,97,,,,,,0,09/15/2019,09/15/2019,20,0,0,0,8,9,8,,,0,,,8,8,0,0,,,0,,,2,98,997,,,,,,,,,,,,,,,,,,,,,,,,,,,,,,0,0,0,1,0,0,1,1,0,0,0,0,0,1,1,0,0,0,0,0,0,1,1,0,1,0,0,0,1,1,0,0,0,0,0,,0,0,0,0,0,0,0,0,0,0,0,0,0,0,0,0,,,,,,18-20,16-25,County road,U,Friday,Belt Used,PV,Not Fatal,0,0,0,0,County Road,County Sheriff,Clark County Sheriff's Office,0,0,1,0,0,,,,,,0,0,0,,,,,,,,,,,98,98,98,0,,,,,20,,,,,,,,,1,0,,,NE 25TH AVE,0.15,NE 81ST ST,0
2021,83,EB18792,14,04/02/2021,13:00,2,4,,11,Clark,0,1,,1,1,2,1,0,2,2,,,,12,0,6,0.2,2,0,3,5,2,2,4,0,0,0,0,CR-NE 25TH AVE,NE 81ST ST,-122.6462639,45.68093611,0,2,69,62,4,30,80,0,0,1,2,12,1,2,3,3,1,1,9,99,0,73,705,2008,0,,12,,,,,,1,1,47,1,7,,4,7,20,7,11,0,04/02/2021,13:00,53017129,17129,0,0,0,2,1,0,,,,96,,,,,,98,,,,,,99998,41,67,175,1,1,0,4,0,3,,0,,,,,,0,03/15/2017,06/15/2021,20,8,0,0,0,9,8,,,0,,,8,8,2,401,417,,1,1,,2,1,0,,,,,,,,,,,,,,,,,,,,,,,,,,,,,,0,0,0,1,0,0,1,1,0,0,0,0,0,1,1,0,0,0,0,0,0,1,1,0,1,0,0,0,1,1,0,0,0,0,1,0,0,0,0,0,0,0,1,1,0,0,0,1,0,0,1,0,,,,,,46-50,46-55,County road,U,Friday,,MC,White,0,0,0,0,County Road,County Sheriff,Clark County Sheriff's Office,0,0,1,0,0,,,,,,0,0,8,,,,,,,,,,,0,0,0,1,,,,,5,,,,,,,,,1,0,,,NE 25TH AVE,0.15,NE 81ST ST,0
2021,84,EB18960,1,03/31/2021,12:20,31,3,,21,Franklin,0,1,,1,1,1,1,0,1,1,,,,1,0,0,59.9,1,0,1,2,1,1,2,0,0,0,0,US-395,,-118.8773333,46.63281944,0,1,2,12,2,70,34,0,0,1,2,1,2,1,2,2,14,1,1,53,0,12,481,2001,0,,64,69,63,1,,,1,1,54,1,7,,4,7,3,0,11,0,03/31/2021,12:20,53016454,16454,0,0,3,3,1,58,,,,96,,,,,,98,,,,,,99336,53,58,165,6,1,0,4,1,4,,0,,,,,,0,06/15/2016,10/15/2020,8,0,0,0,0,9,8,,,0,,,8,8,0,0,,,0,,,0,0,996,,,,,,,,,,,,,,,,,,,,,,,,,,,,,,0,0,0,0,0,0,0,0,0,0,0,0,0,0,0,0,0,0,0,0,0,0,0,0,0,0,0,0,0,1,0,0,0,0,0,,1,0,0,0,0,0,0,0,0,0,0,0,0,0,0,0,,,,,,51-55,46-55,US highway,R,Wednesday,Belt Used,PV,White,0,1,0,0,State Route,State Patrol,Washington State Patrol,1,1,0,0,0,,,,,,0,0,4,,,,,,,,,,,98,98,98,1,,,,,20,,,,,,,,,1,0,,,,,,
2021,529,EB19311,250,04/04/2021,18:13,4,4,,5,Benton,1850,1,,1,1,2,1,1,7,1,,,,9,0,0,0,3,0,3,3,2,4,6,0,0,3,3,KEENE RD,Queensgate Dr,-119.3029861,46.24806667,0,1,13,83,5,45,15,0,0,1,5,9,1,1,5,1,1,7,1,53,0,12,422,2017,0,,9,,,,,,1,1,35,8,0,,0,0,3,0,11,0,,,,,0,0,0,3,1,0,,,,96,,,,,,98,,,,,,99353,53,70,200,6,1,0,0,0,0,,0,,,,,,0,,,20,0,0,0,8,9,8,,,0,,,8,8,0,0,,,0,,,0,0,996,,,,,,,,,,,,,,,,,,,,,,,,,,,,,,0,0,0,1,0,0,0,0,0,0,0,0,0,0,0,0,0,0,0,0,0,0,0,0,0,0,0,0,0,1,0,0,1,0,0,,0,0,0,0,0,0,0,0,0,0,0,0,0,0,0,0,,,,,,31-35,26-35,City street,U,Sunday,Belt Used,PV,Not Fatal,1,0,0,0,City Street,Municipal/City Police,Richland Police Department,0,0,0,1,0,,,,,,0,0,0,,,,,,,,,,,98,98,98,0,,,,,20,,,,,,,,,1,0,,,,,,
2021,85,EB19556,6,04/01/2021,13:35,1,4,,17,Douglas,0,1,,1,1,2,1,0,3,2,,,,12,0,6,205.1,8,0,1,3,1,1,2,0,0,0,0,US-97,,-120.2017833,47.71499167,0,2,81,72,4,60,34,1,0,1,5,12,2,2,2,1,14,2,3,53,0,7,482,2003,0,,12,,,,,,1,1,36,1,0,,0,0,3,0,11,0,,,,,0,0,0,3,1,0,,,,96,,,,,,98,,,,,,98814,53,72,185,6,1,0,0,1,0,,0,,,,,,0,08/15/2019,08/15/2019,20,0,0,0,8,9,8,,,0,,,8,8,2,1,,,1,,,2,1,0,,,,,,,,,,,,,,,,,,,,,,,,,,,,,,0,0,0,0,0,0,0,0,0,0,0,0,0,0,0,0,0,0,1,0,0,0,0,0,0,0,0,0,0,1,0,0,0,0,0,,0,0,0,0,0,0,0,0,0,0,0,0,0,0,0,0,,,,,,36-40,36-45,US highway,R,Thursday,Belt Used,PV,Not Fatal,0,0,0,0,State Route,State Patrol,Washington State Patrol,0,1,0,0,0,,,,,,0,0,0,,,,,,,,,,,98,98,98,0,,,,,20,,,,,,,,,1,0,,,,,,
2021,85,EB19556,6,04/01/2021,13:35,1,4,,17,Douglas,0,1,,1,0,0,1,0,3,2,,,,12,0,6,205.1,8,0,1,3,1,1,2,0,0,0,0,US-97,,-120.2017833,47.71499167,0,1,80,10,2,0,90,0,0,1,5,12,0,0,0,0,10,1,0,0,0,37,733,2013,0,,12,1,,,,,1,1,30,1,1,,4,7,20,7,11,0,04/01/2021,13:35,53015983,15983,0,0,0,1,1,38,,,,96,,,,,,98,,,,,,98843,53,66,170,6,1,0,0,0,1,,0,,,,,,0,11/15/2020,11/15/2020,20,1,9,0,0,9,8,,,0,,,8,8,8,95,,,96,,,2,98,997,,,,,,,,,,,,,,,,,,,,,,,,,,,,,,0,0,0,0,0,0,0,0,0,0,0,0,0,0,0,0,0,0,1,0,0,0,0,0,0,0,0,0,0,1,0,0,0,0,0,,0,0,0,0,0,0,0,0,0,0,1,0,0,0,0,0,,,,,,26-30,26-35,US highway,R,Thursday,,OTHVT,Hispanic,0,0,0,0,State Route,State Patrol,Washington State Patrol,0,1,0,0,0,,,,,,0,0,0,,,,,,,,,,,0,0,0,98,,,,,17,,,,,,,,,1,0,,,,,,