year,case,par,repjur,crash_dt,crash_tm,accday,accmon,holiday,county,co_char,city,weather,weather2,lightcond,surfcond,surftype,numfatal,nmforms,pforms,vforms,not_tm,arr_tm,hosp_tm,fhevent,hitrun,manncol,milepnt,reljunc,reljuncinter,intersectiontype,funcsystem,landuse,ownership,route,schlbus,spejur,contdev,devfunc,trafid1,trafid2,x,y,wk_zone,vnumber,crashtype,criticalevent,criticaleventcat,spdlim,body,trailer,emerg,hazcargo,leave,mhevent,roadalgn,roadprof,traflane,trafflow,vehmanvr,numoccs,regowner,regstate,spuse,make,model,modelyr,vrf1,vrf2,seqevent1,seqevent2,seqevent3,seqevent4,seqevent5,seqevent6,pnumber,ptype,age,sex,hispanic,race,injury,diedscene,restraint,restraintmisuse,seatpos,takehosp,death_dt,death_tm,cert,cernum_wa,commlic,licendor,licrestrict,liccomp,drivpres,drf1,drf2,drf3,drf4,distract1,distract2,distract3,distract4,distract5,distract6,dricond1,dricond2,dricond3,dricond4,dricond5,dricond6,dzip,licstate,drhgt_in,weight,noncdl,noncdltype,prevdwi,prevoth,prevacc,prevspd,prevsus,driviol1,driviol2,driviol3,driviol4,driviol5,driviol6,spdrel,first_dt,last_dt,airbag,ejection,ejectpath,extricat,injurwrk,methalc,methdrug,nmlocat,strikveh,prf1,prf2,prf3,druginv,alcinvol,drugsts,drugres1,drugres2,drugres3,drugtst1,drugtst2,drugtst3,alcsts,alctst,alcres,nmact1,nmact2,nmact3,nmact4,nmact5,nmact6,nmprior1,nmprior2,nmprior3,nmprior4,nmprior5,nmprior6,nmcond1,nmcond2,nmcond3,nmcond4,nmcond5,nmcond6,nmsafe_helmet,nmsafe_pads,nmsafe_oth,nmprev_ref,nmprev_lgt,nmprev_oth,crashlocation,nmcrashtype,crosswalk,schoolzone,sidewalk,train_inv,wildlife_inv,rotr_fars,intersect_fars,dd_inv,aid_inv,dpd_inv,id_inv,mj_inv,impnm_inv,ainm_inv,dpnm_inv,speed_inv,unlic_inv,unendmc_inv,drowsy_inv,drdist_inv,nmdist_inv,fty_inv,unrestfat_inv,dr1617_inv,dr1820_inv,dr1620_inv,dr2125_inv,dr1625_inv,dr65_inv,dr70_inv,dr75_inv,mc_inv,pv_inv,ht_inv,ped_inv,bike_inv,unrest_fat,mc_fat,unhelmet_mc,pv_fat,ht_fat,ped_fat,bike_fat,dr_alc7,dr_alc8,dr_drug,dr_imp,dr_dist,dr_spd,dr_fty,dr_unlic,dr_alc7only,dr_alc8only,dr_drugonly,dr_drink,nm_imp,nm_alc7,nm_alc8,nm_drug,nm_dist,agegrp1,agegrp2,roadclass,urbrur,dayweek,restuse,vehtype,race_me,intersect,lanedep,oppdir,wrongway,rep_typ,investag,repag_long,rotr,st_rd,cty_rd,city_rd,oth_rd,drug_thc,thc_res,drug_cthc,cthc_res,drug_cann,prevpersemin,prevperse,prevsusoth,drugtst4,drugtst5,drugtst6,drugtst7,drugtst8,drugres4,drugres5,drugres6,drugres7,drugres8,adspresent,adsengaged,adslevel,race1,race2,race3,race4,race5,helmet,helmetmisuse,nmdistract1,nmdistract2,nmdistract3,nmdistract4,nmdistract5,nmdistract6,lab,isedtcase,crf1,crf2,crf3,CoRoadName,CoMP,IntCoRoadName,IntCoMP
2021,87,EB19641,248,04/05/2021,11:24,5,4,,33,King,1830,1,,1,1,2,1,1,1,1,,,,8,0,0,0,1,0,1,7,2,4,6,0,0,0,0,OLYMPIC CT SE,,-122.1736222,47.46229167,0,1,92,80,5,25,63,0,0,1,5,8,1,1,2,1,13,1,3,53,0,87,881,2021,0,,8,,,,,,1,1,30,1,0,,0,0,3,0,11,0,,,,,6,1,3,3,1,31,,,,96,,,,,,98,,,,,,98012,53,70,225,6,1,0,0,0,0,,0,,,,,,0,,,20,0,0,0,8,9,8,,,0,,,8,8,0,0,,,0,,,0,0,996,,,,,,,,,,,,,,,,,,,,,,,,,,,,,,0,0,0,0,0,0,0,0,0,0,0,0,0,0,0,0,0,0,0,0,0,0,0,0,0,0,0,0,0,0,1,1,0,0,0,,0,0,0,0,0,0,0,0,0,0,0,0,0,0,0,0,,,,,,26-30,26-35,City street,U,Monday,,MHTRUCK,Not Fatal,0,0,0,0,City Street,Municipal/City Police,Renton Police Department,0,0,0,1,0,,,,,,0,0,0,,,,,,,,,,,98,98,98,0,,,,,20,,,,,,,,,1,0,,,,,,
2021,88,EB19651,35,04/05/2021,7:29,5,4,,53,Pierce,0,1,,1,1,1,1,0,1,1,,,,1,0,0,0.8,3,0,2,4,2,2,4,0,3,3,3,CR-WALLER RD E,PIONEER WAY E,-122.3891056,47.22809167,0,1,98,9,1,35,66,1,0,1,2,1,3,2,3,1,2,1,3,53,0,86,884,1978,0,,1,79,18,18,18,19,1,1,45,1,7,,4,7,99,7,11,0,04/05/2021,7:29,53016848,16848,6,1,0,3,1,0,,,,96,,,,,,98,,,,,,98374,53,76,330,6,1,0,1,4,0,,0,,,,,,0,08/15/2016,08/15/2020,99,0,0,1,1,9,8,,,0,,,8,8,2,401,,,1,,,2,1,0,,,,,,,,,,,,,,,,,,,,,,,,,,,,,,0,0,0,1,0,0,1,1,0,0,0,0,0,0,0,0,0,0,0,0,0,0,0,0,0,0,0,0,0,0,1,0,0,0,0,,0,1,0,0,0,0,1,1,0,0,0,0,0,0,1,0,,,,,,41-45,36-45,County road,U,Monday,,MHTRUCK,White,0,1,0,0,County Road,County Sheriff,Law Enforcement Support Agency,1,0,1,0,0,,,,,,0,0,0,,,,,,,,,,,0,0,0,1,,,,,20,,,,,,,,,1,0,,,WALLER RD E,0.07,NULL,
2021,89,EB19893,6,03/26/2021,4:42,26,3,,25,Grant,0,1,,2,1,2,1,0,3,3,,,,12,0,1,35.7,3,0,3,2,1,1,3,0,0,0,0,SR-17,RD5 SE,-119.1427222,47.01354167,0,3,98,62,4,60,67,0,0,1,2,12,1,1,2,1,1,1,3,53,0,12,880,2017,0,,12,,,,,,1,1,26,1,0,,3,0,3,0,11,5,,,,,6,0,0,3,1,0,,,,96,,,,,,98,,,,,,98823,53,73,280,6,1,0,2,0,1,,0,,,,,,0,11/15/2016,11/15/2017,8,0,0,0,8,9,8,,,0,,,8,8,0,0,,,0,,,0,0,996,,,,,,,,,,,,,,,,,,,,,,,,,,,,,,0,0,0,1,0,0,1,1,0,0,0,0,0,0,0,0,0,0,0,0,0,0,0,0,0,0,0,0,0,1,1,0,0,0,0,,0,0,0,0,0,0,0,0,0,0,0,0,0,0,0,0,,,,,,26-30,26-35,State route,R,Friday,,MHTRUCK,Not Fatal,1,0,0,0,State Route,State Patrol,Washington State Patrol,0,1,0,0,0,,,,,,0,0,0,,,,,,,,,,,98,98,98,0,,,,,20,,,,,,,,,1,0,,,,,,
2021,89,EB19893,6,03/26/2021,4:42,26,3,,25,Grant,0,1,,2,1,2,1,0,3,3,,,,12,0,1,35.7,3,0,3,2,1,1,3,0,0,0,0,SR-17,RD5 SE,-119.1427222,47.01354167,0,1,28,52,3,60,66,1,0,1,5,12,1,1,2,1,2,1,3,53,0,87,881,2005,0,,12,68,12,,,,1,1,30,1,0,,0,0,3,0,11,0,,,,,6,1,0,3,1,26,,,,96,,,,,,98,,,,,,99326,53,68,200,6,1,0,1,0,2,,58,,,,,,0,03/15/2016,05/15/2019,20,0,0,0,8,9,8,,,0,,,8,8,2,996,996,,1,1,,2,1,0,,,,,,,,,,,,,,,,,,,,,,,,,,,,,,0,0,0,1,0,0,1,1,0,0,0,0,0,0,0,0,0,0,0,0,0,0,0,0,0,0,0,0,0,1,1,0,0,0,0,,0,0,0,0,0,0,1,1,0,0,0,0,0,0,1,0,,,,,,26-30,26-35,State route,R,Friday,,MHTRUCK,Not Fatal,1,0,0,0,State Route,State Patrol,Washington State Patrol,0,1,0,0,0,,,,,,0,0,0,,,,,,,,,,,98,98,98,0,,,,,20,,,,,,,,,1,0,,,,,,
2021,89,EB19893,6,03/26/2021,4:42,26,3,,25,Grant,0,1,,2,1,2,1,0,3,3,,,,12,0,1,35.7,3,0,3,2,1,1,3,0,0,0,0,SR-17,RD5 SE,-119.1427222,47.01354167,0,2,29,53,3,60,34,0,0,1,2,12,1,1,2,1,2,1,3,53,0,20,471,2000,0,,12,,,,,,1,1,57,1,7,,4,7,3,0,11,0,03/26/2021,4:42,53015310,15310,0,0,1,3,1,0,,,,96,,,,,,98,,,,,,99326,53,69,180,6,1,0,0,1,1,,0,,,,,,0,12/15/2016,12/15/2016,20,0,0,0,1,9,8,,,0,,,8,8,2,996,996,,1,1,,2,1,0,,,,,,,,,,,,,,,,,,,,,,,,,,,,,,0,0,0,1,0,0,1,1,0,0,0,0,0,0,0,0,0,0,0,0,0,0,0,0,0,0,0,0,0,1,1,0,0,0,0,,1,0,0,0,0,0,1,1,0,0,0,0,0,0,1,0,,,,,,56-60,56-65,State route,R,Friday,Belt Used,PV,White,1,0,0,0,State Route,State Patrol,Washington State Patrol,0,1,0,0,0,,,,,,0,0,0,,,,,,,,,,,98,98,98,1,,,,,20,,,,,,,,,1,0,,,,,,
2021,90,EB20162,248,01/29/2021,19:33,29,1,,33,King,1830,1,,3,1,2,1,0,7,4,,,,12,0,7,5.9,1,0,1,4,2,1,3,0,0,0,0,SR-515,,-122.2048222,47.45445833,0,3,98,62,4,40,6,0,0,1,2,12,1,1,4,1,1,1,1,53,0,35,49,2005,0,,12,2,63,30,,,1,1,68,2,0,,3,0,3,0,11,8,,,,,0,0,3,3,1,0,,,,96,,,,,,98,,,,,,98057,53,69,155,6,1,0,0,0,0,,0,,,,,,0,,,8,0,0,0,8,9,8,,,0,,,0,0,0,0,,,0,,,0,0,996,,,,,,,,,,,,,,,,,,,,,,,,,,,,,,0,0,0,0,0,0,0,0,0,0,0,0,1,0,0,0,0,0,0,1,0,0,0,1,1,1,0,0,0,1,1,0,0,0,0,,0,0,0,0,0,0,0,0,0,0,0,0,0,0,0,0,,,,,,66-70,66-75,State route,U,Friday,Belt Used,PV,Not Fatal,0,0,0,0,State Route,Municipal/City Police,Renton Police Department,0,1,0,0,0,,,,,,0,0,0,,,,,,,,,,,98,98,98,0,,,,,20,,,,,,,,,1,0,,,,,,
2021,90,EB20162,248,01/29/2021,19:33,29,1,,33,King,1830,1,,3,1,2,1,0,7,4,,,,12,0,7,5.9,1,0,1,4,2,1,3,0,0,0,0,SR-515,,-122.2048222,47.45445833,0,4,98,98,7,40,61,0,0,1,5,12,1,1,4,1,1,1,3,53,0,38,882,2014,0,,12,,,,,,1,1,23,1,0,,2,0,3,0,11,8,,,,,0,0,0,3,1,0,,,,96,,,,,,98,,,,,,98087,53,66,160,6,1,0,0,0,0,,0,,,,,,0,,,20,0,0,0,8,9,8,,,0,,,8,8,8,95,,,96,,,8,95,995,,,,,,,,,,,,,,,,,,,,,,,,,,,,,,0,0,0,0,0,0,0,0,0,0,0,0,1,0,0,0,0,0,0,1,0,0,0,1,1,1,0,0,0,1,1,0,0,0,0,,0,0,0,0,0,0,0,0,0,0,0,0,0,0,0,0,,,,,,21-25,16-25,State route,U,Friday,,MHTRUCK,Not Fatal,0,0,0,0,State Route,Municipal/City Police,Renton Police Department,0,1,0,0,0,,,,,,0,0,0,,,,,,,,,,,98,98,98,0,,,,,20,,,,,,,,,1,0,,,,,,
2021,90,EB20162,248,01/29/2021,19:33,29,1,,33,King,1830,1,,3,1,2,1,0,7,4,,,,12,0,7,5.9,1,0,1,4,2,1,3,0,0,0,0,SR-515,,-122.2048222,47.45445833,0,1,45,61,4,40,6,0,0,1,2,12,1,1,4,1,6,3,2,53,0,12,24,2014,0,,12,12,2,12,,,1,1,23,1,0,,3,0,20,7,11,8,,,,,0,0,0,3,1,8,,,,96,,,,,,98,,,,,,98118,53,67,155,6,1,0,1,0,0,,97,,,,,,2,02/15/2020,02/15/2020,1,0,0,0,8,9,8,,,0,,,8,8,0,0,,,0,,,0,0,996,,,,,,,,,,,,,,,,,,,,,,,,,,,,,,0,0,0,0,0,0,0,0,0,0,0,0,1,0,0,0,0,0,0,1,0,0,0,1,1,1,0,0,0,1,1,0,0,0,0,,0,0,0,0,0,0,0,0,0,1,0,0,0,0,0,0,,,,,,21-25,16-25,State route,U,Friday,Not Used,PV,Not Fatal,0,0,0,0,State Route,Municipal/City Police,Renton Police Department,0,1,0,0,0,,,,,,0,0,0,,,,,,,,,,,98,98,98,0,,,,,20,,,,,,,,,1,0,,,,,,
2021,90,EB20162,248,01/29/2021,19:33,29,1,,33,King,1830,1,,3,1,2,1,0,7,4,,,,12,0,7,5.9,1,0,1,4,2,1,3,0,0,0,0,SR-515,,-122.2048222,47.45445833,0,2,46,11,2,40,4,0,0,1,2,12,1,1,4,1,6,2,2,53,0,59,35,2018,0,,12,68,,,,,1,1,23,1,0,,0,0,20,7,11,0,,,,,0,0,0,3,1,8,,,,96,,,,,,98,,,,,,98118,53,72,160,6,1,0,0,1,0,,97,,,,,,2,03/15/2017,03/15/2017,20,0,0,0,8,9,8,,,0,,,8,8,9,999,,,99,,,9,99,999,,,,,,,,,,,,,,,,,,,,,,,,,,,,,,0,0,0,0,0,0,0,0,0,0,0,0,1,0,0,0,0,0,0,1,0,0,0,1,1,1,0,0,0,1,1,0,0,0,0,,0,0,0,0,0,0,0,0,0,1,0,0,0,0,0,0,,,,,,21-25,16-25,State route,U,Friday,Not Used,PV,Not Fatal,0,0,0,0,State Route,Municipal/City Police,Renton Police Department,0,1,0,0,0,,,,,,0,0,0,,,,,,,,,,,98,98,98,0,,,,,20,,,,,,,,,1,0,,,,,,
2021,605,EB20278,63,04/07/2021,17:28,7,4,,33,King,146,2,,1,2,2,1,0,3,2,,,,12,0,6,7.7,2,0,3,3,2,1,3,0,0,20,3,SR-169,BAKER ST,-122.0036167,47.30945833,0,1,82,15,2,35,6,0,0,1,2,12,1,1,2,1,11,1,1,53,0,48,45,2014,0,,12,71,38,,,,1,1,86,1,7,,4,0,3,0,11,1,04/16/2021,19:38,1.96E+11,18812,0,0,3,2,1,38,39,,,96,,,,,,98,,,,,,98010,53,70,210,1,1,0,1,0,0,,37,,,,,,0,04/15/2020,02/15/2021,8,0,0,1,0,9,8,,,0,,,9,8,0,0,,,0,,,0,0,996,,,,,,,,,,,,,,,,,,,,,,,,,,,,,,0,0,0,1,0,0,0,0,0,0,0,0,0,1,0,0,0,0,1,0,0,0,0,0,0,1,1,1,0,1,0,0,0,0,0,,1,0,0,0,0,0,0,0,0,0,1,1,0,0,0,0,,,,,,81+,76+,State route,U,Wednesday,Belt Used,PV,White,1,0,0,0,State Route,Municipal/City Police,Black Diamond Police Department,0,1,0,0,0,,,,,,0,0,4,,,,,,,,,,,98,98,98,1,,,,,20,,,,,,,,,1,0,,,,,,
2021,605,EB20278,63,04/07/2021,17:28,7,4,,33,King,146,2,,1,2,2,1,0,3,2,,,,12,0,6,7.7,2,0,3,3,2,1,3,0,0,0,0,SR-169,BAKER ST,-122.0036167,47.30945833,0,2,83,67,4,35,34,1,0,1,2,12,1,1,2,1,1,2,1,53,0,7,482,2001,0,,12,,,,,,1,1,81,1,0,,1,0,3,0,11,0,,,,,0,0,0,3,1,0,,,,96,,,,,,98,,,,,,98022,53,70,210,6,1,0,0,0,0,,0,,,,,,0,,,20,0,0,0,8,9,8,,,0,,,8,8,0,0,,,0,,,0,0,996,,,,,,,,,,,,,,,,,,,,,,,,,,,,,,0,0,0,1,0,0,0,0,0,0,0,0,0,1,0,0,0,0,1,0,0,0,0,0,0,1,1,1,0,1,0,0,0,0,0,,0,0,0,0,0,0,0,0,0,0,0,0,0,0,0,0,,,,,,81+,76+,State route,U,Wednesday,Belt Used,PV,Not Fatal,1,0,0,0,State Route,Municipal/City Police,Black Diamond Police Department,0,1,0,0,0,,,,,,0,0,0,,,,,,,,,,,98,98,98,0,,,,,20,,,,,,,,,1,0,,,,,,
2021,91,EB20373,31,04/06/2021,20:20,6,4,,45,Mason,0,1,,2,1,2,1,0,2,1,,,,53,0,0,3,1,0,1,5,2,2,4,0,0,0,0,CR-E JOHNS PRAIRIE RD,,-123.0657194,47.24765278,0,1,1,6,1,40,20,0,0,1,2,1,3,1,2,1,14,2,1,53,0,6,441,1999,0,,63,53,1,,,,1,1,24,1,2,,4,7,20,7,11,0,04/06/2021,20:20,53016911,16911,0,0,0,2,1,0,,,,92,,,,,,98,,,,,,34689,12,73,999,2,1,1,0,0,1,,0,,,,,,0,09/15/2018,12/15/2020,20,2,9,0,0,9,8,,,0,,,8,8,2,300,996,695,1,1,1,2,1,0,,,,,,,,,,,,,,,,,,,,,,,,,,,,,,0,0,1,0,0,0,1,1,1,0,0,0,0,1,0,0,1,0,0,1,0,0,0,1,1,0,0,0,0,1,0,0,0,1,0,,1,0,0,0,0,0,1,1,1,0,0,1,0,0,1,0,,,,,,21-25,16-25,County road,U,Tuesday,Not Used,PV,Hispanic,0,1,0,0,County Road,County Sheriff,Mason County Sheriff's Office,1,0,1,0,0,thc,28,carboxy-thc,110,,0,0,1,1,1,1,,,605,405,229,996,,0,0,0,2,,,,,20,,,,,,,,nms,1,0,,,JOHNS PRAIRIE RD,2.964,NULL,
2021,92,EB20502,73,04/06/2021,15:16,6,4,,33,King,229,1,,1,1,2,2,0,6,4,,,,12,1,7,0,1,0,1,3,2,4,6,0,0,0,0,AMBAUM BLVD SW,,-122.3510056,47.49593611,0,1,46,11,2,35,4,0,0,1,2,12,3,2,4,1,15,1,1,53,0,49,40,2011,0,,12,12,,,,,1,1,25,2,0,,0,0,3,0,11,0,,,,,0,0,0,3,1,28,,,,96,,,,,,9,,,,,,98146,53,59,135,6,1,0,1,0,0,,1,,,,,,3,10/15/2017,10/15/2017,1,0,0,0,8,9,8,,,0,,,8,1,8,95,,,96,,,2,98,997,,,,,,,,,,,,,,,,,,,,,,,,,,,,,,0,0,0,0,1,0,0,0,0,0,0,0,1,0,0,0,0,0,0,0,1,0,1,1,1,0,0,0,0,1,0,0,0,0,0,,0,0,0,0,0,0,0,0,0,1,0,0,0,0,0,1,,,,,,21-25,16-25,City street,U,Tuesday,Belt Used,PV,Not Fatal,0,0,0,0,City Street,Municipal/City Police,Burien Police Department,0,0,0,1,0,,,,,,0,0,0,,,,,,,,,,,98,98,98,0,,,,,20,,,,,,,,,1,0,,,,,,
2021,92,EB20502,73,04/06/2021,15:16,6,4,,33,King,229,1,,1,1,2,2,0,6,4,,,,12,0,7,0,1,0,1,3,2,4,6,0,0,0,0,AMBAUM BLVD SW,,-122.3510056,47.49593611,0,2,98,53,3,35,5,0,0,1,2,12,1,2,4,1,1,2,2,53,0,49,51,2012,0,,12,68,12,,,,1,1,35,1,7,,4,7,3,0,11,0,04/06/2021,15:16,22953017087,17087,0,0,3,3,1,0,,,,96,,,,,,98,,,,,,98146,53,66,145,6,1,0,0,0,0,,0,,,,,,0,,,20,0,0,0,0,9,8,,,0,,,8,8,2,1,,,1,,,2,1,0,,,,,,,,,,,,,,,,,,,,,,,,,,,,,,0,0,0,0,1,0,0,0,0,0,0,0,1,0,0,0,0,0,0,0,1,0,1,1,1,0,0,0,0,1,0,0,0,0,0,,1,0,0,0,0,0,0,0,0,0,0,0,0,0,0,0,,,,,,31-35,26-35,City street,U,Tuesday,Belt Used,PV,White,0,0,0,0,City Street,Municipal/City Police,Burien Police Department,0,0,0,1,0,,,,,,0,0,0,,,,,,,,,,,98,98,98,1,,,,,20,,,,,,,,,1,0,,,,,,
2021,92,EB20502,73,04/06/2021,15:16,6,4,,33,King,229,1,,1,1,2,2,0,6,4,,,,12,0,7,0,1,0,1,3,2,4,6,0,0,0,0,AMBAUM BLVD SW,,-122.3510056,47.49593611,0,3,98,62,4,35,34,0,0,1,2,12,3,2,4,1,14,1,2,53,0,7,482,2004,0,,12,,,,,,1,1,35,2,0,,2,0,3,0,11,0,,,,,0,0,0,3,1,0,,,,96,,,,,,98,,,,,,98146,53,60,148,6,1,0,0,0,0,,0,,,,,,0,,,1,0,0,0,8,9,8,,,0,,,8,8,0,0,,,0,,,0,0,996,,,,,,,,,,,,,,,,,,,,,,,,,,,,,,0,0,0,0,1,0,0,0,0,0,0,0,1,0,0,0,0,0,0,0,1,0,1,1,1,0,0,0,0,1,0,0,0,0,0,,0,0,0,0,0,0,0,0,0,0,0,0,0,0,0,0,,,,,,31-35,26-35,City street,U,Tuesday,Belt Used,PV,Not Fatal,0,0,0,0,City Street,Municipal/City Police,Burien Police Department,0,0,0,1,0,,,,,,0,0,0,,,,,,,,,,,98,98,98,0,,,,,20,,,,,,,,,1,0,,,,,,
2021,92,EB20502,73,04/06/2021,15:16,6,4,,33,King,229,1,,1,1,2,2,0,6,4,,,,12,0,7,0,1,0,1,3,2,4,6,0,0,0,0,AMBAUM BLVD SW,,-122.3510056,47.49593611,0,4,45,61,4,35,4,0,0,1,2,12,3,2,4,1,14,2,2,53,0,37,31,2010,0,,12,,,,,,1,1,16,2,0,,2,0,3,0,11,0,,,,,0,0,1,3,1,0,,,,96,,,,,,98,,,,,,98146,53,61,160,6,2,0,0,0,0,,0,,,,,,0,,,1,0,0,0,8,9,8,,,0,,,8,8,0,0,,,0,,,0,0,996,,,,,,,,,,,,,,,,,,,,,,,,,,,,,,0,0,0,0,1,0,0,0,0,0,0,0,1,0,0,0,0,0,0,0,1,0,1,1,1,0,0,0,0,1,0,0,0,0,0,,0,0,0,0,0,0,0,0,0,0,0,0,0,0,0,0,,,,,,16-17,16-25,City street,U,Tuesday,Belt Used,PV,Not Fatal,0,0,0,0,City Street,Municipal/City Police,Burien Police Department,0,0,0,1,0,,,,,,0,0,0,,,,,,,,,,,98,98,98,0,,,,,20,,,,,,,,,1,0,,,,,,
2021,93,EB20896,26,04/06/2021,17:11,6,4,,35,Kitsap,0,10,,1,1,2,1,2,1,1,,,,8,0,0,1.5,3,0,4,4,2,2,4,0,3,0,0,CR-SUQUAMISH WAY NE,NE SOUTH ST,-122.5531694,47.72969167,0,1,13,80,5,20,20,0,0,1,5,8,1,2,2,1,1,1,1,53,0,6,441,2003,0,,8,8,,,,,1,1,81,1,0,,0,0,3,0,11,0,,,,,0,0,3,3,1,10,,,,0,,,,,,98,,,,,,98370,53,70,221,6,1,0,1,0,0,,0,,,,,,0,01/15/2017,01/15/2017,20,0,0,0,8,3,2,,,0,,,8,8,2,1,,,1,,,2,1,0,,,,,,,,,,,,,,,,,,,,,,,,,,,,,,0,0,0,1,0,0,0,0,0,0,0,0,0,0,0,0,0,0,0,0,0,0,0,0,0,1,1,1,0,1,0,1,0,0,0,,0,0,0,0,0,0,0,0,0,0,0,0,0,0,0,0,,,,,,81+,76+,County road,U,Tuesday,Belt Used,PV,Not Fatal,1,0,0,0,County Road,County Sheriff,Kitsap County Sheriff's Office,0,0,1,0,0,,,,,,0,0,0,,,,,,,,,,,98,98,98,0,,,,,20,,,,,,,,,1,0,,,SUQUAMISH WAY NE,1.538,NULL,
2021,94,EB21078,39,04/02/2021,19:44,2,4,,61,Snohomish,0,1,,1,1,2,1,0,5,3,,,,12,0,2,0.9,1,0,1,5,2,2,4,0,0,0,0,CR-NORTH RD,,-122.2368556,47.837575,0,3,98,98,7,35,14,0,0,1,5,54,3,2,3,3,14,1,1,53,0,30,402,2019,0,,54,,,,,,1,1,60,2,0,,0,0,3,0,11,0,,,,,0,0,0,3,1,0,,,,96,,,,,,98,,,,,,98012,53,61,150,6,1,0,0,0,0,,0,,,,,,0,,,20,0,0,0,8,9,8,,,0,,,8,8,8,95,,,96,,,8,95,995,,,,,,,,,,,,,,,,,,,,,,,,,,,,,,0,0,0,0,0,0,1,1,0,0,0,0,1,0,0,0,0,0,0,0,0,0,0,0,0,0,0,0,0,1,0,0,0,0,0,,0,0,0,0,0,0,0,0,0,0,0,0,0,0,0,0,,,,,,56-60,56-65,County road,U,Friday,Belt Used,PV,Not Fatal,0,1,1,0,County Road,County Sheriff,Snohomish County Sheriff's Office,0,0,1,0,0,,,,,,0,0,0,,,,,,,,,,,98,98,98,0,,,,,20,,,,,,,,,1,14,,,NORTH RD,0.931,NULL,
2021,94,EB21078,39,04/02/2021,19:44,2,4,,61,Snohomish,0,1,,1,1,2,1,0,5,3,,,,12,0,2,0.9,1,0,1,5,2,2,4,0,0,0,0,CR-NORTH RD,,-122.2368556,47.837575,0,2,51,62,4,35,34,0,0,1,2,12,3,2,3,3,14,1,1,53,0,20,481,2020,0,,12,,,,,,1,1,42,1,0,,2,0,3,0,11,5,,,,,0,0,3,3,1,0,,,,96,,,,,,98,,,,,,98036,53,74,220,6,1,0,0,0,1,,0,,,,,,0,09/15/2020,09/15/2020,8,0,0,0,8,9,8,,,0,,,8,8,2,1,,,1,,,2,1,0,,,,,,,,,,,,,,,,,,,,,,,,,,,,,,0,0,0,0,0,0,1,1,0,0,0,0,1,0,0,0,0,0,0,0,0,0,0,0,0,0,0,0,0,1,0,0,0,0,0,,0,0,0,0,0,0,0,0,0,0,0,0,0,0,0,0,,,,,,41-45,36-45,County road,U,Friday,Belt Used,PV,Not Fatal,0,1,1,0,County Road,County Sheriff,Snohomish County Sheriff's Office,0,0,1,0,0,,,,,,0,0,0,,,,,,,,,,,98,98,98,0,,,,,20,,,,,,,,,1,14,,,NORTH RD,0.931,NULL,
2021,94,EB21078,39,04/02/2021,19:44,2,4,,61,Snohomish,0,1,,1,1,2,1,0,5,3,,,,12,0,2,0.9,1,0,1,5,2,2,4,0,0,0,0,CR-NORTH RD,,-122.2368556,47.837575,0,1,50,10,2,35,4,0,0,1,2,12,2,2,3,3,6,3,1,53,0,30,40,2013,0,,68,12,54,,,,1,1,34,1,0,,3,0,99,7,11,5,,,,,0,0,3,3,1,33,,,,96,,,,,,98,,,,,,98208,53,71,195,6,7,0,0,0,0,,97,,,,,,3,,,8,0,0,0,8,9,8,,,0,,,8,8,2,401,151,417,1,1,1,2,1,0,,,,,,,,,,,,,,,,,,,,,,,,,,,,,,0,0,0,0,0,0,1,1,0,0,0,0,1,0,0,0,0,0,0,0,0,0,0,0,0,0,0,0,0,1,0,0,0,0,0,,0,0,0,0,0,0,1,1,0,1,0,0,0,0,1,0,,,,,,31-35,26-35,County road,U,Friday,Unknown,PV,Not Fatal,0,1,1,0,County Road,County Sheriff,Snohomish County Sheriff's Office,0,0,1,0,0,,,,,,0,0,0,1,,,,,996,,,,,98,98,98,0,,,,,20,,,,,,,,,1,14,,,NORTH RD,0.931,NULL,
2021,98,EB21496,36,04/12/2021,2:29,12,4,,55,San Juan,0,1,,2,1,7,1,0,1,1,,,,1,0,0,,1,0,1,6,1,2,4,0,0,0,0,CR-CROW VALLEY RD,,-122.9443444,48.67351944,0,1,98,13,2,35,80,0,0,1,2,1,3,2,2,1,14,1,2,53,0,53,705,2008,0,,63,69,1,,,,1,1,39,1,7,,4,7,20,7,11,0,04/12/2021,2:29,53018167,18167,0,0,0,2,1,0,,,,96,,,,,,98,,,,,,94520,6,70,195,1,1,0,0,0,0,,0,,,,,,4,,,20,8,0,0,0,9,8,,,0,,,8,8,2,605,,,1,,,2,1,0.219,,,,,,,,,,,,,,,,,,,,,,,,,,,,,,0,0,0,0,1,1,1,1,1,0,0,0,1,1,1,0,0,0,0,0,0,0,0,0,0,0,0,0,1,0,0,0,0,0,1,0,0,0,0,0,0,1,1,1,0,1,0,1,0,0,0,1,,,,,,36-40,36-45,County road,R,Monday,,MC,Black,0,0,0,0,County Road,County Sheriff,San Juan County Sheriff's Office,0,0,1,0,0,thc,3.3,,,,0,0,0,,,,,,,,,,,0,0,0,2,,,,,5,,,,,,,,nms,1,0,,,CROW VALLEY RD,3.21,NULL,