year,case,par,repjur,crash_dt,crash_tm,accday,accmon,holiday,county,co_char,city,weather,weather2,lightcond,surfcond,surftype,numfatal,nmforms,pforms,vforms,not_tm,arr_tm,hosp_tm,fhevent,hitrun,manncol,milepnt,reljunc,reljuncinter,intersectiontype,funcsystem,landuse,ownership,route,schlbus,spejur,contdev,devfunc,trafid1,trafid2,x,y,wk_zone,vnumber,crashtype,criticalevent,criticaleventcat,spdlim,body,trailer,emerg,hazcargo,leave,mhevent,roadalgn,roadprof,traflane,trafflow,vehmanvr,numoccs,regowner,regstate,spuse,make,model,modelyr,vrf1,vrf2,seqevent1,seqevent2,seqevent3,seqevent4,seqevent5,seqevent6,pnumber,ptype,age,sex,hispanic,race,injury,diedscene,restraint,restraintmisuse,seatpos,takehosp,death_dt,death_tm,cert,cernum_wa,commlic,licendor,licrestrict,liccomp,drivpres,drf1,drf2,drf3,drf4,distract1,distract2,distract3,distract4,distract5,distract6,dricond1,dricond2,dricond3,dricond4,dricond5,dricond6,dzip,licstate,drhgt_in,weight,noncdl,noncdltype,prevdwi,prevoth,prevacc,prevspd,prevsus,driviol1,driviol2,driviol3,driviol4,driviol5,driviol6,spdrel,first_dt,last_dt,airbag,ejection,ejectpath,extricat,injurwrk,methalc,methdrug,nmlocat,strikveh,prf1,prf2,prf3,druginv,alcinvol,drugsts,drugres1,drugres2,drugres3,drugtst1,drugtst2,drugtst3,alcsts,alctst,alcres,nmact1,nmact2,nmact3,nmact4,nmact5,nmact6,nmprior1,nmprior2,nmprior3,nmprior4,nmprior5,nmprior6,nmcond1,nmcond2,nmcond3,nmcond4,nmcond5,nmcond6,nmsafe_helmet,nmsafe_pads,nmsafe_oth,nmprev_ref,nmprev_lgt,nmprev_oth,crashlocation,nmcrashtype,crosswalk,schoolzone,sidewalk,train_inv,wildlife_inv,rotr_fars,intersect_fars,dd_inv,aid_inv,dpd_inv,id_inv,mj_inv,impnm_inv,ainm_inv,dpnm_inv,speed_inv,unlic_inv,unendmc_inv,drowsy_inv,drdist_inv,nmdist_inv,fty_inv,unrestfat_inv,dr1617_inv,dr1820_inv,dr1620_inv,dr2125_inv,dr1625_inv,dr65_inv,dr70_inv,dr75_inv,mc_inv,pv_inv,ht_inv,ped_inv,bike_inv,unrest_fat,mc_fat,unhelmet_mc,pv_fat,ht_fat,ped_fat,bike_fat,dr_alc7,dr_alc8,dr_drug,dr_imp,dr_dist,dr_spd,dr_fty,dr_unlic,dr_alc7only,dr_alc8only,dr_drugonly,dr_drink,nm_imp,nm_alc7,nm_alc8,nm_drug,nm_dist,agegrp1,agegrp2,roadclass,urbrur,dayweek,restuse,vehtype,race_me,intersect,lanedep,oppdir,wrongway,rep_typ,investag,repag_long,rotr,st_rd,cty_rd,city_rd,oth_rd,drug_thc,thc_res,drug_cthc,cthc_res,drug_cann,prevpersemin,prevperse,prevsusoth,drugtst4,drugtst5,drugtst6,drugtst7,drugtst8,drugres4,drugres5,drugres6,drugres7,drugres8,adspresent,adsengaged,adslevel,race1,race2,race3,race4,race5,helmet,helmetmisuse,nmdistract1,nmdistract2,nmdistract3,nmdistract4,nmdistract5,nmdistract6,lab,isedtcase,crf1,crf2,crf3,CoRoadName,CoMP,IntCoRoadName,IntCoMP
2021,113,EB25402,25,04/15/2021,18:17,15,4,,33,King,0,1,,1,1,2,1,0,5,4,,,,12,0,1,4.7,2,0,4,5,1,2,4,0,0,0,0,CR-VEAZIE CUMBERLAND RD,295TH AVE SE,-121.9495611,47.26409444,0,1,20,50,3,45,80,0,0,1,2,12,2,1,2,1,14,2,1,53,0,72,706,2011,0,,12,68,12,,,,1,1,55,1,7,,4,0,20,7,11,5,04/15/2021,23:20,1.96E+11,30129,0,0,3,3,1,38,,,,96,,,,,,98,,,,,,98059,53,70,180,6,1,0,0,2,0,,0,,,,,,0,02/15/2016,11/15/2017,20,8,0,0,0,9,8,,,0,,,8,8,2,1,,,1,,,2,1,0,,,,,,,,,,,,,,,,,,,,,,,,,,,,,,0,0,0,1,0,0,0,0,0,0,0,0,0,0,0,0,0,0,1,0,0,0,0,0,0,0,0,0,1,1,0,0,0,0,1,0,0,0,0,0,0,0,0,0,0,0,1,0,0,0,0,0,,,,,,51-55,46-55,County road,R,Thursday,,MC,White,1,0,0,0,County Road,County Sheriff,King County Police,0,0,1,0,0,,,,,,0,0,0,,,,,,,,,,,0,0,0,1,,,,,5,,,,,,,,,1,0,,,VEAZIE-CUMBERLAND RD SE,4.66,295 AVE SE,0
2021,113,EB25402,25,04/15/2021,18:17,15,4,,33,King,0,1,,1,1,2,1,0,5,4,,,,12,0,1,4.7,2,0,4,5,1,2,4,0,0,0,0,CR-VEAZIE CUMBERLAND RD,295TH AVE SE,-121.9495611,47.26409444,0,2,98,50,3,45,80,0,0,1,2,12,2,1,2,1,14,1,1,53,0,72,706,2009,0,,12,,,,,,1,1,56,2,0,,3,0,20,7,11,5,,,,,0,0,3,3,1,38,,,,96,,,,,,98,,,,,,98059,53,64,145,6,1,0,0,1,0,,0,,,,,,0,07/15/2019,07/15/2019,20,8,0,0,8,9,8,,,0,,,8,8,8,95,,,96,,,8,95,995,,,,,,,,,,,,,,,,,,,,,,,,,,,,,,0,0,0,1,0,0,0,0,0,0,0,0,0,0,0,0,0,0,1,0,0,0,0,0,0,0,0,0,1,1,0,0,0,0,0,0,0,0,0,0,0,0,0,0,0,0,1,0,0,0,0,0,,,,,,56-60,56-65,County road,R,Thursday,,MC,Not Fatal,1,0,0,0,County Road,County Sheriff,King County Police,0,0,1,0,0,,,,,,0,0,0,,,,,,,,,,,0,0,0,0,,,,,5,,,,,,,,,1,0,,,VEAZIE-CUMBERLAND RD SE,4.66,295 AVE SE,0
2021,119,EB25790,146,04/15/2021,0:25,15,4,,77,Yakima,0,1,,2,1,2,2,0,2,1,,,,35,0,0,0,1,0,1,96,6,96,8,0,0,0,0,ROZA HILL DR    PVT DR,,-120.3803111,46.60615278,0,1,7,6,1,50,4,0,0,1,2,2,1,2,2,1,1,2,2,53,0,37,32,2008,0,,68,64,35,1,2,,1,1,39,2,6,,4,7,99,7,11,0,04/15/2021,0:25,53018691,18691,0,0,0,2,1,0,,,,96,,,,,,98,,,,,,98901,53,63,160,1,1,0,0,0,0,,0,,,,,,4,,,99,0,0,0,0,9,8,,,0,,,8,8,0,0,,,0,,,0,0,996,,,,,,,,,,,,,,,,,,,,,,,,,,,,,,0,0,0,0,0,0,0,0,0,0,0,0,1,1,0,0,0,0,0,0,0,0,0,0,0,0,0,0,0,1,0,0,0,0,0,,1,0,0,0,0,0,0,0,0,1,0,1,0,0,0,0,,,,,,36-40,36-45,Other,,Thursday,Unknown,PV,Hispanic,0,1,0,0,Other,County Sheriff,Yakima County Sheriff's Office,1,0,0,0,1,,,,,,0,0,0,,,,,,,,,,,98,98,98,98,,,,,20,,,,,,,,,1,0,,,,,,
2021,120,EB26039,6,04/21/2021,11:07,21,4,,25,Grant,680,1,,1,1,2,1,1,2,1,,,,8,0,0,51.7,3,0,2,4,2,1,3,0,0,3,3,SR-28,FIRST AVE NW,-119.5509694,47.32165833,0,1,13,80,5,25,67,0,0,1,5,8,1,1,3,1,11,2,1,53,0,12,880,2005,0,,8,,,,,,1,1,32,2,0,,0,0,3,0,11,0,,,,,0,0,0,3,1,38,,,,96,,,,,,98,,,,,,98851,53,62,115,6,1,0,0,0,0,,46,,,,,,0,,,20,0,0,0,8,9,8,,,0,,,8,8,0,0,,,0,,,0,0,996,,,,,,,,,,,,,,,,,,,,,,,,,,,,,,0,0,0,1,0,0,0,0,0,0,0,0,0,0,0,0,0,0,1,0,0,0,0,0,0,0,0,0,0,0,1,1,0,0,0,,0,0,0,0,0,0,0,0,0,0,1,0,0,0,0,0,,,,,,31-35,26-35,State route,U,Wednesday,,MHTRUCK,Not Fatal,1,0,0,0,State Route,State Patrol,Washington State Patrol,0,1,0,0,0,,,,,,0,0,0,,,,,,,,,,,98,98,98,0,,,,,20,,,,,,,,,1,0,,,,,,
2021,121,EB26318,13,04/20/2021,16:09,20,4,,9,Clallam,0,1,,1,1,2,1,0,1,1,,,,38,0,0,,1,0,1,5,1,2,4,0,0,0,0,CR-MOUNT PLEASANT RD,,-123.3651111,48.086125,0,1,1,13,2,35,4,0,0,1,2,38,1,1,2,1,1,1,1,53,0,49,40,2012,0,,63,38,1,38,42,,1,1,57,1,7,,4,7,3,0,11,0,04/20/2021,16:09,53019264,19264,0,0,0,3,1,0,,,,6,,,,,,98,,,,,,98362,53,67,190,6,1,0,0,0,0,,0,,,,,,3,,,20,0,0,0,0,9,8,,,0,,,9,8,2,1,,,1,,,2,1,0,,,,,,,,,,,,,,,,,,,,,,,,,,,,,,0,0,1,0,0,0,0,0,0,0,0,0,1,0,0,0,1,0,0,0,0,0,0,0,0,0,0,0,0,1,0,0,0,0,0,,1,0,0,0,0,0,0,0,1,1,0,0,0,0,0,0,,,,,,56-60,56-65,County road,R,Tuesday,Belt Used,PV,AIAN,0,1,0,0,County Road,County Sheriff,Clallam County Sheriff's Office,1,0,1,0,0,,,,,,0,0,0,,,,,,,,,,,98,98,98,3,,,,,20,,,,,,,,,1,0,,,MT. PLEASANT RD.,4.4,NULL,
2021,122,EB26420,11,04/24/2021,0:00,24,4,,5,Benton,0,10,,2,1,2,1,0,1,1,,,,1,0,0,2.8,1,0,1,5,2,2,4,0,0,0,0,CR-S CLODFELTER RD,,-119.2641528,46.17199444,0,1,6,12,2,50,4,0,0,1,2,1,2,2,2,1,14,1,0,53,0,30,40,2002,0,,68,64,1,,,,1,1,24,1,7,,4,0,2,0,11,5,04/24/2021,4:17,1.85E+11,19991,0,0,0,3,1,0,,,,96,,,,,,98,,,,,,99338,53,70,230,6,1,0,0,0,0,,0,,,,,,4,,,8,1,9,0,0,9,8,,,0,,,8,8,2,1,,,1,,,2,1,0.192,,,,,,,,,,,,,,,,,,,,,,,,,,,,,,0,0,1,0,1,1,0,1,0,0,0,0,1,0,0,0,0,0,0,0,0,0,0,1,1,0,0,0,0,1,0,0,0,0,0,,1,0,0,0,0,1,0,1,0,1,0,0,0,1,0,1,,,,,,21-25,16-25,County road,U,Saturday,Belt Used,PV,White,0,1,0,0,County Road,County Sheriff,Benton County Sheriff's Office,1,0,1,0,0,,,,,,0,0,0,,,,,,,,,,,98,98,98,1,,,,,20,,,,,,,,,1,0,,,CLODFELTER RD,2.77,NULL,
2021,123,EB26803,3,04/25/2021,20:49,25,4,,53,Pierce,0,10,,5,1,2,1,0,2,2,,,,12,0,11,41.4,1,0,1,3,1,1,3,0,0,0,0,SR-7,,-122.3691556,47.01238333,0,1,98,8,1,55,4,0,0,1,2,12,1,1,2,1,6,1,1,53,0,37,31,1996,0,,68,12,,,,,1,1,30,1,0,,2,0,3,0,11,0,,,,,0,0,0,2,1,28,35,,,96,,,,,,9,,,,,,98387,53,69,130,6,1,0,0,0,0,,1,,,,,,4,,,20,0,0,0,8,9,8,,,0,,,1,8,8,95,,,96,,,8,95,995,,,,,,,,,,,,,,,,,,,,,,,,,,,,,,0,0,0,0,0,0,1,1,1,0,0,0,1,0,0,0,0,0,0,0,0,0,0,0,0,0,0,0,1,1,0,0,0,0,0,,0,0,0,0,0,0,0,0,0,1,0,0,0,0,0,0,,,,,,26-30,26-35,State route,R,Sunday,Belt Used,PV,Not Fatal,0,1,1,0,State Route,State Patrol,Washington State Patrol,0,1,0,0,0,,,,,,0,0,0,,,,,,,,,,,0,0,0,0,,,,,20,,,,,,,,,1,0,,,,,,
2021,123,EB26803,3,04/25/2021,20:49,25,4,,53,Pierce,0,10,,5,1,2,1,0,2,2,,,,12,0,11,41.4,1,0,1,3,1,1,3,0,0,0,0,SR-7,,-122.3691556,47.01238333,0,2,98,62,4,55,80,0,0,1,2,12,1,1,2,1,1,1,1,53,0,72,706,2004,0,,12,,,,,,1,1,58,1,7,,4,7,20,7,11,0,04/25/2021,20:49,53023130,23130,0,0,3,3,1,0,,,,96,,,,,,98,,,,,,98580,53,71,190,6,1,0,0,0,0,,0,,,,,,0,,,20,8,0,0,0,9,8,,,0,,,8,8,2,695,605,,1,1,,2,1,0,,,,,,,,,,,,,,,,,,,,,,,,,,,,,,0,0,0,0,0,0,1,1,1,0,0,0,1,0,0,0,0,0,0,0,0,0,0,0,0,0,0,0,1,1,0,0,0,0,1,0,0,0,0,0,0,0,1,1,0,0,0,0,0,0,1,0,,,,,,56-60,56-65,State route,R,Sunday,,MC,White,0,1,1,0,State Route,State Patrol,Washington State Patrol,0,1,0,0,0,thc,20,carboxy-thc,40,,0,0,0,,,,,,,,,,,0,0,0,1,,,,,19,,,,,,,,nms,1,0,,,,,,
2021,124,EB27240,5,04/24/2021,7:49,24,4,,15,Cowlitz,0,2,,1,2,2,3,1,4,3,,,,14,0,0,45.6,1,0,1,1,1,1,1,0,0,0,0,I-5,,-122.88855,46.22469444,0,1,11,11,2,70,4,0,0,1,2,14,1,1,3,3,1,1,2,53,0,34,34,2011,0,,63,14,8,14,,,1,1,43,2,0,,3,0,99,7,11,0,,,,,0,0,0,3,1,0,,,,96,,,,,,9,,,,,,98635,53,65,180,6,1,0,0,0,0,,1,,,,,,0,,,8,0,0,0,8,9,8,,,0,,,1,8,2,321,337,351,1,1,1,2,1,0,,,,,,,,,,,,,,,,,,,,,,,,,,,,,,0,0,0,0,0,0,1,1,0,1,0,1,0,0,0,0,0,0,0,0,0,0,0,0,0,0,0,0,0,1,1,1,0,0,0,,0,0,0,0,0,0,1,1,0,0,0,0,0,0,1,0,,,,,,41-45,36-45,Interstate,R,Saturday,Unknown,PV,Not Fatal,0,1,0,0,State Route,State Patrol,Washington State Patrol,1,1,0,0,0,,,,,,0,0,0,1,1,1,,,352,996,124,996,,98,98,98,0,,,,,20,,,,,,,,,1,14,,,,,,
2021,618,EB27254,330,05/02/2021,19:57,2,5,,77,Yakima,2590,1,,1,1,2,1,0,2,2,,,,12,0,6,0,2,0,3,7,2,4,6,0,0,0,0,E MAPLE ST,S 8th St,-120.492325,46.59842778,0,1,68,15,2,25,4,0,0,1,5,12,1,1,2,1,11,1,2,53,0,48,38,2003,0,,12,,,,,,1,1,17,1,0,,0,0,3,0,11,0,,,,,0,0,0,3,1,38,,,,96,,,,,,98,,,,,,98901,53,68,180,6,1,0,0,0,0,,2,46,,,,,0,,,20,0,0,0,8,9,8,,,0,,,9,9,2,1,,,1,,,2,1,0,,,,,,,,,,,,,,,,,,,,,,,,,,,,,,0,0,0,1,0,0,0,0,0,0,0,0,0,0,0,0,0,0,1,0,1,0,1,1,1,0,0,0,1,1,0,0,0,0,0,,0,0,0,0,0,0,0,0,0,0,1,0,0,0,0,0,,,,,,16-17,16-25,City street,U,Sunday,Belt Used,PV,Not Fatal,1,0,0,0,City Street,Municipal/City Police,Yakima Police Department,0,0,0,1,0,,,,,,0,0,0,,,,,,,,,,,98,98,98,0,,,,,20,,,,,,,,,1,0,,,,,,
2021,618,EB27254,330,05/02/2021,19:57,2,5,,77,Yakima,2590,1,,1,1,2,1,0,2,2,,,,12,0,6,0,2,0,3,7,2,4,6,0,0,0,0,E MAPLE ST,S 8th St,-120.492325,46.59842778,0,2,69,62,4,25,83,0,0,1,5,12,1,1,2,1,1,1,9,99,0,37,701,9999,0,,12,,,,,,1,1,23,1,1,,4,0,20,7,11,0,05/03/2021,9:31,1.96E+11,22295,0,0,0,3,1,0,,,,96,,,,,,98,,,,,,98901,53,63,145,6,1,0,4,1,2,,93,,,,,,0,08/15/2017,11/15/2019,20,8,0,0,0,9,8,,,0,,,9,9,0,0,,,0,,,0,0,996,,,,,,,,,,,,,,,,,,,,,,,,,,,,,,0,0,0,1,0,0,0,0,0,0,0,0,0,0,0,0,0,0,1,0,1,0,1,1,1,0,0,0,1,1,0,0,0,0,1,1,0,0,0,0,0,0,0,0,0,0,0,0,0,0,0,0,,,,,,21-25,16-25,City street,U,Sunday,,MC,Hispanic,1,0,0,0,City Street,Municipal/City Police,Yakima Police Department,0,0,0,1,0,,,,,,0,0,6,,,,,,,,,,,0,0,0,98,,,,,17,,,,,,,,,1,0,,,,,,
2021,365,EB27480,278,05/04/2021,18:33,4,5,,63,Spokane,2110,1,,1,1,1,1,0,2,3,,,,12,0,6,0,2,0,2,7,2,4,6,0,0,0,0,N MADISON ST,W Lacrosse Ave,-117.4271694,47.69546389,0,2,87,66,4,98,80,0,0,1,5,12,1,2,2,1,1,1,2,53,0,37,705,1983,0,,12,14,,,,,1,1,34,1,7,,4,0,20,7,11,0,05/17/2021,5:28,2.11E+11,23720,0,0,0,3,1,0,,,,96,,,,,,98,,,,,,99205,53,64,155,6,1,0,0,2,0,,0,,,,,,0,07/15/2017,05/15/2020,20,8,0,0,0,9,8,,,0,,,8,8,8,95,,,96,,,8,95,995,,,,,,,,,,,,,,,,,,,,,,,,,,,,,,0,0,0,1,0,0,0,0,0,0,0,0,0,1,0,0,0,0,1,0,0,0,0,0,0,0,0,0,1,1,0,0,0,0,1,0,0,0,0,0,0,0,0,0,0,0,0,0,0,0,0,0,,,,,,31-35,26-35,City street,U,Tuesday,,MC,White,1,0,0,0,City Street,Municipal/City Police,Spokane Police Department,0,0,0,1,0,,,,,,0,0,0,,,,,,,,,,,0,0,0,1,,,,,5,,,,,,,,,1,0,,,,,,
2021,365,EB27480,278,05/04/2021,18:33,4,5,,63,Spokane,2110,1,,1,1,1,1,0,2,3,,,,12,1,6,0,2,0,2,7,2,4,6,0,0,0,0,N MADISON ST,W Lacrosse Ave,-117.4271694,47.69546389,0,1,86,17,2,98,4,0,0,1,5,12,1,2,2,1,1,1,2,53,0,20,37,2008,0,,12,,,,,,1,1,27,2,0,,9,0,99,7,11,0,,,,,0,0,0,0,1,38,,,,96,,,,,,98,,,,,,99207,53,62,135,0,0,0,1,0,1,,97,,,,,,0,10/15/2020,02/15/2020,1,9,0,0,8,9,8,,,0,,,8,8,9,999,,,99,,,9,99,999,,,,,,,,,,,,,,,,,,,,,,,,,,,,,,0,0,0,1,0,0,0,0,0,0,0,0,0,1,0,0,0,0,1,0,0,0,0,0,0,0,0,0,1,1,0,0,0,0,0,,0,0,0,0,0,0,0,0,0,0,1,1,0,0,0,0,,,,,,26-30,26-35,City street,U,Tuesday,Unknown,PV,Not Fatal,1,0,0,0,City Street,Municipal/City Police,Spokane Police Department,0,0,0,1,0,,,,,,0,0,1,,,,,,,,,,,98,98,98,0,,,,,20,,,,,,,,,1,0,,,,,,
2021,607,EB28406,35,05/07/2021,22:50,7,5,,53,Pierce,0,1,,3,1,1,1,1,3,1,,,,8,0,0,5,1,0,1,3,2,2,4,0,0,0,0,CR-176TH ST E,,-122.3302222,47.09652222,0,1,13,80,5,45,4,0,0,1,2,8,1,1,2,2,1,3,2,53,0,55,33,2007,0,,8,,,,,,1,1,34,1,0,,0,0,3,0,11,0,,,,,0,0,0,3,1,0,,,,96,,,,,,98,,,,,,98446,53,72,155,6,1,0,0,0,0,,0,,,,,,0,,,20,0,0,0,8,9,8,,,0,,,8,8,8,95,,,96,,,8,95,995,,,,,,,,,,,,,,,,,,,,,,,,,,,,,,0,0,0,0,0,0,0,0,0,1,0,1,0,0,0,0,0,0,0,0,0,0,0,0,0,0,0,0,0,1,0,1,0,0,0,,0,0,0,0,0,0,0,0,0,0,0,0,0,0,0,0,,,,,,31-35,26-35,County road,U,Friday,Belt Used,PV,Not Fatal,0,0,0,0,County Road,County Sheriff,Law Enforcement Support Agency,0,0,1,0,0,,,,,,0,0,0,,,,,,,,,,,98,98,98,0,,,,,20,,,,,,,,,1,0,,,176 ST E,4.95,NULL,
2021,126,EB28603,5,05/09/2021,0:14,9,5,,15,Cowlitz,0,1,,2,1,2,1,1,1,1,,,,8,0,0,4.2,1,0,1,3,2,1,3,0,0,0,0,SR-432,,-122.9807583,46.13366389,0,1,13,80,5,50,4,0,0,1,5,8,1,1,3,1,1,1,2,53,0,59,32,1996,0,,8,,,,,,1,1,22,1,0,,0,0,3,0,11,0,,,,,0,0,3,3,1,0,,,,96,,,,,,98,,,,,,98632,53,75,130,6,1,0,0,0,3,,0,,,,,,0,09/15/2020,05/15/2020,20,0,0,0,8,9,8,,,0,,,8,8,0,0,,,0,,,0,0,996,,,,,,,,,,,,,,,,,,,,,,,,,,,,,,0,0,0,0,0,0,0,0,0,0,0,0,0,0,0,0,0,0,0,0,0,0,0,1,1,0,0,0,0,1,0,1,0,0,0,,0,0,0,0,0,0,0,0,0,0,0,0,0,0,0,0,,,,,,21-25,16-25,State route,U,Sunday,Belt Used,PV,Not Fatal,0,0,0,0,State Route,State Patrol,Washington State Patrol,0,1,0,0,0,,,,,,0,0,2,,,,,,,,,,,0,0,0,0,,,,,20,,,,,,,,,1,0,,,,,,
2021,128,EB28873,2,05/05/2021,22:03,5,5,,57,Skagit,0,10,,2,1,2,1,0,1,1,,,,42,0,0,42.8,1,0,1,5,1,1,3,0,0,0,0,SR-9,,-122.2031861,48.34709444,0,1,6,12,2,50,80,0,0,1,2,42,2,1,2,1,14,1,2,53,0,76,706,2007,0,,68,64,42,2,,,1,1,37,1,7,,4,7,20,7,11,0,05/05/2021,22:03,53022012,22012,0,0,3,2,1,0,,,,96,,,,,,9,,,,,,98274,53,70,175,1,1,0,1,0,1,,0,,,,,,4,11/15/2019,01/15/2020,20,8,0,0,0,9,8,,,0,,,1,8,2,401,417,151,15,15,15,2,7,0,,,,,,,,,,,,,,,,,,,,,,,,,,,,,,0,0,1,0,0,0,1,1,0,0,0,0,1,1,1,0,0,0,0,0,0,0,0,0,0,0,0,0,1,0,0,0,0,0,1,0,0,0,0,0,0,0,1,1,0,1,0,1,0,0,1,0,,,,,,36-40,36-45,State route,R,Wednesday,,MC,White,0,1,0,0,State Route,State Patrol,Washington State Patrol,1,1,0,0,0,,,,,,0,0,2,15,,,,,996,,,,,0,0,0,1,,,,,5,,,,,,,,,1,0,,,,,,
2021,130,EB29229,8,04/18/2021,1:15,18,4,,45,Mason,0,1,,3,1,2,1,0,1,1,,,,30,0,0,338.5,1,0,1,3,1,1,2,0,0,0,0,US-101,,-123.1812583,47.30081111,0,1,1,13,2,55,4,0,0,1,2,3,1,2,2,1,1,1,1,53,0,55,35,2010,0,,63,30,1,3,,,1,1,77,1,7,,4,7,3,0,11,0,04/18/2021,1:15,53018367,18367,0,0,0,3,1,0,,,,96,,,,,,9,,,,,,98503,53,62,125,6,1,0,0,0,0,,0,,,,,,0,,,20,0,0,0,0,9,8,,,0,,,1,1,2,1,,,1,,,2,1,0,,,,,,,,,,,,,,,,,,,,,,,,,,,,,,0,0,1,0,1,0,0,0,0,0,0,0,0,0,0,0,0,0,0,0,0,0,0,0,0,1,1,1,0,1,0,0,0,0,0,,1,0,0,0,0,0,0,0,0,0,0,0,0,0,0,1,,,,,,76-80,76+,US highway,R,Sunday,Belt Used,PV,White,0,1,0,0,State Route,State Patrol,Washington State Patrol,1,1,0,0,0,,,,,,0,0,0,,,,,,,,,,,98,98,98,1,,,,,20,,,,,,,,,1,0,,,,,,
2021,131,EB29420,348,05/02/2021,17:31,2,5,,33,King,1018,1,,1,1,1,1,0,2,1,,,,33,0,0,6.6,1,0,1,3,2,1,3,0,0,0,0,SR-522,,-122.2633361,47.75831667,0,1,1,13,2,40,6,0,0,1,2,43,1,1,2,2,1,2,2,53,0,12,24,2015,0,,63,33,43,41,,,1,1,33,1,7,,4,0,3,0,11,5,05/02/2021,18:56,1.96E+11,21578,0,0,0,3,1,0,,,,96,,,,,,98,,,,,,98028,53,71,197,6,1,0,0,2,1,,0,,,,,,0,04/15/2021,03/15/2021,8,0,0,0,0,9,8,,,0,,,8,8,2,996,996,401,1,1,1,2,1,0,,,,,,,,,,,,,,,,,,,,,,,,,,,,,,0,0,1,0,0,0,1,1,0,0,0,0,0,0,0,0,0,0,0,0,0,0,0,0,0,0,0,0,0,1,0,0,0,0,0,,1,0,0,0,0,0,1,1,0,0,0,0,0,0,1,0,,,,,,31-35,26-35,State route,U,Sunday,Belt Used,PV,White,0,1,0,0,State Route,Municipal/City Police,Kenmore Police Dept,1,1,0,0,0,,,,,,0,0,1,1,,,,,417,,,,,98,98,98,1,,,,,20,,,,,,,,,1,0,,,,,,
2021,132,EB29540,42,05/10/2021,17:36,10,5,,67,Thurston,0,1,,1,1,2,1,0,5,1,,,,30,0,0,7.8,1,0,1,5,2,2,4,0,0,0,0,CR-MARVIN RD NE,,-122.7807222,47.107875,0,1,7,12,2,50,4,0,0,1,2,30,1,1,2,1,6,5,1,53,0,37,31,1995,0,,68,64,69,68,63,30,1,1,30,1,7,,4,7,20,7,11,0,05/10/2021,17:36,53024353,24353,0,0,0,2,1,33,,,,96,,,,,,98,,,,,,98516,53,67,160,1,1,0,3,2,8,,0,,,,,,3,06/15/2016,06/15/2020,20,0,0,0,0,9,8,,,0,,,8,8,2,1,,,1,,,2,1,0,,,,,,,,,,,,,,,,,,,,,,,,,,,,,,0,0,0,0,0,0,0,0,0,0,0,0,1,1,0,0,0,0,0,1,0,0,0,0,0,0,0,0,0,1,0,0,0,1,0,,1,0,0,0,0,0,0,0,0,1,0,1,0,0,0,0,,,,,,26-30,26-35,County road,U,Monday,Not Used,PV,Black,0,1,0,0,County Road,County Sheriff,Thurston County Sheriff's Office,1,0,1,0,0,,,,,,0,0,9,,,,,,,,,,,0,0,0,2,,,,,20,,,,,,,,,1,0,,,MARVIN RD NE,7.767,NULL,
2021,152,EB29648,3,05/04/2021,23:40,4,5,,53,Pierce,1124,1,,3,1,2,1,0,2,2,,,,25,0,0,125,1,0,1,1,2,1,1,0,0,0,0,I-5,,-122.5211806,47.13924444,1,1,6,9,1,60,80,0,0,1,2,25,3,1,4,3,6,1,1,53,0,72,706,2016,0,,64,25,12,2,,,1,1,28,1,7,,4,0,20,7,11,5,05/05/2021,0:57,76353021960,21960,0,0,0,3,1,8,,,,96,,,,,,9,,,,,,98277,53,78,240,6,1,0,0,0,1,,0,,,,,,3,11/15/2019,11/15/2019,20,8,0,0,0,9,8,,,0,,,8,1,2,605,,,1,,,2,1,0.188,,,,,,,,,,,,,,,,,,,,,,,,,,,,,,0,0,1,0,1,1,1,1,1,0,0,0,1,0,0,0,0,0,0,0,0,0,0,0,0,0,0,0,1,0,1,0,0,0,1,0,0,0,0,0,0,1,1,1,0,1,0,0,0,0,0,1,,,,,,26-30,26-35,Interstate,U,Tuesday,,MC,White,0,1,0,0,State Route,State Patrol,Washington State Patrol,1,1,0,0,0,thc,1.8,,,,0,0,0,,,,,,,,,,,0,0,0,1,,,,,5,,,,,,,,nms,1,0,,,,,,
2021,152,EB29648,3,05/04/2021,23:40,4,5,,53,Pierce,1124,1,,3,1,2,1,0,2,2,,,,25,0,0,125,1,0,1,1,2,1,1,0,0,0,0,I-5,,-122.5211806,47.13924444,1,2,98,53,3,60,66,2,0,1,5,12,3,1,4,3,14,1,3,16,0,85,881,2018,0,,12,,,,,,1,1,43,1,0,,0,0,3,0,11,0,,,,,6,1,3,3,1,0,,,,96,,,,,,98,,,,,,98908,53,75,200,6,1,0,0,0,0,,0,,,,,,0,,,20,0,0,0,8,9,8,,,0,,,8,8,8,95,,,96,,,8,95,995,,,,,,,,,,,,,,,,,,,,,,,,,,,,,,0,0,1,0,1,1,1,1,1,0,0,0,1,0,0,0,0,0,0,0,0,0,0,0,0,0,0,0,1,0,1,0,0,0,0,,0,0,0,0,0,0,0,0,0,0,0,0,0,0,0,0,,,,,,41-45,36-45,Interstate,U,Tuesday,,MHTRUCK,Not Fatal,0,1,0,0,State Route,State Patrol,Washington State Patrol,1,1,0,0,0,,,,,,0,0,0,,,,,,,,,,,98,98,98,0,,,,,20,,,,,,,,,1,0,,,,,,