year,case,par,repjur,crash_dt,crash_tm,accday,accmon,holiday,county,co_char,city,weather,weather2,lightcond,surfcond,surftype,numfatal,nmforms,pforms,vforms,not_tm,arr_tm,hosp_tm,fhevent,hitrun,manncol,milepnt,reljunc,reljuncinter,intersectiontype,funcsystem,landuse,ownership,route,schlbus,spejur,contdev,devfunc,trafid1,trafid2,x,y,wk_zone,vnumber,crashtype,criticalevent,criticaleventcat,spdlim,body,trailer,emerg,hazcargo,leave,mhevent,roadalgn,roadprof,traflane,trafflow,vehmanvr,numoccs,regowner,regstate,spuse,make,model,modelyr,vrf1,vrf2,seqevent1,seqevent2,seqevent3,seqevent4,seqevent5,seqevent6,pnumber,ptype,age,sex,hispanic,race,injury,diedscene,restraint,restraintmisuse,seatpos,takehosp,death_dt,death_tm,cert,cernum_wa,commlic,licendor,licrestrict,liccomp,drivpres,drf1,drf2,drf3,drf4,distract1,distract2,distract3,distract4,distract5,distract6,dricond1,dricond2,dricond3,dricond4,dricond5,dricond6,dzip,licstate,drhgt_in,weight,noncdl,noncdltype,prevdwi,prevoth,prevacc,prevspd,prevsus,driviol1,driviol2,driviol3,driviol4,driviol5,driviol6,spdrel,first_dt,last_dt,airbag,ejection,ejectpath,extricat,injurwrk,methalc,methdrug,nmlocat,strikveh,prf1,prf2,prf3,druginv,alcinvol,drugsts,drugres1,drugres2,drugres3,drugtst1,drugtst2,drugtst3,alcsts,alctst,alcres,nmact1,nmact2,nmact3,nmact4,nmact5,nmact6,nmprior1,nmprior2,nmprior3,nmprior4,nmprior5,nmprior6,nmcond1,nmcond2,nmcond3,nmcond4,nmcond5,nmcond6,nmsafe_helmet,nmsafe_pads,nmsafe_oth,nmprev_ref,nmprev_lgt,nmprev_oth,crashlocation,nmcrashtype,crosswalk,schoolzone,sidewalk,train_inv,wildlife_inv,rotr_fars,intersect_fars,dd_inv,aid_inv,dpd_inv,id_inv,mj_inv,impnm_inv,ainm_inv,dpnm_inv,speed_inv,unlic_inv,unendmc_inv,drowsy_inv,drdist_inv,nmdist_inv,fty_inv,unrestfat_inv,dr1617_inv,dr1820_inv,dr1620_inv,dr2125_inv,dr1625_inv,dr65_inv,dr70_inv,dr75_inv,mc_inv,pv_inv,ht_inv,ped_inv,bike_inv,unrest_fat,mc_fat,unhelmet_mc,pv_fat,ht_fat,ped_fat,bike_fat,dr_alc7,dr_alc8,dr_drug,dr_imp,dr_dist,dr_spd,dr_fty,dr_unlic,dr_alc7only,dr_alc8only,dr_drugonly,dr_drink,nm_imp,nm_alc7,nm_alc8,nm_drug,nm_dist,agegrp1,agegrp2,roadclass,urbrur,dayweek,restuse,vehtype,race_me,intersect,lanedep,oppdir,wrongway,rep_typ,investag,repag_long,rotr,st_rd,cty_rd,city_rd,oth_rd,drug_thc,thc_res,drug_cthc,cthc_res,drug_cann,prevpersemin,prevperse,prevsusoth,drugtst4,drugtst5,drugtst6,drugtst7,drugtst8,drugres4,drugres5,drugres6,drugres7,drugres8,adspresent,adsengaged,adslevel,race1,race2,race3,race4,race5,helmet,helmetmisuse,nmdistract1,nmdistract2,nmdistract3,nmdistract4,nmdistract5,nmdistract6,lab,isedtcase,crf1,crf2,crf3,CoRoadName,CoMP,IntCoRoadName,IntCoMP
2021,133,EB29885,1,05/09/2021,16:10,9,5,,21,Franklin,1660,1,,1,1,1,2,0,3,2,,,,12,0,6,31.9,2,0,2,2,2,1,2,0,0,0,0,US-395,FOSTER WELLS RD,-119.0938028,46.28516667,0,2,86,66,4,60,66,1,0,1,2,12,1,1,3,2,1,1,3,41,0,98,804,2016,0,,12,,,,,,1,1,40,1,0,,0,0,3,0,11,0,,,,,0,0,0,1,1,0,,,,96,,,,,,98,,,,,,97862,41,68,198,3,1,0,0,0,0,,0,,,,,,0,,,20,0,0,0,8,9,8,,,0,,,8,8,0,0,,,0,,,0,0,996,,,,,,,,,,,,,,,,,,,,,,,,,,,,,,0,0,0,1,0,0,1,1,0,0,0,0,0,1,0,0,0,0,1,1,0,0,0,0,0,0,0,0,0,1,1,0,0,0,0,,0,0,0,0,0,0,0,0,0,0,0,1,0,0,0,0,,,,,,36-40,36-45,US highway,U,Sunday,,MHTRUCK,Not Fatal,1,0,0,0,State Route,State Patrol,Washington State Patrol,0,1,0,0,0,,,,,,0,0,0,,,,,,,,,,,98,98,98,0,,,,,20,,,,,,,,,1,20,,,,,,
2021,133,EB29885,1,05/09/2021,16:10,9,5,,21,Franklin,1660,1,,1,1,1,2,0,3,2,,,,12,0,6,31.9,2,0,2,2,2,1,2,0,0,20,3,US-395,FOSTER WELLS RD,-119.0938028,46.28516667,0,1,87,17,2,55,4,0,0,1,2,12,1,1,2,1,1,2,2,53,0,55,35,2002,0,,12,,,,,,1,1,28,1,1,,4,0,20,7,11,5,05/10/2021,18:27,2.11E+11,22519,0,0,0,0,1,37,38,,,96,,,,,,9,,,,,,99301,53,70,166,0,0,0,0,0,0,,0,,,,,,0,04/15/2021,04/15/2021,20,0,0,0,0,9,8,,,0,,,1,8,2,348,402,401,1,1,1,2,1,0,,,,,,,,,,,,,,,,,,,,,,,,,,,,,,0,0,0,1,0,0,1,1,0,0,0,0,0,1,0,0,0,0,1,1,0,0,0,0,0,0,0,0,0,1,1,0,0,1,0,,1,0,0,0,0,0,1,1,0,0,1,1,0,0,1,0,,,,,,26-30,26-35,US highway,U,Sunday,Not Used,PV,Hispanic,1,0,0,0,State Route,State Patrol,Washington State Patrol,0,1,0,0,0,,,,,,0,0,1,1,1,1,,,417,151,996,,,98,98,98,1,,,,,20,,,,,,,,,1,20,,,,,,
2021,134,EB30444,278,05/15/2021,13:55,15,5,,63,Spokane,2110,1,,1,1,2,1,0,3,2,,,,12,0,6,0,2,0,2,4,2,4,6,0,0,0,0,W INDIAN TRAIL RD,W Beacon Ave,-117.4635861,47.719575,0,2,68,60,4,98,14,0,0,1,5,12,1,1,4,1,11,2,1,53,0,37,404,2018,0,,12,,,,,,1,1,59,2,0,,0,0,3,0,11,0,,,,,0,0,0,3,1,10,,,,0,,,,,,98,,,,,,99021,53,66,190,6,1,0,0,0,0,,0,,,,,,0,,,1,0,0,0,8,9,8,,,0,,,8,8,2,1,,,1,,,2,1,0,,,,,,,,,,,,,,,,,,,,,,,,,,,,,,0,0,0,1,0,0,0,0,0,0,0,0,0,0,0,0,1,0,0,0,0,0,0,1,1,0,0,0,1,1,0,0,0,0,0,,0,0,0,0,0,0,0,0,0,0,0,0,0,0,0,0,,,,,,56-60,56-65,City street,U,Saturday,Belt Used,PV,Not Fatal,1,0,0,0,City Street,Municipal/City Police,Spokane Police Department,0,0,0,1,0,,,,,,0,0,0,,,,,,,,,,,98,98,98,0,,,,,20,,,,,,,,,1,0,,,,,,
2021,134,EB30444,278,05/15/2021,13:55,15,5,,63,Spokane,2110,1,,1,1,2,1,0,3,2,,,,12,0,6,0,2,0,2,4,2,4,6,0,0,0,0,W INDIAN TRAIL RD,W Beacon Ave,-117.4635861,47.719575,0,1,69,17,2,98,80,0,0,1,5,12,1,1,4,1,1,1,1,53,0,73,706,2017,0,,12,,,,,,1,1,24,1,7,,4,7,20,7,11,0,05/15/2021,13:55,2.11E+11,23413,0,0,0,3,1,0,,,,92,,,,,,98,,,,,,99208,53,72,220,6,1,0,0,1,0,,0,,,,,,0,11/15/2017,11/15/2020,20,8,0,0,0,9,8,,,0,,,8,8,2,1,,,1,,,2,1,0,,,,,,,,,,,,,,,,,,,,,,,,,,,,,,0,0,0,1,0,0,0,0,0,0,0,0,0,0,0,0,1,0,0,0,0,0,0,1,1,0,0,0,1,1,0,0,0,0,1,0,0,0,0,0,0,0,0,0,1,0,0,0,0,0,0,0,,,,,,21-25,16-25,City street,U,Saturday,,MC,White,1,0,0,0,City Street,Municipal/City Police,Spokane Police Department,0,0,0,1,0,,,,,,0,0,1,,,,,,,,,,,0,0,0,1,,,,,5,,,,,,,,,1,0,,,,,,
2021,634,EB30534,303,05/15/2021,21:04,15,5,,53,Pierce,2337,1,,3,1,1,1,0,5,1,,,,39,0,0,0,3,0,6,4,2,4,6,0,0,0,0,GRANDVIEW DR W,Olympic Blvd W,-122.557925,47.22204444,0,1,1,9,1,25,4,0,0,1,2,39,1,1,2,1,1,5,2,53,0,19,21,2007,0,,64,69,63,39,2,,1,1,29,1,0,,3,0,20,7,11,0,,,,,0,0,0,0,1,0,,,,96,,,,,,98,,,,,,98404,53,69,192,0,0,0,0,0,0,,97,,,,,,3,,,8,0,0,0,8,9,8,,,0,,,8,8,2,1,,,1,,,2,1,0.13,,,,,,,,,,,,,,,,,,,,,,,,,,,,,,0,0,1,1,1,1,0,1,0,0,0,0,1,1,0,0,0,0,0,1,0,0,0,0,0,0,0,0,0,1,0,0,0,0,0,,0,0,0,0,0,1,0,1,0,1,0,1,0,1,0,1,,,,,,26-30,26-35,City street,U,Saturday,Not Used,PV,Not Fatal,0,0,0,0,City Street,Municipal/City Police,University Place Police Department,0,0,0,1,0,,,,,,0,0,0,,,,,,,,,,,98,98,98,0,,,,,20,,,,,,,,,1,0,,,,,,
2021,135,EB30980,35,05/12/2021,15:48,12,5,,53,Pierce,0,1,,1,1,2,1,0,3,2,,,,12,0,2,1.7,2,0,3,5,2,2,4,0,0,0,0,CR-S TAPPS DR E,175TH AVE CT E,-122.1957389,47.209975,0,1,50,10,2,35,4,0,0,1,2,12,3,1,2,1,14,1,1,53,0,63,38,2017,0,,68,12,,,,,1,1,38,1,0,,2,0,3,0,11,0,,,,,0,0,0,3,1,28,,,,0,,,,,,2,,,,,,98391,53,72,195,6,1,0,1,0,1,,1,,,,,,0,09/15/2018,05/15/2018,1,0,0,0,8,9,8,,,0,,,8,8,8,95,,,96,,,8,95,995,,,,,,,,,,,,,,,,,,,,,,,,,,,,,,0,0,0,1,0,0,0,0,0,0,0,0,0,0,0,1,0,0,0,0,0,0,0,0,0,0,0,0,1,1,0,0,0,0,0,,0,0,0,0,0,0,0,0,0,0,0,0,0,0,0,0,,,,,,36-40,36-45,County road,U,Wednesday,Belt Used,PV,Not Fatal,0,1,1,0,County Road,County Sheriff,Law Enforcement Support Agency,0,0,1,0,0,,,,,,0,0,0,,,,,,,,,,,98,98,98,0,,,,,20,,,,,,,,,1,0,,,SOUTH TAPPS DR E,1.68,NULL,
2021,135,EB30980,35,05/12/2021,15:48,12,5,,53,Pierce,0,1,,1,1,2,1,0,3,2,,,,12,0,2,1.7,2,0,3,5,2,2,4,0,0,0,0,CR-S TAPPS DR E,175TH AVE CT E,-122.1957389,47.209975,0,2,51,62,4,35,80,0,0,1,5,12,2,1,2,1,14,2,1,53,0,72,706,2016,0,,12,,,,,,1,1,58,1,6,,4,0,20,7,11,5,05/12/2021,17:17,2.23E+11,24926,0,0,0,3,1,0,,,,96,,,,,,98,,,,,,98391,53,71,195,6,1,0,0,1,0,,0,,,,,,0,06/15/2017,06/15/2017,20,8,0,0,0,9,8,,,0,,,8,8,2,1,,,1,,,2,1,0,,,,,,,,,,,,,,,,,,,,,,,,,,,,,,0,0,0,1,0,0,0,0,0,0,0,0,0,0,0,1,0,0,0,0,0,0,0,0,0,0,0,0,1,1,0,0,0,0,1,0,0,0,0,0,0,0,0,0,0,0,0,0,0,0,0,0,,,,,,56-60,56-65,County road,U,Wednesday,,MC,Hispanic,0,1,1,0,County Road,County Sheriff,Law Enforcement Support Agency,0,0,1,0,0,,,,,,0,0,0,,,,,,,,,,,0,0,0,98,,,,,19,,,,,,,,,1,0,,,SOUTH TAPPS DR E,1.68,NULL,
2021,619,EB31034,248,05/17/2021,17:15,17,5,,33,King,1830,2,,1,2,2,1,1,2,1,,,,8,0,0,0,3,0,3,3,2,4,6,0,0,0,0,SE CARR RD,103RD AVE SE,-122.2036056,47.44293333,0,1,13,80,5,35,14,0,0,1,5,8,8,8,4,1,1,2,1,53,0,34,402,2020,0,,8,,,,,,1,1,55,1,0,,0,0,3,0,11,0,,,,,0,0,3,3,1,0,,,,96,,,,,,98,,,,,,98057,53,76,160,6,1,0,0,0,0,,0,,,,,,0,,,20,0,0,0,8,9,8,,,0,,,8,8,0,0,,,0,,,0,0,996,,,,,,,,,,,,,,,,,,,,,,,,,,,,,,0,0,0,1,0,0,0,0,0,0,0,0,0,0,0,0,0,0,0,0,0,0,0,0,0,0,0,0,0,1,0,1,0,0,0,,0,0,0,0,0,0,0,0,0,0,0,0,0,0,0,0,,,,,,51-55,46-55,City street,U,Monday,Belt Used,PV,Not Fatal,1,0,0,0,City Street,Municipal/City Police,Renton Police Department,0,0,0,1,0,,,,,,0,0,0,,,,,,,,,,,98,98,98,0,,,,,20,,,,,,,,,1,0,,,,,,
2021,155,EB31105,289,03/26/2021,19:03,26,3,,77,Yakima,2220,1,,5,1,2,1,1,3,1,,,,8,0,0,0,1,0,1,5,2,4,6,0,0,0,0,NORTH AVE,,-120.0097417,46.33101944,0,1,13,80,5,25,34,0,0,1,5,8,1,1,2,1,1,3,2,53,0,12,481,1981,0,,8,,,,,,1,1,35,1,0,,0,0,3,0,11,0,,,,,0,0,0,3,1,0,,,,96,,,,,,98,,,,,,98944,53,66,160,6,1,0,1,0,0,,72,,,,,,0,02/15/2021,02/15/2021,20,0,0,0,8,9,8,,,0,,,8,8,0,0,,,0,,,0,0,996,,,,,,,,,,,,,,,,,,,,,,,,,,,,,,0,0,0,0,0,0,0,0,0,1,0,1,0,0,0,0,0,0,0,0,0,0,0,0,0,0,0,0,0,1,0,1,0,0,0,,0,0,0,0,0,0,0,0,0,0,0,0,0,0,0,0,,,,,,31-35,26-35,City street,U,Friday,Belt Used,PV,Not Fatal,0,0,0,0,City Street,Municipal/City Police,Sunnyside Police Department,0,0,0,1,0,,,,,,0,0,0,,,,,,,,,,,0,0,0,0,,,,,20,,,,,,,,,1,0,,,,,,
2021,136,EB31636,330,05/18/2021,23:56,18,5,,77,Yakima,2590,1,,3,1,2,1,0,1,1,,,,30,0,0,0,1,0,1,5,2,4,6,0,0,0,0,PACIFIC AVE,,-120.484825,46.59232778,0,1,2,9,1,30,3,0,0,1,5,30,1,1,3,5,6,1,1,53,0,30,42,2013,0,,63,30,42,1,,,1,1,20,1,6,,4,7,3,0,11,0,05/18/2021,23:56,2.59E+11,23991,0,0,3,2,1,0,,,,96,,,,,,9,,,,,,98901,53,66,225,1,1,1,3,1,10,,0,,,,,,3,05/15/2019,12/15/2021,8,2,9,0,0,9,8,,,0,,,8,1,2,695,605,,1,1,,2,1,0.194,,,,,,,,,,,,,,,,,,,,,,,,,,,,,,0,0,0,0,1,1,1,1,1,0,0,0,1,1,0,0,0,0,0,0,0,1,1,0,1,0,0,0,0,1,0,0,0,0,0,,1,0,0,0,0,1,1,1,0,1,0,1,0,0,0,1,,,,,,18-20,16-25,City street,U,Tuesday,Belt Used,PV,Hispanic,0,1,0,0,City Street,Municipal/City Police,Yakima Police Department,1,0,0,1,0,thc,3.2,,,,1,0,9,,,,,,,,,,,98,98,98,201,298,,,,20,,,,,,,,nms,1,0,,,,,,
2021,137,EB31641,150,05/18/2021,12:05,18,5,,27,Grays Harbor,930,1,,1,1,2,1,0,3,3,,,,12,0,2,87.5,2,0,2,3,2,1,2,0,0,0,0,US-101,CHENAULT AVE,-123.8856722,46.98368333,0,1,83,17,2,30,80,0,0,1,2,12,1,1,2,1,1,2,2,53,0,53,706,2004,0,,12,68,64,14,,,1,1,30,1,7,,4,0,20,7,11,4,05/18/2021,13:10,1053025056,25056,0,0,3,2,1,8,,,,96,,,,,,98,,,,,,98550,53,71,195,1,1,0,1,0,0,,0,,,,,,3,01/15/2018,08/15/2019,20,8,0,0,0,9,8,,,0,,,8,8,2,128,157,401,1,1,1,2,1,0,,,,,,,,,,,,,,,,,,,,,,,,,,,,,,0,0,0,1,0,0,1,1,0,0,0,0,1,1,1,0,0,0,0,0,0,0,0,0,0,1,1,0,1,1,0,0,0,0,1,0,0,0,0,0,0,0,1,1,0,1,0,1,0,0,1,0,,,,,,26-30,26-35,US highway,U,Tuesday,,MC,White,1,0,0,0,State Route,Municipal/City Police,Hoquiam Police Department,0,1,0,0,0,,,,,,0,0,1,1,1,,,,417,177,,,,0,0,0,1,,,,,5,,,,,,,,,1,0,,,,,,
2021,137,EB31641,150,05/18/2021,12:05,18,5,,27,Grays Harbor,930,1,,1,1,2,1,0,3,3,,,,12,0,2,87.5,2,0,2,3,2,1,2,0,0,20,3,US-101,CHENAULT AVE,-123.8856722,46.98368333,0,2,82,66,4,30,4,0,0,1,2,12,1,1,2,1,11,1,2,53,0,18,2,2002,0,,12,,,,,,1,1,72,2,0,,0,0,3,0,11,0,,,,,0,0,3,3,1,0,,,,96,,,,,,98,,,,,,98550,53,62,180,6,1,0,0,0,0,,0,,,,,,0,,,20,0,0,0,8,9,8,,,0,,,8,8,8,95,,,96,,,8,95,995,,,,,,,,,,,,,,,,,,,,,,,,,,,,,,0,0,0,1,0,0,1,1,0,0,0,0,1,1,1,0,0,0,0,0,0,0,0,0,0,1,1,0,1,1,0,0,0,0,0,,0,0,0,0,0,0,0,0,0,0,0,0,0,0,0,0,,,,,,71-75,66-75,US highway,U,Tuesday,Belt Used,PV,Not Fatal,1,0,0,0,State Route,Municipal/City Police,Hoquiam Police Department,0,1,0,0,0,,,,,,0,0,0,,,,,,,,,,,98,98,98,0,,,,,20,,,,,,,,,1,0,,,,,,
2021,138,EB31696,128,05/17/2021,19:38,17,5,,73,Whatcom,740,1,,1,2,2,2,0,2,1,,,,3,0,0,0,3,0,4,4,2,4,6,0,0,0,0,CHERRY ST,FERNDALE RD,-122.591025,48.84341389,0,1,0,12,2,25,4,0,0,1,2,3,2,1,2,1,14,2,1,53,0,37,32,2004,0,,68,64,3,,,,1,1,30,1,7,,4,7,3,0,11,0,05/17/2021,19:38,74053024059,24059,0,0,0,3,1,0,,,,92,,,,,,98,,,,,,98226,53,68,260,6,1,0,0,0,0,,0,,,,,,0,,,20,0,0,0,0,9,8,,,0,,,8,8,2,695,605,,1,1,,2,1,0.144,,,,,,,,,,,,,,,,,,,,,,,,,,,,,,0,0,0,1,1,1,1,1,1,0,0,0,0,0,0,0,1,0,0,1,0,0,0,0,0,0,0,0,0,1,0,0,0,0,0,,1,0,0,0,0,1,1,1,1,0,0,0,0,0,0,1,,,,,,26-30,26-35,City street,U,Monday,Belt Used,PV,AIAN,0,1,0,0,City Street,Municipal/City Police,Ferndale Police Department,1,0,0,1,0,thc,6.2,carboxy-thc,35,,0,0,0,,,,,,,,,,,98,98,98,3,,,,,20,,,,,,,,nms,1,0,,,,,,
2021,139,EB31730,42,05/19/2021,16:20,19,5,,67,Thurston,0,10,,1,1,2,1,1,1,1,,,,9,0,0,,1,0,1,4,1,2,4,0,0,0,0,CR-93RD AVE SE,,-122.8960194,46.95275556,0,1,13,83,5,50,66,1,0,1,5,9,1,1,2,1,1,1,3,53,0,82,881,1999,0,,9,,,,,,1,1,42,1,0,,0,0,3,0,11,0,,,,,0,0,0,2,1,0,,,,96,,,,,,98,,,,,,97386,41,82,200,6,1,0,3,3,1,,0,,,,,,0,01/15/2017,04/15/2020,20,0,0,0,8,9,8,,,0,,,8,8,0,0,,,0,,,0,0,996,,,,,,,,,,,,,,,,,,,,,,,,,,,,,,0,0,0,0,0,0,0,0,0,1,1,1,0,0,0,0,0,0,0,0,0,0,0,0,0,0,0,0,0,0,1,0,1,0,0,,0,0,0,0,0,0,0,0,0,0,0,0,0,0,0,0,,,,,,41-45,36-45,County road,R,Wednesday,,MHTRUCK,Not Fatal,0,0,0,0,County Road,County Sheriff,Thurston County Sheriff's Office,0,0,1,0,0,,,,,,0,0,2,,,,,,,,,,,0,0,0,0,,,,,20,,,,,,,,,1,0,,,93RD AVE SE,14.572,NULL,
2021,140,EB31925,6,04/21/2021,20:18,21,4,,25,Grant,0,1,,5,1,2,1,0,2,2,,,,12,0,2,14.2,1,0,1,2,1,1,3,0,0,0,0,SR-26,,-119.7030194,46.899025,0,1,50,10,2,60,20,0,0,1,2,12,1,1,2,1,6,1,1,53,0,7,442,2019,0,,68,12,,,,,1,1,70,2,7,,4,7,3,0,11,0,04/21/2021,20:18,53021633,21633,0,0,0,3,1,28,35,,,96,,,,,,98,,,,,,98125,53,61,116,6,1,0,0,0,0,,0,,,,,,0,,,8,2,9,0,0,9,8,,,0,,,8,8,2,996,,,1,,,2,1,0,,,,,,,,,,,,,,,,,,,,,,,,,,,,,,0,0,0,0,0,0,1,1,0,0,0,0,0,0,0,0,0,0,0,0,0,1,1,0,1,1,1,0,0,1,0,0,0,0,0,,1,0,0,0,0,0,1,1,0,0,0,0,0,0,1,0,,,,,,66-70,66-75,State route,R,Wednesday,Belt Used,PV,White,0,1,1,0,State Route,State Patrol,Washington State Patrol,0,1,0,0,0,,,,,,0,0,0,,,,,,,,,,,98,98,98,1,,,,,20,,,,,,,,,1,0,,,,,,
2021,140,EB31925,6,04/21/2021,20:18,21,4,,25,Grant,0,1,,5,1,2,1,0,2,2,,,,12,0,2,14.2,1,0,1,2,1,1,3,0,0,0,0,SR-26,,-119.7030194,46.899025,0,2,51,62,4,60,34,0,0,1,2,12,1,1,2,1,1,1,3,53,0,23,481,2016,0,,12,,,,,,1,1,20,1,0,,3,0,3,0,11,5,,,,,6,0,3,3,1,0,,,,96,,,,,,98,,,,,,98357,53,70,195,6,1,0,0,1,1,,0,,,,,,0,08/15/2020,03/15/2020,8,0,0,0,8,9,8,,,0,,,8,8,0,0,,,0,,,0,0,996,,,,,,,,,,,,,,,,,,,,,,,,,,,,,,0,0,0,0,0,0,1,1,0,0,0,0,0,0,0,0,0,0,0,0,0,1,1,0,1,1,1,0,0,1,0,0,0,0,0,,0,0,0,0,0,0,0,0,0,0,0,0,0,0,0,0,,,,,,18-20,16-25,State route,R,Wednesday,Belt Used,PV,Not Fatal,0,1,1,0,State Route,State Patrol,Washington State Patrol,0,1,0,0,0,,,,,,0,0,0,,,,,,,,,,,98,98,98,0,,,,,20,,,,,,,,,1,0,,,,,,
2021,620,EB31981,298,05/13/2021,15:03,13,5,,67,Thurston,2320,1,,1,1,2,1,0,2,2,,,,12,0,2,0,8,0,1,4,2,4,6,0,0,0,0,HENDERSON BLVD SE,,-122.8809889,47.00308611,0,1,68,15,2,35,14,0,0,1,2,12,1,1,4,1,11,1,1,53,0,49,402,2018,0,,12,,,,,,1,1,68,2,0,,2,0,3,0,11,0,,,,,0,0,0,3,1,10,38,48,,0,,,,,,98,,,,,,98501,53,64,143,6,1,0,0,0,0,,49,,,,,,0,,,8,0,0,0,8,9,8,,,0,,,8,8,8,95,,,96,,,8,95,995,,,,,,,,,,,,,,,,,,,,,,,,,,,,,,0,0,0,0,1,0,1,1,0,0,0,0,0,0,0,0,0,0,1,0,0,0,0,0,0,1,0,0,1,1,0,0,0,0,0,,0,0,0,0,0,0,0,0,0,0,1,0,0,0,0,0,,,,,,66-70,66-75,City street,U,Thursday,Belt Used,PV,Not Fatal,0,0,0,0,City Street,Municipal/City Police,Tumwater Police Department,0,0,0,1,0,,,,,,0,0,0,,,,,,,,,,,98,98,98,0,,,,,20,,,,,,,,,1,0,,,,,,
2021,620,EB31981,298,05/13/2021,15:03,13,5,,67,Thurston,2320,1,,1,1,2,1,0,2,2,,,,12,0,2,0,8,0,1,4,2,4,6,0,0,0,0,HENDERSON BLVD SE,,-122.8809889,47.00308611,0,2,69,62,4,35,80,0,0,1,2,12,1,1,4,1,1,1,1,53,0,76,706,1999,0,,12,,,,,,1,1,69,1,7,,4,0,20,7,11,1,05/17/2021,8:45,1.96E+11,25236,0,0,0,3,1,0,,,,96,,,,,,98,,,,,,98512,53,69,200,6,1,0,0,0,0,,0,,,,,,0,,,20,8,0,0,0,9,8,,,0,,,8,8,2,348,189,996,1,1,1,2,1,0.052,,,,,,,,,,,,,,,,,,,,,,,,,,,,,,0,0,0,0,1,0,1,1,0,0,0,0,0,0,0,0,0,0,1,0,0,0,0,0,0,1,0,0,1,1,0,0,0,0,1,1,0,0,0,0,1,0,1,1,0,0,0,0,0,0,0,1,,,,,,66-70,66-75,City street,U,Thursday,,MC,White,0,0,0,0,City Street,Municipal/City Police,Tumwater Police Department,0,0,0,1,0,,,,,,0,0,0,1,,,,,522,,,,,0,0,0,1,,,,,16,,,,,,,,,1,0,,,,,,
2021,442,EB31997,278,05/12/2021,16:24,12,5,,63,Spokane,2110,1,,1,1,2,1,1,1,1,,,,8,0,0,0,3,0,2,3,2,4,6,0,0,3,3,N STEVENS ST,W Riverside Ave,-117.41945,47.65794722,0,1,13,80,5,30,34,0,0,1,5,8,1,1,4,4,11,1,1,53,0,7,482,2002,0,,8,,,,,,1,1,40,1,0,,0,0,99,7,11,0,,,,,0,0,0,3,1,0,,,,92,,,,,,98,,,,,,99205,53,74,180,6,1,0,0,0,0,,97,,,,,,0,06/15/2016,06/15/2016,20,0,0,0,8,9,8,,,0,,,8,8,8,95,,,96,,,8,95,995,,,,,,,,,,,,,,,,,,,,,,,,,,,,,,0,0,0,1,0,0,0,0,0,0,0,0,0,0,0,0,1,0,0,0,0,0,0,0,0,0,0,0,0,1,0,1,0,0,0,,0,0,0,0,0,0,0,0,1,0,0,0,0,0,0,0,,,,,,36-40,36-45,City street,U,Wednesday,Unknown,PV,Not Fatal,1,0,0,0,City Street,Municipal/City Police,Spokane Police Department,0,0,0,1,0,,,,,,0,0,1,,,,,,,,,,,98,98,98,0,,,,,20,,,,,,,,,1,0,,,,,,
2021,141,EB32213,5,05/14/2021,17:14,14,5,,59,Skamania,0,1,,1,1,2,1,0,2,2,,,,24,0,0,23.4,1,0,1,3,1,1,3,0,0,0,0,SR-14,,-122.21415,45.56603333,0,1,1,13,2,50,80,0,0,1,2,24,1,2,2,1,6,1,2,41,0,73,703,2017,0,,63,24,69,12,,,1,1,18,8,7,,4,7,20,7,11,0,05/14/2021,17:14,53026951,26951,0,0,0,3,1,8,33,,,96,,,,,,98,,,,,,85710,4,71,170,6,1,0,0,0,0,,0,,,,,,4,,,20,8,0,0,0,9,8,,,0,,,8,8,2,1,,,1,,,2,1,0,,,,,,,,,,,,,,,,,,,,,,,,,,,,,,0,0,1,0,0,0,0,0,0,0,0,0,1,0,0,0,0,0,0,0,0,1,1,0,1,0,0,0,1,0,1,0,0,0,1,0,0,0,0,0,0,0,0,0,0,1,0,0,0,0,0,0,,,,,,18-20,16-25,State route,R,Friday,,MC,Other,0,1,0,0,State Route,State Patrol,Washington State Patrol,1,1,0,0,0,,,,,,0,0,0,,,,,,,,,,,0,0,0,98,,,,,19,,,,,,,,,1,0,,,,,,
2021,141,EB32213,5,05/14/2021,17:14,14,5,,59,Skamania,0,1,,1,1,2,1,0,2,2,,,,24,0,0,23.4,1,0,1,3,1,1,3,0,0,0,0,SR-14,,-122.21415,45.56603333,0,2,98,98,7,50,66,1,0,1,5,12,1,2,2,1,1,1,3,53,0,85,881,2006,0,,12,,,,,,1,1,54,1,0,,0,0,3,0,11,0,,,,,6,1,0,3,1,0,,,,96,,,,,,98,,,,,,98661,53,69,185,6,1,0,0,0,0,,0,,,,,,0,,,20,0,0,0,8,9,8,,,0,,,8,8,2,1,,,1,,,2,1,0,,,,,,,,,,,,,,,,,,,,,,,,,,,,,,0,0,1,0,0,0,0,0,0,0,0,0,1,0,0,0,0,0,0,0,0,1,1,0,1,0,0,0,1,0,1,0,0,0,0,,0,0,0,0,0,0,0,0,0,0,0,0,0,0,0,0,,,,,,51-55,46-55,State route,R,Friday,,MHTRUCK,Not Fatal,0,1,0,0,State Route,State Patrol,Washington State Patrol,1,1,0,0,0,,,,,,0,0,0,,,,,,,,,,,98,98,98,0,,,,,20,,,,,,,,,1,0,,,,,,