year,case,par,repjur,crash_dt,crash_tm,accday,accmon,holiday,county,co_char,city,weather,weather2,lightcond,surfcond,surftype,numfatal,nmforms,pforms,vforms,not_tm,arr_tm,hosp_tm,fhevent,hitrun,manncol,milepnt,reljunc,reljuncinter,intersectiontype,funcsystem,landuse,ownership,route,schlbus,spejur,contdev,devfunc,trafid1,trafid2,x,y,wk_zone,vnumber,crashtype,criticalevent,criticaleventcat,spdlim,body,trailer,emerg,hazcargo,leave,mhevent,roadalgn,roadprof,traflane,trafflow,vehmanvr,numoccs,regowner,regstate,spuse,make,model,modelyr,vrf1,vrf2,seqevent1,seqevent2,seqevent3,seqevent4,seqevent5,seqevent6,pnumber,ptype,age,sex,hispanic,race,injury,diedscene,restraint,restraintmisuse,seatpos,takehosp,death_dt,death_tm,cert,cernum_wa,commlic,licendor,licrestrict,liccomp,drivpres,drf1,drf2,drf3,drf4,distract1,distract2,distract3,distract4,distract5,distract6,dricond1,dricond2,dricond3,dricond4,dricond5,dricond6,dzip,licstate,drhgt_in,weight,noncdl,noncdltype,prevdwi,prevoth,prevacc,prevspd,prevsus,driviol1,driviol2,driviol3,driviol4,driviol5,driviol6,spdrel,first_dt,last_dt,airbag,ejection,ejectpath,extricat,injurwrk,methalc,methdrug,nmlocat,strikveh,prf1,prf2,prf3,druginv,alcinvol,drugsts,drugres1,drugres2,drugres3,drugtst1,drugtst2,drugtst3,alcsts,alctst,alcres,nmact1,nmact2,nmact3,nmact4,nmact5,nmact6,nmprior1,nmprior2,nmprior3,nmprior4,nmprior5,nmprior6,nmcond1,nmcond2,nmcond3,nmcond4,nmcond5,nmcond6,nmsafe_helmet,nmsafe_pads,nmsafe_oth,nmprev_ref,nmprev_lgt,nmprev_oth,crashlocation,nmcrashtype,crosswalk,schoolzone,sidewalk,train_inv,wildlife_inv,rotr_fars,intersect_fars,dd_inv,aid_inv,dpd_inv,id_inv,mj_inv,impnm_inv,ainm_inv,dpnm_inv,speed_inv,unlic_inv,unendmc_inv,drowsy_inv,drdist_inv,nmdist_inv,fty_inv,unrestfat_inv,dr1617_inv,dr1820_inv,dr1620_inv,dr2125_inv,dr1625_inv,dr65_inv,dr70_inv,dr75_inv,mc_inv,pv_inv,ht_inv,ped_inv,bike_inv,unrest_fat,mc_fat,unhelmet_mc,pv_fat,ht_fat,ped_fat,bike_fat,dr_alc7,dr_alc8,dr_drug,dr_imp,dr_dist,dr_spd,dr_fty,dr_unlic,dr_alc7only,dr_alc8only,dr_drugonly,dr_drink,nm_imp,nm_alc7,nm_alc8,nm_drug,nm_dist,agegrp1,agegrp2,roadclass,urbrur,dayweek,restuse,vehtype,race_me,intersect,lanedep,oppdir,wrongway,rep_typ,investag,repag_long,rotr,st_rd,cty_rd,city_rd,oth_rd,drug_thc,thc_res,drug_cthc,cthc_res,drug_cann,prevpersemin,prevperse,prevsusoth,drugtst4,drugtst5,drugtst6,drugtst7,drugtst8,drugres4,drugres5,drugres6,drugres7,drugres8,adspresent,adsengaged,adslevel,race1,race2,race3,race4,race5,helmet,helmetmisuse,nmdistract1,nmdistract2,nmdistract3,nmdistract4,nmdistract5,nmdistract6,lab,isedtcase,crf1,crf2,crf3,CoRoadName,CoMP,IntCoRoadName,IntCoMP
2021,142,EB32331,35,05/21/2021,23:26,21,5,,53,Pierce,0,1,,2,1,2,1,0,1,1,,,,43,0,0,3.3,1,0,1,3,2,2,4,0,0,0,0,CR-152ND ST E,,-122.3761278,47.11816667,0,1,6,12,2,35,4,0,0,1,2,43,2,1,2,1,14,1,1,53,0,35,47,2003,0,,68,64,43,,,,1,1,24,1,99,,4,0,99,7,11,5,05/22/2021,0:39,1.96E+11,24836,0,0,9,2,1,0,,,,92,,,,,,98,,,,,,98328,53,73,195,1,1,1,3,1,0,,0,,,,,,0,06/15/2016,07/15/2019,99,0,0,0,0,9,8,,,0,,,8,8,2,402,407,522,1,1,1,2,1,0.277,,,,,,,,,,,,,,,,,,,,,,,,,,,,,,0,0,1,0,1,1,1,1,0,0,0,0,0,1,0,0,1,0,0,0,0,0,0,1,1,0,0,0,0,1,0,0,0,0,0,,1,0,0,0,0,1,1,1,1,0,0,1,0,0,0,1,,,,,,21-25,16-25,County road,U,Friday,Unknown,PV,API,0,1,0,0,County Road,County Sheriff,Law Enforcement Support Agency,1,0,1,0,0,,,,,,0,2,3,1,,,,,996,,,,,98,98,98,58,,,,,20,,,,,,,,,1,0,,,BROOKDALE RD E,3.32,BROOKDALE RD E,2.82
2021,145,EB32481,5,05/18/2021,17:45,18,5,,15,Cowlitz,0,1,,1,1,2,1,0,2,2,,,,24,0,0,52.5,1,0,1,3,1,1,3,0,0,0,0,SR-4,,-123.0808806,46.18498889,0,1,6,12,2,55,4,0,0,1,2,12,2,1,2,1,14,1,1,53,0,12,37,2000,0,,68,64,24,69,12,,1,1,64,1,7,,4,7,3,0,11,0,05/18/2021,17:45,53024295,24295,0,0,3,3,1,28,,,,96,,,,,,9,,,,,,98629,53,68,175,6,1,0,0,0,0,,0,,,,,,0,,,1,0,0,0,0,9,8,,,0,,,8,1,2,155,605,,1,1,,2,1,0.327,,,,,,,,,,,,,,,,,,,,,,,,,,,,,,0,0,1,0,1,1,1,1,1,0,0,0,0,0,0,0,0,0,0,0,0,0,0,0,0,0,0,0,0,1,0,0,0,0,0,,1,0,0,0,0,1,1,1,0,0,0,0,0,0,0,1,,,,,,61-65,56-65,State route,R,Tuesday,Belt Used,PV,White,0,1,0,0,State Route,State Patrol,Washington State Patrol,1,1,0,0,0,thc,2.5,,,,0,0,0,,,,,,,,,,,98,98,98,1,,,,,20,,,,,,,,nms,1,0,,,,,,
2021,145,EB32481,5,05/18/2021,17:45,18,5,,15,Cowlitz,0,1,,1,1,2,1,0,2,2,,,,24,0,0,52.5,1,0,1,3,1,1,3,0,0,0,0,SR-4,,-123.0808806,46.18498889,0,2,98,62,4,55,34,0,0,1,2,12,3,1,2,1,14,1,9,41,0,20,473,2019,0,,12,,,,,,1,1,45,1,0,,1,0,3,0,11,0,,,,,0,0,0,3,1,0,,,,96,,,,,,98,,,,,,98632,53,69,220,6,1,0,0,0,0,,0,,,,,,0,,,8,0,0,0,8,9,8,,,0,,,8,8,2,1,,,1,,,2,1,0,,,,,,,,,,,,,,,,,,,,,,,,,,,,,,0,0,1,0,1,1,1,1,1,0,0,0,0,0,0,0,0,0,0,0,0,0,0,0,0,0,0,0,0,1,0,0,0,0,0,,0,0,0,0,0,0,0,0,0,0,0,0,0,0,0,0,,,,,,41-45,36-45,State route,R,Tuesday,Belt Used,PV,Not Fatal,0,1,0,0,State Route,State Patrol,Washington State Patrol,1,1,0,0,0,,,,,,0,0,0,,,,,,,,,,,98,98,98,0,,,,,20,,,,,,,,,1,0,,,,,,
2021,143,EB32533,106,05/14/2021,23:43,14,5,,33,King,532,1,,3,1,2,1,1,1,1,,,,8,1,0,12.2,1,0,1,3,2,1,3,0,0,0,0,SR-99,,-122.2960583,47.39825,0,1,13,80,5,45,9,0,0,1,5,8,4,1,2,2,14,99,9,99,0,30,42,9999,0,,8,,,,,,1,1,999,9,0,,9,0,99,7,11,0,,,,,99,9,9,9,1,0,,,,96,,,,,,98,,,,,,99999,99,,999,9,9,99,99,99,99,,97,,,,,,0,,,99,9,0,0,8,9,8,,,0,,,8,8,0,0,,,0,,,0,0,996,,,,,,,,,,,,,,,,,,,,,,,,,,,,,,0,0,0,0,0,0,0,0,0,1,0,1,0,0,0,0,0,0,0,0,0,0,0,0,0,0,0,0,0,1,0,1,0,0,0,,0,0,0,0,0,0,0,0,0,0,0,0,0,0,0,0,,,,,,,,State route,U,Friday,Unknown,PV,Not Fatal,0,0,0,0,State Route,Municipal/City Police,Des Moines Police Department,0,1,0,0,0,,,,,,99,99,99,,,,,,,,,,,98,98,98,0,,,,,20,,,,,,,,,1,0,,,,,,
2021,144,EB32701,3,05/08/2021,22:28,8,5,,53,Pierce,0,10,,2,1,2,1,0,1,1,,,,42,0,0,32.7,1,0,1,4,1,1,3,0,0,0,0,SR-7,,-122.3572472,46.88852778,0,1,2,6,1,50,2,0,0,1,2,42,3,2,2,1,14,1,1,53,0,20,9,2000,0,,63,42,,,,,1,1,39,1,7,,4,7,3,0,11,0,05/08/2021,22:42,53023906,23906,0,0,0,3,1,0,,,,96,,,,,,98,,,,,,98328,53,66,150,6,1,0,0,1,3,,0,,,,,,4,07/15/2017,10/15/2020,20,2,9,0,0,9,8,,,0,,,8,8,2,695,605,,1,1,,2,1,0.22,,,,,,,,,,,,,,,,,,,,,,,,,,,,,,0,0,0,0,1,1,1,1,1,0,0,0,1,0,0,0,0,0,0,0,0,0,0,0,0,0,0,0,0,1,0,0,0,0,0,,1,0,0,0,0,1,1,1,0,1,0,0,0,0,0,1,,,,,,36-40,36-45,State route,R,Saturday,Belt Used,PV,White,0,1,0,0,State Route,State Patrol,Washington State Patrol,1,1,0,0,0,thc,17,carboxy-thc,40,,0,0,1,,,,,,,,,,,98,98,98,1,,,,,20,,,,,,,,nms,1,0,,,,,,
2021,146,EB32728,278,05/24/2021,0:17,24,5,,63,Spokane,2110,1,,3,1,2,1,0,2,2,,,,38,0,0,0,3,0,4,3,2,4,6,0,0,0,0,N FREYA ST,N Freya Way,-117.3581306,47.66793056,0,1,1,13,2,98,80,0,0,1,5,38,3,8,2,2,14,2,1,53,0,72,706,2021,0,,63,38,14,,,,1,1,22,1,7,,4,0,20,7,11,0,05/24/2021,1:02,2.11E+11,24925,0,0,0,3,1,0,,,,96,,,,,,98,,,,,,99205,53,70,160,6,1,0,0,0,0,,0,,,,,,3,,,20,8,0,0,0,9,8,,,0,,,8,8,2,695,605,,1,1,,2,1,0.122,,,,,,,,,,,,,,,,,,,,,,,,,,,,,,0,0,1,1,1,1,1,1,1,0,0,0,1,0,0,0,0,0,0,0,0,0,0,1,1,0,0,0,1,1,0,0,0,0,1,0,0,0,0,0,0,1,1,1,0,1,0,0,0,0,0,1,,,,,,21-25,16-25,City street,U,Monday,,MC,White,0,1,0,0,City Street,Municipal/City Police,Spokane Police Department,1,0,0,1,0,thc,50,carboxy-thc,17,,0,0,0,,,,,,,,,,,98,98,98,1,,,,,99,,,,,,,,nms,1,0,,,,,,
2021,148,EB32896,4,05/16/2021,14:11,16,5,,67,Thurston,0,1,,1,1,2,1,0,2,1,,,,35,0,0,4.4,3,0,6,4,2,1,3,0,0,0,0,SR-510,MERIDAN RD,-122.7268833,47.01827222,0,1,1,13,2,50,34,0,0,1,2,35,3,1,1,3,14,2,1,53,0,7,482,1999,0,,63,35,,,,,1,1,81,1,0,,3,0,3,0,11,4,,,,,0,0,3,3,1,0,,,,92,,,,,,98,,,,,,98503,53,65,180,6,1,0,0,1,0,,97,,,,,,4,08/15/2019,08/15/2019,20,0,0,0,8,9,8,,,0,,,8,8,2,1,,,1,,,2,1,0,,,,,,,,,,,,,,,,,,,,,,,,,,,,,,0,0,1,1,0,0,0,0,0,0,0,0,1,0,0,0,1,0,0,0,0,0,0,0,0,1,1,1,0,1,0,0,0,0,0,,0,0,0,0,0,0,0,0,1,1,0,0,0,0,0,0,,,,,,81+,76+,State route,U,Sunday,Belt Used,PV,Not Fatal,1,0,0,0,State Route,State Patrol,Washington State Patrol,0,1,0,0,0,,,,,,0,0,0,,,,,,,,,,,0,0,0,0,,,,,20,,,,,,,,,1,0,,,,,,
2021,149,EB33114,39,05/23/2021,0:00,23,5,,61,Snohomish,0,1,,2,99,2,1,0,1,1,,,,42,0,0,4.9,1,0,1,5,1,2,4,0,0,0,0,CR-OLD SNOHOMISH MONROE,,-122.0302667,47.86077222,0,1,6,12,2,35,80,0,0,1,2,42,2,1,2,1,14,1,1,53,0,34,706,2015,0,,68,64,42,,,,1,1,36,1,7,,4,7,20,7,11,0,05/23/2021,0:00,53025385,25385,0,0,0,3,1,0,,,,96,,,,,,98,,,,,,98272,53,68,165,6,1,0,0,0,1,,0,,,,,,3,07/15/2020,07/15/2020,20,8,0,0,0,9,8,,,0,,,8,8,2,401,,,1,,,2,1,0.123,,,,,,,,,,,,,,,,,,,,,,,,,,,,,,0,0,1,0,1,1,1,1,0,0,0,0,1,0,0,0,0,0,0,0,0,0,0,0,0,0,0,0,1,0,0,0,0,0,1,0,0,0,0,0,0,1,1,1,0,1,0,0,0,0,0,1,,,,,,36-40,36-45,County road,R,Sunday,,MC,White,0,1,0,0,County Road,County Sheriff,Snohomish County Sheriff's Office,1,0,1,0,0,,,,,,0,0,0,,,,,,,,,,,0,0,0,1,,,,,19,,,,,,,,,1,0,,,OLD SNOHOMISH-MONROE RD,4.913,NULL,
2021,150,EB33270,1,05/24/2021,19:03,24,5,,77,Yakima,0,1,,1,1,2,1,0,2,2,,,,12,0,2,5.2,1,0,1,4,2,1,3,0,0,0,0,SR-823,,-120.489625,46.67955833,0,2,51,62,4,55,67,0,0,1,2,12,2,2,2,1,14,1,1,53,0,12,880,2017,0,,12,1,,,,,1,1,44,1,0,,2,0,3,0,11,5,,,,,0,0,0,3,1,0,,,,96,,,,,,98,,,,,,98901,53,67,200,6,1,0,0,0,1,,0,,,,,,0,07/15/2017,07/15/2017,8,0,0,0,8,9,8,,,0,,,8,8,0,0,,,0,,,0,0,996,,,,,,,,,,,,,,,,,,,,,,,,,,,,,,0,0,0,0,0,0,1,1,1,0,0,0,0,1,0,0,1,0,0,0,0,0,0,1,1,0,0,0,0,1,1,0,0,0,0,,0,0,0,0,0,0,0,0,0,0,0,0,0,0,0,0,,,,,,41-45,36-45,State route,U,Monday,,MHTRUCK,Not Fatal,0,1,1,0,State Route,State Patrol,Washington State Patrol,0,1,0,0,0,,,,,,0,0,0,,,,,,,,,,,98,98,98,0,,,,,20,,,,,,,,,1,0,,,,,,
2021,150,EB33270,1,05/24/2021,19:03,24,5,,77,Yakima,0,1,,1,1,2,1,0,2,2,,,,12,0,2,5.2,1,0,1,4,2,1,3,0,0,0,0,SR-823,,-120.489625,46.67955833,0,1,50,11,2,55,6,0,0,1,2,12,3,2,2,1,6,1,2,53,0,12,13,1994,0,,63,69,68,12,,,1,1,25,1,1,,4,7,3,0,11,0,05/24/2021,19:03,53026207,26207,0,0,0,0,1,0,,,,92,,,,,,98,,,,,,99350,53,72,160,0,0,0,3,0,1,,0,,,,,,0,12/15/2017,03/15/2020,20,0,0,0,0,9,8,,,0,,,1,8,2,695,605,,1,1,,2,1,0,,,,,,,,,,,,,,,,,,,,,,,,,,,,,,0,0,0,0,0,0,1,1,1,0,0,0,0,1,0,0,1,0,0,0,0,0,0,1,1,0,0,0,0,1,1,0,0,0,0,,1,0,0,0,0,0,1,1,1,0,0,1,0,0,1,0,,,,,,21-25,16-25,State route,U,Monday,Belt Used,PV,Hispanic,0,1,1,0,State Route,State Patrol,Washington State Patrol,0,1,0,0,0,thc,22,carboxy-thc,190,,0,0,0,,,,,,,,,,,0,0,0,98,,,,,20,,,,,,,,nms,1,0,,,,,,
2021,621,EB33439,330,05/24/2021,13:24,24,5,,77,Yakima,2590,1,,1,1,2,1,1,2,1,,,,8,0,0,0,3,0,2,4,2,4,6,0,0,3,3,TIETON DR,S 40th Ave,-120.5619444,46.59268611,0,1,13,16,2,35,14,0,0,1,2,8,1,1,5,1,10,2,2,53,0,12,401,2001,0,,8,,,,,,1,1,64,1,0,,0,0,3,0,11,0,,,,,0,0,0,3,1,10,38,,,0,,,,,,98,,,,,,98902,53,72,170,6,1,0,0,0,0,,97,,,,,,0,,,20,0,0,0,8,9,8,,,0,,,8,8,0,0,,,0,,,0,0,996,,,,,,,,,,,,,,,,,,,,,,,,,,,,,,0,0,0,1,0,0,0,0,0,0,0,0,0,0,0,0,0,0,1,0,0,0,0,0,0,0,0,0,0,1,0,1,0,0,0,,0,0,0,0,0,0,0,0,0,0,1,0,0,0,0,0,,,,,,61-65,56-65,City street,U,Monday,Belt Used,PV,Not Fatal,1,0,0,0,City Street,Municipal/City Police,Yakima Police Department,0,0,0,1,0,,,,,,0,0,0,,,,,,,,,,,98,98,98,0,,,,,20,,,,,,,,,1,0,,,,,,
2021,151,EB33553,3,05/07/2021,3:48,7,5,,53,Pierce,1350,1,,3,1,2,1,1,4,2,,,,8,0,0,139.3,1,0,1,1,2,1,1,0,0,0,0,I-5,,-122.3313667,47.25476944,0,1,13,80,5,60,4,0,0,1,5,8,1,1,5,3,1,2,1,53,0,20,22,2006,0,,8,,,,,,1,1,29,2,0,,0,0,3,0,11,0,,,,,0,0,0,3,1,0,,,,96,,,,,,98,,,,,,98404,53,66,200,6,1,0,0,0,0,,0,,,,,,0,,,20,0,0,0,8,9,8,,,0,,,8,8,0,0,,,0,,,0,0,996,,,,,,,,,,,,,,,,,,,,,,,,,,,,,,0,0,0,0,0,0,0,0,0,0,0,0,0,0,0,0,0,0,0,0,0,0,0,0,0,0,0,0,0,1,0,1,0,0,0,,0,0,0,0,0,0,0,0,0,0,0,0,0,0,0,0,,,,,,26-30,26-35,Interstate,U,Friday,Belt Used,PV,Not Fatal,0,0,0,0,State Route,State Patrol,Washington State Patrol,0,1,0,0,0,,,,,,0,0,0,,,,,,,,,,,98,98,98,0,,,,,20,,,,,,,,,1,0,,,,,,
2021,151,EB33553,3,05/07/2021,3:48,7,5,,53,Pierce,1350,1,,3,1,2,1,1,4,2,,,,8,0,0,139.3,1,0,1,1,2,1,1,0,0,0,0,I-5,,-122.3313667,47.25476944,0,2,98,80,5,60,4,0,0,1,5,8,1,1,5,3,1,2,1,53,0,34,34,2008,0,,8,,,,,,1,1,44,2,0,,0,0,3,0,11,0,,,,,0,0,0,3,1,10,,,,0,,,,,,98,,,,,,98498,53,68,155,6,1,0,0,1,1,,0,,,,,,0,05/15/2017,05/15/2020,20,0,0,0,8,9,8,,,0,,,8,8,0,0,,,0,,,0,0,996,,,,,,,,,,,,,,,,,,,,,,,,,,,,,,0,0,0,0,0,0,0,0,0,0,0,0,0,0,0,0,0,0,0,0,0,0,0,0,0,0,0,0,0,1,0,1,0,0,0,,0,0,0,0,0,0,0,0,0,0,0,0,0,0,0,0,,,,,,41-45,36-45,Interstate,U,Friday,Belt Used,PV,Not Fatal,0,0,0,0,State Route,State Patrol,Washington State Patrol,0,1,0,0,0,,,,,,0,0,0,,,,,,,,,,,98,98,98,0,,,,,20,,,,,,,,,1,0,,,,,,
2021,153,EB33980,8,05/10/2021,17:40,10,5,,45,Mason,0,1,,1,1,2,1,0,1,1,,,,42,0,0,24.2,1,0,1,3,1,1,3,0,0,0,0,SR-3,,-122.8471611,47.42356389,0,1,1,13,2,50,19,0,0,1,2,42,3,1,2,1,14,1,1,53,0,12,498,2021,0,,63,42,,,,,1,1,37,1,1,,4,7,20,7,11,0,05/10/2021,17:40,1.65E+11,,0,0,0,3,1,0,,,,96,,,,,,98,,,,,,98584,53,70,280,6,1,0,0,4,0,,0,,,,,,0,11/15/2017,03/15/2017,8,0,0,0,9,9,8,,,0,,,8,8,2,1,,,1,,,2,1,0,,,,,,,,,,,,,,,,,,,,,,,,,,,,,,0,0,1,0,0,0,0,0,0,0,0,0,0,0,0,0,0,0,0,1,0,0,0,0,0,0,0,0,0,1,0,0,0,1,0,,1,0,0,0,0,0,0,0,0,0,0,0,0,0,0,0,,,,,,36-40,36-45,State route,R,Monday,Not Used,PV,Hispanic,0,1,0,0,State Route,State Patrol,Washington State Patrol,1,1,0,0,0,,,,,,0,0,0,,,,,,,,,,,98,98,98,1,,,,,20,,,,,,,,,1,0,,,,,,
2021,154,EB34122,42,05/26/2021,21:08,26,5,,67,Thurston,0,1,,2,1,2,1,0,3,2,,,,1,0,0,,1,0,1,5,1,2,4,0,0,0,0,CR-SKOOKUMCHUCK RD SE,,-122.7652667,46.79623889,0,1,98,9,1,50,80,0,0,1,5,1,2,2,2,1,14,2,1,38,0,72,706,2018,0,,1,68,12,,,,1,1,57,1,0,,0,0,20,7,11,0,,,,,0,0,0,2,1,0,,,,96,,,,,,98,,,,,,86409,4,72,185,1,1,0,0,1,0,,97,,,,,,4,04/15/2021,04/15/2021,20,8,0,0,8,9,8,,,0,,,8,8,0,0,,,0,,,0,0,996,,,,,,,,,,,,,,,,,,,,,,,,,,,,,,0,0,0,0,0,0,0,0,0,0,0,0,1,1,1,0,0,0,0,0,1,0,1,0,1,0,0,0,1,1,0,0,0,0,0,0,0,0,0,0,0,0,0,0,0,1,0,1,0,0,0,0,,,,,,56-60,56-65,County road,R,Wednesday,,MC,Not Fatal,0,0,0,0,County Road,County Sheriff,Thurston County Sheriff's Office,0,0,1,0,0,,,,,,0,0,1,,,,,,,,,,,0,0,0,0,,,,,5,,,,,,,,,1,0,,,SKOOKUMCHUCK RD SE,4.929,NULL,
2021,154,EB34122,42,05/26/2021,21:08,26,5,,67,Thurston,0,1,,2,1,2,1,0,3,2,,,,1,0,0,,1,0,1,5,1,2,4,0,0,0,0,CR-SKOOKUMCHUCK RD SE,,-122.7652667,46.79623889,0,2,98,62,4,50,10,0,0,1,5,12,2,2,2,1,14,1,2,53,0,30,43,1981,0,,12,,,,,,1,1,16,1,0,,0,0,3,0,11,0,,,,,0,0,1,3,1,0,,,,96,,,,,,98,,,,,,98589,53,71,140,6,2,0,0,0,0,,0,,,,,,0,,,20,0,0,0,8,9,8,,,0,,,8,8,0,0,,,0,,,0,0,996,,,,,,,,,,,,,,,,,,,,,,,,,,,,,,0,0,0,0,0,0,0,0,0,0,0,0,1,1,1,0,0,0,0,0,1,0,1,0,1,0,0,0,1,1,0,0,0,0,0,,0,0,0,0,0,0,0,0,0,0,0,0,0,0,0,0,,,,,,16-17,16-25,County road,R,Wednesday,Belt Used,PV,Not Fatal,0,0,0,0,County Road,County Sheriff,Thurston County Sheriff's Office,0,0,1,0,0,,,,,,0,0,0,,,,,,,,,,,0,0,0,0,,,,,20,,,,,,,,,1,0,,,SKOOKUMCHUCK RD SE,4.929,NULL,
2021,157,EB34616,8,05/28/2021,10:43,28,5,,9,Clallam,0,1,,1,1,2,1,0,1,1,,,,1,0,0,55.7,1,0,1,5,1,1,3,0,0,0,0,SR-112,,-123.6447,48.11789444,0,1,7,13,2,55,20,0,0,1,2,1,2,1,2,1,14,1,2,53,0,9,442,1994,0,,63,69,68,64,1,38,1,1,41,1,7,,4,7,99,7,11,0,05/28/2021,10:43,53026754,26754,0,0,0,0,1,58,,,,92,,,,,,9,,,,,,98331,53,68,155,0,0,0,3,0,2,,0,,,,,,0,11/15/2016,12/15/2019,20,0,0,0,0,9,8,,,0,,,1,8,2,996,177,157,1,1,1,2,1,0,,,,,,,,,,,,,,,,,,,,,,,,,,,,,,0,0,0,0,0,0,1,1,1,0,0,0,0,1,0,0,1,0,0,0,0,0,0,0,0,0,0,0,0,1,0,0,0,0,0,,1,0,0,0,0,0,1,1,1,0,0,1,0,0,1,0,,,,,,41-45,36-45,State route,R,Friday,Unknown,PV,White,0,1,0,0,State Route,State Patrol,Washington State Patrol,1,1,0,0,0,thc,1,carboxy-thc,5.7,,0,0,0,1,1,1,,,695,605,124,996,401,0,0,0,1,,,,,20,,,,,,,,nms,1,0,,,,,,
2021,158,EB34650,5,05/29/2021,23:00,29,5,,11,Clark,1860,1,,3,1,2,1,0,4,4,,,,12,0,1,13.8,1,0,1,1,1,1,1,0,0,0,0,I-5,,-122.6830889,45.81017778,0,3,25,53,3,70,4,0,0,1,5,12,1,1,4,3,1,1,1,53,0,12,23,2016,0,,12,,,,,,1,1,37,2,0,,0,0,2,0,11,0,,,,,0,0,0,3,1,0,,,,96,,,,,,98,,,,,,98611,53,65,120,6,1,0,0,0,1,,0,,,,,,0,08/15/2016,08/15/2016,20,0,0,0,8,9,8,,,0,,,8,8,0,0,,,0,,,0,0,996,,,,,,,,,,,,,,,,,,,,,,,,,,,,,,0,0,0,0,0,0,0,0,0,0,0,0,1,1,1,0,0,0,0,0,0,0,0,1,1,0,0,0,1,1,0,0,0,0,0,,0,0,0,0,0,0,0,0,0,0,0,0,0,0,0,0,,,,,,36-40,36-45,Interstate,R,Saturday,Belt Used,PV,Not Fatal,0,0,0,0,State Route,State Patrol,Washington State Patrol,0,1,0,0,0,,,,,,0,0,0,,,,,,,,,,,98,98,98,0,,,,,20,,,,,,,,,1,0,,,,,,
2021,158,EB34650,5,05/29/2021,23:00,29,5,,11,Clark,1860,1,,3,1,2,1,0,4,4,,,,12,0,1,13.8,1,0,1,1,1,1,1,0,0,0,0,I-5,,-122.6830889,45.81017778,0,4,98,98,7,70,4,0,0,1,5,12,1,1,4,3,1,1,2,53,0,30,40,2019,0,,12,,,,,,1,1,25,2,0,,0,0,3,0,11,0,,,,,0,0,0,3,1,0,,,,96,,,,,,98,,,,,,98611,53,58,100,6,1,0,0,0,0,,0,,,,,,0,,,20,0,0,0,8,9,8,,,0,,,8,8,0,0,,,0,,,0,0,996,,,,,,,,,,,,,,,,,,,,,,,,,,,,,,0,0,0,0,0,0,0,0,0,0,0,0,1,1,1,0,0,0,0,0,0,0,0,1,1,0,0,0,1,1,0,0,0,0,0,,0,0,0,0,0,0,0,0,0,0,0,0,0,0,0,0,,,,,,21-25,16-25,Interstate,R,Saturday,Belt Used,PV,Not Fatal,0,0,0,0,State Route,State Patrol,Washington State Patrol,0,1,0,0,0,,,,,,0,0,0,,,,,,,,,,,98,98,98,0,,,,,20,,,,,,,,,1,0,,,,,,
2021,158,EB34650,5,05/29/2021,23:00,29,5,,11,Clark,1860,1,,3,1,2,1,0,4,4,,,,12,0,1,13.8,1,0,1,1,1,1,1,0,0,0,0,I-5,,-122.6830889,45.81017778,0,1,98,9,1,70,80,0,0,1,2,1,1,1,4,3,1,1,1,53,0,53,706,2014,0,,1,12,,,,,1,1,29,2,7,,4,7,20,7,11,0,05/29/2021,23:00,1.86E+11,26469,0,0,3,2,1,0,,,,96,,,,,,98,,,,,,98629,53,66,130,1,1,1,0,0,0,,0,,,,,,4,05/15/2021,05/15/2021,20,8,0,0,0,9,8,,,0,,,8,8,0,0,,,0,,,0,0,996,,,,,,,,,,,,,,,,,,,,,,,,,,,,,,0,0,0,0,0,0,0,0,0,0,0,0,1,1,1,0,0,0,0,0,0,0,0,1,1,0,0,0,1,1,0,0,0,0,1,0,0,0,0,0,0,0,0,0,0,1,0,1,0,0,0,0,,,,,,26-30,26-35,Interstate,R,Saturday,,MC,White,0,0,0,0,State Route,State Patrol,Washington State Patrol,0,1,0,0,0,,,,,,0,1,0,,,,,,,,,,,0,0,0,1,,,,,5,,,,,,,,,1,0,,,,,,
2021,158,EB34650,5,05/29/2021,23:00,29,5,,11,Clark,1860,1,,3,1,2,1,0,4,4,,,,12,0,1,13.8,1,0,1,1,1,1,1,0,0,0,0,I-5,,-122.6830889,45.81017778,0,2,24,9,1,70,80,0,0,1,2,12,1,1,4,3,1,1,1,53,0,98,706,2021,0,,12,,,,,,1,1,41,1,0,,3,0,20,7,11,0,,,,,0,0,0,3,1,0,,,,96,,,,,,98,,,,,,98629,53,65,120,6,1,0,0,0,0,,0,,,,,,4,,,20,8,0,0,8,9,8,,,0,,,8,8,0,0,,,0,,,0,0,996,,,,,,,,,,,,,,,,,,,,,,,,,,,,,,0,0,0,0,0,0,0,0,0,0,0,0,1,1,1,0,0,0,0,0,0,0,0,1,1,0,0,0,1,1,0,0,0,0,0,0,0,0,0,0,0,0,0,0,0,1,0,0,0,0,0,0,,,,,,41-45,36-45,Interstate,R,Saturday,,MC,Not Fatal,0,0,0,0,State Route,State Patrol,Washington State Patrol,0,1,0,0,0,,,,,,0,0,0,,,,,,,,,,,98,98,98,0,,,,,5,,,,,,,,,1,0,,,,,,