year,case,par,repjur,crash_dt,crash_tm,accday,accmon,holiday,county,co_char,city,weather,weather2,lightcond,surfcond,surftype,numfatal,nmforms,pforms,vforms,not_tm,arr_tm,hosp_tm,fhevent,hitrun,manncol,milepnt,reljunc,reljuncinter,intersectiontype,funcsystem,landuse,ownership,route,schlbus,spejur,contdev,devfunc,trafid1,trafid2,x,y,wk_zone,vnumber,crashtype,criticalevent,criticaleventcat,spdlim,body,trailer,emerg,hazcargo,leave,mhevent,roadalgn,roadprof,traflane,trafflow,vehmanvr,numoccs,regowner,regstate,spuse,make,model,modelyr,vrf1,vrf2,seqevent1,seqevent2,seqevent3,seqevent4,seqevent5,seqevent6,pnumber,ptype,age,sex,hispanic,race,injury,diedscene,restraint,restraintmisuse,seatpos,takehosp,death_dt,death_tm,cert,cernum_wa,commlic,licendor,licrestrict,liccomp,drivpres,drf1,drf2,drf3,drf4,distract1,distract2,distract3,distract4,distract5,distract6,dricond1,dricond2,dricond3,dricond4,dricond5,dricond6,dzip,licstate,drhgt_in,weight,noncdl,noncdltype,prevdwi,prevoth,prevacc,prevspd,prevsus,driviol1,driviol2,driviol3,driviol4,driviol5,driviol6,spdrel,first_dt,last_dt,airbag,ejection,ejectpath,extricat,injurwrk,methalc,methdrug,nmlocat,strikveh,prf1,prf2,prf3,druginv,alcinvol,drugsts,drugres1,drugres2,drugres3,drugtst1,drugtst2,drugtst3,alcsts,alctst,alcres,nmact1,nmact2,nmact3,nmact4,nmact5,nmact6,nmprior1,nmprior2,nmprior3,nmprior4,nmprior5,nmprior6,nmcond1,nmcond2,nmcond3,nmcond4,nmcond5,nmcond6,nmsafe_helmet,nmsafe_pads,nmsafe_oth,nmprev_ref,nmprev_lgt,nmprev_oth,crashlocation,nmcrashtype,crosswalk,schoolzone,sidewalk,train_inv,wildlife_inv,rotr_fars,intersect_fars,dd_inv,aid_inv,dpd_inv,id_inv,mj_inv,impnm_inv,ainm_inv,dpnm_inv,speed_inv,unlic_inv,unendmc_inv,drowsy_inv,drdist_inv,nmdist_inv,fty_inv,unrestfat_inv,dr1617_inv,dr1820_inv,dr1620_inv,dr2125_inv,dr1625_inv,dr65_inv,dr70_inv,dr75_inv,mc_inv,pv_inv,ht_inv,ped_inv,bike_inv,unrest_fat,mc_fat,unhelmet_mc,pv_fat,ht_fat,ped_fat,bike_fat,dr_alc7,dr_alc8,dr_drug,dr_imp,dr_dist,dr_spd,dr_fty,dr_unlic,dr_alc7only,dr_alc8only,dr_drugonly,dr_drink,nm_imp,nm_alc7,nm_alc8,nm_drug,nm_dist,agegrp1,agegrp2,roadclass,urbrur,dayweek,restuse,vehtype,race_me,intersect,lanedep,oppdir,wrongway,rep_typ,investag,repag_long,rotr,st_rd,cty_rd,city_rd,oth_rd,drug_thc,thc_res,drug_cthc,cthc_res,drug_cann,prevpersemin,prevperse,prevsusoth,drugtst4,drugtst5,drugtst6,drugtst7,drugtst8,drugres4,drugres5,drugres6,drugres7,drugres8,adspresent,adsengaged,adslevel,race1,race2,race3,race4,race5,helmet,helmetmisuse,nmdistract1,nmdistract2,nmdistract3,nmdistract4,nmdistract5,nmdistract6,lab,isedtcase,crf1,crf2,crf3,CoRoadName,CoMP,IntCoRoadName,IntCoMP
2021,183,EB41199,5,06/18/2021,15:45,18,6,,41,Lewis,0,1,,1,1,2,1,0,2,2,,,,12,0,1,117.1,2,0,2,3,1,1,2,0,0,0,0,US-12,YOUNG RD,-121.9078,46.53407222,0,2,25,53,3,45,14,0,0,1,5,12,1,1,2,1,11,1,1,53,0,35,401,2006,0,,12,,,,,,1,1,27,2,0,,0,0,3,0,11,0,,,,,0,0,0,3,1,0,,,,96,,,,,,98,,,,,,98499,53,61,170,6,1,0,0,1,1,,0,,,,,,0,08/15/2017,06/15/2020,20,0,0,0,8,9,8,,,0,,,8,8,0,0,,,0,,,0,0,996,,,,,,,,,,,,,,,,,,,,,,,,,,,,,,0,0,0,1,0,0,1,1,0,0,0,0,0,0,0,0,0,0,0,0,0,0,0,0,0,1,0,0,1,1,0,0,0,0,0,,0,0,0,0,0,0,0,0,0,0,0,0,0,0,0,0,,,,,,26-30,26-35,US highway,R,Friday,Belt Used,PV,Not Fatal,1,0,0,0,State Route,State Patrol,Washington State Patrol,0,1,0,0,0,,,,,,0,0,0,,,,,,,,,,,98,98,98,0,,,,,20,,,,,,,,,1,0,,,,,,
2021,184,EB41231,5,06/14/2021,13:28,14,6,,11,Clark,0,2,,1,2,2,3,0,5,2,,,,12,0,2,14.6,1,0,1,4,1,1,3,0,0,0,0,SR-503,,-122.516425,45.87146111,0,1,50,10,2,50,34,0,0,1,2,12,2,2,2,1,14,1,1,53,0,12,481,2011,0,,68,12,,,,,1,1,46,1,0,,1,0,3,0,11,5,,,,,0,0,3,3,1,28,,,,96,,,,,,9,,,,,,98601,53,76,235,6,1,0,0,0,1,,1,,,,,,0,11/15/2018,11/15/2018,8,0,0,0,8,9,8,,,0,,,8,1,2,695,605,,1,1,,2,1,0.23,,,,,,,,,,,,,,,,,,,,,,,,,,,,,,0,0,0,0,1,1,1,1,1,0,0,0,0,0,0,0,0,0,0,0,0,0,0,0,0,0,0,0,0,1,0,0,0,0,0,,0,0,0,0,0,1,1,1,0,0,0,0,0,0,0,1,,,,,,46-50,46-55,State route,R,Monday,Belt Used,PV,Not Fatal,0,1,1,0,State Route,State Patrol,Washington State Patrol,0,1,0,0,0,thc,13,carboxy-thc,170,,0,0,0,,,,,,,,,,,98,98,98,0,,,,,20,,,,,,,,,1,0,,,,,,
2021,184,EB41231,5,06/14/2021,13:28,14,6,,11,Clark,0,2,,1,2,2,3,0,5,2,,,,12,0,2,14.6,1,0,1,4,1,1,3,0,0,0,0,SR-503,,-122.516425,45.87146111,0,2,51,62,4,50,5,0,0,1,2,12,3,2,2,1,14,4,2,53,0,41,51,2015,0,,12,,,,,,1,1,15,2,99,,4,0,3,0,11,0,06/20/2021,10:45,1.00E+12,90693,0,0,3,3,1,0,,,,96,,,,,,98,,,,,,98675,53,63,125,6,7,0,0,0,0,,0,,,,,,0,,,8,0,0,0,0,9,8,,,0,,,8,8,8,95,,,96,,,8,95,995,,,,,,,,,,,,,,,,,,,,,,,,,,,,,,0,0,0,0,1,1,1,1,1,0,0,0,0,0,0,0,0,0,0,0,0,0,0,0,0,0,0,0,0,1,0,0,0,0,0,,1,0,0,0,0,0,0,0,0,0,0,0,0,0,0,0,,,,,,10ÔÂ15ÈÕ,0-15,State route,R,Monday,Belt Used,PV,Multiracial,0,1,1,0,State Route,State Patrol,Washington State Patrol,0,1,0,0,0,,,,,,0,0,0,,,,,,,,,,,98,98,98,201,205,,,,20,,,,,,,,,1,0,,,,,,
2021,186,EB41625,127,06/15/2021,19:08,15,6,,33,King,735,1,,5,1,2,2,0,5,2,,,,12,0,6,2.7,3,0,3,3,2,1,3,0,0,0,0,SR-99,374TH ST,-122.3347333,47.26611667,0,1,66,8,1,98,4,0,0,1,2,12,8,8,4,1,1,3,2,53,0,12,17,2003,0,,68,12,,,,,1,1,33,2,0,,3,0,20,7,11,5,,,,,0,0,0,2,1,0,,,,96,,,,,,98,,,,,,98258,53,64,150,1,1,0,0,0,1,,97,,,,,,3,10/15/2016,09/15/2016,20,1,9,0,8,9,8,,,0,,,8,8,8,95,,,96,,,8,95,995,,,,,,,,,,,,,,,,,,,,,,,,,,,,,,0,0,0,1,0,0,0,0,0,0,0,0,1,1,0,0,0,0,0,1,0,0,0,0,0,1,1,1,0,1,0,0,0,0,0,,0,0,0,0,0,0,0,0,0,1,0,1,0,0,0,0,,,,,,31-35,26-35,State route,U,Tuesday,Not Used,PV,Not Fatal,1,0,0,0,State Route,Municipal/City Police,Federal Way Dept of Public Safety,0,1,0,0,0,,,,,,0,0,2,,,,,,,,,,,98,98,98,0,,,,,20,,,,,,,,,1,0,,,,,,
2021,186,EB41625,127,06/15/2021,19:08,15,6,,33,King,735,1,,5,1,2,2,0,5,2,,,,12,0,6,2.7,3,0,3,3,2,1,3,0,0,0,0,SR-99,374TH ST,-122.3347333,47.26611667,0,2,66,62,4,98,21,0,0,1,2,12,8,8,4,1,1,2,1,53,0,7,463,2019,0,,12,,,,,,1,1,79,1,0,,3,0,3,0,11,5,,,,,0,0,3,3,1,0,,,,96,,,,,,98,,,,,,98424,53,68,165,6,1,0,0,0,0,,0,,,,,,0,,,1,0,0,0,8,9,8,,,0,,,8,8,8,95,,,96,,,8,95,995,,,,,,,,,,,,,,,,,,,,,,,,,,,,,,0,0,0,1,0,0,0,0,0,0,0,0,1,1,0,0,0,0,0,1,0,0,0,0,0,1,1,1,0,1,0,0,0,0,0,,0,0,0,0,0,0,0,0,0,0,0,0,0,0,0,0,,,,,,76-80,76+,State route,U,Tuesday,Belt Used,PV,Not Fatal,1,0,0,0,State Route,Municipal/City Police,Federal Way Dept of Public Safety,0,1,0,0,0,,,,,,0,0,0,,,,,,,,,,,98,98,98,0,,,,,20,,,,,,,,,1,0,,,,,,
2021,189,EB41754,278,06/22/2021,2:54,22,6,,63,Spokane,2110,1,,3,1,2,1,0,2,1,,,,40,0,0,1.6,1,0,1,3,2,1,3,0,0,0,0,SR-290,,-117.3759306,47.66228611,0,1,6,12,2,98,4,0,0,1,2,40,3,1,2,1,14,2,1,53,0,49,32,2009,0,,68,64,40,10,,,1,1,28,2,0,,2,0,3,0,11,5,,,,,0,0,0,3,1,0,,,,96,,,,,,9,,,,,,99216,53,62,155,6,1,0,3,0,4,,97,,,,,,0,09/15/2017,08/15/2020,8,0,0,0,8,9,8,,,0,,,8,1,2,695,402,,1,1,,2,1,0.1,,,,,,,,,,,,,,,,,,,,,,,,,,,,,,0,0,1,0,1,1,1,1,1,0,0,0,0,0,0,0,0,0,0,1,0,0,0,0,0,0,0,0,0,1,0,0,0,0,0,,0,0,0,0,0,1,1,1,0,0,0,0,0,0,0,1,,,,,,26-30,26-35,State route,U,Tuesday,Belt Used,PV,Not Fatal,0,1,0,0,State Route,Municipal/City Police,Spokane Police Department,1,1,0,0,0,,,carboxy-thc,13,,0,0,2,,,,,,,,,,,98,98,98,0,,,,,20,,,,,,,,,1,0,,,,,,
2021,190,EB41940,21,06/13/2021,15:37,13,6,,25,Grant,0,10,,1,1,7,1,0,8,2,,,,12,0,6,,2,0,2,5,1,2,4,0,0,0,0,CR-DODSON RD N,RD 4 NW,-119.5554361,47.14794167,0,2,69,62,4,60,14,0,0,1,2,12,1,1,2,1,1,4,1,53,0,51,401,2018,0,,12,1,,,,,1,1,34,1,0,,2,0,3,0,11,0,,,,,6,0,0,3,1,0,,,,96,,,,,,98,,,,,,98038,53,74,250,6,1,0,1,1,0,,0,,,,,,0,04/15/2018,11/15/2019,8,0,0,0,8,9,8,,,0,,,8,8,8,95,,,96,,,8,95,995,,,,,,,,,,,,,,,,,,,,,,,,,,,,,,0,0,0,1,0,0,0,0,0,0,0,0,0,0,0,0,1,0,0,0,0,0,0,1,1,0,0,0,0,1,0,0,0,0,0,,0,0,0,0,0,0,0,0,0,0,0,0,0,0,0,0,,,,,,31-35,26-35,County road,R,Sunday,Belt Used,PV,Not Fatal,1,0,0,0,County Road,County Sheriff,Grant County Sheriff's Office,0,0,1,0,0,,,,,,0,0,0,,,,,,,,,,,98,98,98,0,,,,,20,,,,,,,,,1,0,,,DODSON RD,18.7,4 NW,0
2021,190,EB41940,21,06/13/2021,15:37,13,6,,25,Grant,0,10,,1,1,7,1,0,8,2,,,,12,0,6,,2,0,2,5,1,2,4,0,0,0,0,CR-DODSON RD N,RD 4 NW,-119.5554361,47.14794167,0,1,68,15,2,60,4,0,0,1,2,12,1,1,2,1,11,4,1,53,0,35,47,2019,0,,12,,,,,,1,1,22,1,0,,9,0,3,0,11,0,,,,,0,0,0,3,1,48,,,,12,,,,,,98,,,,,,98857,53,68,135,6,1,0,0,0,0,,97,,,,,,0,,,8,0,0,0,8,9,8,,,0,,,8,8,8,95,,,96,,,8,95,995,,,,,,,,,,,,,,,,,,,,,,,,,,,,,,0,0,0,1,0,0,0,0,0,0,0,0,0,0,0,0,1,0,0,0,0,0,0,1,1,0,0,0,0,1,0,0,0,0,0,,0,0,0,0,0,0,0,0,1,0,0,0,0,0,0,0,,,,,,21-25,16-25,County road,R,Sunday,Belt Used,PV,Not Fatal,1,0,0,0,County Road,County Sheriff,Grant County Sheriff's Office,0,0,1,0,0,,,,,,0,0,0,,,,,,,,,,,98,98,98,0,,,,,20,,,,,,,,,1,0,,,DODSON RD,18.7,4 NW,0
2021,191,EB42078,5,06/22/2021,20:45,22,6,,15,Cowlitz,0,1,,1,1,2,1,1,1,1,,,,8,0,0,24.3,1,0,1,1,1,1,1,0,0,0,0,I-5,,-122.7786028,45.94416111,0,1,13,80,5,70,14,0,0,1,2,8,1,1,3,3,1,1,1,53,0,59,403,2019,0,,8,,,,,,1,1,69,1,0,,0,0,3,0,11,0,,,,,0,0,3,3,1,0,,,,96,,,,,,98,,,,,,98506,53,73,152,6,1,0,0,0,1,,0,,,,,,0,11/15/2017,11/15/2017,20,0,0,0,8,9,2,,,0,,,8,8,0,0,,,0,,,0,0,996,,,,,,,,,,,,,,,,,,,,,,,,,,,,,,0,0,0,0,0,0,0,0,0,0,0,0,0,0,0,0,0,0,0,0,0,0,0,0,0,1,0,0,0,1,0,1,0,0,0,,0,0,0,0,0,0,0,0,0,0,0,0,0,0,0,0,,,,,,66-70,66-75,Interstate,R,Tuesday,Belt Used,PV,Not Fatal,0,0,0,0,State Route,State Patrol,WASHINGTON STATE PATROL,0,1,0,0,0,,,,,,0,0,0,,,,,,,,,,,98,98,98,0,,,,,20,,,,,,,,,1,0,,,,,,
2021,192,EB42084,2,06/12/2021,18:20,12,6,,29,Island,0,1,,1,1,2,1,0,2,2,,,,42,0,0,,1,0,1,6,1,2,4,0,0,0,0,CR-RACE RD,,-122.5908972,48.18120278,0,1,1,13,2,35,80,0,0,1,2,42,3,4,2,1,14,1,1,53,0,34,706,2015,0,,63,42,69,12,,,1,1,41,1,7,,4,0,20,7,11,5,06/12/2021,18:20,47053029060,29060,0,0,0,3,1,0,,,,96,,,,,,9,,,,,,98239,53,71,180,6,1,0,2,1,0,,0,,,,,,4,11/15/2017,11/15/2019,20,8,0,0,0,1,1,,,0,,,1,1,2,695,605,,1,1,,2,1,0.171,,,,,,,,,,,,,,,,,,,,,,,,,,,,,,0,0,1,0,1,1,1,1,1,0,0,0,1,0,0,0,0,0,0,0,0,0,0,1,1,0,0,0,1,0,0,0,0,0,1,0,0,0,0,0,0,1,1,1,0,1,0,0,0,0,0,1,,,,,,41-45,36-45,County road,R,Saturday,,MC,White,0,1,0,0,County Road,State Patrol,Washington State Patrol,1,0,1,0,0,thc,50,carboxy-thc,82,,0,0,0,,,,,,,,,,,0,0,0,1,,,,,19,,,,,,,,nms,1,0,,,RACE RD,1.341,NULL,
2021,192,EB42084,2,06/12/2021,18:20,12,6,,29,Island,0,1,,1,1,2,1,0,2,2,,,,42,0,0,,1,0,1,6,1,2,4,0,0,0,0,CR-RACE RD,,-122.5908972,48.18120278,0,2,98,98,7,35,80,0,0,1,5,12,3,4,2,1,14,1,2,53,0,72,706,2018,0,,12,,,,,,1,1,25,1,0,,2,0,20,7,11,0,,,,,0,0,0,3,1,0,,,,96,,,,,,98,,,,,,98273,53,79,280,6,1,0,0,0,0,,0,,,,,,0,,,20,8,0,0,8,9,8,,,0,,,8,8,0,0,,,0,,,0,0,996,,,,,,,,,,,,,,,,,,,,,,,,,,,,,,0,0,1,0,1,1,1,1,1,0,0,0,1,0,0,0,0,0,0,0,0,0,0,1,1,0,0,0,1,0,0,0,0,0,0,0,0,0,0,0,0,0,0,0,0,0,0,0,0,0,0,0,,,,,,21-25,16-25,County road,R,Saturday,,MC,Not Fatal,0,1,0,0,County Road,State Patrol,Washington State Patrol,1,0,1,0,0,,,,,,0,0,0,,,,,,,,,,,0,0,0,0,,,,,5,,,,,,,,,1,0,,,RACE RD,1.341,NULL,
2021,193,EB42524,2,06/22/2021,18:40,22,6,,57,Skagit,0,1,,1,1,2,1,0,1,1,,,,42,0,0,,1,0,1,6,1,2,4,0,0,0,0,CR-CONCRETE SAUK VALLEY,,-121.7471083,48.51821389,0,1,6,12,2,50,4,0,0,1,2,42,1,2,2,1,1,1,2,53,0,55,35,2005,0,,68,64,42,,,,1,1,56,1,7,,4,7,3,0,11,0,06/22/2021,18:40,53033261,33261,0,0,0,0,1,0,,,,0,,,,,,2,,,,,,98237,53,73,200,0,0,0,0,0,1,,0,,,,,,0,02/15/2021,02/15/2021,1,0,0,0,0,9,8,,,0,,,8,8,2,167,996,128,1,1,1,2,1,0,,,,,,,,,,,,,,,,,,,,,,,,,,,,,,0,0,1,0,0,0,1,1,0,0,0,0,0,1,0,1,0,0,0,0,0,0,0,0,0,0,0,0,0,1,0,0,0,0,0,,1,0,0,0,0,0,1,1,0,0,0,1,0,0,1,0,,,,,,56-60,56-65,County road,R,Tuesday,Belt Used,PV,White,0,1,0,0,County Road,State Patrol,Washington State Patrol,1,0,1,0,0,,,,,,0,0,0,1,1,1,,,177,996,996,401,417,98,98,98,1,,,,,20,,,,,,,,,1,0,,,CONCRETE SAUK VALLEY ROAD,2.63,NULL,
2021,590,EB42775,19,06/22/2021,14:19,22,6,,21,Franklin,0,1,,1,1,2,1,0,1,1,,,,1,0,0,2.6,1,0,1,6,1,2,4,0,0,0,0,CR-COLUMBIA RIVER RD,,-119.2267139,46.3297,0,1,98,12,2,50,14,0,0,1,5,1,1,1,2,1,1,1,2,53,0,23,401,2005,0,,68,64,1,,,,1,1,56,2,7,,4,0,20,7,11,8,06/22/2021,15:12,1.85E+11,31209,0,0,0,0,1,0,,,,96,,,,,,98,,,,,,99338,53,62,110,0,0,0,0,0,0,,0,,,,,,4,,,8,1,9,0,0,9,8,,,0,,,8,8,2,996,996,996,1,1,1,2,1,0.163,,,,,,,,,,,,,,,,,,,,,,,,,,,,,,0,0,0,0,1,1,1,1,1,0,0,0,1,1,0,0,0,0,0,1,0,0,0,0,0,0,0,0,0,1,0,0,0,1,0,,1,0,0,0,0,1,1,1,0,1,0,1,0,0,0,1,,,,,,56-60,56-65,County road,R,Tuesday,Not Used,PV,White,0,0,0,0,County Road,County Sheriff,Franklin County Sheriff's Office,0,0,1,0,0,thc,0.98,,,,0,0,0,1,1,1,,,996,996,996,605,996,98,98,98,1,,,,,20,,,,,,,,nms,1,0,,,COLUMBIA RIVER ROAD,2.57,NULL,
2021,194,EB42907,7,06/18/2021,19:32,18,6,,33,King,1960,1,,1,1,2,1,1,1,1,,,,8,0,0,34.3,1,0,1,2,2,1,3,0,0,0,0,SR-509,,-122.3334889,47.52488056,0,1,13,80,5,60,4,0,0,1,5,8,1,1,3,3,1,1,1,53,0,37,32,2010,0,,8,,,,,,1,1,33,1,0,,0,0,3,0,11,0,,,,,6,0,3,3,1,0,,,,96,,,,,,98,,,,,,98390,53,71,230,6,1,0,1,1,0,,0,,,,,,0,12/15/2019,12/15/2019,20,0,0,0,8,9,8,,,0,,,8,8,0,0,,,0,,,0,0,996,,,,,,,,,,,,,,,,,,,,,,,,,,,,,,0,0,0,0,0,0,0,0,0,1,0,1,0,0,0,0,0,0,0,0,0,0,0,0,0,0,0,0,0,1,0,1,0,0,0,,0,0,0,0,0,0,0,0,0,0,0,0,0,0,0,0,,,,,,31-35,26-35,State route,U,Friday,Belt Used,PV,Not Fatal,0,0,0,0,State Route,State Patrol,Washington State Patrol,0,1,0,0,0,,,,,,0,0,0,,,,,,,,,,,98,98,98,0,,,,,20,,,,,,,,,1,23,,,,,,
2021,613,EB43049,171,06/25/2021,15:50,25,6,,33,King,1107,1,,1,1,2,1,0,4,2,,,,12,0,1,5.7,1,0,1,3,2,1,3,0,0,0,0,SR-522,,-122.2797861,47.75220556,0,1,28,52,3,40,80,0,0,1,2,12,8,8,6,1,1,1,2,6,0,72,706,2007,0,,12,,,,,,1,1,71,1,7,,4,0,20,7,11,5,07/24/2021,1:08,1.96E+11,36738,0,0,3,3,1,26,,,,96,,,,,,98,,,,,,95966,6,71,200,6,1,0,0,0,0,,0,,,,,,4,,,20,8,0,0,0,9,8,,,0,,,8,8,0,0,,,0,,,0,0,996,,,,,,,,,,,,,,,,,,,,,,,,,,,,,,0,0,0,0,0,0,0,0,0,0,0,0,1,0,0,0,0,0,0,0,0,0,0,0,0,1,1,0,1,1,0,0,0,0,1,0,0,0,0,0,0,0,0,0,0,1,0,0,0,0,0,0,,,,,,71-75,66-75,State route,U,Friday,,MC,White,0,0,0,0,State Route,Municipal/City Police,Lake Forest Park Police Department,0,1,0,0,0,,,,,,0,0,0,,,,,,,,,,,0,0,0,1,,,,,5,,,,,,,,,1,0,,,,,,
2021,613,EB43049,171,06/25/2021,15:50,25,6,,33,King,1107,1,,1,1,2,1,0,4,2,,,,12,0,1,5.7,1,0,1,3,2,1,3,0,0,0,0,SR-522,,-122.2797861,47.75220556,0,2,29,53,3,40,6,0,0,1,5,12,8,8,6,1,2,3,1,53,0,41,52,2010,0,,12,,,,,,1,1,47,2,0,,0,0,3,0,11,0,,,,,0,0,0,3,1,0,,,,96,,,,,,98,,,,,,98115,53,69,145,6,1,0,0,0,0,,0,,,,,,0,,,20,0,0,0,8,9,8,,,0,,,8,8,0,0,,,0,,,0,0,996,,,,,,,,,,,,,,,,,,,,,,,,,,,,,,0,0,0,0,0,0,0,0,0,0,0,0,1,0,0,0,0,0,0,0,0,0,0,0,0,1,1,0,1,1,0,0,0,0,0,,0,0,0,0,0,0,0,0,0,0,0,0,0,0,0,0,,,,,,46-50,46-55,State route,U,Friday,Belt Used,PV,Not Fatal,0,0,0,0,State Route,Municipal/City Police,Lake Forest Park Police Department,0,1,0,0,0,,,,,,0,0,0,,,,,,,,,,,98,98,98,0,,,,,20,,,,,,,,,1,0,,,,,,
2021,195,EB43349,339,06/22/2021,10:45,22,6,,63,Spokane,2113,1,,1,1,2,1,0,2,2,,,,12,0,2,0,3,0,3,3,2,4,6,0,0,0,0,E SPRAGUE AVE,N Gillis Rd,-117.2572111,47.65714167,0,2,51,62,4,98,80,0,0,1,2,12,1,1,6,2,1,1,0,53,0,98,706,2019,0,,12,,,,,,1,1,49,1,7,,4,0,20,7,11,5,06/22/2021,11:28,2.11E+11,30980,0,0,3,3,1,0,,,,96,,,,,,98,,,,,,99206,53,66,190,6,1,0,0,0,0,,0,,,,,,0,,,20,8,0,0,0,9,8,,,0,,,8,8,0,0,,,0,,,0,0,996,,,,,,,,,,,,,,,,,,,,,,,,,,,,,,0,0,0,1,0,0,0,0,0,0,0,0,0,0,0,1,0,0,0,0,0,0,0,0,0,0,0,0,1,1,0,0,0,0,1,0,0,0,0,0,0,0,0,0,0,0,0,0,0,0,0,0,,,,,,46-50,46-55,City street,U,Tuesday,,MC,White,0,1,1,0,City Street,Municipal/City Police,Spokane Valley Police Department,0,0,0,1,0,,,,,,0,0,0,,,,,,,,,,,0,0,0,1,,,,,5,,,,,,,,,1,0,,,,,,
2021,195,EB43349,339,06/22/2021,10:45,22,6,,63,Spokane,2113,1,,1,1,2,1,0,2,2,,,,12,0,2,0,3,0,3,3,2,4,6,0,0,0,0,E SPRAGUE AVE,N Gillis Rd,-117.2572111,47.65714167,0,1,50,10,2,98,14,0,0,1,2,12,1,1,6,1,1,1,2,53,0,48,401,2009,0,,68,12,,,,,1,1,38,2,0,,1,0,3,0,11,5,,,,,0,0,3,3,1,28,,,,0,,,,,,2,,,,,,99216,53,66,400,6,1,0,0,0,0,,97,,,,,,0,,,1,0,0,0,8,9,8,,,0,,,8,8,0,0,,,0,,,0,0,996,,,,,,,,,,,,,,,,,,,,,,,,,,,,,,0,0,0,1,0,0,0,0,0,0,0,0,0,0,0,1,0,0,0,0,0,0,0,0,0,0,0,0,1,1,0,0,0,0,0,,0,0,0,0,0,0,0,0,0,0,0,0,0,0,0,0,,,,,,36-40,36-45,City street,U,Tuesday,Belt Used,PV,Not Fatal,0,1,1,0,City Street,Municipal/City Police,Spokane Valley Police Department,0,0,0,1,0,,,,,,0,0,0,,,,,,,,,,,98,98,98,0,,,,,20,,,,,,,,,1,0,,,,,,
2021,196,EB43365,40,06/26/2021,20:38,26,6,,63,Spokane,0,1,,1,1,2,1,0,1,1,,,,42,0,0,,1,0,1,5,1,2,4,0,0,0,0,CR-W CHARLES RD,,-117.5873861,47.79182778,0,1,1,13,2,98,6,0,0,1,2,42,1,1,2,1,1,1,1,53,0,14,36,1999,0,,63,42,,,,,1,1,31,1,7,,4,0,20,7,11,5,06/26/2021,22:11,2.11E+11,32620,0,0,0,3,1,0,,,,96,,,,,,98,,,,,,99026,53,75,200,6,1,0,0,0,0,,0,,,,,,0,,,1,0,0,0,0,9,8,,,0,,,8,8,2,695,605,,1,1,,2,1,0.178,,,,,,,,,,,,,,,,,,,,,,,,,,,,,,0,0,1,0,1,1,1,1,1,0,0,0,0,0,0,0,0,0,0,1,0,0,0,0,0,0,0,0,0,1,0,0,0,1,0,,1,0,0,0,0,1,1,1,0,0,0,0,0,0,0,1,,,,,,31-35,26-35,County road,R,Saturday,Not Used,PV,Black,0,1,0,0,County Road,County Sheriff,Spokane County Sheriff's Office,1,0,1,0,0,thc,50,carboxy-thc,53,,0,0,0,,,,,,,,,,,0,0,0,2,,,,,20,,,,,,,,nms,1,0,,,CHARLES RD,7.72,NULL,
2021,197,EB43467,2,06/14/2021,22:19,14,6,,61,Snohomish,0,10,,3,1,2,2,0,3,2,,,,12,0,2,44.3,1,0,1,3,2,1,3,0,0,0,0,SR-99,,-122.2763056,47.87014444,0,2,51,62,4,45,14,0,0,1,2,12,1,2,3,2,1,1,2,53,0,49,402,2017,0,,12,,,,,,1,1,36,1,0,,2,0,3,0,11,0,,,,,0,0,0,3,1,0,,,,96,,,,,,98,,,,,,98204,53,61,130,6,1,0,0,0,1,,0,,,,,,0,11/15/2018,11/15/2018,8,0,0,0,8,9,8,,,0,,,8,8,0,0,,,0,,,0,0,996,,,,,,,,,,,,,,,,,,,,,,,,,,,,,,0,0,0,0,0,0,1,1,0,0,0,0,1,1,0,0,0,0,0,0,0,0,0,0,0,0,0,0,0,1,0,0,0,0,0,,0,0,0,0,0,0,0,0,0,0,0,0,0,0,0,0,,,,,,36-40,36-45,State route,U,Monday,Belt Used,PV,Not Fatal,0,1,1,0,State Route,State Patrol,Washington State Patrol,0,1,0,0,0,,,,,,0,0,0,,,,,,,,,,,98,98,98,0,,,,,20,,,,,,,,,1,0,,,,,,
2021,197,EB43467,2,06/14/2021,22:19,14,6,,61,Snohomish,0,10,,3,1,2,2,0,3,2,,,,12,0,2,44.3,1,0,1,3,2,1,3,0,0,0,0,SR-99,,-122.2763056,47.87014444,0,1,50,10,2,45,4,0,0,1,2,12,1,2,4,2,1,2,1,53,0,49,32,1990,0,,64,65,12,,,,1,1,31,1,7,,4,0,3,0,11,0,06/17/2021,16:38,1.96E+11,29958,0,0,0,0,1,28,58,,,96,,,,,,9,,,,,,98258,53,74,150,0,0,2,1,0,1,,0,,,,,,3,08/15/2017,08/15/2020,20,0,0,0,0,9,8,,,0,,,1,8,2,996,348,401,1,1,1,2,1,0,,,,,,,,,,,,,,,,,,,,,,,,,,,,,,0,0,0,0,0,0,1,1,0,0,0,0,1,1,0,0,0,0,0,0,0,0,0,0,0,0,0,0,0,1,0,0,0,0,0,,1,0,0,0,0,0,1,1,0,1,0,1,0,0,1,0,,,,,,31-35,26-35,State route,U,Monday,Belt Used,PV,White,0,1,1,0,State Route,State Patrol,Washington State Patrol,0,1,0,0,0,,,,,,0,0,3,1,1,1,,,417,151,996,,,0,0,0,1,,,,,20,,,,,,,,,1,0,,,,,,