year,case,par,repjur,crash_dt,crash_tm,accday,accmon,holiday,county,co_char,city,weather,weather2,lightcond,surfcond,surftype,numfatal,nmforms,pforms,vforms,not_tm,arr_tm,hosp_tm,fhevent,hitrun,manncol,milepnt,reljunc,reljuncinter,intersectiontype,funcsystem,landuse,ownership,route,schlbus,spejur,contdev,devfunc,trafid1,trafid2,x,y,wk_zone,vnumber,crashtype,criticalevent,criticaleventcat,spdlim,body,trailer,emerg,hazcargo,leave,mhevent,roadalgn,roadprof,traflane,trafflow,vehmanvr,numoccs,regowner,regstate,spuse,make,model,modelyr,vrf1,vrf2,seqevent1,seqevent2,seqevent3,seqevent4,seqevent5,seqevent6,pnumber,ptype,age,sex,hispanic,race,injury,diedscene,restraint,restraintmisuse,seatpos,takehosp,death_dt,death_tm,cert,cernum_wa,commlic,licendor,licrestrict,liccomp,drivpres,drf1,drf2,drf3,drf4,distract1,distract2,distract3,distract4,distract5,distract6,dricond1,dricond2,dricond3,dricond4,dricond5,dricond6,dzip,licstate,drhgt_in,weight,noncdl,noncdltype,prevdwi,prevoth,prevacc,prevspd,prevsus,driviol1,driviol2,driviol3,driviol4,driviol5,driviol6,spdrel,first_dt,last_dt,airbag,ejection,ejectpath,extricat,injurwrk,methalc,methdrug,nmlocat,strikveh,prf1,prf2,prf3,druginv,alcinvol,drugsts,drugres1,drugres2,drugres3,drugtst1,drugtst2,drugtst3,alcsts,alctst,alcres,nmact1,nmact2,nmact3,nmact4,nmact5,nmact6,nmprior1,nmprior2,nmprior3,nmprior4,nmprior5,nmprior6,nmcond1,nmcond2,nmcond3,nmcond4,nmcond5,nmcond6,nmsafe_helmet,nmsafe_pads,nmsafe_oth,nmprev_ref,nmprev_lgt,nmprev_oth,crashlocation,nmcrashtype,crosswalk,schoolzone,sidewalk,train_inv,wildlife_inv,rotr_fars,intersect_fars,dd_inv,aid_inv,dpd_inv,id_inv,mj_inv,impnm_inv,ainm_inv,dpnm_inv,speed_inv,unlic_inv,unendmc_inv,drowsy_inv,drdist_inv,nmdist_inv,fty_inv,unrestfat_inv,dr1617_inv,dr1820_inv,dr1620_inv,dr2125_inv,dr1625_inv,dr65_inv,dr70_inv,dr75_inv,mc_inv,pv_inv,ht_inv,ped_inv,bike_inv,unrest_fat,mc_fat,unhelmet_mc,pv_fat,ht_fat,ped_fat,bike_fat,dr_alc7,dr_alc8,dr_drug,dr_imp,dr_dist,dr_spd,dr_fty,dr_unlic,dr_alc7only,dr_alc8only,dr_drugonly,dr_drink,nm_imp,nm_alc7,nm_alc8,nm_drug,nm_dist,agegrp1,agegrp2,roadclass,urbrur,dayweek,restuse,vehtype,race_me,intersect,lanedep,oppdir,wrongway,rep_typ,investag,repag_long,rotr,st_rd,cty_rd,city_rd,oth_rd,drug_thc,thc_res,drug_cthc,cthc_res,drug_cann,prevpersemin,prevperse,prevsusoth,drugtst4,drugtst5,drugtst6,drugtst7,drugtst8,drugres4,drugres5,drugres6,drugres7,drugres8,adspresent,adsengaged,adslevel,race1,race2,race3,race4,race5,helmet,helmetmisuse,nmdistract1,nmdistract2,nmdistract3,nmdistract4,nmdistract5,nmdistract6,lab,isedtcase,crf1,crf2,crf3,CoRoadName,CoMP,IntCoRoadName,IntCoMP
2021,198,EB43551,35,06/28/2021,21:14,28,6,,53,Pierce,0,1,,5,1,2,1,0,5,1,,,,42,0,0,0.6,1,0,1,5,1,2,4,0,0,0,0,CR-BLISS COCHRANE ROAD,,-122.7799528,47.36244167,0,1,6,12,2,35,34,0,0,1,2,1,1,2,2,1,1,5,2,53,0,12,471,2003,0,,68,64,42,1,,,1,1,17,1,0,,1,0,3,0,11,0,,,,,0,0,2,3,1,73,,,,96,,,,,,98,,,,,,98332,53,73,275,6,2,0,0,0,0,,97,,,,,,0,,,8,0,0,0,8,9,8,,,0,,,8,8,8,95,,,96,,,8,95,995,,,,,,,,,,,,,,,,,,,,,,,,,,,,,,0,0,1,0,0,0,0,0,0,0,0,0,0,0,0,0,0,0,0,1,1,0,1,0,1,0,0,0,0,1,0,0,0,0,0,,0,0,0,0,0,0,0,0,0,0,0,0,0,0,0,0,,,,,,16-17,16-25,County road,R,Monday,Belt Used,PV,Not Fatal,0,1,0,0,County Road,County Sheriff,Law Enforcement Support Agency,1,0,1,0,0,,,,,,0,0,0,,,,,,,,,,,98,98,98,0,,,,,20,,,,,,,,,1,0,,,BLISS COCHRANE RD NW,0.61,NULL,
2021,199,EB43845,2,06/26/2021,19:55,26,6,,57,Skagit,0,1,,1,11,4,1,0,2,1,,,,35,0,0,,1,0,1,7,1,2,4,0,0,0,0,CR-CONCRETE SAUK VALLEY,,-121.5639639,48.39838056,0,1,7,9,1,98,15,0,0,1,2,1,1,2,8,1,1,2,2,53,0,20,421,2001,0,,68,64,35,1,,,1,1,24,2,7,,4,7,20,7,11,0,06/26/2021,19:55,53031064,31064,0,0,0,3,1,0,,,,96,,,,,,9,,,,,,98241,53,70,160,6,1,0,0,0,0,,0,,,,,,4,,,20,2,9,0,0,1,8,,,0,,,8,1,2,1,,,1,,,2,1,0.066,,,,,,,,,,,,,,,,,,,,,,,,,,,,,,0,0,0,0,1,0,0,0,0,0,0,0,1,0,0,0,0,0,0,1,0,0,0,1,1,0,0,0,0,1,0,0,0,1,0,,1,0,0,0,1,0,0,0,0,1,0,0,1,0,0,1,,,,,,21-25,16-25,County road,R,Saturday,Not Used,PV,White,0,1,0,0,County Road,State Patrol,Washington State Patrol,1,0,1,0,0,,,,,,0,0,0,,,,,,,,,,,98,98,98,1,,,,,20,,,,,,,,,1,0,,,OLD CONCRETE SAUK VALLEY ROAD,0.55,NULL,
2021,200,EB43874,5,06/15/2021,9:39,15,6,,11,Clark,0,10,,1,1,1,1,0,3,2,,,,12,0,6,6.7,2,0,2,3,2,1,3,0,0,3,3,SR-503,NE 76TH ST,-122.5525444,45.677825,0,1,68,15,2,40,34,0,0,1,2,12,1,2,6,1,11,2,1,53,0,12,481,1973,0,,12,,,,,,1,1,62,1,0,,2,0,3,0,11,0,,,,,0,0,0,3,1,38,,,,96,,,,,,98,,,,,,98582,53,65,185,6,1,0,0,0,0,,97,,,,,,0,,,20,0,0,0,8,9,2,,,0,,,8,0,0,0,,,0,,,2,98,0,,,,,,,,,,,,,,,,,,,,,,,,,,,,,,0,0,0,1,0,0,0,0,0,0,0,0,0,0,0,0,0,0,1,0,0,0,0,0,0,0,0,0,0,1,1,0,0,0,0,,0,0,0,0,0,0,0,0,0,0,1,0,0,0,0,0,,,,,,61-65,56-65,State route,U,Tuesday,Belt Used,PV,Not Fatal,1,0,0,0,State Route,State Patrol,Washington State Patrol,0,1,0,0,0,,,,,,0,0,0,,,,,,,,,,,0,0,0,0,,,,,20,,,,,,,,,1,0,,,,,,
2021,200,EB43874,5,06/15/2021,9:39,15,6,,11,Clark,0,10,,1,1,1,1,0,3,2,,,,12,0,6,6.7,2,0,2,3,2,1,3,0,0,3,3,SR-503,NE 76TH ST,-122.5525444,45.677825,0,2,69,62,4,40,66,0,0,1,2,12,1,2,5,1,1,1,3,41,0,51,881,2009,0,,12,,,,,,1,1,48,1,0,,0,0,3,0,11,0,,,,,6,1,0,3,1,0,,,,96,,,,,,98,,,,,,98682,53,68,255,6,1,0,1,0,0,,0,,,,,,0,12/15/2016,12/15/2016,20,0,0,0,8,9,2,,,0,,,8,0,0,0,,,0,,,2,98,0,,,,,,,,,,,,,,,,,,,,,,,,,,,,,,0,0,0,1,0,0,0,0,0,0,0,0,0,0,0,0,0,0,1,0,0,0,0,0,0,0,0,0,0,1,1,0,0,0,0,,0,0,0,0,0,0,0,0,0,0,0,0,0,0,0,0,,,,,,46-50,46-55,State route,U,Tuesday,,MHTRUCK,Not Fatal,1,0,0,0,State Route,State Patrol,Washington State Patrol,0,1,0,0,0,,,,,,0,0,0,,,,,,,,,,,98,98,98,0,,,,,20,,,,,,,,,1,0,,,,,,
2021,297,EB43891,3,06/25/2021,16:06,25,6,,53,Pierce,0,1,,1,1,2,1,0,2,2,,,,1,0,0,22.5,3,0,2,3,2,1,3,0,0,3,3,SR-161,156TH ST,-122.2933139,47.11468611,0,2,98,53,3,45,6,0,0,1,5,12,1,1,6,1,5,1,1,53,0,12,24,2011,0,,12,,,,,,1,1,32,1,0,,0,0,3,0,11,0,,,,,0,0,0,3,1,0,,,,96,,,,,,98,,,,,,98103,53,68,176,6,1,0,0,0,0,,0,,,,,,0,,,20,0,0,0,8,9,8,,,0,,,8,8,8,95,,,96,,,8,95,995,,,,,,,,,,,,,,,,,,,,,,,,,,,,,,0,0,0,1,0,0,0,0,0,0,0,0,1,0,0,0,0,0,0,0,0,0,0,0,0,0,0,0,1,1,0,0,0,0,0,,0,0,0,0,0,0,0,0,0,0,0,0,0,0,0,0,,,,,,31-35,26-35,State route,U,Friday,Belt Used,PV,Not Fatal,1,0,0,0,State Route,State Patrol,Washington State Patrol,0,1,0,0,0,,,,,,0,0,0,,,,,,,,,,,98,98,98,0,,,,,20,,,,,,,,,1,0,,,,,,
2021,297,EB43891,3,06/25/2021,16:06,25,6,,53,Pierce,0,1,,1,1,2,1,0,2,2,,,,1,0,0,22.5,3,0,2,3,2,1,3,0,0,3,3,SR-161,156TH ST,-122.2933139,47.11468611,0,1,98,8,1,45,80,0,0,1,2,1,1,1,6,1,1,1,1,53,0,72,706,2005,0,,1,12,,,,,1,1,56,1,7,,4,0,20,7,11,5,07/02/2021,13:20,1.96E+11,34372,0,0,0,3,1,0,,,,96,,,,,,98,,,,,,98375,53,72,208,6,1,0,0,1,1,,0,,,,,,4,12/15/2017,12/15/2017,20,8,0,0,0,9,8,,,0,,,8,8,9,999,,,99,,,9,99,999,,,,,,,,,,,,,,,,,,,,,,,,,,,,,,0,0,0,1,0,0,0,0,0,0,0,0,1,0,0,0,0,0,0,0,0,0,0,0,0,0,0,0,1,1,0,0,0,0,1,0,0,0,0,0,0,0,0,0,0,1,0,0,0,0,0,0,,,,,,56-60,56-65,State route,U,Friday,,MC,White,1,0,0,0,State Route,State Patrol,Washington State Patrol,0,1,0,0,0,,,,,,0,0,0,,,,,,,,,,,0,0,0,1,,,,,5,,,,,,,,,1,0,,,,,,
2021,201,EB43920,7,06/07/2021,3:54,7,6,,33,King,0,2,,2,2,2,1,0,3,2,,,,12,0,2,11,1,0,1,3,1,1,3,0,0,0,0,SR-900,,-122.0771333,47.51391944,0,1,50,10,2,40,4,0,0,1,2,12,2,2,2,1,14,2,2,53,0,12,37,2013,0,,68,12,,,,,1,1,36,1,7,,4,7,3,0,11,0,06/07/2021,3:54,53028880,28880,0,0,0,3,1,28,,,,96,,,,,,98,,,,,,98006,53,73,260,6,1,0,0,0,1,,0,,,,,,4,05/15/2017,06/15/2018,1,0,0,0,0,9,8,,,0,,,8,8,2,996,128,157,1,1,1,2,1,0,,,,,,,,,,,,,,,,,,,,,,,,,,,,,,0,0,0,0,0,0,1,1,0,0,0,0,1,0,0,0,0,0,0,0,0,0,0,0,0,0,0,0,0,1,1,0,0,0,0,,1,0,0,0,0,0,1,1,0,1,0,0,0,0,1,0,,,,,,36-40,36-45,State route,R,Monday,Belt Used,PV,White,0,1,1,0,State Route,State Patrol,Washington State Patrol,0,1,0,0,0,,,,,,0,0,1,1,1,,,,401,417,,,,98,98,98,1,,,,,20,,,,,,,,,1,0,,,,,,
2021,201,EB43920,7,06/07/2021,3:54,7,6,,33,King,0,2,,2,2,2,1,0,3,2,,,,12,0,2,11,1,0,1,3,1,1,3,0,0,0,0,SR-900,,-122.0771333,47.51391944,0,2,51,62,4,40,63,0,0,1,2,12,3,2,2,1,14,1,3,53,0,82,898,2021,0,,12,,,,,,1,1,48,1,0,,0,0,3,0,11,0,,,,,6,1,3,3,1,0,,,,96,,,,,,98,,,,,,98391,53,70,169,6,1,0,0,0,0,,0,,,,,,0,,,20,0,0,0,8,9,8,,,0,,,8,8,0,0,,,0,,,0,0,996,,,,,,,,,,,,,,,,,,,,,,,,,,,,,,0,0,0,0,0,0,1,1,0,0,0,0,1,0,0,0,0,0,0,0,0,0,0,0,0,0,0,0,0,1,1,0,0,0,0,,0,0,0,0,0,0,0,0,0,0,0,0,0,0,0,0,,,,,,46-50,46-55,State route,R,Monday,,MHTRUCK,Not Fatal,0,1,1,0,State Route,State Patrol,Washington State Patrol,0,1,0,0,0,,,,,,0,0,0,,,,,,,,,,,98,98,98,0,,,,,20,,,,,,,,,1,0,,,,,,
2021,579,EB43931,278,06/30/2021,0:20,30,6,,63,Spokane,2110,1,,3,1,2,1,1,1,1,,,,8,0,0,0,1,0,1,3,2,4,6,0,0,0,0,W 2ND AVE,,-117.4242083,47.65448056,0,1,13,80,5,98,14,0,0,1,5,8,1,1,3,4,1,1,1,53,0,63,401,2017,0,,8,,,,,,1,1,32,1,0,,0,0,3,0,11,0,,,,,0,0,0,3,1,0,,,,15,,,,,,98,,,,,,99208,53,74,230,6,1,0,0,1,1,,97,,,,,,0,01/15/2019,12/15/2021,20,0,0,0,8,9,2,,,0,,,8,8,8,95,,,96,,,2,1,997,,,,,,,,,,,,,,,,,,,,,,,,,,,,,,0,0,0,0,0,0,0,0,0,1,1,0,0,0,0,0,1,0,0,0,0,0,0,0,0,0,0,0,0,1,0,1,0,0,0,,0,0,0,0,0,0,0,0,1,0,0,0,0,0,0,0,,,,,,31-35,26-35,City street,U,Wednesday,Belt Used,PV,Not Fatal,0,0,0,0,City Street,Municipal/City Police,Spokane Police Department,0,0,0,1,0,,,,,,0,0,0,,,,,,,,,,,98,98,98,0,,,,,20,,,,,,,,,1,0,,,,,,
2021,202,EB43981,3,06/18/2021,13:32,18,6,,53,Pierce,0,1,,1,1,2,1,0,3,3,,,,12,0,1,8.2,1,0,1,2,2,1,3,0,0,0,0,SR-167,,-122.2579111,47.20224444,0,1,20,50,3,60,67,0,0,1,2,12,1,1,2,2,1,1,1,53,0,12,880,2012,0,,12,12,,,,,1,1,81,2,7,,4,7,3,0,11,0,06/18/2021,13:32,53029902,29902,0,0,0,3,1,26,,,,96,,,,,,98,,,,,,98274,53,67,190,6,1,0,0,2,0,,0,,,,,,4,01/15/2017,12/15/2018,8,0,0,0,0,9,8,,,0,,,8,8,2,1,,,1,,,2,1,0,,,,,,,,,,,,,,,,,,,,,,,,,,,,,,0,0,0,0,0,0,0,0,0,0,0,0,1,0,0,0,0,0,0,0,0,0,0,0,0,1,1,1,0,1,1,0,0,0,0,,0,1,0,0,0,0,0,0,0,1,0,0,0,0,0,0,,,,,,81+,76+,State route,U,Friday,,MHTRUCK,White,0,0,0,0,State Route,State Patrol,Washington State Patrol,0,1,0,0,0,,,,,,0,0,0,,,,,,,,,,,98,98,98,1,,,,,20,,,,,,,,,1,0,,,,,,
2021,202,EB43981,3,06/18/2021,13:32,18,6,,53,Pierce,0,1,,1,1,2,1,0,3,3,,,,12,0,1,8.2,1,0,1,2,2,1,3,0,0,0,0,SR-167,,-122.2579111,47.20224444,0,3,98,53,3,60,66,1,0,1,2,12,1,1,2,2,5,1,3,18,0,82,881,2019,0,,12,,,,,,1,1,51,1,0,,0,0,3,0,11,0,,,,,6,3,0,3,1,0,,,,0,,,,,,98,,,,,,98377,53,73,220,6,1,0,0,0,0,,0,,,,,,0,,,20,0,0,0,8,9,8,,,0,,,8,8,2,1,,,1,,,2,1,0,,,,,,,,,,,,,,,,,,,,,,,,,,,,,,0,0,0,0,0,0,0,0,0,0,0,0,1,0,0,0,0,0,0,0,0,0,0,0,0,1,1,1,0,1,1,0,0,0,0,,0,0,0,0,0,0,0,0,0,0,0,0,0,0,0,0,,,,,,51-55,46-55,State route,U,Friday,,MHTRUCK,Not Fatal,0,0,0,0,State Route,State Patrol,Washington State Patrol,0,1,0,0,0,,,,,,0,0,0,,,,,,,,,,,98,98,98,0,,,,,20,,,,,,,,,1,0,,,,,,
2021,202,EB43981,3,06/18/2021,13:32,18,6,,53,Pierce,0,1,,1,1,2,1,0,3,3,,,,12,0,1,8.2,1,0,1,2,2,1,3,0,0,0,0,SR-167,,-122.2579111,47.20224444,0,2,21,53,3,60,14,0,0,1,2,12,1,1,2,2,5,1,1,53,0,41,403,2020,0,,12,63,1,,,,1,1,55,1,0,,0,0,3,0,11,0,,,,,0,0,3,3,1,0,,,,0,,,,,,98,,,,,,98443,53,67,165,6,1,0,0,0,0,,0,,,,,,0,,,8,0,0,0,8,9,8,,,0,,,8,8,8,95,,,96,,,2,1,997,,,,,,,,,,,,,,,,,,,,,,,,,,,,,,0,0,0,0,0,0,0,0,0,0,0,0,1,0,0,0,0,0,0,0,0,0,0,0,0,1,1,1,0,1,1,0,0,0,0,,0,0,0,0,0,0,0,0,0,0,0,0,0,0,0,0,,,,,,51-55,46-55,State route,U,Friday,Belt Used,PV,Not Fatal,0,0,0,0,State Route,State Patrol,Washington State Patrol,0,1,0,0,0,,,,,,0,0,0,,,,,,,,,,,98,98,98,0,,,,,20,,,,,,,,,1,0,,,,,,
2021,571,EB44305,290,06/28/2021,16:28,28,6,,53,Pierce,2230,1,,1,1,2,1,0,2,2,,,,12,0,1,0,3,0,2,7,2,4,6,0,0,97,8,S WASHINGTON ST,6th Ave,-122.4851083,47.25526389,0,2,21,53,3,35,52,0,0,1,5,12,1,1,3,5,5,1,3,53,3,92,988,2010,0,,12,,,,,,1,1,52,1,0,,0,0,2,0,11,0,,,,,6,1,3,3,1,0,,,,96,,,,,,98,,,,,,98375,53,68,167,6,1,0,0,0,0,,0,,,,,,0,,,20,0,0,0,8,9,8,,,0,,,8,8,8,95,,,96,,,8,95,995,,,,,,,,,,,,,,,,,,,,,,,,,,,,,,0,0,0,1,0,0,1,1,0,0,0,0,0,1,0,0,0,0,0,1,0,0,0,0,0,1,1,0,0,1,0,0,0,0,0,,0,0,0,0,0,0,0,0,0,0,0,0,0,0,0,0,,,,,,51-55,46-55,City street,U,Monday,,BUS,Not Fatal,1,0,0,0,City Street,Municipal/City Police,Tacoma Police Department,0,0,0,1,0,,,,,,0,0,0,,,,,,,,,,,98,98,98,0,,,,,20,,,,,,,,,1,0,,,,,,
2021,571,EB44305,290,06/28/2021,16:28,28,6,,53,Pierce,2230,1,,1,1,2,1,0,2,2,,,,12,0,1,0,3,0,2,7,2,4,6,0,0,20,3,S WASHINGTON ST,6th Ave,-122.4851083,47.25526389,0,1,20,50,3,35,14,0,0,1,2,12,1,1,2,1,10,1,1,53,0,12,401,1996,0,,12,,,,,,1,1,70,1,7,,4,0,20,7,11,4,06/28/2021,17:42,2.23E+11,35598,0,0,0,0,1,26,,,,96,,,,,,9,,,,,,98405,53,68,220,0,0,0,0,0,0,,0,,,,,,0,,,20,0,0,0,0,9,8,,,0,,,1,8,2,401,417,151,1,1,1,2,1,0,,,,,,,,,,,,,,,,,,,,,,,,,,,,,,0,0,0,1,0,0,1,1,0,0,0,0,0,1,0,0,0,0,0,1,0,0,0,0,0,1,1,0,0,1,0,0,0,1,0,,1,0,0,0,0,0,1,1,0,0,0,1,0,0,1,0,,,,,,66-70,66-75,City street,U,Monday,Not Used,PV,White,1,0,0,0,City Street,Municipal/City Police,Tacoma Police Department,0,0,0,1,0,,,,,,0,0,0,,,,,,,,,,,0,0,0,1,,,,,20,,,,,,,,,1,0,,,,,,
2021,609,EB44315,129,06/24/2021,12:39,24,6,,53,Pierce,0,1,,1,1,2,1,0,4,2,,,,12,0,6,0,2,0,2,5,2,2,6,0,3,20,3,68TH AVE E,10TH ST E,-122.3389444,47.24813889,0,1,88,17,2,30,20,0,0,1,2,12,1,2,2,1,4,1,3,53,0,12,444,2021,0,,12,,,,,,1,1,53,1,0,,1,0,3,0,11,0,,,,,0,0,0,3,1,38,,,,96,,,,,,98,,,,,,98003,53,69,200,6,1,0,0,0,0,,97,,,,,,0,,,8,0,0,0,8,9,8,,,0,,,8,8,0,0,,,0,,,0,0,996,,,,,,,,,,,,,,,,,,,,,,,,,,,,,,0,0,0,1,0,0,0,0,0,0,0,0,0,0,0,0,0,0,1,0,0,0,0,0,0,0,0,0,0,1,0,0,0,0,0,,0,0,0,0,0,0,0,0,0,0,1,0,0,0,0,0,,,,,,51-55,46-55,City street,U,Thursday,Belt Used,PV,Not Fatal,1,0,0,0,County Road,Municipal/City Police,Fife Police Department,0,0,1,0,0,,,,,,0,0,0,,,,,,,,,,,98,98,98,0,,,,,20,,,,,,,,,1,0,,,010 ST E,0.12,NULL,
2021,609,EB44315,129,06/24/2021,12:39,24,6,,53,Pierce,0,1,,1,1,2,1,0,4,2,,,,12,0,6,0,2,0,2,5,2,2,6,0,3,20,3,68TH AVE E,10TH ST E,-122.3389444,47.24813889,0,2,89,66,4,30,14,0,0,1,2,12,1,2,2,1,4,3,2,53,0,49,403,2002,0,,12,63,35,,,,1,1,46,2,0,,1,0,3,0,11,0,,,,,0,0,3,3,1,0,,,,96,,,,,,98,,,,,,98023,53,64,128,6,1,0,0,0,1,,0,,,,,,0,05/15/2017,05/15/2017,20,0,0,0,8,9,8,,,0,,,8,8,0,0,,,0,,,0,0,996,,,,,,,,,,,,,,,,,,,,,,,,,,,,,,0,0,0,1,0,0,0,0,0,0,0,0,0,0,0,0,0,0,1,0,0,0,0,0,0,0,0,0,0,1,0,0,0,0,0,,0,0,0,0,0,0,0,0,0,0,0,0,0,0,0,0,,,,,,46-50,46-55,City street,U,Thursday,Belt Used,PV,Not Fatal,1,0,0,0,County Road,Municipal/City Police,Fife Police Department,0,0,1,0,0,,,,,,0,0,0,,,,,,,,,,,98,98,98,0,,,,,20,,,,,,,,,1,0,,,010 ST E,0.12,NULL,
2021,223,EB44623,146,06/25/2021,4:55,25,6,,77,Yakima,0,1,,2,1,2,1,0,2,2,,,,12,0,1,0.7,1,0,1,5,1,2,4,0,3,0,0,CR-W WAPATO RD,,-120.4445806,46.44800556,0,1,24,51,3,50,14,0,0,1,2,12,1,1,2,1,1,1,1,53,0,7,403,2007,0,,12,,,,,,1,1,26,1,0,,0,0,3,0,11,0,,,,,0,0,0,3,1,0,,,,15,,,,,,98,,,,,,98951,53,65,150,6,1,0,1,1,5,,97,,,,,,3,05/15/2018,06/15/2021,1,0,0,0,8,9,8,,,0,,,8,8,0,0,,,0,,,0,0,996,,,,,,,,,,,,,,,,,,,,,,,,,,,,,,0,0,0,0,0,0,0,0,0,0,0,0,1,0,0,0,1,0,0,0,0,0,0,0,0,1,1,1,0,1,0,0,0,0,0,,0,0,0,0,0,0,0,0,1,1,0,0,0,0,0,0,,,,,,26-30,26-35,County road,R,Friday,Belt Used,PV,Not Fatal,0,0,0,0,County Road,County Sheriff,Yakima County Sheriff's Office,0,0,1,0,0,,,,,,0,0,0,,,,,,,,,,,98,98,98,0,,,,,20,,,,,,,,,1,0,,,WAPATO RD. W.,0.69,NULL,
2021,223,EB44623,146,06/25/2021,4:55,25,6,,77,Yakima,0,1,,2,1,2,1,0,2,2,,,,12,0,1,0.7,1,0,1,5,1,2,4,0,3,0,0,CR-W WAPATO RD,,-120.4445806,46.44800556,0,2,25,53,3,50,34,0,0,1,2,12,1,1,2,1,1,1,1,53,0,23,481,1996,0,,12,63,30,,,,1,1,75,1,1,,4,0,99,7,11,0,07/14/2021,18:24,1.96E+11,34938,0,0,0,3,1,0,,,,96,,,,,,98,,,,,,98952,53,69,228,6,1,0,1,2,0,,0,,,,,,0,05/15/2019,04/15/2019,20,0,0,0,0,9,8,,,0,,,8,8,0,0,,,0,,,0,0,996,,,,,,,,,,,,,,,,,,,,,,,,,,,,,,0,0,0,0,0,0,0,0,0,0,0,0,1,0,0,0,1,0,0,0,0,0,0,0,0,1,1,1,0,1,0,0,0,0,0,,1,0,0,0,0,0,0,0,0,0,0,0,0,0,0,0,,,,,,71-75,66-75,County road,R,Friday,Unknown,PV,Hispanic,0,0,0,0,County Road,County Sheriff,Yakima County Sheriff's Office,0,0,1,0,0,,,,,,0,0,0,,,,,,,,,,,0,0,0,98,,,,,20,,,,,,,,,1,0,,,WAPATO RD. W.,0.69,NULL,
2021,204,EB44679,1,07/01/2021,5:00,1,7,,5,Benton,0,10,,9,1,2,2,0,2,1,,,,24,0,0,121.2,1,0,1,1,1,1,1,0,0,0,0,I-82,,-119.2245417,46.04681111,0,1,1,12,2,70,14,0,0,1,2,24,1,1,2,2,1,2,1,41,0,14,401,2004,0,,64,69,63,24,1,,1,1,63,2,1,,4,7,3,0,11,0,07/01/2021,5:00,53032371,32371,0,0,0,3,1,58,,,,96,,,,,,9,,,,,,97882,41,61,175,6,1,0,0,1,0,,0,,,,,,0,07/15/2020,07/15/2020,20,0,0,0,0,1,8,,,0,,,8,1,2,1,,,1,,,2,1,0.071,,,,,,,,,,,,,,,,,,,,,,,,,,,,,,0,0,1,0,1,0,0,0,0,0,0,0,0,0,0,0,0,0,0,0,0,0,0,0,0,0,0,0,0,1,0,0,0,0,0,,1,0,0,0,1,0,0,0,0,0,0,0,1,0,0,1,,,,,,61-65,56-65,Interstate,R,Thursday,Belt Used,PV,Hispanic,0,1,0,0,State Route,State Patrol,Washington State Patrol,1,1,0,0,0,,,,,,0,0,0,,,,,,,,,,,98,98,98,1,,,,,20,,,,,,,,,1,0,,,,,,
2021,206,EB44992,7,06/29/2021,4:36,29,6,,33,King,1830,1,,4,1,1,1,1,1,1,,,,8,0,0,25.9,1,0,1,2,2,1,3,0,0,0,0,SR-167,,-122.2167139,47.44389444,0,1,13,80,5,60,4,0,0,1,5,8,1,1,3,3,1,1,1,49,0,55,35,2008,0,,8,,,,,,1,1,58,1,0,,0,0,3,0,11,0,,,,,6,0,0,3,1,0,,,,96,,,,,,98,,,,,,84003,49,71,208,6,1,0,0,98,3,,0,,,,,,0,10/15/2016,11/15/2019,20,0,0,0,8,9,8,,,0,,,8,8,0,0,,,0,,,0,0,996,,,,,,,,,,,,,,,,,,,,,,,,,,,,,,0,0,0,0,0,0,0,0,0,0,0,0,0,0,0,0,0,0,0,0,0,0,0,0,0,0,0,0,0,1,0,1,0,0,0,,0,0,0,0,0,0,0,0,0,0,0,0,0,0,0,0,,,,,,56-60,56-65,State route,U,Tuesday,Belt Used,PV,Not Fatal,0,0,0,0,State Route,State Patrol,Washington State Patrol,0,1,0,0,0,,,,,,0,0,0,,,,,,,,,,,98,98,98,0,,,,,20,,,,,,,,,1,0,,,,,,
2021,209,EB45224,5,07/04/2021,3:11,4,7,,15,Cowlitz,0,10,,2,1,2,1,0,5,3,,,,12,0,2,33.7,1,0,1,1,1,1,1,0,0,0,0,I-5,,-122.8666611,46.06105556,0,3,98,90,6,70,34,0,0,1,2,18,4,1,3,2,14,2,3,41,0,12,481,2015,0,,18,,,,,,1,1,27,8,0,,1,0,2,0,11,0,,,,,0,0,0,2,1,0,,,,96,,,,,,98,,,,,,45219,39,73,230,3,1,0,0,0,0,,0,,,,,,0,,,20,0,0,0,8,9,8,,,0,,,8,8,0,0,,,0,,,0,0,996,,,,,,,,,,,,,,,,,,,,,,,,,,,,,,0,0,0,0,1,1,1,1,1,0,0,0,0,1,0,0,0,0,0,1,0,0,0,1,1,0,0,0,0,1,0,0,0,0,0,,0,0,0,0,0,0,0,0,0,0,0,1,0,0,0,0,,,,,,26-30,26-35,Interstate,R,Sunday,Belt Used,PV,Not Fatal,0,0,0,1,State Route,State Patrol,Washington State Patrol,0,1,0,0,0,,,,,,0,0,0,,,,,,,,,,,98,98,98,0,,,,,20,,,,,,,,,1,0,,,,,,
2021,209,EB45224,5,07/04/2021,3:11,4,7,,15,Cowlitz,0,10,,2,1,2,1,0,5,3,,,,12,0,2,33.7,1,0,1,1,1,1,1,0,0,0,0,I-5,,-122.8666611,46.06105556,0,1,50,54,3,70,14,0,0,1,2,12,4,1,3,3,14,1,9,99,0,20,404,2006,0,,12,,,,,,1,1,25,1,7,,4,7,20,7,11,0,07/04/2021,3:11,53031708,31708,0,0,0,0,1,8,51,,,96,,,,,,98,,,,,,97380,41,71,180,0,0,0,7,1,1,,0,,,,,,0,10/15/2017,04/15/2020,8,0,0,0,0,9,8,,,0,,,8,8,2,695,605,,1,1,,2,1,0.123,,,,,,,,,,,,,,,,,,,,,,,,,,,,,,0,0,0,0,1,1,1,1,1,0,0,0,0,1,0,0,0,0,0,1,0,0,0,1,1,0,0,0,0,1,0,0,0,1,0,,1,0,0,0,0,1,1,1,0,0,0,1,0,0,0,1,,,,,,21-25,16-25,Interstate,R,Sunday,Not Used,PV,AIAN,0,0,0,1,State Route,State Patrol,Washington State Patrol,0,1,0,0,0,thc,3.9,carboxy-thc,8.1,,0,0,11,,,,,,,,,,,98,98,98,3,,,,,20,,,,,,,,nms,1,0,,,,,,