year,case,par,repjur,crash_dt,crash_tm,accday,accmon,holiday,county,co_char,city,weather,weather2,lightcond,surfcond,surftype,numfatal,nmforms,pforms,vforms,not_tm,arr_tm,hosp_tm,fhevent,hitrun,manncol,milepnt,reljunc,reljuncinter,intersectiontype,funcsystem,landuse,ownership,route,schlbus,spejur,contdev,devfunc,trafid1,trafid2,x,y,wk_zone,vnumber,crashtype,criticalevent,criticaleventcat,spdlim,body,trailer,emerg,hazcargo,leave,mhevent,roadalgn,roadprof,traflane,trafflow,vehmanvr,numoccs,regowner,regstate,spuse,make,model,modelyr,vrf1,vrf2,seqevent1,seqevent2,seqevent3,seqevent4,seqevent5,seqevent6,pnumber,ptype,age,sex,hispanic,race,injury,diedscene,restraint,restraintmisuse,seatpos,takehosp,death_dt,death_tm,cert,cernum_wa,commlic,licendor,licrestrict,liccomp,drivpres,drf1,drf2,drf3,drf4,distract1,distract2,distract3,distract4,distract5,distract6,dricond1,dricond2,dricond3,dricond4,dricond5,dricond6,dzip,licstate,drhgt_in,weight,noncdl,noncdltype,prevdwi,prevoth,prevacc,prevspd,prevsus,driviol1,driviol2,driviol3,driviol4,driviol5,driviol6,spdrel,first_dt,last_dt,airbag,ejection,ejectpath,extricat,injurwrk,methalc,methdrug,nmlocat,strikveh,prf1,prf2,prf3,druginv,alcinvol,drugsts,drugres1,drugres2,drugres3,drugtst1,drugtst2,drugtst3,alcsts,alctst,alcres,nmact1,nmact2,nmact3,nmact4,nmact5,nmact6,nmprior1,nmprior2,nmprior3,nmprior4,nmprior5,nmprior6,nmcond1,nmcond2,nmcond3,nmcond4,nmcond5,nmcond6,nmsafe_helmet,nmsafe_pads,nmsafe_oth,nmprev_ref,nmprev_lgt,nmprev_oth,crashlocation,nmcrashtype,crosswalk,schoolzone,sidewalk,train_inv,wildlife_inv,rotr_fars,intersect_fars,dd_inv,aid_inv,dpd_inv,id_inv,mj_inv,impnm_inv,ainm_inv,dpnm_inv,speed_inv,unlic_inv,unendmc_inv,drowsy_inv,drdist_inv,nmdist_inv,fty_inv,unrestfat_inv,dr1617_inv,dr1820_inv,dr1620_inv,dr2125_inv,dr1625_inv,dr65_inv,dr70_inv,dr75_inv,mc_inv,pv_inv,ht_inv,ped_inv,bike_inv,unrest_fat,mc_fat,unhelmet_mc,pv_fat,ht_fat,ped_fat,bike_fat,dr_alc7,dr_alc8,dr_drug,dr_imp,dr_dist,dr_spd,dr_fty,dr_unlic,dr_alc7only,dr_alc8only,dr_drugonly,dr_drink,nm_imp,nm_alc7,nm_alc8,nm_drug,nm_dist,agegrp1,agegrp2,roadclass,urbrur,dayweek,restuse,vehtype,race_me,intersect,lanedep,oppdir,wrongway,rep_typ,investag,repag_long,rotr,st_rd,cty_rd,city_rd,oth_rd,drug_thc,thc_res,drug_cthc,cthc_res,drug_cann,prevpersemin,prevperse,prevsusoth,drugtst4,drugtst5,drugtst6,drugtst7,drugtst8,drugres4,drugres5,drugres6,drugres7,drugres8,adspresent,adsengaged,adslevel,race1,race2,race3,race4,race5,helmet,helmetmisuse,nmdistract1,nmdistract2,nmdistract3,nmdistract4,nmdistract5,nmdistract6,lab,isedtcase,crf1,crf2,crf3,CoRoadName,CoMP,IntCoRoadName,IntCoMP
2021,209,EB45224,5,07/04/2021,3:11,4,7,,15,Cowlitz,0,10,,2,1,2,1,0,5,3,,,,12,0,2,33.7,1,0,1,1,1,1,1,0,0,0,0,I-5,,-122.8666611,46.06105556,0,2,51,54,3,70,34,0,0,1,2,12,4,1,3,2,14,2,1,53,0,7,482,2016,0,,12,1,,,,,1,1,32,1,0,,2,0,3,0,11,0,,,,,0,0,0,3,1,0,,,,96,,,,,,98,,,,,,98632,53,68,195,6,1,0,0,0,1,,0,,,,,,0,07/15/2017,07/15/2017,8,0,0,0,8,9,8,,,0,,,8,8,0,0,,,0,,,0,0,996,,,,,,,,,,,,,,,,,,,,,,,,,,,,,,0,0,0,0,1,1,1,1,1,0,0,0,0,1,0,0,0,0,0,1,0,0,0,1,1,0,0,0,0,1,0,0,0,0,0,,0,0,0,0,0,0,0,0,0,0,0,0,0,0,0,0,,,,,,31-35,26-35,Interstate,R,Sunday,Belt Used,PV,Not Fatal,0,0,0,1,State Route,State Patrol,Washington State Patrol,0,1,0,0,0,,,,,,0,0,0,,,,,,,,,,,98,98,98,0,,,,,20,,,,,,,,,1,0,,,,,,
2021,610,EB45400,346,06/29/2021,18:08,29,6,,63,Spokane,0,1,,1,1,2,1,0,2,2,,,,12,0,6,,2,0,2,3,2,2,4,0,0,20,3,CR-N HARVARD RD,WELLESLEY AVE,-117.1117944,47.70037778,0,2,82,66,4,35,14,0,0,1,2,12,1,1,2,1,11,1,1,53,0,49,403,2011,0,,12,,,,,,1,1,41,2,0,,2,0,3,0,11,6,,,,,0,0,0,3,1,0,,,,96,,,,,,98,,,,,,99019,53,62,140,6,1,0,0,0,0,,0,,,,,,0,,,8,0,0,0,8,9,8,,,0,,,8,8,0,0,,,0,,,0,0,996,,,,,,,,,,,,,,,,,,,,,,,,,,,,,,0,0,0,1,0,0,0,0,0,0,0,0,0,0,0,0,0,0,0,0,0,0,0,0,0,1,1,1,0,1,0,0,0,0,0,,0,0,0,0,0,0,0,0,0,0,0,0,0,0,0,0,,,,,,41-45,36-45,County road,U,Tuesday,Belt Used,PV,Not Fatal,1,0,0,0,County Road,Municipal/City Police,LIBERTY LAKE POLICE DEPT,0,0,1,0,0,,,,,,0,0,0,,,,,,,,,,,98,98,98,0,,,,,20,,,,,,,,,1,0,,,,,,
2021,610,EB45400,346,06/29/2021,18:08,29,6,,63,Spokane,0,1,,1,1,2,1,0,2,2,,,,12,0,6,,2,0,2,3,2,2,4,0,0,20,3,CR-N HARVARD RD,WELLESLEY AVE,-117.1117944,47.70037778,0,1,83,17,2,35,6,0,0,1,2,12,1,1,2,1,1,1,3,16,0,48,34,2004,0,,12,,,,,,1,1,81,1,7,,4,0,2,0,11,5,07/14/2021,10:30,2.11E+11,34629,0,0,3,3,1,10,39,,,0,,,,,,98,,,,,,99032,53,73,290,6,1,0,2,0,1,,37,,,,,,0,06/15/2018,08/15/2021,1,0,0,0,0,9,8,,,0,,,8,8,0,0,,,0,,,0,0,996,,,,,,,,,,,,,,,,,,,,,,,,,,,,,,0,0,0,1,0,0,0,0,0,0,0,0,0,0,0,0,0,0,0,0,0,0,0,0,0,1,1,1,0,1,0,0,0,0,0,,1,0,0,0,0,0,0,0,0,0,0,0,0,0,0,0,,,,,,81+,76+,County road,U,Tuesday,Belt Used,PV,White,1,0,0,0,County Road,Municipal/City Police,LIBERTY LAKE POLICE DEPT,0,0,1,0,0,,,,,,0,0,0,,,,,,,,,,,98,98,98,1,,,,,20,,,,,,,,,1,0,,,,,,
2021,207,EB45515,290,07/04/2021,13:48,4,7,,53,Pierce,2230,1,,1,1,2,1,0,2,2,,,,12,0,6,0,2,0,3,3,2,1,6,0,0,20,3,S HOSMER,S 82ND ST,-122.4632111,47.18285278,0,1,82,15,2,35,14,0,0,1,5,12,1,1,2,1,11,1,2,53,0,23,402,2012,0,,12,,,,,,1,1,36,1,0,,0,0,3,0,11,0,,,,,0,0,0,0,1,0,,,,96,,,,,,98,,,,,,98444,53,66,170,0,0,0,1,0,0,,97,,,,,,0,01/15/2018,01/15/2018,8,0,0,0,8,9,8,,,0,,,8,8,8,95,,,96,,,8,95,995,,,,,,,,,,,,,,,,,,,,,,,,,,,,,,0,0,0,1,0,0,1,1,1,0,0,0,0,1,1,0,0,0,0,0,0,0,0,0,0,0,0,0,1,1,0,0,0,0,0,,0,0,0,0,0,0,0,0,0,0,0,1,0,0,0,0,,,,,,36-40,36-45,City street,U,Sunday,Belt Used,PV,Not Fatal,1,0,0,0,State Route,Municipal/City Police,Tacoma Police Department,0,1,0,0,0,,,,,,0,0,0,,,,,,,,,,,98,98,98,0,,,,,20,,,,,,,,,1,0,,,,,,
2021,207,EB45515,290,07/04/2021,13:48,4,7,,53,Pierce,2230,1,,1,1,2,1,0,2,2,,,,12,0,6,0,2,0,3,3,2,1,6,0,0,0,0,S HOSMER,S 82ND ST,-122.4632111,47.18285278,0,2,83,67,4,35,80,0,0,1,5,12,1,1,5,5,1,1,1,53,0,53,706,2020,0,,12,,,,,,1,1,42,1,7,,4,7,20,7,11,0,07/04/2021,13:48,2.23E+11,32296,0,0,0,2,1,0,,,,96,,,,,,98,,,,,,98498,53,68,163,1,1,1,2,0,1,,0,,,,,,0,06/15/2017,12/15/2021,20,8,0,0,0,9,8,,,0,,,8,8,2,695,605,,1,1,,2,1,0,,,,,,,,,,,,,,,,,,,,,,,,,,,,,,0,0,0,1,0,0,1,1,1,0,0,0,0,1,1,0,0,0,0,0,0,0,0,0,0,0,0,0,1,1,0,0,0,0,1,0,0,0,0,0,0,0,1,1,0,0,0,1,0,0,1,0,,,,,,41-45,36-45,City street,U,Sunday,,MC,Black,1,0,0,0,State Route,Municipal/City Police,Tacoma Police Department,0,1,0,0,0,thc,8.4,carboxy-thc,12,,0,1,0,,,,,,,,,,,0,0,0,2,,,,,5,,,,,,,,nms,1,0,,,,,,
2021,210,EB45560,339,06/30/2021,21:53,30,6,,63,Spokane,2113,1,,3,1,2,1,1,3,2,,,,8,0,0,0,1,0,1,3,2,4,6,0,0,0,0,N SULLIVAN RD,,-117.1967083,47.66645556,0,2,98,80,5,35,5,0,0,1,2,8,1,8,2,2,1,1,1,53,0,49,46,2010,0,,8,,,,,,1,1,23,2,0,,0,0,3,0,11,0,,,,,0,0,0,3,1,0,,,,92,,,,,,98,,,,,,99026,53,64,115,6,1,0,0,0,1,,0,,,,,,0,03/15/2020,03/15/2020,20,0,0,0,8,9,2,,,0,,,8,8,0,0,,,0,,,0,0,996,,,,,,,,,,,,,,,,,,,,,,,,,,,,,,0,0,0,0,0,0,0,0,0,1,1,1,0,0,0,0,1,0,0,0,0,0,0,1,1,0,0,0,0,1,0,1,0,0,0,,0,0,0,0,0,0,0,0,1,0,0,0,0,0,0,0,,,,,,21-25,16-25,City street,U,Wednesday,Belt Used,PV,Not Fatal,0,0,0,0,City Street,Municipal/City Police,Spokane Valley Police Department,0,0,0,1,0,,,,,,0,0,0,,,,,,,,,,,98,98,98,0,,,,,20,,,,,,,,,1,0,,,,,,
2021,210,EB45560,339,06/30/2021,21:53,30,6,,63,Spokane,2113,1,,3,1,2,1,1,3,2,,,,8,0,0,0,1,0,1,3,2,4,6,0,0,0,0,N SULLIVAN RD,,-117.1967083,47.66645556,0,1,13,80,5,35,14,0,0,1,2,8,1,8,2,2,1,2,1,53,0,49,403,2011,0,,8,,,,,,1,1,32,2,0,,0,0,3,0,11,0,,,,,0,0,0,3,1,0,,,,92,,,,,,98,,,,,,99206,53,65,190,6,1,0,1,0,0,,0,,,,,,0,03/15/2019,03/15/2019,20,0,0,0,8,9,2,,,0,,,8,8,0,0,,,0,,,0,0,996,,,,,,,,,,,,,,,,,,,,,,,,,,,,,,0,0,0,0,0,0,0,0,0,1,1,1,0,0,0,0,1,0,0,0,0,0,0,1,1,0,0,0,0,1,0,1,0,0,0,,0,0,0,0,0,0,0,0,1,0,0,0,0,0,0,0,,,,,,31-35,26-35,City street,U,Wednesday,Belt Used,PV,Not Fatal,0,0,0,0,City Street,Municipal/City Police,Spokane Valley Police Department,0,0,0,1,0,,,,,,0,0,0,,,,,,,,,,,98,98,98,0,,,,,20,,,,,,,,,1,0,,,,,,
2021,211,EB45576,40,07/01/2021,14:37,1,7,,63,Spokane,0,1,,1,1,2,1,0,1,1,,,,24,0,0,0.8,1,0,1,6,1,2,4,0,0,0,0,CR-S MALLOY PRAIRIE RD,,-117.7794194,47.44456944,0,1,1,13,2,45,80,0,0,1,5,24,3,1,2,1,14,1,1,53,0,72,706,2019,0,,63,24,,,,,1,1,27,1,7,,4,7,20,7,11,0,07/01/2021,14:37,53032023,32023,0,0,0,0,1,0,,,,92,,,,,,98,,,,,,99004,53,67,120,0,0,0,0,0,0,,0,,,,,,0,,,20,8,0,0,0,9,8,,,0,,,8,8,2,1,,,1,,,2,1,0,,,,,,,,,,,,,,,,,,,,,,,,,,,,,,0,0,1,0,0,0,0,0,0,0,0,0,0,1,1,0,1,0,0,0,0,0,0,0,0,0,0,0,1,0,0,0,0,0,1,0,0,0,0,0,0,0,0,0,1,0,0,1,0,0,0,0,,,,,,26-30,26-35,County road,R,Thursday,,MC,White,0,1,0,0,County Road,County Sheriff,Spokane County Sheriff's Office,1,0,1,0,0,,,,,,0,0,0,,,,,,,,,,,0,0,0,1,,,,,5,,,,,,,,,1,0,,,MALLOY PRAIRIE RD,0.8,NULL,
2021,212,EB45852,129,07/04/2021,13:56,4,7,,53,Pierce,747,1,,1,1,2,1,0,3,2,,,,12,0,6,0,2,0,3,3,2,4,6,0,3,20,3,PACIFIC HWY E,46th Ave E,-122.3673861,47.24308889,0,1,89,17,2,20,4,0,0,1,2,12,1,1,2,1,1,1,1,53,0,49,40,2001,0,,12,,,,,,1,1,84,2,7,,4,7,99,7,11,0,07/04/2021,13:56,74753033178,33178,0,0,0,3,1,38,,,,96,,,,,,98,,,,,,98354,53,66,130,6,1,0,0,0,0,,0,,,,,,0,,,1,0,0,0,0,9,8,,,0,,,8,8,2,996,,,1,,,2,1,0,,,,,,,,,,,,,,,,,,,,,,,,,,,,,,0,0,0,1,0,0,1,1,0,0,0,0,0,1,0,0,0,0,1,0,0,0,0,0,0,1,1,1,0,1,0,0,0,0,0,,1,0,0,0,0,0,1,1,0,0,1,0,0,0,1,0,,,,,,81+,76+,City street,U,Sunday,Unknown,PV,API,1,0,0,0,City Street,Municipal/City Police,Fife Police Department,0,0,0,1,0,,,,,,0,0,0,,,,,,,,,,,98,98,98,28,,,,,20,,,,,,,,,1,0,,,,,,
2021,212,EB45852,129,07/04/2021,13:56,4,7,,53,Pierce,747,1,,1,1,2,1,0,3,2,,,,12,0,6,0,2,0,3,3,2,4,6,0,3,0,0,PACIFIC HWY E,46th Ave E,-122.3673861,47.24308889,0,2,88,66,4,35,14,0,0,1,2,12,1,1,5,5,1,2,2,53,0,7,403,2008,0,,12,,,,,,1,1,36,2,0,,0,0,20,7,11,0,,,,,0,0,0,2,1,0,,,,96,,,,,,98,,,,,,98424,53,60,124,1,1,0,1,0,0,,0,,,,,,0,01/15/2017,01/15/2017,8,0,0,0,8,9,8,,,0,,,8,8,0,0,,,0,,,0,0,996,,,,,,,,,,,,,,,,,,,,,,,,,,,,,,0,0,0,1,0,0,1,1,0,0,0,0,0,1,0,0,0,0,1,0,0,0,0,0,0,1,1,1,0,1,0,0,0,0,0,,0,0,0,0,0,0,0,0,0,0,0,1,0,0,0,0,,,,,,36-40,36-45,City street,U,Sunday,Not Used,PV,Not Fatal,1,0,0,0,City Street,Municipal/City Police,Fife Police Department,0,0,0,1,0,,,,,,0,0,0,,,,,,,,,,,98,98,98,0,,,,,20,,,,,,,,,1,0,,,,,,
2021,213,EB45897,5,07/02/2021,8:29,2,7,,15,Cowlitz,0,10,,1,1,2,1,0,2,1,,,,30,0,0,55.2,3,0,2,3,2,1,3,0,0,3,3,SR-4,COAL CREEK RD,-123.0258028,46.17668056,0,1,6,12,2,50,34,0,0,1,2,30,1,1,5,1,1,2,2,53,0,20,481,2011,0,,64,30,,,,,1,1,54,1,0,,3,0,20,7,11,8,,,,,0,0,0,2,1,0,,,,96,,,,,,98,,,,,,97222,41,70,170,3,1,0,1,0,0,,0,,,,,,0,08/15/2018,08/15/2018,8,0,0,0,8,9,2,,,0,,,8,8,8,95,,,96,,,2,1,997,,,,,,,,,,,,,,,,,,,,,,,,,,,,,,0,0,1,1,0,0,0,0,0,0,0,0,0,1,0,0,0,0,0,1,0,0,0,0,0,0,0,0,0,1,0,0,0,0,0,,0,0,0,0,0,0,0,0,0,0,0,1,0,0,0,0,,,,,,51-55,46-55,State route,U,Friday,Not Used,PV,Not Fatal,0,1,0,0,State Route,State Patrol,Washington State Patrol,1,1,0,0,0,,,,,,0,0,0,,,,,,,,,,,98,98,98,0,,,,,20,,,,,,,,,1,0,,,,,,
2021,214,EB46040,2,06/23/2021,11:21,23,6,,73,Whatcom,0,1,,1,1,2,1,0,3,2,,,,12,0,6,86.4,8,0,1,5,1,1,3,0,0,0,0,SR-9,,-122.3095472,48.876775,0,2,83,67,4,50,66,1,0,1,5,12,1,1,2,1,1,1,3,95,0,84,881,2019,0,,12,,,,,,1,1,43,1,0,,0,0,3,0,11,0,,,,,99,9,9,9,1,0,,,,96,,,,,,98,,,,,,0,95,,999,9,9,99,99,99,99,,0,,,,,,0,,,20,0,0,0,8,9,8,,,0,,,8,8,2,1,,,1,,,2,1,0,,,,,,,,,,,,,,,,,,,,,,,,,,,,,,0,0,0,0,0,0,0,0,0,0,0,0,0,1,0,0,0,0,1,0,0,0,0,0,0,0,0,0,0,1,1,0,0,0,0,,0,0,0,0,0,0,0,0,0,0,0,0,0,0,0,0,,,,,,41-45,36-45,State route,R,Wednesday,,MHTRUCK,Not Fatal,0,0,0,0,State Route,State Patrol,Washington State Patrol,0,1,0,0,0,,,,,,99,99,99,,,,,,,,,,,98,98,98,0,,,,,20,,,,,,,,,1,0,,,,,,
2021,214,EB46040,2,06/23/2021,11:21,23,6,,73,Whatcom,0,1,,1,0,0,1,0,3,2,,,,12,0,6,86.4,8,0,1,5,1,1,3,0,0,0,0,SR-9,,-122.3095472,48.876775,0,1,82,15,2,0,5,0,0,1,2,12,0,0,0,0,11,2,1,53,0,63,33,2007,0,,12,,,,,,1,1,26,2,0,,3,0,3,0,11,5,,,,,0,0,3,2,1,38,,,,96,,,,,,9,,,,,,98226,53,65,165,1,1,2,2,0,3,,1,12,,,,,0,02/15/2019,11/15/2021,20,0,0,0,8,9,8,,,0,,,8,8,8,95,,,96,,,2,1,997,,,,,,,,,,,,,,,,,,,,,,,,,,,,,,0,0,0,0,0,0,0,0,0,0,0,0,0,1,0,0,0,0,1,0,0,0,0,0,0,0,0,0,0,1,1,0,0,0,0,,0,0,0,0,0,0,0,0,0,0,1,1,0,0,0,0,,,,,,26-30,26-35,State route,R,Wednesday,Belt Used,PV,Not Fatal,0,0,0,0,State Route,State Patrol,Washington State Patrol,0,1,0,0,0,,,,,,0,2,2,,,,,,,,,,,98,98,98,0,,,,,20,,,,,,,,,1,0,,,,,,
2021,215,EB46187,7,06/25/2021,0:50,25,6,,33,King,100,1,,2,1,2,1,0,1,1,,,,25,0,0,3,1,0,1,2,2,1,3,0,0,0,0,SR-18,,-122.2621917,47.303825,0,1,1,13,2,60,2,0,0,1,2,25,2,4,2,3,14,1,2,53,0,35,47,2011,0,,63,25,69,64,25,,1,1,51,2,7,,4,0,20,7,11,0,06/27/2021,14:16,1.96E+11,32451,0,0,0,3,1,0,,,,96,,,,,,9,,,,,,98584,53,65,145,6,1,0,0,1,3,,0,,,,,,0,06/15/2021,05/15/2021,20,0,0,0,0,9,8,,,0,,,1,8,2,1,,,1,,,2,1,0,,,,,,,,,,,,,,,,,,,,,,,,,,,,,,0,0,1,0,0,0,0,0,0,0,0,0,0,0,0,0,0,0,0,1,0,0,0,0,0,0,0,0,0,1,0,0,0,1,0,,1,0,0,0,0,0,0,0,0,0,0,0,0,0,0,0,,,,,,51-55,46-55,State route,U,Friday,Not Used,PV,White,0,1,0,0,State Route,State Patrol,Washington State Patrol,1,1,0,0,0,,,,,,0,0,0,,,,,,,,,,,98,98,98,1,,,,,20,,,,,,,,,1,0,,,,,,
2021,216,EB46414,1,06/30/2021,11:12,30,6,,77,Yakima,0,1,,1,1,2,1,0,2,1,,,,25,0,0,63.1,1,0,1,4,2,1,2,0,3,0,0,US-97,,-120.3545306,46.38761944,0,1,6,11,2,55,4,0,0,1,2,25,1,1,2,3,1,2,2,53,0,20,37,1999,0,,63,69,64,25,1,,1,1,30,1,0,,1,0,3,0,11,5,,,,,0,0,0,0,1,58,,,,96,,,,,,9,,,,,,98901,53,63,120,0,0,0,0,0,0,,1,,,,,,0,,,20,0,0,0,8,9,2,,,0,,,8,1,2,695,605,,1,1,,2,1,0.12,,,,,,,,,,,,,,,,,,,,,,,,,,,,,,0,0,1,0,1,1,1,1,1,0,0,0,0,1,0,0,0,0,0,0,0,0,0,0,0,0,0,0,0,1,0,0,0,0,0,,0,0,0,0,0,1,1,1,0,0,0,1,0,0,0,1,,,,,,26-30,26-35,US highway,U,Wednesday,Belt Used,PV,Not Fatal,0,1,0,0,State Route,State Patrol,Washington State Patrol,1,1,0,0,0,thc,8.1,carboxy-thc,100,,0,0,0,,,,,,,,,,,0,0,0,0,,,,,20,,,,,,,,,1,0,,,,,,
2021,217,EB46741,4,07/06/2021,19:00,6,7,,65,Stevens,0,1,,1,1,2,1,0,2,2,,,,12,0,6,232.7,2,0,3,3,1,1,2,0,0,20,3,US-395,MANTZ-RICKY RD,-117.9030139,48.52184722,0,1,82,15,2,35,34,0,0,1,5,12,1,1,2,1,11,1,1,53,0,7,481,1990,0,,12,,,,,,1,1,82,2,7,,4,0,20,7,11,5,07/06/2021,19:44,41053033623,33623,0,0,0,3,1,38,,,,96,,,,,,98,,,,,,99114,53,66,125,6,1,0,0,0,0,,0,,,,,,0,,,20,1,9,0,0,9,8,,,0,,,8,8,2,1,,,1,,,2,1,0,,,,,,,,,,,,,,,,,,,,,,,,,,,,,,0,0,0,1,0,0,0,0,0,0,0,0,0,0,0,0,0,0,1,1,0,0,0,0,0,1,1,1,0,1,0,0,0,1,0,,1,0,0,0,0,0,0,0,0,0,1,0,0,0,0,0,,,,,,81+,76+,US highway,R,Tuesday,Not Used,PV,White,1,0,0,0,State Route,State Patrol,Washington State Patrol,0,1,0,0,0,,,,,,0,0,0,,,,,,,,,,,0,0,0,1,,,,,20,,,,,,,,,1,0,,,,,,
2021,217,EB46741,4,07/06/2021,19:00,6,7,,65,Stevens,0,1,,1,1,2,1,0,2,2,,,,12,0,6,232.7,2,0,3,3,1,1,2,0,0,0,0,US-395,MANTZ-RICKY RD,-117.9030139,48.52184722,0,2,83,67,4,60,14,0,0,1,2,12,1,1,2,1,1,1,1,53,0,20,403,2006,0,,12,,,,,,1,1,34,1,0,,0,0,3,0,11,0,,,,,0,0,0,3,1,0,,,,96,,,,,,98,,,,,,99208,53,68,310,6,1,0,0,2,3,,0,,,,,,0,01/15/2017,12/15/2019,8,0,0,0,8,9,2,,,0,,,8,8,0,0,,,0,,,0,0,996,,,,,,,,,,,,,,,,,,,,,,,,,,,,,,0,0,0,1,0,0,0,0,0,0,0,0,0,0,0,0,0,0,1,1,0,0,0,0,0,1,1,1,0,1,0,0,0,0,0,,0,0,0,0,0,0,0,0,0,0,0,0,0,0,0,0,,,,,,31-35,26-35,US highway,R,Tuesday,Belt Used,PV,Not Fatal,1,0,0,0,State Route,State Patrol,Washington State Patrol,0,1,0,0,0,,,,,,0,0,2,,,,,,,,,,,98,98,98,0,,,,,20,,,,,,,,,1,0,,,,,,
2021,530,EB46806,8,07/05/2021,10:59,5,7,,31,Jefferson,0,1,,1,1,2,1,1,1,1,,,,9,0,0,8.2,1,0,1,3,1,1,3,0,0,0,0,SR-20,,-122.8180083,48.077625,0,1,13,83,5,50,67,1,0,1,5,9,1,1,2,1,1,1,1,53,0,7,880,1996,0,,63,9,,,,,1,1,81,1,0,,0,0,3,0,11,0,,,,,0,0,0,3,1,0,,,,96,,,,,,0,,,,,,98325,53,71,180,6,1,0,1,0,0,,97,,,,,,0,08/15/2018,08/15/2018,20,0,0,0,8,9,2,,,0,,,8,8,0,0,,,0,,,0,0,996,,,,,,,,,,,,,,,,,,,,,,,,,,,,,,0,0,0,0,0,0,0,0,0,0,0,0,0,0,0,0,0,0,0,0,0,0,0,0,0,1,1,1,0,0,1,0,1,0,0,,0,0,0,0,0,0,0,0,0,0,0,0,0,0,0,0,,,,,,81+,76+,State route,R,Monday,,MHTRUCK,Not Fatal,0,0,0,0,State Route,State Patrol,Washington State Patrol,0,1,0,0,0,,,,,,0,0,0,,,,,,,,,,,0,0,0,0,,,,,20,,,,,,,,,1,0,,,,,,
2021,218,EB46971,5,07/09/2021,11:59,9,7,,11,Clark,2370,1,,1,1,1,2,0,5,3,,,,12,0,1,3.2,1,0,1,1,2,1,1,0,0,0,0,I-205,,-122.5634167,45.64116944,0,1,20,50,3,60,80,0,0,1,2,12,1,1,4,3,1,2,1,53,0,72,706,2006,0,,12,12,,,,,1,1,61,1,7,,4,0,20,7,11,5,07/09/2021,16:40,2.37E+11,33566,0,0,0,3,1,0,,,,3,,,,,,98,,,,,,98662,53,70,240,6,1,0,0,0,0,,0,,,,,,0,,,20,8,0,0,0,9,8,,,0,,,8,8,2,996,,,1,,,2,1,0,,,,,,,,,,,,,,,,,,,,,,,,,,,,,,0,0,0,0,0,0,1,1,0,0,0,0,0,0,0,0,1,0,0,0,0,0,0,0,0,1,0,0,1,1,0,0,0,0,1,0,0,0,0,0,0,0,1,1,1,0,0,0,0,0,1,0,,,,,,61-65,56-65,Interstate,U,Friday,,MC,White,0,0,0,0,State Route,State Patrol,WASHINGTON STATE PATROL,0,1,0,0,0,,,,,,0,0,0,,,,,,,,,,,0,0,0,1,,,,,5,,,,,,,,,1,0,,,,,,
2021,218,EB46971,5,07/09/2021,11:59,9,7,,11,Clark,2370,1,,1,1,1,2,0,5,3,,,,12,0,1,3.2,1,0,1,1,2,1,1,0,0,0,0,I-205,,-122.5634167,45.64116944,0,2,21,53,3,60,34,0,0,1,2,12,1,1,4,3,5,2,1,53,0,12,481,2015,0,,12,,,,,,1,1,68,1,0,,0,0,3,0,11,0,,,,,0,0,0,3,1,0,,,,96,,,,,,98,,,,,,98682,53,68,280,6,1,0,0,0,0,,0,,,,,,0,,,20,0,0,0,8,9,8,,,0,,,8,8,0,0,,,0,,,0,0,996,,,,,,,,,,,,,,,,,,,,,,,,,,,,,,0,0,0,0,0,0,1,1,0,0,0,0,0,0,0,0,1,0,0,0,0,0,0,0,0,1,0,0,1,1,0,0,0,0,0,,0,0,0,0,0,0,0,0,0,0,0,0,0,0,0,0,,,,,,66-70,66-75,Interstate,U,Friday,Belt Used,PV,Not Fatal,0,0,0,0,State Route,State Patrol,WASHINGTON STATE PATROL,0,1,0,0,0,,,,,,0,0,0,,,,,,,,,,,98,98,98,0,,,,,20,,,,,,,,,1,0,,,,,,
2021,218,EB46971,5,07/09/2021,11:59,9,7,,11,Clark,2370,1,,1,1,1,2,0,5,3,,,,12,0,1,3.2,1,0,1,1,2,1,1,0,0,0,0,I-205,,-122.5634167,45.64116944,0,3,98,98,7,60,4,0,0,1,2,12,1,1,4,3,1,1,2,53,0,35,43,2018,0,,12,,,,,,1,1,42,2,0,,0,0,3,0,11,0,,,,,0,0,0,3,1,0,,,,96,,,,,,98,,,,,,98682,53,61,189,6,1,0,0,0,0,,0,,,,,,0,,,20,0,0,0,8,9,8,,,0,,,8,8,0,0,,,0,,,0,0,996,,,,,,,,,,,,,,,,,,,,,,,,,,,,,,0,0,0,0,0,0,1,1,0,0,0,0,0,0,0,0,1,0,0,0,0,0,0,0,0,1,0,0,1,1,0,0,0,0,0,,0,0,0,0,0,0,0,0,0,0,0,0,0,0,0,0,,,,,,41-45,36-45,Interstate,U,Friday,Belt Used,PV,Not Fatal,0,0,0,0,State Route,State Patrol,WASHINGTON STATE PATROL,0,1,0,0,0,,,,,,0,0,0,,,,,,,,,,,98,98,98,0,,,,,20,,,,,,,,,1,0,,,,,,