year,case,par,repjur,crash_dt,crash_tm,accday,accmon,holiday,county,co_char,city,weather,weather2,lightcond,surfcond,surftype,numfatal,nmforms,pforms,vforms,not_tm,arr_tm,hosp_tm,fhevent,hitrun,manncol,milepnt,reljunc,reljuncinter,intersectiontype,funcsystem,landuse,ownership,route,schlbus,spejur,contdev,devfunc,trafid1,trafid2,x,y,wk_zone,vnumber,crashtype,criticalevent,criticaleventcat,spdlim,body,trailer,emerg,hazcargo,leave,mhevent,roadalgn,roadprof,traflane,trafflow,vehmanvr,numoccs,regowner,regstate,spuse,make,model,modelyr,vrf1,vrf2,seqevent1,seqevent2,seqevent3,seqevent4,seqevent5,seqevent6,pnumber,ptype,age,sex,hispanic,race,injury,diedscene,restraint,restraintmisuse,seatpos,takehosp,death_dt,death_tm,cert,cernum_wa,commlic,licendor,licrestrict,liccomp,drivpres,drf1,drf2,drf3,drf4,distract1,distract2,distract3,distract4,distract5,distract6,dricond1,dricond2,dricond3,dricond4,dricond5,dricond6,dzip,licstate,drhgt_in,weight,noncdl,noncdltype,prevdwi,prevoth,prevacc,prevspd,prevsus,driviol1,driviol2,driviol3,driviol4,driviol5,driviol6,spdrel,first_dt,last_dt,airbag,ejection,ejectpath,extricat,injurwrk,methalc,methdrug,nmlocat,strikveh,prf1,prf2,prf3,druginv,alcinvol,drugsts,drugres1,drugres2,drugres3,drugtst1,drugtst2,drugtst3,alcsts,alctst,alcres,nmact1,nmact2,nmact3,nmact4,nmact5,nmact6,nmprior1,nmprior2,nmprior3,nmprior4,nmprior5,nmprior6,nmcond1,nmcond2,nmcond3,nmcond4,nmcond5,nmcond6,nmsafe_helmet,nmsafe_pads,nmsafe_oth,nmprev_ref,nmprev_lgt,nmprev_oth,crashlocation,nmcrashtype,crosswalk,schoolzone,sidewalk,train_inv,wildlife_inv,rotr_fars,intersect_fars,dd_inv,aid_inv,dpd_inv,id_inv,mj_inv,impnm_inv,ainm_inv,dpnm_inv,speed_inv,unlic_inv,unendmc_inv,drowsy_inv,drdist_inv,nmdist_inv,fty_inv,unrestfat_inv,dr1617_inv,dr1820_inv,dr1620_inv,dr2125_inv,dr1625_inv,dr65_inv,dr70_inv,dr75_inv,mc_inv,pv_inv,ht_inv,ped_inv,bike_inv,unrest_fat,mc_fat,unhelmet_mc,pv_fat,ht_fat,ped_fat,bike_fat,dr_alc7,dr_alc8,dr_drug,dr_imp,dr_dist,dr_spd,dr_fty,dr_unlic,dr_alc7only,dr_alc8only,dr_drugonly,dr_drink,nm_imp,nm_alc7,nm_alc8,nm_drug,nm_dist,agegrp1,agegrp2,roadclass,urbrur,dayweek,restuse,vehtype,race_me,intersect,lanedep,oppdir,wrongway,rep_typ,investag,repag_long,rotr,st_rd,cty_rd,city_rd,oth_rd,drug_thc,thc_res,drug_cthc,cthc_res,drug_cann,prevpersemin,prevperse,prevsusoth,drugtst4,drugtst5,drugtst6,drugtst7,drugtst8,drugres4,drugres5,drugres6,drugres7,drugres8,adspresent,adsengaged,adslevel,race1,race2,race3,race4,race5,helmet,helmetmisuse,nmdistract1,nmdistract2,nmdistract3,nmdistract4,nmdistract5,nmdistract6,lab,isedtcase,crf1,crf2,crf3,CoRoadName,CoMP,IntCoRoadName,IntCoMP
2021,219,EB47300,4,06/25/2021,13:28,25,6,,1,Adams,0,1,,1,1,2,1,0,3,3,,,,12,0,1,24.9,3,0,2,2,1,1,3,0,0,0,0,SR-17,SUTTON RD,-119.1329639,46.87005556,0,3,98,62,4,60,66,1,0,1,2,12,1,1,2,1,1,1,3,55,0,82,881,2019,0,,12,,,,,,1,1,58,1,0,,0,0,3,0,11,0,,,,,6,3,0,3,1,0,,,,96,,,,,,98,,,,,,97478,41,70,160,6,1,0,1,0,0,,0,,,,,,0,01/15/2019,01/15/2019,20,0,0,0,8,9,8,,,0,,,8,8,0,0,,,0,,,0,0,996,,,,,,,,,,,,,,,,,,,,,,,,,,,,,,0,0,0,1,0,0,1,1,0,0,0,0,1,1,0,0,0,0,0,1,0,0,0,1,1,0,0,0,0,1,1,0,0,0,0,,0,0,0,0,0,0,0,0,0,0,0,0,0,0,0,0,,,,,,56-60,56-65,State route,R,Friday,,MHTRUCK,Not Fatal,1,0,0,0,State Route,State Patrol,Washington State Patrol,0,1,0,0,0,,,,,,0,0,0,,,,,,,,,,,98,98,98,0,,,,,20,,,,,,,,,1,0,,,,,,
2021,219,EB47300,4,06/25/2021,13:28,25,6,,1,Adams,0,1,,1,1,2,1,0,3,3,,,,12,0,1,24.9,3,0,2,2,1,1,3,0,0,0,0,SR-17,SUTTON RD,-119.1329639,46.87005556,0,1,20,50,3,60,66,1,0,1,2,12,1,1,2,1,1,1,3,53,0,85,881,2014,0,,12,63,38,,,,1,1,29,1,0,,0,0,3,0,11,0,,,,,6,3,3,3,1,0,,,,96,,,,,,98,,,,,,98539,53,65,160,6,1,0,1,0,1,,23,,,,,,4,12/15/2020,07/15/2020,20,0,0,0,8,9,8,,,0,,,8,8,0,0,,,0,,,0,0,996,,,,,,,,,,,,,,,,,,,,,,,,,,,,,,0,0,0,1,0,0,1,1,0,0,0,0,1,1,0,0,0,0,0,1,0,0,0,1,1,0,0,0,0,1,1,0,0,0,0,,0,0,0,0,0,0,0,0,0,1,0,0,0,0,0,0,,,,,,26-30,26-35,State route,R,Friday,,MHTRUCK,Not Fatal,1,0,0,0,State Route,State Patrol,Washington State Patrol,0,1,0,0,0,,,,,,0,0,0,,,,,,,,,,,98,98,98,0,,,,,20,,,,,,,,,1,0,,,,,,
2021,219,EB47300,4,06/25/2021,13:28,25,6,,1,Adams,0,1,,1,1,2,1,0,3,3,,,,12,0,1,24.9,3,0,2,2,1,1,3,0,0,0,0,SR-17,SUTTON RD,-119.1329639,46.87005556,0,2,21,53,3,60,4,0,0,1,2,12,1,1,2,1,5,1,2,53,0,37,32,1997,0,,12,68,12,,,,1,1,21,1,1,,4,7,20,7,11,0,06/25/2021,13:28,53033995,33995,0,0,3,2,1,0,,,,96,,,,,,98,,,,,,99344,53,65,170,1,1,2,0,2,0,,0,,,,,,0,02/15/2018,10/15/2019,8,0,0,0,9,9,8,,,0,,,8,8,2,996,996,,1,1,,2,1,0,,,,,,,,,,,,,,,,,,,,,,,,,,,,,,0,0,0,1,0,0,1,1,0,0,0,0,1,1,0,0,0,0,0,1,0,0,0,1,1,0,0,0,0,1,1,0,0,1,0,,1,0,0,0,0,0,1,1,0,0,0,1,0,0,1,0,,,,,,21-25,16-25,State route,R,Friday,Not Used,PV,Hispanic,1,0,0,0,State Route,State Patrol,Washington State Patrol,0,1,0,0,0,,,,,,1,0,1,,,,,,,,,,,0,0,0,98,,,,,20,,,,,,,,,1,0,,,,,,
2021,220,EB47732,2,07/08/2021,15:45,8,7,,61,Snohomish,690,1,,1,1,2,1,0,1,1,,,,24,0,0,192,1,0,1,1,2,1,1,0,0,0,0,I-5,,-122.2000667,47.95490278,0,1,6,1,1,60,80,0,0,1,2,24,1,2,6,3,1,1,1,53,0,37,706,1985,0,,61,64,24,69,63,24,1,1,73,1,7,,4,0,20,7,11,5,07/08/2021,19:08,69053032951,32951,0,0,3,3,1,80,,,,96,,,,,,98,,,,,,98270,53,70,210,6,1,0,1,0,0,,0,,,,,,0,10/15/2016,10/15/2016,20,8,0,0,0,9,8,,,0,,,8,8,2,151,,,1,,,2,1,0,,,,,,,,,,,,,,,,,,,,,,,,,,,,,,0,0,1,0,0,0,1,1,0,0,0,0,0,0,0,0,0,0,0,0,0,0,0,0,0,1,1,0,1,0,0,0,0,0,1,0,0,0,0,0,0,0,1,1,0,0,0,0,0,0,1,0,,,,,,71-75,66-75,Interstate,U,Thursday,,MC,White,0,1,0,0,State Route,State Patrol,Washington State Patrol,1,1,0,0,0,,,,,,0,0,0,,,,,,,,,,,0,0,0,1,,,,,5,,,,,,,,,1,0,,,,,,
2021,221,EB47880,6,07/09/2021,15:22,9,7,,7,Chelan,0,1,,1,1,2,1,0,6,4,,,,24,0,0,88.2,1,0,1,3,1,1,2,0,0,0,0,US-2,,-120.7423639,47.70908333,0,3,98,98,7,60,14,0,0,1,2,12,1,2,2,1,1,3,1,53,0,12,401,2017,0,,12,12,,,,,1,1,18,2,0,,0,0,3,0,11,0,,,,,0,0,0,3,1,0,,,,96,,,,,,98,,,,,,98012,53,67,134,6,2,0,0,0,0,,0,,,,,,0,,,20,0,0,0,8,9,8,,,0,,,8,8,0,0,,,0,,,0,0,996,,,,,,,,,,,,,,,,,,,,,,,,,,,,,,0,0,1,0,0,0,0,0,0,0,0,0,0,0,0,0,1,0,0,1,0,1,1,0,1,0,0,0,0,1,0,0,0,0,0,,0,0,0,0,0,0,0,0,0,0,0,0,0,0,0,0,,,,,,18-20,16-25,US highway,R,Friday,Belt Used,PV,Not Fatal,0,1,0,0,State Route,State Patrol,Washington State Patrol,1,1,0,0,0,,,,,,0,0,0,,,,,,,,,,,98,98,98,0,,,,,20,,,,,,,,,1,0,,,,,,
2021,221,EB47880,6,07/09/2021,15:22,9,7,,7,Chelan,0,1,,1,1,2,1,0,6,4,,,,24,0,0,88.2,1,0,1,3,1,1,2,0,0,0,0,US-2,,-120.7423639,47.70908333,0,2,98,62,4,60,2,0,0,1,2,12,1,2,3,1,1,1,2,53,0,37,31,2017,0,,12,12,,,,,1,1,63,2,0,,3,0,3,0,11,5,,,,,0,0,0,3,1,0,,,,96,,,,,,98,,,,,,98201,53,64,110,6,1,0,0,0,0,,0,,,,,,0,,,1,0,0,0,8,9,8,,,0,,,8,8,0,0,,,0,,,0,0,996,,,,,,,,,,,,,,,,,,,,,,,,,,,,,,0,0,1,0,0,0,0,0,0,0,0,0,0,0,0,0,1,0,0,1,0,1,1,0,1,0,0,0,0,1,0,0,0,0,0,,0,0,0,0,0,0,0,0,0,0,0,0,0,0,0,0,,,,,,61-65,56-65,US highway,R,Friday,Belt Used,PV,Not Fatal,0,1,0,0,State Route,State Patrol,Washington State Patrol,1,1,0,0,0,,,,,,0,0,0,,,,,,,,,,,98,98,98,0,,,,,20,,,,,,,,,1,0,,,,,,
2021,221,EB47880,6,07/09/2021,15:22,9,7,,7,Chelan,0,1,,1,1,2,1,0,6,4,,,,24,0,0,88.2,1,0,1,3,1,1,2,0,0,0,0,US-2,,-120.7423639,47.70908333,0,1,1,13,2,60,15,0,0,1,2,12,1,2,3,1,1,1,1,53,0,35,421,2004,0,,63,24,69,68,12,64,1,1,50,1,7,,4,0,20,7,11,5,07/09/2021,17:51,1.16E+11,34771,0,0,0,3,1,0,,,,92,,,,,,98,,,,,,98203,53,71,315,6,1,0,1,1,0,,0,,,,,,0,03/15/2018,03/15/2018,8,0,0,0,0,9,8,,,0,,,8,8,2,1,,,1,,,2,1,0,,,,,,,,,,,,,,,,,,,,,,,,,,,,,,0,0,1,0,0,0,0,0,0,0,0,0,0,0,0,0,1,0,0,1,0,1,1,0,1,0,0,0,0,1,0,0,0,1,0,,1,0,0,0,0,0,0,0,1,0,0,0,0,0,0,0,,,,,,46-50,46-55,US highway,R,Friday,Not Used,PV,White,0,1,0,0,State Route,State Patrol,Washington State Patrol,1,1,0,0,0,,,,,,0,0,0,,,,,,,,,,,98,98,98,1,,,,,20,,,,,,,,,1,0,,,,,,
2021,221,EB47880,6,07/09/2021,15:22,9,7,,7,Chelan,0,1,,1,1,2,1,0,6,4,,,,24,0,0,88.2,1,0,1,3,1,1,2,0,0,0,0,US-2,,-120.7423639,47.70908333,0,4,98,98,7,60,14,0,0,1,2,12,1,2,3,1,1,1,1,53,0,49,401,2020,0,,12,,,,,,1,1,27,2,0,,1,0,3,0,11,5,,,,,0,0,3,3,1,0,,,,96,,,,,,98,,,,,,98901,53,62,180,6,1,0,0,0,1,,0,,,,,,0,01/15/2021,01/15/2021,8,0,0,0,8,9,8,,,0,,,8,8,0,0,,,0,,,0,0,996,,,,,,,,,,,,,,,,,,,,,,,,,,,,,,0,0,1,0,0,0,0,0,0,0,0,0,0,0,0,0,1,0,0,1,0,1,1,0,1,0,0,0,0,1,0,0,0,0,0,,0,0,0,0,0,0,0,0,0,0,0,0,0,0,0,0,,,,,,26-30,26-35,US highway,R,Friday,Belt Used,PV,Not Fatal,0,1,0,0,State Route,State Patrol,Washington State Patrol,1,1,0,0,0,,,,,,0,0,0,,,,,,,,,,,98,98,98,0,,,,,20,,,,,,,,,1,0,,,,,,
2021,596,EB48009,277,07/12/2021,0:25,12,7,,63,Spokane,2110,1,,3,1,2,1,0,1,1,,,,31,0,0,0,1,0,1,3,2,4,6,0,0,0,0,W AIRPORT DR,,-117.5370639,47.62708333,0,1,1,13,2,20,61,0,0,1,2,42,4,1,2,4,14,1,3,53,0,12,870,2013,0,,63,31,31,42,,,1,1,59,1,7,,4,0,3,0,11,5,07/14/2021,21:09,2.11E+11,35213,0,0,0,3,1,0,,,,96,,,,,,1,,,,,,99202,53,72,200,6,1,0,0,1,0,,0,,,,,,0,07/15/2020,07/15/2020,1,0,0,0,1,1,1,,,0,,,0,0,2,1,,,1,,,2,1,0,,,,,,,,,,,,,,,,,,,,,,,,,,,,,,0,0,1,0,0,0,0,0,0,0,0,0,0,0,0,0,0,0,0,0,0,0,0,0,0,0,0,0,0,0,1,0,0,0,0,,0,1,0,0,0,0,0,0,0,0,0,0,0,0,0,0,,,,,,56-60,56-65,City street,U,Monday,,MHTRUCK,White,0,1,0,0,City Street,Municipal/City Police,Spokane Airport Police Department,1,0,0,1,0,,,,,,0,0,0,,,,,,,,,,,98,98,98,1,,,,,20,,,,,,,,,1,0,,,,,,
2021,222,EB48095,169,07/12/2021,0:11,12,7,,67,Thurston,1102,1,,3,1,2,1,0,1,1,,,,42,0,0,0,1,0,1,4,2,4,6,0,0,0,0,CARPENTER RD SE,,-122.7965833,47.04771111,0,1,1,13,2,35,80,0,0,1,2,42,3,1,2,1,14,1,1,53,0,73,705,2007,0,,63,42,,,,,1,1,21,1,7,,4,0,20,7,11,5,07/12/2021,0:56,1.10E+11,34815,0,0,0,2,1,8,,,,96,,,,,,98,,,,,,98502,53,72,165,6,1,0,0,1,1,,0,,,,,,3,12/15/2019,06/15/2020,20,8,0,0,0,9,8,,,0,,,8,8,2,695,605,401,1,1,1,2,1,0.15,,,,,,,,,,,,,,,,,,,,,,,,,,,,,,0,0,1,0,1,1,1,1,1,0,0,0,1,0,1,0,0,0,0,0,0,0,0,1,1,0,0,0,1,0,0,0,0,0,1,0,0,0,0,0,0,1,1,1,0,1,0,0,0,0,0,1,,,,,,21-25,16-25,City street,U,Monday,,MC,Multiracial,0,1,0,0,City Street,Municipal/City Police,Lacey Police Department,1,0,0,1,0,thc,8.8,carboxy-thc,63,,0,0,2,,,,,,,,,,,0,0,0,202,201,,,,19,,,,,,,,,1,0,,,,,,
2021,224,EB48197,21,06/13/2021,8:18,13,6,,25,Grant,0,1,,1,1,2,1,0,4,2,,,,12,0,2,17.3,1,0,1,6,1,1,4,0,0,0,0,CR-N FRONTAGE RD,,-119.4087,47.10453333,0,1,50,10,2,55,6,0,0,1,2,12,1,1,2,1,1,3,2,53,0,13,14,2010,0,,68,12,1,,,,1,1,43,1,0,,1,0,3,0,11,0,,,,,0,0,0,2,1,28,,,,96,,,,,,9,,,,,,98850,53,70,260,1,1,0,1,1,1,,97,,,,,,0,02/15/2019,06/15/2021,20,0,0,0,8,9,8,,,0,,,1,8,2,401,417,,1,1,,2,1,0,,,,,,,,,,,,,,,,,,,,,,,,,,,,,,0,0,0,0,0,0,1,1,0,0,0,0,0,1,0,0,0,0,0,0,0,0,0,0,0,1,1,0,0,1,0,0,0,0,0,,0,0,0,0,0,0,1,1,0,0,0,1,0,0,1,0,,,,,,41-45,36-45,County road,R,Sunday,Belt Used,PV,Not Fatal,0,1,1,0,State Route,County Sheriff,Grant County Sheriff's Office,0,1,0,0,0,,,,,,0,0,1,,,,,,,,,,,98,98,98,0,,,,,20,,,,,,,,,1,0,,,,,,
2021,224,EB48197,21,06/13/2021,8:18,13,6,,25,Grant,0,1,,1,1,2,1,0,4,2,,,,12,0,2,17.3,1,0,1,6,1,1,4,0,0,0,0,CR-N FRONTAGE RD,,-119.4087,47.10453333,0,2,51,62,4,55,5,0,0,1,2,12,1,1,2,1,1,1,1,53,0,35,50,2011,0,,12,,,,,,1,1,74,1,7,,4,0,3,0,11,0,06/13/2021,9:30,1.39E+11,28605,0,0,0,3,1,0,,,,96,,,,,,98,,,,,,99344,53,72,204,6,1,0,2,1,0,,0,,,,,,0,04/15/2019,09/15/2020,20,0,0,0,0,9,8,,,0,,,8,8,2,402,407,996,1,1,1,2,1,0,,,,,,,,,,,,,,,,,,,,,,,,,,,,,,0,0,0,0,0,0,1,1,0,0,0,0,0,1,0,0,0,0,0,0,0,0,0,0,0,1,1,0,0,1,0,0,0,0,0,,1,0,0,0,0,0,1,1,0,0,0,0,0,0,1,0,,,,,,71-75,66-75,County road,R,Sunday,Belt Used,PV,White,0,1,1,0,State Route,County Sheriff,Grant County Sheriff's Office,0,1,0,0,0,,,,,,0,0,0,1,,,,,522,,,,,98,98,98,1,,,,,20,,,,,,,,,1,0,,,,,,
2021,225,EB48287,8,06/20/2021,19:44,20,6,,35,Kitsap,0,1,,1,1,2,1,0,1,1,,,,24,0,0,27,1,0,1,2,1,1,3,0,0,0,0,SR-16,,-122.7001194,47.52738889,0,1,1,13,2,40,80,0,0,1,2,24,3,1,7,5,14,1,2,53,0,72,706,2008,0,,63,24,,,,,1,1,59,1,7,,4,7,20,7,11,0,06/20/2021,19:44,53031032,31032,0,0,0,3,1,0,,,,96,,,,,,9,,,,,,98329,53,68,130,6,1,0,0,0,0,,0,,,,,,4,,,20,8,0,0,0,1,8,,,0,,,8,1,2,1,,,1,,,2,1,0.15,,,,,,,,,,,,,,,,,,,,,,,,,,,,,,0,0,1,0,1,1,0,1,0,0,0,0,1,0,0,0,0,0,0,0,0,0,0,0,0,0,0,0,1,0,0,0,0,0,1,0,0,0,0,0,0,1,0,1,0,1,0,0,0,1,0,1,,,,,,56-60,56-65,State route,R,Sunday,,MC,API,0,1,0,0,State Route,State Patrol,Washington State Patrol,1,1,0,0,0,,,,,,0,0,0,,,,,,,,,,,0,0,0,5,,,,,5,,,,,,,,,1,0,,,,,,
2021,226,EB48319,26,07/10/2021,21:45,10,7,,35,Kitsap,0,1,,1,1,2,1,0,1,1,,,,42,0,0,,1,0,1,5,1,2,4,0,0,0,0,CR-BETHEL BURLEY RD SE,,-122.6312167,47.42445,0,1,6,12,2,45,34,0,0,1,2,42,1,1,2,1,1,1,1,53,0,20,481,2000,0,,68,64,42,,,,1,1,62,1,7,,4,7,3,0,11,0,07/10/2021,21:45,53033885,33885,0,0,0,2,1,0,,,,96,,,,,,98,,,,,,98332,53,70,190,1,1,1,0,0,0,,0,,,,,,0,03/15/2021,03/15/2021,20,0,0,0,0,9,8,,,0,,,8,8,2,996,996,,1,1,,2,1,0.169,,,,,,,,,,,,,,,,,,,,,,,,,,,,,,0,0,1,0,1,1,1,1,0,0,0,0,0,1,0,0,0,0,0,0,0,0,0,0,0,0,0,0,0,1,0,0,0,0,0,,1,0,0,0,0,1,1,1,0,0,0,1,0,0,0,1,,,,,,61-65,56-65,County road,R,Saturday,Belt Used,PV,White,0,1,0,0,County Road,County Sheriff,Kitsap County Sheriff's Office,1,0,1,0,0,,,,,,0,1,0,,,,,,,,,,,98,98,98,1,,,,,20,,,,,,,,,1,0,,,BETHEL BURLEY RD SE,1.496,NULL,
2021,227,EB48537,25,07/12/2021,19:22,12,7,,33,King,0,1,,1,1,2,1,0,1,1,,,,42,0,0,3.9,1,0,1,5,2,2,4,0,0,0,0,CR-LANDSBURG RD SE,,-121.9738778,47.36221389,0,1,1,13,2,40,6,0,0,1,2,42,3,2,2,1,14,1,2,53,0,48,34,1998,0,,63,42,,,,,1,1,23,1,7,,4,7,3,0,11,0,07/12/2021,19:22,53034979,34979,0,0,0,3,1,0,,,,92,,,,,,98,,,,,,98375,53,70,190,6,1,0,0,0,0,,0,,,,,,0,,,20,0,0,0,0,9,8,,,0,,,8,8,2,695,605,,1,1,,2,1,0.231,,,,,,,,,,,,,,,,,,,,,,,,,,,,,,0,0,1,0,1,1,1,1,1,0,0,0,0,0,0,0,1,0,0,0,0,0,0,1,1,0,0,0,0,1,0,0,0,0,0,,1,0,0,0,0,1,1,1,1,0,0,0,0,0,0,1,,,,,,21-25,16-25,County road,U,Monday,Belt Used,PV,White,0,1,0,0,County Road,County Sheriff,King County Police,1,0,1,0,0,thc,42,carboxy-thc,888,,0,0,0,,,,,,,,,,,0,0,0,1,,,,,20,,,,,,,,nms,1,0,,,276 AVE SE,3.869,NULL,
2021,639,EB48605,263,04/21/2021,17:32,21,4,,33,King,1960,1,,1,1,2,1,0,2,2,,,,12,0,1,0,3,0,2,3,2,4,6,0,0,0,0,RAINER AVE S,S GRAND ST,-122.3048944,47.58708611,0,2,21,53,3,98,4,0,0,1,5,12,8,8,5,5,5,1,1,53,0,55,36,2017,0,,12,,,,,,1,1,50,1,0,,0,0,3,0,11,0,,,,,0,0,0,3,1,0,,,,96,,,,,,98,,,,,,98144,53,66,137,6,1,0,0,0,0,,0,,,,,,0,,,20,0,0,0,8,9,8,,,0,,,8,8,8,95,,,96,,,8,95,995,,,,,,,,,,,,,,,,,,,,,,,,,,,,,,0,0,0,1,0,0,0,0,0,0,0,0,0,0,0,0,0,0,0,1,0,0,0,0,0,1,1,1,0,1,0,0,0,0,0,,0,0,0,0,0,0,0,0,0,0,0,0,0,0,0,0,,,,,,46-50,46-55,City street,U,Wednesday,Belt Used,PV,Not Fatal,0,0,0,0,City Street,Municipal/City Police,Seattle Police Department,0,0,0,1,0,,,,,,0,0,0,,,,,,,,,,,98,98,98,0,,,,,20,,,,,,,,,0,0,,,,,,
2021,639,EB48605,263,04/21/2021,17:32,21,4,,33,King,1960,1,,1,1,2,1,0,2,2,,,,12,0,1,0,3,0,2,3,2,4,6,0,0,0,0,RAINER AVE S,S GRAND ST,-122.3048944,47.58708611,0,1,20,50,3,98,4,0,0,1,5,12,8,8,5,5,1,1,3,53,0,37,31,2005,0,,12,63,30,,,,1,1,87,1,7,,4,0,20,7,11,4,05/20/2021,1:10,1.10E+11,24910,0,0,3,3,1,0,,,,96,,,,,,1,,,,,,98503,53,68,210,6,1,0,0,0,0,,0,,,,,,0,,,8,0,0,0,0,9,8,,,0,,,8,8,8,95,,,96,,,8,95,995,,,,,,,,,,,,,,,,,,,,,,,,,,,,,,0,0,0,1,0,0,0,0,0,0,0,0,0,0,0,0,0,0,0,1,0,0,0,0,0,1,1,1,0,1,0,0,0,1,0,,1,0,0,0,0,0,0,0,0,0,0,0,0,0,0,0,,,,,,81+,76+,City street,U,Wednesday,Not Used,PV,White,0,0,0,0,City Street,Municipal/City Police,Seattle Police Department,0,0,0,1,0,,,,,,0,0,0,,,,,,,,,,,98,98,98,1,,,,,20,,,,,,,,,0,0,,,,,,
2021,228,EB48690,13,07/05/2021,2:30,5,7,,9,Clallam,0,2,,2,2,2,1,0,2,1,,,,42,0,0,,1,0,1,5,1,2,4,0,0,0,0,CR-HOKO OZETTE RD,,-124.5735944,48.15105833,0,1,6,13,2,35,14,0,0,1,2,42,3,1,2,1,14,2,1,53,0,41,402,2002,0,,63,69,68,64,42,,1,1,54,2,7,,4,7,20,7,11,0,07/05/2021,2:30,53033233,33233,0,0,0,3,1,58,,,,96,,,,,,9,,,,,,98326,53,68,160,6,1,0,0,0,2,,0,,,,,,0,01/15/2017,03/15/2019,1,0,0,0,0,9,8,,,0,,,1,8,2,177,124,996,1,1,1,2,1,0,,,,,,,,,,,,,,,,,,,,,,,,,,,,,,0,0,1,0,0,0,1,1,1,0,0,0,0,0,0,0,0,0,0,1,0,0,0,0,0,0,0,0,0,1,0,0,0,1,0,,1,0,0,0,0,0,1,1,0,0,0,0,0,0,1,0,,,,,,51-55,46-55,County road,R,Monday,Not Used,PV,AIAN,0,1,0,0,County Road,County Sheriff,Clallam County Sheriff's Office,1,0,1,0,0,thc,1.8,,,,0,0,1,1,1,1,,,605,151,996,,,98,98,98,3,,,,,20,,,,,,,,nms,1,0,,,HOKO OZETTE RD.,15.32,NULL,
2021,229,EB48935,4,06/07/2021,16:22,7,6,,65,Stevens,0,1,,1,1,2,3,0,5,2,,,,12,0,2,192.3,1,0,1,2,2,1,2,0,0,0,0,US-395,,-117.5915611,48.02104167,0,2,51,62,4,60,63,0,0,1,2,12,3,2,3,1,14,2,3,94,0,82,881,2007,0,,68,12,,,,,1,1,38,1,0,,2,0,3,0,11,0,,,,,0,0,0,3,1,95,,,,96,,,,,,98,,,,,,99016,53,73,280,6,1,0,0,0,0,,0,,,,,,0,,,20,0,0,0,8,9,8,,,0,,,8,8,0,0,,,0,,,0,0,996,,,,,,,,,,,,,,,,,,,,,,,,,,,,,,0,0,0,0,0,0,0,0,0,0,0,0,0,1,0,0,1,0,0,1,1,0,1,0,1,0,0,0,0,1,1,0,0,0,0,,0,0,0,0,0,0,0,0,0,0,0,0,0,0,0,0,,,,,,36-40,36-45,US highway,U,Monday,,MHTRUCK,Not Fatal,0,1,1,0,State Route,State Patrol,Washington State Patrol,0,1,0,0,0,,,,,,0,0,0,,,,,,,,,,,98,98,98,0,,,,,20,,,,,,,,,1,0,,,,,,
2021,229,EB48935,4,06/07/2021,16:22,7,6,,65,Stevens,0,1,,1,1,2,3,0,5,2,,,,12,0,2,192.3,1,0,1,2,2,1,2,0,0,0,0,US-395,,-117.5915611,48.02104167,0,1,50,10,2,60,4,0,0,1,2,12,2,2,3,1,14,3,2,53,0,52,34,2003,0,,68,12,,,,,1,1,17,1,7,,4,7,3,0,11,0,06/07/2021,16:22,53027830,27830,0,0,0,2,1,28,,,,92,,,,,,98,,,,,,99167,53,,999,1,2,0,2,1,0,,0,,,,,,0,07/15/2020,06/15/2020,99,0,0,0,0,9,8,,,0,,,8,8,0,0,,,0,,,0,0,996,,,,,,,,,,,,,,,,,,,,,,,,,,,,,,0,0,0,0,0,0,0,0,0,0,0,0,0,1,0,0,1,0,0,1,1,0,1,0,1,0,0,0,0,1,1,0,0,0,0,,1,0,0,0,0,0,0,0,1,0,0,1,0,0,0,0,,,,,,16-17,16-25,US highway,U,Monday,Belt Used,PV,White,0,1,1,0,State Route,State Patrol,Washington State Patrol,0,1,0,0,0,,,,,,0,0,2,,,,,,,,,,,98,98,98,1,,,,,20,,,,,,,,,1,0,,,,,,
2021,230,EB49167,7,07/04/2021,18:34,4,7,,33,King,1830,1,,1,1,2,1,0,3,2,,,,1,0,0,0.1,5,1,1,1,2,1,1,0,0,0,0,I-405 RAMP,,-122.1972111,47.53156389,0,1,98,6,1,98,80,0,0,1,2,1,2,8,1,6,14,1,1,53,0,73,706,2007,0,,64,1,12,,,,1,1,51,1,7,,4,7,20,7,11,0,07/04/2021,18:34,1.83E+11,36259,0,0,0,3,1,0,,,,96,,,,,,9,,,,,,98011,53,70,175,6,1,0,2,1,0,,0,,,,,,4,04/15/2016,10/15/2018,20,8,0,0,0,1,8,,,0,,,8,1,2,1,,,1,,,2,1,0.168,,,,,,,,,,,,,,,,,,,,,,,,,,,,,,0,0,0,0,1,1,0,1,0,0,0,0,1,0,0,0,0,0,0,0,0,0,0,0,0,0,0,0,1,1,0,0,0,0,1,0,0,0,0,0,0,1,0,1,0,1,0,0,0,1,0,1,,,,,,51-55,46-55,Interstate,U,Sunday,,MC,White,0,1,0,0,State Route,State Patrol,Washington State Patrol,1,1,0,0,0,,,,,,0,0,0,,,,,,,,,,,0,0,0,1,,,,,5,,,,,,,,,1,0,,,,,,