year,case,par,repjur,crash_dt,crash_tm,accday,accmon,holiday,county,co_char,city,weather,weather2,lightcond,surfcond,surftype,numfatal,nmforms,pforms,vforms,not_tm,arr_tm,hosp_tm,fhevent,hitrun,manncol,milepnt,reljunc,reljuncinter,intersectiontype,funcsystem,landuse,ownership,route,schlbus,spejur,contdev,devfunc,trafid1,trafid2,x,y,wk_zone,vnumber,crashtype,criticalevent,criticaleventcat,spdlim,body,trailer,emerg,hazcargo,leave,mhevent,roadalgn,roadprof,traflane,trafflow,vehmanvr,numoccs,regowner,regstate,spuse,make,model,modelyr,vrf1,vrf2,seqevent1,seqevent2,seqevent3,seqevent4,seqevent5,seqevent6,pnumber,ptype,age,sex,hispanic,race,injury,diedscene,restraint,restraintmisuse,seatpos,takehosp,death_dt,death_tm,cert,cernum_wa,commlic,licendor,licrestrict,liccomp,drivpres,drf1,drf2,drf3,drf4,distract1,distract2,distract3,distract4,distract5,distract6,dricond1,dricond2,dricond3,dricond4,dricond5,dricond6,dzip,licstate,drhgt_in,weight,noncdl,noncdltype,prevdwi,prevoth,prevacc,prevspd,prevsus,driviol1,driviol2,driviol3,driviol4,driviol5,driviol6,spdrel,first_dt,last_dt,airbag,ejection,ejectpath,extricat,injurwrk,methalc,methdrug,nmlocat,strikveh,prf1,prf2,prf3,druginv,alcinvol,drugsts,drugres1,drugres2,drugres3,drugtst1,drugtst2,drugtst3,alcsts,alctst,alcres,nmact1,nmact2,nmact3,nmact4,nmact5,nmact6,nmprior1,nmprior2,nmprior3,nmprior4,nmprior5,nmprior6,nmcond1,nmcond2,nmcond3,nmcond4,nmcond5,nmcond6,nmsafe_helmet,nmsafe_pads,nmsafe_oth,nmprev_ref,nmprev_lgt,nmprev_oth,crashlocation,nmcrashtype,crosswalk,schoolzone,sidewalk,train_inv,wildlife_inv,rotr_fars,intersect_fars,dd_inv,aid_inv,dpd_inv,id_inv,mj_inv,impnm_inv,ainm_inv,dpnm_inv,speed_inv,unlic_inv,unendmc_inv,drowsy_inv,drdist_inv,nmdist_inv,fty_inv,unrestfat_inv,dr1617_inv,dr1820_inv,dr1620_inv,dr2125_inv,dr1625_inv,dr65_inv,dr70_inv,dr75_inv,mc_inv,pv_inv,ht_inv,ped_inv,bike_inv,unrest_fat,mc_fat,unhelmet_mc,pv_fat,ht_fat,ped_fat,bike_fat,dr_alc7,dr_alc8,dr_drug,dr_imp,dr_dist,dr_spd,dr_fty,dr_unlic,dr_alc7only,dr_alc8only,dr_drugonly,dr_drink,nm_imp,nm_alc7,nm_alc8,nm_drug,nm_dist,agegrp1,agegrp2,roadclass,urbrur,dayweek,restuse,vehtype,race_me,intersect,lanedep,oppdir,wrongway,rep_typ,investag,repag_long,rotr,st_rd,cty_rd,city_rd,oth_rd,drug_thc,thc_res,drug_cthc,cthc_res,drug_cann,prevpersemin,prevperse,prevsusoth,drugtst4,drugtst5,drugtst6,drugtst7,drugtst8,drugres4,drugres5,drugres6,drugres7,drugres8,adspresent,adsengaged,adslevel,race1,race2,race3,race4,race5,helmet,helmetmisuse,nmdistract1,nmdistract2,nmdistract3,nmdistract4,nmdistract5,nmdistract6,lab,isedtcase,crf1,crf2,crf3,CoRoadName,CoMP,IntCoRoadName,IntCoMP
2021,230,EB49167,7,07/04/2021,18:34,4,7,,33,King,1830,1,,1,1,2,1,0,3,2,,,,1,0,0,0.1,5,1,1,1,2,1,1,0,0,0,0,I-405 RAMP,,-122.1972111,47.53156389,0,2,98,78,4,60,34,1,0,1,5,12,1,1,3,3,1,2,1,53,0,20,481,2005,0,,12,,,,,,1,1,51,1,0,,0,0,3,0,11,0,,,,,0,0,3,3,1,0,,,,96,,,,,,98,,,,,,98034,53,73,185,6,1,0,0,0,0,,0,,,,,,0,,,20,0,0,0,8,9,8,,,0,,,8,8,2,1,,,1,,,2,1,0,,,,,,,,,,,,,,,,,,,,,,,,,,,,,,0,0,0,0,1,1,0,1,0,0,0,0,1,0,0,0,0,0,0,0,0,0,0,0,0,0,0,0,1,1,0,0,0,0,0,,0,0,0,0,0,0,0,0,0,0,0,0,0,0,0,0,,,,,,51-55,46-55,Interstate,U,Sunday,Belt Used,PV,Not Fatal,0,1,0,0,State Route,State Patrol,Washington State Patrol,1,1,0,0,0,,,,,,0,0,0,,,,,,,,,,,98,98,98,0,,,,,20,,,,,,,,,1,0,,,,,,
2021,231,EB49255,47,07/10/2021,1:22,10,7,,27,Grays Harbor,10,1,,3,1,2,1,0,5,1,,,,25,0,0,2.9,3,0,4,3,2,1,2,0,0,0,0,US-101,SIMPSON AVE,-123.831375,46.97486111,0,1,6,12,2,30,14,0,0,1,5,25,2,1,2,4,14,5,2,53,0,49,401,2015,0,,68,64,25,1,,,1,1,24,2,0,,0,0,3,0,11,0,,,,,0,0,0,3,1,0,,,,96,,,,,,98,,,,,,98520,53,62,165,6,1,0,0,1,2,,97,,,,,,2,06/15/2016,09/15/2020,1,0,0,0,8,9,8,,,0,,,8,8,2,1,,,1,,,2,1,0.16,,,,,,,,,,,,,,,,,,,,,,,,,,,,,,0,0,1,1,1,1,0,1,0,0,0,0,1,0,0,0,0,0,0,0,0,0,0,1,1,0,0,0,0,1,0,0,0,0,0,,0,0,0,0,0,1,0,1,0,1,0,0,0,1,0,1,,,,,,21-25,16-25,US highway,U,Saturday,Belt Used,PV,Not Fatal,0,1,0,0,State Route,Municipal/City Police,Aberdeen Police Department,1,1,0,0,0,,,,,,0,0,0,,,,,,,,,,,98,98,98,0,,,,,20,,,,,,,,,1,0,,,,,,
2021,232,EB49284,3,06/21/2021,7:01,21,6,,53,Pierce,0,1,,1,1,2,1,0,2,2,,,,12,0,1,39.1,3,0,2,4,1,1,3,0,0,3,3,SR-7,304TH ST E,-122.3579167,46.98021667,0,2,21,60,4,98,66,1,0,1,5,12,1,1,3,1,5,1,3,53,0,85,881,2015,0,,12,,,,,,1,1,64,1,0,,0,0,3,0,11,0,,,,,6,1,3,3,1,0,,,,0,,,,,,98,,,,,,98295,53,70,200,6,1,0,1,1,0,,0,,,,,,0,04/15/2020,11/15/2021,20,0,0,0,8,9,8,,,0,,,8,8,8,95,,,96,,,8,95,995,,,,,,,,,,,,,,,,,,,,,,,,,,,,,,0,0,0,1,0,0,1,1,0,0,0,0,0,0,0,0,1,0,0,1,0,0,0,0,0,0,0,0,0,1,1,0,0,0,0,,0,0,0,0,0,0,0,0,0,0,0,0,0,0,0,0,,,,,,61-65,56-65,State route,R,Monday,,MHTRUCK,Not Fatal,1,0,0,0,State Route,State Patrol,Washington State Patrol,0,1,0,0,0,,,,,,0,0,0,,,,,,,,,,,98,98,98,0,,,,,20,,,,,,,,,1,0,,,,,,
2021,232,EB49284,3,06/21/2021,7:01,21,6,,53,Pierce,0,1,,1,1,2,1,0,2,2,,,,12,0,1,39.1,3,0,2,4,1,1,3,0,0,0,0,SR-7,304TH ST E,-122.3579167,46.98021667,0,1,20,10,2,55,14,0,0,1,2,12,1,1,3,1,1,1,1,53,0,41,402,2004,0,,12,,,,,,1,1,56,1,7,,4,0,20,7,11,5,06/21/2021,9:11,58053030562,30562,6,0,0,3,1,0,,,,92,,,,,,98,,,,,,98508,53,72,205,6,1,0,0,0,0,,0,,,,,,0,,,8,0,0,0,0,9,8,,,0,,,8,8,2,522,401,417,1,1,1,2,1,0,,,,,,,,,,,,,,,,,,,,,,,,,,,,,,0,0,0,1,0,0,1,1,0,0,0,0,0,0,0,0,1,0,0,1,0,0,0,0,0,0,0,0,0,1,1,0,0,1,0,,1,0,0,0,0,0,1,1,1,0,0,0,0,0,1,0,,,,,,56-60,56-65,State route,R,Monday,Not Used,PV,White,1,0,0,0,State Route,State Patrol,Washington State Patrol,0,1,0,0,0,,,,,,0,0,0,,,,,,,,,,,98,98,98,1,,,,,20,,,,,,,,,1,0,,,,,,
2021,259,EB49608,7,07/11/2021,2:43,11,7,,33,King,1030,1,,2,1,2,1,1,1,2,,,,12,0,1,20.8,1,0,1,2,2,1,3,0,0,0,0,SR-167,,-122.2441778,47.37710833,0,2,98,50,3,60,14,0,0,1,2,12,1,2,3,3,1,1,1,53,0,49,403,2003,0,,12,8,,,,,1,1,74,1,0,,0,0,3,0,11,0,,,,,0,0,0,3,1,0,,,,96,,,,,,98,,,,,,98144,53,67,185,6,1,0,1,0,0,,0,,,,,,0,01/15/2020,01/15/2020,1,0,0,0,8,9,8,,,0,,,8,8,8,95,,,96,,,8,95,995,,,,,,,,,,,,,,,,,,,,,,,,,,,,,,0,0,0,0,0,0,0,0,0,0,0,0,0,0,0,0,0,0,0,0,0,0,0,0,0,1,1,0,0,1,0,1,0,0,0,,0,0,0,0,0,0,0,0,0,0,0,0,0,0,0,0,,,,,,71-75,66-75,State route,U,Sunday,Belt Used,PV,Not Fatal,0,1,0,0,State Route,State Patrol,Washington State Patrol,1,1,0,0,0,,,,,,0,0,0,,,,,,,,,,,98,98,98,0,,,,,20,,,,,,,,,1,19,,,,,,
2021,233,EB50022,1,07/19/2021,14:00,19,7,,21,Franklin,1660,10,,1,1,1,1,0,1,1,,,,1,0,0,0.4,5,1,1,1,2,1,1,0,0,0,0,I-182 RAMP,,-119.1806111,46.26716111,0,1,1,13,2,98,4,0,0,1,2,1,3,1,1,6,14,1,2,53,0,48,38,2004,0,,63,1,,,,,1,1,18,1,1,,4,7,20,7,11,0,07/19/2021,14:00,1.66E+11,35187,0,0,3,3,1,0,,,,96,,,,,,9,,,,,,99301,53,68,170,6,2,0,0,0,0,,0,,,,,,4,,,20,1,9,0,0,9,8,,,0,,,1,8,2,695,605,,1,1,,2,1,0,,,,,,,,,,,,,,,,,,,,,,,,,,,,,,0,0,1,0,0,0,1,1,1,0,0,0,1,0,0,0,0,0,0,1,0,1,1,0,1,0,0,0,0,1,0,0,0,1,0,,1,0,0,0,0,0,1,1,0,1,0,0,0,0,1,0,,,,,,18-20,16-25,Interstate,U,Monday,Not Used,PV,Hispanic,0,1,0,0,State Route,State Patrol,Washington State Patrol,1,1,0,0,0,thc,50,carboxy-thc,120,,0,0,0,,,,,,,,,,,98,98,98,1,,,,,20,,,,,,,,nms,1,0,,,,,,
2021,260,EB50122,3,07/08/2021,9:07,8,7,,67,Thurston,0,10,,1,1,2,2,1,4,2,,,,8,0,0,0.3,5,1,1,1,2,1,1,0,0,0,0,I-5 RAMP,,-123.0063472,46.80517222,0,1,13,13,2,70,4,0,0,1,2,8,1,1,1,6,1,1,2,53,0,49,40,2003,0,,63,8,14,,,,1,1,28,1,7,,4,7,20,7,11,0,07/08/2021,9:07,53033371,33371,0,0,3,3,1,0,,,,92,,,,,,98,,,,,,98837,53,75,310,6,1,0,2,0,0,,0,,,,,,0,06/15/2016,07/15/2021,1,0,0,0,0,9,8,,,0,,,8,8,0,0,,,0,,,0,0,996,,,,,,,,,,,,,,,,,,,,,,,,,,,,,,0,0,0,0,0,0,0,0,0,0,0,0,0,0,0,0,1,0,0,1,0,0,0,0,0,0,0,0,0,1,0,1,0,1,0,,1,0,0,0,0,0,0,0,1,0,0,0,0,0,0,0,,,,,,26-30,26-35,Interstate,U,Thursday,Not Used,PV,White,0,1,0,0,State Route,State Patrol,Washington State Patrol,1,1,0,0,0,,,,,,0,0,4,,,,,,,,,,,98,98,98,1,,,,,20,,,,,,,,,1,0,,,,,,
2021,234,EB50231,173,07/15/2021,15:09,15,7,,53,Pierce,1124,1,,1,1,2,1,0,3,1,,,,33,0,0,0,3,0,2,4,2,4,6,0,0,0,0,84TH ST S,Pine St S,-122.4738611,47.18116111,0,1,1,13,2,35,14,0,0,1,2,1,1,1,5,5,1,3,1,53,0,49,401,1998,0,,63,33,38,1,,,1,1,26,1,1,,4,0,20,7,11,5,07/15/2021,15:54,76353037616,37616,0,0,0,3,1,0,,,,92,,,,,,98,,,,,,98499,53,67,160,6,1,0,0,0,3,,0,,,,,,0,01/15/2016,12/15/2018,20,1,9,0,0,9,8,,,0,,,8,8,2,522,,,1,,,2,1,0,,,,,,,,,,,,,,,,,,,,,,,,,,,,,,0,0,1,1,0,0,1,1,0,0,0,0,0,0,0,0,1,0,0,1,0,0,0,0,0,0,0,0,0,1,0,0,0,1,0,,1,0,0,0,0,0,1,1,1,0,0,0,0,0,1,0,,,,,,26-30,26-35,City street,U,Thursday,Not Used,PV,Hispanic,0,1,0,0,City Street,Municipal/City Police,Lakewood Police Department,1,0,0,1,0,,,,,,0,0,0,,,,,,,,,,,0,0,0,1,,,,,20,,,,,,,,,1,0,,,,,,
2021,236,EB50476,14,07/11/2021,22:08,11,7,,11,Clark,0,1,,2,1,2,1,0,2,2,,,,12,0,1,2.3,3,0,3,4,1,2,4,0,0,0,0,CR-NE 159TH ST,NE 172ND AVE,-122.4957889,45.73769444,0,1,24,51,3,35,6,0,0,1,2,12,1,1,2,1,1,1,2,53,0,20,23,2009,0,,12,,,,,,1,1,20,1,0,,3,0,3,0,11,5,,,,,0,0,3,2,1,0,,,,96,,,,,,9,,,,,,98604,53,69,130,1,1,2,1,0,2,,1,,,,,,3,10/15/2017,11/15/2020,1,0,0,0,8,9,2,,,0,,,8,1,2,1,,,1,,,2,1,0.15,,,,,,,,,,,,,,,,,,,,,,,,,,,,,,0,0,0,1,1,1,1,1,1,0,0,0,1,1,0,0,0,0,0,0,0,1,1,0,1,0,0,0,0,1,0,0,0,0,0,,0,0,0,0,0,1,0,1,0,1,0,1,0,1,0,1,,,,,,18-20,16-25,County road,R,Sunday,Belt Used,PV,Not Fatal,1,0,0,0,County Road,County Sheriff,Clark County Sheriff's Office,0,0,1,0,0,,,,,,0,1,6,,,,,,,,,,,98,98,98,0,,,,,20,,,,,,,,,1,0,,,NE 159TH ST,2.31,NE 172ND AVE,0
2021,236,EB50476,14,07/11/2021,22:08,11,7,,11,Clark,0,1,,2,1,2,1,0,2,2,,,,12,0,1,2.3,3,0,3,4,1,2,4,0,0,20,3,CR-NE 159TH ST,NE 172ND AVE,-122.4957889,45.73769444,0,2,25,53,3,50,4,0,0,1,2,12,1,1,2,1,10,1,1,53,0,49,40,1995,0,,12,,,,,,1,1,35,1,7,,4,0,3,0,11,5,07/12/2021,14:01,2.37E+11,35032,0,0,0,3,1,0,,,,96,,,,,,98,,,,,,98606,53,70,135,6,1,0,0,0,0,,0,,,,,,0,,,20,2,9,0,0,9,8,,,0,,,8,8,2,695,605,,1,1,,2,1,0,,,,,,,,,,,,,,,,,,,,,,,,,,,,,,0,0,0,1,1,1,1,1,1,0,0,0,1,1,0,0,0,0,0,0,0,1,1,0,1,0,0,0,0,1,0,0,0,0,0,,1,0,0,0,0,0,1,1,0,0,0,0,0,0,1,0,,,,,,31-35,26-35,County road,R,Sunday,Belt Used,PV,White,1,0,0,0,County Road,County Sheriff,Clark County Sheriff's Office,0,0,1,0,0,thc,1.6,carboxy-thc,12,,0,0,0,,,,,,,,,,,0,0,0,1,,,,,20,,,,,,,,nms,1,0,,,NE 159TH ST,2.31,NE 172ND AVE,0
2021,238,EB50828,36,07/17/2021,7:36,17,7,,55,San Juan,0,1,,2,1,2,1,0,1,1,,,,35,0,0,,1,0,1,5,1,2,4,0,0,0,0,CR-TERRILL BEACH RD,,-122.8847111,48.70279722,0,1,1,13,2,35,4,0,0,1,2,3,3,8,2,1,14,1,1,53,0,59,32,1991,0,,63,35,67,1,3,,1,1,21,2,7,,4,7,20,7,11,0,07/17/2021,7:36,53035261,35261,0,0,0,3,1,0,,,,96,,,,,,98,,,,,,98245,53,71,165,6,1,0,0,0,0,,0,,,,,,3,,,1,9,0,0,0,9,8,,,0,,,8,8,2,695,605,,1,1,,2,1,0.223,,,,,,,,,,,,,,,,,,,,,,,,,,,,,,0,0,1,0,1,1,1,1,1,0,0,0,1,0,0,0,0,0,0,1,0,0,0,1,1,0,0,0,0,1,0,0,0,1,0,,1,0,0,0,0,1,1,1,0,1,0,0,0,0,0,1,,,,,,21-25,16-25,County road,R,Saturday,Not Used,PV,White,0,1,0,0,County Road,County Sheriff,San Juan County Sheriff's Office,1,0,1,0,0,thc,4.8,carboxy-thc,9.7,,0,0,0,,,,,,,,,,,0,0,0,1,,,,,20,,,,,,,,nms,1,0,,,TERRILL BEACH RD,0.48,MT BAKER RD,0
2021,241,EB50837,5,07/21/2021,22:57,21,7,,41,Lewis,0,1,,2,1,2,1,0,1,1,,,,52,0,0,81.3,1,0,1,1,2,1,1,0,0,0,0,I-5,,-122.9735194,46.70576111,0,1,7,10,2,60,4,0,0,1,2,52,1,1,2,3,1,1,1,53,0,49,43,2002,0,,64,69,63,52,,,1,1,34,1,7,,4,0,20,7,11,5,07/21/2021,23:57,30053037253,37253,0,0,0,0,1,58,,,,96,,,,,,98,,,,,,98596,53,71,175,0,0,0,0,0,2,,0,,,,,,0,03/15/2017,08/15/2021,20,0,0,0,0,9,8,,,0,,,8,8,2,996,401,417,1,1,1,2,1,0,,,,,,,,,,,,,,,,,,,,,,,,,,,,,,0,0,0,0,0,0,1,1,0,0,0,0,0,1,0,0,0,0,0,1,0,0,0,0,0,0,0,0,0,1,0,0,0,1,0,,1,0,0,0,0,0,1,1,0,0,0,1,0,0,1,0,,,,,,31-35,26-35,Interstate,U,Wednesday,Not Used,PV,White,0,1,0,0,State Route,State Patrol,Washington State Patrol,1,1,0,0,0,,,,,,0,0,3,,,,,,,,,,,98,98,98,1,,,,,20,,,,,,,,,1,0,,,,,,
2021,239,EB50859,146,07/13/2021,20:08,13,7,,77,Yakima,0,1,,1,1,2,1,0,3,2,,,,12,0,2,0.9,1,0,1,6,1,2,4,0,0,0,0,CR-BUENA RD,,-120.3124694,46.4283,0,2,51,62,4,35,92,0,0,1,5,12,1,1,2,1,1,1,0,53,0,98,998,1995,0,,12,,,,,,1,1,63,1,0,,0,0,20,7,11,0,,,,,0,0,0,3,1,0,,,,96,,,,,,98,,,,,,98921,53,64,154,6,1,0,0,0,0,,0,,,,,,0,,,20,0,0,0,8,9,8,,,0,,,8,8,0,0,,,0,,,0,0,996,,,,,,,,,,,,,,,,,,,,,,,,,,,,,,0,0,0,0,1,1,1,1,0,0,0,0,0,0,0,0,1,0,0,0,0,0,0,0,0,0,0,0,0,1,0,0,0,0,0,,0,0,0,0,0,0,0,0,0,0,0,0,0,0,0,0,,,,,,61-65,56-65,County road,R,Tuesday,,OTHVT,Not Fatal,0,1,1,0,County Road,County Sheriff,Yakima County Sheriff's Office,0,0,1,0,0,,,,,,0,0,0,,,,,,,,,,,0,0,0,0,,,,,20,,,,,,,,,1,0,,,BUENA RD.,0.94,NULL,
2021,239,EB50859,146,07/13/2021,20:08,13,7,,77,Yakima,0,1,,1,1,2,1,0,3,2,,,,12,0,2,0.9,1,0,1,6,1,2,4,0,0,0,0,CR-BUENA RD,,-120.3124694,46.4283,0,1,50,10,2,35,4,0,0,1,2,12,1,1,2,1,1,2,2,53,0,20,37,2004,0,,68,12,,,,,1,1,40,1,0,,0,0,3,0,11,0,,,,,0,0,0,3,1,28,,,,92,,,,,,9,,,,,,98948,53,64,180,6,1,0,1,0,2,,97,,,,,,0,02/15/2019,04/15/2020,1,0,0,0,8,9,8,,,0,,,8,1,2,402,996,,1,1,,2,1,0.179,,,,,,,,,,,,,,,,,,,,,,,,,,,,,,0,0,0,0,1,1,1,1,0,0,0,0,0,0,0,0,1,0,0,0,0,0,0,0,0,0,0,0,0,1,0,0,0,0,0,,0,0,0,0,0,1,1,1,1,0,0,0,0,0,0,1,,,,,,36-40,36-45,County road,R,Tuesday,Belt Used,PV,Not Fatal,0,1,1,0,County Road,County Sheriff,Yakima County Sheriff's Office,0,0,1,0,0,,,,,,0,0,0,,,,,,,,,,,98,98,98,0,,,,,20,,,,,,,,,1,0,,,BUENA RD.,0.94,NULL,
2021,240,EB51169,3,07/08/2021,14:25,8,7,,53,Pierce,0,1,,1,1,2,1,0,3,1,,,,42,0,0,9.4,1,0,1,4,1,1,3,0,0,0,0,SR-123,,-121.5554194,46.80874722,0,1,15,98,7,35,14,0,0,1,2,42,1,2,2,1,1,3,1,53,0,55,404,2020,0,,42,63,34,,,,1,1,77,2,0,,2,0,3,0,11,0,,,,,0,0,3,3,1,0,,,,96,,,,,,98,,,,,,98146,53,64,135,6,1,0,0,0,0,,0,,,,,,0,,,1,0,0,0,8,9,8,,,0,,,8,8,0,0,,,0,,,0,0,996,,,,,,,,,,,,,,,,,,,,,,,,,,,,,,0,0,0,0,0,0,0,0,0,0,0,0,0,0,0,0,0,0,0,0,0,0,0,0,0,1,1,1,0,1,0,0,0,0,0,,0,0,0,0,0,0,0,0,0,0,0,0,0,0,0,0,,,,,,76-80,76+,State route,R,Thursday,Belt Used,PV,Not Fatal,0,0,0,0,State Route,State Patrol,Washington State Patrol,0,1,0,0,0,,,,,,0,0,0,,,,,,,,,,,98,98,98,0,,,,,20,,,,,,,,,1,0,,,,,,
2021,242,EB51229,8,07/19/2021,13:01,19,7,,31,Jefferson,0,1,,1,1,2,1,2,1,1,,,,32,0,0,153.1,1,0,1,3,1,1,2,0,3,0,0,US-101,,-124.3567722,47.55524444,0,1,1,8,1,60,14,0,0,1,2,8,1,1,2,1,1,1,1,53,0,49,402,2003,0,,63,32,8,8,,,1,1,67,2,0,,2,0,3,0,11,0,,,,,6,0,0,3,1,0,,,,0,,,,,,1,,,,,,98258,53,69,270,6,1,0,0,0,0,,0,,,,,,0,,,1,0,0,0,8,9,2,,,0,,,8,8,2,996,996,189,1,1,1,2,1,0,,,,,,,,,,,,,,,,,,,,,,,,,,,,,,0,0,1,0,0,0,1,1,0,0,0,0,0,0,0,0,0,0,0,0,0,0,0,0,0,1,0,0,0,1,0,1,0,0,0,,0,0,0,0,0,0,1,1,0,0,0,0,0,0,1,0,,,,,,66-70,66-75,US highway,R,Monday,Belt Used,PV,Not Fatal,0,1,0,0,State Route,State Patrol,Washington State Patrol,1,1,0,0,0,,,,,,0,0,0,,,,,,,,,,,98,98,98,0,,,,,20,,,,,,,,,1,15,,,,,,
2021,243,EB51414,26,07/22/2021,15:20,22,7,,35,Kitsap,0,1,,1,1,2,1,0,3,2,,,,1,0,0,0.7,8,0,1,4,2,2,4,0,0,0,0,CR-BETHEL BURLEY RD SE,,-122.6277778,47.41304444,0,2,98,8,1,45,80,0,0,1,2,12,2,1,2,1,14,1,1,53,0,72,706,2003,0,,1,12,,,,,1,1,52,1,7,,4,0,20,7,11,4,07/22/2021,16:26,2.23E+11,36601,0,0,0,3,1,0,,,,96,,,,,,98,,,,,,98332,53,71,290,6,1,0,0,0,0,,0,,,,,,0,,,20,8,0,0,0,9,8,,,0,,,8,8,8,95,,,96,,,8,95,995,,,,,,,,,,,,,,,,,,,,,,,,,,,,,,0,0,0,0,0,0,0,0,0,0,0,0,0,0,0,0,0,0,1,0,0,0,0,0,0,1,1,0,1,1,0,0,0,0,1,0,0,0,0,0,0,0,0,0,0,0,0,0,0,0,0,0,,,,,,51-55,46-55,County road,U,Thursday,,MC,White,1,0,0,0,County Road,County Sheriff,Kitsap County Sheriff's Office,0,0,1,0,0,,,,,,0,0,0,,,,,,,,,,,0,0,0,1,,,,,19,,,,,,,,,1,0,,,BETHEL BURLEY RD SE,0.67,OLYMPIC DR SE,0
2021,243,EB51414,26,07/22/2021,15:20,22,7,,35,Kitsap,0,1,,1,1,2,1,0,3,2,,,,1,0,0,0.7,8,0,1,4,2,2,4,0,0,0,0,CR-BETHEL BURLEY RD SE,,-122.6277778,47.41304444,0,1,98,15,2,45,14,0,0,1,5,12,3,1,2,1,11,2,1,53,0,2,403,2014,0,,12,,,,,,1,1,72,2,0,,0,0,3,0,11,0,,,,,0,0,0,3,1,38,,,,96,,,,,,98,,,,,,98366,53,61,152,6,1,0,0,0,0,,97,,,,,,0,,,20,0,0,0,8,9,8,,,0,,,8,8,2,1,,,1,,,2,1,0,,,,,,,,,,,,,,,,,,,,,,,,,,,,,,0,0,0,0,0,0,0,0,0,0,0,0,0,0,0,0,0,0,1,0,0,0,0,0,0,1,1,0,1,1,0,0,0,0,0,,0,0,0,0,0,0,0,0,0,0,1,0,0,0,0,0,,,,,,71-75,66-75,County road,U,Thursday,Belt Used,PV,Not Fatal,1,0,0,0,County Road,County Sheriff,Kitsap County Sheriff's Office,0,0,1,0,0,,,,,,0,0,0,,,,,,,,,,,98,98,98,0,,,,,20,,,,,,,,,1,0,,,BETHEL BURLEY RD SE,0.67,OLYMPIC DR SE,0
2021,244,EB51688,3,07/25/2021,16:57,25,7,,67,Thurston,0,1,,1,1,2,1,0,2,2,,,,12,0,6,40.6,2,0,2,3,1,1,2,0,0,0,0,US-12,FORSTROM ST SW,-123.1181194,46.82405556,0,2,86,66,4,55,80,0,0,1,2,12,1,1,2,1,1,1,1,53,0,73,705,2007,0,,12,,,,,,1,1,62,1,7,,4,7,20,7,11,0,07/25/2021,17:20,53035962,35962,6,0,0,3,1,0,,,,96,,,,,,98,,,,,,98531,53,72,220,6,1,0,0,0,0,,0,,,,,,0,,,20,8,0,0,0,9,8,,,0,,,8,8,2,1,,,1,,,2,1,0,,,,,,,,,,,,,,,,,,,,,,,,,,,,,,0,0,0,1,0,0,0,0,0,0,0,0,0,0,0,0,0,0,1,0,0,0,0,0,0,1,0,0,1,1,0,0,0,0,1,0,0,0,0,0,0,0,0,0,0,0,0,0,0,0,0,0,,,,,,61-65,56-65,US highway,R,Sunday,,MC,White,1,0,0,0,State Route,State Patrol,Washington State Patrol,0,1,0,0,0,,,,,,0,0,0,,,,,,,,,,,0,0,0,1,,,,,5,,,,,,,,,1,0,,,,,,
2021,244,EB51688,3,07/25/2021,16:57,25,7,,67,Thurston,0,1,,1,1,2,1,0,2,2,,,,12,0,6,40.6,2,0,2,3,1,1,2,0,0,20,3,US-12,FORSTROM ST SW,-123.1181194,46.82405556,0,1,87,17,2,35,1,0,0,1,2,12,1,1,2,1,1,1,1,53,0,20,4,2008,0,,12,,,,,,1,1,65,1,0,,2,0,3,0,11,0,,,,,0,0,0,3,1,38,,,,96,,,,,,98,,,,,,98532,53,70,250,6,1,0,1,1,0,,97,,,,,,0,04/15/2017,04/15/2017,20,0,0,0,8,9,2,,,0,,,8,8,0,0,,,0,,,0,0,996,,,,,,,,,,,,,,,,,,,,,,,,,,,,,,0,0,0,1,0,0,0,0,0,0,0,0,0,0,0,0,0,0,1,0,0,0,0,0,0,1,0,0,1,1,0,0,0,0,0,,0,0,0,0,0,0,0,0,0,0,1,0,0,0,0,0,,,,,,61-65,56-65,US highway,R,Sunday,Belt Used,PV,Not Fatal,1,0,0,0,State Route,State Patrol,Washington State Patrol,0,1,0,0,0,,,,,,0,0,0,,,,,,,,,,,98,98,98,0,,,,,20,,,,,,,,,1,0,,,,,,
2021,245,EB51784,1,07/23/2021,11:29,23,7,,77,Yakima,0,1,,1,1,2,1,0,3,2,,,,12,0,6,2.5,8,0,1,5,1,1,3,0,0,0,0,SR-821,,-120.4671694,46.70946944,0,1,98,98,7,45,80,0,0,1,5,12,1,1,2,1,6,1,1,53,0,72,706,2009,0,,12,,,,,,1,1,56,1,7,,4,7,20,7,11,0,07/23/2021,11:29,53036239,36239,0,0,0,3,1,38,,,,96,,,,,,98,,,,,,98277,53,71,260,6,1,0,0,0,0,,0,,,,,,0,,,20,8,0,0,0,9,8,,,0,,,8,8,2,1,,,1,,,2,1,0,,,,,,,,,,,,,,,,,,,,,,,,,,,,,,0,0,0,0,0,0,0,0,0,0,0,0,0,0,0,0,0,0,1,0,0,1,1,0,1,0,0,0,1,1,0,0,0,0,1,0,0,0,0,0,0,0,0,0,0,0,1,0,0,0,0,0,,,,,,56-60,56-65,State route,R,Friday,,MC,White,0,0,0,0,State Route,State Patrol,Washington State Patrol,0,1,0,0,0,,,,,,0,0,0,,,,,,,,,,,0,0,0,1,,,,,5,,,,,,,,,1,0,,,,,,