year,case,par,repjur,crash_dt,crash_tm,accday,accmon,holiday,county,co_char,city,weather,weather2,lightcond,surfcond,surftype,numfatal,nmforms,pforms,vforms,not_tm,arr_tm,hosp_tm,fhevent,hitrun,manncol,milepnt,reljunc,reljuncinter,intersectiontype,funcsystem,landuse,ownership,route,schlbus,spejur,contdev,devfunc,trafid1,trafid2,x,y,wk_zone,vnumber,crashtype,criticalevent,criticaleventcat,spdlim,body,trailer,emerg,hazcargo,leave,mhevent,roadalgn,roadprof,traflane,trafflow,vehmanvr,numoccs,regowner,regstate,spuse,make,model,modelyr,vrf1,vrf2,seqevent1,seqevent2,seqevent3,seqevent4,seqevent5,seqevent6,pnumber,ptype,age,sex,hispanic,race,injury,diedscene,restraint,restraintmisuse,seatpos,takehosp,death_dt,death_tm,cert,cernum_wa,commlic,licendor,licrestrict,liccomp,drivpres,drf1,drf2,drf3,drf4,distract1,distract2,distract3,distract4,distract5,distract6,dricond1,dricond2,dricond3,dricond4,dricond5,dricond6,dzip,licstate,drhgt_in,weight,noncdl,noncdltype,prevdwi,prevoth,prevacc,prevspd,prevsus,driviol1,driviol2,driviol3,driviol4,driviol5,driviol6,spdrel,first_dt,last_dt,airbag,ejection,ejectpath,extricat,injurwrk,methalc,methdrug,nmlocat,strikveh,prf1,prf2,prf3,druginv,alcinvol,drugsts,drugres1,drugres2,drugres3,drugtst1,drugtst2,drugtst3,alcsts,alctst,alcres,nmact1,nmact2,nmact3,nmact4,nmact5,nmact6,nmprior1,nmprior2,nmprior3,nmprior4,nmprior5,nmprior6,nmcond1,nmcond2,nmcond3,nmcond4,nmcond5,nmcond6,nmsafe_helmet,nmsafe_pads,nmsafe_oth,nmprev_ref,nmprev_lgt,nmprev_oth,crashlocation,nmcrashtype,crosswalk,schoolzone,sidewalk,train_inv,wildlife_inv,rotr_fars,intersect_fars,dd_inv,aid_inv,dpd_inv,id_inv,mj_inv,impnm_inv,ainm_inv,dpnm_inv,speed_inv,unlic_inv,unendmc_inv,drowsy_inv,drdist_inv,nmdist_inv,fty_inv,unrestfat_inv,dr1617_inv,dr1820_inv,dr1620_inv,dr2125_inv,dr1625_inv,dr65_inv,dr70_inv,dr75_inv,mc_inv,pv_inv,ht_inv,ped_inv,bike_inv,unrest_fat,mc_fat,unhelmet_mc,pv_fat,ht_fat,ped_fat,bike_fat,dr_alc7,dr_alc8,dr_drug,dr_imp,dr_dist,dr_spd,dr_fty,dr_unlic,dr_alc7only,dr_alc8only,dr_drugonly,dr_drink,nm_imp,nm_alc7,nm_alc8,nm_drug,nm_dist,agegrp1,agegrp2,roadclass,urbrur,dayweek,restuse,vehtype,race_me,intersect,lanedep,oppdir,wrongway,rep_typ,investag,repag_long,rotr,st_rd,cty_rd,city_rd,oth_rd,drug_thc,thc_res,drug_cthc,cthc_res,drug_cann,prevpersemin,prevperse,prevsusoth,drugtst4,drugtst5,drugtst6,drugtst7,drugtst8,drugres4,drugres5,drugres6,drugres7,drugres8,adspresent,adsengaged,adslevel,race1,race2,race3,race4,race5,helmet,helmetmisuse,nmdistract1,nmdistract2,nmdistract3,nmdistract4,nmdistract5,nmdistract6,lab,isedtcase,crf1,crf2,crf3,CoRoadName,CoMP,IntCoRoadName,IntCoMP
2021,263,EB53645,25,07/31/2021,21:22,31,7,,33,King,0,1,,5,0,0,1,0,3,2,,,,12,0,1,4,8,0,1,4,1,2,4,0,0,0,0,CR-VASHON HWY SW,,-122.4790639,47.38528889,0,2,25,53,3,0,20,0,0,1,5,12,0,0,0,0,10,2,2,53,0,30,441,1989,0,,12,,,,,,1,1,40,2,0,,0,0,3,0,11,0,,,,,0,0,3,3,1,0,,,,96,,,,,,98,,,,,,98105,53,63,140,6,1,0,0,0,0,,0,,,,,,0,,,20,0,0,0,8,3,2,,,0,,,8,8,0,0,,,0,,,0,0,996,,,,,,,,,,,,,,,,,,,,,,,,,,,,,,0,0,0,0,1,0,1,1,1,0,0,0,1,0,1,0,0,0,0,0,0,1,1,0,1,0,0,0,1,1,0,0,0,0,0,,0,0,0,0,0,0,0,0,0,0,0,0,0,0,0,0,,,,,,36-40,36-45,County road,R,Saturday,Belt Used,PV,Not Fatal,0,0,0,0,County Road,County Sheriff,King County Police,0,0,1,0,0,,,,,,0,0,0,,,,,,,,,,,0,0,0,0,,,,,20,,,,,,,,,1,0,,,VASHON HWY SW,4.015,NULL,
2021,261,EB53745,146,07/29/2021,14:23,29,7,,77,Yakima,0,1,,1,1,2,1,0,3,2,,,,12,0,2,4.1,1,0,1,5,1,2,4,0,0,0,0,CR- YAKIMA VALLEY HWY,,-120.3914861,46.47662778,0,1,50,10,2,55,4,0,0,1,2,12,3,1,2,1,14,1,2,53,0,55,33,2002,0,,68,12,,,,,1,1,49,1,6,,4,7,3,0,11,0,07/29/2021,14:23,53036697,36697,0,0,0,0,1,28,,,,92,,,,,,98,,,,,,98901,53,66,190,0,0,0,1,0,0,,0,,,,,,0,07/15/2021,07/15/2021,8,0,0,1,0,9,8,,,0,,,8,8,2,1,,,1,,,2,1,0.13,,,,,,,,,,,,,,,,,,,,,,,,,,,,,,0,0,0,0,1,1,0,1,0,0,0,0,0,1,0,0,1,0,0,0,0,0,0,0,0,1,1,0,0,1,0,0,0,0,0,,1,0,0,0,0,1,0,1,1,0,0,1,0,1,0,1,,,,,,46-50,46-55,County road,R,Thursday,Belt Used,PV,Hispanic,0,1,1,0,County Road,County Sheriff,Yakima County Sheriff's Office,0,0,1,0,0,,,,,,0,0,0,,,,,,,,,,,98,98,98,98,,,,,20,,,,,,,,,1,0,,,YAKIMA VALLEY HIGHWAY,4.07,NULL,
2021,261,EB53745,146,07/29/2021,14:23,29,7,,77,Yakima,0,1,,1,1,2,1,0,3,2,,,,12,0,2,4.1,1,0,1,5,1,2,4,0,0,0,0,CR- YAKIMA VALLEY HWY,,-120.3914861,46.47662778,0,2,51,62,4,55,15,0,0,1,2,12,2,1,2,1,14,2,1,53,0,23,421,2005,0,,12,,,,,,1,1,74,1,0,,3,0,3,0,11,5,,,,,0,0,0,3,1,0,,,,96,,,,,,98,,,,,,98951,53,71,220,6,1,0,0,0,0,,0,,,,,,0,,,8,0,0,0,8,9,8,,,0,,,8,8,8,95,,,96,,,8,95,995,,,,,,,,,,,,,,,,,,,,,,,,,,,,,,0,0,0,0,1,1,0,1,0,0,0,0,0,1,0,0,1,0,0,0,0,0,0,0,0,1,1,0,0,1,0,0,0,0,0,,0,0,0,0,0,0,0,0,0,0,0,0,0,0,0,0,,,,,,71-75,66-75,County road,R,Thursday,Belt Used,PV,Not Fatal,0,1,1,0,County Road,County Sheriff,Yakima County Sheriff's Office,0,0,1,0,0,,,,,,0,0,0,,,,,,,,,,,98,98,98,0,,,,,20,,,,,,,,,1,0,,,YAKIMA VALLEY HIGHWAY,4.07,NULL,
2021,262,EB53787,2,07/24/2021,16:24,24,7,,73,Whatcom,0,1,,1,1,2,2,0,7,2,,,,12,0,2,15.8,1,0,1,5,2,1,3,0,0,0,0,SR-11,,-122.4864194,48.66540833,0,2,51,62,4,45,34,0,0,1,5,12,3,2,2,1,14,5,1,53,0,7,482,2003,0,,12,,,,,,1,1,40,1,0,,0,0,3,0,11,0,,,,,0,0,3,3,1,0,,,,96,,,,,,98,,,,,,98226,53,65,180,6,1,0,0,0,0,,0,,,,,,0,,,20,0,0,0,8,9,8,,,0,,,8,8,8,95,,,96,,,8,95,995,,,,,,,,,,,,,,,,,,,,,,,,,,,,,,0,0,0,0,0,0,1,1,0,0,0,0,0,0,0,0,0,0,0,0,0,0,0,0,0,0,0,0,1,1,0,0,0,0,0,,0,0,0,0,0,0,0,0,0,0,0,0,0,0,0,0,,,,,,36-40,36-45,State route,U,Saturday,Belt Used,PV,Not Fatal,0,1,1,0,State Route,State Patrol,Washington State Patrol,0,1,0,0,0,,,,,,0,0,0,,,,,,,,,,,98,98,98,0,,,,,20,,,,,,,,,1,0,,,,,,
2021,262,EB53787,2,07/24/2021,16:24,24,7,,73,Whatcom,0,1,,1,1,2,2,0,7,2,,,,12,0,2,15.8,1,0,1,5,2,1,3,0,0,0,0,SR-11,,-122.4864194,48.66540833,0,1,50,10,2,45,80,0,0,1,5,12,2,2,2,1,14,2,1,53,0,72,706,2016,0,,68,12,,,,,1,1,59,1,7,,4,0,20,7,11,0,07/24/2021,21:24,11053036771,36771,6,0,0,3,1,28,,,,96,,,,,,98,,,,,,98252,53,69,200,6,1,0,2,1,3,,0,,,,,,0,08/15/2017,03/15/2020,20,8,0,0,0,9,8,,,0,,,8,8,2,348,401,417,1,1,1,2,1,0,,,,,,,,,,,,,,,,,,,,,,,,,,,,,,0,0,0,0,0,0,1,1,0,0,0,0,0,0,0,0,0,0,0,0,0,0,0,0,0,0,0,0,1,1,0,0,0,0,1,0,0,0,0,0,0,0,1,1,0,0,0,0,0,0,1,0,,,,,,56-60,56-65,State route,U,Saturday,,MC,White,0,1,1,0,State Route,State Patrol,Washington State Patrol,0,1,0,0,0,,,,,,0,0,2,,,,,,,,,,,0,0,0,1,,,,,5,,,,,,,,,1,0,,,,,,
2021,265,EB53936,6,07/29/2021,15:30,29,7,,47,Okanogan,1600,1,,1,1,2,1,1,1,1,,,,8,0,0,276.3,3,0,3,2,2,1,2,0,3,3,3,US-97,DAYTON ST,-119.5213389,48.40387222,0,1,13,80,5,50,14,0,0,1,5,8,1,1,3,1,1,1,2,53,0,35,401,2005,0,,8,,,,,,1,1,27,1,0,,0,0,3,0,11,0,,,,,0,0,0,3,1,0,,,,96,,,,,,98,,,,,,98844,53,68,160,6,1,0,1,0,0,,0,,,,,,0,02/15/2020,02/15/2020,20,0,0,0,8,9,8,,,0,,,8,8,0,0,,,0,,,0,0,996,,,,,,,,,,,,,,,,,,,,,,,,,,,,,,0,0,0,1,0,0,0,0,0,1,0,1,0,0,0,0,0,0,0,0,0,0,0,0,0,0,0,0,0,1,0,1,0,0,0,,0,0,0,0,0,0,0,0,0,0,0,0,0,0,0,0,,,,,,26-30,26-35,US highway,U,Thursday,Belt Used,PV,Not Fatal,1,0,0,0,State Route,State Patrol,Washington State Patrol,0,1,0,0,0,,,,,,0,0,1,,,,,,,,,,,98,98,98,0,,,,,20,,,,,,,,,1,0,,,,,,
2021,266,EB54089,277,08/02/2021,14:20,2,8,,63,Spokane,2110,1,,1,1,2,1,0,2,2,,,,12,0,6,0,2,0,2,3,2,4,6,0,0,0,0,W AIRPORT DR,S Spotted Rd,-117.5184028,47.63730556,0,2,86,66,4,50,34,0,0,1,8,12,1,1,4,1,1,1,9,99,0,7,482,2017,0,,12,,,,,,1,1,54,1,0,,2,0,3,0,11,0,,,,,0,0,3,3,1,0,,,,96,,,,,,98,,,,,,83854,16,72,225,6,1,0,0,0,0,,0,,,,,,0,,,8,0,0,0,8,9,8,,,0,,,8,8,8,95,,,96,,,8,95,995,,,,,,,,,,,,,,,,,,,,,,,,,,,,,,0,0,0,1,0,0,0,0,0,0,0,0,0,0,0,0,0,0,1,1,0,0,0,0,0,0,0,0,0,1,0,0,0,0,0,,0,0,0,0,0,0,0,0,0,0,0,0,0,0,0,0,,,,,,51-55,46-55,City street,U,Monday,Belt Used,PV,Not Fatal,1,0,0,0,City Street,Municipal/City Police,Spokane Airport Police Department,0,0,0,1,0,,,,,,0,0,0,,,,,,,,,,,98,98,98,0,,,,,20,,,,,,,,,1,0,,,,,,
2021,266,EB54089,277,08/02/2021,14:20,2,8,,63,Spokane,2110,1,,1,1,2,1,0,2,2,,,,12,0,6,0,2,0,2,3,2,4,6,0,0,20,3,W AIRPORT DR,S Spotted Rd,-117.5184028,47.63730556,0,1,87,17,2,30,34,0,0,1,8,12,1,1,2,1,1,1,1,53,0,7,499,1974,0,,12,,,,,,1,1,52,1,7,,4,0,20,7,11,0,08/02/2021,15:30,2.11E+11,37739,0,0,3,3,1,38,,,,96,,,,,,98,,,,,,99029,53,73,195,6,1,0,5,3,0,,0,,,,,,0,05/15/2017,09/15/2021,20,0,0,0,0,9,8,,,0,,,8,8,2,1,,,1,,,2,1,0,,,,,,,,,,,,,,,,,,,,,,,,,,,,,,0,0,0,1,0,0,0,0,0,0,0,0,0,0,0,0,0,0,1,1,0,0,0,0,0,0,0,0,0,1,0,0,0,1,0,,1,0,0,0,0,0,0,0,0,0,1,0,0,0,0,0,,,,,,51-55,46-55,City street,U,Monday,Not Used,PV,White,1,0,0,0,City Street,Municipal/City Police,Spokane Airport Police Department,0,0,0,1,0,,,,,,0,0,1,,,,,,,,,,,0,0,0,1,,,,,20,,,,,,,,,1,0,,,,,,
2021,264,EB54177,35,08/02/2021,19:40,2,8,,53,Pierce,0,1,,1,1,1,1,0,1,1,,,,38,0,0,0.4,1,0,1,6,1,2,4,0,0,0,0,CR-LEBOR DEVORE RD E,,-122.3199167,46.972225,0,1,6,12,2,35,80,0,0,1,2,38,1,1,2,1,1,1,2,53,0,73,705,2007,0,,68,64,38,,,,1,1,46,2,7,,4,7,20,7,11,0,08/02/2021,19:40,53038254,38254,0,0,0,2,1,0,,,,92,,,,,,9,,,,,,98328,53,65,141,6,1,0,0,0,2,,0,,,,,,0,08/15/2020,01/15/2020,20,8,0,0,0,9,8,,,0,,,1,8,2,401,417,,1,1,,2,1,0,,,,,,,,,,,,,,,,,,,,,,,,,,,,,,0,0,1,0,0,0,1,1,0,0,0,0,0,0,1,0,1,0,0,0,0,0,0,0,0,0,0,0,1,0,0,0,0,0,1,1,0,0,0,0,0,0,1,1,1,0,0,0,0,0,1,0,,,,,,46-50,46-55,County road,R,Monday,,MC,White,0,1,0,0,County Road,County Sheriff,Law Enforcement Support Agency,1,0,1,0,0,,,,,,0,0,0,,,,,,,,,,,0,0,0,1,,,,,17,,,,,,,,,1,0,,,LEBOR DEVORE RD E,0.39,NULL,
2021,267,EB54358,2,07/30/2021,15:41,30,7,,29,Island,0,1,,1,1,2,1,0,3,2,,,,12,0,6,,8,0,1,5,1,2,4,0,0,0,0,CR-ENGLE RD,,-122.6861583,48.1988,0,2,98,60,4,35,34,0,0,1,2,12,1,1,2,1,11,1,2,53,0,7,482,2007,0,,12,,,,,,1,1,41,1,0,,0,0,3,0,11,0,,,,,0,0,0,3,1,0,,,,96,,,,,,98,,,,,,98249,53,74,205,6,1,0,0,0,0,,0,,,,,,0,,,20,0,0,0,8,9,8,,,0,,,8,8,8,95,,,96,,,8,95,995,,,,,,,,,,,,,,,,,,,,,,,,,,,,,,0,0,0,0,0,0,1,1,1,0,0,0,1,0,0,0,0,0,0,0,0,0,0,0,0,0,0,0,1,1,0,0,0,0,0,,0,0,0,0,0,0,0,0,0,0,0,0,0,0,0,0,,,,,,41-45,36-45,County road,R,Friday,Belt Used,PV,Not Fatal,0,0,0,0,County Road,State Patrol,Washington State Patrol,0,0,1,0,0,,,,,,0,0,0,,,,,,,,,,,98,98,98,0,,,,,20,,,,,,,,,1,0,,,ENGLE RD,0.87,NULL,
2021,267,EB54358,2,07/30/2021,15:41,30,7,,29,Island,0,1,,1,1,2,1,0,3,2,,,,12,0,6,,8,0,1,5,1,2,4,0,0,0,0,CR-ENGLE RD,,-122.6861583,48.1988,0,1,98,52,3,35,80,0,0,1,2,12,1,1,2,1,6,2,1,53,0,72,706,1992,0,,68,12,,,,,1,1,64,1,7,,4,0,20,7,11,5,07/30/2021,16:18,47053037516,37516,0,0,0,3,1,33,,,,96,,,,,,9,,,,,,98257,53,71,175,6,1,0,0,0,0,,0,,,,,,4,,,20,8,0,0,0,9,8,,,0,,,1,8,2,351,695,605,1,1,1,2,1,0,,,,,,,,,,,,,,,,,,,,,,,,,,,,,,0,0,0,0,0,0,1,1,1,0,0,0,1,0,0,0,0,0,0,0,0,0,0,0,0,0,0,0,1,1,0,0,0,0,1,0,0,0,0,0,0,0,1,1,0,1,0,0,0,0,1,0,,,,,,61-65,56-65,County road,R,Friday,,MC,White,0,0,0,0,County Road,State Patrol,Washington State Patrol,0,0,1,0,0,thc,6.7,carboxy-thc,12,,0,0,0,,,,,,,,,,,0,0,0,1,,,,,5,,,,,,,,nms,1,0,,,ENGLE RD,0.87,NULL,
2021,268,EB54394,330,07/18/2021,20:00,18,7,,77,Yakima,2590,1,,1,1,2,1,1,1,1,,,,9,0,0,0,1,0,1,3,2,4,6,0,0,0,0,N 5TH AVE,,-120.5185472,46.60945,0,1,13,83,5,30,34,0,0,1,2,9,1,1,3,5,1,1,2,53,0,12,481,1996,0,,9,,,,,,1,1,17,1,0,,0,0,3,0,11,0,,,,,0,0,3,3,1,0,,,,96,,,,,,98,,,,,,98902,53,76,300,6,2,0,0,0,0,,0,,,,,,0,,,20,0,0,0,8,3,2,,,0,,,8,8,2,1,,,1,,,2,1,0,,,,,,,,,,,,,,,,,,,,,,,,,,,,,,0,0,0,0,0,0,0,0,0,0,0,0,0,0,0,0,0,0,0,0,1,0,1,0,1,0,0,0,0,1,0,0,1,0,0,,0,0,0,0,0,0,0,0,0,0,0,0,0,0,0,0,,,,,,16-17,16-25,City street,U,Sunday,Belt Used,PV,Not Fatal,0,0,0,0,City Street,Municipal/City Police,Yakima Police Department,0,0,0,1,0,,,,,,0,0,0,,,,,,,,,,,0,0,0,0,,,,,20,,,,,,,,,1,0,,,,,,
2021,269,EB54578,39,08/03/2021,1:43,3,8,,61,Snohomish,0,1,,2,1,2,1,2,1,1,,,,8,0,0,0.3,1,0,1,6,1,2,4,0,0,0,0,CR-13TH AVE W,,-122.2513278,47.84509722,0,1,13,80,5,35,34,0,0,1,5,8,1,1,2,1,1,1,2,53,0,35,472,2000,0,,8,8,,,,,1,1,64,2,0,,0,0,3,0,11,0,,,,,0,0,0,2,1,10,,,,0,,,,,,98,,,,,,98037,53,61,125,1,1,0,0,1,0,,97,,,,,,0,04/15/2018,04/15/2018,20,0,0,0,8,9,8,,,0,,,8,8,8,95,,,96,,,8,95,995,,,,,,,,,,,,,,,,,,,,,,,,,,,,,,0,0,0,0,0,0,0,0,0,1,0,1,0,1,0,0,0,0,0,0,0,0,0,0,0,0,0,0,0,1,0,1,0,0,0,,0,0,0,0,0,0,0,0,0,0,0,1,0,0,0,0,,,,,,61-65,56-65,County road,R,Tuesday,Belt Used,PV,Not Fatal,0,0,0,0,County Road,County Sheriff,Snohomish County Sheriff's Office,0,0,1,0,0,,,,,,0,0,1,,,,,,,,,,,98,98,98,0,,,,,20,,,,,,,,,1,0,,,13TH AVE W,0.316,NULL,
2021,273,EB54841,55,08/01/2021,0:43,1,8,,33,King,100,10,,3,1,2,1,1,1,1,,,,8,0,0,0.7,1,0,1,3,2,1,3,0,0,0,0,SR-164,,-122.2160806,47.29615278,0,1,13,80,5,35,6,0,0,1,2,8,1,1,5,5,1,1,1,53,0,49,46,2017,0,,8,,,,,,1,1,44,1,0,,0,0,3,0,11,0,,,,,0,0,0,3,1,0,,,,96,,,,,,98,,,,,,98002,53,67,122,6,1,0,1,1,0,,0,,,,,,0,05/15/2018,11/15/2019,20,0,0,0,8,9,8,,,0,,,8,8,0,0,,,0,,,0,0,996,,,,,,,,,,,,,,,,,,,,,,,,,,,,,,0,0,0,0,0,0,0,0,0,0,0,0,0,0,0,0,0,0,0,0,0,0,0,0,0,0,0,0,0,1,0,1,0,0,0,,0,0,0,0,0,0,0,0,0,0,0,0,0,0,0,0,,,,,,41-45,36-45,State route,U,Sunday,Belt Used,PV,Not Fatal,0,0,0,0,State Route,Municipal/City Police,Auburn Police Department,0,1,0,0,0,,,,,,0,0,0,,,,,,,,,,,98,98,98,0,,,,,20,,,,,,,,,1,0,,,,,,
2021,270,EB54862,31,07/23/2021,4:00,23,7,,45,Mason,0,1,,2,1,7,1,0,1,1,,,,1,0,0,2.7,1,0,1,5,2,2,4,0,0,0,0,CR-E JOHNS PRAIRIE RD,,-123.0665694,47.24766389,0,1,98,6,1,45,3,0,0,1,2,1,3,1,2,1,14,1,1,53,0,35,48,2007,0,,68,1,64,38,42,,1,1,40,1,7,,4,7,3,0,11,0,07/23/2021,4:00,53037058,37058,0,0,3,3,1,58,,,,96,,,,,,98,,,,,,98584,53,73,180,6,1,0,0,0,1,,0,,,,,,3,05/15/2021,05/15/2021,20,0,0,0,0,9,8,,,0,,,8,8,2,1,,,1,,,2,1,0.197,,,,,,,,,,,,,,,,,,,,,,,,,,,,,,0,0,0,0,1,1,0,1,0,0,0,0,1,0,0,0,0,0,0,0,0,0,0,0,0,0,0,0,0,1,0,0,0,0,0,,1,0,0,0,0,1,0,1,0,1,0,0,0,1,0,1,,,,,,36-40,36-45,County road,U,Friday,Belt Used,PV,White,0,0,0,0,County Road,County Sheriff,Mason County Sheriff's Office,0,0,1,0,0,,,,,,0,0,0,,,,,,,,,,,98,98,98,1,,,,,20,,,,,,,,,1,0,,,JOHNS PRAIRIE RD,2.703,NULL,
2021,271,EB54942,3,07/29/2021,20:10,29,7,,53,Pierce,2230,1,,1,1,1,1,0,1,1,,,,25,0,0,58,19,1,1,2,2,1,3,0,0,0,0,SR-7,,-122.428925,47.23037222,0,1,6,12,2,98,80,0,0,1,2,25,2,2,4,3,14,1,1,53,0,72,706,2020,0,,64,25,69,1,,,1,1,53,1,7,,4,7,20,7,11,0,07/29/2021,20:31,2.23E+11,37094,0,0,3,2,1,0,,,,96,,,,,,98,,,,,,98444,53,70,185,6,1,0,0,0,1,,0,,,,,,4,11/15/2019,11/15/2019,20,8,0,0,0,9,8,,,0,,,8,8,0,0,,,0,,,0,0,996,,,,,,,,,,,,,,,,,,,,,,,,,,,,,,0,0,1,0,0,0,0,0,0,0,0,0,1,0,1,0,0,0,0,0,0,0,0,0,0,0,0,0,1,0,0,0,0,0,1,1,0,0,0,0,0,0,0,0,0,1,0,0,0,0,0,0,,,,,,51-55,46-55,State route,U,Thursday,,MC,White,1,0,0,0,State Route,State Patrol,Washington State Patrol,0,1,0,0,0,,,,,,0,0,0,,,,,,,,,,,0,0,0,1,,,,,16,,,,,,,,,1,0,,,,,,
2021,272,EB55152,160,06/10/2021,20:00,10,6,,33,King,1030,1,,1,1,2,1,0,2,2,,,,5,0,0,0,1,0,1,4,2,4,6,0,0,0,0,VETERANS DR,,-122.2843083,47.39516944,0,1,0,98,7,40,61,0,0,1,2,5,1,2,2,2,1,1,2,53,0,20,881,1996,0,,5,64,65,64,30,12,1,1,42,1,1,,4,7,99,7,11,0,06/10/2021,20:00,1.03E+11,29166,0,0,0,3,1,0,,,,92,,,,,,98,,,,,,98001,53,65,150,6,1,0,1,1,0,,0,,,,,,0,08/15/2018,08/15/2018,20,0,0,0,0,9,8,,,0,,,8,8,2,996,996,401,1,1,1,2,1,0,,,,,,,,,,,,,,,,,,,,,,,,,,,,,,0,0,0,0,0,0,1,1,0,0,0,0,0,0,0,0,1,0,0,0,0,0,0,0,0,0,0,0,0,1,1,0,0,0,0,,0,1,0,0,0,0,1,1,1,0,0,0,0,0,1,0,,,,,,41-45,36-45,City street,U,Thursday,,MHTRUCK,Hispanic,0,0,0,0,City Street,Municipal/City Police,Kent Police Department,0,0,0,1,0,,,,,,0,0,0,1,,,,,417,,,,,0,0,0,98,,,,,20,,,,,,,,,1,0,,,,,,
2021,272,EB55152,160,06/10/2021,20:00,10,6,,33,King,1030,1,,1,1,2,1,0,2,2,,,,5,0,0,0,1,0,1,4,2,4,6,0,0,20,3,VETERANS DR,,-122.2843083,47.39516944,0,2,98,98,7,98,15,0,0,1,2,12,1,2,3,1,5,1,1,53,0,37,421,2012,0,,12,,,,,,1,1,46,2,0,,0,0,3,0,11,0,,,,,0,0,3,3,1,0,,,,96,,,,,,98,,,,,,98032,53,64,188,6,1,0,0,0,0,,0,,,,,,0,,,8,0,0,0,8,9,8,,,0,,,8,8,0,0,,,0,,,0,0,996,,,,,,,,,,,,,,,,,,,,,,,,,,,,,,0,0,0,0,0,0,1,1,0,0,0,0,0,0,0,0,1,0,0,0,0,0,0,0,0,0,0,0,0,1,1,0,0,0,0,,0,0,0,0,0,0,0,0,0,0,0,0,0,0,0,0,,,,,,46-50,46-55,City street,U,Thursday,Belt Used,PV,Not Fatal,0,0,0,0,City Street,Municipal/City Police,Kent Police Department,0,0,0,1,0,,,,,,0,0,0,,,,,,,,,,,98,98,98,0,,,,,20,,,,,,,,,1,0,,,,,,
2021,274,EB55166,297,08/03/2021,19:28,3,8,,33,King,2310,1,,1,1,2,1,0,2,2,,,,12,0,1,0,1,0,1,5,2,4,6,0,0,0,0,SOUTHCENTER PKWY,,-122.2705,47.42638611,0,2,25,53,3,35,80,0,0,1,2,12,1,1,5,5,1,1,1,53,0,73,706,2005,0,,12,,,,,,1,1,30,1,0,,3,0,20,7,11,4,,,,,0,0,0,3,1,0,,,,96,,,,,,98,,,,,,98372,53,71,170,6,1,0,1,1,0,,0,,,,,,0,12/15/2019,12/15/2019,20,8,0,0,8,9,8,,,0,,,8,8,8,95,,,96,,,8,95,995,,,,,,,,,,,,,,,,,,,,,,,,,,,,,,0,0,0,0,0,0,0,0,0,0,0,0,0,0,0,0,0,0,0,0,0,0,0,0,0,0,0,0,1,0,0,0,0,0,0,0,0,0,0,0,0,0,0,0,0,0,0,0,0,0,0,0,,,,,,26-30,26-35,City street,U,Tuesday,,MC,Not Fatal,0,0,0,0,City Street,Municipal/City Police,Tukwila Police Department,0,0,0,1,0,,,,,,0,0,0,,,,,,,,,,,0,0,0,0,,,,,5,,,,,,,,,1,0,,,,,,
2021,274,EB55166,297,08/03/2021,19:28,3,8,,33,King,2310,1,,1,1,2,1,0,2,2,,,,12,0,1,0,1,0,1,5,2,4,6,0,0,0,0,SOUTHCENTER PKWY,,-122.2705,47.42638611,0,1,24,51,3,35,80,0,0,1,2,12,1,1,5,5,1,1,1,53,0,76,706,2010,0,,12,63,42,,,,1,1,38,1,7,,4,0,20,7,11,4,08/04/2021,14:07,1.96E+11,39370,0,0,0,3,1,0,,,,96,,,,,,98,,,,,,98823,53,72,170,6,1,0,1,2,0,,0,,,,,,0,12/15/2018,03/15/2019,20,8,0,0,0,9,8,,,0,,,8,8,2,1,,,1,,,2,1,0,,,,,,,,,,,,,,,,,,,,,,,,,,,,,,0,0,0,0,0,0,0,0,0,0,0,0,0,0,0,0,0,0,0,0,0,0,0,0,0,0,0,0,1,0,0,0,0,0,1,0,0,0,0,0,0,0,0,0,0,0,0,0,0,0,0,0,,,,,,36-40,36-45,City street,U,Tuesday,,MC,White,0,0,0,0,City Street,Municipal/City Police,Tukwila Police Department,0,0,0,1,0,,,,,,0,0,0,,,,,,,,,,,0,0,0,1,,,,,5,,,,,,,,,1,0,,,,,,
2021,275,EB55170,21,07/26/2021,4:33,26,7,,25,Grant,0,1,,2,1,2,1,0,2,2,,,,12,0,1,3.6,1,0,1,7,1,2,4,0,0,0,0,CR-ROAD 9 NW,,-119.9309306,47.21841944,0,1,25,53,3,50,96,0,0,1,5,12,1,1,2,1,1,1,0,92,0,98,734,9999,0,,12,63,59,,,,1,1,55,1,1,,4,7,20,7,11,0,07/26/2021,4:33,53036430,36430,0,0,0,1,1,0,,,,96,,,,,,98,,,,,,90003,6,68,160,6,1,0,0,0,0,,0,,,,,,0,,,20,1,9,0,1,9,8,,,0,,,8,8,8,95,,,96,,,8,95,995,,,,,,,,,,,,,,,,,,,,,,,,,,,,,,0,0,0,0,0,0,0,0,0,0,0,0,0,0,0,0,0,0,0,0,1,0,1,0,1,0,0,0,0,1,0,0,0,0,0,,0,0,0,0,0,0,0,0,0,0,0,0,0,0,0,0,,,,,,51-55,46-55,County road,R,Monday,,OTHVT,Hispanic,0,0,0,0,County Road,County Sheriff,Grant County Sheriff's Office,0,0,1,0,0,,,,,,0,0,0,,,,,,,,,,,0,0,0,98,,,,,17,,,,,,,,,1,0,,,9 NW,3.63,NULL,