year,case,par,repjur,crash_dt,crash_tm,accday,accmon,holiday,county,co_char,city,weather,weather2,lightcond,surfcond,surftype,numfatal,nmforms,pforms,vforms,not_tm,arr_tm,hosp_tm,fhevent,hitrun,manncol,milepnt,reljunc,reljuncinter,intersectiontype,funcsystem,landuse,ownership,route,schlbus,spejur,contdev,devfunc,trafid1,trafid2,x,y,wk_zone,vnumber,crashtype,criticalevent,criticaleventcat,spdlim,body,trailer,emerg,hazcargo,leave,mhevent,roadalgn,roadprof,traflane,trafflow,vehmanvr,numoccs,regowner,regstate,spuse,make,model,modelyr,vrf1,vrf2,seqevent1,seqevent2,seqevent3,seqevent4,seqevent5,seqevent6,pnumber,ptype,age,sex,hispanic,race,injury,diedscene,restraint,restraintmisuse,seatpos,takehosp,death_dt,death_tm,cert,cernum_wa,commlic,licendor,licrestrict,liccomp,drivpres,drf1,drf2,drf3,drf4,distract1,distract2,distract3,distract4,distract5,distract6,dricond1,dricond2,dricond3,dricond4,dricond5,dricond6,dzip,licstate,drhgt_in,weight,noncdl,noncdltype,prevdwi,prevoth,prevacc,prevspd,prevsus,driviol1,driviol2,driviol3,driviol4,driviol5,driviol6,spdrel,first_dt,last_dt,airbag,ejection,ejectpath,extricat,injurwrk,methalc,methdrug,nmlocat,strikveh,prf1,prf2,prf3,druginv,alcinvol,drugsts,drugres1,drugres2,drugres3,drugtst1,drugtst2,drugtst3,alcsts,alctst,alcres,nmact1,nmact2,nmact3,nmact4,nmact5,nmact6,nmprior1,nmprior2,nmprior3,nmprior4,nmprior5,nmprior6,nmcond1,nmcond2,nmcond3,nmcond4,nmcond5,nmcond6,nmsafe_helmet,nmsafe_pads,nmsafe_oth,nmprev_ref,nmprev_lgt,nmprev_oth,crashlocation,nmcrashtype,crosswalk,schoolzone,sidewalk,train_inv,wildlife_inv,rotr_fars,intersect_fars,dd_inv,aid_inv,dpd_inv,id_inv,mj_inv,impnm_inv,ainm_inv,dpnm_inv,speed_inv,unlic_inv,unendmc_inv,drowsy_inv,drdist_inv,nmdist_inv,fty_inv,unrestfat_inv,dr1617_inv,dr1820_inv,dr1620_inv,dr2125_inv,dr1625_inv,dr65_inv,dr70_inv,dr75_inv,mc_inv,pv_inv,ht_inv,ped_inv,bike_inv,unrest_fat,mc_fat,unhelmet_mc,pv_fat,ht_fat,ped_fat,bike_fat,dr_alc7,dr_alc8,dr_drug,dr_imp,dr_dist,dr_spd,dr_fty,dr_unlic,dr_alc7only,dr_alc8only,dr_drugonly,dr_drink,nm_imp,nm_alc7,nm_alc8,nm_drug,nm_dist,agegrp1,agegrp2,roadclass,urbrur,dayweek,restuse,vehtype,race_me,intersect,lanedep,oppdir,wrongway,rep_typ,investag,repag_long,rotr,st_rd,cty_rd,city_rd,oth_rd,drug_thc,thc_res,drug_cthc,cthc_res,drug_cann,prevpersemin,prevperse,prevsusoth,drugtst4,drugtst5,drugtst6,drugtst7,drugtst8,drugres4,drugres5,drugres6,drugres7,drugres8,adspresent,adsengaged,adslevel,race1,race2,race3,race4,race5,helmet,helmetmisuse,nmdistract1,nmdistract2,nmdistract3,nmdistract4,nmdistract5,nmdistract6,lab,isedtcase,crf1,crf2,crf3,CoRoadName,CoMP,IntCoRoadName,IntCoMP
2021,275,EB55170,21,07/26/2021,4:33,26,7,,25,Grant,0,1,,2,1,2,1,0,2,2,,,,12,0,1,3.6,1,0,1,7,1,2,4,0,0,0,0,CR-ROAD 9 NW,,-119.9309306,47.21841944,0,2,24,51,3,50,4,0,0,1,2,12,1,1,2,1,1,1,2,53,0,37,32,2010,0,,12,,,,,,1,1,16,1,0,,0,0,3,0,11,0,,,,,0,0,2,3,1,10,73,,,0,,,,,,98,,,,,,98848,53,72,220,6,2,0,0,0,0,,0,,,,,,0,,,1,0,0,0,8,9,8,,,0,,,8,8,8,95,,,96,,,8,95,995,,,,,,,,,,,,,,,,,,,,,,,,,,,,,,0,0,0,0,0,0,0,0,0,0,0,0,0,0,0,0,0,0,0,0,1,0,1,0,1,0,0,0,0,1,0,0,0,0,0,,0,0,0,0,0,0,0,0,0,0,0,0,0,0,0,0,,,,,,16-17,16-25,County road,R,Monday,Belt Used,PV,Not Fatal,0,0,0,0,County Road,County Sheriff,Grant County Sheriff's Office,0,0,1,0,0,,,,,,0,0,0,,,,,,,,,,,98,98,98,0,,,,,20,,,,,,,,,1,0,,,9 NW,3.63,NULL,
2021,276,EB55286,5,07/30/2021,22:17,30,7,,11,Clark,2370,1,,3,1,2,1,0,1,1,,,,25,0,0,2.4,3,1,4,2,2,1,3,0,0,0,0,SR-500,STAPLETON RD,-122.6171333,45.64786111,0,1,6,12,2,98,80,0,0,1,2,25,2,1,1,6,14,1,1,53,0,72,706,2016,0,,64,25,,,,,1,1,50,1,7,,4,7,20,7,11,0,07/30/2021,22:17,2.37E+11,38664,0,0,3,3,1,0,,,,92,,,,,,98,,,,,,98664,53,71,230,6,1,0,0,0,0,,0,,,,,,0,,,20,8,0,0,0,9,8,,,0,,,8,8,2,1,,,1,,,2,1,0,,,,,,,,,,,,,,,,,,,,,,,,,,,,,,0,0,1,1,0,0,0,0,0,0,0,0,0,0,0,0,1,0,0,0,0,0,0,0,0,0,0,0,1,0,0,0,0,0,1,0,0,0,0,0,0,0,0,0,1,0,0,0,0,0,0,0,,,,,,46-50,46-55,State route,U,Friday,,MC,White,1,0,0,0,State Route,State Patrol,Washington State Patrol,0,1,0,0,0,,,,,,0,0,0,,,,,,,,,,,0,0,0,1,,,,,5,,,,,,,,,1,0,,,,,,
2021,277,EB55485,2,08/03/2021,18:36,3,8,,57,Skagit,0,1,,1,1,2,1,0,7,2,,,,57,0,0,232.5,1,0,1,1,1,1,1,0,0,0,0,I-5,,-122.3371889,48.5037,0,1,6,9,1,70,34,0,0,1,2,57,1,1,2,3,6,1,1,53,0,49,472,2004,0,,64,57,65,57,,,1,1,36,2,7,,4,7,20,7,11,0,08/03/2021,18:36,53038869,38869,0,0,0,3,1,33,,,,96,,,,,,98,,,,,,98273,53,69,250,6,1,0,3,0,2,,0,,,,,,4,06/15/2017,02/15/2021,20,1,9,0,0,9,8,,,0,,,8,8,2,996,996,695,1,1,1,2,1,0,,,,,,,,,,,,,,,,,,,,,,,,,,,,,,0,0,1,0,0,0,1,1,1,0,0,0,1,1,0,0,0,0,0,1,0,0,0,0,0,0,0,0,0,1,0,0,0,1,0,,1,0,0,0,0,0,1,1,0,1,0,0,0,0,1,0,,,,,,36-40,36-45,Interstate,R,Tuesday,Not Used,PV,White,0,0,0,0,State Route,State Patrol,Washington State Patrol,0,1,0,0,0,thc,50,carboxy-thc,99,,0,0,0,1,,,,,605,,,,,98,98,98,1,,,,,20,,,,,,,,nms,1,0,,,,,,
2021,277,EB55485,2,08/03/2021,18:36,3,8,,57,Skagit,0,1,,1,1,2,1,0,7,2,,,,57,0,0,232.5,1,0,1,1,1,1,1,0,0,0,0,I-5,,-122.3371889,48.5037,0,2,98,8,1,70,4,0,0,1,2,57,1,1,2,3,1,6,2,53,0,7,24,2012,0,,64,57,,,,,1,1,33,1,0,,0,0,3,0,11,0,,,,,0,0,0,0,1,0,,,,96,,,,,,98,,,,,,98273,53,67,200,0,0,0,1,1,3,,97,,,,,,0,01/15/2017,11/15/2020,8,0,0,0,8,9,8,,,0,,,8,8,8,95,,,96,,,2,1,997,,,,,,,,,,,,,,,,,,,,,,,,,,,,,,0,0,1,0,0,0,1,1,1,0,0,0,1,1,0,0,0,0,0,1,0,0,0,0,0,0,0,0,0,1,0,0,0,0,0,,0,0,0,0,0,0,0,0,0,0,0,1,0,0,0,0,,,,,,31-35,26-35,Interstate,R,Tuesday,Belt Used,PV,Not Fatal,0,0,0,0,State Route,State Patrol,Washington State Patrol,0,1,0,0,0,,,,,,0,0,1,,,,,,,,,,,98,98,98,0,,,,,20,,,,,,,,,1,0,,,,,,
2021,279,EB55639,4,08/06/2021,15:48,6,8,,43,Lincoln,0,1,,1,1,2,1,0,2,2,,,,12,0,6,240.8,1,0,1,1,1,1,1,0,0,0,0,I-90,,-118.015975,47.30069722,0,2,66,62,4,60,66,1,0,1,5,12,2,2,2,2,14,1,3,19,0,87,881,2020,0,,12,,,,,,1,1,57,1,0,,2,0,3,0,11,5,,,,,6,0,0,3,1,0,,,,96,,,,,,98,,,,,,51239,19,72,200,6,1,0,0,0,0,,0,,,,,,0,,,20,0,0,0,8,9,2,,,0,,,8,8,0,0,,,0,,,0,0,996,,,,,,,,,,,,,,,,,,,,,,,,,,,,,,0,0,0,0,1,0,0,0,0,0,0,0,0,0,0,1,0,0,0,0,0,0,0,0,0,1,0,0,0,1,1,0,0,0,0,,0,0,0,0,0,0,0,0,0,0,0,0,0,0,0,0,,,,,,56-60,56-65,Interstate,R,Friday,,MHTRUCK,Not Fatal,0,1,1,0,State Route,State Patrol,Washington State Patrol,0,1,0,0,0,,,,,,0,0,0,,,,,,,,,,,98,98,98,0,,,,,20,,,,,,,,,1,0,,,,,,
2021,279,EB55639,4,08/06/2021,15:48,6,8,,43,Lincoln,0,1,,1,1,2,1,0,2,2,,,,12,0,6,240.8,1,0,1,1,1,1,1,0,0,0,0,I-90,,-118.015975,47.30069722,0,1,66,12,2,70,34,0,0,1,2,12,3,2,2,2,14,1,1,30,0,12,481,2001,0,,64,65,12,,,,1,1,69,1,7,,4,0,3,0,11,5,08/06/2021,16:00,2.12E+11,39078,99,9,9,9,1,28,,,,0,,,,,,2,,,,,,59923,30,,999,9,9,99,99,99,99,,0,,,,,,0,,,1,0,0,0,0,1,8,,,0,,,8,1,2,1,,,1,,,2,1,0.036,,,,,,,,,,,,,,,,,,,,,,,,,,,,,,0,0,0,0,1,0,0,0,0,0,0,0,0,0,0,1,0,0,0,0,0,0,0,0,0,1,0,0,0,1,1,0,0,0,0,,1,0,0,0,1,0,0,0,0,0,0,0,1,0,0,1,,,,,,66-70,66-75,Interstate,R,Friday,Belt Used,PV,White,0,1,1,0,State Route,State Patrol,Washington State Patrol,0,1,0,0,0,,,,,,99,99,99,,,,,,,,,,,98,98,98,1,,,,,20,,,,,,,,,1,0,,,,,,
2021,280,EB55776,146,08/05/2021,10:05,5,8,,77,Yakima,0,10,,1,1,5,3,0,7,1,,,,59,0,0,0.2,1,0,1,7,1,2,4,0,3,0,0,CR-SHIELDS RD,,-120.5654611,46.42255833,0,1,6,6,1,50,34,0,0,1,2,1,1,4,2,1,1,7,2,53,0,12,473,2003,0,,67,63,69,68,64,59,1,1,17,1,0,,2,0,3,0,11,5,,,,,0,0,0,0,1,58,,,,96,,,,,,98,,,,,,98944,53,,999,0,0,99,99,99,99,,97,,,,,,4,,,20,0,0,0,8,3,2,,,0,,,8,8,0,0,,,0,,,0,0,996,,,,,,,,,,,,,,,,,,,,,,,,,,,,,,0,0,1,0,0,0,0,0,0,0,0,0,1,1,0,0,0,0,0,1,1,0,1,0,1,0,0,0,0,1,0,0,0,0,0,,0,0,0,0,0,0,0,0,0,1,0,1,0,0,0,0,,,,,,16-17,16-25,County road,R,Thursday,Belt Used,PV,Not Fatal,0,1,0,0,County Road,County Sheriff,Yakima County Sheriff's Office,1,0,1,0,0,,,,,,99,99,99,,,,,,,,,,,98,98,98,0,,,,,20,,,,,,,,,1,0,,,SHIELDS RD.,0.23,NULL,
2021,281,EB55845,35,08/06/2021,1:31,6,8,,53,Pierce,0,8,,2,2,2,2,0,2,1,,,,21,0,0,4.9,1,0,1,4,2,2,4,0,0,0,0,CR-WALLER RD E,,-122.3888861,47.15834722,0,1,6,6,1,35,2,0,0,1,2,21,1,1,2,1,1,2,2,53,0,12,3,2006,0,,68,64,21,,,,1,1,46,1,7,,4,7,20,7,11,0,08/06/2021,1:31,53038512,38512,0,0,3,2,1,0,,,,96,,,,,,98,,,,,,98404,53,70,194,1,1,0,1,3,2,,0,,,,,,4,05/15/2016,08/15/2021,8,0,0,0,0,9,8,,,0,,,8,8,2,996,996,401,1,1,1,2,1,0,,,,,,,,,,,,,,,,,,,,,,,,,,,,,,0,0,1,0,0,0,1,1,0,0,0,0,1,1,0,0,0,0,0,1,0,0,0,0,0,0,0,0,0,1,0,0,0,1,0,,1,0,0,0,0,0,1,1,0,1,0,1,0,0,1,0,,,,,,46-50,46-55,County road,U,Friday,Not Used,PV,White,0,1,0,0,County Road,County Sheriff,Law Enforcement Support Agency,1,0,1,0,0,,,,,,0,0,4,1,,,,,417,,,,,98,98,98,1,,,,,20,,,,,,,,,1,0,,,WALLER RD E,4.87,NULL,
2021,282,EB55878,4,07/24/2021,19:52,24,7,,63,Spokane,2113,1,,1,1,2,1,0,3,2,,,,12,0,2,9.8,1,0,1,3,2,1,3,0,0,0,0,SR-290,,-117.2103111,47.69489167,0,1,50,10,2,50,15,0,0,1,2,12,1,1,5,5,1,1,2,16,0,37,421,2003,0,,68,12,,,,,1,1,26,1,7,,4,0,20,7,11,5,07/24/2021,21:39,2.11E+11,37164,0,0,3,2,1,28,,,,92,,,,,,9,,,,,,83854,16,70,190,1,1,0,0,0,3,,0,,,,,,0,06/15/2020,10/15/2021,1,1,9,0,0,9,2,,,0,,,1,8,2,695,605,401,1,1,1,2,1,0,,,,,,,,,,,,,,,,,,,,,,,,,,,,,,0,0,0,0,0,0,1,1,1,0,0,0,0,1,0,0,1,0,0,1,0,1,1,0,1,0,0,0,0,1,0,0,0,1,0,,1,0,0,0,0,0,1,1,1,0,0,1,0,0,1,0,,,,,,26-30,26-35,State route,U,Saturday,Not Used,PV,White,0,1,1,0,State Route,State Patrol,Washington State Patrol,0,1,0,0,0,thc,2.5,carboxy-thc,32,,0,1,0,1,,,,,417,,,,,98,98,98,1,,,,,20,,,,,,,,nms,1,0,,,,,,
2021,282,EB55878,4,07/24/2021,19:52,24,7,,63,Spokane,2113,1,,1,1,2,1,0,3,2,,,,12,0,2,9.8,1,0,1,3,2,1,3,0,0,0,0,SR-290,,-117.2103111,47.69489167,0,2,51,62,4,50,6,0,0,1,2,12,1,1,5,5,1,2,2,53,0,49,49,2006,0,,12,63,59,,,,1,1,18,2,0,,3,0,3,0,11,5,,,,,0,0,0,3,1,0,,,,96,,,,,,98,,,,,,99206,53,62,102,6,2,0,0,2,2,,0,,,,,,0,02/15/2020,01/15/2021,1,0,0,0,8,9,8,,,0,,,8,8,0,0,,,0,,,0,0,996,,,,,,,,,,,,,,,,,,,,,,,,,,,,,,0,0,0,0,0,0,1,1,1,0,0,0,0,1,0,0,1,0,0,1,0,1,1,0,1,0,0,0,0,1,0,0,0,0,0,,0,0,0,0,0,0,0,0,0,0,0,0,0,0,0,0,,,,,,18-20,16-25,State route,U,Saturday,Belt Used,PV,Not Fatal,0,1,1,0,State Route,State Patrol,Washington State Patrol,0,1,0,0,0,,,,,,0,0,0,,,,,,,,,,,98,98,98,0,,,,,20,,,,,,,,,1,0,,,,,,
2021,283,EB55904,57,07/27/2021,16:52,27,7,,11,Clark,107,1,,1,1,2,1,0,4,2,,,,12,0,2,0,1,0,1,4,2,4,6,0,0,0,0,SE EATON BLVD,,-122.5114528,45.76663611,0,2,51,62,4,50,34,0,0,1,2,12,1,1,2,1,1,2,1,53,0,23,481,2016,0,,12,,,,,,1,1,23,1,0,,3,0,3,0,11,5,,,,,0,0,0,3,1,0,,,,96,,,,,,98,,,,,,98604,53,70,175,6,1,0,0,0,1,,0,,,,,,0,05/15/2017,05/15/2017,1,0,0,0,8,9,8,,,0,,,8,8,8,95,,,96,,,8,95,995,,,,,,,,,,,,,,,,,,,,,,,,,,,,,,0,0,0,0,0,0,0,0,0,0,0,0,0,0,0,0,1,0,0,0,1,0,1,1,1,0,0,0,0,1,0,0,0,0,0,,0,0,0,0,0,0,0,0,0,0,0,0,0,0,0,0,,,,,,21-25,16-25,City street,U,Tuesday,Belt Used,PV,Not Fatal,0,1,1,0,City Street,Municipal/City Police,Battleground Police Department,0,0,0,1,0,,,,,,0,0,0,,,,,,,,,,,98,98,98,0,,,,,20,,,,,,,,,1,0,,,,,,
2021,283,EB55904,57,07/27/2021,16:52,27,7,,11,Clark,107,1,,1,1,2,1,0,4,2,,,,12,0,2,0,1,0,1,4,2,4,6,0,0,0,0,SE EATON BLVD,,-122.5114528,45.76663611,0,1,50,10,2,50,14,0,0,1,2,12,1,1,2,1,1,2,2,53,0,2,404,1997,0,,68,12,,,,,1,1,17,1,7,,4,7,3,0,11,0,07/27/2021,16:52,10753038881,38881,0,0,2,3,1,73,,,,92,,,,,,98,,,,,,98606,53,72,140,6,2,0,0,0,0,,0,,,,,,0,,,1,0,0,0,0,9,8,,,0,,,8,8,2,1,,,1,,,2,1,0,,,,,,,,,,,,,,,,,,,,,,,,,,,,,,0,0,0,0,0,0,0,0,0,0,0,0,0,0,0,0,1,0,0,0,1,0,1,1,1,0,0,0,0,1,0,0,0,0,0,,1,0,0,0,0,0,0,0,1,0,0,0,0,0,0,0,,,,,,16-17,16-25,City street,U,Tuesday,Belt Used,PV,White,0,1,1,0,City Street,Municipal/City Police,Battleground Police Department,0,0,0,1,0,,,,,,0,0,0,,,,,,,,,,,0,0,0,1,,,,,20,,,,,,,,,1,0,,,,,,
2021,284,EB55918,290,08/07/2021,23:32,7,8,,53,Pierce,2230,1,,3,1,2,2,0,5,2,,,,12,0,6,0,2,0,2,3,2,4,6,0,0,3,3,S 72ND ST,S Yakima Ave,-122.4432528,47.19190556,0,2,87,66,4,30,4,0,0,1,2,12,1,2,3,1,1,2,2,53,0,9,20,2001,0,,12,63,38,,,,1,1,63,1,7,,4,7,3,0,11,0,08/07/2021,23:32,2.23E+11,38442,0,0,0,3,1,0,,,,96,,,,,,98,,,,,,98408,53,72,175,6,1,0,0,0,0,,0,,,,,,0,,,1,0,0,0,0,9,8,,,0,,,8,8,8,95,,,96,,,8,95,995,,,,,,,,,,,,,,,,,,,,,,,,,,,,,,0,0,0,1,1,0,1,1,1,0,0,0,0,1,0,0,0,0,1,0,0,0,0,1,1,0,0,0,0,1,0,0,0,0,0,,1,0,0,0,0,0,0,0,0,0,0,0,0,0,0,0,,,,,,61-65,56-65,City street,U,Saturday,Belt Used,PV,White,1,0,0,0,City Street,Municipal/City Police,Tacoma Police Department,0,0,0,1,0,,,,,,0,0,0,,,,,,,,,,,98,98,98,1,,,,,20,,,,,,,,,1,0,,,,,,
2021,284,EB55918,290,08/07/2021,23:32,7,8,,53,Pierce,2230,1,,3,1,2,2,0,5,2,,,,12,0,6,0,2,0,2,3,2,4,6,0,0,3,3,S 72ND ST,S Yakima Ave,-122.4432528,47.19190556,0,1,86,17,2,35,4,0,0,1,2,12,1,2,5,1,1,3,1,53,0,35,47,2017,0,,12,63,38,,,,1,1,21,1,0,,1,0,3,0,11,5,,,,,0,0,0,0,1,38,,,,96,,,,,,9,,,,,,98498,53,,999,0,0,0,0,0,0,,1,12,,,,,0,,,1,0,0,0,8,9,8,,,0,,,8,1,2,695,605,,1,1,,2,1,0,,,,,,,,,,,,,,,,,,,,,,,,,,,,,,0,0,0,1,1,0,1,1,1,0,0,0,0,1,0,0,0,0,1,0,0,0,0,1,1,0,0,0,0,1,0,0,0,0,0,,0,0,0,0,0,0,1,1,0,0,1,1,0,0,1,1,,,,,,21-25,16-25,City street,U,Saturday,Belt Used,PV,Not Fatal,1,0,0,0,City Street,Municipal/City Police,Tacoma Police Department,0,0,0,1,0,thc,11,carboxy-thc,54,,0,0,0,,,,,,,,,,,98,98,98,0,,,,,20,,,,,,,,,1,0,,,,,,
2021,285,EB56262,2,08/09/2021,4:00,9,8,,73,Whatcom,0,10,,2,1,2,1,0,1,1,,,,38,0,0,4,1,0,1,5,1,1,3,0,0,0,0,SR-547,,-122.1639167,48.96871944,0,1,1,13,2,45,4,0,0,1,2,30,3,2,2,1,14,1,3,53,0,49,40,2021,0,,63,38,30,59,1,,1,1,32,1,7,,4,7,20,7,11,0,08/09/2021,4:00,53039331,39331,0,0,0,3,1,0,,,,96,,,,,,98,,,,,,98225,53,74,215,6,1,0,1,0,0,,0,,,,,,4,09/15/2016,09/15/2016,8,0,0,0,0,9,8,,,0,,,1,8,2,695,605,996,1,1,1,2,1,0,,,,,,,,,,,,,,,,,,,,,,,,,,,,,,0,0,1,0,0,0,1,1,1,0,0,0,1,0,0,0,0,0,0,1,0,0,0,0,0,0,0,0,0,1,0,0,0,1,0,,1,0,0,0,0,0,1,1,0,1,0,0,0,0,1,0,,,,,,31-35,26-35,State route,R,Monday,Not Used,PV,White,0,1,0,0,State Route,State Patrol,Washington State Patrol,1,1,0,0,0,thc,0.69,carboxy-thc,5.6,,0,0,1,1,1,,,,401,417,,,,98,98,98,1,,,,,20,,,,,,,,nms,1,0,,,,,,
2021,286,EB56433,6,08/08/2021,0:35,8,8,,25,Grant,0,1,,2,1,2,1,0,5,3,,,,12,0,2,10.6,1,0,1,4,1,1,3,0,0,0,0,SR-243,,-119.9138194,46.68986111,0,2,98,98,7,60,15,0,0,1,5,54,1,1,2,1,1,3,1,53,0,20,423,2017,0,,54,,,,,,1,1,45,1,0,,0,0,3,0,11,0,,,,,0,0,3,3,1,0,,,,96,,,,,,98,,,,,,99301,53,64,150,6,1,0,0,0,0,,0,,,,,,0,,,20,0,0,0,8,9,8,,,0,,,8,8,0,0,,,0,,,0,0,996,,,,,,,,,,,,,,,,,,,,,,,,,,,,,,0,0,0,0,1,1,0,1,0,0,0,0,0,0,0,0,0,0,0,0,0,0,0,1,1,0,0,0,0,1,0,0,0,0,0,,0,0,0,0,0,0,0,0,0,0,0,0,0,0,0,0,,,,,,41-45,36-45,State route,R,Sunday,Belt Used,PV,Not Fatal,0,1,1,0,State Route,State Patrol,Washington State Patrol,0,1,0,0,0,,,,,,0,0,0,,,,,,,,,,,98,98,98,0,,,,,20,,,,,,,,,1,14,,,,,,
2021,286,EB56433,6,08/08/2021,0:35,8,8,,25,Grant,0,1,,2,1,2,1,0,5,3,,,,12,0,2,10.6,1,0,1,4,1,1,3,0,0,0,0,SR-243,,-119.9138194,46.68986111,0,3,51,62,4,60,15,0,0,1,5,12,1,1,2,1,1,1,2,41,0,19,421,2007,0,,12,,,,,,1,1,45,1,1,,4,7,3,0,11,0,08/08/2021,0:35,53038785,38785,0,0,0,3,1,0,,,,96,,,,,,98,,,,,,99341,53,72,188,6,1,0,3,0,3,,0,,,,,,0,06/15/2017,07/15/2020,20,0,0,0,0,9,8,,,0,,,8,8,2,1,,,1,,,2,1,0,,,,,,,,,,,,,,,,,,,,,,,,,,,,,,0,0,0,0,1,1,0,1,0,0,0,0,0,0,0,0,0,0,0,0,0,0,0,1,1,0,0,0,0,1,0,0,0,0,0,,1,0,0,0,0,0,0,0,0,0,0,0,0,0,0,0,,,,,,41-45,36-45,State route,R,Sunday,Belt Used,PV,Hispanic,0,1,1,0,State Route,State Patrol,Washington State Patrol,0,1,0,0,0,,,,,,0,0,0,,,,,,,,,,,98,98,98,298,,,,,20,,,,,,,,,1,14,,,,,,
2021,286,EB56433,6,08/08/2021,0:35,8,8,,25,Grant,0,1,,2,1,2,1,0,5,3,,,,12,0,2,10.6,1,0,1,4,1,1,3,0,0,0,0,SR-243,,-119.9138194,46.68986111,0,1,50,10,2,60,34,0,0,1,2,12,1,1,2,1,6,1,1,53,0,23,481,2015,0,,68,12,54,,,,1,1,21,1,0,,3,0,20,7,11,5,,,,,0,0,0,3,1,33,,,,96,,,,,,9,,,,,,99349,53,73,225,6,1,0,0,0,0,,1,12,,,,,0,,,8,0,0,0,8,9,8,,,0,,,8,1,2,1,,,1,,,2,1,0.1,,,,,,,,,,,,,,,,,,,,,,,,,,,,,,0,0,0,0,1,1,0,1,0,0,0,0,0,0,0,0,0,0,0,0,0,0,0,1,1,0,0,0,0,1,0,0,0,0,0,,0,0,0,0,0,1,0,1,0,0,0,0,0,1,0,1,,,,,,21-25,16-25,State route,R,Sunday,Not Used,PV,Not Fatal,0,1,1,0,State Route,State Patrol,Washington State Patrol,0,1,0,0,0,,,,,,0,0,0,,,,,,,,,,,98,98,98,0,,,,,20,,,,,,,,,1,14,,,,,,
2021,591,EB56434,290,08/09/2021,9:51,9,8,,53,Pierce,2230,1,,1,1,2,1,0,3,2,,,,12,0,6,0,2,1,2,4,2,1,6,0,3,3,3,E 27TH ST,PORTLAND AVE,-122.4106306,47.23962778,0,1,87,17,2,35,4,0,0,1,2,12,1,1,6,1,1,1,2,53,0,12,17,2005,0,,12,,,,,,1,1,54,1,7,,4,0,99,7,11,5,08/17/2021,9:40,2.23E+11,41263,0,0,0,0,1,39,,,,96,,,,,,98,,,,,,98422,53,73,190,0,0,0,0,0,0,,39,,,,,,0,,,20,0,0,0,0,9,8,,,0,,,8,8,8,95,,,96,,,8,95,995,,,,,,,,,,,,,,,,,,,,,,,,,,,,,,0,0,0,1,0,0,0,0,0,0,0,0,0,1,0,0,0,0,0,0,0,0,0,0,0,1,1,0,0,1,0,0,0,0,0,,1,0,0,0,0,0,0,0,0,0,0,1,0,0,0,0,,,,,,51-55,46-55,City street,U,Monday,Unknown,PV,AIAN,1,0,0,0,State Route,Municipal/City Police,Tacoma Police Department,0,1,0,0,0,,,,,,0,0,0,,,,,,,,,,,98,98,98,3,,,,,20,,,,,,,,,1,0,,,,,,
2021,591,EB56434,290,08/09/2021,9:51,9,8,,53,Pierce,2230,1,,1,1,2,1,0,3,2,,,,12,0,6,0,2,1,2,4,2,1,6,0,3,3,3,E 27TH ST,PORTLAND AVE,-122.4106306,47.23962778,0,2,86,66,4,35,34,0,0,1,2,12,1,1,3,4,1,2,1,53,0,7,482,2013,0,,12,,,,,,1,1,71,1,0,,0,0,2,0,11,0,,,,,0,0,0,3,1,0,,,,96,,,,,,98,,,,,,99004,53,68,143,6,1,0,0,0,0,,0,,,,,,0,,,20,0,0,0,8,9,8,,,0,,,8,8,8,95,,,96,,,8,95,995,,,,,,,,,,,,,,,,,,,,,,,,,,,,,,0,0,0,1,0,0,0,0,0,0,0,0,0,1,0,0,0,0,0,0,0,0,0,0,0,1,1,0,0,1,0,0,0,0,0,,0,0,0,0,0,0,0,0,0,0,0,0,0,0,0,0,,,,,,71-75,66-75,City street,U,Monday,Belt Used,PV,Not Fatal,1,0,0,0,State Route,Municipal/City Police,Tacoma Police Department,0,1,0,0,0,,,,,,0,0,0,,,,,,,,,,,98,98,98,0,,,,,20,,,,,,,,,1,0,,,,,,
2021,598,EB56571,290,08/05/2021,5:54,5,8,,53,Pierce,2230,1,,1,0,0,1,0,2,2,,,,12,0,2,0,8,0,1,3,2,4,6,0,0,0,0,E PORTLAND AVE,,-122.4082056,47.22915556,0,1,82,15,2,0,34,0,0,1,5,12,0,0,0,0,11,1,1,53,0,20,481,2013,0,,12,,,,,,1,1,52,1,0,,0,0,3,0,11,0,,,,,0,0,0,0,1,38,,,,96,,,,,,98,,,,,,98404,53,66,165,0,0,0,0,0,0,,46,,,,,,0,,,20,0,0,0,8,9,8,,,0,,,8,8,8,95,,,96,,,8,95,995,,,,,,,,,,,,,,,,,,,,,,,,,,,,,,0,0,0,0,0,0,0,0,0,0,0,0,0,1,0,0,0,0,1,0,0,0,0,0,0,0,0,0,1,1,0,0,0,0,0,,0,0,0,0,0,0,0,0,0,0,1,1,0,0,0,0,,,,,,51-55,46-55,City street,U,Thursday,Belt Used,PV,Not Fatal,0,0,0,0,City Street,Municipal/City Police,Tacoma Police Department,0,0,0,1,0,,,,,,0,0,0,,,,,,,,,,,98,98,98,0,,,,,20,,,,,,,,,0,0,,,,,,