year,case,par,repjur,crash_dt,crash_tm,accday,accmon,holiday,county,co_char,city,weather,weather2,lightcond,surfcond,surftype,numfatal,nmforms,pforms,vforms,not_tm,arr_tm,hosp_tm,fhevent,hitrun,manncol,milepnt,reljunc,reljuncinter,intersectiontype,funcsystem,landuse,ownership,route,schlbus,spejur,contdev,devfunc,trafid1,trafid2,x,y,wk_zone,vnumber,crashtype,criticalevent,criticaleventcat,spdlim,body,trailer,emerg,hazcargo,leave,mhevent,roadalgn,roadprof,traflane,trafflow,vehmanvr,numoccs,regowner,regstate,spuse,make,model,modelyr,vrf1,vrf2,seqevent1,seqevent2,seqevent3,seqevent4,seqevent5,seqevent6,pnumber,ptype,age,sex,hispanic,race,injury,diedscene,restraint,restraintmisuse,seatpos,takehosp,death_dt,death_tm,cert,cernum_wa,commlic,licendor,licrestrict,liccomp,drivpres,drf1,drf2,drf3,drf4,distract1,distract2,distract3,distract4,distract5,distract6,dricond1,dricond2,dricond3,dricond4,dricond5,dricond6,dzip,licstate,drhgt_in,weight,noncdl,noncdltype,prevdwi,prevoth,prevacc,prevspd,prevsus,driviol1,driviol2,driviol3,driviol4,driviol5,driviol6,spdrel,first_dt,last_dt,airbag,ejection,ejectpath,extricat,injurwrk,methalc,methdrug,nmlocat,strikveh,prf1,prf2,prf3,druginv,alcinvol,drugsts,drugres1,drugres2,drugres3,drugtst1,drugtst2,drugtst3,alcsts,alctst,alcres,nmact1,nmact2,nmact3,nmact4,nmact5,nmact6,nmprior1,nmprior2,nmprior3,nmprior4,nmprior5,nmprior6,nmcond1,nmcond2,nmcond3,nmcond4,nmcond5,nmcond6,nmsafe_helmet,nmsafe_pads,nmsafe_oth,nmprev_ref,nmprev_lgt,nmprev_oth,crashlocation,nmcrashtype,crosswalk,schoolzone,sidewalk,train_inv,wildlife_inv,rotr_fars,intersect_fars,dd_inv,aid_inv,dpd_inv,id_inv,mj_inv,impnm_inv,ainm_inv,dpnm_inv,speed_inv,unlic_inv,unendmc_inv,drowsy_inv,drdist_inv,nmdist_inv,fty_inv,unrestfat_inv,dr1617_inv,dr1820_inv,dr1620_inv,dr2125_inv,dr1625_inv,dr65_inv,dr70_inv,dr75_inv,mc_inv,pv_inv,ht_inv,ped_inv,bike_inv,unrest_fat,mc_fat,unhelmet_mc,pv_fat,ht_fat,ped_fat,bike_fat,dr_alc7,dr_alc8,dr_drug,dr_imp,dr_dist,dr_spd,dr_fty,dr_unlic,dr_alc7only,dr_alc8only,dr_drugonly,dr_drink,nm_imp,nm_alc7,nm_alc8,nm_drug,nm_dist,agegrp1,agegrp2,roadclass,urbrur,dayweek,restuse,vehtype,race_me,intersect,lanedep,oppdir,wrongway,rep_typ,investag,repag_long,rotr,st_rd,cty_rd,city_rd,oth_rd,drug_thc,thc_res,drug_cthc,cthc_res,drug_cann,prevpersemin,prevperse,prevsusoth,drugtst4,drugtst5,drugtst6,drugtst7,drugtst8,drugres4,drugres5,drugres6,drugres7,drugres8,adspresent,adsengaged,adslevel,race1,race2,race3,race4,race5,helmet,helmetmisuse,nmdistract1,nmdistract2,nmdistract3,nmdistract4,nmdistract5,nmdistract6,lab,isedtcase,crf1,crf2,crf3,CoRoadName,CoMP,IntCoRoadName,IntCoMP
2021,598,EB56571,290,08/05/2021,5:54,5,8,,53,Pierce,2230,1,,1,1,2,1,0,2,2,,,,12,0,2,0,8,0,1,3,2,4,6,0,0,0,0,E PORTLAND AVE,,-122.4082056,47.22915556,0,2,83,72,4,35,80,0,0,1,5,12,1,1,5,5,1,1,1,53,0,37,706,2004,0,,12,,,,,,1,1,38,1,7,,4,0,20,7,11,0,08/06/2021,14:35,2.23E+11,38838,0,0,0,3,1,0,,,,96,,,,,,98,,,,,,98445,53,72,165,6,1,0,0,0,3,,0,,,,,,0,02/15/2016,09/15/2020,20,8,0,0,0,9,8,,,0,,,8,8,2,1,,,1,,,2,1,0,,,,,,,,,,,,,,,,,,,,,,,,,,,,,,0,0,0,0,0,0,0,0,0,0,0,0,0,1,0,0,0,0,1,0,0,0,0,0,0,0,0,0,1,1,0,0,0,0,1,0,0,0,0,0,0,0,0,0,0,0,0,0,0,0,0,0,,,,,,36-40,36-45,City street,U,Thursday,,MC,White,0,0,0,0,City Street,Municipal/City Police,Tacoma Police Department,0,0,0,1,0,,,,,,0,0,2,,,,,,,,,,,0,0,0,1,,,,,5,,,,,,,,,0,0,,,,,,
2021,614,EB56748,213,08/09/2021,15:58,9,8,,33,King,532,1,,1,1,2,1,0,2,2,,,,12,0,2,24.5,1,0,1,3,2,1,3,0,0,0,0,SR-509,,-122.3325417,47.40835833,0,1,50,10,2,35,4,0,0,1,2,12,2,2,2,1,14,1,2,53,0,24,1,2002,0,,68,12,,,,,1,1,54,1,7,,4,0,99,7,11,5,08/22/2021,22:11,1.96E+11,40976,0,0,0,3,1,28,,,,96,,,,,,98,,,,,,85602,4,66,160,6,1,0,0,0,0,,0,,,,,,0,,,8,0,0,1,0,9,2,,,0,,,8,8,0,0,,,0,,,0,0,996,,,,,,,,,,,,,,,,,,,,,,,,,,,,,,0,0,0,0,0,0,0,0,0,0,0,0,0,0,0,0,0,0,0,0,0,0,0,0,0,0,0,0,0,1,0,0,0,0,0,,1,0,0,0,0,0,0,0,0,0,0,0,0,0,0,0,,,,,,51-55,46-55,State route,U,Monday,Unknown,PV,White,0,1,1,0,State Route,County Sheriff,Normandy Park Police Department,0,1,0,0,0,,,,,,0,0,0,,,,,,,,,,,98,98,98,1,,,,,20,,,,,,,,,1,0,,,,,,
2021,614,EB56748,213,08/09/2021,15:58,9,8,,33,King,532,1,,1,1,2,1,0,2,2,,,,12,0,2,24.5,1,0,1,3,2,1,3,0,0,0,0,SR-509,,-122.3325417,47.40835833,0,2,51,62,4,35,4,0,0,1,2,12,3,2,2,1,14,1,1,53,0,42,48,2016,0,,12,,,,,,1,1,56,1,0,,1,0,3,0,11,0,,,,,0,0,0,3,1,0,,,,96,,,,,,98,,,,,,98023,53,70,170,6,1,0,0,1,0,,0,,,,,,0,09/15/2020,09/15/2020,8,0,0,0,8,9,2,,,0,,,8,8,0,0,,,0,,,0,0,996,,,,,,,,,,,,,,,,,,,,,,,,,,,,,,0,0,0,0,0,0,0,0,0,0,0,0,0,0,0,0,0,0,0,0,0,0,0,0,0,0,0,0,0,1,0,0,0,0,0,,0,0,0,0,0,0,0,0,0,0,0,0,0,0,0,0,,,,,,56-60,56-65,State route,U,Monday,Belt Used,PV,Not Fatal,0,1,1,0,State Route,County Sheriff,Normandy Park Police Department,0,1,0,0,0,,,,,,0,0,0,,,,,,,,,,,98,98,98,0,,,,,20,,,,,,,,,1,0,,,,,,
2021,289,EB57005,26,08/09/2021,22:42,9,8,,35,Kitsap,0,1,,2,1,2,1,1,1,1,,,,8,1,0,2.9,1,0,1,4,2,2,4,0,0,0,0,CR-CLEAR CREEK RD NW,,-122.6920556,47.70573056,0,1,13,80,5,98,4,0,0,1,5,8,8,2,2,1,1,99,9,99,0,99,399,9999,0,,8,,,,,,1,1,999,9,0,,9,0,99,7,11,0,,,,,99,9,9,9,1,0,,,,96,,,,,,98,,,,,,99999,99,,999,9,9,99,99,99,99,,0,,,,,,0,,,99,0,0,0,8,9,8,,,0,,,8,8,0,0,,,0,,,0,0,996,,,,,,,,,,,,,,,,,,,,,,,,,,,,,,0,0,0,0,0,0,0,0,0,1,1,1,0,0,0,0,0,0,0,0,0,0,0,0,0,0,0,0,0,1,0,1,0,0,0,,0,0,0,0,0,0,0,0,0,0,0,0,0,0,0,0,,,,,,,,County road,U,Monday,Unknown,PV,Not Fatal,0,0,0,0,County Road,County Sheriff,Kitsap County Sheriff's Office,0,0,1,0,0,,,,,,99,99,99,,,,,,,,,,,98,98,98,0,,,,,20,,,,,,,,,1,0,,,CLEAR CRK RD NW,2.865,NULL,
2021,290,EB57248,1,08/10/2021,17:40,10,8,,23,Garfield,0,1,,1,1,2,1,0,1,1,,,,34,0,0,408,1,0,1,3,1,1,2,0,0,0,0,US-12,,-117.45935,46.44624444,0,1,1,13,2,60,80,0,0,1,2,34,3,2,3,1,14,1,1,53,0,72,706,2006,0,,63,34,,,,,1,1,64,1,7,,4,0,20,7,11,5,08/10/2021,18:51,1.69E+11,39423,0,0,0,3,1,0,,,,92,,,,,,98,,,,,,98671,53,72,220,6,1,0,0,0,0,,0,,,,,,0,,,20,8,0,0,0,9,8,,,0,,,8,8,2,1,,,1,,,2,1,0.032,,,,,,,,,,,,,,,,,,,,,,,,,,,,,,0,0,1,0,1,0,0,0,0,0,0,0,0,0,0,0,1,0,0,0,0,0,0,0,0,0,0,0,1,0,0,0,0,0,1,0,0,0,0,0,1,0,0,0,1,0,0,0,1,0,0,1,,,,,,61-65,56-65,US highway,R,Tuesday,,MC,White,0,1,0,0,State Route,State Patrol,Washington State Patrol,1,1,0,0,0,,,,,,0,0,0,,,,,,,,,,,0,0,0,1,,,,,5,,,,,,,,,1,0,,,,,,
2021,291,EB57277,5,08/12/2021,0:00,12,8,,11,Clark,0,1,,2,1,1,2,0,5,2,,,,12,0,1,8.2,1,0,1,1,2,1,1,0,0,4,3,I-5,,-122.6571056,45.73198056,1,1,32,51,3,60,4,0,0,1,2,12,1,1,4,3,15,4,1,53,0,41,51,2005,0,,12,,,,,,1,1,35,2,7,,4,7,3,0,11,0,08/12/2021,0:00,53039491,39491,0,0,3,2,1,0,,,,92,,,,,,98,,,,,,98632,53,70,130,1,1,0,0,1,0,,0,,,,,,0,10/15/2017,10/15/2017,8,0,0,0,0,9,8,,,0,,,8,8,2,695,605,401,1,1,1,2,1,0,,,,,,,,,,,,,,,,,,,,,,,,,,,,,,0,0,0,0,0,0,1,1,1,0,0,0,0,1,0,0,1,0,0,1,0,0,0,0,0,0,0,0,0,1,1,0,0,0,0,,1,0,0,0,0,0,1,1,1,0,0,1,0,0,1,0,,,,,,31-35,26-35,Interstate,U,Thursday,Belt Used,PV,Multiracial,0,0,0,0,State Route,State Patrol,Washington State Patrol,0,1,0,0,0,thc,4.3,carboxy-thc,10,,0,0,3,1,,,,,417,,,,,98,98,98,201,202,,,,20,,,,,,,,nms,1,0,,,,,,
2021,291,EB57277,5,08/12/2021,0:00,12,8,,11,Clark,0,1,,2,1,1,2,0,5,2,,,,12,0,1,8.2,1,0,1,1,2,1,1,0,0,4,3,I-5,,-122.6571056,45.73198056,1,2,32,53,3,60,63,0,0,1,2,12,1,1,4,3,4,1,3,53,0,84,881,2007,0,,12,,,,,,1,1,54,2,0,,0,0,3,0,11,0,,,,,6,0,0,3,1,0,,,,96,,,,,,98,,,,,,98683,53,62,185,6,1,0,0,0,0,,0,,,,,,0,,,20,0,0,0,8,9,8,,,0,,,8,8,0,0,,,0,,,0,0,996,,,,,,,,,,,,,,,,,,,,,,,,,,,,,,0,0,0,0,0,0,1,1,1,0,0,0,0,1,0,0,1,0,0,1,0,0,0,0,0,0,0,0,0,1,1,0,0,0,0,,0,0,0,0,0,0,0,0,0,0,0,0,0,0,0,0,,,,,,51-55,46-55,Interstate,U,Thursday,,MHTRUCK,Not Fatal,0,0,0,0,State Route,State Patrol,Washington State Patrol,0,1,0,0,0,,,,,,0,0,0,,,,,,,,,,,98,98,98,0,,,,,20,,,,,,,,,1,0,,,,,,
2021,292,EB57524,1,08/06/2021,5:08,6,8,,71,Walla Walla,0,1,,2,1,2,1,0,2,2,,,,12,0,2,9.1,1,0,1,4,1,1,3,0,0,0,0,SR-124,,-118.8362278,46.23656389,0,2,51,62,4,65,14,0,0,1,2,12,1,2,2,1,1,1,1,53,0,49,402,2000,0,,12,,,,,,1,1,44,1,0,,3,0,3,0,11,5,,,,,99,9,9,9,1,0,,,,96,,,,,,98,,,,,,99301,99,,999,9,9,99,99,99,99,,0,,,,,,0,,,8,0,0,0,8,9,2,,,0,,,8,8,8,95,,,96,,,0,0,996,,,,,,,,,,,,,,,,,,,,,,,,,,,,,,0,0,0,0,0,0,0,0,0,0,0,0,0,0,0,0,0,0,0,0,0,0,0,0,0,0,0,0,0,1,0,0,0,0,0,,0,0,0,0,0,0,0,0,0,0,0,0,0,0,0,0,,,,,,41-45,36-45,State route,R,Friday,Belt Used,PV,Not Fatal,0,1,1,0,State Route,State Patrol,Washington State Patrol,0,1,0,0,0,,,,,,99,99,99,,,,,,,,,,,98,98,98,0,,,,,20,,,,,,,,,1,0,,,,,,
2021,292,EB57524,1,08/06/2021,5:08,6,8,,71,Walla Walla,0,1,,2,1,2,1,0,2,2,,,,12,0,2,9.1,1,0,1,4,1,1,3,0,0,0,0,SR-124,,-118.8362278,46.23656389,0,1,50,10,2,65,4,0,0,1,2,12,1,2,2,1,6,1,2,53,0,37,31,2001,0,,68,12,,,,,1,1,30,1,1,,4,7,3,0,11,0,08/06/2021,5:08,53038738,38738,99,9,9,9,1,33,,,,96,,,,,,98,,,,,,99336,99,,999,9,9,99,99,99,99,,0,,,,,,0,,,8,0,0,0,0,9,8,,,0,,,8,8,0,0,,,0,,,0,0,996,,,,,,,,,,,,,,,,,,,,,,,,,,,,,,0,0,0,0,0,0,0,0,0,0,0,0,0,0,0,0,0,0,0,0,0,0,0,0,0,0,0,0,0,1,0,0,0,0,0,,1,0,0,0,0,0,0,0,0,0,0,0,0,0,0,0,,,,,,26-30,26-35,State route,R,Friday,Belt Used,PV,Hispanic,0,1,1,0,State Route,State Patrol,Washington State Patrol,0,1,0,0,0,,,,,,99,99,99,,,,,,,,,,,98,98,98,298,,,,,20,,,,,,,,,1,0,,,,,,
2021,293,EB57697,169,08/07/2021,3:18,7,8,,67,Thurston,1102,1,,3,1,2,1,0,1,1,,,,1,0,0,0,2,0,6,3,2,4,6,0,0,21,3,COLLEGE ST SE,22nd Ave SE,-122.8233194,47.02751111,0,1,98,9,1,35,80,0,0,1,2,1,1,1,3,1,1,1,2,53,0,76,705,2004,0,,1,,,,,,1,1,23,1,7,,4,0,20,7,11,5,08/07/2021,5:04,1.59E+11,38607,0,0,0,2,1,0,,,,96,,,,,,98,,,,,,99338,53,71,160,6,1,1,1,1,3,,0,,,,,,3,10/15/2017,07/15/2020,20,8,0,0,0,9,8,,,0,,,8,8,2,695,605,,1,1,,2,1,0.13,,,,,,,,,,,,,,,,,,,,,,,,,,,,,,0,0,0,1,1,1,1,1,1,0,0,0,1,0,1,0,0,0,0,0,0,0,0,1,1,0,0,0,1,0,0,0,0,0,1,0,0,0,0,0,0,1,1,1,0,1,0,0,0,0,0,1,,,,,,21-25,16-25,City street,U,Saturday,,MC,Black,1,0,0,0,City Street,Municipal/City Police,Lacey Police Department,0,0,0,1,0,thc,3,carboxy-thc,33,,0,0,1,,,,,,,,,,,0,0,0,2,,,,,5,,,,,,,,nms,1,0,,,,,,
2021,298,EB57701,6,08/11/2021,15:34,11,8,,25,Grant,0,1,,1,1,2,2,0,3,2,,,,12,0,6,4,2,0,2,4,1,1,3,0,0,20,3,SR-283,ADAMS RD,-119.7688361,47.14278889,0,1,88,17,2,60,62,0,0,1,2,12,1,1,2,1,1,1,3,53,0,98,806,2016,0,,12,,,,,,1,1,37,1,0,,0,0,3,0,11,0,,,,,0,0,3,2,1,39,,,,96,,,,,,9,,,,,,98024,53,72,190,1,1,0,2,0,0,,1,12,,,,,0,10/15/2016,08/15/2020,20,0,0,0,8,9,2,,,0,,,8,1,2,1,,,1,,,2,1,0.25,,,,,,,,,,,,,,,,,,,,,,,,,,,,,,0,0,0,1,1,1,0,1,0,0,0,0,0,1,0,0,0,0,0,0,0,0,0,0,0,0,0,0,0,1,1,0,0,0,0,,0,0,0,0,0,1,0,1,0,0,0,1,0,1,0,1,,,,,,36-40,36-45,State route,R,Wednesday,,MHTRUCK,Not Fatal,1,0,0,0,State Route,State Patrol,Washington State Patrol,0,1,0,0,0,,,,,,0,0,2,,,,,,,,,,,98,98,98,0,,,,,20,,,,,,,,,1,0,,,,,,
2021,298,EB57701,6,08/11/2021,15:34,11,8,,25,Grant,0,1,,1,1,2,2,0,3,2,,,,12,0,6,4,2,0,2,4,1,1,3,0,0,0,0,SR-283,ADAMS RD,-119.7688361,47.14278889,0,2,89,66,4,60,34,0,0,1,2,12,1,1,4,1,1,2,2,53,0,20,481,2005,0,,12,,,,,,1,1,31,1,1,,4,7,3,0,11,0,08/11/2021,15:34,53041253,41253,0,0,0,3,1,0,,,,96,,,,,,98,,,,,,99357,53,70,175,6,1,0,0,0,2,,0,,,,,,0,05/15/2019,03/15/2019,8,0,0,0,0,9,8,,,0,,,8,8,2,1,,,1,,,2,1,0,,,,,,,,,,,,,,,,,,,,,,,,,,,,,,0,0,0,1,1,1,0,1,0,0,0,0,0,1,0,0,0,0,0,0,0,0,0,0,0,0,0,0,0,1,1,0,0,0,0,,1,0,0,0,0,0,0,0,0,0,0,0,0,0,0,0,,,,,,31-35,26-35,State route,R,Wednesday,Belt Used,PV,Hispanic,1,0,0,0,State Route,State Patrol,Washington State Patrol,0,1,0,0,0,,,,,,0,0,0,,,,,,,,,,,98,98,98,298,,,,,20,,,,,,,,,1,0,,,,,,
2021,294,EB57764,8,08/02/2021,23:16,2,8,,27,Grays Harbor,0,1,,2,1,2,1,0,2,1,,,,42,0,0,24.3,1,0,1,5,1,1,3,0,0,0,0,SR-109,,-124.1829528,47.15505556,0,1,1,13,2,55,34,0,0,1,2,42,3,1,2,1,14,2,1,53,0,35,471,1995,0,,63,42,,,,,1,1,37,2,0,,3,0,3,0,11,5,,,,,0,0,0,2,1,0,,,,96,,,,,,98,,,,,,98569,53,66,275,1,1,0,1,1,0,,97,,,,,,4,05/15/2017,10/15/2020,20,0,0,0,8,9,8,,,0,,,8,8,0,0,,,0,,,0,0,996,,,,,,,,,,,,,,,,,,,,,,,,,,,,,,0,0,1,0,0,0,0,0,0,0,0,0,1,1,0,0,0,0,0,0,0,0,0,0,0,0,0,0,0,1,0,0,0,0,0,,0,0,0,0,0,0,0,0,0,1,0,1,0,0,0,0,,,,,,36-40,36-45,State route,R,Monday,Belt Used,PV,Not Fatal,0,1,0,0,State Route,State Patrol,Washington State Patrol,1,1,0,0,0,,,,,,0,0,0,,,,,,,,,,,0,0,0,0,,,,,20,,,,,,,,,1,0,,,,,,
2021,299,EB57796,2,08/12/2021,0:30,12,8,,61,Snohomish,690,1,,2,1,2,1,0,1,1,,,,24,0,0,194.1,5,1,1,1,2,1,1,0,0,0,0,I-5 RAMP,,-122.1853028,47.98218056,0,1,1,9,1,98,80,0,0,1,5,24,2,1,2,6,14,1,1,53,0,72,706,2017,0,,63,24,,,,,1,1,35,1,7,,4,7,20,7,11,0,08/12/2021,0:30,69053039738,39738,0,0,0,3,1,0,,,,96,,,,,,9,,,,,,98282,53,72,195,6,1,0,0,0,0,,0,,,,,,4,,,20,8,0,0,0,9,8,,,0,,,8,1,2,605,124,996,1,1,1,2,1,0.14,,,,,,,,,,,,,,,,,,,,,,,,,,,,,,0,0,1,0,1,1,1,1,1,0,0,0,1,0,0,0,0,0,0,0,0,0,0,0,0,0,0,0,1,0,0,0,0,0,1,0,0,0,0,0,0,1,1,1,0,1,0,0,0,0,0,1,,,,,,31-35,26-35,Interstate,U,Thursday,,MC,White,0,1,0,0,State Route,State Patrol,Washington State Patrol,1,1,0,0,0,thc,0.69,,,,0,0,0,,,,,,,,,,,0,0,0,1,,,,,5,,,,,,,,nms,1,0,,,,,,
2021,300,EB58029,35,08/14/2021,0:01,14,8,,53,Pierce,0,1,,3,1,2,1,1,1,1,,,,8,0,0,6,1,0,1,3,2,2,4,0,0,0,0,CR-CANYON RD E,,-122.3571028,47.16593056,0,1,13,80,5,45,15,0,0,1,5,8,1,1,4,1,1,1,2,53,0,37,421,2003,0,,8,,,,,,1,1,22,2,0,,0,0,3,0,11,0,,,,,0,0,0,3,1,0,,,,96,,,,,,98,,,,,,98371,53,68,125,6,1,0,0,0,0,,0,,,,,,0,,,20,0,0,0,8,9,8,,,0,,,8,8,8,95,,,96,,,8,95,995,,,,,,,,,,,,,,,,,,,,,,,,,,,,,,0,0,0,0,0,0,0,0,0,1,0,1,0,0,0,0,0,0,0,0,0,0,0,1,1,0,0,0,0,1,0,1,0,0,0,,0,0,0,0,0,0,0,0,0,0,0,0,0,0,0,0,,,,,,21-25,16-25,County road,U,Saturday,Belt Used,PV,Not Fatal,0,0,0,0,County Road,County Sheriff,Law Enforcement Support Agency,0,0,1,0,0,,,,,,0,0,0,,,,,,,,,,,98,98,98,0,,,,,20,,,,,,,,,1,0,,,CANYON RD E,5.97,NULL,
2021,302,EB58353,160,08/15/2021,2:39,15,8,,33,King,1030,1,,3,1,2,1,1,1,1,,,,9,1,0,0,1,0,1,5,2,4,6,0,0,0,0,W SMITH ST,,-122.2397389,47.38308056,0,1,13,83,5,35,99,0,0,1,5,9,1,1,4,1,1,99,9,99,0,99,999,9999,0,,9,,,,,,1,1,999,9,0,,9,0,99,7,11,0,,,,,99,9,9,9,1,0,,,,96,,,,,,98,,,,,,99999,99,,999,9,9,99,99,99,99,,97,,,,,,0,,,99,0,0,0,8,9,8,,,0,,,8,8,0,0,,,0,,,0,0,996,,,,,,,,,,,,,,,,,,,,,,,,,,,,,,0,0,0,0,0,0,0,0,0,1,0,1,0,0,0,0,0,0,0,0,0,0,0,0,0,0,0,0,0,0,0,0,1,0,0,,0,0,0,0,0,0,0,0,0,0,0,0,0,0,0,0,,,,,,,,City street,U,Sunday,,NR-U,Not Fatal,0,0,0,0,City Street,Municipal/City Police,Kent Police Department,0,0,0,1,0,,,,,,99,99,99,,,,,,,,,,,98,98,98,0,,,,,20,,,,,,,,,1,0,,,,,,
2021,303,EB58673,2,08/08/2021,15:50,8,8,,61,Snohomish,0,1,,1,1,2,1,0,2,2,,,,12,0,1,196.4,1,0,1,1,2,1,1,0,0,0,0,I-5,,-122.1747583,48.01326389,0,1,24,51,3,60,4,0,0,1,2,1,1,1,3,3,1,1,2,53,0,20,37,2006,0,,12,63,1,38,18,18,1,1,56,1,7,,4,7,20,7,11,0,08/08/2021,15:50,53038893,38893,0,0,0,0,1,0,,,,96,,,,,,98,,,,,,98270,53,70,200,2,1,0,1,0,0,,0,,,,,,0,06/15/2019,06/15/2019,1,1,9,0,0,9,8,,,0,,,8,8,2,401,417,,1,1,,2,1,0,,,,,,,,,,,,,,,,,,,,,,,,,,,,,,0,0,0,0,0,0,1,1,0,0,0,0,0,1,0,0,0,0,0,1,0,0,0,0,0,0,0,0,1,1,0,0,0,1,0,,1,0,0,0,0,0,1,1,0,0,0,1,0,0,1,0,,,,,,56-60,56-65,Interstate,U,Sunday,Not Used,PV,White,0,0,0,0,State Route,State Patrol,Washington State Patrol,0,1,0,0,0,,,,,,0,0,0,,,,,,,,,,,98,98,98,1,,,,,20,,,,,,,,,1,0,,,,,,
2021,303,EB58673,2,08/08/2021,15:50,8,8,,61,Snohomish,0,1,,1,1,2,1,0,2,2,,,,12,0,1,196.4,1,0,1,1,2,1,1,0,0,0,0,I-5,,-122.1747583,48.01326389,0,2,25,53,3,60,80,0,0,1,2,12,1,1,3,3,1,1,1,53,0,76,706,2014,0,,12,,,,,,1,1,64,1,0,,3,0,20,7,11,5,,,,,0,0,3,3,1,0,,,,96,,,,,,98,,,,,,98271,53,75,180,6,1,0,0,0,0,,0,,,,,,0,,,20,8,0,0,8,9,8,,,0,,,8,8,0,0,,,0,,,0,0,996,,,,,,,,,,,,,,,,,,,,,,,,,,,,,,0,0,0,0,0,0,1,1,0,0,0,0,0,1,0,0,0,0,0,1,0,0,0,0,0,0,0,0,1,1,0,0,0,0,0,0,0,0,0,0,0,0,0,0,0,0,0,0,0,0,0,0,,,,,,61-65,56-65,Interstate,U,Sunday,,MC,Not Fatal,0,0,0,0,State Route,State Patrol,Washington State Patrol,0,1,0,0,0,,,,,,0,0,0,,,,,,,,,,,0,0,0,0,,,,,5,,,,,,,,,1,0,,,,,,
2021,304,EB58675,4,08/15/2021,16:03,15,8,,1,Adams,0,1,,1,1,2,1,0,4,1,,,,1,0,0,210.4,1,0,1,1,1,1,1,0,0,0,0,I-90,,-118.5603861,47.11121111,0,1,6,12,2,70,20,0,0,1,2,1,1,2,2,2,1,4,1,53,0,12,442,2001,0,,64,1,,,,,1,1,36,1,0,,0,0,3,0,11,0,,,,,0,0,0,2,1,6,,,,96,,,,,,9,,,,,,98837,53,69,165,1,1,0,0,0,0,,1,2,,,,,0,,,20,0,0,0,8,9,2,,,0,,,1,8,2,695,605,401,1,1,1,2,1,0,,,,,,,,,,,,,,,,,,,,,,,,,,,,,,0,0,1,0,0,0,1,1,1,0,0,0,0,1,0,0,0,0,0,0,0,0,0,0,0,0,0,0,0,1,0,0,0,0,0,,0,0,0,0,0,0,1,1,0,0,0,1,0,0,1,0,,,,,,36-40,36-45,Interstate,R,Sunday,Belt Used,PV,Not Fatal,0,1,0,0,State Route,State Patrol,Washington State Patrol,1,1,0,0,0,thc,3.6,carboxy-thc,51,,0,0,0,1,,,,,417,,,,,98,98,98,0,,,,,20,,,,,,,,,1,0,,,,,,
2021,305,EB58842,248,08/16/2021,17:01,16,8,,33,King,1830,1,,1,1,1,1,0,6,4,,,,12,0,6,0,2,0,2,4,2,4,6,0,0,3,3,LIND AVE SW,SW 16th St,-122.2233417,47.46608056,0,4,98,62,4,35,14,0,0,1,5,12,1,1,5,1,5,1,2,53,0,37,402,2012,0,,12,,,,,,1,1,29,1,0,,0,0,3,0,11,0,,,,,0,0,0,3,1,0,,,,0,,,,,,0,,,,,,14424,36,71,999,6,1,0,0,0,0,,0,,,,,,0,,,20,0,0,0,8,9,8,,,0,,,8,8,8,95,,,96,,,8,95,995,,,,,,,,,,,,,,,,,,,,,,,,,,,,,,0,0,0,1,0,0,0,0,0,0,0,0,0,0,0,0,0,0,0,0,0,0,0,0,0,1,0,0,0,1,1,0,0,0,0,,0,0,0,0,0,0,0,0,0,0,0,0,0,0,0,0,,,,,,26-30,26-35,City street,U,Monday,Belt Used,PV,Not Fatal,1,0,0,0,City Street,Municipal/City Police,Renton Police Department,0,0,0,1,0,,,,,,0,0,0,,,,,,,,,,,98,98,98,0,,,,,20,,,,,,,,,1,10,,,,,,
2021,305,EB58842,248,08/16/2021,17:01,16,8,,33,King,1830,1,,1,1,1,1,0,6,4,,,,12,0,6,0,2,0,2,4,2,4,6,0,0,3,3,LIND AVE SW,SW 16th St,-122.2233417,47.46608056,0,3,98,62,4,35,14,0,0,1,2,12,1,1,5,1,5,1,1,53,0,49,403,2002,0,,12,,,,,,1,1,69,1,7,,4,0,3,0,11,4,08/16/2021,18:12,1.96E+11,40952,0,0,3,3,1,0,,,,0,,,,,,98,,,,,,98008,53,64,120,6,1,0,0,0,0,,0,,,,,,0,,,20,0,0,0,0,9,8,,,0,,,8,8,2,1,,,1,,,2,1,0,,,,,,,,,,,,,,,,,,,,,,,,,,,,,,0,0,0,1,0,0,0,0,0,0,0,0,0,0,0,0,0,0,0,0,0,0,0,0,0,1,0,0,0,1,1,0,0,0,0,,1,0,0,0,0,0,0,0,0,0,0,0,0,0,0,0,,,,,,66-70,66-75,City street,U,Monday,Belt Used,PV,API,1,0,0,0,City Street,Municipal/City Police,Renton Police Department,0,0,0,1,0,,,,,,0,0,0,,,,,,,,,,,98,98,98,48,,,,,20,,,,,,,,,1,10,,,,,,