year,case,par,repjur,crash_dt,crash_tm,accday,accmon,holiday,county,co_char,city,weather,weather2,lightcond,surfcond,surftype,numfatal,nmforms,pforms,vforms,not_tm,arr_tm,hosp_tm,fhevent,hitrun,manncol,milepnt,reljunc,reljuncinter,intersectiontype,funcsystem,landuse,ownership,route,schlbus,spejur,contdev,devfunc,trafid1,trafid2,x,y,wk_zone,vnumber,crashtype,criticalevent,criticaleventcat,spdlim,body,trailer,emerg,hazcargo,leave,mhevent,roadalgn,roadprof,traflane,trafflow,vehmanvr,numoccs,regowner,regstate,spuse,make,model,modelyr,vrf1,vrf2,seqevent1,seqevent2,seqevent3,seqevent4,seqevent5,seqevent6,pnumber,ptype,age,sex,hispanic,race,injury,diedscene,restraint,restraintmisuse,seatpos,takehosp,death_dt,death_tm,cert,cernum_wa,commlic,licendor,licrestrict,liccomp,drivpres,drf1,drf2,drf3,drf4,distract1,distract2,distract3,distract4,distract5,distract6,dricond1,dricond2,dricond3,dricond4,dricond5,dricond6,dzip,licstate,drhgt_in,weight,noncdl,noncdltype,prevdwi,prevoth,prevacc,prevspd,prevsus,driviol1,driviol2,driviol3,driviol4,driviol5,driviol6,spdrel,first_dt,last_dt,airbag,ejection,ejectpath,extricat,injurwrk,methalc,methdrug,nmlocat,strikveh,prf1,prf2,prf3,druginv,alcinvol,drugsts,drugres1,drugres2,drugres3,drugtst1,drugtst2,drugtst3,alcsts,alctst,alcres,nmact1,nmact2,nmact3,nmact4,nmact5,nmact6,nmprior1,nmprior2,nmprior3,nmprior4,nmprior5,nmprior6,nmcond1,nmcond2,nmcond3,nmcond4,nmcond5,nmcond6,nmsafe_helmet,nmsafe_pads,nmsafe_oth,nmprev_ref,nmprev_lgt,nmprev_oth,crashlocation,nmcrashtype,crosswalk,schoolzone,sidewalk,train_inv,wildlife_inv,rotr_fars,intersect_fars,dd_inv,aid_inv,dpd_inv,id_inv,mj_inv,impnm_inv,ainm_inv,dpnm_inv,speed_inv,unlic_inv,unendmc_inv,drowsy_inv,drdist_inv,nmdist_inv,fty_inv,unrestfat_inv,dr1617_inv,dr1820_inv,dr1620_inv,dr2125_inv,dr1625_inv,dr65_inv,dr70_inv,dr75_inv,mc_inv,pv_inv,ht_inv,ped_inv,bike_inv,unrest_fat,mc_fat,unhelmet_mc,pv_fat,ht_fat,ped_fat,bike_fat,dr_alc7,dr_alc8,dr_drug,dr_imp,dr_dist,dr_spd,dr_fty,dr_unlic,dr_alc7only,dr_alc8only,dr_drugonly,dr_drink,nm_imp,nm_alc7,nm_alc8,nm_drug,nm_dist,agegrp1,agegrp2,roadclass,urbrur,dayweek,restuse,vehtype,race_me,intersect,lanedep,oppdir,wrongway,rep_typ,investag,repag_long,rotr,st_rd,cty_rd,city_rd,oth_rd,drug_thc,thc_res,drug_cthc,cthc_res,drug_cann,prevpersemin,prevperse,prevsusoth,drugtst4,drugtst5,drugtst6,drugtst7,drugtst8,drugres4,drugres5,drugres6,drugres7,drugres8,adspresent,adsengaged,adslevel,race1,race2,race3,race4,race5,helmet,helmetmisuse,nmdistract1,nmdistract2,nmdistract3,nmdistract4,nmdistract5,nmdistract6,lab,isedtcase,crf1,crf2,crf3,CoRoadName,CoMP,IntCoRoadName,IntCoMP
2021,305,EB58842,248,08/16/2021,17:01,16,8,,33,King,1830,1,,1,1,1,1,0,6,4,,,,12,0,6,0,2,0,2,4,2,4,6,0,0,3,3,LIND AVE SW,SW 16th St,-122.2233417,47.46608056,0,1,87,17,2,35,21,0,0,1,2,12,1,1,5,1,1,1,3,53,0,23,461,2014,0,,12,68,12,12,,,1,1,32,1,0,,0,0,3,0,11,0,,,,,0,0,0,3,1,0,,,,96,,,,,,98,,,,,,98033,53,72,170,6,1,0,1,0,0,,0,,,,,,0,01/15/2019,01/15/2019,20,0,0,0,8,9,8,,,0,,,8,8,8,95,,,96,,,8,95,995,,,,,,,,,,,,,,,,,,,,,,,,,,,,,,0,0,0,1,0,0,0,0,0,0,0,0,0,0,0,0,0,0,0,0,0,0,0,0,0,1,0,0,0,1,1,0,0,0,0,,0,0,0,0,0,0,0,0,0,0,0,0,0,0,0,0,,,,,,31-35,26-35,City street,U,Monday,Belt Used,PV,Not Fatal,1,0,0,0,City Street,Municipal/City Police,Renton Police Department,0,0,0,1,0,,,,,,0,0,0,,,,,,,,,,,98,98,98,0,,,,,20,,,,,,,,,1,10,,,,,,
2021,305,EB58842,248,08/16/2021,17:01,16,8,,33,King,1830,1,,1,1,1,1,0,6,4,,,,12,0,6,0,2,0,2,4,2,4,6,0,0,3,3,LIND AVE SW,SW 16th St,-122.2233417,47.46608056,0,2,86,66,4,35,63,0,5,1,2,12,1,1,4,1,1,3,3,94,7,98,898,2015,0,,12,,,,,,1,1,55,1,0,,0,0,3,0,11,0,,,,,6,3,0,3,1,95,,,,96,,,,,,98,,,,,,98391,53,69,200,6,1,0,0,0,0,,0,,,,,,0,,,20,0,0,0,8,9,8,,,0,,,8,8,8,95,,,96,,,8,95,995,,,,,,,,,,,,,,,,,,,,,,,,,,,,,,0,0,0,1,0,0,0,0,0,0,0,0,0,0,0,0,0,0,0,0,0,0,0,0,0,1,0,0,0,1,1,0,0,0,0,,0,0,0,0,0,0,0,0,0,0,0,0,0,0,0,0,,,,,,51-55,46-55,City street,U,Monday,,MHTRUCK,Not Fatal,1,0,0,0,City Street,Municipal/City Police,Renton Police Department,0,0,0,1,0,,,,,,0,0,0,,,,,,,,,,,98,98,98,0,,,,,20,,,,,,,,,1,10,,,,,,
2021,306,EB58947,278,08/16/2021,20:53,16,8,,63,Spokane,2110,1,,3,1,2,1,0,2,2,,,,12,0,6,0,8,0,1,7,2,4,6,0,0,0,0,W HOLYOKE AVE,,-117.4619611,47.71805278,0,1,83,72,4,35,14,0,0,1,5,12,1,1,4,1,1,1,2,53,0,20,403,2007,0,,12,,,,,,1,1,21,1,0,,3,0,3,0,11,5,,,,,0,0,0,3,1,38,,,,96,,,,,,98,,,,,,99205,53,72,230,6,1,0,0,0,0,,97,,,,,,3,,,1,9,0,0,8,9,8,,,0,,,8,8,2,695,605,,1,1,,2,1,0.17,,,,,,,,,,,,,,,,,,,,,,,,,,,,,,0,0,0,0,1,1,1,1,1,0,0,0,1,0,0,0,0,0,1,0,0,0,0,1,1,0,0,0,0,1,0,0,0,0,0,,0,0,0,0,0,1,1,1,0,1,1,0,0,0,0,1,,,,,,21-25,16-25,City street,U,Monday,Belt Used,PV,Not Fatal,0,0,0,0,City Street,Municipal/City Police,Spokane Police Department,0,0,0,1,0,thc,1.3,carboxy-thc,7.8,,0,0,0,,,,,,,,,,,98,98,98,0,,,,,20,,,,,,,,,1,0,,,,,,
2021,306,EB58947,278,08/16/2021,20:53,16,8,,63,Spokane,2110,1,,3,0,0,1,0,2,2,,,,12,0,6,0,8,0,1,7,2,4,6,0,0,0,0,W HOLYOKE AVE,,-117.4619611,47.71805278,0,2,82,66,4,0,34,0,0,1,5,12,0,0,0,0,11,1,1,53,0,20,481,2009,0,,12,,,,,,1,1,59,1,7,,4,7,3,0,11,0,08/16/2021,20:53,2.11E+11,42274,0,0,3,3,1,0,,,,96,,,,,,98,,,,,,99208,53,73,250,6,1,0,0,0,0,,0,,,,,,0,,,1,0,0,0,0,9,8,,,0,,,8,8,2,996,,,1,,,2,1,0.046,,,,,,,,,,,,,,,,,,,,,,,,,,,,,,0,0,0,0,1,1,1,1,1,0,0,0,1,0,0,0,0,0,1,0,0,0,0,1,1,0,0,0,0,1,0,0,0,0,0,,1,0,0,0,1,0,1,1,0,0,0,0,0,0,0,1,,,,,,56-60,56-65,City street,U,Monday,Belt Used,PV,White,0,0,0,0,City Street,Municipal/City Police,Spokane Police Department,0,0,0,1,0,,,,,,0,0,0,,,,,,,,,,,98,98,98,1,,,,,20,,,,,,,,,1,0,,,,,,
2021,307,EB59087,1,08/08/2021,20:15,8,8,,5,Benton,0,1,,5,1,2,2,0,2,2,,,,12,0,6,13.4,2,0,2,4,1,1,3,0,0,20,3,SR-221,SELLARDS RD,-119.6016083,46.13107778,0,1,86,66,4,50,34,0,0,1,2,12,1,1,2,1,1,1,1,53,0,23,471,2003,0,,12,,,,,,1,1,71,1,7,,4,7,3,0,11,0,08/08/2021,20:15,53038493,38493,0,0,0,3,1,39,,,,96,,,,,,9,,,,,,98236,53,68,125,6,1,0,0,0,0,,0,,,,,,0,,,8,0,0,0,0,9,8,,,0,,,1,8,2,996,401,417,1,1,1,2,1,0,,,,,,,,,,,,,,,,,,,,,,,,,,,,,,0,0,0,1,0,0,1,1,0,0,0,0,0,0,0,0,0,0,0,0,0,0,0,0,0,1,1,0,0,1,0,0,0,0,0,,1,0,0,0,0,0,1,1,0,0,0,0,0,0,1,0,,,,,,71-75,66-75,State route,R,Sunday,Belt Used,PV,White,1,0,0,0,State Route,State Patrol,Washington State Patrol,0,1,0,0,0,,,,,,0,0,0,,,,,,,,,,,98,98,98,1,,,,,20,,,,,,,,,1,0,,,,,,
2021,307,EB59087,1,08/08/2021,20:15,8,8,,5,Benton,0,1,,5,1,2,2,0,2,2,,,,12,0,6,13.4,2,0,2,4,1,1,3,0,0,0,0,SR-221,SELLARDS RD,-119.6016083,46.13107778,0,2,87,66,4,65,4,0,0,1,2,12,1,1,2,1,1,1,2,53,0,37,32,1996,0,,12,,,,,,1,1,47,1,1,,4,7,3,0,11,0,08/08/2021,20:15,53040163,40163,99,9,9,9,1,0,,,,96,,,,,,98,,,,,,99350,99,,999,9,9,99,99,99,99,,0,,,,,,0,,,8,0,0,0,0,9,8,,,0,,,8,8,2,1,,,1,,,2,1,0,,,,,,,,,,,,,,,,,,,,,,,,,,,,,,0,0,0,1,0,0,1,1,0,0,0,0,0,0,0,0,0,0,0,0,0,0,0,0,0,1,1,0,0,1,0,0,0,0,0,,1,0,0,0,0,0,0,0,0,0,0,0,0,0,0,0,,,,,,46-50,46-55,State route,R,Sunday,Belt Used,PV,Hispanic,1,0,0,0,State Route,State Patrol,Washington State Patrol,0,1,0,0,0,,,,,,99,99,99,,,,,,,,,,,0,0,0,298,,,,,20,,,,,,,,,1,0,,,,,,
2021,308,EB59940,5,08/10/2021,20:31,10,8,,15,Cowlitz,0,1,,1,1,2,1,1,1,1,,,,8,0,0,23.3,1,0,1,1,1,1,1,0,0,0,0,I-5,,-122.7638389,45.93380833,0,1,13,80,5,60,66,1,0,1,5,8,1,1,3,3,1,1,3,18,0,82,881,2020,0,,8,,,,,,1,1,51,1,0,,0,0,3,0,11,0,,,,,6,1,0,3,1,0,,,,96,,,,,,98,,,,,,98465,53,76,300,6,1,0,0,0,0,,0,,,,,,0,,,20,0,0,0,8,9,2,,,0,,,8,8,8,95,,,96,,,8,95,995,,,,,,,,,,,,,,,,,,,,,,,,,,,,,,0,0,0,0,0,0,0,0,0,0,0,0,0,0,0,0,0,0,0,0,0,0,0,0,0,0,0,0,0,0,1,1,0,0,0,,0,0,0,0,0,0,0,0,0,0,0,0,0,0,0,0,,,,,,51-55,46-55,Interstate,R,Tuesday,,MHTRUCK,Not Fatal,0,0,0,0,State Route,State Patrol,Washington State Patrol,0,1,0,0,0,,,,,,0,0,0,,,,,,,,,,,98,98,98,0,,,,,20,,,,,,,,,1,0,,,,,,
2021,309,EB59977,3,08/15/2021,0:00,15,8,,67,Thurston,0,1,,2,1,2,1,0,1,1,,,,1,0,0,9.2,1,0,1,4,1,1,3,0,0,0,0,SR-510,,-122.6503917,46.98558333,0,1,1,9,1,50,80,0,0,1,2,1,1,1,2,1,6,1,1,53,0,73,706,2004,0,,68,68,63,1,,,1,1,65,1,7,,4,7,20,7,11,0,08/15/2021,0:00,53039861,39861,0,0,3,3,1,8,33,,,96,,,,,,98,,,,,,98597,53,70,190,6,1,1,0,0,0,,0,,,,,,4,03/15/2020,03/15/2020,20,8,0,0,0,9,8,,,0,,,8,8,2,996,996,,1,1,,2,1,0.134,,,,,,,,,,,,,,,,,,,,,,,,,,,,,,0,0,1,0,1,1,1,1,0,0,0,0,1,0,0,0,0,0,0,0,0,0,0,0,0,1,0,0,1,0,0,0,0,0,1,0,0,0,0,0,0,1,1,1,0,1,0,0,0,0,0,1,,,,,,61-65,56-65,State route,R,Sunday,,MC,White,0,1,0,0,State Route,State Patrol,Washington State Patrol,1,1,0,0,0,,,,,,0,1,0,,,,,,,,,,,0,0,0,1,,,,,5,,,,,,,,,1,0,,,,,,
2021,310,EB60039,290,08/19/2021,19:56,19,8,,53,Pierce,2230,1,,1,1,2,2,0,10,4,,,,12,0,6,0,2,0,3,1,2,1,1,0,0,3,3,I-5 RAMP,S HOSMER ST,-122.4631722,47.17924444,0,4,98,62,4,35,34,0,0,1,2,12,1,1,5,5,2,1,2,53,0,7,482,2010,0,,12,,,,,,1,1,46,1,0,,1,0,3,0,11,5,,,,,0,0,0,3,1,0,,,,96,,,,,,98,,,,,,98408,53,68,225,6,1,0,0,0,0,,0,,,,,,0,,,1,0,0,0,8,9,8,,,0,,,8,8,8,95,,,96,,,8,95,995,,,,,,,,,,,,,,,,,,,,,,,,,,,,,,0,0,0,1,0,0,1,1,0,0,0,0,1,1,0,0,0,0,1,0,0,0,0,0,0,0,0,0,0,1,0,0,0,0,0,,0,0,0,0,0,0,0,0,0,0,0,0,0,0,0,0,,,,,,46-50,46-55,Interstate,U,Thursday,Belt Used,PV,Not Fatal,1,0,0,0,State Route,Municipal/City Police,Tacoma Police Department,0,1,0,0,0,,,,,,0,0,0,,,,,,,,,,,98,98,98,0,,,,,20,,,,,,,,,1,0,,,,,,
2021,310,EB60039,290,08/19/2021,19:56,19,8,,53,Pierce,2230,1,,1,1,2,2,0,10,4,,,,12,0,6,0,2,0,3,1,2,1,1,0,0,3,3,I-5 RAMP,S HOSMER ST,-122.4631722,47.17924444,0,3,98,62,4,35,4,0,0,1,2,12,1,1,5,5,5,3,1,53,0,49,40,1997,0,,12,,,,,,1,1,30,1,0,,0,0,3,0,11,0,,,,,0,0,3,3,1,0,,,,96,,,,,,98,,,,,,98465,53,67,148,6,1,0,0,0,0,,0,,,,,,0,,,20,0,0,0,8,9,8,,,0,,,8,8,8,95,,,96,,,8,95,995,,,,,,,,,,,,,,,,,,,,,,,,,,,,,,0,0,0,1,0,0,1,1,0,0,0,0,1,1,0,0,0,0,1,0,0,0,0,0,0,0,0,0,0,1,0,0,0,0,0,,0,0,0,0,0,0,0,0,0,0,0,0,0,0,0,0,,,,,,26-30,26-35,Interstate,U,Thursday,Belt Used,PV,Not Fatal,1,0,0,0,State Route,Municipal/City Police,Tacoma Police Department,0,1,0,0,0,,,,,,0,0,0,,,,,,,,,,,0,0,0,0,,,,,20,,,,,,,,,1,0,,,,,,
2021,310,EB60039,290,08/19/2021,19:56,19,8,,53,Pierce,2230,1,,1,1,2,2,0,10,4,,,,12,0,6,0,2,0,3,1,2,1,1,0,0,3,3,I-5 RAMP,S HOSMER ST,-122.4631722,47.17924444,0,1,83,17,2,35,4,0,0,1,2,12,1,1,5,5,6,2,2,53,0,37,31,1999,0,,12,12,12,,,,1,1,44,1,7,,4,7,99,7,11,0,08/19/2021,19:56,2.23E+11,42392,0,0,0,2,1,38,,,,96,,,,,,98,,,,,,98466,53,72,190,1,1,0,0,0,0,,0,,,,,,4,,,1,0,0,0,0,9,8,,,0,,,8,8,2,177,401,417,1,1,1,2,1,0,,,,,,,,,,,,,,,,,,,,,,,,,,,,,,0,0,0,1,0,0,1,1,0,0,0,0,1,1,0,0,0,0,1,0,0,0,0,0,0,0,0,0,0,1,0,0,0,0,0,,1,0,0,0,0,0,1,1,0,1,1,1,0,0,1,0,,,,,,41-45,36-45,Interstate,U,Thursday,Unknown,PV,White,1,0,0,0,State Route,Municipal/City Police,Tacoma Police Department,0,1,0,0,0,,,,,,0,0,0,1,1,,,,151,996,,,,0,0,0,1,,,,,20,,,,,,,,,1,0,,,,,,
2021,310,EB60039,290,08/19/2021,19:56,19,8,,53,Pierce,2230,1,,1,1,2,2,0,10,4,,,,12,0,6,0,2,0,3,1,2,1,1,0,0,3,3,I-5 RAMP,S HOSMER ST,-122.4631722,47.17924444,0,2,82,66,4,30,4,0,0,1,2,12,1,1,2,6,11,4,2,53,0,32,42,2014,0,,12,,,,,,1,1,35,1,0,,1,0,3,0,11,0,,,,,0,0,0,2,1,0,,,,96,,,,,,98,,,,,,98466,53,73,150,4,1,0,0,0,0,,0,,,,,,0,,,1,0,0,0,8,9,8,,,0,,,8,8,8,95,,,96,,,8,95,995,,,,,,,,,,,,,,,,,,,,,,,,,,,,,,0,0,0,1,0,0,1,1,0,0,0,0,1,1,0,0,0,0,1,0,0,0,0,0,0,0,0,0,0,1,0,0,0,0,0,,0,0,0,0,0,0,0,0,0,0,0,1,0,0,0,0,,,,,,31-35,26-35,Interstate,U,Thursday,Belt Used,PV,Not Fatal,1,0,0,0,State Route,Municipal/City Police,Tacoma Police Department,0,1,0,0,0,,,,,,0,0,0,,,,,,,,,,,98,98,98,0,,,,,20,,,,,,,,,1,0,,,,,,
2021,311,EB60320,1,08/11/2021,9:09,11,8,,77,Yakima,2220,1,,1,1,2,1,0,3,2,,,,12,0,6,69.7,1,0,1,1,2,1,1,0,0,0,0,I-82,,-119.9648361,46.30085833,0,2,45,61,4,60,66,1,0,1,2,12,1,1,2,2,1,1,3,18,0,82,881,2019,0,,12,,,,,,1,1,46,2,0,,0,0,3,0,11,0,,,,,6,1,0,3,1,0,,,,96,,,,,,98,,,,,,98539,53,61,140,6,1,0,0,0,0,,0,,,,,,0,,,20,0,0,0,8,9,2,,,0,,,8,8,0,0,,,0,,,0,0,996,,,,,,,,,,,,,,,,,,,,,,,,,,,,,,0,0,0,0,0,0,1,1,0,0,0,0,0,0,0,0,0,0,0,0,0,0,0,0,0,1,1,1,0,1,1,0,0,0,0,,0,0,0,0,0,0,0,0,0,0,0,0,0,0,0,0,,,,,,46-50,46-55,Interstate,U,Wednesday,,MHTRUCK,Not Fatal,0,0,0,0,State Route,State Patrol,Washington State Patrol,0,1,0,0,0,,,,,,0,0,0,,,,,,,,,,,98,98,98,0,,,,,20,,,,,,,,,1,0,,,,,,
2021,311,EB60320,1,08/11/2021,9:09,11,8,,77,Yakima,2220,1,,1,1,2,1,0,3,2,,,,12,0,6,69.7,1,0,1,1,2,1,1,0,0,0,0,I-82,,-119.9648361,46.30085833,0,1,47,53,3,70,14,0,0,1,2,12,1,1,2,2,15,2,1,53,0,18,405,2018,0,,12,,,,,,1,1,83,1,7,,4,7,3,0,11,0,08/11/2021,9:09,2.22E+11,39357,0,0,3,3,1,27,,,,96,,,,,,98,,,,,,98938,53,69,200,6,1,0,0,0,0,,0,,,,,,0,,,8,0,0,0,0,9,8,,,0,,,8,8,2,996,,,1,,,2,1,0,,,,,,,,,,,,,,,,,,,,,,,,,,,,,,0,0,0,0,0,0,1,1,0,0,0,0,0,0,0,0,0,0,0,0,0,0,0,0,0,1,1,1,0,1,1,0,0,0,0,,1,0,0,0,0,0,1,1,0,0,0,0,0,0,1,0,,,,,,81+,76+,Interstate,U,Wednesday,Belt Used,PV,White,0,0,0,0,State Route,State Patrol,Washington State Patrol,0,1,0,0,0,,,,,,0,0,0,,,,,,,,,,,98,98,98,1,,,,,20,,,,,,,,,1,0,,,,,,
2021,565,EB60491,39,08/17/2021,19:20,17,8,,61,Snohomish,0,1,,1,1,2,1,1,1,1,,,,15,0,0,,8,0,1,7,1,2,4,0,0,0,0,CR-91ST AVE NE,,-122.1087528,48.04683056,0,1,13,83,5,35,34,1,0,1,5,15,1,2,2,1,1,1,1,53,0,20,481,2000,0,,15,,,,,,1,1,45,1,0,,0,0,3,0,11,0,,,,,6,0,0,3,1,0,,,,96,,,,,,98,,,,,,98258,53,72,200,6,1,0,1,3,0,,0,,,,,,0,04/15/2018,07/15/2021,20,0,0,0,8,9,8,,,0,,,8,8,0,0,,,0,,,0,0,996,,,,,,,,,,,,,,,,,,,,,,,,,,,,,,0,0,0,0,0,0,0,0,0,0,0,0,0,0,0,0,0,0,0,0,0,0,0,0,0,0,0,0,0,1,0,1,0,0,0,,0,0,0,0,0,0,0,0,0,0,0,0,0,0,0,0,,,,,,41-45,36-45,County road,R,Tuesday,Belt Used,PV,Not Fatal,0,0,0,0,County Road,County Sheriff,Snohomish County Sheriff's Office,0,0,1,0,0,,,,,,0,0,0,,,,,,,,,,,98,98,98,0,,,,,20,,,,,,,,,0,0,,,91ST AVE NE,0.245,NULL,
2021,312,EB60816,7,08/19/2021,23:39,19,8,,33,King,0,1,,2,1,2,1,0,3,2,,,,12,0,1,25.8,1,0,1,2,2,1,3,0,0,0,0,SR-18,,-121.8979861,47.47393333,0,1,24,51,3,55,80,0,0,1,2,12,1,2,2,3,1,2,1,53,0,72,706,2003,0,,12,,,,,,1,1,39,1,0,,1,0,20,7,11,8,,,,,0,0,0,3,1,0,,,,96,,,,,,9,,,,,,98022,53,75,230,6,1,0,0,0,1,,1,,,,,,4,11/15/2019,11/15/2019,20,8,0,0,8,9,8,,,0,,,8,1,2,695,605,,1,1,,2,1,0.13,,,,,,,,,,,,,,,,,,,,,,,,,,,,,,0,0,0,0,1,1,1,1,1,0,0,0,1,0,0,0,0,0,0,0,0,0,0,0,0,0,0,0,1,1,0,0,0,0,0,0,0,0,0,0,0,1,1,1,0,1,0,0,0,0,0,1,,,,,,36-40,36-45,State route,U,Thursday,,MC,Not Fatal,0,0,0,0,State Route,State Patrol,Washington State Patrol,0,1,0,0,0,thc,2.1,carboxy-thc,6.8,,0,0,0,,,,,,,,,,,0,0,0,0,,,,,5,,,,,,,,,1,0,,,,,,
2021,312,EB60816,7,08/19/2021,23:39,19,8,,33,King,0,1,,2,1,2,1,0,3,2,,,,12,0,1,25.8,1,0,1,2,2,1,3,0,0,0,0,SR-18,,-121.8979861,47.47393333,0,2,25,53,3,55,14,1,0,1,5,12,1,2,2,3,1,1,1,53,0,2,407,2016,0,,12,,,,,,1,1,37,1,0,,0,0,3,0,11,0,,,,,0,0,0,3,1,0,,,,96,,,,,,98,,,,,,98346,53,70,180,6,1,0,0,0,0,,0,,,,,,0,,,20,0,0,0,8,9,8,,,0,,,8,8,0,0,,,0,,,0,0,996,,,,,,,,,,,,,,,,,,,,,,,,,,,,,,0,0,0,0,1,1,1,1,1,0,0,0,1,0,0,0,0,0,0,0,0,0,0,0,0,0,0,0,1,1,0,0,0,0,0,,0,0,0,0,0,0,0,0,0,0,0,0,0,0,0,0,,,,,,36-40,36-45,State route,U,Thursday,Belt Used,PV,Not Fatal,0,0,0,0,State Route,State Patrol,Washington State Patrol,0,1,0,0,0,,,,,,0,0,0,,,,,,,,,,,98,98,98,0,,,,,20,,,,,,,,,1,0,,,,,,
2021,315,EB60893,290,08/22/2021,13:28,22,8,,53,Pierce,2230,10,,1,1,2,1,0,2,2,,,,12,0,6,0,2,0,2,4,2,4,6,0,0,0,0,S 56TH ST,S I St,-122.4458611,47.20638611,0,2,69,62,4,30,80,0,0,1,2,12,1,1,2,1,1,1,1,53,0,37,705,1989,0,,12,,,,,,1,1,40,1,7,,4,7,20,7,11,0,08/22/2021,13:28,2.23E+11,41925,0,0,0,3,1,0,,,,96,,,,,,98,,,,,,98403,53,71,200,6,1,0,0,0,0,,0,,,,,,0,,,20,8,0,0,0,9,8,,,0,,,8,8,2,1,,,1,,,2,1,0,,,,,,,,,,,,,,,,,,,,,,,,,,,,,,0,0,0,1,0,0,0,0,0,0,0,0,0,0,0,0,0,0,1,0,0,0,0,0,0,0,0,0,1,1,0,0,0,0,1,0,0,0,0,0,0,0,0,0,0,0,0,0,0,0,0,0,,,,,,36-40,36-45,City street,U,Sunday,,MC,White,1,0,0,0,City Street,Municipal/City Police,Tacoma Police Department,0,0,0,1,0,,,,,,0,0,0,,,,,,,,,,,0,0,0,1,,,,,5,,,,,,,,,1,0,,,,,,
2021,315,EB60893,290,08/22/2021,13:28,22,8,,53,Pierce,2230,10,,1,1,2,1,0,2,2,,,,12,0,6,0,2,0,2,4,2,4,6,0,0,0,0,S 56TH ST,S I St,-122.4458611,47.20638611,0,1,68,15,2,30,4,0,0,1,2,12,1,1,2,1,11,1,2,53,0,42,48,2001,0,,12,,,,,,1,1,36,1,0,,0,0,3,0,11,0,,,,,0,0,3,3,1,38,,,,96,,,,,,98,,,,,,98404,53,71,165,6,1,0,1,0,3,,97,,,,,,0,08/15/2017,09/15/2021,20,0,0,0,8,2,8,,,0,,,8,0,8,95,,,96,,,2,10,0,,,,,,,,,,,,,,,,,,,,,,,,,,,,,,0,0,0,1,0,0,0,0,0,0,0,0,0,0,0,0,0,0,1,0,0,0,0,0,0,0,0,0,1,1,0,0,0,0,0,,0,0,0,0,0,0,0,0,0,0,1,0,0,0,0,0,,,,,,36-40,36-45,City street,U,Sunday,Belt Used,PV,Not Fatal,1,0,0,0,City Street,Municipal/City Police,Tacoma Police Department,0,0,0,1,0,,,,,,0,0,0,,,,,,,,,,,98,98,98,0,,,,,20,,,,,,,,,1,0,,,,,,
2021,601,EB60921,35,08/23/2021,21:39,23,8,,53,Pierce,0,1,,2,1,1,1,0,1,1,,,,42,0,0,0.3,1,0,1,6,1,2,4,0,0,0,0,CR-TIEDMAN ROAD KP N,,-122.7964694,47.25771389,0,1,1,9,1,35,14,0,0,1,2,42,1,1,2,1,1,1,2,53,0,23,401,2007,0,,63,42,,,,,1,1,41,1,7,,4,0,3,0,11,5,09/09/2021,20:11,2.23E+11,45564,0,0,0,2,1,0,,,,96,,,,,,98,,,,,,98349,53,70,157,1,1,0,5,0,0,,0,,,,,,0,10/15/2016,12/15/2017,1,0,0,0,0,9,8,,,0,,,8,8,8,95,,,96,,,8,95,995,,,,,,,,,,,,,,,,,,,,,,,,,,,,,,0,0,1,0,0,0,0,0,0,0,0,0,0,1,0,0,0,0,0,0,0,0,0,0,0,0,0,0,0,1,0,0,0,0,0,,1,0,0,0,0,0,0,0,0,0,0,1,0,0,0,0,,,,,,41-45,36-45,County road,R,Monday,Belt Used,PV,White,0,1,0,0,County Road,County Sheriff,Law Enforcement Support Agency,1,0,1,0,0,,,,,,0,0,1,,,,,,,,,,,98,98,98,1,,,,,20,,,,,,,,,1,0,,,TIEDEMAN RD NW,0.3,NULL,
2021,630,EB61178,289,08/21/2021,22:19,21,8,,77,Yakima,2220,1,,3,1,1,1,1,1,1,,,,19,0,0,0,1,0,1,7,2,4,6,0,0,0,0,PARKLAND DR,,-120.0225972,46.31368333,0,1,14,14,2,25,4,0,0,1,2,8,1,1,8,4,1,1,2,53,0,12,23,2010,0,,71,19,8,,,,1,1,25,1,0,,0,0,3,0,11,0,,,,,0,0,0,3,1,0,,,,96,,,,,,9,,,,,,98944,53,68,170,6,1,0,0,0,2,,1,,,,,,4,04/15/2018,01/15/2021,8,0,0,0,8,9,8,,,0,,,8,1,8,95,,,96,,,2,1,997,,,,,,,,,,,,,,,,,,,,,,,,,,,,,,0,0,0,0,1,0,0,0,0,0,0,0,1,0,0,0,0,0,0,0,0,0,0,1,1,0,0,0,0,1,0,0,0,0,0,,0,0,0,0,0,0,0,0,0,1,0,0,0,0,0,1,,,,,,21-25,16-25,City street,U,Saturday,Belt Used,PV,Not Fatal,0,1,0,0,City Street,Municipal/City Police,Sunnyside Police Department,1,0,0,1,0,,,,,,0,0,0,,,,,,,,,,,98,98,98,0,,,,,20,,,,,,,,,1,0,,,,,,
2021,317,EB61224,3,08/02/2021,16:14,2,8,,53,Pierce,2230,1,,1,1,2,1,0,1,1,,,,25,0,0,0.3,5,1,1,1,2,1,1,0,0,0,0,I-5 RAMP,,-122.4632194,47.22911389,0,1,1,12,2,98,4,0,0,1,2,25,2,2,2,6,14,1,1,53,0,37,32,2005,0,,64,69,63,25,1,,1,1,34,1,7,,4,7,99,7,11,0,08/02/2021,16:14,2.23E+11,37451,0,0,3,3,1,0,,,,92,,,,,,98,,,,,,98405,53,68,200,6,1,0,4,0,4,,0,,,,,,0,06/15/2017,11/15/2021,8,1,9,0,0,9,8,,,0,,,8,8,2,402,605,,1,1,,2,1,0.156,,,,,,,,,,,,,,,,,,,,,,,,,,,,,,0,0,1,0,1,1,1,1,1,0,0,0,0,0,0,0,1,0,0,0,0,0,0,0,0,0,0,0,0,1,0,0,0,0,0,,1,0,0,0,0,1,1,1,1,0,0,0,0,0,0,1,,,,,,31-35,26-35,Interstate,U,Monday,Unknown,PV,Black,0,1,0,0,State Route,State Patrol,Washington State Patrol,1,1,0,0,0,thc,8.1,,,,0,0,3,,,,,,,,,,,98,98,98,2,,,,,20,,,,,,,,nms,1,0,,,,,,