year,case,par,repjur,crash_dt,crash_tm,accday,accmon,holiday,county,co_char,city,weather,weather2,lightcond,surfcond,surftype,numfatal,nmforms,pforms,vforms,not_tm,arr_tm,hosp_tm,fhevent,hitrun,manncol,milepnt,reljunc,reljuncinter,intersectiontype,funcsystem,landuse,ownership,route,schlbus,spejur,contdev,devfunc,trafid1,trafid2,x,y,wk_zone,vnumber,crashtype,criticalevent,criticaleventcat,spdlim,body,trailer,emerg,hazcargo,leave,mhevent,roadalgn,roadprof,traflane,trafflow,vehmanvr,numoccs,regowner,regstate,spuse,make,model,modelyr,vrf1,vrf2,seqevent1,seqevent2,seqevent3,seqevent4,seqevent5,seqevent6,pnumber,ptype,age,sex,hispanic,race,injury,diedscene,restraint,restraintmisuse,seatpos,takehosp,death_dt,death_tm,cert,cernum_wa,commlic,licendor,licrestrict,liccomp,drivpres,drf1,drf2,drf3,drf4,distract1,distract2,distract3,distract4,distract5,distract6,dricond1,dricond2,dricond3,dricond4,dricond5,dricond6,dzip,licstate,drhgt_in,weight,noncdl,noncdltype,prevdwi,prevoth,prevacc,prevspd,prevsus,driviol1,driviol2,driviol3,driviol4,driviol5,driviol6,spdrel,first_dt,last_dt,airbag,ejection,ejectpath,extricat,injurwrk,methalc,methdrug,nmlocat,strikveh,prf1,prf2,prf3,druginv,alcinvol,drugsts,drugres1,drugres2,drugres3,drugtst1,drugtst2,drugtst3,alcsts,alctst,alcres,nmact1,nmact2,nmact3,nmact4,nmact5,nmact6,nmprior1,nmprior2,nmprior3,nmprior4,nmprior5,nmprior6,nmcond1,nmcond2,nmcond3,nmcond4,nmcond5,nmcond6,nmsafe_helmet,nmsafe_pads,nmsafe_oth,nmprev_ref,nmprev_lgt,nmprev_oth,crashlocation,nmcrashtype,crosswalk,schoolzone,sidewalk,train_inv,wildlife_inv,rotr_fars,intersect_fars,dd_inv,aid_inv,dpd_inv,id_inv,mj_inv,impnm_inv,ainm_inv,dpnm_inv,speed_inv,unlic_inv,unendmc_inv,drowsy_inv,drdist_inv,nmdist_inv,fty_inv,unrestfat_inv,dr1617_inv,dr1820_inv,dr1620_inv,dr2125_inv,dr1625_inv,dr65_inv,dr70_inv,dr75_inv,mc_inv,pv_inv,ht_inv,ped_inv,bike_inv,unrest_fat,mc_fat,unhelmet_mc,pv_fat,ht_fat,ped_fat,bike_fat,dr_alc7,dr_alc8,dr_drug,dr_imp,dr_dist,dr_spd,dr_fty,dr_unlic,dr_alc7only,dr_alc8only,dr_drugonly,dr_drink,nm_imp,nm_alc7,nm_alc8,nm_drug,nm_dist,agegrp1,agegrp2,roadclass,urbrur,dayweek,restuse,vehtype,race_me,intersect,lanedep,oppdir,wrongway,rep_typ,investag,repag_long,rotr,st_rd,cty_rd,city_rd,oth_rd,drug_thc,thc_res,drug_cthc,cthc_res,drug_cann,prevpersemin,prevperse,prevsusoth,drugtst4,drugtst5,drugtst6,drugtst7,drugtst8,drugres4,drugres5,drugres6,drugres7,drugres8,adspresent,adsengaged,adslevel,race1,race2,race3,race4,race5,helmet,helmetmisuse,nmdistract1,nmdistract2,nmdistract3,nmdistract4,nmdistract5,nmdistract6,lab,isedtcase,crf1,crf2,crf3,CoRoadName,CoMP,IntCoRoadName,IntCoMP
2021,318,EB61237,109,08/23/2021,5:27,23,8,,17,Douglas,570,1,,3,1,2,1,0,3,3,,,,12,0,2,3.1,1,0,1,2,2,1,3,0,0,0,0,SR-28,,-120.2975306,47.42311389,0,2,51,54,3,40,14,0,0,1,2,12,1,1,2,2,1,1,1,53,0,35,401,2014,0,,12,,,,,,1,1,48,2,0,,2,0,3,0,11,5,,,,,0,0,0,3,1,0,,,,92,,,,,,98,,,,,,98802,53,61,240,6,1,0,0,0,0,,0,,,,,,0,,,8,0,0,0,8,9,8,,,0,,,8,8,8,95,,,96,,,9,99,999,,,,,,,,,,,,,,,,,,,,,,,,,,,,,,0,0,0,0,1,0,0,0,0,0,0,0,0,0,0,0,1,0,0,1,0,1,1,0,1,0,0,0,0,1,0,0,0,0,0,,0,0,0,0,0,0,0,0,1,0,0,0,0,0,0,0,,,,,,46-50,46-55,State route,U,Monday,Belt Used,PV,Not Fatal,0,1,1,0,State Route,Municipal/City Police,East Wenatchee Police Department,0,1,0,0,0,,,,,,0,0,0,,,,,,,,,,,98,98,98,0,,,,,20,,,,,,,,,1,0,,,,,,
2021,318,EB61237,109,08/23/2021,5:27,23,8,,17,Douglas,570,1,,3,1,2,1,0,3,3,,,,12,0,2,3.1,1,0,1,2,2,1,3,0,0,0,0,SR-28,,-120.2975306,47.42311389,0,3,98,54,3,40,6,0,0,1,2,12,1,1,2,2,1,1,1,53,0,48,38,2001,0,,12,,,,,,1,1,38,1,0,,2,0,3,0,11,5,,,,,0,0,3,3,1,0,,,,96,,,,,,98,,,,,,98802,53,69,170,6,1,0,0,0,0,,0,,,,,,0,,,20,0,0,0,8,9,8,,,0,,,8,8,8,95,,,96,,,9,99,999,,,,,,,,,,,,,,,,,,,,,,,,,,,,,,0,0,0,0,1,0,0,0,0,0,0,0,0,0,0,0,1,0,0,1,0,1,1,0,1,0,0,0,0,1,0,0,0,0,0,,0,0,0,0,0,0,0,0,0,0,0,0,0,0,0,0,,,,,,36-40,36-45,State route,U,Monday,Belt Used,PV,Not Fatal,0,1,1,0,State Route,Municipal/City Police,East Wenatchee Police Department,0,1,0,0,0,,,,,,0,0,0,,,,,,,,,,,98,98,98,0,,,,,20,,,,,,,,,1,0,,,,,,
2021,318,EB61237,109,08/23/2021,5:27,23,8,,17,Douglas,570,1,,3,1,2,1,0,3,3,,,,12,0,2,3.1,1,0,1,2,2,1,3,0,0,0,0,SR-28,,-120.2975306,47.42311389,0,1,50,54,3,40,34,0,0,1,2,12,1,1,2,2,1,1,2,53,0,12,481,2012,0,,12,12,1,,,,1,1,18,1,1,,4,7,20,7,11,0,08/23/2021,5:27,57053041526,41526,6,0,0,3,1,51,,,,92,,,,,,98,,,,,,98812,53,74,250,6,1,0,1,0,4,,0,,,,,,0,07/15/2020,10/15/2021,8,2,9,0,0,9,8,,,0,,,8,8,2,1,,,1,,,2,1,0.02,,,,,,,,,,,,,,,,,,,,,,,,,,,,,,0,0,0,0,1,0,0,0,0,0,0,0,0,0,0,0,1,0,0,1,0,1,1,0,1,0,0,0,0,1,0,0,0,1,0,,1,0,0,0,1,0,0,0,1,0,0,0,1,0,0,1,,,,,,18-20,16-25,State route,U,Monday,Not Used,PV,Hispanic,0,1,1,0,State Route,Municipal/City Police,East Wenatchee Police Department,0,1,0,0,0,,,,,,0,0,0,,,,,,,,,,,98,98,98,1,,,,,20,,,,,,,,,1,0,,,,,,
2021,319,EB61849,25,08/24/2021,13:01,24,8,,33,King,0,1,,1,1,1,1,0,2,2,,,,12,0,6,2.3,1,0,1,4,1,2,4,0,0,0,0,CR-SE AUBURN BLACK DIAM,,-122.1441278,47.31617222,0,1,66,10,2,40,80,0,0,1,2,12,1,2,2,1,6,1,2,53,0,73,705,2009,0,,12,,,,,,1,1,28,1,7,,4,7,20,7,11,0,08/24/2021,13:01,53042890,42890,0,0,0,3,1,33,,,,96,,,,,,98,,,,,,98002,53,73,180,6,1,0,1,0,1,,0,,,,,,4,04/15/2017,05/15/2018,20,8,0,0,0,9,8,,,0,,,8,8,2,605,,,1,,,2,1,0,,,,,,,,,,,,,,,,,,,,,,,,,,,,,,0,0,0,0,0,0,1,1,1,0,0,0,1,1,0,0,0,0,0,0,0,0,0,0,0,0,0,0,1,0,1,0,0,0,1,0,0,0,0,0,0,0,1,1,0,1,0,0,0,0,1,0,,,,,,26-30,26-35,County road,R,Tuesday,,MC,Black,0,1,1,0,County Road,County Sheriff,King County Police,0,0,1,0,0,thc,0.62,,,,0,0,3,,,,,,,,,,,0,0,0,2,,,,,5,,,,,,,,nms,1,0,,,AUBURN BLACK DIAMOND RD,2.28,NULL,
2021,319,EB61849,25,08/24/2021,13:01,24,8,,33,King,0,1,,1,1,1,1,0,2,2,,,,12,0,6,2.3,1,0,1,4,1,2,4,0,0,0,0,CR-SE AUBURN BLACK DIAM,,-122.1441278,47.31617222,0,2,66,62,4,40,61,0,0,1,5,12,1,2,2,1,1,1,3,53,0,12,881,2012,0,,12,,,,,,1,1,40,1,0,,0,0,99,7,11,0,,,,,0,0,0,2,1,0,,,,96,,,,,,98,,,,,,98506,53,66,150,1,1,1,1,0,6,,0,,,,,,0,04/15/2017,03/15/2021,20,0,0,0,8,9,8,,,0,,,8,8,0,0,,,0,,,0,0,996,,,,,,,,,,,,,,,,,,,,,,,,,,,,,,0,0,0,0,0,0,1,1,1,0,0,0,1,1,0,0,0,0,0,0,0,0,0,0,0,0,0,0,1,0,1,0,0,0,0,,0,0,0,0,0,0,0,0,0,0,0,1,0,0,0,0,,,,,,36-40,36-45,County road,R,Tuesday,,MHTRUCK,Not Fatal,0,1,1,0,County Road,County Sheriff,King County Police,0,0,1,0,0,,,,,,0,1,2,,,,,,,,,,,98,98,98,0,,,,,20,,,,,,,,,1,0,,,AUBURN BLACK DIAMOND RD,2.28,NULL,
2021,320,EB61883,305,08/24/2021,16:09,24,8,,11,Clark,2370,1,,1,1,2,1,1,5,3,,,,12,0,6,0.3,3,0,2,3,2,1,6,0,0,3,3,NE FOURTH PLAIN BLVD,NE VANCOUVER MALL DR,-122.5755528,45.65756667,0,2,98,98,7,35,6,0,0,1,5,12,1,1,5,1,10,2,1,53,0,48,34,2005,0,,12,68,12,,,,1,1,23,1,0,,0,0,3,0,11,0,,,,,0,0,0,3,1,0,,,,96,,,,,,98,,,,,,98626,53,66,120,6,1,0,0,0,0,,0,,,,,,0,,,20,0,0,0,8,9,8,,,0,,,8,8,8,95,,,96,,,8,95,995,,,,,,,,,,,,,,,,,,,,,,,,,,,,,,0,0,0,1,0,0,0,0,0,1,0,1,0,0,0,0,0,0,0,0,0,0,0,1,1,1,1,1,0,1,0,1,0,0,0,,0,0,0,0,0,0,0,0,0,0,0,0,0,0,0,0,,,,,,21-25,16-25,City street,U,Tuesday,Belt Used,PV,Not Fatal,1,0,0,0,State Route,Municipal/City Police,Vancouver Police Department,0,1,0,0,0,,,,,,0,0,0,,,,,,,,,,,98,98,98,0,,,,,20,,,,,,,,,1,0,,,,,,
2021,320,EB61883,305,08/24/2021,16:09,24,8,,11,Clark,2370,1,,1,1,2,1,1,5,3,,,,12,0,6,0.3,3,0,2,3,2,1,6,0,0,3,3,NE FOURTH PLAIN BLVD,NE VANCOUVER MALL DR,-122.5755528,45.65756667,0,1,98,8,1,35,14,0,0,1,2,8,1,1,5,5,1,1,4,41,0,30,403,2021,0,,63,69,12,68,8,,1,1,82,1,0,,0,0,3,0,11,0,,,,,0,0,3,3,1,0,,,,96,,,,,,98,,,,,,98661,53,76,236,6,1,0,0,0,0,,97,,,,,,0,,,20,0,0,0,8,9,2,,,0,,,8,8,0,0,,,0,,,0,0,996,,,,,,,,,,,,,,,,,,,,,,,,,,,,,,0,0,0,1,0,0,0,0,0,1,0,1,0,0,0,0,0,0,0,0,0,0,0,1,1,1,1,1,0,1,0,1,0,0,0,,0,0,0,0,0,0,0,0,0,0,0,0,0,0,0,0,,,,,,81+,76+,City street,U,Tuesday,Belt Used,PV,Not Fatal,1,0,0,0,State Route,Municipal/City Police,Vancouver Police Department,0,1,0,0,0,,,,,,0,0,0,,,,,,,,,,,98,98,98,0,,,,,20,,,,,,,,,1,0,,,,,,
2021,320,EB61883,305,08/24/2021,16:09,24,8,,11,Clark,2370,1,,1,1,2,1,1,5,3,,,,12,0,6,0.3,3,0,2,3,2,1,6,0,0,3,3,NE FOURTH PLAIN BLVD,NE VANCOUVER MALL DR,-122.5755528,45.65756667,0,3,98,62,4,35,14,0,0,1,5,12,1,1,5,1,5,2,2,53,0,2,404,2016,0,,12,,,,,,1,1,27,8,0,,0,0,3,0,11,0,,,,,0,0,0,3,1,0,,,,96,,,,,,98,,,,,,98661,53,75,245,6,1,0,1,0,0,,0,,,,,,0,03/15/2018,10/15/2019,20,0,0,0,8,9,8,,,0,,,8,8,8,95,,,96,,,8,95,995,,,,,,,,,,,,,,,,,,,,,,,,,,,,,,0,0,0,1,0,0,0,0,0,1,0,1,0,0,0,0,0,0,0,0,0,0,0,1,1,1,1,1,0,1,0,1,0,0,0,,0,0,0,0,0,0,0,0,0,0,0,0,0,0,0,0,,,,,,26-30,26-35,City street,U,Tuesday,Belt Used,PV,Not Fatal,1,0,0,0,State Route,Municipal/City Police,Vancouver Police Department,0,1,0,0,0,,,,,,0,0,1,,,,,,,,,,,98,98,98,0,,,,,20,,,,,,,,,1,0,,,,,,
2021,323,EB62133,21,08/05/2021,14:25,5,8,,25,Grant,0,1,,1,1,2,2,0,3,2,,,,12,0,6,12.1,2,0,2,6,1,2,4,0,0,0,0,CR-ROAD 11 SW,RD E SW,-119.6005694,46.92826111,0,2,88,66,4,55,66,0,0,1,2,12,1,1,2,1,1,1,3,53,0,82,881,2006,0,,12,,,,,,1,1,57,1,0,,0,0,3,0,11,0,,,,,6,3,3,3,1,0,,,,96,,,,,,98,,,,,,98922,53,69,160,6,1,0,1,0,0,,0,,,,,,0,04/15/2019,04/15/2019,20,0,0,0,8,9,8,,,0,,,8,8,8,95,,,96,,,8,95,995,,,,,,,,,,,,,,,,,,,,,,,,,,,,,,0,0,0,1,0,0,0,0,0,0,0,0,0,1,0,0,1,0,1,0,0,0,0,0,0,0,0,0,0,1,1,0,0,0,0,,0,0,0,0,0,0,0,0,0,0,0,0,0,0,0,0,,,,,,56-60,56-65,County road,R,Thursday,,MHTRUCK,Not Fatal,1,0,0,0,County Road,County Sheriff,Grant County Sheriff's Office,0,0,1,0,0,,,,,,0,0,0,,,,,,,,,,,98,98,98,0,,,,,20,,,,,,,,,1,0,,,11 SW,12.07,E SW,1
2021,323,EB62133,21,08/05/2021,14:25,5,8,,25,Grant,0,1,,1,1,2,2,0,3,2,,,,12,0,6,12.1,2,0,2,6,1,2,4,0,0,20,3,CR-ROAD 11 SW,RD E SW,-119.6005694,46.92826111,0,1,89,17,2,55,6,0,0,1,2,12,1,1,2,1,4,2,2,53,0,35,49,2004,0,,12,63,1,,,,1,1,46,1,1,,4,7,3,0,11,0,08/05/2021,14:25,53039233,39233,0,0,0,2,1,38,,,,92,,,,,,98,,,,,,99344,53,65,165,1,1,0,0,0,0,,0,,,,,,0,,,8,0,0,0,0,9,8,,,0,,,8,8,2,1,,,1,,,2,1,0,,,,,,,,,,,,,,,,,,,,,,,,,,,,,,0,0,0,1,0,0,0,0,0,0,0,0,0,1,0,0,1,0,1,0,0,0,0,0,0,0,0,0,0,1,1,0,0,0,0,,1,0,0,0,0,0,0,0,1,0,1,1,0,0,0,0,,,,,,46-50,46-55,County road,R,Thursday,Belt Used,PV,Hispanic,1,0,0,0,County Road,County Sheriff,Grant County Sheriff's Office,0,0,1,0,0,,,,,,0,0,0,,,,,,,,,,,98,98,98,298,,,,,20,,,,,,,,,1,0,,,11 SW,12.07,E SW,1
2021,324,EB62134,21,08/07/2021,6:01,7,8,,25,Grant,0,1,,9,1,4,1,0,2,1,,,,58,0,0,9.5,1,0,1,7,1,2,4,0,0,0,0,CR-ROAD 9 NE,,-119.2617194,47.21915,0,1,6,12,2,50,4,0,0,1,2,58,1,2,8,1,1,2,2,53,0,49,32,2009,0,,64,67,58,1,,,1,1,19,2,1,,4,7,3,0,11,0,08/07/2021,6:01,53038978,38978,0,0,0,0,1,0,,,,92,,,,,,98,,,,,,99344,53,62,115,0,0,0,0,0,0,,0,,,,,,4,,,20,0,0,0,0,9,8,,,0,,,8,8,2,1,,,1,,,2,1,0,,,,,,,,,,,,,,,,,,,,,,,,,,,,,,0,0,1,0,0,0,0,0,0,0,0,0,1,1,0,0,1,0,0,0,0,1,1,0,1,0,0,0,0,1,0,0,0,0,0,,1,0,0,0,0,0,0,0,1,1,0,1,0,0,0,0,,,,,,18-20,16-25,County road,R,Saturday,Belt Used,PV,Hispanic,0,1,0,0,County Road,County Sheriff,Grant County Sheriff's Office,1,0,1,0,0,,,,,,0,0,0,,,,,,,,,,,98,98,98,1,,,,,20,,,,,,,,,1,0,,,NULL,9.52,NULL,
2021,325,EB62668,7,08/20/2021,7:14,20,8,,33,King,1050,10,,1,1,1,1,0,3,2,,,,25,0,0,17.9,19,1,1,1,2,1,1,0,0,0,0,I-405,,-122.1848,47.67636389,0,1,6,8,1,60,4,0,0,1,2,25,1,1,7,3,1,1,1,53,0,37,31,2006,0,,64,25,69,12,63,39,1,1,51,2,7,,4,0,3,0,11,5,08/20/2021,9:01,1.96E+11,41350,0,0,0,3,1,0,,,,96,,,,,,1,,,,,,98028,53,65,135,6,1,0,1,0,0,,0,,,,,,0,08/15/2017,08/15/2017,8,0,0,0,0,9,8,,,0,,,8,8,2,348,401,,1,1,,2,1,0,,,,,,,,,,,,,,,,,,,,,,,,,,,,,,0,0,1,0,0,0,1,1,0,0,0,0,0,0,0,0,0,0,0,0,0,0,0,0,0,0,0,0,0,1,0,0,0,0,0,,1,0,0,0,0,0,1,1,0,0,0,0,0,0,1,0,,,,,,51-55,46-55,Interstate,U,Friday,Belt Used,PV,White,0,1,0,0,State Route,State Patrol,Washington State Patrol,1,1,0,0,0,,,,,,0,0,0,,,,,,,,,,,98,98,98,1,,,,,20,,,,,,,,,1,0,,,,,,
2021,325,EB62668,7,08/20/2021,7:14,20,8,,33,King,1050,10,,1,1,1,1,0,3,2,,,,25,0,0,17.9,19,1,1,1,2,1,1,0,0,0,0,I-405,,-122.1848,47.67636389,0,2,98,61,4,60,15,0,0,1,2,12,1,1,7,3,16,2,2,53,0,20,422,2011,0,,12,63,39,,,,1,1,44,2,0,,1,0,3,0,11,5,,,,,0,0,3,3,1,0,,,,96,,,,,,98,,,,,,98033,53,61,110,6,1,0,0,0,0,,0,,,,,,0,,,8,0,0,0,8,9,8,,,0,,,8,8,0,0,,,0,,,0,0,996,,,,,,,,,,,,,,,,,,,,,,,,,,,,,,0,0,1,0,0,0,1,1,0,0,0,0,0,0,0,0,0,0,0,0,0,0,0,0,0,0,0,0,0,1,0,0,0,0,0,,0,0,0,0,0,0,0,0,0,0,0,0,0,0,0,0,,,,,,41-45,36-45,Interstate,U,Friday,Belt Used,PV,Not Fatal,0,1,0,0,State Route,State Patrol,Washington State Patrol,1,1,0,0,0,,,,,,0,0,0,,,,,,,,,,,98,98,98,0,,,,,20,,,,,,,,,1,0,,,,,,
2021,326,EB62748,184,08/27/2021,12:37,27,8,,61,Snohomish,1215,2,,1,2,2,1,1,2,1,,,,8,0,0,42.1,3,0,3,3,2,1,3,0,0,20,3,SR-99,VALUE VILLAGE,-122.2973028,47.84173889,0,1,13,80,5,98,15,0,0,1,2,8,1,1,3,1,10,2,1,53,0,23,421,2006,0,,8,,,,,,1,1,45,1,0,,0,0,3,0,11,0,,,,,0,0,0,3,1,38,,,,96,,,,,,98,,,,,,98133,53,67,180,6,1,0,0,0,0,,2,,,,,,0,,,20,0,0,0,8,9,8,,,0,,,8,8,8,95,,,96,,,8,95,995,,,,,,,,,,,,,,,,,,,,,,,,,,,,,,0,0,0,1,0,0,0,0,0,0,0,0,0,0,0,0,0,0,1,0,0,0,0,0,0,0,0,0,0,1,0,1,0,0,0,,0,0,0,0,0,0,0,0,0,0,1,0,0,0,0,0,,,,,,41-45,36-45,State route,U,Friday,Belt Used,PV,Not Fatal,0,0,0,0,State Route,Municipal/City Police,Lynnwood Police Department,0,1,0,0,0,,,,,,0,0,0,,,,,,,,,,,98,98,98,0,,,,,20,,,,,,,,,1,0,,,,,,
2021,327,EB63072,1,08/29/2021,10:44,29,8,,77,Yakima,2590,1,,1,1,2,1,0,1,1,,,,21,0,0,31.4,1,0,1,1,2,1,1,0,0,0,0,I-82,,-120.5074,46.62636944,0,1,1,13,2,60,6,0,0,1,2,21,1,1,2,3,1,1,2,53,0,20,23,2008,0,,63,21,,,,,1,1,73,1,7,,4,7,20,7,11,0,08/29/2021,10:44,2.59E+11,43686,0,0,0,3,1,0,,,,96,,,,,,98,,,,,,98901,53,78,280,6,1,0,0,0,0,,0,,,,,,0,,,1,0,0,0,0,1,1,,,0,,,0,0,2,1,,,1,,,2,1,0,,,,,,,,,,,,,,,,,,,,,,,,,,,,,,0,0,1,0,0,0,0,0,0,0,0,0,0,0,0,0,0,0,0,1,0,0,0,0,0,1,1,0,0,1,0,0,0,1,0,,1,0,0,0,0,0,0,0,0,0,0,0,0,0,0,0,,,,,,71-75,66-75,Interstate,U,Sunday,Not Used,PV,White,0,1,0,0,State Route,State Patrol,Washington State Patrol,1,1,0,0,0,,,,,,0,0,0,,,,,,,,,,,98,98,98,1,,,,,20,,,,,,,,,1,0,,,,,,
2021,328,EB63125,222,08/27/2021,7:45,27,8,,67,Thurston,1590,1,,1,1,2,1,0,1,1,,,,42,0,0,0,1,0,1,5,2,4,6,0,0,0,0,WHEELER AVE SE,,-122.8816083,47.03503889,0,1,7,6,1,98,4,0,0,1,2,42,2,4,2,1,14,1,0,41,0,55,35,1999,0,,68,64,42,,,,1,1,25,1,7,,4,7,20,7,11,0,08/27/2021,7:45,1.59E+11,43282,0,0,0,0,1,0,,,,96,,,,,,98,,,,,,98501,53,70,145,0,0,0,0,0,0,,0,,,,,,4,,,1,0,0,0,0,9,8,,,0,,,8,8,2,177,401,417,1,1,1,2,1,0,,,,,,,,,,,,,,,,,,,,,,,,,,,,,,0,0,0,0,0,0,1,1,0,0,0,0,1,1,0,0,0,0,0,1,0,0,0,1,1,0,0,0,0,1,0,0,0,1,0,,1,0,0,0,0,0,1,1,0,1,0,1,0,0,1,0,,,,,,21-25,16-25,City street,U,Friday,Not Used,PV,AIAN,0,1,0,0,City Street,Municipal/City Police,Olympia Police Department,1,0,0,1,0,,,,,,0,0,0,,,,,,,,,,,0,0,0,3,,,,,20,,,,,,,,,1,0,,,,,,
2021,329,EB63186,3,08/10/2021,20:54,10,8,,53,Pierce,0,1,,3,1,2,1,0,2,2,,,,12,0,1,44.7,1,0,1,3,2,1,3,0,0,0,0,SR-7,,-122.3981333,47.05349722,0,1,24,51,3,50,4,0,0,1,2,12,1,1,5,5,1,1,1,53,0,20,2,2017,0,,12,63,38,30,1,,1,1,48,1,7,,4,0,3,0,11,0,08/10/2021,21:53,2.23E+11,39691,0,0,0,3,1,0,,,,96,,,,,,98,,,,,,39367,28,74,315,6,1,0,0,98,0,,0,,,,,,4,,,8,0,0,0,0,9,8,,,0,,,8,8,2,1,,,1,,,2,1,0.185,,,,,,,,,,,,,,,,,,,,,,,,,,,,,,0,0,0,0,1,1,0,1,0,0,0,0,1,1,0,0,0,0,0,0,0,0,0,0,0,0,0,0,0,1,0,0,0,0,0,,1,0,0,0,0,1,0,1,0,1,0,0,0,1,0,1,,,,,,46-50,46-55,State route,U,Tuesday,Belt Used,PV,Multiracial,0,0,0,0,State Route,State Patrol,Washington State Patrol,0,1,0,0,0,,,,,,0,0,0,,,,,,,,,,,98,98,98,201,202,,,,20,,,,,,,,,1,0,,,,,,
2021,329,EB63186,3,08/10/2021,20:54,10,8,,53,Pierce,0,1,,3,1,2,1,0,2,2,,,,12,0,1,44.7,1,0,1,3,2,1,3,0,0,0,0,SR-7,,-122.3981333,47.05349722,0,2,25,53,3,50,4,0,0,1,5,12,1,1,5,5,1,1,9,99,0,41,49,2005,0,,12,,,,,,1,1,38,1,0,,0,0,3,0,11,0,,,,,0,0,0,2,1,0,,,,96,,,,,,98,,,,,,98445,53,72,180,1,1,0,3,0,3,,0,,,,,,0,12/15/2016,09/15/2017,20,0,0,0,8,9,8,,,0,,,8,8,8,95,,,96,,,8,95,995,,,,,,,,,,,,,,,,,,,,,,,,,,,,,,0,0,0,0,1,1,0,1,0,0,0,0,1,1,0,0,0,0,0,0,0,0,0,0,0,0,0,0,0,1,0,0,0,0,0,,0,0,0,0,0,0,0,0,0,0,0,1,0,0,0,0,,,,,,36-40,36-45,State route,U,Tuesday,Belt Used,PV,Not Fatal,0,0,0,0,State Route,State Patrol,Washington State Patrol,0,1,0,0,0,,,,,,0,0,5,,,,,,,,,,,98,98,98,0,,,,,20,,,,,,,,,1,0,,,,,,
2021,626,EB63350,40,08/28/2021,15:00,28,8,,63,Spokane,0,1,,1,1,2,1,0,1,1,,,,18,0,0,,1,0,1,6,1,2,4,0,0,0,0,CR-E VALLEY SPRINGS RD,,-117.3268889,47.70200833,0,1,1,13,2,35,80,0,0,1,5,18,1,1,2,1,1,1,1,53,0,37,706,2012,0,,63,18,,,,,1,1,72,1,7,,4,0,20,7,11,5,09/02/2021,22:45,2.11E+11,53895,0,0,3,3,1,58,,,,92,,,,,,98,,,,,,99205,53,71,240,6,1,0,0,0,0,,0,,,,,,0,,,20,8,0,0,0,9,8,,,0,,,8,8,0,0,,,0,,,0,0,996,,,,,,,,,,,,,,,,,,,,,,,,,,,,,,0,0,1,0,0,0,0,0,0,0,0,0,0,0,0,0,1,0,0,0,0,0,0,0,0,1,1,0,1,0,0,0,0,0,1,0,0,0,0,0,0,0,0,0,1,0,0,0,0,0,0,0,,,,,,71-75,66-75,County road,R,Saturday,,MC,White,0,1,0,0,County Road,County Sheriff,Spokane County Sheriff's Office,1,0,1,0,0,,,,,,0,0,0,,,,,,,,,,,0,0,0,1,,,,,5,,,,,,,,,1,0,,,VALLEY SPRINGS RD,0.38,NULL,
2021,331,EB63518,20,08/07/2021,18:30,7,8,,23,Garfield,0,1,,1,1,4,1,0,1,1,,,,30,0,0,,1,0,1,7,1,2,4,0,0,0,0,CR-KESSLER MILL RD,,-117.5132444,46.01025,0,1,1,13,2,50,90,0,0,1,5,30,4,1,8,8,14,1,0,0,0,37,734,2005,0,,63,30,,,,,1,1,65,1,7,,4,7,20,7,11,0,08/07/2021,18:30,53038429,38429,0,0,0,1,1,0,,,,96,,,,,,98,,,,,,99320,53,67,190,6,1,0,0,0,1,,0,,,,,,0,07/15/2017,07/15/2017,20,9,0,0,0,9,8,,,0,,,8,8,2,1,,,1,,,2,1,0.176,,,,,,,,,,,,,,,,,,,,,,,,,,,,,,0,0,1,0,1,1,0,1,0,0,0,0,0,0,0,0,0,0,0,0,0,0,0,0,0,1,0,0,0,0,0,0,0,0,0,,0,0,0,0,0,1,0,1,0,0,0,0,0,1,0,1,,,,,,61-65,56-65,County road,R,Saturday,,OTHVT,White,0,1,0,0,County Road,County Sheriff,Garfield County Sheriff's Office,1,0,1,0,0,,,,,,0,0,0,,,,,,,,,,,0,0,0,1,,,,,17,,,,,,,,,1,0,,,KESSLER MILL RD,0.5,NULL,