year,case,par,repjur,crash_dt,crash_tm,accday,accmon,holiday,county,co_char,city,weather,weather2,lightcond,surfcond,surftype,numfatal,nmforms,pforms,vforms,not_tm,arr_tm,hosp_tm,fhevent,hitrun,manncol,milepnt,reljunc,reljuncinter,intersectiontype,funcsystem,landuse,ownership,route,schlbus,spejur,contdev,devfunc,trafid1,trafid2,x,y,wk_zone,vnumber,crashtype,criticalevent,criticaleventcat,spdlim,body,trailer,emerg,hazcargo,leave,mhevent,roadalgn,roadprof,traflane,trafflow,vehmanvr,numoccs,regowner,regstate,spuse,make,model,modelyr,vrf1,vrf2,seqevent1,seqevent2,seqevent3,seqevent4,seqevent5,seqevent6,pnumber,ptype,age,sex,hispanic,race,injury,diedscene,restraint,restraintmisuse,seatpos,takehosp,death_dt,death_tm,cert,cernum_wa,commlic,licendor,licrestrict,liccomp,drivpres,drf1,drf2,drf3,drf4,distract1,distract2,distract3,distract4,distract5,distract6,dricond1,dricond2,dricond3,dricond4,dricond5,dricond6,dzip,licstate,drhgt_in,weight,noncdl,noncdltype,prevdwi,prevoth,prevacc,prevspd,prevsus,driviol1,driviol2,driviol3,driviol4,driviol5,driviol6,spdrel,first_dt,last_dt,airbag,ejection,ejectpath,extricat,injurwrk,methalc,methdrug,nmlocat,strikveh,prf1,prf2,prf3,druginv,alcinvol,drugsts,drugres1,drugres2,drugres3,drugtst1,drugtst2,drugtst3,alcsts,alctst,alcres,nmact1,nmact2,nmact3,nmact4,nmact5,nmact6,nmprior1,nmprior2,nmprior3,nmprior4,nmprior5,nmprior6,nmcond1,nmcond2,nmcond3,nmcond4,nmcond5,nmcond6,nmsafe_helmet,nmsafe_pads,nmsafe_oth,nmprev_ref,nmprev_lgt,nmprev_oth,crashlocation,nmcrashtype,crosswalk,schoolzone,sidewalk,train_inv,wildlife_inv,rotr_fars,intersect_fars,dd_inv,aid_inv,dpd_inv,id_inv,mj_inv,impnm_inv,ainm_inv,dpnm_inv,speed_inv,unlic_inv,unendmc_inv,drowsy_inv,drdist_inv,nmdist_inv,fty_inv,unrestfat_inv,dr1617_inv,dr1820_inv,dr1620_inv,dr2125_inv,dr1625_inv,dr65_inv,dr70_inv,dr75_inv,mc_inv,pv_inv,ht_inv,ped_inv,bike_inv,unrest_fat,mc_fat,unhelmet_mc,pv_fat,ht_fat,ped_fat,bike_fat,dr_alc7,dr_alc8,dr_drug,dr_imp,dr_dist,dr_spd,dr_fty,dr_unlic,dr_alc7only,dr_alc8only,dr_drugonly,dr_drink,nm_imp,nm_alc7,nm_alc8,nm_drug,nm_dist,agegrp1,agegrp2,roadclass,urbrur,dayweek,restuse,vehtype,race_me,intersect,lanedep,oppdir,wrongway,rep_typ,investag,repag_long,rotr,st_rd,cty_rd,city_rd,oth_rd,drug_thc,thc_res,drug_cthc,cthc_res,drug_cann,prevpersemin,prevperse,prevsusoth,drugtst4,drugtst5,drugtst6,drugtst7,drugtst8,drugres4,drugres5,drugres6,drugres7,drugres8,adspresent,adsengaged,adslevel,race1,race2,race3,race4,race5,helmet,helmetmisuse,nmdistract1,nmdistract2,nmdistract3,nmdistract4,nmdistract5,nmdistract6,lab,isedtcase,crf1,crf2,crf3,CoRoadName,CoMP,IntCoRoadName,IntCoMP
2021,346,EB66232,6,09/06/2021,15:21,6,9,,37,Kittitas,0,5,,1,1,1,1,0,1,1,,,,35,0,0,15.7,1,0,1,1,1,1,1,0,0,0,0,I-82,,-120.359475,46.79136389,0,1,1,13,2,70,14,0,0,1,2,1,3,2,2,2,14,1,2,53,0,2,404,2001,0,,63,35,1,,,,1,1,43,1,7,,4,7,20,7,11,0,09/06/2021,15:21,53044159,44159,0,0,0,2,1,0,,,,96,,,,,,9,,,,,,98841,53,67,130,1,1,0,0,0,0,,0,,,,,,0,,,1,1,9,0,0,9,8,,,0,,,1,8,8,95,,,96,,,2,98,997,,,,,,,,,,,,,,,,,,,,,,,,,,,,,,0,0,1,0,0,0,0,0,0,0,0,0,0,1,0,0,0,0,0,1,0,0,0,0,0,0,0,0,0,1,0,0,0,1,0,,1,0,0,0,0,0,0,0,0,0,0,1,0,0,0,0,,,,,,41-45,36-45,Interstate,R,Monday,Not Used,PV,White,0,1,0,0,State Route,State Patrol,Washington State Patrol,1,1,0,0,0,,,,,,0,0,0,,,,,,,,,,,98,98,98,1,,,,,20,,,,,,,,,1,0,,,,,,
2021,348,EB66282,278,09/10/2021,3:40,10,9,,63,Spokane,2110,1,,3,1,2,1,1,1,1,,,,8,0,0,0.4,2,0,2,3,2,1,2,0,0,0,0,US-2,S BROWNE ST,-117.4133917,47.65556667,0,1,13,80,5,30,4,0,0,1,5,8,1,1,4,4,1,1,1,53,0,12,17,2007,0,,8,,,,,,1,1,43,2,0,,0,0,3,0,11,0,,,,,0,0,3,3,1,0,,,,96,,,,,,98,,,,,,99207,53,67,240,6,1,0,0,0,0,,0,,,,,,0,,,20,0,0,0,8,9,8,,,0,,,8,8,8,95,,,96,,,8,95,995,,,,,,,,,,,,,,,,,,,,,,,,,,,,,,0,0,0,1,0,0,0,0,0,1,0,1,0,0,0,0,0,0,0,0,0,0,0,0,0,0,0,0,0,1,0,1,0,0,0,,0,0,0,0,0,0,0,0,0,0,0,0,0,0,0,0,,,,,,41-45,36-45,US highway,U,Friday,Belt Used,PV,Not Fatal,1,0,0,0,State Route,Municipal/City Police,Spokane Police Department,0,1,0,0,0,,,,,,0,0,0,,,,,,,,,,,98,98,98,0,,,,,20,,,,,,,,,1,0,,,,,,
2021,347,EB66342,238,08/28/2021,16:09,28,8,,35,Kitsap,1730,1,,1,1,2,1,0,2,1,,,,43,0,0,11.4,3,0,2,3,2,1,3,0,0,3,3,SR-305,NE HOSTMARK ST,-122.6370778,47.73374167,0,1,1,13,2,40,4,0,0,1,2,43,1,1,5,1,1,2,1,53,0,59,31,2000,0,,63,43,,,,,1,1,68,2,7,,4,8,3,0,11,1,08/28/2021,17:38,1.96E+11,43268,0,0,3,3,1,0,,,,96,,,,,,98,,,,,,98370,53,63,160,6,1,0,0,0,0,,0,,,,,,0,,,1,0,0,1,0,9,8,,,0,,,8,8,2,522,996,996,1,1,1,2,1,0,,,,,,,,,,,,,,,,,,,,,,,,,,,,,,0,0,1,1,0,0,1,1,0,0,0,0,0,0,0,0,0,0,0,0,0,0,0,0,0,1,0,0,0,1,0,0,0,0,0,,1,0,0,0,0,0,1,1,0,0,0,0,0,0,1,0,,,,,,66-70,66-75,State route,U,Saturday,Belt Used,PV,White,0,1,0,0,State Route,Municipal/City Police,Poulsbo Police Department,1,1,0,0,0,,,,,,0,0,0,,,,,,,,,,,98,98,98,1,,,,,20,,,,,,,,,1,0,,,,,,
2021,349,EB66917,1,09/12/2021,19:33,12,9,,5,Benton,1850,1,,1,1,2,1,0,1,1,,,,1,0,0,0.4,5,1,1,1,2,1,1,0,0,0,0,I-182 RAMP,,-119.258225,46.25730833,0,1,6,12,2,98,15,0,0,1,2,1,2,1,1,6,14,1,1,38,0,20,421,2001,0,,64,1,,,,,1,1,35,1,7,,4,7,20,7,11,0,09/12/2021,19:33,1.85E+11,45601,0,0,3,3,1,0,,,,96,,,,,,9,,,,,,99354,53,70,186,6,1,0,0,0,0,,0,,,,,,0,,,20,1,9,0,0,9,8,,,0,,,8,1,2,1,,,1,,,2,1,0.284,,,,,,,,,,,,,,,,,,,,,,,,,,,,,,0,0,1,0,1,1,0,1,0,0,0,0,0,0,0,0,0,0,0,1,0,0,0,0,0,0,0,0,0,1,0,0,0,1,0,,1,0,0,0,0,1,0,1,0,0,0,0,0,1,0,1,,,,,,31-35,26-35,Interstate,U,Sunday,Not Used,PV,White,0,1,0,0,State Route,State Patrol,Washington State Patrol,1,1,0,0,0,,,,,,0,0,0,,,,,,,,,,,98,98,98,1,,,,,20,,,,,,,,,1,0,,,,,,
2021,350,EB66987,2,09/04/2021,14:42,4,9,,57,Skagit,0,10,,1,1,2,1,0,4,3,,,,12,0,6,,2,0,2,5,1,2,4,0,0,20,3,CR-JOSH WILSON RD,FARM TO MARKET RD,-122.4444056,48.48668333,0,1,89,17,2,50,4,0,0,1,2,12,1,2,2,1,1,1,1,53,0,21,2,1998,0,,12,12,1,,,,1,1,92,1,7,,4,7,3,0,11,0,09/04/2021,14:42,53043748,43748,0,0,3,3,1,39,,,,96,,,,,,98,,,,,,98226,53,70,147,6,1,0,0,0,0,,0,,,,,,0,,,1,0,0,0,0,9,8,,,0,,,8,8,2,996,,,1,,,2,1,0,,,,,,,,,,,,,,,,,,,,,,,,,,,,,,0,0,0,1,0,0,1,1,0,0,0,0,0,0,0,0,0,0,0,0,0,0,0,1,1,1,1,1,0,1,0,0,0,0,0,,1,0,0,0,0,0,1,1,0,0,0,0,0,0,1,0,,,,,,81+,76+,County road,R,Saturday,Belt Used,PV,White,1,0,0,0,County Road,State Patrol,Washington State Patrol,0,0,1,0,0,,,,,,0,0,0,,,,,,,,,,,0,0,0,1,,,,,20,,,,,,,,,1,0,,,JOSH WILSON ROAD,4.872,FARM TO MARKET ROAD,2.805
2021,350,EB66987,2,09/04/2021,14:42,4,9,,57,Skagit,0,10,,1,1,2,1,0,4,3,,,,12,0,6,,2,0,2,5,1,2,4,0,0,0,0,CR-JOSH WILSON RD,FARM TO MARKET RD,-122.4444056,48.48668333,0,3,88,66,4,50,4,0,0,1,2,12,1,2,2,1,1,1,2,53,0,37,32,1992,0,,12,,,,,,1,1,22,1,0,,1,0,3,0,11,0,,,,,0,0,0,3,1,0,,,,96,,,,,,98,,,,,,98233,53,72,180,6,1,0,1,0,0,,0,,,,,,0,08/15/2018,08/15/2018,1,0,0,0,8,9,8,,,0,,,8,8,0,0,,,0,,,0,0,996,,,,,,,,,,,,,,,,,,,,,,,,,,,,,,0,0,0,1,0,0,1,1,0,0,0,0,0,0,0,0,0,0,0,0,0,0,0,1,1,1,1,1,0,1,0,0,0,0,0,,0,0,0,0,0,0,0,0,0,0,0,0,0,0,0,0,,,,,,21-25,16-25,County road,R,Saturday,Belt Used,PV,Not Fatal,1,0,0,0,County Road,State Patrol,Washington State Patrol,0,0,1,0,0,,,,,,0,0,0,,,,,,,,,,,0,0,0,0,,,,,20,,,,,,,,,1,0,,,JOSH WILSON ROAD,4.872,FARM TO MARKET ROAD,2.805
2021,350,EB66987,2,09/04/2021,14:42,4,9,,57,Skagit,0,10,,1,1,2,1,0,4,3,,,,12,0,6,,2,0,2,5,1,2,4,0,0,0,0,CR-JOSH WILSON RD,FARM TO MARKET RD,-122.4444056,48.48668333,0,2,98,66,4,50,14,0,0,1,5,12,1,2,2,1,1,2,2,53,0,49,402,2008,0,,12,,,,,,1,1,71,1,0,,3,0,3,0,11,5,,,,,0,0,3,3,1,0,,,,96,,,,,,98,,,,,,98244,53,74,180,6,1,0,0,0,0,,0,,,,,,0,,,1,0,0,0,8,9,8,,,0,,,8,8,0,0,,,0,,,0,0,996,,,,,,,,,,,,,,,,,,,,,,,,,,,,,,0,0,0,1,0,0,1,1,0,0,0,0,0,0,0,0,0,0,0,0,0,0,0,1,1,1,1,1,0,1,0,0,0,0,0,,0,0,0,0,0,0,0,0,0,0,0,0,0,0,0,0,,,,,,71-75,66-75,County road,R,Saturday,Belt Used,PV,Not Fatal,1,0,0,0,County Road,State Patrol,Washington State Patrol,0,0,1,0,0,,,,,,0,0,0,,,,,,,,,,,98,98,98,0,,,,,20,,,,,,,,,1,0,,,JOSH WILSON ROAD,4.872,FARM TO MARKET ROAD,2.805
2021,351,EB67261,7,09/12/2021,18:50,12,9,,33,King,2310,10,,1,1,2,1,0,2,2,,,,12,0,7,155.2,1,0,1,1,2,1,1,0,0,0,0,I-5,,-122.268775,47.47233889,0,2,45,61,4,60,66,1,0,1,2,12,3,1,5,3,14,1,3,18,0,82,881,2020,0,,12,,,,,,1,1,39,1,0,,0,0,3,0,11,0,,,,,6,3,0,3,1,0,,,,96,,,,,,98,,,,,,22153,51,68,250,6,1,0,0,0,0,,0,,,,,,0,,,20,0,0,0,8,9,8,,,0,,,8,8,2,1,,,1,,,2,1,0,,,,,,,,,,,,,,,,,,,,,,,,,,,,,,0,0,0,0,1,1,1,1,1,0,0,0,1,1,0,0,0,0,0,1,0,0,0,0,0,0,0,0,0,1,1,0,0,0,0,,0,0,0,0,0,0,0,0,0,0,0,0,0,0,0,0,,,,,,36-40,36-45,Interstate,U,Sunday,,MHTRUCK,Not Fatal,0,0,0,0,State Route,State Patrol,Washington State Patrol,0,1,0,0,0,,,,,,0,0,0,,,,,,,,,,,98,98,98,0,,,,,20,,,,,,,,,1,0,,,,,,
2021,351,EB67261,7,09/12/2021,18:50,12,9,,33,King,2310,10,,1,1,2,1,0,2,2,,,,12,0,7,155.2,1,0,1,1,2,1,1,0,0,0,0,I-5,,-122.268775,47.47233889,0,1,47,10,2,60,34,0,0,1,2,12,3,1,5,3,15,1,2,53,0,12,471,1999,0,,12,,,,,,1,1,41,1,7,,4,7,20,7,11,0,09/12/2021,18:50,2.31E+11,49650,0,0,0,2,1,0,,,,96,,,,,,98,,,,,,98108,53,70,160,1,1,1,0,0,1,,0,,,,,,4,05/15/2021,05/15/2021,20,0,0,0,0,9,8,,,0,,,8,8,2,695,605,,1,1,,2,1,0.223,,,,,,,,,,,,,,,,,,,,,,,,,,,,,,0,0,0,0,1,1,1,1,1,0,0,0,1,1,0,0,0,0,0,1,0,0,0,0,0,0,0,0,0,1,1,0,0,1,0,,1,0,0,0,0,1,1,1,0,1,0,1,0,0,0,1,,,,,,41-45,36-45,Interstate,U,Sunday,Not Used,PV,Black,0,0,0,0,State Route,State Patrol,Washington State Patrol,0,1,0,0,0,thc,3,carboxy-thc,11,,0,1,0,,,,,,,,,,,0,0,0,2,,,,,20,,,,,,,,nms,1,0,,,,,,
2021,352,EB67467,163,09/03/2021,17:08,3,9,,33,King,1050,1,,1,1,2,1,0,3,2,,,,12,0,2,0,1,0,1,4,2,4,6,0,0,0,0,132ND AVE NE,,-122.1643,47.71495556,0,1,50,10,2,35,4,0,0,1,2,12,2,2,3,5,14,1,2,16,0,21,21,2003,0,,68,12,,,,,1,1,28,2,1,,4,7,20,7,11,0,09/03/2021,17:08,1.05E+11,43841,0,0,0,2,1,0,,,,96,,,,,,98,,,,,,98011,53,67,135,1,1,0,1,1,0,,0,,,,,,4,01/15/2019,01/15/2019,1,0,0,0,0,9,8,,,0,,,8,8,2,996,996,996,1,1,1,2,1,0,,,,,,,,,,,,,,,,,,,,,,,,,,,,,,0,0,0,0,0,0,1,1,0,0,0,0,1,1,0,0,0,0,0,1,0,0,0,0,0,0,0,0,0,1,0,0,0,1,0,,1,0,0,0,0,0,1,1,0,1,0,1,0,0,1,0,,,,,,26-30,26-35,City street,U,Friday,Not Used,PV,Hispanic,0,1,1,0,City Street,Municipal/City Police,Kirkland Police Department,0,0,0,1,0,,,,,,0,0,1,1,1,1,,,401,417,151,996,,98,98,98,1,,,,,20,,,,,,,,,1,0,,,,,,
2021,352,EB67467,163,09/03/2021,17:08,3,9,,33,King,1050,1,,1,1,2,1,0,3,2,,,,12,0,2,0,1,0,1,4,2,4,6,0,0,0,0,132ND AVE NE,,-122.1643,47.71495556,0,2,51,62,4,35,34,0,0,1,2,12,3,2,3,5,14,2,1,53,0,37,471,2019,0,,12,,,,,,1,1,52,1,0,,3,0,3,0,11,4,,,,,0,0,3,3,1,0,,,,96,,,,,,98,,,,,,98034,53,66,195,6,1,0,0,0,0,,0,,,,,,0,,,8,0,0,0,8,9,8,,,0,,,8,8,0,0,,,0,,,0,0,996,,,,,,,,,,,,,,,,,,,,,,,,,,,,,,0,0,0,0,0,0,1,1,0,0,0,0,1,1,0,0,0,0,0,1,0,0,0,0,0,0,0,0,0,1,0,0,0,0,0,,0,0,0,0,0,0,0,0,0,0,0,0,0,0,0,0,,,,,,51-55,46-55,City street,U,Friday,Belt Used,PV,Not Fatal,0,1,1,0,City Street,Municipal/City Police,Kirkland Police Department,0,0,0,1,0,,,,,,0,0,0,,,,,,,,,,,98,98,98,0,,,,,20,,,,,,,,,1,0,,,,,,
2021,573,EB67630,2,09/13/2021,17:15,13,9,,57,Skagit,0,1,,1,1,2,1,0,1,1,,,,24,0,0,,1,0,1,5,1,2,4,0,0,0,0,CR-S SKAGIT HWY,,-121.8935278,48.50880556,0,1,1,13,2,50,80,0,0,1,2,24,1,1,2,1,1,1,1,53,0,37,705,2011,0,,63,24,,,,,1,1,72,1,7,,4,7,20,7,11,0,09/13/2021,17:15,53045832,45832,0,0,3,3,1,0,,,,96,,,,,,9,,,,,,98237,53,66,160,6,1,0,0,0,0,,0,,,,,,0,,,20,8,0,0,0,1,8,,,0,,,8,1,2,1,,,1,,,2,1,0.115,,,,,,,,,,,,,,,,,,,,,,,,,,,,,,0,0,1,0,1,1,0,1,0,0,0,0,0,0,0,0,0,0,0,0,0,0,0,0,0,1,1,0,1,0,0,0,0,0,1,0,0,0,0,0,0,1,0,1,0,0,0,0,0,1,0,1,,,,,,71-75,66-75,County road,R,Monday,,MC,White,0,1,0,0,County Road,State Patrol,Washington State Patrol,1,0,1,0,0,,,,,,0,0,0,,,,,,,,,,,0,0,0,1,,,,,5,,,,,,,,,0,0,,,SOUTH SKAGIT HWY,17.5,NULL,
2021,572,EB67838,55,09/11/2021,0:21,11,9,,33,King,100,1,,2,1,2,2,0,4,2,,,,12,0,6,0,1,0,1,3,2,4,6,0,0,0,0,15TH ST NW,,-122.2418861,47.32225278,0,2,65,62,4,35,4,0,0,1,2,12,1,1,5,1,1,2,1,53,0,37,32,2017,0,,12,,,,,,1,1,26,1,7,,4,7,3,0,11,0,09/11/2021,0:21,10053045401,45401,0,0,0,0,1,0,,,,96,,,,,,98,,,,,,98002,53,,999,0,0,0,1,1,0,,0,,,,,,0,04/15/2017,08/15/2019,9,0,0,0,0,9,8,,,0,,,8,8,2,695,605,,1,1,,2,1,0.019,,,,,,,,,,,,,,,,,,,,,,,,,,,,,,0,0,0,0,1,0,1,1,1,0,0,0,1,1,0,0,0,0,0,0,0,0,0,1,1,0,0,0,0,1,0,0,0,0,0,,1,0,0,0,1,0,1,1,0,0,0,1,0,0,0,1,,,,,,26-30,26-35,City street,U,Saturday,Belt Used,PV,Black,0,1,1,0,City Street,Municipal/City Police,Auburn Police Department,0,0,0,1,0,thc,9,carboxy-thc,19,,0,0,5,,,,,,,,,,,98,98,98,2,,,,,20,,,,,,,,nms,0,0,,,,,,
2021,572,EB67838,55,09/11/2021,0:21,11,9,,33,King,100,1,,2,1,2,2,0,4,2,,,,12,0,6,0,1,0,1,3,2,4,6,0,0,0,0,15TH ST NW,,-122.2418861,47.32225278,0,1,64,9,1,35,15,0,0,1,2,12,1,1,5,1,1,2,2,53,0,45,421,2004,0,,68,12,,,,,1,1,25,1,0,,3,0,20,7,11,5,,,,,0,0,0,3,1,6,8,,,96,,,,,,98,,,,,,98409,53,70,203,6,1,0,0,0,0,,1,,,,,,3,,,2,9,0,1,8,9,8,,,0,,,8,8,9,999,,,99,,,9,99,999,,,,,,,,,,,,,,,,,,,,,,,,,,,,,,0,0,0,0,1,0,1,1,1,0,0,0,1,1,0,0,0,0,0,0,0,0,0,1,1,0,0,0,0,1,0,0,0,0,0,,0,0,0,0,0,0,0,0,0,1,0,0,0,0,0,0,,,,,,21-25,16-25,City street,U,Saturday,Not Used,PV,Not Fatal,0,1,1,0,City Street,Municipal/City Police,Auburn Police Department,0,0,0,1,0,,,,,,0,0,0,,,,,,,,,,,98,98,98,0,,,,,20,,,,,,,,,0,0,,,,,,
2021,574,EB67844,337,09/09/2021,0:11,9,9,,73,Whatcom,110,1,,2,1,2,1,0,2,1,,,,5,0,0,0,1,0,1,3,2,4,6,0,0,0,0,MERIDIAN ST,,-122.4860611,48.76553611,0,1,0,98,7,25,80,0,0,1,2,1,1,1,2,1,1,2,1,53,0,76,706,2009,0,,5,1,,,,,1,1,32,1,7,,4,0,20,7,11,8,09/09/2021,0:48,11053045009,45009,0,0,0,3,1,0,,,,96,,,,,,98,,,,,,98226,53,65,140,6,1,0,1,1,3,,0,,,,,,0,06/15/2019,03/15/2020,20,8,0,0,0,9,8,,,0,,,8,8,2,348,996,996,1,1,1,2,1,0.115,,,,,,,,,,,,,,,,,,,,,,,,,,,,,,0,0,0,0,1,1,1,1,0,0,0,0,0,0,0,0,0,0,0,0,0,0,0,0,0,0,0,0,1,0,0,0,0,0,1,0,0,0,0,0,0,1,1,1,0,0,0,0,0,0,0,1,,,,,,31-35,26-35,City street,U,Thursday,,MC,White,0,0,0,0,City Street,Municipal/City Police,Bellingham Police Department,0,0,0,1,0,,,,,,0,0,1,1,1,,,,401,417,,,,0,0,0,1,,,,,5,,,,,,,,,0,0,,,,,,
2021,353,EB68431,349,06/05/2021,15:01,5,6,,53,Pierce,0,1,,1,1,2,1,0,7,3,,,,1,0,0,,1,0,1,4,1,2,8,0,0,0,0,CR-NORTH GATE RD,,-122.5950611,47.13862222,0,3,98,62,4,45,34,0,0,1,5,12,3,1,2,1,14,4,1,53,0,12,481,2016,0,,12,,,,,,1,1,37,1,0,,0,0,3,0,11,0,,,,,0,0,0,3,1,0,,,,96,,,,,,98,,,,,,31905,13,,999,6,1,0,0,0,0,,0,,,,,,0,,,20,0,0,0,8,9,8,,,0,,,8,8,0,0,,,0,,,0,0,996,,,,,,,,,,,,,,,,,,,,,,,,,,,,,,0,0,0,0,0,0,0,0,0,0,0,0,0,0,1,0,0,0,0,0,0,0,0,0,0,1,0,0,1,1,0,0,0,0,0,,0,0,0,0,0,0,0,0,0,0,0,0,0,0,0,0,,,,,,36-40,36-45,Other,R,Saturday,Belt Used,PV,Not Fatal,0,0,0,0,Other,Municipal/City Police,"Hdqtrs, 1st Military Police Brigade",0,0,0,0,1,,,,,,0,0,0,,,,,,,,,,,98,98,98,0,,,,,20,,,,,,,,,1,0,,,,,,
2021,353,EB68431,349,06/05/2021,15:01,5,6,,53,Pierce,0,1,,1,1,2,1,0,7,3,,,,1,0,0,,1,0,1,4,1,2,8,0,0,0,0,CR-NORTH GATE RD,,-122.5950611,47.13862222,0,1,98,9,1,45,80,0,0,1,5,12,2,1,2,1,14,1,2,53,0,72,706,2011,0,,1,68,12,12,,,1,1,40,2,7,,4,7,20,7,11,0,06/05/2021,15:01,53027754,27754,0,0,0,2,1,28,,,,96,,,,,,98,,,,,,98499,53,68,150,6,1,0,0,0,5,,0,,,,,,0,08/15/2016,12/15/2019,20,8,0,0,0,9,8,,,0,,,8,8,9,999,,,99,,,9,99,999,,,,,,,,,,,,,,,,,,,,,,,,,,,,,,0,0,0,0,0,0,0,0,0,0,0,0,0,0,1,0,0,0,0,0,0,0,0,0,0,1,0,0,1,1,0,0,0,0,1,0,0,0,0,0,0,0,0,0,0,0,0,0,0,0,0,0,,,,,,36-40,36-45,Other,R,Saturday,,MC,White,0,0,0,0,Other,Municipal/City Police,"Hdqtrs, 1st Military Police Brigade",0,0,0,0,1,,,,,,0,0,1,,,,,,,,,,,0,0,0,1,,,,,5,,,,,,,,,1,0,,,,,,
2021,353,EB68431,349,06/05/2021,15:01,5,6,,53,Pierce,0,1,,1,1,2,1,0,7,3,,,,1,0,0,,1,0,1,4,1,2,8,0,0,0,0,CR-NORTH GATE RD,,-122.5950611,47.13862222,0,2,98,62,4,45,20,0,0,1,2,12,3,1,2,1,14,2,3,53,0,6,443,2020,0,,12,,,,,,1,1,67,1,0,,0,0,3,0,11,0,,,,,0,0,0,3,1,0,,,,96,,,,,,98,,,,,,98513,53,74,200,6,1,0,0,0,0,,0,,,,,,0,,,20,0,0,0,8,9,8,,,0,,,8,8,2,1,,,1,,,2,1,0,,,,,,,,,,,,,,,,,,,,,,,,,,,,,,0,0,0,0,0,0,0,0,0,0,0,0,0,0,1,0,0,0,0,0,0,0,0,0,0,1,0,0,1,1,0,0,0,0,0,,0,0,0,0,0,0,0,0,0,0,0,0,0,0,0,0,,,,,,66-70,66-75,Other,R,Saturday,Belt Used,PV,Not Fatal,0,0,0,0,Other,Municipal/City Police,"Hdqtrs, 1st Military Police Brigade",0,0,0,0,1,,,,,,0,0,0,,,,,,,,,,,98,98,98,0,,,,,20,,,,,,,,,1,0,,,,,,
2021,354,EB68435,146,09/13/2021,2:55,13,9,,77,Yakima,0,1,,2,1,2,1,1,1,1,,,,8,0,0,5.7,1,0,1,5,1,2,4,0,3,0,0,CR-LARUE RD,,-120.4199306,46.36095,0,1,13,80,5,50,1,0,0,1,2,8,1,1,2,1,1,1,2,53,0,6,43,2005,0,,8,,,,,,1,1,23,1,0,,0,0,99,7,11,0,,,,,0,0,3,2,1,10,,,,0,,,,,,9,,,,,,98951,53,72,131,1,1,1,0,0,0,,0,,,,,,0,09/15/2019,09/15/2019,20,0,0,0,8,9,8,,,0,,,8,1,8,95,,,96,,,2,1,997,,,,,,,,,,,,,,,,,,,,,,,,,,,,,,0,0,0,0,1,0,0,0,0,1,1,1,0,1,0,0,0,0,0,0,0,0,0,1,1,0,0,0,0,1,0,1,0,0,0,,0,0,0,0,0,0,0,0,0,0,0,1,0,0,0,1,,,,,,21-25,16-25,County road,R,Monday,Unknown,PV,Not Fatal,0,0,0,0,County Road,County Sheriff,Yakima County Sheriff's Office,0,0,1,0,0,,,,,,0,1,0,,,,,,,,,,,98,98,98,0,,,,,20,,,,,,,,,1,0,,,LARUE RD.,5.74,NULL,
2021,355,EB68443,13,09/06/2021,18:50,6,9,,9,Clallam,0,1,,1,1,2,1,1,1,1,,,,9,0,0,,1,0,1,5,1,2,4,0,0,0,0,CR-OLD OLYMPIC HWY,,-123.2084667,48.10521667,0,1,13,11,2,50,4,0,0,1,2,9,1,1,2,1,6,1,1,53,0,48,38,2006,0,,63,9,,,,,1,1,25,1,0,,0,0,3,0,11,0,,,,,0,0,0,3,1,34,,,,92,,,,,,98,,,,,,98362,53,71,230,6,1,0,0,0,0,,97,,,,,,0,,,20,0,0,0,8,9,8,,,0,,,8,8,2,1,,,1,,,2,1,0,,,,,,,,,,,,,,,,,,,,,,,,,,,,,,0,0,0,0,0,0,0,0,0,0,0,0,0,0,0,0,1,0,0,0,0,0,0,1,1,0,0,0,0,1,0,0,1,0,0,,0,0,0,0,0,0,0,0,1,0,0,0,0,0,0,0,,,,,,21-25,16-25,County road,R,Monday,Belt Used,PV,Not Fatal,0,0,0,0,County Road,County Sheriff,Clallam County Sheriff's Office,0,0,1,0,0,,,,,,0,0,0,,,,,,,,,,,98,98,98,0,,,,,20,,,,,,,,,1,0,,,OLD OLYMPIC HWY.,4.62,NULL,
2021,377,EB69481,14,09/18/2021,22:00,18,9,,11,Clark,0,2,,2,2,2,1,0,3,1,,,,42,0,0,,1,0,1,6,1,2,4,0,0,0,0,CR-NE W H GARNER RD,,-122.4538417,45.88297222,0,1,6,6,1,50,4,0,0,1,2,42,3,2,2,1,14,3,2,53,0,37,32,2004,0,,68,64,42,,,,1,1,16,2,0,,0,0,3,0,11,0,,,,,0,0,2,3,1,58,73,,,96,,,,,,98,,,,,,98675,53,63,114,6,2,0,0,0,0,,97,,,,,,4,,,20,0,0,0,8,9,8,,,0,,,8,8,0,0,,,0,,,0,0,996,,,,,,,,,,,,,,,,,,,,,,,,,,,,,,0,0,1,0,0,0,0,0,0,0,0,0,1,0,0,0,0,0,0,1,1,0,1,0,1,0,0,0,0,1,0,0,0,0,0,,0,0,0,0,0,0,0,0,0,1,0,0,0,0,0,0,,,,,,16-17,16-25,County road,R,Saturday,Belt Used,PV,Not Fatal,0,1,0,0,County Road,County Sheriff,Clark County Sheriff's Office,1,0,1,0,0,,,,,,0,0,0,,,,,,,,,,,98,98,98,0,,,,,20,,,,,,,,,1,0,,,NE W H GARNER RD,3.09,NULL,