year,case,par,repjur,crash_dt,crash_tm,accday,accmon,holiday,county,co_char,city,weather,weather2,lightcond,surfcond,surftype,numfatal,nmforms,pforms,vforms,not_tm,arr_tm,hosp_tm,fhevent,hitrun,manncol,milepnt,reljunc,reljuncinter,intersectiontype,funcsystem,landuse,ownership,route,schlbus,spejur,contdev,devfunc,trafid1,trafid2,x,y,wk_zone,vnumber,crashtype,criticalevent,criticaleventcat,spdlim,body,trailer,emerg,hazcargo,leave,mhevent,roadalgn,roadprof,traflane,trafflow,vehmanvr,numoccs,regowner,regstate,spuse,make,model,modelyr,vrf1,vrf2,seqevent1,seqevent2,seqevent3,seqevent4,seqevent5,seqevent6,pnumber,ptype,age,sex,hispanic,race,injury,diedscene,restraint,restraintmisuse,seatpos,takehosp,death_dt,death_tm,cert,cernum_wa,commlic,licendor,licrestrict,liccomp,drivpres,drf1,drf2,drf3,drf4,distract1,distract2,distract3,distract4,distract5,distract6,dricond1,dricond2,dricond3,dricond4,dricond5,dricond6,dzip,licstate,drhgt_in,weight,noncdl,noncdltype,prevdwi,prevoth,prevacc,prevspd,prevsus,driviol1,driviol2,driviol3,driviol4,driviol5,driviol6,spdrel,first_dt,last_dt,airbag,ejection,ejectpath,extricat,injurwrk,methalc,methdrug,nmlocat,strikveh,prf1,prf2,prf3,druginv,alcinvol,drugsts,drugres1,drugres2,drugres3,drugtst1,drugtst2,drugtst3,alcsts,alctst,alcres,nmact1,nmact2,nmact3,nmact4,nmact5,nmact6,nmprior1,nmprior2,nmprior3,nmprior4,nmprior5,nmprior6,nmcond1,nmcond2,nmcond3,nmcond4,nmcond5,nmcond6,nmsafe_helmet,nmsafe_pads,nmsafe_oth,nmprev_ref,nmprev_lgt,nmprev_oth,crashlocation,nmcrashtype,crosswalk,schoolzone,sidewalk,train_inv,wildlife_inv,rotr_fars,intersect_fars,dd_inv,aid_inv,dpd_inv,id_inv,mj_inv,impnm_inv,ainm_inv,dpnm_inv,speed_inv,unlic_inv,unendmc_inv,drowsy_inv,drdist_inv,nmdist_inv,fty_inv,unrestfat_inv,dr1617_inv,dr1820_inv,dr1620_inv,dr2125_inv,dr1625_inv,dr65_inv,dr70_inv,dr75_inv,mc_inv,pv_inv,ht_inv,ped_inv,bike_inv,unrest_fat,mc_fat,unhelmet_mc,pv_fat,ht_fat,ped_fat,bike_fat,dr_alc7,dr_alc8,dr_drug,dr_imp,dr_dist,dr_spd,dr_fty,dr_unlic,dr_alc7only,dr_alc8only,dr_drugonly,dr_drink,nm_imp,nm_alc7,nm_alc8,nm_drug,nm_dist,agegrp1,agegrp2,roadclass,urbrur,dayweek,restuse,vehtype,race_me,intersect,lanedep,oppdir,wrongway,rep_typ,investag,repag_long,rotr,st_rd,cty_rd,city_rd,oth_rd,drug_thc,thc_res,drug_cthc,cthc_res,drug_cann,prevpersemin,prevperse,prevsusoth,drugtst4,drugtst5,drugtst6,drugtst7,drugtst8,drugres4,drugres5,drugres6,drugres7,drugres8,adspresent,adsengaged,adslevel,race1,race2,race3,race4,race5,helmet,helmetmisuse,nmdistract1,nmdistract2,nmdistract3,nmdistract4,nmdistract5,nmdistract6,lab,isedtcase,crf1,crf2,crf3,CoRoadName,CoMP,IntCoRoadName,IntCoMP
2021,389,EB74082,4,10/01/2021,16:55,1,10,,63,Spokane,0,1,,1,1,2,1,0,2,2,,,,12,0,6,291.8,2,0,2,2,2,1,2,0,0,0,0,US-2,COLBERT RD,-117.3471972,47.82445833,0,2,88,66,4,60,80,0,0,1,2,12,3,1,3,2,14,1,1,53,0,72,706,2021,0,,12,,,,,,1,1,58,1,7,,4,7,20,7,11,0,10/01/2021,16:55,53050594,50594,0,0,0,3,1,0,,,,96,,,,,,98,,,,,,99003,53,72,199,6,1,0,0,0,0,,0,,,,,,0,,,20,8,0,0,0,9,8,,,0,,,8,8,2,996,996,,1,1,,2,1,0,,,,,,,,,,,,,,,,,,,,,,,,,,,,,,0,0,0,1,0,0,1,1,0,0,0,0,0,0,0,0,0,0,1,0,0,0,0,0,0,1,1,1,1,1,0,0,0,0,1,1,0,0,0,0,0,0,1,1,0,0,0,0,0,0,1,0,,,,,,56-60,56-65,US highway,U,Friday,,MC,White,1,0,0,0,State Route,State Patrol,Washington State Patrol,0,1,0,0,0,,,,,,0,0,0,,,,,,,,,,,98,98,98,1,,,,,16,,,,,,,,,1,0,,,,,,
2021,389,EB74082,4,10/01/2021,16:55,1,10,,63,Spokane,0,1,,1,1,2,1,0,2,2,,,,12,0,6,291.8,2,0,2,2,2,1,2,0,0,20,3,US-2,COLBERT RD,-117.3471972,47.82445833,0,1,89,17,2,60,15,0,0,1,2,12,8,8,2,1,4,1,1,53,0,20,423,2015,0,,12,,,,,,1,1,81,2,0,,2,0,3,0,11,5,,,,,0,0,3,3,1,38,,,,96,,,,,,98,,,,,,99005,53,65,168,6,1,0,1,1,0,,46,,,,,,0,12/15/2017,12/15/2017,20,0,0,0,8,9,8,,,0,,,8,8,0,0,,,0,,,0,0,996,,,,,,,,,,,,,,,,,,,,,,,,,,,,,,0,0,0,1,0,0,1,1,0,0,0,0,0,0,0,0,0,0,1,0,0,0,0,0,0,1,1,1,1,1,0,0,0,0,0,,0,0,0,0,0,0,0,0,0,0,1,0,0,0,0,0,,,,,,81+,76+,US highway,U,Friday,Belt Used,PV,Not Fatal,1,0,0,0,State Route,State Patrol,Washington State Patrol,0,1,0,0,0,,,,,,0,0,0,,,,,,,,,,,98,98,98,0,,,,,20,,,,,,,,,1,0,,,,,,
2021,390,EB74510,1,09/11/2021,1:14,11,9,,71,Walla Walla,0,1,,2,1,2,1,0,1,1,,,,35,0,0,349,1,0,1,3,1,1,2,0,0,0,0,US-12,,-118.1377639,46.19419444,0,1,1,13,2,60,34,0,0,1,2,1,3,1,2,1,14,1,2,16,0,12,481,1993,0,,63,35,1,,,,1,1,25,1,7,,4,7,20,7,11,0,09/11/2021,1:14,53045075,45075,6,0,0,3,1,0,,,,92,,,,,,98,,,,,,83318,16,67,130,6,1,0,0,0,0,,0,,,,,,0,,,20,1,9,0,1,9,8,,,0,,,8,8,0,0,,,0,,,0,0,996,,,,,,,,,,,,,,,,,,,,,,,,,,,,,,0,0,1,0,0,0,0,0,0,0,0,0,0,0,0,0,1,0,0,1,0,0,0,1,1,0,0,0,0,1,0,0,0,1,0,,1,0,0,0,0,0,0,0,1,0,0,0,0,0,0,0,,,,,,21-25,16-25,US highway,R,Saturday,Not Used,PV,White,0,1,0,0,State Route,State Patrol,Washington State Patrol,1,1,0,0,0,,,,,,0,0,0,,,,,,,,,,,0,0,0,1,,,,,20,,,,,,,,,1,0,,,,,,
2021,391,EB74561,31,10/03/2021,8:57,3,10,,45,Mason,0,1,,1,2,2,1,0,1,1,,,,34,0,0,2.6,1,0,1,5,2,2,4,0,0,0,0,CR-E JOHNS PRAIRIE RD,,-123.0688694,47.24721944,0,1,6,6,1,45,4,0,0,1,2,1,3,2,2,1,14,1,2,53,0,54,35,2001,0,,64,34,67,59,1,,1,1,24,1,7,,4,7,3,0,11,0,10/03/2021,8:57,53050499,50499,0,0,0,3,1,0,,,,92,,,,,,98,,,,,,98584,53,69,150,6,1,1,1,2,3,,0,,,,,,0,05/15/2016,11/15/2020,8,1,9,0,0,9,8,,,0,,,8,8,2,695,605,,1,1,,2,1,0.119,,,,,,,,,,,,,,,,,,,,,,,,,,,,,,0,0,1,0,1,1,1,1,1,0,0,0,0,0,0,0,1,0,0,0,0,0,0,1,1,0,0,0,0,1,0,0,0,0,0,,1,0,0,0,0,1,1,1,1,0,0,0,0,0,0,1,,,,,,21-25,16-25,County road,U,Sunday,Belt Used,PV,White,0,1,0,0,County Road,County Sheriff,Mason County Sheriff's Office,1,0,1,0,0,thc,50,carboxy-thc,230,,0,0,5,,,,,,,,,,,98,98,98,1,,,,,20,,,,,,,,nms,1,0,,,JOHNS PRAIRIE RD,2.623,NULL,
2021,392,EB74709,122,09/21/2021,7:22,21,9,,61,Snohomish,690,1,,1,1,2,1,0,2,4,,,,12,0,6,0,8,0,1,3,2,4,6,0,0,0,0,RUCKER AVE,,-122.2107556,47.96226944,0,1,69,62,4,35,14,0,0,1,2,12,1,1,7,5,1,1,1,53,0,35,401,1996,0,,12,63,30,30,14,14,1,1,35,1,0,,3,0,99,7,11,4,,,,,0,0,0,3,1,0,,,,96,,,,,,8,9,,,,,98012,53,70,200,6,1,0,0,0,1,,97,,,,,,4,03/15/2019,03/15/2019,8,0,0,0,8,9,2,,,0,,,1,0,8,95,,,96,,,0,0,996,,,,,,,,,,,,,,,,,,,,,,,,,,,,,,0,0,0,0,0,0,1,1,0,0,0,0,1,0,0,0,0,0,0,1,0,0,0,0,0,0,0,0,0,1,0,0,0,0,0,,0,0,0,0,0,0,0,0,0,1,0,0,0,0,0,0,,,,,,31-35,26-35,City street,U,Tuesday,Unknown,PV,Not Fatal,0,0,0,0,City Street,Municipal/City Police,Everett Police Department,0,0,0,1,0,,,,,,0,0,0,,,,,,,,,,,0,0,0,0,,,,,20,,,,,,,,,1,0,,,,,,
2021,392,EB74709,122,09/21/2021,7:22,21,9,,61,Snohomish,690,1,,1,1,2,1,0,2,4,,,,12,0,6,0,8,0,1,3,2,4,6,0,0,0,0,RUCKER AVE,,-122.2107556,47.96226944,0,2,68,15,2,35,34,0,0,1,2,12,1,1,7,5,11,1,3,53,0,35,472,2018,0,,12,1,63,,,,1,1,43,1,7,,4,7,20,7,11,0,09/21/2021,7:22,69053049003,49003,0,0,0,3,1,0,,,,96,,,,,,98,,,,,,98201,53,72,270,6,1,0,0,1,1,,0,,,,,,0,04/15/2017,04/15/2019,8,0,0,0,0,9,8,,,0,,,8,8,2,189,188,996,1,1,1,2,1,0,,,,,,,,,,,,,,,,,,,,,,,,,,,,,,0,0,0,0,0,0,1,1,0,0,0,0,1,0,0,0,0,0,0,1,0,0,0,0,0,0,0,0,0,1,0,0,0,1,0,,1,0,0,0,0,0,1,1,0,0,0,0,0,0,1,0,,,,,,41-45,36-45,City street,U,Tuesday,Not Used,PV,White,0,0,0,0,City Street,Municipal/City Police,Everett Police Department,0,0,0,1,0,,,,,,0,0,0,,,,,,,,,,,98,98,98,1,,,,,20,,,,,,,,,1,0,,,,,,
2021,393,EB74821,3,09/27/2021,20:37,27,9,,53,Pierce,2230,2,,3,2,2,1,0,1,1,,,,35,0,0,2.9,1,0,1,2,2,1,3,0,0,0,0,SR-16,,-122.5077833,47.24625278,0,1,1,13,2,60,4,0,0,1,2,35,1,1,4,3,15,1,2,6,0,35,43,2019,0,,63,35,42,,,,1,1,33,1,1,,4,7,3,0,11,0,09/27/2021,20:37,2.23E+11,51486,0,0,0,0,1,0,,,,96,,,,,,98,,,,,,98406,53,,999,0,0,0,0,0,0,,0,,,,,,4,,,8,0,0,0,0,9,8,,,0,,,8,8,2,1,,,1,,,2,1,0.187,,,,,,,,,,,,,,,,,,,,,,,,,,,,,,0,0,1,0,1,1,0,1,0,0,0,0,1,1,0,0,0,0,0,0,0,0,0,0,0,0,0,0,0,1,0,0,0,0,0,,1,0,0,0,0,1,0,1,0,1,0,1,0,1,0,1,,,,,,31-35,26-35,State route,U,Monday,Belt Used,PV,Hispanic,0,1,0,0,State Route,State Patrol,Washington State Patrol,1,1,0,0,0,,,,,,0,0,0,,,,,,,,,,,98,98,98,98,,,,,20,,,,,,,,,1,0,,,,,,
2021,394,EB74825,7,09/25/2021,23:39,25,9,,33,King,1960,10,,3,1,1,1,1,1,1,,,,8,0,0,0.4,1,0,1,1,2,1,1,0,0,0,0,I-5 RAMP,,-122.3267222,47.603,0,1,13,80,5,60,4,0,0,1,2,8,3,2,2,3,15,1,1,53,0,30,46,2018,0,,8,,,,,,1,1,41,1,0,,0,0,3,0,11,0,,,,,0,0,3,3,1,0,,,,96,,,,,,9,,,,,,98144,53,70,175,6,1,0,0,0,0,,11,,,,,,0,,,20,0,0,0,8,9,8,,,0,,,8,1,8,95,,,96,,,2,1,0.08,,,,,,,,,,,,,,,,,,,,,,,,,,,,,,0,0,0,0,1,1,0,1,0,0,0,0,0,0,0,0,0,0,0,0,0,0,0,0,0,0,0,0,0,1,0,1,0,0,0,,0,0,0,0,0,1,0,1,0,0,0,0,0,1,0,1,,,,,,41-45,36-45,Interstate,U,Saturday,Belt Used,PV,Not Fatal,0,0,0,0,State Route,State Patrol,Washington State Patrol,0,1,0,0,0,,,,,,0,0,0,,,,,,,,,,,98,98,98,0,,,,,20,,,,,,,,,1,0,,,,,,
2021,395,EB74826,7,10/02/2021,3:43,2,10,,33,King,1960,10,,3,1,1,1,0,3,3,,,,12,0,1,170.8,1,0,1,1,2,1,1,0,0,0,0,I-5,,-122.3216472,47.68224722,0,2,24,61,4,60,6,0,0,1,2,12,2,2,3,3,14,1,1,53,0,49,46,2016,0,,12,64,39,,,,1,1,27,1,0,,0,0,3,0,11,0,,,,,0,0,0,3,1,0,,,,96,,,,,,98,,,,,,98003,53,69,198,6,1,0,0,0,0,,0,,,,,,0,,,8,0,0,0,8,9,8,,,0,,,8,8,0,0,,,0,,,0,0,996,,,,,,,,,,,,,,,,,,,,,,,,,,,,,,0,0,0,0,0,0,0,0,0,0,0,0,0,1,1,0,0,0,1,0,0,0,0,0,0,0,0,0,1,1,0,0,0,0,0,,0,0,0,0,0,0,0,0,0,0,0,0,0,0,0,0,,,,,,26-30,26-35,Interstate,U,Saturday,Belt Used,PV,Not Fatal,0,0,0,0,State Route,State Patrol,Washington State Patrol,0,1,0,0,0,,,,,,0,0,0,,,,,,,,,,,98,98,98,0,,,,,20,,,,,,,,,1,19,,,,,,
2021,395,EB74826,7,10/02/2021,3:43,2,10,,33,King,1960,10,,3,1,1,1,0,3,3,,,,12,0,1,170.8,1,0,1,1,2,1,1,0,0,0,0,I-5,,-122.3216472,47.68224722,0,1,25,53,3,60,84,0,0,1,2,12,2,2,3,3,15,1,0,41,0,98,703,2022,0,,12,12,,,,,1,1,36,1,7,,4,7,20,7,11,0,10/02/2021,3:43,1.96E+11,49225,0,0,0,0,1,38,,,,96,,,,,,98,,,,,,99692,2,72,178,0,0,0,0,0,0,,0,,,,,,0,,,20,8,0,0,0,9,8,,,0,,,8,8,2,1,,,1,,,2,1,0,,,,,,,,,,,,,,,,,,,,,,,,,,,,,,0,0,0,0,0,0,0,0,0,0,0,0,0,1,1,0,0,0,1,0,0,0,0,0,0,0,0,0,1,1,0,0,0,0,1,0,0,0,0,0,0,0,0,0,0,0,1,1,0,0,0,0,,,,,,36-40,36-45,Interstate,U,Saturday,,OTHMC,Black,0,0,0,0,State Route,State Patrol,Washington State Patrol,0,1,0,0,0,,,,,,0,0,0,,,,,,,,,,,0,0,0,2,,,,,5,,,,,,,,,1,19,,,,,,
2021,395,EB74826,7,10/02/2021,3:43,2,10,,33,King,1960,10,,3,1,1,1,0,3,3,,,,12,1,1,170.8,1,0,1,1,2,1,1,0,0,0,0,I-5,,-122.3216472,47.68224722,0,3,98,50,3,60,99,0,0,1,5,12,2,2,3,3,14,99,9,99,0,99,999,9999,0,,12,,,,,,1,1,999,8,0,,0,0,99,7,11,0,,,,,99,9,9,9,1,0,,,,96,,,,,,98,,,,,,99999,99,,999,9,9,99,99,99,99,,97,,,,,,0,,,99,0,0,0,8,9,8,,,0,,,8,8,0,0,,,0,,,9,99,999,,,,,,,,,,,,,,,,,,,,,,,,,,,,,,0,0,0,0,0,0,0,0,0,0,0,0,0,1,1,0,0,0,1,0,0,0,0,0,0,0,0,0,1,1,0,0,0,0,0,,0,0,0,0,0,0,0,0,0,0,0,0,0,0,0,0,,,,,,,,Interstate,U,Saturday,,NR-U,Not Fatal,0,0,0,0,State Route,State Patrol,Washington State Patrol,0,1,0,0,0,,,,,,99,99,99,,,,,,,,,,,98,98,98,0,,,,,20,,,,,,,,,1,19,,,,,,
2021,396,EB74915,297,09/16/2021,4:35,16,9,,33,King,2310,1,,3,1,2,1,1,1,1,,,,8,0,0,4.4,2,0,2,3,2,1,3,0,0,3,3,SR-181,S 180TH ST,-122.245575,47.44121667,0,1,13,80,5,40,66,1,0,1,5,8,1,1,6,2,1,1,3,53,0,51,881,2000,0,,8,,,,,,1,1,41,1,0,,0,0,3,0,11,0,,,,,6,1,3,3,1,0,,,,96,,,,,,98,,,,,,98374,53,71,155,6,1,0,0,1,0,,0,,,,,,0,05/15/2019,05/15/2019,20,0,0,0,8,9,8,,,0,,,8,8,8,95,,,96,,,8,95,995,,,,,,,,,,,,,,,,,,,,,,,,,,,,,,0,0,0,1,0,0,0,0,0,1,0,1,0,0,0,0,0,0,0,0,0,0,0,0,0,0,0,0,0,0,1,1,0,0,0,,0,0,0,0,0,0,0,0,0,0,0,0,0,0,0,0,,,,,,41-45,36-45,State route,U,Thursday,,MHTRUCK,Not Fatal,1,0,0,0,State Route,Municipal/City Police,Tukwila Police Department,0,1,0,0,0,,,,,,0,0,0,,,,,,,,,,,98,98,98,0,,,,,20,,,,,,,,,1,0,,,,,,
2021,397,EB75190,7,09/29/2021,2:02,29,9,,33,King,100,1,,3,1,2,1,0,6,5,,,,12,0,2,3.9,1,0,1,2,2,1,3,0,0,0,0,SR-18,,-122.2434222,47.30276944,0,3,98,54,3,60,66,1,0,1,2,12,1,1,2,3,1,1,3,17,0,82,881,2020,0,,12,,,,,,1,1,36,1,0,,0,0,3,0,11,0,,,,,6,3,0,3,1,0,,,,96,,,,,,98,,,,,,11368,36,72,999,6,1,0,0,0,0,,0,,,,,,0,,,20,0,0,0,8,9,8,,,0,,,8,8,0,0,,,0,,,0,0,996,,,,,,,,,,,,,,,,,,,,,,,,,,,,,,0,0,0,0,1,1,1,1,0,0,0,0,0,0,0,0,0,0,0,1,0,0,0,0,0,0,0,0,0,1,1,0,0,0,0,,0,0,0,0,0,0,0,0,0,0,0,0,0,0,0,0,,,,,,36-40,36-45,State route,U,Wednesday,,MHTRUCK,Not Fatal,0,0,0,1,State Route,State Patrol,Washington State Patrol,0,1,0,0,0,,,,,,0,0,0,,,,,,,,,,,98,98,98,0,,,,,20,,,,,,,,,1,0,,,,,,
2021,397,EB75190,7,09/29/2021,2:02,29,9,,33,King,100,1,,3,1,2,1,0,6,5,,,,12,0,2,3.9,1,0,1,2,2,1,3,0,0,0,0,SR-18,,-122.2434222,47.30276944,0,1,52,54,3,60,4,0,0,1,2,12,1,1,2,3,1,1,1,53,0,41,51,2007,0,,12,12,,,,,1,1,28,1,7,,4,7,20,7,11,0,09/29/2021,2:02,10053049445,49445,0,0,0,3,1,6,51,,,96,,,,,,98,,,,,,98038,53,71,205,6,1,0,2,3,0,,0,,,,,,0,10/15/2018,09/15/2019,8,1,9,0,0,9,8,,,0,,,8,8,2,996,401,,1,1,,2,1,0.253,,,,,,,,,,,,,,,,,,,,,,,,,,,,,,0,0,0,0,1,1,1,1,0,0,0,0,0,0,0,0,0,0,0,1,0,0,0,0,0,0,0,0,0,1,1,0,0,1,0,,1,0,0,0,0,1,1,1,0,0,0,0,0,0,0,1,,,,,,26-30,26-35,State route,U,Wednesday,Not Used,PV,Other,0,0,0,1,State Route,State Patrol,Washington State Patrol,0,1,0,0,0,,,,,,0,0,0,,,,,,,,,,,98,98,98,98,,,,,20,,,,,,,,,1,0,,,,,,
2021,397,EB75190,7,09/29/2021,2:02,29,9,,33,King,100,1,,3,1,2,1,0,6,5,,,,12,0,2,3.9,1,0,1,2,2,1,3,0,0,0,0,SR-18,,-122.2434222,47.30276944,0,5,98,90,6,60,5,0,0,1,2,18,1,1,2,3,1,1,1,53,0,32,48,2016,0,,18,,,,,,1,1,62,1,0,,1,0,3,0,11,0,,,,,0,0,3,3,1,0,,,,96,,,,,,98,,,,,,98118,53,67,140,6,1,0,0,0,0,,0,,,,,,0,,,8,0,0,0,8,9,8,,,0,,,8,8,0,0,,,0,,,0,0,996,,,,,,,,,,,,,,,,,,,,,,,,,,,,,,0,0,0,0,1,1,1,1,0,0,0,0,0,0,0,0,0,0,0,1,0,0,0,0,0,0,0,0,0,1,1,0,0,0,0,,0,0,0,0,0,0,0,0,0,0,0,0,0,0,0,0,,,,,,61-65,56-65,State route,U,Wednesday,Belt Used,PV,Not Fatal,0,0,0,1,State Route,State Patrol,Washington State Patrol,0,1,0,0,0,,,,,,0,0,0,,,,,,,,,,,98,98,98,0,,,,,20,,,,,,,,,1,0,,,,,,
2021,397,EB75190,7,09/29/2021,2:02,29,9,,33,King,100,1,,3,1,2,1,0,6,5,,,,12,0,2,3.9,1,0,1,2,2,1,3,0,0,0,0,SR-18,,-122.2434222,47.30276944,0,2,52,54,3,60,66,1,0,1,2,12,1,1,2,3,1,2,3,53,0,51,881,2005,0,,12,64,25,,,,1,1,33,1,0,,0,0,3,0,11,0,,,,,6,3,0,3,1,0,,,,96,,,,,,98,,,,,,98374,53,73,258,6,1,0,0,0,0,,0,,,,,,0,,,20,0,0,0,8,9,8,,,0,,,8,8,0,0,,,0,,,0,0,996,,,,,,,,,,,,,,,,,,,,,,,,,,,,,,0,0,0,0,1,1,1,1,0,0,0,0,0,0,0,0,0,0,0,1,0,0,0,0,0,0,0,0,0,1,1,0,0,0,0,,0,0,0,0,0,0,0,0,0,0,0,0,0,0,0,0,,,,,,31-35,26-35,State route,U,Wednesday,,MHTRUCK,Not Fatal,0,0,0,1,State Route,State Patrol,Washington State Patrol,0,1,0,0,0,,,,,,0,0,0,,,,,,,,,,,98,98,98,0,,,,,20,,,,,,,,,1,0,,,,,,
2021,397,EB75190,7,09/29/2021,2:02,29,9,,33,King,100,1,,3,1,2,1,0,6,5,,,,12,0,2,3.9,1,0,1,2,2,1,3,0,0,0,0,SR-18,,-122.2434222,47.30276944,0,4,98,90,6,60,66,1,0,1,5,18,1,1,2,3,1,1,3,17,0,51,881,2021,0,,18,,,,,,1,1,60,1,0,,0,0,3,0,11,0,,,,,6,1,3,3,1,0,,,,96,,,,,,98,,,,,,98580,53,69,180,6,1,0,0,0,0,,0,,,,,,0,,,20,0,0,0,8,9,8,,,0,,,8,8,0,0,,,0,,,0,0,996,,,,,,,,,,,,,,,,,,,,,,,,,,,,,,0,0,0,0,1,1,1,1,0,0,0,0,0,0,0,0,0,0,0,1,0,0,0,0,0,0,0,0,0,1,1,0,0,0,0,,0,0,0,0,0,0,0,0,0,0,0,0,0,0,0,0,,,,,,56-60,56-65,State route,U,Wednesday,,MHTRUCK,Not Fatal,0,0,0,1,State Route,State Patrol,Washington State Patrol,0,1,0,0,0,,,,,,0,0,0,,,,,,,,,,,98,98,98,0,,,,,20,,,,,,,,,1,0,,,,,,
2021,398,EB75545,337,09/22/2021,6:11,22,9,,73,Whatcom,110,10,,3,1,2,1,1,1,1,,,,9,0,0,0,1,0,1,3,2,4,6,0,0,0,0,MERIDIAN ST,,-122.4861306,48.77961389,0,1,13,83,5,35,4,0,0,1,2,9,1,1,5,5,1,1,1,53,0,24,7,2006,0,,9,,,,,,1,1,59,2,0,,0,0,3,0,11,0,,,,,0,0,0,3,1,0,,,,96,,,,,,98,,,,,,98532,53,63,130,6,1,0,0,0,0,,0,,,,,,0,,,20,0,0,0,8,9,8,,,0,,,8,8,8,95,,,96,,,8,95,995,,,,,,,,,,,,,,,,,,,,,,,,,,,,,,0,0,0,0,0,0,0,0,0,1,0,1,0,0,0,0,0,0,0,0,0,0,0,0,0,0,0,0,0,1,0,0,1,0,0,,0,0,0,0,0,0,0,0,0,0,0,0,0,0,0,0,,,,,,56-60,56-65,City street,U,Wednesday,Belt Used,PV,Not Fatal,0,0,0,0,City Street,Municipal/City Police,Bellingham Police Department,0,0,0,1,0,,,,,,0,0,0,,,,,,,,,,,98,98,98,0,,,,,20,,,,,,,,,1,0,,,,,,
2021,399,EB75553,337,09/28/2021,19:53,28,9,,73,Whatcom,110,1,,2,1,2,1,1,1,1,,,,9,0,0,2.4,1,0,1,4,2,1,3,0,0,0,0,SR-542,,-122.4210278,48.79024444,0,1,13,83,5,55,4,0,0,1,2,9,2,1,2,1,14,1,1,53,0,48,34,2001,0,,9,,,,,,1,1,23,2,0,,0,0,3,0,11,0,,,,,0,0,0,3,1,0,,,,96,,,,,,98,,,,,,98225,53,63,180,6,1,0,0,0,0,,0,,,,,,0,,,20,0,0,0,8,9,8,,,0,,,8,8,8,95,,,96,,,8,95,995,,,,,,,,,,,,,,,,,,,,,,,,,,,,,,0,0,0,0,0,0,0,0,0,1,1,1,0,0,0,0,0,0,0,0,0,0,0,1,1,0,0,0,0,1,0,0,1,0,0,,0,0,0,0,0,0,0,0,0,0,0,0,0,0,0,0,,,,,,21-25,16-25,State route,U,Tuesday,Belt Used,PV,Not Fatal,0,0,0,0,State Route,Municipal/City Police,Bellingham Police Department,0,1,0,0,0,,,,,,0,0,0,,,,,,,,,,,98,98,98,0,,,,,20,,,,,,,,,1,0,,,,,,
2021,400,EB75627,5,09/22/2021,10:35,22,9,,15,Cowlitz,0,2,,1,2,2,1,1,1,2,,,,8,0,0,29,1,0,1,1,1,1,1,0,0,0,0,I-5,,-122.8400639,45.99579722,0,1,13,6,1,60,63,1,0,1,2,8,1,1,3,3,15,1,3,53,0,85,881,2007,0,,63,8,14,,,,1,1,23,1,0,,0,0,3,0,11,0,,,,,6,1,3,3,1,26,58,,,96,,,,,,98,,,,,,98649,53,64,140,6,1,0,3,0,0,,97,,,,,,4,10/15/2020,10/15/2020,20,0,0,0,8,9,2,,,0,,,8,8,8,95,,,96,,,2,98,997,,,,,,,,,,,,,,,,,,,,,,,,,,,,,,0,0,0,0,0,0,0,0,0,0,0,0,1,0,0,0,0,0,0,0,0,0,0,1,1,0,0,0,0,0,1,1,0,0,0,,0,0,0,0,0,0,0,0,0,1,0,0,0,0,0,0,,,,,,21-25,16-25,Interstate,R,Wednesday,,MHTRUCK,Not Fatal,0,0,0,0,State Route,State Patrol,Washington State Patrol,0,1,0,0,0,,,,,,0,0,0,,,,,,,,,,,98,98,98,0,,,,,20,,,,,,,,,1,23,,,,,,
2021,401,EB75668,5,10/07/2021,21:20,7,10,,11,Clark,0,1,,3,1,2,1,0,1,1,,,,46,0,0,0.6,3,1,2,1,2,1,1,0,0,3,3,I-205 RAMP,NE 134TH ST,-122.6474083,45.717925,0,1,6,12,2,98,4,0,0,1,2,46,3,3,3,6,14,1,2,53,0,49,40,2012,0,,64,46,,,,,1,1,78,1,7,,4,7,3,0,11,0,10/07/2021,21:20,53051175,51175,0,0,0,3,1,0,,,,92,,,,,,98,,,,,,98685,53,74,180,6,1,0,0,0,0,,0,,,,,,0,,,8,2,9,0,0,9,8,,,0,,,8,8,2,1,,,1,,,2,1,0.094,,,,,,,,,,,,,,,,,,,,,,,,,,,,,,0,0,1,1,1,1,0,1,0,0,0,0,0,0,0,0,1,0,0,0,0,0,0,0,0,1,1,1,0,1,0,0,0,0,0,,1,0,0,0,0,1,0,1,1,0,0,0,0,1,0,1,,,,,,76-80,76+,Interstate,U,Thursday,Belt Used,PV,White,0,1,0,0,State Route,State Patrol,Washington State Patrol,1,1,0,0,0,,,,,,0,0,0,,,,,,,,,,,98,98,98,1,,,,,20,,,,,,,,,1,0,,,,,,
2021,443,EB75870,2,10/07/2021,10:44,7,10,,57,Skagit,0,1,,1,1,2,1,0,2,2,,,,12,0,6,54.7,2,0,3,3,1,1,3,0,0,0,0,SR-20,SR-536,-122.4312556,48.44628611,0,1,78,16,2,55,80,0,0,1,2,12,2,1,2,1,10,1,1,53,0,73,706,2021,0,,12,,,,,,1,1,27,1,7,,4,0,20,7,11,5,11/03/2021,16:06,1.96E+11,56848,0,0,0,3,1,38,,,,96,,,,,,98,,,,,,98273,53,75,300,6,1,0,1,0,1,,0,,,,,,0,05/15/2018,05/15/2018,20,8,0,0,0,9,8,,,0,,,8,8,0,0,,,0,,,0,0,996,,,,,,,,,,,,,,,,,,,,,,,,,,,,,,0,0,0,1,1,0,0,0,0,0,0,0,0,1,0,0,0,0,1,0,0,0,0,0,0,1,0,0,1,1,0,0,0,0,1,0,0,0,0,0,0,0,0,0,0,0,1,0,0,0,0,0,,,,,,26-30,26-35,State route,R,Thursday,,MC,White,0,0,0,0,State Route,State Patrol,Washington State Patrol,0,1,0,0,0,,,,,,0,0,0,,,,,,,,,,,98,98,98,1,,,,,5,,,,,,,,,1,0,,,,,,