year,case,par,repjur,crash_dt,crash_tm,accday,accmon,holiday,county,co_char,city,weather,weather2,lightcond,surfcond,surftype,numfatal,nmforms,pforms,vforms,not_tm,arr_tm,hosp_tm,fhevent,hitrun,manncol,milepnt,reljunc,reljuncinter,intersectiontype,funcsystem,landuse,ownership,route,schlbus,spejur,contdev,devfunc,trafid1,trafid2,x,y,wk_zone,vnumber,crashtype,criticalevent,criticaleventcat,spdlim,body,trailer,emerg,hazcargo,leave,mhevent,roadalgn,roadprof,traflane,trafflow,vehmanvr,numoccs,regowner,regstate,spuse,make,model,modelyr,vrf1,vrf2,seqevent1,seqevent2,seqevent3,seqevent4,seqevent5,seqevent6,pnumber,ptype,age,sex,hispanic,race,injury,diedscene,restraint,restraintmisuse,seatpos,takehosp,death_dt,death_tm,cert,cernum_wa,commlic,licendor,licrestrict,liccomp,drivpres,drf1,drf2,drf3,drf4,distract1,distract2,distract3,distract4,distract5,distract6,dricond1,dricond2,dricond3,dricond4,dricond5,dricond6,dzip,licstate,drhgt_in,weight,noncdl,noncdltype,prevdwi,prevoth,prevacc,prevspd,prevsus,driviol1,driviol2,driviol3,driviol4,driviol5,driviol6,spdrel,first_dt,last_dt,airbag,ejection,ejectpath,extricat,injurwrk,methalc,methdrug,nmlocat,strikveh,prf1,prf2,prf3,druginv,alcinvol,drugsts,drugres1,drugres2,drugres3,drugtst1,drugtst2,drugtst3,alcsts,alctst,alcres,nmact1,nmact2,nmact3,nmact4,nmact5,nmact6,nmprior1,nmprior2,nmprior3,nmprior4,nmprior5,nmprior6,nmcond1,nmcond2,nmcond3,nmcond4,nmcond5,nmcond6,nmsafe_helmet,nmsafe_pads,nmsafe_oth,nmprev_ref,nmprev_lgt,nmprev_oth,crashlocation,nmcrashtype,crosswalk,schoolzone,sidewalk,train_inv,wildlife_inv,rotr_fars,intersect_fars,dd_inv,aid_inv,dpd_inv,id_inv,mj_inv,impnm_inv,ainm_inv,dpnm_inv,speed_inv,unlic_inv,unendmc_inv,drowsy_inv,drdist_inv,nmdist_inv,fty_inv,unrestfat_inv,dr1617_inv,dr1820_inv,dr1620_inv,dr2125_inv,dr1625_inv,dr65_inv,dr70_inv,dr75_inv,mc_inv,pv_inv,ht_inv,ped_inv,bike_inv,unrest_fat,mc_fat,unhelmet_mc,pv_fat,ht_fat,ped_fat,bike_fat,dr_alc7,dr_alc8,dr_drug,dr_imp,dr_dist,dr_spd,dr_fty,dr_unlic,dr_alc7only,dr_alc8only,dr_drugonly,dr_drink,nm_imp,nm_alc7,nm_alc8,nm_drug,nm_dist,agegrp1,agegrp2,roadclass,urbrur,dayweek,restuse,vehtype,race_me,intersect,lanedep,oppdir,wrongway,rep_typ,investag,repag_long,rotr,st_rd,cty_rd,city_rd,oth_rd,drug_thc,thc_res,drug_cthc,cthc_res,drug_cann,prevpersemin,prevperse,prevsusoth,drugtst4,drugtst5,drugtst6,drugtst7,drugtst8,drugres4,drugres5,drugres6,drugres7,drugres8,adspresent,adsengaged,adslevel,race1,race2,race3,race4,race5,helmet,helmetmisuse,nmdistract1,nmdistract2,nmdistract3,nmdistract4,nmdistract5,nmdistract6,lab,isedtcase,crf1,crf2,crf3,CoRoadName,CoMP,IntCoRoadName,IntCoMP
2021,427,EB80706,127,09/22/2021,19:30,22,9,,33,King,735,10,,3,1,2,1,1,1,1,,,,8,1,0,0,3,0,3,4,2,4,6,0,0,0,0,S 288TH ST,25th Pl S,-122.2998417,47.34339167,0,1,13,80,5,35,49,0,0,1,5,8,1,2,2,2,1,99,9,99,0,99,999,9999,0,,8,,,,,,1,1,999,9,0,,9,0,99,7,11,0,,,,,99,9,9,9,1,0,,,,96,,,,,,98,,,,,,99999,99,,999,9,9,99,99,99,99,,97,,,,,,0,,,99,0,0,0,8,9,8,,,0,,,8,8,9,999,,,99,,,9,99,999,,,,,,,,,,,,,,,,,,,,,,,,,,,,,,0,0,0,1,0,0,0,0,0,0,0,0,0,0,0,0,0,0,0,0,0,0,0,0,0,0,0,0,0,1,0,1,0,0,0,,0,0,0,0,0,0,0,0,0,0,0,0,0,0,0,0,,,,,,,,City street,U,Wednesday,Unknown,PV,Not Fatal,1,0,0,0,City Street,Municipal/City Police,Federal Way Dept of Public Safety,0,0,0,1,0,,,,,,99,99,99,,,,,,,,,,,98,98,98,0,,,,,20,,,,,,,,,1,0,,,,,,
2021,428,EB80717,3,10/18/2021,18:43,18,10,,67,Thurston,0,1,,1,1,2,1,0,4,3,,,,12,0,1,43.7,3,0,3,3,2,1,2,0,0,0,0,US-12,HUNTINGTON ST,-123.0579389,46.81133333,0,1,20,50,3,50,2,0,0,1,2,12,1,1,2,1,1,1,2,53,0,20,22,2008,0,,12,,,,,,1,1,16,2,0,,0,0,3,0,11,0,,,,,0,0,1,3,1,0,,,,96,,,,,,98,,,,,,98579,53,66,135,6,2,0,0,0,0,,97,,,,,,0,,,1,0,0,0,8,9,8,,,0,,,8,8,8,95,,,96,,,8,95,995,,,,,,,,,,,,,,,,,,,,,,,,,,,,,,0,0,0,1,0,0,0,0,0,0,0,0,0,0,0,0,0,0,0,0,1,0,1,0,1,0,0,0,0,1,0,0,0,0,0,,0,0,0,0,0,0,0,0,0,0,0,0,0,0,0,0,,,,,,16-17,16-25,US highway,U,Monday,Belt Used,PV,Not Fatal,1,0,0,0,State Route,State Patrol,Washington State Patrol,0,1,0,0,0,,,,,,0,0,0,,,,,,,,,,,98,98,98,0,,,,,20,,,,,,,,,1,0,,,,,,
2021,428,EB80717,3,10/18/2021,18:43,18,10,,67,Thurston,0,1,,1,1,2,1,0,4,3,,,,12,0,1,43.7,3,0,3,3,2,1,2,0,0,0,0,US-12,HUNTINGTON ST,-123.0579389,46.81133333,0,2,21,53,3,50,4,0,0,1,2,12,1,1,2,1,5,1,1,53,0,49,32,1996,0,,12,68,12,,,,1,1,42,2,7,,4,0,3,0,11,5,10/18/2021,21:26,1.59E+11,56392,0,0,0,3,1,0,,,,96,,,,,,98,,,,,,98579,53,62,200,6,1,0,0,0,0,,0,,,,,,0,,,20,0,0,0,0,9,8,,,0,,,8,8,8,95,,,96,,,8,95,995,,,,,,,,,,,,,,,,,,,,,,,,,,,,,,0,0,0,1,0,0,0,0,0,0,0,0,0,0,0,0,0,0,0,0,1,0,1,0,1,0,0,0,0,1,0,0,0,0,0,,1,0,0,0,0,0,0,0,0,0,0,0,0,0,0,0,,,,,,41-45,36-45,US highway,U,Monday,Belt Used,PV,White,1,0,0,0,State Route,State Patrol,Washington State Patrol,0,1,0,0,0,,,,,,0,0,0,,,,,,,,,,,0,0,0,1,,,,,20,,,,,,,,,1,0,,,,,,
2021,428,EB80717,3,10/18/2021,18:43,18,10,,67,Thurston,0,1,,1,1,2,1,0,4,3,,,,12,0,1,43.7,3,0,3,3,2,1,2,0,0,0,0,US-12,HUNTINGTON ST,-123.0579389,46.81133333,0,3,98,62,4,50,14,0,0,1,2,12,1,1,2,1,1,2,2,53,0,37,402,2013,0,,12,,,,,,1,1,35,1,0,,2,0,3,0,11,0,,,,,0,0,0,3,1,0,,,,96,,,,,,98,,,,,,98579,53,67,165,6,1,0,0,0,1,,0,,,,,,0,02/15/2019,02/15/2019,1,0,0,0,8,9,8,,,0,,,8,8,8,95,,,96,,,8,95,995,,,,,,,,,,,,,,,,,,,,,,,,,,,,,,0,0,0,1,0,0,0,0,0,0,0,0,0,0,0,0,0,0,0,0,1,0,1,0,1,0,0,0,0,1,0,0,0,0,0,,0,0,0,0,0,0,0,0,0,0,0,0,0,0,0,0,,,,,,31-35,26-35,US highway,U,Monday,Belt Used,PV,Not Fatal,1,0,0,0,State Route,State Patrol,Washington State Patrol,0,1,0,0,0,,,,,,0,0,0,,,,,,,,,,,98,98,98,0,,,,,20,,,,,,,,,1,0,,,,,,
2021,429,EB81597,8,10/20/2021,7:20,20,10,,27,Grays Harbor,0,2,,4,2,2,3,0,4,2,,,,12,0,8,111.1,1,0,1,3,1,1,2,0,0,0,0,US-101,,-123.9261778,47.25309444,0,1,64,10,2,60,63,1,0,1,2,12,1,1,2,1,1,1,3,53,0,85,881,2022,0,,68,12,,,,,1,1,19,1,0,,2,0,3,0,11,0,,,,,6,1,1,3,1,28,,,,96,,,,,,98,,,,,,98331,53,76,280,6,1,0,0,0,0,,0,,,,,,0,,,20,0,0,0,8,9,2,,,0,,,8,8,0,0,,,0,,,0,0,996,,,,,,,,,,,,,,,,,,,,,,,,,,,,,,0,0,0,0,0,0,0,0,0,0,0,0,0,0,0,0,0,0,0,1,0,1,1,0,1,0,0,0,0,1,1,0,0,0,0,,0,0,0,0,0,0,0,0,0,0,0,0,0,0,0,0,,,,,,18-20,16-25,US highway,R,Wednesday,,MHTRUCK,Not Fatal,0,1,1,0,State Route,State Patrol,Washington State Patrol,0,1,0,0,0,,,,,,0,0,0,,,,,,,,,,,98,98,98,0,,,,,20,,,,,,,,,1,0,,,,,,
2021,429,EB81597,8,10/20/2021,7:20,20,10,,27,Grays Harbor,0,2,,4,2,2,3,0,4,2,,,,12,0,8,111.1,1,0,1,3,1,1,2,0,0,0,0,US-101,,-123.9261778,47.25309444,0,2,65,62,4,60,14,0,0,1,2,1,1,1,2,1,1,3,2,53,0,35,402,2000,0,,12,1,,,,,1,1,51,1,4,,4,7,20,7,11,0,10/20/2021,7:20,53056135,56135,0,0,0,3,1,0,,,,96,,,,,,98,,,,,,98520,53,65,170,6,1,0,1,0,0,,0,,,,,,0,05/15/2020,05/15/2020,20,1,9,0,0,9,8,,,0,,,8,8,2,1,,,1,,,2,1,0,,,,,,,,,,,,,,,,,,,,,,,,,,,,,,0,0,0,0,0,0,0,0,0,0,0,0,0,0,0,0,0,0,0,1,0,1,1,0,1,0,0,0,0,1,1,0,0,1,0,,1,0,0,0,0,0,0,0,0,0,0,0,0,0,0,0,,,,,,51-55,46-55,US highway,R,Wednesday,Not Used,PV,Hispanic,0,1,1,0,State Route,State Patrol,Washington State Patrol,0,1,0,0,0,,,,,,0,0,0,,,,,,,,,,,98,98,98,298,,,,,20,,,,,,,,,1,0,,,,,,
2021,430,EB81819,290,10/25/2021,21:48,25,10,,53,Pierce,2230,2,,3,2,2,1,1,1,1,,,,8,0,0,53.7,1,0,1,3,2,1,3,0,0,0,0,SR-7,,-122.4340667,47.17579167,0,1,13,80,5,35,34,0,0,1,2,8,1,1,2,1,6,1,2,53,0,12,481,2001,0,,8,,,,,,1,1,53,1,0,,0,0,3,0,11,0,,,,,0,0,0,3,1,0,,,,92,,,,,,98,,,,,,98178,53,69,195,6,1,0,0,0,0,,0,,,,,,0,,,20,0,0,0,8,9,8,,,0,,,8,8,8,95,,,96,,,8,95,995,,,,,,,,,,,,,,,,,,,,,,,,,,,,,,0,0,0,0,0,0,0,0,0,1,0,1,0,0,0,0,1,0,0,0,0,0,0,0,0,0,0,0,0,1,0,1,0,0,0,,0,0,0,0,0,0,0,0,1,0,0,0,0,0,0,0,,,,,,51-55,46-55,State route,U,Monday,Belt Used,PV,Not Fatal,0,0,0,0,State Route,Municipal/City Police,Tacoma Police Department,0,1,0,0,0,,,,,,0,0,0,,,,,,,,,,,98,98,98,0,,,,,20,,,,,,,,,1,0,,,,,,
2021,431,EB81853,26,10/24/2021,15:59,24,10,,35,Kitsap,0,10,,1,1,2,1,1,1,1,,,,8,0,0,,3,0,2,7,1,2,4,0,0,20,3,CR-ELWHA TER NE,GRANDVIEW BLVD,-122.6272889,47.70431111,0,1,13,80,5,25,6,0,0,1,5,8,4,2,2,1,10,1,1,53,0,52,47,2004,0,,8,,,,,,1,1,64,8,0,,0,0,3,0,11,0,,,,,0,0,0,3,1,0,,,,93,,,,,,98,,,,,,98345,53,66,190,6,1,0,1,1,1,,0,,,,,,0,12/15/2017,07/15/2019,20,0,0,0,8,9,2,,,0,,,8,8,8,95,,,96,,,8,95,995,,,,,,,,,,,,,,,,,,,,,,,,,,,,,,0,0,0,1,0,0,0,0,0,0,0,0,0,0,0,0,1,0,0,0,0,0,0,0,0,0,0,0,0,1,0,1,0,0,0,,0,0,0,0,0,0,0,0,1,0,0,0,0,0,0,0,,,,,,61-65,56-65,County road,R,Sunday,Belt Used,PV,Not Fatal,1,0,0,0,County Road,County Sheriff,Kitsap County Sheriff's Office,0,0,1,0,0,,,,,,0,0,0,,,,,,,,,,,98,98,98,0,,,,,20,,,,,,,,,1,0,,,GRANDVIEW BLVD (NE),0.038,NULL,
2021,432,EB82027,35,10/25/2021,16:40,25,10,,53,Pierce,0,2,,1,2,2,1,0,2,2,,,,12,0,2,0.3,1,0,1,5,2,2,4,0,0,0,0,CR-240TH ST E,,-122.367325,47.03846111,0,1,50,6,1,35,4,0,0,1,2,12,1,1,2,1,3,1,1,53,0,59,35,2002,0,,68,12,,,,,1,1,27,1,7,,4,7,99,7,11,0,10/25/2021,16:40,53055108,55108,0,0,0,3,1,28,,,,96,,,,,,98,,,,,,98338,53,76,280,6,1,0,1,0,1,,0,,,,,,3,05/15/2017,02/15/2021,8,0,0,0,0,9,8,,,0,,,8,8,2,996,695,605,1,1,1,2,1,0,,,,,,,,,,,,,,,,,,,,,,,,,,,,,,0,0,0,0,0,0,1,1,1,0,0,0,1,0,0,0,0,0,0,0,0,0,0,0,0,0,0,0,0,1,1,0,0,0,0,,1,0,0,0,0,0,1,1,0,1,0,0,0,0,1,0,,,,,,26-30,26-35,County road,U,Monday,Unknown,PV,Multiracial,0,1,1,0,County Road,County Sheriff,Law Enforcement Support Agency,0,0,1,0,0,thc,50,,,,0,0,0,,,,,,,,,,,98,98,98,278,201,207,,,20,,,,,,,,nms,1,0,,,240 ST E,0.29,NULL,
2021,432,EB82027,35,10/25/2021,16:40,25,10,,53,Pierce,0,2,,1,2,2,1,0,2,2,,,,12,0,2,0.3,1,0,1,5,2,2,4,0,0,0,0,CR-240TH ST E,,-122.367325,47.03846111,0,2,51,62,4,35,67,0,0,1,2,12,1,1,2,1,1,1,3,53,0,12,880,2019,0,,12,,,,,,1,1,34,1,0,,3,0,3,0,11,5,,,,,0,0,0,3,1,0,,,,96,,,,,,98,,,,,,98375,53,66,210,6,1,0,0,0,1,,0,,,,,,0,04/15/2017,04/15/2017,1,0,0,0,8,9,8,,,0,,,8,8,8,95,,,96,,,8,95,995,,,,,,,,,,,,,,,,,,,,,,,,,,,,,,0,0,0,0,0,0,1,1,1,0,0,0,1,0,0,0,0,0,0,0,0,0,0,0,0,0,0,0,0,1,1,0,0,0,0,,0,0,0,0,0,0,0,0,0,0,0,0,0,0,0,0,,,,,,31-35,26-35,County road,U,Monday,,MHTRUCK,Not Fatal,0,1,1,0,County Road,County Sheriff,Law Enforcement Support Agency,0,0,1,0,0,,,,,,0,0,0,,,,,,,,,,,98,98,98,0,,,,,20,,,,,,,,,1,0,,,240 ST E,0.29,NULL,
2021,433,EB82080,21,10/22/2021,21:25,22,10,,25,Grant,0,1,,2,1,2,1,0,1,2,,,,14,0,0,,3,0,3,7,1,2,4,0,0,0,0,CR-1ST AVE,MORRISON ST SW,-119.9243389,46.82089722,0,1,14,14,2,25,14,0,0,1,2,14,1,1,2,1,1,1,2,53,0,35,401,1997,0,,71,14,,,,,1,1,30,1,1,,4,0,99,7,11,5,10/23/2021,1:43,53056974,56974,0,0,0,0,1,0,,,,96,,,,,,9,,,,,,99999,98,,999,0,0,99,99,99,99,,0,,,,,,0,,,8,0,0,0,0,9,8,,,0,,,8,1,2,401,417,,1,1,,2,1,0.169,,,,,,,,,,,,,,,,,,,,,,,,,,,,,,0,0,0,1,1,1,1,1,0,0,0,0,0,1,0,0,0,0,0,0,0,0,0,0,0,0,0,0,0,1,0,0,0,0,0,,1,0,0,0,0,1,1,1,0,0,0,1,0,0,0,1,,,,,,26-30,26-35,County road,R,Friday,Unknown,PV,Hispanic,1,0,0,0,County Road,County Sheriff,Grant County Sheriff's Office,0,0,1,0,0,,,,,,99,99,99,,,,,,,,,,,0,0,0,298,,,,,20,,,,,,,,,1,0,,,1ST AV *SCHAWANA*,0,D ST *SCHAWANA*,0.07
2021,434,EB83027,180,10/26/2021,14:56,26,10,,15,Cowlitz,1190,1,,1,2,1,1,0,3,3,,,,12,0,2,0,1,0,1,5,2,4,6,0,0,0,0,32ND AVE,,-122.9665139,46.14681667,0,2,98,98,7,30,6,0,0,1,2,12,1,1,2,1,1,1,2,41,0,48,45,2018,0,,12,,,,,,1,1,81,1,0,,0,0,3,0,11,0,,,,,0,0,0,3,1,0,,,,96,,,,,,98,,,,,,97048,41,71,185,6,1,0,0,0,0,,0,,,,,,0,,,8,0,0,0,8,9,8,,,0,,,8,8,0,0,,,0,,,0,0,996,,,,,,,,,,,,,,,,,,,,,,,,,,,,,,0,0,0,0,0,0,0,0,0,0,0,0,1,0,0,0,0,0,0,1,0,1,1,0,1,1,1,1,0,1,0,0,0,0,0,,0,0,0,0,0,0,0,0,0,0,0,0,0,0,0,0,,,,,,81+,76+,City street,U,Tuesday,Belt Used,PV,Not Fatal,0,1,1,0,City Street,Municipal/City Police,Longview Police Department,0,0,0,1,0,,,,,,0,0,0,,,,,,,,,,,98,98,98,0,,,,,20,,,,,,,,,1,0,,,,,,
2021,434,EB83027,180,10/26/2021,14:56,26,10,,15,Cowlitz,1190,1,,1,2,1,1,0,3,3,,,,12,0,2,0,1,0,1,5,2,4,6,0,0,0,0,32ND AVE,,-122.9665139,46.14681667,0,3,51,62,4,30,52,0,0,1,5,12,1,1,2,1,1,1,3,53,3,92,988,2013,0,,12,,,,,,1,1,57,2,0,,0,0,3,0,11,0,,,,,6,1,3,3,1,0,,,,96,,,,,,98,,,,,,98626,53,69,155,6,1,0,0,0,0,,0,,,,,,0,,,20,0,0,0,8,9,8,,,0,,,8,8,0,0,,,0,,,0,0,996,,,,,,,,,,,,,,,,,,,,,,,,,,,,,,0,0,0,0,0,0,0,0,0,0,0,0,1,0,0,0,0,0,0,1,0,1,1,0,1,1,1,1,0,1,0,0,0,0,0,,0,0,0,0,0,0,0,0,0,0,0,0,0,0,0,0,,,,,,56-60,56-65,City street,U,Tuesday,,BUS,Not Fatal,0,1,1,0,City Street,Municipal/City Police,Longview Police Department,0,0,0,1,0,,,,,,0,0,0,,,,,,,,,,,98,98,98,0,,,,,20,,,,,,,,,1,0,,,,,,
2021,434,EB83027,180,10/26/2021,14:56,26,10,,15,Cowlitz,1190,1,,1,2,1,1,0,3,3,,,,12,0,2,0,1,0,1,5,2,4,6,0,0,0,0,32ND AVE,,-122.9665139,46.14681667,0,1,50,10,2,30,4,0,0,1,2,12,1,1,2,1,6,1,1,53,0,37,32,2008,0,,68,12,12,,,,1,1,19,2,7,,4,7,20,7,11,0,10/26/2021,14:56,1.19E+11,55591,0,0,3,3,1,0,,,,96,,,,,,9,,,,,,98632,53,71,160,6,2,0,2,1,0,,0,,,,,,4,12/15/2020,12/15/2020,8,2,9,0,0,9,8,,,0,,,1,8,,,,,,,,2,1,997,,,,,,,,,,,,,,,,,,,,,,,,,,,,,,0,0,0,0,0,0,0,0,0,0,0,0,1,0,0,0,0,0,0,1,0,1,1,0,1,1,1,1,0,1,0,0,0,1,0,,1,0,0,0,0,0,0,0,0,1,0,0,0,0,0,0,,,,,,18-20,16-25,City street,U,Tuesday,Not Used,PV,White,0,1,1,0,City Street,Municipal/City Police,Longview Police Department,0,0,0,1,0,,,,,,0,0,0,,,,,,,,,,,98,98,98,1,,,,,20,,,,,,,,,1,0,,,,,,
2021,435,EB83136,25,09/16/2021,18:46,16,9,,33,King,0,10,,3,1,2,1,0,1,1,,,,30,0,0,3.2,1,0,1,4,2,2,4,0,0,0,0,CR-MILITARY RD S,,-122.2741389,47.29897222,0,1,1,13,2,35,80,0,0,1,5,30,1,1,2,1,1,1,2,53,0,37,706,1998,0,,63,30,,,,,1,1,25,1,7,,4,7,20,7,11,0,09/16/2021,18:46,53047529,47529,0,0,0,2,1,0,,,,96,,,,,,98,,,,,,98168,53,73,260,6,1,0,2,1,0,,0,,,,,,3,03/15/2017,08/15/2020,20,8,0,0,0,9,8,,,0,,,8,8,2,1,,,1,,,2,1,0,,,,,,,,,,,,,,,,,,,,,,,,,,,,,,0,0,1,0,0,0,0,0,0,0,0,0,1,0,1,0,0,0,0,0,0,0,0,1,1,0,0,0,1,0,0,0,0,0,1,0,0,0,0,0,0,0,0,0,0,1,0,0,0,0,0,0,,,,,,21-25,16-25,County road,U,Thursday,,MC,White,0,1,0,0,County Road,County Sheriff,King County Police,1,0,1,0,0,,,,,,0,0,0,,,,,,,,,,,0,0,0,1,,,,,5,,,,,,,,,1,0,,,MILITARY RD S,3.22,S 338 ST,0.057
2021,593,EB83137,262,10/24/2021,0:42,24,10,,33,King,1958,10,,3,2,2,1,1,2,1,,,,8,0,0,14.8,1,0,1,3,2,1,3,0,0,0,0,SR-99,,-122.2956778,47.43554722,0,1,13,80,5,40,4,0,0,1,5,8,1,1,5,2,1,2,2,53,0,35,47,2014,0,,8,,,,,,1,1,24,1,0,,0,0,2,0,11,0,,,,,0,0,3,3,1,0,,,,96,,,,,,98,,,,,,98198,53,70,230,6,1,0,0,0,0,,0,,,,,,0,,,20,0,0,0,8,9,2,,,0,,,8,8,0,0,,,0,,,0,0,996,,,,,,,,,,,,,,,,,,,,,,,,,,,,,,0,0,0,0,0,0,0,0,0,0,0,0,0,0,0,0,0,0,0,0,0,0,0,1,1,0,0,0,0,1,0,1,0,0,0,,0,0,0,0,0,0,0,0,0,0,0,0,0,0,0,0,,,,,,21-25,16-25,State route,U,Sunday,Belt Used,PV,Not Fatal,0,0,0,0,State Route,Municipal/City Police,SeaTac Police Department,0,1,0,0,0,,,,,,0,0,0,,,,,,,,,,,98,98,98,0,,,,,20,,,,,,,,,1,0,,,,,,
2021,436,EB83156,242,10/28/2021,23:36,28,10,,53,Pierce,1770,2,,3,2,1,1,1,1,1,,,,8,0,0,0,1,0,1,3,2,4,6,0,0,0,0,39TH AVE SW,,-122.2953639,47.15485833,0,1,13,80,5,35,4,0,0,1,5,8,1,2,5,5,15,1,1,53,0,35,47,2016,0,,8,,,,,,1,1,34,1,0,,0,0,99,7,11,0,,,,,0,0,0,2,1,10,,,,0,,,,,,9,,,,,,98003,53,67,195,2,1,0,0,0,0,,97,,,,,,0,,,1,0,0,0,8,9,8,,,0,,,1,8,2,605,,,1,,,2,1,0,,,,,,,,,,,,,,,,,,,,,,,,,,,,,,0,0,0,0,0,0,1,1,1,0,0,0,0,1,0,0,0,0,0,0,0,0,0,0,0,0,0,0,0,1,0,1,0,0,0,,0,0,0,0,0,0,1,1,0,0,0,1,0,0,1,0,,,,,,31-35,26-35,City street,U,Thursday,Unknown,PV,Not Fatal,0,0,0,0,City Street,Municipal/City Police,Puyallup Police Department,0,0,0,1,0,thc,11,carboxy-thc,888,,0,0,0,,,,,,,,,,,98,98,98,0,,,,,20,,,,,,,,,1,23,,,,,,
2021,437,EB83183,1,10/28/2021,5:32,28,10,,5,Benton,0,1,,3,1,2,1,0,2,2,,,,12,0,6,20.5,2,0,2,4,1,1,3,0,0,20,3,SR-240,SR-225,-119.4228139,46.3833,0,1,89,17,2,98,4,0,0,1,2,12,1,1,3,1,4,1,1,53,0,30,40,2006,0,,12,,,,,,1,1,66,1,7,,4,7,20,7,11,0,10/28/2021,5:32,53055046,55046,0,0,0,3,1,38,,,,96,,,,,,98,,,,,,99320,53,66,170,6,1,0,1,0,0,,0,,,,,,0,05/15/2018,05/15/2018,8,2,9,0,0,9,8,,,0,,,8,8,2,1,,,1,,,2,1,0,,,,,,,,,,,,,,,,,,,,,,,,,,,,,,0,0,0,1,0,0,0,0,0,0,0,0,0,0,0,0,0,0,1,1,0,0,0,0,0,1,0,0,0,1,1,0,0,1,0,,1,0,0,0,0,0,0,0,0,0,1,0,0,0,0,0,,,,,,66-70,66-75,State route,R,Thursday,Not Used,PV,White,1,0,0,0,State Route,State Patrol,Washington State Patrol,0,1,0,0,0,,,,,,0,0,0,,,,,,,,,,,98,98,98,1,,,,,20,,,,,,,,,1,0,,,,,,
2021,437,EB83183,1,10/28/2021,5:32,28,10,,5,Benton,0,1,,3,1,2,1,0,2,2,,,,12,0,6,20.5,2,0,2,4,1,1,3,0,0,0,0,SR-240,SR-225,-119.4228139,46.3833,0,2,88,66,4,55,66,1,0,1,2,12,1,1,3,1,1,1,3,53,0,85,881,2015,0,,12,,,,,,1,1,27,1,0,,0,0,3,0,11,0,,,,,6,1,3,3,1,0,,,,96,,,,,,98,,,,,,99349,53,69,210,6,1,0,0,0,2,,0,,,,,,0,09/15/2017,05/15/2021,20,0,0,0,8,9,2,,,0,,,8,8,8,95,,,96,,,0,0,996,,,,,,,,,,,,,,,,,,,,,,,,,,,,,,0,0,0,1,0,0,0,0,0,0,0,0,0,0,0,0,0,0,1,1,0,0,0,0,0,1,0,0,0,1,1,0,0,0,0,,0,0,0,0,0,0,0,0,0,0,0,0,0,0,0,0,,,,,,26-30,26-35,State route,R,Thursday,,MHTRUCK,Not Fatal,1,0,0,0,State Route,State Patrol,Washington State Patrol,0,1,0,0,0,,,,,,0,0,1,,,,,,,,,,,98,98,98,0,,,,,20,,,,,,,,,1,0,,,,,,
2021,438,EB83265,6,10/18/2021,18:17,18,10,,25,Grant,0,1,,5,1,2,1,0,3,3,,,,12,0,6,2.7,2,0,2,2,2,1,3,0,0,20,3,SR-282,AIRPORT RD SE,-119.5110694,47.28950833,0,1,86,17,2,45,14,0,0,1,2,12,1,1,2,1,4,1,1,53,0,53,404,2009,0,,12,,,,,,1,1,79,1,0,,3,0,3,0,11,5,,,,,0,0,0,3,1,38,,,,96,,,,,,98,,,,,,98823,53,71,175,6,1,0,0,0,0,,46,,,,,,0,,,8,0,0,0,8,9,8,,,0,,,8,8,2,1,,,1,,,2,1,0,,,,,,,,,,,,,,,,,,,,,,,,,,,,,,0,0,0,1,0,0,1,1,1,0,0,0,0,0,0,0,0,0,1,0,0,1,1,1,1,1,1,1,0,1,0,0,0,0,0,,0,0,0,0,0,0,0,0,0,0,1,0,0,0,0,0,,,,,,76-80,76+,State route,U,Monday,Belt Used,PV,Not Fatal,1,0,0,0,State Route,State Patrol,Washington State Patrol,0,1,0,0,0,,,,,,0,0,0,,,,,,,,,,,98,98,98,0,,,,,20,,,,,,,,,1,0,,,,,,
2021,438,EB83265,6,10/18/2021,18:17,18,10,,25,Grant,0,1,,5,1,2,1,0,3,3,,,,12,0,6,2.7,2,0,2,2,2,1,3,0,0,0,0,SR-282,AIRPORT RD SE,-119.5110694,47.28950833,0,2,87,66,4,60,4,0,0,1,2,12,1,1,4,1,1,1,9,99,0,20,2,1966,0,,12,68,12,,,,1,1,22,1,7,,4,0,99,7,11,5,10/18/2021,19:55,68053053315,53315,0,0,0,3,1,0,,,,96,,,,,,98,,,,,,98848,53,71,165,6,1,0,3,1,2,,0,,,,,,0,08/15/2017,03/15/2019,20,0,0,0,0,9,8,,,0,,,8,8,2,695,605,,1,1,,2,1,0,,,,,,,,,,,,,,,,,,,,,,,,,,,,,,0,0,0,1,0,0,1,1,1,0,0,0,0,0,0,0,0,0,1,0,0,1,1,1,1,1,1,1,0,1,0,0,0,0,0,,1,0,0,0,0,0,1,1,0,0,0,0,0,0,1,0,,,,,,21-25,16-25,State route,U,Monday,Unknown,PV,White,1,0,0,0,State Route,State Patrol,Washington State Patrol,0,1,0,0,0,thc,21,carboxy-thc,17,,0,0,0,,,,,,,,,,,0,0,0,1,,,,,20,,,,,,,,nms,1,0,,,,,,