year,case,par,repjur,crash_dt,crash_tm,accday,accmon,holiday,county,co_char,city,weather,weather2,lightcond,surfcond,surftype,numfatal,nmforms,pforms,vforms,not_tm,arr_tm,hosp_tm,fhevent,hitrun,manncol,milepnt,reljunc,reljuncinter,intersectiontype,funcsystem,landuse,ownership,route,schlbus,spejur,contdev,devfunc,trafid1,trafid2,x,y,wk_zone,vnumber,crashtype,criticalevent,criticaleventcat,spdlim,body,trailer,emerg,hazcargo,leave,mhevent,roadalgn,roadprof,traflane,trafflow,vehmanvr,numoccs,regowner,regstate,spuse,make,model,modelyr,vrf1,vrf2,seqevent1,seqevent2,seqevent3,seqevent4,seqevent5,seqevent6,pnumber,ptype,age,sex,hispanic,race,injury,diedscene,restraint,restraintmisuse,seatpos,takehosp,death_dt,death_tm,cert,cernum_wa,commlic,licendor,licrestrict,liccomp,drivpres,drf1,drf2,drf3,drf4,distract1,distract2,distract3,distract4,distract5,distract6,dricond1,dricond2,dricond3,dricond4,dricond5,dricond6,dzip,licstate,drhgt_in,weight,noncdl,noncdltype,prevdwi,prevoth,prevacc,prevspd,prevsus,driviol1,driviol2,driviol3,driviol4,driviol5,driviol6,spdrel,first_dt,last_dt,airbag,ejection,ejectpath,extricat,injurwrk,methalc,methdrug,nmlocat,strikveh,prf1,prf2,prf3,druginv,alcinvol,drugsts,drugres1,drugres2,drugres3,drugtst1,drugtst2,drugtst3,alcsts,alctst,alcres,nmact1,nmact2,nmact3,nmact4,nmact5,nmact6,nmprior1,nmprior2,nmprior3,nmprior4,nmprior5,nmprior6,nmcond1,nmcond2,nmcond3,nmcond4,nmcond5,nmcond6,nmsafe_helmet,nmsafe_pads,nmsafe_oth,nmprev_ref,nmprev_lgt,nmprev_oth,crashlocation,nmcrashtype,crosswalk,schoolzone,sidewalk,train_inv,wildlife_inv,rotr_fars,intersect_fars,dd_inv,aid_inv,dpd_inv,id_inv,mj_inv,impnm_inv,ainm_inv,dpnm_inv,speed_inv,unlic_inv,unendmc_inv,drowsy_inv,drdist_inv,nmdist_inv,fty_inv,unrestfat_inv,dr1617_inv,dr1820_inv,dr1620_inv,dr2125_inv,dr1625_inv,dr65_inv,dr70_inv,dr75_inv,mc_inv,pv_inv,ht_inv,ped_inv,bike_inv,unrest_fat,mc_fat,unhelmet_mc,pv_fat,ht_fat,ped_fat,bike_fat,dr_alc7,dr_alc8,dr_drug,dr_imp,dr_dist,dr_spd,dr_fty,dr_unlic,dr_alc7only,dr_alc8only,dr_drugonly,dr_drink,nm_imp,nm_alc7,nm_alc8,nm_drug,nm_dist,agegrp1,agegrp2,roadclass,urbrur,dayweek,restuse,vehtype,race_me,intersect,lanedep,oppdir,wrongway,rep_typ,investag,repag_long,rotr,st_rd,cty_rd,city_rd,oth_rd,drug_thc,thc_res,drug_cthc,cthc_res,drug_cann,prevpersemin,prevperse,prevsusoth,drugtst4,drugtst5,drugtst6,drugtst7,drugtst8,drugres4,drugres5,drugres6,drugres7,drugres8,adspresent,adsengaged,adslevel,race1,race2,race3,race4,race5,helmet,helmetmisuse,nmdistract1,nmdistract2,nmdistract3,nmdistract4,nmdistract5,nmdistract6,lab,isedtcase,crf1,crf2,crf3,CoRoadName,CoMP,IntCoRoadName,IntCoMP
2021,438,EB83265,6,10/18/2021,18:17,18,10,,25,Grant,0,1,,5,1,2,1,0,3,3,,,,12,0,6,2.7,2,0,2,2,2,1,3,0,0,0,0,SR-282,AIRPORT RD SE,-119.5110694,47.28950833,0,3,98,62,4,60,4,0,0,1,2,12,1,1,4,1,1,1,1,53,0,30,40,2021,0,,12,,,,,,1,1,19,1,0,,3,0,3,0,11,5,,,,,0,0,0,3,1,0,,,,96,,,,,,98,,,,,,98851,53,76,140,6,1,0,0,0,1,,0,,,,,,0,04/15/2021,04/15/2021,8,0,0,0,8,9,8,,,0,,,8,8,0,0,,,0,,,0,0,996,,,,,,,,,,,,,,,,,,,,,,,,,,,,,,0,0,0,1,0,0,1,1,1,0,0,0,0,0,0,0,0,0,1,0,0,1,1,1,1,1,1,1,0,1,0,0,0,0,0,,0,0,0,0,0,0,0,0,0,0,0,0,0,0,0,0,,,,,,18-20,16-25,State route,U,Monday,Belt Used,PV,Not Fatal,1,0,0,0,State Route,State Patrol,Washington State Patrol,0,1,0,0,0,,,,,,0,0,0,,,,,,,,,,,98,98,98,0,,,,,20,,,,,,,,,1,0,,,,,,
2021,439,EB83918,42,10/22/2021,18:55,22,10,,67,Thurston,0,10,,2,2,2,1,0,2,2,,,,12,0,6,9,2,0,3,5,1,2,4,0,0,20,3,CR-110TH AVE SW,DELPHI RD SW,-123.0130611,46.92856667,0,1,82,15,2,50,34,0,0,1,5,12,1,1,2,1,11,1,2,53,0,12,481,2004,0,,12,,,,,,1,1,16,1,0,,0,0,3,0,11,0,,,,,0,0,1,3,1,38,,,,96,,,,,,98,,,,,,98501,53,72,155,6,2,0,0,0,0,,97,,,,,,0,,,20,0,0,0,8,9,8,,,0,,,8,8,0,0,,,0,,,0,0,996,,,,,,,,,,,,,,,,,,,,,,,,,,,,,,0,0,0,1,0,0,1,1,1,0,0,0,0,0,1,0,1,0,1,0,1,0,1,0,1,0,0,0,1,1,0,0,0,0,0,,0,0,0,0,0,0,0,0,0,0,1,0,0,0,0,0,,,,,,16-17,16-25,County road,R,Friday,Belt Used,PV,Not Fatal,1,0,0,0,County Road,County Sheriff,Thurston County Sheriff's Office,0,0,1,0,0,,,,,,0,0,0,,,,,,,,,,,98,98,98,0,,,,,20,,,,,,,,,1,0,,,110TH AVE SW,9,DELPHI RD SW,0
2021,439,EB83918,42,10/22/2021,18:55,22,10,,67,Thurston,0,10,,2,2,2,1,0,2,2,,,,12,0,6,9,2,0,3,5,1,2,4,0,0,0,0,CR-110TH AVE SW,DELPHI RD SW,-123.0130611,46.92856667,0,2,83,67,4,50,80,0,0,1,5,12,1,1,2,1,1,1,1,53,0,37,706,1994,0,,12,,,,,,1,1,62,1,7,,4,0,20,7,11,0,10/22/2021,23:32,2.23E+11,57395,0,0,0,2,1,0,,,,92,,,,,,98,,,,,,98503,53,67,125,6,1,0,0,1,0,,0,,,,,,0,04/15/2019,04/15/2019,20,8,0,0,0,9,8,,,0,,,8,8,2,348,695,605,1,1,1,2,1,0,,,,,,,,,,,,,,,,,,,,,,,,,,,,,,0,0,0,1,0,0,1,1,1,0,0,0,0,0,1,0,1,0,1,0,1,0,1,0,1,0,0,0,1,1,0,0,0,0,1,1,0,0,0,0,0,0,1,1,1,0,0,0,0,0,1,0,,,,,,61-65,56-65,County road,R,Friday,,MC,White,1,0,0,0,County Road,County Sheriff,Thurston County Sheriff's Office,0,0,1,0,0,thc,14,carboxy-thc,19,,0,0,0,1,1,,,,401,417,,,,0,0,0,1,,,,,16,,,,,,,,nms,1,0,,,110TH AVE SW,9,DELPHI RD SW,0
2021,440,EB84228,4,10/28/2021,14:25,28,10,,75,Whitman,0,10,,1,1,2,1,0,4,4,,,,12,0,8,2.8,1,0,1,2,2,1,2,0,0,0,0,US-195,,-117.0782083,46.50061389,0,1,64,10,2,60,66,1,0,2,2,12,2,1,2,1,14,1,3,16,0,85,881,2021,0,,68,12,12,64,59,38,1,1,61,1,0,,1,0,3,0,11,0,,,,,1,2,0,2,1,28,,,,92,,,,,,98,,,,,,98837,53,72,220,1,1,0,1,0,1,,2,,,,,,0,04/15/2018,02/15/2019,20,0,0,0,8,1,2,,,0,,,8,0,2,1,,,1,,,2,1,0,,,,,,,,,,,,,,,,,,,,,,,,,,,,,,0,0,0,0,0,0,0,0,0,0,0,0,0,1,0,0,1,0,0,0,0,0,0,0,0,0,0,0,0,1,1,0,0,0,0,,0,0,0,0,0,0,0,0,1,0,0,1,0,0,0,0,,,,,,61-65,56-65,US highway,U,Thursday,,MHTRUCK,Not Fatal,0,1,1,0,State Route,State Patrol,Washington State Patrol,0,1,0,0,0,,,,,,0,0,0,,,,,,,,,,,98,98,98,0,,,,,20,,,,,,,,,1,0,,,,,,
2021,440,EB84228,4,10/28/2021,14:25,28,10,,75,Whitman,0,10,,1,1,2,1,0,4,4,,,,12,0,8,2.8,1,0,1,2,2,1,2,0,0,0,0,US-195,,-117.0782083,46.50061389,0,3,98,62,4,60,34,0,0,1,2,12,2,1,2,1,14,1,3,53,0,7,482,2018,0,,12,,,,,,1,1,27,1,0,,0,0,3,0,11,0,,,,,0,0,3,3,1,0,,,,96,,,,,,98,,,,,,99206,53,70,185,6,1,0,0,0,0,,0,,,,,,0,,,8,0,0,0,8,9,8,,,0,,,8,8,0,0,,,0,,,0,0,996,,,,,,,,,,,,,,,,,,,,,,,,,,,,,,0,0,0,0,0,0,0,0,0,0,0,0,0,1,0,0,1,0,0,0,0,0,0,0,0,0,0,0,0,1,1,0,0,0,0,,0,0,0,0,0,0,0,0,0,0,0,0,0,0,0,0,,,,,,26-30,26-35,US highway,U,Thursday,Belt Used,PV,Not Fatal,0,1,1,0,State Route,State Patrol,Washington State Patrol,0,1,0,0,0,,,,,,0,0,0,,,,,,,,,,,98,98,98,0,,,,,20,,,,,,,,,1,0,,,,,,
2021,440,EB84228,4,10/28/2021,14:25,28,10,,75,Whitman,0,10,,1,1,2,1,0,4,4,,,,12,0,8,2.8,1,0,1,2,2,1,2,0,0,0,0,US-195,,-117.0782083,46.50061389,0,2,65,62,4,60,34,0,0,1,2,12,3,1,2,1,14,1,0,53,0,37,471,2006,0,,12,12,,,,,1,1,49,1,0,,2,0,3,0,11,0,,,,,0,0,0,3,1,0,,,,96,,,,,,98,,,,,,99403,53,72,275,6,1,0,0,0,0,,0,,,,,,0,,,8,0,0,0,8,9,8,,,0,,,8,8,0,0,,,0,,,0,0,996,,,,,,,,,,,,,,,,,,,,,,,,,,,,,,0,0,0,0,0,0,0,0,0,0,0,0,0,1,0,0,1,0,0,0,0,0,0,0,0,0,0,0,0,1,1,0,0,0,0,,0,0,0,0,0,0,0,0,0,0,0,0,0,0,0,0,,,,,,46-50,46-55,US highway,U,Thursday,Belt Used,PV,Not Fatal,0,1,1,0,State Route,State Patrol,Washington State Patrol,0,1,0,0,0,,,,,,0,0,0,,,,,,,,,,,98,98,98,0,,,,,20,,,,,,,,,1,0,,,,,,
2021,440,EB84228,4,10/28/2021,14:25,28,10,,75,Whitman,0,10,,1,1,2,1,0,4,4,,,,12,0,8,2.8,1,0,1,2,2,1,2,0,0,0,0,US-195,,-117.0782083,46.50061389,0,4,98,62,4,60,67,1,0,1,2,12,3,1,2,1,14,1,1,53,0,12,880,2018,0,,12,,,,,,1,1,58,1,7,,4,7,3,0,11,0,10/28/2021,14:25,53054970,54970,6,0,0,3,1,0,,,,96,,,,,,98,,,,,,99403,53,70,190,6,1,1,0,0,0,,0,,,,,,0,08/15/2019,08/15/2019,8,1,9,0,0,9,8,,,0,,,8,8,2,1,,,1,,,2,1,0,,,,,,,,,,,,,,,,,,,,,,,,,,,,,,0,0,0,0,0,0,0,0,0,0,0,0,0,1,0,0,1,0,0,0,0,0,0,0,0,0,0,0,0,1,1,0,0,0,0,,0,1,0,0,0,0,0,0,0,0,0,0,0,0,0,0,,,,,,56-60,56-65,US highway,U,Thursday,,MHTRUCK,White,0,1,1,0,State Route,State Patrol,Washington State Patrol,0,1,0,0,0,,,,,,0,1,0,,,,,,,,,,,98,98,98,1,,,,,20,,,,,,,,,1,0,,,,,,
2021,441,EB84527,290,11/01/2021,22:19,1,11,,53,Pierce,2230,2,,3,0,0,1,0,2,2,,,,12,0,6,,8,0,1,3,2,4,6,0,3,0,0,E PORTLAND AVE,,-122.4076833,47.216125,0,2,82,66,4,0,4,0,0,1,2,12,0,0,0,0,11,1,1,53,0,32,43,2014,0,,12,,,,,,1,1,24,1,1,,4,7,3,0,11,0,11/01/2021,22:19,2.23E+11,56490,0,0,0,0,1,0,,,,96,,,,,,0,,,,,,98418,53,64,200,0,0,0,0,0,0,,0,,,,,,0,,,8,0,0,0,0,9,8,,,0,,,8,8,2,1,,,1,,,2,1,0.222,,,,,,,,,,,,,,,,,,,,,,,,,,,,,,0,0,0,0,1,1,0,1,0,0,0,0,0,1,0,0,0,0,0,0,0,0,0,1,1,0,0,0,0,1,0,0,0,0,0,,1,0,0,0,0,1,0,1,0,0,0,1,0,1,0,1,,,,,,21-25,16-25,City street,U,Monday,Belt Used,PV,Hispanic,0,0,0,0,City Street,Municipal/City Police,Tacoma Police Department,0,0,0,1,0,,,,,,0,0,0,,,,,,,,,,,98,98,98,298,,,,,20,,,,,,,,,1,0,,,,,,
2021,441,EB84527,290,11/01/2021,22:19,1,11,,53,Pierce,2230,2,,3,2,2,1,0,2,2,,,,12,1,6,,8,0,1,3,2,4,6,0,3,0,0,E PORTLAND AVE,,-122.4076833,47.216125,0,1,83,72,4,35,34,0,0,1,2,12,1,2,4,1,1,99,9,53,0,2,482,1992,0,,12,,,,,,1,1,999,1,0,,9,0,99,7,11,0,,,,,99,9,9,9,1,0,,,,96,,,,,,0,,,,,,99999,99,,999,9,9,99,99,99,99,,0,,,,,,0,,,20,0,0,0,8,9,8,,,0,,,8,8,0,0,,,0,,,0,0,996,,,,,,,,,,,,,,,,,,,,,,,,,,,,,,0,0,0,0,1,1,0,1,0,0,0,0,0,1,0,0,0,0,0,0,0,0,0,1,1,0,0,0,0,1,0,0,0,0,0,,0,0,0,0,0,0,0,0,0,0,0,0,0,0,0,0,,,,,,,,City street,U,Monday,Unknown,PV,Not Fatal,0,0,0,0,City Street,Municipal/City Police,Tacoma Police Department,0,0,0,1,0,,,,,,99,99,99,,,,,,,,,,,0,0,0,0,,,,,20,,,,,,,,,1,0,,,,,,
2021,594,EB84557,35,10/31/2021,4:09,31,10,,53,Pierce,0,1,,2,1,1,1,0,1,1,,,,18,0,0,2.3,1,0,1,5,2,2,4,0,0,0,0,CR-MATHIAS RD E,,-122.3424389,47.04239722,0,1,12,90,6,35,80,0,0,1,2,18,1,1,2,1,1,1,2,53,0,37,706,2001,0,,18,,,,,,1,1,38,1,7,,4,0,20,7,11,5,11/08/2021,7:44,2.23E+11,57919,0,0,0,2,1,0,,,,96,,,,,,98,,,,,,98387,53,73,320,1,1,0,5,1,6,,0,,,,,,3,08/15/2018,10/15/2021,20,8,0,0,0,9,8,,,0,,,8,8,0,0,,,0,,,0,0,996,,,,,,,,,,,,,,,,,,,,,,,,,,,,,,0,0,0,0,0,0,0,0,0,0,0,0,1,1,1,0,0,0,0,0,0,0,0,0,0,0,0,0,1,0,0,0,0,0,1,0,0,0,0,0,0,0,0,0,0,1,0,1,0,0,0,0,,,,,,36-40,36-45,County road,U,Sunday,,MC,White,0,0,0,0,County Road,County Sheriff,Law Enforcement Support Agency,0,0,1,0,0,,,,,,0,0,6,,,,,,,,,,,0,0,0,1,,,,,19,,,,,,,,,1,0,,,MATHIAS RD E,2.28,066 AVE CT E,0
2021,456,EB84667,242,10/30/2021,23:02,30,10,,53,Pierce,1770,1,,3,1,2,1,1,1,1,,,,8,0,0,0,3,0,2,3,2,4,6,0,0,0,0,N MERIDIAN,E Main,-122.2937167,47.19181389,0,1,13,80,5,25,15,0,0,1,5,8,1,1,2,4,1,1,1,53,0,2,422,2020,0,,8,,,,,,1,1,62,2,0,,0,0,3,0,11,0,,,,,0,0,3,3,1,0,,,,96,,,,,,9,,,,,,98373,53,67,165,6,1,0,0,0,0,,2,,,,,,0,,,20,0,0,0,8,9,8,,,0,,,8,1,8,95,,,96,,,2,1,997,,,,,,,,,,,,,,,,,,,,,,,,,,,,,,0,0,0,1,1,0,0,0,0,0,0,0,0,0,0,0,0,1,0,0,0,0,0,0,0,0,0,0,0,1,0,1,0,0,0,,0,0,0,0,0,0,0,0,0,0,0,0,0,0,0,1,,,,,,61-65,56-65,City street,U,Saturday,Belt Used,PV,Not Fatal,1,0,0,0,City Street,Municipal/City Police,Puyallup Police Department,0,0,0,1,0,,,,,,0,0,0,,,,,,,,,,,98,98,98,0,,,,,20,,,,,,,,,1,0,,,,,,
2021,445,EB84669,1,10/30/2021,3:40,30,10,,71,Walla Walla,0,1,,2,1,2,1,0,2,2,,,,12,0,2,1,1,0,1,4,1,1,3,0,0,0,0,SR-730,,-118.9622806,46.01069167,0,2,51,62,4,60,66,2,0,1,2,12,1,1,2,1,1,1,3,18,0,85,881,2019,0,,12,2,,,,,1,1,44,1,0,,0,0,3,0,11,0,,,,,6,3,0,3,1,0,,,,96,,,,,,98,,,,,,83854,16,70,175,6,1,0,0,0,0,,0,,,,,,0,,,20,0,0,0,8,9,8,,,0,,,8,8,0,0,,,0,,,0,0,996,,,,,,,,,,,,,,,,,,,,,,,,,,,,,,0,0,0,0,0,0,0,0,0,0,0,0,0,0,0,0,1,0,0,0,0,1,1,0,1,0,0,0,0,1,1,0,0,0,0,,0,0,0,0,0,0,0,0,0,0,0,0,0,0,0,0,,,,,,41-45,36-45,State route,R,Saturday,,MHTRUCK,Not Fatal,0,1,1,0,State Route,State Patrol,Washington State Patrol,0,1,0,0,0,,,,,,0,0,0,,,,,,,,,,,98,98,98,0,,,,,20,,,,,,,,,1,0,,,,,,
2021,445,EB84669,1,10/30/2021,3:40,30,10,,71,Walla Walla,0,1,,2,1,2,1,0,2,2,,,,12,0,2,1,1,0,1,4,1,1,3,0,0,0,0,SR-730,,-118.9622806,46.01069167,0,1,50,10,2,60,5,0,0,1,2,12,1,1,2,1,1,1,2,53,0,12,37,2015,0,,68,12,63,68,63,38,1,1,19,1,7,,4,7,3,0,11,0,10/30/2021,3:40,53056206,56206,0,0,0,3,1,28,,,,92,,,,,,98,,,,,,99362,53,76,125,6,1,0,0,0,2,,0,,,,,,0,10/15/2021,09/15/2021,8,0,0,0,0,9,8,,,0,,,8,8,8,95,,,96,,,9,99,999,,,,,,,,,,,,,,,,,,,,,,,,,,,,,,0,0,0,0,0,0,0,0,0,0,0,0,0,0,0,0,1,0,0,0,0,1,1,0,1,0,0,0,0,1,1,0,0,0,0,,1,0,0,0,0,0,0,0,1,0,0,0,0,0,0,0,,,,,,18-20,16-25,State route,R,Saturday,Belt Used,PV,Multiracial,0,1,1,0,State Route,State Patrol,Washington State Patrol,0,1,0,0,0,,,,,,0,0,0,,,,,,,,,,,98,98,98,202,201,,,,20,,,,,,,,,1,0,,,,,,
2021,446,EB84744,3,10/27/2021,6:39,27,10,,53,Pierce,0,10,,3,2,2,1,0,3,3,,,,14,0,0,121.1,1,0,1,1,2,1,1,0,0,0,0,I-5,,-122.586425,47.10486667,0,3,98,64,4,60,14,0,0,1,5,12,1,1,4,3,1,1,1,53,0,38,402,1999,0,,12,,,,,,1,1,25,1,0,,0,0,3,0,11,0,,,,,0,0,0,3,1,0,,,,96,,,,,,98,,,,,,98396,53,71,150,6,1,0,0,0,1,,0,,,,,,0,09/15/2020,09/15/2020,20,0,0,0,8,9,8,,,0,,,8,8,0,0,,,0,,,0,0,996,,,,,,,,,,,,,,,,,,,,,,,,,,,,,,0,0,0,0,0,0,1,1,0,0,0,0,0,1,0,0,0,0,0,0,0,0,0,1,1,0,0,0,0,1,1,0,0,0,0,,0,0,0,0,0,0,0,0,0,0,0,0,0,0,0,0,,,,,,21-25,16-25,Interstate,U,Wednesday,Belt Used,PV,Not Fatal,0,1,0,0,State Route,State Patrol,Washington State Patrol,1,1,0,0,0,,,,,,0,0,0,,,,,,,,,,,0,0,0,0,,,,,20,,,,,,,,,1,0,,,,,,
2021,446,EB84744,3,10/27/2021,6:39,27,10,,53,Pierce,0,10,,3,2,2,1,0,3,3,,,,14,0,0,121.1,1,0,1,1,2,1,1,0,0,0,0,I-5,,-122.586425,47.10486667,0,1,11,13,2,60,34,0,0,1,2,14,1,1,4,3,15,1,1,41,0,12,481,1975,0,,63,14,69,12,,,1,1,61,1,7,,4,7,3,0,11,0,10/27/2021,6:39,53055848,55848,0,0,0,0,1,0,,,,96,,,,,,98,,,,,,99349,53,72,205,3,1,0,0,0,0,,0,,,,,,0,,,20,0,0,0,0,9,8,,,0,,,8,8,2,401,417,,1,1,,2,1,0,,,,,,,,,,,,,,,,,,,,,,,,,,,,,,0,0,0,0,0,0,1,1,0,0,0,0,0,1,0,0,0,0,0,0,0,0,0,1,1,0,0,0,0,1,1,0,0,0,0,,1,0,0,0,0,0,1,1,0,0,0,1,0,0,1,0,,,,,,61-65,56-65,Interstate,U,Wednesday,Belt Used,PV,White,0,1,0,0,State Route,State Patrol,Washington State Patrol,1,1,0,0,0,,,,,,0,0,0,,,,,,,,,,,0,0,0,1,,,,,20,,,,,,,,,1,0,,,,,,
2021,447,EB85119,1,10/23/2021,18:29,23,10,,77,Yakima,0,10,,2,2,2,1,0,2,2,,,,12,0,6,4.9,2,0,2,5,1,1,3,0,3,0,0,SR-22,N MEYERS RD,-120.2938833,46.35704722,0,2,88,66,4,60,66,2,0,1,2,12,1,1,2,1,1,1,3,41,0,87,881,2019,0,,12,68,64,1,,,1,1,44,1,0,,0,0,3,0,11,0,,,,,6,3,0,3,1,0,,,,96,,,,,,98,,,,,,98908,53,73,205,6,1,0,0,0,0,,0,,,,,,0,,,20,0,0,0,8,9,8,,,0,,,8,8,0,0,,,0,,,0,0,996,,,,,,,,,,,,,,,,,,,,,,,,,,,,,,0,0,0,1,1,1,1,1,0,0,0,0,1,1,0,0,0,0,0,0,0,0,0,0,0,0,0,0,0,1,1,0,0,0,0,,0,0,0,0,0,0,0,0,0,0,0,0,0,0,0,0,,,,,,41-45,36-45,State route,R,Saturday,,MHTRUCK,Not Fatal,1,0,0,0,State Route,State Patrol,Washington State Patrol,0,1,0,0,0,,,,,,0,0,0,,,,,,,,,,,98,98,98,0,,,,,20,,,,,,,,,1,0,,,,,,
2021,447,EB85119,1,10/23/2021,18:29,23,10,,77,Yakima,0,10,,2,2,2,1,0,2,2,,,,12,0,6,4.9,2,0,2,5,1,1,3,0,3,20,3,SR-22,N MEYERS RD,-120.2938833,46.35704722,0,1,89,17,2,35,4,0,0,1,2,12,1,1,2,1,1,1,2,53,0,55,35,2012,0,,12,,,,,,1,1,26,1,1,,4,7,99,7,11,0,10/23/2021,18:29,53054583,54583,0,0,0,0,1,39,,,,96,,,,,,98,,,,,,98948,53,,999,0,0,99,99,99,99,,0,,,,,,4,,,8,0,0,0,0,9,8,,,0,,,8,8,2,402,996,,1,1,,2,1,0.199,,,,,,,,,,,,,,,,,,,,,,,,,,,,,,0,0,0,1,1,1,1,1,0,0,0,0,1,1,0,0,0,0,0,0,0,0,0,0,0,0,0,0,0,1,1,0,0,0,0,,1,0,0,0,0,1,1,1,0,1,0,1,0,0,0,1,,,,,,26-30,26-35,State route,R,Saturday,Unknown,PV,Hispanic,1,0,0,0,State Route,State Patrol,Washington State Patrol,0,1,0,0,0,,,,,,99,99,99,,,,,,,,,,,98,98,98,98,,,,,20,,,,,,,,,1,0,,,,,,
2021,512,EB85154,25,10/24/2021,15:04,24,10,,33,King,0,6,,1,1,2,2,0,2,1,,,,42,0,0,1.4,1,0,1,4,1,2,4,0,0,0,0,CR-PRESTON FALL CITY RD,,-121.914025,47.53675833,0,1,98,98,7,45,4,0,0,1,2,42,3,2,2,1,14,2,1,53,0,48,38,2012,0,,42,,,,,,1,1,22,1,7,,4,7,3,0,11,0,10/24/2021,15:04,53055022,55022,0,0,0,3,1,0,,,,96,,,,,,98,,,,,,98008,53,72,156,6,1,0,1,1,0,,0,,,,,,0,11/15/2017,01/15/2017,8,0,0,0,0,9,8,,,0,,,8,8,2,1,,,1,,,2,1,0,,,,,,,,,,,,,,,,,,,,,,,,,,,,,,0,0,0,0,0,0,0,0,0,0,0,0,0,0,0,0,0,0,0,0,0,0,0,1,1,0,0,0,0,1,0,0,0,0,0,,1,0,0,0,0,0,0,0,0,0,0,0,0,0,0,0,,,,,,21-25,16-25,County road,R,Sunday,Belt Used,PV,White,0,0,0,0,County Road,County Sheriff,King County Police,0,0,1,0,0,,,,,,0,0,0,,,,,,,,,,,98,98,98,1,,,,,20,,,,,,,,,1,0,,,PRESTON-FALL CITY RD SE,1.439,NULL,
2021,449,EB85980,14,11/02/2021,21:14,2,11,,11,Clark,0,10,,2,2,2,1,0,3,1,,,,30,0,0,0,3,0,3,5,1,2,4,0,0,0,0,CR-NE 152ND AVE,NE 319TH ST,-122.5166556,45.85327778,0,1,6,12,2,40,34,0,0,1,2,30,2,1,2,1,14,3,2,53,0,35,472,2005,0,,68,64,30,42,2,,1,1,16,1,0,,3,0,3,0,11,5,,,,,0,0,2,3,1,73,,,,96,,,,,,98,,,,,,98601,53,70,130,6,2,0,0,0,0,,0,,,,,,4,,,99,0,0,0,8,9,8,,,0,,,8,1,8,95,,,96,,,0,0,996,,,,,,,,,,,,,,,,,,,,,,,,,,,,,,0,0,1,1,1,0,0,0,0,0,0,0,1,0,0,0,0,0,0,0,1,0,1,0,1,0,0,0,0,1,0,0,0,0,0,,0,0,0,0,0,0,0,0,0,1,0,0,0,0,0,1,,,,,,16-17,16-25,County road,R,Tuesday,Belt Used,PV,Not Fatal,0,1,0,0,County Road,County Sheriff,Clark County Sheriff's Office,1,0,1,0,0,,,,,,0,0,0,,,,,,,,,,,98,98,98,0,,,,,20,,,,,,,,,1,0,,,NE 319TH ST,0,NE 152ND AVE,8.81
2021,458,EB86194,290,11/05/2021,21:35,5,11,,53,Pierce,2230,1,,3,2,2,1,0,2,2,,,,12,0,6,,2,0,3,3,2,4,6,0,0,3,3,S ORCHARD ST,Emerson St,-122.5051583,47.22106667,0,2,82,66,4,35,5,0,0,1,2,12,1,2,4,1,11,1,1,53,0,49,51,2010,0,,12,,,,,,1,1,35,2,0,,1,0,3,0,11,0,,,,,0,0,3,3,1,0,,,,96,,,,,,0,,,,,,98466,53,66,200,6,1,0,0,0,0,,0,,,,,,0,,,8,0,0,0,8,9,8,,,0,,,8,8,8,95,,,96,,,8,95,995,,,,,,,,,,,,,,,,,,,,,,,,,,,,,,0,0,0,1,0,0,0,0,0,0,0,0,1,0,0,0,0,0,0,0,0,0,0,0,0,0,0,0,1,1,0,0,0,0,0,,0,0,0,0,0,0,0,0,0,0,0,0,0,0,0,0,,,,,,31-35,26-35,City street,U,Friday,Belt Used,PV,Not Fatal,1,0,0,0,City Street,Municipal/City Police,Tacoma Police Department,0,0,0,1,0,,,,,,0,0,0,,,,,,,,,,,98,98,98,0,,,,,20,,,,,,,,,1,0,,,,,,
2021,458,EB86194,290,11/05/2021,21:35,5,11,,53,Pierce,2230,1,,3,2,2,1,0,2,2,,,,12,1,6,,2,0,3,3,2,4,6,0,0,3,3,S ORCHARD ST,Emerson St,-122.5051583,47.22106667,0,1,83,17,2,35,80,0,0,1,2,12,1,2,5,5,1,99,9,53,0,53,705,2007,0,,12,,,,,,1,1,999,1,7,,4,7,20,7,11,0,11/05/2021,21:35,2.23E+11,58331,99,9,9,9,1,39,,,,96,,,,,,98,,,,,,99998,99,,999,9,9,99,99,99,99,,0,,,,,,4,,,20,8,0,0,0,9,8,,,0,,,8,8,8,95,,,96,,,8,95,995,,,,,,,,,,,,,,,,,,,,,,,,,,,,,,0,0,0,1,0,0,0,0,0,0,0,0,1,0,0,0,0,0,0,0,0,0,0,0,0,0,0,0,1,1,0,0,0,0,1,0,0,0,0,0,0,0,0,0,0,1,0,0,0,0,0,0,,,,,,,,City street,U,Friday,,MC,White,1,0,0,0,City Street,Municipal/City Police,Tacoma Police Department,0,0,0,1,0,,,,,,99,99,99,,,,,,,,,,,0,0,0,1,,,,,19,,,,,,,,,1,0,,,,,,