year,case,par,repjur,crash_dt,crash_tm,accday,accmon,holiday,county,co_char,city,weather,weather2,lightcond,surfcond,surftype,numfatal,nmforms,pforms,vforms,not_tm,arr_tm,hosp_tm,fhevent,hitrun,manncol,milepnt,reljunc,reljuncinter,intersectiontype,funcsystem,landuse,ownership,route,schlbus,spejur,contdev,devfunc,trafid1,trafid2,x,y,wk_zone,vnumber,crashtype,criticalevent,criticaleventcat,spdlim,body,trailer,emerg,hazcargo,leave,mhevent,roadalgn,roadprof,traflane,trafflow,vehmanvr,numoccs,regowner,regstate,spuse,make,model,modelyr,vrf1,vrf2,seqevent1,seqevent2,seqevent3,seqevent4,seqevent5,seqevent6,pnumber,ptype,age,sex,hispanic,race,injury,diedscene,restraint,restraintmisuse,seatpos,takehosp,death_dt,death_tm,cert,cernum_wa,commlic,licendor,licrestrict,liccomp,drivpres,drf1,drf2,drf3,drf4,distract1,distract2,distract3,distract4,distract5,distract6,dricond1,dricond2,dricond3,dricond4,dricond5,dricond6,dzip,licstate,drhgt_in,weight,noncdl,noncdltype,prevdwi,prevoth,prevacc,prevspd,prevsus,driviol1,driviol2,driviol3,driviol4,driviol5,driviol6,spdrel,first_dt,last_dt,airbag,ejection,ejectpath,extricat,injurwrk,methalc,methdrug,nmlocat,strikveh,prf1,prf2,prf3,druginv,alcinvol,drugsts,drugres1,drugres2,drugres3,drugtst1,drugtst2,drugtst3,alcsts,alctst,alcres,nmact1,nmact2,nmact3,nmact4,nmact5,nmact6,nmprior1,nmprior2,nmprior3,nmprior4,nmprior5,nmprior6,nmcond1,nmcond2,nmcond3,nmcond4,nmcond5,nmcond6,nmsafe_helmet,nmsafe_pads,nmsafe_oth,nmprev_ref,nmprev_lgt,nmprev_oth,crashlocation,nmcrashtype,crosswalk,schoolzone,sidewalk,train_inv,wildlife_inv,rotr_fars,intersect_fars,dd_inv,aid_inv,dpd_inv,id_inv,mj_inv,impnm_inv,ainm_inv,dpnm_inv,speed_inv,unlic_inv,unendmc_inv,drowsy_inv,drdist_inv,nmdist_inv,fty_inv,unrestfat_inv,dr1617_inv,dr1820_inv,dr1620_inv,dr2125_inv,dr1625_inv,dr65_inv,dr70_inv,dr75_inv,mc_inv,pv_inv,ht_inv,ped_inv,bike_inv,unrest_fat,mc_fat,unhelmet_mc,pv_fat,ht_fat,ped_fat,bike_fat,dr_alc7,dr_alc8,dr_drug,dr_imp,dr_dist,dr_spd,dr_fty,dr_unlic,dr_alc7only,dr_alc8only,dr_drugonly,dr_drink,nm_imp,nm_alc7,nm_alc8,nm_drug,nm_dist,agegrp1,agegrp2,roadclass,urbrur,dayweek,restuse,vehtype,race_me,intersect,lanedep,oppdir,wrongway,rep_typ,investag,repag_long,rotr,st_rd,cty_rd,city_rd,oth_rd,drug_thc,thc_res,drug_cthc,cthc_res,drug_cann,prevpersemin,prevperse,prevsusoth,drugtst4,drugtst5,drugtst6,drugtst7,drugtst8,drugres4,drugres5,drugres6,drugres7,drugres8,adspresent,adsengaged,adslevel,race1,race2,race3,race4,race5,helmet,helmetmisuse,nmdistract1,nmdistract2,nmdistract3,nmdistract4,nmdistract5,nmdistract6,lab,isedtcase,crf1,crf2,crf3,CoRoadName,CoMP,IntCoRoadName,IntCoMP
2021,450,EB86461,2,11/02/2021,22:50,2,11,,73,Whatcom,110,2,,2,2,2,1,1,4,3,,,,18,0,0,253.5,1,0,1,1,2,1,1,0,0,0,0,I-5,,-122.462875,48.75261389,0,2,98,80,5,60,4,0,0,1,5,8,1,2,2,3,1,1,1,53,0,42,54,2016,0,,8,,,,,,1,1,65,2,0,,0,0,3,0,11,0,,,,,0,0,3,3,1,0,,,,96,,,,,,98,,,,,,98229,53,71,178,6,1,0,0,0,0,,0,,,,,,0,,,20,0,0,0,8,9,8,,,0,,,8,8,8,95,,,96,,,0,0,996,,,,,,,,,,,,,,,,,,,,,,,,,,,,,,0,0,0,0,0,0,0,0,0,0,0,0,0,0,0,0,1,0,0,0,0,1,1,1,1,1,0,0,0,1,0,1,0,0,0,,0,0,0,0,0,0,0,0,0,0,0,0,0,0,0,0,,,,,,61-65,56-65,Interstate,U,Tuesday,Belt Used,PV,Not Fatal,0,1,0,0,State Route,State Patrol,Washington State Patrol,1,1,0,0,0,,,,,,0,0,0,,,,,,,,,,,98,98,98,0,,,,,20,,,,,,,,,1,19,,,,,,
2021,450,EB86461,2,11/02/2021,22:50,2,11,,73,Whatcom,110,2,,2,2,2,1,1,4,3,,,,18,0,0,253.5,1,0,1,1,2,1,1,0,0,0,0,I-5,,-122.462875,48.75261389,0,1,98,80,5,60,4,0,0,1,5,8,1,2,2,3,1,2,2,53,0,12,17,1994,0,,8,,,,,,1,1,21,1,0,,0,0,3,0,11,0,,,,,0,0,0,3,1,0,,,,96,,,,,,98,,,,,,98363,53,64,225,6,1,0,0,0,0,,0,,,,,,0,,,20,0,0,0,8,9,8,,,0,,,8,8,8,95,,,96,,,0,0,996,,,,,,,,,,,,,,,,,,,,,,,,,,,,,,0,0,0,0,0,0,0,0,0,0,0,0,0,0,0,0,1,0,0,0,0,1,1,1,1,1,0,0,0,1,0,1,0,0,0,,0,0,0,0,0,0,0,0,0,0,0,0,0,0,0,0,,,,,,21-25,16-25,Interstate,U,Tuesday,Belt Used,PV,Not Fatal,0,1,0,0,State Route,State Patrol,Washington State Patrol,1,1,0,0,0,,,,,,0,0,0,,,,,,,,,,,0,0,0,0,,,,,20,,,,,,,,,1,19,,,,,,
2021,450,EB86461,2,11/02/2021,22:50,2,11,,73,Whatcom,110,2,,2,2,2,1,1,4,3,,,,18,0,0,253.5,1,0,1,1,2,1,1,0,0,0,0,I-5,,-122.462875,48.75261389,0,3,12,90,6,60,4,0,0,1,5,25,1,2,2,3,1,1,2,53,0,20,22,2005,0,,18,64,25,,,,1,1,20,1,0,,0,0,3,0,11,0,,,,,0,0,3,3,1,0,,,,92,,,,,,98,,,,,,98503,53,73,170,6,1,0,1,1,0,,0,,,,,,0,11/15/2019,03/15/2021,20,0,0,0,8,9,8,,,0,,,8,8,8,95,,,96,,,0,0,996,,,,,,,,,,,,,,,,,,,,,,,,,,,,,,0,0,0,0,0,0,0,0,0,0,0,0,0,0,0,0,1,0,0,0,0,1,1,1,1,1,0,0,0,1,0,1,0,0,0,,0,0,0,0,0,0,0,0,1,0,0,0,0,0,0,0,,,,,,18-20,16-25,Interstate,U,Tuesday,Belt Used,PV,Not Fatal,0,1,0,0,State Route,State Patrol,Washington State Patrol,1,1,0,0,0,,,,,,0,0,0,,,,,,,,,,,98,98,98,0,,,,,20,,,,,,,,,1,19,,,,,,
2021,451,EB86625,1,11/01/2021,17:55,1,11,,5,Benton,0,2,,5,2,1,1,0,1,1,,,,1,0,0,128.4,1,0,1,1,1,1,1,0,0,0,0,I-82,,-119.3193528,45.98312778,0,1,7,11,2,70,4,0,0,1,2,1,4,2,2,2,14,1,3,41,0,20,2,2008,0,,63,69,64,1,,,1,1,35,2,7,,4,7,20,7,11,0,11/01/2021,17:55,1.02E+11,57387,0,0,0,0,1,58,,,,96,,,,,,9,,,,,,97756,41,67,140,0,0,0,6,0,0,,0,,,,,,0,09/15/2020,10/15/2021,8,1,9,0,0,9,8,,,0,,,1,1,2,605,401,417,1,1,1,2,1,0.179,,,,,,,,,,,,,,,,,,,,,,,,,,,,,,0,0,0,0,1,1,1,1,1,0,0,0,0,1,0,0,0,0,0,1,0,0,0,0,0,0,0,0,0,1,0,0,0,1,0,,1,0,0,0,0,1,1,1,0,0,0,1,0,0,0,1,,,,,,31-35,26-35,Interstate,R,Monday,Not Used,PV,White,0,1,0,0,State Route,State Patrol,Washington State Patrol,1,1,0,0,0,thc,2,,,,0,0,1,,,,,,,,,,,98,98,98,1,,,,,20,,,,,,,,nms,1,0,,,,,,
2021,452,EB86798,160,10/30/2021,4:23,30,10,,33,King,1030,1,,3,1,2,1,1,1,1,,,,8,1,0,0.2,3,0,3,4,2,1,3,0,0,0,0,SR-167,S 228TH ST,-122.228125,47.39721667,0,1,13,80,5,35,2,0,0,1,2,8,8,8,6,1,1,99,9,53,0,49,44,2004,0,,8,,,,,,1,1,999,9,0,,9,0,99,7,11,0,,,,,99,9,9,9,1,0,,,,96,,,,,,98,,,,,,99999,99,,999,9,9,99,99,99,99,,97,,,,,,0,,,99,0,0,0,8,9,8,,,0,,,8,8,0,0,,,0,,,9,99,999,,,,,,,,,,,,,,,,,,,,,,,,,,,,,,0,0,0,1,0,0,0,0,0,0,0,0,0,0,0,0,0,0,0,0,0,0,0,0,0,0,0,0,0,1,0,1,0,0,0,,0,0,0,0,0,0,0,0,0,0,0,0,0,0,0,0,,,,,,,,State route,U,Saturday,Unknown,PV,Not Fatal,1,0,0,0,State Route,Municipal/City Police,Kent Police Department,0,1,0,0,0,,,,,,99,99,99,,,,,,,,,,,98,98,98,0,,,,,20,,,,,,,,,1,0,,,,,,
2021,627,EB86913,30,11/06/2021,9:00,6,11,,43,Lincoln,0,10,,1,2,2,1,0,2,1,,,,35,0,0,6.5,1,0,1,5,1,2,4,0,0,0,0,CR-SPRAGUE HIGHWAY RD E,,-117.9316417,47.30031111,0,1,2,4,1,50,14,0,0,1,7,1,1,1,2,1,1,2,2,32,0,12,401,2000,0,,63,69,68,64,69,35,1,1,37,1,0,,0,0,3,0,11,0,,,,,0,0,0,0,1,28,,,,96,,,,,,98,,,,,,99032,53,71,150,0,0,0,2,0,0,,62,72,76,,,,0,03/15/2017,11/15/2021,20,0,0,0,8,9,8,,,0,,,8,8,8,95,,,96,,,8,95,995,,,,,,,,,,,,,,,,,,,,,,,,,,,,,,0,0,0,0,0,0,0,0,0,0,0,0,0,1,0,0,0,0,0,1,0,0,0,0,0,0,0,0,0,1,0,0,0,0,0,,0,0,0,0,0,0,0,0,0,0,0,1,0,0,0,0,,,,,,36-40,36-45,County road,R,Saturday,Belt Used,PV,Not Fatal,0,1,0,0,County Road,County Sheriff,Lincoln County Sheriff's Office,1,0,1,0,0,,,,,,0,0,0,,,,,,,,,,,98,98,98,0,,,,,20,,,,,,,,,1,0,,,SPRAGUE HIGHWAY ROAD #93150,6.46,NULL,
2021,455,EB87134,3,11/08/2021,17:42,8,11,,53,Pierce,2210,1,,2,1,2,1,0,6,3,,,,12,0,1,8.9,1,0,1,2,2,1,3,0,0,0,0,SR-167,,-122.2476583,47.20745833,0,3,98,53,3,60,14,0,0,1,2,12,1,1,2,3,1,3,2,53,0,63,402,2012,0,,12,,,,,,1,1,22,1,0,,0,0,3,0,11,0,,,,,0,0,0,3,1,0,,,,96,,,,,,0,,,,,,98042,53,71,180,6,1,0,2,1,2,,0,,,,,,0,07/15/2018,02/15/2019,20,0,0,0,8,9,8,,,0,,,8,8,8,95,,,96,,,8,95,995,,,,,,,,,,,,,,,,,,,,,,,,,,,,,,0,0,0,0,1,0,0,0,0,0,0,0,0,0,0,0,0,0,0,0,0,0,0,1,1,1,0,0,0,1,0,0,0,0,0,,0,0,0,0,0,0,0,0,0,0,0,0,0,0,0,0,,,,,,21-25,16-25,State route,U,Monday,Belt Used,PV,Not Fatal,0,0,0,0,State Route,State Patrol,Washington State Patrol,0,1,0,0,0,,,,,,0,0,1,,,,,,,,,,,98,98,98,0,,,,,20,,,,,,,,,1,0,,,,,,
2021,455,EB87134,3,11/08/2021,17:42,8,11,,53,Pierce,2210,1,,2,1,2,1,0,6,3,,,,12,0,1,8.9,1,0,1,2,2,1,3,0,0,0,0,SR-167,,-122.2476583,47.20745833,0,1,24,51,3,60,14,0,0,1,2,12,1,1,2,3,1,2,1,53,0,18,405,2020,0,,12,,,,,,1,1,69,2,0,,3,0,3,0,11,0,,,,,0,0,0,3,1,6,,,,96,,,,,,9,,,,,,98387,53,63,170,6,1,0,0,0,0,,9,,,,,,0,,,8,0,0,0,8,9,8,,,0,,,8,1,8,95,,,96,,,2,1,997,,,,,,,,,,,,,,,,,,,,,,,,,,,,,,0,0,0,0,1,0,0,0,0,0,0,0,0,0,0,0,0,0,0,0,0,0,0,1,1,1,0,0,0,1,0,0,0,0,0,,0,0,0,0,0,0,0,0,0,0,0,0,0,0,0,1,,,,,,66-70,66-75,State route,U,Monday,Belt Used,PV,Not Fatal,0,0,0,0,State Route,State Patrol,Washington State Patrol,0,1,0,0,0,,,,,,0,0,0,,,,,,,,,,,98,98,98,0,,,,,20,,,,,,,,,1,0,,,,,,
2021,455,EB87134,3,11/08/2021,17:42,8,11,,53,Pierce,2210,1,,2,1,2,1,0,6,3,,,,12,0,1,8.9,1,0,1,2,2,1,3,0,0,0,0,SR-167,,-122.2476583,47.20745833,0,2,25,53,3,60,1,0,0,1,2,12,1,1,2,3,1,1,3,53,0,59,36,2002,0,,12,12,,,,,1,1,46,1,0,,2,0,3,0,11,0,,,,,0,0,0,3,1,0,,,,96,,,,,,0,,,,,,98444,53,72,175,6,1,0,0,0,0,,0,,,,,,0,,,8,0,0,0,8,9,8,,,0,,,8,8,8,95,,,96,,,8,95,995,,,,,,,,,,,,,,,,,,,,,,,,,,,,,,0,0,0,0,1,0,0,0,0,0,0,0,0,0,0,0,0,0,0,0,0,0,0,1,1,1,0,0,0,1,0,0,0,0,0,,0,0,0,0,0,0,0,0,0,0,0,0,0,0,0,0,,,,,,46-50,46-55,State route,U,Monday,Belt Used,PV,Not Fatal,0,0,0,0,State Route,State Patrol,Washington State Patrol,0,1,0,0,0,,,,,,0,0,0,,,,,,,,,,,98,98,98,0,,,,,20,,,,,,,,,1,0,,,,,,
2021,453,EB87207,1,11/07/2021,10:59,7,11,,21,Franklin,0,1,,1,1,1,1,1,1,1,,,,8,0,0,43.1,1,0,1,2,1,1,2,0,0,0,0,US-395,,-119.0240028,46.43393056,0,1,13,80,5,70,34,1,0,1,5,8,1,1,2,2,1,1,2,53,0,12,481,2017,0,,63,8,,,,,1,1,79,1,0,,0,0,3,0,11,0,,,,,0,0,3,3,1,0,,,,96,,,,,,98,,,,,,99301,32,68,180,6,1,0,0,0,0,,0,,,,,,0,,,20,0,0,0,8,9,8,,,0,,,8,8,8,95,,,96,,,0,0,996,,,,,,,,,,,,,,,,,,,,,,,,,,,,,,0,0,0,0,0,0,0,0,0,0,0,0,0,0,0,0,0,0,0,0,0,0,0,0,0,1,1,1,0,1,0,1,0,0,0,,0,0,0,0,0,0,0,0,0,0,0,0,0,0,0,0,,,,,,76-80,76+,US highway,R,Sunday,Belt Used,PV,Not Fatal,0,0,0,0,State Route,State Patrol,Washington State Patrol,0,1,0,0,0,,,,,,0,0,0,,,,,,,,,,,98,98,98,0,,,,,20,,,,,,,,,1,0,,,,,,
2021,454,EB87247,4,11/05/2021,13:04,5,11,,1,Adams,0,10,,1,2,2,1,0,1,1,,,,35,0,0,208.3,1,0,1,1,1,1,1,0,0,0,0,I-90,,-118.6020444,47.10118611,0,1,6,12,2,70,34,0,0,1,2,35,1,1,2,3,1,1,2,53,0,23,481,2006,0,,64,67,35,,,,1,1,65,1,7,,4,7,3,0,11,0,11/05/2021,13:04,53057100,57100,0,0,9,3,1,0,,,,96,,,,,,98,,,,,,98922,53,70,185,6,1,0,0,0,0,,0,,,,,,0,,,8,0,0,9,0,9,8,,,0,,,8,8,8,95,,,96,,,8,95,995,,,,,,,,,,,,,,,,,,,,,,,,,,,,,,0,0,1,0,0,0,0,0,0,0,0,0,0,0,0,0,0,0,0,0,0,0,0,0,0,1,0,0,0,1,0,0,0,0,0,,1,0,0,0,0,0,0,0,0,0,0,0,0,0,0,0,,,,,,61-65,56-65,Interstate,R,Friday,Belt Used,PV,White,0,1,0,0,State Route,State Patrol,Washington State Patrol,1,1,0,0,0,,,,,,0,0,0,,,,,,,,,,,98,98,98,1,,,,,20,,,,,,,,,1,0,,,,,,
2021,459,EB87829,4,11/02/2021,11:56,2,11,,63,Spokane,0,1,,1,1,2,1,0,1,1,,,,1,0,0,86.5,1,0,1,2,1,1,2,0,0,0,0,US-195,,-117.3955778,47.55781111,0,1,6,12,2,60,34,0,0,1,2,1,2,2,2,3,14,1,1,16,0,20,471,1998,0,,64,1,,,,,1,1,33,1,7,,4,0,20,7,11,5,11/02/2021,19:42,2.11E+11,56047,0,0,0,3,1,0,,,,96,,,,,,2,9,,,,,83501,16,71,200,6,1,0,0,0,0,,0,,,,,,0,,,20,1,9,0,0,9,1,,,0,,,1,8,2,316,605,695,1,1,1,2,1,0,,,,,,,,,,,,,,,,,,,,,,,,,,,,,,0,0,1,0,0,0,1,1,1,0,0,0,0,0,0,1,0,0,0,1,0,0,0,0,0,0,0,0,0,1,0,0,0,1,0,,1,0,0,0,0,0,1,1,0,0,0,0,0,0,1,0,,,,,,31-35,26-35,US highway,R,Tuesday,Not Used,PV,White,0,1,0,0,State Route,State Patrol,Washington State Patrol,1,1,0,0,0,thc,1.4,carboxy-thc,21,,0,0,0,1,1,1,,,124,401,417,996,996,0,0,0,1,,,,,20,,,,,,,,nms,1,0,,,,,,
2021,460,EB87960,3,09/28/2021,2:02,28,9,,53,Pierce,2230,1,,3,1,2,1,0,1,1,,,,25,0,0,134.6,1,0,1,1,2,1,1,0,0,0,0,I-5,,-122.4157722,47.23851667,1,1,1,13,2,60,66,1,0,1,2,2,1,2,5,3,15,1,3,40,0,82,881,2020,0,,63,25,2,,,,1,1,64,1,7,,4,7,99,7,11,0,09/28/2021,2:02,2.23E+11,58570,6,3,0,3,1,0,,,,92,,,,,,98,,,,,,92675,6,72,225,6,1,0,0,0,0,,0,,,,,,0,,,99,0,0,0,1,9,8,,,0,,,8,8,2,996,,,1,,,2,1,0,,,,,,,,,,,,,,,,,,,,,,,,,,,,,,0,0,1,0,0,0,1,1,0,0,0,0,0,0,0,0,1,0,0,0,0,0,0,0,0,0,0,0,0,0,1,0,0,0,0,,0,1,0,0,0,0,1,1,1,0,0,0,0,0,1,0,,,,,,61-65,56-65,Interstate,U,Tuesday,,MHTRUCK,White,0,1,0,0,State Route,State Patrol,Washington State Patrol,1,1,0,0,0,,,,,,0,0,0,,,,,,,,,,,98,98,98,1,,,,,20,,,,,,,,,1,0,,,,,,
2021,580,EB88208,40,11/10/2021,7:39,10,11,,63,Spokane,0,1,,4,4,2,1,0,1,1,,,,35,0,0,,3,0,3,5,1,2,4,0,0,0,0,CR-W MEDICAL LK FOUR LAKES RD,SILVER LAKE RD,-117.6063694,47.56076111,0,1,2,6,1,45,34,0,0,1,5,35,1,2,2,2,1,1,1,53,0,12,481,2000,0,,63,35,,,,,1,1,21,1,7,,4,0,2,0,11,5,11/22/2021,3:29,2.11E+11,61629,0,0,0,3,1,87,,,,96,,,,,,98,,,,,,99022,53,73,190,6,1,0,0,0,0,,0,,,,,,4,,,20,0,0,0,0,9,8,,,0,,,8,8,2,996,348,,1,1,,2,1,0,,,,,,,,,,,,,,,,,,,,,,,,,,,,,,0,0,0,1,0,0,1,1,0,0,0,0,1,0,0,0,0,0,0,0,0,0,0,1,1,0,0,0,0,1,0,0,0,0,0,,1,0,0,0,0,0,1,1,0,1,0,0,0,0,1,0,,,,,,21-25,16-25,County road,R,Wednesday,Belt Used,PV,White,0,1,0,0,County Road,County Sheriff,Spokane County Sheriff's Office,1,0,1,0,0,,,,,,0,0,0,,,,,,,,,,,98,98,98,1,,,,,20,,,,,,,,,1,0,,,MEDICAL LAKE-FOUR LAKES RD,3.09,SILVER LAKE RD,0
2021,461,EB88236,6,11/03/2021,17:47,3,11,,17,Douglas,0,10,,5,1,2,1,0,2,2,,,,12,0,6,9.5,1,0,1,2,2,1,3,0,0,0,0,SR-028,,-120.1954806,47.37785278,0,2,66,62,4,60,34,0,0,1,2,12,1,1,3,1,1,1,1,53,0,49,472,2015,0,,12,,,,,,1,1,29,1,0,,1,0,3,0,11,0,,,,,0,0,0,3,1,0,,,,96,,,,,,0,,,,,,98802,53,64,165,6,1,0,0,0,2,,0,,,,,,0,08/15/2019,03/15/2020,8,0,0,0,8,9,2,,,0,,,8,8,8,95,,,96,,,2,1,997,,,,,,,,,,,,,,,,,,,,,,,,,,,,,,0,0,0,0,0,0,0,0,0,0,0,0,0,1,0,0,0,0,0,0,0,0,0,0,0,0,0,0,0,1,0,0,0,0,0,,0,0,0,0,0,0,0,0,0,0,0,0,0,0,0,0,,,,,,26-30,26-35,State route,U,Wednesday,Belt Used,PV,Not Fatal,0,1,1,0,State Route,State Patrol,Washington State Patrol,0,1,0,0,0,,,,,,0,0,0,,,,,,,,,,,98,98,98,0,,,,,20,,,,,,,,,1,0,,,,,,
2021,461,EB88236,6,11/03/2021,17:47,3,11,,17,Douglas,0,10,,5,1,2,1,0,2,2,,,,12,0,6,9.5,1,0,1,2,2,1,3,0,0,0,0,SR-028,,-120.1954806,47.37785278,0,1,66,13,2,60,4,0,0,1,2,12,1,1,3,1,1,1,2,53,0,12,17,1994,0,,63,69,68,12,,,1,1,34,1,7,,4,7,3,0,11,0,11/03/2021,18:02,53057679,57679,0,0,0,2,1,58,,,,96,,,,,,98,,,,,,98850,53,68,160,3,1,0,1,1,0,,0,,,,,,0,11/15/2021,09/15/2021,1,0,0,0,0,9,8,,,0,,,8,8,8,95,,,96,,,8,95,995,,,,,,,,,,,,,,,,,,,,,,,,,,,,,,0,0,0,0,0,0,0,0,0,0,0,0,0,1,0,0,0,0,0,0,0,0,0,0,0,0,0,0,0,1,0,0,0,0,0,,1,0,0,0,0,0,0,0,0,0,0,1,0,0,0,0,,,,,,31-35,26-35,State route,U,Wednesday,Belt Used,PV,White,0,1,1,0,State Route,State Patrol,Washington State Patrol,0,1,0,0,0,,,,,,0,0,0,,,,,,,,,,,0,0,0,1,,,,,20,,,,,,,,,1,0,,,,,,
2021,462,EB88238,14,11/09/2021,2:20,9,11,,11,Clark,0,2,,2,2,2,1,0,3,1,,,,42,0,0,1.8,1,0,1,5,1,2,4,0,0,0,0,CR-NE RISTO RD,,-122.4507528,45.770425,0,1,1,11,2,50,4,0,0,1,2,42,2,2,2,1,14,3,2,41,0,41,50,2003,0,,63,42,,,,,1,1,21,1,0,,3,0,3,0,11,5,,,,,0,0,0,3,1,0,,,,96,,,,,,98,,,,,,98683,53,73,160,6,1,0,0,0,0,,0,,,,,,3,,,1,0,0,0,8,9,2,,,0,,,8,8,8,95,,,96,,,8,95,995,,,,,,,,,,,,,,,,,,,,,,,,,,,,,,0,0,1,0,0,0,0,0,0,0,0,0,1,0,0,0,0,0,0,0,0,0,0,1,1,0,0,0,0,1,0,0,0,0,0,,0,0,0,0,0,0,0,0,0,1,0,0,0,0,0,0,,,,,,21-25,16-25,County road,R,Tuesday,Belt Used,PV,Not Fatal,0,1,0,0,County Road,County Sheriff,Clark County Sheriff's Office,1,0,1,0,0,,,,,,0,0,0,,,,,,,,,,,98,98,98,0,,,,,20,,,,,,,,,1,0,,,NE RISTO RD,1.76,NULL,
2021,463,EB88241,14,11/06/2021,17:27,6,11,,11,Clark,0,2,,5,2,2,1,0,1,1,,,,24,0,0,0.6,1,0,1,4,2,2,4,0,0,0,0,CR-NE HAZEL DELL AVE,,-122.6699639,45.66311389,0,1,1,13,2,30,34,0,0,1,2,24,3,2,2,1,14,1,2,41,0,20,481,1992,0,,63,24,69,64,25,,1,1,34,1,1,,4,7,20,7,11,0,11/06/2021,17:27,53059077,59077,0,0,0,2,1,6,,,,96,,,,,,0,,,,,,99324,53,74,200,1,1,0,0,0,0,,0,,,,,,3,,,20,1,3,0,0,9,8,,,0,,,8,8,2,401,417,,1,1,,2,1,0,,,,,,,,,,,,,,,,,,,,,,,,,,,,,,0,0,1,0,0,0,1,1,0,0,0,0,1,1,0,0,0,0,0,1,0,0,0,0,0,0,0,0,0,1,0,0,0,1,0,,1,0,0,0,0,0,1,1,0,1,0,1,0,0,1,0,,,,,,31-35,26-35,County road,U,Saturday,Not Used,PV,Hispanic,0,1,0,0,County Road,County Sheriff,Clark County Sheriff's Office,1,0,1,0,0,,,,,,0,0,0,,,,,,,,,,,0,0,0,298,,,,,20,,,,,,,,,1,0,,,NE HAZEL DELL AVE,0.55,NULL,
2021,464,EB88476,8,11/03/2021,17:53,3,11,,27,Grays Harbor,0,2,,2,6,2,2,0,6,3,,,,12,0,8,8.3,1,0,1,3,1,1,2,0,0,0,0,US-12,,-123.6441417,46.97655833,0,2,65,62,4,55,14,0,0,1,2,12,1,1,4,1,1,1,1,53,0,63,402,2019,0,,12,,,,,,1,1,41,1,7,,4,7,3,0,11,0,11/03/2021,17:53,53057531,57531,0,0,3,3,1,0,,,,96,,,,,,0,,,,,,98520,53,70,250,6,1,0,0,0,0,,0,,,,,,0,,,1,0,0,0,0,9,8,,,0,,,8,8,2,1,,,1,,,2,1,0,,,,,,,,,,,,,,,,,,,,,,,,,,,,,,0,0,0,0,0,0,0,0,0,0,0,0,0,0,0,0,0,0,0,0,0,0,0,0,0,0,0,0,0,1,0,0,0,0,0,,1,0,0,0,0,0,0,0,0,0,0,0,0,0,0,0,,,,,,41-45,36-45,US highway,R,Wednesday,Belt Used,PV,White,0,1,1,0,State Route,State Patrol,Washington State Patrol,0,1,0,0,0,,,,,,0,0,0,,,,,,,,,,,98,98,98,1,,,,,20,,,,,,,,,1,0,,,,,,
2021,464,EB88476,8,11/03/2021,17:53,3,11,,27,Grays Harbor,0,2,,2,6,2,2,0,6,3,,,,12,0,8,8.3,1,0,1,3,1,1,2,0,0,0,0,US-12,,-123.6441417,46.97655833,0,3,98,62,4,55,14,0,0,1,2,12,1,1,4,1,1,2,1,53,0,35,401,1994,0,,12,,,,,,1,1,33,1,1,,4,7,3,0,11,0,11/03/2021,17:53,53058497,58497,0,0,0,3,1,0,,,,96,,,,,,0,,,,,,98520,53,70,150,6,1,0,0,0,0,,0,,,,,,0,,,1,0,0,0,0,9,8,,,0,,,8,8,2,1,,,1,,,2,1,0,,,,,,,,,,,,,,,,,,,,,,,,,,,,,,0,0,0,0,0,0,0,0,0,0,0,0,0,0,0,0,0,0,0,0,0,0,0,0,0,0,0,0,0,1,0,0,0,0,0,,1,0,0,0,0,0,0,0,0,0,0,0,0,0,0,0,,,,,,31-35,26-35,US highway,R,Wednesday,Belt Used,PV,Hispanic,0,1,1,0,State Route,State Patrol,Washington State Patrol,0,1,0,0,0,,,,,,0,0,0,,,,,,,,,,,0,0,0,298,,,,,20,,,,,,,,,1,0,,,,,,
2021,464,EB88476,8,11/03/2021,17:53,3,11,,27,Grays Harbor,0,2,,2,6,2,2,0,6,3,,,,12,0,8,8.3,1,0,1,3,1,1,2,0,0,0,0,US-12,,-123.6441417,46.97655833,0,1,64,8,1,55,34,1,0,1,2,12,1,1,4,1,1,3,3,53,0,12,481,2003,0,,68,12,12,,,,1,1,29,2,0,,0,0,3,0,11,0,,,,,0,0,0,3,1,0,,,,96,,,,,,98,,,,,,98632,53,68,135,6,1,0,0,1,0,,0,,,,,,0,06/15/2019,06/15/2019,20,0,0,0,8,9,2,,,0,,,8,0,8,95,,,96,,,2,98,0,,,,,,,,,,,,,,,,,,,,,,,,,,,,,,0,0,0,0,0,0,0,0,0,0,0,0,0,0,0,0,0,0,0,0,0,0,0,0,0,0,0,0,0,1,0,0,0,0,0,,0,0,0,0,0,0,0,0,0,0,0,0,0,0,0,0,,,,,,26-30,26-35,US highway,R,Wednesday,Belt Used,PV,Not Fatal,0,1,1,0,State Route,State Patrol,Washington State Patrol,0,1,0,0,0,,,,,,0,0,0,,,,,,,,,,,98,98,98,0,,,,,20,,,,,,,,,1,0,,,,,,
2021,498,EB88818,278,11/12/2021,13:57,12,11,,63,Spokane,2110,2,,1,2,2,1,0,6,3,,,,12,0,2,,1,0,1,3,2,4,6,0,0,0,0,N NEVADA ST,,-117.3951556,47.68611111,0,2,98,53,3,30,4,0,0,1,5,12,1,2,4,1,2,2,2,53,0,37,31,2000,0,,12,,,,,,1,1,22,2,0,,0,0,3,0,11,0,,,,,0,0,0,3,1,0,,,,96,,,,,,0,,,,,,99202,53,66,130,6,1,0,0,0,0,,0,,,,,,0,,,20,0,0,0,8,9,8,,,0,,,8,8,8,95,,,96,,,0,0,996,,,,,,,,,,,,,,,,,,,,,,,,,,,,,,0,0,0,0,0,0,0,0,0,0,0,0,0,1,0,0,0,0,0,0,0,0,0,1,1,0,0,0,0,1,0,0,0,0,0,,0,0,0,0,0,0,0,0,0,0,0,0,0,0,0,0,,,,,,21-25,16-25,City street,U,Friday,Belt Used,PV,Not Fatal,0,1,1,0,City Street,Municipal/City Police,Spokane Police Department,0,0,0,1,0,,,,,,0,0,0,,,,,,,,,,,98,98,98,0,,,,,20,,,,,,,,,1,0,,,,,,