year,case,par,repjur,crash_dt,crash_tm,accday,accmon,holiday,county,co_char,city,weather,weather2,lightcond,surfcond,surftype,numfatal,nmforms,pforms,vforms,not_tm,arr_tm,hosp_tm,fhevent,hitrun,manncol,milepnt,reljunc,reljuncinter,intersectiontype,funcsystem,landuse,ownership,route,schlbus,spejur,contdev,devfunc,trafid1,trafid2,x,y,wk_zone,vnumber,crashtype,criticalevent,criticaleventcat,spdlim,body,trailer,emerg,hazcargo,leave,mhevent,roadalgn,roadprof,traflane,trafflow,vehmanvr,numoccs,regowner,regstate,spuse,make,model,modelyr,vrf1,vrf2,seqevent1,seqevent2,seqevent3,seqevent4,seqevent5,seqevent6,pnumber,ptype,age,sex,hispanic,race,injury,diedscene,restraint,restraintmisuse,seatpos,takehosp,death_dt,death_tm,cert,cernum_wa,commlic,licendor,licrestrict,liccomp,drivpres,drf1,drf2,drf3,drf4,distract1,distract2,distract3,distract4,distract5,distract6,dricond1,dricond2,dricond3,dricond4,dricond5,dricond6,dzip,licstate,drhgt_in,weight,noncdl,noncdltype,prevdwi,prevoth,prevacc,prevspd,prevsus,driviol1,driviol2,driviol3,driviol4,driviol5,driviol6,spdrel,first_dt,last_dt,airbag,ejection,ejectpath,extricat,injurwrk,methalc,methdrug,nmlocat,strikveh,prf1,prf2,prf3,druginv,alcinvol,drugsts,drugres1,drugres2,drugres3,drugtst1,drugtst2,drugtst3,alcsts,alctst,alcres,nmact1,nmact2,nmact3,nmact4,nmact5,nmact6,nmprior1,nmprior2,nmprior3,nmprior4,nmprior5,nmprior6,nmcond1,nmcond2,nmcond3,nmcond4,nmcond5,nmcond6,nmsafe_helmet,nmsafe_pads,nmsafe_oth,nmprev_ref,nmprev_lgt,nmprev_oth,crashlocation,nmcrashtype,crosswalk,schoolzone,sidewalk,train_inv,wildlife_inv,rotr_fars,intersect_fars,dd_inv,aid_inv,dpd_inv,id_inv,mj_inv,impnm_inv,ainm_inv,dpnm_inv,speed_inv,unlic_inv,unendmc_inv,drowsy_inv,drdist_inv,nmdist_inv,fty_inv,unrestfat_inv,dr1617_inv,dr1820_inv,dr1620_inv,dr2125_inv,dr1625_inv,dr65_inv,dr70_inv,dr75_inv,mc_inv,pv_inv,ht_inv,ped_inv,bike_inv,unrest_fat,mc_fat,unhelmet_mc,pv_fat,ht_fat,ped_fat,bike_fat,dr_alc7,dr_alc8,dr_drug,dr_imp,dr_dist,dr_spd,dr_fty,dr_unlic,dr_alc7only,dr_alc8only,dr_drugonly,dr_drink,nm_imp,nm_alc7,nm_alc8,nm_drug,nm_dist,agegrp1,agegrp2,roadclass,urbrur,dayweek,restuse,vehtype,race_me,intersect,lanedep,oppdir,wrongway,rep_typ,investag,repag_long,rotr,st_rd,cty_rd,city_rd,oth_rd,drug_thc,thc_res,drug_cthc,cthc_res,drug_cann,prevpersemin,prevperse,prevsusoth,drugtst4,drugtst5,drugtst6,drugtst7,drugtst8,drugres4,drugres5,drugres6,drugres7,drugres8,adspresent,adsengaged,adslevel,race1,race2,race3,race4,race5,helmet,helmetmisuse,nmdistract1,nmdistract2,nmdistract3,nmdistract4,nmdistract5,nmdistract6,lab,isedtcase,crf1,crf2,crf3,CoRoadName,CoMP,IntCoRoadName,IntCoMP
2021,498,EB88818,278,11/12/2021,13:57,12,11,,63,Spokane,2110,2,,1,2,2,1,0,6,3,,,,12,0,2,,1,0,1,3,2,4,6,0,0,0,0,N NEVADA ST,,-117.3951556,47.68611111,0,3,51,62,4,30,15,0,0,1,5,12,1,2,4,1,1,2,2,53,0,23,421,2003,0,,12,,,,,,1,1,26,1,0,,0,0,3,0,11,0,,,,,0,0,0,0,1,0,,,,96,,,,,,0,,,,,,99207,53,68,130,0,0,0,0,0,0,,0,,,,,,0,,,8,0,0,0,8,9,8,,,0,,,8,8,8,95,,,96,,,0,0,996,,,,,,,,,,,,,,,,,,,,,,,,,,,,,,0,0,0,0,0,0,0,0,0,0,0,0,0,1,0,0,0,0,0,0,0,0,0,1,1,0,0,0,0,1,0,0,0,0,0,,0,0,0,0,0,0,0,0,0,0,0,1,0,0,0,0,,,,,,26-30,26-35,City street,U,Friday,Belt Used,PV,Not Fatal,0,1,1,0,City Street,Municipal/City Police,Spokane Police Department,0,0,0,1,0,,,,,,0,0,0,,,,,,,,,,,98,98,98,0,,,,,20,,,,,,,,,1,0,,,,,,
2021,498,EB88818,278,11/12/2021,13:57,12,11,,63,Spokane,2110,2,,1,2,2,1,0,6,3,,,,12,0,2,,1,0,1,3,2,4,6,0,0,0,0,N NEVADA ST,,-117.3951556,47.68611111,0,1,50,10,2,30,34,0,0,1,5,12,1,2,4,1,1,2,2,53,0,12,471,1994,0,,68,12,12,,,,1,1,48,1,0,,3,0,99,7,11,0,,,,,0,0,0,0,1,26,,,,96,,,,,,98,,,,,,99208,53,77,225,0,0,0,1,0,3,,0,,,,,,0,08/15/2019,06/15/2020,20,0,0,0,8,9,8,,,0,,,8,8,8,95,,,96,,,0,0,996,,,,,,,,,,,,,,,,,,,,,,,,,,,,,,0,0,0,0,0,0,0,0,0,0,0,0,0,1,0,0,0,0,0,0,0,0,0,1,1,0,0,0,0,1,0,0,0,0,0,,0,0,0,0,0,0,0,0,0,0,0,1,0,0,0,0,,,,,,46-50,46-55,City street,U,Friday,Unknown,PV,Not Fatal,0,1,1,0,City Street,Municipal/City Police,Spokane Police Department,0,0,0,1,0,,,,,,0,0,0,,,,,,,,,,,0,0,0,0,,,,,20,,,,,,,,,1,0,,,,,,
2021,465,EB89089,21,10/23/2021,21:24,23,10,,25,Grant,0,1,,2,1,2,1,0,1,1,,,,1,0,0,,1,0,1,7,1,2,4,0,0,0,0,CR-ROAD 2 SW,,-119.8555611,47.05879722,0,1,6,6,1,50,90,0,0,1,5,1,1,1,2,1,1,1,3,16,0,98,734,2017,0,,68,64,1,,,,1,1,27,1,7,,4,0,20,7,11,1,10/28/2021,14:27,1.96E+11,55765,0,0,0,1,1,0,,,,96,,,,,,98,,,,,,98856,53,71,175,6,1,1,1,1,3,,0,,,,,,4,06/15/2017,12/15/2021,20,1,9,0,0,9,8,,,0,,,8,8,9,999,,,99,,,9,99,999,,,,,,,,,,,,,,,,,,,,,,,,,,,,,,0,0,1,0,0,0,0,0,0,0,0,0,1,0,0,0,0,0,0,0,0,0,0,0,0,0,0,0,0,0,0,0,0,0,0,,0,0,0,0,0,0,0,0,0,1,0,0,0,0,0,0,,,,,,26-30,26-35,County road,R,Saturday,,OTHVT,White,0,1,0,0,County Road,County Sheriff,Grant County Sheriff's Office,1,0,1,0,0,,,,,,0,1,0,,,,,,,,,,,0,0,0,1,,,,,17,,,,,,,,,1,0,,,2 SW,0.009,NULL,
2021,466,EB89247,3,11/06/2021,12:35,6,11,,53,Pierce,0,2,,1,2,2,1,0,2,1,,,,42,0,0,5.5,1,0,1,2,2,1,3,0,0,0,0,SR-512,,-122.3642583,47.15828056,0,1,3,11,2,60,4,0,0,1,2,42,1,1,2,3,1,2,2,53,0,35,47,2005,0,,63,42,,,,,1,1,48,2,0,,2,0,20,7,11,5,,,,,0,0,3,2,1,6,,,,96,,,,,,9,,,,,,98391,53,70,200,1,1,0,1,1,0,,1,,,,,,0,05/15/2017,05/15/2017,8,0,0,0,8,9,8,,,0,,,1,8,2,300,401,151,1,1,1,2,1,0,,,,,,,,,,,,,,,,,,,,,,,,,,,,,,0,0,0,0,0,0,1,1,0,0,0,0,0,1,0,0,0,0,0,1,0,0,0,0,0,0,0,0,0,1,0,0,0,0,0,,0,0,0,0,0,0,1,1,0,0,0,1,0,0,1,0,,,,,,46-50,46-55,State route,U,Saturday,Not Used,PV,Not Fatal,0,1,0,0,State Route,State Patrol,Washington State Patrol,1,1,0,0,0,,,,,,0,0,0,1,1,1,,,996,417,177,351,996,98,98,98,0,,,,,20,,,,,,,,,1,0,,,,,,
2021,467,EB89332,18,10/06/2021,18:39,6,10,,19,Ferry,0,1,,1,1,2,1,0,1,1,,,,1,0,0,,1,0,1,5,1,2,4,0,3,0,0,CR-BRIDGE CREEK RD,,-118.243325,48.28715833,0,1,1,13,2,98,66,1,0,1,2,1,1,1,2,1,1,1,1,41,0,82,881,1999,0,,63,1,,,,,1,1,61,1,7,,4,7,20,7,11,0,10/06/2021,18:39,53050639,50639,6,3,0,3,1,0,,,,96,,,,,,98,,,,,,97374,41,74,240,6,1,0,0,0,1,,0,,,,,,4,01/15/2021,01/15/2021,20,2,9,0,1,9,8,,,0,,,8,8,2,1,,,1,,,2,1,0,,,,,,,,,,,,,,,,,,,,,,,,,,,,,,0,0,1,0,0,0,0,0,0,0,0,0,1,0,0,0,0,0,0,0,0,0,0,0,0,0,0,0,0,0,1,0,0,0,0,,0,1,0,0,0,0,0,0,0,1,0,0,0,0,0,0,,,,,,61-65,56-65,County road,R,Wednesday,,MHTRUCK,White,0,1,0,0,County Road,County Sheriff,Ferry County Sheriff's Office,1,0,1,0,0,,,,,,0,0,0,,,,,,,,,,,0,0,0,1,,,,,20,,,,,,,,,1,0,,,BRIDGE CR RD,23,NULL,
2021,468,EB89450,21,10/17/2021,16:18,17,10,,25,Grant,0,1,,1,1,7,1,0,5,2,,,,12,0,6,,2,0,2,5,1,2,4,0,0,20,3,CR-RD 4 NE,RD F NE,-119.3630361,47.14623889,0,1,87,17,2,50,6,0,0,1,5,12,1,1,2,1,1,4,2,53,0,6,54,2004,0,,12,68,64,1,,,1,1,27,1,0,,2,0,3,0,11,0,,,,,0,0,0,2,1,39,,,,92,,,,,,8,,,,,,98837,53,75,265,1,1,0,0,0,0,,97,,,,,,0,11/15/2019,03/15/2019,8,0,0,0,8,9,8,,,0,,,8,8,0,0,,,0,,,0,0,996,,,,,,,,,,,,,,,,,,,,,,,,,,,,,,0,0,0,1,0,0,1,1,0,0,0,0,0,1,0,0,1,0,0,0,0,0,0,0,0,1,1,1,0,1,0,0,0,0,0,,0,0,0,0,0,0,0,0,1,0,0,1,0,0,0,0,,,,,,26-30,26-35,County road,R,Sunday,Belt Used,PV,Not Fatal,1,0,0,0,County Road,County Sheriff,Grant County Sheriff's Office,0,0,1,0,0,,,,,,0,0,2,,,,,,,,,,,98,98,98,0,,,,,20,,,,,,,,,1,0,,,F NE,2.02,4 NE,9.07
2021,468,EB89450,21,10/17/2021,16:18,17,10,,25,Grant,0,1,,1,1,2,1,0,5,2,,,,12,0,6,,2,0,2,5,1,2,4,0,0,0,0,CR-RD 4 NE,RD F NE,-119.3630361,47.14623889,0,2,86,66,4,55,14,0,0,1,2,12,1,1,2,1,1,1,1,53,0,55,402,2022,0,,12,63,30,42,,,1,1,81,1,7,,4,0,3,0,11,5,10/17/2021,20:20,1.39E+11,52774,0,0,0,3,1,0,,,,96,,,,,,98,,,,,,98837,53,72,175,6,1,0,0,0,0,,0,,,,,,0,,,8,0,0,0,0,9,8,,,0,,,8,8,2,996,,,1,,,2,1,0,,,,,,,,,,,,,,,,,,,,,,,,,,,,,,0,0,0,1,0,0,1,1,0,0,0,0,0,1,0,0,1,0,0,0,0,0,0,0,0,1,1,1,0,1,0,0,0,0,0,,1,0,0,0,0,0,1,1,0,0,0,0,0,0,1,0,,,,,,81+,76+,County road,R,Sunday,Belt Used,PV,White,1,0,0,0,County Road,County Sheriff,Grant County Sheriff's Office,0,0,1,0,0,,,,,,0,0,0,,,,,,,,,,,98,98,98,1,,,,,20,,,,,,,,,1,0,,,F NE,2.02,4 NE,9.07
2021,469,EB89572,242,11/14/2021,2:31,14,11,,53,Pierce,1770,2,,3,2,2,1,1,1,1,,,,8,0,0,25.6,1,0,1,3,2,1,3,0,0,0,0,SR-161,,-122.2933806,47.15997222,0,1,98,13,2,35,4,0,0,1,5,18,3,2,7,2,14,1,1,53,0,24,7,2007,0,,63,8,18,18,,,1,1,24,2,0,,0,0,99,7,11,0,,,,,0,0,0,2,1,0,,,,96,,,,,,9,,,,,,98418,53,64,210,1,1,0,0,0,0,,1,,,,,,4,,,20,0,0,0,8,9,8,,,0,,,8,1,2,695,605,,1,1,,2,1,0.091,,,,,,,,,,,,,,,,,,,,,,,,,,,,,,0,0,0,0,1,1,1,1,1,1,0,1,1,1,0,0,0,0,0,0,0,0,0,1,1,0,0,0,0,1,0,1,0,0,0,,0,0,0,0,0,1,1,1,0,1,0,1,0,0,0,1,,,,,,21-25,16-25,State route,U,Sunday,Unknown,PV,Not Fatal,0,1,0,0,State Route,Municipal/City Police,Puyallup Police Department,1,1,0,0,0,thc,5,carboxy-thc,38,,0,0,0,,,,,,,,,,,98,98,98,0,,,,,20,,,,,,,,,1,0,,,,,,
2021,470,EB89727,6,11/06/2021,15:50,6,11,,7,Chelan,0,10,,1,2,2,1,0,5,3,,,,12,0,6,154.1,1,0,1,3,1,1,2,0,0,0,0,US-097,,-120.60225,47.38725,0,1,98,9,1,60,6,0,0,1,2,12,2,2,3,1,14,1,2,53,0,49,47,2007,0,,68,12,63,24,54,,1,1,23,2,7,,4,7,3,0,11,0,11/06/2021,15:50,53056830,56830,0,0,3,3,1,0,,,,96,,,,,,98,,,,,,98801,53,62,115,6,1,0,0,0,0,,0,,,,,,0,,,1,0,0,0,0,9,8,,,0,,,8,8,2,1,,,1,,,2,1,0,,,,,,,,,,,,,,,,,,,,,,,,,,,,,,0,0,0,0,0,0,0,0,0,0,0,0,0,0,0,0,0,0,0,0,0,0,0,1,1,0,0,0,0,1,0,0,0,0,0,,1,0,0,0,0,0,0,0,0,0,0,0,0,0,0,0,,,,,,21-25,16-25,US highway,R,Saturday,Belt Used,PV,White,0,1,1,0,State Route,State Patrol,Washington State Patrol,0,1,0,0,0,,,,,,0,0,0,,,,,,,,,,,98,98,98,1,,,,,20,,,,,,,,,1,14,,,,,,
2021,470,EB89727,6,11/06/2021,15:50,6,11,,7,Chelan,0,10,,1,2,2,1,0,5,3,,,,12,0,6,154.1,1,0,1,3,1,1,2,0,0,0,0,US-097,,-120.60225,47.38725,0,3,98,62,4,60,34,0,0,1,5,54,3,2,3,1,14,2,1,53,0,12,481,2015,0,,54,,,,,,1,1,60,1,0,,0,0,3,0,11,0,,,,,0,0,0,3,1,0,,,,96,,,,,,0,,,,,,98843,53,69,185,6,1,0,0,0,1,,0,,,,,,0,12/15/2020,12/15/2020,20,0,0,0,8,9,8,,,0,,,8,8,8,95,,,96,,,8,95,995,,,,,,,,,,,,,,,,,,,,,,,,,,,,,,0,0,0,0,0,0,0,0,0,0,0,0,0,0,0,0,0,0,0,0,0,0,0,1,1,0,0,0,0,1,0,0,0,0,0,,0,0,0,0,0,0,0,0,0,0,0,0,0,0,0,0,,,,,,56-60,56-65,US highway,R,Saturday,Belt Used,PV,Not Fatal,0,1,1,0,State Route,State Patrol,Washington State Patrol,0,1,0,0,0,,,,,,0,0,0,,,,,,,,,,,98,98,98,0,,,,,20,,,,,,,,,1,14,,,,,,
2021,470,EB89727,6,11/06/2021,15:50,6,11,,7,Chelan,0,10,,1,2,2,1,0,5,3,,,,12,0,6,154.1,1,0,1,3,1,1,2,0,0,0,0,US-097,,-120.60225,47.38725,0,2,98,62,4,60,34,0,0,1,2,12,3,2,3,1,14,2,1,53,0,12,481,2014,0,,12,,,,,,1,1,52,1,0,,1,0,3,0,11,0,,,,,0,0,0,3,1,0,,,,96,,,,,,0,,,,,,98922,53,70,210,6,1,0,0,0,1,,0,,,,,,0,01/15/2019,01/15/2019,1,0,0,0,8,9,2,,,0,,,8,8,8,95,,,96,,,0,0,996,,,,,,,,,,,,,,,,,,,,,,,,,,,,,,0,0,0,0,0,0,0,0,0,0,0,0,0,0,0,0,0,0,0,0,0,0,0,1,1,0,0,0,0,1,0,0,0,0,0,,0,0,0,0,0,0,0,0,0,0,0,0,0,0,0,0,,,,,,51-55,46-55,US highway,R,Saturday,Belt Used,PV,Not Fatal,0,1,1,0,State Route,State Patrol,Washington State Patrol,0,1,0,0,0,,,,,,0,0,0,,,,,,,,,,,98,98,98,0,,,,,20,,,,,,,,,1,14,,,,,,
2021,472,EB90180,4,11/12/2021,13:00,12,11,,19,Ferry,0,2,,1,2,2,1,0,1,1,,,,1,0,0,251.6,1,0,1,3,1,1,3,0,0,0,0,SR-395,,-118.1248639,48.69541944,0,1,2,6,1,55,4,0,0,1,2,1,1,2,2,2,1,1,1,99,0,35,39,1997,0,,63,1,,,,,1,1,42,2,7,,4,7,20,7,11,0,11/12/2021,13:00,53058858,58858,0,0,0,0,1,0,,,,96,,,,,,9,,,,,,99114,53,64,125,0,0,0,0,0,0,,0,,,,,,4,,,8,1,9,0,0,9,8,,,0,,,1,8,2,605,996,996,1,1,1,2,1,0,,,,,,,,,,,,,,,,,,,,,,,,,,,,,,0,0,0,0,0,0,1,1,1,0,0,0,1,1,0,0,0,0,0,1,0,0,0,0,0,0,0,0,0,1,0,0,0,1,0,,1,0,0,0,0,0,1,1,0,1,0,1,0,0,1,0,,,,,,41-45,36-45,State route,R,Friday,Not Used,PV,White,0,1,0,0,State Route,State Patrol,Washington State Patrol,1,1,0,0,0,,,carboxy-thc,14,,0,0,0,1,1,,,,401,417,,,,0,0,0,1,,,,,20,,,,,,,,nms,1,0,,,,,,
2021,473,EB90345,3,11/04/2021,23:52,4,11,,53,Pierce,0,10,,2,2,2,1,1,3,1,,,,8,0,0,1.8,1,0,1,3,2,1,3,0,3,0,0,SR-167,,-122.3740611,47.2286,0,1,13,80,5,50,34,0,0,1,2,8,1,1,5,5,1,3,2,53,0,23,481,2017,0,,8,,,,,,1,1,21,2,0,,0,0,3,0,11,0,,,,,0,0,0,3,1,0,,,,96,,,,,,0,,,,,,98404,53,65,160,6,1,0,0,0,0,,0,,,,,,0,,,8,0,0,0,8,9,8,,,0,,,8,8,8,95,,,96,,,8,95,995,,,,,,,,,,,,,,,,,,,,,,,,,,,,,,0,0,0,0,0,0,0,0,0,1,0,1,0,0,0,0,0,1,0,0,0,0,0,1,1,0,0,0,0,1,0,1,0,0,0,,0,0,0,0,0,0,0,0,0,0,0,0,0,0,0,0,,,,,,21-25,16-25,State route,U,Thursday,Belt Used,PV,Not Fatal,0,0,0,0,State Route,State Patrol,Washington State Patrol,0,1,0,0,0,,,,,,0,0,0,,,,,,,,,,,98,98,98,0,,,,,20,,,,,,,,,1,0,,,,,,
2021,474,EB90445,7,10/22/2021,23:23,22,10,,33,King,1960,10,,2,1,1,1,0,3,2,,,,12,0,1,3,1,0,1,1,2,1,1,0,0,0,0,I-90,,-122.2739639,47.58967222,0,2,25,53,3,60,14,0,0,1,2,12,1,1,4,3,1,2,1,42,0,49,402,2015,0,,12,63,3,,,,1,1,34,2,0,,0,0,3,0,11,0,,,,,0,0,0,3,1,0,,,,96,,,,,,98,,,,,,98006,53,64,150,6,1,0,0,0,1,,0,,,,,,4,08/15/2021,08/15/2021,20,0,0,0,8,9,8,,,0,,,8,8,0,0,,,0,,,0,0,996,,,,,,,,,,,,,,,,,,,,,,,,,,,,,,0,0,0,0,1,1,0,1,0,0,0,0,1,0,0,0,0,0,0,0,0,0,0,0,0,0,0,0,1,1,0,0,0,0,0,,0,0,0,0,0,0,0,0,0,1,0,0,0,0,0,0,,,,,,31-35,26-35,Interstate,U,Friday,Belt Used,PV,Not Fatal,0,0,0,0,State Route,State Patrol,Washington State Patrol,0,1,0,0,0,,,,,,0,0,0,,,,,,,,,,,98,98,98,0,,,,,20,,,,,,,,,1,0,,,,,,
2021,474,EB90445,7,10/22/2021,23:23,22,10,,33,King,1960,10,,2,1,1,1,0,3,2,,,,12,0,1,3,1,0,1,1,2,1,1,0,0,0,0,I-90,,-122.2739639,47.58967222,0,1,24,51,3,60,80,0,0,1,5,12,1,1,4,3,1,1,1,53,0,72,706,2020,0,,12,,,,,,1,1,31,1,7,,4,7,20,7,11,0,10/22/2021,23:23,1.96E+11,55949,0,0,0,3,1,0,,,,96,,,,,,98,,,,,,98059,53,67,190,6,1,0,0,0,0,,0,,,,,,4,,,20,8,0,0,0,9,8,,,0,,,8,8,2,1,,,1,,,2,1,0.163,,,,,,,,,,,,,,,,,,,,,,,,,,,,,,0,0,0,0,1,1,0,1,0,0,0,0,1,0,0,0,0,0,0,0,0,0,0,0,0,0,0,0,1,1,0,0,0,0,1,0,0,0,0,0,0,1,0,1,0,1,0,0,0,1,0,1,,,,,,31-35,26-35,Interstate,U,Friday,,MC,White,0,0,0,0,State Route,State Patrol,Washington State Patrol,0,1,0,0,0,,,,,,0,0,0,,,,,,,,,,,0,0,0,1,,,,,5,,,,,,,,,1,0,,,,,,
2021,475,EB90887,4,11/13/2021,3:03,13,11,,63,Spokane,524,5,,2,2,2,1,0,2,2,,,,12,0,8,183.7,1,0,1,2,1,1,2,0,0,0,0,US-395,,-117.4698639,47.93491111,0,2,66,10,2,60,6,0,0,1,2,12,1,1,2,1,1,1,2,53,0,48,34,1996,0,,12,,,,,,1,1,20,2,0,,3,0,3,0,11,5,,,,,0,0,0,3,1,0,,,,96,,,,,,9,,,,,,99114,2,62,150,6,1,0,2,1,1,,0,,,,,,0,01/15/2018,04/15/2019,8,0,0,0,8,9,8,,,0,,,1,8,2,95,,,96,,,2,98,0,,,,,,,,,,,,,,,,,,,,,,,,,,,,,,0,0,0,0,1,1,1,1,1,0,0,0,0,1,0,0,0,0,0,1,0,1,1,0,1,0,0,0,0,1,0,0,0,0,0,,0,0,0,0,0,0,0,0,0,0,0,0,0,0,0,0,,,,,,18-20,16-25,US highway,R,Saturday,Belt Used,PV,Not Fatal,0,1,1,0,State Route,State Patrol,Washington State Patrol,0,1,0,0,0,thc,0.76,,,,0,0,0,,,,,,,,,,,0,0,0,0,,,,,20,,,,,,,,nms,1,0,,,,,,
2021,475,EB90887,4,11/13/2021,3:03,13,11,,63,Spokane,524,5,,2,2,2,1,0,2,2,,,,12,0,8,183.7,1,0,1,2,1,1,2,0,0,0,0,US-395,,-117.4698639,47.93491111,0,1,66,10,2,60,4,0,0,1,2,12,1,1,2,1,1,1,2,53,0,20,25,2011,0,,12,,,,,,1,1,35,1,1,,4,7,20,7,11,0,11/13/2021,3:03,52453059249,59249,0,0,3,2,1,0,,,,96,,,,,,9,,,,,,99207,53,70,195,2,1,2,2,1,3,,0,,,,,,0,09/15/2017,05/15/2020,8,0,0,0,0,1,1,,,0,,,1,1,2,402,407,996,1,1,1,2,1,0.215,,,,,,,,,,,,,,,,,,,,,,,,,,,,,,0,0,0,0,1,1,1,1,1,0,0,0,0,1,0,0,0,0,0,1,0,1,1,0,1,0,0,0,0,1,0,0,0,1,0,,1,0,0,0,0,1,1,1,0,0,0,1,0,0,0,1,,,,,,31-35,26-35,US highway,R,Saturday,Not Used,PV,Hispanic,0,1,1,0,State Route,State Patrol,Washington State Patrol,0,1,0,0,0,,,,,,3,2,7,1,,,,,605,,,,,98,98,98,1,,,,,20,,,,,,,,,1,0,,,,,,
2021,531,EB91021,35,11/15/2021,20:45,15,11,,53,Pierce,0,1,,2,2,2,1,0,2,2,,,,12,0,7,0.3,1,0,1,4,2,2,4,0,0,0,0,CR-260TH ST E,,-122.3641583,47.02024722,0,1,48,52,3,35,2,0,0,1,5,12,1,1,2,1,1,1,2,53,0,35,34,1975,0,,12,,,,,,1,1,17,1,0,,2,0,99,7,11,5,,,,,0,0,0,3,1,0,,,,96,,,,,,98,,,,,,98338,53,69,220,6,2,0,0,0,0,,0,,,,,,3,,,20,0,0,0,8,9,8,,,0,,,8,8,9,999,,,99,,,8,95,995,,,,,,,,,,,,,,,,,,,,,,,,,,,,,,0,0,0,0,0,0,0,0,0,0,0,0,1,1,1,0,0,0,0,0,1,0,1,0,1,0,0,0,1,1,0,0,0,0,0,,0,0,0,0,0,0,0,0,0,1,0,0,0,0,0,0,,,,,,16-17,16-25,County road,U,Monday,Unknown,PV,Not Fatal,0,0,0,0,County Road,County Sheriff,Law Enforcement Support Agency,0,0,1,0,0,,,,,,0,0,0,,,,,,,,,,,0,0,0,0,,,,,20,,,,,,,,,1,0,,,260 ST E,0.25,NULL,
2021,531,EB91021,35,11/15/2021,20:45,15,11,,53,Pierce,0,1,,2,2,2,1,0,2,2,,,,12,0,7,0.3,1,0,1,4,2,2,4,0,0,0,0,CR-260TH ST E,,-122.3641583,47.02024722,0,2,48,53,3,35,80,0,0,1,5,12,1,1,2,1,2,1,1,53,0,72,706,2005,0,,12,,,,,,1,1,37,1,7,,4,0,20,7,11,5,11/17/2021,14:12,2.23E+11,60578,0,0,0,2,1,0,,,,96,,,,,,0,,,,,,98387,53,71,230,1,1,0,0,0,0,,0,,,,,,0,,,20,8,0,0,0,9,8,,,0,,,8,8,2,1,,,1,,,2,1,0,,,,,,,,,,,,,,,,,,,,,,,,,,,,,,0,0,0,0,0,0,0,0,0,0,0,0,1,1,1,0,0,0,0,0,1,0,1,0,1,0,0,0,1,1,0,0,0,0,1,0,0,0,0,0,0,0,0,0,0,0,0,1,0,0,0,0,,,,,,36-40,36-45,County road,U,Monday,,MC,White,0,0,0,0,County Road,County Sheriff,Law Enforcement Support Agency,0,0,1,0,0,,,,,,0,0,0,,,,,,,,,,,0,0,0,1,,,,,5,,,,,,,,,1,0,,,260 ST E,0.25,NULL,
2021,477,EB91089,2,11/17/2021,6:03,17,11,,57,Skagit,1970,1,,2,4,2,1,0,2,2,,,,12,0,6,75.2,1,0,1,4,1,1,3,0,0,0,0,SR-20,,-122.028375,48.53016667,0,1,98,10,2,55,34,0,0,1,2,12,1,1,2,2,1,1,1,53,0,49,472,1997,0,,68,12,,,,,1,1,59,1,0,,3,0,3,0,11,1,,,,,6,0,3,3,1,0,,,,96,,,,,,98,,,,,,98237,53,70,180,6,1,0,2,0,0,,0,,,,,,0,05/15/2017,12/15/2018,1,0,0,0,8,9,8,,,0,,,8,8,8,95,,,96,,,0,0,996,,,,,,,,,,,,,,,,,,,,,,,,,,,,,,0,0,0,0,0,0,0,0,0,0,0,0,0,0,0,0,0,0,0,0,0,0,0,0,0,0,0,0,0,1,0,0,0,0,0,,0,0,0,0,0,0,0,0,0,0,0,0,0,0,0,0,,,,,,56-60,56-65,State route,R,Wednesday,Belt Used,PV,Not Fatal,0,1,1,0,State Route,State Patrol,Washington State Patrol,0,1,0,0,0,,,,,,0,0,0,,,,,,,,,,,0,0,0,0,,,,,20,,,,,,,,,1,0,,,,,,
2021,477,EB91089,2,11/17/2021,6:03,17,11,,57,Skagit,1970,1,,2,4,2,1,0,2,2,,,,12,0,6,75.2,1,0,1,4,1,1,3,0,0,0,0,SR-20,,-122.028375,48.53016667,0,2,98,62,4,55,34,0,0,1,2,12,1,1,2,2,1,1,1,53,0,35,472,2012,0,,12,,,,,,1,1,43,1,7,,4,7,3,0,11,0,11/17/2021,6:03,1.97E+11,59233,0,0,0,3,1,0,,,,96,,,,,,0,,,,,,98284,53,70,190,6,1,0,0,0,0,,0,,,,,,0,,,8,0,0,0,0,9,8,,,0,,,8,8,2,1,,,1,,,2,1,0,,,,,,,,,,,,,,,,,,,,,,,,,,,,,,0,0,0,0,0,0,0,0,0,0,0,0,0,0,0,0,0,0,0,0,0,0,0,0,0,0,0,0,0,1,0,0,0,0,0,,1,0,0,0,0,0,0,0,0,0,0,0,0,0,0,0,,,,,,41-45,36-45,State route,R,Wednesday,Belt Used,PV,White,0,1,1,0,State Route,State Patrol,Washington State Patrol,0,1,0,0,0,,,,,,0,0,0,,,,,,,,,,,98,98,98,1,,,,,20,,,,,,,,,1,0,,,,,,