year,case,par,repjur,crash_dt,crash_tm,accday,accmon,holiday,county,co_char,city,weather,weather2,lightcond,surfcond,surftype,numfatal,nmforms,pforms,vforms,not_tm,arr_tm,hosp_tm,fhevent,hitrun,manncol,milepnt,reljunc,reljuncinter,intersectiontype,funcsystem,landuse,ownership,route,schlbus,spejur,contdev,devfunc,trafid1,trafid2,x,y,wk_zone,vnumber,crashtype,criticalevent,criticaleventcat,spdlim,body,trailer,emerg,hazcargo,leave,mhevent,roadalgn,roadprof,traflane,trafflow,vehmanvr,numoccs,regowner,regstate,spuse,make,model,modelyr,vrf1,vrf2,seqevent1,seqevent2,seqevent3,seqevent4,seqevent5,seqevent6,pnumber,ptype,age,sex,hispanic,race,injury,diedscene,restraint,restraintmisuse,seatpos,takehosp,death_dt,death_tm,cert,cernum_wa,commlic,licendor,licrestrict,liccomp,drivpres,drf1,drf2,drf3,drf4,distract1,distract2,distract3,distract4,distract5,distract6,dricond1,dricond2,dricond3,dricond4,dricond5,dricond6,dzip,licstate,drhgt_in,weight,noncdl,noncdltype,prevdwi,prevoth,prevacc,prevspd,prevsus,driviol1,driviol2,driviol3,driviol4,driviol5,driviol6,spdrel,first_dt,last_dt,airbag,ejection,ejectpath,extricat,injurwrk,methalc,methdrug,nmlocat,strikveh,prf1,prf2,prf3,druginv,alcinvol,drugsts,drugres1,drugres2,drugres3,drugtst1,drugtst2,drugtst3,alcsts,alctst,alcres,nmact1,nmact2,nmact3,nmact4,nmact5,nmact6,nmprior1,nmprior2,nmprior3,nmprior4,nmprior5,nmprior6,nmcond1,nmcond2,nmcond3,nmcond4,nmcond5,nmcond6,nmsafe_helmet,nmsafe_pads,nmsafe_oth,nmprev_ref,nmprev_lgt,nmprev_oth,crashlocation,nmcrashtype,crosswalk,schoolzone,sidewalk,train_inv,wildlife_inv,rotr_fars,intersect_fars,dd_inv,aid_inv,dpd_inv,id_inv,mj_inv,impnm_inv,ainm_inv,dpnm_inv,speed_inv,unlic_inv,unendmc_inv,drowsy_inv,drdist_inv,nmdist_inv,fty_inv,unrestfat_inv,dr1617_inv,dr1820_inv,dr1620_inv,dr2125_inv,dr1625_inv,dr65_inv,dr70_inv,dr75_inv,mc_inv,pv_inv,ht_inv,ped_inv,bike_inv,unrest_fat,mc_fat,unhelmet_mc,pv_fat,ht_fat,ped_fat,bike_fat,dr_alc7,dr_alc8,dr_drug,dr_imp,dr_dist,dr_spd,dr_fty,dr_unlic,dr_alc7only,dr_alc8only,dr_drugonly,dr_drink,nm_imp,nm_alc7,nm_alc8,nm_drug,nm_dist,agegrp1,agegrp2,roadclass,urbrur,dayweek,restuse,vehtype,race_me,intersect,lanedep,oppdir,wrongway,rep_typ,investag,repag_long,rotr,st_rd,cty_rd,city_rd,oth_rd,drug_thc,thc_res,drug_cthc,cthc_res,drug_cann,prevpersemin,prevperse,prevsusoth,drugtst4,drugtst5,drugtst6,drugtst7,drugtst8,drugres4,drugres5,drugres6,drugres7,drugres8,adspresent,adsengaged,adslevel,race1,race2,race3,race4,race5,helmet,helmetmisuse,nmdistract1,nmdistract2,nmdistract3,nmdistract4,nmdistract5,nmdistract6,lab,isedtcase,crf1,crf2,crf3,CoRoadName,CoMP,IntCoRoadName,IntCoMP
2021,478,EB91124,6,11/11/2021,22:13,11,11,,37,Kittitas,1060,2,,2,2,2,1,0,3,1,,,,24,0,0,125,1,0,1,1,1,1,1,0,0,0,0,I-90,,-120.1865778,46.94393889,0,1,1,13,2,70,2,0,0,1,2,24,1,2,2,3,6,3,2,53,0,37,31,2009,0,,63,24,39,,,,1,1,23,1,0,,0,0,3,0,11,0,,,,,0,0,0,3,1,0,,,,96,,,,,,98,,,,,,98851,53,69,180,6,1,0,1,0,2,,23,,,,,,4,06/15/2020,08/15/2021,8,0,0,0,8,9,2,,,0,,,8,8,0,0,,,0,,,0,0,996,,,,,,,,,,,,,,,,,,,,,,,,,,,,,,0,0,1,0,0,0,0,0,0,0,0,0,1,0,0,0,0,0,0,0,0,0,0,1,1,0,0,0,0,1,0,0,0,0,0,,0,0,0,0,0,0,0,0,0,1,0,0,0,0,0,0,,,,,,21-25,16-25,Interstate,R,Thursday,Belt Used,PV,Not Fatal,0,1,0,0,State Route,State Patrol,Washington State Patrol,1,1,0,0,0,,,,,,0,0,0,,,,,,,,,,,98,98,98,0,,,,,20,,,,,,,,,1,0,,,,,,
2021,476,EB91189,7,11/09/2021,16:45,9,11,,33,King,1960,2,,1,2,2,1,0,3,3,,,,12,0,8,9.2,1,0,1,2,2,1,3,0,0,0,0,SR-18,,-122.1591722,47.32913889,0,3,98,54,3,60,34,0,0,1,5,12,1,1,2,3,1,1,1,53,0,7,472,2001,0,,12,,,,,,1,1,54,1,0,,2,0,3,0,11,5,,,,,6,0,0,3,1,0,,,,96,,,,,,0,,,,,,98354,53,70,190,6,1,0,0,0,0,,0,,,,,,0,,,8,0,0,0,8,9,8,,,0,,,8,8,8,95,,,96,,,0,0,996,,,,,,,,,,,,,,,,,,,,,,,,,,,,,,0,0,0,0,0,0,1,1,0,0,0,0,0,1,0,0,1,0,0,0,0,0,0,0,0,0,0,0,0,1,0,0,0,0,0,,0,0,0,0,0,0,0,0,0,0,0,0,0,0,0,0,,,,,,51-55,46-55,State route,U,Tuesday,Belt Used,PV,Not Fatal,0,0,0,1,State Route,State Patrol,Washington State Patrol,0,1,0,0,0,,,,,,0,0,0,,,,,,,,,,,98,98,98,0,,,,,20,,,,,,,,,1,0,,,,,,
2021,476,EB91189,7,11/09/2021,16:45,9,11,,33,King,1960,2,,1,2,2,1,0,3,3,,,,12,0,8,9.2,1,0,1,2,2,1,3,0,0,0,0,SR-18,,-122.1591722,47.32913889,0,2,66,54,3,60,34,0,0,1,5,12,1,1,2,3,1,1,2,53,0,49,472,1998,0,,12,,,,,,1,1,54,1,0,,0,0,3,0,11,0,,,,,0,0,3,3,1,0,,,,96,,,,,,0,,,,,,98391,53,75,280,6,1,0,2,0,0,,0,,,,,,0,02/15/2018,02/15/2021,20,0,0,0,8,9,8,,,0,,,8,8,8,95,,,96,,,0,0,996,,,,,,,,,,,,,,,,,,,,,,,,,,,,,,0,0,0,0,0,0,1,1,0,0,0,0,0,1,0,0,1,0,0,0,0,0,0,0,0,0,0,0,0,1,0,0,0,0,0,,0,0,0,0,0,0,0,0,0,0,0,0,0,0,0,0,,,,,,51-55,46-55,State route,U,Tuesday,Belt Used,PV,Not Fatal,0,0,0,1,State Route,State Patrol,Washington State Patrol,0,1,0,0,0,,,,,,0,0,0,,,,,,,,,,,0,0,0,0,,,,,20,,,,,,,,,1,0,,,,,,
2021,476,EB91189,7,11/09/2021,16:45,9,11,,33,King,1960,2,,1,2,2,1,0,3,3,,,,12,0,8,9.2,1,0,1,2,2,1,3,0,0,0,0,SR-18,,-122.1591722,47.32913889,0,1,66,54,3,60,6,0,0,1,5,12,1,1,2,3,1,1,1,53,0,49,49,2005,0,,12,12,,,,,1,1,39,1,7,,4,7,3,0,11,0,11/09/2021,16:45,1.96E+11,58542,0,0,3,2,1,51,,,,92,,,,,,98,,,,,,98499,53,72,270,1,1,0,2,3,7,,0,,,,,,0,05/15/2017,05/15/2020,8,0,0,0,0,9,8,,,0,,,8,8,2,401,417,,1,1,,2,1,0,,,,,,,,,,,,,,,,,,,,,,,,,,,,,,0,0,0,0,0,0,1,1,0,0,0,0,0,1,0,0,1,0,0,0,0,0,0,0,0,0,0,0,0,1,0,0,0,0,0,,1,0,0,0,0,0,1,1,1,0,0,1,0,0,1,0,,,,,,36-40,36-45,State route,U,Tuesday,Belt Used,PV,White,0,0,0,1,State Route,State Patrol,Washington State Patrol,0,1,0,0,0,,,,,,0,0,0,,,,,,,,,,,98,98,98,1,,,,,20,,,,,,,,,1,0,,,,,,
2021,481,EB91198,8,11/09/2021,15:07,9,11,,45,Mason,2000,2,,1,2,2,2,0,8,3,,,,12,0,1,347,1,0,1,2,1,1,2,0,0,0,0,US-101,,-123.1179194,47.19269167,0,2,29,53,3,60,1,0,0,1,2,12,1,2,2,1,2,4,1,41,0,30,47,2013,0,,12,12,,,,,1,1,40,2,0,,2,0,3,0,11,5,,,,,0,0,0,0,1,0,,,,96,,,,,,0,,,,,,97138,41,,999,0,0,0,0,0,0,,0,,,,,,0,,,8,0,0,0,8,9,8,,,0,,,8,8,0,0,,,0,,,0,0,996,,,,,,,,,,,,,,,,,,,,,,,,,,,,,,0,0,0,0,0,0,1,1,0,0,0,0,1,1,0,0,0,0,0,1,0,0,0,0,0,0,0,0,0,1,0,0,0,0,0,,0,0,0,0,0,0,0,0,0,0,0,1,0,0,0,0,,,,,,36-40,36-45,US highway,R,Tuesday,Belt Used,PV,Not Fatal,0,0,0,0,State Route,State Patrol,Washington State Patrol,0,1,0,0,0,,,,,,0,0,0,,,,,,,,,,,98,98,98,0,,,,,20,,,,,,,,,1,0,,,,,,
2021,481,EB91198,8,11/09/2021,15:07,9,11,,45,Mason,2000,2,,1,2,2,2,0,8,3,,,,12,0,1,347,1,0,1,2,1,1,2,0,0,0,0,US-101,,-123.1179194,47.19269167,0,1,28,52,3,60,6,0,0,1,2,12,1,2,2,1,1,3,1,53,0,35,49,2017,0,,12,,,,,,1,1,56,2,0,,3,0,3,0,11,5,,,,,0,0,0,3,1,26,,,,96,,,,,,9,,,,,,98584,53,63,185,6,1,0,0,0,0,,0,,,,,,4,,,8,0,0,0,8,9,2,,,0,,,1,8,2,157,,,1,,,2,1,0,,,,,,,,,,,,,,,,,,,,,,,,,,,,,,0,0,0,0,0,0,1,1,0,0,0,0,1,1,0,0,0,0,0,1,0,0,0,0,0,0,0,0,0,1,0,0,0,0,0,,0,0,0,0,0,0,1,1,0,1,0,0,0,0,1,0,,,,,,56-60,56-65,US highway,R,Tuesday,Belt Used,PV,Not Fatal,0,0,0,0,State Route,State Patrol,Washington State Patrol,0,1,0,0,0,,,,,,0,0,0,,,,,,,,,,,98,98,98,0,,,,,20,,,,,,,,,1,0,,,,,,
2021,481,EB91198,8,11/09/2021,15:07,9,11,,45,Mason,2000,2,,1,2,2,2,0,8,3,,,,12,0,1,347,1,0,1,2,1,1,2,0,0,0,0,US-101,,-123.1179194,47.19269167,0,3,98,53,3,60,6,0,0,1,2,12,1,2,2,1,2,1,1,53,0,48,34,1998,0,,12,,,,,,1,1,60,1,0,,0,0,3,0,11,0,,,,,0,0,3,3,1,0,,,,96,,,,,,0,,,,,,98584,53,71,170,6,1,0,0,0,0,,0,,,,,,0,,,8,0,0,0,8,9,8,,,0,,,8,8,8,95,,,96,,,0,0,996,,,,,,,,,,,,,,,,,,,,,,,,,,,,,,0,0,0,0,0,0,1,1,0,0,0,0,1,1,0,0,0,0,0,1,0,0,0,0,0,0,0,0,0,1,0,0,0,0,0,,0,0,0,0,0,0,0,0,0,0,0,0,0,0,0,0,,,,,,56-60,56-65,US highway,R,Tuesday,Belt Used,PV,Not Fatal,0,0,0,0,State Route,State Patrol,Washington State Patrol,0,1,0,0,0,,,,,,0,0,0,,,,,,,,,,,0,0,0,0,,,,,20,,,,,,,,,1,0,,,,,,
2021,479,EB91353,1,11/17/2021,5:16,17,11,,77,Yakima,2590,1,,2,1,2,1,1,1,1,,,,8,0,0,35.5,1,0,1,1,2,1,1,0,0,0,0,I-82,,-120.4720389,46.57438333,0,1,13,80,5,60,6,0,0,1,2,8,3,2,2,3,14,1,1,4,0,63,37,2017,0,,8,,,,,,1,1,33,1,0,,0,0,3,0,11,0,,,,,0,0,0,3,1,0,,,,96,,,,,,0,,,,,,98902,53,67,180,6,1,0,0,0,0,,0,,,,,,0,,,20,0,0,0,8,9,2,,,0,,,8,8,0,0,,,0,,,0,0,996,,,,,,,,,,,,,,,,,,,,,,,,,,,,,,0,0,0,0,0,0,0,0,0,1,0,1,0,0,0,0,0,1,0,0,0,0,0,0,0,0,0,0,0,1,0,1,0,0,0,,0,0,0,0,0,0,0,0,0,0,0,0,0,0,0,0,,,,,,31-35,26-35,Interstate,U,Wednesday,Belt Used,PV,Not Fatal,0,0,0,0,State Route,State Patrol,Washington State Patrol,0,1,0,0,0,,,,,,0,0,0,,,,,,,,,,,98,98,98,0,,,,,20,,,,,,,,,1,0,,,,,,
2021,480,EB91488,146,11/07/2021,16:40,7,11,,77,Yakima,0,1,,1,1,2,1,0,3,3,,,,12,0,7,32.3,1,0,1,5,1,2,4,0,0,0,0,CR-YAKIMA VALLEY HWY,,-119.9463806,46.28823056,0,1,47,10,2,55,14,0,0,1,2,12,1,1,2,1,6,1,1,53,0,2,404,1999,0,,63,12,69,68,12,,1,1,51,1,0,,0,0,99,7,11,0,,,,,0,0,0,2,1,8,,,,96,,,,,,9,,,,,,98901,53,67,220,1,1,0,0,1,0,,1,,,,,,0,02/15/2021,02/15/2021,20,0,0,0,8,9,2,,,0,,,1,8,2,401,417,,1,1,,2,1,0,,,,,,,,,,,,,,,,,,,,,,,,,,,,,,0,0,0,0,0,0,1,1,0,0,0,0,0,1,0,0,0,0,0,0,0,0,0,0,0,0,0,0,0,1,0,0,0,0,0,,0,0,0,0,0,0,1,1,0,0,0,1,0,0,1,0,,,,,,51-55,46-55,County road,R,Sunday,Unknown,PV,Not Fatal,0,1,1,0,County Road,County Sheriff,Yakima County Sheriff's Office,0,0,1,0,0,,,,,,0,0,0,,,,,,,,,,,0,0,0,0,,,,,20,,,,,,,,,1,0,,,YAKIMA VALLEY HIGHWAY,32.31,NULL,
2021,480,EB91488,146,11/07/2021,16:40,7,11,,77,Yakima,0,1,,1,1,2,1,0,3,3,,,,12,0,7,32.3,1,0,1,5,1,2,4,0,0,0,0,CR-YAKIMA VALLEY HWY,,-119.9463806,46.28823056,0,2,98,62,4,55,4,0,0,1,2,12,1,1,2,1,1,1,1,53,0,20,25,2015,0,,12,,,,,,1,1,28,1,1,,4,7,3,0,11,0,11/07/2021,16:40,53057774,57774,0,0,0,3,1,0,,,,96,,,,,,98,,,,,,98944,53,68,195,6,1,0,0,0,2,,0,,,,,,0,09/15/2018,01/15/2018,8,0,0,0,0,9,8,,,0,,,8,8,2,996,,,1,,,2,1,0,,,,,,,,,,,,,,,,,,,,,,,,,,,,,,0,0,0,0,0,0,1,1,0,0,0,0,0,1,0,0,0,0,0,0,0,0,0,0,0,0,0,0,0,1,0,0,0,0,0,,1,0,0,0,0,0,1,1,0,0,0,0,0,0,1,0,,,,,,26-30,26-35,County road,R,Sunday,Belt Used,PV,Hispanic,0,1,1,0,County Road,County Sheriff,Yakima County Sheriff's Office,0,0,1,0,0,,,,,,0,0,0,,,,,,,,,,,98,98,98,298,,,,,20,,,,,,,,,1,0,,,YAKIMA VALLEY HIGHWAY,32.31,NULL,
2021,480,EB91488,146,11/07/2021,16:40,7,11,,77,Yakima,0,1,,1,1,2,1,0,3,3,,,,12,1,7,32.3,1,0,1,5,1,2,4,0,0,0,0,CR-YAKIMA VALLEY HWY,,-119.9463806,46.28823056,0,3,45,61,4,55,98,0,0,1,5,12,1,1,2,1,1,99,9,99,0,97,997,9998,0,,12,,,,,,1,1,998,8,0,,0,0,98,7,11,0,,,,,99,9,9,9,1,0,,,,96,,,,,,98,,,,,,99998,98,,999,9,9,99,99,99,99,,0,,,,,,0,,,98,0,0,0,8,9,8,,,0,,,8,8,0,0,,,0,,,0,0,996,,,,,,,,,,,,,,,,,,,,,,,,,,,,,,0,0,0,0,0,0,1,1,0,0,0,0,0,1,0,0,0,0,0,0,0,0,0,0,0,0,0,0,0,1,0,0,0,0,0,,0,0,0,0,0,0,0,0,0,0,0,0,0,0,0,0,,,,,,,,County road,R,Sunday,,NR-U,Not Fatal,0,1,1,0,County Road,County Sheriff,Yakima County Sheriff's Office,0,0,1,0,0,,,,,,99,99,99,,,,,,,,,,,98,98,98,0,,,,,20,,,,,,,,,1,0,,,YAKIMA VALLEY HIGHWAY,32.31,NULL,
2021,482,EB91747,2,11/18/2021,12:50,18,11,,61,Snohomish,0,10,,1,1,2,2,0,3,2,,,,12,0,2,17.9,1,0,1,3,2,1,3,0,0,0,0,SR-002,,-121.90815,47.85485,0,1,50,10,2,55,14,0,0,1,2,12,1,1,2,1,1,2,2,53,0,42,401,2011,0,,63,69,68,12,2,,1,1,23,2,7,,4,7,20,7,11,0,11/18/2021,12:50,53059776,59776,0,0,0,3,1,58,,,,92,,,,,,98,,,,,,98244,53,67,160,6,1,0,3,1,1,,0,,,,,,0,05/15/2017,04/15/2019,99,0,0,0,0,9,8,,,0,,,1,8,2,996,695,605,1,1,1,2,1,0,,,,,,,,,,,,,,,,,,,,,,,,,,,,,,0,0,0,0,0,0,1,1,1,0,0,0,0,0,0,0,1,0,0,1,0,0,0,1,1,0,0,0,0,1,1,0,0,1,0,,1,0,0,0,0,0,1,1,1,0,0,0,0,0,1,0,,,,,,21-25,16-25,State route,U,Thursday,Not Used,PV,White,0,1,1,0,State Route,State Patrol,Washington State Patrol,0,1,0,0,0,thc,4.3,carboxy-thc,21,,0,0,2,1,1,1,,,401,417,151,996,,98,98,98,1,,,,,20,,,,,,,,nms,1,0,,,,,,
2021,482,EB91747,2,11/18/2021,12:50,18,11,,61,Snohomish,0,10,,1,1,2,2,0,3,2,,,,12,0,2,17.9,1,0,1,3,2,1,3,0,0,0,0,SR-002,,-121.90815,47.85485,0,2,51,62,4,55,63,1,0,1,2,12,1,1,2,1,1,1,3,53,0,87,881,2022,0,,12,,,,,,1,1,58,1,0,,2,0,3,0,11,5,,,,,6,1,0,3,1,0,,,,96,,,,,,0,,,,,,98258,53,74,270,6,1,0,0,0,0,,0,,,,,,0,,,20,0,0,0,8,9,8,,,0,,,8,8,8,95,,,96,,,2,98,997,,,,,,,,,,,,,,,,,,,,,,,,,,,,,,0,0,0,0,0,0,1,1,1,0,0,0,0,0,0,0,1,0,0,1,0,0,0,1,1,0,0,0,0,1,1,0,0,0,0,,0,0,0,0,0,0,0,0,0,0,0,0,0,0,0,0,,,,,,56-60,56-65,State route,U,Thursday,,MHTRUCK,Not Fatal,0,1,1,0,State Route,State Patrol,Washington State Patrol,0,1,0,0,0,,,,,,0,0,0,,,,,,,,,,,98,98,98,0,,,,,20,,,,,,,,,1,0,,,,,,
2021,483,EB92106,6,11/15/2021,19:17,15,11,,25,Grant,0,6,,2,1,2,1,0,3,2,,,,12,0,1,140.3,1,0,1,1,1,1,1,0,0,50,3,I-90,,-119.9720694,47.00457778,0,1,24,51,3,70,34,0,0,1,2,12,3,2,2,3,14,1,1,53,0,7,482,2013,0,,12,,,,,,1,1,57,1,7,,4,7,3,0,11,0,11/15/2021,19:17,53058825,58825,0,0,0,3,1,0,,,,92,,,,,,98,,,,,,98007,53,73,225,6,1,0,0,0,1,,0,,,,,,0,09/15/2017,09/15/2017,1,0,0,0,0,9,8,,,0,,,8,8,0,0,,,0,,,0,0,996,,,,,,,,,,,,,,,,,,,,,,,,,,,,,,0,0,0,0,0,0,0,0,0,0,0,0,0,0,0,0,1,0,0,0,0,0,0,0,0,0,0,0,0,1,1,0,0,0,0,,1,0,0,0,0,0,0,0,1,0,0,0,0,0,0,0,,,,,,56-60,56-65,Interstate,R,Monday,Belt Used,PV,White,0,0,0,0,State Route,State Patrol,Washington State Patrol,0,1,0,0,0,,,,,,0,0,0,,,,,,,,,,,98,98,98,1,,,,,20,,,,,,,,,1,26,,,,,,
2021,483,EB92106,6,11/15/2021,19:17,15,11,,25,Grant,0,6,,2,1,2,1,0,3,2,,,,12,0,1,140.3,1,0,1,1,1,1,1,0,0,50,3,I-90,,-119.9720694,47.00457778,0,2,25,53,3,60,66,1,0,1,2,12,3,2,2,3,14,2,3,53,0,85,881,2021,0,,12,,,,,,1,1,38,1,0,,0,0,3,0,11,0,,,,,6,1,3,3,1,0,,,,96,,,,,,0,,,,,,99122,53,67,135,6,1,0,0,1,0,,0,,,,,,0,08/15/2018,08/15/2018,20,0,0,0,8,9,8,,,0,,,8,8,8,95,,,96,,,0,0,996,,,,,,,,,,,,,,,,,,,,,,,,,,,,,,0,0,0,0,0,0,0,0,0,0,0,0,0,0,0,0,1,0,0,0,0,0,0,0,0,0,0,0,0,1,1,0,0,0,0,,0,0,0,0,0,0,0,0,0,0,0,0,0,0,0,0,,,,,,36-40,36-45,Interstate,R,Monday,,MHTRUCK,Not Fatal,0,0,0,0,State Route,State Patrol,Washington State Patrol,0,1,0,0,0,,,,,,0,0,0,,,,,,,,,,,98,98,98,0,,,,,20,,,,,,,,,1,26,,,,,,
2021,484,EB92141,7,11/14/2021,0:19,14,11,,33,King,2310,2,,3,2,1,2,0,2,1,,,,20,0,0,154,1,0,1,1,2,1,1,0,0,0,0,I-005,,-122.2635722,47.45559722,0,1,98,6,1,60,4,0,0,1,2,20,3,2,6,3,14,2,2,53,0,35,39,2018,0,,63,20,1,,,,1,1,21,1,1,,4,7,20,7,11,0,11/14/2021,0:19,2.31E+11,58944,99,9,9,9,1,0,,,,96,,,,,,98,,,,,,99999,99,,999,9,9,99,99,99,99,,0,,,,,,4,,,8,0,0,0,0,9,8,,,0,,,8,8,2,1,,,1,,,2,1,0.162,,,,,,,,,,,,,,,,,,,,,,,,,,,,,,0,0,0,0,1,1,0,1,0,0,0,0,1,0,0,0,0,0,0,1,0,0,0,1,1,0,0,0,0,1,0,0,0,1,0,,1,0,0,0,0,1,0,1,0,1,0,0,0,1,0,1,,,,,,21-25,16-25,Interstate,U,Sunday,Not Used,PV,Hispanic,0,1,0,0,State Route,State Patrol,Washington State Patrol,1,1,0,0,0,,,,,,99,99,99,,,,,,,,,,,98,98,98,1,,,,,20,,,,,,,,,1,0,,,,,,
2021,486,EB92278,7,10/25/2021,2:05,25,10,,33,King,1960,10,,3,2,2,1,0,1,1,,,,24,0,0,167,1,0,1,1,2,1,1,0,0,0,0,I-5,,-122.32785,47.62788889,0,1,6,12,2,60,3,0,0,1,2,24,1,1,4,3,1,1,1,53,0,49,50,2006,0,,64,24,,,,,1,1,37,2,7,,4,0,3,0,11,5,10/25/2021,3:45,1.96E+11,56342,0,0,0,3,1,0,,,,96,,,,,,98,,,,,,98037,53,63,130,6,1,0,1,1,0,,0,,,,,,0,02/15/2017,07/15/2018,8,1,9,0,0,9,8,,,0,,,8,8,2,605,,,1,,,2,1,0.13,,,,,,,,,,,,,,,,,,,,,,,,,,,,,,0,0,1,0,1,1,1,1,1,0,0,0,0,0,0,0,0,0,0,0,0,0,0,0,0,0,0,0,0,1,0,0,0,0,0,,1,0,0,0,0,1,1,1,0,0,0,0,0,0,0,1,,,,,,36-40,36-45,Interstate,U,Monday,Belt Used,PV,API,0,1,0,0,State Route,State Patrol,Washington State Patrol,1,1,0,0,0,thc,3.7,,,,0,0,0,,,,,,,,,,,98,98,98,7,,,,,20,,,,,,,,nms,1,0,,,,,,
2021,487,EB92927,160,11/21/2021,3:08,21,11,,33,King,1030,5,,3,1,2,1,0,2,2,,,,12,0,6,0,2,0,3,7,2,4,6,0,0,0,0,124TH AVE SE,SE 202nd Pl,-122.1759556,47.420875,0,1,68,15,2,35,4,0,0,1,2,12,8,8,2,1,11,1,1,53,0,7,24,2021,0,,12,,,,,,1,1,45,2,0,,0,0,99,7,11,0,,,,,0,0,0,3,1,38,,,,96,,,,,,9,,,,,,98031,53,66,160,6,1,0,0,0,1,,1,11,,,,,0,07/15/2019,07/15/2019,8,0,0,0,8,9,2,,,0,,,8,1,8,95,,,96,,,2,1,997,,,,,,,,,,,,,,,,,,,,,,,,,,,,,,0,0,0,1,1,0,1,1,0,0,0,0,0,1,1,0,0,0,1,0,0,0,0,0,0,0,0,0,1,1,0,0,0,0,0,,0,0,0,0,0,0,0,0,0,0,1,0,0,0,0,1,,,,,,41-45,36-45,City street,U,Sunday,Unknown,PV,Not Fatal,1,0,0,0,City Street,Municipal/City Police,Kent Police Department,0,0,0,1,0,,,,,,0,0,0,,,,,,,,,,,98,98,98,0,,,,,20,,,,,,,,,1,0,,,,,,
2021,487,EB92927,160,11/21/2021,3:08,21,11,,33,King,1030,5,,3,1,2,1,0,2,2,,,,12,0,6,0,2,0,3,7,2,4,6,0,0,0,0,124TH AVE SE,SE 202nd Pl,-122.1759556,47.420875,0,2,69,62,4,35,80,0,0,1,2,12,8,8,2,1,1,1,2,53,0,37,706,2008,0,,12,,,,,,1,1,33,1,7,,4,7,20,7,11,0,11/21/2021,3:08,1.03E+11,60540,0,0,0,2,1,0,,,,96,,,,,,0,,,,,,98042,53,72,200,3,1,0,0,0,0,,0,,,,,,0,10/15/2017,10/15/2017,20,8,0,0,0,9,8,,,0,,,8,8,2,401,417,,1,1,,2,1,0,,,,,,,,,,,,,,,,,,,,,,,,,,,,,,0,0,0,1,1,0,1,1,0,0,0,0,0,1,1,0,0,0,1,0,0,0,0,0,0,0,0,0,1,1,0,0,0,0,1,0,0,0,0,0,0,0,1,1,0,0,0,1,0,0,1,0,,,,,,31-35,26-35,City street,U,Sunday,,MC,White,1,0,0,0,City Street,Municipal/City Police,Kent Police Department,0,0,0,1,0,,,,,,0,0,1,,,,,,,,,,,0,0,0,1,,,,,5,,,,,,,,,1,0,,,,,,
2021,488,EB93013,337,11/14/2021,19:06,14,11,,73,Whatcom,110,2,,3,2,2,2,0,3,2,,,,12,0,6,0,1,0,1,3,2,4,6,0,0,0,0,LAKEWAY DR,,-122.4391722,48.74756944,0,1,64,9,1,35,2,0,0,1,2,12,2,1,3,1,14,2,2,53,0,35,47,2009,0,,68,12,,,,,1,1,26,1,1,,4,7,20,7,11,0,11/14/2021,19:06,11053059861,59861,0,0,0,0,1,0,,,,96,,,,,,98,,,,,,98225,6,67,180,0,0,0,0,0,0,,0,,,,,,4,,,8,0,0,0,0,9,8,,,0,,,8,8,2,605,695,401,1,1,1,2,1,0,,,,,,,,,,,,,,,,,,,,,,,,,,,,,,0,0,0,0,0,0,1,1,1,0,0,0,1,1,0,0,0,0,0,1,0,0,0,0,0,0,0,0,0,1,0,0,0,1,0,,1,0,0,0,0,0,1,1,0,1,0,1,0,0,1,0,,,,,,26-30,26-35,City street,U,Sunday,Not Used,PV,Hispanic,0,1,1,0,City Street,Municipal/City Police,Bellingham Police Department,0,0,0,1,0,thc,1.5,carboxy-thc,10,,0,0,0,1,,,,,417,,,,,98,98,98,1,,,,,20,,,,,,,,nms,1,0,,,,,,
2021,488,EB93013,337,11/14/2021,19:06,14,11,,73,Whatcom,110,2,,3,2,2,2,0,3,2,,,,12,0,6,0,1,0,1,3,2,4,6,0,0,0,0,LAKEWAY DR,,-122.4391722,48.74756944,0,2,65,62,4,35,15,0,0,1,2,12,3,1,3,1,14,1,1,53,0,20,422,2004,0,,12,,,,,,1,1,44,1,0,,1,0,3,0,11,8,,,,,0,0,0,3,1,0,,,,96,,,,,,0,,,,,,98226,53,69,220,6,1,0,0,0,0,,0,,,,,,0,,,1,0,0,0,8,9,8,,,0,,,8,8,8,95,,,96,,,8,95,995,,,,,,,,,,,,,,,,,,,,,,,,,,,,,,0,0,0,0,0,0,1,1,1,0,0,0,1,1,0,0,0,0,0,1,0,0,0,0,0,0,0,0,0,1,0,0,0,0,0,,0,0,0,0,0,0,0,0,0,0,0,0,0,0,0,0,,,,,,41-45,36-45,City street,U,Sunday,Belt Used,PV,Not Fatal,0,1,1,0,City Street,Municipal/City Police,Bellingham Police Department,0,0,0,1,0,,,,,,0,0,0,,,,,,,,,,,98,98,98,0,,,,,20,,,,,,,,,1,0,,,,,,