year,case,par,repjur,crash_dt,crash_tm,accday,accmon,holiday,county,co_char,city,weather,weather2,lightcond,surfcond,surftype,numfatal,nmforms,pforms,vforms,not_tm,arr_tm,hosp_tm,fhevent,hitrun,manncol,milepnt,reljunc,reljuncinter,intersectiontype,funcsystem,landuse,ownership,route,schlbus,spejur,contdev,devfunc,trafid1,trafid2,x,y,wk_zone,vnumber,crashtype,criticalevent,criticaleventcat,spdlim,body,trailer,emerg,hazcargo,leave,mhevent,roadalgn,roadprof,traflane,trafflow,vehmanvr,numoccs,regowner,regstate,spuse,make,model,modelyr,vrf1,vrf2,seqevent1,seqevent2,seqevent3,seqevent4,seqevent5,seqevent6,pnumber,ptype,age,sex,hispanic,race,injury,diedscene,restraint,restraintmisuse,seatpos,takehosp,death_dt,death_tm,cert,cernum_wa,commlic,licendor,licrestrict,liccomp,drivpres,drf1,drf2,drf3,drf4,distract1,distract2,distract3,distract4,distract5,distract6,dricond1,dricond2,dricond3,dricond4,dricond5,dricond6,dzip,licstate,drhgt_in,weight,noncdl,noncdltype,prevdwi,prevoth,prevacc,prevspd,prevsus,driviol1,driviol2,driviol3,driviol4,driviol5,driviol6,spdrel,first_dt,last_dt,airbag,ejection,ejectpath,extricat,injurwrk,methalc,methdrug,nmlocat,strikveh,prf1,prf2,prf3,druginv,alcinvol,drugsts,drugres1,drugres2,drugres3,drugtst1,drugtst2,drugtst3,alcsts,alctst,alcres,nmact1,nmact2,nmact3,nmact4,nmact5,nmact6,nmprior1,nmprior2,nmprior3,nmprior4,nmprior5,nmprior6,nmcond1,nmcond2,nmcond3,nmcond4,nmcond5,nmcond6,nmsafe_helmet,nmsafe_pads,nmsafe_oth,nmprev_ref,nmprev_lgt,nmprev_oth,crashlocation,nmcrashtype,crosswalk,schoolzone,sidewalk,train_inv,wildlife_inv,rotr_fars,intersect_fars,dd_inv,aid_inv,dpd_inv,id_inv,mj_inv,impnm_inv,ainm_inv,dpnm_inv,speed_inv,unlic_inv,unendmc_inv,drowsy_inv,drdist_inv,nmdist_inv,fty_inv,unrestfat_inv,dr1617_inv,dr1820_inv,dr1620_inv,dr2125_inv,dr1625_inv,dr65_inv,dr70_inv,dr75_inv,mc_inv,pv_inv,ht_inv,ped_inv,bike_inv,unrest_fat,mc_fat,unhelmet_mc,pv_fat,ht_fat,ped_fat,bike_fat,dr_alc7,dr_alc8,dr_drug,dr_imp,dr_dist,dr_spd,dr_fty,dr_unlic,dr_alc7only,dr_alc8only,dr_drugonly,dr_drink,nm_imp,nm_alc7,nm_alc8,nm_drug,nm_dist,agegrp1,agegrp2,roadclass,urbrur,dayweek,restuse,vehtype,race_me,intersect,lanedep,oppdir,wrongway,rep_typ,investag,repag_long,rotr,st_rd,cty_rd,city_rd,oth_rd,drug_thc,thc_res,drug_cthc,cthc_res,drug_cann,prevpersemin,prevperse,prevsusoth,drugtst4,drugtst5,drugtst6,drugtst7,drugtst8,drugres4,drugres5,drugres6,drugres7,drugres8,adspresent,adsengaged,adslevel,race1,race2,race3,race4,race5,helmet,helmetmisuse,nmdistract1,nmdistract2,nmdistract3,nmdistract4,nmdistract5,nmdistract6,lab,isedtcase,crf1,crf2,crf3,CoRoadName,CoMP,IntCoRoadName,IntCoMP
2021,489,EB93257,4,11/21/2021,3:30,21,11,,1,Adams,0,1,,3,4,2,1,0,1,1,,,,51,0,0,0.1,1,0,1,1,1,1,1,0,0,0,0,I-90,,-118.3736333,47.11353056,0,1,0,6,1,70,34,1,0,1,2,1,2,1,4,2,14,1,1,16,0,12,481,2002,0,,51,64,1,,,,1,1,37,1,7,,4,7,20,7,11,0,11/21/2021,3:30,53062112,62112,0,0,0,0,1,0,,,,96,,,,,,98,,,,,,98290,53,72,220,0,0,1,3,1,2,,0,,,,,,4,01/15/2018,06/15/2021,20,1,9,0,0,9,8,,,0,,,8,8,0,0,,,0,,,0,0,996,,,,,,,,,,,,,,,,,,,,,,,,,,,,,,0,0,0,0,0,0,0,0,0,0,0,0,1,1,0,0,0,0,0,1,0,0,0,0,0,0,0,0,0,1,0,0,0,1,0,,1,0,0,0,0,0,0,0,0,1,0,1,0,0,0,0,,,,,,36-40,36-45,Interstate,R,Sunday,Not Used,PV,White,0,0,0,0,State Route,State Patrol,Washington State Patrol,0,1,0,0,0,,,,,,0,1,1,,,,,,,,,,,98,98,98,1,,,,,20,,,,,,,,,1,0,,,,,,
2021,499,EB93692,55,11/22/2021,13:56,22,11,,33,King,100,10,,1,1,2,1,1,1,1,,,,8,0,0,,3,0,2,5,2,4,6,0,0,3,3,2ND ST SE,A St SE,-122.2286139,47.30558611,0,1,13,80,5,25,20,0,0,1,5,8,1,1,3,1,11,1,2,53,0,49,442,1999,0,,8,,,,,,1,1,41,1,0,,0,0,3,0,11,0,,,,,0,0,3,3,1,0,,,,97,,,,,,98,,,,,,98002,53,59,148,6,1,0,0,0,0,,0,,,,,,0,,,20,0,0,0,8,9,8,,,0,,,8,8,8,95,,,96,,,0,0,996,,,,,,,,,,,,,,,,,,,,,,,,,,,,,,0,0,0,1,0,0,0,0,0,0,0,0,0,0,0,0,1,0,0,0,0,0,0,0,0,0,0,0,0,1,0,1,0,0,0,,0,0,0,0,0,0,0,0,1,0,0,0,0,0,0,0,,,,,,41-45,36-45,City street,U,Monday,Belt Used,PV,Not Fatal,1,0,0,0,City Street,Municipal/City Police,Auburn Police Department,0,0,0,1,0,,,,,,0,0,0,,,,,,,,,,,0,0,0,0,,,,,20,,,,,,,,,1,0,,,,,,
2021,490,EB93713,1,11/01/2021,0:15,1,11,,77,Yakima,2590,1,,2,1,2,1,1,1,1,,,,8,1,0,33.6,1,0,1,1,2,1,1,0,0,0,0,I-82,,-120.4822778,46.600625,0,1,13,80,5,60,99,0,0,1,5,8,1,2,2,3,1,99,9,99,0,99,999,9999,0,,8,,,,,,1,1,999,9,0,,9,0,99,7,11,0,,,,,99,9,9,9,1,0,,,,96,,,,,,98,,,,,,99999,99,,999,9,9,99,99,99,99,,0,,,,,,0,,,99,0,0,0,8,9,8,,,0,,,8,8,0,0,,,0,,,0,0,996,,,,,,,,,,,,,,,,,,,,,,,,,,,,,,0,0,0,0,0,0,0,0,0,1,1,1,0,0,0,0,0,0,0,0,0,0,0,0,0,0,0,0,0,0,0,1,0,0,0,,0,0,0,0,0,0,0,0,0,0,0,0,0,0,0,0,,,,,,,,Interstate,U,Monday,,NR-U,Not Fatal,0,0,0,0,State Route,State Patrol,Washington State Patrol,0,1,0,0,0,,,,,,99,99,99,,,,,,,,,,,98,98,98,0,,,,,20,,,,,,,,,1,0,,,,,,
2021,492,EB93792,290,11/25/2021,15:45,25,11,,53,Pierce,2230,2,,1,2,2,1,1,1,1,,,,8,0,0,0,1,0,1,7,2,4,6,0,0,0,0,E 56TH ST,,-122.4011667,47.20608056,0,1,13,80,5,98,6,0,0,1,5,8,1,1,8,1,1,1,1,53,0,12,24,2012,0,,8,,,,,,1,1,24,1,0,,0,0,99,7,11,0,,,,,0,0,0,3,1,0,,,,96,,,,,,0,,,,,,98404,53,72,195,6,1,0,0,0,1,,0,,,,,,0,04/15/2019,04/15/2019,20,0,0,0,8,9,8,,,0,,,8,8,2,1,,,1,,,8,95,995,,,,,,,,,,,,,,,,,,,,,,,,,,,,,,0,0,0,0,0,0,0,0,0,0,0,0,0,0,0,0,0,1,0,0,0,0,0,1,1,0,0,0,0,1,0,1,0,0,0,,0,0,0,0,0,0,0,0,0,0,0,0,0,0,0,0,,,,,,21-25,16-25,City street,U,Thursday,Unknown,PV,Not Fatal,0,0,0,0,City Street,Municipal/City Police,Tacoma Police Department,0,0,0,1,0,,,,,,0,0,0,,,,,,,,,,,98,98,98,0,,,,,20,,,,,,,,,1,0,,,,,,
2021,491,EB93812,2,11/25/2021,15:52,25,11,,61,Snohomish,0,2,,1,2,2,1,0,8,5,,,,12,0,1,7.6,1,0,1,4,1,1,3,0,0,0,0,SR-532,,-122.2942583,48.23639167,0,1,24,51,3,55,4,0,0,1,2,12,1,1,3,1,1,1,1,53,0,30,40,2017,0,,12,,,,,,1,1,48,2,0,,1,0,3,0,11,0,,,,,0,0,0,2,1,0,,,,96,,,,,,98,,,,,,98012,53,65,150,1,1,0,2,2,0,,0,,,,,,4,11/15/2019,02/15/2019,8,0,0,0,8,9,2,,,0,,,1,8,0,0,,,0,,,0,0,996,,,,,,,,,,,,,,,,,,,,,,,,,,,,,,0,0,0,0,0,0,0,0,0,0,0,0,1,1,0,0,0,0,0,0,0,0,0,0,0,0,0,0,0,1,0,0,0,0,0,,0,0,0,0,0,0,0,0,0,1,0,1,0,0,0,0,,,,,,46-50,46-55,State route,R,Thursday,Belt Used,PV,Not Fatal,0,0,0,0,State Route,State Patrol,Washington State Patrol,0,1,0,0,0,,,,,,0,0,1,,,,,,,,,,,98,98,98,0,,,,,20,,,,,,,,,1,0,,,,,,
2021,491,EB93812,2,11/25/2021,15:52,25,11,,61,Snohomish,0,2,,1,2,2,1,0,8,5,,,,12,0,1,7.6,1,0,1,4,1,1,3,0,0,0,0,SR-532,,-122.2942583,48.23639167,0,2,25,53,3,55,14,0,0,1,2,12,1,1,3,1,1,2,2,53,0,12,402,2011,0,,12,68,12,12,,,1,1,28,1,0,,3,0,3,0,11,0,,,,,0,0,0,2,1,0,,,,96,,,,,,9,,,,,,98037,53,72,175,3,1,1,1,2,2,,0,,,,,,0,08/15/2019,01/15/2021,8,0,0,0,8,9,8,,,0,,,1,8,8,95,,,96,,,2,1,997,,,,,,,,,,,,,,,,,,,,,,,,,,,,,,0,0,0,0,0,0,0,0,0,0,0,0,1,1,0,0,0,0,0,0,0,0,0,0,0,0,0,0,0,1,0,0,0,0,0,,0,0,0,0,0,0,0,0,0,0,0,1,0,0,0,0,,,,,,26-30,26-35,State route,R,Thursday,Belt Used,PV,Not Fatal,0,0,0,0,State Route,State Patrol,Washington State Patrol,0,1,0,0,0,,,,,,0,1,2,,,,,,,,,,,98,98,98,0,,,,,20,,,,,,,,,1,0,,,,,,
2021,491,EB93812,2,11/25/2021,15:52,25,11,,61,Snohomish,0,2,,1,2,2,1,0,8,5,,,,12,0,1,7.6,1,0,1,4,1,1,3,0,0,0,0,SR-532,,-122.2942583,48.23639167,0,5,98,62,4,55,14,0,0,1,5,12,1,1,3,1,1,3,1,53,0,49,401,2001,0,,12,,,,,,1,1,31,1,0,,0,0,3,0,11,0,,,,,0,0,0,0,1,0,,,,96,,,,,,0,,,,,,98282,53,64,130,0,0,0,0,1,2,,0,,,,,,0,09/15/2019,01/15/2021,20,0,0,0,8,9,8,,,0,,,8,8,8,95,,,96,,,0,0,996,,,,,,,,,,,,,,,,,,,,,,,,,,,,,,0,0,0,0,0,0,0,0,0,0,0,0,1,1,0,0,0,0,0,0,0,0,0,0,0,0,0,0,0,1,0,0,0,0,0,,0,0,0,0,0,0,0,0,0,0,0,1,0,0,0,0,,,,,,31-35,26-35,State route,R,Thursday,Belt Used,PV,Not Fatal,0,0,0,0,State Route,State Patrol,Washington State Patrol,0,1,0,0,0,,,,,,0,0,0,,,,,,,,,,,98,98,98,0,,,,,20,,,,,,,,,1,0,,,,,,
2021,491,EB93812,2,11/25/2021,15:52,25,11,,61,Snohomish,0,2,,1,2,2,1,0,8,5,,,,12,0,1,7.6,1,0,1,4,1,1,3,0,0,0,0,SR-532,,-122.2942583,48.23639167,0,3,98,62,4,55,4,0,0,1,2,12,1,1,3,1,1,1,1,53,0,49,43,2005,0,,12,12,,,,,1,1,46,1,0,,3,0,3,0,11,0,,,,,0,0,0,3,1,0,,,,96,,,,,,0,,,,,,98292,53,69,200,6,1,0,0,1,0,,0,,,,,,0,08/15/2017,08/15/2017,8,0,0,0,8,9,8,,,0,,,8,8,8,95,,,96,,,0,0,996,,,,,,,,,,,,,,,,,,,,,,,,,,,,,,0,0,0,0,0,0,0,0,0,0,0,0,1,1,0,0,0,0,0,0,0,0,0,0,0,0,0,0,0,1,0,0,0,0,0,,0,0,0,0,0,0,0,0,0,0,0,0,0,0,0,0,,,,,,46-50,46-55,State route,R,Thursday,Belt Used,PV,Not Fatal,0,0,0,0,State Route,State Patrol,Washington State Patrol,0,1,0,0,0,,,,,,0,0,0,,,,,,,,,,,98,98,98,0,,,,,20,,,,,,,,,1,0,,,,,,
2021,491,EB93812,2,11/25/2021,15:52,25,11,,61,Snohomish,0,2,,1,2,2,1,0,8,5,,,,12,0,1,7.6,1,0,1,4,1,1,3,0,0,0,0,SR-532,,-122.2942583,48.23639167,0,4,98,52,3,55,3,0,0,1,2,12,1,1,3,1,1,1,2,53,0,37,31,1991,0,,12,,,,,,1,1,39,1,0,,0,0,3,0,11,0,,,,,0,0,0,2,1,0,,,,96,,,,,,0,,,,,,98802,53,70,190,1,1,0,0,0,0,,0,,,,,,0,,,20,0,0,0,8,9,8,,,0,,,8,8,8,95,,,96,,,0,0,996,,,,,,,,,,,,,,,,,,,,,,,,,,,,,,0,0,0,0,0,0,0,0,0,0,0,0,1,1,0,0,0,0,0,0,0,0,0,0,0,0,0,0,0,1,0,0,0,0,0,,0,0,0,0,0,0,0,0,0,0,0,1,0,0,0,0,,,,,,36-40,36-45,State route,R,Thursday,Belt Used,PV,Not Fatal,0,0,0,0,State Route,State Patrol,Washington State Patrol,0,1,0,0,0,,,,,,0,0,0,,,,,,,,,,,0,0,0,0,,,,,20,,,,,,,,,1,0,,,,,,
2021,500,EB93943,250,11/25/2021,0:18,25,11,,5,Benton,1850,1,,3,1,2,1,0,3,2,,,,12,0,6,0,2,0,2,5,2,4,6,0,0,3,3,WILLIAMS BLVD,Stevens Dr,-119.2849667,46.28576389,0,1,98,98,7,30,80,0,0,1,2,12,1,1,4,1,1,1,1,53,0,37,706,2000,0,,12,,,,,,1,1,27,1,7,,4,0,20,7,11,5,11/25/2021,1:32,1.85E+11,61041,0,0,1,3,1,0,,,,96,,,,,,98,,,,,,99352,53,69,150,6,1,0,0,0,1,,0,,,,,,3,05/15/2018,05/15/2018,20,8,0,0,0,9,8,,,0,,,8,8,2,1,,,1,,,2,1,0.11,,,,,,,,,,,,,,,,,,,,,,,,,,,,,,0,0,0,1,1,1,0,1,0,0,0,0,1,0,0,0,1,0,0,0,0,0,0,0,0,0,0,0,1,1,0,0,0,0,1,0,0,0,0,0,0,1,0,1,0,1,0,0,0,1,0,1,,,,,,26-30,26-35,City street,U,Thursday,,MC,White,1,0,0,0,City Street,Municipal/City Police,Richland Police Department,0,0,0,1,0,,,,,,0,0,0,,,,,,,,,,,0,0,0,1,,,,,5,,,,,,,,,1,0,,,,,,
2021,500,EB93943,250,11/25/2021,0:18,25,11,,5,Benton,1850,1,,3,1,2,1,0,3,2,,,,12,0,6,0,2,0,2,5,2,4,6,0,0,3,3,WILLIAMS BLVD,Stevens Dr,-119.2849667,46.28576389,0,2,98,21,2,30,15,0,0,1,2,12,1,1,4,2,12,2,1,53,0,63,421,2009,0,,12,,,,,,1,1,26,2,0,,0,0,3,0,11,0,,,,,0,0,0,3,1,60,,,,92,,,,,,98,,,,,,99352,53,61,140,6,1,0,0,1,5,,0,,,,,,0,11/15/2019,04/15/2021,20,0,0,0,8,9,8,,,0,,,8,8,0,0,,,0,,,0,0,996,,,,,,,,,,,,,,,,,,,,,,,,,,,,,,0,0,0,1,1,1,0,1,0,0,0,0,1,0,0,0,1,0,0,0,0,0,0,0,0,0,0,0,1,1,0,0,0,0,0,,0,0,0,0,0,0,0,0,1,0,0,0,0,0,0,0,,,,,,26-30,26-35,City street,U,Thursday,Belt Used,PV,Not Fatal,1,0,0,0,City Street,Municipal/City Police,Richland Police Department,0,0,0,1,0,,,,,,0,0,0,,,,,,,,,,,98,98,98,0,,,,,20,,,,,,,,,1,0,,,,,,
2021,501,EB94286,7,11/19/2021,16:32,19,11,,33,King,109,10,,3,1,2,1,1,2,1,,,,8,1,0,9.3,19,1,1,1,2,1,1,0,0,0,0,I-405,,-122.1894056,47.55831944,0,1,98,98,7,60,4,0,0,1,5,8,1,1,3,3,1,2,2,53,0,59,35,2016,0,,63,8,,,,,1,1,19,1,0,,0,0,3,0,11,0,,,,,0,0,0,3,1,6,,,,96,,,,,,98,,,,,,98003,53,75,185,6,1,0,1,0,2,,97,,,,,,0,05/15/2020,09/15/2021,20,0,0,0,8,9,8,,,0,,,8,8,0,0,,,0,,,0,0,996,,,,,,,,,,,,,,,,,,,,,,,,,,,,,,0,0,0,0,0,0,0,0,0,0,0,0,0,0,0,0,0,0,0,0,0,1,1,0,1,0,0,0,0,1,0,1,0,0,0,,0,0,0,0,0,0,0,0,0,0,0,0,0,0,0,0,,,,,,18-20,16-25,Interstate,U,Friday,Belt Used,PV,Not Fatal,0,0,0,0,State Route,State Patrol,Washington State Patrol,0,1,0,0,0,,,,,,0,0,0,,,,,,,,,,,98,98,98,0,,,,,20,,,,,,,,,1,0,,,,,,
2021,502,EB94640,122,11/26/2021,15:55,26,11,,61,Snohomish,690,10,,5,1,2,2,0,3,2,,,,12,0,6,0,1,0,1,3,2,4,6,0,0,0,0,W MUKILTEO BLVD,,-122.2302556,47.95667778,0,1,68,15,2,35,4,0,0,1,2,12,3,2,2,1,11,2,1,53,0,37,31,2005,0,,68,12,,,,,1,1,85,1,7,,4,7,3,0,11,0,11/26/2021,15:55,69053061254,61254,0,0,3,3,1,28,,,,92,,,,,,98,,,,,,98201,53,66,180,6,1,0,0,1,0,,0,,,,,,0,08/15/2018,08/15/2018,20,0,0,0,0,9,8,,,0,,,8,8,2,996,996,,1,1,,2,1,0,,,,,,,,,,,,,,,,,,,,,,,,,,,,,,0,0,0,0,0,0,1,1,0,0,0,0,0,0,0,0,1,0,0,0,0,0,0,0,0,1,1,1,0,1,0,0,0,0,0,,1,0,0,0,0,0,1,1,1,0,0,0,0,0,1,0,,,,,,81+,76+,City street,U,Friday,Belt Used,PV,White,0,0,0,0,City Street,Municipal/City Police,Everett Police Department,0,0,0,1,0,,,,,,0,0,0,,,,,,,,,,,98,98,98,1,,,,,20,,,,,,,,,1,0,,,,,,
2021,502,EB94640,122,11/26/2021,15:55,26,11,,61,Snohomish,690,10,,5,1,2,2,0,3,2,,,,12,0,6,0,1,0,1,3,2,4,6,0,0,0,0,W MUKILTEO BLVD,,-122.2302556,47.95667778,0,2,69,62,4,35,15,0,0,1,2,12,2,2,2,1,14,1,1,53,0,20,421,2004,0,,12,,,,,,1,1,58,2,0,,3,0,3,0,11,0,,,,,0,0,3,3,1,0,,,,96,,,,,,0,,,,,,98201,53,68,340,6,1,0,0,0,0,,0,,,,,,0,,,1,0,0,0,8,9,8,,,0,,,8,8,8,95,,,96,,,8,95,995,,,,,,,,,,,,,,,,,,,,,,,,,,,,,,0,0,0,0,0,0,1,1,0,0,0,0,0,0,0,0,1,0,0,0,0,0,0,0,0,1,1,1,0,1,0,0,0,0,0,,0,0,0,0,0,0,0,0,0,0,0,0,0,0,0,0,,,,,,56-60,56-65,City street,U,Friday,Belt Used,PV,Not Fatal,0,0,0,0,City Street,Municipal/City Police,Everett Police Department,0,0,0,1,0,,,,,,0,0,0,,,,,,,,,,,98,98,98,0,,,,,20,,,,,,,,,1,0,,,,,,
2021,503,EB94672,290,11/28/2021,5:45,28,11,,53,Pierce,2230,10,,3,1,2,1,1,1,1,,,,8,1,0,,1,0,1,3,2,4,6,0,3,0,0,E PORTLAND AVE,,-122.4076722,47.21663056,0,1,13,80,5,35,34,0,0,1,5,8,1,2,5,5,1,99,1,53,0,12,481,2017,0,,8,,,,,,1,1,32,1,0,,9,0,99,7,11,0,,,,,0,0,3,2,1,0,,,,96,,,,,,9,,,,,,98445,53,71,200,1,1,0,1,0,0,,97,,,,,,0,04/15/2017,04/15/2017,99,9,0,0,8,9,8,,,0,,,8,1,2,1,,,1,,,2,1,0.18,,,,,,,,,,,,,,,,,,,,,,,,,,,,,,0,0,0,0,1,1,0,1,0,0,0,0,0,1,0,0,0,0,0,0,0,0,0,0,0,0,0,0,0,1,0,1,0,0,0,,0,0,0,0,0,1,0,1,0,0,0,1,0,1,0,1,,,,,,31-35,26-35,City street,U,Sunday,Unknown,PV,Not Fatal,0,0,0,0,City Street,Municipal/City Police,Tacoma Police Department,0,0,0,1,0,,,,,,0,0,0,,,,,,,,,,,98,98,98,0,,,,,20,,,,,,,,,1,0,,,,,,
2021,504,EB94814,122,11/18/2021,18:51,18,11,,61,Snohomish,690,2,,3,2,2,1,1,2,2,,,,8,0,0,,1,0,1,3,2,4,6,0,0,0,0,EVERGREEN WAY,,-122.2398,47.90936944,0,1,13,80,5,35,4,0,0,1,5,8,1,1,7,5,15,1,2,53,0,37,31,2003,0,,8,,,,,,1,1,50,1,0,,0,0,3,0,11,0,,,,,0,0,3,3,1,0,,,,96,,,,,,0,,,,,,98203,53,69,240,6,1,0,0,0,0,,0,,,,,,0,,,20,0,0,0,8,9,8,,,0,,,8,8,0,0,,,0,,,0,0,996,,,,,,,,,,,,,,,,,,,,,,,,,,,,,,0,0,0,0,0,0,0,0,0,1,0,1,0,0,0,0,0,0,0,0,0,0,0,0,0,0,0,0,0,1,0,1,0,0,0,,0,0,0,0,0,0,0,0,0,0,0,0,0,0,0,0,,,,,,46-50,46-55,City street,U,Thursday,Belt Used,PV,Not Fatal,0,0,0,0,City Street,Municipal/City Police,Everett Police Department,0,0,0,1,0,,,,,,0,0,0,,,,,,,,,,,98,98,98,0,,,,,20,,,,,,,,,1,0,,,,,,
2021,504,EB94814,122,11/18/2021,18:51,18,11,,61,Snohomish,690,2,,3,2,2,1,1,2,2,,,,8,1,0,,1,0,1,3,2,4,6,0,0,0,0,EVERGREEN WAY,,-122.2398,47.90936944,0,2,98,80,5,35,99,0,0,1,5,8,1,1,7,5,1,99,9,99,0,99,999,9999,0,,8,,,,,,1,1,999,9,0,,0,0,99,7,11,0,,,,,99,9,9,9,1,0,,,,96,,,,,,98,,,,,,99999,99,,999,9,9,99,99,99,99,,0,,,,,,0,,,20,0,0,0,8,9,8,,,0,,,8,8,0,0,,,0,,,0,0,996,,,,,,,,,,,,,,,,,,,,,,,,,,,,,,0,0,0,0,0,0,0,0,0,1,0,1,0,0,0,0,0,0,0,0,0,0,0,0,0,0,0,0,0,1,0,1,0,0,0,,0,0,0,0,0,0,0,0,0,0,0,0,0,0,0,0,,,,,,,,City street,U,Thursday,,NR-U,Not Fatal,0,0,0,0,City Street,Municipal/City Police,Everett Police Department,0,0,0,1,0,,,,,,99,99,99,,,,,,,,,,,98,98,98,0,,,,,20,,,,,,,,,1,0,,,,,,
2021,505,EB95002,40,08/04/2021,18:43,4,8,,63,Spokane,0,1,,1,1,2,1,0,3,1,,,,1,0,0,8.2,1,0,1,5,1,2,4,0,0,0,0,CR-S CHENEY SPOKANE RD,,-117.465875,47.57548056,0,1,7,9,1,45,4,0,0,1,2,1,3,1,2,1,14,3,1,53,0,59,35,2002,0,,68,64,1,35,38,42,1,1,19,1,0,,1,0,3,0,11,5,,,,,0,0,3,3,1,0,,,,96,,,,,,9,,,,,,99207,53,75,140,6,2,0,4,0,1,,0,,,,,,3,03/15/2018,06/15/2021,1,0,0,0,8,9,2,,,0,,,8,1,2,1,,,1,,,2,1,0.1,,,,,,,,,,,,,,,,,,,,,,,,,,,,,,0,0,0,0,1,1,0,1,0,0,0,0,1,0,0,0,0,0,0,0,0,1,1,0,1,0,0,0,0,1,0,0,0,0,0,,0,0,0,0,0,1,0,1,0,1,0,0,0,1,0,1,,,,,,18-20,16-25,County road,R,Wednesday,Belt Used,PV,Not Fatal,0,1,0,0,County Road,County Sheriff,Spokane County Sheriff's Office,1,0,1,0,0,,,,,,0,0,1,,,,,,,,,,,98,98,98,0,,,,,20,,,,,,,,,1,0,,,CHENEY-SPOKANE RD,8.2,NULL,
2021,506,EB95293,269,11/16/2021,18:04,16,11,,33,King,2005,1,,3,2,2,1,0,6,3,,,,12,0,6,,2,0,2,5,2,4,6,0,0,3,3,LINDEN AVE N,N 185th St,-122.348525,47.76321389,0,3,98,98,7,25,14,0,0,1,2,12,1,1,3,5,5,2,2,53,0,49,403,2010,0,,12,,,,,,1,1,51,2,0,,2,0,3,0,11,0,,,,,0,0,3,3,1,0,,,,96,,,,,,0,,,,,,98133,53,64,175,6,1,0,2,0,0,,0,,,,,,0,06/15/2018,07/15/2020,9,0,0,0,8,9,8,,,0,,,8,8,0,0,,,0,,,0,0,996,,,,,,,,,,,,,,,,,,,,,,,,,,,,,,0,0,0,1,0,0,1,1,1,0,0,0,1,0,0,0,0,0,1,0,0,0,0,0,0,0,0,0,0,1,0,0,0,0,0,,0,0,0,0,0,0,0,0,0,0,0,0,0,0,0,0,,,,,,51-55,46-55,City street,U,Tuesday,Belt Used,PV,Not Fatal,1,0,0,0,City Street,Municipal/City Police,Shoreline Police Department,0,0,0,1,0,,,,,,0,0,0,,,,,,,,,,,98,98,98,0,,,,,20,,,,,,,,,1,0,,,,,,
2021,506,EB95293,269,11/16/2021,18:04,16,11,,33,King,2005,1,,3,2,2,1,0,6,3,,,,12,0,6,,2,0,2,5,2,4,6,0,0,3,3,LINDEN AVE N,N 185th St,-122.348525,47.76321389,0,2,89,66,4,30,5,0,0,1,2,12,1,1,5,5,1,3,1,53,0,20,39,2004,0,,12,12,,,,,1,1,45,2,7,,4,7,3,0,11,0,11/16/2021,18:04,2.01E+11,58940,0,0,0,3,1,0,,,,96,,,,,,0,,,,,,98177,53,63,150,6,1,0,0,0,0,,0,,,,,,0,,,1,0,0,0,0,9,8,,,0,,,8,8,2,1,,,1,,,2,1,0,,,,,,,,,,,,,,,,,,,,,,,,,,,,,,0,0,0,1,0,0,1,1,1,0,0,0,1,0,0,0,0,0,1,0,0,0,0,0,0,0,0,0,0,1,0,0,0,0,0,,1,0,0,0,0,0,0,0,0,0,0,0,0,0,0,0,,,,,,41-45,36-45,City street,U,Tuesday,Belt Used,PV,White,1,0,0,0,City Street,Municipal/City Police,Shoreline Police Department,0,0,0,1,0,,,,,,0,0,0,,,,,,,,,,,98,98,98,1,,,,,20,,,,,,,,,1,0,,,,,,
2021,506,EB95293,269,11/16/2021,18:04,16,11,,33,King,2005,1,,3,2,2,1,0,6,3,,,,12,1,6,,2,0,2,5,2,4,6,0,0,3,3,LINDEN AVE N,N 185th St,-122.348525,47.76321389,0,1,88,17,2,25,14,0,0,1,2,12,1,1,3,5,1,1,2,53,0,55,404,2018,0,,12,,,,,,1,1,27,1,0,,0,0,99,7,11,0,,,,,0,0,0,3,1,38,,,,96,,,,,,9,,,,,,98203,53,68,135,6,1,0,1,1,0,,97,,,,,,3,10/15/2021,10/15/2021,8,0,0,0,8,9,2,,,0,,,1,8,2,401,151,417,1,1,1,2,1,0,,,,,,,,,,,,,,,,,,,,,,,,,,,,,,0,0,0,1,0,0,1,1,1,0,0,0,1,0,0,0,0,0,1,0,0,0,0,0,0,0,0,0,0,1,0,0,0,0,0,,0,0,0,0,0,0,1,1,0,1,1,0,0,0,1,0,,,,,,26-30,26-35,City street,U,Tuesday,Unknown,PV,Not Fatal,1,0,0,0,City Street,Municipal/City Police,Shoreline Police Department,0,0,0,1,0,,,carboxy-thc,12,,0,0,0,1,1,,,,996,695,,,,98,98,98,0,,,,,20,,,,,,,,,1,0,,,,,,
2021,567,EB95367,6,11/07/2021,11:20,7,11,,25,Grant,680,1,,1,1,2,1,1,1,1,,,,8,0,0,0,1,0,1,5,2,4,6,0,0,0,0,D ST NE,,-119.5442361,47.322975,0,1,13,11,2,25,14,0,0,1,5,8,1,1,2,2,1,1,1,53,0,20,404,2011,0,,63,8,,,,,1,1,84,2,0,,0,0,3,0,11,0,,,,,0,0,0,3,1,0,,,,96,,,,,,98,,,,,,98823,53,65,145,6,1,0,0,0,0,,0,,,,,,0,,,20,0,0,0,8,9,8,,,0,,,8,8,8,95,,,96,,,8,95,995,,,,,,,,,,,,,,,,,,,,,,,,,,,,,,0,0,0,0,0,0,0,0,0,0,0,0,0,0,0,0,0,0,0,0,0,0,0,0,0,1,1,1,0,1,0,1,0,0,0,,0,0,0,0,0,0,0,0,0,0,0,0,0,0,0,0,,,,,,81+,76+,City street,U,Sunday,Belt Used,PV,Not Fatal,0,0,0,0,City Street,State Patrol,Washington State Patrol,0,0,0,1,0,,,,,,0,0,0,,,,,,,,,,,98,98,98,0,,,,,20,,,,,,,,,1,0,,,,,,