year,case,par,repjur,crash_dt,crash_tm,accday,accmon,holiday,county,co_char,city,weather,weather2,lightcond,surfcond,surftype,numfatal,nmforms,pforms,vforms,not_tm,arr_tm,hosp_tm,fhevent,hitrun,manncol,milepnt,reljunc,reljuncinter,intersectiontype,funcsystem,landuse,ownership,route,schlbus,spejur,contdev,devfunc,trafid1,trafid2,x,y,wk_zone,vnumber,crashtype,criticalevent,criticaleventcat,spdlim,body,trailer,emerg,hazcargo,leave,mhevent,roadalgn,roadprof,traflane,trafflow,vehmanvr,numoccs,regowner,regstate,spuse,make,model,modelyr,vrf1,vrf2,seqevent1,seqevent2,seqevent3,seqevent4,seqevent5,seqevent6,pnumber,ptype,age,sex,hispanic,race,injury,diedscene,restraint,restraintmisuse,seatpos,takehosp,death_dt,death_tm,cert,cernum_wa,commlic,licendor,licrestrict,liccomp,drivpres,drf1,drf2,drf3,drf4,distract1,distract2,distract3,distract4,distract5,distract6,dricond1,dricond2,dricond3,dricond4,dricond5,dricond6,dzip,licstate,drhgt_in,weight,noncdl,noncdltype,prevdwi,prevoth,prevacc,prevspd,prevsus,driviol1,driviol2,driviol3,driviol4,driviol5,driviol6,spdrel,first_dt,last_dt,airbag,ejection,ejectpath,extricat,injurwrk,methalc,methdrug,nmlocat,strikveh,prf1,prf2,prf3,druginv,alcinvol,drugsts,drugres1,drugres2,drugres3,drugtst1,drugtst2,drugtst3,alcsts,alctst,alcres,nmact1,nmact2,nmact3,nmact4,nmact5,nmact6,nmprior1,nmprior2,nmprior3,nmprior4,nmprior5,nmprior6,nmcond1,nmcond2,nmcond3,nmcond4,nmcond5,nmcond6,nmsafe_helmet,nmsafe_pads,nmsafe_oth,nmprev_ref,nmprev_lgt,nmprev_oth,crashlocation,nmcrashtype,crosswalk,schoolzone,sidewalk,train_inv,wildlife_inv,rotr_fars,intersect_fars,dd_inv,aid_inv,dpd_inv,id_inv,mj_inv,impnm_inv,ainm_inv,dpnm_inv,speed_inv,unlic_inv,unendmc_inv,drowsy_inv,drdist_inv,nmdist_inv,fty_inv,unrestfat_inv,dr1617_inv,dr1820_inv,dr1620_inv,dr2125_inv,dr1625_inv,dr65_inv,dr70_inv,dr75_inv,mc_inv,pv_inv,ht_inv,ped_inv,bike_inv,unrest_fat,mc_fat,unhelmet_mc,pv_fat,ht_fat,ped_fat,bike_fat,dr_alc7,dr_alc8,dr_drug,dr_imp,dr_dist,dr_spd,dr_fty,dr_unlic,dr_alc7only,dr_alc8only,dr_drugonly,dr_drink,nm_imp,nm_alc7,nm_alc8,nm_drug,nm_dist,agegrp1,agegrp2,roadclass,urbrur,dayweek,restuse,vehtype,race_me,intersect,lanedep,oppdir,wrongway,rep_typ,investag,repag_long,rotr,st_rd,cty_rd,city_rd,oth_rd,drug_thc,thc_res,drug_cthc,cthc_res,drug_cann,prevpersemin,prevperse,prevsusoth,drugtst4,drugtst5,drugtst6,drugtst7,drugtst8,drugres4,drugres5,drugres6,drugres7,drugres8,adspresent,adsengaged,adslevel,race1,race2,race3,race4,race5,helmet,helmetmisuse,nmdistract1,nmdistract2,nmdistract3,nmdistract4,nmdistract5,nmdistract6,lab,isedtcase,crf1,crf2,crf3,CoRoadName,CoMP,IntCoRoadName,IntCoMP
2021,494,EB96130,5,12/02/2021,6:24,2,12,,15,Cowlitz,2570,10,,3,1,2,1,0,2,2,,,,12,0,7,20.8,1,0,1,1,2,1,1,0,0,0,0,I-5,,-122.7403722,45.90163889,0,2,45,60,4,70,4,0,0,1,2,3,1,1,3,3,1,1,1,53,0,49,32,2006,0,,12,64,38,24,67,35,1,1,44,1,4,,4,0,3,0,11,5,12/02/2021,17:38,2.37E+11,63054,0,0,0,3,1,58,,,,96,,,,,,98,,,,,,98625,53,60,140,6,1,0,0,0,0,,0,,,,,,0,,,1,0,0,0,0,9,8,,,0,,,8,8,2,1,,,1,,,2,1,0,,,,,,,,,,,,,,,,,,,,,,,,,,,,,,0,0,0,0,0,0,0,0,0,0,0,0,0,0,0,0,0,0,0,0,0,0,0,0,0,0,0,0,0,1,0,0,0,0,0,,1,0,0,0,0,0,0,0,0,0,0,0,0,0,0,0,,,,,,41-45,36-45,Interstate,U,Thursday,Belt Used,PV,Hispanic,0,0,0,0,State Route,State Patrol,Washington State Patrol,0,1,0,0,0,,,,,,0,0,0,,,,,,,,,,,98,98,98,298,,,,,20,,,,,,,,,1,0,,,,,,
2021,494,EB96130,5,12/02/2021,6:24,2,12,,15,Cowlitz,2570,10,,3,1,2,1,0,2,2,,,,12,1,7,20.8,1,0,1,1,2,1,1,0,0,0,0,I-5,,-122.7403722,45.90163889,0,1,46,11,2,70,9,0,0,1,5,12,1,1,3,3,15,99,9,99,0,37,31,9999,0,,12,,,,,,1,1,999,8,0,,9,0,99,7,11,0,,,,,99,9,9,9,1,0,,,,96,,,,,,98,,,,,,99999,99,,999,9,9,99,99,99,99,,97,,,,,,0,,,99,0,0,0,8,9,8,,,0,,,8,8,0,0,,,0,,,9,99,999,,,,,,,,,,,,,,,,,,,,,,,,,,,,,,0,0,0,0,0,0,0,0,0,0,0,0,0,0,0,0,0,0,0,0,0,0,0,0,0,0,0,0,0,1,0,0,0,0,0,,0,0,0,0,0,0,0,0,0,0,0,0,0,0,0,0,,,,,,,,Interstate,U,Thursday,Unknown,PV,Not Fatal,0,0,0,0,State Route,State Patrol,Washington State Patrol,0,1,0,0,0,,,,,,99,99,99,,,,,,,,,,,98,98,98,0,,,,,20,,,,,,,,,1,0,,,,,,
2021,507,EB96318,278,11/29/2021,19:33,29,11,,63,Spokane,2110,1,,3,1,2,1,0,2,2,,,,1,0,0,3.7,8,0,1,3,2,1,3,0,0,0,0,SR-290,,-117.3353667,47.67383333,0,1,98,9,1,35,80,0,0,1,2,1,1,1,4,2,1,1,2,53,0,37,705,2003,0,,1,54,,,,,1,1,20,1,7,,4,0,20,7,11,0,11/29/2021,20:13,2.11E+11,62102,0,0,0,0,1,6,,,,96,,,,,,98,,,,,,99212,53,,999,0,0,0,0,0,0,,0,,,,,,4,,,20,8,0,0,0,9,8,,,0,,,8,8,2,996,996,401,1,1,1,2,1,0,,,,,,,,,,,,,,,,,,,,,,,,,,,,,,0,0,0,0,0,0,1,1,0,0,0,0,1,1,1,0,0,0,0,0,0,1,1,0,1,0,0,0,1,1,0,0,0,0,1,0,0,0,0,0,0,0,1,1,0,1,0,1,0,0,1,0,,,,,,18-20,16-25,State route,U,Monday,,MC,White,0,0,0,0,State Route,Municipal/City Police,Spokane Police Department,0,1,0,0,0,,,,,,0,0,0,1,1,1,,,417,151,996,,,0,0,0,1,,,,,5,,,,,,,,,1,14,,,,,,
2021,507,EB96318,278,11/29/2021,19:33,29,11,,63,Spokane,2110,1,,3,1,2,1,0,2,2,,,,1,0,0,3.7,8,0,1,3,2,1,3,0,0,0,0,SR-290,,-117.3353667,47.67383333,0,2,98,98,7,35,4,0,0,1,5,54,1,1,4,1,11,1,1,53,0,29,5,2021,0,,54,,,,,,1,1,35,1,0,,0,0,3,0,11,0,,,,,0,0,0,3,1,0,,,,96,,,,,,0,,,,,,99212,53,71,175,6,1,0,0,0,0,,0,,,,,,0,,,20,0,0,0,8,9,8,,,0,,,8,8,0,0,,,0,,,0,0,996,,,,,,,,,,,,,,,,,,,,,,,,,,,,,,0,0,0,0,0,0,1,1,0,0,0,0,1,1,1,0,0,0,0,0,0,1,1,0,1,0,0,0,1,1,0,0,0,0,0,,0,0,0,0,0,0,0,0,0,0,0,0,0,0,0,0,,,,,,31-35,26-35,State route,U,Monday,Belt Used,PV,Not Fatal,0,0,0,0,State Route,Municipal/City Police,Spokane Police Department,0,1,0,0,0,,,,,,0,0,0,,,,,,,,,,,98,98,98,0,,,,,20,,,,,,,,,1,14,,,,,,
2021,508,EB96488,13,11/23/2021,17:03,23,11,,9,Clallam,0,10,,2,2,7,1,1,2,1,,,,8,0,0,,1,0,1,7,1,2,4,0,0,0,0,CR-E SEQUIM BAY RD,,-123.0028,48.07137222,0,1,13,80,5,35,34,0,0,1,5,8,1,2,2,1,1,2,1,53,0,12,471,1996,0,,8,,,,,,1,1,74,1,0,,0,0,3,0,11,0,,,,,0,0,0,3,1,0,,,,96,,,,,,0,,,,,,98382,53,68,170,6,1,0,0,0,0,,0,,,,,,0,,,20,0,0,0,8,9,2,,,0,,,8,8,0,0,,,0,,,0,0,996,,,,,,,,,,,,,,,,,,,,,,,,,,,,,,0,0,0,0,0,0,0,0,0,0,0,0,0,0,0,0,0,0,0,0,0,0,0,0,0,1,1,0,0,1,0,1,0,0,0,,0,0,0,0,0,0,0,0,0,0,0,0,0,0,0,0,,,,,,71-75,66-75,County road,R,Tuesday,Belt Used,PV,Not Fatal,0,0,0,0,County Road,County Sheriff,Clallam County Sheriff's Office,0,0,1,0,0,,,,,,0,0,0,,,,,,,,,,,0,0,0,0,,,,,20,,,,,,,,,1,0,,,EAST SEQUIM BAY RD.,3.15,NULL,
2021,509,EB96787,3,11/25/2021,2:15,25,11,,53,Pierce,2230,2,,3,2,2,1,0,4,2,,,,12,1,1,134.8,1,0,1,1,2,1,1,0,0,0,0,I-5,,-122.4131083,47.23894167,1,1,24,51,3,50,14,0,0,1,2,12,1,2,3,3,1,99,2,53,0,2,403,2019,0,,12,,,,,,1,1,25,2,0,,0,0,3,0,11,0,,,,,0,0,0,3,1,6,,,,96,,,,,,9,,,,,,98092,53,65,157,6,1,0,2,1,1,,1,3,,,,,0,09/15/2017,05/15/2018,1,0,0,0,8,9,8,,,0,,,8,1,8,95,,,96,,,0,0,996,,,,,,,,,,,,,,,,,,,,,,,,,,,,,,0,0,0,0,1,0,0,0,0,0,0,0,0,0,0,0,0,0,0,0,0,0,0,1,1,1,0,0,0,1,0,0,0,0,0,,0,0,0,0,0,0,0,0,0,0,0,0,0,0,0,1,,,,,,21-25,16-25,Interstate,U,Thursday,Belt Used,PV,Not Fatal,0,0,0,0,State Route,State Patrol,Washington State Patrol,0,1,0,0,0,,,,,,0,0,0,,,,,,,,,,,98,98,98,0,,,,,20,,,,,,,,,1,0,,,,,,
2021,509,EB96787,3,11/25/2021,2:15,25,11,,53,Pierce,2230,2,,3,2,2,1,0,4,2,,,,12,0,1,134.8,1,0,1,1,2,1,1,0,0,0,0,I-5,,-122.4131083,47.23894167,1,2,25,53,3,50,4,0,0,1,2,12,4,2,3,3,14,3,2,53,0,59,31,2004,0,,12,,,,,,1,1,65,1,0,,2,0,3,0,11,5,,,,,0,0,0,3,1,0,,,,0,,,,,,0,,,,,,98499,53,71,160,6,1,0,0,1,0,,0,,,,,,0,07/15/2019,07/15/2019,20,0,0,0,8,9,8,,,0,,,8,8,8,95,,,96,,,0,0,996,,,,,,,,,,,,,,,,,,,,,,,,,,,,,,0,0,0,0,1,0,0,0,0,0,0,0,0,0,0,0,0,0,0,0,0,0,0,1,1,1,0,0,0,1,0,0,0,0,0,,0,0,0,0,0,0,0,0,0,0,0,0,0,0,0,0,,,,,,61-65,56-65,Interstate,U,Thursday,Belt Used,PV,Not Fatal,0,0,0,0,State Route,State Patrol,Washington State Patrol,0,1,0,0,0,,,,,,0,0,1,,,,,,,,,,,98,98,98,0,,,,,20,,,,,,,,,1,0,,,,,,
2021,510,EB97526,248,12/06/2021,20:50,6,12,,33,King,1830,2,,3,2,2,1,0,2,2,,,,18,0,0,0,1,0,1,4,2,4,6,0,0,0,0,BENSON RD S,,-122.2063056,47.46788056,0,1,98,62,4,35,4,0,0,1,2,12,2,2,2,1,14,1,1,53,0,55,41,2012,0,,12,,,,,,1,1,30,1,0,,3,0,3,0,11,5,,,,,0,0,0,3,1,0,,,,92,,,,,,98,,,,,,98032,53,71,240,6,1,0,1,1,0,,0,,,,,,0,11/15/2018,06/15/2019,8,0,0,1,8,9,2,,,0,,,8,8,0,0,,,0,,,0,0,996,,,,,,,,,,,,,,,,,,,,,,,,,,,,,,0,0,0,0,1,1,1,1,1,0,0,0,0,0,0,0,1,0,0,1,0,0,0,0,0,0,0,0,0,1,0,0,0,0,0,,0,0,0,0,0,0,0,0,1,0,0,0,0,0,0,0,,,,,,26-30,26-35,City street,U,Monday,Belt Used,PV,Not Fatal,0,1,0,0,City Street,Municipal/City Police,Renton Police Department,1,0,0,1,0,,,,,,0,0,0,,,,,,,,,,,98,98,98,0,,,,,20,,,,,,,,,1,0,,,,,,
2021,510,EB97526,248,12/06/2021,20:50,6,12,,33,King,1830,2,,3,2,2,1,0,2,2,,,,18,0,0,0,1,0,1,4,2,4,6,0,0,0,0,BENSON RD S,,-122.2063056,47.46788056,0,2,12,90,6,35,6,0,0,1,2,30,3,2,2,1,14,1,1,53,0,58,44,2015,0,,18,63,30,69,68,12,1,1,50,1,7,,4,7,20,7,11,0,12/06/2021,20:50,1.83E+11,63371,0,0,3,3,1,0,,,,92,,,,,,98,,,,,,98055,53,73,240,6,1,0,0,0,4,,0,,,,,,0,11/15/2021,01/15/2021,8,0,0,0,0,9,8,,,0,,,8,8,2,996,996,695,1,1,1,2,1,0.214,,,,,,,,,,,,,,,,,,,,,,,,,,,,,,0,0,0,0,1,1,1,1,1,0,0,0,0,0,0,0,1,0,0,1,0,0,0,0,0,0,0,0,0,1,0,0,0,1,0,,1,0,0,0,0,1,1,1,1,0,0,0,0,0,0,1,,,,,,46-50,46-55,City street,U,Monday,Not Used,PV,Black,0,1,0,0,City Street,Municipal/City Police,Renton Police Department,1,0,0,1,0,thc,9.8,carboxy-thc,6.8,,0,0,0,1,,,,,605,,,,,98,98,98,2,,,,,20,,,,,,,,nms,1,0,,,,,,
2021,611,EB97658,130,11/28/2021,6:18,28,11,,53,Pierce,750,1,,3,2,2,1,1,2,2,,,,14,0,0,0,1,0,1,5,2,4,6,0,0,0,0,CLAREMONT ST,,-122.5146472,47.22463611,0,1,11,98,7,25,6,0,0,1,2,14,1,1,2,1,1,2,1,53,0,7,21,2007,0,,14,8,,,,,1,1,24,8,0,,3,0,99,7,11,4,,,,,0,0,0,2,1,0,,,,96,,,,,,9,,,,,,98387,53,63,160,1,1,1,2,1,5,,97,,,,,,4,05/15/2018,12/15/2021,1,0,0,0,8,9,8,,,0,,,8,1,2,1,,,1,,,2,1,0.16,,,,,,,,,,,,,,,,,,,,,,,,,,,,,,0,0,0,0,1,1,0,1,0,0,0,0,1,1,0,0,0,0,0,0,0,0,0,1,1,0,0,0,0,1,0,1,0,0,0,,0,0,0,0,0,1,0,1,0,1,0,1,0,1,0,1,,,,,,21-25,16-25,City street,U,Sunday,Unknown,PV,Not Fatal,0,1,0,0,City Street,Municipal/City Police,Fircrest Police Department,1,0,0,1,0,,,,,,0,1,1,,,,,,,,,,,98,98,98,0,,,,,20,,,,,,,,,1,15,,,,,,
2021,602,EB97839,248,12/06/2021,9:22,6,12,,33,King,1830,10,,1,2,2,1,1,1,1,,,,8,0,0,,1,0,1,3,2,4,6,0,0,0,0,S GRADY WAY,,-122.2123028,47.471,0,1,13,80,5,98,61,0,0,1,2,8,8,8,2,1,11,1,3,53,0,12,870,2010,0,,8,,,,,,1,1,59,1,0,,0,0,3,0,11,0,,,,,0,0,3,3,1,0,,,,92,,,,,,98,,,,,,98338,53,75,228,6,1,0,0,0,0,,0,,,,,,0,,,20,0,0,0,8,9,8,,,0,,,8,8,8,95,,,96,,,8,95,995,,,,,,,,,,,,,,,,,,,,,,,,,,,,,,0,0,0,0,0,0,0,0,0,0,0,0,0,0,0,0,1,0,0,0,0,0,0,0,0,0,0,0,0,0,1,1,0,0,0,,0,0,0,0,0,0,0,0,1,0,0,0,0,0,0,0,,,,,,56-60,56-65,City street,U,Monday,,MHTRUCK,Not Fatal,1,0,0,0,City Street,Municipal/City Police,Renton Police Department,0,0,0,1,0,,,,,,0,0,0,,,,,,,,,,,98,98,98,0,,,,,20,,,,,,,,,1,0,,,,,,
2021,511,EB98166,24,11/25/2021,17:47,25,11,,31,Jefferson,0,10,,2,2,2,1,0,1,1,,,,42,0,0,10.4,1,0,1,6,1,2,4,0,0,0,0,CR-OAK BAY RD,,-122.7178944,47.91429444,0,1,1,13,2,45,4,0,0,1,5,42,3,1,2,1,14,1,1,53,0,18,19,2012,0,,63,42,42,,,,1,1,37,1,7,,4,7,3,0,11,0,11/25/2021,18:22,53060564,60564,0,0,3,3,1,0,,,,92,,,,,,98,,,,,,98103,53,69,170,6,1,0,0,0,0,,0,,,,,,0,,,8,0,0,0,0,9,8,,,0,,,8,8,8,95,,,96,,,8,95,995,,,,,,,,,,,,,,,,,,,,,,,,,,,,,,0,0,1,0,0,0,0,0,0,0,0,0,0,0,0,0,1,0,0,0,0,0,0,0,0,0,0,0,0,1,0,0,0,0,0,,1,0,0,0,0,0,0,0,1,0,0,0,0,0,0,0,,,,,,36-40,36-45,County road,R,Thursday,Belt Used,PV,White,0,1,0,0,County Road,County Sheriff,Jefferson County Sheriff's Office,1,0,1,0,0,,,,,,0,0,0,,,,,,,,,,,98,98,98,1,,,,,20,,,,,,,,,1,0,,,OAK BAY RD,10.37,NULL,
2021,513,EB98308,55,12/06/2021,18:59,6,12,,33,King,100,2,,3,2,2,1,0,4,2,,,,12,0,6,0.1,2,0,2,2,2,1,3,0,0,3,3,SR-167 RAMP,15TH ST NW,-122.2438056,47.32235,0,1,69,17,2,35,4,0,0,1,2,12,1,1,2,2,1,3,2,53,0,32,43,2015,0,,12,,,,,,1,1,24,1,0,,3,0,20,7,11,5,,,,,0,0,0,0,1,0,,,,96,,,,,,98,,,,,,95206,6,65,130,0,0,0,0,1,0,,97,,,,,,4,10/15/2019,01/15/2020,8,0,0,0,8,9,8,,,0,,,8,8,0,0,,,0,,,0,0,996,,,,,,,,,,,,,,,,,,,,,,,,,,,,,,0,0,0,1,0,0,0,0,0,0,0,0,1,1,0,0,0,0,0,1,0,0,0,1,1,0,0,0,0,1,1,0,0,0,0,,0,0,0,0,0,0,0,0,0,1,0,1,0,0,0,0,,,,,,21-25,16-25,State route,U,Monday,Not Used,PV,Not Fatal,1,0,0,0,State Route,Municipal/City Police,Auburn Police Department,0,1,0,0,0,,,,,,0,0,2,,,,,,,,,,,98,98,98,0,,,,,20,,,,,,,,,1,0,,,,,,
2021,513,EB98308,55,12/06/2021,18:59,6,12,,33,King,100,2,,3,2,2,1,0,4,2,,,,12,0,6,0.1,2,0,2,2,2,1,3,0,0,3,3,SR-167 RAMP,15TH ST NW,-122.2438056,47.32235,0,2,68,15,2,35,66,1,0,1,2,12,1,1,6,1,11,1,3,18,0,82,881,2020,0,,12,,,,,,1,1,37,1,0,,0,0,3,0,11,0,,,,,6,3,3,3,1,0,,,,96,,,,,,98,,,,,,98031,53,66,175,6,1,0,0,1,0,,0,,,,,,0,07/15/2018,07/15/2018,20,0,0,0,8,9,8,,,0,,,8,8,0,0,,,0,,,0,0,996,,,,,,,,,,,,,,,,,,,,,,,,,,,,,,0,0,0,1,0,0,0,0,0,0,0,0,1,1,0,0,0,0,0,1,0,0,0,1,1,0,0,0,0,1,1,0,0,0,0,,0,0,0,0,0,0,0,0,0,0,0,0,0,0,0,0,,,,,,36-40,36-45,State route,U,Monday,,MHTRUCK,Not Fatal,1,0,0,0,State Route,Municipal/City Police,Auburn Police Department,0,1,0,0,0,,,,,,0,0,0,,,,,,,,,,,98,98,98,0,,,,,20,,,,,,,,,1,0,,,,,,
2021,631,EB98551,1,11/24/2021,6:15,24,11,,77,Yakima,0,1,,3,4,1,1,0,18,10,,,,25,0,0,58.8,5,1,1,1,1,1,1,0,0,0,0,I-82 RAMP,,-120.1734778,46.34274167,0,10,98,5,1,70,34,0,0,1,2,12,3,1,2,3,14,1,1,53,0,23,481,2011,0,,12,,,,,,1,1,32,1,0,,0,0,3,0,11,0,,,,,0,0,0,2,1,0,,,,96,,,,,,98,,,,,,98901,53,68,220,1,1,1,0,0,0,,0,,,,,,0,09/15/2021,09/15/2021,1,0,0,0,8,9,8,,,0,,,0,0,0,0,,,0,,,0,0,996,,,,,,,,,,,,,,,,,,,,,,,,,,,,,,0,0,0,0,0,0,0,0,0,0,0,0,0,1,0,0,0,0,0,0,0,0,0,1,1,1,0,0,0,1,1,0,0,0,0,,0,0,0,0,0,0,0,0,0,0,0,1,0,0,0,0,,,,,,31-35,26-35,Interstate,R,Wednesday,Belt Used,PV,Not Fatal,0,0,0,0,State Route,State Patrol,Washington State Patrol,0,1,0,0,0,,,,,,0,1,0,,,,,,,,,,,98,98,98,0,,,,,20,,,,,,,,,1,19,,,,,,
2021,631,EB98551,1,11/24/2021,6:15,24,11,,77,Yakima,0,1,,3,4,1,1,0,18,10,,,,25,0,0,58.8,5,1,1,1,1,1,1,0,0,0,0,I-82 RAMP,,-120.1734778,46.34274167,0,8,98,5,1,70,61,0,0,1,2,12,3,1,2,3,14,2,3,53,0,20,881,2007,0,,12,,,,,,1,1,65,1,0,,0,0,3,0,11,0,,,,,0,0,3,3,1,0,,,,96,,,,,,98,,,,,,98902,53,71,220,6,1,0,0,0,0,,0,,,,,,0,,,1,0,0,0,8,9,8,,,0,,,0,0,0,0,,,0,,,0,0,996,,,,,,,,,,,,,,,,,,,,,,,,,,,,,,0,0,0,0,0,0,0,0,0,0,0,0,0,1,0,0,0,0,0,0,0,0,0,1,1,1,0,0,0,1,1,0,0,0,0,,0,0,0,0,0,0,0,0,0,0,0,0,0,0,0,0,,,,,,61-65,56-65,Interstate,R,Wednesday,,MHTRUCK,Not Fatal,0,0,0,0,State Route,State Patrol,Washington State Patrol,0,1,0,0,0,,,,,,0,0,0,,,,,,,,,,,98,98,98,0,,,,,20,,,,,,,,,1,19,,,,,,
2021,631,EB98551,1,11/24/2021,6:15,24,11,,77,Yakima,0,1,,3,4,1,1,0,18,10,,,,25,0,0,58.8,5,1,1,1,1,1,1,0,0,0,0,I-82 RAMP,,-120.1734778,46.34274167,0,1,98,5,1,70,34,0,0,1,2,12,3,1,2,3,14,1,2,53,0,35,472,2002,0,,12,,,,,,1,1,41,1,0,,1,0,3,0,11,5,,,,,0,0,0,3,1,87,,,,96,,,,,,98,,,,,,98908,53,73,190,6,1,0,0,0,0,,0,,,,,,0,,,20,0,0,0,8,9,8,,,0,,,0,0,0,0,,,0,,,0,0,996,,,,,,,,,,,,,,,,,,,,,,,,,,,,,,0,0,0,0,0,0,0,0,0,0,0,0,0,1,0,0,0,0,0,0,0,0,0,1,1,1,0,0,0,1,1,0,0,0,0,,0,0,0,0,0,0,0,0,0,0,0,0,0,0,0,0,,,,,,41-45,36-45,Interstate,R,Wednesday,Belt Used,PV,Not Fatal,0,0,0,0,State Route,State Patrol,Washington State Patrol,0,1,0,0,0,,,,,,0,0,0,,,,,,,,,,,98,98,98,0,,,,,20,,,,,,,,,1,19,,,,,,
2021,631,EB98551,1,11/24/2021,6:15,24,11,,77,Yakima,0,1,,3,4,1,1,0,18,10,,,,25,0,0,58.8,5,1,1,1,1,1,1,0,0,0,0,I-82 RAMP,,-120.1734778,46.34274167,0,9,98,5,1,70,4,0,0,1,2,12,3,1,2,3,14,1,1,53,0,30,40,2014,0,,12,12,,,,,1,1,21,1,7,,4,7,99,7,11,0,11/24/2021,6:15,53060569,60569,0,0,3,3,1,0,,,,96,,,,,,98,,,,,,98936,53,69,113,6,1,0,0,0,1,,0,,,,,,0,06/15/2020,06/15/2020,8,0,0,0,0,9,8,,,0,,,9,9,2,1,,,1,,,2,1,0,,,,,,,,,,,,,,,,,,,,,,,,,,,,,,0,0,0,0,0,0,0,0,0,0,0,0,0,1,0,0,0,0,0,0,0,0,0,1,1,1,0,0,0,1,1,0,0,0,0,,1,0,0,0,0,0,0,0,0,0,0,0,0,0,0,0,,,,,,21-25,16-25,Interstate,R,Wednesday,Unknown,PV,White,0,0,0,0,State Route,State Patrol,Washington State Patrol,0,1,0,0,0,,,,,,0,0,0,,,,,,,,,,,98,98,98,1,,,,,20,,,,,,,,,1,19,,,,,,
2021,631,EB98551,1,11/24/2021,6:15,24,11,,77,Yakima,0,1,,3,4,1,1,0,18,10,,,,25,0,0,58.8,5,1,1,1,1,1,1,0,0,0,0,I-82 RAMP,,-120.1734778,46.34274167,0,3,98,5,1,70,20,0,0,1,2,12,3,1,2,3,14,7,1,53,0,37,441,2011,0,,12,,,,,,1,1,44,2,0,,0,0,3,0,11,0,,,,,0,0,0,3,1,87,,,,96,,,,,,98,,,,,,98942,53,67,185,6,1,0,0,1,0,,0,,,,,,0,11/15/2017,11/15/2017,1,0,0,0,8,9,8,,,0,,,0,0,0,0,,,0,,,0,0,996,,,,,,,,,,,,,,,,,,,,,,,,,,,,,,0,0,0,0,0,0,0,0,0,0,0,0,0,1,0,0,0,0,0,0,0,0,0,1,1,1,0,0,0,1,1,0,0,0,0,,0,0,0,0,0,0,0,0,0,0,0,0,0,0,0,0,,,,,,41-45,36-45,Interstate,R,Wednesday,Belt Used,PV,Not Fatal,0,0,0,0,State Route,State Patrol,Washington State Patrol,0,1,0,0,0,,,,,,0,0,0,,,,,,,,,,,98,98,98,0,,,,,20,,,,,,,,,1,19,,,,,,
2021,631,EB98551,1,11/24/2021,6:15,24,11,,77,Yakima,0,1,,3,4,1,1,0,18,10,,,,25,0,0,58.8,5,1,1,1,1,1,1,0,0,0,0,I-82 RAMP,,-120.1734778,46.34274167,0,4,98,5,1,70,14,0,0,1,2,12,3,1,2,3,14,1,1,53,0,37,402,2010,0,,12,12,12,64,25,,1,1,65,1,0,,2,0,3,0,11,5,,,,,0,0,0,3,1,87,,,,96,,,,,,98,,,,,,98948,53,65,205,6,1,0,0,1,2,,0,,,,,,0,07/15/2017,04/15/2018,8,0,0,0,8,9,8,,,0,,,0,0,0,0,,,0,,,0,0,996,,,,,,,,,,,,,,,,,,,,,,,,,,,,,,0,0,0,0,0,0,0,0,0,0,0,0,0,1,0,0,0,0,0,0,0,0,0,1,1,1,0,0,0,1,1,0,0,0,0,,0,0,0,0,0,0,0,0,0,0,0,0,0,0,0,0,,,,,,61-65,56-65,Interstate,R,Wednesday,Belt Used,PV,Not Fatal,0,0,0,0,State Route,State Patrol,Washington State Patrol,0,1,0,0,0,,,,,,0,0,0,,,,,,,,,,,98,98,98,0,,,,,20,,,,,,,,,1,19,,,,,,
2021,631,EB98551,1,11/24/2021,6:15,24,11,,77,Yakima,0,1,,3,4,1,1,0,18,10,,,,25,0,0,58.8,5,1,1,1,1,1,1,0,0,0,0,I-82 RAMP,,-120.1734778,46.34274167,0,7,98,5,1,70,4,0,0,1,2,12,3,1,2,3,14,1,2,53,0,48,34,1999,0,,12,12,,,,,1,1,56,1,0,,2,0,3,0,11,0,,,,,0,0,0,0,1,0,,,,96,,,,,,98,,,,,,98948,53,64,150,0,0,0,3,0,0,,0,,,,,,0,05/15/2019,01/15/2019,20,0,0,0,8,9,8,,,0,,,0,0,0,0,,,0,,,0,0,996,,,,,,,,,,,,,,,,,,,,,,,,,,,,,,0,0,0,0,0,0,0,0,0,0,0,0,0,1,0,0,0,0,0,0,0,0,0,1,1,1,0,0,0,1,1,0,0,0,0,,0,0,0,0,0,0,0,0,0,0,0,1,0,0,0,0,,,,,,56-60,56-65,Interstate,R,Wednesday,Belt Used,PV,Not Fatal,0,0,0,0,State Route,State Patrol,Washington State Patrol,0,1,0,0,0,,,,,,0,0,0,,,,,,,,,,,0,0,0,0,,,,,20,,,,,,,,,1,19,,,,,,