year,case,par,repjur,crash_dt,crash_tm,accday,accmon,holiday,county,co_char,city,weather,weather2,lightcond,surfcond,surftype,numfatal,nmforms,pforms,vforms,not_tm,arr_tm,hosp_tm,fhevent,hitrun,manncol,milepnt,reljunc,reljuncinter,intersectiontype,funcsystem,landuse,ownership,route,schlbus,spejur,contdev,devfunc,trafid1,trafid2,x,y,wk_zone,vnumber,crashtype,criticalevent,criticaleventcat,spdlim,body,trailer,emerg,hazcargo,leave,mhevent,roadalgn,roadprof,traflane,trafflow,vehmanvr,numoccs,regowner,regstate,spuse,make,model,modelyr,vrf1,vrf2,seqevent1,seqevent2,seqevent3,seqevent4,seqevent5,seqevent6,pnumber,ptype,age,sex,hispanic,race,injury,diedscene,restraint,restraintmisuse,seatpos,takehosp,death_dt,death_tm,cert,cernum_wa,commlic,licendor,licrestrict,liccomp,drivpres,drf1,drf2,drf3,drf4,distract1,distract2,distract3,distract4,distract5,distract6,dricond1,dricond2,dricond3,dricond4,dricond5,dricond6,dzip,licstate,drhgt_in,weight,noncdl,noncdltype,prevdwi,prevoth,prevacc,prevspd,prevsus,driviol1,driviol2,driviol3,driviol4,driviol5,driviol6,spdrel,first_dt,last_dt,airbag,ejection,ejectpath,extricat,injurwrk,methalc,methdrug,nmlocat,strikveh,prf1,prf2,prf3,druginv,alcinvol,drugsts,drugres1,drugres2,drugres3,drugtst1,drugtst2,drugtst3,alcsts,alctst,alcres,nmact1,nmact2,nmact3,nmact4,nmact5,nmact6,nmprior1,nmprior2,nmprior3,nmprior4,nmprior5,nmprior6,nmcond1,nmcond2,nmcond3,nmcond4,nmcond5,nmcond6,nmsafe_helmet,nmsafe_pads,nmsafe_oth,nmprev_ref,nmprev_lgt,nmprev_oth,crashlocation,nmcrashtype,crosswalk,schoolzone,sidewalk,train_inv,wildlife_inv,rotr_fars,intersect_fars,dd_inv,aid_inv,dpd_inv,id_inv,mj_inv,impnm_inv,ainm_inv,dpnm_inv,speed_inv,unlic_inv,unendmc_inv,drowsy_inv,drdist_inv,nmdist_inv,fty_inv,unrestfat_inv,dr1617_inv,dr1820_inv,dr1620_inv,dr2125_inv,dr1625_inv,dr65_inv,dr70_inv,dr75_inv,mc_inv,pv_inv,ht_inv,ped_inv,bike_inv,unrest_fat,mc_fat,unhelmet_mc,pv_fat,ht_fat,ped_fat,bike_fat,dr_alc7,dr_alc8,dr_drug,dr_imp,dr_dist,dr_spd,dr_fty,dr_unlic,dr_alc7only,dr_alc8only,dr_drugonly,dr_drink,nm_imp,nm_alc7,nm_alc8,nm_drug,nm_dist,agegrp1,agegrp2,roadclass,urbrur,dayweek,restuse,vehtype,race_me,intersect,lanedep,oppdir,wrongway,rep_typ,investag,repag_long,rotr,st_rd,cty_rd,city_rd,oth_rd,drug_thc,thc_res,drug_cthc,cthc_res,drug_cann,prevpersemin,prevperse,prevsusoth,drugtst4,drugtst5,drugtst6,drugtst7,drugtst8,drugres4,drugres5,drugres6,drugres7,drugres8,adspresent,adsengaged,adslevel,race1,race2,race3,race4,race5,helmet,helmetmisuse,nmdistract1,nmdistract2,nmdistract3,nmdistract4,nmdistract5,nmdistract6,lab,isedtcase,crf1,crf2,crf3,CoRoadName,CoMP,IntCoRoadName,IntCoMP
2021,631,EB98551,1,11/24/2021,6:15,24,11,,77,Yakima,0,1,,3,4,1,1,0,18,10,,,,25,0,0,58.8,5,1,1,1,1,1,1,0,0,0,0,I-82 RAMP,,-120.1734778,46.34274167,0,6,98,5,1,70,4,0,0,1,2,12,3,1,2,3,16,1,1,53,0,37,32,2011,0,,12,12,,,,,1,1,46,2,0,,0,0,3,0,11,0,,,,,0,0,0,3,1,87,,,,96,,,,,,98,,,,,,98951,53,58,130,6,1,0,0,0,1,,0,,,,,,0,09/15/2019,09/15/2019,8,0,0,0,8,9,8,,,0,,,0,0,0,0,,,0,,,0,0,996,,,,,,,,,,,,,,,,,,,,,,,,,,,,,,0,0,0,0,0,0,0,0,0,0,0,0,0,1,0,0,0,0,0,0,0,0,0,1,1,1,0,0,0,1,1,0,0,0,0,,0,0,0,0,0,0,0,0,0,0,0,0,0,0,0,0,,,,,,46-50,46-55,Interstate,R,Wednesday,Belt Used,PV,Not Fatal,0,0,0,0,State Route,State Patrol,Washington State Patrol,0,1,0,0,0,,,,,,0,0,0,,,,,,,,,,,98,98,98,0,,,,,20,,,,,,,,,1,19,,,,,,
2021,631,EB98551,1,11/24/2021,6:15,24,11,,77,Yakima,0,1,,3,4,1,1,0,18,10,,,,25,0,0,58.8,5,1,1,1,1,1,1,0,0,0,0,I-82 RAMP,,-120.1734778,46.34274167,0,2,98,5,1,70,34,0,0,1,2,12,3,1,2,3,14,1,1,53,0,20,481,2015,0,,12,12,,,,,1,1,48,1,0,,0,0,3,0,11,0,,,,,0,0,0,3,1,87,,,,96,,,,,,98,,,,,,98953,53,71,190,6,1,0,0,0,0,,0,,,,,,0,,,8,0,0,0,8,9,8,,,0,,,0,0,0,0,,,0,,,0,0,996,,,,,,,,,,,,,,,,,,,,,,,,,,,,,,0,0,0,0,0,0,0,0,0,0,0,0,0,1,0,0,0,0,0,0,0,0,0,1,1,1,0,0,0,1,1,0,0,0,0,,0,0,0,0,0,0,0,0,0,0,0,0,0,0,0,0,,,,,,46-50,46-55,Interstate,R,Wednesday,Belt Used,PV,Not Fatal,0,0,0,0,State Route,State Patrol,Washington State Patrol,0,1,0,0,0,,,,,,0,0,0,,,,,,,,,,,98,98,98,0,,,,,20,,,,,,,,,1,19,,,,,,
2021,631,EB98551,1,11/24/2021,6:15,24,11,,77,Yakima,0,1,,3,4,1,1,0,18,10,,,,25,0,0,58.8,5,1,1,1,1,1,1,0,0,0,0,I-82 RAMP,,-120.1734778,46.34274167,0,5,7,6,1,70,34,0,0,1,2,12,3,1,1,6,16,2,1,53,0,12,481,2005,0,,64,25,12,12,12,,1,1,43,1,0,,3,0,3,0,11,5,,,,,0,0,0,3,1,87,,,,96,,,,,,98,,,,,,99350,53,66,180,6,1,0,0,0,0,,0,,,,,,0,,,8,0,0,0,8,9,8,,,0,,,0,0,0,0,,,0,,,0,0,996,,,,,,,,,,,,,,,,,,,,,,,,,,,,,,0,0,0,0,0,0,0,0,0,0,0,0,0,1,0,0,0,0,0,0,0,0,0,1,1,1,0,0,0,1,1,0,0,0,0,,0,0,0,0,0,0,0,0,0,0,0,0,0,0,0,0,,,,,,41-45,36-45,Interstate,R,Wednesday,Belt Used,PV,Not Fatal,0,0,0,0,State Route,State Patrol,Washington State Patrol,0,1,0,0,0,,,,,,0,0,0,,,,,,,,,,,98,98,98,0,,,,,20,,,,,,,,,1,19,,,,,,
2021,514,EB98577,1,12/02/2021,5:11,2,12,,77,Yakima,0,1,,2,1,2,1,0,2,2,,,,12,0,6,60.4,2,0,2,3,1,1,3,0,3,20,3,SR-97,LARUE RD,-120.3201833,46.36050278,0,1,86,17,2,35,66,1,0,1,2,12,1,1,2,1,1,1,3,40,0,82,881,2020,0,,12,,,,,,1,1,55,2,7,,4,0,3,0,11,5,12/02/2021,7:24,2.59E+11,62320,6,1,0,3,1,39,,,,96,,,,,,98,,,,,,98593,53,65,195,6,1,0,0,0,0,,0,,,,,,0,,,20,0,0,0,1,9,2,,,0,,,8,8,2,348,996,522,1,1,1,2,1,0,,,,,,,,,,,,,,,,,,,,,,,,,,,,,,0,0,0,1,0,0,1,1,0,0,0,0,0,0,0,0,0,0,0,0,0,0,0,0,0,0,0,0,0,0,1,0,0,0,0,,0,1,0,0,0,0,1,1,0,0,0,0,0,0,1,0,,,,,,51-55,46-55,State route,R,Thursday,,MHTRUCK,White,1,0,0,0,State Route,State Patrol,Washington State Patrol,0,1,0,0,0,,,,,,0,0,0,,,,,,,,,,,98,98,98,1,,,,,20,,,,,,,,,1,0,,,,,,
2021,514,EB98577,1,12/02/2021,5:11,2,12,,77,Yakima,0,1,,2,1,2,1,0,2,2,,,,12,0,6,60.4,2,0,2,3,1,1,3,0,3,0,0,SR-97,LARUE RD,-120.3201833,46.36050278,0,2,87,66,4,55,63,1,0,1,2,12,1,1,2,1,1,1,1,53,0,85,881,2003,0,,12,,,,,,1,1,57,1,0,,1,0,3,0,11,0,,,,,6,1,3,3,1,0,,,,96,,,,,,98,,,,,,98620,53,74,265,6,1,0,0,0,1,,0,,,,,,0,11/15/2019,11/15/2019,20,0,0,0,8,9,2,,,0,,,8,8,0,0,,,0,,,0,0,996,,,,,,,,,,,,,,,,,,,,,,,,,,,,,,0,0,0,1,0,0,1,1,0,0,0,0,0,0,0,0,0,0,0,0,0,0,0,0,0,0,0,0,0,0,1,0,0,0,0,,0,0,0,0,0,0,0,0,0,0,0,0,0,0,0,0,,,,,,56-60,56-65,State route,R,Thursday,,MHTRUCK,Not Fatal,1,0,0,0,State Route,State Patrol,Washington State Patrol,0,1,0,0,0,,,,,,0,0,0,,,,,,,,,,,98,98,98,0,,,,,20,,,,,,,,,1,0,,,,,,
2021,515,EB98843,25,12/06/2021,10:59,6,12,,33,King,0,2,,9,2,1,1,0,1,1,,,,34,0,0,0.5,1,0,1,7,1,2,4,0,0,0,0,CR-415TH WAY SE,,-121.8078694,47.49215833,0,1,92,12,2,98,4,0,0,1,2,2,1,2,2,1,13,1,2,53,0,7,43,2000,0,,68,64,34,41,2,,1,1,22,1,7,,4,0,99,7,11,5,12/06/2021,21:28,1.96E+11,62839,0,0,0,3,1,31,,,,96,,,,,,98,,,,,,98072,53,71,145,6,1,0,0,0,0,,0,,,,,,0,,,99,9,0,0,0,9,8,,,0,,,8,8,2,348,996,522,1,1,1,2,1,0,,,,,,,,,,,,,,,,,,,,,,,,,,,,,,0,0,0,0,0,0,1,1,1,0,0,0,0,0,0,0,0,0,0,0,0,0,0,1,1,0,0,0,0,1,0,0,0,0,0,,1,0,0,0,0,0,1,1,0,0,0,0,0,0,1,0,,,,,,21-25,16-25,County road,R,Monday,Unknown,PV,White,0,1,0,0,County Road,County Sheriff,King County Police,1,0,1,0,0,,,carboxy-thc,8.2,,0,0,0,1,,,,,605,,,,,98,98,98,1,,,,,20,,,,,,,,nms,1,0,,,415 WAY SE,0.534,NULL,
2021,516,EB98844,262,12/04/2021,18:29,4,12,,33,King,1958,2,,3,2,1,2,0,3,2,,,,12,0,2,0,1,0,1,4,2,4,6,0,0,0,0,DES MOINES MEMORIAL DR S,,-122.3146139,47.47854167,0,2,51,62,4,35,4,0,0,1,2,12,1,1,2,1,1,2,1,53,0,55,35,2013,0,,12,,,,,,1,1,20,1,0,,3,0,20,7,11,8,,,,,0,0,0,3,1,0,,,,96,,,,,,98,,,,,,98057,53,73,130,6,1,0,0,0,2,,0,,,,,,0,07/15/2019,07/15/2019,8,0,0,0,8,9,8,,,0,,,8,8,0,0,,,0,,,0,0,996,,,,,,,,,,,,,,,,,,,,,,,,,,,,,,0,0,0,0,1,1,1,1,0,0,0,0,0,1,0,0,0,0,0,1,0,1,1,0,1,1,0,0,0,1,0,0,0,0,0,,0,0,0,0,0,0,0,0,0,0,0,0,0,0,0,0,,,,,,18-20,16-25,City street,U,Saturday,Not Used,PV,Not Fatal,0,1,1,0,City Street,Municipal/City Police,SeaTac Police Department,0,0,0,1,0,,,,,,0,0,1,,,,,,,,,,,98,98,98,0,,,,,20,,,,,,,,,1,0,,,,,,
2021,516,EB98844,262,12/04/2021,18:29,4,12,,33,King,1958,2,,3,2,1,2,0,3,2,,,,12,0,2,0,1,0,1,4,2,4,6,0,0,0,0,DES MOINES MEMORIAL DR S,,-122.3146139,47.47854167,0,1,50,10,2,35,4,0,0,1,2,12,1,1,2,1,1,1,2,53,0,54,36,2006,0,,68,12,,,,,1,1,65,2,7,,4,7,20,7,11,0,12/04/2021,18:29,1.96E+11,62832,0,0,3,2,1,28,,,,96,,,,,,9,,,,,,98338,53,63,125,1,1,2,2,3,0,,0,,,,,,0,11/15/2016,12/15/2021,8,0,0,0,0,9,8,,,0,,,8,1,2,189,188,,1,1,,2,1,0.188,,,,,,,,,,,,,,,,,,,,,,,,,,,,,,0,0,0,0,1,1,1,1,0,0,0,0,0,1,0,0,0,0,0,1,0,1,1,0,1,1,0,0,0,1,0,0,0,1,0,,1,0,0,0,0,1,1,1,0,0,0,1,0,0,0,1,,,,,,61-65,56-65,City street,U,Saturday,Not Used,PV,White,0,1,1,0,City Street,Municipal/City Police,SeaTac Police Department,0,0,0,1,0,,,,,,0,2,0,,,,,,,,,,,98,98,98,1,,,,,20,,,,,,,,,1,0,,,,,,
2021,517,EB98910,146,11/24/2021,9:40,24,11,,77,Yakima,0,1,,1,1,2,1,0,1,1,,,,52,0,0,1.1,1,0,1,6,1,2,4,0,3,0,0,CR-STEPHENSON RD,,-120.6913389,46.43212778,0,1,6,12,2,50,4,0,0,1,2,52,1,4,2,1,1,1,2,53,0,12,37,2009,0,,68,64,52,,,,1,1,28,2,7,,4,7,3,0,11,0,11/24/2021,9:40,53061241,61241,0,0,0,0,1,0,,,,96,,,,,,2,,,,,,98903,53,64,180,0,0,0,0,0,1,,0,,,,,,0,05/15/2019,05/15/2019,20,0,0,0,0,9,8,,,0,,,8,8,2,402,407,996,1,1,1,2,1,0,,,,,,,,,,,,,,,,,,,,,,,,,,,,,,0,0,1,0,0,0,1,1,0,0,0,0,0,1,0,1,0,0,0,0,0,0,0,0,0,0,0,0,0,1,0,0,0,0,0,,1,0,0,0,0,0,1,1,0,0,0,1,0,0,1,0,,,,,,26-30,26-35,County road,R,Wednesday,Belt Used,PV,AIAN,0,1,0,0,County Road,County Sheriff,Yakima County Sheriff's Office,1,0,1,0,0,,,,,,0,0,0,1,1,1,,,151,996,996,,,98,98,98,3,,,,,20,,,,,,,,,1,0,,,STEPHENSON RD.,1.08,NULL,
2021,519,EB99501,297,12/04/2021,13:16,4,12,,33,King,2310,2,,1,2,2,1,0,7,3,,,,12,0,2,0,1,0,1,4,2,4,6,0,0,0,0,S RYAN WAY,,-122.2769556,47.50768333,0,2,51,62,4,35,15,0,0,1,2,12,3,2,4,1,14,5,2,53,0,54,421,2012,0,,12,,,,,,1,1,44,1,0,,1,0,3,0,11,0,,,,,0,0,0,3,1,0,,,,96,,,,,,98,,,,,,98004,53,74,170,6,1,0,0,0,1,,0,,,,,,0,08/15/2018,08/15/2018,8,0,0,0,8,9,8,,,0,,,8,8,8,95,,,96,,,8,95,995,,,,,,,,,,,,,,,,,,,,,,,,,,,,,,0,0,0,0,1,1,1,1,1,0,0,0,1,0,0,0,0,0,0,1,0,0,0,0,0,0,0,0,0,1,0,0,0,0,0,,0,0,0,0,0,0,0,0,0,0,0,0,0,0,0,0,,,,,,41-45,36-45,City street,U,Saturday,Belt Used,PV,Not Fatal,0,1,1,0,City Street,Municipal/City Police,Tukwila Police Department,0,0,0,1,0,,,,,,0,0,0,,,,,,,,,,,98,98,98,0,,,,,20,,,,,,,,,1,0,,,,,,
2021,519,EB99501,297,12/04/2021,13:16,4,12,,33,King,2310,2,,1,2,2,1,0,7,3,,,,12,0,2,0,1,0,1,4,2,4,6,0,0,0,0,S RYAN WAY,,-122.2769556,47.50768333,0,1,50,10,2,35,2,0,0,1,2,12,2,2,4,1,14,1,1,53,0,49,44,1999,0,,68,12,12,,,,1,1,51,1,7,,4,7,20,7,11,0,12/04/2021,13:16,2.31E+11,62969,0,0,3,3,1,28,,,,96,,,,,,98,,,,,,98168,53,69,167,6,1,1,1,0,0,,0,,,,,,4,07/15/2018,05/15/2018,20,1,9,0,0,9,8,,,0,,,8,8,2,695,605,,1,1,,2,1,0.315,,,,,,,,,,,,,,,,,,,,,,,,,,,,,,0,0,0,0,1,1,1,1,1,0,0,0,1,0,0,0,0,0,0,1,0,0,0,0,0,0,0,0,0,1,0,0,0,1,0,,1,0,0,0,0,1,1,1,0,1,0,0,0,0,0,1,,,,,,51-55,46-55,City street,U,Saturday,Not Used,PV,Black,0,1,1,0,City Street,Municipal/City Police,Tukwila Police Department,0,0,0,1,0,thc,3.6,carboxy-thc,9.3,,0,1,0,,,,,,,,,,,0,0,0,2,,,,,20,,,,,,,,nms,1,0,,,,,,
2021,519,EB99501,297,12/04/2021,13:16,4,12,,33,King,2310,2,,1,2,2,1,0,7,3,,,,12,0,2,0,1,0,1,4,2,4,6,0,0,0,0,S RYAN WAY,,-122.2769556,47.50768333,0,3,98,62,4,35,14,0,0,1,2,12,3,2,4,1,14,1,1,53,0,59,403,2012,0,,12,,,,,,1,1,32,2,0,,3,0,3,0,11,5,,,,,0,0,0,3,1,0,,,,96,,,,,,98,,,,,,98178,53,61,115,6,1,0,0,0,0,,0,,,,,,0,,,8,0,0,0,8,9,8,,,0,,,8,8,8,95,,,96,,,8,95,995,,,,,,,,,,,,,,,,,,,,,,,,,,,,,,0,0,0,0,1,1,1,1,1,0,0,0,1,0,0,0,0,0,0,1,0,0,0,0,0,0,0,0,0,1,0,0,0,0,0,,0,0,0,0,0,0,0,0,0,0,0,0,0,0,0,0,,,,,,31-35,26-35,City street,U,Saturday,Belt Used,PV,Not Fatal,0,1,1,0,City Street,Municipal/City Police,Tukwila Police Department,0,0,0,1,0,,,,,,0,0,0,,,,,,,,,,,98,98,98,0,,,,,20,,,,,,,,,1,0,,,,,,
2021,520,EB99821,349,11/09/2021,11:56,9,11,,53,Pierce,0,10,,1,1,2,1,0,3,2,,,,12,0,6,,2,0,2,5,1,2,4,0,0,20,3,CR-RICE CANDLE RD,8TH AVE E,-122.4217222,47.02359722,0,1,87,17,2,35,4,0,0,1,2,12,1,1,2,1,1,2,2,53,0,49,40,1995,0,,12,,,,,,1,1,18,2,0,,2,0,3,0,11,5,,,,,0,0,0,3,1,39,,,,92,,,,,,98,,,,,,98580,53,71,155,6,1,0,0,0,0,,99,,,,,,0,,,8,0,0,0,8,9,8,,,0,,,8,8,2,695,,,1,,,2,1,0,,,,,,,,,,,,,,,,,,,,,,,,,,,,,,0,0,0,1,0,0,1,1,1,0,0,0,0,0,0,0,1,0,0,1,0,1,1,0,1,0,0,0,0,1,0,0,0,0,0,,0,0,0,0,0,0,1,1,1,0,0,0,0,0,1,0,,,,,,18-20,16-25,County road,R,Tuesday,Belt Used,PV,Not Fatal,1,0,0,0,County Road,Municipal/City Police,"Hdqtrs, 1st Military Police Brigade",0,0,1,0,0,,,carboxy-thc,10,,0,0,0,,,,,,,,,,,0,0,0,0,,,,,20,,,,,,,,,1,0,,,008 AVE E (FT LEWIS),6.23,NULL,
2021,520,EB99821,349,11/09/2021,11:56,9,11,,53,Pierce,0,10,,1,1,2,1,0,3,2,,,,12,0,6,,2,0,2,5,1,2,4,0,0,0,0,CR-RICE CANDLE RD,8TH AVE E,-122.4217222,47.02359722,0,2,86,66,4,45,34,0,0,1,2,12,1,1,2,1,1,1,1,53,0,12,471,1995,0,,12,,,,,,1,1,53,1,0,,2,0,3,0,11,0,,,,,0,0,0,3,1,0,,,,96,,,,,,0,,,,,,98580,53,67,170,6,1,0,0,0,1,,0,,,,,,0,06/15/2017,06/15/2017,8,0,0,0,8,9,8,,,0,,,8,8,0,0,,,0,,,0,0,996,,,,,,,,,,,,,,,,,,,,,,,,,,,,,,0,0,0,1,0,0,1,1,1,0,0,0,0,0,0,0,1,0,0,1,0,1,1,0,1,0,0,0,0,1,0,0,0,0,0,,0,0,0,0,0,0,0,0,0,0,0,0,0,0,0,0,,,,,,51-55,46-55,County road,R,Tuesday,Belt Used,PV,Not Fatal,1,0,0,0,County Road,Municipal/City Police,"Hdqtrs, 1st Military Police Brigade",0,0,1,0,0,,,,,,0,0,0,,,,,,,,,,,0,0,0,0,,,,,20,,,,,,,,,1,0,,,008 AVE E (FT LEWIS),6.23,NULL,
2021,521,EC00006,6,12/11/2021,17:01,11,12,,47,Okanogan,0,1,,3,1,2,1,1,2,2,,,,8,0,0,274.7,3,0,2,2,1,1,2,0,3,0,0,US-97,TWELEVE TRIBES RESORT RD,-119.5353389,48.38410278,0,1,13,80,5,60,2,0,0,1,2,8,1,1,4,1,1,1,1,53,0,12,13,1998,0,,8,12,,,,,1,1,32,1,0,,0,0,3,0,11,0,,,,,0,0,0,3,1,0,,,,96,,,,,,98,,,,,,98801,53,66,250,6,1,1,2,1,2,,75,,,,,,0,10/15/2018,03/15/2020,8,0,0,0,8,9,8,,,0,,,8,8,0,0,,,0,,,0,0,996,,,,,,,,,,,,,,,,,,,,,,,,,,,,,,0,0,0,1,0,0,0,0,0,1,0,1,1,1,0,0,0,0,0,0,0,0,0,0,0,0,0,0,0,1,0,1,0,0,0,,0,0,0,0,0,0,0,0,0,0,0,0,0,0,0,0,,,,,,31-35,26-35,US highway,R,Saturday,Belt Used,PV,Not Fatal,1,0,0,0,State Route,State Patrol,Washington State Patrol,0,1,0,0,0,,,,,,0,0,1,,,,,,,,,,,0,0,0,0,,,,,20,,,,,,,,,1,0,,,,,,
2021,521,EC00006,6,12/11/2021,17:01,11,12,,47,Okanogan,0,1,,3,1,2,1,1,2,2,,,,8,0,0,274.7,3,0,2,2,1,1,2,0,3,0,0,US-97,TWELEVE TRIBES RESORT RD,-119.5353389,48.38410278,0,2,98,50,3,60,14,0,0,1,2,12,1,1,4,1,1,1,2,53,0,12,401,1996,0,,12,,,,,,1,1,51,1,0,,2,0,3,0,11,5,,,,,0,0,0,0,1,0,,,,96,,,,,,98,,,,,,98840,53,65,186,0,0,0,0,0,0,,97,,,,,,4,,,8,0,0,0,8,9,8,,,0,,,8,8,0,0,,,0,,,0,0,996,,,,,,,,,,,,,,,,,,,,,,,,,,,,,,0,0,0,1,0,0,0,0,0,1,0,1,1,1,0,0,0,0,0,0,0,0,0,0,0,0,0,0,0,1,0,1,0,0,0,,0,0,0,0,0,0,0,0,0,1,0,1,0,0,0,0,,,,,,51-55,46-55,US highway,R,Saturday,Belt Used,PV,Not Fatal,1,0,0,0,State Route,State Patrol,Washington State Patrol,0,1,0,0,0,,,,,,0,0,0,,,,,,,,,,,0,0,0,0,,,,,20,,,,,,,,,1,0,,,,,,
2021,522,EC00259,7,12/10/2021,6:41,10,12,,33,King,735,10,,2,1,1,1,1,1,1,,,,8,0,0,144.8,1,0,1,1,2,1,1,0,0,0,0,I-5,,-122.2937472,47.32900556,0,1,13,80,5,60,21,0,0,1,5,8,1,1,5,3,1,1,2,53,0,12,462,2018,0,,8,,,,,,1,1,46,1,0,,0,0,3,0,11,0,,,,,0,0,0,3,1,0,,,,96,,,,,,98,,,,,,98499,53,74,295,6,1,0,0,0,0,,0,,,,,,0,,,20,0,0,0,8,9,8,,,0,,,8,8,8,95,,,96,,,8,95,995,,,,,,,,,,,,,,,,,,,,,,,,,,,,,,0,0,0,0,0,0,0,0,0,1,0,1,0,0,0,0,0,0,0,0,0,0,0,0,0,0,0,0,0,1,0,1,0,0,0,,0,0,0,0,0,0,0,0,0,0,0,0,0,0,0,0,,,,,,46-50,46-55,Interstate,U,Friday,Belt Used,PV,Not Fatal,0,0,0,0,State Route,State Patrol,Washington State Patrol,0,1,0,0,0,,,,,,0,0,0,,,,,,,,,,,98,98,98,0,,,,,20,,,,,,,,,1,0,,,,,,
2021,523,EC00427,11,12/11/2021,8:15,11,12,,5,Benton,0,6,,1,1,2,1,0,2,1,,,,42,0,0,,1,0,1,5,2,2,4,0,0,0,0,CR-W OLD INLAND EMPIRE,,-119.7685306,46.22589167,0,1,6,13,2,40,4,0,0,1,5,42,1,1,2,1,1,2,2,53,0,49,32,1996,0,,63,69,68,64,42,,1,1,45,1,6,,4,7,99,7,11,0,12/11/2021,8:17,53064295,64295,0,0,3,2,1,58,,,,96,,,,,,98,,,,,,99350,53,68,185,1,1,1,3,1,0,,0,,,,,,3,12/15/2018,03/15/2018,1,0,0,0,0,9,8,,,0,,,8,8,2,1,,,1,,,2,1,0.278,,,,,,,,,,,,,,,,,,,,,,,,,,,,,,0,0,1,0,1,1,0,1,0,0,0,0,1,1,0,0,0,0,0,0,0,0,0,0,0,0,0,0,0,1,0,0,0,0,0,,1,0,0,0,0,1,0,1,0,1,0,1,0,1,0,1,,,,,,41-45,36-45,County road,U,Saturday,Unknown,PV,Hispanic,0,1,0,0,County Road,County Sheriff,Benton County Sheriff's Office,1,0,1,0,0,,,,,,0,1,4,,,,,,,,,,,0,0,0,98,,,,,20,,,,,,,,,1,0,,,OLD INLAND EMPIRE HWY,5.92,NULL,
2021,524,EC00562,278,12/12/2021,17:04,12,12,,63,Spokane,2110,1,,3,1,2,1,0,9,2,,,,12,0,1,0,3,0,2,3,2,4,6,0,0,0,0,N NEVADA ST,E Providence Ave,-117.3952111,47.69232222,0,1,20,10,2,98,14,0,0,1,5,12,1,1,4,1,15,4,2,53,0,49,401,1997,0,,12,63,38,,,,1,1,19,1,0,,3,0,20,7,11,0,,,,,0,0,3,2,1,0,,,,96,,,,,,9,,,,,,99119,53,71,140,1,1,0,2,1,0,,97,,,,,,0,12/15/2019,04/15/2021,8,0,0,0,8,9,2,,,0,,,1,1,2,695,605,,1,1,,2,1,0.26,,,,,,,,,,,,,,,,,,,,,,,,,,,,,,0,0,0,1,1,1,1,1,1,0,0,0,0,1,0,0,0,0,0,1,0,1,1,1,1,0,0,0,0,1,0,0,0,0,0,,0,0,0,0,0,1,1,1,0,0,0,1,0,0,0,1,,,,,,18-20,16-25,City street,U,Sunday,Not Used,PV,Not Fatal,1,0,0,0,City Street,Municipal/City Police,Spokane Police Department,0,0,0,1,0,thc,30,carboxy-thc,170,,0,0,0,,,,,,,,,,,0,0,0,0,,,,,20,,,,,,,,,1,0,,,,,,
2021,524,EC00562,278,12/12/2021,17:04,12,12,,63,Spokane,2110,1,,3,1,2,1,0,9,2,,,,12,0,1,0,3,0,2,3,2,4,6,0,0,0,0,N NEVADA ST,E Providence Ave,-117.3952111,47.69232222,0,2,21,60,4,98,4,0,0,1,5,12,1,1,4,1,5,5,2,53,0,49,40,2009,0,,12,,,,,,1,1,25,2,0,,0,0,3,0,11,0,,,,,0,0,0,3,1,0,,,,96,,,,,,98,,,,,,99224,53,64,130,6,1,0,0,0,0,,0,,,,,,0,,,20,0,0,0,8,9,8,,,0,,,8,8,0,0,,,0,,,0,0,996,,,,,,,,,,,,,,,,,,,,,,,,,,,,,,0,0,0,1,1,1,1,1,1,0,0,0,0,1,0,0,0,0,0,1,0,1,1,1,1,0,0,0,0,1,0,0,0,0,0,,0,0,0,0,0,0,0,0,0,0,0,0,0,0,0,0,,,,,,21-25,16-25,City street,U,Sunday,Belt Used,PV,Not Fatal,1,0,0,0,City Street,Municipal/City Police,Spokane Police Department,0,0,0,1,0,,,,,,0,0,0,,,,,,,,,,,98,98,98,0,,,,,20,,,,,,,,,1,0,,,,,,
2021,525,EC00695,7,12/04/2021,1:44,4,12,,33,King,1030,10,,6,1,1,1,0,5,3,,,,12,0,1,148.1,1,0,1,1,2,1,1,0,0,0,0,I-5,,-122.2921306,47.37606944,0,3,98,53,3,60,4,0,0,1,2,12,1,2,5,3,5,1,3,53,0,6,51,2012,0,,12,12,,,,,1,1,31,2,0,,0,0,3,0,11,0,,,,,0,0,0,3,1,0,,,,96,,,,,,98,,,,,,98003,53,65,168,6,1,0,0,0,0,,0,,,,,,0,,,20,0,0,0,8,9,8,,,0,,,8,8,8,95,,,96,,,8,95,995,,,,,,,,,,,,,,,,,,,,,,,,,,,,,,0,0,0,0,1,1,0,1,0,0,0,0,1,1,0,0,0,0,0,0,0,0,0,1,1,0,0,0,0,1,0,0,0,0,0,,0,0,0,0,0,0,0,0,0,0,0,0,0,0,0,0,,,,,,31-35,26-35,Interstate,U,Saturday,Belt Used,PV,Not Fatal,0,0,0,0,State Route,State Patrol,Washington State Patrol,0,1,0,0,0,,,,,,0,0,0,,,,,,,,,,,98,98,98,0,,,,,20,,,,,,,,,1,23,,,,,,