year,case,par,repjur,crash_dt,crash_tm,accday,accmon,holiday,county,co_char,city,weather,weather2,lightcond,surfcond,surftype,numfatal,nmforms,pforms,vforms,not_tm,arr_tm,hosp_tm,fhevent,hitrun,manncol,milepnt,reljunc,reljuncinter,intersectiontype,funcsystem,landuse,ownership,route,schlbus,spejur,contdev,devfunc,trafid1,trafid2,x,y,wk_zone,vnumber,crashtype,criticalevent,criticaleventcat,spdlim,body,trailer,emerg,hazcargo,leave,mhevent,roadalgn,roadprof,traflane,trafflow,vehmanvr,numoccs,regowner,regstate,spuse,make,model,modelyr,vrf1,vrf2,seqevent1,seqevent2,seqevent3,seqevent4,seqevent5,seqevent6,pnumber,ptype,age,sex,hispanic,race,injury,diedscene,restraint,restraintmisuse,seatpos,takehosp,death_dt,death_tm,cert,cernum_wa,commlic,licendor,licrestrict,liccomp,drivpres,drf1,drf2,drf3,drf4,distract1,distract2,distract3,distract4,distract5,distract6,dricond1,dricond2,dricond3,dricond4,dricond5,dricond6,dzip,licstate,drhgt_in,weight,noncdl,noncdltype,prevdwi,prevoth,prevacc,prevspd,prevsus,driviol1,driviol2,driviol3,driviol4,driviol5,driviol6,spdrel,first_dt,last_dt,airbag,ejection,ejectpath,extricat,injurwrk,methalc,methdrug,nmlocat,strikveh,prf1,prf2,prf3,druginv,alcinvol,drugsts,drugres1,drugres2,drugres3,drugtst1,drugtst2,drugtst3,alcsts,alctst,alcres,nmact1,nmact2,nmact3,nmact4,nmact5,nmact6,nmprior1,nmprior2,nmprior3,nmprior4,nmprior5,nmprior6,nmcond1,nmcond2,nmcond3,nmcond4,nmcond5,nmcond6,nmsafe_helmet,nmsafe_pads,nmsafe_oth,nmprev_ref,nmprev_lgt,nmprev_oth,crashlocation,nmcrashtype,crosswalk,schoolzone,sidewalk,train_inv,wildlife_inv,rotr_fars,intersect_fars,dd_inv,aid_inv,dpd_inv,id_inv,mj_inv,impnm_inv,ainm_inv,dpnm_inv,speed_inv,unlic_inv,unendmc_inv,drowsy_inv,drdist_inv,nmdist_inv,fty_inv,unrestfat_inv,dr1617_inv,dr1820_inv,dr1620_inv,dr2125_inv,dr1625_inv,dr65_inv,dr70_inv,dr75_inv,mc_inv,pv_inv,ht_inv,ped_inv,bike_inv,unrest_fat,mc_fat,unhelmet_mc,pv_fat,ht_fat,ped_fat,bike_fat,dr_alc7,dr_alc8,dr_drug,dr_imp,dr_dist,dr_spd,dr_fty,dr_unlic,dr_alc7only,dr_alc8only,dr_drugonly,dr_drink,nm_imp,nm_alc7,nm_alc8,nm_drug,nm_dist,agegrp1,agegrp2,roadclass,urbrur,dayweek,restuse,vehtype,race_me,intersect,lanedep,oppdir,wrongway,rep_typ,investag,repag_long,rotr,st_rd,cty_rd,city_rd,oth_rd,drug_thc,thc_res,drug_cthc,cthc_res,drug_cann,prevpersemin,prevperse,prevsusoth,drugtst4,drugtst5,drugtst6,drugtst7,drugtst8,drugres4,drugres5,drugres6,drugres7,drugres8,adspresent,adsengaged,adslevel,race1,race2,race3,race4,race5,helmet,helmetmisuse,nmdistract1,nmdistract2,nmdistract3,nmdistract4,nmdistract5,nmdistract6,lab,isedtcase,crf1,crf2,crf3,CoRoadName,CoMP,IntCoRoadName,IntCoMP
2021,525,EC00695,7,12/04/2021,1:44,4,12,,33,King,1030,10,,6,1,1,1,0,5,3,,,,12,0,1,148.1,1,0,1,1,2,1,1,0,0,0,0,I-5,,-122.2921306,47.37606944,0,1,20,50,3,60,20,0,0,1,2,12,1,2,5,3,1,1,2,53,0,7,442,2012,0,,12,12,,,,,1,1,43,1,0,,0,0,3,0,11,0,,,,,0,0,3,2,1,0,,,,96,,,,,,9,,,,,,98032,53,67,190,1,1,1,0,0,0,,1,12,,,,,4,01/15/2017,01/15/2017,20,0,0,0,8,9,8,,,0,,,8,1,2,1,,,1,,,2,1,0.11,,,,,,,,,,,,,,,,,,,,,,,,,,,,,,0,0,0,0,1,1,0,1,0,0,0,0,1,1,0,0,0,0,0,0,0,0,0,1,1,0,0,0,0,1,0,0,0,0,0,,0,0,0,0,0,1,0,1,0,1,0,1,0,1,0,1,,,,,,41-45,36-45,Interstate,U,Saturday,Belt Used,PV,Not Fatal,0,0,0,0,State Route,State Patrol,Washington State Patrol,0,1,0,0,0,,,,,,0,0,2,,,,,,,,,,,98,98,98,0,,,,,20,,,,,,,,,1,23,,,,,,
2021,525,EC00695,7,12/04/2021,1:44,4,12,,33,King,1030,10,,6,1,1,1,0,5,3,,,,12,0,1,148.1,1,0,1,1,2,1,1,0,0,0,0,I-5,,-122.2921306,47.37606944,0,2,21,53,3,60,3,0,0,1,2,12,1,2,5,3,5,3,2,53,0,30,42,2007,0,,12,12,63,25,,,1,1,24,2,0,,3,0,3,0,11,8,,,,,0,0,0,3,1,0,,,,96,,,,,,98,,,,,,98059,53,62,135,6,1,0,0,0,0,,0,,,,,,0,,,8,0,0,0,8,9,8,,,0,,,8,8,8,95,,,96,,,8,95,995,,,,,,,,,,,,,,,,,,,,,,,,,,,,,,0,0,0,0,1,1,0,1,0,0,0,0,1,1,0,0,0,0,0,0,0,0,0,1,1,0,0,0,0,1,0,0,0,0,0,,0,0,0,0,0,0,0,0,0,0,0,0,0,0,0,0,,,,,,21-25,16-25,Interstate,U,Saturday,Belt Used,PV,Not Fatal,0,0,0,0,State Route,State Patrol,Washington State Patrol,0,1,0,0,0,,,,,,0,0,0,,,,,,,,,,,98,98,98,0,,,,,20,,,,,,,,,1,23,,,,,,
2021,526,EC00697,7,12/08/2021,18:51,8,12,,33,King,735,1,,3,1,2,1,0,1,1,,,,24,0,0,141.7,1,0,1,1,2,1,1,0,0,0,0,I-5,,-122.3081444,47.28577778,0,1,2,9,1,60,1,0,0,1,2,1,1,1,5,3,1,1,9,99,0,41,45,2007,0,,63,24,1,,,,1,1,56,1,7,,4,0,20,7,11,5,12/14/2021,13:16,1.96E+11,64766,0,0,3,2,1,0,,,,96,,,,,,98,,,,,,98005,53,72,150,1,1,0,0,0,0,,0,,,,,,4,,,8,1,9,0,0,9,8,,,0,,,8,8,0,0,,,0,,,0,0,996,,,,,,,,,,,,,,,,,,,,,,,,,,,,,,0,0,0,0,0,0,0,0,0,0,0,0,1,1,0,0,0,0,0,1,0,0,0,0,0,0,0,0,0,1,0,0,0,1,0,,1,0,0,0,0,0,0,0,0,1,0,1,0,0,0,0,,,,,,56-60,56-65,Interstate,U,Wednesday,Not Used,PV,White,0,1,0,0,State Route,State Patrol,Washington State Patrol,1,1,0,0,0,,,,,,0,0,0,,,,,,,,,,,98,98,98,1,,,,,20,,,,,,,,,1,0,,,,,,
2021,528,EC00958,163,12/06/2021,9:45,6,12,,33,King,1050,10,,1,0,0,1,1,2,1,,,,8,0,0,0,4,0,1,7,2,4,6,0,0,0,0,119TH PL NE,,-122.1815417,47.73182222,0,1,92,20,2,0,14,0,0,1,2,8,0,0,0,0,13,2,1,53,0,34,402,2012,0,,8,,,,,,1,1,73,1,0,,0,0,3,0,11,0,,,,,0,0,3,3,1,10,38,,,0,,,,,,98,,,,,,98034,53,69,200,6,1,0,0,0,0,,97,,,,,,0,,,20,0,0,0,8,3,2,,,0,,,8,8,8,95,,,96,,,2,1,0,,,,,,,,,,,,,,,,,,,,,,,,,,,,,,0,0,0,0,0,0,0,0,0,0,0,0,0,0,0,0,0,0,1,0,0,0,0,0,0,1,1,0,0,1,0,1,0,0,0,,0,0,0,0,0,0,0,0,0,0,1,0,0,0,0,0,,,,,,71-75,66-75,City street,U,Monday,Belt Used,PV,Not Fatal,0,0,0,0,City Street,Municipal/City Police,Kirkland Police Department,0,0,0,1,0,,,,,,0,0,0,,,,,,,,,,,98,98,98,0,,,,,20,,,,,,,,,1,0,,,,,,
2021,532,EC01168,1,12/03/2021,16:45,3,12,,77,Yakima,0,1,,5,1,2,1,0,1,1,,,,25,0,0,1.1,1,0,1,3,2,1,3,0,0,0,0,SR-823,,-120.5270917,46.63689444,0,1,1,9,1,45,4,0,0,1,2,25,3,2,2,3,14,1,2,53,0,49,40,2004,0,,63,25,25,2,,,1,1,22,1,1,,4,0,20,7,11,5,12/03/2021,22:55,1.96E+11,62183,0,0,0,2,1,0,,,,96,,,,,,98,,,,,,98942,53,66,155,1,1,1,3,2,0,,0,,,,,,4,11/15/2021,01/15/2021,1,0,0,0,0,9,8,,,0,,,8,8,2,348,605,,1,1,,2,1,0.156,,,,,,,,,,,,,,,,,,,,,,,,,,,,,,0,0,1,0,1,1,1,1,1,0,0,0,1,1,0,0,0,0,0,1,0,0,0,1,1,0,0,0,0,1,0,0,0,1,0,,1,0,0,0,0,1,1,1,0,1,0,1,0,0,0,1,,,,,,21-25,16-25,State route,U,Friday,Not Used,PV,Hispanic,0,1,0,0,State Route,State Patrol,Washington State Patrol,1,1,0,0,0,thc,0.56,,,,0,1,0,,,,,,,,,,,98,98,98,298,,,,,20,,,,,,,,nms,1,0,,,,,,
2021,533,EC01176,122,12/11/2021,2:12,11,12,,61,Snohomish,690,10,,3,2,2,1,1,1,1,,,,8,0,0,45.9,3,0,2,3,2,1,3,0,0,3,3,SR-99,EVERGREEN WAY,-122.2586167,47.88955278,0,1,13,80,5,45,14,0,0,1,5,8,8,8,6,1,1,1,1,53,0,59,404,2010,0,,8,,,,,,1,1,34,1,0,,0,0,3,0,11,0,,,,,0,0,0,3,1,0,,,,92,,,,,,98,,,,,,98012,53,75,220,6,1,0,1,0,2,,0,,,,,,0,07/15/2018,06/15/2021,20,0,0,0,8,9,8,,,0,,,8,8,8,95,,,96,,,8,95,995,,,,,,,,,,,,,,,,,,,,,,,,,,,,,,0,0,0,1,0,0,0,0,0,1,1,1,0,0,0,0,1,0,0,0,0,0,0,0,0,0,0,0,0,1,0,1,0,0,0,,0,0,0,0,0,0,0,0,1,0,0,0,0,0,0,0,,,,,,31-35,26-35,State route,U,Saturday,Belt Used,PV,Not Fatal,1,0,0,0,State Route,Municipal/City Police,Everett Police Department,0,1,0,0,0,,,,,,0,0,0,,,,,,,,,,,98,98,98,0,,,,,20,,,,,,,,,1,0,,,,,,
2021,628,EC01621,290,12/17/2021,16:45,17,12,,53,Pierce,2230,2,,3,2,2,1,0,5,3,,,,12,0,6,,2,0,2,3,2,4,6,0,0,20,3,S ORCHARD ST,48th St W,-122.5052333,47.21381111,0,2,82,66,4,30,4,0,0,1,2,12,1,2,5,5,11,1,1,53,0,7,24,2010,0,,12,,,,,,1,1,26,2,0,,0,0,3,0,11,0,,,,,0,0,0,3,1,0,,,,96,,,,,,0,,,,,,98405,53,73,250,6,1,0,0,0,0,,0,,,,,,0,,,8,0,0,0,8,9,8,,,0,,,8,8,8,95,,,96,,,8,95,995,,,,,,,,,,,,,,,,,,,,,,,,,,,,,,0,0,0,1,0,0,0,0,0,0,0,0,1,1,1,0,0,0,0,0,0,0,0,0,0,0,0,0,1,1,0,0,0,0,0,,0,0,0,0,0,0,0,0,0,0,0,0,0,0,0,0,,,,,,26-30,26-35,City street,U,Friday,Belt Used,PV,Not Fatal,1,0,0,0,City Street,Municipal/City Police,Tacoma Police Department,0,0,0,1,0,,,,,,0,0,0,,,,,,,,,,,98,98,98,0,,,,,20,,,,,,,,,1,0,,,,,,
2021,628,EC01621,290,12/17/2021,16:45,17,12,,53,Pierce,2230,2,,3,2,2,1,0,5,3,,,,12,0,6,,2,0,2,3,2,4,6,0,0,20,3,S ORCHARD ST,48th St W,-122.5052333,47.21381111,0,1,83,17,2,30,80,0,0,1,2,12,1,2,5,5,1,1,5,53,0,37,706,2008,0,,12,12,,,,,1,1,47,1,7,,4,0,20,7,11,0,12/20/2021,9:02,1.96E+11,68591,0,0,0,0,1,0,,,,96,,,,,,98,,,,,,98466,53,72,260,0,0,0,0,0,0,,0,,,,,,3,,,20,8,0,0,0,9,8,,,0,,,8,8,8,95,,,96,,,8,95,995,,,,,,,,,,,,,,,,,,,,,,,,,,,,,,0,0,0,1,0,0,0,0,0,0,0,0,1,1,1,0,0,0,0,0,0,0,0,0,0,0,0,0,1,1,0,0,0,0,1,0,0,0,0,0,0,0,0,0,0,1,0,1,0,0,0,0,,,,,,46-50,46-55,City street,U,Friday,,MC,White,1,0,0,0,City Street,Municipal/City Police,Tacoma Police Department,0,0,0,1,0,,,,,,0,0,0,,,,,,,,,,,0,0,0,1,,,,,99,,,,,,,,,1,0,,,,,,
2021,628,EC01621,290,12/17/2021,16:45,17,12,,53,Pierce,2230,2,,3,2,2,1,0,5,3,,,,12,0,6,,2,0,2,3,2,4,6,0,0,20,3,S ORCHARD ST,48th St W,-122.5052333,47.21381111,0,3,98,62,4,30,15,0,0,1,2,12,1,2,5,5,1,3,1,53,0,2,422,2020,0,,12,,,,,,1,1,44,2,0,,0,0,3,0,11,0,,,,,0,0,0,3,1,0,,,,96,,,,,,0,,,,,,98467,53,64,150,6,1,0,0,0,0,,0,,,,,,0,,,8,0,0,0,8,9,8,,,0,,,8,8,8,95,,,96,,,8,95,995,,,,,,,,,,,,,,,,,,,,,,,,,,,,,,0,0,0,1,0,0,0,0,0,0,0,0,1,1,1,0,0,0,0,0,0,0,0,0,0,0,0,0,1,1,0,0,0,0,0,,0,0,0,0,0,0,0,0,0,0,0,0,0,0,0,0,,,,,,41-45,36-45,City street,U,Friday,Belt Used,PV,Not Fatal,1,0,0,0,City Street,Municipal/City Police,Tacoma Police Department,0,0,0,1,0,,,,,,0,0,0,,,,,,,,,,,98,98,98,0,,,,,20,,,,,,,,,1,0,,,,,,
2021,578,EC02007,7,11/24/2021,19:45,24,11,,33,King,1030,1,,3,1,1,1,1,1,1,,,,8,0,0,25.7,1,0,1,2,2,1,3,0,0,0,0,SR-167,,-122.2175833,47.44054167,0,1,13,80,5,60,66,0,0,1,2,8,1,1,3,3,1,1,3,40,0,82,881,2021,0,,8,,,,,,1,1,61,1,0,,0,0,3,0,11,0,,,,,6,1,3,3,1,0,,,,96,,,,,,0,,,,,,98444,53,69,338,6,1,0,0,0,0,,0,,,,,,0,,,20,0,0,0,8,9,8,,,0,,,8,8,8,95,,,96,,,0,0,996,,,,,,,,,,,,,,,,,,,,,,,,,,,,,,0,0,0,0,0,0,0,0,0,1,1,0,0,0,0,0,0,0,0,0,0,0,0,0,0,0,0,0,0,0,1,1,0,0,0,,0,0,0,0,0,0,0,0,0,0,0,0,0,0,0,0,,,,,,61-65,56-65,State route,U,Wednesday,,MHTRUCK,Not Fatal,0,0,0,0,State Route,State Patrol,Washington State Patrol,0,1,0,0,0,,,,,,0,0,0,,,,,,,,,,,98,98,98,0,,,,,20,,,,,,,,,1,0,,,,,,
2021,534,EC02885,14,12/14/2021,8:13,14,12,,11,Clark,0,1,,1,2,2,1,0,2,1,,,,38,0,0,1,1,0,1,5,2,2,4,0,0,0,0,CR-SE NOURSE RD,,-122.3870917,45.61029444,0,1,1,10,2,40,14,0,0,1,2,38,1,2,2,1,1,2,2,53,0,12,401,1996,0,,68,68,63,38,19,,1,1,17,1,0,,3,0,99,7,11,5,,,,,0,0,3,3,1,58,,,,96,,,,,,98,,,,,,98682,53,70,220,6,2,0,0,0,0,,0,,,,,,0,,,1,0,0,0,8,9,8,,,0,,,8,8,8,95,,,96,,,8,95,995,,,,,,,,,,,,,,,,,,,,,,,,,,,,,,0,0,1,0,0,0,0,0,0,0,0,0,0,0,0,0,0,0,0,0,1,0,1,0,1,0,0,0,0,1,0,0,0,0,0,,0,0,0,0,0,0,0,0,0,0,0,0,0,0,0,0,,,,,,16-17,16-25,County road,U,Tuesday,Unknown,PV,Not Fatal,0,1,0,0,County Road,County Sheriff,Clark County Sheriff's Office,1,0,1,0,0,,,,,,0,0,0,,,,,,,,,,,0,0,0,0,,,,,20,,,,,,,,,1,0,,,SE NOURSE RD,0.99,NULL,
2021,535,EC02897,8,12/16/2021,20:36,16,12,,27,Grays Harbor,0,5,,2,2,2,1,0,3,2,,,,12,0,8,37.4,1,0,1,3,1,1,2,0,0,0,0,US-12,,-123.1843333,46.82982222,0,1,64,10,2,55,4,0,0,1,2,12,1,1,2,1,1,2,1,53,0,41,35,2002,0,,68,12,64,42,,,1,1,31,2,0,,3,0,99,7,11,5,,,,,0,0,0,3,1,28,,,,96,,,,,,9,,,,,,98512,53,67,150,6,1,0,0,0,4,,0,,,,,,0,11/15/2019,07/15/2020,20,0,0,0,8,9,8,,,0,,,8,1,0,0,,,0,,,0,0,996,,,,,,,,,,,,,,,,,,,,,,,,,,,,,,0,0,0,0,1,0,0,0,0,0,0,0,0,1,0,0,0,0,0,0,0,0,0,0,0,0,0,0,0,1,1,0,0,0,0,,0,0,0,0,0,0,0,0,0,0,0,0,0,0,0,1,,,,,,31-35,26-35,US highway,R,Thursday,Unknown,PV,Not Fatal,0,1,1,0,State Route,State Patrol,Washington State Patrol,0,1,0,0,0,,,,,,0,0,1,,,,,,,,,,,98,98,98,0,,,,,20,,,,,,,,,1,0,,,,,,
2021,535,EC02897,8,12/16/2021,20:36,16,12,,27,Grays Harbor,0,5,,2,2,2,1,0,3,2,,,,12,0,8,37.4,1,0,1,3,1,1,2,0,0,0,0,US-12,,-123.1843333,46.82982222,0,2,65,62,4,55,66,1,0,1,2,12,1,1,2,1,1,1,2,53,0,82,883,1987,0,,12,63,42,,,,1,1,55,1,0,,2,0,99,7,11,5,,,,,0,2,0,2,1,0,,,,96,,,,,,98,,,,,,98942,53,72,170,1,1,0,3,0,0,,97,,,,,,0,05/15/2018,09/15/2019,99,0,0,0,8,9,8,,,0,,,8,8,0,0,,,0,,,0,0,996,,,,,,,,,,,,,,,,,,,,,,,,,,,,,,0,0,0,0,1,0,0,0,0,0,0,0,0,1,0,0,0,0,0,0,0,0,0,0,0,0,0,0,0,1,1,0,0,0,0,,0,0,0,0,0,0,0,0,0,0,0,1,0,0,0,0,,,,,,51-55,46-55,US highway,R,Thursday,,MHTRUCK,Not Fatal,0,1,1,0,State Route,State Patrol,Washington State Patrol,0,1,0,0,0,,,,,,0,0,1,,,,,,,,,,,0,0,0,0,,,,,20,,,,,,,,,1,0,,,,,,
2021,536,EC02930,5,12/18/2021,21:40,18,12,,11,Clark,0,2,,3,2,1,2,3,1,3,,,,12,0,1,0.2,20,1,1,1,2,1,1,0,0,0,0,I-5 RAMP,,-122.6649694,45.68117222,0,1,98,50,3,98,5,0,0,1,2,12,1,2,1,6,1,1,1,53,0,30,42,2019,0,,12,63,14,8,8,8,1,1,33,1,0,,2,0,99,7,11,0,,,,,0,0,0,3,1,0,,,,96,,,,,,9,,,,,,98685,53,70,170,6,1,0,0,0,1,,1,,,,,,0,12/15/2017,12/15/2017,8,0,0,0,8,9,8,,,0,,,8,1,2,1,,,1,,,2,1,0.15,,,,,,,,,,,,,,,,,,,,,,,,,,,,,,0,0,0,0,1,1,0,1,0,1,0,1,0,0,0,0,0,0,0,0,0,0,0,0,0,0,0,0,0,1,0,1,0,0,0,,0,0,0,0,0,1,0,1,0,0,0,0,0,1,0,1,,,,,,31-35,26-35,Interstate,U,Saturday,Unknown,PV,Not Fatal,0,0,0,0,State Route,State Patrol,Washington State Patrol,0,1,0,0,0,,,,,,0,0,0,,,,,,,,,,,98,98,98,0,,,,,20,,,,,,,,,1,14,15,23,,,,
2021,537,EC02983,248,12/20/2021,18:58,20,12,,33,King,1830,10,,3,2,2,1,1,1,1,,,,8,1,0,5.2,3,0,2,3,2,1,3,0,0,3,3,SR-900,NE 12TH ST,-122.1774306,47.50310556,0,1,13,80,5,35,99,0,0,1,5,8,1,1,5,1,1,99,9,99,0,99,999,9999,0,,8,,,,,,1,1,999,9,0,,9,0,99,7,11,0,,,,,99,9,9,9,1,0,,,,96,,,,,,98,,,,,,99999,99,,999,9,9,99,99,99,99,,97,,,,,,0,,,99,0,0,0,8,9,8,,,0,,,8,8,0,0,,,0,,,9,99,999,,,,,,,,,,,,,,,,,,,,,,,,,,,,,,0,0,0,1,0,0,0,0,0,1,1,1,0,0,0,0,0,0,0,0,0,0,0,0,0,0,0,0,0,0,0,1,0,0,0,,0,0,0,0,0,0,0,0,0,0,0,0,0,0,0,0,,,,,,,,State route,U,Monday,,NR-U,Not Fatal,1,0,0,0,State Route,Municipal/City Police,Renton Police Department,0,1,0,0,0,,,,,,99,99,99,,,,,,,,,,,98,98,98,0,,,,,20,,,,,,,,,1,0,,,,,,
2021,538,EC02996,26,12/21/2021,0:28,21,12,,35,Kitsap,0,1,,3,1,2,1,0,2,2,,,,12,0,6,0.9,8,0,1,4,2,2,4,0,0,0,0,CR-SE MILE HILL DR,,-122.56865,47.53402222,0,1,68,15,2,45,14,0,0,1,2,12,1,2,4,1,11,1,1,53,0,2,404,1997,0,,12,1,,,,,1,1,40,1,0,,2,0,3,0,11,5,,,,,0,0,0,3,1,0,,,,96,,,,,,98,,,,,,98366,53,72,200,6,1,0,0,0,0,,0,,,,,,0,,,1,0,0,0,8,9,8,,,0,,,8,8,8,95,,,96,,,8,95,995,,,,,,,,,,,,,,,,,,,,,,,,,,,,,,0,0,0,0,1,1,0,1,0,0,0,0,1,0,0,0,0,0,0,0,0,0,0,0,0,0,0,0,0,1,0,0,0,0,0,,0,0,0,0,0,0,0,0,0,0,0,0,0,0,0,0,,,,,,36-40,36-45,County road,U,Tuesday,Belt Used,PV,Not Fatal,0,0,0,0,County Road,County Sheriff,Kitsap County Sheriff's Office,0,0,1,0,0,,,,,,0,0,0,,,,,,,,,,,0,0,0,0,,,,,20,,,,,,,,,1,0,,,MILE HILL DR (SE),0.854,NULL,
2021,538,EC02996,26,12/21/2021,0:28,21,12,,35,Kitsap,0,1,,3,1,2,1,0,2,2,,,,12,0,6,0.9,8,0,1,4,2,2,4,0,0,0,0,CR-SE MILE HILL DR,,-122.56865,47.53402222,0,2,69,62,4,45,2,0,0,1,2,12,1,2,4,1,1,1,1,53,0,32,54,2015,0,,12,68,64,42,,,1,1,46,1,7,,4,7,3,0,11,0,12/21/2021,0:28,53065996,65996,0,0,0,3,1,0,,,,96,,,,,,98,,,,,,98366,53,69,195,6,1,0,1,0,0,,0,,,,,,4,02/15/2020,02/15/2020,1,0,0,0,0,9,8,,,0,,,8,8,2,1,,,1,,,2,1,0.169,,,,,,,,,,,,,,,,,,,,,,,,,,,,,,0,0,0,0,1,1,0,1,0,0,0,0,1,0,0,0,0,0,0,0,0,0,0,0,0,0,0,0,0,1,0,0,0,0,0,,1,0,0,0,0,1,0,1,0,1,0,0,0,1,0,1,,,,,,46-50,46-55,County road,U,Tuesday,Belt Used,PV,White,0,0,0,0,County Road,County Sheriff,Kitsap County Sheriff's Office,0,0,1,0,0,,,,,,0,0,0,,,,,,,,,,,98,98,98,1,,,,,20,,,,,,,,,1,0,,,MILE HILL DR (SE),0.854,NULL,
2021,539,EC03270,35,12/20/2021,1:47,20,12,,53,Pierce,0,2,,2,2,2,1,0,1,1,,,,42,0,0,7.1,1,0,1,5,1,2,4,0,0,0,0,CR-KEY PENINSULA HWY SW,,-122.7708361,47.241725,0,1,1,13,2,40,8,0,0,1,2,42,1,1,2,1,1,1,1,53,0,12,398,1968,0,,63,42,,,,,1,1,51,1,7,,4,7,99,7,11,0,12/20/2021,2:15,53066686,66686,0,0,0,3,1,0,,,,92,,,,,,98,,,,,,98349,53,75,180,6,1,0,0,0,0,,0,,,,,,0,,,99,0,0,0,0,9,8,,,0,,,8,8,2,605,,,1,,,2,1,0.225,,,,,,,,,,,,,,,,,,,,,,,,,,,,,,0,0,1,0,1,1,1,1,1,0,0,0,0,0,0,0,1,0,0,0,0,0,0,0,0,0,0,0,0,1,0,0,0,0,0,,1,0,0,0,0,1,1,1,1,0,0,0,0,0,0,1,,,,,,51-55,46-55,County road,R,Monday,Unknown,PV,White,0,1,0,0,County Road,County Sheriff,Law Enforcement Support Agency,1,0,1,0,0,thc,1.6,,,,0,0,0,,,,,,,,,,,0,0,0,1,,,,,20,,,,,,,,nms,1,0,,,KEY PENINSULA HWY SW,7.14,NULL,
2021,540,EC03319,25,12/20/2021,6:22,20,12,,33,King,1958,4,,3,10,2,1,1,1,1,,,,8,0,0,15.8,1,0,1,3,2,1,3,0,0,0,0,SR-99,,-122.296075,47.45011111,0,1,13,80,5,40,6,0,0,1,5,8,1,1,2,2,1,1,1,53,0,52,47,2012,0,,8,,,,,,1,1,75,1,0,,0,0,3,0,11,0,,,,,0,0,0,3,1,0,,,,96,,,,,,98,,,,,,98032,53,66,170,6,1,1,2,0,0,,0,,,,,,0,11/15/2019,02/15/2019,20,0,0,0,8,9,8,,,0,,,8,8,8,95,,,96,,,8,95,995,,,,,,,,,,,,,,,,,,,,,,,,,,,,,,0,0,0,0,0,0,0,0,0,0,0,0,0,0,0,0,0,1,0,0,0,0,0,0,0,1,1,1,0,1,0,1,0,0,0,,0,0,0,0,0,0,0,0,0,0,0,0,0,0,0,0,,,,,,71-75,66-75,State route,U,Monday,Belt Used,PV,Not Fatal,1,0,0,0,State Route,County Sheriff,King County Police,0,1,0,0,0,,,,,,0,1,0,,,,,,,,,,,98,98,98,0,,,,,20,,,,,,,,,1,0,,,,,,
2021,541,EC03641,278,12/10/2021,16:39,10,12,,63,Spokane,2110,1,,3,2,2,1,1,1,1,,,,8,0,0,0,3,0,2,4,2,4,6,0,0,0,0,E INDIANA AVE,N Cincinnati St,-117.3983306,47.67473333,0,1,13,80,5,25,15,0,0,1,5,8,1,1,2,1,1,1,1,53,0,54,421,2005,0,,8,,,,,,1,1,30,2,0,,9,0,3,0,11,0,,,,,0,0,0,3,1,0,,,,92,,,,,,98,,,,,,99205,53,62,143,6,1,0,2,0,5,,0,,,,,,0,09/15/2019,09/15/2020,20,0,0,0,8,9,2,,,0,,,8,8,0,0,,,0,,,0,0,996,,,,,,,,,,,,,,,,,,,,,,,,,,,,,,0,0,0,1,0,0,0,0,0,1,1,0,0,0,0,0,1,0,0,0,0,0,0,0,0,0,0,0,0,1,0,1,0,0,0,,0,0,0,0,0,0,0,0,1,0,0,0,0,0,0,0,,,,,,26-30,26-35,City street,U,Friday,Belt Used,PV,Not Fatal,0,0,0,0,City Street,Municipal/City Police,Spokane Police Department,0,0,0,1,0,,,,,,0,0,2,,,,,,,,,,,98,98,98,0,,,,,20,,,,,,,,,1,0,,,,,,
2021,542,EC03812,2,12/18/2021,13:00,18,12,,29,Island,0,2,,1,2,2,2,0,3,2,,,,12,0,2,10.9,1,0,1,3,1,1,3,0,0,0,0,SR-525,,-122.39055,47.98524167,0,1,50,10,2,50,14,0,0,1,2,12,2,2,2,1,14,1,1,53,0,12,401,2017,0,,68,12,2,,,,1,1,39,2,0,,3,0,20,7,11,5,,,,,0,0,3,3,1,28,,,,96,,,,,,9,,,,,,98087,53,68,160,6,1,0,0,1,1,,1,,,,,,0,03/15/2019,04/15/2021,1,0,0,0,8,9,8,,,0,,,1,8,0,0,,,0,,,0,0,996,,,,,,,,,,,,,,,,,,,,,,,,,,,,,,0,0,0,0,0,0,0,0,0,0,0,0,0,0,0,0,0,0,0,0,0,0,0,0,0,1,1,1,0,1,0,0,0,0,0,,0,0,0,0,0,0,0,0,0,0,0,0,0,0,0,0,,,,,,36-40,36-45,State route,R,Saturday,Not Used,PV,Not Fatal,0,1,1,0,State Route,State Patrol,Washington State Patrol,0,1,0,0,0,,,,,,0,0,0,,,,,,,,,,,98,98,98,0,,,,,20,,,,,,,,,1,0,,,,,,