year,case,par,repjur,crash_dt,crash_tm,accday,accmon,holiday,county,co_char,city,weather,weather2,lightcond,surfcond,surftype,numfatal,nmforms,pforms,vforms,not_tm,arr_tm,hosp_tm,fhevent,hitrun,manncol,milepnt,reljunc,reljuncinter,intersectiontype,funcsystem,landuse,ownership,route,schlbus,spejur,contdev,devfunc,trafid1,trafid2,x,y,wk_zone,vnumber,crashtype,criticalevent,criticaleventcat,spdlim,body,trailer,emerg,hazcargo,leave,mhevent,roadalgn,roadprof,traflane,trafflow,vehmanvr,numoccs,regowner,regstate,spuse,make,model,modelyr,vrf1,vrf2,seqevent1,seqevent2,seqevent3,seqevent4,seqevent5,seqevent6,pnumber,ptype,age,sex,hispanic,race,injury,diedscene,restraint,restraintmisuse,seatpos,takehosp,death_dt,death_tm,cert,cernum_wa,commlic,licendor,licrestrict,liccomp,drivpres,drf1,drf2,drf3,drf4,distract1,distract2,distract3,distract4,distract5,distract6,dricond1,dricond2,dricond3,dricond4,dricond5,dricond6,dzip,licstate,drhgt_in,weight,noncdl,noncdltype,prevdwi,prevoth,prevacc,prevspd,prevsus,driviol1,driviol2,driviol3,driviol4,driviol5,driviol6,spdrel,first_dt,last_dt,airbag,ejection,ejectpath,extricat,injurwrk,methalc,methdrug,nmlocat,strikveh,prf1,prf2,prf3,druginv,alcinvol,drugsts,drugres1,drugres2,drugres3,drugtst1,drugtst2,drugtst3,alcsts,alctst,alcres,nmact1,nmact2,nmact3,nmact4,nmact5,nmact6,nmprior1,nmprior2,nmprior3,nmprior4,nmprior5,nmprior6,nmcond1,nmcond2,nmcond3,nmcond4,nmcond5,nmcond6,nmsafe_helmet,nmsafe_pads,nmsafe_oth,nmprev_ref,nmprev_lgt,nmprev_oth,crashlocation,nmcrashtype,crosswalk,schoolzone,sidewalk,train_inv,wildlife_inv,rotr_fars,intersect_fars,dd_inv,aid_inv,dpd_inv,id_inv,mj_inv,impnm_inv,ainm_inv,dpnm_inv,speed_inv,unlic_inv,unendmc_inv,drowsy_inv,drdist_inv,nmdist_inv,fty_inv,unrestfat_inv,dr1617_inv,dr1820_inv,dr1620_inv,dr2125_inv,dr1625_inv,dr65_inv,dr70_inv,dr75_inv,mc_inv,pv_inv,ht_inv,ped_inv,bike_inv,unrest_fat,mc_fat,unhelmet_mc,pv_fat,ht_fat,ped_fat,bike_fat,dr_alc7,dr_alc8,dr_drug,dr_imp,dr_dist,dr_spd,dr_fty,dr_unlic,dr_alc7only,dr_alc8only,dr_drugonly,dr_drink,nm_imp,nm_alc7,nm_alc8,nm_drug,nm_dist,agegrp1,agegrp2,roadclass,urbrur,dayweek,restuse,vehtype,race_me,intersect,lanedep,oppdir,wrongway,rep_typ,investag,repag_long,rotr,st_rd,cty_rd,city_rd,oth_rd,drug_thc,thc_res,drug_cthc,cthc_res,drug_cann,prevpersemin,prevperse,prevsusoth,drugtst4,drugtst5,drugtst6,drugtst7,drugtst8,drugres4,drugres5,drugres6,drugres7,drugres8,adspresent,adsengaged,adslevel,race1,race2,race3,race4,race5,helmet,helmetmisuse,nmdistract1,nmdistract2,nmdistract3,nmdistract4,nmdistract5,nmdistract6,lab,isedtcase,crf1,crf2,crf3,CoRoadName,CoMP,IntCoRoadName,IntCoMP
2021,542,EC03812,2,12/18/2021,13:00,18,12,,29,Island,0,2,,1,2,2,2,0,3,2,,,,12,0,2,10.9,1,0,1,3,1,1,3,0,0,0,0,SR-525,,-122.39055,47.98524167,0,2,51,62,4,55,4,0,0,1,2,12,3,2,2,1,14,2,1,53,0,42,48,2010,0,,12,,,,,,1,1,78,1,7,,4,7,3,0,11,0,12/18/2021,13:00,53066537,66537,0,0,0,3,1,0,,,,96,,,,,,98,,,,,,98201,53,72,175,6,1,0,0,0,0,,0,,,,,,0,,,1,0,0,0,0,9,8,,,0,,,8,8,2,1,,,1,,,2,1,0,,,,,,,,,,,,,,,,,,,,,,,,,,,,,,0,0,0,0,0,0,0,0,0,0,0,0,0,0,0,0,0,0,0,0,0,0,0,0,0,1,1,1,0,1,0,0,0,0,0,,1,0,0,0,0,0,0,0,0,0,0,0,0,0,0,0,,,,,,76-80,76+,State route,R,Saturday,Belt Used,PV,White,0,1,1,0,State Route,State Patrol,Washington State Patrol,0,1,0,0,0,,,,,,0,0,0,,,,,,,,,,,98,98,98,1,,,,,20,,,,,,,,,1,0,,,,,,
2021,570,EC04207,278,12/23/2021,7:05,23,12,,63,Spokane,2110,10,,4,2,2,1,1,1,1,,,,8,0,0,,1,0,1,3,2,4,6,0,0,0,0,N MARKET ST,,-117.3648306,47.71088056,0,1,13,80,5,30,14,0,0,1,5,8,1,1,4,1,1,1,1,53,0,35,404,2019,0,,8,,,,,,1,1,72,1,0,,0,0,3,0,11,0,,,,,0,0,0,3,1,0,,,,96,,,,,,0,,,,,,99217,53,74,215,6,1,0,0,0,0,,0,,,,,,0,,,20,0,0,0,8,9,2,,,0,,,8,8,0,0,,,0,,,0,0,996,,,,,,,,,,,,,,,,,,,,,,,,,,,,,,0,0,0,0,0,0,0,0,0,1,0,1,0,0,0,0,0,0,0,0,0,0,0,0,0,1,1,0,0,1,0,1,0,0,0,,0,0,0,0,0,0,0,0,0,0,0,0,0,0,0,0,,,,,,71-75,66-75,City street,U,Thursday,Belt Used,PV,Not Fatal,0,0,0,0,City Street,Municipal/City Police,Spokane Police Department,0,0,0,1,0,,,,,,0,0,0,,,,,,,,,,,98,98,98,0,,,,,20,,,,,,,,,1,0,,,,,,
2021,543,EC04290,2,12/21/2021,6:26,21,12,,73,Whatcom,0,10,,2,4,1,1,1,2,3,,,,12,0,7,246.2,1,0,1,1,1,1,1,0,0,0,0,I-5,,-122.3988722,48.68792778,0,1,48,6,1,60,21,0,0,1,2,12,1,2,2,3,1,1,2,53,0,12,461,2003,0,,12,63,,,,,1,1,20,2,0,,0,0,3,0,11,0,,,,,0,0,0,3,1,87,,,,96,,,,,,98,,,,,,98270,53,62,115,6,1,0,0,0,0,,2,,,,,,4,,,20,0,0,0,8,9,8,,,0,,,8,8,0,0,,,0,,,0,0,996,,,,,,,,,,,,,,,,,,,,,,,,,,,,,,0,0,0,0,0,0,0,0,0,0,0,0,1,0,0,0,0,0,0,0,0,1,1,0,1,0,0,0,0,1,0,1,0,0,0,,0,0,0,0,0,0,0,0,0,1,0,0,0,0,0,0,,,,,,18-20,16-25,Interstate,R,Tuesday,Belt Used,PV,Not Fatal,0,0,0,0,State Route,State Patrol,Washington State Patrol,0,1,0,0,0,,,,,,0,0,0,,,,,,,,,,,98,98,98,0,,,,,20,,,,,,,,,1,15,19,,,,,
2021,543,EC04290,2,12/21/2021,6:26,21,12,,73,Whatcom,0,10,,2,4,1,1,1,2,3,,,,12,0,7,246.2,1,0,1,1,1,1,1,0,0,0,0,I-5,,-122.3988722,48.68792778,0,2,48,61,4,60,34,0,0,1,2,8,1,2,2,3,1,1,1,53,0,49,472,2011,0,,12,63,14,8,,,1,1,29,1,0,,0,0,3,0,11,0,,,,,0,0,3,3,1,0,,,,96,,,,,,98,,,,,,98284,53,69,160,6,1,0,0,0,0,,0,,,,,,0,,,8,0,0,0,8,9,8,,,0,,,8,8,8,95,,,96,,,8,95,995,,,,,,,,,,,,,,,,,,,,,,,,,,,,,,0,0,0,0,0,0,0,0,0,0,0,0,1,0,0,0,0,0,0,0,0,1,1,0,1,0,0,0,0,1,0,1,0,0,0,,0,0,0,0,0,0,0,0,0,0,0,0,0,0,0,0,,,,,,26-30,26-35,Interstate,R,Tuesday,Belt Used,PV,Not Fatal,0,0,0,0,State Route,State Patrol,Washington State Patrol,0,1,0,0,0,,,,,,0,0,0,,,,,,,,,,,98,98,98,0,,,,,20,,,,,,,,,1,15,19,,,,,
2021,544,EC04402,6,12/20/2021,9:35,20,12,,17,Douglas,0,4,,1,10,2,1,0,3,2,,,,12,0,1,127.5,1,0,1,3,1,1,2,0,0,0,0,US-2,,-120.2542722,47.54905,0,1,32,6,1,60,4,0,0,1,2,12,2,1,3,1,14,2,2,53,0,37,32,2001,0,,68,12,,,,,1,1,39,1,0,,3,0,3,0,11,5,,,,,0,0,0,3,1,28,87,,,96,,,,,,98,,,,,,98802,53,64,154,6,1,0,0,0,0,,52,,,,,,4,,,20,0,0,0,8,9,2,,,0,,,8,8,0,0,,,0,,,0,0,996,,,,,,,,,,,,,,,,,,,,,,,,,,,,,,0,0,0,0,0,0,0,0,0,0,0,0,1,0,0,0,0,0,0,0,0,0,0,0,0,1,0,0,0,1,0,0,0,0,0,,0,0,0,0,0,0,0,0,0,1,0,0,0,0,0,0,,,,,,36-40,36-45,US highway,R,Monday,Belt Used,PV,Not Fatal,0,1,1,0,State Route,State Patrol,Washington State Patrol,0,1,0,0,0,,,,,,0,0,0,,,,,,,,,,,98,98,98,0,,,,,20,,,,,,,,,1,0,,,,,,
2021,544,EC04402,6,12/20/2021,9:35,20,12,,17,Douglas,0,4,,1,10,2,1,0,3,2,,,,12,0,1,127.5,1,0,1,3,1,1,2,0,0,0,0,US-2,,-120.2542722,47.54905,0,2,32,62,4,60,14,0,0,1,2,12,3,1,3,1,14,1,1,53,0,12,402,2009,0,,12,,,,,,1,1,68,1,0,,3,0,3,0,11,5,,,,,0,0,0,3,1,0,,,,96,,,,,,98,,,,,,98802,53,68,225,6,1,0,0,0,0,,0,,,,,,0,,,1,0,0,0,8,9,2,,,0,,,8,8,0,0,,,0,,,0,0,996,,,,,,,,,,,,,,,,,,,,,,,,,,,,,,0,0,0,0,0,0,0,0,0,0,0,0,1,0,0,0,0,0,0,0,0,0,0,0,0,1,0,0,0,1,0,0,0,0,0,,0,0,0,0,0,0,0,0,0,0,0,0,0,0,0,0,,,,,,66-70,66-75,US highway,R,Monday,Belt Used,PV,Not Fatal,0,1,1,0,State Route,State Patrol,Washington State Patrol,0,1,0,0,0,,,,,,0,0,0,,,,,,,,,,,98,98,98,0,,,,,20,,,,,,,,,1,0,,,,,,
2021,545,EC04549,236,12/15/2021,18:13,15,12,,35,Kitsap,1710,2,,2,2,2,1,1,1,1,,,,8,0,0,0,1,0,1,4,2,4,6,0,0,0,0,BAY ST,,-122.6252361,47.54301111,0,1,13,80,5,25,14,0,0,1,5,8,1,1,2,1,1,1,1,53,0,20,404,2005,0,,8,,,,,,1,1,72,2,0,,0,0,3,0,11,0,,,,,0,0,0,3,1,0,,,,96,,,,,,98,,,,,,98366,53,61,105,6,1,0,0,0,0,,0,,,,,,0,,,20,0,0,0,8,9,2,,,0,,,8,8,0,0,,,0,,,0,0,996,,,,,,,,,,,,,,,,,,,,,,,,,,,,,,0,0,0,0,0,0,0,0,0,1,0,1,0,0,0,0,0,1,0,0,0,0,0,0,0,1,1,0,0,1,0,1,0,0,0,,0,0,0,0,0,0,0,0,0,0,0,0,0,0,0,0,,,,,,71-75,66-75,City street,U,Wednesday,Belt Used,PV,Not Fatal,0,0,0,0,City Street,Municipal/City Police,Port Orchard Police Department,0,0,0,1,0,,,,,,0,0,0,,,,,,,,,,,98,98,98,0,,,,,20,,,,,,,,,1,0,,,,,,
2021,546,EC04851,3,12/24/2021,19:18,24,12,,53,Pierce,0,2,,3,2,1,1,0,5,3,,,,12,0,6,36.1,2,0,2,4,1,1,3,0,0,3,3,SR-7,SR-702,-122.3573917,46.93663889,0,2,87,66,4,45,4,0,0,1,2,12,1,1,2,1,1,1,2,53,0,20,20,2001,0,,12,68,12,,,,1,1,22,2,7,,4,7,3,0,11,0,12/24/2021,19:18,53067981,67981,0,0,0,3,1,0,,,,96,,,,,,98,,,,,,98266,53,67,200,6,1,0,0,1,0,,0,,,,,,0,03/15/2021,03/15/2021,8,2,9,0,0,9,8,,,0,,,8,8,2,695,605,,1,1,,2,1,0,,,,,,,,,,,,,,,,,,,,,,,,,,,,,,0,0,0,1,1,1,1,1,1,0,0,0,0,1,0,0,0,0,0,0,0,0,0,1,1,0,0,0,0,1,0,0,0,0,0,,1,0,0,0,0,0,1,1,0,0,0,0,0,0,1,0,,,,,,21-25,16-25,State route,R,Friday,Belt Used,PV,White,1,0,0,0,State Route,State Patrol,Washington State Patrol,0,1,0,0,0,thc,7.6,carboxy-thc,100,,0,0,0,,,,,,,,,,,98,98,98,1,,,,,20,,,,,,,,nms,1,0,,,,,,
2021,546,EC04851,3,12/24/2021,19:18,24,12,,53,Pierce,0,2,,3,2,1,1,0,5,3,,,,12,0,6,36.1,2,0,2,4,1,1,3,0,0,3,3,SR-7,SR-702,-122.3573917,46.93663889,0,3,98,62,4,45,14,0,0,1,2,12,1,1,2,1,1,3,1,53,0,2,404,2013,0,,12,,,,,,1,1,57,1,0,,1,0,3,0,11,0,,,,,0,0,3,3,1,0,,,,96,,,,,,98,,,,,,98328,53,73,240,6,1,0,0,0,0,,0,,,,,,0,,,20,0,0,0,8,9,8,,,0,,,8,8,0,0,,,0,,,0,0,996,,,,,,,,,,,,,,,,,,,,,,,,,,,,,,0,0,0,1,1,1,1,1,1,0,0,0,0,1,0,0,0,0,0,0,0,0,0,1,1,0,0,0,0,1,0,0,0,0,0,,0,0,0,0,0,0,0,0,0,0,0,0,0,0,0,0,,,,,,56-60,56-65,State route,R,Friday,Belt Used,PV,Not Fatal,1,0,0,0,State Route,State Patrol,Washington State Patrol,0,1,0,0,0,,,,,,0,0,0,,,,,,,,,,,98,98,98,0,,,,,20,,,,,,,,,1,0,,,,,,
2021,546,EC04851,3,12/24/2021,19:18,24,12,,53,Pierce,0,2,,3,2,1,1,0,5,3,,,,12,0,6,36.1,2,0,2,4,1,1,3,0,0,3,3,SR-7,SR-702,-122.3573917,46.93663889,0,1,86,17,2,50,34,0,0,1,2,12,1,1,2,1,1,1,1,53,0,12,471,1997,0,,12,,,,,,1,1,21,1,0,,2,0,20,7,11,0,,,,,0,0,0,2,1,39,,,,96,,,,,,9,,,,,,98466,53,70,155,1,1,0,2,2,1,,12,,,,,,0,04/15/2018,07/15/2021,20,0,0,0,8,9,8,,,0,,,1,1,2,695,605,,1,1,,2,1,0.13,,,,,,,,,,,,,,,,,,,,,,,,,,,,,,0,0,0,1,1,1,1,1,1,0,0,0,0,1,0,0,0,0,0,0,0,0,0,1,1,0,0,0,0,1,0,0,0,0,0,,0,0,0,0,0,1,1,1,0,0,0,1,0,0,0,1,,,,,,21-25,16-25,State route,R,Friday,Not Used,PV,Not Fatal,1,0,0,0,State Route,State Patrol,Washington State Patrol,0,1,0,0,0,thc,11,carboxy-thc,85,,0,0,0,,,,,,,,,,,0,0,0,0,,,,,20,,,,,,,,,1,0,,,,,,
2021,561,EC05450,5,12/26/2021,17:34,26,12,,11,Clark,2370,1,,3,2,2,1,1,1,1,,,,8,0,0,7.5,1,0,1,2,2,1,3,0,0,0,0,SR-14,,-122.5235,45.59707222,0,1,13,80,5,60,4,0,0,1,5,8,1,1,2,3,1,1,1,53,0,20,37,2015,0,,8,,,,,,1,1,35,1,0,,0,0,99,7,11,0,,,,,0,0,0,3,1,0,,,,96,,,,,,98,,,,,,98662,53,66,160,6,1,0,0,0,1,,0,,,,,,0,05/15/2020,05/15/2020,1,0,0,0,8,9,8,,,0,,,8,8,0,0,,,0,,,0,0,996,,,,,,,,,,,,,,,,,,,,,,,,,,,,,,0,0,0,0,0,0,0,0,0,0,0,0,0,0,0,0,0,0,0,0,0,0,0,0,0,0,0,0,0,1,0,1,0,0,0,,0,0,0,0,0,0,0,0,0,0,0,0,0,0,0,0,,,,,,31-35,26-35,State route,U,Sunday,Unknown,PV,Not Fatal,0,0,0,0,State Route,State Patrol,Washington State Patrol,0,1,0,0,0,,,,,,0,0,0,,,,,,,,,,,98,98,98,0,,,,,20,,,,,,,,,1,23,,,,,,
2021,612,EC05553,25,12/15/2021,19:26,15,12,,33,King,229,10,,3,2,2,1,0,3,3,,,,12,0,6,,2,0,2,3,2,4,6,0,0,3,3,1ST AVE S,S 136th St,-122.333825,47.4813,0,1,88,17,2,35,20,0,0,1,5,12,1,1,4,1,1,1,1,53,0,7,442,1996,0,,12,12,,,,,1,1,55,2,0,,0,0,3,0,11,0,,,,,0,0,0,3,1,39,,,,96,,,,,,98,,,,,,98125,53,66,126,6,1,0,0,0,0,,0,,,,,,0,,,8,0,0,0,8,9,8,,,0,,,8,8,2,996,605,,1,1,,2,1,0,,,,,,,,,,,,,,,,,,,,,,,,,,,,,,0,0,0,1,0,0,1,1,1,0,0,0,0,0,0,0,0,0,0,1,0,0,0,0,0,1,0,0,0,1,0,0,0,0,0,,0,0,0,0,0,0,1,1,0,0,0,0,0,0,1,0,,,,,,51-55,46-55,City street,U,Wednesday,Belt Used,PV,Not Fatal,1,0,0,0,City Street,County Sheriff,King County Police,0,0,0,1,0,,,carboxy-thc,18,,0,0,0,,,,,,,,,,,0,0,0,0,,,,,20,,,,,,,,,1,0,,,,,,
2021,612,EC05553,25,12/15/2021,19:26,15,12,,33,King,229,10,,3,2,2,1,0,3,3,,,,12,0,6,,2,0,2,3,2,4,6,0,0,3,3,1ST AVE S,S 136th St,-122.333825,47.4813,0,2,89,66,4,35,4,0,0,1,5,12,1,1,4,1,1,1,1,53,0,59,31,2001,0,,12,,,,,,1,1,69,2,7,,4,0,20,7,11,4,12/24/2021,3:09,1.96E+11,68553,0,0,0,3,1,0,,,,96,,,,,,0,,,,,,98168,53,68,130,6,1,0,0,0,0,,0,,,,,,0,,,8,0,0,0,0,9,8,,,0,,,8,8,8,95,,,96,,,8,95,995,,,,,,,,,,,,,,,,,,,,,,,,,,,,,,0,0,0,1,0,0,1,1,1,0,0,0,0,0,0,0,0,0,0,1,0,0,0,0,0,1,0,0,0,1,0,0,0,1,0,,1,0,0,0,0,0,0,0,0,0,0,0,0,0,0,0,,,,,,66-70,66-75,City street,U,Wednesday,Not Used,PV,White,1,0,0,0,City Street,County Sheriff,King County Police,0,0,0,1,0,,,,,,0,0,0,,,,,,,,,,,98,98,98,1,,,,,20,,,,,,,,,1,0,,,,,,
2021,612,EC05553,25,12/15/2021,19:26,15,12,,33,King,229,10,,3,2,2,1,0,3,3,,,,12,0,6,,2,0,2,3,2,4,6,0,0,3,3,1ST AVE S,S 136th St,-122.333825,47.4813,0,3,98,66,4,35,4,0,0,1,5,12,1,1,4,1,1,1,1,53,0,49,46,2002,0,,12,,,,,,1,1,69,1,0,,0,0,3,0,11,0,,,,,0,0,3,3,1,0,,,,96,,,,,,0,,,,,,98168,53,64,170,6,1,0,0,0,0,,0,,,,,,0,,,8,0,0,0,8,9,8,,,0,,,8,8,8,95,,,96,,,8,95,995,,,,,,,,,,,,,,,,,,,,,,,,,,,,,,0,0,0,1,0,0,1,1,1,0,0,0,0,0,0,0,0,0,0,1,0,0,0,0,0,1,0,0,0,1,0,0,0,0,0,,0,0,0,0,0,0,0,0,0,0,0,0,0,0,0,0,,,,,,66-70,66-75,City street,U,Wednesday,Belt Used,PV,Not Fatal,1,0,0,0,City Street,County Sheriff,King County Police,0,0,0,1,0,,,,,,0,0,0,,,,,,,,,,,98,98,98,0,,,,,20,,,,,,,,,1,0,,,,,,
2021,547,EC06172,337,12/24/2021,16:47,24,12,,73,Whatcom,110,1,,3,1,2,1,1,2,1,,,,8,0,0,0,1,0,1,4,2,4,6,0,0,0,0,W BAKERVIEW RD,,-122.4880667,48.78974444,0,1,13,80,5,98,5,0,0,1,2,8,8,8,5,5,1,2,1,53,0,42,55,2017,0,,8,,,,,,1,1,58,1,0,,0,0,3,0,11,0,,,,,0,0,3,3,1,0,,,,96,,,,,,98,,,,,,98188,53,64,160,6,1,0,0,0,1,,76,,,,,,0,02/15/2020,02/15/2020,20,0,0,0,8,9,8,,,0,,,8,8,8,95,,,96,,,8,95,995,,,,,,,,,,,,,,,,,,,,,,,,,,,,,,0,0,0,0,0,0,0,0,0,0,0,0,0,0,0,0,0,0,0,0,0,0,0,0,0,0,0,0,0,1,0,1,0,0,0,,0,0,0,0,0,0,0,0,0,0,0,0,0,0,0,0,,,,,,56-60,56-65,City street,U,Friday,Belt Used,PV,Not Fatal,0,0,0,0,City Street,Municipal/City Police,Bellingham Police Department,0,0,0,1,0,,,,,,0,0,0,,,,,,,,,,,98,98,98,0,,,,,20,,,,,,,,,1,0,,,,,,
2021,548,EC06178,4,12/22/2021,13:49,22,12,,1,Adams,0,1,,1,10,2,1,0,2,2,,,,12,0,6,53.4,3,0,3,5,1,1,3,0,0,0,0,SR-261,BENZEL RD,-118.3443917,46.987675,0,2,66,62,4,55,34,0,0,1,2,12,2,1,2,1,14,1,2,53,0,49,482,2008,0,,12,,,,,,1,1,19,1,0,,1,0,3,0,11,0,,,,,0,0,3,3,1,0,,,,96,,,,,,98,,,,,,99008,53,71,190,6,1,0,0,0,0,,0,,,,,,0,,,1,0,0,0,8,9,8,,,0,,,8,8,0,0,,,0,,,0,0,996,,,,,,,,,,,,,,,,,,,,,,,,,,,,,,0,0,0,1,0,0,1,1,0,0,0,0,1,0,0,0,0,0,0,1,0,1,1,0,1,0,0,0,0,1,0,0,0,0,0,,0,0,0,0,0,0,0,0,0,0,0,0,0,0,0,0,,,,,,18-20,16-25,State route,R,Wednesday,Belt Used,PV,Not Fatal,0,0,0,0,State Route,State Patrol,Washington State Patrol,0,1,0,0,0,,,,,,0,0,0,,,,,,,,,,,98,98,98,0,,,,,20,,,,,,,,,1,0,,,,,,
2021,548,EC06178,4,12/22/2021,13:49,22,12,,1,Adams,0,1,,1,10,2,1,0,2,2,,,,12,0,6,53.4,3,0,3,5,1,1,3,0,0,0,0,SR-261,BENZEL RD,-118.3443917,46.987675,0,1,66,9,1,55,4,0,0,1,2,12,3,1,2,1,14,1,1,53,0,18,22,2006,0,,68,12,,,,,1,1,18,1,99,,4,0,20,7,11,5,12/24/2021,12:49,2.11E+11,66211,0,0,3,3,1,28,,,,96,,,,,,98,,,,,,99371,53,73,280,6,1,0,0,0,0,,0,,,,,,4,,,20,0,0,0,0,9,8,,,0,,,8,8,2,348,,,1,,,2,1,0,,,,,,,,,,,,,,,,,,,,,,,,,,,,,,0,0,0,1,0,0,1,1,0,0,0,0,1,0,0,0,0,0,0,1,0,1,1,0,1,0,0,0,0,1,0,0,0,1,0,,1,0,0,0,0,0,1,1,0,1,0,0,0,0,1,0,,,,,,18-20,16-25,State route,R,Wednesday,Not Used,PV,White,0,0,0,0,State Route,State Patrol,Washington State Patrol,0,1,0,0,0,,,,,,0,0,0,,,,,,,,,,,98,98,98,1,,,,,20,,,,,,,,,1,0,,,,,,
2021,549,EC06498,330,10/02/2021,19:54,2,10,,77,Yakima,2590,1,,3,1,2,1,1,1,1,,,,8,0,0,0,1,0,1,4,2,4,6,0,0,0,0,S FAIR AVE,,-120.4881222,46.59911667,0,1,13,80,5,30,80,0,0,1,2,8,1,1,3,5,6,1,1,53,0,72,706,2020,0,,8,,,,,,1,1,27,1,0,,2,0,20,7,11,0,,,,,0,0,0,3,1,33,,,,96,,,,,,98,,,,,,98902,53,71,210,6,1,0,1,2,2,,1,,,,,,3,04/15/2017,08/15/2020,20,8,0,0,8,9,8,,,0,,,8,8,8,95,,,96,,,2,1,997,,,,,,,,,,,,,,,,,,,,,,,,,,,,,,0,0,0,0,0,0,0,0,0,1,0,1,1,0,0,0,0,0,0,0,0,0,0,0,0,0,0,0,1,0,0,1,0,0,0,0,0,0,0,0,0,0,0,0,0,1,0,0,0,0,0,0,,,,,,26-30,26-35,City street,U,Saturday,,MC,Not Fatal,0,0,0,0,City Street,Municipal/City Police,Yakima Police Department,0,0,0,1,0,,,,,,0,0,2,,,,,,,,,,,0,0,0,0,,,,,5,,,,,,,,,1,0,,,,,,
2021,550,EC06619,159,12/27/2021,19:19,27,12,,5,Benton,1020,1,,3,1,2,1,0,3,2,,,,12,0,6,0,3,0,3,5,2,4,6,0,0,0,0,S ELY ST,S Huntington St,-119.1590194,46.18218333,0,2,66,62,4,35,14,0,0,1,2,12,1,2,3,5,1,2,2,53,0,2,403,2010,0,,12,,,,,,1,1,38,2,0,,3,0,3,0,11,5,,,,,0,0,0,3,1,0,,,,96,,,,,,98,,,,,,99301,53,62,150,6,1,0,0,0,0,,0,,,,,,0,,,1,0,0,0,8,9,8,,,0,,,8,8,8,95,,,96,,,8,95,995,,,,,,,,,,,,,,,,,,,,,,,,,,,,,,0,0,0,1,1,1,1,1,0,0,0,0,0,1,0,0,0,0,0,0,0,0,0,1,1,0,0,0,0,1,0,0,0,0,0,,0,0,0,0,0,0,0,0,0,0,0,0,0,0,0,0,,,,,,36-40,36-45,City street,U,Monday,Belt Used,PV,Not Fatal,0,1,1,0,City Street,Municipal/City Police,Kennewick Police Department,0,0,0,1,0,,,,,,0,0,0,,,,,,,,,,,98,98,98,0,,,,,20,,,,,,,,,1,0,,,,,,
2021,550,EC06619,159,12/27/2021,19:19,27,12,,5,Benton,1020,1,,3,1,2,1,0,3,2,,,,12,0,6,0,3,0,3,5,2,4,6,0,0,0,0,S ELY ST,S Huntington St,-119.1590194,46.18218333,0,1,66,9,1,35,2,0,0,1,2,12,1,2,3,5,1,1,1,6,0,42,42,2021,0,,68,12,,,,,1,1,25,1,1,,4,7,3,0,11,0,12/27/2021,19:25,1.02E+11,66639,0,0,3,2,1,28,,,,96,,,,,,98,,,,,,99337,53,68,175,1,1,2,2,1,0,,0,,,,,,0,11/15/2017,07/15/2019,9,0,0,0,0,9,8,,,0,,,8,8,2,401,,,1,,,2,1,0.193,,,,,,,,,,,,,,,,,,,,,,,,,,,,,,0,0,0,1,1,1,1,1,0,0,0,0,0,1,0,0,0,0,0,0,0,0,0,1,1,0,0,0,0,1,0,0,0,0,0,,1,0,0,0,0,1,1,1,0,0,0,1,0,0,0,1,,,,,,21-25,16-25,City street,U,Monday,Belt Used,PV,Hispanic,0,1,1,0,City Street,Municipal/City Police,Kennewick Police Department,0,0,0,1,0,,,,,,1,1,0,,,,,,,,,,,98,98,98,1,,,,,20,,,,,,,,,1,0,,,,,,
2021,551,EC07136,2,12/21/2021,16:10,21,12,,73,Whatcom,740,3,,5,4,2,1,0,3,3,,,,12,0,6,262.9,1,0,1,1,2,1,1,0,0,0,0,I-5,,-122.5799417,48.85088611,0,3,98,5,1,70,34,0,0,1,2,24,1,1,2,3,1,1,1,53,0,20,473,2005,0,,64,24,12,,,,1,1,48,1,0,,0,0,3,0,11,0,,,,,0,0,0,3,1,87,,,,12,,,,,,98,,,,,,98226,53,65,140,6,1,0,1,0,0,,0,,,,,,4,07/15/2018,07/15/2018,1,0,0,0,8,9,2,,,0,,,8,8,0,0,,,0,,,0,0,996,,,,,,,,,,,,,,,,,,,,,,,,,,,,,,0,0,0,0,0,0,1,1,1,0,0,0,1,0,0,0,1,0,0,1,0,0,0,1,1,1,0,0,0,1,0,0,0,0,0,,0,0,0,0,0,0,0,0,1,1,0,0,0,0,0,0,,,,,,46-50,46-55,Interstate,U,Tuesday,Belt Used,PV,Not Fatal,0,0,0,0,State Route,State Patrol,Washington State Patrol,0,1,0,0,0,,,,,,0,0,0,,,,,,,,,,,98,98,98,0,,,,,20,,,,,,,,,1,0,,,,,,
2021,551,EC07136,2,12/21/2021,16:10,21,12,,73,Whatcom,740,3,,5,4,2,1,0,3,3,,,,12,0,6,262.9,1,0,1,1,2,1,1,0,0,0,0,I-5,,-122.5799417,48.85088611,0,1,66,5,1,70,10,0,0,1,2,12,1,1,2,3,5,1,1,53,0,48,44,2006,0,,12,69,12,,,,1,1,66,1,7,,4,7,20,7,11,0,12/21/2021,16:10,74053065744,65744,6,0,0,3,1,58,87,,,12,,,,,,98,,,,,,98244,53,72,245,6,1,0,0,0,2,,0,,,,,,0,04/15/2018,10/15/2019,1,0,0,0,0,9,8,,,0,,,8,8,2,996,996,695,1,1,1,2,1,0,,,,,,,,,,,,,,,,,,,,,,,,,,,,,,0,0,0,0,0,0,1,1,1,0,0,0,1,0,0,0,1,0,0,1,0,0,0,1,1,1,0,0,0,1,0,0,0,1,0,,1,0,0,0,0,0,1,1,1,0,0,0,0,0,1,0,,,,,,66-70,66-75,Interstate,U,Tuesday,Not Used,PV,White,0,0,0,0,State Route,State Patrol,Washington State Patrol,0,1,0,0,0,,,carboxy-thc,100,,0,0,0,1,1,,,,605,996,,,,98,98,98,1,,,,,20,,,,,,,,nms,1,0,,,,,,