year,case,par,repjur,crash_dt,crash_tm,accday,accmon,holiday,county,co_char,city,weather,weather2,lightcond,surfcond,surftype,numfatal,nmforms,pforms,vforms,not_tm,arr_tm,hosp_tm,fhevent,hitrun,manncol,milepnt,reljunc,reljuncinter,intersectiontype,funcsystem,landuse,ownership,route,schlbus,spejur,contdev,devfunc,trafid1,trafid2,x,y,wk_zone,vnumber,crashtype,criticalevent,criticaleventcat,spdlim,body,trailer,emerg,hazcargo,leave,mhevent,roadalgn,roadprof,traflane,trafflow,vehmanvr,numoccs,regowner,regstate,spuse,make,model,modelyr,vrf1,vrf2,seqevent1,seqevent2,seqevent3,seqevent4,seqevent5,seqevent6,pnumber,ptype,age,sex,hispanic,race,injury,diedscene,restraint,restraintmisuse,seatpos,takehosp,death_dt,death_tm,cert,cernum_wa,commlic,licendor,licrestrict,liccomp,drivpres,drf1,drf2,drf3,drf4,distract1,distract2,distract3,distract4,distract5,distract6,dricond1,dricond2,dricond3,dricond4,dricond5,dricond6,dzip,licstate,drhgt_in,weight,noncdl,noncdltype,prevdwi,prevoth,prevacc,prevspd,prevsus,driviol1,driviol2,driviol3,driviol4,driviol5,driviol6,spdrel,first_dt,last_dt,airbag,ejection,ejectpath,extricat,injurwrk,methalc,methdrug,nmlocat,strikveh,prf1,prf2,prf3,druginv,alcinvol,drugsts,drugres1,drugres2,drugres3,drugtst1,drugtst2,drugtst3,alcsts,alctst,alcres,nmact1,nmact2,nmact3,nmact4,nmact5,nmact6,nmprior1,nmprior2,nmprior3,nmprior4,nmprior5,nmprior6,nmcond1,nmcond2,nmcond3,nmcond4,nmcond5,nmcond6,nmsafe_helmet,nmsafe_pads,nmsafe_oth,nmprev_ref,nmprev_lgt,nmprev_oth,crashlocation,nmcrashtype,crosswalk,schoolzone,sidewalk,train_inv,wildlife_inv,rotr_fars,intersect_fars,dd_inv,aid_inv,dpd_inv,id_inv,mj_inv,impnm_inv,ainm_inv,dpnm_inv,speed_inv,unlic_inv,unendmc_inv,drowsy_inv,drdist_inv,nmdist_inv,fty_inv,unrestfat_inv,dr1617_inv,dr1820_inv,dr1620_inv,dr2125_inv,dr1625_inv,dr65_inv,dr70_inv,dr75_inv,mc_inv,pv_inv,ht_inv,ped_inv,bike_inv,unrest_fat,mc_fat,unhelmet_mc,pv_fat,ht_fat,ped_fat,bike_fat,dr_alc7,dr_alc8,dr_drug,dr_imp,dr_dist,dr_spd,dr_fty,dr_unlic,dr_alc7only,dr_alc8only,dr_drugonly,dr_drink,nm_imp,nm_alc7,nm_alc8,nm_drug,nm_dist,agegrp1,agegrp2,roadclass,urbrur,dayweek,restuse,vehtype,race_me,intersect,lanedep,oppdir,wrongway,rep_typ,investag,repag_long,rotr,st_rd,cty_rd,city_rd,oth_rd,drug_thc,thc_res,drug_cthc,cthc_res,drug_cann,prevpersemin,prevperse,prevsusoth,drugtst4,drugtst5,drugtst6,drugtst7,drugtst8,drugres4,drugres5,drugres6,drugres7,drugres8,adspresent,adsengaged,adslevel,race1,race2,race3,race4,race5,helmet,helmetmisuse,nmdistract1,nmdistract2,nmdistract3,nmdistract4,nmdistract5,nmdistract6,lab,isedtcase,crf1,crf2,crf3,CoRoadName,CoMP,IntCoRoadName,IntCoMP
2021,551,EC07136,2,12/21/2021,16:10,21,12,,73,Whatcom,740,3,,5,4,2,1,0,3,3,,,,12,0,6,262.9,1,0,1,1,2,1,1,0,0,0,0,I-5,,-122.5799417,48.85088611,0,2,66,50,3,70,4,0,0,1,2,12,1,1,2,3,1,1,1,53,0,59,35,2006,0,,12,,,,,,1,1,22,1,0,,0,0,3,0,11,0,,,,,0,0,0,3,1,87,,,,12,,,,,,98,,,,,,98248,53,64,154,6,1,0,1,0,1,,0,,,,,,4,12/15/2021,06/15/2021,8,0,0,0,8,9,2,,,0,,,8,8,0,0,,,0,,,0,0,996,,,,,,,,,,,,,,,,,,,,,,,,,,,,,,0,0,0,0,0,0,1,1,1,0,0,0,1,0,0,0,1,0,0,1,0,0,0,1,1,1,0,0,0,1,0,0,0,0,0,,0,0,0,0,0,0,0,0,1,1,0,0,0,0,0,0,,,,,,21-25,16-25,Interstate,U,Tuesday,Belt Used,PV,Not Fatal,0,0,0,0,State Route,State Patrol,Washington State Patrol,0,1,0,0,0,,,,,,0,0,0,,,,,,,,,,,98,98,98,0,,,,,20,,,,,,,,,1,0,,,,,,
2021,553,EC07769,40,12/19/2021,17:43,19,12,,63,Spokane,0,5,,2,4,2,1,1,1,1,,,,8,0,0,0.8,1,0,1,3,2,2,4,0,0,0,0,CR-E HASTINGS RD,,-117.4062722,47.76925278,0,1,13,80,5,35,20,0,0,1,5,8,1,2,4,1,1,1,1,53,0,49,442,2013,0,,8,,,,,,1,1,59,2,0,,0,0,3,0,11,0,,,,,0,0,3,3,1,0,,,,96,,,,,,98,,,,,,99218,53,62,162,6,1,0,0,0,0,,0,,,,,,0,,,20,0,0,0,8,9,2,,,0,,,8,8,9,999,,,99,,,9,99,999,,,,,,,,,,,,,,,,,,,,,,,,,,,,,,0,0,0,0,0,0,0,0,0,1,1,0,0,0,0,0,0,0,0,0,0,0,0,0,0,0,0,0,0,1,0,1,0,0,0,,0,0,0,0,0,0,0,0,0,0,0,0,0,0,0,0,,,,,,56-60,56-65,County road,U,Sunday,Belt Used,PV,Not Fatal,0,0,0,0,County Road,County Sheriff,Spokane County Sheriff's Office,0,0,1,0,0,,,,,,0,0,0,,,,,,,,,,,98,98,98,0,,,,,20,,,,,,,,,1,0,,,HASTINGS RD,0.8,NULL,
2021,554,EC07968,4,12/31/2021,8:27,31,12,,63,Spokane,0,4,,1,8,2,1,0,2,2,,,,12,0,6,271.7,1,0,1,1,2,1,1,0,0,0,0,I-90,,-117.5439694,47.60145278,0,2,48,59,3,60,66,1,0,1,2,12,1,1,2,2,1,1,3,17,0,82,881,2021,0,,12,,,,,,1,1,47,1,0,,0,0,3,0,11,0,,,,,6,3,0,3,1,0,,,,96,,,,,,98,,,,,,34287,12,66,999,6,1,0,0,0,0,,0,,,,,,0,10/15/2019,10/15/2019,20,0,0,0,8,9,2,,,0,,,8,8,0,0,,,0,,,0,0,996,,,,,,,,,,,,,,,,,,,,,,,,,,,,,,0,0,0,0,0,0,0,0,0,0,0,0,1,0,0,0,0,0,0,0,0,0,0,0,0,0,0,0,0,1,1,0,0,0,0,,0,0,0,0,0,0,0,0,0,0,0,0,0,0,0,0,,,,,,46-50,46-55,Interstate,U,Friday,,MHTRUCK,Not Fatal,0,0,0,0,State Route,State Patrol,Washington State Patrol,0,1,0,0,0,,,,,,0,0,1,,,,,,,,,,,98,98,98,0,,,,,20,,,,,,,,,1,0,,,,,,
2021,554,EC07968,4,12/31/2021,8:27,31,12,,63,Spokane,0,4,,1,8,2,1,0,2,2,,,,12,0,6,271.7,1,0,1,1,2,1,1,0,0,0,0,I-90,,-117.5439694,47.60145278,0,1,48,9,1,70,4,0,0,1,2,12,1,1,2,2,1,1,1,53,0,49,43,2004,0,,64,69,12,,,,1,1,28,2,7,,4,0,99,7,11,5,12/31/2021,10:01,2.11E+11,67335,0,0,3,3,1,0,,,,96,,,,,,98,,,,,,99336,53,63,150,6,1,0,0,0,1,,0,,,,,,4,02/15/2018,02/15/2018,20,0,0,0,0,9,8,,,0,,,8,8,2,1,,,1,,,2,1,0,,,,,,,,,,,,,,,,,,,,,,,,,,,,,,0,0,0,0,0,0,0,0,0,0,0,0,1,0,0,0,0,0,0,0,0,0,0,0,0,0,0,0,0,1,1,0,0,0,0,,1,0,0,0,0,0,0,0,0,1,0,0,0,0,0,0,,,,,,26-30,26-35,Interstate,U,Friday,Unknown,PV,White,0,0,0,0,State Route,State Patrol,Washington State Patrol,0,1,0,0,0,,,,,,0,0,0,,,,,,,,,,,98,98,98,1,,,,,20,,,,,,,,,1,0,,,,,,
2021,557,EC08098,278,12/28/2021,19:31,28,12,,63,Spokane,2110,1,,3,4,2,1,1,1,1,,,,8,0,0,,3,0,2,3,2,4,6,0,0,0,0,N HAMILTON ST,E Augusta Ave,-117.3966,47.672775,0,1,13,80,5,30,6,0,0,1,5,8,8,8,5,5,1,1,1,53,0,58,40,2011,0,,8,,,,,,1,1,57,2,0,,0,0,3,0,11,0,,,,,0,0,0,3,1,0,,,,96,,,,,,0,,,,,,99207,53,66,186,6,1,0,0,0,0,,0,,,,,,0,,,20,0,0,0,8,9,2,,,0,,,8,8,0,0,,,0,,,0,0,996,,,,,,,,,,,,,,,,,,,,,,,,,,,,,,0,0,0,1,0,0,0,0,0,1,1,1,0,0,0,0,0,1,0,0,0,0,0,0,0,0,0,0,0,1,0,1,0,0,0,,0,0,0,0,0,0,0,0,0,0,0,0,0,0,0,0,,,,,,56-60,56-65,City street,U,Tuesday,Belt Used,PV,Not Fatal,1,0,0,0,City Street,Municipal/City Police,Spokane Police Department,0,0,0,1,0,,,,,,0,0,0,,,,,,,,,,,98,98,98,0,,,,,20,,,,,,,,,1,0,,,,,,
2021,555,EC08245,1,12/30/2021,9:18,30,12,,5,Benton,0,4,,1,10,2,1,0,1,1,,,,35,0,0,85.1,1,0,1,1,1,1,1,0,0,0,0,I-82,,-119.6914583,46.21935556,0,1,6,9,1,70,34,0,0,1,2,1,1,3,2,2,1,1,1,53,0,49,472,2001,0,,64,35,1,,,,1,1,23,1,1,,4,7,20,7,11,0,12/30/2021,9:18,53067280,67280,0,0,3,3,1,0,,,,96,,,,,,98,,,,,,98948,53,69,185,6,1,0,1,1,7,,0,,,,,,4,05/15/2018,07/15/2021,20,0,0,0,0,9,8,,,0,,,8,8,2,695,605,996,1,1,1,2,1,0,,,,,,,,,,,,,,,,,,,,,,,,,,,,,,0,0,1,0,0,0,1,1,1,0,0,0,1,0,0,0,0,0,0,1,0,0,0,1,1,0,0,0,0,1,0,0,0,1,0,,1,0,0,0,0,0,1,1,0,1,0,0,0,0,1,0,,,,,,21-25,16-25,Interstate,R,Thursday,Not Used,PV,Hispanic,0,1,0,0,State Route,State Patrol,Washington State Patrol,1,1,0,0,0,thc,6.1,carboxy-thc,24,,0,0,3,,,,,,,,,,,98,98,98,1,,,,,20,,,,,,,,nms,1,0,,,,,,
2021,558,EC09139,8,12/31/2021,18:36,31,12,,35,Kitsap,0,10,,2,2,2,1,0,2,2,,,,12,0,2,10.3,1,0,1,3,2,1,3,0,0,0,0,SR-305,,-122.6255639,47.72135833,0,2,51,62,4,50,5,0,0,1,2,12,1,1,2,1,1,1,2,53,0,49,46,2005,0,,12,63,52,,,,1,1,50,2,7,,4,7,3,0,11,0,12/31/2021,18:36,53068179,68179,0,0,0,3,1,0,,,,96,,,,,,0,,,,,,98337,53,61,180,6,1,0,1,1,0,,0,,,,,,0,10/15/2018,02/15/2018,8,0,0,0,0,9,8,,,0,,,8,8,2,695,605,996,1,1,1,2,1,0,,,,,,,,,,,,,,,,,,,,,,,,,,,,,,0,0,0,0,1,0,1,1,1,0,0,0,0,0,0,0,0,0,0,0,0,0,0,0,0,0,0,0,0,1,0,0,0,0,0,,1,0,0,0,0,0,1,1,0,0,0,0,0,0,1,0,,,,,,46-50,46-55,State route,U,Friday,Belt Used,PV,White,0,1,1,0,State Route,State Patrol,Washington State Patrol,0,1,0,0,0,thc,1.3,carboxy-thc,7.2,,0,0,0,1,1,1,,,996,401,417,,,98,98,98,1,,,,,20,,,,,,,,nms,1,0,,,,,,
2021,558,EC09139,8,12/31/2021,18:36,31,12,,35,Kitsap,0,10,,2,2,2,1,0,2,2,,,,12,0,2,10.3,1,0,1,3,2,1,3,0,0,0,0,SR-305,,-122.6255639,47.72135833,0,1,50,10,2,50,15,0,0,1,2,12,1,1,2,1,1,1,2,53,0,19,421,2004,0,,68,12,63,24,,,1,1,36,2,0,,1,0,3,0,11,5,,,,,0,0,3,3,1,6,,,,96,,,,,,9,,,,,,98370,53,58,130,6,1,0,0,0,0,,1,,,,,,0,,,1,0,0,0,8,1,8,,,0,,,1,1,2,1,,,1,,,2,1,0,,,,,,,,,,,,,,,,,,,,,,,,,,,,,,0,0,0,0,1,0,1,1,1,0,0,0,0,0,0,0,0,0,0,0,0,0,0,0,0,0,0,0,0,1,0,0,0,0,0,,0,0,0,0,0,0,0,0,0,0,0,0,0,0,0,1,,,,,,36-40,36-45,State route,U,Friday,Belt Used,PV,Not Fatal,0,1,1,0,State Route,State Patrol,Washington State Patrol,0,1,0,0,0,,,,,,0,0,0,,,,,,,,,,,98,98,98,0,,,,,20,,,,,,,,,1,0,,,,,,
2021,559,EC10641,3,12/20/2021,15:28,20,12,,53,Pierce,1770,2,,5,2,2,1,1,1,1,,,,8,0,0,4.8,1,0,1,3,2,1,3,0,3,0,0,SR-167,,-122.3194056,47.20614167,0,1,13,80,5,45,34,0,0,1,5,8,1,1,5,5,1,1,1,53,0,7,472,2005,0,,8,,,,,,1,1,45,2,0,,0,0,20,7,11,0,,,,,0,0,0,3,1,0,,,,96,,,,,,98,,,,,,99508,2,61,195,6,1,0,0,0,0,,0,,,,,,0,,,20,0,0,0,8,9,8,,,0,,,8,8,0,0,,,0,,,0,0,996,,,,,,,,,,,,,,,,,,,,,,,,,,,,,,0,0,0,0,0,0,0,0,0,1,0,1,0,0,0,0,0,0,0,0,0,0,0,0,0,0,0,0,0,1,0,1,0,0,0,,0,0,0,0,0,0,0,0,0,0,0,0,0,0,0,0,,,,,,41-45,36-45,State route,U,Monday,Not Used,PV,Not Fatal,0,0,0,0,State Route,State Patrol,Washington State Patrol,0,1,0,0,0,,,,,,0,0,0,,,,,,,,,,,98,98,98,0,,,,,20,,,,,,,,,1,0,,,,,,
2021,629,EC72616,39,11/30/2021,19:03,30,11,,61,Snohomish,690,98,,6,98,2,1,1,1,1,,,,8,1,0,0,1,0,1,7,2,4,6,0,0,0,0,132ND ST SW,,-122.24585,47.87874444,0,1,13,80,5,98,99,9,0,1,5,8,8,8,2,1,1,99,9,99,0,99,999,9999,0,,8,,,,,,1,1,999,9,0,,9,0,98,7,11,0,,,,,99,9,9,9,1,0,,,,96,,,,,,98,,,,,,99999,99,,999,9,9,99,99,99,99,,97,,,,,,0,,,98,0,0,0,8,9,8,,,0,,,8,8,0,0,,,0,,,0,0,996,,,,,,,,,,,,,,,,,,,,,,,,,,,,,,0,0,0,0,0,0,0,0,0,1,0,1,0,0,0,0,0,0,0,0,0,0,0,0,0,0,0,0,0,0,0,1,0,0,0,,0,0,0,0,0,0,0,0,0,0,0,0,0,0,0,0,,,,,,,,City street,U,Tuesday,,NR-U,Not Fatal,0,0,0,0,County Road,County Sheriff,Snohomish County Sheriff's Office,0,0,1,0,0,,,,,,99,99,99,,,,,,,,,,,98,98,98,0,,,,,20,,,,,,,,,0,0,,,,,,
2021,636,Incid08,334,08/08/2021,9:38,8,8,,47,Okanogan,0,98,,8,98,2,1,0,2,2,,,,12,0,1,41.9,8,0,1,4,1,1,3,0,0,0,0,SR-155,,-118.9767944,48.14293889,0,1,28,52,3,98,4,0,0,1,5,12,1,2,2,1,1,1,1,53,0,49,32,2010,0,,12,,,,,,1,1,48,2,7,,4,0,98,7,11,5,08/08/2021,14:07,2.11E+11,38544,0,0,3,2,1,0,,,,96,,,,,,98,,,,,,98840,53,62,150,1,1,1,2,0,0,,0,,,,,,0,05/15/2017,06/15/2021,98,0,0,1,0,9,8,,,0,,,8,8,2,401,417,,1,1,,2,1,0.177,,,,,,,,,,,,,,,,,,,,,,,,,,,,,,0,0,0,0,1,1,1,1,0,0,0,0,0,1,0,0,0,0,0,0,0,1,1,0,1,0,0,0,0,1,0,0,0,0,0,,1,0,0,0,0,1,1,1,0,0,0,1,0,0,0,1,,,,,,46-50,46-55,State route,R,Sunday,Unknown,PV,AIAN,0,0,0,0,State Route,,,0,1,0,0,0,,,,,,0,1,5,,,,,,,,,,,98,98,98,3,,,,,20,,,,,,,,,0,0,,,,,,
2021,636,Incid08,334,08/08/2021,9:38,8,8,,47,Okanogan,0,98,,8,98,2,1,0,2,2,,,,12,0,1,41.9,8,0,1,4,1,1,3,0,0,0,0,SR-155,,-118.9767944,48.14293889,0,2,29,53,3,98,4,0,0,1,5,12,1,2,2,1,2,1,2,53,0,49,40,2017,0,,12,,,,,,1,1,18,1,0,,0,0,98,7,11,0,,,,,0,0,0,0,1,0,,,,96,,,,,,98,,,,,,99155,53,67,140,0,0,0,0,0,0,,97,,,,,,0,,,20,0,0,0,8,9,8,,,0,,,8,8,8,95,,,96,,,8,95,995,,,,,,,,,,,,,,,,,,,,,,,,,,,,,,0,0,0,0,1,1,1,1,0,0,0,0,0,1,0,0,0,0,0,0,0,1,1,0,1,0,0,0,0,1,0,0,0,0,0,,0,0,0,0,0,0,0,0,0,0,0,1,0,0,0,0,,,,,,18-20,16-25,State route,R,Sunday,Unknown,PV,Not Fatal,0,0,0,0,State Route,,,0,1,0,0,0,,,,,,0,0,0,,,,,,,,,,,98,98,98,0,,,,,20,,,,,,,,,0,0,,,,,,
2021,638,Incid09,334,09/05/2021,1:36,5,9,,19,Ferry,0,98,,6,98,8,1,0,1,1,,,,42,0,0,9999.8,1,0,1,96,6,96,8,0,3,0,0,BRIDGE CREEK RD,,-778.3049361,78.30493611,0,1,98,19,2,98,34,0,0,1,5,42,8,8,8,8,99,1,0,53,0,20,481,1992,0,,79,42,42,,,,1,1,48,1,7,,4,7,98,7,11,0,09/05/2021,1:36,53044585,44585,0,0,0,3,1,0,,,,96,,,,,,98,,,,,,99138,53,68,190,6,1,0,0,0,1,,0,,,,,,0,10/15/2017,10/15/2017,98,0,0,0,9,9,8,,,0,,,8,8,2,1,,,1,,,2,1,0.19,,,,,,,,,,,,,,,,,,,,,,,,,,,,,,0,0,0,0,1,1,0,1,0,0,0,0,0,0,0,0,0,0,0,0,0,0,0,0,0,0,0,0,0,1,0,0,0,0,0,,1,0,0,0,0,1,0,1,0,0,0,0,0,1,0,1,,,,,,46-50,46-55,Other,,Sunday,Unknown,PV,AIAN,0,0,0,0,Other,,,0,0,0,0,1,,,,,,0,0,0,,,,,,,,,,,0,0,0,3,,,,,20,,,,,,,,,0,0,,,,,,
2021,640,Inciden,42,10/15/2021,14:55,15,10,,67,Thurston,0,10,,1,1,2,1,0,1,1,,,,42,0,0,,1,0,1,5,1,2,4,0,0,0,0,CR-STEAMBOAT ISLAND RD NW,,-123.0058917,47.11046944,0,1,6,8,1,50,14,0,0,1,2,42,1,8,2,1,1,1,1,53,0,55,402,2007,0,,68,64,42,1,2,,1,1,87,1,7,,4,0,3,0,11,1,10/15/2021,16:42,1.96E+11,53325,0,0,0,3,1,0,,,,96,,,,,,1,,,,,,98502,53,69,160,6,1,0,0,0,0,,0,,,,,,0,,,98,0,0,0,0,5,8,,,0,,,8,0,2,996,522,,1,1,,2,1,0,,,,,,,,,,,,,,,,,,,,,,,,,,,,,,0,0,1,0,0,0,1,1,0,0,0,0,0,0,0,0,0,0,0,0,0,0,0,0,0,1,1,1,0,1,0,0,0,0,0,,1,0,0,0,0,0,1,1,0,0,0,0,0,0,1,0,,,,,,81+,76+,County road,R,Friday,Belt Used,PV,White,0,0,0,0,County Road,,,0,0,1,0,0,,,,,,0,0,0,,,,,,,,,,,98,98,98,1,,,,,20,,,,,,,,,0,0,,,,,,
2018,500,Media_D,,02/14/2018,2:00,14,2,0,33,King,100,98,0,6,98,8,1,1,1,1,,,,9,1,0,33.8,98,0,1,3,2,1,3,0,0,0,0,SR-161,,-122.2948889,47.2578,0,1,13,83,5,98,99,0,0,1,5,9,8,8,8,8,99,99,9,99,0,99,999,9999,0,0,9,,,,,,1,1,999,8,0,0,0,0,98,0,11,0,,,,,99,9,9,9,1,0,0,0,0,96,,,,,,98,,,,,,99999,98,,999,9,9,99,99,99,99,,97,,,,,,0,,,98,0,0,0,8,9,8,,,0,0,0,8,8,0,0,,,0,,,0,0,996,,,,,,,,,,,,,,,,,,,,,,,,,,,,,,0,0,0,0,0,0,0,0,0,1,1,1,0,0,0,0,0,0,0,0,0,0,0,0,0,0,0,0,0,0,0,0,1,0,0,,0,0,0,0,0,0,0,0,0,0,0,0,0,0,0,0,,,,,,,,State route,U,Wednesday,,NR-U,Not Fatal,0,0,0,0,State Route,,,0,1,0,0,0,,,,,,99,99,99,,,,,,,,,,,,,,,,,,,,,,,,,,,,,,,,,,,
2020,575,TECH J5,8,10/09/2020,12:03,9,10,,9,Clallam,760,98,,1,0,0,1,0,2,2,,,,12,0,6,191.5,2,0,3,3,1,1,2,0,0,0,0,US-101,JOHNSON RD,-124.3876361,47.95698056,0,1,82,15,2,0,98,0,0,1,8,12,0,0,0,0,11,1,9,99,0,97,997,9998,0,,12,,,,,,1,1,70,2,7,,4,0,98,7,11,5,10/17/2020,17:03,1.96E+11,48471,0,0,3,3,1,38,,,,96,,,,,,98,,,,,,98305,53,61,146,6,1,0,0,2,1,,0,,,,,,0,11/15/2018,04/15/2019,98,0,0,0,0,9,8,,,0,,,8,8,8,95,,,96,,,8,95,995,,,,,,,,,,,,,,,,,,,,,,,,,,,,,,0,0,0,1,0,0,0,0,0,0,0,0,0,0,0,0,0,0,1,0,0,0,0,0,0,1,1,0,0,0,1,0,0,0,0,,0,0,0,0,0,0,0,0,0,0,1,0,0,0,0,0,,,,,,66-70,66-75,US highway,R,Friday,,NR-U,White,0,0,0,0,State Route,,,0,1,0,0,0,,,,,,0,0,0,,,,,,,,,,,98,98,98,1,,,,,20,7,,,,,,,,0,0,,,,,,
2020,575,TECH J5,8,10/09/2020,12:03,9,10,,9,Clallam,760,98,,1,98,2,1,0,2,2,,,,12,0,6,191.5,2,0,3,3,1,1,2,0,0,0,0,US-101,JOHNSON RD,-124.3876361,47.95698056,0,2,83,67,4,98,66,0,0,1,5,12,3,8,2,1,14,1,3,53,0,85,881,1998,0,,12,,,,,,1,1,58,1,0,,0,0,98,7,11,0,,,,,8,2,0,2,1,24,,,,96,,,,,,98,,,,,,98331,53,75,245,6,1,0,0,0,0,,73,82,,,,,0,,,98,0,0,0,8,9,8,,,0,,,8,8,8,95,,,96,,,8,95,995,,,,,,,,,,,,,,,,,,,,,,,,,,,,,,0,0,0,1,0,0,0,0,0,0,0,0,0,0,0,0,0,0,1,0,0,0,0,0,0,1,1,0,0,0,1,0,0,0,0,,0,0,0,0,0,0,0,0,0,0,0,0,0,0,0,0,,,,,,56-60,56-65,US highway,R,Friday,,MHTRUCK,Not Fatal,0,0,0,0,State Route,,,0,1,0,0,0,,,,,,0,0,0,,,,,,,,,,,0,0,0,0,,,,,20,7,,,,,,,,0,0,,,,,,
2020,573,TECH L4,,12/05/2020,17:47,5,12,,77,Yakima,0,98,,8,98,2,1,1,1,1,17:50,18:03,,8,1,0,9999.9,1,0,1,6,1,99,9,0,3,0,0,N TRACK RD,,-120.3640861,46.41338889,0,1,13,80,5,98,98,0,0,1,5,8,1,8,2,1,1,99,9,99,0,97,997,9998,0,,8,,,,,,1,1,998,8,0,,0,0,98,7,11,0,,,,,99,9,9,9,1,0,,,,96,,,,,,98,,,,,,99999,99,,999,9,9,99,99,99,99,,0,,,,,,0,,,98,7,0,0,8,9,8,,,0,,,8,8,0,0,,,0,,,0,0,996,,,,,,,,,,,,,,,,,,,,,,,,,,,,,,0,0,0,0,0,0,0,0,0,1,0,1,0,0,0,0,0,0,0,0,0,0,0,0,0,0,0,0,0,0,0,1,0,0,0,,0,0,0,0,0,0,0,0,0,0,0,0,0,0,0,0,,,,,,,,Unknown,R,Saturday,,NR-U,Not Fatal,0,0,0,0,Other,,,0,0,0,0,1,,,,,,99,99,99,,,,,,,,,,,98,98,98,0,,,,,20,7,,,,,,,,0,0,,,,,,
2020,553,TECH RE,288,04/18/2020,12:08,18,4,,53,Pierce,2210,1,,1,1,2,1,0,3,1,12:11,12:28,12:58,43,0,0,0,1,0,1,4,2,4,6,0,0,0,0,E VALLEY HWY E,,-122.2252583,47.23835278,0,1,1,13,2,98,4,0,0,1,2,3,4,8,2,1,14,3,1,53,0,63,34,2015,0,,63,43,3,1,,,1,1,31,2,7,,4,0,3,0,11,5,04/18/2020,14:27,2.23E+11,18882,0,0,3,3,1,0,,,,96,,,,,,98,,,,,,98032,53,63,134,6,1,0,1,1,1,,0,,,,,,0,08/15/2019,07/15/2019,98,0,0,1,0,5,8,,,0,,,8,1,8,95,,,96,,,2,1,0.016,,,,,,,,,,,,,,,,,,,,,,,,,,,,,,0,0,1,0,1,0,0,0,0,0,0,0,0,0,0,0,0,0,0,0,0,0,0,0,0,0,0,0,0,1,0,0,0,0,0,,1,0,0,0,1,0,0,0,0,0,0,0,1,0,0,1,,,,,,31-35,26-35,City street,U,Saturday,Belt Used,PV,White,0,0,0,0,City Street,,,0,0,0,1,0,,,,,,0,0,0,,,,,,,,,,,98,98,98,1,,,,,20,7,,,,,,,,0,0,,,,,,
2021,633,TECH031,32,03/11/2021,3:15,11,3,,47,Okanogan,1600,98,,8,98,2,1,0,1,1,,,,1,0,0,,1,0,1,6,1,2,4,0,3,0,0,CR-OMAK-RIVERSIDE EASTSIDE RD,,-119.4717944,48.46759167,0,1,98,9,1,98,6,0,0,1,2,1,1,8,2,1,1,1,1,53,0,52,47,2003,0,,1,,,,,,1,1,38,1,7,,4,7,98,7,11,0,03/11/2021,3:15,1.60E+11,13280,0,0,3,2,1,0,,,,96,,,,,,98,,,,,,98841,53,72,190,1,1,1,1,0,2,,0,,,,,,0,07/15/2017,09/15/2020,9,1,9,0,0,9,8,,,0,,,8,8,2,695,605,,1,1,,2,1,0.135,,,,,,,,,,,,,,,,,,,,,,,,,,,,,,0,0,0,0,1,1,1,1,1,0,0,0,0,1,0,0,0,0,0,0,0,0,0,0,0,0,0,0,0,1,0,0,0,0,0,,1,0,0,0,0,1,1,1,0,0,0,1,0,0,0,1,,,,,,36-40,36-45,County road,R,Thursday,Unknown,PV,Multiracial,0,0,0,0,County Road,,,0,0,1,0,0,thc,6.6,carboxy-thc,22,,1,0,0,,,,,,,,,,,98,98,98,202,298,,,,20,,,,,,,,nms,0,0,,,,,,
2021,632,TECH080,32,08/08/2021,22:50,8,8,,47,Okanogan,1580,98,,8,98,2,1,1,1,1,,,,8,1,0,2.7,1,0,1,4,2,1,3,0,0,0,0,SR-215,,-119.5559694,48.38564167,0,1,13,80,5,98,34,0,0,1,5,8,1,1,3,5,1,99,9,99,0,99,499,9999,0,,8,,,,,,1,1,999,9,0,,0,0,98,7,11,0,,,,,99,9,9,9,1,0,,,,96,,,,,,98,,,,,,99999,99,,999,9,9,99,99,99,99,,97,,,,,,0,,,98,0,0,0,8,9,8,,,0,,,8,8,0,0,,,0,,,0,0,996,,,,,,,,,,,,,,,,,,,,,,,,,,,,,,0,0,0,0,0,0,0,0,0,0,0,0,0,0,0,0,0,0,0,0,0,0,0,0,0,0,0,0,0,1,0,1,0,0,0,,0,0,0,0,0,0,0,0,0,0,0,0,0,0,0,0,,,,,,,,State route,U,Sunday,Unknown,PV,Not Fatal,0,0,0,0,State Route,,,0,1,0,0,0,,,,,,99,99,99,,,,,,,,,,,98,98,98,0,,,,,20,,,,,,,,,0,0,,,,,,
2021,635,,344,11/11/2021,7:00,11,11,,77,Yakima,890,98,,8,98,2,1,1,1,1,,,,8,1,0,,1,0,1,5,1,2,4,0,3,0,0,CR-BRANCH RD,,-120.5723389,46.40453333,0,1,13,80,5,98,98,9,0,1,5,8,8,2,2,1,1,99,9,99,0,97,997,9998,0,,8,,,,,,1,1,998,8,0,,0,0,98,7,11,0,,,,,99,9,9,9,1,0,,,,96,,,,,,98,,,,,,99999,98,,999,9,9,99,99,99,99,,97,,,,,,0,,,98,0,0,0,8,9,8,,,0,,,8,8,8,95,,,96,,,8,95,995,,,,,,,,,,,,,,,,,,,,,,,,,,,,,,0,0,0,0,0,0,0,0,0,1,1,0,0,0,0,0,0,0,0,0,0,0,0,0,0,0,0,0,0,0,0,1,0,0,0,,0,0,0,0,0,0,0,0,0,0,0,0,0,0,0,0,,,,,,,,County road,R,Thursday,,NR-U,Not Fatal,0,0,0,0,County Road,,,0,0,1,0,0,,,,,,99,99,99,,,,,,,,,,,98,98,98,0,,,,,20,,,,,,,,,0,0,,,,,,